{
    "start_pose": [
        0.1965,
        -0.019759,
        0.540029,
        0.0,
        0.0,
        0.0,
        1.0
    ],
    "goals": [
        [
            0.1965,
            -0.019759,
            0.555581,
            0.0,
            0.0,
            0.0,
            1.0
        ],
        [
            0.1965,
            -0.019759,
            0.602238,
            0.0,
            0.0,
            0.0,
            1.0
        ],
        [
            0.1965,
            -0.019759,
            0.68,
            0.0,
            0.0,
            0.0,
            1.0
        ],
        [
            0.172319,
            -0.011629,
            0.68,
            0.0,
            -0.058145,
            0.0,
            0.998308
        ],
        [
            0.111867,
            0.008697,
            0.68,
            0.0,
            -0.202218,
            0.0,
            0.979341
        ],
        [
            0.03328,
            0.035121,
            0.68,
            0.0,
            -0.382683,
            0.0,
            0.92388
        ],
        [
            -0.045308,
            0.061544,
            0.68,
            0.0,
            -0.549509,
            0.0,
            0.835488
        ],
        [
            -0.10576,
            0.08187,
            0.68,
            0.0,
            -0.664796,
            0.0,
            0.747025
        ],
        [
            -0.129941,
            0.09,
            0.68,
            -0.0,
            -0.707107,
            -0.0,
            0.707107
        ],
        [
            -0.129941,
            0.09,
            0.606389,
            -0.0,
            -0.707107,
            -0.0,
            0.707107
        ],
        [
            -0.129941,
            0.09,
            0.562222,
            -0.0,
            -0.707107,
            -0.0,
            0.707107
        ],
        [
            -0.129941,
            0.09,
            0.5475,
            -0.0,
            -0.707107,
            -0.0,
            0.707107
        ]
    ]
}
