{
  "0": {
    "assembled_to_canonical_wxyz": [
      0.7071067811865475,
      0.0,
      0.7071067811865475,
      0.0
    ],
    "original_centroid": [
      -0.0197641,
      -0.01384979,
      0.029266939999999998
    ],
    "canonical_extents": [
      0.028533920000000004,
      0.011999999999999997,
      0.012000000000000004
    ]
  },
  "1": {
    "assembled_to_canonical_wxyz": [
      0.7071067811865475,
      0.0,
      0.7071067811865475,
      0.0
    ],
    "original_centroid": [
      -0.043708,
      0.00145305,
      0.022499989999999997
    ],
    "canonical_extents": [
      0.030000020000000002,
      0.023,
      0.022999999999999993
    ]
  },
  "2": {
    "assembled_to_canonical_wxyz": [
      0.5,
      -0.5,
      -0.5,
      0.5
    ],
    "original_centroid": [
      0.043548699999999996,
      0.0015227599999999997,
      0.022499989999999997
    ],
    "canonical_extents": [
      0.030000020000000002,
      0.022999999999999993,
      0.02299998
    ]
  },
  "3": {
    "assembled_to_canonical_wxyz": [
      1.0,
      0.0,
      0.0,
      0.0
    ],
    "original_centroid": [
      0.0,
      -0.0154442,
      0.01249999
    ],
    "canonical_extents": [
      0.1352036,
      0.0755827,
      0.02499998
    ]
  },
  "4": {
    "assembled_to_canonical_wxyz": [
      0.0,
      0.7071067811865475,
      0.7071067811865475,
      0.0
    ],
    "original_centroid": [
      -4.999999999970306e-09,
      0.02323555,
      0.012499989999999999
    ],
    "canonical_extents": [
      0.06,
      0.01399999,
      0.01199998
    ]
  },
  "5": {
    "assembled_to_canonical_wxyz": [
      0.7071067811865475,
      0.0,
      0.7071067811865475,
      0.0
    ],
    "original_centroid": [
      0.019764105,
      -0.01384979,
      0.029266939999999998
    ],
    "canonical_extents": [
      0.028533920000000004,
      0.011999999999999997,
      0.011999990000000002
    ]
  }
}