{
  "0": {
    "assembled_to_canonical_wxyz": [
      0.5000000000000001,
      0.5,
      0.4999999999999999,
      0.5
    ],
    "canonical_to_assembled_wxyz": [
      0.5000000000000001,
      -0.5,
      -0.4999999999999999,
      -0.5
    ],
    "original_centroid": [
      -0.01976412078731261,
      -0.013849790365268837,
      0.029750181507394228
    ],
    "canonical_extents": [
      0.028533920000000004,
      0.012000000000000004,
      0.011999999999999999
    ],
    "assembled_extents": [
      0.012000000000000004,
      0.011999999999999997,
      0.028533920000000004
    ]
  },
  "1": {
    "assembled_to_canonical_wxyz": [
      0.7071067811865476,
      0.0,
      0.7071067811865475,
      0.0
    ],
    "canonical_to_assembled_wxyz": [
      0.7071067811865476,
      -0.0,
      -0.7071067811865475,
      -0.0
    ],
    "original_centroid": [
      -0.04370804648982237,
      0.0014530486437662109,
      0.02346580753651878
    ],
    "canonical_extents": [
      0.030000020000000006,
      0.023,
      0.023000000000000003
    ],
    "assembled_extents": [
      0.022999999999999993,
      0.023,
      0.030000020000000002
    ]
  },
  "2": {
    "assembled_to_canonical_wxyz": [
      0.5000000000000001,
      0.5,
      0.4999999999999999,
      0.5
    ],
    "canonical_to_assembled_wxyz": [
      0.5000000000000001,
      -0.5,
      -0.4999999999999999,
      -0.5
    ],
    "original_centroid": [
      0.04354865951876634,
      0.0015227729299513736,
      0.02309280762139903
    ],
    "canonical_extents": [
      0.030000020000000002,
      0.023000000000000007,
      0.022999980000000003
    ],
    "assembled_extents": [
      0.022999999999999993,
      0.02299998,
      0.030000020000000002
    ]
  },
  "3": {
    "assembled_to_canonical_wxyz": [
      1.0,
      0.0,
      0.0,
      0.0
    ],
    "canonical_to_assembled_wxyz": [
      1.0,
      -0.0,
      -0.0,
      -0.0
    ],
    "original_centroid": [
      0.00012833475443591814,
      -0.011216681231735913,
      0.012572808264111142
    ],
    "canonical_extents": [
      0.1352036,
      0.0755827,
      0.02499998
    ],
    "assembled_extents": [
      0.1352036,
      0.0755827,
      0.02499998
    ]
  },
  "4": {
    "assembled_to_canonical_wxyz": [
      0.7071067811865476,
      0.0,
      0.0,
      0.7071067811865475
    ],
    "canonical_to_assembled_wxyz": [
      0.7071067811865476,
      -0.0,
      -0.0,
      -0.7071067811865475
    ],
    "original_centroid": [
      4.038187567515066e-05,
      0.01902619536618585,
      0.012425357852997693
    ],
    "canonical_extents": [
      0.06000000000000001,
      0.013999990000000004,
      0.01199998
    ],
    "assembled_extents": [
      0.01399999,
      0.06,
      0.01199998
    ]
  },
  "5": {
    "assembled_to_canonical_wxyz": [
      0.7071067811865476,
      0.0,
      0.7071067811865475,
      0.0
    ],
    "canonical_to_assembled_wxyz": [
      0.7071067811865476,
      -0.0,
      -0.7071067811865475,
      -0.0
    ],
    "original_centroid": [
      0.01976410611612531,
      -0.013849789501170216,
      0.02975018317467353
    ],
    "canonical_extents": [
      0.028533920000000004,
      0.011999999999999999,
      0.011999990000000004
    ],
    "assembled_extents": [
      0.011999990000000002,
      0.011999999999999997,
      0.028533920000000004
    ]
  }
}