{
    "start_pose": [
        0.20575,
        -0.009759,
        0.540029,
        0.0,
        0.0,
        0.0,
        1.0
    ],
    "goals": [
        [
            0.20575,
            -0.009759,
            0.586686,
            0.0,
            0.0,
            0.0,
            1.0
        ],
        [
            0.20575,
            -0.009759,
            0.633343,
            0.0,
            0.0,
            0.0,
            1.0
        ],
        [
            0.20575,
            -0.009759,
            0.68,
            0.0,
            0.0,
            0.0,
            1.0
        ],
        [
            0.149792,
            -0.009799,
            0.68,
            0.100256,
            0.100256,
            -0.100256,
            0.984808
        ],
        [
            0.093833,
            -0.009839,
            0.68,
            0.197465,
            0.197465,
            -0.197465,
            0.939693
        ],
        [
            0.037875,
            -0.009879,
            0.68,
            0.288675,
            0.288675,
            -0.288675,
            0.866025
        ],
        [
            -0.018083,
            -0.00992,
            0.68,
            0.371114,
            0.371114,
            -0.371114,
            0.766044
        ],
        [
            -0.074042,
            -0.00996,
            0.68,
            0.442276,
            0.442276,
            -0.442276,
            0.642788
        ],
        [
            -0.13,
            -0.01,
            0.68,
            0.5,
            0.5,
            -0.5,
            0.5
        ],
        [
            -0.13,
            -0.01,
            0.635833,
            0.5,
            0.5,
            -0.5,
            0.5
        ],
        [
            -0.13,
            -0.01,
            0.591667,
            0.5,
            0.5,
            -0.5,
            0.5
        ],
        [
            -0.13,
            -0.01,
            0.5475,
            0.5,
            0.5,
            -0.5,
            0.5
        ]
    ]
}
