{
  "0": {
    "assembled_to_canonical_wxyz": [
      0.5,
      -0.5,
      0.5,
      0.5
    ],
    "original_centroid": [
      -0.08890015361537093,
      -2.5471219734330333e-09,
      0.14224325942321517
    ],
    "canonical_extents": [
      0.1524,
      0.030479979999999962,
      0.025400040000000013
    ]
  },
  "1": {
    "assembled_to_canonical_wxyz": [
      0.5,
      -0.5,
      0.5,
      0.5
    ],
    "original_centroid": [
      0.08889983878279184,
      -2.21186660642885e-09,
      0.14224325925711578
    ],
    "canonical_extents": [
      0.1524,
      0.030479979999999962,
      0.025400040000000013
    ]
  },
  "2": {
    "assembled_to_canonical_wxyz": [
      0.7071067811865475,
      0.0,
      0.7071067811865475,
      0.0
    ],
    "original_centroid": [
      -0.08892702660822684,
      -2.4550277299171003e-09,
      0.07538345267658482
    ],
    "canonical_extents": [
      0.15239998,
      0.02400664,
      0.02300582000000001
    ]
  },
  "3": {
    "assembled_to_canonical_wxyz": [
      0.7071067811865475,
      0.0,
      0.7071067811865475,
      0.0
    ],
    "original_centroid": [
      0.0889267252671813,
      -4.2691661580997245e-09,
      0.07538345280481193
    ],
    "canonical_extents": [
      0.15239998,
      0.02400664,
      0.023005799999999993
    ]
  },
  "6": {
    "assembled_to_canonical_wxyz": [
      1.0,
      0.0,
      0.0,
      0.0
    ],
    "original_centroid": [
      -3.0755255293090204e-07,
      -3.776153856672066e-09,
      0.012665549492024602
    ],
    "canonical_extents": [
      0.3048,
      0.0355601,
      0.0254
    ]
  }
}