{
    "start_pose": [
        0.135,
        -0.08597,
        0.547474,
        0.0,
        0.0,
        0.0,
        1.0
    ],
    "goals": [
        [
            0.135,
            -0.08597,
            0.567755,
            0.0,
            0.0,
            0.0,
            1.0
        ],
        [
            0.135,
            -0.08597,
            0.628597,
            0.0,
            0.0,
            0.0,
            1.0
        ],
        [
            0.135,
            -0.08597,
            0.73,
            0.0,
            0.0,
            0.0,
            1.0
        ],
        [
            0.123331,
            -0.084751,
            0.719897,
            0.0,
            0.0,
            0.0,
            1.0
        ],
        [
            0.094158,
            -0.081702,
            0.694641,
            0.0,
            0.0,
            0.0,
            1.0
        ],
        [
            0.056234,
            -0.077738,
            0.661808,
            0.0,
            0.0,
            0.0,
            1.0
        ],
        [
            0.01831,
            -0.073774,
            0.628974,
            0.0,
            0.0,
            0.0,
            1.0
        ],
        [
            -0.010863,
            -0.070725,
            0.603718,
            0.0,
            0.0,
            0.0,
            1.0
        ],
        [
            -0.022532,
            -0.069506,
            0.593615,
            -0.0,
            -0.0,
            -0.0,
            1.0
        ],
        [
            -0.022532,
            -0.025061,
            0.593615,
            -0.0,
            -0.0,
            -0.0,
            1.0
        ],
        [
            -0.022532,
            0.001605,
            0.593615,
            -0.0,
            -0.0,
            -0.0,
            1.0
        ],
        [
            -0.022532,
            0.010494,
            0.593615,
            -0.0,
            -0.0,
            -0.0,
            1.0
        ]
    ]
}
