# https://github.com/mikedh/trimesh
v 0.03085723 -0.00060493 0.03062184 0.54117647 0.42352941 0.64313725
v 0.02964542 -0.00060493 0.03060984 0.54117647 0.42352941 0.64313725
v 0.02964542 -0.00180995 0.03056188 0.54117647 0.42352941 0.64313725
v 0.03085723 -0.00180995 0.03056788 0.54117647 0.42352941 0.64313725
v 0.03206904 -0.00180995 0.03053791 0.54117647 0.42352941 0.64313725
v 0.03206904 -0.00060493 0.03058586 0.54117647 0.42352941 0.64313725
v 0.03206904 0.00060009 0.03058586 0.54117647 0.42352941 0.64313725
v 0.03085723 0.00060009 0.03061584 0.54117647 0.42352941 0.64313725
v 0.02964542 0.00060009 0.03060984 0.54117647 0.42352941 0.64313725
v 0.02843871 -0.00060493 0.03054990 0.54117647 0.42352941 0.64313725
v 0.02843871 -0.00180995 0.03050194 0.54117647 0.42352941 0.64313725
v 0.02964542 -0.00302097 0.03046597 0.54117647 0.42352941 0.64313725
v 0.03085723 -0.00302097 0.03047795 0.54117647 0.42352941 0.64313725
v 0.03206904 -0.00302097 0.03044199 0.54117647 0.42352941 0.64313725
v 0.03327575 -0.00180995 0.03044798 0.54117647 0.42352941 0.64313725
v 0.03327575 -0.00060493 0.03050194 0.54117647 0.42352941 0.64313725
v 0.03327575 0.00060009 0.03049594 0.54117647 0.42352941 0.64313725
v 0.03327575 0.00181110 0.03045398 0.54117647 0.42352941 0.64313725
v 0.03206904 0.00181110 0.03053791 0.54117647 0.42352941 0.64313725
v 0.03085723 0.00181110 0.03057388 0.54117647 0.42352941 0.64313725
v 0.02843871 0.00060009 0.03054990 0.54117647 0.42352941 0.64313725
v 0.02964542 0.00181110 0.03056788 0.54117647 0.42352941 0.64313725
v 0.02722691 -0.00060493 0.03044798 0.54117647 0.42352941 0.64313725
v 0.02722691 -0.00180995 0.03040003 0.54117647 0.42352941 0.64313725
v 0.02722181 -0.00302097 0.03030411 0.54117647 0.42352941 0.64313725
v 0.02843871 -0.00302097 0.03040602 0.54117647 0.42352941 0.64313725
v 0.02843871 -0.00398618 0.03029811 0.54117647 0.42352941 0.64313725
v 0.02974726 -0.00431592 0.03031610 0.54117647 0.42352941 0.64313725
v 0.03077576 -0.00433390 0.03031610 0.54117647 0.42352941 0.64313725
v 0.03206904 -0.00410009 0.03031610 0.54117647 0.42352941 0.64313725
v 0.03305172 -0.00389026 0.03028612 0.54117647 0.42352941 0.64313725
v 0.03338267 -0.00312289 0.03033408 0.54117647 0.42352941 0.64313725
v 0.03452320 -0.00177398 0.03031010 0.54117647 0.42352941 0.64313725
v 0.03414642 -0.00278716 0.03028013 0.54117647 0.42352941 0.64313725
v 0.03448756 -0.00060493 0.03036405 0.54117647 0.42352941 0.64313725
v 0.03448756 0.00060009 0.03035806 0.54117647 0.42352941 0.64313725
v 0.03418206 0.00276433 0.03028612 0.54117647 0.42352941 0.64313725
v 0.03336231 0.00310605 0.03034007 0.54117647 0.42352941 0.64313725
v 0.03206904 0.00302212 0.03044199 0.54117647 0.42352941 0.64313725
v 0.03454865 0.00177513 0.03031010 0.54117647 0.42352941 0.64313725
v 0.03085723 0.00302212 0.03047795 0.54117647 0.42352941 0.64313725
v 0.02722691 0.00060009 0.03044798 0.54117647 0.42352941 0.64313725
v 0.02843871 0.00181110 0.03050794 0.54117647 0.42352941 0.64313725
v 0.02964542 0.00302212 0.03047196 0.54117647 0.42352941 0.64313725
v 0.02616276 -0.00060493 0.03031610 0.54117647 0.42352941 0.64313725
v 0.02632569 -0.00180995 0.03029212 0.54117647 0.42352941 0.64313725
v 0.02650899 -0.00261330 0.03026215 0.54117647 0.42352941 0.64313725
v 0.02680939 -0.00342264 0.03022617 0.54117647 0.42352941 0.64313725
v 0.02761896 -0.00376436 0.03026814 0.54117647 0.42352941 0.64313725
v 0.02843871 -0.00459169 0.03020819 0.54117647 0.42352941 0.64313725
v 0.02941121 -0.00477154 0.03023816 0.54117647 0.42352941 0.64313725
v 0.03021569 -0.00484349 0.03025015 0.54117647 0.42352941 0.64313725
v 0.03031752 -0.00484349 0.03025015 0.54117647 0.42352941 0.64313725
v 0.03112199 -0.00480152 0.03024416 0.54117647 0.42352941 0.64313725
v 0.03206904 -0.00470560 0.03022617 0.54117647 0.42352941 0.64313725
v 0.03385620 -0.00359650 0.03024416 0.54117647 0.42352941 0.64313725
v 0.03327575 -0.00544300 0.03001036 0.54117647 0.42352941 0.64313725
v 0.03338267 -0.00426795 0.03019620 0.54117647 0.42352941 0.64313725
v 0.03495089 -0.00215167 0.03022617 0.54117647 0.42352941 0.64313725
v 0.03513928 -0.00134233 0.03025614 0.54117647 0.42352941 0.64313725
v 0.03452320 -0.00312289 0.03020219 0.54117647 0.42352941 0.64313725
v 0.03519529 -0.00060493 0.03026814 0.54117647 0.42352941 0.64313725
v 0.03518511 0.00060009 0.03026215 0.54117647 0.42352941 0.64313725
v 0.03512910 0.00134948 0.03025614 0.54117647 0.42352941 0.64313725
v 0.03499163 0.00215282 0.03023217 0.54117647 0.42352941 0.64313725
v 0.03454865 0.00310605 0.03020219 0.54117647 0.42352941 0.64313725
v 0.03382055 0.00356767 0.03023816 0.54117647 0.42352941 0.64313725
v 0.03301608 0.00389741 0.03028013 0.54117647 0.42352941 0.64313725
v 0.03206904 0.00411923 0.03031010 0.54117647 0.42352941 0.64313725
v 0.03089796 0.00434105 0.03031610 0.54117647 0.42352941 0.64313725
v 0.03009858 0.00485663 0.03025015 0.54117647 0.42352941 0.64313725
v 0.02722691 0.00181110 0.03040602 0.54117647 0.42352941 0.64313725
v 0.02631041 0.00181110 0.03029811 0.54117647 0.42352941 0.64313725
v 0.02617294 0.00060009 0.03031610 0.54117647 0.42352941 0.64313725
v 0.02843871 0.00302212 0.03041201 0.54117647 0.42352941 0.64313725
v 0.02967598 0.00432306 0.03031010 0.54117647 0.42352941 0.64313725
v 0.02929410 0.00478468 0.03023816 0.54117647 0.42352941 0.64313725
v 0.02556195 -0.00060493 0.03022617 0.54117647 0.42352941 0.64313725
v 0.02571979 -0.00180995 0.03019620 0.54117647 0.42352941 0.64313725
v 0.02607111 -0.00302097 0.03016023 0.54117647 0.42352941 0.64313725
v 0.02601510 -0.00423198 0.03000436 0.54117647 0.42352941 0.64313725
v 0.02722181 -0.00419601 0.03016622 0.54117647 0.42352941 0.64313725
v 0.02722691 -0.00544300 0.02996240 0.54117647 0.42352941 0.64313725
v 0.02843871 -0.00544300 0.03006431 0.54117647 0.42352941 0.64313725
v 0.02974726 -0.00532310 0.03014824 0.54117647 0.42352941 0.64313725
v 0.02964542 -0.00665401 0.02988446 0.54117647 0.42352941 0.64313725
v 0.03085723 -0.00665401 0.02989046 0.54117647 0.42352941 0.64313725
v 0.03077576 -0.00532310 0.03015423 0.54117647 0.42352941 0.64313725
v 0.03206904 -0.00544300 0.03010028 0.54117647 0.42352941 0.64313725
v 0.03448756 -0.00423198 0.03007031 0.54117647 0.42352941 0.64313725
v 0.03569427 -0.00423198 0.02989046 0.54117647 0.42352941 0.64313725
v 0.03327575 -0.00665401 0.02977056 0.54117647 0.42352941 0.64313725
v 0.03448756 -0.00544300 0.02987247 0.54117647 0.42352941 0.64313725
v 0.03560262 -0.00177398 0.03014824 0.54117647 0.42352941 0.64313725
v 0.03569427 -0.00302097 0.03003434 0.54117647 0.42352941 0.64313725
v 0.03580119 -0.00060493 0.03016023 0.54117647 0.42352941 0.64313725
v 0.03579101 0.00060009 0.03016023 0.54117647 0.42352941 0.64313725
v 0.03559753 0.00177513 0.03015423 0.54117647 0.42352941 0.64313725
v 0.03569427 0.00302212 0.03003434 0.54117647 0.42352941 0.64313725
v 0.03569427 0.00423313 0.02988446 0.54117647 0.42352941 0.64313725
v 0.03448756 0.00423313 0.03007031 0.54117647 0.42352941 0.64313725
v 0.03336231 0.00426910 0.03019620 0.54117647 0.42352941 0.64313725
v 0.03206904 0.00472473 0.03023217 0.54117647 0.42352941 0.64313725
v 0.03133075 0.00482066 0.03024416 0.54117647 0.42352941 0.64313725
v 0.03052118 0.00485663 0.03025015 0.54117647 0.42352941 0.64313725
v 0.03089796 0.00533624 0.03016023 0.54117647 0.42352941 0.64313725
v 0.02967598 0.00533624 0.03015423 0.54117647 0.42352941 0.64313725
v 0.02724218 0.00302212 0.03031010 0.54117647 0.42352941 0.64313725
v 0.02647844 0.00262044 0.03026814 0.54117647 0.42352941 0.64313725
v 0.02570960 0.00181110 0.03020219 0.54117647 0.42352941 0.64313725
v 0.02557213 0.00060009 0.03022018 0.54117647 0.42352941 0.64313725
v 0.02843871 0.00398733 0.03029212 0.54117647 0.42352941 0.64313725
v 0.02765460 0.00375352 0.03026215 0.54117647 0.42352941 0.64313725
v 0.02843871 0.00544415 0.03007031 0.54117647 0.42352941 0.64313725
v 0.02843871 0.00459284 0.03021418 0.54117647 0.42352941 0.64313725
v 0.02480839 0.00060009 0.03008230 0.54117647 0.42352941 0.64313725
v 0.02480839 -0.00060493 0.03008829 0.54117647 0.42352941 0.64313725
v 0.02480839 -0.00180995 0.03003434 0.54117647 0.42352941 0.64313725
v 0.02480839 -0.00302097 0.02993842 0.54117647 0.42352941 0.64313725
v 0.02480839 -0.00423198 0.02979454 0.54117647 0.42352941 0.64313725
v 0.02601510 -0.00544300 0.02980054 0.54117647 0.42352941 0.64313725
v 0.02601510 -0.00665401 0.02956074 0.54117647 0.42352941 0.64313725
v 0.02722691 -0.00665401 0.02971661 0.54117647 0.42352941 0.64313725
v 0.02843871 -0.00665401 0.02982451 0.54117647 0.42352941 0.64313725
v 0.02964542 -0.00785903 0.02958472 0.54117647 0.42352941 0.64313725
v 0.03085723 -0.00785903 0.02959671 0.54117647 0.42352941 0.64313725
v 0.03206904 -0.00665401 0.02986048 0.54117647 0.42352941 0.64313725
v 0.03690098 -0.00423198 0.02965066 0.54117647 0.42352941 0.64313725
v 0.03569427 -0.00544300 0.02968663 0.54117647 0.42352941 0.64313725
v 0.03448756 -0.00665401 0.02962668 0.54117647 0.42352941 0.64313725
v 0.03327575 -0.00785903 0.02947082 0.54117647 0.42352941 0.64313725
v 0.03690098 -0.00180995 0.02989046 0.54117647 0.42352941 0.64313725
v 0.03690098 -0.00060493 0.02994441 0.54117647 0.42352941 0.64313725
v 0.03690098 -0.00302097 0.02979454 0.54117647 0.42352941 0.64313725
v 0.03690098 0.00060009 0.02994441 0.54117647 0.42352941 0.64313725
v 0.03690098 0.00181110 0.02989645 0.54117647 0.42352941 0.64313725
v 0.03690098 0.00302212 0.02980054 0.54117647 0.42352941 0.64313725
v 0.03690098 0.00423313 0.02965066 0.54117647 0.42352941 0.64313725
v 0.03569427 0.00544415 0.02969263 0.54117647 0.42352941 0.64313725
v 0.03448756 0.00544415 0.02987847 0.54117647 0.42352941 0.64313725
v 0.03327575 0.00544415 0.03001635 0.54117647 0.42352941 0.64313725
v 0.03206904 0.00544415 0.03010627 0.54117647 0.42352941 0.64313725
v 0.03206904 0.00664917 0.02986048 0.54117647 0.42352941 0.64313725
v 0.03085723 0.00664917 0.02989046 0.54117647 0.42352941 0.64313725
v 0.02964542 0.00664917 0.02988446 0.54117647 0.42352941 0.64313725
v 0.02843871 0.00664917 0.02982451 0.54117647 0.42352941 0.64313725
v 0.02685013 0.00342979 0.03022617 0.54117647 0.42352941 0.64313725
v 0.02605074 0.00302212 0.03016023 0.54117647 0.42352941 0.64313725
v 0.02480839 0.00302212 0.02994441 0.54117647 0.42352941 0.64313725
v 0.02480839 0.00181110 0.03004033 0.54117647 0.42352941 0.64313725
v 0.02724218 0.00419117 0.03016622 0.54117647 0.42352941 0.64313725
v 0.02722691 0.00544415 0.02996839 0.54117647 0.42352941 0.64313725
v 0.02359658 0.00060009 0.02983651 0.54117647 0.42352941 0.64313725
v 0.02359658 -0.00060493 0.02983651 0.54117647 0.42352941 0.64313725
v 0.02359658 -0.00180995 0.02978855 0.54117647 0.42352941 0.64313725
v 0.02359658 -0.00302097 0.02968663 0.54117647 0.42352941 0.64313725
v 0.02359658 -0.00423198 0.02954276 0.54117647 0.42352941 0.64313725
v 0.02480839 -0.00544300 0.02959071 0.54117647 0.42352941 0.64313725
v 0.02480839 -0.00665401 0.02934492 0.54117647 0.42352941 0.64313725
v 0.02480839 -0.00757726 0.02912311 0.54117647 0.42352941 0.64313725
v 0.02594891 -0.00794896 0.02922503 0.54117647 0.42352941 0.64313725
v 0.02722691 -0.00785903 0.02941686 0.54117647 0.42352941 0.64313725
v 0.02843871 -0.00785903 0.02952477 0.54117647 0.42352941 0.64313725
v 0.02964542 -0.00907005 0.02923702 0.54117647 0.42352941 0.64313725
v 0.02903443 -0.00968155 0.02903918 0.54117647 0.42352941 0.64313725
v 0.03085723 -0.00907005 0.02924301 0.54117647 0.42352941 0.64313725
v 0.03159042 -0.00969354 0.02904518 0.54117647 0.42352941 0.64313725
v 0.03202321 -0.00917197 0.02918306 0.54117647 0.42352941 0.64313725
v 0.03206904 -0.00785903 0.02956074 0.54117647 0.42352941 0.64313725
v 0.03811279 -0.00423198 0.02936291 0.54117647 0.42352941 0.64313725
v 0.03811279 -0.00302097 0.02951278 0.54117647 0.42352941 0.64313725
v 0.03690098 -0.00544300 0.02944684 0.54117647 0.42352941 0.64313725
v 0.03812297 -0.00541302 0.02916508 0.54117647 0.42352941 0.64313725
v 0.03569427 -0.00665401 0.02944084 0.54117647 0.42352941 0.64313725
v 0.03448756 -0.00785903 0.02932694 0.54117647 0.42352941 0.64313725
v 0.03561790 -0.00785903 0.02915309 0.54117647 0.42352941 0.64313725
v 0.03327575 -0.00890818 0.02917107 0.54117647 0.42352941 0.64313725
v 0.03448756 -0.00866838 0.02909913 0.54117647 0.42352941 0.64313725
v 0.03811279 -0.00180995 0.02960870 0.54117647 0.42352941 0.64313725
v 0.03811279 -0.00060493 0.02966265 0.54117647 0.42352941 0.64313725
v 0.03811279 0.00060009 0.02965666 0.54117647 0.42352941 0.64313725
v 0.03811279 0.00181110 0.02961470 0.54117647 0.42352941 0.64313725
v 0.03811279 0.00302212 0.02951878 0.54117647 0.42352941 0.64313725
v 0.03811279 0.00423313 0.02936291 0.54117647 0.42352941 0.64313725
v 0.03690098 0.00544415 0.02945283 0.54117647 0.42352941 0.64313725
v 0.03569427 0.00664917 0.02944084 0.54117647 0.42352941 0.64313725
v 0.03448756 0.00664917 0.02962668 0.54117647 0.42352941 0.64313725
v 0.03327575 0.00664917 0.02977056 0.54117647 0.42352941 0.64313725
v 0.03206904 0.00786018 0.02956674 0.54117647 0.42352941 0.64313725
v 0.03085723 0.00786018 0.02960270 0.54117647 0.42352941 0.64313725
v 0.02964542 0.00786018 0.02959071 0.54117647 0.42352941 0.64313725
v 0.02722691 0.00664917 0.02971661 0.54117647 0.42352941 0.64313725
v 0.02843871 0.00786018 0.02953077 0.54117647 0.42352941 0.64313725
v 0.02601510 0.00423313 0.03000436 0.54117647 0.42352941 0.64313725
v 0.02480839 0.00423313 0.02979454 0.54117647 0.42352941 0.64313725
v 0.02359658 0.00302212 0.02969263 0.54117647 0.42352941 0.64313725
v 0.02359658 0.00181110 0.02978855 0.54117647 0.42352941 0.64313725
v 0.02601510 0.00544415 0.02981252 0.54117647 0.42352941 0.64313725
v 0.02238987 0.00181110 0.02948281 0.54117647 0.42352941 0.64313725
v 0.02238987 0.00060009 0.02952477 0.54117647 0.42352941 0.64313725
v 0.02238987 -0.00060493 0.02953077 0.54117647 0.42352941 0.64313725
v 0.02238987 -0.00180995 0.02947681 0.54117647 0.42352941 0.64313725
v 0.02238987 -0.00302097 0.02938089 0.54117647 0.42352941 0.64313725
v 0.02231349 -0.00425596 0.02920704 0.54117647 0.42352941 0.64313725
v 0.02271064 -0.00544300 0.02911712 0.54117647 0.42352941 0.64313725
v 0.02359658 -0.00544300 0.02933893 0.54117647 0.42352941 0.64313725
v 0.02366277 -0.00657608 0.02912311 0.54117647 0.42352941 0.64313725
v 0.02411083 -0.00733146 0.02905717 0.54117647 0.42352941 0.64313725
v 0.02480839 -0.00818277 0.02895526 0.54117647 0.42352941 0.64313725
v 0.02550085 -0.00841658 0.02902120 0.54117647 0.42352941 0.64313725
v 0.02631041 -0.00863840 0.02908714 0.54117647 0.42352941 0.64313725
v 0.02722691 -0.00882425 0.02914709 0.54117647 0.42352941 0.64313725
v 0.02855073 -0.00913600 0.02916508 0.54117647 0.42352941 0.64313725
v 0.02964542 -0.00970553 0.02904518 0.54117647 0.42352941 0.64313725
v 0.03085723 -0.00971153 0.02905117 0.54117647 0.42352941 0.64313725
v 0.02822486 -0.00957963 0.02900921 0.54117647 0.42352941 0.64313725
v 0.02855073 -0.01016116 0.02882337 0.54117647 0.42352941 0.64313725
v 0.02843871 -0.01149208 0.02830781 0.54117647 0.42352941 0.64313725
v 0.02964542 -0.01149208 0.02837375 0.54117647 0.42352941 0.64313725
v 0.02964542 -0.01031104 0.02882936 0.54117647 0.42352941 0.64313725
v 0.03239999 -0.00963959 0.02902720 0.54117647 0.42352941 0.64313725
v 0.03085723 -0.01031703 0.02882936 0.54117647 0.42352941 0.64313725
v 0.03202321 -0.01016716 0.02885334 0.54117647 0.42352941 0.64313725
v 0.03900382 -0.00423198 0.02912311 0.54117647 0.42352941 0.64313725
v 0.03881034 -0.00499336 0.02906316 0.54117647 0.42352941 0.64313725
v 0.03937551 -0.00291905 0.02917107 0.54117647 0.42352941 0.64313725
v 0.03693153 -0.00667799 0.02918906 0.54117647 0.42352941 0.64313725
v 0.03772582 -0.00629431 0.02909314 0.54117647 0.42352941 0.64313725
v 0.03853030 -0.00579671 0.02899123 0.54117647 0.42352941 0.64313725
v 0.03654966 -0.00745736 0.02909314 0.54117647 0.42352941 0.64313725
v 0.03516983 -0.00851250 0.02905117 0.54117647 0.42352941 0.64313725
v 0.03597431 -0.00826670 0.02897924 0.54117647 0.42352941 0.64313725
v 0.03327575 -0.00951369 0.02898523 0.54117647 0.42352941 0.64313725
v 0.03448756 -0.00927388 0.02891329 0.54117647 0.42352941 0.64313725
v 0.03932459 -0.00180995 0.02927299 0.54117647 0.42352941 0.64313725
v 0.03932459 -0.00060493 0.02932694 0.54117647 0.42352941 0.64313725
v 0.03932459 0.00060009 0.02932095 0.54117647 0.42352941 0.64313725
v 0.03932459 0.00181110 0.02927898 0.54117647 0.42352941 0.64313725
v 0.03937042 0.00294418 0.02917107 0.54117647 0.42352941 0.64313725
v 0.03899873 0.00423313 0.02912311 0.54117647 0.42352941 0.64313725
v 0.03881543 0.00500051 0.02906916 0.54117647 0.42352941 0.64313725
v 0.03812806 0.00542017 0.02916508 0.54117647 0.42352941 0.64313725
v 0.03773601 0.00628946 0.02909314 0.54117647 0.42352941 0.64313725
v 0.03692135 0.00667914 0.02918906 0.54117647 0.42352941 0.64313725
v 0.03653439 0.00746451 0.02909314 0.54117647 0.42352941 0.64313725
v 0.03564335 0.00786618 0.02915309 0.54117647 0.42352941 0.64313725
v 0.03448756 0.00786018 0.02933293 0.54117647 0.42352941 0.64313725
v 0.03327575 0.00786018 0.02947681 0.54117647 0.42352941 0.64313725
v 0.03327575 0.00891533 0.02917707 0.54117647 0.42352941 0.64313725
v 0.03236944 0.00964074 0.02902720 0.54117647 0.42352941 0.64313725
v 0.03200794 0.00916712 0.02918906 0.54117647 0.42352941 0.64313725
v 0.03085723 0.00907120 0.02925500 0.54117647 0.42352941 0.64313725
v 0.02954359 0.00919110 0.02920105 0.54117647 0.42352941 0.64313725
v 0.02843871 0.00899926 0.02920704 0.54117647 0.42352941 0.64313725
v 0.02601510 0.00664917 0.02956074 0.54117647 0.42352941 0.64313725
v 0.02722691 0.00786018 0.02942286 0.54117647 0.42352941 0.64313725
v 0.02722691 0.00883139 0.02915309 0.54117647 0.42352941 0.64313725
v 0.02359658 0.00423313 0.02953676 0.54117647 0.42352941 0.64313725
v 0.02480839 0.00544415 0.02959671 0.54117647 0.42352941 0.64313725
v 0.02359658 0.00544415 0.02934492 0.54117647 0.42352941 0.64313725
v 0.02238987 0.00302212 0.02938089 0.54117647 0.42352941 0.64313725
v 0.02134608 0.00181110 0.02917107 0.54117647 0.42352941 0.64313725
v 0.02127480 0.00060009 0.02919505 0.54117647 0.42352941 0.64313725
v 0.02150392 0.00302212 0.02912311 0.54117647 0.42352941 0.64313725
v 0.02126971 -0.00060493 0.02919505 0.54117647 0.42352941 0.64313725
v 0.02135118 -0.00180995 0.02917107 0.54117647 0.42352941 0.64313725
v 0.02151411 -0.00302097 0.02912311 0.54117647 0.42352941 0.64313725
v 0.02166686 -0.00387228 0.02907516 0.54117647 0.42352941 0.64313725
v 0.02186543 -0.00467562 0.02901521 0.54117647 0.42352941 0.64313725
v 0.02210474 -0.00544300 0.02894327 0.54117647 0.42352941 0.64313725
v 0.02293976 -0.00612045 0.02905117 0.54117647 0.42352941 0.64313725
v 0.02330636 -0.00692379 0.02896125 0.54117647 0.42352941 0.64313725
v 0.02366277 -0.00778709 0.02882337 0.54117647 0.42352941 0.64313725
v 0.02359658 -0.00907005 0.02842171 0.54117647 0.42352941 0.64313725
v 0.02480839 -0.00907005 0.02868549 0.54117647 0.42352941 0.64313725
v 0.02594891 -0.00905206 0.02890130 0.54117647 0.42352941 0.64313725
v 0.02722691 -0.00942976 0.02896125 0.54117647 0.42352941 0.64313725
v 0.02722691 -0.01028106 0.02866151 0.54117647 0.42352941 0.64313725
v 0.02722691 -0.01149208 0.02819391 0.54117647 0.42352941 0.64313725
v 0.02722691 -0.01222948 0.02788817 0.54117647 0.42352941 0.64313725
v 0.02843871 -0.01236137 0.02794212 0.54117647 0.42352941 0.64313725
v 0.02964542 -0.01243331 0.02797809 0.54117647 0.42352941 0.64313725
v 0.03085723 -0.01149208 0.02837975 0.54117647 0.42352941 0.64313725
v 0.03206904 -0.01149208 0.02834378 0.54117647 0.42352941 0.64313725
v 0.03327575 -0.01028106 0.02871546 0.54117647 0.42352941 0.64313725
v 0.03960463 -0.00423198 0.02893727 0.54117647 0.42352941 0.64313725
v 0.03980830 -0.00325478 0.02900322 0.54117647 0.42352941 0.64313725
v 0.03925840 -0.00541302 0.02884735 0.54117647 0.42352941 0.64313725
v 0.03993559 -0.00244544 0.02903918 0.54117647 0.42352941 0.64313725
v 0.03735414 -0.00709765 0.02900322 0.54117647 0.42352941 0.64313725
v 0.03812297 -0.00667799 0.02890730 0.54117647 0.42352941 0.64313725
v 0.03932459 -0.00665401 0.02856559 0.54117647 0.42352941 0.64313725
v 0.03693153 -0.00785903 0.02888931 0.54117647 0.42352941 0.64313725
v 0.03561790 -0.00898012 0.02882936 0.54117647 0.42352941 0.64313725
v 0.03690098 -0.00907005 0.02853561 0.54117647 0.42352941 0.64313725
v 0.03448756 -0.01028106 0.02857158 0.54117647 0.42352941 0.64313725
v 0.03569427 -0.01028106 0.02837975 0.54117647 0.42352941 0.64313725
v 0.04000178 -0.00180995 0.02906316 0.54117647 0.42352941 0.64313725
v 0.04007815 -0.00060493 0.02908714 0.54117647 0.42352941 0.64313725
v 0.04007306 0.00060009 0.02908714 0.54117647 0.42352941 0.64313725
v 0.04001196 0.00181110 0.02906316 0.54117647 0.42352941 0.64313725
v 0.03995086 0.00248855 0.02904518 0.54117647 0.42352941 0.64313725
v 0.03980321 0.00329789 0.02899722 0.54117647 0.42352941 0.64313725
v 0.03960463 0.00423313 0.02893727 0.54117647 0.42352941 0.64313725
v 0.04053131 0.00544415 0.02842171 0.54117647 0.42352941 0.64313725
v 0.03925840 0.00542017 0.02884735 0.54117647 0.42352941 0.64313725
v 0.03854048 0.00580985 0.02899123 0.54117647 0.42352941 0.64313725
v 0.03812806 0.00667914 0.02890130 0.54117647 0.42352941 0.64313725
v 0.03733886 0.00709880 0.02899722 0.54117647 0.42352941 0.64313725
v 0.03692135 0.00786618 0.02889531 0.54117647 0.42352941 0.64313725
v 0.03600995 0.00826785 0.02898523 0.54117647 0.42352941 0.64313725
v 0.03520547 0.00853164 0.02905717 0.54117647 0.42352941 0.64313725
v 0.03448756 0.00868751 0.02910513 0.54117647 0.42352941 0.64313725
v 0.03327575 0.00952083 0.02898523 0.54117647 0.42352941 0.64313725
v 0.03156496 0.00968870 0.02903918 0.54117647 0.42352941 0.64313725
v 0.03327575 0.01028221 0.02872146 0.54117647 0.42352941 0.64313725
v 0.03206904 0.01149323 0.02835577 0.54117647 0.42352941 0.64313725
v 0.03200794 0.01016831 0.02885334 0.54117647 0.42352941 0.64313725
v 0.03085723 0.00970668 0.02904518 0.54117647 0.42352941 0.64313725
v 0.02987455 0.00970668 0.02904518 0.54117647 0.42352941 0.64313725
v 0.02907007 0.00967671 0.02903918 0.54117647 0.42352941 0.64313725
v 0.02843871 0.00960477 0.02901521 0.54117647 0.42352941 0.64313725
v 0.02480839 0.00664917 0.02934492 0.54117647 0.42352941 0.64313725
v 0.02592854 0.00796210 0.02922503 0.54117647 0.42352941 0.64313725
v 0.02480839 0.00758441 0.02912311 0.54117647 0.42352941 0.64313725
v 0.02626968 0.00864555 0.02909314 0.54117647 0.42352941 0.64313725
v 0.02722691 0.00943690 0.02896125 0.54117647 0.42352941 0.64313725
v 0.02231349 0.00425711 0.02920105 0.54117647 0.42352941 0.64313725
v 0.02270045 0.00544415 0.02912311 0.54117647 0.42352941 0.64313725
v 0.02367296 0.00657723 0.02912311 0.54117647 0.42352941 0.64313725
v 0.02292449 0.00612759 0.02905717 0.54117647 0.42352941 0.64313725
v 0.02167195 0.00386743 0.02906916 0.54117647 0.42352941 0.64313725
v 0.02074018 0.00181110 0.02898523 0.54117647 0.42352941 0.64313725
v 0.02066890 0.00060009 0.02900322 0.54117647 0.42352941 0.64313725
v 0.02066381 -0.00060493 0.02900921 0.54117647 0.42352941 0.64313725
v 0.02089802 0.00302212 0.02893128 0.54117647 0.42352941 0.64313725
v 0.02074527 -0.00180995 0.02897924 0.54117647 0.42352941 0.64313725
v 0.02090821 -0.00302097 0.02893128 0.54117647 0.42352941 0.64313725
v 0.02122898 -0.00425596 0.02887732 0.54117647 0.42352941 0.64313725
v 0.02117806 -0.00544300 0.02865551 0.54117647 0.42352941 0.64313725
v 0.02117806 -0.00665401 0.02840373 0.54117647 0.42352941 0.64313725
v 0.02247642 -0.00657608 0.02881737 0.54117647 0.42352941 0.64313725
v 0.02238987 -0.00785903 0.02846967 0.54117647 0.42352941 0.64313725
v 0.02233386 -0.00913000 0.02806801 0.54117647 0.42352941 0.64313725
v 0.02270555 -0.00991536 0.02791215 0.54117647 0.42352941 0.64313725
v 0.02362713 -0.01030504 0.02801406 0.54117647 0.42352941 0.64313725
v 0.02480839 -0.01028106 0.02827783 0.54117647 0.42352941 0.64313725
v 0.02601510 -0.01028106 0.02849965 0.54117647 0.42352941 0.64313725
v 0.02607620 -0.01154004 0.02802005 0.54117647 0.42352941 0.64313725
v 0.02651408 -0.01213955 0.02784620 0.54117647 0.42352941 0.64313725
v 0.02722691 -0.01283499 0.02761240 0.54117647 0.42352941 0.64313725
v 0.02843871 -0.01296688 0.02767235 0.54117647 0.42352941 0.64313725
v 0.02964542 -0.01303882 0.02770832 0.54117647 0.42352941 0.64313725
v 0.03085723 -0.01244530 0.02797809 0.54117647 0.42352941 0.64313725
v 0.03206904 -0.01240334 0.02796011 0.54117647 0.42352941 0.64313725
v 0.03327575 -0.01229543 0.02791215 0.54117647 0.42352941 0.64313725
v 0.03327575 -0.01149208 0.02824786 0.54117647 0.42352941 0.64313725
v 0.04053131 -0.00423198 0.02862554 0.54117647 0.42352941 0.64313725
v 0.04053131 -0.00544300 0.02841572 0.54117647 0.42352941 0.64313725
v 0.04041420 -0.00291905 0.02882337 0.54117647 0.42352941 0.64313725
v 0.04060768 -0.00180995 0.02885334 0.54117647 0.42352941 0.64313725
v 0.03811279 -0.00785903 0.02860755 0.54117647 0.42352941 0.64313725
v 0.03932459 -0.00785903 0.02825985 0.54117647 0.42352941 0.64313725
v 0.04025636 -0.00785903 0.02794812 0.54117647 0.42352941 0.64313725
v 0.04063823 -0.00674994 0.02809799 0.54117647 0.42352941 0.64313725
v 0.03811279 -0.00907005 0.02824187 0.54117647 0.42352941 0.64313725
v 0.03697227 -0.01037099 0.02808000 0.54117647 0.42352941 0.64313725
v 0.03811279 -0.00998131 0.02793613 0.54117647 0.42352941 0.64313725
v 0.03451810 -0.01158201 0.02805602 0.54117647 0.42352941 0.64313725
v 0.03569427 -0.01128825 0.02799607 0.54117647 0.42352941 0.64313725
v 0.03661585 -0.01106643 0.02790016 0.54117647 0.42352941 0.64313725
v 0.04068406 -0.00060493 0.02887732 0.54117647 0.42352941 0.64313725
v 0.04067897 0.00060009 0.02887732 0.54117647 0.42352941 0.64313725
v 0.04061277 0.00181110 0.02885334 0.54117647 0.42352941 0.64313725
v 0.04174311 0.00181110 0.02843370 0.54117647 0.42352941 0.64313725
v 0.04174311 0.00302212 0.02833179 0.54117647 0.42352941 0.64313725
v 0.04042438 0.00294418 0.02882936 0.54117647 0.42352941 0.64313725
v 0.04053131 0.00423313 0.02861954 0.54117647 0.42352941 0.64313725
v 0.04175839 0.00534823 0.02798408 0.54117647 0.42352941 0.64313725
v 0.04137142 0.00640936 0.02791814 0.54117647 0.42352941 0.64313725
v 0.04063823 0.00675109 0.02810398 0.54117647 0.42352941 0.64313725
v 0.03932459 0.00664917 0.02857158 0.54117647 0.42352941 0.64313725
v 0.04174311 0.00423313 0.02817592 0.54117647 0.42352941 0.64313725
v 0.03811279 0.00786018 0.02860755 0.54117647 0.42352941 0.64313725
v 0.03690098 0.00907120 0.02854761 0.54117647 0.42352941 0.64313725
v 0.03564335 0.00898727 0.02882936 0.54117647 0.42352941 0.64313725
v 0.03569427 0.01028221 0.02837975 0.54117647 0.42352941 0.64313725
v 0.03448756 0.00929302 0.02891329 0.54117647 0.42352941 0.64313725
v 0.03448756 0.01028221 0.02857158 0.54117647 0.42352941 0.64313725
v 0.03085723 0.01031219 0.02883536 0.54117647 0.42352941 0.64313725
v 0.03327575 0.01149323 0.02825985 0.54117647 0.42352941 0.64313725
v 0.03327575 0.01230857 0.02792414 0.54117647 0.42352941 0.64313725
v 0.03206904 0.01241048 0.02797209 0.54117647 0.42352941 0.64313725
v 0.03085723 0.01149323 0.02839174 0.54117647 0.42352941 0.64313725
v 0.02954359 0.01018030 0.02887133 0.54117647 0.42352941 0.64313725
v 0.02964542 0.01149323 0.02837975 0.54117647 0.42352941 0.64313725
v 0.02843871 0.01149323 0.02831980 0.54117647 0.42352941 0.64313725
v 0.02843871 0.01028221 0.02877541 0.54117647 0.42352941 0.64313725
v 0.02722691 0.01028221 0.02866750 0.54117647 0.42352941 0.64313725
v 0.02412611 0.00732662 0.02905717 0.54117647 0.42352941 0.64313725
v 0.02546520 0.00843572 0.02902720 0.54117647 0.42352941 0.64313725
v 0.02480839 0.00818992 0.02896725 0.54117647 0.42352941 0.64313725
v 0.02592854 0.00905921 0.02890730 0.54117647 0.42352941 0.64313725
v 0.02601510 0.01028221 0.02849965 0.54117647 0.42352941 0.64313725
v 0.02186034 0.00467677 0.02901521 0.54117647 0.42352941 0.64313725
v 0.02209455 0.00544415 0.02894926 0.54117647 0.42352941 0.64313725
v 0.02332163 0.00693694 0.02896125 0.54117647 0.42352941 0.64313725
v 0.02246624 0.00657723 0.02881737 0.54117647 0.42352941 0.64313725
v 0.02117806 0.00664917 0.02840373 0.54117647 0.42352941 0.64313725
v 0.02123407 0.00425711 0.02887732 0.54117647 0.42352941 0.64313725
v 0.01996626 0.00181110 0.02870947 0.54117647 0.42352941 0.64313725
v 0.01996626 0.00302212 0.02860755 0.54117647 0.42352941 0.64313725
v 0.01996626 0.00060009 0.02875143 0.54117647 0.42352941 0.64313725
v 0.01996626 -0.00060493 0.02875743 0.54117647 0.42352941 0.64313725
v 0.01996626 -0.00180995 0.02870347 0.54117647 0.42352941 0.64313725
v 0.01996626 0.00423313 0.02844569 0.54117647 0.42352941 0.64313725
v 0.01996626 -0.00302097 0.02860156 0.54117647 0.42352941 0.64313725
v 0.01996626 -0.00423198 0.02845169 0.54117647 0.42352941 0.64313725
v 0.01996626 -0.00544300 0.02823587 0.54117647 0.42352941 0.64313725
v 0.01996116 -0.00658807 0.02799008 0.54117647 0.42352941 0.64313725
v 0.02035831 -0.00754129 0.02790615 0.54117647 0.42352941 0.64313725
v 0.02112205 -0.00791299 0.02806202 0.54117647 0.42352941 0.64313725
v 0.02148356 -0.00876430 0.02792414 0.54117647 0.42352941 0.64313725
v 0.02189598 -0.00957364 0.02779225 0.54117647 0.42352941 0.64313725
v 0.02233386 -0.01030504 0.02766036 0.54117647 0.42352941 0.64313725
v 0.02324017 -0.01072470 0.02776827 0.54117647 0.42352941 0.64313725
v 0.02404464 -0.01097650 0.02786419 0.54117647 0.42352941 0.64313725
v 0.02480839 -0.01116834 0.02794212 0.54117647 0.42352941 0.64313725
v 0.02570960 -0.01197768 0.02777426 0.54117647 0.42352941 0.64313725
v 0.02607620 -0.01260717 0.02755845 0.54117647 0.42352941 0.64313725
v 0.02603546 -0.01398605 0.02688103 0.54117647 0.42352941 0.64313725
v 0.02722691 -0.01391411 0.02708485 0.54117647 0.42352941 0.64313725
v 0.02843871 -0.01391411 0.02720475 0.54117647 0.42352941 0.64313725
v 0.03085723 -0.01305081 0.02770832 0.54117647 0.42352941 0.64313725
v 0.02964542 -0.01391411 0.02727069 0.54117647 0.42352941 0.64313725
v 0.03206904 -0.01300885 0.02769034 0.54117647 0.42352941 0.64313725
v 0.03414133 -0.01217552 0.02786419 0.54117647 0.42352941 0.64313725
v 0.03327575 -0.01290093 0.02764238 0.54117647 0.42352941 0.64313725
v 0.04174311 -0.00423198 0.02817592 0.54117647 0.42352941 0.64313725
v 0.04174311 -0.00302097 0.02832579 0.54117647 0.42352941 0.64313725
v 0.04175330 -0.00534708 0.02798408 0.54117647 0.42352941 0.64313725
v 0.04135615 -0.00641421 0.02791215 0.54117647 0.42352941 0.64313725
v 0.04174311 -0.00180995 0.02843370 0.54117647 0.42352941 0.64313725
v 0.04174311 -0.00060493 0.02848766 0.54117647 0.42352941 0.64313725
v 0.03923804 -0.00899211 0.02794212 0.54117647 0.42352941 0.64313725
v 0.03998651 -0.00853049 0.02784620 0.54117647 0.42352941 0.64313725
v 0.04086226 -0.00785903 0.02772631 0.54117647 0.42352941 0.64313725
v 0.04111685 -0.00722355 0.02781623 0.54117647 0.42352941 0.64313725
v 0.03877979 -0.00973551 0.02784620 0.54117647 0.42352941 0.64313725
v 0.03742542 -0.01083262 0.02780424 0.54117647 0.42352941 0.64313725
v 0.03811279 -0.01058682 0.02771432 0.54117647 0.42352941 0.64313725
v 0.03494580 -0.01204963 0.02780424 0.54117647 0.42352941 0.64313725
v 0.03569427 -0.01189375 0.02773829 0.54117647 0.42352941 0.64313725
v 0.03697227 -0.01148009 0.02764238 0.54117647 0.42352941 0.64313725
v 0.04174311 0.00060009 0.02848166 0.54117647 0.42352941 0.64313725
v 0.04276144 0.00181110 0.02801406 0.54117647 0.42352941 0.64313725
v 0.04264942 0.00302212 0.02796610 0.54117647 0.42352941 0.64313725
v 0.04247121 0.00423313 0.02788217 0.54117647 0.42352941 0.64313725
v 0.04236429 0.00488061 0.02783421 0.54117647 0.42352941 0.64313725
v 0.04217590 0.00568395 0.02775628 0.54117647 0.42352941 0.64313725
v 0.04175839 0.00675109 0.02767835 0.54117647 0.42352941 0.64313725
v 0.04111175 0.00721871 0.02781623 0.54117647 0.42352941 0.64313725
v 0.04026145 0.00786018 0.02794812 0.54117647 0.42352941 0.64313725
v 0.03932459 0.00786018 0.02825985 0.54117647 0.42352941 0.64313725
v 0.03924313 0.00899326 0.02794812 0.54117647 0.42352941 0.64313725
v 0.03811279 0.00907120 0.02824786 0.54117647 0.42352941 0.64313725
v 0.03811279 0.00998246 0.02794212 0.54117647 0.42352941 0.64313725
v 0.03696717 0.01036615 0.02808000 0.54117647 0.42352941 0.64313725
v 0.03661076 0.01107357 0.02790016 0.54117647 0.42352941 0.64313725
v 0.03569427 0.01130139 0.02799607 0.54117647 0.42352941 0.64313725
v 0.03499672 0.01206277 0.02781623 0.54117647 0.42352941 0.64313725
v 0.03454865 0.01159515 0.02806202 0.54117647 0.42352941 0.64313725
v 0.03418715 0.01218866 0.02787018 0.54117647 0.42352941 0.64313725
v 0.03327575 0.01291407 0.02764238 0.54117647 0.42352941 0.64313725
v 0.03206904 0.01301599 0.02769034 0.54117647 0.42352941 0.64313725
v 0.03085723 0.01244645 0.02799008 0.54117647 0.42352941 0.64313725
v 0.02964542 0.01244046 0.02798408 0.54117647 0.42352941 0.64313725
v 0.02843871 0.01236852 0.02795411 0.54117647 0.42352941 0.64313725
v 0.02722691 0.01224862 0.02789416 0.54117647 0.42352941 0.64313725
v 0.02722691 0.01149323 0.02820590 0.54117647 0.42352941 0.64313725
v 0.02605074 0.01154719 0.02802605 0.54117647 0.42352941 0.64313725
v 0.02367296 0.00778225 0.02882936 0.54117647 0.42352941 0.64313725
v 0.02480839 0.00907120 0.02869748 0.54117647 0.42352941 0.64313725
v 0.02359658 0.00907120 0.02843370 0.54117647 0.42352941 0.64313725
v 0.02480839 0.01028221 0.02827783 0.54117647 0.42352941 0.64313725
v 0.02480839 0.01117549 0.02794212 0.54117647 0.42352941 0.64313725
v 0.02117806 0.00544415 0.02866151 0.54117647 0.42352941 0.64313725
v 0.02238987 0.00786018 0.02846967 0.54117647 0.42352941 0.64313725
v 0.01996116 0.00659521 0.02799607 0.54117647 0.42352941 0.64313725
v 0.01996626 0.00544415 0.02824786 0.54117647 0.42352941 0.64313725
v 0.02111696 0.00791414 0.02806202 0.54117647 0.42352941 0.64313725
v 0.02036340 0.00754244 0.02790615 0.54117647 0.42352941 0.64313725
v 0.01875954 0.00181110 0.02822988 0.54117647 0.42352941 0.64313725
v 0.01875954 0.00060009 0.02827783 0.54117647 0.42352941 0.64313725
v 0.01889701 0.00423313 0.02802605 0.54117647 0.42352941 0.64313725
v 0.01864753 0.00310005 0.02807401 0.54117647 0.42352941 0.64313725
v 0.01875954 -0.00060493 0.02828383 0.54117647 0.42352941 0.64313725
v 0.01875954 -0.00180995 0.02822988 0.54117647 0.42352941 0.64313725
v 0.01913123 0.00544415 0.02792414 0.54117647 0.42352941 0.64313725
v 0.01864753 -0.00309291 0.02806801 0.54117647 0.42352941 0.64313725
v 0.01889192 -0.00423198 0.02802605 0.54117647 0.42352941 0.64313725
v 0.01914141 -0.00544300 0.02791814 0.54117647 0.42352941 0.64313725
v 0.01930944 -0.00613843 0.02784620 0.54117647 0.42352941 0.64313725
v 0.01955383 -0.00694777 0.02775628 0.54117647 0.42352941 0.64313725
v 0.01996116 -0.00791299 0.02764837 0.54117647 0.42352941 0.64313725
v 0.02067908 -0.00834464 0.02779225 0.54117647 0.42352941 0.64313725
v 0.02112205 -0.00913000 0.02768434 0.54117647 0.42352941 0.64313725
v 0.02117806 -0.01028106 0.02729467 0.54117647 0.42352941 0.64313725
v 0.02121879 -0.01148608 0.02682707 0.54117647 0.42352941 0.64313725
v 0.02238987 -0.01149208 0.02719875 0.54117647 0.42352941 0.64313725
v 0.02362713 -0.01142613 0.02757044 0.54117647 0.42352941 0.64313725
v 0.02480839 -0.01177385 0.02769034 0.54117647 0.42352941 0.64313725
v 0.02480839 -0.01270309 0.02727069 0.54117647 0.42352941 0.64313725
v 0.02480839 -0.01366831 0.02680309 0.54117647 0.42352941 0.64313725
v 0.02564850 -0.01443569 0.02657529 0.54117647 0.42352941 0.64313725
v 0.02645298 -0.01456758 0.02664723 0.54117647 0.42352941 0.64313725
v 0.02722691 -0.01465751 0.02669518 0.54117647 0.42352941 0.64313725
v 0.02843871 -0.01475942 0.02675513 0.54117647 0.42352941 0.64313725
v 0.03085723 -0.01391411 0.02727669 0.54117647 0.42352941 0.64313725
v 0.03206904 -0.01391411 0.02724072 0.54117647 0.42352941 0.64313725
v 0.02964542 -0.01481937 0.02678511 0.54117647 0.42352941 0.64313725
v 0.03085723 -0.01482537 0.02679110 0.54117647 0.42352941 0.64313725
v 0.03327575 -0.01391411 0.02714480 0.54117647 0.42352941 0.64313725
v 0.03451810 -0.01263115 0.02760641 0.54117647 0.42352941 0.64313725
v 0.03456902 -0.01402202 0.02691699 0.54117647 0.42352941 0.64313725
v 0.04247631 -0.00423198 0.02788217 0.54117647 0.42352941 0.64313725
v 0.04236938 -0.00487946 0.02783421 0.54117647 0.42352941 0.64313725
v 0.04264433 -0.00302097 0.02796011 0.54117647 0.42352941 0.64313725
v 0.04216063 -0.00568880 0.02775028 0.54117647 0.42352941 0.64313725
v 0.04175330 -0.00674994 0.02767235 0.54117647 0.42352941 0.64313725
v 0.04276144 -0.00180995 0.02801406 0.54117647 0.42352941 0.64313725
v 0.04281744 -0.00060493 0.02803804 0.54117647 0.42352941 0.64313725
v 0.04281235 0.00060009 0.02803804 0.54117647 0.42352941 0.64313725
v 0.03958936 -0.00933983 0.02771432 0.54117647 0.42352941 0.64313725
v 0.04044475 -0.00899211 0.02752847 0.54117647 0.42352941 0.64313725
v 0.04174311 -0.00785903 0.02738460 0.54117647 0.42352941 0.64313725
v 0.04182967 -0.00915398 0.02694098 0.54117647 0.42352941 0.64313725
v 0.03923804 -0.01019713 0.02752847 0.54117647 0.42352941 0.64313725
v 0.03811279 -0.01149208 0.02734863 0.54117647 0.42352941 0.64313725
v 0.03938569 -0.01157002 0.02692899 0.54117647 0.42352941 0.64313725
v 0.03569427 -0.01270309 0.02737860 0.54117647 0.42352941 0.64313725
v 0.03690098 -0.01270309 0.02711483 0.54117647 0.42352941 0.64313725
v 0.04336734 0.00181110 0.02773829 0.54117647 0.42352941 0.64313725
v 0.04325532 0.00302212 0.02768434 0.54117647 0.42352941 0.64313725
v 0.04307712 0.00423313 0.02760641 0.54117647 0.42352941 0.64313725
v 0.04284290 0.00534823 0.02752248 0.54117647 0.42352941 0.64313725
v 0.04295492 0.00664917 0.02718677 0.54117647 0.42352941 0.64313725
v 0.04174311 0.00786018 0.02738460 0.54117647 0.42352941 0.64313725
v 0.04086226 0.00786018 0.02772631 0.54117647 0.42352941 0.64313725
v 0.03999160 0.00853763 0.02785220 0.54117647 0.42352941 0.64313725
v 0.03959445 0.00934698 0.02772031 0.54117647 0.42352941 0.64313725
v 0.03878998 0.00974265 0.02785220 0.54117647 0.42352941 0.64313725
v 0.03811279 0.01058797 0.02771432 0.54117647 0.42352941 0.64313725
v 0.03741524 0.01082777 0.02780424 0.54117647 0.42352941 0.64313725
v 0.03696717 0.01148124 0.02764837 0.54117647 0.42352941 0.64313725
v 0.03569427 0.01190689 0.02775028 0.54117647 0.42352941 0.64313725
v 0.03569427 0.01270425 0.02738460 0.54117647 0.42352941 0.64313725
v 0.03503236 0.01450278 0.02661126 0.54117647 0.42352941 0.64313725
v 0.03457411 0.01402317 0.02692299 0.54117647 0.42352941 0.64313725
v 0.03454865 0.01263830 0.02760641 0.54117647 0.42352941 0.64313725
v 0.03327575 0.01390927 0.02714480 0.54117647 0.42352941 0.64313725
v 0.03085723 0.01305196 0.02770832 0.54117647 0.42352941 0.64313725
v 0.03206904 0.01390927 0.02724072 0.54117647 0.42352941 0.64313725
v 0.03085723 0.01390927 0.02728268 0.54117647 0.42352941 0.64313725
v 0.02964542 0.01304597 0.02770233 0.54117647 0.42352941 0.64313725
v 0.02843871 0.01297403 0.02767235 0.54117647 0.42352941 0.64313725
v 0.02647335 0.01215269 0.02785220 0.54117647 0.42352941 0.64313725
v 0.02722691 0.01285412 0.02761240 0.54117647 0.42352941 0.64313725
v 0.02566887 0.01199083 0.02778026 0.54117647 0.42352941 0.64313725
v 0.02362713 0.01030619 0.02801406 0.54117647 0.42352941 0.64313725
v 0.02269536 0.00991651 0.02791814 0.54117647 0.42352941 0.64313725
v 0.02232877 0.00913715 0.02807401 0.54117647 0.42352941 0.64313725
v 0.02405482 0.01097765 0.02786419 0.54117647 0.42352941 0.64313725
v 0.02480839 0.01178100 0.02769633 0.54117647 0.42352941 0.64313725
v 0.02147847 0.00877144 0.02792414 0.54117647 0.42352941 0.64313725
v 0.01929925 0.00615757 0.02785220 0.54117647 0.42352941 0.64313725
v 0.01955893 0.00696092 0.02775628 0.54117647 0.42352941 0.64313725
v 0.02067399 0.00835178 0.02779225 0.54117647 0.42352941 0.64313725
v 0.01996116 0.00791414 0.02764837 0.54117647 0.42352941 0.64313725
v 0.01806708 0.00274634 0.02786419 0.54117647 0.42352941 0.64313725
v 0.01798562 0.00181110 0.02790016 0.54117647 0.42352941 0.64313725
v 0.01793470 0.00060009 0.02792414 0.54117647 0.42352941 0.64313725
v 0.01829111 0.00423313 0.02776827 0.54117647 0.42352941 0.64313725
v 0.01817400 0.00354969 0.02781623 0.54117647 0.42352941 0.64313725
v 0.01792961 -0.00060493 0.02792414 0.54117647 0.42352941 0.64313725
v 0.01799071 -0.00180995 0.02790016 0.54117647 0.42352941 0.64313725
v 0.01807726 -0.00273920 0.02785819 0.54117647 0.42352941 0.64313725
v 0.01853042 0.00544415 0.02766636 0.54117647 0.42352941 0.64313725
v 0.01817400 -0.00354854 0.02781623 0.54117647 0.42352941 0.64313725
v 0.01828602 -0.00423198 0.02776827 0.54117647 0.42352941 0.64313725
v 0.01853551 -0.00544300 0.02766036 0.54117647 0.42352941 0.64313725
v 0.01884610 -0.00658807 0.02754046 0.54117647 0.42352941 0.64313725
v 0.01875954 -0.00785903 0.02716878 0.54117647 0.42352941 0.64313725
v 0.01877482 -0.00901609 0.02681508 0.54117647 0.42352941 0.64313725
v 0.01996626 -0.00907005 0.02728868 0.54117647 0.42352941 0.64313725
v 0.01996116 -0.01028106 0.02685105 0.54117647 0.42352941 0.64313725
v 0.02035831 -0.01107842 0.02670118 0.54117647 0.42352941 0.64313725
v 0.02084201 -0.01188776 0.02652733 0.54117647 0.42352941 0.64313725
v 0.02164649 -0.01219351 0.02666521 0.54117647 0.42352941 0.64313725
v 0.02238987 -0.01243931 0.02677911 0.54117647 0.42352941 0.64313725
v 0.02307214 -0.01326664 0.02659927 0.54117647 0.42352941 0.64313725
v 0.02352530 -0.01279902 0.02692899 0.54117647 0.42352941 0.64313725
v 0.02387662 -0.01346448 0.02670118 0.54117647 0.42352941 0.64313725
v 0.02480839 -0.01427382 0.02649136 0.54117647 0.42352941 0.64313725
v 0.02480839 -0.01511913 0.02600577 0.54117647 0.42352941 0.64313725
v 0.02603546 -0.01503520 0.02630552 0.54117647 0.42352941 0.64313725
v 0.02722691 -0.01526301 0.02634748 0.54117647 0.42352941 0.64313725
v 0.02843871 -0.01536493 0.02640743 0.54117647 0.42352941 0.64313725
v 0.02964542 -0.01542488 0.02644340 0.54117647 0.42352941 0.64313725
v 0.03206904 -0.01479539 0.02677312 0.54117647 0.42352941 0.64313725
v 0.03327575 -0.01470547 0.02672516 0.54117647 0.42352941 0.64313725
v 0.03085723 -0.01543088 0.02644340 0.54117647 0.42352941 0.64313725
v 0.03421770 -0.01460355 0.02666521 0.54117647 0.42352941 0.64313725
v 0.03569427 -0.01377023 0.02685705 0.54117647 0.42352941 0.64313725
v 0.03502218 -0.01449564 0.02660526 0.54117647 0.42352941 0.64313725
v 0.04308221 -0.00423198 0.02760641 0.54117647 0.42352941 0.64313725
v 0.04284290 -0.00534708 0.02751648 0.54117647 0.42352941 0.64313725
v 0.04420746 -0.00538305 0.02685105 0.54117647 0.42352941 0.64313725
v 0.04480827 -0.00494540 0.02664123 0.54117647 0.42352941 0.64313725
v 0.04325023 -0.00302097 0.02768434 0.54117647 0.42352941 0.64313725
v 0.04295492 -0.00665401 0.02717478 0.54117647 0.42352941 0.64313725
v 0.04336734 -0.00180995 0.02773829 0.54117647 0.42352941 0.64313725
v 0.04342335 -0.00060493 0.02776827 0.54117647 0.42352941 0.64313725
v 0.04341826 0.00060009 0.02776227 0.54117647 0.42352941 0.64313725
v 0.04063823 -0.01038898 0.02696495 0.54117647 0.42352941 0.64313725
v 0.04148853 -0.01005925 0.02676113 0.54117647 0.42352941 0.64313725
v 0.04259851 -0.00880626 0.02673115 0.54117647 0.42352941 0.64313725
v 0.04298038 -0.00782906 0.02685105 0.54117647 0.42352941 0.64313725
v 0.04229301 -0.00961561 0.02659327 0.54117647 0.42352941 0.64313725
v 0.04030728 -0.01121630 0.02676113 0.54117647 0.42352941 0.64313725
v 0.03804151 -0.01271508 0.02682108 0.54117647 0.42352941 0.64313725
v 0.03902419 -0.01231341 0.02671916 0.54117647 0.42352941 0.64313725
v 0.03982866 -0.01201965 0.02658128 0.54117647 0.42352941 0.64313725
v 0.03690098 -0.01351244 0.02672516 0.54117647 0.42352941 0.64313725
v 0.03758835 -0.01335057 0.02664123 0.54117647 0.42352941 0.64313725
v 0.04416163 0.00181110 0.02734863 0.54117647 0.42352941 0.64313725
v 0.04416163 0.00302212 0.02724671 0.54117647 0.42352941 0.64313725
v 0.04416163 0.00423313 0.02707886 0.54117647 0.42352941 0.64313725
v 0.04421255 0.00537820 0.02685105 0.54117647 0.42352941 0.64313725
v 0.04384086 0.00664917 0.02676113 0.54117647 0.42352941 0.64313725
v 0.04364738 0.00740455 0.02665922 0.54117647 0.42352941 0.64313725
v 0.04298038 0.00783021 0.02685105 0.54117647 0.42352941 0.64313725
v 0.04259341 0.00882540 0.02673115 0.54117647 0.42352941 0.64313725
v 0.04231338 0.00963474 0.02659927 0.54117647 0.42352941 0.64313725
v 0.04183985 0.00916712 0.02694098 0.54117647 0.42352941 0.64313725
v 0.04044984 0.00899326 0.02753447 0.54117647 0.42352941 0.64313725
v 0.04063823 0.01039013 0.02696495 0.54117647 0.42352941 0.64313725
v 0.03924313 0.01019828 0.02752847 0.54117647 0.42352941 0.64313725
v 0.03939078 0.01157117 0.02692899 0.54117647 0.42352941 0.64313725
v 0.03811279 0.01149323 0.02735462 0.54117647 0.42352941 0.64313725
v 0.03690098 0.01270425 0.02712682 0.54117647 0.42352941 0.64313725
v 0.03569427 0.01377737 0.02685705 0.54117647 0.42352941 0.64313725
v 0.03569427 0.01438288 0.02654531 0.54117647 0.42352941 0.64313725
v 0.03569427 0.01512028 0.02612567 0.54117647 0.42352941 0.64313725
v 0.03569427 0.01601955 0.02559213 0.54117647 0.42352941 0.64313725
v 0.03457411 0.01505433 0.02635947 0.54117647 0.42352941 0.64313725
v 0.03422788 0.01460470 0.02666521 0.54117647 0.42352941 0.64313725
v 0.03327575 0.01471261 0.02672516 0.54117647 0.42352941 0.64313725
v 0.03206904 0.01480254 0.02677911 0.54117647 0.42352941 0.64313725
v 0.03085723 0.01483251 0.02679710 0.54117647 0.42352941 0.64313725
v 0.02964542 0.01482652 0.02679110 0.54117647 0.42352941 0.64313725
v 0.02964542 0.01390927 0.02727069 0.54117647 0.42352941 0.64313725
v 0.02843871 0.01390927 0.02720475 0.54117647 0.42352941 0.64313725
v 0.02722691 0.01390927 0.02709085 0.54117647 0.42352941 0.64313725
v 0.02603037 0.01398720 0.02688103 0.54117647 0.42352941 0.64313725
v 0.02605074 0.01261432 0.02755845 0.54117647 0.42352941 0.64313725
v 0.02480839 0.01270425 0.02728268 0.54117647 0.42352941 0.64313725
v 0.02324526 0.01072585 0.02776827 0.54117647 0.42352941 0.64313725
v 0.02188580 0.00958078 0.02779824 0.54117647 0.42352941 0.64313725
v 0.02232877 0.01030619 0.02766036 0.54117647 0.42352941 0.64313725
v 0.02362713 0.01142728 0.02757643 0.54117647 0.42352941 0.64313725
v 0.02351511 0.01280017 0.02694098 0.54117647 0.42352941 0.64313725
v 0.02111696 0.00913715 0.02769034 0.54117647 0.42352941 0.64313725
v 0.01884101 0.00659521 0.02754646 0.54117647 0.42352941 0.64313725
v 0.01875954 0.00786018 0.02716878 0.54117647 0.42352941 0.64313725
v 0.01996626 0.00907120 0.02729467 0.54117647 0.42352941 0.64313725
v 0.01738480 0.00181110 0.02762439 0.54117647 0.42352941 0.64313725
v 0.01761902 0.00310005 0.02761840 0.54117647 0.42352941 0.64313725
v 0.01732880 0.00060009 0.02764837 0.54117647 0.42352941 0.64313725
v 0.01754774 0.00423313 0.02742656 0.54117647 0.42352941 0.64313725
v 0.01754774 0.00544415 0.02721674 0.54117647 0.42352941 0.64313725
v 0.01732371 -0.00060493 0.02764837 0.54117647 0.42352941 0.64313725
v 0.01738480 -0.00180995 0.02762439 0.54117647 0.42352941 0.64313725
v 0.01762411 -0.00309291 0.02761240 0.54117647 0.42352941 0.64313725
v 0.01747136 0.00669113 0.02690500 0.54117647 0.42352941 0.64313725
v 0.01754774 -0.00423198 0.02743256 0.54117647 0.42352941 0.64313725
v 0.01754774 -0.00544300 0.02721074 0.54117647 0.42352941 0.64313725
v 0.01747136 -0.00668399 0.02689901 0.54117647 0.42352941 0.64313725
v 0.01784814 -0.00785903 0.02676113 0.54117647 0.42352941 0.64313725
v 0.01807217 -0.00857845 0.02665322 0.54117647 0.42352941 0.64313725
v 0.01838276 -0.00938180 0.02651534 0.54117647 0.42352941 0.64313725
v 0.01918724 -0.00987939 0.02669518 0.54117647 0.42352941 0.64313725
v 0.01955383 -0.01068873 0.02653932 0.54117647 0.42352941 0.64313725
v 0.01996116 -0.01148608 0.02636547 0.54117647 0.42352941 0.64313725
v 0.01992552 -0.01276305 0.02575399 0.54117647 0.42352941 0.64313725
v 0.02121879 -0.01263715 0.02629952 0.54117647 0.42352941 0.64313725
v 0.02238987 -0.01304482 0.02649136 0.54117647 0.42352941 0.64313725
v 0.02238987 -0.01391411 0.02604774 0.54117647 0.42352941 0.64313725
v 0.02352530 -0.01388413 0.02638945 0.54117647 0.42352941 0.64313725
v 0.02363222 -0.01517309 0.02569404 0.54117647 0.42352941 0.64313725
v 0.02406501 -0.01578459 0.02544225 0.54117647 0.42352941 0.64313725
v 0.02480839 -0.01592248 0.02552618 0.54117647 0.42352941 0.64313725
v 0.02601510 -0.01611432 0.02565207 0.54117647 0.42352941 0.64313725
v 0.02722691 -0.01625820 0.02574200 0.54117647 0.42352941 0.64313725
v 0.02791427 -0.01692366 0.02540029 0.54117647 0.42352941 0.64313725
v 0.02836743 -0.01644405 0.02573600 0.54117647 0.42352941 0.64313725
v 0.02871875 -0.01697762 0.02543626 0.54117647 0.42352941 0.64313725
v 0.02964542 -0.01633015 0.02588588 0.54117647 0.42352941 0.64313725
v 0.03085723 -0.01633015 0.02589786 0.54117647 0.42352941 0.64313725
v 0.03206904 -0.01540090 0.02642541 0.54117647 0.42352941 0.64313725
v 0.03327575 -0.01531097 0.02637745 0.54117647 0.42352941 0.64313725
v 0.03456902 -0.01505318 0.02635348 0.54117647 0.42352941 0.64313725
v 0.03569427 -0.01437573 0.02654531 0.54117647 0.42352941 0.64313725
v 0.03569427 -0.01601240 0.02558613 0.54117647 0.42352941 0.64313725
v 0.03569427 -0.01511913 0.02611368 0.54117647 0.42352941 0.64313725
v 0.04416163 -0.00423198 0.02707886 0.54117647 0.42352941 0.64313725
v 0.04383068 -0.00665401 0.02675513 0.54117647 0.42352941 0.64313725
v 0.04464534 -0.00574875 0.02655131 0.54117647 0.42352941 0.64313725
v 0.04527670 -0.00538305 0.02628154 0.54117647 0.42352941 0.64313725
v 0.04635103 -0.00544300 0.02564009 0.54117647 0.42352941 0.64313725
v 0.04552110 -0.00423198 0.02635947 0.54117647 0.42352941 0.64313725
v 0.04491519 -0.00423198 0.02669518 0.54117647 0.42352941 0.64313725
v 0.04416163 -0.00302097 0.02723472 0.54117647 0.42352941 0.64313725
v 0.04416163 -0.00180995 0.02734863 0.54117647 0.42352941 0.64313725
v 0.04364229 -0.00740340 0.02665922 0.54117647 0.42352941 0.64313725
v 0.04416163 -0.00060493 0.02740258 0.54117647 0.42352941 0.64313725
v 0.04416163 0.00060009 0.02739659 0.54117647 0.42352941 0.64313725
v 0.04111175 -0.01086259 0.02660526 0.54117647 0.42352941 0.64313725
v 0.04182967 -0.01038898 0.02649136 0.54117647 0.42352941 0.64313725
v 0.04340298 -0.00821275 0.02654531 0.54117647 0.42352941 0.64313725
v 0.04298038 -0.00915398 0.02643141 0.54117647 0.42352941 0.64313725
v 0.04295492 -0.01028106 0.02601776 0.54117647 0.42352941 0.64313725
v 0.04063823 -0.01157002 0.02647937 0.54117647 0.42352941 0.64313725
v 0.03839792 -0.01312275 0.02652733 0.54117647 0.42352941 0.64313725
v 0.03938569 -0.01271508 0.02640743 0.54117647 0.42352941 0.64313725
v 0.04053131 -0.01270309 0.02598779 0.54117647 0.42352941 0.64313725
v 0.03690098 -0.01411794 0.02640743 0.54117647 0.42352941 0.64313725
v 0.03804151 -0.01381819 0.02626955 0.54117647 0.42352941 0.64313725
v 0.04516468 0.00181110 0.02683307 0.54117647 0.42352941 0.64313725
v 0.04506794 0.00302212 0.02677911 0.54117647 0.42352941 0.64313725
v 0.04491010 0.00423313 0.02669518 0.54117647 0.42352941 0.64313725
v 0.04480318 0.00493456 0.02663524 0.54117647 0.42352941 0.64313725
v 0.04465043 0.00574391 0.02655730 0.54117647 0.42352941 0.64313725
v 0.04444677 0.00664917 0.02644939 0.54117647 0.42352941 0.64313725
v 0.04409544 0.00783021 0.02629952 0.54117647 0.42352941 0.64313725
v 0.04339789 0.00821390 0.02653932 0.54117647 0.42352941 0.64313725
v 0.04298038 0.00916712 0.02643141 0.54117647 0.42352941 0.64313725
v 0.04150381 0.01005440 0.02676712 0.54117647 0.42352941 0.64313725
v 0.04386632 0.01028221 0.02557414 0.54117647 0.42352941 0.64313725
v 0.04295492 0.01028221 0.02602975 0.54117647 0.42352941 0.64313725
v 0.04288873 0.01140930 0.02558613 0.54117647 0.42352941 0.64313725
v 0.04183985 0.01039013 0.02649735 0.54117647 0.42352941 0.64313725
v 0.04111175 0.01086374 0.02660526 0.54117647 0.42352941 0.64313725
v 0.04030219 0.01122345 0.02675513 0.54117647 0.42352941 0.64313725
v 0.03983885 0.01202680 0.02658728 0.54117647 0.42352941 0.64313725
v 0.03903437 0.01232056 0.02672516 0.54117647 0.42352941 0.64313725
v 0.03804660 0.01271624 0.02682707 0.54117647 0.42352941 0.64313725
v 0.03759854 0.01335771 0.02664123 0.54117647 0.42352941 0.64313725
v 0.03690098 0.01351958 0.02672516 0.54117647 0.42352941 0.64313725
v 0.03690098 0.01412509 0.02640743 0.54117647 0.42352941 0.64313725
v 0.03697736 0.01522220 0.02577797 0.54117647 0.42352941 0.64313725
v 0.03662603 0.01585768 0.02549021 0.54117647 0.42352941 0.64313725
v 0.03569427 0.01662506 0.02520246 0.54117647 0.42352941 0.64313725
v 0.03448756 0.01618142 0.02570003 0.54117647 0.42352941 0.64313725
v 0.03327575 0.01531812 0.02638345 0.54117647 0.42352941 0.64313725
v 0.03206904 0.01540805 0.02643141 0.54117647 0.42352941 0.64313725
v 0.03085723 0.01543802 0.02645539 0.54117647 0.42352941 0.64313725
v 0.02843871 0.01476657 0.02675513 0.54117647 0.42352941 0.64313725
v 0.02964542 0.01543203 0.02644939 0.54117647 0.42352941 0.64313725
v 0.02722691 0.01466465 0.02670118 0.54117647 0.42352941 0.64313725
v 0.02644280 0.01457472 0.02664723 0.54117647 0.42352941 0.64313725
v 0.02480839 0.01367546 0.02680909 0.54117647 0.42352941 0.64313725
v 0.02563832 0.01444283 0.02657529 0.54117647 0.42352941 0.64313725
v 0.02386644 0.01347162 0.02670118 0.54117647 0.42352941 0.64313725
v 0.02238987 0.01149323 0.02720475 0.54117647 0.42352941 0.64313725
v 0.02117806 0.01028221 0.02730067 0.54117647 0.42352941 0.64313725
v 0.02238987 0.01245245 0.02678511 0.54117647 0.42352941 0.64313725
v 0.02305687 0.01327378 0.02659927 0.54117647 0.42352941 0.64313725
v 0.01996116 0.01028821 0.02685705 0.54117647 0.42352941 0.64313725
v 0.01784814 0.00786018 0.02676113 0.54117647 0.42352941 0.64313725
v 0.01876463 0.00901724 0.02681508 0.54117647 0.42352941 0.64313725
v 0.01807217 0.00857960 0.02665322 0.54117647 0.42352941 0.64313725
v 0.01917196 0.00988654 0.02670118 0.54117647 0.42352941 0.64313725
v 0.01621882 0.00312404 0.02692299 0.54117647 0.42352941 0.64313725
v 0.01633593 0.00181110 0.02710284 0.54117647 0.42352941 0.64313725
v 0.01644285 0.00423313 0.02688103 0.54117647 0.42352941 0.64313725
v 0.01633593 0.00060009 0.02715080 0.54117647 0.42352941 0.64313725
v 0.01633593 -0.00060493 0.02715679 0.54117647 0.42352941 0.64313725
v 0.01664652 0.00544415 0.02677312 0.54117647 0.42352941 0.64313725
v 0.01681963 0.00630745 0.02668319 0.54117647 0.42352941 0.64313725
v 0.01633593 -0.00180995 0.02710284 0.54117647 0.42352941 0.64313725
v 0.01622392 -0.00311689 0.02691699 0.54117647 0.42352941 0.64313725
v 0.01701821 0.00711679 0.02658128 0.54117647 0.42352941 0.64313725
v 0.01643776 -0.00423198 0.02688103 0.54117647 0.42352941 0.64313725
v 0.01664652 -0.00544300 0.02677312 0.54117647 0.42352941 0.64313725
v 0.01682473 -0.00630030 0.02667720 0.54117647 0.42352941 0.64313725
v 0.01701821 -0.00710365 0.02658128 0.54117647 0.42352941 0.64313725
v 0.01724224 -0.00785903 0.02647337 0.54117647 0.42352941 0.64313725
v 0.01761902 -0.00901609 0.02628154 0.54117647 0.42352941 0.64313725
v 0.01749682 -0.01031703 0.02573600 0.54117647 0.42352941 0.64313725
v 0.01877482 -0.01028106 0.02635348 0.54117647 0.42352941 0.64313725
v 0.01868317 -0.01156402 0.02577797 0.54117647 0.42352941 0.64313725
v 0.01903449 -0.01239734 0.02555616 0.54117647 0.42352941 0.64313725
v 0.01949273 -0.01320069 0.02535233 0.54117647 0.42352941 0.64313725
v 0.02030230 -0.01351843 0.02552019 0.54117647 0.42352941 0.64313725
v 0.02122898 -0.01392011 0.02565207 0.54117647 0.42352941 0.64313725
v 0.02166686 -0.01458556 0.02544825 0.54117647 0.42352941 0.64313725
v 0.02238987 -0.01478340 0.02556815 0.54117647 0.42352941 0.64313725
v 0.02325544 -0.01561073 0.02534034 0.54117647 0.42352941 0.64313725
v 0.02363222 -0.01624621 0.02502861 0.54117647 0.42352941 0.64313725
v 0.02480839 -0.01652799 0.02513651 0.54117647 0.42352941 0.64313725
v 0.02601510 -0.01671983 0.02526840 0.54117647 0.42352941 0.64313725
v 0.02722691 -0.01686371 0.02535832 0.54117647 0.42352941 0.64313725
v 0.02722691 -0.01754116 0.02489072 0.54117647 0.42352941 0.64313725
v 0.02836743 -0.01744524 0.02507656 0.54117647 0.42352941 0.64313725
v 0.02964542 -0.01701359 0.02546024 0.54117647 0.42352941 0.64313725
v 0.02843871 -0.01840446 0.02439315 0.54117647 0.42352941 0.64313725
v 0.02964542 -0.01761910 0.02503460 0.54117647 0.42352941 0.64313725
v 0.03085723 -0.01701958 0.02546024 0.54117647 0.42352941 0.64313725
v 0.03206904 -0.01698961 0.02544225 0.54117647 0.42352941 0.64313725
v 0.03206904 -0.01633015 0.02585590 0.54117647 0.42352941 0.64313725
v 0.03279205 -0.01695963 0.02542427 0.54117647 0.42352941 0.64313725
v 0.03322483 -0.01642007 0.02570603 0.54117647 0.42352941 0.64313725
v 0.03448756 -0.01618027 0.02568804 0.54117647 0.42352941 0.64313725
v 0.03696208 -0.01521505 0.02577197 0.54117647 0.42352941 0.64313725
v 0.03448756 -0.01678578 0.02530437 0.54117647 0.42352941 0.64313725
v 0.03569427 -0.01661192 0.02519646 0.54117647 0.42352941 0.64313725
v 0.03660058 -0.01585054 0.02548422 0.54117647 0.42352941 0.64313725
v 0.04443658 -0.00665401 0.02644340 0.54117647 0.42352941 0.64313725
v 0.04537344 -0.00665401 0.02593383 0.54117647 0.42352941 0.64313725
v 0.04695693 -0.00544300 0.02525641 0.54117647 0.42352941 0.64313725
v 0.04709950 -0.00449577 0.02535233 0.54117647 0.42352941 0.64313725
v 0.04665144 -0.00414805 0.02568804 0.54117647 0.42352941 0.64313725
v 0.04612191 -0.00665401 0.02549621 0.54117647 0.42352941 0.64313725
v 0.04566366 -0.00302097 0.02644340 0.54117647 0.42352941 0.64313725
v 0.04505776 -0.00302097 0.02677312 0.54117647 0.42352941 0.64313725
v 0.04516468 -0.00180995 0.02683307 0.54117647 0.42352941 0.64313725
v 0.04409035 -0.00782906 0.02629952 0.54117647 0.42352941 0.64313725
v 0.04521560 -0.00060493 0.02685705 0.54117647 0.42352941 0.64313725
v 0.04521051 0.00060009 0.02685705 0.54117647 0.42352941 0.64313725
v 0.04174311 -0.01149208 0.02607172 0.54117647 0.42352941 0.64313725
v 0.04288873 -0.01140215 0.02558613 0.54117647 0.42352941 0.64313725
v 0.04425328 -0.00914799 0.02578396 0.54117647 0.42352941 0.64313725
v 0.04497629 -0.00879427 0.02552618 0.54117647 0.42352941 0.64313725
v 0.04385614 -0.01028106 0.02556215 0.54117647 0.42352941 0.64313725
v 0.04471662 -0.00960361 0.02538230 0.54117647 0.42352941 0.64313725
v 0.04360155 -0.01094053 0.02543026 0.54117647 0.42352941 0.64313725
v 0.04164128 -0.01263715 0.02557414 0.54117647 0.42352941 0.64313725
v 0.03900382 -0.01468748 0.02550820 0.54117647 0.42352941 0.64313725
v 0.03937042 -0.01398605 0.02575998 0.54117647 0.42352941 0.64313725
v 0.04053131 -0.01357239 0.02555016 0.54117647 0.42352941 0.64313725
v 0.04117285 -0.01333858 0.02542427 0.54117647 0.42352941 0.64313725
v 0.03811279 -0.01491530 0.02564009 0.54117647 0.42352941 0.64313725
v 0.04577059 0.00181110 0.02650335 0.54117647 0.42352941 0.64313725
v 0.04566875 0.00302212 0.02644340 0.54117647 0.42352941 0.64313725
v 0.04551600 0.00423313 0.02635947 0.54117647 0.42352941 0.64313725
v 0.04527161 0.00537820 0.02628154 0.54117647 0.42352941 0.64313725
v 0.04537344 0.00664917 0.02593983 0.54117647 0.42352941 0.64313725
v 0.04599971 0.00730264 0.02542427 0.54117647 0.42352941 0.64313725
v 0.04537344 0.00777026 0.02562809 0.54117647 0.42352941 0.64313725
v 0.04497120 0.00879542 0.02552019 0.54117647 0.42352941 0.64313725
v 0.04425328 0.00914914 0.02578996 0.54117647 0.42352941 0.64313725
v 0.04472171 0.00960477 0.02538230 0.54117647 0.42352941 0.64313725
v 0.04447222 0.01028221 0.02524442 0.54117647 0.42352941 0.64313725
v 0.04361174 0.01095367 0.02543626 0.54117647 0.42352941 0.64313725
v 0.04244067 0.01219466 0.02545424 0.54117647 0.42352941 0.64313725
v 0.04174311 0.01149323 0.02607172 0.54117647 0.42352941 0.64313725
v 0.04063823 0.01157117 0.02647937 0.54117647 0.42352941 0.64313725
v 0.04053131 0.01270425 0.02599978 0.54117647 0.42352941 0.64313725
v 0.03939078 0.01271624 0.02641343 0.54117647 0.42352941 0.64313725
v 0.03840810 0.01312990 0.02653332 0.54117647 0.42352941 0.64313725
v 0.03804660 0.01381934 0.02626955 0.54117647 0.42352941 0.64313725
v 0.03811279 0.01492244 0.02564009 0.54117647 0.42352941 0.64313725
v 0.03743051 0.01569581 0.02538830 0.54117647 0.42352941 0.64313725
v 0.03697736 0.01628933 0.02511853 0.54117647 0.42352941 0.64313725
v 0.03448756 0.01678693 0.02531036 0.54117647 0.42352941 0.64313725
v 0.03690098 0.01729651 0.02445310 0.54117647 0.42352941 0.64313725
v 0.03562808 0.01760826 0.02453103 0.54117647 0.42352941 0.64313725
v 0.03360671 0.01688285 0.02537031 0.54117647 0.42352941 0.64313725
v 0.03322992 0.01642122 0.02571202 0.54117647 0.42352941 0.64313725
v 0.03279714 0.01696078 0.02542427 0.54117647 0.42352941 0.64313725
v 0.03206904 0.01633130 0.02586789 0.54117647 0.42352941 0.64313725
v 0.03085723 0.01633130 0.02590386 0.54117647 0.42352941 0.64313725
v 0.02964542 0.01633130 0.02589786 0.54117647 0.42352941 0.64313725
v 0.02843871 0.01537208 0.02641343 0.54117647 0.42352941 0.64313725
v 0.02722691 0.01527016 0.02635348 0.54117647 0.42352941 0.64313725
v 0.02603037 0.01503635 0.02631151 0.54117647 0.42352941 0.64313725
v 0.02480839 0.01428096 0.02649136 0.54117647 0.42352941 0.64313725
v 0.02480839 0.01512028 0.02601776 0.54117647 0.42352941 0.64313725
v 0.02351511 0.01389128 0.02638945 0.54117647 0.42352941 0.64313725
v 0.02163631 0.01220065 0.02666521 0.54117647 0.42352941 0.64313725
v 0.02120861 0.01148724 0.02682707 0.54117647 0.42352941 0.64313725
v 0.02036340 0.01108556 0.02670118 0.54117647 0.42352941 0.64313725
v 0.02238987 0.01305796 0.02649735 0.54117647 0.42352941 0.64313725
v 0.02238987 0.01479055 0.02556815 0.54117647 0.42352941 0.64313725
v 0.02238987 0.01390927 0.02605373 0.54117647 0.42352941 0.64313725
v 0.01955383 0.01069588 0.02653932 0.54117647 0.42352941 0.64313725
v 0.01724224 0.00786018 0.02647337 0.54117647 0.42352941 0.64313725
v 0.01836749 0.00938295 0.02652133 0.54117647 0.42352941 0.64313725
v 0.01762411 0.00901724 0.02628753 0.54117647 0.42352941 0.64313725
v 0.01876463 0.01028821 0.02635947 0.54117647 0.42352941 0.64313725
v 0.01574021 0.00359765 0.02661126 0.54117647 0.42352941 0.64313725
v 0.01565875 0.00278831 0.02665922 0.54117647 0.42352941 0.64313725
v 0.01558746 0.00181110 0.02670118 0.54117647 0.42352941 0.64313725
v 0.01554164 0.00060009 0.02672516 0.54117647 0.42352941 0.64313725
v 0.01583695 0.00423313 0.02656330 0.54117647 0.42352941 0.64313725
v 0.01553655 -0.00060493 0.02673115 0.54117647 0.42352941 0.64313725
v 0.01604062 0.00544415 0.02644939 0.54117647 0.42352941 0.64313725
v 0.01638685 0.00669113 0.02635348 0.54117647 0.42352941 0.64313725
v 0.01558746 -0.00180995 0.02670118 0.54117647 0.42352941 0.64313725
v 0.01566384 -0.00277517 0.02665922 0.54117647 0.42352941 0.64313725
v 0.01574530 -0.00357851 0.02661126 0.54117647 0.42352941 0.64313725
v 0.01633593 0.00786018 0.02599978 0.54117647 0.42352941 0.64313725
v 0.01583186 -0.00423198 0.02656330 0.54117647 0.42352941 0.64313725
v 0.01604062 -0.00544300 0.02644939 0.54117647 0.42352941 0.64313725
v 0.01638685 -0.00668399 0.02634748 0.54117647 0.42352941 0.64313725
v 0.01633593 -0.00785903 0.02599378 0.54117647 0.42352941 0.64313725
v 0.01634611 -0.00899211 0.02563409 0.54117647 0.42352941 0.64313725
v 0.01675853 -0.00993335 0.02550820 0.54117647 0.42352941 0.64313725
v 0.01705894 -0.01074269 0.02534634 0.54117647 0.42352941 0.64313725
v 0.01786851 -0.01121031 0.02555016 0.54117647 0.42352941 0.64313725
v 0.01823001 -0.01201366 0.02537031 0.54117647 0.42352941 0.64313725
v 0.01868317 -0.01276305 0.02520845 0.54117647 0.42352941 0.64313725
v 0.01872390 -0.01395608 0.02457899 0.54117647 0.42352941 0.64313725
v 0.01910577 -0.01472345 0.02432121 0.54117647 0.42352941 0.64313725
v 0.01992552 -0.01392011 0.02514251 0.54117647 0.42352941 0.64313725
v 0.02085729 -0.01432777 0.02529838 0.54117647 0.42352941 0.64313725
v 0.02122898 -0.01504119 0.02501062 0.54117647 0.42352941 0.64313725
v 0.02238987 -0.01538891 0.02520246 0.54117647 0.42352941 0.64313725
v 0.02238987 -0.01639010 0.02455501 0.54117647 0.42352941 0.64313725
v 0.02279720 -0.01703157 0.02426726 0.54117647 0.42352941 0.64313725
v 0.02359658 -0.01719944 0.02438116 0.54117647 0.42352941 0.64313725
v 0.02480839 -0.01741526 0.02453103 0.54117647 0.42352941 0.64313725
v 0.02593363 -0.01765507 0.02460896 0.54117647 0.42352941 0.64313725
v 0.02628496 -0.01823060 0.02426126 0.54117647 0.42352941 0.64313725
v 0.02722691 -0.01832053 0.02433320 0.54117647 0.42352941 0.64313725
v 0.03085723 -0.01762509 0.02504060 0.54117647 0.42352941 0.64313725
v 0.02964542 -0.01845242 0.02442912 0.54117647 0.42352941 0.64313725
v 0.02843871 -0.01900997 0.02391955 0.54117647 0.42352941 0.64313725
v 0.03206904 -0.01759512 0.02501662 0.54117647 0.42352941 0.64313725
v 0.03359652 -0.01688170 0.02537031 0.54117647 0.42352941 0.64313725
v 0.03206904 -0.01843443 0.02441713 0.54117647 0.42352941 0.64313725
v 0.03327575 -0.01836249 0.02436317 0.54117647 0.42352941 0.64313725
v 0.03322483 -0.01743325 0.02503460 0.54117647 0.42352941 0.64313725
v 0.03740505 -0.01568267 0.02538230 0.54117647 0.42352941 0.64313725
v 0.03448756 -0.01754116 0.02478282 0.54117647 0.42352941 0.64313725
v 0.03519529 -0.01817664 0.02421930 0.54117647 0.42352941 0.64313725
v 0.03696208 -0.01628818 0.02510654 0.54117647 0.42352941 0.64313725
v 0.03563317 -0.01760711 0.02452504 0.54117647 0.42352941 0.64313725
v 0.03690098 -0.01729536 0.02444710 0.54117647 0.42352941 0.64313725
v 0.04537344 -0.00775712 0.02562809 0.54117647 0.42352941 0.64313725
v 0.04598953 -0.00728950 0.02541827 0.54117647 0.42352941 0.64313725
v 0.04672781 -0.00665401 0.02510654 0.54117647 0.42352941 0.64313725
v 0.04762394 -0.00665401 0.02450106 0.54117647 0.42352941 0.64313725
v 0.04836731 -0.00594059 0.02417134 0.54117647 0.42352941 0.64313725
v 0.04789379 -0.00549695 0.02460297 0.54117647 0.42352941 0.64313725
v 0.04767994 -0.00414805 0.02501062 0.54117647 0.42352941 0.64313725
v 0.04720133 -0.00368643 0.02541827 0.54117647 0.42352941 0.64313725
v 0.04848442 -0.00513125 0.02426126 0.54117647 0.42352941 0.64313725
v 0.04658015 -0.00302097 0.02588588 0.54117647 0.42352941 0.64313725
v 0.04577059 -0.00180995 0.02650335 0.54117647 0.42352941 0.64313725
v 0.04582150 -0.00060493 0.02653332 0.54117647 0.42352941 0.64313725
v 0.04581641 0.00060009 0.02652733 0.54117647 0.42352941 0.64313725
v 0.04244576 -0.01219351 0.02545424 0.54117647 0.42352941 0.64313725
v 0.04325532 -0.01174987 0.02525042 0.54117647 0.42352941 0.64313725
v 0.04578077 -0.00809284 0.02529238 0.54117647 0.42352941 0.64313725
v 0.04537344 -0.00914799 0.02516049 0.54117647 0.42352941 0.64313725
v 0.04446204 -0.01028106 0.02523843 0.54117647 0.42352941 0.64313725
v 0.04546509 -0.01035900 0.02463294 0.54117647 0.42352941 0.64313725
v 0.04619319 -0.01001128 0.02433919 0.54117647 0.42352941 0.64313725
v 0.04406998 -0.01140215 0.02496866 0.54117647 0.42352941 0.64313725
v 0.03811279 -0.01552080 0.02528039 0.54117647 0.42352941 0.64313725
v 0.03937042 -0.01510114 0.02512452 0.54117647 0.42352941 0.64313725
v 0.03980830 -0.01444168 0.02536432 0.54117647 0.42352941 0.64313725
v 0.04198242 -0.01300285 0.02524442 0.54117647 0.42352941 0.64313725
v 0.04053131 -0.01417790 0.02522044 0.54117647 0.42352941 0.64313725
v 0.04164128 -0.01380620 0.02495667 0.54117647 0.42352941 0.64313725
v 0.04658015 0.00060009 0.02605973 0.54117647 0.42352941 0.64313725
v 0.04658015 0.00181110 0.02600577 0.54117647 0.42352941 0.64313725
v 0.04658015 0.00302212 0.02589786 0.54117647 0.42352941 0.64313725
v 0.04665144 0.00415520 0.02569404 0.54117647 0.42352941 0.64313725
v 0.04635103 0.00544415 0.02564009 0.54117647 0.42352941 0.64313725
v 0.04613209 0.00664917 0.02550220 0.54117647 0.42352941 0.64313725
v 0.04737445 0.00786018 0.02432720 0.54117647 0.42352941 0.64313725
v 0.04722170 0.00853164 0.02421930 0.54117647 0.42352941 0.64313725
v 0.04578077 0.00811198 0.02529238 0.54117647 0.42352941 0.64313725
v 0.04673799 0.00664917 0.02511253 0.54117647 0.42352941 0.64313725
v 0.04762903 0.00664917 0.02450705 0.54117647 0.42352941 0.64313725
v 0.04537344 0.00914914 0.02516049 0.54117647 0.42352941 0.64313725
v 0.04618810 0.01001843 0.02433320 0.54117647 0.42352941 0.64313725
v 0.04547018 0.01036615 0.02463294 0.54117647 0.42352941 0.64313725
v 0.04593352 0.01082777 0.02417134 0.54117647 0.42352941 0.64313725
v 0.04506794 0.01149323 0.02437516 0.54117647 0.42352941 0.64313725
v 0.04407508 0.01140930 0.02496866 0.54117647 0.42352941 0.64313725
v 0.04325023 0.01175701 0.02525042 0.54117647 0.42352941 0.64313725
v 0.04288873 0.01263830 0.02499863 0.54117647 0.42352941 0.64313725
v 0.04199770 0.01299801 0.02525042 0.54117647 0.42352941 0.64313725
v 0.04119322 0.01335172 0.02543026 0.54117647 0.42352941 0.64313725
v 0.04165147 0.01263830 0.02558014 0.54117647 0.42352941 0.64313725
v 0.04053131 0.01358553 0.02555616 0.54117647 0.42352941 0.64313725
v 0.03937042 0.01398720 0.02576598 0.54117647 0.42352941 0.64313725
v 0.03899873 0.01468863 0.02550820 0.54117647 0.42352941 0.64313725
v 0.03811279 0.01552795 0.02528639 0.54117647 0.42352941 0.64313725
v 0.03811279 0.01633130 0.02477682 0.54117647 0.42352941 0.64313725
v 0.03872378 0.01693680 0.02420131 0.54117647 0.42352941 0.64313725
v 0.03811279 0.01706270 0.02428524 0.54117647 0.42352941 0.64313725
v 0.03518001 0.01817180 0.02421930 0.54117647 0.42352941 0.64313725
v 0.03448756 0.01754231 0.02478282 0.54117647 0.42352941 0.64313725
v 0.03690098 0.01790202 0.02401547 0.54117647 0.42352941 0.64313725
v 0.03598958 0.01805789 0.02412937 0.54117647 0.42352941 0.64313725
v 0.03322992 0.01743440 0.02503460 0.54117647 0.42352941 0.64313725
v 0.03206904 0.01699076 0.02544225 0.54117647 0.42352941 0.64313725
v 0.03327575 0.01836964 0.02436317 0.54117647 0.42352941 0.64313725
v 0.03206904 0.01843558 0.02441713 0.54117647 0.42352941 0.64313725
v 0.03206904 0.01759627 0.02502261 0.54117647 0.42352941 0.64313725
v 0.03085723 0.01702073 0.02546623 0.54117647 0.42352941 0.64313725
v 0.02964542 0.01701474 0.02546024 0.54117647 0.42352941 0.64313725
v 0.02871366 0.01697877 0.02543626 0.54117647 0.42352941 0.64313725
v 0.02836234 0.01644520 0.02574799 0.54117647 0.42352941 0.64313725
v 0.02722691 0.01626535 0.02574799 0.54117647 0.42352941 0.64313725
v 0.02601510 0.01612147 0.02565807 0.54117647 0.42352941 0.64313725
v 0.02480839 0.01592962 0.02553817 0.54117647 0.42352941 0.64313725
v 0.02362204 0.01518023 0.02570003 0.54117647 0.42352941 0.64313725
v 0.02403955 0.01579173 0.02544825 0.54117647 0.42352941 0.64313725
v 0.02083183 0.01188891 0.02652733 0.54117647 0.42352941 0.64313725
v 0.02120861 0.01264429 0.02630552 0.54117647 0.42352941 0.64313725
v 0.01996116 0.01148724 0.02636547 0.54117647 0.42352941 0.64313725
v 0.02122898 0.01392126 0.02565807 0.54117647 0.42352941 0.64313725
v 0.02166686 0.01458671 0.02544825 0.54117647 0.42352941 0.64313725
v 0.02322998 0.01561788 0.02534034 0.54117647 0.42352941 0.64313725
v 0.02238987 0.01539606 0.02520845 0.54117647 0.42352941 0.64313725
v 0.01868317 0.01156517 0.02577797 0.54117647 0.42352941 0.64313725
v 0.01634611 0.00899326 0.02563409 0.54117647 0.42352941 0.64313725
v 0.01749173 0.01032418 0.02574200 0.54117647 0.42352941 0.64313725
v 0.01675344 0.00994649 0.02551419 0.54117647 0.42352941 0.64313725
v 0.01785832 0.01120546 0.02555016 0.54117647 0.42352941 0.64313725
v 0.00911601 0.00331588 0.02296037 0.54117647 0.42352941 0.64313725
v 0.00911601 0.00302212 0.02299634 0.54117647 0.42352941 0.64313725
v 0.00911601 0.00277632 0.02302631 0.54117647 0.42352941 0.64313725
v 0.00911601 0.00193101 0.02312823 0.54117647 0.42352941 0.64313725
v 0.00911601 0.00181710 0.02314022 0.54117647 0.42352941 0.64313725
v 0.00911601 0.00060009 0.02320017 0.54117647 0.42352941 0.64313725
v 0.00911601 0.00413721 0.02282249 0.54117647 0.42352941 0.64313725
v 0.00911601 -0.00060493 0.02320017 0.54117647 0.42352941 0.64313725
v 0.00911601 0.00547412 0.02254073 0.54117647 0.42352941 0.64313725
v 0.00911601 0.00416719 0.02281649 0.54117647 0.42352941 0.64313725
v 0.00911601 0.00670312 0.02221700 0.54117647 0.42352941 0.64313725
v 0.01551618 0.00786018 0.02553817 0.54117647 0.42352941 0.64313725
v 0.00911601 -0.00183393 0.02314022 0.54117647 0.42352941 0.64313725
v 0.00911601 -0.00171403 0.02314621 0.54117647 0.42352941 0.64313725
v 0.00911601 -0.00302097 0.02300233 0.54117647 0.42352941 0.64313725
v 0.01569439 0.00853164 0.02543026 0.54117647 0.42352941 0.64313725
v 0.00911601 -0.00417203 0.02281649 0.54117647 0.42352941 0.64313725
v 0.00911601 -0.00544300 0.02254672 0.54117647 0.42352941 0.64313725
v 0.00911601 -0.00664802 0.02222300 0.54117647 0.42352941 0.64313725
v 0.01552127 -0.00785903 0.02553218 0.54117647 0.42352941 0.64313725
v 0.01568929 -0.00853648 0.02543026 0.54117647 0.42352941 0.64313725
v 0.01594897 -0.00934583 0.02528639 0.54117647 0.42352941 0.64313725
v 0.01634611 -0.01031703 0.02512452 0.54117647 0.42352941 0.64313725
v 0.01629520 -0.01151606 0.02456700 0.54117647 0.42352941 0.64313725
v 0.01749682 -0.01156402 0.02520246 0.54117647 0.42352941 0.64313725
v 0.01667198 -0.01240334 0.02435718 0.54117647 0.42352941 0.64313725
v 0.01748155 -0.01276305 0.02460896 0.54117647 0.42352941 0.64313725
v 0.01784305 -0.01358438 0.02435718 0.54117647 0.42352941 0.64313725
v 0.01830130 -0.01439372 0.02412338 0.54117647 0.42352941 0.64313725
v 0.01872390 -0.01512513 0.02387759 0.54117647 0.42352941 0.64313725
v 0.01964548 -0.01552680 0.02406942 0.54117647 0.42352941 0.64313725
v 0.02001717 -0.01512513 0.02448307 0.54117647 0.42352941 0.64313725
v 0.02044996 -0.01580857 0.02424927 0.54117647 0.42352941 0.64313725
v 0.02117806 -0.01601240 0.02438715 0.54117647 0.42352941 0.64313725
v 0.02198763 -0.01683374 0.02412338 0.54117647 0.42352941 0.64313725
v 0.02238987 -0.01748121 0.02379366 0.54117647 0.42352941 0.64313725
v 0.02359658 -0.01780495 0.02394353 0.54117647 0.42352941 0.64313725
v 0.02480839 -0.01802077 0.02410539 0.54117647 0.42352941 0.64313725
v 0.02547539 -0.01812868 0.02418333 0.54117647 0.42352941 0.64313725
v 0.02593363 -0.01868024 0.02383562 0.54117647 0.42352941 0.64313725
v 0.02601510 -0.01954953 0.02314621 0.54117647 0.42352941 0.64313725
v 0.02722691 -0.01892603 0.02385361 0.54117647 0.42352941 0.64313725
v 0.03085723 -0.01845841 0.02443511 0.54117647 0.42352941 0.64313725
v 0.02964542 -0.01905793 0.02395552 0.54117647 0.42352941 0.64313725
v 0.02722691 -0.01966344 0.02324812 0.54117647 0.42352941 0.64313725
v 0.02843871 -0.01974137 0.02331407 0.54117647 0.42352941 0.64313725
v 0.03085723 -0.01906392 0.02396152 0.54117647 0.42352941 0.64313725
v 0.03206904 -0.01903395 0.02393754 0.54117647 0.42352941 0.64313725
v 0.03327575 -0.01896800 0.02388358 0.54117647 0.42352941 0.64313725
v 0.03448756 -0.01824859 0.02427925 0.54117647 0.42352941 0.64313725
v 0.03788367 -0.01709752 0.02430922 0.54117647 0.42352941 0.64313725
v 0.03821462 -0.01644405 0.02464493 0.54117647 0.42352941 0.64313725
v 0.03448756 -0.01885409 0.02379366 0.54117647 0.42352941 0.64313725
v 0.03448756 -0.01959749 0.02318818 0.54117647 0.42352941 0.64313725
v 0.03569427 -0.01945960 0.02307427 0.54117647 0.42352941 0.64313725
v 0.03563317 -0.01865026 0.02374570 0.54117647 0.42352941 0.64313725
v 0.03599977 -0.01805674 0.02412937 0.54117647 0.42352941 0.64313725
v 0.03690098 -0.01790087 0.02401547 0.54117647 0.42352941 0.64313725
v 0.04646814 -0.00775712 0.02495667 0.54117647 0.42352941 0.64313725
v 0.04736935 -0.00785903 0.02432121 0.54117647 0.42352941 0.64313725
v 0.04822984 -0.00665401 0.02407542 0.54117647 0.42352941 0.64313725
v 0.04980315 -0.00544300 0.02315221 0.54117647 0.42352941 0.64313725
v 0.04893248 -0.00549695 0.02382963 0.54117647 0.42352941 0.64313725
v 0.04908523 -0.00666600 0.02340999 0.54117647 0.42352941 0.64313725
v 0.04968095 -0.00627033 0.02305029 0.54117647 0.42352941 0.64313725
v 0.04859643 -0.00423198 0.02434519 0.54117647 0.42352941 0.64313725
v 0.04871863 -0.00302097 0.02443511 0.54117647 0.42352941 0.64313725
v 0.04786833 -0.00302097 0.02504060 0.54117647 0.42352941 0.64313725
v 0.04726243 -0.00302097 0.02546024 0.54117647 0.42352941 0.64313725
v 0.04920234 -0.00423198 0.02388358 0.54117647 0.42352941 0.64313725
v 0.04658015 -0.00180995 0.02600577 0.54117647 0.42352941 0.64313725
v 0.04658015 -0.00060493 0.02606572 0.54117647 0.42352941 0.64313725
v 0.04288873 -0.01263715 0.02499863 0.54117647 0.42352941 0.64313725
v 0.04362701 -0.01337455 0.02423728 0.54117647 0.42352941 0.64313725
v 0.04408017 -0.01260717 0.02438116 0.54117647 0.42352941 0.64313725
v 0.04480318 -0.01213955 0.02421930 0.54117647 0.42352941 0.64313725
v 0.04659034 -0.00898612 0.02446509 0.54117647 0.42352941 0.64313725
v 0.04721660 -0.00852449 0.02421930 0.54117647 0.42352941 0.64313725
v 0.04505776 -0.01149208 0.02436917 0.54117647 0.42352941 0.64313725
v 0.04592843 -0.01082063 0.02416534 0.54117647 0.42352941 0.64313725
v 0.04699766 -0.00932784 0.02406942 0.54117647 0.42352941 0.64313725
v 0.04659034 -0.01035900 0.02391955 0.54117647 0.42352941 0.64313725
v 0.03868814 -0.01692366 0.02418932 0.54117647 0.42352941 0.64313725
v 0.03932459 -0.01615029 0.02447708 0.54117647 0.42352941 0.64313725
v 0.04021563 -0.01589850 0.02431521 0.54117647 0.42352941 0.64313725
v 0.04058222 -0.01519707 0.02460297 0.54117647 0.42352941 0.64313725
v 0.04237957 -0.01454360 0.02421330 0.54117647 0.42352941 0.64313725
v 0.04284800 -0.01383018 0.02437516 0.54117647 0.42352941 0.64313725
v 0.04174311 -0.01477741 0.02435718 0.54117647 0.42352941 0.64313725
v 0.04739481 0.00060009 0.02554417 0.54117647 0.42352941 0.64313725
v 0.04739990 -0.00060493 0.02555016 0.54117647 0.42352941 0.64313725
v 0.04735408 0.00181110 0.02551419 0.54117647 0.42352941 0.64313725
v 0.04726752 0.00302212 0.02546024 0.54117647 0.42352941 0.64313725
v 0.04720642 0.00370556 0.02541827 0.54117647 0.42352941 0.64313725
v 0.04709950 0.00450891 0.02535233 0.54117647 0.42352941 0.64313725
v 0.04695184 0.00544415 0.02525641 0.54117647 0.42352941 0.64313725
v 0.04798035 0.00786018 0.02388958 0.54117647 0.42352941 0.64313725
v 0.04822984 0.00664917 0.02407542 0.54117647 0.42352941 0.64313725
v 0.04857098 0.00880741 0.02312223 0.54117647 0.42352941 0.64313725
v 0.04779196 0.00907120 0.02359583 0.54117647 0.42352941 0.64313725
v 0.04699257 0.00933499 0.02406343 0.54117647 0.42352941 0.64313725
v 0.04658524 0.00898727 0.02446509 0.54117647 0.42352941 0.64313725
v 0.04789379 0.00549211 0.02459697 0.54117647 0.42352941 0.64313725
v 0.04836222 0.00592975 0.02417134 0.54117647 0.42352941 0.64313725
v 0.04658524 0.01036615 0.02391955 0.54117647 0.42352941 0.64313725
v 0.04731844 0.01108556 0.02308626 0.54117647 0.42352941 0.64313725
v 0.04661579 0.01149323 0.02338001 0.54117647 0.42352941 0.64313725
v 0.04623901 0.01242847 0.02316420 0.54117647 0.42352941 0.64313725
v 0.04567384 0.01149323 0.02400947 0.54117647 0.42352941 0.64313725
v 0.04480827 0.01214070 0.02421930 0.54117647 0.42352941 0.64313725
v 0.04408526 0.01260832 0.02438116 0.54117647 0.42352941 0.64313725
v 0.04362701 0.01337570 0.02423728 0.54117647 0.42352941 0.64313725
v 0.04285818 0.01383133 0.02438116 0.54117647 0.42352941 0.64313725
v 0.04239484 0.01455674 0.02421930 0.54117647 0.42352941 0.64313725
v 0.04174311 0.01479055 0.02436317 0.54117647 0.42352941 0.64313725
v 0.04053131 0.01419104 0.02522044 0.54117647 0.42352941 0.64313725
v 0.03980830 0.01444283 0.02536432 0.54117647 0.42352941 0.64313725
v 0.03937042 0.01510230 0.02512452 0.54117647 0.42352941 0.64313725
v 0.03920240 0.01631931 0.02442912 0.54117647 0.42352941 0.64313725
v 0.03952826 0.01670899 0.02404545 0.54117647 0.42352941 0.64313725
v 0.03978793 0.01807588 0.02293040 0.54117647 0.42352941 0.64313725
v 0.03898346 0.01827372 0.02308626 0.54117647 0.42352941 0.64313725
v 0.03811279 0.01845956 0.02323613 0.54117647 0.42352941 0.64313725
v 0.03811279 0.01766821 0.02383562 0.54117647 0.42352941 0.64313725
v 0.03562808 0.01864541 0.02374570 0.54117647 0.42352941 0.64313725
v 0.03569427 0.01946675 0.02308027 0.54117647 0.42352941 0.64313725
v 0.03448756 0.01960463 0.02320017 0.54117647 0.42352941 0.64313725
v 0.03448756 0.01885524 0.02379966 0.54117647 0.42352941 0.64313725
v 0.03448756 0.01824974 0.02427325 0.54117647 0.42352941 0.64313725
v 0.03681443 0.01880129 0.02333805 0.54117647 0.42352941 0.64313725
v 0.03635618 0.01937682 0.02300233 0.54117647 0.42352941 0.64313725
v 0.03327575 0.01896915 0.02389557 0.54117647 0.42352941 0.64313725
v 0.03206904 0.01904109 0.02394953 0.54117647 0.42352941 0.64313725
v 0.03085723 0.01846556 0.02443511 0.54117647 0.42352941 0.64313725
v 0.03085723 0.01907107 0.02397351 0.54117647 0.42352941 0.64313725
v 0.03085723 0.01762624 0.02504060 0.54117647 0.42352941 0.64313725
v 0.02964542 0.01762025 0.02503460 0.54117647 0.42352941 0.64313725
v 0.02790409 0.01692481 0.02540029 0.54117647 0.42352941 0.64313725
v 0.02964542 0.01845956 0.02443511 0.54117647 0.42352941 0.64313725
v 0.02843871 0.01841160 0.02439315 0.54117647 0.42352941 0.64313725
v 0.02836234 0.01744639 0.02507656 0.54117647 0.42352941 0.64313725
v 0.02722691 0.01687086 0.02536432 0.54117647 0.42352941 0.64313725
v 0.02601510 0.01672697 0.02526840 0.54117647 0.42352941 0.64313725
v 0.02480839 0.01653513 0.02514850 0.54117647 0.42352941 0.64313725
v 0.02362204 0.01625336 0.02504060 0.54117647 0.42352941 0.64313725
v 0.02028194 0.01352558 0.02552618 0.54117647 0.42352941 0.64313725
v 0.01991534 0.01276420 0.02575399 0.54117647 0.42352941 0.64313725
v 0.01903958 0.01240449 0.02555616 0.54117647 0.42352941 0.64313725
v 0.02086238 0.01432892 0.02530437 0.54117647 0.42352941 0.64313725
v 0.02122898 0.01504234 0.02501062 0.54117647 0.42352941 0.64313725
v 0.02276665 0.01704472 0.02427325 0.54117647 0.42352941 0.64313725
v 0.02237459 0.01639724 0.02456700 0.54117647 0.42352941 0.64313725
v 0.02117806 0.01601955 0.02438715 0.54117647 0.42352941 0.64313725
v 0.01823510 0.01201481 0.02537031 0.54117647 0.42352941 0.64313725
v 0.01594897 0.00934098 0.02528639 0.54117647 0.42352941 0.64313725
v 0.01704876 0.01074983 0.02535233 0.54117647 0.42352941 0.64313725
v 0.01634611 0.01032418 0.02513052 0.54117647 0.42352941 0.64313725
v 0.00911601 0.00763237 0.02191726 0.54117647 0.42352941 0.64313725
v 0.00911601 -0.00757127 0.02192925 0.54117647 0.42352941 0.64313725
v 0.00911601 -0.00820076 0.02169545 0.54117647 0.42352941 0.64313725
v 0.00911601 -0.00907604 0.02134175 0.54117647 0.42352941 0.64313725
v 0.01555182 -0.01112638 0.02430922 0.54117647 0.42352941 0.64313725
v 0.01586241 -0.01193572 0.02411738 0.54117647 0.42352941 0.64313725
v 0.01629520 -0.01276305 0.02394353 0.54117647 0.42352941 0.64313725
v 0.01703857 -0.01321268 0.02414736 0.54117647 0.42352941 0.64313725
v 0.01748155 -0.01395608 0.02394953 0.54117647 0.42352941 0.64313725
v 0.01758847 -0.01510714 0.02329608 0.54117647 0.42352941 0.64313725
v 0.01802126 -0.01583255 0.02305629 0.54117647 0.42352941 0.64313725
v 0.01875954 -0.01610233 0.02324812 0.54117647 0.42352941 0.64313725
v 0.01937054 -0.01692966 0.02298435 0.54117647 0.42352941 0.64313725
v 0.01991025 -0.01636612 0.02361981 0.54117647 0.42352941 0.64313725
v 0.02017501 -0.01717546 0.02316420 0.54117647 0.42352941 0.64313725
v 0.02117806 -0.01661791 0.02397351 0.54117647 0.42352941 0.64313725
v 0.02124934 -0.01756514 0.02330807 0.54117647 0.42352941 0.64313725
v 0.02170250 -0.01818863 0.02302032 0.54117647 0.42352941 0.64313725
v 0.02238987 -0.01834451 0.02314022 0.54117647 0.42352941 0.64313725
v 0.02359658 -0.01858431 0.02333805 0.54117647 0.42352941 0.64313725
v 0.02432977 -0.01932171 0.02295438 0.54117647 0.42352941 0.64313725
v 0.02476256 -0.01884810 0.02343996 0.54117647 0.42352941 0.64313725
v 0.02513425 -0.01943562 0.02305629 0.54117647 0.42352941 0.64313725
v 0.02601510 -0.02015504 0.02261267 0.54117647 0.42352941 0.64313725
v 0.02722691 -0.02026894 0.02272057 0.54117647 0.42352941 0.64313725
v 0.02964542 -0.01978933 0.02335004 0.54117647 0.42352941 0.64313725
v 0.02843871 -0.02034688 0.02279251 0.54117647 0.42352941 0.64313725
v 0.03085723 -0.01979533 0.02335603 0.54117647 0.42352941 0.64313725
v 0.03206904 -0.01976535 0.02333205 0.54117647 0.42352941 0.64313725
v 0.03327575 -0.01970540 0.02327810 0.54117647 0.42352941 0.64313725
v 0.03821462 -0.01751718 0.02390157 0.54117647 0.42352941 0.64313725
v 0.03327575 -0.02030491 0.02275654 0.54117647 0.42352941 0.64313725
v 0.03448756 -0.02020300 0.02266063 0.54117647 0.42352941 0.64313725
v 0.03569427 -0.02006511 0.02253473 0.54117647 0.42352941 0.64313725
v 0.03634600 -0.01937567 0.02300233 0.54117647 0.42352941 0.64313725
v 0.03680934 -0.01880014 0.02333205 0.54117647 0.42352941 0.64313725
v 0.03811279 -0.01844642 0.02323014 0.54117647 0.42352941 0.64313725
v 0.04797526 -0.00785903 0.02388958 0.54117647 0.42352941 0.64313725
v 0.04877973 -0.00785903 0.02328409 0.54117647 0.42352941 0.64313725
v 0.04954347 -0.00707967 0.02293639 0.54117647 0.42352941 0.64313725
v 0.05040905 -0.00544300 0.02263065 0.54117647 0.42352941 0.64313725
v 0.05055671 -0.00423198 0.02276254 0.54117647 0.42352941 0.64313725
v 0.04995081 -0.00423198 0.02327810 0.54117647 0.42352941 0.64313725
v 0.05025121 -0.00676193 0.02241484 0.54117647 0.42352941 0.64313725
v 0.05093858 -0.00645018 0.02189328 0.54117647 0.42352941 0.64313725
v 0.04932453 -0.00302097 0.02397351 0.54117647 0.42352941 0.64313725
v 0.04940600 -0.00180995 0.02403945 0.54117647 0.42352941 0.64313725
v 0.04880010 -0.00180995 0.02449506 0.54117647 0.42352941 0.64313725
v 0.04795998 -0.00180995 0.02510055 0.54117647 0.42352941 0.64313725
v 0.04735408 -0.00180995 0.02552019 0.54117647 0.42352941 0.64313725
v 0.04318404 -0.01417790 0.02399749 0.54117647 0.42352941 0.64313725
v 0.04471662 -0.01446566 0.02295438 0.54117647 0.42352941 0.64313725
v 0.04510868 -0.01366231 0.02320017 0.54117647 0.42352941 0.64313725
v 0.04443149 -0.01294290 0.02400348 0.54117647 0.42352941 0.64313725
v 0.04622883 -0.01242732 0.02316420 0.54117647 0.42352941 0.64313725
v 0.04566366 -0.01149208 0.02400348 0.54117647 0.42352941 0.64313725
v 0.04535816 -0.01268511 0.02358384 0.54117647 0.42352941 0.64313725
v 0.04856079 -0.00880027 0.02311624 0.54117647 0.42352941 0.64313725
v 0.04836222 -0.00960361 0.02296037 0.54117647 0.42352941 0.64313725
v 0.04661070 -0.01148608 0.02337402 0.54117647 0.42352941 0.64313725
v 0.04731844 -0.01108441 0.02308626 0.54117647 0.42352941 0.64313725
v 0.04756283 -0.01028106 0.02326611 0.54117647 0.42352941 0.64313725
v 0.03932459 -0.01675580 0.02406942 0.54117647 0.42352941 0.64313725
v 0.03896309 -0.01826657 0.02308626 0.54117647 0.42352941 0.64313725
v 0.03935005 -0.01761310 0.02342797 0.54117647 0.42352941 0.64313725
v 0.04053131 -0.01725340 0.02322414 0.54117647 0.42352941 0.64313725
v 0.04058222 -0.01631216 0.02387159 0.54117647 0.42352941 0.64313725
v 0.04102011 -0.01564670 0.02414736 0.54117647 0.42352941 0.64313725
v 0.04390705 -0.01483136 0.02318818 0.54117647 0.42352941 0.64313725
v 0.04174311 -0.01538292 0.02397950 0.54117647 0.42352941 0.64313725
v 0.04264433 -0.01596444 0.02315221 0.54117647 0.42352941 0.64313725
v 0.04345390 -0.01564071 0.02293040 0.54117647 0.42352941 0.64313725
v 0.04800071 0.00060009 0.02513052 0.54117647 0.42352941 0.64313725
v 0.04800071 -0.00060493 0.02513052 0.54117647 0.42352941 0.64313725
v 0.04795489 0.00181110 0.02510055 0.54117647 0.42352941 0.64313725
v 0.04787342 0.00302212 0.02504659 0.54117647 0.42352941 0.64313725
v 0.04860153 0.00423313 0.02435118 0.54117647 0.42352941 0.64313725
v 0.04768503 0.00415520 0.02501062 0.54117647 0.42352941 0.64313725
v 0.04848442 0.00512641 0.02426126 0.54117647 0.42352941 0.64313725
v 0.04877973 0.00786018 0.02328409 0.54117647 0.42352941 0.64313725
v 0.04908523 0.00666715 0.02340999 0.54117647 0.42352941 0.64313725
v 0.04954347 0.00707482 0.02293639 0.54117647 0.42352941 0.64313725
v 0.04982861 0.00907120 0.02197121 0.54117647 0.42352941 0.64313725
v 0.04898340 0.00915513 0.02264264 0.54117647 0.42352941 0.64313725
v 0.04836222 0.00961076 0.02296037 0.54117647 0.42352941 0.64313725
v 0.04938564 0.00786018 0.02280450 0.54117647 0.42352941 0.64313725
v 0.04756283 0.01028221 0.02326611 0.54117647 0.42352941 0.64313725
v 0.04968095 0.00627148 0.02305029 0.54117647 0.42352941 0.64313725
v 0.04893248 0.00549211 0.02382963 0.54117647 0.42352941 0.64313725
v 0.04816874 0.01028221 0.02281050 0.54117647 0.42352941 0.64313725
v 0.04863208 0.01125942 0.02197121 0.54117647 0.42352941 0.64313725
v 0.04784797 0.01157716 0.02242683 0.54117647 0.42352941 0.64313725
v 0.04704349 0.01189490 0.02288244 0.54117647 0.42352941 0.64313725
v 0.04661579 0.01278218 0.02270259 0.54117647 0.42352941 0.64313725
v 0.04591315 0.01323781 0.02294838 0.54117647 0.42352941 0.64313725
v 0.04536325 0.01269225 0.02358384 0.54117647 0.42352941 0.64313725
v 0.04443149 0.01295005 0.02400348 0.54117647 0.42352941 0.64313725
v 0.04510868 0.01366347 0.02320017 0.54117647 0.42352941 0.64313725
v 0.04472171 0.01447281 0.02296037 0.54117647 0.42352941 0.64313725
v 0.04319932 0.01418504 0.02400348 0.54117647 0.42352941 0.64313725
v 0.04346408 0.01564785 0.02293639 0.54117647 0.42352941 0.64313725
v 0.04265451 0.01596559 0.02315221 0.54117647 0.42352941 0.64313725
v 0.04174311 0.01539006 0.02397950 0.54117647 0.42352941 0.64313725
v 0.04101501 0.01564785 0.02414736 0.54117647 0.42352941 0.64313725
v 0.04058222 0.01519822 0.02460297 0.54117647 0.42352941 0.64313725
v 0.04021054 0.01590564 0.02431521 0.54117647 0.42352941 0.64313725
v 0.04058222 0.01631931 0.02387759 0.54117647 0.42352941 0.64313725
v 0.04053131 0.01726054 0.02323014 0.54117647 0.42352941 0.64313725
v 0.04053131 0.01786605 0.02276853 0.54117647 0.42352941 0.64313725
v 0.04042438 0.01874733 0.02209111 0.54117647 0.42352941 0.64313725
v 0.03994577 0.01936483 0.02178537 0.54117647 0.42352941 0.64313725
v 0.03936024 0.01870537 0.02257670 0.54117647 0.42352941 0.64313725
v 0.03932459 0.01950871 0.02191127 0.54117647 0.42352941 0.64313725
v 0.03811279 0.01905908 0.02273856 0.54117647 0.42352941 0.64313725
v 0.03716066 0.01923893 0.02288843 0.54117647 0.42352941 0.64313725
v 0.03569427 0.02007225 0.02254672 0.54117647 0.42352941 0.64313725
v 0.03448756 0.02021014 0.02266662 0.54117647 0.42352941 0.64313725
v 0.03327575 0.02031206 0.02276254 0.54117647 0.42352941 0.64313725
v 0.03327575 0.01971255 0.02329009 0.54117647 0.42352941 0.64313725
v 0.03651402 0.02063579 0.02183933 0.54117647 0.42352941 0.64313725
v 0.03206904 0.01977849 0.02334404 0.54117647 0.42352941 0.64313725
v 0.02964542 0.01906507 0.02396751 0.54117647 0.42352941 0.64313725
v 0.03085723 0.01980247 0.02336802 0.54117647 0.42352941 0.64313725
v 0.02722691 0.01754231 0.02489072 0.54117647 0.42352941 0.64313725
v 0.02843871 0.01901711 0.02392555 0.54117647 0.42352941 0.64313725
v 0.02722691 0.01832168 0.02433320 0.54117647 0.42352941 0.64313725
v 0.02629514 0.01823175 0.02426126 0.54117647 0.42352941 0.64313725
v 0.02594382 0.01765022 0.02460896 0.54117647 0.42352941 0.64313725
v 0.02549066 0.01812983 0.02418333 0.54117647 0.42352941 0.64313725
v 0.02480839 0.01741641 0.02454302 0.54117647 0.42352941 0.64313725
v 0.02359658 0.01720659 0.02439315 0.54117647 0.42352941 0.64313725
v 0.01991534 0.01392126 0.02514850 0.54117647 0.42352941 0.64313725
v 0.01947237 0.01321383 0.02535832 0.54117647 0.42352941 0.64313725
v 0.02045505 0.01580373 0.02424927 0.54117647 0.42352941 0.64313725
v 0.02001717 0.01512628 0.02448307 0.54117647 0.42352941 0.64313725
v 0.02196217 0.01684088 0.02413537 0.54117647 0.42352941 0.64313725
v 0.02359658 0.01781209 0.02394953 0.54117647 0.42352941 0.64313725
v 0.02238987 0.01835165 0.02315221 0.54117647 0.42352941 0.64313725
v 0.02237459 0.01748236 0.02380565 0.54117647 0.42352941 0.64313725
v 0.02168722 0.01819578 0.02302631 0.54117647 0.42352941 0.64313725
v 0.02117806 0.01662506 0.02398550 0.54117647 0.42352941 0.64313725
v 0.01749173 0.01156517 0.02520246 0.54117647 0.42352941 0.64313725
v 0.01868317 0.01276420 0.02520845 0.54117647 0.42352941 0.64313725
v 0.01748155 0.01276420 0.02460896 0.54117647 0.42352941 0.64313725
v 0.00911601 0.00826186 0.02168346 0.54117647 0.42352941 0.64313725
v 0.01666689 0.01240449 0.02435718 0.54117647 0.42352941 0.64313725
v 0.01629520 0.01152321 0.02457300 0.54117647 0.42352941 0.64313725
v 0.01554673 0.01113352 0.02431521 0.54117647 0.42352941 0.64313725
v 0.00911601 0.00907719 0.02135374 0.54117647 0.42352941 0.64313725
v 0.00911601 -0.01032303 0.02077224 0.54117647 0.42352941 0.64313725
v 0.01556709 -0.01348846 0.02309825 0.54117647 0.42352941 0.64313725
v 0.01634611 -0.01390212 0.02333205 0.54117647 0.42352941 0.64313725
v 0.01675853 -0.01469348 0.02309825 0.54117647 0.42352941 0.64313725
v 0.01721169 -0.01549682 0.02283448 0.54117647 0.42352941 0.64313725
v 0.01752228 -0.01635413 0.02239685 0.54117647 0.42352941 0.64313725
v 0.01782777 -0.01717546 0.02196522 0.54117647 0.42352941 0.64313725
v 0.01875954 -0.01670784 0.02282249 0.54117647 0.42352941 0.64313725
v 0.01878500 -0.01756514 0.02217504 0.54117647 0.42352941 0.64313725
v 0.01920760 -0.01824259 0.02185731 0.54117647 0.42352941 0.64313725
v 0.01984915 -0.01756514 0.02271458 0.54117647 0.42352941 0.64313725
v 0.02089802 -0.01797881 0.02285846 0.54117647 0.42352941 0.64313725
v 0.02121879 -0.01873419 0.02236688 0.54117647 0.42352941 0.64313725
v 0.02153957 -0.01946560 0.02187530 0.54117647 0.42352941 0.64313725
v 0.02238987 -0.01965144 0.02204315 0.54117647 0.42352941 0.64313725
v 0.02238987 -0.01894402 0.02264264 0.54117647 0.42352941 0.64313725
v 0.02359658 -0.01918982 0.02285246 0.54117647 0.42352941 0.64313725
v 0.02369841 -0.02001115 0.02215706 0.54117647 0.42352941 0.64313725
v 0.02417193 -0.02057469 0.02178537 0.54117647 0.42352941 0.64313725
v 0.02476256 -0.01989125 0.02255871 0.54117647 0.42352941 0.64313725
v 0.02480839 -0.02066462 0.02186930 0.54117647 0.42352941 0.64313725
v 0.02601510 -0.02081450 0.02201318 0.54117647 0.42352941 0.64313725
v 0.02722691 -0.02092841 0.02211509 0.54117647 0.42352941 0.64313725
v 0.02964542 -0.02039484 0.02282848 0.54117647 0.42352941 0.64313725
v 0.02843871 -0.02100035 0.02218703 0.54117647 0.42352941 0.64313725
v 0.03085723 -0.02039484 0.02283448 0.54117647 0.42352941 0.64313725
v 0.03206904 -0.02037086 0.02281050 0.54117647 0.42352941 0.64313725
v 0.03327575 -0.02096438 0.02215106 0.54117647 0.42352941 0.64313725
v 0.03448756 -0.02086246 0.02205514 0.54117647 0.42352941 0.64313725
v 0.03569427 -0.02073057 0.02193524 0.54117647 0.42352941 0.64313725
v 0.03648856 -0.02062865 0.02183333 0.54117647 0.42352941 0.64313725
v 0.03682461 -0.01993321 0.02236088 0.54117647 0.42352941 0.64313725
v 0.03715557 -0.01923179 0.02288244 0.54117647 0.42352941 0.64313725
v 0.03811279 -0.01905193 0.02273257 0.54117647 0.42352941 0.64313725
v 0.04938054 -0.00785903 0.02280450 0.54117647 0.42352941 0.64313725
v 0.05008828 -0.00785903 0.02219902 0.54117647 0.42352941 0.64313725
v 0.05081638 -0.00725952 0.02177938 0.54117647 0.42352941 0.64313725
v 0.05108115 -0.00544300 0.02202517 0.54117647 0.42352941 0.64313725
v 0.05121862 -0.00423198 0.02215706 0.54117647 0.42352941 0.64313725
v 0.05067382 -0.00302097 0.02285846 0.54117647 0.42352941 0.64313725
v 0.05006791 -0.00302097 0.02336802 0.54117647 0.42352941 0.64313725
v 0.05215039 -0.00645018 0.02069430 0.54117647 0.42352941 0.64313725
v 0.05168705 -0.00544300 0.02144366 0.54117647 0.42352941 0.64313725
v 0.05014938 -0.00180995 0.02343397 0.54117647 0.42352941 0.64313725
v 0.04944673 -0.00060493 0.02406942 0.54117647 0.42352941 0.64313725
v 0.04884083 -0.00060493 0.02452504 0.54117647 0.42352941 0.64313725
v 0.04425328 -0.01519107 0.02275055 0.54117647 0.42352941 0.64313725
v 0.04492028 -0.01586253 0.02187530 0.54117647 0.42352941 0.64313725
v 0.04534289 -0.01509515 0.02212708 0.54117647 0.42352941 0.64313725
v 0.04612700 -0.01467549 0.02188729 0.54117647 0.42352941 0.64313725
v 0.04545490 -0.01400404 0.02276853 0.54117647 0.42352941 0.64313725
v 0.04591315 -0.01323067 0.02294239 0.54117647 0.42352941 0.64313725
v 0.04703331 -0.01188776 0.02288244 0.54117647 0.42352941 0.64313725
v 0.04661070 -0.01277504 0.02269659 0.54117647 0.42352941 0.64313725
v 0.04898340 -0.00914799 0.02263665 0.54117647 0.42352941 0.64313725
v 0.04965549 -0.00977148 0.02182134 0.54117647 0.42352941 0.64313725
v 0.04816874 -0.01028106 0.02280450 0.54117647 0.42352941 0.64313725
v 0.04901904 -0.01021512 0.02214507 0.54117647 0.42352941 0.64313725
v 0.04784797 -0.01157601 0.02242683 0.54117647 0.42352941 0.64313725
v 0.04863208 -0.01125827 0.02197121 0.54117647 0.42352941 0.64313725
v 0.03932459 -0.01950157 0.02190527 0.54117647 0.42352941 0.64313725
v 0.03935005 -0.01870422 0.02257070 0.54117647 0.42352941 0.64313725
v 0.03977266 -0.01806873 0.02292440 0.54117647 0.42352941 0.64313725
v 0.04053131 -0.01785890 0.02275654 0.54117647 0.42352941 0.64313725
v 0.04128996 -0.01703157 0.02305629 0.54117647 0.42352941 0.64313725
v 0.04171256 -0.01635413 0.02333805 0.54117647 0.42352941 0.64313725
v 0.04209953 -0.01676779 0.02286445 0.54117647 0.42352941 0.64313725
v 0.04301093 -0.01635413 0.02266662 0.54117647 0.42352941 0.64313725
v 0.04364229 -0.01700160 0.02182734 0.54117647 0.42352941 0.64313725
v 0.04409035 -0.01629417 0.02207313 0.54117647 0.42352941 0.64313725
v 0.04883574 0.00060009 0.02452504 0.54117647 0.42352941 0.64313725
v 0.04880010 0.00181110 0.02449506 0.54117647 0.42352941 0.64313725
v 0.04872373 0.00302212 0.02444111 0.54117647 0.42352941 0.64313725
v 0.04920743 0.00423313 0.02388958 0.54117647 0.42352941 0.64313725
v 0.05081638 0.00725468 0.02177938 0.54117647 0.42352941 0.64313725
v 0.05025121 0.00676308 0.02241484 0.54117647 0.42352941 0.64313725
v 0.05008828 0.00786018 0.02219902 0.54117647 0.42352941 0.64313725
v 0.05069418 0.00786018 0.02165948 0.54117647 0.42352941 0.64313725
v 0.05043451 0.00907120 0.02141968 0.54117647 0.42352941 0.64313725
v 0.04966058 0.00977862 0.02182734 0.54117647 0.42352941 0.64313725
v 0.04902413 0.01022226 0.02215106 0.54117647 0.42352941 0.64313725
v 0.04980824 0.00544415 0.02315221 0.54117647 0.42352941 0.64313725
v 0.05040905 0.00544415 0.02263065 0.54117647 0.42352941 0.64313725
v 0.05094367 0.00645133 0.02189328 0.54117647 0.42352941 0.64313725
v 0.04944164 0.01058797 0.02162950 0.54117647 0.42352941 0.64313725
v 0.04902413 0.01159515 0.02146165 0.54117647 0.42352941 0.64313725
v 0.04837750 0.01206277 0.02176139 0.54117647 0.42352941 0.64313725
v 0.04754756 0.01270425 0.02205514 0.54117647 0.42352941 0.64313725
v 0.04728280 0.01342366 0.02185132 0.54117647 0.42352941 0.64313725
v 0.04655469 0.01386130 0.02210310 0.54117647 0.42352941 0.64313725
v 0.04612700 0.01468264 0.02188729 0.54117647 0.42352941 0.64313725
v 0.04545490 0.01400519 0.02276853 0.54117647 0.42352941 0.64313725
v 0.04391214 0.01483851 0.02319417 0.54117647 0.42352941 0.64313725
v 0.04534798 0.01510230 0.02213308 0.54117647 0.42352941 0.64313725
v 0.04492538 0.01586967 0.02188129 0.54117647 0.42352941 0.64313725
v 0.04409544 0.01629532 0.02207912 0.54117647 0.42352941 0.64313725
v 0.04364738 0.01700874 0.02183333 0.54117647 0.42352941 0.64313725
v 0.04301602 0.01635528 0.02267262 0.54117647 0.42352941 0.64313725
v 0.04209953 0.01677494 0.02286445 0.54117647 0.42352941 0.64313725
v 0.04171765 0.01635528 0.02334404 0.54117647 0.42352941 0.64313725
v 0.04129505 0.01703872 0.02306228 0.54117647 0.42352941 0.64313725
v 0.04147326 0.01834566 0.02194124 0.54117647 0.42352941 0.64313725
v 0.04075025 0.01914900 0.02159354 0.54117647 0.42352941 0.64313725
v 0.04174311 0.01954468 0.02074226 0.54117647 0.42352941 0.64313725
v 0.04037347 0.01988041 0.02109596 0.54117647 0.42352941 0.64313725
v 0.03999160 0.02059982 0.02059839 0.54117647 0.42352941 0.64313725
v 0.03932459 0.02011422 0.02134775 0.54117647 0.42352941 0.64313725
v 0.03811279 0.01976051 0.02213308 0.54117647 0.42352941 0.64313725
v 0.03811279 0.02036602 0.02158754 0.54117647 0.42352941 0.64313725
v 0.03731850 0.02050390 0.02171943 0.54117647 0.42352941 0.64313725
v 0.03569427 0.02073771 0.02194124 0.54117647 0.42352941 0.64313725
v 0.03448756 0.02086961 0.02206713 0.54117647 0.42352941 0.64313725
v 0.03206904 0.02037801 0.02282249 0.54117647 0.42352941 0.64313725
v 0.03327575 0.02096553 0.02215706 0.54117647 0.42352941 0.64313725
v 0.03692135 0.02117536 0.02117989 0.54117647 0.42352941 0.64313725
v 0.03652420 0.02184082 0.02063435 0.54117647 0.42352941 0.64313725
v 0.03569427 0.02134322 0.02134775 0.54117647 0.42352941 0.64313725
v 0.03085723 0.02040798 0.02284647 0.54117647 0.42352941 0.64313725
v 0.02964542 0.01979648 0.02336203 0.54117647 0.42352941 0.64313725
v 0.02843871 0.01974852 0.02332006 0.54117647 0.42352941 0.64313725
v 0.02722691 0.01967058 0.02325412 0.54117647 0.42352941 0.64313725
v 0.02722691 0.01892719 0.02385960 0.54117647 0.42352941 0.64313725
v 0.02601510 0.01955068 0.02315221 0.54117647 0.42352941 0.64313725
v 0.02594382 0.01868139 0.02383562 0.54117647 0.42352941 0.64313725
v 0.02512407 0.01943677 0.02305629 0.54117647 0.42352941 0.64313725
v 0.02475747 0.01884925 0.02343996 0.54117647 0.42352941 0.64313725
v 0.02480839 0.01802192 0.02410539 0.54117647 0.42352941 0.64313725
v 0.01909050 0.01472460 0.02432720 0.54117647 0.42352941 0.64313725
v 0.01871881 0.01396322 0.02458498 0.54117647 0.42352941 0.64313725
v 0.01784305 0.01359152 0.02435718 0.54117647 0.42352941 0.64313725
v 0.02017501 0.01718260 0.02317019 0.54117647 0.42352941 0.64313725
v 0.01991025 0.01636727 0.02361981 0.54117647 0.42352941 0.64313725
v 0.01964548 0.01553394 0.02406942 0.54117647 0.42352941 0.64313725
v 0.02123916 0.01756629 0.02332006 0.54117647 0.42352941 0.64313725
v 0.02359658 0.01859146 0.02334404 0.54117647 0.42352941 0.64313725
v 0.02359658 0.01919697 0.02285246 0.54117647 0.42352941 0.64313725
v 0.02238987 0.01895716 0.02264864 0.54117647 0.42352941 0.64313725
v 0.02152938 0.01947274 0.02188129 0.54117647 0.42352941 0.64313725
v 0.02120352 0.01874134 0.02237287 0.54117647 0.42352941 0.64313725
v 0.02087765 0.01798595 0.02286445 0.54117647 0.42352941 0.64313725
v 0.01703857 0.01321383 0.02414736 0.54117647 0.42352941 0.64313725
v 0.01586241 0.01194286 0.02412338 0.54117647 0.42352941 0.64313725
v 0.00911601 0.01028821 0.02079622 0.54117647 0.42352941 0.64313725
v 0.00911601 -0.01141414 0.02018474 0.54117647 0.42352941 0.64313725
v 0.01594897 -0.01429780 0.02285246 0.54117647 0.42352941 0.64313725
v 0.00911601 -0.01243931 0.01957925 0.54117647 0.42352941 0.64313725
v 0.01624937 -0.01520306 0.02243882 0.54117647 0.42352941 0.64313725
v 0.01574530 -0.01571864 0.02176739 0.54117647 0.42352941 0.64313725
v 0.01654978 -0.01606636 0.02202517 0.54117647 0.42352941 0.64313725
v 0.01702330 -0.01687570 0.02173142 0.54117647 0.42352941 0.64313725
v 0.01747136 -0.01756514 0.02143767 0.54117647 0.42352941 0.64313725
v 0.01839804 -0.01797881 0.02164149 0.54117647 0.42352941 0.64313725
v 0.01876463 -0.01874618 0.02116790 0.54117647 0.42352941 0.64313725
v 0.01912614 -0.01949557 0.02070030 0.54117647 0.42352941 0.64313725
v 0.01996626 -0.01906992 0.02152160 0.54117647 0.42352941 0.64313725
v 0.01996626 -0.01846441 0.02204315 0.54117647 0.42352941 0.64313725
v 0.02073509 -0.01927975 0.02170744 0.54117647 0.42352941 0.64313725
v 0.02110678 -0.01999317 0.02120387 0.54117647 0.42352941 0.64313725
v 0.02238987 -0.02025695 0.02148563 0.54117647 0.42352941 0.64313725
v 0.02336237 -0.02044280 0.02165948 0.54117647 0.42352941 0.64313725
v 0.02376970 -0.02112025 0.02111994 0.54117647 0.42352941 0.64313725
v 0.02417702 -0.02178571 0.02057441 0.54117647 0.42352941 0.64313725
v 0.02480839 -0.02127013 0.02126981 0.54117647 0.42352941 0.64313725
v 0.02601510 -0.02142001 0.02141968 0.54117647 0.42352941 0.64313725
v 0.02722691 -0.02153391 0.02153359 0.54117647 0.42352941 0.64313725
v 0.02964542 -0.02104231 0.02222300 0.54117647 0.42352941 0.64313725
v 0.03085723 -0.02104831 0.02222899 0.54117647 0.42352941 0.64313725
v 0.02843871 -0.02160586 0.02160553 0.54117647 0.42352941 0.64313725
v 0.02964542 -0.02164782 0.02164749 0.54117647 0.42352941 0.64313725
v 0.03206904 -0.02102433 0.02220502 0.54117647 0.42352941 0.64313725
v 0.03206904 -0.02162984 0.02162950 0.54117647 0.42352941 0.64313725
v 0.03327575 -0.02156989 0.02156956 0.54117647 0.42352941 0.64313725
v 0.03448756 -0.02146797 0.02146764 0.54117647 0.42352941 0.64313725
v 0.03569427 -0.02133607 0.02133576 0.54117647 0.42352941 0.64313725
v 0.03729813 -0.02049676 0.02171343 0.54117647 0.42352941 0.64313725
v 0.03648347 -0.02183367 0.02062836 0.54117647 0.42352941 0.64313725
v 0.03729304 -0.02171377 0.02049647 0.54117647 0.42352941 0.64313725
v 0.03811279 -0.01974737 0.02212708 0.54117647 0.42352941 0.64313725
v 0.04982352 -0.00907005 0.02196522 0.54117647 0.42352941 0.64313725
v 0.05069418 -0.00785903 0.02165948 0.54117647 0.42352941 0.64313725
v 0.05202819 -0.00725353 0.02056841 0.54117647 0.42352941 0.64313725
v 0.05131027 -0.00785903 0.02105999 0.54117647 0.42352941 0.64313725
v 0.05182452 -0.00423198 0.02158155 0.54117647 0.42352941 0.64313725
v 0.05132554 -0.00302097 0.02225897 0.54117647 0.42352941 0.64313725
v 0.05075528 -0.00180995 0.02293040 0.54117647 0.42352941 0.64313725
v 0.05267482 -0.00678591 0.02000489 0.54117647 0.42352941 0.64313725
v 0.05331637 -0.00631229 0.01944737 0.54117647 0.42352941 0.64313725
v 0.05288867 -0.00544300 0.02018474 0.54117647 0.42352941 0.64313725
v 0.05228786 -0.00544300 0.02083818 0.54117647 0.42352941 0.64313725
v 0.05079092 -0.00060493 0.02296637 0.54117647 0.42352941 0.64313725
v 0.05018502 -0.00060493 0.02346394 0.54117647 0.42352941 0.64313725
v 0.05018502 0.00060009 0.02346394 0.54117647 0.42352941 0.64313725
v 0.04944164 0.00060009 0.02406942 0.54117647 0.42352941 0.64313725
v 0.04572476 -0.01548483 0.02160553 0.54117647 0.42352941 0.64313725
v 0.04444677 -0.01667187 0.02156956 0.54117647 0.42352941 0.64313725
v 0.04538871 -0.01634813 0.02118588 0.54117647 0.42352941 0.64313725
v 0.04660561 -0.01514911 0.02119188 0.54117647 0.42352941 0.64313725
v 0.04693657 -0.01421986 0.02158155 0.54117647 0.42352941 0.64313725
v 0.04654960 -0.01385416 0.02209711 0.54117647 0.42352941 0.64313725
v 0.04727261 -0.01341052 0.02184532 0.54117647 0.42352941 0.64313725
v 0.04753738 -0.01270309 0.02204915 0.54117647 0.42352941 0.64313725
v 0.04837750 -0.01206761 0.02176139 0.54117647 0.42352941 0.64313725
v 0.05089785 -0.00983743 0.02064634 0.54117647 0.42352941 0.64313725
v 0.05042942 -0.00907005 0.02141968 0.54117647 0.42352941 0.64313725
v 0.04943655 -0.01057483 0.02162950 0.54117647 0.42352941 0.64313725
v 0.05016975 -0.01020912 0.02113793 0.54117647 0.42352941 0.64313725
v 0.04901904 -0.01159400 0.02145565 0.54117647 0.42352941 0.64313725
v 0.03993559 -0.01936368 0.02177938 0.54117647 0.42352941 0.64313725
v 0.03811279 -0.02035287 0.02157555 0.54117647 0.42352941 0.64313725
v 0.03932459 -0.02010707 0.02134775 0.54117647 0.42352941 0.64313725
v 0.04041420 -0.01874618 0.02207912 0.54117647 0.42352941 0.64313725
v 0.04146816 -0.01833851 0.02194124 0.54117647 0.42352941 0.64313725
v 0.04178385 -0.01756514 0.02240284 0.54117647 0.42352941 0.64313725
v 0.04227264 -0.01809871 0.02173741 0.54117647 0.42352941 0.64313725
v 0.04295492 -0.01725340 0.02202517 0.54117647 0.42352941 0.64313725
v 0.04295492 -0.01785890 0.02153958 0.54117647 0.42352941 0.64313725
v 0.04410054 -0.01749320 0.02113193 0.54117647 0.42352941 0.64313725
v 0.04940600 0.00181110 0.02403945 0.54117647 0.42352941 0.64313725
v 0.04932963 0.00302212 0.02397950 0.54117647 0.42352941 0.64313725
v 0.04996099 0.00423313 0.02328409 0.54117647 0.42352941 0.64313725
v 0.05202819 0.00726667 0.02056841 0.54117647 0.42352941 0.64313725
v 0.05145283 0.00774628 0.02096407 0.54117647 0.42352941 0.64313725
v 0.05212493 0.00664917 0.02067032 0.54117647 0.42352941 0.64313725
v 0.05106587 0.00907120 0.02081420 0.54117647 0.42352941 0.64313725
v 0.05089785 0.00983858 0.02064634 0.54117647 0.42352941 0.64313725
v 0.05017993 0.01021627 0.02113793 0.54117647 0.42352941 0.64313725
v 0.05108624 0.00544415 0.02203116 0.54117647 0.42352941 0.64313725
v 0.05056180 0.00423313 0.02276254 0.54117647 0.42352941 0.64313725
v 0.05169214 0.00544415 0.02144966 0.54117647 0.42352941 0.64313725
v 0.05069418 0.01064792 0.02044252 0.54117647 0.42352941 0.64313725
v 0.04984897 0.01149323 0.02079022 0.54117647 0.42352941 0.64313725
v 0.04964531 0.01215869 0.02060438 0.54117647 0.42352941 0.64313725
v 0.04898340 0.01262031 0.02091012 0.54117647 0.42352941 0.64313725
v 0.04814837 0.01270425 0.02156956 0.54117647 0.42352941 0.64313725
v 0.04856588 0.01353157 0.02071229 0.54117647 0.42352941 0.64313725
v 0.04777159 0.01387929 0.02114991 0.54117647 0.42352941 0.64313725
v 0.04745082 0.01481453 0.02077823 0.54117647 0.42352941 0.64313725
v 0.04693657 0.01422701 0.02158754 0.54117647 0.42352941 0.64313725
v 0.04660561 0.01515026 0.02119188 0.54117647 0.42352941 0.64313725
v 0.04627975 0.01603154 0.02080221 0.54117647 0.42352941 0.64313725
v 0.04572985 0.01548598 0.02160553 0.54117647 0.42352941 0.64313725
v 0.04539890 0.01635528 0.02118588 0.54117647 0.42352941 0.64313725
v 0.04506285 0.01718260 0.02077224 0.54117647 0.42352941 0.64313725
v 0.04445186 0.01667302 0.02157555 0.54117647 0.42352941 0.64313725
v 0.04410562 0.01749435 0.02113793 0.54117647 0.42352941 0.64313725
v 0.04375430 0.01829170 0.02069430 0.54117647 0.42352941 0.64313725
v 0.04295492 0.01786605 0.02154558 0.54117647 0.42352941 0.64313725
v 0.04228283 0.01810585 0.02174341 0.54117647 0.42352941 0.64313725
v 0.04295492 0.01726054 0.02203116 0.54117647 0.42352941 0.64313725
v 0.04182458 0.01874733 0.02141369 0.54117647 0.42352941 0.64313725
v 0.04236938 0.01937083 0.02058040 0.54117647 0.42352941 0.64313725
v 0.04174311 0.02015019 0.02014877 0.54117647 0.42352941 0.64313725
v 0.04079607 0.02039599 0.02040055 0.54117647 0.42352941 0.64313725
v 0.04036837 0.02109742 0.01988499 0.54117647 0.42352941 0.64313725
v 0.03994068 0.02178086 0.01936344 0.54117647 0.42352941 0.64313725
v 0.03932459 0.02134921 0.02011280 0.54117647 0.42352941 0.64313725
v 0.03932459 0.02074371 0.02074226 0.54117647 0.42352941 0.64313725
v 0.03811279 0.02098351 0.02098206 0.54117647 0.42352941 0.64313725
v 0.03732868 0.02172091 0.02050846 0.54117647 0.42352941 0.64313725
v 0.03448756 0.02147511 0.02147364 0.54117647 0.42352941 0.64313725
v 0.03327575 0.02157104 0.02157555 0.54117647 0.42352941 0.64313725
v 0.03206904 0.02103147 0.02221700 0.54117647 0.42352941 0.64313725
v 0.03569427 0.02194273 0.02074226 0.54117647 0.42352941 0.64313725
v 0.03685007 0.02236839 0.01994494 0.54117647 0.42352941 0.64313725
v 0.03637146 0.02300987 0.01938142 0.54117647 0.42352941 0.64313725
v 0.03569427 0.02254824 0.02007683 0.54117647 0.42352941 0.64313725
v 0.02964542 0.02040199 0.02284047 0.54117647 0.42352941 0.64313725
v 0.03085723 0.02105545 0.02224098 0.54117647 0.42352941 0.64313725
v 0.02843871 0.02035402 0.02279851 0.54117647 0.42352941 0.64313725
v 0.02722691 0.02027609 0.02272657 0.54117647 0.42352941 0.64313725
v 0.02601510 0.02015619 0.02262466 0.54117647 0.42352941 0.64313725
v 0.02475747 0.01989240 0.02256471 0.54117647 0.42352941 0.64313725
v 0.02431959 0.01932286 0.02296037 0.54117647 0.42352941 0.64313725
v 0.01871881 0.01512628 0.02388358 0.54117647 0.42352941 0.64313725
v 0.01828602 0.01440087 0.02412937 0.54117647 0.42352941 0.64313725
v 0.01748155 0.01396322 0.02395552 0.54117647 0.42352941 0.64313725
v 0.01984915 0.01756629 0.02272057 0.54117647 0.42352941 0.64313725
v 0.01937054 0.01693081 0.02298435 0.54117647 0.42352941 0.64313725
v 0.01875954 0.01610948 0.02325412 0.54117647 0.42352941 0.64313725
v 0.02368823 0.02001230 0.02216305 0.54117647 0.42352941 0.64313725
v 0.02334200 0.02044995 0.02166548 0.54117647 0.42352941 0.64313725
v 0.02238987 0.01965859 0.02204315 0.54117647 0.42352941 0.64313725
v 0.02238987 0.02026410 0.02149162 0.54117647 0.42352941 0.64313725
v 0.02147847 0.02070174 0.02070030 0.54117647 0.42352941 0.64313725
v 0.02110169 0.02000031 0.02120387 0.54117647 0.42352941 0.64313725
v 0.02072491 0.01928090 0.02171343 0.54117647 0.42352941 0.64313725
v 0.01996626 0.01847155 0.02204915 0.54117647 0.42352941 0.64313725
v 0.01629520 0.01276420 0.02394353 0.54117647 0.42352941 0.64313725
v 0.01675344 0.01470062 0.02310425 0.54117647 0.42352941 0.64313725
v 0.01634611 0.01390327 0.02333805 0.54117647 0.42352941 0.64313725
v 0.01556200 0.01349560 0.02309825 0.54117647 0.42352941 0.64313725
v 0.00911601 0.01081578 0.02053244 0.54117647 0.42352941 0.64313725
v 0.00911601 -0.01302084 0.01919558 0.54117647 0.42352941 0.64313725
v 0.01561801 -0.01703757 0.02065234 0.54117647 0.42352941 0.64313725
v 0.01622392 -0.01641408 0.02155157 0.54117647 0.42352941 0.64313725
v 0.00911601 -0.01378222 0.01864405 0.54117647 0.42352941 0.64313725
v 0.00911601 -0.01398006 0.01850017 0.54117647 0.42352941 0.64313725
v 0.01643776 -0.01748121 0.02084418 0.54117647 0.42352941 0.64313725
v 0.01691128 -0.01817065 0.02058640 0.54117647 0.42352941 0.64313725
v 0.01754774 -0.01838647 0.02078423 0.54117647 0.42352941 0.64313725
v 0.01832166 -0.01924977 0.02046650 0.54117647 0.42352941 0.64313725
v 0.01996626 -0.01972938 0.02091611 0.54117647 0.42352941 0.64313725
v 0.01872390 -0.01998118 0.01998091 0.54117647 0.42352941 0.64313725
v 0.01912614 -0.02070059 0.01949532 0.54117647 0.42352941 0.64313725
v 0.01996626 -0.02033489 0.02033461 0.54117647 0.42352941 0.64313725
v 0.02067399 -0.02052074 0.02052045 0.54117647 0.42352941 0.64313725
v 0.02148356 -0.02069460 0.02069430 0.54117647 0.42352941 0.64313725
v 0.02238987 -0.02088045 0.02088014 0.54117647 0.42352941 0.64313725
v 0.02336746 -0.02165981 0.02044252 0.54117647 0.42352941 0.64313725
v 0.02370350 -0.02215141 0.02001089 0.54117647 0.42352941 0.64313725
v 0.02433996 -0.02295476 0.01931548 0.54117647 0.42352941 0.64313725
v 0.02480839 -0.02186964 0.02066433 0.54117647 0.42352941 0.64313725
v 0.02601510 -0.02201352 0.02081420 0.54117647 0.42352941 0.64313725
v 0.02722691 -0.02211544 0.02092810 0.54117647 0.42352941 0.64313725
v 0.03085723 -0.02165382 0.02165349 0.54117647 0.42352941 0.64313725
v 0.02843871 -0.02218738 0.02100004 0.54117647 0.42352941 0.64313725
v 0.02964542 -0.02222935 0.02104201 0.54117647 0.42352941 0.64313725
v 0.03206904 -0.02221136 0.02102402 0.54117647 0.42352941 0.64313725
v 0.03327575 -0.02215141 0.02096407 0.54117647 0.42352941 0.64313725
v 0.03448756 -0.02205549 0.02086216 0.54117647 0.42352941 0.64313725
v 0.03569427 -0.02193559 0.02073027 0.54117647 0.42352941 0.64313725
v 0.03811279 -0.02097037 0.02097007 0.54117647 0.42352941 0.64313725
v 0.03569427 -0.02254109 0.02005885 0.54117647 0.42352941 0.64313725
v 0.03633581 -0.02299673 0.01936943 0.54117647 0.42352941 0.64313725
v 0.03681443 -0.02236124 0.01993295 0.54117647 0.42352941 0.64313725
v 0.03811279 -0.02212743 0.01975311 0.54117647 0.42352941 0.64313725
v 0.03811279 -0.02157588 0.02035260 0.54117647 0.42352941 0.64313725
v 0.05106587 -0.00907005 0.02081420 0.54117647 0.42352941 0.64313725
v 0.05191108 -0.00785903 0.02044851 0.54117647 0.42352941 0.64313725
v 0.05246097 -0.00785903 0.01984303 0.54117647 0.42352941 0.64313725
v 0.05319417 -0.00712163 0.01930948 0.54117647 0.42352941 0.64313725
v 0.05241515 -0.00423198 0.02097606 0.54117647 0.42352941 0.64313725
v 0.05193145 -0.00302097 0.02168346 0.54117647 0.42352941 0.64313725
v 0.05199254 -0.00204376 0.02174341 0.54117647 0.42352941 0.64313725
v 0.05152412 -0.00170804 0.02221700 0.54117647 0.42352941 0.64313725
v 0.05202819 -0.00124042 0.02177938 0.54117647 0.42352941 0.64313725
v 0.05369824 -0.00668998 0.01884188 0.54117647 0.42352941 0.64313725
v 0.05444671 -0.00603652 0.01814048 0.54117647 0.42352941 0.64313725
v 0.05411575 -0.00555691 0.01869801 0.54117647 0.42352941 0.64313725
v 0.05342838 -0.00544300 0.01957925 0.54117647 0.42352941 0.64313725
v 0.05302105 -0.00423198 0.02032861 0.54117647 0.42352941 0.64313725
v 0.05203837 -0.00060493 0.02178537 0.54117647 0.42352941 0.64313725
v 0.05203837 0.00060009 0.02178537 0.54117647 0.42352941 0.64313725
v 0.05142228 0.00060009 0.02236688 0.54117647 0.42352941 0.64313725
v 0.05078583 0.00060009 0.02296037 0.54117647 0.42352941 0.64313725
v 0.05075019 0.00181110 0.02293040 0.54117647 0.42352941 0.64313725
v 0.05014429 0.00181110 0.02343397 0.54117647 0.42352941 0.64313725
v 0.04627975 -0.01602439 0.02079622 0.54117647 0.42352941 0.64313725
v 0.04505267 -0.01717546 0.02076624 0.54117647 0.42352941 0.64313725
v 0.04585714 -0.01683374 0.02047849 0.54117647 0.42352941 0.64313725
v 0.04744064 -0.01480738 0.02077823 0.54117647 0.42352941 0.64313725
v 0.04708422 -0.01561673 0.02048448 0.54117647 0.42352941 0.64313725
v 0.04776141 -0.01387214 0.02114991 0.54117647 0.42352941 0.64313725
v 0.04856588 -0.01352443 0.02071229 0.54117647 0.42352941 0.64313725
v 0.04814328 -0.01270309 0.02156956 0.54117647 0.42352941 0.64313725
v 0.04964531 -0.01215154 0.02059839 0.54117647 0.42352941 0.64313725
v 0.04898340 -0.01261317 0.02090412 0.54117647 0.42352941 0.64313725
v 0.05068909 -0.01064077 0.02044252 0.54117647 0.42352941 0.64313725
v 0.05139173 -0.01022111 0.01993295 0.54117647 0.42352941 0.64313725
v 0.05208419 -0.00979546 0.01941739 0.54117647 0.42352941 0.64313725
v 0.05167177 -0.00907005 0.02019073 0.54117647 0.42352941 0.64313725
v 0.04983879 -0.01149208 0.02078423 0.54117647 0.42352941 0.64313725
v 0.03998651 -0.02059867 0.02059839 0.54117647 0.42352941 0.64313725
v 0.04036328 -0.01987926 0.02109596 0.54117647 0.42352941 0.64313725
v 0.04074006 -0.01914785 0.02158754 0.54117647 0.42352941 0.64313725
v 0.03932459 -0.02073656 0.02074226 0.54117647 0.42352941 0.64313725
v 0.04174311 -0.01953754 0.02073627 0.54117647 0.42352941 0.64313725
v 0.04181949 -0.01874618 0.02140170 0.54117647 0.42352941 0.64313725
v 0.04235920 -0.01936368 0.02057441 0.54117647 0.42352941 0.64313725
v 0.04283781 -0.01871621 0.02086216 0.54117647 0.42352941 0.64313725
v 0.04374921 -0.01828456 0.02068831 0.54117647 0.42352941 0.64313725
v 0.04455878 -0.01798480 0.02042453 0.54117647 0.42352941 0.64313725
v 0.05007300 0.00302212 0.02337402 0.54117647 0.42352941 0.64313725
v 0.05067382 0.00302212 0.02286445 0.54117647 0.42352941 0.64313725
v 0.05319926 0.00712878 0.01930948 0.54117647 0.42352941 0.64313725
v 0.05238460 0.00774628 0.01998691 0.54117647 0.42352941 0.64313725
v 0.05187544 0.00807001 0.02041254 0.54117647 0.42352941 0.64313725
v 0.05280721 0.00669713 0.01989698 0.54117647 0.42352941 0.64313725
v 0.05228786 0.00544415 0.02084418 0.54117647 0.42352941 0.64313725
v 0.05289376 0.00544415 0.02018474 0.54117647 0.42352941 0.64313725
v 0.05331637 0.00631944 0.01944737 0.54117647 0.42352941 0.64313725
v 0.05167177 0.00907120 0.02019673 0.54117647 0.42352941 0.64313725
v 0.05208419 0.00980260 0.01942339 0.54117647 0.42352941 0.64313725
v 0.05139173 0.01022226 0.01993295 0.54117647 0.42352941 0.64313725
v 0.05122371 0.00423313 0.02215706 0.54117647 0.42352941 0.64313725
v 0.05182961 0.00423313 0.02158155 0.54117647 0.42352941 0.64313725
v 0.05188562 0.01060595 0.01920158 0.54117647 0.42352941 0.64313725
v 0.05105060 0.01149323 0.01960323 0.54117647 0.42352941 0.64313725
v 0.05086221 0.01217667 0.01940540 0.54117647 0.42352941 0.64313725
v 0.05044978 0.01149323 0.02020872 0.54117647 0.42352941 0.64313725
v 0.05012392 0.01257235 0.01987900 0.54117647 0.42352941 0.64313725
v 0.04937545 0.01296803 0.02035260 0.54117647 0.42352941 0.64313725
v 0.04826039 0.01434091 0.02044252 0.54117647 0.42352941 0.64313725
v 0.04790907 0.01525217 0.02005885 0.54117647 0.42352941 0.64313725
v 0.04708422 0.01561788 0.02048448 0.54117647 0.42352941 0.64313725
v 0.04672781 0.01648117 0.02008282 0.54117647 0.42352941 0.64313725
v 0.04586733 0.01684088 0.02048448 0.54117647 0.42352941 0.64313725
v 0.04550073 0.01764423 0.02005285 0.54117647 0.42352941 0.64313725
v 0.04455878 0.01798595 0.02042453 0.54117647 0.42352941 0.64313725
v 0.04512904 0.01842959 0.01962122 0.54117647 0.42352941 0.64313725
v 0.04417691 0.01875932 0.01996892 0.54117647 0.42352941 0.64313725
v 0.04378995 0.01951471 0.01951931 0.54117647 0.42352941 0.64313725
v 0.04317895 0.01909505 0.02032262 0.54117647 0.42352941 0.64313725
v 0.04284800 0.01871736 0.02087415 0.54117647 0.42352941 0.64313725
v 0.04277671 0.01985043 0.01984902 0.54117647 0.42352941 0.64313725
v 0.04237447 0.02058184 0.01937543 0.54117647 0.42352941 0.64313725
v 0.04174311 0.02074371 0.01954928 0.54117647 0.42352941 0.64313725
v 0.04075025 0.02159502 0.01915362 0.54117647 0.42352941 0.64313725
v 0.04041929 0.02209261 0.01875196 0.54117647 0.42352941 0.64313725
v 0.03978284 0.02293193 0.01807454 0.54117647 0.42352941 0.64313725
v 0.03935515 0.02257822 0.01871000 0.54117647 0.42352941 0.64313725
v 0.03932459 0.02191276 0.01950732 0.54117647 0.42352941 0.64313725
v 0.03811279 0.02158902 0.02036459 0.54117647 0.42352941 0.64313725
v 0.03811279 0.02213458 0.01975910 0.54117647 0.42352941 0.64313725
v 0.03717593 0.02288996 0.01924354 0.54117647 0.42352941 0.64313725
v 0.03448756 0.02206263 0.02087415 0.54117647 0.42352941 0.64313725
v 0.03327575 0.02215856 0.02097007 0.54117647 0.42352941 0.64313725
v 0.03206904 0.02163698 0.02163550 0.54117647 0.42352941 0.64313725
v 0.03682461 0.02333960 0.01880591 0.54117647 0.42352941 0.64313725
v 0.03599977 0.02413095 0.01806255 0.54117647 0.42352941 0.64313725
v 0.03563317 0.02375326 0.01865005 0.54117647 0.42352941 0.64313725
v 0.03569427 0.02308181 0.01947135 0.54117647 0.42352941 0.64313725
v 0.03448756 0.02320171 0.01960923 0.54117647 0.42352941 0.64313725
v 0.03448756 0.02266814 0.02020872 0.54117647 0.42352941 0.64313725
v 0.02964542 0.02104946 0.02223499 0.54117647 0.42352941 0.64313725
v 0.02843871 0.02100749 0.02219303 0.54117647 0.42352941 0.64313725
v 0.03085723 0.02165497 0.02165948 0.54117647 0.42352941 0.64313725
v 0.02964542 0.02165497 0.02165349 0.54117647 0.42352941 0.64313725
v 0.02722691 0.02092956 0.02212708 0.54117647 0.42352941 0.64313725
v 0.02601510 0.02082165 0.02201917 0.54117647 0.42352941 0.64313725
v 0.02480839 0.02067177 0.02188129 0.54117647 0.42352941 0.64313725
v 0.02414648 0.02058184 0.02179137 0.54117647 0.42352941 0.64313725
v 0.01801107 0.01583370 0.02306228 0.54117647 0.42352941 0.64313725
v 0.01758338 0.01510829 0.02330208 0.54117647 0.42352941 0.64313725
v 0.01919742 0.01824974 0.02186331 0.54117647 0.42352941 0.64313725
v 0.01875954 0.01671498 0.02282249 0.54117647 0.42352941 0.64313725
v 0.01877991 0.01756629 0.02218103 0.54117647 0.42352941 0.64313725
v 0.02373915 0.02112740 0.02112594 0.54117647 0.42352941 0.64313725
v 0.02333182 0.02166696 0.02045451 0.54117647 0.42352941 0.64313725
v 0.02238987 0.02088759 0.02088614 0.54117647 0.42352941 0.64313725
v 0.02238987 0.02149310 0.02026867 0.54117647 0.42352941 0.64313725
v 0.02110169 0.02120533 0.01999890 0.54117647 0.42352941 0.64313725
v 0.02067399 0.02052189 0.02052045 0.54117647 0.42352941 0.64313725
v 0.01996626 0.01973653 0.02092810 0.54117647 0.42352941 0.64313725
v 0.01996626 0.01907706 0.02153359 0.54117647 0.42352941 0.64313725
v 0.01594388 0.01429895 0.02285246 0.54117647 0.42352941 0.64313725
v 0.01720660 0.01550397 0.02284047 0.54117647 0.42352941 0.64313725
v 0.01624428 0.01521021 0.02244481 0.54117647 0.42352941 0.64313725
v 0.00911601 0.01245245 0.01958525 0.54117647 0.42352941 0.64313725
v 0.00911601 0.01137932 0.02022071 0.54117647 0.42352941 0.64313725
v 0.00911601 -0.01514311 0.01756497 0.54117647 0.42352941 0.64313725
v 0.01610172 -0.01784691 0.02030464 0.54117647 0.42352941 0.64313725
v 0.01648868 -0.01863827 0.01985502 0.54117647 0.42352941 0.64313725
v 0.01687564 -0.01940565 0.01940540 0.54117647 0.42352941 0.64313725
v 0.01754774 -0.01899198 0.02022670 0.54117647 0.42352941 0.64313725
v 0.01754774 -0.01962147 0.01962122 0.54117647 0.42352941 0.64313725
v 0.01832166 -0.02046678 0.01924954 0.54117647 0.42352941 0.64313725
v 0.01876463 -0.02116821 0.01874597 0.54117647 0.42352941 0.64313725
v 0.01921269 -0.02185765 0.01824239 0.54117647 0.42352941 0.64313725
v 0.01996626 -0.02152792 0.01906969 0.54117647 0.42352941 0.64313725
v 0.01996626 -0.02092241 0.01972913 0.54117647 0.42352941 0.64313725
v 0.02072491 -0.02171377 0.01928551 0.54117647 0.42352941 0.64313725
v 0.02110169 -0.02120418 0.01999290 0.54117647 0.42352941 0.64313725
v 0.02152938 -0.02188163 0.01947135 0.54117647 0.42352941 0.64313725
v 0.02238987 -0.02148595 0.02025668 0.54117647 0.42352941 0.64313725
v 0.02238987 -0.02204350 0.01965119 0.54117647 0.42352941 0.64313725
v 0.02359658 -0.02284685 0.01918959 0.54117647 0.42352941 0.64313725
v 0.02359658 -0.02333845 0.01858410 0.54117647 0.42352941 0.64313725
v 0.02480839 -0.02409983 0.01801459 0.54117647 0.42352941 0.64313725
v 0.02476765 -0.02342837 0.01884788 0.54117647 0.42352941 0.64313725
v 0.02514952 -0.02305068 0.01943538 0.54117647 0.42352941 0.64313725
v 0.02601510 -0.02261903 0.02014877 0.54117647 0.42352941 0.64313725
v 0.02722691 -0.02272095 0.02026867 0.54117647 0.42352941 0.64313725
v 0.02843871 -0.02279289 0.02035260 0.54117647 0.42352941 0.64313725
v 0.03085723 -0.02223534 0.02104800 0.54117647 0.42352941 0.64313725
v 0.02964542 -0.02283486 0.02039456 0.54117647 0.42352941 0.64313725
v 0.03206904 -0.02281687 0.02037657 0.54117647 0.42352941 0.64313725
v 0.03327575 -0.02275692 0.02031063 0.54117647 0.42352941 0.64313725
v 0.03448756 -0.02266100 0.02020272 0.54117647 0.42352941 0.64313725
v 0.03569427 -0.02306867 0.01945936 0.54117647 0.42352941 0.64313725
v 0.03561790 -0.02374012 0.01864405 0.54117647 0.42352941 0.64313725
v 0.03597431 -0.02412980 0.01805056 0.54117647 0.42352941 0.64313725
v 0.03680424 -0.02332646 0.01879992 0.54117647 0.42352941 0.64313725
v 0.03714029 -0.02288282 0.01923155 0.54117647 0.42352941 0.64313725
v 0.03932459 -0.02191161 0.01950732 0.54117647 0.42352941 0.64313725
v 0.03811279 -0.02273294 0.01905170 0.54117647 0.42352941 0.64313725
v 0.03932459 -0.02134207 0.02011280 0.54117647 0.42352941 0.64313725
v 0.05223694 -0.00907005 0.01958525 0.54117647 0.42352941 0.64313725
v 0.05306688 -0.00785903 0.01915961 0.54117647 0.42352941 0.64313725
v 0.05357095 -0.00785903 0.01855413 0.54117647 0.42352941 0.64313725
v 0.05436015 -0.00665401 0.01802658 0.54117647 0.42352941 0.64313725
v 0.05312289 -0.00302097 0.02043652 0.54117647 0.42352941 0.64313725
v 0.05251698 -0.00302097 0.02107798 0.54117647 0.42352941 0.64313725
v 0.05318907 -0.00180995 0.02050846 0.54117647 0.42352941 0.64313725
v 0.05247116 -0.00170804 0.02127581 0.54117647 0.42352941 0.64313725
v 0.05321963 -0.00060493 0.02054443 0.54117647 0.42352941 0.64313725
v 0.05262391 -0.00060493 0.02117389 0.54117647 0.42352941 0.64313725
v 0.05479803 -0.00665401 0.01742109 0.54117647 0.42352941 0.64313725
v 0.05554650 -0.00544300 0.01677365 0.54117647 0.42352941 0.64313725
v 0.05489477 -0.00555691 0.01766089 0.54117647 0.42352941 0.64313725
v 0.05453835 -0.00522717 0.01826038 0.54117647 0.42352941 0.64313725
v 0.05416158 -0.00423198 0.01899775 0.54117647 0.42352941 0.64313725
v 0.05355567 -0.00423198 0.01972313 0.54117647 0.42352941 0.64313725
v 0.05262391 0.00060009 0.02117389 0.54117647 0.42352941 0.64313725
v 0.05202819 0.00121159 0.02177938 0.54117647 0.42352941 0.64313725
v 0.05199254 0.00201494 0.02174341 0.54117647 0.42352941 0.64313725
v 0.05132554 0.00302212 0.02225897 0.54117647 0.42352941 0.64313725
v 0.04672781 -0.01647403 0.02007683 0.54117647 0.42352941 0.64313725
v 0.04717587 -0.01692366 0.01934545 0.54117647 0.42352941 0.64313725
v 0.04549055 -0.01763708 0.02004686 0.54117647 0.42352941 0.64313725
v 0.04592843 -0.01810470 0.01931548 0.54117647 0.42352941 0.64313725
v 0.04636630 -0.01729536 0.01967517 0.54117647 0.42352941 0.64313725
v 0.04825020 -0.01433377 0.02043652 0.54117647 0.42352941 0.64313725
v 0.04755265 -0.01612032 0.01967517 0.54117647 0.42352941 0.64313725
v 0.04835713 -0.01568267 0.01932147 0.54117647 0.42352941 0.64313725
v 0.04789888 -0.01524503 0.02005885 0.54117647 0.42352941 0.64313725
v 0.04903431 -0.01395008 0.01999290 0.54117647 0.42352941 0.64313725
v 0.04937545 -0.01296089 0.02034660 0.54117647 0.42352941 0.64313725
v 0.05086221 -0.01216953 0.01939941 0.54117647 0.42352941 0.64313725
v 0.05044469 -0.01149208 0.02020272 0.54117647 0.42352941 0.64313725
v 0.05189071 -0.01060480 0.01920158 0.54117647 0.42352941 0.64313725
v 0.05105060 -0.01149208 0.01959724 0.54117647 0.42352941 0.64313725
v 0.05322981 -0.00965757 0.01813449 0.54117647 0.42352941 0.64313725
v 0.05291413 -0.00917796 0.01874597 0.54117647 0.42352941 0.64313725
v 0.05242533 -0.01023310 0.01878193 0.54117647 0.42352941 0.64313725
v 0.04079607 -0.02039484 0.02039456 0.54117647 0.42352941 0.64313725
v 0.03994577 -0.02178571 0.01936344 0.54117647 0.42352941 0.64313725
v 0.04036837 -0.02109627 0.01987900 0.54117647 0.42352941 0.64313725
v 0.04174311 -0.02014305 0.02014277 0.54117647 0.42352941 0.64313725
v 0.04235920 -0.02057469 0.01936344 0.54117647 0.42352941 0.64313725
v 0.04276144 -0.01984329 0.01984303 0.54117647 0.42352941 0.64313725
v 0.04378486 -0.01951356 0.01951331 0.54117647 0.42352941 0.64313725
v 0.04316368 -0.01909390 0.02031663 0.54117647 0.42352941 0.64313725
v 0.04417182 -0.01875817 0.01996892 0.54117647 0.42352941 0.64313725
v 0.04459442 -0.01923179 0.01923155 0.54117647 0.42352941 0.64313725
v 0.04511886 -0.01842244 0.01961522 0.54117647 0.42352941 0.64313725
v 0.05356586 0.00786018 0.01856012 0.54117647 0.42352941 0.64313725
v 0.05307706 0.00786018 0.01916561 0.54117647 0.42352941 0.64313725
v 0.05369824 0.00669713 0.01884788 0.54117647 0.42352941 0.64313725
v 0.05224203 0.00907120 0.01959124 0.54117647 0.42352941 0.64313725
v 0.05241515 0.00423313 0.02097606 0.54117647 0.42352941 0.64313725
v 0.05302105 0.00423313 0.02032861 0.54117647 0.42352941 0.64313725
v 0.05342838 0.00544415 0.01957925 0.54117647 0.42352941 0.64313725
v 0.05444671 0.00603167 0.01814048 0.54117647 0.42352941 0.64313725
v 0.05411575 0.00555806 0.01869801 0.54117647 0.42352941 0.64313725
v 0.05243042 0.01023425 0.01878193 0.54117647 0.42352941 0.64313725
v 0.05291922 0.00918511 0.01874597 0.54117647 0.42352941 0.64313725
v 0.05322981 0.00966472 0.01814048 0.54117647 0.42352941 0.64313725
v 0.05193145 0.00302212 0.02168346 0.54117647 0.42352941 0.64313725
v 0.05219112 0.01149323 0.01833831 0.54117647 0.42352941 0.64313725
v 0.05165650 0.01149323 0.01894380 0.54117647 0.42352941 0.64313725
v 0.05202819 0.01209874 0.01814648 0.54117647 0.42352941 0.64313725
v 0.05132554 0.01254238 0.01864405 0.54117647 0.42352941 0.64313725
v 0.05097931 0.01355555 0.01832632 0.54117647 0.42352941 0.64313725
v 0.05060253 0.01298002 0.01913563 0.54117647 0.42352941 0.64313725
v 0.04979806 0.01357354 0.01954328 0.54117647 0.42352941 0.64313725
v 0.04903431 0.01395723 0.01999290 0.54117647 0.42352941 0.64313725
v 0.04950784 0.01438288 0.01925553 0.54117647 0.42352941 0.64313725
v 0.04869827 0.01488647 0.01963920 0.54117647 0.42352941 0.64313725
v 0.04836731 0.01568982 0.01932747 0.54117647 0.42352941 0.64313725
v 0.04756283 0.01612147 0.01968117 0.54117647 0.42352941 0.64313725
v 0.04717587 0.01692481 0.01934545 0.54117647 0.42352941 0.64313725
v 0.04637140 0.01730850 0.01968117 0.54117647 0.42352941 0.64313725
v 0.04593861 0.01811185 0.01932747 0.54117647 0.42352941 0.64313725
v 0.04553637 0.01887922 0.01887785 0.54117647 0.42352941 0.64313725
v 0.04459442 0.01923294 0.01923155 0.54117647 0.42352941 0.64313725
v 0.04417691 0.01997034 0.01876395 0.54117647 0.42352941 0.64313725
v 0.04317895 0.02032405 0.01909966 0.54117647 0.42352941 0.64313725
v 0.04375430 0.02069575 0.01829035 0.54117647 0.42352941 0.64313725
v 0.04284800 0.02088160 0.01871599 0.54117647 0.42352941 0.64313725
v 0.04229301 0.02175089 0.01811051 0.54117647 0.42352941 0.64313725
v 0.04182967 0.02142116 0.01875196 0.54117647 0.42352941 0.64313725
v 0.04148853 0.02194873 0.01835030 0.54117647 0.42352941 0.64313725
v 0.03897836 0.02308780 0.01827237 0.54117647 0.42352941 0.64313725
v 0.04053131 0.02277006 0.01786472 0.54117647 0.42352941 0.64313725
v 0.04053131 0.02323168 0.01725923 0.54117647 0.42352941 0.64313725
v 0.03932459 0.02407700 0.01676765 0.54117647 0.42352941 0.64313725
v 0.03870851 0.02419690 0.01693551 0.54117647 0.42352941 0.64313725
v 0.03811279 0.02274008 0.01906369 0.54117647 0.42352941 0.64313725
v 0.03811279 0.02323168 0.01845821 0.54117647 0.42352941 0.64313725
v 0.03327575 0.02276406 0.02031663 0.54117647 0.42352941 0.64313725
v 0.03206904 0.02282402 0.02038257 0.54117647 0.42352941 0.64313725
v 0.03206904 0.02221851 0.02103002 0.54117647 0.42352941 0.64313725
v 0.03690098 0.02401705 0.01790668 0.54117647 0.42352941 0.64313725
v 0.03690098 0.02445469 0.01730120 0.54117647 0.42352941 0.64313725
v 0.03563317 0.02452663 0.01761293 0.54117647 0.42352941 0.64313725
v 0.03519529 0.02422088 0.01817645 0.54117647 0.42352941 0.64313725
v 0.03448756 0.02380722 0.01885987 0.54117647 0.42352941 0.64313725
v 0.03327575 0.02389115 0.01897377 0.54117647 0.42352941 0.64313725
v 0.03327575 0.02329164 0.01971114 0.54117647 0.42352941 0.64313725
v 0.02843871 0.02161300 0.02161152 0.54117647 0.42352941 0.64313725
v 0.03085723 0.02223649 0.02105400 0.54117647 0.42352941 0.64313725
v 0.02964542 0.02223050 0.02104800 0.54117647 0.42352941 0.64313725
v 0.02843871 0.02219453 0.02100604 0.54117647 0.42352941 0.64313725
v 0.02722691 0.02153507 0.02153958 0.54117647 0.42352941 0.64313725
v 0.02601510 0.02142715 0.02143167 0.54117647 0.42352941 0.64313725
v 0.02480839 0.02127727 0.02128180 0.54117647 0.42352941 0.64313725
v 0.02414138 0.02179885 0.02058640 0.54117647 0.42352941 0.64313725
v 0.01751209 0.01636127 0.02240284 0.54117647 0.42352941 0.64313725
v 0.01911595 0.01950272 0.02070629 0.54117647 0.42352941 0.64313725
v 0.01875445 0.01875333 0.02117389 0.54117647 0.42352941 0.64313725
v 0.01839294 0.01798595 0.02164149 0.54117647 0.42352941 0.64313725
v 0.01782268 0.01717661 0.02196522 0.54117647 0.42352941 0.64313725
v 0.02367805 0.02217055 0.02001688 0.54117647 0.42352941 0.64313725
v 0.02238987 0.02204465 0.01966318 0.54117647 0.42352941 0.64313725
v 0.02153447 0.02188278 0.01947135 0.54117647 0.42352941 0.64313725
v 0.02072491 0.02170892 0.01928551 0.54117647 0.42352941 0.64313725
v 0.01996626 0.02034203 0.02034060 0.54117647 0.42352941 0.64313725
v 0.01996626 0.02092356 0.01973512 0.54117647 0.42352941 0.64313725
v 0.01573512 0.01571979 0.02177338 0.54117647 0.42352941 0.64313725
v 0.00911601 0.01305196 0.01918959 0.54117647 0.42352941 0.64313725
v 0.01701312 0.01688285 0.02173142 0.54117647 0.42352941 0.64313725
v 0.01654469 0.01607351 0.02203116 0.54117647 0.42352941 0.64313725
v 0.00911601 -0.01633015 0.01647390 0.54117647 0.42352941 0.64313725
v 0.01555182 -0.01829655 0.01949532 0.54117647 0.42352941 0.64313725
v 0.01555691 -0.01949557 0.01829635 0.54117647 0.42352941 0.64313725
v 0.01648868 -0.01985528 0.01863806 0.54117647 0.42352941 0.64313725
v 0.01690619 -0.02059268 0.01817046 0.54117647 0.42352941 0.64313725
v 0.01754774 -0.02022698 0.01899775 0.54117647 0.42352941 0.64313725
v 0.01606607 -0.01909989 0.01909966 0.54117647 0.42352941 0.64313725
v 0.01754774 -0.02078452 0.01839227 0.54117647 0.42352941 0.64313725
v 0.01840313 -0.02163583 0.01797862 0.54117647 0.42352941 0.64313725
v 0.01996626 -0.02204350 0.01846421 0.54117647 0.42352941 0.64313725
v 0.01879009 -0.02217539 0.01756497 0.54117647 0.42352941 0.64313725
v 0.01938072 -0.02297874 0.01692951 0.54117647 0.42352941 0.64313725
v 0.01985424 -0.02270896 0.01756497 0.54117647 0.42352941 0.64313725
v 0.02088784 -0.02285884 0.01797862 0.54117647 0.42352941 0.64313725
v 0.02169741 -0.02302071 0.01818844 0.54117647 0.42352941 0.64313725
v 0.02238987 -0.02264901 0.01894979 0.54117647 0.42352941 0.64313725
v 0.02238987 -0.02314660 0.01834431 0.54117647 0.42352941 0.64313725
v 0.02359658 -0.02394395 0.01779877 0.54117647 0.42352941 0.64313725
v 0.02359658 -0.02438160 0.01719329 0.54117647 0.42352941 0.64313725
v 0.02480839 -0.02453148 0.01740911 0.54117647 0.42352941 0.64313725
v 0.02550594 -0.02417776 0.01812250 0.54117647 0.42352941 0.64313725
v 0.02595400 -0.02383005 0.01868002 0.54117647 0.42352941 0.64313725
v 0.02601510 -0.02314660 0.01954328 0.54117647 0.42352941 0.64313725
v 0.02722691 -0.02324252 0.01966318 0.54117647 0.42352941 0.64313725
v 0.02843871 -0.02331447 0.01974711 0.54117647 0.42352941 0.64313725
v 0.03085723 -0.02284085 0.02040055 0.54117647 0.42352941 0.64313725
v 0.02964542 -0.02335044 0.01978907 0.54117647 0.42352941 0.64313725
v 0.03206904 -0.02333245 0.01977109 0.54117647 0.42352941 0.64313725
v 0.03327575 -0.02327850 0.01970515 0.54117647 0.42352941 0.64313725
v 0.03448756 -0.02318857 0.01959724 0.54117647 0.42352941 0.64313725
v 0.03516474 -0.02421374 0.01817046 0.54117647 0.42352941 0.64313725
v 0.03561790 -0.02452548 0.01760694 0.54117647 0.42352941 0.64313725
v 0.03690098 -0.02444755 0.01728921 0.54117647 0.42352941 0.64313725
v 0.03690098 -0.02400990 0.01789469 0.54117647 0.42352941 0.64313725
v 0.03811279 -0.02323053 0.01844622 0.54117647 0.42352941 0.64313725
v 0.03897327 -0.02308665 0.01827237 0.54117647 0.42352941 0.64313725
v 0.05339274 -0.00884823 0.01833232 0.54117647 0.42352941 0.64313725
v 0.05417176 -0.00785903 0.01778079 0.54117647 0.42352941 0.64313725
v 0.05461982 -0.00785903 0.01717530 0.54117647 0.42352941 0.64313725
v 0.05364732 -0.00302097 0.01983703 0.54117647 0.42352941 0.64313725
v 0.05370842 -0.00180995 0.01990897 0.54117647 0.42352941 0.64313725
v 0.05373897 -0.00060493 0.01993895 0.54117647 0.42352941 0.64313725
v 0.05321963 0.00060009 0.02054443 0.54117647 0.42352941 0.64313725
v 0.05539884 -0.00665401 0.01655184 0.54117647 0.42352941 0.64313725
v 0.05580107 -0.00665401 0.01594635 0.54117647 0.42352941 0.64313725
v 0.05594364 -0.00544300 0.01616816 0.54117647 0.42352941 0.64313725
v 0.05562796 -0.00466963 0.01689354 0.54117647 0.42352941 0.64313725
v 0.05530719 -0.00424997 0.01745707 0.54117647 0.42352941 0.64313725
v 0.05463510 -0.00423198 0.01839227 0.54117647 0.42352941 0.64313725
v 0.05425322 -0.00302097 0.01911165 0.54117647 0.42352941 0.64313725
v 0.05318398 0.00181110 0.02050846 0.54117647 0.42352941 0.64313725
v 0.05247116 0.00169120 0.02126981 0.54117647 0.42352941 0.64313725
v 0.05251189 0.00302212 0.02107798 0.54117647 0.42352941 0.64313725
v 0.04841314 -0.01695364 0.01816446 0.54117647 0.42352941 0.64313725
v 0.04669726 -0.01763708 0.01909367 0.54117647 0.42352941 0.64313725
v 0.04720133 -0.01815866 0.01816446 0.54117647 0.42352941 0.64313725
v 0.04767994 -0.01743325 0.01839826 0.54117647 0.42352941 0.64313725
v 0.04552110 -0.01887208 0.01887186 0.54117647 0.42352941 0.64313725
v 0.04592843 -0.01931572 0.01810451 0.54117647 0.42352941 0.64313725
v 0.04869827 -0.01487333 0.01963321 0.54117647 0.42352941 0.64313725
v 0.04950784 -0.01438173 0.01925553 0.54117647 0.42352941 0.64313725
v 0.04958421 -0.01569466 0.01812250 0.54117647 0.42352941 0.64313725
v 0.04914124 -0.01528699 0.01888385 0.54117647 0.42352941 0.64313725
v 0.04869318 -0.01633015 0.01843423 0.54117647 0.42352941 0.64313725
v 0.04979296 -0.01357239 0.01954328 0.54117647 0.42352941 0.64313725
v 0.05202819 -0.01209759 0.01814648 0.54117647 0.42352941 0.64313725
v 0.05165141 -0.01149208 0.01893780 0.54117647 0.42352941 0.64313725
v 0.05059744 -0.01297288 0.01912964 0.54117647 0.42352941 0.64313725
v 0.05097422 -0.01354241 0.01832632 0.54117647 0.42352941 0.64313725
v 0.05132045 -0.01253523 0.01863806 0.54117647 0.42352941 0.64313725
v 0.05218603 -0.01149208 0.01833232 0.54117647 0.42352941 0.64313725
v 0.05433978 -0.00939978 0.01678564 0.54117647 0.42352941 0.64313725
v 0.05386626 -0.00912401 0.01757097 0.54117647 0.42352941 0.64313725
v 0.05308724 -0.01028106 0.01795464 0.54117647 0.42352941 0.64313725
v 0.05355058 -0.01028106 0.01734916 0.54117647 0.42352941 0.64313725
v 0.04174311 -0.02073656 0.01953729 0.54117647 0.42352941 0.64313725
v 0.03977775 -0.02292478 0.01806854 0.54117647 0.42352941 0.64313725
v 0.04042438 -0.02208546 0.01874597 0.54117647 0.42352941 0.64313725
v 0.04075025 -0.02159387 0.01914762 0.54117647 0.42352941 0.64313725
v 0.04316368 -0.02031690 0.01909367 0.54117647 0.42352941 0.64313725
v 0.04181440 -0.02140202 0.01874597 0.54117647 0.42352941 0.64313725
v 0.04226755 -0.02173775 0.01809852 0.54117647 0.42352941 0.64313725
v 0.04283781 -0.02086246 0.01871599 0.54117647 0.42352941 0.64313725
v 0.04375430 -0.02068860 0.01828436 0.54117647 0.42352941 0.64313725
v 0.04417182 -0.01996919 0.01875796 0.54117647 0.42352941 0.64313725
v 0.04455878 -0.02042482 0.01798462 0.54117647 0.42352941 0.64313725
v 0.04511886 -0.01961547 0.01842224 0.54117647 0.42352941 0.64313725
v 0.05436015 0.00664917 0.01802658 0.54117647 0.42352941 0.64313725
v 0.05417176 0.00786018 0.01778079 0.54117647 0.42352941 0.64313725
v 0.05339274 0.00885537 0.01833831 0.54117647 0.42352941 0.64313725
v 0.05311779 0.00302212 0.02043652 0.54117647 0.42352941 0.64313725
v 0.05355058 0.00423313 0.01972313 0.54117647 0.42352941 0.64313725
v 0.05415649 0.00423313 0.01899176 0.54117647 0.42352941 0.64313725
v 0.05453835 0.00522832 0.01826038 0.54117647 0.42352941 0.64313725
v 0.05480312 0.00664917 0.01742109 0.54117647 0.42352941 0.64313725
v 0.05489986 0.00555806 0.01766089 0.54117647 0.42352941 0.64313725
v 0.05555159 0.00544415 0.01677964 0.54117647 0.42352941 0.64313725
v 0.05309233 0.01028221 0.01796063 0.54117647 0.42352941 0.64313725
v 0.05386626 0.00913115 0.01757097 0.54117647 0.42352941 0.64313725
v 0.05433978 0.00940093 0.01678564 0.54117647 0.42352941 0.64313725
v 0.05355058 0.01028221 0.01735515 0.54117647 0.42352941 0.64313725
v 0.05283266 0.01151721 0.01751701 0.54117647 0.42352941 0.64313725
v 0.05335710 0.01113352 0.01709737 0.54117647 0.42352941 0.64313725
v 0.05315343 0.01193687 0.01682760 0.54117647 0.42352941 0.64313725
v 0.05227767 0.01258434 0.01749303 0.54117647 0.42352941 0.64313725
v 0.05178379 0.01290808 0.01785872 0.54117647 0.42352941 0.64313725
v 0.05211984 0.01345364 0.01705541 0.54117647 0.42352941 0.64313725
v 0.05141719 0.01390927 0.01754099 0.54117647 0.42352941 0.64313725
v 0.05070946 0.01435890 0.01802058 0.54117647 0.42352941 0.64313725
v 0.05025121 0.01396922 0.01879392 0.54117647 0.42352941 0.64313725
v 0.04989989 0.01489247 0.01845222 0.54117647 0.42352941 0.64313725
v 0.04958421 0.01569581 0.01812250 0.54117647 0.42352941 0.64313725
v 0.04914124 0.01529414 0.01888984 0.54117647 0.42352941 0.64313725
v 0.04869827 0.01633130 0.01844622 0.54117647 0.42352941 0.64313725
v 0.04842332 0.01696078 0.01817046 0.54117647 0.42352941 0.64313725
v 0.04789379 0.01644520 0.01910566 0.54117647 0.42352941 0.64313725
v 0.04720642 0.01816580 0.01816446 0.54117647 0.42352941 0.64313725
v 0.04669726 0.01764423 0.01909966 0.54117647 0.42352941 0.64313725
v 0.04658015 0.01844158 0.01844023 0.54117647 0.42352941 0.64313725
v 0.04593861 0.01932886 0.01811650 0.54117647 0.42352941 0.64313725
v 0.04512904 0.01962262 0.01842824 0.54117647 0.42352941 0.64313725
v 0.04455878 0.02042597 0.01799061 0.54117647 0.42352941 0.64313725
v 0.04410562 0.02113339 0.01749903 0.54117647 0.42352941 0.64313725
v 0.04295492 0.02154706 0.01787071 0.54117647 0.42352941 0.64313725
v 0.04364738 0.02182883 0.01700745 0.54117647 0.42352941 0.64313725
v 0.04295492 0.02203266 0.01726523 0.54117647 0.42352941 0.64313725
v 0.04210971 0.02287198 0.01677365 0.54117647 0.42352941 0.64313725
v 0.04179912 0.02241035 0.01757696 0.54117647 0.42352941 0.64313725
v 0.04130014 0.02306382 0.01703742 0.54117647 0.42352941 0.64313725
v 0.03822990 0.02390913 0.01752301 0.54117647 0.42352941 0.64313725
v 0.04058222 0.02387916 0.01631804 0.54117647 0.42352941 0.64313725
v 0.04021563 0.02431680 0.01590439 0.54117647 0.42352941 0.64313725
v 0.03932459 0.02448467 0.01616217 0.54117647 0.42352941 0.64313725
v 0.03790403 0.02431680 0.01710337 0.54117647 0.42352941 0.64313725
v 0.03811279 0.02528801 0.01553271 0.54117647 0.42352941 0.64313725
v 0.03822990 0.02465852 0.01644992 0.54117647 0.42352941 0.64313725
v 0.03085723 0.02284200 0.02040655 0.54117647 0.42352941 0.64313725
v 0.03206904 0.02334559 0.01977709 0.54117647 0.42352941 0.64313725
v 0.03698245 0.02511415 0.01628806 0.54117647 0.42352941 0.64313725
v 0.03663113 0.02549185 0.01586242 0.54117647 0.42352941 0.64313725
v 0.03569427 0.02519809 0.01662378 0.54117647 0.42352941 0.64313725
v 0.03448756 0.02531199 0.01679163 0.54117647 0.42352941 0.64313725
v 0.03448756 0.02478442 0.01754099 0.54117647 0.42352941 0.64313725
v 0.03448756 0.02428083 0.01825438 0.54117647 0.42352941 0.64313725
v 0.03327575 0.02436476 0.01836829 0.54117647 0.42352941 0.64313725
v 0.03206904 0.02395110 0.01903971 0.54117647 0.42352941 0.64313725
v 0.02722691 0.02212259 0.02093410 0.54117647 0.42352941 0.64313725
v 0.02964542 0.02283601 0.02040055 0.54117647 0.42352941 0.64313725
v 0.02843871 0.02280003 0.02035260 0.54117647 0.42352941 0.64313725
v 0.02601510 0.02202067 0.02082619 0.54117647 0.42352941 0.64313725
v 0.02480839 0.02188278 0.02067632 0.54117647 0.42352941 0.64313725
v 0.02474729 0.02257222 0.01989099 0.54117647 0.42352941 0.64313725
v 0.02429922 0.02296190 0.01932747 0.54117647 0.42352941 0.64313725
v 0.01830639 0.01925692 0.02047249 0.54117647 0.42352941 0.64313725
v 0.01911086 0.02070774 0.01950732 0.54117647 0.42352941 0.64313725
v 0.01870863 0.01998832 0.01998691 0.54117647 0.42352941 0.64313725
v 0.01747136 0.01756629 0.02144366 0.54117647 0.42352941 0.64313725
v 0.01754774 0.01839362 0.02078423 0.54117647 0.42352941 0.64313725
v 0.01690619 0.01817779 0.02059239 0.54117647 0.42352941 0.64313725
v 0.02359658 0.02285999 0.01920158 0.54117647 0.42352941 0.64313725
v 0.02238987 0.02265016 0.01895579 0.54117647 0.42352941 0.64313725
v 0.02120861 0.02237438 0.01873997 0.54117647 0.42352941 0.64313725
v 0.01996626 0.02205664 0.01847620 0.54117647 0.42352941 0.64313725
v 0.01996626 0.02152907 0.01908168 0.54117647 0.42352941 0.64313725
v 0.01621882 0.01642122 0.02156356 0.54117647 0.42352941 0.64313725
v 0.01560783 0.01704472 0.02065833 0.54117647 0.42352941 0.64313725
v 0.00911601 0.01449079 0.01812250 0.54117647 0.42352941 0.64313725
v 0.00911601 0.01398121 0.01851216 0.54117647 0.42352941 0.64313725
v 0.01643776 0.01748836 0.02085017 0.54117647 0.42352941 0.64313725
v 0.00911601 -0.01640209 0.01640196 0.54117647 0.42352941 0.64313725
v 0.01610172 -0.02030491 0.01784673 0.54117647 0.42352941 0.64313725
v 0.00911601 -0.01663590 0.01615018 0.54117647 0.42352941 0.64313725
v 0.00911601 -0.01753517 0.01517301 0.54117647 0.42352941 0.64313725
v 0.01643776 -0.02085047 0.01748104 0.54117647 0.42352941 0.64313725
v 0.01701312 -0.02173175 0.01688155 0.54117647 0.42352941 0.64313725
v 0.01747136 -0.02143799 0.01756497 0.54117647 0.42352941 0.64313725
v 0.01782268 -0.02196556 0.01717530 0.54117647 0.42352941 0.64313725
v 0.01875954 -0.02281687 0.01670770 0.54117647 0.42352941 0.64313725
v 0.01801616 -0.02306267 0.01583245 0.54117647 0.42352941 0.64313725
v 0.01875954 -0.02324852 0.01610222 0.54117647 0.42352941 0.64313725
v 0.01965567 -0.02406985 0.01552671 0.54117647 0.42352941 0.64313725
v 0.01992043 -0.02361422 0.01636599 0.54117647 0.42352941 0.64313725
v 0.02018520 -0.02316459 0.01717530 0.54117647 0.42352941 0.64313725
v 0.02124425 -0.02330847 0.01756497 0.54117647 0.42352941 0.64313725
v 0.02198763 -0.02412381 0.01683360 0.54117647 0.42352941 0.64313725
v 0.02238987 -0.02379408 0.01748104 0.54117647 0.42352941 0.64313725
v 0.02279211 -0.02426769 0.01703143 0.54117647 0.42352941 0.64313725
v 0.02363731 -0.02502907 0.01624610 0.54117647 0.42352941 0.64313725
v 0.02480839 -0.02513698 0.01652186 0.54117647 0.42352941 0.64313725
v 0.02601510 -0.02526888 0.01671969 0.54117647 0.42352941 0.64313725
v 0.02595400 -0.02460342 0.01764890 0.54117647 0.42352941 0.64313725
v 0.02631041 -0.02425570 0.01822441 0.54117647 0.42352941 0.64313725
v 0.02722691 -0.02384803 0.01891982 0.54117647 0.42352941 0.64313725
v 0.02843871 -0.02391997 0.01900375 0.54117647 0.42352941 0.64313725
v 0.02964542 -0.02395594 0.01905170 0.54117647 0.42352941 0.64313725
v 0.03085723 -0.02335643 0.01979507 0.54117647 0.42352941 0.64313725
v 0.03206904 -0.02393796 0.01903372 0.54117647 0.42352941 0.64313725
v 0.03327575 -0.02388400 0.01896178 0.54117647 0.42352941 0.64313725
v 0.03448756 -0.02379408 0.01884788 0.54117647 0.42352941 0.64313725
v 0.03448756 -0.02426769 0.01824239 0.54117647 0.42352941 0.64313725
v 0.03448756 -0.02477128 0.01754099 0.54117647 0.42352941 0.64313725
v 0.03448756 -0.02530485 0.01677964 0.54117647 0.42352941 0.64313725
v 0.03569427 -0.02519694 0.01661179 0.54117647 0.42352941 0.64313725
v 0.03696208 -0.02510701 0.01628207 0.54117647 0.42352941 0.64313725
v 0.03788876 -0.02430966 0.01709737 0.54117647 0.42352941 0.64313725
v 0.03821971 -0.02390199 0.01751701 0.54117647 0.42352941 0.64313725
v 0.03869323 -0.02418975 0.01692352 0.54117647 0.42352941 0.64313725
v 0.03935515 -0.02342837 0.01761893 0.54117647 0.42352941 0.64313725
v 0.05449253 -0.00859044 0.01700145 0.54117647 0.42352941 0.64313725
v 0.05525627 -0.00781707 0.01624610 0.54117647 0.42352941 0.64313725
v 0.05569925 -0.00738542 0.01579049 0.54117647 0.42352941 0.64313725
v 0.05430923 -0.00180995 0.01918959 0.54117647 0.42352941 0.64313725
v 0.05433978 -0.00060493 0.01922556 0.54117647 0.42352941 0.64313725
v 0.05373897 0.00060009 0.01993895 0.54117647 0.42352941 0.64313725
v 0.05629496 -0.00665401 0.01511906 0.54117647 0.42352941 0.64313725
v 0.05684486 -0.00594659 0.01447761 0.54117647 0.42352941 0.64313725
v 0.05659537 -0.00550295 0.01506510 0.54117647 0.42352941 0.64313725
v 0.05693142 -0.00513725 0.01462748 0.54117647 0.42352941 0.64313725
v 0.05665647 -0.00423198 0.01537084 0.54117647 0.42352941 0.64313725
v 0.05599965 -0.00424997 0.01642594 0.54117647 0.42352941 0.64313725
v 0.05569925 -0.00386029 0.01699546 0.54117647 0.42352941 0.64313725
v 0.05532756 -0.00302097 0.01768487 0.54117647 0.42352941 0.64313725
v 0.05472674 -0.00302097 0.01850617 0.54117647 0.42352941 0.64313725
v 0.05370333 0.00181110 0.01990298 0.54117647 0.42352941 0.64313725
v 0.05364223 0.00302212 0.01983104 0.54117647 0.42352941 0.64313725
v 0.04960967 -0.01693565 0.01693551 0.54117647 0.42352941 0.64313725
v 0.04801090 -0.01776298 0.01776280 0.54117647 0.42352941 0.64313725
v 0.04841314 -0.01816465 0.01695349 0.54117647 0.42352941 0.64313725
v 0.04767994 -0.01839846 0.01743308 0.54117647 0.42352941 0.64313725
v 0.04669726 -0.01909390 0.01763691 0.54117647 0.42352941 0.64313725
v 0.04717587 -0.01934569 0.01692352 0.54117647 0.42352941 0.64313725
v 0.04549055 -0.02004712 0.01764291 0.54117647 0.42352941 0.64313725
v 0.04585714 -0.02047877 0.01682760 0.54117647 0.42352941 0.64313725
v 0.04636630 -0.01967543 0.01729520 0.54117647 0.42352941 0.64313725
v 0.05069927 -0.01435175 0.01801459 0.54117647 0.42352941 0.64313725
v 0.05024612 -0.01396207 0.01878793 0.54117647 0.42352941 0.64313725
v 0.04989480 -0.01489132 0.01845222 0.54117647 0.42352941 0.64313725
v 0.05075019 -0.01564071 0.01685758 0.54117647 0.42352941 0.64313725
v 0.05032249 -0.01526301 0.01766689 0.54117647 0.42352941 0.64313725
v 0.04985915 -0.01633015 0.01722326 0.54117647 0.42352941 0.64313725
v 0.05315343 -0.01193572 0.01682161 0.54117647 0.42352941 0.64313725
v 0.05282757 -0.01151606 0.01751701 0.54117647 0.42352941 0.64313725
v 0.05178379 -0.01290693 0.01785872 0.54117647 0.42352941 0.64313725
v 0.05227258 -0.01258319 0.01748704 0.54117647 0.42352941 0.64313725
v 0.05141210 -0.01390212 0.01753500 0.54117647 0.42352941 0.64313725
v 0.05335710 -0.01112638 0.01709737 0.54117647 0.42352941 0.64313725
v 0.05421249 -0.01039497 0.01636000 0.54117647 0.42352941 0.64313725
v 0.05461473 -0.01007124 0.01597633 0.54117647 0.42352941 0.64313725
v 0.05476748 -0.00902808 0.01636000 0.54117647 0.42352941 0.64313725
v 0.04053131 -0.02321854 0.01725324 0.54117647 0.42352941 0.64313725
v 0.04053131 -0.02276291 0.01785872 0.54117647 0.42352941 0.64313725
v 0.04146307 -0.02193559 0.01833831 0.54117647 0.42352941 0.64313725
v 0.04177366 -0.02240321 0.01756497 0.54117647 0.42352941 0.64313725
v 0.04208934 -0.02286483 0.01676765 0.54117647 0.42352941 0.64313725
v 0.04295492 -0.02202551 0.01725324 0.54117647 0.42352941 0.64313725
v 0.04364738 -0.02183367 0.01700745 0.54117647 0.42352941 0.64313725
v 0.04295492 -0.02153991 0.01785872 0.54117647 0.42352941 0.64313725
v 0.04410562 -0.02113224 0.01749303 0.54117647 0.42352941 0.64313725
v 0.04505267 -0.02076654 0.01717530 0.54117647 0.42352941 0.64313725
v 0.05461982 0.00786018 0.01717530 0.54117647 0.42352941 0.64313725
v 0.05449762 0.00859758 0.01700745 0.54117647 0.42352941 0.64313725
v 0.05424813 0.00302212 0.01911165 0.54117647 0.42352941 0.64313725
v 0.05463510 0.00423313 0.01839227 0.54117647 0.42352941 0.64313725
v 0.05563305 0.00468277 0.01689954 0.54117647 0.42352941 0.64313725
v 0.05540393 0.00664917 0.01655184 0.54117647 0.42352941 0.64313725
v 0.05594364 0.00544415 0.01617416 0.54117647 0.42352941 0.64313725
v 0.05580107 0.00664917 0.01595235 0.54117647 0.42352941 0.64313725
v 0.05461982 0.01007838 0.01598232 0.54117647 0.42352941 0.64313725
v 0.05421249 0.01040212 0.01636599 0.54117647 0.42352941 0.64313725
v 0.05477257 0.00902923 0.01636599 0.54117647 0.42352941 0.64313725
v 0.05444671 0.01088772 0.01572454 0.54117647 0.42352941 0.64313725
v 0.05367787 0.01151721 0.01638998 0.54117647 0.42352941 0.64313725
v 0.05344366 0.01247044 0.01601829 0.54117647 0.42352941 0.64313725
v 0.05299050 0.01280616 0.01638998 0.54117647 0.42352941 0.64313725
v 0.05321963 0.01327978 0.01570056 0.54117647 0.42352941 0.64313725
v 0.05239988 0.01387929 0.01632403 0.54117647 0.42352941 0.64313725
v 0.05185507 0.01425698 0.01671969 0.54117647 0.42352941 0.64313725
v 0.05104550 0.01484450 0.01721727 0.54117647 0.42352941 0.64313725
v 0.05076037 0.01564785 0.01686357 0.54117647 0.42352941 0.64313725
v 0.05032758 0.01527016 0.01766689 0.54117647 0.42352941 0.64313725
v 0.04986934 0.01633130 0.01722326 0.54117647 0.42352941 0.64313725
v 0.04960967 0.01693680 0.01694150 0.54117647 0.42352941 0.64313725
v 0.04930417 0.01633130 0.01782875 0.54117647 0.42352941 0.64313725
v 0.04882556 0.01735646 0.01735515 0.54117647 0.42352941 0.64313725
v 0.04842332 0.01817180 0.01695949 0.54117647 0.42352941 0.64313725
v 0.04801090 0.01777013 0.01776880 0.54117647 0.42352941 0.64313725
v 0.04717587 0.01934684 0.01692352 0.54117647 0.42352941 0.64313725
v 0.04669726 0.01910104 0.01764291 0.54117647 0.42352941 0.64313725
v 0.04637140 0.01968257 0.01730719 0.54117647 0.42352941 0.64313725
v 0.04587242 0.02048592 0.01683959 0.54117647 0.42352941 0.64313725
v 0.04550073 0.02005427 0.01764890 0.54117647 0.42352941 0.64313725
v 0.04506285 0.02076769 0.01718130 0.54117647 0.42352941 0.64313725
v 0.04445186 0.02157703 0.01667773 0.54117647 0.42352941 0.64313725
v 0.04493047 0.02188278 0.01587441 0.54117647 0.42352941 0.64313725
v 0.04409544 0.02208062 0.01630005 0.54117647 0.42352941 0.64313725
v 0.04345899 0.02293193 0.01564661 0.54117647 0.42352941 0.64313725
v 0.04301602 0.02267414 0.01635400 0.54117647 0.42352941 0.64313725
v 0.04265451 0.02315375 0.01597033 0.54117647 0.42352941 0.64313725
v 0.04172275 0.02334559 0.01635400 0.54117647 0.42352941 0.64313725
v 0.04102011 0.02414894 0.01565260 0.54117647 0.42352941 0.64313725
v 0.04058222 0.02460457 0.01519699 0.54117647 0.42352941 0.64313725
v 0.03937551 0.02513214 0.01510707 0.54117647 0.42352941 0.64313725
v 0.03743560 0.02538993 0.01569457 0.54117647 0.42352941 0.64313725
v 0.03900382 0.02550983 0.01469342 0.54117647 0.42352941 0.64313725
v 0.03811279 0.02564772 0.01492722 0.54117647 0.42352941 0.64313725
v 0.03085723 0.02336358 0.01980106 0.54117647 0.42352941 0.64313725
v 0.02964542 0.02336358 0.01979507 0.54117647 0.42352941 0.64313725
v 0.03085723 0.02396908 0.01906969 0.54117647 0.42352941 0.64313725
v 0.03698245 0.02577961 0.01522697 0.54117647 0.42352941 0.64313725
v 0.03569427 0.02655298 0.01439368 0.54117647 0.42352941 0.64313725
v 0.03569427 0.02613332 0.01511906 0.54117647 0.42352941 0.64313725
v 0.03569427 0.02559376 0.01601829 0.54117647 0.42352941 0.64313725
v 0.03448756 0.02569568 0.01618615 0.54117647 0.42352941 0.64313725
v 0.03361180 0.02537194 0.01688755 0.54117647 0.42352941 0.64313725
v 0.03323502 0.02503622 0.01743308 0.54117647 0.42352941 0.64313725
v 0.03206904 0.02441872 0.01844023 0.54117647 0.42352941 0.64313725
v 0.03280223 0.02542590 0.01695949 0.54117647 0.42352941 0.64313725
v 0.02722691 0.02272809 0.02028066 0.54117647 0.42352941 0.64313725
v 0.02843871 0.02332161 0.01974711 0.54117647 0.42352941 0.64313725
v 0.02722691 0.02325567 0.01967517 0.54117647 0.42352941 0.64313725
v 0.02601510 0.02262618 0.02016076 0.54117647 0.42352941 0.64313725
v 0.02510879 0.02305783 0.01944137 0.54117647 0.42352941 0.64313725
v 0.02474729 0.02344151 0.01885387 0.54117647 0.42352941 0.64313725
v 0.02480839 0.02410697 0.01802658 0.54117647 0.42352941 0.64313725
v 0.02359658 0.02334559 0.01859609 0.54117647 0.42352941 0.64313725
v 0.01830639 0.02047393 0.01926152 0.54117647 0.42352941 0.64313725
v 0.01754774 0.01962861 0.01962721 0.54117647 0.42352941 0.64313725
v 0.01687055 0.01940680 0.01940540 0.54117647 0.42352941 0.64313725
v 0.01754774 0.01899913 0.02023270 0.54117647 0.42352941 0.64313725
v 0.01918724 0.02186480 0.01825438 0.54117647 0.42352941 0.64313725
v 0.01874936 0.02117536 0.01875796 0.54117647 0.42352941 0.64313725
v 0.01648868 0.01863942 0.01986101 0.54117647 0.42352941 0.64313725
v 0.01554164 0.01830369 0.01950132 0.54117647 0.42352941 0.64313725
v 0.01610172 0.01785406 0.02031063 0.54117647 0.42352941 0.64313725
v 0.02238987 0.02314775 0.01835030 0.54117647 0.42352941 0.64313725
v 0.02169232 0.02302186 0.01818844 0.54117647 0.42352941 0.64313725
v 0.02088784 0.02285999 0.01798462 0.54117647 0.42352941 0.64313725
v 0.01996626 0.02265615 0.01772683 0.54117647 0.42352941 0.64313725
v 0.00911601 0.01519222 0.01753500 0.54117647 0.42352941 0.64313725
v 0.00911601 0.01515026 0.01757097 0.54117647 0.42352941 0.64313725
v 0.01561801 -0.02065263 0.01703742 0.54117647 0.42352941 0.64313725
v 0.00911601 -0.01848839 0.01399202 0.54117647 0.42352941 0.64313725
v 0.01622392 -0.02155190 0.01641995 0.54117647 0.42352941 0.64313725
v 0.01574530 -0.02176772 0.01571255 0.54117647 0.42352941 0.64313725
v 0.01655487 -0.02202551 0.01607225 0.54117647 0.42352941 0.64313725
v 0.01720660 -0.02283486 0.01549674 0.54117647 0.42352941 0.64313725
v 0.01758847 -0.02329648 0.01510707 0.54117647 0.42352941 0.64313725
v 0.01829620 -0.02412381 0.01439368 0.54117647 0.42352941 0.64313725
v 0.01872390 -0.02387801 0.01511906 0.54117647 0.42352941 0.64313725
v 0.01910577 -0.02432165 0.01471740 0.54117647 0.42352941 0.64313725
v 0.02002226 -0.02447752 0.01511906 0.54117647 0.42352941 0.64313725
v 0.02046014 -0.02424371 0.01580248 0.54117647 0.42352941 0.64313725
v 0.02117806 -0.02397393 0.01661179 0.54117647 0.42352941 0.64313725
v 0.02117806 -0.02438160 0.01600630 0.54117647 0.42352941 0.64313725
v 0.02238987 -0.02455546 0.01638998 0.54117647 0.42352941 0.64313725
v 0.02326053 -0.02533482 0.01561064 0.54117647 0.42352941 0.64313725
v 0.02406501 -0.02544274 0.01578449 0.54117647 0.42352941 0.64313725
v 0.02480839 -0.02552667 0.01592237 0.54117647 0.42352941 0.64313725
v 0.02722691 -0.02488519 0.01754099 0.54117647 0.42352941 0.64313725
v 0.02601510 -0.02565257 0.01611421 0.54117647 0.42352941 0.64313725
v 0.02722691 -0.02535880 0.01686357 0.54117647 0.42352941 0.64313725
v 0.02722691 -0.02432165 0.01831433 0.54117647 0.42352941 0.64313725
v 0.02843871 -0.02438759 0.01839826 0.54117647 0.42352941 0.64313725
v 0.02964542 -0.02442356 0.01844622 0.54117647 0.42352941 0.64313725
v 0.03085723 -0.02396194 0.01905770 0.54117647 0.42352941 0.64313725
v 0.03206904 -0.02440558 0.01842824 0.54117647 0.42352941 0.64313725
v 0.03327575 -0.02435762 0.01835630 0.54117647 0.42352941 0.64313725
v 0.03322483 -0.02502907 0.01743308 0.54117647 0.42352941 0.64313725
v 0.03359652 -0.02537079 0.01688155 0.54117647 0.42352941 0.64313725
v 0.03448756 -0.02568854 0.01617416 0.54117647 0.42352941 0.64313725
v 0.03569427 -0.02558662 0.01600630 0.54117647 0.42352941 0.64313725
v 0.03659549 -0.02548470 0.01585044 0.54117647 0.42352941 0.64313725
v 0.03740505 -0.02537679 0.01568258 0.54117647 0.42352941 0.64313725
v 0.03821971 -0.02464538 0.01644393 0.54117647 0.42352941 0.64313725
v 0.03932459 -0.02406985 0.01675566 0.54117647 0.42352941 0.64313725
v 0.03811279 -0.02528087 0.01551472 0.54117647 0.42352941 0.64313725
v 0.03932459 -0.02447752 0.01615018 0.54117647 0.42352941 0.64313725
v 0.05557195 -0.00819476 0.01558666 0.54117647 0.42352941 0.64313725
v 0.05594364 -0.00781707 0.01516102 0.54117647 0.42352941 0.64313725
v 0.05478275 -0.00180995 0.01858410 0.54117647 0.42352941 0.64313725
v 0.05481330 -0.00060493 0.01862007 0.54117647 0.42352941 0.64313725
v 0.05433978 0.00060009 0.01922556 0.54117647 0.42352941 0.64313725
v 0.05430923 0.00181110 0.01918959 0.54117647 0.42352941 0.64313725
v 0.05675830 -0.00665401 0.01431574 0.54117647 0.42352941 0.64313725
v 0.05707907 -0.00665401 0.01371026 0.54117647 0.42352941 0.64313725
v 0.05718091 -0.00550295 0.01401000 0.54117647 0.42352941 0.64313725
v 0.05746095 -0.00423198 0.01391409 0.54117647 0.42352941 0.64313725
v 0.05701288 -0.00423198 0.01476536 0.54117647 0.42352941 0.64313725
v 0.05674303 -0.00302097 0.01551472 0.54117647 0.42352941 0.64313725
v 0.05623386 -0.00302097 0.01633003 0.54117647 0.42352941 0.64313725
v 0.05575525 -0.00302097 0.01707939 0.54117647 0.42352941 0.64313725
v 0.05538865 -0.00180995 0.01776880 0.54117647 0.42352941 0.64313725
v 0.05075019 -0.01685772 0.01564061 0.54117647 0.42352941 0.64313725
v 0.04929908 -0.01782293 0.01633003 0.54117647 0.42352941 0.64313725
v 0.04957912 -0.01811669 0.01569457 0.54117647 0.42352941 0.64313725
v 0.04985915 -0.01721742 0.01633003 0.54117647 0.42352941 0.64313725
v 0.04835713 -0.01932171 0.01568258 0.54117647 0.42352941 0.64313725
v 0.04869318 -0.01843443 0.01633003 0.54117647 0.42352941 0.64313725
v 0.04672272 -0.02007710 0.01647390 0.54117647 0.42352941 0.64313725
v 0.04708422 -0.02048477 0.01561664 0.54117647 0.42352941 0.64313725
v 0.04755265 -0.01967543 0.01611421 0.54117647 0.42352941 0.64313725
v 0.04538871 -0.02118620 0.01634801 0.54117647 0.42352941 0.64313725
v 0.04627466 -0.02079651 0.01602429 0.54117647 0.42352941 0.64313725
v 0.05104550 -0.01483136 0.01721127 0.54117647 0.42352941 0.64313725
v 0.05187544 -0.01552080 0.01552072 0.54117647 0.42352941 0.64313725
v 0.05146302 -0.01517309 0.01638398 0.54117647 0.42352941 0.64313725
v 0.05185507 -0.01425583 0.01671370 0.54117647 0.42352941 0.64313725
v 0.05106587 -0.01604837 0.01604827 0.54117647 0.42352941 0.64313725
v 0.05367278 -0.01151606 0.01638398 0.54117647 0.42352941 0.64313725
v 0.05211474 -0.01344649 0.01704941 0.54117647 0.42352941 0.64313725
v 0.05298541 -0.01280501 0.01638398 0.54117647 0.42352941 0.64313725
v 0.05344366 -0.01246929 0.01601829 0.54117647 0.42352941 0.64313725
v 0.05444161 -0.01087458 0.01571855 0.54117647 0.42352941 0.64313725
v 0.05566870 -0.00970553 0.01453755 0.54117647 0.42352941 0.64313725
v 0.05541411 -0.00907005 0.01533487 0.54117647 0.42352941 0.64313725
v 0.05505770 -0.01029305 0.01512505 0.54117647 0.42352941 0.64313725
v 0.04128487 -0.02305668 0.01703143 0.54117647 0.42352941 0.64313725
v 0.04057713 -0.02386602 0.01631204 0.54117647 0.42352941 0.64313725
v 0.04301602 -0.02266699 0.01635400 0.54117647 0.42352941 0.64313725
v 0.04170747 -0.02333245 0.01635400 0.54117647 0.42352941 0.64313725
v 0.04264942 -0.02315260 0.01595834 0.54117647 0.42352941 0.64313725
v 0.04445186 -0.02156989 0.01667173 0.54117647 0.42352941 0.64313725
v 0.04345899 -0.02293078 0.01564061 0.54117647 0.42352941 0.64313725
v 0.04409544 -0.02207947 0.01629406 0.54117647 0.42352941 0.64313725
v 0.05526137 0.00781822 0.01625209 0.54117647 0.42352941 0.64313725
v 0.05557195 0.00819591 0.01558666 0.54117647 0.42352941 0.64313725
v 0.05472674 0.00302212 0.01850617 0.54117647 0.42352941 0.64313725
v 0.05530719 0.00426311 0.01745707 0.54117647 0.42352941 0.64313725
v 0.05533265 0.00302212 0.01768487 0.54117647 0.42352941 0.64313725
v 0.05569925 0.00387942 0.01700145 0.54117647 0.42352941 0.64313725
v 0.05599965 0.00426311 0.01643194 0.54117647 0.42352941 0.64313725
v 0.05569925 0.00739256 0.01579049 0.54117647 0.42352941 0.64313725
v 0.05660046 0.00550410 0.01507110 0.54117647 0.42352941 0.64313725
v 0.05666156 0.00423313 0.01537084 0.54117647 0.42352941 0.64313725
v 0.05629496 0.00664917 0.01511906 0.54117647 0.42352941 0.64313725
v 0.05541920 0.00907120 0.01533487 0.54117647 0.42352941 0.64313725
v 0.05566870 0.00970668 0.01453755 0.54117647 0.42352941 0.64313725
v 0.05506279 0.01029420 0.01513105 0.54117647 0.42352941 0.64313725
v 0.05550577 0.01051602 0.01424381 0.54117647 0.42352941 0.64313725
v 0.05468092 0.01149323 0.01489125 0.54117647 0.42352941 0.64313725
v 0.05429905 0.01149323 0.01549674 0.54117647 0.42352941 0.64313725
v 0.05387135 0.01274621 0.01515503 0.54117647 0.42352941 0.64313725
v 0.05450780 0.01221265 0.01461549 0.54117647 0.42352941 0.64313725
v 0.05342838 0.01390927 0.01480732 0.54117647 0.42352941 0.64313725
v 0.05323999 0.01452676 0.01452556 0.54117647 0.42352941 0.64313725
v 0.05302614 0.01390927 0.01541281 0.54117647 0.42352941 0.64313725
v 0.05216566 0.01471861 0.01591638 0.54117647 0.42352941 0.64313725
v 0.05429396 0.01301599 0.01425579 0.54117647 0.42352941 0.64313725
v 0.05146302 0.01518623 0.01638998 0.54117647 0.42352941 0.64313725
v 0.05107096 0.01605552 0.01606026 0.54117647 0.42352941 0.64313725
v 0.05075528 0.01686486 0.01564661 0.54117647 0.42352941 0.64313725
v 0.05050579 0.01640923 0.01640796 0.54117647 0.42352941 0.64313725
v 0.04986425 0.01722457 0.01633003 0.54117647 0.42352941 0.64313725
v 0.04958421 0.01812384 0.01570056 0.54117647 0.42352941 0.64313725
v 0.04870336 0.01844757 0.01633003 0.54117647 0.42352941 0.64313725
v 0.04836731 0.01932886 0.01568857 0.54117647 0.42352941 0.64313725
v 0.04789379 0.01910704 0.01644393 0.54117647 0.42352941 0.64313725
v 0.04755774 0.01968257 0.01612020 0.54117647 0.42352941 0.64313725
v 0.04708422 0.02048592 0.01562263 0.54117647 0.42352941 0.64313725
v 0.04672781 0.02008424 0.01647990 0.54117647 0.42352941 0.64313725
v 0.04627975 0.02080366 0.01603628 0.54117647 0.42352941 0.64313725
v 0.04574004 0.02160701 0.01549074 0.54117647 0.42352941 0.64313725
v 0.04534798 0.02213458 0.01510107 0.54117647 0.42352941 0.64313725
v 0.04473190 0.02296190 0.01447761 0.54117647 0.42352941 0.64313725
v 0.04425837 0.02276406 0.01519699 0.54117647 0.42352941 0.64313725
v 0.04392233 0.02319571 0.01484329 0.54117647 0.42352941 0.64313725
v 0.04292437 0.02357940 0.01510107 0.54117647 0.42352941 0.64313725
v 0.04238975 0.02422088 0.01454954 0.54117647 0.42352941 0.64313725
v 0.04174311 0.02398108 0.01539482 0.54117647 0.42352941 0.64313725
v 0.04174311 0.02436476 0.01478934 0.54117647 0.42352941 0.64313725
v 0.04053131 0.02522207 0.01418985 0.54117647 0.42352941 0.64313725
v 0.03981339 0.02536595 0.01444164 0.54117647 0.42352941 0.64313725
v 0.03937551 0.02576762 0.01398602 0.54117647 0.42352941 0.64313725
v 0.03840810 0.02652900 0.01313475 0.54117647 0.42352941 0.64313725
v 0.03804660 0.02627121 0.01381817 0.54117647 0.42352941 0.64313725
v 0.03690098 0.02641510 0.01412990 0.54117647 0.42352941 0.64313725
v 0.02964542 0.02396309 0.01906369 0.54117647 0.42352941 0.64313725
v 0.02843871 0.02392712 0.01901573 0.54117647 0.42352941 0.64313725
v 0.03085723 0.02443671 0.01846421 0.54117647 0.42352941 0.64313725
v 0.02964542 0.02443671 0.01845821 0.54117647 0.42352941 0.64313725
v 0.03690098 0.02672684 0.01352442 0.54117647 0.42352941 0.64313725
v 0.03569427 0.02685874 0.01378819 0.54117647 0.42352941 0.64313725
v 0.03506800 0.02661294 0.01450758 0.54117647 0.42352941 0.64313725
v 0.03459448 0.02636114 0.01505911 0.54117647 0.42352941 0.64313725
v 0.03323502 0.02571367 0.01641995 0.54117647 0.42352941 0.64313725
v 0.03327575 0.02638512 0.01532888 0.54117647 0.42352941 0.64313725
v 0.03206904 0.02502423 0.01760094 0.54117647 0.42352941 0.64313725
v 0.03085723 0.02504221 0.01763092 0.54117647 0.42352941 0.64313725
v 0.03206904 0.02544389 0.01699546 0.54117647 0.42352941 0.64313725
v 0.03206904 0.02643308 0.01541281 0.54117647 0.42352941 0.64313725
v 0.03206904 0.02586954 0.01633003 0.54117647 0.42352941 0.64313725
v 0.02601510 0.02315974 0.01955527 0.54117647 0.42352941 0.64313725
v 0.02722691 0.02386117 0.01893181 0.54117647 0.42352941 0.64313725
v 0.02593363 0.02384319 0.01868602 0.54117647 0.42352941 0.64313725
v 0.02547539 0.02418491 0.01812849 0.54117647 0.42352941 0.64313725
v 0.02480839 0.02453862 0.01742109 0.54117647 0.42352941 0.64313725
v 0.02359658 0.02438874 0.01720528 0.54117647 0.42352941 0.64313725
v 0.02359658 0.02395110 0.01781076 0.54117647 0.42352941 0.64313725
v 0.01690619 0.02059383 0.01817645 0.54117647 0.42352941 0.64313725
v 0.01754774 0.02023412 0.01900375 0.54117647 0.42352941 0.64313725
v 0.01838276 0.02164298 0.01799061 0.54117647 0.42352941 0.64313725
v 0.01754774 0.02079167 0.01839826 0.54117647 0.42352941 0.64313725
v 0.01648868 0.01985643 0.01864405 0.54117647 0.42352941 0.64313725
v 0.01554164 0.01950272 0.01830234 0.54117647 0.42352941 0.64313725
v 0.01606607 0.01910704 0.01910566 0.54117647 0.42352941 0.64313725
v 0.01936035 0.02298589 0.01694150 0.54117647 0.42352941 0.64313725
v 0.01887156 0.02232043 0.01746306 0.54117647 0.42352941 0.64313725
v 0.00911601 0.01640923 0.01641395 0.54117647 0.42352941 0.64313725
v 0.00911601 0.01579773 0.01700145 0.54117647 0.42352941 0.64313725
v 0.02277683 0.02426884 0.01703742 0.54117647 0.42352941 0.64313725
v 0.02237968 0.02380122 0.01748104 0.54117647 0.42352941 0.64313725
v 0.02197235 0.02413095 0.01683959 0.54117647 0.42352941 0.64313725
v 0.02124425 0.02332161 0.01756497 0.54117647 0.42352941 0.64313725
v 0.01996626 0.02312377 0.01712135 0.54117647 0.42352941 0.64313725
v 0.00911601 -0.01916584 0.01306281 0.54117647 0.42352941 0.64313725
v 0.01534816 -0.02204350 0.01490924 0.54117647 0.42352941 0.64313725
v 0.01595406 -0.02284685 0.01429776 0.54117647 0.42352941 0.64313725
v 0.01625446 -0.02243918 0.01520299 0.54117647 0.42352941 0.64313725
v 0.01676363 -0.02309864 0.01469342 0.54117647 0.42352941 0.64313725
v 0.01748664 -0.02394395 0.01395605 0.54117647 0.42352941 0.64313725
v 0.01704367 -0.02414179 0.01320669 0.54117647 0.42352941 0.64313725
v 0.01785323 -0.02435162 0.01358437 0.54117647 0.42352941 0.64313725
v 0.01872390 -0.02457344 0.01395605 0.54117647 0.42352941 0.64313725
v 0.01949273 -0.02535281 0.01320070 0.54117647 0.42352941 0.64313725
v 0.01992552 -0.02514298 0.01391409 0.54117647 0.42352941 0.64313725
v 0.02086747 -0.02529885 0.01432174 0.54117647 0.42352941 0.64313725
v 0.02123407 -0.02500509 0.01504113 0.54117647 0.42352941 0.64313725
v 0.02238987 -0.02519694 0.01538883 0.54117647 0.42352941 0.64313725
v 0.02238987 -0.02556264 0.01478335 0.54117647 0.42352941 0.64313725
v 0.02363731 -0.02569453 0.01517301 0.54117647 0.42352941 0.64313725
v 0.02480839 -0.02600028 0.01511906 0.54117647 0.42352941 0.64313725
v 0.02605074 -0.02630004 0.01502914 0.54117647 0.42352941 0.64313725
v 0.02791427 -0.02540077 0.01692352 0.54117647 0.42352941 0.64313725
v 0.02836743 -0.02507104 0.01744507 0.54117647 0.42352941 0.64313725
v 0.02647335 -0.02664176 0.01456753 0.54117647 0.42352941 0.64313725
v 0.02722691 -0.02634800 0.01525694 0.54117647 0.42352941 0.64313725
v 0.02722691 -0.02574249 0.01625809 0.54117647 0.42352941 0.64313725
v 0.02872384 -0.02543674 0.01697747 0.54117647 0.42352941 0.64313725
v 0.02964542 -0.02502907 0.01761893 0.54117647 0.42352941 0.64313725
v 0.03085723 -0.02442956 0.01845222 0.54117647 0.42352941 0.64313725
v 0.03085723 -0.02503507 0.01762492 0.54117647 0.42352941 0.64313725
v 0.03206904 -0.02501109 0.01759495 0.54117647 0.42352941 0.64313725
v 0.03278695 -0.02541875 0.01695949 0.54117647 0.42352941 0.64313725
v 0.03322483 -0.02570652 0.01641995 0.54117647 0.42352941 0.64313725
v 0.03327575 -0.02637798 0.01531090 0.54117647 0.42352941 0.64313725
v 0.03455375 -0.02635400 0.01504712 0.54117647 0.42352941 0.64313725
v 0.03499672 -0.02660579 0.01448960 0.54117647 0.42352941 0.64313725
v 0.03569427 -0.02610819 0.01511906 0.54117647 0.42352941 0.64313725
v 0.03569427 -0.02653984 0.01436970 0.54117647 0.42352941 0.64313725
v 0.03696208 -0.02576647 0.01521498 0.54117647 0.42352941 0.64313725
v 0.03811279 -0.02564058 0.01490924 0.54117647 0.42352941 0.64313725
v 0.04020035 -0.02430966 0.01589839 0.54117647 0.42352941 0.64313725
v 0.03937042 -0.02511900 0.01510107 0.54117647 0.42352941 0.64313725
v 0.03899873 -0.02550269 0.01468143 0.54117647 0.42352941 0.64313725
v 0.05578580 -0.00907005 0.01472939 0.54117647 0.42352941 0.64313725
v 0.05662592 -0.00792498 0.01389610 0.54117647 0.42352941 0.64313725
v 0.05541920 -0.00060493 0.01781076 0.54117647 0.42352941 0.64313725
v 0.05481330 0.00060009 0.01862007 0.54117647 0.42352941 0.64313725
v 0.05478275 0.00181110 0.01858410 0.54117647 0.42352941 0.64313725
v 0.05695687 -0.00755928 0.01348245 0.54117647 0.42352941 0.64313725
v 0.05757296 -0.00665401 0.01270312 0.54117647 0.42352941 0.64313725
v 0.05805666 -0.00593460 0.01204368 0.54117647 0.42352941 0.64313725
v 0.05785300 -0.00549695 0.01265516 0.54117647 0.42352941 0.64313725
v 0.05792428 -0.00423198 0.01297888 0.54117647 0.42352941 0.64313725
v 0.05801084 -0.00302097 0.01315873 0.54117647 0.42352941 0.64313725
v 0.05762897 -0.00302097 0.01391409 0.54117647 0.42352941 0.64313725
v 0.05708926 -0.00302097 0.01490924 0.54117647 0.42352941 0.64313725
v 0.05679904 -0.00180995 0.01561064 0.54117647 0.42352941 0.64313725
v 0.05635097 -0.00180995 0.01633003 0.54117647 0.42352941 0.64313725
v 0.05581126 -0.00180995 0.01716332 0.54117647 0.42352941 0.64313725
v 0.05145792 -0.01638410 0.01517901 0.54117647 0.42352941 0.64313725
v 0.05032249 -0.01766706 0.01526294 0.54117647 0.42352941 0.64313725
v 0.05104550 -0.01721143 0.01483130 0.54117647 0.42352941 0.64313725
v 0.04913615 -0.01888407 0.01528691 0.54117647 0.42352941 0.64313725
v 0.04950274 -0.01925577 0.01437569 0.54117647 0.42352941 0.64313725
v 0.04989480 -0.01844642 0.01488526 0.54117647 0.42352941 0.64313725
v 0.04789888 -0.02005911 0.01524495 0.54117647 0.42352941 0.64313725
v 0.04825020 -0.02043681 0.01432773 0.54117647 0.42352941 0.64313725
v 0.04869318 -0.01962746 0.01487327 0.54117647 0.42352941 0.64313725
v 0.04660561 -0.02119219 0.01514903 0.54117647 0.42352941 0.64313725
v 0.04744064 -0.02077853 0.01480732 0.54117647 0.42352941 0.64313725
v 0.04491519 -0.02187564 0.01586242 0.54117647 0.42352941 0.64313725
v 0.04571967 -0.02159986 0.01548475 0.54117647 0.42352941 0.64313725
v 0.05216057 -0.01590449 0.01471141 0.54117647 0.42352941 0.64313725
v 0.05256281 -0.01501721 0.01501715 0.54117647 0.42352941 0.64313725
v 0.05216057 -0.01471146 0.01591038 0.54117647 0.42352941 0.64313725
v 0.05238969 -0.01387814 0.01631804 0.54117647 0.42352941 0.64313725
v 0.05429396 -0.01149208 0.01549074 0.54117647 0.42352941 0.64313725
v 0.05321963 -0.01327263 0.01570056 0.54117647 0.42352941 0.64313725
v 0.05386626 -0.01273907 0.01515503 0.54117647 0.42352941 0.64313725
v 0.05450271 -0.01220550 0.01460949 0.54117647 0.42352941 0.64313725
v 0.05550577 -0.01050888 0.01423781 0.54117647 0.42352941 0.64313725
v 0.05467583 -0.01149208 0.01488526 0.54117647 0.42352941 0.64313725
v 0.05584181 -0.01017915 0.01386613 0.54117647 0.42352941 0.64313725
v 0.05623386 -0.00907005 0.01391409 0.54117647 0.42352941 0.64313725
v 0.04100992 -0.02414179 0.01564061 0.54117647 0.42352941 0.64313725
v 0.04174311 -0.02397393 0.01538283 0.54117647 0.42352941 0.64313725
v 0.04237957 -0.02421374 0.01454355 0.54117647 0.42352941 0.64313725
v 0.04291928 -0.02357226 0.01509508 0.54117647 0.42352941 0.64313725
v 0.04471153 -0.02295476 0.01446562 0.54117647 0.42352941 0.64313725
v 0.04424819 -0.02275092 0.01519100 0.54117647 0.42352941 0.64313725
v 0.04390705 -0.02318857 0.01483730 0.54117647 0.42352941 0.64313725
v 0.05578580 0.00907120 0.01472939 0.54117647 0.42352941 0.64313725
v 0.05594364 0.00781822 0.01516102 0.54117647 0.42352941 0.64313725
v 0.05538865 0.00181110 0.01776880 0.54117647 0.42352941 0.64313725
v 0.05576034 0.00302212 0.01707939 0.54117647 0.42352941 0.64313725
v 0.05623895 0.00302212 0.01633003 0.54117647 0.42352941 0.64313725
v 0.05693142 0.00514439 0.01462748 0.54117647 0.42352941 0.64313725
v 0.05684486 0.00594774 0.01447761 0.54117647 0.42352941 0.64313725
v 0.05674303 0.00302212 0.01551472 0.54117647 0.42352941 0.64313725
v 0.05701288 0.00423313 0.01477136 0.54117647 0.42352941 0.64313725
v 0.05675830 0.00664917 0.01431574 0.54117647 0.42352941 0.64313725
v 0.05584690 0.01018030 0.01387212 0.54117647 0.42352941 0.64313725
v 0.05623895 0.00907120 0.01391409 0.54117647 0.42352941 0.64313725
v 0.05572980 0.01104360 0.01344049 0.54117647 0.42352941 0.64313725
v 0.05529191 0.01146925 0.01387212 0.54117647 0.42352941 0.64313725
v 0.05554140 0.01185294 0.01308679 0.54117647 0.42352941 0.64313725
v 0.05470638 0.01265029 0.01387212 0.54117647 0.42352941 0.64313725
v 0.05342838 0.01480853 0.01391409 0.54117647 0.42352941 0.64313725
v 0.05302614 0.01541404 0.01391409 0.54117647 0.42352941 0.64313725
v 0.05216566 0.01591164 0.01471740 0.54117647 0.42352941 0.64313725
v 0.05256790 0.01502436 0.01502314 0.54117647 0.42352941 0.64313725
v 0.05402410 0.01387330 0.01387212 0.54117647 0.42352941 0.64313725
v 0.05187544 0.01552195 0.01552072 0.54117647 0.42352941 0.64313725
v 0.05452817 0.01344764 0.01344649 0.54117647 0.42352941 0.64313725
v 0.05146302 0.01638525 0.01518500 0.54117647 0.42352941 0.64313725
v 0.05185507 0.01672098 0.01426179 0.54117647 0.42352941 0.64313725
v 0.05105060 0.01721258 0.01484329 0.54117647 0.42352941 0.64313725
v 0.05070437 0.01802192 0.01435771 0.54117647 0.42352941 0.64313725
v 0.05032758 0.01766821 0.01526893 0.54117647 0.42352941 0.64313725
v 0.04989989 0.01845357 0.01489125 0.54117647 0.42352941 0.64313725
v 0.04950784 0.01925692 0.01438169 0.54117647 0.42352941 0.64313725
v 0.04914124 0.01889121 0.01529291 0.54117647 0.42352941 0.64313725
v 0.04870336 0.01963461 0.01488526 0.54117647 0.42352941 0.64313725
v 0.04825530 0.02044395 0.01433972 0.54117647 0.42352941 0.64313725
v 0.04790907 0.02006026 0.01525095 0.54117647 0.42352941 0.64313725
v 0.04745082 0.02077968 0.01481332 0.54117647 0.42352941 0.64313725
v 0.04661070 0.02119334 0.01515503 0.54117647 0.42352941 0.64313725
v 0.04613209 0.02188878 0.01468743 0.54117647 0.42352941 0.64313725
v 0.04545490 0.02277605 0.01401000 0.54117647 0.42352941 0.64313725
v 0.04591824 0.02294991 0.01323666 0.54117647 0.42352941 0.64313725
v 0.04510868 0.02320171 0.01367429 0.54117647 0.42352941 0.64313725
v 0.04418200 0.02360338 0.01393207 0.54117647 0.42352941 0.64313725
v 0.04319423 0.02400506 0.01418985 0.54117647 0.42352941 0.64313725
v 0.04363720 0.02423887 0.01338054 0.54117647 0.42352941 0.64313725
v 0.04285818 0.02438275 0.01383615 0.54117647 0.42352941 0.64313725
v 0.04199260 0.02525204 0.01300286 0.54117647 0.42352941 0.64313725
v 0.04165147 0.02496428 0.01381217 0.54117647 0.42352941 0.64313725
v 0.04118813 0.02542590 0.01334457 0.54117647 0.42352941 0.64313725
v 0.04053131 0.02555779 0.01358437 0.54117647 0.42352941 0.64313725
v 0.03939588 0.02641510 0.01272110 0.54117647 0.42352941 0.64313725
v 0.03904455 0.02672684 0.01232544 0.54117647 0.42352941 0.64313725
v 0.03804660 0.02682876 0.01272110 0.54117647 0.42352941 0.64313725
v 0.03759854 0.02664291 0.01335656 0.54117647 0.42352941 0.64313725
v 0.02843871 0.02440073 0.01841025 0.54117647 0.42352941 0.64313725
v 0.02964542 0.02504221 0.01761893 0.54117647 0.42352941 0.64313725
v 0.03690098 0.02712852 0.01270312 0.54117647 0.42352941 0.64313725
v 0.03569427 0.02738631 0.01270312 0.54117647 0.42352941 0.64313725
v 0.03426352 0.02667289 0.01460949 0.54117647 0.42352941 0.64313725
v 0.03459448 0.02692468 0.01402799 0.54117647 0.42352941 0.64313725
v 0.03327575 0.02673284 0.01472340 0.54117647 0.42352941 0.64313725
v 0.03085723 0.02546787 0.01702543 0.54117647 0.42352941 0.64313725
v 0.03206904 0.02678080 0.01480732 0.54117647 0.42352941 0.64313725
v 0.03085723 0.02645107 0.01544278 0.54117647 0.42352941 0.64313725
v 0.03085723 0.02590551 0.01633003 0.54117647 0.42352941 0.64313725
v 0.02627986 0.02426285 0.01823640 0.54117647 0.42352941 0.64313725
v 0.02722691 0.02433479 0.01832632 0.54117647 0.42352941 0.64313725
v 0.02593363 0.02461056 0.01765489 0.54117647 0.42352941 0.64313725
v 0.02601510 0.02527003 0.01673168 0.54117647 0.42352941 0.64313725
v 0.02480839 0.02514413 0.01653985 0.54117647 0.42352941 0.64313725
v 0.02403446 0.02544988 0.01579648 0.54117647 0.42352941 0.64313725
v 0.02361695 0.02503622 0.01625209 0.54117647 0.42352941 0.64313725
v 0.01610172 0.02031206 0.01785273 0.54117647 0.42352941 0.64313725
v 0.01747136 0.02144514 0.01756497 0.54117647 0.42352941 0.64313725
v 0.01701821 0.02173290 0.01688155 0.54117647 0.42352941 0.64313725
v 0.01643776 0.02085162 0.01748704 0.54117647 0.42352941 0.64313725
v 0.01560783 0.02065978 0.01704941 0.54117647 0.42352941 0.64313725
v 0.01782268 0.02196671 0.01718130 0.54117647 0.42352941 0.64313725
v 0.00911601 0.01700275 0.01579648 0.54117647 0.42352941 0.64313725
v 0.01855078 0.02277605 0.01664176 0.54117647 0.42352941 0.64313725
v 0.02001208 0.02374727 0.01625809 0.54117647 0.42352941 0.64313725
v 0.01964039 0.02407100 0.01553271 0.54117647 0.42352941 0.64313725
v 0.01887665 0.02320171 0.01627607 0.54117647 0.42352941 0.64313725
v 0.01801616 0.02306382 0.01583845 0.54117647 0.42352941 0.64313725
v 0.02322489 0.02534197 0.01562263 0.54117647 0.42352941 0.64313725
v 0.02237968 0.02456860 0.01639597 0.54117647 0.42352941 0.64313725
v 0.02117806 0.02438874 0.01601829 0.54117647 0.42352941 0.64313725
v 0.02117806 0.02398108 0.01662378 0.54117647 0.42352941 0.64313725
v 0.02044996 0.02425086 0.01580847 0.54117647 0.42352941 0.64313725
v 0.00911601 -0.01957950 0.01243934 0.54117647 0.42352941 0.64313725
v 0.01556709 -0.02309864 0.01348845 0.54117647 0.42352941 0.64313725
v 0.01635120 -0.02332646 0.01390210 0.54117647 0.42352941 0.64313725
v 0.01666689 -0.02435762 0.01239738 0.54117647 0.42352941 0.64313725
v 0.01748664 -0.02460342 0.01276307 0.54117647 0.42352941 0.64313725
v 0.01629520 -0.02394395 0.01276307 0.54117647 0.42352941 0.64313725
v 0.01868826 -0.02520293 0.01275707 0.54117647 0.42352941 0.64313725
v 0.01904467 -0.02555065 0.01239139 0.54117647 0.42352941 0.64313725
v 0.01992552 -0.02574849 0.01275707 0.54117647 0.42352941 0.64313725
v 0.02030230 -0.02552067 0.01351842 0.54117647 0.42352941 0.64313725
v 0.02123407 -0.02565257 0.01391409 0.54117647 0.42352941 0.64313725
v 0.02167195 -0.02544274 0.01458551 0.54117647 0.42352941 0.64313725
v 0.02238987 -0.02604824 0.01391409 0.54117647 0.42352941 0.64313725
v 0.02351511 -0.02638997 0.01389011 0.54117647 0.42352941 0.64313725
v 0.02480839 -0.02648589 0.01427378 0.54117647 0.42352941 0.64313725
v 0.02566887 -0.02656982 0.01443564 0.54117647 0.42352941 0.64313725
v 0.02836743 -0.02574249 0.01644393 0.54117647 0.42352941 0.64313725
v 0.02722691 -0.02668972 0.01465146 0.54117647 0.42352941 0.64313725
v 0.02605074 -0.02687557 0.01398003 0.54117647 0.42352941 0.64313725
v 0.02722691 -0.02707941 0.01391409 0.54117647 0.42352941 0.64313725
v 0.02843871 -0.02674967 0.01475937 0.54117647 0.42352941 0.64313725
v 0.02843871 -0.02640795 0.01535885 0.54117647 0.42352941 0.64313725
v 0.02964542 -0.02589237 0.01633003 0.54117647 0.42352941 0.64313725
v 0.02964542 -0.02546072 0.01701344 0.54117647 0.42352941 0.64313725
v 0.03085723 -0.02546072 0.01701944 0.54117647 0.42352941 0.64313725
v 0.03206904 -0.02544274 0.01698946 0.54117647 0.42352941 0.64313725
v 0.03206904 -0.02585640 0.01633003 0.54117647 0.42352941 0.64313725
v 0.03206904 -0.02642594 0.01539482 0.54117647 0.42352941 0.64313725
v 0.03327575 -0.02671970 0.01470541 0.54117647 0.42352941 0.64313725
v 0.03419224 -0.02665975 0.01459750 0.54117647 0.42352941 0.64313725
v 0.03455375 -0.02691754 0.01401600 0.54117647 0.42352941 0.64313725
v 0.03569427 -0.02685758 0.01376421 0.54117647 0.42352941 0.64313725
v 0.03690098 -0.02672569 0.01351842 0.54117647 0.42352941 0.64313725
v 0.03690098 -0.02640196 0.01412391 0.54117647 0.42352941 0.64313725
v 0.03760363 -0.02664176 0.01335656 0.54117647 0.42352941 0.64313725
v 0.03804660 -0.02626407 0.01381817 0.54117647 0.42352941 0.64313725
v 0.03980321 -0.02536480 0.01443564 0.54117647 0.42352941 0.64313725
v 0.04057713 -0.02459742 0.01519100 0.54117647 0.42352941 0.64313725
v 0.03840810 -0.02652785 0.01312276 0.54117647 0.42352941 0.64313725
v 0.03937042 -0.02576048 0.01398602 0.54117647 0.42352941 0.64313725
v 0.05683467 -0.00836862 0.01324266 0.54117647 0.42352941 0.64313725
v 0.05584181 -0.00060493 0.01720528 0.54117647 0.42352941 0.64313725
v 0.05541920 0.00060009 0.01781076 0.54117647 0.42352941 0.64313725
v 0.05718600 -0.00792498 0.01278705 0.54117647 0.42352941 0.64313725
v 0.05796502 -0.00665401 0.01183386 0.54117647 0.42352941 0.64313725
v 0.05884077 -0.00544300 0.01028118 0.54117647 0.42352941 0.64313725
v 0.05832652 -0.00549695 0.01158208 0.54117647 0.42352941 0.64313725
v 0.05813304 -0.00512526 0.01221753 0.54117647 0.42352941 0.64313725
v 0.05821450 -0.00665401 0.01123437 0.54117647 0.42352941 0.64313725
v 0.05820432 -0.00423198 0.01237940 0.54117647 0.42352941 0.64313725
v 0.05828070 -0.00302097 0.01255325 0.54117647 0.42352941 0.64313725
v 0.05805666 -0.00207374 0.01326064 0.54117647 0.42352941 0.64313725
v 0.05780208 -0.00172602 0.01379419 0.54117647 0.42352941 0.64313725
v 0.05714526 -0.00180995 0.01500516 0.54117647 0.42352941 0.64313725
v 0.05682959 -0.00060493 0.01565860 0.54117647 0.42352941 0.64313725
v 0.05640698 -0.00060493 0.01633003 0.54117647 0.42352941 0.64313725
v 0.05184998 -0.01671383 0.01425579 0.54117647 0.42352941 0.64313725
v 0.05069927 -0.01801478 0.01435171 0.54117647 0.42352941 0.64313725
v 0.05141210 -0.01753517 0.01390210 0.54117647 0.42352941 0.64313725
v 0.04903431 -0.01998717 0.01395006 0.54117647 0.42352941 0.64313725
v 0.04979296 -0.01954353 0.01357238 0.54117647 0.42352941 0.64313725
v 0.05024612 -0.01878815 0.01396205 0.54117647 0.42352941 0.64313725
v 0.04776141 -0.02114423 0.01387212 0.54117647 0.42352941 0.64313725
v 0.04856079 -0.02070659 0.01352442 0.54117647 0.42352941 0.64313725
v 0.04612700 -0.02188763 0.01467544 0.54117647 0.42352941 0.64313725
v 0.04693147 -0.02158188 0.01421983 0.54117647 0.42352941 0.64313725
v 0.04533780 -0.02212144 0.01509508 0.54117647 0.42352941 0.64313725
v 0.05238969 -0.01631815 0.01387812 0.54117647 0.42352941 0.64313725
v 0.05302105 -0.01540690 0.01391409 0.54117647 0.42352941 0.64313725
v 0.05323999 -0.01451962 0.01451957 0.54117647 0.42352941 0.64313725
v 0.05302105 -0.01391411 0.01540681 0.54117647 0.42352941 0.64313725
v 0.05428886 -0.01301484 0.01424980 0.54117647 0.42352941 0.64313725
v 0.05342329 -0.01391411 0.01480133 0.54117647 0.42352941 0.64313725
v 0.05554140 -0.01184579 0.01308080 0.54117647 0.42352941 0.64313725
v 0.05528683 -0.01146210 0.01386613 0.54117647 0.42352941 0.64313725
v 0.05470128 -0.01264314 0.01387212 0.54117647 0.42352941 0.64313725
v 0.05572470 -0.01103645 0.01343450 0.54117647 0.42352941 0.64313725
v 0.05648335 -0.01019713 0.01261320 0.54117647 0.42352941 0.64313725
v 0.05671248 -0.00907005 0.01299687 0.54117647 0.42352941 0.64313725
v 0.04174311 -0.02435762 0.01477735 0.54117647 0.42352941 0.64313725
v 0.04197733 -0.02524490 0.01299087 0.54117647 0.42352941 0.64313725
v 0.04285309 -0.02436961 0.01383016 0.54117647 0.42352941 0.64313725
v 0.04361683 -0.02423172 0.01336855 0.54117647 0.42352941 0.64313725
v 0.04318913 -0.02399791 0.01417187 0.54117647 0.42352941 0.64313725
v 0.04117285 -0.02542475 0.01333258 0.54117647 0.42352941 0.64313725
v 0.04591315 -0.02294277 0.01323067 0.54117647 0.42352941 0.64313725
v 0.04545490 -0.02276291 0.01399801 0.54117647 0.42352941 0.64313725
v 0.04416672 -0.02359624 0.01391409 0.54117647 0.42352941 0.64313725
v 0.04510868 -0.02319456 0.01365631 0.54117647 0.42352941 0.64313725
v 0.05662592 0.00792613 0.01389610 0.54117647 0.42352941 0.64313725
v 0.05581635 0.00181110 0.01716332 0.54117647 0.42352941 0.64313725
v 0.05635606 0.00181110 0.01633003 0.54117647 0.42352941 0.64313725
v 0.05718091 0.00550410 0.01401000 0.54117647 0.42352941 0.64313725
v 0.05746604 0.00423313 0.01391409 0.54117647 0.42352941 0.64313725
v 0.05707907 0.00664917 0.01371026 0.54117647 0.42352941 0.64313725
v 0.05708926 0.00302212 0.01490924 0.54117647 0.42352941 0.64313725
v 0.05679904 0.00181110 0.01561064 0.54117647 0.42352941 0.64313725
v 0.05762897 0.00302212 0.01391409 0.54117647 0.42352941 0.64313725
v 0.05696197 0.00756043 0.01348245 0.54117647 0.42352941 0.64313725
v 0.05648844 0.01020428 0.01261320 0.54117647 0.42352941 0.64313725
v 0.05671757 0.00907120 0.01300286 0.54117647 0.42352941 0.64313725
v 0.05683467 0.00836977 0.01324266 0.54117647 0.42352941 0.64313725
v 0.05591819 0.01146925 0.01269113 0.54117647 0.42352941 0.64313725
v 0.05575016 0.01227859 0.01227748 0.54117647 0.42352941 0.64313725
v 0.05532756 0.01269225 0.01269113 0.54117647 0.42352941 0.64313725
v 0.05429396 0.01425099 0.01302085 0.54117647 0.42352941 0.64313725
v 0.05321963 0.01570181 0.01327863 0.54117647 0.42352941 0.64313725
v 0.05239988 0.01632530 0.01387812 0.54117647 0.42352941 0.64313725
v 0.05470638 0.01387330 0.01264917 0.54117647 0.42352941 0.64313725
v 0.05211984 0.01705671 0.01345248 0.54117647 0.42352941 0.64313725
v 0.05141719 0.01753632 0.01390809 0.54117647 0.42352941 0.64313725
v 0.05097931 0.01832767 0.01355439 0.54117647 0.42352941 0.64313725
v 0.05025121 0.01879529 0.01396804 0.54117647 0.42352941 0.64313725
v 0.04979806 0.01954468 0.01357837 0.54117647 0.42352941 0.64313725
v 0.04903941 0.01999432 0.01395605 0.54117647 0.42352941 0.64313725
v 0.04857098 0.02071373 0.01353041 0.54117647 0.42352941 0.64313725
v 0.04776650 0.02115138 0.01387812 0.54117647 0.42352941 0.64313725
v 0.04693657 0.02158902 0.01422582 0.54117647 0.42352941 0.64313725
v 0.04655469 0.02210460 0.01386013 0.54117647 0.42352941 0.64313725
v 0.04727771 0.02184681 0.01342251 0.54117647 0.42352941 0.64313725
v 0.04661579 0.02270411 0.01278105 0.54117647 0.42352941 0.64313725
v 0.04623901 0.02316574 0.01243335 0.54117647 0.42352941 0.64313725
v 0.04480827 0.02422088 0.01214559 0.54117647 0.42352941 0.64313725
v 0.04444167 0.02400506 0.01294891 0.54117647 0.42352941 0.64313725
v 0.04409035 0.02438275 0.01260720 0.54117647 0.42352941 0.64313725
v 0.04289382 0.02500624 0.01264317 0.54117647 0.42352941 0.64313725
v 0.04244576 0.02545588 0.01219955 0.54117647 0.42352941 0.64313725
v 0.04165147 0.02558177 0.01264317 0.54117647 0.42352941 0.64313725
v 0.04053131 0.02600743 0.01270312 0.54117647 0.42352941 0.64313725
v 0.03984903 0.02658896 0.01203769 0.54117647 0.42352941 0.64313725
v 0.03939588 0.02693667 0.01157608 0.54117647 0.42352941 0.64313725
v 0.03811279 0.02736233 0.01149215 0.54117647 0.42352941 0.64313725
v 0.02870347 0.02543789 0.01698347 0.54117647 0.42352941 0.64313725
v 0.02789900 0.02540192 0.01692951 0.54117647 0.42352941 0.64313725
v 0.02964542 0.02546187 0.01701944 0.54117647 0.42352941 0.64313725
v 0.03698245 0.02765009 0.01148616 0.54117647 0.42352941 0.64313725
v 0.03569427 0.02774601 0.01190580 0.54117647 0.42352941 0.64313725
v 0.03498144 0.02781196 0.01206167 0.54117647 0.42352941 0.64313725
v 0.03453847 0.02760813 0.01263718 0.54117647 0.42352941 0.64313725
v 0.03327575 0.02715250 0.01391409 0.54117647 0.42352941 0.64313725
v 0.03327575 0.02764410 0.01291294 0.54117647 0.42352941 0.64313725
v 0.03206904 0.02725441 0.01391409 0.54117647 0.42352941 0.64313725
v 0.02964542 0.02589952 0.01633003 0.54117647 0.42352941 0.64313725
v 0.03085723 0.02679878 0.01483730 0.54117647 0.42352941 0.64313725
v 0.03085723 0.02729038 0.01391409 0.54117647 0.42352941 0.64313725
v 0.02964542 0.02644507 0.01543679 0.54117647 0.42352941 0.64313725
v 0.02964542 0.02679878 0.01483130 0.54117647 0.42352941 0.64313725
v 0.02722691 0.02489233 0.01754099 0.54117647 0.42352941 0.64313725
v 0.02722691 0.02536595 0.01686957 0.54117647 0.42352941 0.64313725
v 0.02601510 0.02565971 0.01612620 0.54117647 0.42352941 0.64313725
v 0.02480839 0.02553981 0.01593436 0.54117647 0.42352941 0.64313725
v 0.02480839 0.02602541 0.01511906 0.54117647 0.42352941 0.64313725
v 0.02361695 0.02570767 0.01517901 0.54117647 0.42352941 0.64313725
v 0.01751719 0.02240436 0.01636000 0.54117647 0.42352941 0.64313725
v 0.01720660 0.02284200 0.01550873 0.54117647 0.42352941 0.64313725
v 0.01633593 0.02196671 0.01598832 0.54117647 0.42352941 0.64313725
v 0.01573003 0.02177487 0.01573054 0.54117647 0.42352941 0.64313725
v 0.01633593 0.02151108 0.01659380 0.54117647 0.42352941 0.64313725
v 0.00911601 0.01812983 0.01449559 0.54117647 0.42352941 0.64313725
v 0.00911601 0.01757229 0.01514903 0.54117647 0.42352941 0.64313725
v 0.02001208 0.02448467 0.01512505 0.54117647 0.42352941 0.64313725
v 0.01909559 0.02432280 0.01472340 0.54117647 0.42352941 0.64313725
v 0.01871881 0.02388515 0.01512505 0.54117647 0.42352941 0.64313725
v 0.01829111 0.02413095 0.01439967 0.54117647 0.42352941 0.64313725
v 0.01758338 0.02330363 0.01511306 0.54117647 0.42352941 0.64313725
v 0.02238987 0.02521008 0.01540082 0.54117647 0.42352941 0.64313725
v 0.02238987 0.02556978 0.01479533 0.54117647 0.42352941 0.64313725
v 0.02122898 0.02501823 0.01504712 0.54117647 0.42352941 0.64313725
v 0.02085729 0.02530600 0.01433373 0.54117647 0.42352941 0.64313725
v 0.00911601 -0.02021499 0.01136626 0.54117647 0.42352941 0.64313725
v 0.01586241 -0.02411781 0.01193577 0.54117647 0.42352941 0.64313725
v 0.01629520 -0.02456745 0.01151613 0.54117647 0.42352941 0.64313725
v 0.01705894 -0.02534681 0.01074279 0.54117647 0.42352941 0.64313725
v 0.01749682 -0.02519694 0.01155810 0.54117647 0.42352941 0.64313725
v 0.01824020 -0.02536480 0.01200771 0.54117647 0.42352941 0.64313725
v 0.01868826 -0.02577247 0.01155810 0.54117647 0.42352941 0.64313725
v 0.01996626 -0.02635999 0.01148616 0.54117647 0.42352941 0.64313725
v 0.02084711 -0.02652186 0.01188182 0.54117647 0.42352941 0.64313725
v 0.02121879 -0.02630004 0.01263718 0.54117647 0.42352941 0.64313725
v 0.02238987 -0.02649788 0.01305082 0.54117647 0.42352941 0.64313725
v 0.02305687 -0.02659979 0.01327263 0.54117647 0.42352941 0.64313725
v 0.02386134 -0.02670171 0.01347047 0.54117647 0.42352941 0.64313725
v 0.02480839 -0.02680363 0.01366830 0.54117647 0.42352941 0.64313725
v 0.02964542 -0.02644392 0.01542480 0.54117647 0.42352941 0.64313725
v 0.02607111 -0.02755302 0.01260720 0.54117647 0.42352941 0.64313725
v 0.02722691 -0.02761297 0.01283501 0.54117647 0.42352941 0.64313725
v 0.02843871 -0.02719331 0.01391409 0.54117647 0.42352941 0.64313725
v 0.02964542 -0.02678564 0.01481931 0.54117647 0.42352941 0.64313725
v 0.03085723 -0.02589837 0.01633003 0.54117647 0.42352941 0.64313725
v 0.03085723 -0.02644992 0.01543079 0.54117647 0.42352941 0.64313725
v 0.03206904 -0.02676766 0.01478934 0.54117647 0.42352941 0.64313725
v 0.03206904 -0.02722928 0.01391409 0.54117647 0.42352941 0.64313725
v 0.03327575 -0.02713336 0.01391409 0.54117647 0.42352941 0.64313725
v 0.03327575 -0.02763695 0.01289496 0.54117647 0.42352941 0.64313725
v 0.03452320 -0.02760098 0.01263118 0.54117647 0.42352941 0.64313725
v 0.03569427 -0.02737317 0.01270312 0.54117647 0.42352941 0.64313725
v 0.03690098 -0.02711538 0.01270312 0.54117647 0.42352941 0.64313725
v 0.03804660 -0.02681562 0.01271511 0.54117647 0.42352941 0.64313725
v 0.04053131 -0.02555065 0.01357238 0.54117647 0.42352941 0.64313725
v 0.04053131 -0.02522092 0.01417786 0.54117647 0.42352941 0.64313725
v 0.03901401 -0.02671970 0.01231945 0.54117647 0.42352941 0.64313725
v 0.03938060 -0.02640795 0.01271511 0.54117647 0.42352941 0.64313725
v 0.05700779 -0.00907005 0.01239139 0.54117647 0.42352941 0.64313725
v 0.05641207 0.00060009 0.01633003 0.54117647 0.42352941 0.64313725
v 0.05584181 0.00060009 0.01720528 0.54117647 0.42352941 0.64313725
v 0.05781736 -0.00784105 0.01143820 0.54117647 0.42352941 0.64313725
v 0.05812286 -0.00742139 0.01099458 0.54117647 0.42352941 0.64313725
v 0.05858110 -0.00665401 0.01028118 0.54117647 0.42352941 0.64313725
v 0.05917173 -0.00544300 0.00931601 0.54117647 0.42352941 0.64313725
v 0.05924811 -0.00457371 0.00955580 0.54117647 0.42352941 0.64313725
v 0.05908008 -0.00419601 0.01019726 0.54117647 0.42352941 0.64313725
v 0.05858110 -0.00423198 0.01149215 0.54117647 0.42352941 0.64313725
v 0.05873385 -0.00302097 0.01149215 0.54117647 0.42352941 0.64313725
v 0.05883568 -0.00180995 0.01149215 0.54117647 0.42352941 0.64313725
v 0.05828579 -0.00172602 0.01279304 0.54117647 0.42352941 0.64313725
v 0.05808212 -0.00127039 0.01331460 0.54117647 0.42352941 0.64313725
v 0.05777662 -0.00060493 0.01393807 0.54117647 0.42352941 0.64313725
v 0.05717072 -0.00060493 0.01505311 0.54117647 0.42352941 0.64313725
v 0.05682959 0.00060009 0.01565860 0.54117647 0.42352941 0.64313725
v 0.05211984 -0.01704956 0.01344649 0.54117647 0.42352941 0.64313725
v 0.05097422 -0.01832053 0.01354240 0.54117647 0.42352941 0.64313725
v 0.05177870 -0.01785890 0.01290695 0.54117647 0.42352941 0.64313725
v 0.04937036 -0.02034688 0.01296090 0.54117647 0.42352941 0.64313725
v 0.05060253 -0.01912987 0.01297289 0.54117647 0.42352941 0.64313725
v 0.04964531 -0.02060467 0.01215758 0.54117647 0.42352941 0.64313725
v 0.05012392 -0.01987326 0.01256524 0.54117647 0.42352941 0.64313725
v 0.04727261 -0.02183967 0.01341052 0.54117647 0.42352941 0.64313725
v 0.04813819 -0.02156389 0.01270312 0.54117647 0.42352941 0.64313725
v 0.04897830 -0.02090443 0.01261919 0.54117647 0.42352941 0.64313725
v 0.04654960 -0.02209746 0.01385414 0.54117647 0.42352941 0.64313725
v 0.05321453 -0.01569466 0.01327263 0.54117647 0.42352941 0.64313725
v 0.05342329 -0.01480139 0.01391409 0.54117647 0.42352941 0.64313725
v 0.05401901 -0.01387214 0.01387212 0.54117647 0.42352941 0.64313725
v 0.05452817 -0.01344049 0.01344049 0.54117647 0.42352941 0.64313725
v 0.05532246 -0.01268511 0.01268513 0.54117647 0.42352941 0.64313725
v 0.05574507 -0.01227145 0.01227149 0.54117647 0.42352941 0.64313725
v 0.05591309 -0.01146210 0.01268513 0.54117647 0.42352941 0.64313725
v 0.05673284 -0.01054485 0.01179190 0.54117647 0.42352941 0.64313725
v 0.05689068 -0.00974150 0.01214559 0.54117647 0.42352941 0.64313725
v 0.04243558 -0.02544873 0.01218756 0.54117647 0.42352941 0.64313725
v 0.04288364 -0.02499310 0.01263118 0.54117647 0.42352941 0.64313725
v 0.04480827 -0.02421973 0.01213960 0.54117647 0.42352941 0.64313725
v 0.04442640 -0.02400391 0.01294891 0.54117647 0.42352941 0.64313725
v 0.04408017 -0.02437560 0.01260720 0.54117647 0.42352941 0.64313725
v 0.04053131 -0.02598230 0.01270312 0.54117647 0.42352941 0.64313725
v 0.04164128 -0.02556863 0.01263118 0.54117647 0.42352941 0.64313725
v 0.04661070 -0.02269097 0.01278105 0.54117647 0.42352941 0.64313725
v 0.04535816 -0.02358425 0.01268513 0.54117647 0.42352941 0.64313725
v 0.04622883 -0.02316459 0.01242735 0.54117647 0.42352941 0.64313725
v 0.05785809 0.00549810 0.01265516 0.54117647 0.42352941 0.64313725
v 0.05801084 0.00302212 0.01315873 0.54117647 0.42352941 0.64313725
v 0.05792938 0.00423313 0.01298488 0.54117647 0.42352941 0.64313725
v 0.05757805 0.00664917 0.01270312 0.54117647 0.42352941 0.64313725
v 0.05714526 0.00181110 0.01500516 0.54117647 0.42352941 0.64313725
v 0.05780208 0.00173317 0.01379419 0.54117647 0.42352941 0.64313725
v 0.05805666 0.00208688 0.01326064 0.54117647 0.42352941 0.64313725
v 0.05719109 0.00792613 0.01278705 0.54117647 0.42352941 0.64313725
v 0.05689577 0.00974865 0.01215758 0.54117647 0.42352941 0.64313725
v 0.05673284 0.01055799 0.01179789 0.54117647 0.42352941 0.64313725
v 0.05701288 0.00907120 0.01239738 0.54117647 0.42352941 0.64313725
v 0.05651899 0.01143328 0.01143220 0.54117647 0.42352941 0.64313725
v 0.05591819 0.01269225 0.01146817 0.54117647 0.42352941 0.64313725
v 0.05554140 0.01308194 0.01185185 0.54117647 0.42352941 0.64313725
v 0.05450780 0.01461669 0.01221154 0.54117647 0.42352941 0.64313725
v 0.05386626 0.01516225 0.01274508 0.54117647 0.42352941 0.64313725
v 0.05344366 0.01601955 0.01247531 0.54117647 0.42352941 0.64313725
v 0.05299559 0.01638525 0.01280503 0.54117647 0.42352941 0.64313725
v 0.05315852 0.01682889 0.01194177 0.54117647 0.42352941 0.64313725
v 0.05227767 0.01748836 0.01258322 0.54117647 0.42352941 0.64313725
v 0.05202819 0.01814782 0.01210363 0.54117647 0.42352941 0.64313725
v 0.05178888 0.01786005 0.01290695 0.54117647 0.42352941 0.64313725
v 0.05132554 0.01864541 0.01254126 0.54117647 0.42352941 0.64313725
v 0.05086730 0.01940680 0.01217557 0.54117647 0.42352941 0.64313725
v 0.05060253 0.01913701 0.01298488 0.54117647 0.42352941 0.64313725
v 0.05012392 0.01988041 0.01257123 0.54117647 0.42352941 0.64313725
v 0.04937545 0.02035402 0.01296689 0.54117647 0.42352941 0.64313725
v 0.04898340 0.02091157 0.01261919 0.54117647 0.42352941 0.64313725
v 0.04838259 0.02176288 0.01207366 0.54117647 0.42352941 0.64313725
v 0.04815346 0.02157703 0.01270312 0.54117647 0.42352941 0.64313725
v 0.04754756 0.02205664 0.01270312 0.54117647 0.42352941 0.64313725
v 0.04704349 0.02288397 0.01189381 0.54117647 0.42352941 0.64313725
v 0.04661579 0.02338156 0.01149215 0.54117647 0.42352941 0.64313725
v 0.04593861 0.02417292 0.01083272 0.54117647 0.42352941 0.64313725
v 0.04567384 0.02401105 0.01149215 0.54117647 0.42352941 0.64313725
v 0.04506794 0.02437675 0.01149215 0.54117647 0.42352941 0.64313725
v 0.04407508 0.02497027 0.01140822 0.54117647 0.42352941 0.64313725
v 0.04325532 0.02525204 0.01175593 0.54117647 0.42352941 0.64313725
v 0.04361174 0.02543789 0.01095261 0.54117647 0.42352941 0.64313725
v 0.04289382 0.02558777 0.01140822 0.54117647 0.42352941 0.64313725
v 0.04174311 0.02607337 0.01149215 0.54117647 0.42352941 0.64313725
v 0.04063823 0.02648704 0.01157608 0.54117647 0.42352941 0.64313725
v 0.04030728 0.02676281 0.01122838 0.54117647 0.42352941 0.64313725
v 0.03924313 0.02753019 0.01019726 0.54117647 0.42352941 0.64313725
v 0.03811279 0.02772203 0.01059891 0.54117647 0.42352941 0.64313725
v 0.03743560 0.02781196 0.01083871 0.54117647 0.42352941 0.64313725
v 0.02843871 0.02641510 0.01537684 0.54117647 0.42352941 0.64313725
v 0.02835725 0.02574364 0.01644992 0.54117647 0.42352941 0.64313725
v 0.02722691 0.02574964 0.01626408 0.54117647 0.42352941 0.64313725
v 0.03663113 0.02790189 0.01107251 0.54117647 0.42352941 0.64313725
v 0.03569427 0.02799781 0.01130032 0.54117647 0.42352941 0.64313725
v 0.03448756 0.02857934 0.01028118 0.54117647 0.42352941 0.64313725
v 0.03453847 0.02806376 0.01158807 0.54117647 0.42352941 0.64313725
v 0.03417188 0.02786592 0.01218756 0.54117647 0.42352941 0.64313725
v 0.03206904 0.02769206 0.01301485 0.54117647 0.42352941 0.64313725
v 0.03327575 0.02791987 0.01230746 0.54117647 0.42352941 0.64313725
v 0.03085723 0.02771004 0.01305682 0.54117647 0.42352941 0.64313725
v 0.02964542 0.02770405 0.01304483 0.54117647 0.42352941 0.64313725
v 0.02964542 0.02727839 0.01391409 0.54117647 0.42352941 0.64313725
v 0.02843871 0.02676281 0.01477136 0.54117647 0.42352941 0.64313725
v 0.02843871 0.02721245 0.01391409 0.54117647 0.42352941 0.64313725
v 0.02722691 0.02635515 0.01527493 0.54117647 0.42352941 0.64313725
v 0.02641734 0.02665490 0.01457952 0.54117647 0.42352941 0.64313725
v 0.02601510 0.02631318 0.01504113 0.54117647 0.42352941 0.64313725
v 0.02560777 0.02658296 0.01444763 0.54117647 0.42352941 0.64313725
v 0.02480839 0.02649903 0.01428577 0.54117647 0.42352941 0.64313725
v 0.02351511 0.02639711 0.01389011 0.54117647 0.42352941 0.64313725
v 0.01634102 0.02257822 0.01511306 0.54117647 0.42352941 0.64313725
v 0.01674326 0.02310579 0.01469942 0.54117647 0.42352941 0.64313725
v 0.01593878 0.02285999 0.01430375 0.54117647 0.42352941 0.64313725
v 0.00911601 0.01920296 0.01303284 0.54117647 0.42352941 0.64313725
v 0.00911601 0.01851952 0.01397404 0.54117647 0.42352941 0.64313725
v 0.01991534 0.02515013 0.01392008 0.54117647 0.42352941 0.64313725
v 0.01947746 0.02535995 0.01321268 0.54117647 0.42352941 0.64313725
v 0.01871881 0.02458658 0.01396205 0.54117647 0.42352941 0.64313725
v 0.01747645 0.02395709 0.01396205 0.54117647 0.42352941 0.64313725
v 0.01783287 0.02435877 0.01359636 0.54117647 0.42352941 0.64313725
v 0.02166176 0.02544988 0.01459151 0.54117647 0.42352941 0.64313725
v 0.02238987 0.02605539 0.01391409 0.54117647 0.42352941 0.64313725
v 0.02122898 0.02565971 0.01392008 0.54117647 0.42352941 0.64313725
v 0.02028703 0.02552782 0.01352442 0.54117647 0.42352941 0.64313725
v 0.00911601 -0.02077853 0.01029917 0.54117647 0.42352941 0.64313725
v 0.01555691 -0.02430966 0.01113246 0.54117647 0.42352941 0.64313725
v 0.01635120 -0.02511900 0.01031715 0.54117647 0.42352941 0.64313725
v 0.01676363 -0.02550868 0.00993348 0.54117647 0.42352941 0.64313725
v 0.01749682 -0.02573050 0.01031715 0.54117647 0.42352941 0.64313725
v 0.01786342 -0.02555065 0.01119840 0.54117647 0.42352941 0.64313725
v 0.01955893 -0.02653984 0.01068284 0.54117647 0.42352941 0.64313725
v 0.02036340 -0.02669572 0.01107851 0.54117647 0.42352941 0.64313725
v 0.02121879 -0.02682161 0.01148616 0.54117647 0.42352941 0.64313725
v 0.02165158 -0.02665975 0.01219355 0.54117647 0.42352941 0.64313725
v 0.02238987 -0.02677965 0.01244534 0.54117647 0.42352941 0.64313725
v 0.02351511 -0.02692953 0.01280503 0.54117647 0.42352941 0.64313725
v 0.02480839 -0.02727125 0.01270312 0.54117647 0.42352941 0.64313725
v 0.02570451 -0.02777484 0.01197774 0.54117647 0.42352941 0.64313725
v 0.02651408 -0.02784678 0.01213960 0.54117647 0.42352941 0.64313725
v 0.02843871 -0.02766693 0.01295490 0.54117647 0.42352941 0.64313725
v 0.02722691 -0.02788875 0.01222952 0.54117647 0.42352941 0.64313725
v 0.02843871 -0.02794270 0.01235542 0.54117647 0.42352941 0.64313725
v 0.02964542 -0.02769690 0.01303284 0.54117647 0.42352941 0.64313725
v 0.02964542 -0.02725926 0.01391409 0.54117647 0.42352941 0.64313725
v 0.03085723 -0.02678564 0.01482531 0.54117647 0.42352941 0.64313725
v 0.03085723 -0.02727125 0.01391409 0.54117647 0.42352941 0.64313725
v 0.03206904 -0.02768491 0.01299687 0.54117647 0.42352941 0.64313725
v 0.03327575 -0.02791273 0.01228947 0.54117647 0.42352941 0.64313725
v 0.03414133 -0.02786477 0.01217557 0.54117647 0.42352941 0.64313725
v 0.03495089 -0.02780482 0.01204968 0.54117647 0.42352941 0.64313725
v 0.03569427 -0.02773887 0.01188781 0.54117647 0.42352941 0.64313725
v 0.03696208 -0.02763695 0.01147417 0.54117647 0.42352941 0.64313725
v 0.03811279 -0.02733720 0.01149215 0.54117647 0.42352941 0.64313725
v 0.03982357 -0.02658181 0.01201371 0.54117647 0.42352941 0.64313725
v 0.03938060 -0.02692353 0.01156409 0.54117647 0.42352941 0.64313725
v 0.05740494 -0.00907005 0.01149215 0.54117647 0.42352941 0.64313725
v 0.05800575 -0.00822474 0.01070083 0.54117647 0.42352941 0.64313725
v 0.05827051 -0.00784105 0.01029318 0.54117647 0.42352941 0.64313725
v 0.05904444 -0.00656409 0.00897430 0.54117647 0.42352941 0.64313725
v 0.05868293 -0.00785903 0.00907022 0.54117647 0.42352941 0.64313725
v 0.05929902 -0.00610246 0.00850670 0.54117647 0.42352941 0.64313725
v 0.05936521 -0.00544300 0.00871052 0.54117647 0.42352941 0.64313725
v 0.05944159 -0.00419601 0.00912417 0.54117647 0.42352941 0.64313725
v 0.05930920 -0.00377036 0.00973565 0.54117647 0.42352941 0.64313725
v 0.05913609 -0.00302097 0.01046703 0.54117647 0.42352941 0.64313725
v 0.05918700 -0.00180995 0.01061090 0.54117647 0.42352941 0.64313725
v 0.05889169 -0.00060493 0.01149215 0.54117647 0.42352941 0.64313725
v 0.05837235 -0.00060493 0.01270312 0.54117647 0.42352941 0.64313725
v 0.05808721 -0.00060493 0.01333258 0.54117647 0.42352941 0.64313725
v 0.05809231 0.00060009 0.01333258 0.54117647 0.42352941 0.64313725
v 0.05777662 0.00060009 0.01393807 0.54117647 0.42352941 0.64313725
v 0.05717072 0.00060009 0.01505311 0.54117647 0.42352941 0.64313725
v 0.05314834 -0.01682175 0.01192978 0.54117647 0.42352941 0.64313725
v 0.05298541 -0.01638410 0.01279904 0.54117647 0.42352941 0.64313725
v 0.05202819 -0.01814667 0.01209764 0.54117647 0.42352941 0.64313725
v 0.05227258 -0.01748720 0.01258322 0.54117647 0.42352941 0.64313725
v 0.05132045 -0.01863827 0.01253526 0.54117647 0.42352941 0.64313725
v 0.05085712 -0.01939965 0.01216358 0.54117647 0.42352941 0.64313725
v 0.05044469 -0.02020300 0.01149215 0.54117647 0.42352941 0.64313725
v 0.04837240 -0.02175573 0.01206167 0.54117647 0.42352941 0.64313725
v 0.04902413 -0.02145598 0.01158807 0.54117647 0.42352941 0.64313725
v 0.04944164 -0.02162984 0.01057493 0.54117647 0.42352941 0.64313725
v 0.04983879 -0.02078452 0.01149215 0.54117647 0.42352941 0.64313725
v 0.04753229 -0.02204949 0.01270312 0.54117647 0.42352941 0.64313725
v 0.05344366 -0.01601240 0.01246332 0.54117647 0.42352941 0.64313725
v 0.05386626 -0.01515510 0.01273909 0.54117647 0.42352941 0.64313725
v 0.05428886 -0.01424984 0.01300886 0.54117647 0.42352941 0.64313725
v 0.05470128 -0.01387214 0.01264317 0.54117647 0.42352941 0.64313725
v 0.05554140 -0.01308079 0.01184585 0.54117647 0.42352941 0.64313725
v 0.05591309 -0.01268511 0.01146218 0.54117647 0.42352941 0.64313725
v 0.05651390 -0.01143213 0.01143220 0.54117647 0.42352941 0.64313725
v 0.05691105 -0.01098849 0.01098858 0.54117647 0.42352941 0.64313725
v 0.05702816 -0.01019713 0.01143220 0.54117647 0.42352941 0.64313725
v 0.04174311 -0.02606023 0.01149215 0.54117647 0.42352941 0.64313725
v 0.04288364 -0.02558062 0.01140223 0.54117647 0.42352941 0.64313725
v 0.04360665 -0.02543074 0.01094062 0.54117647 0.42352941 0.64313725
v 0.04324005 -0.02524490 0.01174993 0.54117647 0.42352941 0.64313725
v 0.04406998 -0.02496912 0.01140223 0.54117647 0.42352941 0.64313725
v 0.04505776 -0.02436961 0.01149215 0.54117647 0.42352941 0.64313725
v 0.04592333 -0.02416577 0.01081473 0.54117647 0.42352941 0.64313725
v 0.04566366 -0.02400391 0.01149215 0.54117647 0.42352941 0.64313725
v 0.04063823 -0.02647390 0.01156409 0.54117647 0.42352941 0.64313725
v 0.04703331 -0.02287682 0.01188182 0.54117647 0.42352941 0.64313725
v 0.04661070 -0.02336842 0.01148616 0.54117647 0.42352941 0.64313725
v 0.05813304 0.00513240 0.01221753 0.54117647 0.42352941 0.64313725
v 0.05805666 0.00593575 0.01204968 0.54117647 0.42352941 0.64313725
v 0.05828070 0.00302212 0.01255924 0.54117647 0.42352941 0.64313725
v 0.05820432 0.00423313 0.01237940 0.54117647 0.42352941 0.64313725
v 0.05797011 0.00664917 0.01183986 0.54117647 0.42352941 0.64313725
v 0.05808212 0.00127754 0.01331460 0.54117647 0.42352941 0.64313725
v 0.05828579 0.00173317 0.01279304 0.54117647 0.42352941 0.64313725
v 0.05884077 0.00181110 0.01149215 0.54117647 0.42352941 0.64313725
v 0.05781736 0.00784220 0.01143820 0.54117647 0.42352941 0.64313725
v 0.05703325 0.01020428 0.01143220 0.54117647 0.42352941 0.64313725
v 0.05741003 0.00907120 0.01149215 0.54117647 0.42352941 0.64313725
v 0.05691105 0.01098964 0.01099458 0.54117647 0.42352941 0.64313725
v 0.05673284 0.01179898 0.01055095 0.54117647 0.42352941 0.64313725
v 0.05648844 0.01261432 0.01020325 0.54117647 0.42352941 0.64313725
v 0.05572980 0.01343565 0.01104254 0.54117647 0.42352941 0.64313725
v 0.05529191 0.01386730 0.01146817 0.54117647 0.42352941 0.64313725
v 0.05468092 0.01489247 0.01149215 0.54117647 0.42352941 0.64313725
v 0.05429905 0.01549797 0.01149215 0.54117647 0.42352941 0.64313725
v 0.05367787 0.01638525 0.01152213 0.54117647 0.42352941 0.64313725
v 0.05336219 0.01709867 0.01113246 0.54117647 0.42352941 0.64313725
v 0.05283266 0.01751833 0.01152213 0.54117647 0.42352941 0.64313725
v 0.05219112 0.01833966 0.01149215 0.54117647 0.42352941 0.64313725
v 0.05165650 0.01894517 0.01149215 0.54117647 0.42352941 0.64313725
v 0.05105569 0.01960463 0.01149215 0.54117647 0.42352941 0.64313725
v 0.05045488 0.02021014 0.01149215 0.54117647 0.42352941 0.64313725
v 0.04964531 0.02060582 0.01215758 0.54117647 0.42352941 0.64313725
v 0.04902413 0.02146312 0.01160006 0.54117647 0.42352941 0.64313725
v 0.04863208 0.02197271 0.01126435 0.54117647 0.42352941 0.64313725
v 0.04785306 0.02242834 0.01158208 0.54117647 0.42352941 0.64313725
v 0.04732353 0.02308780 0.01109049 0.54117647 0.42352941 0.64313725
v 0.04619319 0.02434078 0.01002341 0.54117647 0.42352941 0.64313725
v 0.04547018 0.02464054 0.01037111 0.54117647 0.42352941 0.64313725
v 0.04447731 0.02525204 0.01028118 0.54117647 0.42352941 0.64313725
v 0.04659034 0.02392112 0.01037111 0.54117647 0.42352941 0.64313725
v 0.04387141 0.02556978 0.01028118 0.54117647 0.42352941 0.64313725
v 0.04295492 0.02603141 0.01028118 0.54117647 0.42352941 0.64313725
v 0.04230828 0.02660095 0.00962774 0.54117647 0.42352941 0.64313725
v 0.04183985 0.02649303 0.01038909 0.54117647 0.42352941 0.64313725
v 0.04111685 0.02660694 0.01086868 0.54117647 0.42352941 0.64313725
v 0.04063823 0.02696665 0.01038909 0.54117647 0.42352941 0.64313725
v 0.03959445 0.02771604 0.00935797 0.54117647 0.42352941 0.64313725
v 0.03878998 0.02784793 0.00974165 0.54117647 0.42352941 0.64313725
v 0.03811279 0.02793786 0.00999343 0.54117647 0.42352941 0.64313725
v 0.03698245 0.02808174 0.01037710 0.54117647 0.42352941 0.64313725
v 0.03569427 0.02838749 0.01028118 0.54117647 0.42352941 0.64313725
v 0.03327575 0.02872921 0.01028118 0.54117647 0.42352941 0.64313725
v 0.03327575 0.02826159 0.01149215 0.54117647 0.42352941 0.64313725
v 0.03448756 0.02891506 0.00929203 0.54117647 0.42352941 0.64313725
v 0.03327575 0.02898700 0.00952583 0.54117647 0.42352941 0.64313725
v 0.03206904 0.02796783 0.01240937 0.54117647 0.42352941 0.64313725
v 0.03206904 0.02835752 0.01149215 0.54117647 0.42352941 0.64313725
v 0.03085723 0.02798582 0.01245133 0.54117647 0.42352941 0.64313725
v 0.02843871 0.02767407 0.01297289 0.54117647 0.42352941 0.64313725
v 0.02964542 0.02797982 0.01243934 0.54117647 0.42352941 0.64313725
v 0.02722691 0.02670286 0.01466944 0.54117647 0.42352941 0.64313725
v 0.02722691 0.02709854 0.01391409 0.54117647 0.42352941 0.64313725
v 0.02601510 0.02688272 0.01399202 0.54117647 0.42352941 0.64313725
v 0.02480839 0.02680478 0.01368628 0.54117647 0.42352941 0.64313725
v 0.02386644 0.02670286 0.01347646 0.54117647 0.42352941 0.64313725
v 0.02305687 0.02660095 0.01327263 0.54117647 0.42352941 0.64313725
v 0.01702839 0.02414894 0.01321868 0.54117647 0.42352941 0.64313725
v 0.01634102 0.02333960 0.01390809 0.54117647 0.42352941 0.64313725
v 0.01556200 0.02309979 0.01350044 0.54117647 0.42352941 0.64313725
v 0.00911601 0.01958665 0.01245133 0.54117647 0.42352941 0.64313725
v 0.01868317 0.02521008 0.01276307 0.54117647 0.42352941 0.64313725
v 0.01991534 0.02576163 0.01276307 0.54117647 0.42352941 0.64313725
v 0.01903449 0.02555779 0.01240338 0.54117647 0.42352941 0.64313725
v 0.01822492 0.02537194 0.01201970 0.54117647 0.42352941 0.64313725
v 0.01747645 0.02461056 0.01276906 0.54117647 0.42352941 0.64313725
v 0.02238987 0.02649903 0.01306281 0.54117647 0.42352941 0.64313725
v 0.02120352 0.02630718 0.01264917 0.54117647 0.42352941 0.64313725
v 0.00911601 -0.02133607 0.00907621 0.54117647 0.42352941 0.64313725
v 0.01595406 -0.02528087 0.00933399 0.54117647 0.42352941 0.64313725
v 0.00911601 -0.02167780 0.00823693 0.54117647 0.42352941 0.64313725
v 0.01635120 -0.02562859 0.00898629 0.54117647 0.42352941 0.64313725
v 0.01762411 -0.02627606 0.00901027 0.54117647 0.42352941 0.64313725
v 0.01838276 -0.02650987 0.00936996 0.54117647 0.42352941 0.64313725
v 0.01877482 -0.02634800 0.01028118 0.54117647 0.42352941 0.64313725
v 0.01918724 -0.02669572 0.00987953 0.54117647 0.42352941 0.64313725
v 0.01996626 -0.02685159 0.01028118 0.54117647 0.42352941 0.64313725
v 0.02117806 -0.02729523 0.01028118 0.54117647 0.42352941 0.64313725
v 0.02238987 -0.02719331 0.01149215 0.54117647 0.42352941 0.64313725
v 0.02363731 -0.02756501 0.01142021 0.54117647 0.42352941 0.64313725
v 0.02480839 -0.02769091 0.01176192 0.54117647 0.42352941 0.64313725
v 0.02480839 -0.02793671 0.01115644 0.54117647 0.42352941 0.64313725
v 0.02607111 -0.02801464 0.01154011 0.54117647 0.42352941 0.64313725
v 0.02601510 -0.02849426 0.01028118 0.54117647 0.42352941 0.64313725
v 0.02722691 -0.02865612 0.01028118 0.54117647 0.42352941 0.64313725
v 0.02722691 -0.02818850 0.01149215 0.54117647 0.42352941 0.64313725
v 0.02964542 -0.02797867 0.01242735 0.54117647 0.42352941 0.64313725
v 0.02843871 -0.02830241 0.01149215 0.54117647 0.42352941 0.64313725
v 0.03085723 -0.02770290 0.01303883 0.54117647 0.42352941 0.64313725
v 0.03206904 -0.02796069 0.01239139 0.54117647 0.42352941 0.64313725
v 0.03327575 -0.02824845 0.01149215 0.54117647 0.42352941 0.64313725
v 0.03452320 -0.02805661 0.01158208 0.54117647 0.42352941 0.64313725
v 0.03569427 -0.02798467 0.01128233 0.54117647 0.42352941 0.64313725
v 0.03659549 -0.02789474 0.01106052 0.54117647 0.42352941 0.64313725
v 0.03740505 -0.02780482 0.01082072 0.54117647 0.42352941 0.64313725
v 0.03811279 -0.02770889 0.01058093 0.54117647 0.42352941 0.64313725
v 0.03924313 -0.02752304 0.01019726 0.54117647 0.42352941 0.64313725
v 0.04030219 -0.02675567 0.01121039 0.54117647 0.42352941 0.64313725
v 0.05788355 -0.00910002 0.01029318 0.54117647 0.42352941 0.64313725
v 0.05815850 -0.00871634 0.00989751 0.54117647 0.42352941 0.64313725
v 0.05920737 -0.00690581 0.00817099 0.54117647 0.42352941 0.64313725
v 0.05830106 -0.00910002 0.00910019 0.54117647 0.42352941 0.64313725
v 0.05868293 -0.00907005 0.00785925 0.54117647 0.42352941 0.64313725
v 0.05907499 -0.00780508 0.00780530 0.54117647 0.42352941 0.64313725
v 0.05938558 -0.00656409 0.00780530 0.54117647 0.42352941 0.64313725
v 0.05960452 -0.00544300 0.00785925 0.54117647 0.42352941 0.64313725
v 0.05980818 -0.00423198 0.00785925 0.54117647 0.42352941 0.64313725
v 0.05960452 -0.00302097 0.00907022 0.54117647 0.42352941 0.64313725
v 0.05935503 -0.00302097 0.00986154 0.54117647 0.42352941 0.64313725
v 0.05940594 -0.00180995 0.01000542 0.54117647 0.42352941 0.64313725
v 0.05921246 -0.00060493 0.01068284 0.54117647 0.42352941 0.64313725
v 0.05889169 0.00060009 0.01149215 0.54117647 0.42352941 0.64313725
v 0.05837235 0.00060009 0.01270312 0.54117647 0.42352941 0.64313725
v 0.05282757 -0.01751718 0.01151014 0.54117647 0.42352941 0.64313725
v 0.05335710 -0.01709153 0.01112646 0.54117647 0.42352941 0.64313725
v 0.05367278 -0.01638410 0.01151014 0.54117647 0.42352941 0.64313725
v 0.05165141 -0.01893802 0.01149215 0.54117647 0.42352941 0.64313725
v 0.05218603 -0.01833252 0.01149215 0.54117647 0.42352941 0.64313725
v 0.05104550 -0.01959749 0.01149215 0.54117647 0.42352941 0.64313725
v 0.05068400 -0.02043681 0.01064088 0.54117647 0.42352941 0.64313725
v 0.04784288 -0.02242119 0.01157009 0.54117647 0.42352941 0.64313725
v 0.04863208 -0.02196556 0.01125236 0.54117647 0.42352941 0.64313725
v 0.04902413 -0.02214542 0.01021524 0.54117647 0.42352941 0.64313725
v 0.04965549 -0.02182168 0.00977162 0.54117647 0.42352941 0.64313725
v 0.05016975 -0.02113824 0.01020325 0.54117647 0.42352941 0.64313725
v 0.05429396 -0.01548483 0.01149215 0.54117647 0.42352941 0.64313725
v 0.05450271 -0.01460954 0.01220554 0.54117647 0.42352941 0.64313725
v 0.05528683 -0.01386615 0.01146218 0.54117647 0.42352941 0.64313725
v 0.05572470 -0.01343450 0.01103654 0.54117647 0.42352941 0.64313725
v 0.05648335 -0.01261317 0.01019726 0.54117647 0.42352941 0.64313725
v 0.05673284 -0.01179783 0.01054496 0.54117647 0.42352941 0.64313725
v 0.05702816 -0.01143213 0.01019726 0.54117647 0.42352941 0.64313725
v 0.05746095 -0.01028106 0.01028118 0.54117647 0.42352941 0.64313725
v 0.04295492 -0.02601827 0.01028118 0.54117647 0.42352941 0.64313725
v 0.04110666 -0.02660579 0.01085669 0.54117647 0.42352941 0.64313725
v 0.04182967 -0.02648589 0.01038310 0.54117647 0.42352941 0.64313725
v 0.04385614 -0.02556264 0.01028118 0.54117647 0.42352941 0.64313725
v 0.04445695 -0.02523890 0.01028118 0.54117647 0.42352941 0.64313725
v 0.04546000 -0.02462740 0.01035912 0.54117647 0.42352941 0.64313725
v 0.04618301 -0.02433364 0.01000542 0.54117647 0.42352941 0.64313725
v 0.04658524 -0.02391398 0.01035912 0.54117647 0.42352941 0.64313725
v 0.04731335 -0.02308066 0.01107851 0.54117647 0.42352941 0.64313725
v 0.05832652 0.00549810 0.01158208 0.54117647 0.42352941 0.64313725
v 0.05858110 0.00423313 0.01149215 0.54117647 0.42352941 0.64313725
v 0.05821959 0.00664917 0.01123437 0.54117647 0.42352941 0.64313725
v 0.05884077 0.00544415 0.01028118 0.54117647 0.42352941 0.64313725
v 0.05873894 0.00302212 0.01149215 0.54117647 0.42352941 0.64313725
v 0.05812286 0.00742254 0.01100057 0.54117647 0.42352941 0.64313725
v 0.05918700 0.00181110 0.01061090 0.54117647 0.42352941 0.64313725
v 0.05921246 0.00060009 0.01068284 0.54117647 0.42352941 0.64313725
v 0.05801084 0.00823188 0.01070682 0.54117647 0.42352941 0.64313725
v 0.05746604 0.01028221 0.01028118 0.54117647 0.42352941 0.64313725
v 0.05788355 0.00910118 0.01029318 0.54117647 0.42352941 0.64313725
v 0.05702816 0.01143328 0.01020325 0.54117647 0.42352941 0.64313725
v 0.05689577 0.01215269 0.00974764 0.54117647 0.42352941 0.64313725
v 0.05671757 0.01300400 0.00907022 0.54117647 0.42352941 0.64313725
v 0.05584690 0.01386730 0.01017927 0.54117647 0.42352941 0.64313725
v 0.05550577 0.01424499 0.01051499 0.54117647 0.42352941 0.64313725
v 0.05444671 0.01572579 0.01088067 0.54117647 0.42352941 0.64313725
v 0.05421758 0.01636127 0.01040108 0.54117647 0.42352941 0.64313725
v 0.05355567 0.01735646 0.01028118 0.54117647 0.42352941 0.64313725
v 0.05309233 0.01796197 0.01028118 0.54117647 0.42352941 0.64313725
v 0.05243042 0.01878330 0.01023922 0.54117647 0.42352941 0.64313725
v 0.05189071 0.01920296 0.01061090 0.54117647 0.42352941 0.64313725
v 0.05139682 0.01993437 0.01022723 0.54117647 0.42352941 0.64313725
v 0.05069418 0.02044395 0.01065287 0.54117647 0.42352941 0.64313725
v 0.04984897 0.02079167 0.01149215 0.54117647 0.42352941 0.64313725
v 0.04944164 0.02163099 0.01058692 0.54117647 0.42352941 0.64313725
v 0.04902413 0.02214657 0.01022124 0.54117647 0.42352941 0.64313725
v 0.04817383 0.02281203 0.01028118 0.54117647 0.42352941 0.64313725
v 0.04756793 0.02326766 0.01028118 0.54117647 0.42352941 0.64313725
v 0.04699766 0.02407100 0.00933399 0.54117647 0.42352941 0.64313725
v 0.04659034 0.02446668 0.00898629 0.54117647 0.42352941 0.64313725
v 0.04537853 0.02516811 0.00916014 0.54117647 0.42352941 0.64313725
v 0.04473190 0.02538393 0.00961575 0.54117647 0.42352941 0.64313725
v 0.04298547 0.02643908 0.00916614 0.54117647 0.42352941 0.64313725
v 0.04260360 0.02673883 0.00882443 0.54117647 0.42352941 0.64313725
v 0.04183985 0.02694866 0.00916614 0.54117647 0.42352941 0.64313725
v 0.04149872 0.02676281 0.01005937 0.54117647 0.42352941 0.64313725
v 0.04046003 0.02753618 0.00900427 0.54117647 0.42352941 0.64313725
v 0.04000687 0.02785393 0.00854866 0.54117647 0.42352941 0.64313725
v 0.03924313 0.02794985 0.00900427 0.54117647 0.42352941 0.64313725
v 0.03811279 0.02825560 0.00907022 0.54117647 0.42352941 0.64313725
v 0.03690098 0.02854936 0.00907022 0.54117647 0.42352941 0.64313725
v 0.03563826 0.02883113 0.00898629 0.54117647 0.42352941 0.64313725
v 0.03520038 0.02905895 0.00853068 0.54117647 0.42352941 0.64313725
v 0.03241018 0.02902897 0.00964573 0.54117647 0.42352941 0.64313725
v 0.03203339 0.02886111 0.01017328 0.54117647 0.42352941 0.64313725
v 0.03448756 0.02910691 0.00868655 0.54117647 0.42352941 0.64313725
v 0.03327575 0.02917885 0.00892035 0.54117647 0.42352941 0.64313725
v 0.03085723 0.02839349 0.01149215 0.54117647 0.42352941 0.64313725
v 0.02964542 0.02838749 0.01149215 0.54117647 0.42352941 0.64313725
v 0.02722691 0.02761412 0.01284700 0.54117647 0.42352941 0.64313725
v 0.02843871 0.02794985 0.01236741 0.54117647 0.42352941 0.64313725
v 0.02722691 0.02789589 0.01224151 0.54117647 0.42352941 0.64313725
v 0.02648862 0.02784793 0.01214559 0.54117647 0.42352941 0.64313725
v 0.02605583 0.02756016 0.01261320 0.54117647 0.42352941 0.64313725
v 0.02480839 0.02728439 0.01270312 0.54117647 0.42352941 0.64313725
v 0.02351511 0.02693667 0.01280503 0.54117647 0.42352941 0.64313725
v 0.02238987 0.02678679 0.01245733 0.54117647 0.42352941 0.64313725
v 0.01629520 0.02395110 0.01276906 0.54117647 0.42352941 0.64313725
v 0.01666689 0.02435877 0.01241536 0.54117647 0.42352941 0.64313725
v 0.00911601 0.02053388 0.01081473 0.54117647 0.42352941 0.64313725
v 0.00911601 0.02021014 0.01139623 0.54117647 0.42352941 0.64313725
v 0.02081656 0.02652900 0.01189980 0.54117647 0.42352941 0.64313725
v 0.01996116 0.02636714 0.01149215 0.54117647 0.42352941 0.64313725
v 0.01868317 0.02577961 0.01156409 0.54117647 0.42352941 0.64313725
v 0.01785832 0.02555180 0.01121039 0.54117647 0.42352941 0.64313725
v 0.01705385 0.02535396 0.01075478 0.54117647 0.42352941 0.64313725
v 0.01749173 0.02520408 0.01156409 0.54117647 0.42352941 0.64313725
v 0.02162612 0.02667289 0.01220554 0.54117647 0.42352941 0.64313725
v 0.01569439 -0.02543074 0.00853068 0.54117647 0.42352941 0.64313725
v 0.00911601 -0.02189362 0.00764943 0.54117647 0.42352941 0.64313725
v 0.01633593 -0.02599429 0.00785925 0.54117647 0.42352941 0.64313725
v 0.01724733 -0.02646790 0.00785925 0.54117647 0.42352941 0.64313725
v 0.01808236 -0.02664776 0.00856665 0.54117647 0.42352941 0.64313725
v 0.01877482 -0.02680962 0.00901027 0.54117647 0.42352941 0.64313725
v 0.01996626 -0.02728324 0.00907022 0.54117647 0.42352941 0.64313725
v 0.02112715 -0.02768491 0.00913017 0.54117647 0.42352941 0.64313725
v 0.02189089 -0.02779283 0.00957379 0.54117647 0.42352941 0.64313725
v 0.02233386 -0.02765494 0.01029917 0.54117647 0.42352941 0.64313725
v 0.02326053 -0.02776285 0.01071881 0.54117647 0.42352941 0.64313725
v 0.02406501 -0.02785877 0.01097060 0.54117647 0.42352941 0.64313725
v 0.02480839 -0.02827243 0.01028118 0.54117647 0.42352941 0.64313725
v 0.02480839 -0.02868610 0.00907022 0.54117647 0.42352941 0.64313725
v 0.02595400 -0.02890192 0.00905223 0.54117647 0.42352941 0.64313725
v 0.02722691 -0.02895588 0.00941792 0.54117647 0.42352941 0.64313725
v 0.02843871 -0.02876403 0.01028118 0.54117647 0.42352941 0.64313725
v 0.02843871 -0.02900983 0.00959777 0.54117647 0.42352941 0.64313725
v 0.03085723 -0.02797867 0.01243335 0.54117647 0.42352941 0.64313725
v 0.02964542 -0.02836836 0.01149215 0.54117647 0.42352941 0.64313725
v 0.03085723 -0.02837435 0.01149215 0.54117647 0.42352941 0.64313725
v 0.02955378 -0.02886595 0.01017927 0.54117647 0.42352941 0.64313725
v 0.03206904 -0.02833838 0.01149215 0.54117647 0.42352941 0.64313725
v 0.03327575 -0.02871008 0.01028118 0.54117647 0.42352941 0.64313725
v 0.03448756 -0.02856020 0.01028118 0.54117647 0.42352941 0.64313725
v 0.03569427 -0.02836836 0.01028118 0.54117647 0.42352941 0.64313725
v 0.03696208 -0.02807460 0.01036511 0.54117647 0.42352941 0.64313725
v 0.03811279 -0.02793671 0.00997545 0.54117647 0.42352941 0.64313725
v 0.03878488 -0.02784678 0.00973565 0.54117647 0.42352941 0.64313725
v 0.03959445 -0.02771489 0.00933399 0.54117647 0.42352941 0.64313725
v 0.04063823 -0.02695950 0.01038310 0.54117647 0.42352941 0.64313725
v 0.05802611 -0.00952568 0.00952583 0.54117647 0.42352941 0.64313725
v 0.05931938 -0.00736743 0.00736767 0.54117647 0.42352941 0.64313725
v 0.05815850 -0.00989738 0.00871652 0.54117647 0.42352941 0.64313725
v 0.05904444 -0.00897413 0.00656436 0.54117647 0.42352941 0.64313725
v 0.05920737 -0.00817078 0.00690606 0.54117647 0.42352941 0.64313725
v 0.05826542 -0.01029305 0.00784127 0.54117647 0.42352941 0.64313725
v 0.05857601 -0.01028106 0.00665428 0.54117647 0.42352941 0.64313725
v 0.05965543 -0.00665401 0.00665428 0.54117647 0.42352941 0.64313725
v 0.05990492 -0.00544300 0.00665428 0.54117647 0.42352941 0.64313725
v 0.06010350 -0.00423198 0.00665428 0.54117647 0.42352941 0.64313725
v 0.06025624 -0.00302097 0.00665428 0.54117647 0.42352941 0.64313725
v 0.05995584 -0.00302097 0.00785925 0.54117647 0.42352941 0.64313725
v 0.05970635 -0.00180995 0.00907022 0.54117647 0.42352941 0.64313725
v 0.05975727 -0.00060493 0.00907022 0.54117647 0.42352941 0.64313725
v 0.05943140 -0.00060493 0.01007736 0.54117647 0.42352941 0.64313725
v 0.05420740 -0.01636012 0.01039509 0.54117647 0.42352941 0.64313725
v 0.05444161 -0.01571864 0.01087468 0.54117647 0.42352941 0.64313725
v 0.05308215 -0.01795483 0.01028118 0.54117647 0.42352941 0.64313725
v 0.05355058 -0.01734932 0.01028118 0.54117647 0.42352941 0.64313725
v 0.05188562 -0.01920181 0.01060491 0.54117647 0.42352941 0.64313725
v 0.05242533 -0.01877616 0.01023323 0.54117647 0.42352941 0.64313725
v 0.05138664 -0.01992722 0.01021524 0.54117647 0.42352941 0.64313725
v 0.05089275 -0.02064064 0.00983157 0.54117647 0.42352941 0.64313725
v 0.04816365 -0.02281088 0.01028118 0.54117647 0.42352941 0.64313725
v 0.04836222 -0.02296075 0.00960976 0.54117647 0.42352941 0.64313725
v 0.04897830 -0.02263702 0.00915415 0.54117647 0.42352941 0.64313725
v 0.04981842 -0.02196556 0.00907022 0.54117647 0.42352941 0.64313725
v 0.05042433 -0.02141401 0.00907022 0.54117647 0.42352941 0.64313725
v 0.05467583 -0.01488532 0.01149215 0.54117647 0.42352941 0.64313725
v 0.05550067 -0.01423785 0.01050899 0.54117647 0.42352941 0.64313725
v 0.05566870 -0.01453760 0.00970568 0.54117647 0.42352941 0.64313725
v 0.05584181 -0.01386615 0.01017927 0.54117647 0.42352941 0.64313725
v 0.05671248 -0.01299086 0.00907022 0.54117647 0.42352941 0.64313725
v 0.05689068 -0.01215154 0.00974165 0.54117647 0.42352941 0.64313725
v 0.05788355 -0.01029305 0.00910019 0.54117647 0.42352941 0.64313725
v 0.05740494 -0.01149208 0.00907022 0.54117647 0.42352941 0.64313725
v 0.04229301 -0.02659380 0.00960976 0.54117647 0.42352941 0.64313725
v 0.04297529 -0.02642594 0.00915415 0.54117647 0.42352941 0.64313725
v 0.04148853 -0.02676166 0.01005338 0.54117647 0.42352941 0.64313725
v 0.04471153 -0.02537679 0.00959177 0.54117647 0.42352941 0.64313725
v 0.04699257 -0.02406386 0.00932800 0.54117647 0.42352941 0.64313725
v 0.04537344 -0.02515497 0.00914216 0.54117647 0.42352941 0.64313725
v 0.04658524 -0.02445954 0.00898629 0.54117647 0.42352941 0.64313725
v 0.04755774 -0.02326051 0.01028118 0.54117647 0.42352941 0.64313725
v 0.05913609 0.00302212 0.01046703 0.54117647 0.42352941 0.64313725
v 0.05908517 0.00419716 0.01019726 0.54117647 0.42352941 0.64313725
v 0.05858110 0.00664917 0.01028118 0.54117647 0.42352941 0.64313725
v 0.05917682 0.00544415 0.00932200 0.54117647 0.42352941 0.64313725
v 0.05924811 0.00458085 0.00956180 0.54117647 0.42352941 0.64313725
v 0.05827051 0.00784220 0.01029318 0.54117647 0.42352941 0.64313725
v 0.05940594 0.00181110 0.01000542 0.54117647 0.42352941 0.64313725
v 0.05943140 0.00060009 0.01007736 0.54117647 0.42352941 0.64313725
v 0.05815850 0.00871749 0.00989751 0.54117647 0.42352941 0.64313725
v 0.05802611 0.00952683 0.00952583 0.54117647 0.42352941 0.64313725
v 0.05788355 0.01029420 0.00910019 0.54117647 0.42352941 0.64313725
v 0.05741003 0.01149323 0.00907022 0.54117647 0.42352941 0.64313725
v 0.05700779 0.01239849 0.00907022 0.54117647 0.42352941 0.64313725
v 0.05683977 0.01324980 0.00837481 0.54117647 0.42352941 0.64313725
v 0.05624405 0.01390927 0.00907022 0.54117647 0.42352941 0.64313725
v 0.05566870 0.01453875 0.00970568 0.54117647 0.42352941 0.64313725
v 0.05506279 0.01513227 0.01029318 0.54117647 0.42352941 0.64313725
v 0.05461982 0.01598358 0.01007736 0.54117647 0.42352941 0.64313725
v 0.05434487 0.01678693 0.00940593 0.54117647 0.42352941 0.64313725
v 0.05323490 0.01814182 0.00966971 0.54117647 0.42352941 0.64313725
v 0.05208419 0.01942478 0.00980159 0.54117647 0.42352941 0.64313725
v 0.05089785 0.02064779 0.00984356 0.54117647 0.42352941 0.64313725
v 0.05017993 0.02113939 0.01021524 0.54117647 0.42352941 0.64313725
v 0.04966058 0.02182283 0.00978361 0.54117647 0.42352941 0.64313725
v 0.04836222 0.02296190 0.00961575 0.54117647 0.42352941 0.64313725
v 0.04722170 0.02422088 0.00853068 0.54117647 0.42352941 0.64313725
v 0.04779196 0.02359739 0.00907022 0.54117647 0.42352941 0.64313725
v 0.04578077 0.02529401 0.00810504 0.54117647 0.42352941 0.64313725
v 0.04497629 0.02552782 0.00881244 0.54117647 0.42352941 0.64313725
v 0.04426347 0.02579160 0.00916014 0.54117647 0.42352941 0.64313725
v 0.04340807 0.02654699 0.00821894 0.54117647 0.42352941 0.64313725
v 0.04298547 0.02685874 0.00783527 0.54117647 0.42352941 0.64313725
v 0.04174311 0.02739230 0.00785925 0.54117647 0.42352941 0.64313725
v 0.04087754 0.02773402 0.00785925 0.54117647 0.42352941 0.64313725
v 0.04027163 0.02794985 0.00785925 0.54117647 0.42352941 0.64313725
v 0.03932459 0.02826759 0.00785925 0.54117647 0.42352941 0.64313725
v 0.03811279 0.02861531 0.00785925 0.54117647 0.42352941 0.64313725
v 0.03693663 0.02889708 0.00786525 0.54117647 0.42352941 0.64313725
v 0.03600486 0.02898700 0.00827290 0.54117647 0.42352941 0.64313725
v 0.03563826 0.02916086 0.00786525 0.54117647 0.42352941 0.64313725
v 0.03448756 0.02934072 0.00785925 0.54117647 0.42352941 0.64313725
v 0.03160570 0.02904096 0.00969369 0.54117647 0.42352941 0.64313725
v 0.03206904 0.02957453 0.00785925 0.54117647 0.42352941 0.64313725
v 0.03203339 0.02919084 0.00917213 0.54117647 0.42352941 0.64313725
v 0.03085723 0.02905295 0.00971767 0.54117647 0.42352941 0.64313725
v 0.03085723 0.02883713 0.01032315 0.54117647 0.42352941 0.64313725
v 0.03327575 0.02948460 0.00785925 0.54117647 0.42352941 0.64313725
v 0.02964542 0.02883713 0.01031116 0.54117647 0.42352941 0.64313725
v 0.02843871 0.02832155 0.01149215 0.54117647 0.42352941 0.64313725
v 0.02722691 0.02820764 0.01149215 0.54117647 0.42352941 0.64313725
v 0.02605583 0.02802779 0.01154611 0.54117647 0.42352941 0.64313725
v 0.02568414 0.02778199 0.01198973 0.54117647 0.42352941 0.64313725
v 0.02480839 0.02769805 0.01178590 0.54117647 0.42352941 0.64313725
v 0.02361695 0.02757815 0.01143220 0.54117647 0.42352941 0.64313725
v 0.02238987 0.02721245 0.01149215 0.54117647 0.42352941 0.64313725
v 0.01586241 0.02412496 0.01194177 0.54117647 0.42352941 0.64313725
v 0.01629520 0.02457459 0.01152213 0.54117647 0.42352941 0.64313725
v 0.00911601 0.02076769 0.01035312 0.54117647 0.42352941 0.64313725
v 0.02120352 0.02683475 0.01149215 0.54117647 0.42352941 0.64313725
v 0.02035831 0.02670286 0.01109049 0.54117647 0.42352941 0.64313725
v 0.01955383 0.02654099 0.01069483 0.54117647 0.42352941 0.64313725
v 0.01876463 0.02635515 0.01028718 0.54117647 0.42352941 0.64313725
v 0.01749173 0.02574364 0.01032315 0.54117647 0.42352941 0.64313725
v 0.01634102 0.02513214 0.01032315 0.54117647 0.42352941 0.64313725
v 0.01554164 0.02431680 0.01113845 0.54117647 0.42352941 0.64313725
v 0.01674326 0.02551583 0.00994547 0.54117647 0.42352941 0.64313725
v 0.01552127 -0.02553266 0.00785925 0.54117647 0.42352941 0.64313725
v 0.00911601 -0.02190561 0.00761346 0.54117647 0.42352941 0.64313725
v 0.00911601 -0.02221736 0.00664828 0.54117647 0.42352941 0.64313725
v 0.01639194 -0.02634800 0.00668425 0.54117647 0.42352941 0.64313725
v 0.01701821 -0.02658181 0.00710390 0.54117647 0.42352941 0.64313725
v 0.01785323 -0.02675567 0.00785925 0.54117647 0.42352941 0.64313725
v 0.01875954 -0.02716334 0.00785925 0.54117647 0.42352941 0.64313725
v 0.01996626 -0.02764295 0.00790721 0.54117647 0.42352941 0.64313725
v 0.02068927 -0.02778683 0.00833884 0.54117647 0.42352941 0.64313725
v 0.02149374 -0.02791872 0.00876448 0.54117647 0.42352941 0.64313725
v 0.02233386 -0.02806261 0.00913017 0.54117647 0.42352941 0.64313725
v 0.02269536 -0.02791273 0.00990950 0.54117647 0.42352941 0.64313725
v 0.02363731 -0.02800865 0.01029917 0.54117647 0.42352941 0.64313725
v 0.02359658 -0.02842231 0.00907022 0.54117647 0.42352941 0.64313725
v 0.02480839 -0.02895588 0.00816499 0.54117647 0.42352941 0.64313725
v 0.02550594 -0.02902182 0.00841078 0.54117647 0.42352941 0.64313725
v 0.02631551 -0.02908777 0.00863259 0.54117647 0.42352941 0.64313725
v 0.02722691 -0.02914173 0.00881244 0.54117647 0.42352941 0.64313725
v 0.02909044 -0.02903381 0.00966971 0.54117647 0.42352941 0.64313725
v 0.02843871 -0.02919568 0.00899228 0.54117647 0.42352941 0.64313725
v 0.03085723 -0.02882399 0.01031116 0.54117647 0.42352941 0.64313725
v 0.03199775 -0.02884797 0.01016728 0.54117647 0.42352941 0.64313725
v 0.02990001 -0.02904581 0.00970568 0.54117647 0.42352941 0.64313725
v 0.03235417 -0.02902182 0.00963374 0.54117647 0.42352941 0.64313725
v 0.03327575 -0.02898585 0.00950784 0.54117647 0.42352941 0.64313725
v 0.03448756 -0.02891391 0.00926805 0.54117647 0.42352941 0.64313725
v 0.03561790 -0.02882399 0.00897430 0.54117647 0.42352941 0.64313725
v 0.03690098 -0.02853622 0.00907022 0.54117647 0.42352941 0.64313725
v 0.03811279 -0.02823646 0.00907022 0.54117647 0.42352941 0.64313725
v 0.03924313 -0.02794270 0.00898629 0.54117647 0.42352941 0.64313725
v 0.04043966 -0.02752904 0.00898629 0.54117647 0.42352941 0.64313725
v 0.03997632 -0.02784678 0.00852468 0.54117647 0.42352941 0.64313725
v 0.05938558 -0.00780508 0.00656436 0.54117647 0.42352941 0.64313725
v 0.05801084 -0.01070072 0.00822494 0.54117647 0.42352941 0.64313725
v 0.05929902 -0.00850651 0.00609675 0.54117647 0.42352941 0.64313725
v 0.05917173 -0.00931585 0.00544331 0.54117647 0.42352941 0.64313725
v 0.05812286 -0.01099448 0.00742162 0.54117647 0.42352941 0.64313725
v 0.05821450 -0.01123429 0.00665428 0.54117647 0.42352941 0.64313725
v 0.05883568 -0.01028106 0.00544331 0.54117647 0.42352941 0.64313725
v 0.05990492 -0.00665401 0.00544331 0.54117647 0.42352941 0.64313725
v 0.05960452 -0.00785903 0.00544331 0.54117647 0.42352941 0.64313725
v 0.06015441 -0.00544300 0.00544331 0.54117647 0.42352941 0.64313725
v 0.06036826 -0.00419002 0.00538336 0.54117647 0.42352941 0.64313725
v 0.06051592 -0.00375237 0.00493974 0.54117647 0.42352941 0.64313725
v 0.06043954 -0.00302097 0.00575505 0.54117647 0.42352941 0.64313725
v 0.06048027 -0.00216966 0.00595887 0.54117647 0.42352941 0.64313725
v 0.06037844 -0.00178597 0.00655836 0.54117647 0.42352941 0.64313725
v 0.06005258 -0.00180995 0.00785925 0.54117647 0.42352941 0.64313725
v 0.06010350 -0.00060493 0.00785925 0.54117647 0.42352941 0.64313725
v 0.05976235 0.00060009 0.00907022 0.54117647 0.42352941 0.64313725
v 0.05433978 -0.01678578 0.00939994 0.54117647 0.42352941 0.64313725
v 0.05461473 -0.01597643 0.01007136 0.54117647 0.42352941 0.64313725
v 0.05505770 -0.01512513 0.01029318 0.54117647 0.42352941 0.64313725
v 0.05322472 -0.01813468 0.00965172 0.54117647 0.42352941 0.64313725
v 0.05208419 -0.01941764 0.00979560 0.54117647 0.42352941 0.64313725
v 0.05106078 -0.02080850 0.00907022 0.54117647 0.42352941 0.64313725
v 0.05166668 -0.02019101 0.00907022 0.54117647 0.42352941 0.64313725
v 0.04779196 -0.02359024 0.00906422 0.54117647 0.42352941 0.64313725
v 0.04856079 -0.02311663 0.00880045 0.54117647 0.42352941 0.64313725
v 0.04937545 -0.02279889 0.00785925 0.54117647 0.42352941 0.64313725
v 0.05068909 -0.02165981 0.00785925 0.54117647 0.42352941 0.64313725
v 0.05008319 -0.02219338 0.00785925 0.54117647 0.42352941 0.64313725
v 0.05541411 -0.01532896 0.00907022 0.54117647 0.42352941 0.64313725
v 0.05578580 -0.01472345 0.00907022 0.54117647 0.42352941 0.64313725
v 0.05623386 -0.01391411 0.00907022 0.54117647 0.42352941 0.64313725
v 0.05683467 -0.01324266 0.00836282 0.54117647 0.42352941 0.64313725
v 0.05700779 -0.01239135 0.00907022 0.54117647 0.42352941 0.64313725
v 0.05781736 -0.01143812 0.00784127 0.54117647 0.42352941 0.64313725
v 0.04182967 -0.02693552 0.00915415 0.54117647 0.42352941 0.64313725
v 0.04258832 -0.02673169 0.00880644 0.54117647 0.42352941 0.64313725
v 0.04339280 -0.02653984 0.00820695 0.54117647 0.42352941 0.64313725
v 0.04424819 -0.02577846 0.00914216 0.54117647 0.42352941 0.64313725
v 0.04497120 -0.02552067 0.00878846 0.54117647 0.42352941 0.64313725
v 0.04721660 -0.02421973 0.00852468 0.54117647 0.42352941 0.64313725
v 0.04577568 -0.02528686 0.00809305 0.54117647 0.42352941 0.64313725
v 0.05935503 0.00302212 0.00986154 0.54117647 0.42352941 0.64313725
v 0.05930920 0.00377750 0.00974165 0.54117647 0.42352941 0.64313725
v 0.05904444 0.00656524 0.00898029 0.54117647 0.42352941 0.64313725
v 0.05868802 0.00786018 0.00907022 0.54117647 0.42352941 0.64313725
v 0.05936521 0.00544415 0.00871652 0.54117647 0.42352941 0.64313725
v 0.05929902 0.00610361 0.00851269 0.54117647 0.42352941 0.64313725
v 0.05944668 0.00419716 0.00912417 0.54117647 0.42352941 0.64313725
v 0.05970635 0.00181110 0.00907022 0.54117647 0.42352941 0.64313725
v 0.05830106 0.00910118 0.00910019 0.54117647 0.42352941 0.64313725
v 0.05815850 0.00989853 0.00872251 0.54117647 0.42352941 0.64313725
v 0.05801084 0.01070787 0.00823093 0.54117647 0.42352941 0.64313725
v 0.05781736 0.01143927 0.00784127 0.54117647 0.42352941 0.64313725
v 0.05719109 0.01278818 0.00792520 0.54117647 0.42352941 0.64313725
v 0.05696197 0.01348361 0.00756550 0.54117647 0.42352941 0.64313725
v 0.05663101 0.01389728 0.00792520 0.54117647 0.42352941 0.64313725
v 0.05578580 0.01473060 0.00907022 0.54117647 0.42352941 0.64313725
v 0.05541920 0.01533611 0.00907022 0.54117647 0.42352941 0.64313725
v 0.05477257 0.01636127 0.00902825 0.54117647 0.42352941 0.64313725
v 0.05449762 0.01700874 0.00859662 0.54117647 0.42352941 0.64313725
v 0.05339274 0.01833966 0.00886040 0.54117647 0.42352941 0.64313725
v 0.05291922 0.01874733 0.00919012 0.54117647 0.42352941 0.64313725
v 0.05224203 0.01959264 0.00907022 0.54117647 0.42352941 0.64313725
v 0.05167177 0.02019815 0.00907022 0.54117647 0.42352941 0.64313725
v 0.05107096 0.02082165 0.00907022 0.54117647 0.42352941 0.64313725
v 0.05043451 0.02142116 0.00907022 0.54117647 0.42352941 0.64313725
v 0.04982861 0.02197271 0.00907022 0.54117647 0.42352941 0.64313725
v 0.04898340 0.02264416 0.00915415 0.54117647 0.42352941 0.64313725
v 0.04857098 0.02311778 0.00880644 0.54117647 0.42352941 0.64313725
v 0.04798544 0.02389714 0.00785925 0.54117647 0.42352941 0.64313725
v 0.04737954 0.02432879 0.00785925 0.54117647 0.42352941 0.64313725
v 0.04647323 0.02495828 0.00776933 0.54117647 0.42352941 0.64313725
v 0.04599971 0.02541991 0.00730173 0.54117647 0.42352941 0.64313725
v 0.04537853 0.02562974 0.00776933 0.54117647 0.42352941 0.64313725
v 0.04409544 0.02630718 0.00783527 0.54117647 0.42352941 0.64313725
v 0.04364738 0.02666090 0.00741563 0.54117647 0.42352941 0.64313725
v 0.04295492 0.02718847 0.00665428 0.54117647 0.42352941 0.64313725
v 0.04175839 0.02768007 0.00675619 0.54117647 0.42352941 0.64313725
v 0.04111685 0.02781796 0.00722379 0.54117647 0.42352941 0.64313725
v 0.04063823 0.02809973 0.00675619 0.54117647 0.42352941 0.64313725
v 0.03932459 0.02857334 0.00665428 0.54117647 0.42352941 0.64313725
v 0.03812806 0.02890907 0.00668425 0.54117647 0.42352941 0.64313725
v 0.03735923 0.02900499 0.00710989 0.54117647 0.42352941 0.64313725
v 0.03654966 0.02909492 0.00746958 0.54117647 0.42352941 0.64313725
v 0.03569427 0.02944863 0.00665428 0.54117647 0.42352941 0.64313725
v 0.03448756 0.02963448 0.00665428 0.54117647 0.42352941 0.64313725
v 0.03085723 0.02960450 0.00785925 0.54117647 0.42352941 0.64313725
v 0.03085723 0.02925079 0.00907022 0.54117647 0.42352941 0.64313725
v 0.03206904 0.02986829 0.00665428 0.54117647 0.42352941 0.64313725
v 0.02964542 0.02904696 0.00970568 0.54117647 0.42352941 0.64313725
v 0.02964542 0.02924480 0.00907022 0.54117647 0.42352941 0.64313725
v 0.03327575 0.02977836 0.00665428 0.54117647 0.42352941 0.64313725
v 0.02902425 0.02904096 0.00968170 0.54117647 0.42352941 0.64313725
v 0.02855073 0.02883113 0.01016129 0.54117647 0.42352941 0.64313725
v 0.02722691 0.02867526 0.01028118 0.54117647 0.42352941 0.64313725
v 0.02480839 0.02794985 0.01118042 0.54117647 0.42352941 0.64313725
v 0.02601510 0.02850740 0.01028118 0.54117647 0.42352941 0.64313725
v 0.02403446 0.02786592 0.01098259 0.54117647 0.42352941 0.64313725
v 0.02322998 0.02777000 0.01073080 0.54117647 0.42352941 0.64313725
v 0.02232877 0.02766208 0.01031116 0.54117647 0.42352941 0.64313725
v 0.00911601 0.02135521 0.00907621 0.54117647 0.42352941 0.64313725
v 0.02117806 0.02730237 0.01028118 0.54117647 0.42352941 0.64313725
v 0.01996116 0.02685874 0.01028718 0.54117647 0.42352941 0.64313725
v 0.01917705 0.02669687 0.00989152 0.54117647 0.42352941 0.64313725
v 0.01836749 0.02651701 0.00939394 0.54117647 0.42352941 0.64313725
v 0.01761393 0.02628920 0.00902226 0.54117647 0.42352941 0.64313725
v 0.01593878 0.02529401 0.00934598 0.54117647 0.42352941 0.64313725
v 0.01634102 0.02563573 0.00899828 0.54117647 0.42352941 0.64313725
v 0.00911601 -0.02252910 0.00547928 0.54117647 0.42352941 0.64313725
v 0.01605080 -0.02644392 0.00544331 0.54117647 0.42352941 0.64313725
v 0.01682982 -0.02667773 0.00630058 0.54117647 0.42352941 0.64313725
v 0.01747136 -0.02689356 0.00668425 0.54117647 0.42352941 0.64313725
v 0.01885119 -0.02754103 0.00658234 0.54117647 0.42352941 0.64313725
v 0.01955893 -0.02775086 0.00694203 0.54117647 0.42352941 0.64313725
v 0.02036340 -0.02790673 0.00752953 0.54117647 0.42352941 0.64313725
v 0.02112715 -0.02805661 0.00790721 0.54117647 0.42352941 0.64313725
v 0.02238987 -0.02845828 0.00785925 0.54117647 0.42352941 0.64313725
v 0.02367805 -0.02881799 0.00777532 0.54117647 0.42352941 0.64313725
v 0.02413629 -0.02905180 0.00731372 0.54117647 0.42352941 0.64313725
v 0.02480839 -0.02911775 0.00755951 0.54117647 0.42352941 0.64313725
v 0.02595400 -0.02921967 0.00794917 0.54117647 0.42352941 0.64313725
v 0.02722691 -0.02941151 0.00785925 0.54117647 0.42352941 0.64313725
v 0.02843871 -0.02951942 0.00785925 0.54117647 0.42352941 0.64313725
v 0.02955378 -0.02919568 0.00919012 0.54117647 0.42352941 0.64313725
v 0.03085723 -0.02904581 0.00970568 0.54117647 0.42352941 0.64313725
v 0.03154460 -0.02903981 0.00968769 0.54117647 0.42352941 0.64313725
v 0.03085723 -0.02924365 0.00907022 0.54117647 0.42352941 0.64313725
v 0.03199775 -0.02918369 0.00916614 0.54117647 0.42352941 0.64313725
v 0.03327575 -0.02917170 0.00890236 0.54117647 0.42352941 0.64313725
v 0.03448756 -0.02909976 0.00866257 0.54117647 0.42352941 0.64313725
v 0.03516474 -0.02905180 0.00851269 0.54117647 0.42352941 0.64313725
v 0.03596922 -0.02897986 0.00825491 0.54117647 0.42352941 0.64313725
v 0.03691626 -0.02888993 0.00785326 0.54117647 0.42352941 0.64313725
v 0.03811279 -0.02859617 0.00785925 0.54117647 0.42352941 0.64313725
v 0.03932459 -0.02824845 0.00785925 0.54117647 0.42352941 0.64313725
v 0.04085208 -0.02772088 0.00785925 0.54117647 0.42352941 0.64313725
v 0.04024618 -0.02794270 0.00785925 0.54117647 0.42352941 0.64313725
v 0.05936521 -0.00871034 0.00544331 0.54117647 0.42352941 0.64313725
v 0.05924811 -0.00955565 0.00457405 0.54117647 0.42352941 0.64313725
v 0.05796502 -0.01183380 0.00665428 0.54117647 0.42352941 0.64313725
v 0.05805666 -0.01204363 0.00593489 0.54117647 0.42352941 0.64313725
v 0.05832652 -0.01158201 0.00549727 0.54117647 0.42352941 0.64313725
v 0.05908008 -0.01019713 0.00419638 0.54117647 0.42352941 0.64313725
v 0.06010350 -0.00665401 0.00423234 0.54117647 0.42352941 0.64313725
v 0.05980818 -0.00785903 0.00423234 0.54117647 0.42352941 0.64313725
v 0.06036826 -0.00538305 0.00418439 0.54117647 0.42352941 0.64313725
v 0.06045482 -0.00456172 0.00456206 0.54117647 0.42352941 0.64313725
v 0.06069412 -0.00302097 0.00423234 0.54117647 0.42352941 0.64313725
v 0.06055665 -0.00302097 0.00514956 0.54117647 0.42352941 0.64313725
v 0.06056174 -0.00419002 0.00418439 0.54117647 0.42352941 0.64313725
v 0.06058720 -0.00178597 0.00550926 0.54117647 0.42352941 0.64313725
v 0.06050573 -0.00136032 0.00609076 0.54117647 0.42352941 0.64313725
v 0.06037844 -0.00060493 0.00675020 0.54117647 0.42352941 0.64313725
v 0.06010350 0.00060009 0.00785925 0.54117647 0.42352941 0.64313725
v 0.06005767 0.00181110 0.00785925 0.54117647 0.42352941 0.64313725
v 0.05449762 -0.01700160 0.00859662 0.54117647 0.42352941 0.64313725
v 0.05476748 -0.01636012 0.00902825 0.54117647 0.42352941 0.64313725
v 0.05386626 -0.01757114 0.00912417 0.54117647 0.42352941 0.64313725
v 0.05291413 -0.01874019 0.00917813 0.54117647 0.42352941 0.64313725
v 0.05338765 -0.01833252 0.00884241 0.54117647 0.42352941 0.64313725
v 0.05223694 -0.01958550 0.00907022 0.54117647 0.42352941 0.64313725
v 0.05131027 -0.02105430 0.00785925 0.54117647 0.42352941 0.64313725
v 0.05191108 -0.02044880 0.00785925 0.54117647 0.42352941 0.64313725
v 0.04797526 -0.02388400 0.00785925 0.54117647 0.42352941 0.64313725
v 0.04877464 -0.02327850 0.00785925 0.54117647 0.42352941 0.64313725
v 0.04953838 -0.02293078 0.00706793 0.54117647 0.42352941 0.64313725
v 0.05081638 -0.02177372 0.00725377 0.54117647 0.42352941 0.64313725
v 0.05556686 -0.01558675 0.00818897 0.54117647 0.42352941 0.64313725
v 0.05594364 -0.01515510 0.00781729 0.54117647 0.42352941 0.64313725
v 0.05662592 -0.01389613 0.00791920 0.54117647 0.42352941 0.64313725
v 0.05718600 -0.01278103 0.00791920 0.54117647 0.42352941 0.64313725
v 0.05695687 -0.01347647 0.00755351 0.54117647 0.42352941 0.64313725
v 0.04174311 -0.02737317 0.00785925 0.54117647 0.42352941 0.64313725
v 0.04297529 -0.02685159 0.00782928 0.54117647 0.42352941 0.64313725
v 0.04409544 -0.02629404 0.00782928 0.54117647 0.42352941 0.64313725
v 0.04364738 -0.02665975 0.00740364 0.54117647 0.42352941 0.64313725
v 0.04537344 -0.02562259 0.00775734 0.54117647 0.42352941 0.64313725
v 0.04736935 -0.02432165 0.00785925 0.54117647 0.42352941 0.64313725
v 0.04598953 -0.02541875 0.00728374 0.54117647 0.42352941 0.64313725
v 0.05960452 0.00302212 0.00907022 0.54117647 0.42352941 0.64313725
v 0.05920737 0.00691295 0.00817698 0.54117647 0.42352941 0.64313725
v 0.05908008 0.00780623 0.00781129 0.54117647 0.42352941 0.64313725
v 0.05868802 0.00907120 0.00785925 0.54117647 0.42352941 0.64313725
v 0.05960961 0.00544415 0.00785925 0.54117647 0.42352941 0.64313725
v 0.05980818 0.00423313 0.00785925 0.54117647 0.42352941 0.64313725
v 0.05939067 0.00656524 0.00781129 0.54117647 0.42352941 0.64313725
v 0.05995584 0.00302212 0.00785925 0.54117647 0.42352941 0.64313725
v 0.05827051 0.01029420 0.00784127 0.54117647 0.42352941 0.64313725
v 0.05812286 0.01100163 0.00742162 0.54117647 0.42352941 0.64313725
v 0.05797011 0.01184095 0.00665428 0.54117647 0.42352941 0.64313725
v 0.05757805 0.01270425 0.00665428 0.54117647 0.42352941 0.64313725
v 0.05707907 0.01371143 0.00665428 0.54117647 0.42352941 0.64313725
v 0.05675830 0.01431693 0.00665428 0.54117647 0.42352941 0.64313725
v 0.05594874 0.01516225 0.00782328 0.54117647 0.42352941 0.64313725
v 0.05557195 0.01559390 0.00820695 0.54117647 0.42352941 0.64313725
v 0.05526137 0.01625336 0.00782328 0.54117647 0.42352941 0.64313725
v 0.05461982 0.01717661 0.00785925 0.54117647 0.42352941 0.64313725
v 0.05417685 0.01778212 0.00785925 0.54117647 0.42352941 0.64313725
v 0.05357095 0.01856148 0.00785925 0.54117647 0.42352941 0.64313725
v 0.05307706 0.01916699 0.00785925 0.54117647 0.42352941 0.64313725
v 0.05238460 0.01998832 0.00774535 0.54117647 0.42352941 0.64313725
v 0.05187544 0.02041398 0.00806907 0.54117647 0.42352941 0.64313725
v 0.05065854 0.02162499 0.00806907 0.54117647 0.42352941 0.64313725
v 0.05023594 0.02211659 0.00774535 0.54117647 0.42352941 0.64313725
v 0.04939073 0.02280603 0.00785925 0.54117647 0.42352941 0.64313725
v 0.04878482 0.02329164 0.00785925 0.54117647 0.42352941 0.64313725
v 0.04824002 0.02407700 0.00665428 0.54117647 0.42352941 0.64313725
v 0.04763412 0.02450865 0.00665428 0.54117647 0.42352941 0.64313725
v 0.04673799 0.02511415 0.00665428 0.54117647 0.42352941 0.64313725
v 0.04613718 0.02550384 0.00665428 0.54117647 0.42352941 0.64313725
v 0.04537344 0.02594748 0.00665428 0.54117647 0.42352941 0.64313725
v 0.04444677 0.02645107 0.00665428 0.54117647 0.42352941 0.64313725
v 0.04384595 0.02676281 0.00665428 0.54117647 0.42352941 0.64313725
v 0.04284800 0.02752419 0.00535938 0.54117647 0.42352941 0.64313725
v 0.04217081 0.02775801 0.00570709 0.54117647 0.42352941 0.64313725
v 0.04136633 0.02791388 0.00642048 0.54117647 0.42352941 0.64313725
v 0.04053131 0.02842946 0.00544331 0.54117647 0.42352941 0.64313725
v 0.03926859 0.02885511 0.00543132 0.54117647 0.42352941 0.64313725
v 0.03854048 0.02899300 0.00582698 0.54117647 0.42352941 0.64313725
v 0.03773601 0.02909492 0.00630058 0.54117647 0.42352941 0.64313725
v 0.03693663 0.02919084 0.00668425 0.54117647 0.42352941 0.64313725
v 0.03690098 0.02946062 0.00544331 0.54117647 0.42352941 0.64313725
v 0.03569427 0.02970042 0.00544331 0.54117647 0.42352941 0.64313725
v 0.03448756 0.02988028 0.00544331 0.54117647 0.42352941 0.64313725
v 0.02964542 0.02959851 0.00785925 0.54117647 0.42352941 0.64313725
v 0.03085723 0.02989826 0.00665428 0.54117647 0.42352941 0.64313725
v 0.03327575 0.03002416 0.00544331 0.54117647 0.42352941 0.64313725
v 0.03229307 0.03023399 0.00472393 0.54117647 0.42352941 0.64313725
v 0.03196211 0.03013807 0.00532341 0.54117647 0.42352941 0.64313725
v 0.03085723 0.03013807 0.00547329 0.54117647 0.42352941 0.64313725
v 0.02843871 0.02953856 0.00785925 0.54117647 0.42352941 0.64313725
v 0.02855073 0.02917285 0.00913616 0.54117647 0.42352941 0.64313725
v 0.02821977 0.02900499 0.00958578 0.54117647 0.42352941 0.64313725
v 0.02722691 0.02896302 0.00944190 0.54117647 0.42352941 0.64313725
v 0.02480839 0.02828557 0.01028118 0.54117647 0.42352941 0.64313725
v 0.02627477 0.02909492 0.00865058 0.54117647 0.42352941 0.64313725
v 0.02592854 0.02890307 0.00905823 0.54117647 0.42352941 0.64313725
v 0.02480839 0.02869924 0.00907022 0.54117647 0.42352941 0.64313725
v 0.02361695 0.02801579 0.01031116 0.54117647 0.42352941 0.64313725
v 0.02269536 0.02791388 0.00992149 0.54117647 0.42352941 0.64313725
v 0.02188580 0.02779398 0.00958578 0.54117647 0.42352941 0.64313725
v 0.00911601 0.02170293 0.00821894 0.54117647 0.42352941 0.64313725
v 0.01996626 0.02730237 0.00907022 0.54117647 0.42352941 0.64313725
v 0.02110678 0.02769206 0.00913616 0.54117647 0.42352941 0.64313725
v 0.01876463 0.02682276 0.00902226 0.54117647 0.42352941 0.64313725
v 0.01806708 0.02665490 0.00858463 0.54117647 0.42352941 0.64313725
v 0.01723205 0.02647505 0.00785925 0.54117647 0.42352941 0.64313725
v 0.01568929 0.02543190 0.00854267 0.54117647 0.42352941 0.64313725
v 0.00911601 0.02193674 0.00758948 0.54117647 0.42352941 0.64313725
v 0.01633593 0.02600143 0.00785925 0.54117647 0.42352941 0.64313725
v 0.00911601 -0.02281088 0.00416041 0.54117647 0.42352941 0.64313725
v 0.01584204 -0.02655783 0.00423234 0.54117647 0.42352941 0.64313725
v 0.01665670 -0.02676766 0.00544331 0.54117647 0.42352941 0.64313725
v 0.01754774 -0.02720530 0.00544331 0.54117647 0.42352941 0.64313725
v 0.01854569 -0.02765494 0.00544331 0.54117647 0.42352941 0.64313725
v 0.01931453 -0.02784678 0.00613872 0.54117647 0.42352941 0.64313725
v 0.01996626 -0.02799066 0.00658234 0.54117647 0.42352941 0.64313725
v 0.02117806 -0.02839833 0.00665428 0.54117647 0.42352941 0.64313725
v 0.02247133 -0.02881200 0.00657635 0.54117647 0.42352941 0.64313725
v 0.02333182 -0.02895588 0.00692405 0.54117647 0.42352941 0.64313725
v 0.02367805 -0.02912374 0.00657635 0.54117647 0.42352941 0.64313725
v 0.02480839 -0.02933957 0.00665428 0.54117647 0.42352941 0.64313725
v 0.02601510 -0.02955539 0.00665428 0.54117647 0.42352941 0.64313725
v 0.02722691 -0.02971126 0.00665428 0.54117647 0.42352941 0.64313725
v 0.02964542 -0.02957937 0.00785925 0.54117647 0.42352941 0.64313725
v 0.02843871 -0.02981918 0.00665428 0.54117647 0.42352941 0.64313725
v 0.03085723 -0.02958537 0.00785925 0.54117647 0.42352941 0.64313725
v 0.03206904 -0.02955539 0.00785925 0.54117647 0.42352941 0.64313725
v 0.03327575 -0.02946546 0.00785925 0.54117647 0.42352941 0.64313725
v 0.03448756 -0.02932158 0.00785925 0.54117647 0.42352941 0.64313725
v 0.03561790 -0.02914772 0.00785326 0.54117647 0.42352941 0.64313725
v 0.03652420 -0.02908777 0.00744560 0.54117647 0.42352941 0.64313725
v 0.03732868 -0.02899784 0.00708591 0.54117647 0.42352941 0.64313725
v 0.03812297 -0.02890192 0.00667226 0.54117647 0.42352941 0.64313725
v 0.03932459 -0.02856020 0.00665428 0.54117647 0.42352941 0.64313725
v 0.04110666 -0.02781681 0.00721180 0.54117647 0.42352941 0.64313725
v 0.05944159 -0.00912401 0.00419638 0.54117647 0.42352941 0.64313725
v 0.05930920 -0.00973551 0.00376474 0.54117647 0.42352941 0.64313725
v 0.05756787 -0.01270309 0.00665428 0.54117647 0.42352941 0.64313725
v 0.05812795 -0.01221149 0.00512558 0.54117647 0.42352941 0.64313725
v 0.05707398 -0.01371028 0.00665428 0.54117647 0.42352941 0.64313725
v 0.05785300 -0.01264914 0.00549727 0.54117647 0.42352941 0.64313725
v 0.05857601 -0.01149208 0.00423234 0.54117647 0.42352941 0.64313725
v 0.05913609 -0.01046092 0.00302138 0.54117647 0.42352941 0.64313725
v 0.06025115 -0.00665401 0.00302138 0.54117647 0.42352941 0.64313725
v 0.06043954 -0.00574875 0.00302138 0.54117647 0.42352941 0.64313725
v 0.06051592 -0.00493941 0.00375275 0.54117647 0.42352941 0.64313725
v 0.05960452 -0.00907005 0.00302138 0.54117647 0.42352941 0.64313725
v 0.05995584 -0.00785903 0.00302138 0.54117647 0.42352941 0.64313725
v 0.06069412 -0.00423198 0.00302138 0.54117647 0.42352941 0.64313725
v 0.06083669 -0.00302097 0.00302138 0.54117647 0.42352941 0.64313725
v 0.06079087 -0.00180995 0.00423234 0.54117647 0.42352941 0.64313725
v 0.06064830 -0.00060493 0.00544331 0.54117647 0.42352941 0.64313725
v 0.06052101 -0.00060493 0.00614471 0.54117647 0.42352941 0.64313725
v 0.06037844 0.00060009 0.00675020 0.54117647 0.42352941 0.64313725
v 0.06037844 0.00178712 0.00655836 0.54117647 0.42352941 0.64313725
v 0.06025624 0.00302212 0.00665428 0.54117647 0.42352941 0.64313725
v 0.05525627 -0.01624621 0.00781729 0.54117647 0.42352941 0.64313725
v 0.05416667 -0.01777497 0.00785925 0.54117647 0.42352941 0.64313725
v 0.05461982 -0.01716946 0.00785925 0.54117647 0.42352941 0.64313725
v 0.05306688 -0.01915385 0.00785925 0.54117647 0.42352941 0.64313725
v 0.05356586 -0.01854834 0.00785925 0.54117647 0.42352941 0.64313725
v 0.05246097 -0.01984329 0.00785925 0.54117647 0.42352941 0.64313725
v 0.05202819 -0.02056870 0.00725377 0.54117647 0.42352941 0.64313725
v 0.04822475 -0.02406985 0.00665428 0.54117647 0.42352941 0.64313725
v 0.04908523 -0.02340439 0.00666027 0.54117647 0.42352941 0.64313725
v 0.04968095 -0.02305068 0.00626461 0.54117647 0.42352941 0.64313725
v 0.05093858 -0.02189362 0.00644446 0.54117647 0.42352941 0.64313725
v 0.05215039 -0.02069460 0.00645045 0.54117647 0.42352941 0.64313725
v 0.05569415 -0.01579059 0.00737966 0.54117647 0.42352941 0.64313725
v 0.05628987 -0.01511913 0.00665428 0.54117647 0.42352941 0.64313725
v 0.05675830 -0.01431578 0.00665428 0.54117647 0.42352941 0.64313725
v 0.04174821 -0.02767292 0.00674420 0.54117647 0.42352941 0.64313725
v 0.04295492 -0.02717533 0.00665428 0.54117647 0.42352941 0.64313725
v 0.04383068 -0.02675567 0.00665428 0.54117647 0.42352941 0.64313725
v 0.04443658 -0.02644392 0.00665428 0.54117647 0.42352941 0.64313725
v 0.04672272 -0.02510701 0.00665428 0.54117647 0.42352941 0.64313725
v 0.04761884 -0.02450150 0.00665428 0.54117647 0.42352941 0.64313725
v 0.04537344 -0.02592834 0.00665428 0.54117647 0.42352941 0.64313725
v 0.04611681 -0.02549669 0.00665428 0.54117647 0.42352941 0.64313725
v 0.05931938 0.00736858 0.00736767 0.54117647 0.42352941 0.64313725
v 0.05920737 0.00817793 0.00691206 0.54117647 0.42352941 0.64313725
v 0.05904953 0.00897528 0.00656436 0.54117647 0.42352941 0.64313725
v 0.05858620 0.01028221 0.00665428 0.54117647 0.42352941 0.64313725
v 0.05991002 0.00544415 0.00665428 0.54117647 0.42352941 0.64313725
v 0.06010859 0.00423313 0.00665428 0.54117647 0.42352941 0.64313725
v 0.05966053 0.00664917 0.00665428 0.54117647 0.42352941 0.64313725
v 0.05821959 0.01123544 0.00665428 0.54117647 0.42352941 0.64313725
v 0.05805666 0.01204478 0.00594089 0.54117647 0.42352941 0.64313725
v 0.05785809 0.01265628 0.00549727 0.54117647 0.42352941 0.64313725
v 0.05718600 0.01401118 0.00550926 0.54117647 0.42352941 0.64313725
v 0.05684486 0.01447880 0.00595288 0.54117647 0.42352941 0.64313725
v 0.05630006 0.01512028 0.00665428 0.54117647 0.42352941 0.64313725
v 0.05569925 0.01579773 0.00739764 0.54117647 0.42352941 0.64313725
v 0.05540393 0.01655911 0.00665428 0.54117647 0.42352941 0.64313725
v 0.05479803 0.01742840 0.00665428 0.54117647 0.42352941 0.64313725
v 0.05436015 0.01803391 0.00665428 0.54117647 0.42352941 0.64313725
v 0.05370333 0.01884925 0.00670224 0.54117647 0.42352941 0.64313725
v 0.05319926 0.01931687 0.00713387 0.54117647 0.42352941 0.64313725
v 0.05202819 0.02056985 0.00726576 0.54117647 0.42352941 0.64313725
v 0.05134591 0.02109742 0.00766741 0.54117647 0.42352941 0.64313725
v 0.05081638 0.02178086 0.00725976 0.54117647 0.42352941 0.64313725
v 0.04954857 0.02293792 0.00708591 0.54117647 0.42352941 0.64313725
v 0.04909032 0.02341753 0.00667226 0.54117647 0.42352941 0.64313725
v 0.04836731 0.02417292 0.00594688 0.54117647 0.42352941 0.64313725
v 0.04696203 0.02526403 0.00544331 0.54117647 0.42352941 0.64313725
v 0.04635612 0.02564772 0.00544331 0.54117647 0.42352941 0.64313725
v 0.04527670 0.02628920 0.00538936 0.54117647 0.42352941 0.64313725
v 0.04465552 0.02655898 0.00576104 0.54117647 0.42352941 0.64313725
v 0.04421764 0.02685874 0.00538936 0.54117647 0.42352941 0.64313725
v 0.04237447 0.02784194 0.00489778 0.54117647 0.42352941 0.64313725
v 0.04175839 0.02799181 0.00535938 0.54117647 0.42352941 0.64313725
v 0.04053131 0.02863329 0.00423234 0.54117647 0.42352941 0.64313725
v 0.03962500 0.02893904 0.00423234 0.54117647 0.42352941 0.64313725
v 0.03883071 0.02907094 0.00501768 0.54117647 0.42352941 0.64313725
v 0.03812806 0.02917285 0.00543132 0.54117647 0.42352941 0.64313725
v 0.03811279 0.02937669 0.00423234 0.54117647 0.42352941 0.64313725
v 0.03690098 0.02965846 0.00423234 0.54117647 0.42352941 0.64313725
v 0.03569427 0.02989826 0.00423234 0.54117647 0.42352941 0.64313725
v 0.03448756 0.03007812 0.00423234 0.54117647 0.42352941 0.64313725
v 0.03338267 0.03020402 0.00428630 0.54117647 0.42352941 0.64313725
v 0.02964542 0.02989227 0.00665428 0.54117647 0.42352941 0.64313725
v 0.03304663 0.03028795 0.00392061 0.54117647 0.42352941 0.64313725
v 0.03196211 0.03030593 0.00428630 0.54117647 0.42352941 0.64313725
v 0.03148859 0.03024598 0.00484382 0.54117647 0.42352941 0.64313725
v 0.02960978 0.03015605 0.00534140 0.54117647 0.42352941 0.64313725
v 0.03085723 0.03025198 0.00486780 0.54117647 0.42352941 0.64313725
v 0.02998656 0.03025198 0.00487380 0.54117647 0.42352941 0.64313725
v 0.02722691 0.02943064 0.00785925 0.54117647 0.42352941 0.64313725
v 0.02722691 0.02915487 0.00883642 0.54117647 0.42352941 0.64313725
v 0.02843871 0.02983232 0.00665428 0.54117647 0.42352941 0.64313725
v 0.02359658 0.02843545 0.00907022 0.54117647 0.42352941 0.64313725
v 0.02547030 0.02902897 0.00843476 0.54117647 0.42352941 0.64313725
v 0.02592854 0.02923281 0.00796116 0.54117647 0.42352941 0.64313725
v 0.02480839 0.02896302 0.00819497 0.54117647 0.42352941 0.64313725
v 0.02232877 0.02807575 0.00913616 0.54117647 0.42352941 0.64313725
v 0.02146319 0.02793186 0.00877647 0.54117647 0.42352941 0.64313725
v 0.02065872 0.02779997 0.00836282 0.54117647 0.42352941 0.64313725
v 0.01996116 0.02765609 0.00791920 0.54117647 0.42352941 0.64313725
v 0.01875954 0.02717648 0.00785925 0.54117647 0.42352941 0.64313725
v 0.01783796 0.02676281 0.00785925 0.54117647 0.42352941 0.64313725
v 0.01701312 0.02658296 0.00712188 0.54117647 0.42352941 0.64313725
v 0.01551109 0.02553981 0.00785925 0.54117647 0.42352941 0.64313725
v 0.00911601 0.02223649 0.00664828 0.54117647 0.42352941 0.64313725
v 0.01638176 0.02635515 0.00669025 0.54117647 0.42352941 0.64313725
v 0.00911601 -0.02299073 0.00302138 0.54117647 0.42352941 0.64313725
v 0.01574021 -0.02661179 0.00358490 0.54117647 0.42352941 0.64313725
v 0.01644795 -0.02688157 0.00423234 0.54117647 0.42352941 0.64313725
v 0.01754774 -0.02742113 0.00423234 0.54117647 0.42352941 0.64313725
v 0.01829620 -0.02776285 0.00423234 0.54117647 0.42352941 0.64313725
v 0.01915160 -0.02791872 0.00544331 0.54117647 0.42352941 0.64313725
v 0.01996626 -0.02823047 0.00544331 0.54117647 0.42352941 0.64313725
v 0.02117806 -0.02865013 0.00544331 0.54117647 0.42352941 0.64313725
v 0.02210983 -0.02894389 0.00544331 0.54117647 0.42352941 0.64313725
v 0.02293467 -0.02905180 0.00612073 0.54117647 0.42352941 0.64313725
v 0.02359658 -0.02933357 0.00544331 0.54117647 0.42352941 0.64313725
v 0.02480839 -0.02958537 0.00544331 0.54117647 0.42352941 0.64313725
v 0.02601510 -0.02980119 0.00544331 0.54117647 0.42352941 0.64313725
v 0.02722691 -0.02995707 0.00544331 0.54117647 0.42352941 0.64313725
v 0.02964542 -0.02987913 0.00665428 0.54117647 0.42352941 0.64313725
v 0.02843871 -0.03006498 0.00544331 0.54117647 0.42352941 0.64313725
v 0.03085723 -0.02988512 0.00665428 0.54117647 0.42352941 0.64313725
v 0.03206904 -0.02985515 0.00665428 0.54117647 0.42352941 0.64313725
v 0.03327575 -0.02976522 0.00665428 0.54117647 0.42352941 0.64313725
v 0.03448756 -0.02962134 0.00665428 0.54117647 0.42352941 0.64313725
v 0.03569427 -0.02943549 0.00665428 0.54117647 0.42352941 0.64313725
v 0.03691626 -0.02918969 0.00667226 0.54117647 0.42352941 0.64313725
v 0.03772582 -0.02909377 0.00628260 0.54117647 0.42352941 0.64313725
v 0.03853539 -0.02899185 0.00578502 0.54117647 0.42352941 0.64313725
v 0.04053131 -0.02841032 0.00544331 0.54117647 0.42352941 0.64313725
v 0.04063823 -0.02809258 0.00674420 0.54117647 0.42352941 0.64313725
v 0.03924822 -0.02884197 0.00540734 0.54117647 0.42352941 0.64313725
v 0.04135106 -0.02791273 0.00640249 0.54117647 0.42352941 0.64313725
v 0.05934993 -0.00985541 0.00302138 0.54117647 0.42352941 0.64313725
v 0.05819923 -0.01237336 0.00423234 0.54117647 0.42352941 0.64313725
v 0.05792428 -0.01297887 0.00423234 0.54117647 0.42352941 0.64313725
v 0.05684486 -0.01447765 0.00594688 0.54117647 0.42352941 0.64313725
v 0.05717581 -0.01401003 0.00550326 0.54117647 0.42352941 0.64313725
v 0.05746095 -0.01391411 0.00423234 0.54117647 0.42352941 0.64313725
v 0.05828070 -0.01255322 0.00302138 0.54117647 0.42352941 0.64313725
v 0.05873385 -0.01149208 0.00302138 0.54117647 0.42352941 0.64313725
v 0.05918191 -0.01060480 0.00181041 0.54117647 0.42352941 0.64313725
v 0.05940594 -0.00999929 0.00181041 0.54117647 0.42352941 0.64313725
v 0.06037335 -0.00655809 0.00178044 0.54117647 0.42352941 0.64313725
v 0.06048027 -0.00595258 0.00216411 0.54117647 0.42352941 0.64313725
v 0.06005258 -0.00785903 0.00181041 0.54117647 0.42352941 0.64313725
v 0.06055665 -0.00514324 0.00302138 0.54117647 0.42352941 0.64313725
v 0.05970635 -0.00907005 0.00181041 0.54117647 0.42352941 0.64313725
v 0.06079087 -0.00423198 0.00181041 0.54117647 0.42352941 0.64313725
v 0.06093343 -0.00302097 0.00181041 0.54117647 0.42352941 0.64313725
v 0.06093343 -0.00180995 0.00302138 0.54117647 0.42352941 0.64313725
v 0.06098435 -0.00060493 0.00302138 0.54117647 0.42352941 0.64313725
v 0.06083669 -0.00060493 0.00423234 0.54117647 0.42352941 0.64313725
v 0.06064830 0.00060009 0.00544331 0.54117647 0.42352941 0.64313725
v 0.06052101 0.00060009 0.00614471 0.54117647 0.42352941 0.64313725
v 0.06050573 0.00136746 0.00609076 0.54117647 0.42352941 0.64313725
v 0.06048027 0.00217081 0.00595887 0.54117647 0.42352941 0.64313725
v 0.06044463 0.00302212 0.00575505 0.54117647 0.42352941 0.64313725
v 0.05435506 -0.01802677 0.00665428 0.54117647 0.42352941 0.64313725
v 0.05479803 -0.01742126 0.00665428 0.54117647 0.42352941 0.64313725
v 0.05539884 -0.01654597 0.00665428 0.54117647 0.42352941 0.64313725
v 0.05319417 -0.01930373 0.00711589 0.54117647 0.42352941 0.64313725
v 0.05331127 -0.01944761 0.00630658 0.54117647 0.42352941 0.64313725
v 0.04835713 -0.02416577 0.00592290 0.54117647 0.42352941 0.64313725
v 0.04893248 -0.02383005 0.00549127 0.54117647 0.42352941 0.64313725
v 0.04980315 -0.02315260 0.00544331 0.54117647 0.42352941 0.64313725
v 0.05040905 -0.02263102 0.00544331 0.54117647 0.42352941 0.64313725
v 0.05108115 -0.02202551 0.00544331 0.54117647 0.42352941 0.64313725
v 0.05168196 -0.02143799 0.00544331 0.54117647 0.42352941 0.64313725
v 0.05228277 -0.02083249 0.00544331 0.54117647 0.42352941 0.64313725
v 0.05288867 -0.02017902 0.00544331 0.54117647 0.42352941 0.64313725
v 0.05579598 -0.01594046 0.00665428 0.54117647 0.42352941 0.64313725
v 0.04216063 -0.02775086 0.00566512 0.54117647 0.42352941 0.64313725
v 0.04283781 -0.02751705 0.00533540 0.54117647 0.42352941 0.64313725
v 0.04464025 -0.02655183 0.00573107 0.54117647 0.42352941 0.64313725
v 0.04420746 -0.02684559 0.00537137 0.54117647 0.42352941 0.64313725
v 0.04694675 -0.02525089 0.00544331 0.54117647 0.42352941 0.64313725
v 0.04788870 -0.02459742 0.00549127 0.54117647 0.42352941 0.64313725
v 0.04527161 -0.02627606 0.00537137 0.54117647 0.42352941 0.64313725
v 0.04634085 -0.02563458 0.00544331 0.54117647 0.42352941 0.64313725
v 0.05939067 0.00780623 0.00656436 0.54117647 0.42352941 0.64313725
v 0.05929902 0.00851365 0.00610874 0.54117647 0.42352941 0.64313725
v 0.05917682 0.00932300 0.00544331 0.54117647 0.42352941 0.64313725
v 0.05884587 0.01028221 0.00544331 0.54117647 0.42352941 0.64313725
v 0.06015950 0.00544415 0.00544331 0.54117647 0.42352941 0.64313725
v 0.06037335 0.00419117 0.00538336 0.54117647 0.42352941 0.64313725
v 0.05991002 0.00664917 0.00544331 0.54117647 0.42352941 0.64313725
v 0.05960961 0.00786018 0.00544331 0.54117647 0.42352941 0.64313725
v 0.05833161 0.01158316 0.00549727 0.54117647 0.42352941 0.64313725
v 0.05813304 0.01221864 0.00513158 0.54117647 0.42352941 0.64313725
v 0.05792938 0.01298602 0.00423234 0.54117647 0.42352941 0.64313725
v 0.05746604 0.01390927 0.00423234 0.54117647 0.42352941 0.64313725
v 0.05693142 0.01463468 0.00514357 0.54117647 0.42352941 0.64313725
v 0.05660046 0.01507232 0.00550926 0.54117647 0.42352941 0.64313725
v 0.05580617 0.01595360 0.00665428 0.54117647 0.42352941 0.64313725
v 0.05555159 0.01678093 0.00544331 0.54117647 0.42352941 0.64313725
v 0.05444671 0.01814782 0.00604280 0.54117647 0.42352941 0.64313725
v 0.05332146 0.01945476 0.00633055 0.54117647 0.42352941 0.64313725
v 0.05281230 0.01989839 0.00670224 0.54117647 0.42352941 0.64313725
v 0.05212493 0.02067177 0.00665428 0.54117647 0.42352941 0.64313725
v 0.05091312 0.02186480 0.00665428 0.54117647 0.42352941 0.64313725
v 0.05013920 0.02254824 0.00667226 0.54117647 0.42352941 0.64313725
v 0.05151903 0.02127128 0.00665428 0.54117647 0.42352941 0.64313725
v 0.04968604 0.02305183 0.00628260 0.54117647 0.42352941 0.64313725
v 0.04848951 0.02426285 0.00513757 0.54117647 0.42352941 0.64313725
v 0.04789379 0.02460457 0.00550326 0.54117647 0.42352941 0.64313725
v 0.04893757 0.02383719 0.00550326 0.54117647 0.42352941 0.64313725
v 0.04710459 0.02535396 0.00450811 0.54117647 0.42352941 0.64313725
v 0.04665144 0.02569568 0.00416041 0.54117647 0.42352941 0.64313725
v 0.04552110 0.02636114 0.00423234 0.54117647 0.42352941 0.64313725
v 0.04480827 0.02664291 0.00495173 0.54117647 0.42352941 0.64313725
v 0.04416163 0.02708655 0.00423234 0.54117647 0.42352941 0.64313725
v 0.04308730 0.02760813 0.00423234 0.54117647 0.42352941 0.64313725
v 0.04248140 0.02788990 0.00423234 0.54117647 0.42352941 0.64313725
v 0.04174311 0.02818366 0.00423234 0.54117647 0.42352941 0.64313725
v 0.04174311 0.02833953 0.00302138 0.54117647 0.42352941 0.64313725
v 0.04042438 0.02883113 0.00294344 0.54117647 0.42352941 0.64313725
v 0.03981339 0.02899899 0.00329115 0.54117647 0.42352941 0.64313725
v 0.03901910 0.02913089 0.00423234 0.54117647 0.42352941 0.64313725
v 0.03811279 0.02952057 0.00302138 0.54117647 0.42352941 0.64313725
v 0.03690098 0.02980234 0.00302138 0.54117647 0.42352941 0.64313725
v 0.03569427 0.03004215 0.00302138 0.54117647 0.42352941 0.64313725
v 0.03454356 0.03020402 0.00312329 0.54117647 0.42352941 0.64313725
v 0.03385110 0.03024598 0.00359689 0.54117647 0.42352941 0.64313725
v 0.02918209 0.03024598 0.00480785 0.54117647 0.42352941 0.64313725
v 0.03338267 0.03034190 0.00312329 0.54117647 0.42352941 0.64313725
v 0.03206904 0.03044982 0.00302138 0.54117647 0.42352941 0.64313725
v 0.03085723 0.03034190 0.00423234 0.54117647 0.42352941 0.64313725
v 0.02960978 0.03031792 0.00433426 0.54117647 0.42352941 0.64313725
v 0.02722691 0.02972440 0.00665428 0.54117647 0.42352941 0.64313725
v 0.02601510 0.02956853 0.00665428 0.54117647 0.42352941 0.64313725
v 0.02843871 0.03007812 0.00544331 0.54117647 0.42352941 0.64313725
v 0.02366277 0.02883113 0.00778731 0.54117647 0.42352941 0.64313725
v 0.02238987 0.02847742 0.00785925 0.54117647 0.42352941 0.64313725
v 0.02480839 0.02913089 0.00759548 0.54117647 0.42352941 0.64313725
v 0.02411083 0.02905895 0.00733770 0.54117647 0.42352941 0.64313725
v 0.02110678 0.02806376 0.00791920 0.54117647 0.42352941 0.64313725
v 0.02035831 0.02790788 0.00755951 0.54117647 0.42352941 0.64313725
v 0.01954874 0.02775801 0.00696002 0.54117647 0.42352941 0.64313725
v 0.01884101 0.02754817 0.00659433 0.54117647 0.42352941 0.64313725
v 0.01747136 0.02690670 0.00669025 0.54117647 0.42352941 0.64313725
v 0.01681454 0.02668488 0.00631257 0.54117647 0.42352941 0.64313725
v 0.00911601 0.02256023 0.00544331 0.54117647 0.42352941 0.64313725
v 0.01509867 0.02565971 0.00656436 0.54117647 0.42352941 0.64313725
v 0.01603043 0.02645706 0.00544331 0.54117647 0.42352941 0.64313725
v 0.00911601 -0.02312262 0.00191832 0.54117647 0.42352941 0.64313725
v 0.01566893 -0.02665375 0.00278158 0.54117647 0.42352941 0.64313725
v 0.01622392 -0.02691154 0.00311730 0.54117647 0.42352941 0.64313725
v 0.01762411 -0.02761297 0.00309332 0.54117647 0.42352941 0.64313725
v 0.00911601 -0.02313461 0.00181041 0.54117647 0.42352941 0.64313725
v 0.01817400 -0.02781681 0.00354293 0.54117647 0.42352941 0.64313725
v 0.01890211 -0.02802064 0.00423234 0.54117647 0.42352941 0.64313725
v 0.01996626 -0.02844030 0.00423234 0.54117647 0.42352941 0.64313725
v 0.02123407 -0.02887195 0.00424433 0.54117647 0.42352941 0.64313725
v 0.02187561 -0.02900983 0.00465798 0.54117647 0.42352941 0.64313725
v 0.02271573 -0.02911775 0.00544331 0.54117647 0.42352941 0.64313725
v 0.02359658 -0.02953141 0.00423234 0.54117647 0.42352941 0.64313725
v 0.02480839 -0.02978321 0.00423234 0.54117647 0.42352941 0.64313725
v 0.02601510 -0.02999304 0.00423234 0.54117647 0.42352941 0.64313725
v 0.02724727 -0.03016090 0.00417839 0.54117647 0.42352941 0.64313725
v 0.02843871 -0.03020886 0.00455607 0.54117647 0.42352941 0.64313725
v 0.02964542 -0.03012493 0.00544331 0.54117647 0.42352941 0.64313725
v 0.02964542 -0.03023884 0.00476589 0.54117647 0.42352941 0.64313725
v 0.03085723 -0.03013092 0.00544331 0.54117647 0.42352941 0.64313725
v 0.03206904 -0.03009495 0.00544331 0.54117647 0.42352941 0.64313725
v 0.03327575 -0.03001102 0.00544331 0.54117647 0.42352941 0.64313725
v 0.03448756 -0.02986714 0.00544331 0.54117647 0.42352941 0.64313725
v 0.03569427 -0.02968129 0.00544331 0.54117647 0.42352941 0.64313725
v 0.03690098 -0.02944148 0.00544331 0.54117647 0.42352941 0.64313725
v 0.03812297 -0.02915971 0.00540734 0.54117647 0.42352941 0.64313725
v 0.03880016 -0.02906379 0.00498171 0.54117647 0.42352941 0.64313725
v 0.04174311 -0.02817052 0.00423234 0.54117647 0.42352941 0.64313725
v 0.04174821 -0.02797867 0.00533540 0.54117647 0.42352941 0.64313725
v 0.03959445 -0.02893190 0.00423234 0.54117647 0.42352941 0.64313725
v 0.04053131 -0.02861416 0.00423234 0.54117647 0.42352941 0.64313725
v 0.05801084 -0.01315872 0.00302138 0.54117647 0.42352941 0.64313725
v 0.05693142 -0.01462753 0.00513757 0.54117647 0.42352941 0.64313725
v 0.05659537 -0.01506517 0.00550326 0.54117647 0.42352941 0.64313725
v 0.05700779 -0.01476542 0.00423234 0.54117647 0.42352941 0.64313725
v 0.05762388 -0.01391411 0.00302138 0.54117647 0.42352941 0.64313725
v 0.05805666 -0.01326064 0.00205620 0.54117647 0.42352941 0.64313725
v 0.05828579 -0.01279302 0.00171449 0.54117647 0.42352941 0.64313725
v 0.05883568 -0.01149208 0.00181041 0.54117647 0.42352941 0.64313725
v 0.05920737 -0.01067674 0.00059944 0.54117647 0.42352941 0.64313725
v 0.05943140 -0.01007124 0.00059944 0.54117647 0.42352941 0.64313725
v 0.05975727 -0.00907005 0.00059944 0.54117647 0.42352941 0.64313725
v 0.06050573 -0.00609047 0.00135480 0.54117647 0.42352941 0.64313725
v 0.06037844 -0.00674994 0.00059944 0.54117647 0.42352941 0.64313725
v 0.06058720 -0.00550894 0.00178044 0.54117647 0.42352941 0.64313725
v 0.06010350 -0.00785903 0.00059944 0.54117647 0.42352941 0.64313725
v 0.06083669 -0.00423198 0.00059944 0.54117647 0.42352941 0.64313725
v 0.06098435 -0.00302097 0.00059944 0.54117647 0.42352941 0.64313725
v 0.06064320 -0.00544300 0.00059944 0.54117647 0.42352941 0.64313725
v 0.06103017 -0.00180995 0.00181041 0.54117647 0.42352941 0.64313725
v 0.06108108 -0.00060493 0.00181041 0.54117647 0.42352941 0.64313725
v 0.06098435 0.00060009 0.00302138 0.54117647 0.42352941 0.64313725
v 0.06083669 0.00060009 0.00423234 0.54117647 0.42352941 0.64313725
v 0.06079087 0.00181110 0.00423234 0.54117647 0.42352941 0.64313725
v 0.06058720 0.00178712 0.00550926 0.54117647 0.42352941 0.64313725
v 0.06055665 0.00302212 0.00514956 0.54117647 0.42352941 0.64313725
v 0.06051592 0.00375952 0.00493974 0.54117647 0.42352941 0.64313725
v 0.05369315 -0.01884210 0.00668425 0.54117647 0.42352941 0.64313725
v 0.05444161 -0.01814067 0.00603081 0.54117647 0.42352941 0.64313725
v 0.05554650 -0.01677378 0.00544331 0.54117647 0.42352941 0.64313725
v 0.05342329 -0.01957351 0.00544331 0.54117647 0.42352941 0.64313725
v 0.05411066 -0.01869822 0.00555122 0.54117647 0.42352941 0.64313725
v 0.04848442 -0.02426170 0.00511959 0.54117647 0.42352941 0.64313725
v 0.04920234 -0.02388400 0.00423234 0.54117647 0.42352941 0.64313725
v 0.04995081 -0.02327850 0.00423234 0.54117647 0.42352941 0.64313725
v 0.05055671 -0.02275692 0.00423234 0.54117647 0.42352941 0.64313725
v 0.05121353 -0.02215141 0.00423234 0.54117647 0.42352941 0.64313725
v 0.05181943 -0.02157588 0.00423234 0.54117647 0.42352941 0.64313725
v 0.05241006 -0.02097037 0.00423234 0.54117647 0.42352941 0.64313725
v 0.05301596 -0.02032290 0.00423234 0.54117647 0.42352941 0.64313725
v 0.05593855 -0.01616828 0.00544331 0.54117647 0.42352941 0.64313725
v 0.04235920 -0.02782880 0.00486181 0.54117647 0.42352941 0.64313725
v 0.04307203 -0.02760098 0.00423234 0.54117647 0.42352941 0.64313725
v 0.04416163 -0.02707341 0.00423234 0.54117647 0.42352941 0.64313725
v 0.04479808 -0.02663577 0.00492176 0.54117647 0.42352941 0.64313725
v 0.04709441 -0.02534681 0.00449012 0.54117647 0.42352941 0.64313725
v 0.04551091 -0.02635400 0.00423234 0.54117647 0.42352941 0.64313725
v 0.04665144 -0.02568854 0.00414242 0.54117647 0.42352941 0.64313725
v 0.05937030 0.00871749 0.00544331 0.54117647 0.42352941 0.64313725
v 0.05924811 0.00956280 0.00458604 0.54117647 0.42352941 0.64313725
v 0.05908517 0.01019828 0.00420237 0.54117647 0.42352941 0.64313725
v 0.05858620 0.01149323 0.00423234 0.54117647 0.42352941 0.64313725
v 0.06037335 0.00538420 0.00419038 0.54117647 0.42352941 0.64313725
v 0.06010859 0.00664917 0.00423234 0.54117647 0.42352941 0.64313725
v 0.06045482 0.00456287 0.00456806 0.54117647 0.42352941 0.64313725
v 0.05980818 0.00786018 0.00423234 0.54117647 0.42352941 0.64313725
v 0.05820432 0.01238051 0.00423234 0.54117647 0.42352941 0.64313725
v 0.05801084 0.01316587 0.00302138 0.54117647 0.42352941 0.64313725
v 0.05763406 0.01390927 0.00302138 0.54117647 0.42352941 0.64313725
v 0.05701288 0.01477256 0.00423234 0.54117647 0.42352941 0.64313725
v 0.05666156 0.01537807 0.00423234 0.54117647 0.42352941 0.64313725
v 0.05594874 0.01617542 0.00544331 0.54117647 0.42352941 0.64313725
v 0.05563305 0.01689484 0.00468196 0.54117647 0.42352941 0.64313725
v 0.05453835 0.01826772 0.00523349 0.54117647 0.42352941 0.64313725
v 0.05489986 0.01766221 0.00555721 0.54117647 0.42352941 0.64313725
v 0.05412084 0.01869937 0.00555721 0.54117647 0.42352941 0.64313725
v 0.05343347 0.01958665 0.00544331 0.54117647 0.42352941 0.64313725
v 0.05289885 0.02018616 0.00544331 0.54117647 0.42352941 0.64313725
v 0.05229295 0.02084563 0.00544331 0.54117647 0.42352941 0.64313725
v 0.05169214 0.02145113 0.00544331 0.54117647 0.42352941 0.64313725
v 0.05108624 0.02202666 0.00544331 0.54117647 0.42352941 0.64313725
v 0.05041414 0.02263217 0.00544331 0.54117647 0.42352941 0.64313725
v 0.04980824 0.02315375 0.00544331 0.54117647 0.42352941 0.64313725
v 0.04920743 0.02388515 0.00423234 0.54117647 0.42352941 0.64313725
v 0.04860153 0.02434678 0.00423234 0.54117647 0.42352941 0.64313725
v 0.04768503 0.02501224 0.00416041 0.54117647 0.42352941 0.64313725
v 0.04996099 0.02328564 0.00423234 0.54117647 0.42352941 0.64313725
v 0.04720642 0.02541991 0.00370479 0.54117647 0.42352941 0.64313725
v 0.04658015 0.02589952 0.00302138 0.54117647 0.42352941 0.64313725
v 0.04567384 0.02644507 0.00302138 0.54117647 0.42352941 0.64313725
v 0.04491519 0.02669687 0.00423234 0.54117647 0.42352941 0.64313725
v 0.04416163 0.02724842 0.00302138 0.54117647 0.42352941 0.64313725
v 0.04506794 0.02678080 0.00302138 0.54117647 0.42352941 0.64313725
v 0.04325532 0.02768606 0.00302138 0.54117647 0.42352941 0.64313725
v 0.04265451 0.02796184 0.00302138 0.54117647 0.42352941 0.64313725
v 0.04174311 0.02844145 0.00181041 0.54117647 0.42352941 0.64313725
v 0.03995086 0.02904696 0.00248184 0.54117647 0.42352941 0.64313725
v 0.04277162 0.02801579 0.00181041 0.54117647 0.42352941 0.64313725
v 0.03937551 0.02917285 0.00294344 0.54117647 0.42352941 0.64313725
v 0.03932459 0.02928676 0.00181041 0.54117647 0.42352941 0.64313725
v 0.03811279 0.02962249 0.00181041 0.54117647 0.42352941 0.64313725
v 0.03690098 0.02990426 0.00181041 0.54117647 0.42352941 0.64313725
v 0.03561281 0.03015605 0.00180442 0.54117647 0.42352941 0.64313725
v 0.03498144 0.03023399 0.00220008 0.54117647 0.42352941 0.64313725
v 0.03417697 0.03028195 0.00278758 0.54117647 0.42352941 0.64313725
v 0.02964542 0.03047380 0.00302138 0.54117647 0.42352941 0.64313725
v 0.02843871 0.03029994 0.00402252 0.54117647 0.42352941 0.64313725
v 0.02843871 0.03022200 0.00462801 0.54117647 0.42352941 0.64313725
v 0.03327575 0.03046181 0.00181041 0.54117647 0.42352941 0.64313725
v 0.03206904 0.03054574 0.00181041 0.54117647 0.42352941 0.64313725
v 0.03085723 0.03058171 0.00181041 0.54117647 0.42352941 0.64313725
v 0.03085723 0.03047979 0.00302138 0.54117647 0.42352941 0.64313725
v 0.02722691 0.02997021 0.00544331 0.54117647 0.42352941 0.64313725
v 0.02480839 0.02960450 0.00544331 0.54117647 0.42352941 0.64313725
v 0.02480839 0.02935271 0.00665428 0.54117647 0.42352941 0.64313725
v 0.02601510 0.02981433 0.00544331 0.54117647 0.42352941 0.64313725
v 0.02330127 0.02896302 0.00693604 0.54117647 0.42352941 0.64313725
v 0.02117806 0.02841147 0.00665428 0.54117647 0.42352941 0.64313725
v 0.02247133 0.02881914 0.00658234 0.54117647 0.42352941 0.64313725
v 0.02366277 0.02913089 0.00658234 0.54117647 0.42352941 0.64313725
v 0.01996116 0.02799781 0.00659433 0.54117647 0.42352941 0.64313725
v 0.01929925 0.02785393 0.00615670 0.54117647 0.42352941 0.64313725
v 0.01852024 0.02766808 0.00544331 0.54117647 0.42352941 0.64313725
v 0.01754774 0.02722444 0.00544331 0.54117647 0.42352941 0.64313725
v 0.01663634 0.02678080 0.00544331 0.54117647 0.42352941 0.64313725
v 0.00911601 0.02282402 0.00417839 0.54117647 0.42352941 0.64313725
v 0.01583186 0.02656497 0.00423234 0.54117647 0.42352941 0.64313725
v 0.00911601 0.02283601 0.00411245 0.54117647 0.42352941 0.64313725
v 0.01559765 -0.02669572 0.00181041 0.54117647 0.42352941 0.64313725
v 0.01633593 -0.02709140 0.00181041 0.54117647 0.42352941 0.64313725
v 0.01739499 -0.02761897 0.00181041 0.54117647 0.42352941 0.64313725
v 0.01808236 -0.02785877 0.00273962 0.54117647 0.42352941 0.64313725
v 0.00911601 -0.02319456 0.00064141 0.54117647 0.42352941 0.64313725
v 0.01864753 -0.02806261 0.00309332 0.54117647 0.42352941 0.64313725
v 0.01996626 -0.02859617 0.00302138 0.54117647 0.42352941 0.64313725
v 0.02091330 -0.02892590 0.00302138 0.54117647 0.42352941 0.64313725
v 0.02167195 -0.02906979 0.00385467 0.54117647 0.42352941 0.64313725
v 0.02232368 -0.02920168 0.00424433 0.54117647 0.42352941 0.64313725
v 0.02238987 -0.02937554 0.00302138 0.54117647 0.42352941 0.64313725
v 0.02359658 -0.02968129 0.00302138 0.54117647 0.42352941 0.64313725
v 0.02480839 -0.02993308 0.00302138 0.54117647 0.42352941 0.64313725
v 0.02607620 -0.03015490 0.00300339 0.54117647 0.42352941 0.64313725
v 0.02686031 -0.03022685 0.00339306 0.54117647 0.42352941 0.64313725
v 0.02766478 -0.03026282 0.00374076 0.54117647 0.42352941 0.64313725
v 0.02843871 -0.03029279 0.00395059 0.54117647 0.42352941 0.64313725
v 0.03085723 -0.03023884 0.00478987 0.54117647 0.42352941 0.64313725
v 0.02964542 -0.03032277 0.00416041 0.54117647 0.42352941 0.64313725
v 0.03085723 -0.03032876 0.00418439 0.54117647 0.42352941 0.64313725
v 0.03206904 -0.03022085 0.00467597 0.54117647 0.42352941 0.64313725
v 0.03300589 -0.03028080 0.00386666 0.54117647 0.42352941 0.64313725
v 0.03335722 -0.03019087 0.00425632 0.54117647 0.42352941 0.64313725
v 0.03569427 -0.02987913 0.00423234 0.54117647 0.42352941 0.64313725
v 0.03448756 -0.03005898 0.00423234 0.54117647 0.42352941 0.64313725
v 0.03811279 -0.02935755 0.00423234 0.54117647 0.42352941 0.64313725
v 0.03690098 -0.02963932 0.00423234 0.54117647 0.42352941 0.64313725
v 0.03898855 -0.02911775 0.00423234 0.54117647 0.42352941 0.64313725
v 0.04174311 -0.02832639 0.00302138 0.54117647 0.42352941 0.64313725
v 0.04246613 -0.02788275 0.00423234 0.54117647 0.42352941 0.64313725
v 0.03980321 -0.02899784 0.00324319 0.54117647 0.42352941 0.64313725
v 0.04041420 -0.02882399 0.00291347 0.54117647 0.42352941 0.64313725
v 0.05665647 -0.01537093 0.00423234 0.54117647 0.42352941 0.64313725
v 0.05708926 -0.01490331 0.00302138 0.54117647 0.42352941 0.64313725
v 0.05714017 -0.01499923 0.00181041 0.54117647 0.42352941 0.64313725
v 0.05808212 -0.01331460 0.00124689 0.54117647 0.42352941 0.64313725
v 0.05779699 -0.01379421 0.00171449 0.54117647 0.42352941 0.64313725
v 0.05837235 -0.01270309 0.00059944 0.54117647 0.42352941 0.64313725
v 0.05888660 -0.01149208 0.00059944 0.54117647 0.42352941 0.64313725
v 0.05920737 -0.01067674 -0.00059953 0.54117647 0.42352941 0.64313725
v 0.05943140 -0.01007124 -0.00059953 0.54117647 0.42352941 0.64313725
v 0.05975727 -0.00907005 -0.00059953 0.54117647 0.42352941 0.64313725
v 0.06052101 -0.00614443 0.00059944 0.54117647 0.42352941 0.64313725
v 0.06037844 -0.00674994 -0.00059953 0.54117647 0.42352941 0.64313725
v 0.06010350 -0.00785903 -0.00059953 0.54117647 0.42352941 0.64313725
v 0.06083669 -0.00423198 -0.00059953 0.54117647 0.42352941 0.64313725
v 0.06098435 -0.00302097 -0.00059953 0.54117647 0.42352941 0.64313725
v 0.06107599 -0.00180995 0.00059944 0.54117647 0.42352941 0.64313725
v 0.06064320 -0.00544300 -0.00059953 0.54117647 0.42352941 0.64313725
v 0.06112691 -0.00060493 0.00059944 0.54117647 0.42352941 0.64313725
v 0.06113200 0.00060009 0.00059944 0.54117647 0.42352941 0.64313725
v 0.06108108 0.00060009 0.00181041 0.54117647 0.42352941 0.64313725
v 0.06093852 0.00181110 0.00302138 0.54117647 0.42352941 0.64313725
v 0.06069412 0.00302212 0.00423234 0.54117647 0.42352941 0.64313725
v 0.06056684 0.00419117 0.00419038 0.54117647 0.42352941 0.64313725
v 0.05453835 -0.01826058 0.00522150 0.54117647 0.42352941 0.64313725
v 0.05489477 -0.01766106 0.00555122 0.54117647 0.42352941 0.64313725
v 0.05562796 -0.01689369 0.00466398 0.54117647 0.42352941 0.64313725
v 0.05355058 -0.01971739 0.00423234 0.54117647 0.42352941 0.64313725
v 0.05415649 -0.01899198 0.00423234 0.54117647 0.42352941 0.64313725
v 0.04859643 -0.02434563 0.00423234 0.54117647 0.42352941 0.64313725
v 0.04767994 -0.02500509 0.00414242 0.54117647 0.42352941 0.64313725
v 0.04931944 -0.02397393 0.00302138 0.54117647 0.42352941 0.64313725
v 0.05006282 -0.02336842 0.00302138 0.54117647 0.42352941 0.64313725
v 0.05066872 -0.02285884 0.00302138 0.54117647 0.42352941 0.64313725
v 0.05132045 -0.02225333 0.00302138 0.54117647 0.42352941 0.64313725
v 0.05192635 -0.02167780 0.00302138 0.54117647 0.42352941 0.64313725
v 0.05251189 -0.02107229 0.00302138 0.54117647 0.42352941 0.64313725
v 0.05311779 -0.02043081 0.00302138 0.54117647 0.42352941 0.64313725
v 0.04324514 -0.02768491 0.00302138 0.54117647 0.42352941 0.64313725
v 0.04416163 -0.02723528 0.00302138 0.54117647 0.42352941 0.64313725
v 0.04490501 -0.02669572 0.00423234 0.54117647 0.42352941 0.64313725
v 0.04720133 -0.02541875 0.00368681 0.54117647 0.42352941 0.64313725
v 0.04566366 -0.02643793 0.00302138 0.54117647 0.42352941 0.64313725
v 0.04658015 -0.02588638 0.00302138 0.54117647 0.42352941 0.64313725
v 0.05944668 0.00912516 0.00420237 0.54117647 0.42352941 0.64313725
v 0.05930920 0.00974265 0.00377673 0.54117647 0.42352941 0.64313725
v 0.05913609 0.01046806 0.00302138 0.54117647 0.42352941 0.64313725
v 0.05873894 0.01149323 0.00302138 0.54117647 0.42352941 0.64313725
v 0.05828579 0.01256036 0.00302138 0.54117647 0.42352941 0.64313725
v 0.06051592 0.00494056 0.00375875 0.54117647 0.42352941 0.64313725
v 0.06044463 0.00575590 0.00302138 0.54117647 0.42352941 0.64313725
v 0.06025624 0.00664917 0.00302138 0.54117647 0.42352941 0.64313725
v 0.05996093 0.00786018 0.00302138 0.54117647 0.42352941 0.64313725
v 0.05805666 0.01326179 0.00210416 0.54117647 0.42352941 0.64313725
v 0.05780208 0.01379536 0.00174447 0.54117647 0.42352941 0.64313725
v 0.05714526 0.01501237 0.00181041 0.54117647 0.42352941 0.64313725
v 0.05709435 0.01491645 0.00302138 0.54117647 0.42352941 0.64313725
v 0.05674812 0.01552195 0.00302138 0.54117647 0.42352941 0.64313725
v 0.05600474 0.01642722 0.00426232 0.54117647 0.42352941 0.64313725
v 0.05569925 0.01699675 0.00387865 0.54117647 0.42352941 0.64313725
v 0.05530719 0.01745838 0.00426232 0.54117647 0.42352941 0.64313725
v 0.05463510 0.01839362 0.00423234 0.54117647 0.42352941 0.64313725
v 0.05416158 0.01899913 0.00423234 0.54117647 0.42352941 0.64313725
v 0.05355567 0.01973053 0.00423234 0.54117647 0.42352941 0.64313725
v 0.05302614 0.02033604 0.00423234 0.54117647 0.42352941 0.64313725
v 0.05242533 0.02098351 0.00423234 0.54117647 0.42352941 0.64313725
v 0.05183470 0.02158902 0.00423234 0.54117647 0.42352941 0.64313725
v 0.05122880 0.02216455 0.00423234 0.54117647 0.42352941 0.64313725
v 0.05056689 0.02277006 0.00423234 0.54117647 0.42352941 0.64313725
v 0.04933472 0.02398108 0.00302138 0.54117647 0.42352941 0.64313725
v 0.04872882 0.02444270 0.00302138 0.54117647 0.42352941 0.64313725
v 0.04787851 0.02504821 0.00302138 0.54117647 0.42352941 0.64313725
v 0.05007809 0.02337557 0.00302138 0.54117647 0.42352941 0.64313725
v 0.05068400 0.02286598 0.00302138 0.54117647 0.42352941 0.64313725
v 0.04727261 0.02546187 0.00302138 0.54117647 0.42352941 0.64313725
v 0.04658015 0.02601942 0.00181041 0.54117647 0.42352941 0.64313725
v 0.04578077 0.02650502 0.00181041 0.54117647 0.42352941 0.64313725
v 0.04416163 0.02735633 0.00181041 0.54117647 0.42352941 0.64313725
v 0.04337752 0.02774601 0.00181041 0.54117647 0.42352941 0.64313725
v 0.04517487 0.02683475 0.00181041 0.54117647 0.42352941 0.64313725
v 0.04174311 0.02848941 0.00059944 0.54117647 0.42352941 0.64313725
v 0.04069424 0.02887909 0.00059944 0.54117647 0.42352941 0.64313725
v 0.04062296 0.02885511 0.00181041 0.54117647 0.42352941 0.64313725
v 0.04001706 0.02906494 0.00181041 0.54117647 0.42352941 0.64313725
v 0.04282763 0.02803978 0.00059944 0.54117647 0.42352941 0.64313725
v 0.03932459 0.02933472 0.00059944 0.54117647 0.42352941 0.64313725
v 0.03811279 0.02967045 0.00059944 0.54117647 0.42352941 0.64313725
v 0.03690098 0.02995222 0.00059944 0.54117647 0.42352941 0.64313725
v 0.03582156 0.03016804 0.00059944 0.54117647 0.42352941 0.64313725
v 0.03515965 0.03025797 0.00139676 0.54117647 0.42352941 0.64313725
v 0.03454356 0.03031792 0.00180442 0.54117647 0.42352941 0.64313725
v 0.02843871 0.03041385 0.00302138 0.54117647 0.42352941 0.64313725
v 0.02964542 0.03057571 0.00181041 0.54117647 0.42352941 0.64313725
v 0.02762405 0.03026996 0.00377673 0.54117647 0.42352941 0.64313725
v 0.02722181 0.03017404 0.00420237 0.54117647 0.42352941 0.64313725
v 0.03327575 0.03050977 0.00059944 0.54117647 0.42352941 0.64313725
v 0.03206904 0.03059370 0.00059944 0.54117647 0.42352941 0.64313725
v 0.03085723 0.03062367 0.00059944 0.54117647 0.42352941 0.64313725
v 0.02359658 0.02935271 0.00544331 0.54117647 0.42352941 0.64313725
v 0.02480839 0.02980234 0.00423234 0.54117647 0.42352941 0.64313725
v 0.02601510 0.03001217 0.00423234 0.54117647 0.42352941 0.64313725
v 0.02292449 0.02905295 0.00613272 0.54117647 0.42352941 0.64313725
v 0.02207928 0.02895103 0.00544331 0.54117647 0.42352941 0.64313725
v 0.02117806 0.02866926 0.00544331 0.54117647 0.42352941 0.64313725
v 0.01996626 0.02824960 0.00544331 0.54117647 0.42352941 0.64313725
v 0.01912614 0.02792587 0.00544331 0.54117647 0.42352941 0.64313725
v 0.01827584 0.02777000 0.00423234 0.54117647 0.42352941 0.64313725
v 0.01754774 0.02743427 0.00423234 0.54117647 0.42352941 0.64313725
v 0.01643267 0.02688272 0.00423234 0.54117647 0.42352941 0.64313725
v 0.01574021 0.02661294 0.00360288 0.54117647 0.42352941 0.64313725
v 0.00911601 0.02296790 0.00333911 0.54117647 0.42352941 0.64313725
v 0.01554164 -0.02672569 0.00059944 0.54117647 0.42352941 0.64313725
v 0.01633593 -0.02715135 0.00059944 0.54117647 0.42352941 0.64313725
v 0.01733389 -0.02764894 0.00059944 0.54117647 0.42352941 0.64313725
v 0.01800089 -0.02789474 0.00181041 0.54117647 0.42352941 0.64313725
v 0.01875954 -0.02821848 0.00181041 0.54117647 0.42352941 0.64313725
v 0.00911601 -0.02319456 -0.00059953 0.54117647 0.42352941 0.64313725
v 0.01996626 -0.02869209 0.00181041 0.54117647 0.42352941 0.64313725
v 0.02076055 -0.02897386 0.00181041 0.54117647 0.42352941 0.64313725
v 0.02151920 -0.02911775 0.00302138 0.54117647 0.42352941 0.64313725
v 0.02238987 -0.02946546 0.00181041 0.54117647 0.42352941 0.64313725
v 0.02359658 -0.02977721 0.00181041 0.54117647 0.42352941 0.64313725
v 0.02136645 -0.02916571 0.00181041 0.54117647 0.42352941 0.64313725
v 0.02480839 -0.03002901 0.00181041 0.54117647 0.42352941 0.64313725
v 0.02651408 -0.03026282 0.00258975 0.54117647 0.42352941 0.64313725
v 0.02724727 -0.03029879 0.00300339 0.54117647 0.42352941 0.64313725
v 0.02843871 -0.03040071 0.00302138 0.54117647 0.42352941 0.64313725
v 0.02964542 -0.03046066 0.00302138 0.54117647 0.42352941 0.64313725
v 0.03085723 -0.03046665 0.00302138 0.54117647 0.42352941 0.64313725
v 0.03206904 -0.03043668 0.00302138 0.54117647 0.42352941 0.64313725
v 0.03206904 -0.03031078 0.00407048 0.54117647 0.42352941 0.64313725
v 0.03381037 -0.03023884 0.00355492 0.54117647 0.42352941 0.64313725
v 0.03335722 -0.03033476 0.00309931 0.54117647 0.42352941 0.64313725
v 0.03452320 -0.03019687 0.00309931 0.54117647 0.42352941 0.64313725
v 0.03569427 -0.03002901 0.00302138 0.54117647 0.42352941 0.64313725
v 0.03811279 -0.02950743 0.00302138 0.54117647 0.42352941 0.64313725
v 0.03690098 -0.02978920 0.00302138 0.54117647 0.42352941 0.64313725
v 0.03937042 -0.02916571 0.00291347 0.54117647 0.42352941 0.64313725
v 0.04174311 -0.02842231 0.00181041 0.54117647 0.42352941 0.64313725
v 0.04263924 -0.02796069 0.00302138 0.54117647 0.42352941 0.64313725
v 0.04059241 -0.02884797 0.00181041 0.54117647 0.42352941 0.64313725
v 0.03993050 -0.02903981 0.00243388 0.54117647 0.42352941 0.64313725
v 0.05599456 -0.01642607 0.00425033 0.54117647 0.42352941 0.64313725
v 0.05569925 -0.01699560 0.00386066 0.54117647 0.42352941 0.64313725
v 0.05622877 -0.01633015 0.00302138 0.54117647 0.42352941 0.64313725
v 0.05673793 -0.01550881 0.00302138 0.54117647 0.42352941 0.64313725
v 0.05679904 -0.01560473 0.00181041 0.54117647 0.42352941 0.64313725
v 0.05717072 -0.01505318 0.00059944 0.54117647 0.42352941 0.64313725
v 0.05808721 -0.01332659 0.00059944 0.54117647 0.42352941 0.64313725
v 0.05777153 -0.01393210 0.00059944 0.54117647 0.42352941 0.64313725
v 0.05837235 -0.01270309 -0.00059953 0.54117647 0.42352941 0.64313725
v 0.05888660 -0.01149208 -0.00059953 0.54117647 0.42352941 0.64313725
v 0.05918191 -0.01060480 -0.00181050 0.54117647 0.42352941 0.64313725
v 0.05883568 -0.01149208 -0.00181050 0.54117647 0.42352941 0.64313725
v 0.05940594 -0.00999929 -0.00181050 0.54117647 0.42352941 0.64313725
v 0.05970635 -0.00907005 -0.00181050 0.54117647 0.42352941 0.64313725
v 0.06052101 -0.00614443 -0.00059953 0.54117647 0.42352941 0.64313725
v 0.06037335 -0.00655809 -0.00178053 0.54117647 0.42352941 0.64313725
v 0.06050573 -0.00609047 -0.00135489 0.54117647 0.42352941 0.64313725
v 0.06005258 -0.00785903 -0.00181050 0.54117647 0.42352941 0.64313725
v 0.06079087 -0.00423198 -0.00181050 0.54117647 0.42352941 0.64313725
v 0.06093343 -0.00302097 -0.00181050 0.54117647 0.42352941 0.64313725
v 0.06103017 -0.00180995 -0.00181050 0.54117647 0.42352941 0.64313725
v 0.06107599 -0.00180995 -0.00059953 0.54117647 0.42352941 0.64313725
v 0.06058720 -0.00550894 -0.00178053 0.54117647 0.42352941 0.64313725
v 0.06112691 -0.00060493 -0.00059953 0.54117647 0.42352941 0.64313725
v 0.06113200 0.00060009 -0.00059953 0.54117647 0.42352941 0.64313725
v 0.06108108 0.00181110 0.00059944 0.54117647 0.42352941 0.64313725
v 0.06103017 0.00181110 0.00181041 0.54117647 0.42352941 0.64313725
v 0.06093852 0.00302212 0.00181041 0.54117647 0.42352941 0.64313725
v 0.06083669 0.00302212 0.00302138 0.54117647 0.42352941 0.64313725
v 0.06069412 0.00423313 0.00302138 0.54117647 0.42352941 0.64313725
v 0.05463510 -0.01838647 0.00423234 0.54117647 0.42352941 0.64313725
v 0.05530719 -0.01745723 0.00425033 0.54117647 0.42352941 0.64313725
v 0.05424813 -0.01911188 0.00302138 0.54117647 0.42352941 0.64313725
v 0.05364223 -0.01982530 0.00302138 0.54117647 0.42352941 0.64313725
v 0.04871354 -0.02442956 0.00302138 0.54117647 0.42352941 0.64313725
v 0.04879501 -0.02448951 0.00181041 0.54117647 0.42352941 0.64313725
v 0.04939582 -0.02403388 0.00181041 0.54117647 0.42352941 0.64313725
v 0.05013920 -0.02342837 0.00181041 0.54117647 0.42352941 0.64313725
v 0.05074510 -0.02292478 0.00181041 0.54117647 0.42352941 0.64313725
v 0.05139173 -0.02231928 0.00181041 0.54117647 0.42352941 0.64313725
v 0.05199764 -0.02174974 0.00181041 0.54117647 0.42352941 0.64313725
v 0.05257808 -0.02114423 0.00181041 0.54117647 0.42352941 0.64313725
v 0.05318398 -0.02050875 0.00181041 0.54117647 0.42352941 0.64313725
v 0.04335207 -0.02773287 0.00181041 0.54117647 0.42352941 0.64313725
v 0.04416163 -0.02733720 0.00181041 0.54117647 0.42352941 0.64313725
v 0.04515450 -0.02682761 0.00181041 0.54117647 0.42352941 0.64313725
v 0.04505776 -0.02677365 0.00302138 0.54117647 0.42352941 0.64313725
v 0.04726243 -0.02545473 0.00302138 0.54117647 0.42352941 0.64313725
v 0.04786324 -0.02503507 0.00302138 0.54117647 0.42352941 0.64313725
v 0.04576040 -0.02649188 0.00181041 0.54117647 0.42352941 0.64313725
v 0.04658015 -0.02599429 0.00181041 0.54117647 0.42352941 0.64313725
v 0.05960961 0.00907120 0.00302138 0.54117647 0.42352941 0.64313725
v 0.05935503 0.00986256 0.00302138 0.54117647 0.42352941 0.64313725
v 0.05918700 0.01061195 0.00181041 0.54117647 0.42352941 0.64313725
v 0.05884077 0.01149323 0.00181041 0.54117647 0.42352941 0.64313725
v 0.05829088 0.01279417 0.00174447 0.54117647 0.42352941 0.64313725
v 0.06055665 0.00515638 0.00302138 0.54117647 0.42352941 0.64313725
v 0.06048027 0.00595973 0.00218209 0.54117647 0.42352941 0.64313725
v 0.06037844 0.00655924 0.00179243 0.54117647 0.42352941 0.64313725
v 0.06005767 0.00786018 0.00181041 0.54117647 0.42352941 0.64313725
v 0.05971144 0.00907120 0.00181041 0.54117647 0.42352941 0.64313725
v 0.05808212 0.01331575 0.00129485 0.54117647 0.42352941 0.64313725
v 0.05777662 0.01393924 0.00059944 0.54117647 0.42352941 0.64313725
v 0.05717072 0.01506033 0.00059944 0.54117647 0.42352941 0.64313725
v 0.05680413 0.01561788 0.00181041 0.54117647 0.42352941 0.64313725
v 0.05624405 0.01633130 0.00302138 0.54117647 0.42352941 0.64313725
v 0.05576034 0.01708069 0.00302138 0.54117647 0.42352941 0.64313725
v 0.05533265 0.01768619 0.00302138 0.54117647 0.42352941 0.64313725
v 0.05472674 0.01850753 0.00302138 0.54117647 0.42352941 0.64313725
v 0.05425322 0.01911303 0.00302138 0.54117647 0.42352941 0.64313725
v 0.05364732 0.01983844 0.00302138 0.54117647 0.42352941 0.64313725
v 0.05312289 0.02044395 0.00302138 0.54117647 0.42352941 0.64313725
v 0.05251698 0.02108543 0.00302138 0.54117647 0.42352941 0.64313725
v 0.05193654 0.02169094 0.00302138 0.54117647 0.42352941 0.64313725
v 0.05133573 0.02226048 0.00302138 0.54117647 0.42352941 0.64313725
v 0.04941109 0.02404702 0.00181041 0.54117647 0.42352941 0.64313725
v 0.04880519 0.02450265 0.00181041 0.54117647 0.42352941 0.64313725
v 0.04796507 0.02510816 0.00181041 0.54117647 0.42352941 0.64313725
v 0.05014938 0.02344151 0.00181041 0.54117647 0.42352941 0.64313725
v 0.05075528 0.02293193 0.00181041 0.54117647 0.42352941 0.64313725
v 0.04735917 0.02552182 0.00181041 0.54117647 0.42352941 0.64313725
v 0.04739990 0.02554580 0.00059944 0.54117647 0.42352941 0.64313725
v 0.04658015 0.02606738 0.00059944 0.54117647 0.42352941 0.64313725
v 0.04582659 0.02653500 0.00059944 0.54117647 0.42352941 0.64313725
v 0.04416163 0.02741029 0.00059944 0.54117647 0.42352941 0.64313725
v 0.04342844 0.02777000 0.00059944 0.54117647 0.42352941 0.64313725
v 0.04522069 0.02686473 0.00059944 0.54117647 0.42352941 0.64313725
v 0.04174311 0.02848941 -0.00059953 0.54117647 0.42352941 0.64313725
v 0.04069424 0.02887909 -0.00059953 0.54117647 0.42352941 0.64313725
v 0.04008834 0.02908892 0.00059944 0.54117647 0.42352941 0.64313725
v 0.04282763 0.02803978 -0.00059953 0.54117647 0.42352941 0.64313725
v 0.03932459 0.02933472 -0.00059953 0.54117647 0.42352941 0.64313725
v 0.03811279 0.02967045 -0.00059953 0.54117647 0.42352941 0.64313725
v 0.03690098 0.02995222 -0.00059953 0.54117647 0.42352941 0.64313725
v 0.03582156 0.03016804 -0.00059953 0.54117647 0.42352941 0.64313725
v 0.03521566 0.03026996 0.00059944 0.54117647 0.42352941 0.64313725
v 0.03448756 0.03036589 0.00059944 0.54117647 0.42352941 0.64313725
v 0.02843871 0.03051576 0.00181041 0.54117647 0.42352941 0.64313725
v 0.02722181 0.03030593 0.00302737 0.54117647 0.42352941 0.64313725
v 0.02964542 0.03061768 0.00059944 0.54117647 0.42352941 0.64313725
v 0.02681448 0.03022800 0.00344102 0.54117647 0.42352941 0.64313725
v 0.03327575 0.03050977 -0.00059953 0.54117647 0.42352941 0.64313725
v 0.03085723 0.03062967 -0.00059953 0.54117647 0.42352941 0.64313725
v 0.03206904 0.03059370 -0.00059953 0.54117647 0.42352941 0.64313725
v 0.02359658 0.02955055 0.00423234 0.54117647 0.42352941 0.64313725
v 0.02268518 0.02912489 0.00544331 0.54117647 0.42352941 0.64313725
v 0.02480839 0.02994623 0.00302138 0.54117647 0.42352941 0.64313725
v 0.02605583 0.03016205 0.00302737 0.54117647 0.42352941 0.64313725
v 0.02183997 0.02902298 0.00471194 0.54117647 0.42352941 0.64313725
v 0.01996626 0.02845943 0.00423234 0.54117647 0.42352941 0.64313725
v 0.01888174 0.02802779 0.00423234 0.54117647 0.42352941 0.64313725
v 0.01816891 0.02781796 0.00356691 0.54117647 0.42352941 0.64313725
v 0.01621882 0.02692468 0.00312929 0.54117647 0.42352941 0.64313725
v 0.01761902 0.02762012 0.00310531 0.54117647 0.42352941 0.64313725
v 0.01565365 0.02666090 0.00279357 0.54117647 0.42352941 0.64313725
v 0.00911601 0.02300987 0.00302138 0.54117647 0.42352941 0.64313725
v 0.01554164 -0.02672569 -0.00059953 0.54117647 0.42352941 0.64313725
v 0.01633593 -0.02715135 -0.00059953 0.54117647 0.42352941 0.64313725
v 0.01733389 -0.02764894 -0.00059953 0.54117647 0.42352941 0.64313725
v 0.01793979 -0.02792472 0.00059944 0.54117647 0.42352941 0.64313725
v 0.01875954 -0.02827243 0.00059944 0.54117647 0.42352941 0.64313725
v 0.01996626 -0.02875204 0.00059944 0.54117647 0.42352941 0.64313725
v 0.00911601 -0.02314061 -0.00170259 0.54117647 0.42352941 0.64313725
v 0.02067399 -0.02900384 0.00059944 0.54117647 0.42352941 0.64313725
v 0.02238987 -0.02952542 0.00059944 0.54117647 0.42352941 0.64313725
v 0.02359658 -0.02983117 0.00059944 0.54117647 0.42352941 0.64313725
v 0.02127989 -0.02919568 0.00059944 0.54117647 0.42352941 0.64313725
v 0.02480839 -0.03008296 0.00059944 0.54117647 0.42352941 0.64313725
v 0.02557722 -0.03022085 0.00059944 0.54117647 0.42352941 0.64313725
v 0.02575034 -0.03019087 0.00181041 0.54117647 0.42352941 0.64313725
v 0.02635624 -0.03028680 0.00181041 0.54117647 0.42352941 0.64313725
v 0.02722691 -0.03038872 0.00181041 0.54117647 0.42352941 0.64313725
v 0.02843871 -0.03049063 0.00181041 0.54117647 0.42352941 0.64313725
v 0.02964542 -0.03055658 0.00181041 0.54117647 0.42352941 0.64313725
v 0.03085723 -0.03056257 0.00181041 0.54117647 0.42352941 0.64313725
v 0.03327575 -0.03044267 0.00181041 0.54117647 0.42352941 0.64313725
v 0.03206904 -0.03052660 0.00181041 0.54117647 0.42352941 0.64313725
v 0.03414133 -0.03028080 0.00274561 0.54117647 0.42352941 0.64313725
v 0.03494580 -0.03022685 0.00208618 0.54117647 0.42352941 0.64313725
v 0.03558735 -0.03014291 0.00173248 0.54117647 0.42352941 0.64313725
v 0.03690098 -0.02988512 0.00181041 0.54117647 0.42352941 0.64313725
v 0.03932459 -0.02926763 0.00181041 0.54117647 0.42352941 0.64313725
v 0.03811279 -0.02960335 0.00181041 0.54117647 0.42352941 0.64313725
v 0.04174311 -0.02848226 0.00059944 0.54117647 0.42352941 0.64313725
v 0.04274616 -0.02800865 0.00181041 0.54117647 0.42352941 0.64313725
v 0.04067387 -0.02887794 0.00059944 0.54117647 0.42352941 0.64313725
v 0.03998651 -0.02905780 0.00181041 0.54117647 0.42352941 0.64313725
v 0.04007306 -0.02908777 0.00059944 0.54117647 0.42352941 0.64313725
v 0.05575525 -0.01707954 0.00302138 0.54117647 0.42352941 0.64313725
v 0.05532756 -0.01768504 0.00302138 0.54117647 0.42352941 0.64313725
v 0.05634588 -0.01633015 0.00181041 0.54117647 0.42352941 0.64313725
v 0.05640698 -0.01633015 0.00059944 0.54117647 0.42352941 0.64313725
v 0.05682449 -0.01565869 0.00059944 0.54117647 0.42352941 0.64313725
v 0.05717072 -0.01505318 -0.00059953 0.54117647 0.42352941 0.64313725
v 0.05808721 -0.01332659 -0.00059953 0.54117647 0.42352941 0.64313725
v 0.05777153 -0.01393210 -0.00059953 0.54117647 0.42352941 0.64313725
v 0.05808212 -0.01331460 -0.00124698 0.54117647 0.42352941 0.64313725
v 0.05828579 -0.01279302 -0.00171458 0.54117647 0.42352941 0.64313725
v 0.05913609 -0.01046092 -0.00302147 0.54117647 0.42352941 0.64313725
v 0.05873385 -0.01149208 -0.00302147 0.54117647 0.42352941 0.64313725
v 0.05828070 -0.01255322 -0.00302147 0.54117647 0.42352941 0.64313725
v 0.05934993 -0.00985541 -0.00302147 0.54117647 0.42352941 0.64313725
v 0.05960452 -0.00907005 -0.00302147 0.54117647 0.42352941 0.64313725
v 0.05995584 -0.00785903 -0.00302147 0.54117647 0.42352941 0.64313725
v 0.06048027 -0.00595258 -0.00216420 0.54117647 0.42352941 0.64313725
v 0.06025115 -0.00665401 -0.00302147 0.54117647 0.42352941 0.64313725
v 0.06069412 -0.00423198 -0.00302147 0.54117647 0.42352941 0.64313725
v 0.06055665 -0.00514324 -0.00302147 0.54117647 0.42352941 0.64313725
v 0.06083669 -0.00302097 -0.00302147 0.54117647 0.42352941 0.64313725
v 0.06093343 -0.00180995 -0.00302147 0.54117647 0.42352941 0.64313725
v 0.06108108 -0.00060493 -0.00181050 0.54117647 0.42352941 0.64313725
v 0.06108108 0.00060009 -0.00181050 0.54117647 0.42352941 0.64313725
v 0.06108108 0.00181110 -0.00059953 0.54117647 0.42352941 0.64313725
v 0.06098435 0.00302212 0.00059944 0.54117647 0.42352941 0.64313725
v 0.06084178 0.00423313 0.00059944 0.54117647 0.42352941 0.64313725
v 0.06079087 0.00423313 0.00181041 0.54117647 0.42352941 0.64313725
v 0.05472674 -0.01850638 0.00302138 0.54117647 0.42352941 0.64313725
v 0.05430923 -0.01918982 0.00181041 0.54117647 0.42352941 0.64313725
v 0.05370333 -0.01990324 0.00181041 0.54117647 0.42352941 0.64313725
v 0.04794980 -0.02509502 0.00181041 0.54117647 0.42352941 0.64313725
v 0.04883574 -0.02452548 0.00059944 0.54117647 0.42352941 0.64313725
v 0.04944164 -0.02406985 0.00059944 0.54117647 0.42352941 0.64313725
v 0.05017993 -0.02346434 0.00059944 0.54117647 0.42352941 0.64313725
v 0.05078583 -0.02296075 0.00059944 0.54117647 0.42352941 0.64313725
v 0.05202819 -0.02177372 0.00118095 0.54117647 0.42352941 0.64313725
v 0.05321963 -0.02054472 0.00059944 0.54117647 0.42352941 0.64313725
v 0.04341826 -0.02776285 0.00059944 0.54117647 0.42352941 0.64313725
v 0.04416163 -0.02739715 0.00059944 0.54117647 0.42352941 0.64313725
v 0.04521051 -0.02685758 0.00059944 0.54117647 0.42352941 0.64313725
v 0.04581641 -0.02652785 0.00059944 0.54117647 0.42352941 0.64313725
v 0.04734389 -0.02550868 0.00181041 0.54117647 0.42352941 0.64313725
v 0.04658015 -0.02606023 0.00059944 0.54117647 0.42352941 0.64313725
v 0.05940594 0.01000644 0.00181041 0.54117647 0.42352941 0.64313725
v 0.05921246 0.01068389 0.00059944 0.54117647 0.42352941 0.64313725
v 0.05889169 0.01149323 0.00059944 0.54117647 0.42352941 0.64313725
v 0.05837744 0.01270425 0.00059944 0.54117647 0.42352941 0.64313725
v 0.06058720 0.00551009 0.00179243 0.54117647 0.42352941 0.64313725
v 0.06051083 0.00609762 0.00137278 0.54117647 0.42352941 0.64313725
v 0.06010350 0.00786018 0.00059944 0.54117647 0.42352941 0.64313725
v 0.05976235 0.00907120 0.00059944 0.54117647 0.42352941 0.64313725
v 0.06038353 0.00675109 0.00059944 0.54117647 0.42352941 0.64313725
v 0.05809231 0.01333373 0.00059944 0.54117647 0.42352941 0.64313725
v 0.05777662 0.01393924 -0.00059953 0.54117647 0.42352941 0.64313725
v 0.05717072 0.01506033 -0.00059953 0.54117647 0.42352941 0.64313725
v 0.05682959 0.01565984 0.00059944 0.54117647 0.42352941 0.64313725
v 0.05641207 0.01633130 0.00059944 0.54117647 0.42352941 0.64313725
v 0.05635606 0.01633130 0.00181041 0.54117647 0.42352941 0.64313725
v 0.05581635 0.01716462 0.00181041 0.54117647 0.42352941 0.64313725
v 0.05539375 0.01777013 0.00181041 0.54117647 0.42352941 0.64313725
v 0.05478785 0.01858546 0.00181041 0.54117647 0.42352941 0.64313725
v 0.05431432 0.01919097 0.00181041 0.54117647 0.42352941 0.64313725
v 0.05370842 0.01991038 0.00181041 0.54117647 0.42352941 0.64313725
v 0.05318907 0.02050990 0.00181041 0.54117647 0.42352941 0.64313725
v 0.05247625 0.02127727 0.00171449 0.54117647 0.42352941 0.64313725
v 0.05199764 0.02174489 0.00205021 0.54117647 0.42352941 0.64313725
v 0.04944673 0.02407100 0.00059944 0.54117647 0.42352941 0.64313725
v 0.04884083 0.02452663 0.00059944 0.54117647 0.42352941 0.64313725
v 0.04800581 0.02513214 0.00059944 0.54117647 0.42352941 0.64313725
v 0.05079092 0.02296790 0.00059944 0.54117647 0.42352941 0.64313725
v 0.05018502 0.02346549 0.00059944 0.54117647 0.42352941 0.64313725
v 0.05152412 0.02221851 0.00171449 0.54117647 0.42352941 0.64313725
v 0.05202819 0.02178086 0.00124689 0.54117647 0.42352941 0.64313725
v 0.04739990 0.02554580 -0.00059953 0.54117647 0.42352941 0.64313725
v 0.04658015 0.02606738 -0.00059953 0.54117647 0.42352941 0.64313725
v 0.04582659 0.02653500 -0.00059953 0.54117647 0.42352941 0.64313725
v 0.04416163 0.02741029 -0.00059953 0.54117647 0.42352941 0.64313725
v 0.04342844 0.02777000 -0.00059953 0.54117647 0.42352941 0.64313725
v 0.04522069 0.02686473 -0.00059953 0.54117647 0.42352941 0.64313725
v 0.04277162 0.02801579 -0.00181050 0.54117647 0.42352941 0.64313725
v 0.04174311 0.02844145 -0.00181050 0.54117647 0.42352941 0.64313725
v 0.04062296 0.02885511 -0.00181050 0.54117647 0.42352941 0.64313725
v 0.04008834 0.02908892 -0.00059953 0.54117647 0.42352941 0.64313725
v 0.04337752 0.02774601 -0.00181050 0.54117647 0.42352941 0.64313725
v 0.04001706 0.02906494 -0.00181050 0.54117647 0.42352941 0.64313725
v 0.03932459 0.02928676 -0.00181050 0.54117647 0.42352941 0.64313725
v 0.03811279 0.02962249 -0.00181050 0.54117647 0.42352941 0.64313725
v 0.03690098 0.02990426 -0.00181050 0.54117647 0.42352941 0.64313725
v 0.03561281 0.03015605 -0.00180451 0.54117647 0.42352941 0.64313725
v 0.03515965 0.03025797 -0.00139685 0.54117647 0.42352941 0.64313725
v 0.03521566 0.03026996 -0.00059953 0.54117647 0.42352941 0.64313725
v 0.03448756 0.03036589 -0.00059953 0.54117647 0.42352941 0.64313725
v 0.02843871 0.03055773 0.00059944 0.54117647 0.42352941 0.64313725
v 0.02722691 0.03045581 0.00059944 0.54117647 0.42352941 0.64313725
v 0.02722691 0.03040785 0.00181041 0.54117647 0.42352941 0.64313725
v 0.02648862 0.03026996 0.00263171 0.54117647 0.42352941 0.64313725
v 0.02964542 0.03061768 -0.00059953 0.54117647 0.42352941 0.64313725
v 0.03454356 0.03031792 -0.00180451 0.54117647 0.42352941 0.64313725
v 0.03327575 0.03046181 -0.00181050 0.54117647 0.42352941 0.64313725
v 0.03085723 0.03058171 -0.00181050 0.54117647 0.42352941 0.64313725
v 0.02964542 0.03057571 -0.00181050 0.54117647 0.42352941 0.64313725
v 0.03206904 0.03054574 -0.00181050 0.54117647 0.42352941 0.64313725
v 0.02238987 0.02938268 0.00302138 0.54117647 0.42352941 0.64313725
v 0.02230331 0.02920883 0.00428030 0.54117647 0.42352941 0.64313725
v 0.02359658 0.02969443 0.00302138 0.54117647 0.42352941 0.64313725
v 0.02568414 0.03020402 0.00181041 0.54117647 0.42352941 0.64313725
v 0.02480839 0.03004814 0.00181041 0.54117647 0.42352941 0.64313725
v 0.02166176 0.02907693 0.00390263 0.54117647 0.42352941 0.64313725
v 0.02122898 0.02888509 0.00428030 0.54117647 0.42352941 0.64313725
v 0.02089802 0.02893305 0.00302138 0.54117647 0.42352941 0.64313725
v 0.01996626 0.02860931 0.00302138 0.54117647 0.42352941 0.64313725
v 0.01864753 0.02807575 0.00310531 0.54117647 0.42352941 0.64313725
v 0.01806708 0.02786592 0.00275760 0.54117647 0.42352941 0.64313725
v 0.01737462 0.02762611 0.00181041 0.54117647 0.42352941 0.64313725
v 0.01633593 0.02711053 0.00181041 0.54117647 0.42352941 0.64313725
v 0.01557728 0.02670286 0.00181041 0.54117647 0.42352941 0.64313725
v 0.00911601 0.02314775 0.00184039 0.54117647 0.42352941 0.64313725
v 0.01559765 -0.02669572 -0.00181050 0.54117647 0.42352941 0.64313725
v 0.01633593 -0.02709140 -0.00181050 0.54117647 0.42352941 0.64313725
v 0.01739499 -0.02761897 -0.00181050 0.54117647 0.42352941 0.64313725
v 0.01793979 -0.02792472 -0.00059953 0.54117647 0.42352941 0.64313725
v 0.01875954 -0.02827243 -0.00059953 0.54117647 0.42352941 0.64313725
v 0.01996626 -0.02875204 -0.00059953 0.54117647 0.42352941 0.64313725
v 0.00911601 -0.02313461 -0.00181050 0.54117647 0.42352941 0.64313725
v 0.02067399 -0.02900384 -0.00059953 0.54117647 0.42352941 0.64313725
v 0.02238987 -0.02952542 -0.00059953 0.54117647 0.42352941 0.64313725
v 0.02359658 -0.02983117 -0.00059953 0.54117647 0.42352941 0.64313725
v 0.02127989 -0.02919568 -0.00059953 0.54117647 0.42352941 0.64313725
v 0.02480839 -0.03008296 -0.00059953 0.54117647 0.42352941 0.64313725
v 0.02557722 -0.03022085 -0.00059953 0.54117647 0.42352941 0.64313725
v 0.02618312 -0.03031677 0.00059944 0.54117647 0.42352941 0.64313725
v 0.02722691 -0.03044267 0.00059944 0.54117647 0.42352941 0.64313725
v 0.02843871 -0.03054459 0.00059944 0.54117647 0.42352941 0.64313725
v 0.02964542 -0.03060454 0.00059944 0.54117647 0.42352941 0.64313725
v 0.03085723 -0.03061653 0.00059944 0.54117647 0.42352941 0.64313725
v 0.03327575 -0.03049663 0.00059944 0.54117647 0.42352941 0.64313725
v 0.03452320 -0.03030478 0.00173248 0.54117647 0.42352941 0.64313725
v 0.03206904 -0.03058056 0.00059944 0.54117647 0.42352941 0.64313725
v 0.03511382 -0.03025083 0.00127687 0.54117647 0.42352941 0.64313725
v 0.03578592 -0.03016090 0.00059944 0.54117647 0.42352941 0.64313725
v 0.03690098 -0.02993908 0.00059944 0.54117647 0.42352941 0.64313725
v 0.03932459 -0.02932158 0.00059944 0.54117647 0.42352941 0.64313725
v 0.03811279 -0.02965731 0.00059944 0.54117647 0.42352941 0.64313725
v 0.04174311 -0.02848226 -0.00059953 0.54117647 0.42352941 0.64313725
v 0.04281235 -0.02803862 0.00059944 0.54117647 0.42352941 0.64313725
v 0.04067387 -0.02887794 -0.00059953 0.54117647 0.42352941 0.64313725
v 0.04007306 -0.02908777 -0.00059953 0.54117647 0.42352941 0.64313725
v 0.05538865 -0.01776897 0.00181041 0.54117647 0.42352941 0.64313725
v 0.05581126 -0.01716347 0.00181041 0.54117647 0.42352941 0.64313725
v 0.05640698 -0.01633015 -0.00059953 0.54117647 0.42352941 0.64313725
v 0.05584181 -0.01720543 0.00059944 0.54117647 0.42352941 0.64313725
v 0.05682449 -0.01565869 -0.00059953 0.54117647 0.42352941 0.64313725
v 0.05679904 -0.01560473 -0.00181050 0.54117647 0.42352941 0.64313725
v 0.05714017 -0.01499923 -0.00181050 0.54117647 0.42352941 0.64313725
v 0.05805666 -0.01326064 -0.00205629 0.54117647 0.42352941 0.64313725
v 0.05779699 -0.01379421 -0.00171458 0.54117647 0.42352941 0.64313725
v 0.05908008 -0.01019713 -0.00419647 0.54117647 0.42352941 0.64313725
v 0.05930920 -0.00973551 -0.00376483 0.54117647 0.42352941 0.64313725
v 0.05857601 -0.01149208 -0.00423243 0.54117647 0.42352941 0.64313725
v 0.05801084 -0.01315872 -0.00302147 0.54117647 0.42352941 0.64313725
v 0.05819923 -0.01237336 -0.00423243 0.54117647 0.42352941 0.64313725
v 0.05944159 -0.00912401 -0.00419647 0.54117647 0.42352941 0.64313725
v 0.05980818 -0.00785903 -0.00423243 0.54117647 0.42352941 0.64313725
v 0.06043954 -0.00574875 -0.00302147 0.54117647 0.42352941 0.64313725
v 0.06010350 -0.00665401 -0.00423243 0.54117647 0.42352941 0.64313725
v 0.06056174 -0.00419002 -0.00418448 0.54117647 0.42352941 0.64313725
v 0.06069412 -0.00302097 -0.00423243 0.54117647 0.42352941 0.64313725
v 0.06051592 -0.00493941 -0.00375284 0.54117647 0.42352941 0.64313725
v 0.06079087 -0.00180995 -0.00423243 0.54117647 0.42352941 0.64313725
v 0.06098435 -0.00060493 -0.00302147 0.54117647 0.42352941 0.64313725
v 0.06098435 0.00060009 -0.00302147 0.54117647 0.42352941 0.64313725
v 0.06093852 0.00181110 -0.00302147 0.54117647 0.42352941 0.64313725
v 0.06103017 0.00181110 -0.00181050 0.54117647 0.42352941 0.64313725
v 0.06093852 0.00302212 -0.00181050 0.54117647 0.42352941 0.64313725
v 0.06098435 0.00302212 -0.00059953 0.54117647 0.42352941 0.64313725
v 0.06084178 0.00423313 -0.00059953 0.54117647 0.42352941 0.64313725
v 0.06064830 0.00544415 0.00059944 0.54117647 0.42352941 0.64313725
v 0.05478275 -0.01858431 0.00181041 0.54117647 0.42352941 0.64313725
v 0.05433978 -0.01922579 0.00059944 0.54117647 0.42352941 0.64313725
v 0.05373897 -0.01993921 0.00059944 0.54117647 0.42352941 0.64313725
v 0.04799562 -0.02512499 0.00059944 0.54117647 0.42352941 0.64313725
v 0.04738972 -0.02554465 0.00059944 0.54117647 0.42352941 0.64313725
v 0.04883574 -0.02452548 -0.00059953 0.54117647 0.42352941 0.64313725
v 0.04944164 -0.02406985 -0.00059953 0.54117647 0.42352941 0.64313725
v 0.05017993 -0.02346434 -0.00059953 0.54117647 0.42352941 0.64313725
v 0.05078583 -0.02296075 -0.00059953 0.54117647 0.42352941 0.64313725
v 0.05203837 -0.02179170 0.00037164 0.54117647 0.42352941 0.64313725
v 0.05154448 -0.02224733 0.00070735 0.54117647 0.42352941 0.64313725
v 0.05250171 -0.02129411 0.00070735 0.54117647 0.42352941 0.64313725
v 0.05321963 -0.02054472 -0.00059953 0.54117647 0.42352941 0.64313725
v 0.04341826 -0.02776285 -0.00059953 0.54117647 0.42352941 0.64313725
v 0.04416163 -0.02739715 -0.00059953 0.54117647 0.42352941 0.64313725
v 0.04521051 -0.02685758 -0.00059953 0.54117647 0.42352941 0.64313725
v 0.04581641 -0.02652785 -0.00059953 0.54117647 0.42352941 0.64313725
v 0.04658015 -0.02606023 -0.00059953 0.54117647 0.42352941 0.64313725
v 0.05943140 0.01007838 0.00059944 0.54117647 0.42352941 0.64313725
v 0.05921246 0.01068389 -0.00059953 0.54117647 0.42352941 0.64313725
v 0.05889169 0.01149323 -0.00059953 0.54117647 0.42352941 0.64313725
v 0.05837744 0.01270425 -0.00059953 0.54117647 0.42352941 0.64313725
v 0.06052101 0.00615157 0.00059944 0.54117647 0.42352941 0.64313725
v 0.06010350 0.00786018 -0.00059953 0.54117647 0.42352941 0.64313725
v 0.05976235 0.00907120 -0.00059953 0.54117647 0.42352941 0.64313725
v 0.06038353 0.00675109 -0.00059953 0.54117647 0.42352941 0.64313725
v 0.05809231 0.01333373 -0.00059953 0.54117647 0.42352941 0.64313725
v 0.05808212 0.01331575 -0.00129494 0.54117647 0.42352941 0.64313725
v 0.05780717 0.01379536 -0.00174456 0.54117647 0.42352941 0.64313725
v 0.05714526 0.01501237 -0.00181050 0.54117647 0.42352941 0.64313725
v 0.05680413 0.01561788 -0.00181050 0.54117647 0.42352941 0.64313725
v 0.05682959 0.01565984 -0.00059953 0.54117647 0.42352941 0.64313725
v 0.05641207 0.01633130 -0.00059953 0.54117647 0.42352941 0.64313725
v 0.05584690 0.01720659 0.00059944 0.54117647 0.42352941 0.64313725
v 0.05541920 0.01781209 0.00059944 0.54117647 0.42352941 0.64313725
v 0.05481330 0.01862743 0.00059944 0.54117647 0.42352941 0.64313725
v 0.05434487 0.01922694 0.00059944 0.54117647 0.42352941 0.64313725
v 0.05373897 0.01994636 0.00059944 0.54117647 0.42352941 0.64313725
v 0.05321963 0.02054587 0.00059944 0.54117647 0.42352941 0.64313725
v 0.04944673 0.02407100 -0.00059953 0.54117647 0.42352941 0.64313725
v 0.04884083 0.02452663 -0.00059953 0.54117647 0.42352941 0.64313725
v 0.04800581 0.02513214 -0.00059953 0.54117647 0.42352941 0.64313725
v 0.05142228 0.02237438 0.00059944 0.54117647 0.42352941 0.64313725
v 0.05079092 0.02296790 -0.00059953 0.54117647 0.42352941 0.64313725
v 0.05018502 0.02346549 -0.00059953 0.54117647 0.42352941 0.64313725
v 0.05262900 0.02116936 0.00059944 0.54117647 0.42352941 0.64313725
v 0.05203837 0.02178686 0.00059944 0.54117647 0.42352941 0.64313725
v 0.04735917 0.02552182 -0.00181050 0.54117647 0.42352941 0.64313725
v 0.04658015 0.02601942 -0.00181050 0.54117647 0.42352941 0.64313725
v 0.04578077 0.02650502 -0.00181050 0.54117647 0.42352941 0.64313725
v 0.04517487 0.02683475 -0.00181050 0.54117647 0.42352941 0.64313725
v 0.04416163 0.02735633 -0.00181050 0.54117647 0.42352941 0.64313725
v 0.04265451 0.02796184 -0.00302147 0.54117647 0.42352941 0.64313725
v 0.04174311 0.02833953 -0.00302147 0.54117647 0.42352941 0.64313725
v 0.03995086 0.02904696 -0.00248193 0.54117647 0.42352941 0.64313725
v 0.04416163 0.02724842 -0.00302147 0.54117647 0.42352941 0.64313725
v 0.04325532 0.02768606 -0.00302147 0.54117647 0.42352941 0.64313725
v 0.03937551 0.02917285 -0.00294353 0.54117647 0.42352941 0.64313725
v 0.03811279 0.02952057 -0.00302147 0.54117647 0.42352941 0.64313725
v 0.03690098 0.02980234 -0.00302147 0.54117647 0.42352941 0.64313725
v 0.03569427 0.03004215 -0.00302147 0.54117647 0.42352941 0.64313725
v 0.03498144 0.03023399 -0.00220017 0.54117647 0.42352941 0.64313725
v 0.02843871 0.03055773 -0.00059953 0.54117647 0.42352941 0.64313725
v 0.02722691 0.03045581 -0.00059953 0.54117647 0.42352941 0.64313725
v 0.02614239 0.03032392 0.00059944 0.54117647 0.42352941 0.64313725
v 0.02629005 0.03029994 0.00181041 0.54117647 0.42352941 0.64313725
v 0.03417697 0.03028195 -0.00278767 0.54117647 0.42352941 0.64313725
v 0.03337758 0.03034190 -0.00312338 0.54117647 0.42352941 0.64313725
v 0.03206904 0.03044982 -0.00302147 0.54117647 0.42352941 0.64313725
v 0.03085723 0.03047979 -0.00302147 0.54117647 0.42352941 0.64313725
v 0.02843871 0.03051576 -0.00181050 0.54117647 0.42352941 0.64313725
v 0.02964542 0.03047380 -0.00302147 0.54117647 0.42352941 0.64313725
v 0.02238987 0.02949060 0.00181041 0.54117647 0.42352941 0.64313725
v 0.02149883 0.02912489 0.00302138 0.54117647 0.42352941 0.64313725
v 0.02359658 0.02979635 0.00181041 0.54117647 0.42352941 0.64313725
v 0.02553649 0.03022800 0.00059944 0.54117647 0.42352941 0.64313725
v 0.02480839 0.03009610 0.00059944 0.54117647 0.42352941 0.64313725
v 0.02073000 0.02898700 0.00181041 0.54117647 0.42352941 0.64313725
v 0.01996626 0.02871722 0.00181041 0.54117647 0.42352941 0.64313725
v 0.01875954 0.02823761 0.00181041 0.54117647 0.42352941 0.64313725
v 0.01798052 0.02790788 0.00181041 0.54117647 0.42352941 0.64313725
v 0.01731861 0.02765009 0.00059944 0.54117647 0.42352941 0.64313725
v 0.01633593 0.02715849 0.00059944 0.54117647 0.42352941 0.64313725
v 0.01553655 0.02673284 0.00059944 0.54117647 0.42352941 0.64313725
v 0.00911601 0.02315375 0.00172049 0.54117647 0.42352941 0.64313725
v 0.01566893 -0.02665375 -0.00278167 0.54117647 0.42352941 0.64313725
v 0.01622392 -0.02691154 -0.00311739 0.54117647 0.42352941 0.64313725
v 0.01762411 -0.02761297 -0.00309341 0.54117647 0.42352941 0.64313725
v 0.01808236 -0.02785877 -0.00273971 0.54117647 0.42352941 0.64313725
v 0.01800089 -0.02789474 -0.00181050 0.54117647 0.42352941 0.64313725
v 0.01875954 -0.02821848 -0.00181050 0.54117647 0.42352941 0.64313725
v 0.01996626 -0.02869209 -0.00181050 0.54117647 0.42352941 0.64313725
v 0.00911601 -0.02299073 -0.00302147 0.54117647 0.42352941 0.64313725
v 0.01574021 -0.02661179 -0.00358499 0.54117647 0.42352941 0.64313725
v 0.02076055 -0.02897386 -0.00181050 0.54117647 0.42352941 0.64313725
v 0.02136645 -0.02916571 -0.00181050 0.54117647 0.42352941 0.64313725
v 0.02238987 -0.02946546 -0.00181050 0.54117647 0.42352941 0.64313725
v 0.02359658 -0.02977721 -0.00181050 0.54117647 0.42352941 0.64313725
v 0.02480839 -0.03002901 -0.00181050 0.54117647 0.42352941 0.64313725
v 0.02635115 -0.03028680 -0.00181050 0.54117647 0.42352941 0.64313725
v 0.02618312 -0.03031677 -0.00059953 0.54117647 0.42352941 0.64313725
v 0.02575034 -0.03019087 -0.00181050 0.54117647 0.42352941 0.64313725
v 0.02722691 -0.03044267 -0.00059953 0.54117647 0.42352941 0.64313725
v 0.02843871 -0.03054459 -0.00059953 0.54117647 0.42352941 0.64313725
v 0.02964542 -0.03060454 -0.00059953 0.54117647 0.42352941 0.64313725
v 0.03085723 -0.03061053 -0.00059953 0.54117647 0.42352941 0.64313725
v 0.03206904 -0.03058056 -0.00059953 0.54117647 0.42352941 0.64313725
v 0.03327575 -0.03049663 -0.00059953 0.54117647 0.42352941 0.64313725
v 0.03448756 -0.03035274 0.00059944 0.54117647 0.42352941 0.64313725
v 0.03518001 -0.03026282 0.00059944 0.54117647 0.42352941 0.64313725
v 0.03578592 -0.03016090 -0.00059953 0.54117647 0.42352941 0.64313725
v 0.03690098 -0.02993908 -0.00059953 0.54117647 0.42352941 0.64313725
v 0.03932459 -0.02932158 -0.00059953 0.54117647 0.42352941 0.64313725
v 0.03811279 -0.02965731 -0.00059953 0.54117647 0.42352941 0.64313725
v 0.04174311 -0.02842231 -0.00181050 0.54117647 0.42352941 0.64313725
v 0.04274616 -0.02800865 -0.00181050 0.54117647 0.42352941 0.64313725
v 0.04281235 -0.02803862 -0.00059953 0.54117647 0.42352941 0.64313725
v 0.04059241 -0.02884797 -0.00181050 0.54117647 0.42352941 0.64313725
v 0.03932459 -0.02926763 -0.00181050 0.54117647 0.42352941 0.64313725
v 0.03998651 -0.02905780 -0.00181050 0.54117647 0.42352941 0.64313725
v 0.05541920 -0.01781094 0.00059944 0.54117647 0.42352941 0.64313725
v 0.05634588 -0.01633015 -0.00181050 0.54117647 0.42352941 0.64313725
v 0.05584181 -0.01720543 -0.00059953 0.54117647 0.42352941 0.64313725
v 0.05581126 -0.01716347 -0.00181050 0.54117647 0.42352941 0.64313725
v 0.05622877 -0.01633015 -0.00302147 0.54117647 0.42352941 0.64313725
v 0.05673793 -0.01550881 -0.00302147 0.54117647 0.42352941 0.64313725
v 0.05708926 -0.01490331 -0.00302147 0.54117647 0.42352941 0.64313725
v 0.05762388 -0.01391411 -0.00302147 0.54117647 0.42352941 0.64313725
v 0.05883568 -0.01028106 -0.00544340 0.54117647 0.42352941 0.64313725
v 0.05924811 -0.00955565 -0.00457414 0.54117647 0.42352941 0.64313725
v 0.05832652 -0.01158201 -0.00549736 0.54117647 0.42352941 0.64313725
v 0.05812795 -0.01221149 -0.00512567 0.54117647 0.42352941 0.64313725
v 0.05792428 -0.01297887 -0.00423243 0.54117647 0.42352941 0.64313725
v 0.05746095 -0.01391411 -0.00423243 0.54117647 0.42352941 0.64313725
v 0.05936521 -0.00871034 -0.00544340 0.54117647 0.42352941 0.64313725
v 0.05960452 -0.00785903 -0.00544340 0.54117647 0.42352941 0.64313725
v 0.05990492 -0.00665401 -0.00544340 0.54117647 0.42352941 0.64313725
v 0.06015441 -0.00544300 -0.00544340 0.54117647 0.42352941 0.64313725
v 0.06036826 -0.00538305 -0.00418448 0.54117647 0.42352941 0.64313725
v 0.06045482 -0.00456172 -0.00456215 0.54117647 0.42352941 0.64313725
v 0.06051592 -0.00375237 -0.00493983 0.54117647 0.42352941 0.64313725
v 0.06055665 -0.00302097 -0.00514965 0.54117647 0.42352941 0.64313725
v 0.06058720 -0.00178597 -0.00550935 0.54117647 0.42352941 0.64313725
v 0.06064830 -0.00060493 -0.00544340 0.54117647 0.42352941 0.64313725
v 0.06083669 -0.00060493 -0.00423243 0.54117647 0.42352941 0.64313725
v 0.06083669 0.00060009 -0.00423243 0.54117647 0.42352941 0.64313725
v 0.06079087 0.00181110 -0.00423243 0.54117647 0.42352941 0.64313725
v 0.06069412 0.00302212 -0.00423243 0.54117647 0.42352941 0.64313725
v 0.06083669 0.00302212 -0.00302147 0.54117647 0.42352941 0.64313725
v 0.06069412 0.00423313 -0.00302147 0.54117647 0.42352941 0.64313725
v 0.06079087 0.00423313 -0.00181050 0.54117647 0.42352941 0.64313725
v 0.06064830 0.00544415 -0.00059953 0.54117647 0.42352941 0.64313725
v 0.05481330 -0.01862028 0.00059944 0.54117647 0.42352941 0.64313725
v 0.05433978 -0.01922579 -0.00059953 0.54117647 0.42352941 0.64313725
v 0.05373897 -0.01993921 -0.00059953 0.54117647 0.42352941 0.64313725
v 0.04799562 -0.02512499 -0.00059953 0.54117647 0.42352941 0.64313725
v 0.04738972 -0.02554465 -0.00059953 0.54117647 0.42352941 0.64313725
v 0.04879501 -0.02448951 -0.00181050 0.54117647 0.42352941 0.64313725
v 0.04794980 -0.02509502 -0.00181050 0.54117647 0.42352941 0.64313725
v 0.04939582 -0.02403388 -0.00181050 0.54117647 0.42352941 0.64313725
v 0.05013920 -0.02342837 -0.00181050 0.54117647 0.42352941 0.64313725
v 0.05074510 -0.02292478 -0.00181050 0.54117647 0.42352941 0.64313725
v 0.05202819 -0.02177372 -0.00118104 0.54117647 0.42352941 0.64313725
v 0.05154448 -0.02224733 -0.00070744 0.54117647 0.42352941 0.64313725
v 0.05203837 -0.02179170 -0.00037173 0.54117647 0.42352941 0.64313725
v 0.05318398 -0.02050875 -0.00181050 0.54117647 0.42352941 0.64313725
v 0.05250171 -0.02129411 -0.00070744 0.54117647 0.42352941 0.64313725
v 0.04335207 -0.02773287 -0.00181050 0.54117647 0.42352941 0.64313725
v 0.04416163 -0.02733720 -0.00181050 0.54117647 0.42352941 0.64313725
v 0.04515450 -0.02682761 -0.00181050 0.54117647 0.42352941 0.64313725
v 0.04576040 -0.02649188 -0.00181050 0.54117647 0.42352941 0.64313725
v 0.04658015 -0.02599429 -0.00181050 0.54117647 0.42352941 0.64313725
v 0.04734389 -0.02550868 -0.00181050 0.54117647 0.42352941 0.64313725
v 0.05943140 0.01007838 -0.00059953 0.54117647 0.42352941 0.64313725
v 0.05918700 0.01061195 -0.00181050 0.54117647 0.42352941 0.64313725
v 0.05884077 0.01149323 -0.00181050 0.54117647 0.42352941 0.64313725
v 0.05829088 0.01279417 -0.00174456 0.54117647 0.42352941 0.64313725
v 0.06052101 0.00615157 -0.00059953 0.54117647 0.42352941 0.64313725
v 0.06005767 0.00786018 -0.00181050 0.54117647 0.42352941 0.64313725
v 0.05971144 0.00907120 -0.00181050 0.54117647 0.42352941 0.64313725
v 0.05940594 0.01000644 -0.00181050 0.54117647 0.42352941 0.64313725
v 0.06051083 0.00609762 -0.00137287 0.54117647 0.42352941 0.64313725
v 0.05805666 0.01326179 -0.00210425 0.54117647 0.42352941 0.64313725
v 0.05763406 0.01390927 -0.00302147 0.54117647 0.42352941 0.64313725
v 0.05709435 0.01491645 -0.00302147 0.54117647 0.42352941 0.64313725
v 0.05674812 0.01552195 -0.00302147 0.54117647 0.42352941 0.64313725
v 0.05635606 0.01633130 -0.00181050 0.54117647 0.42352941 0.64313725
v 0.05584690 0.01720659 -0.00059953 0.54117647 0.42352941 0.64313725
v 0.05541920 0.01781209 -0.00059953 0.54117647 0.42352941 0.64313725
v 0.05481330 0.01862743 -0.00059953 0.54117647 0.42352941 0.64313725
v 0.05434487 0.01922694 -0.00059953 0.54117647 0.42352941 0.64313725
v 0.05373897 0.01994636 -0.00059953 0.54117647 0.42352941 0.64313725
v 0.05321963 0.02054587 -0.00059953 0.54117647 0.42352941 0.64313725
v 0.04941109 0.02404702 -0.00181050 0.54117647 0.42352941 0.64313725
v 0.04880519 0.02450265 -0.00181050 0.54117647 0.42352941 0.64313725
v 0.04796507 0.02510816 -0.00181050 0.54117647 0.42352941 0.64313725
v 0.05142228 0.02237438 -0.00059953 0.54117647 0.42352941 0.64313725
v 0.05202819 0.02178086 -0.00124698 0.54117647 0.42352941 0.64313725
v 0.05075528 0.02293193 -0.00181050 0.54117647 0.42352941 0.64313725
v 0.05014938 0.02344151 -0.00181050 0.54117647 0.42352941 0.64313725
v 0.05262900 0.02116936 -0.00059953 0.54117647 0.42352941 0.64313725
v 0.05203837 0.02178686 -0.00059953 0.54117647 0.42352941 0.64313725
v 0.04727261 0.02546187 -0.00302147 0.54117647 0.42352941 0.64313725
v 0.04658015 0.02589952 -0.00302147 0.54117647 0.42352941 0.64313725
v 0.04567384 0.02644507 -0.00302147 0.54117647 0.42352941 0.64313725
v 0.04506794 0.02678080 -0.00302147 0.54117647 0.42352941 0.64313725
v 0.04248140 0.02788990 -0.00423243 0.54117647 0.42352941 0.64313725
v 0.04053131 0.02863329 -0.00423243 0.54117647 0.42352941 0.64313725
v 0.04042438 0.02883113 -0.00294353 0.54117647 0.42352941 0.64313725
v 0.04174311 0.02818366 -0.00423243 0.54117647 0.42352941 0.64313725
v 0.03981339 0.02899899 -0.00329124 0.54117647 0.42352941 0.64313725
v 0.04416163 0.02708655 -0.00423243 0.54117647 0.42352941 0.64313725
v 0.04308730 0.02760813 -0.00423243 0.54117647 0.42352941 0.64313725
v 0.03901910 0.02913089 -0.00423243 0.54117647 0.42352941 0.64313725
v 0.03811279 0.02937669 -0.00423243 0.54117647 0.42352941 0.64313725
v 0.03690098 0.02965846 -0.00423243 0.54117647 0.42352941 0.64313725
v 0.03454356 0.03020402 -0.00312338 0.54117647 0.42352941 0.64313725
v 0.03569427 0.02989826 -0.00423243 0.54117647 0.42352941 0.64313725
v 0.02722691 0.03040785 -0.00181050 0.54117647 0.42352941 0.64313725
v 0.02629005 0.03029994 -0.00181050 0.54117647 0.42352941 0.64313725
v 0.02614239 0.03032392 -0.00059953 0.54117647 0.42352941 0.64313725
v 0.03385110 0.03024598 -0.00359698 0.54117647 0.42352941 0.64313725
v 0.03304663 0.03028795 -0.00392070 0.54117647 0.42352941 0.64313725
v 0.03196211 0.03030593 -0.00428639 0.54117647 0.42352941 0.64313725
v 0.03085723 0.03034190 -0.00423243 0.54117647 0.42352941 0.64313725
v 0.02843871 0.03041385 -0.00302147 0.54117647 0.42352941 0.64313725
v 0.02722181 0.03030593 -0.00302746 0.54117647 0.42352941 0.64313725
v 0.02960978 0.03031792 -0.00433435 0.54117647 0.42352941 0.64313725
v 0.02917700 0.03024598 -0.00480794 0.54117647 0.42352941 0.64313725
v 0.02843871 0.03029994 -0.00402261 0.54117647 0.42352941 0.64313725
v 0.02238987 0.02953856 0.00059944 0.54117647 0.42352941 0.64313725
v 0.02133590 0.02917885 0.00181041 0.54117647 0.42352941 0.64313725
v 0.02359658 0.02984431 0.00059944 0.54117647 0.42352941 0.64313725
v 0.02553649 0.03022800 -0.00059953 0.54117647 0.42352941 0.64313725
v 0.02480839 0.03009610 -0.00059953 0.54117647 0.42352941 0.64313725
v 0.02065362 0.02901098 0.00059944 0.54117647 0.42352941 0.64313725
v 0.01996626 0.02876519 0.00059944 0.54117647 0.42352941 0.64313725
v 0.01875954 0.02828557 0.00059944 0.54117647 0.42352941 0.64313725
v 0.01792452 0.02793186 0.00059944 0.54117647 0.42352941 0.64313725
v 0.01731861 0.02765009 -0.00059953 0.54117647 0.42352941 0.64313725
v 0.01633593 0.02715849 -0.00059953 0.54117647 0.42352941 0.64313725
v 0.01553655 0.02673284 -0.00059953 0.54117647 0.42352941 0.64313725
v 0.00911601 0.02320171 0.00059944 0.54117647 0.42352941 0.64313725
v 0.01644285 -0.02688157 -0.00423243 0.54117647 0.42352941 0.64313725
v 0.01754774 -0.02742113 -0.00423243 0.54117647 0.42352941 0.64313725
v 0.01817400 -0.02781681 -0.00354302 0.54117647 0.42352941 0.64313725
v 0.01864753 -0.02806261 -0.00309341 0.54117647 0.42352941 0.64313725
v 0.01996626 -0.02859617 -0.00302147 0.54117647 0.42352941 0.64313725
v 0.00911601 -0.02295476 -0.00329124 0.54117647 0.42352941 0.64313725
v 0.01584204 -0.02655783 -0.00423243 0.54117647 0.42352941 0.64313725
v 0.00911601 -0.02281088 -0.00416050 0.54117647 0.42352941 0.64313725
v 0.02091330 -0.02892590 -0.00302147 0.54117647 0.42352941 0.64313725
v 0.02151920 -0.02911775 -0.00302147 0.54117647 0.42352941 0.64313725
v 0.02238987 -0.02937554 -0.00302147 0.54117647 0.42352941 0.64313725
v 0.02359658 -0.02968129 -0.00302147 0.54117647 0.42352941 0.64313725
v 0.02480839 -0.02993308 -0.00302147 0.54117647 0.42352941 0.64313725
v 0.02607620 -0.03015490 -0.00300348 0.54117647 0.42352941 0.64313725
v 0.02651408 -0.03026282 -0.00258984 0.54117647 0.42352941 0.64313725
v 0.02722691 -0.03038872 -0.00181050 0.54117647 0.42352941 0.64313725
v 0.02964542 -0.03055658 -0.00181050 0.54117647 0.42352941 0.64313725
v 0.02843871 -0.03049063 -0.00181050 0.54117647 0.42352941 0.64313725
v 0.03085723 -0.03056257 -0.00181050 0.54117647 0.42352941 0.64313725
v 0.03206904 -0.03052660 -0.00181050 0.54117647 0.42352941 0.64313725
v 0.03327575 -0.03044267 -0.00181050 0.54117647 0.42352941 0.64313725
v 0.03452320 -0.03030478 -0.00173257 0.54117647 0.42352941 0.64313725
v 0.03448756 -0.03035274 -0.00059953 0.54117647 0.42352941 0.64313725
v 0.03518001 -0.03026282 -0.00059953 0.54117647 0.42352941 0.64313725
v 0.03558735 -0.03014291 -0.00173257 0.54117647 0.42352941 0.64313725
v 0.03690098 -0.02988512 -0.00181050 0.54117647 0.42352941 0.64313725
v 0.03511382 -0.03025083 -0.00127696 0.54117647 0.42352941 0.64313725
v 0.03811279 -0.02960335 -0.00181050 0.54117647 0.42352941 0.64313725
v 0.04174311 -0.02832639 -0.00302147 0.54117647 0.42352941 0.64313725
v 0.04263924 -0.02796069 -0.00302147 0.54117647 0.42352941 0.64313725
v 0.03993050 -0.02903981 -0.00243397 0.54117647 0.42352941 0.64313725
v 0.04041420 -0.02882399 -0.00291356 0.54117647 0.42352941 0.64313725
v 0.03811279 -0.02950743 -0.00302147 0.54117647 0.42352941 0.64313725
v 0.03937042 -0.02916571 -0.00291356 0.54117647 0.42352941 0.64313725
v 0.05541920 -0.01781094 -0.00059953 0.54117647 0.42352941 0.64313725
v 0.05575525 -0.01707954 -0.00302147 0.54117647 0.42352941 0.64313725
v 0.05538865 -0.01776897 -0.00181050 0.54117647 0.42352941 0.64313725
v 0.05569925 -0.01699560 -0.00386075 0.54117647 0.42352941 0.64313725
v 0.05665647 -0.01537093 -0.00423243 0.54117647 0.42352941 0.64313725
v 0.05700779 -0.01476542 -0.00423243 0.54117647 0.42352941 0.64313725
v 0.05857601 -0.01028106 -0.00665437 0.54117647 0.42352941 0.64313725
v 0.05917173 -0.00931585 -0.00544340 0.54117647 0.42352941 0.64313725
v 0.05821450 -0.01123429 -0.00665437 0.54117647 0.42352941 0.64313725
v 0.05805666 -0.01204363 -0.00593498 0.54117647 0.42352941 0.64313725
v 0.05785300 -0.01264914 -0.00549736 0.54117647 0.42352941 0.64313725
v 0.05693142 -0.01462753 -0.00513766 0.54117647 0.42352941 0.64313725
v 0.05717581 -0.01401003 -0.00550335 0.54117647 0.42352941 0.64313725
v 0.05929902 -0.00850651 -0.00609684 0.54117647 0.42352941 0.64313725
v 0.05938558 -0.00780508 -0.00656445 0.54117647 0.42352941 0.64313725
v 0.05965543 -0.00665401 -0.00665437 0.54117647 0.42352941 0.64313725
v 0.05990492 -0.00544300 -0.00665437 0.54117647 0.42352941 0.64313725
v 0.06010350 -0.00423198 -0.00665437 0.54117647 0.42352941 0.64313725
v 0.06036826 -0.00419002 -0.00538345 0.54117647 0.42352941 0.64313725
v 0.06025624 -0.00302097 -0.00665437 0.54117647 0.42352941 0.64313725
v 0.06043954 -0.00302097 -0.00575514 0.54117647 0.42352941 0.64313725
v 0.06048027 -0.00216966 -0.00595896 0.54117647 0.42352941 0.64313725
v 0.06050573 -0.00136032 -0.00609085 0.54117647 0.42352941 0.64313725
v 0.06052101 -0.00060493 -0.00614480 0.54117647 0.42352941 0.64313725
v 0.06064830 0.00060009 -0.00544340 0.54117647 0.42352941 0.64313725
v 0.06058720 0.00178712 -0.00550935 0.54117647 0.42352941 0.64313725
v 0.06055665 0.00302212 -0.00514965 0.54117647 0.42352941 0.64313725
v 0.06051592 0.00375952 -0.00493983 0.54117647 0.42352941 0.64313725
v 0.06056684 0.00419117 -0.00419047 0.54117647 0.42352941 0.64313725
v 0.06051592 0.00494056 -0.00375884 0.54117647 0.42352941 0.64313725
v 0.06055665 0.00515638 -0.00302147 0.54117647 0.42352941 0.64313725
v 0.06058720 0.00551009 -0.00179252 0.54117647 0.42352941 0.64313725
v 0.05481330 -0.01862028 -0.00059953 0.54117647 0.42352941 0.64313725
v 0.05430923 -0.01918982 -0.00181050 0.54117647 0.42352941 0.64313725
v 0.05370333 -0.01990324 -0.00181050 0.54117647 0.42352941 0.64313725
v 0.04871354 -0.02442956 -0.00302147 0.54117647 0.42352941 0.64313725
v 0.04931944 -0.02397393 -0.00302147 0.54117647 0.42352941 0.64313725
v 0.04786324 -0.02503507 -0.00302147 0.54117647 0.42352941 0.64313725
v 0.04726243 -0.02545473 -0.00302147 0.54117647 0.42352941 0.64313725
v 0.05006282 -0.02336842 -0.00302147 0.54117647 0.42352941 0.64313725
v 0.05066872 -0.02285884 -0.00302147 0.54117647 0.42352941 0.64313725
v 0.05132045 -0.02225333 -0.00302147 0.54117647 0.42352941 0.64313725
v 0.05139173 -0.02231928 -0.00181050 0.54117647 0.42352941 0.64313725
v 0.05199764 -0.02174974 -0.00181050 0.54117647 0.42352941 0.64313725
v 0.05257808 -0.02114423 -0.00181050 0.54117647 0.42352941 0.64313725
v 0.05311779 -0.02043081 -0.00302147 0.54117647 0.42352941 0.64313725
v 0.05364223 -0.01982530 -0.00302147 0.54117647 0.42352941 0.64313725
v 0.05251189 -0.02107229 -0.00302147 0.54117647 0.42352941 0.64313725
v 0.04324514 -0.02768491 -0.00302147 0.54117647 0.42352941 0.64313725
v 0.04416163 -0.02723528 -0.00302147 0.54117647 0.42352941 0.64313725
v 0.04505776 -0.02677365 -0.00302147 0.54117647 0.42352941 0.64313725
v 0.04566366 -0.02643793 -0.00302147 0.54117647 0.42352941 0.64313725
v 0.04658015 -0.02588638 -0.00302147 0.54117647 0.42352941 0.64313725
v 0.05913609 0.01046806 -0.00302147 0.54117647 0.42352941 0.64313725
v 0.05873894 0.01149323 -0.00302147 0.54117647 0.42352941 0.64313725
v 0.05828579 0.01256036 -0.00302147 0.54117647 0.42352941 0.64313725
v 0.05996093 0.00786018 -0.00302147 0.54117647 0.42352941 0.64313725
v 0.06037844 0.00655924 -0.00179252 0.54117647 0.42352941 0.64313725
v 0.05960961 0.00907120 -0.00302147 0.54117647 0.42352941 0.64313725
v 0.05935503 0.00986256 -0.00302147 0.54117647 0.42352941 0.64313725
v 0.06048027 0.00595973 -0.00218218 0.54117647 0.42352941 0.64313725
v 0.05801084 0.01316587 -0.00302147 0.54117647 0.42352941 0.64313725
v 0.05746604 0.01390927 -0.00423243 0.54117647 0.42352941 0.64313725
v 0.05701288 0.01477256 -0.00423243 0.54117647 0.42352941 0.64313725
v 0.05666156 0.01537807 -0.00423243 0.54117647 0.42352941 0.64313725
v 0.05600474 0.01642722 -0.00426241 0.54117647 0.42352941 0.64313725
v 0.05623895 0.01633130 -0.00302147 0.54117647 0.42352941 0.64313725
v 0.05576034 0.01708069 -0.00302147 0.54117647 0.42352941 0.64313725
v 0.05581635 0.01716462 -0.00181050 0.54117647 0.42352941 0.64313725
v 0.05539375 0.01777013 -0.00181050 0.54117647 0.42352941 0.64313725
v 0.05478785 0.01858546 -0.00181050 0.54117647 0.42352941 0.64313725
v 0.05431432 0.01919097 -0.00181050 0.54117647 0.42352941 0.64313725
v 0.05370842 0.01991038 -0.00181050 0.54117647 0.42352941 0.64313725
v 0.05318907 0.02050990 -0.00181050 0.54117647 0.42352941 0.64313725
v 0.05247625 0.02127727 -0.00171458 0.54117647 0.42352941 0.64313725
v 0.05007809 0.02337557 -0.00302147 0.54117647 0.42352941 0.64313725
v 0.04933472 0.02398108 -0.00302147 0.54117647 0.42352941 0.64313725
v 0.04872882 0.02444270 -0.00302147 0.54117647 0.42352941 0.64313725
v 0.04787851 0.02504821 -0.00302147 0.54117647 0.42352941 0.64313725
v 0.05199764 0.02174489 -0.00205030 0.54117647 0.42352941 0.64313725
v 0.05152412 0.02221851 -0.00171458 0.54117647 0.42352941 0.64313725
v 0.05133573 0.02226048 -0.00302147 0.54117647 0.42352941 0.64313725
v 0.05068400 0.02286598 -0.00302147 0.54117647 0.42352941 0.64313725
v 0.04720642 0.02541991 -0.00370488 0.54117647 0.42352941 0.64313725
v 0.04665144 0.02569568 -0.00415450 0.54117647 0.42352941 0.64313725
v 0.04552110 0.02636114 -0.00423243 0.54117647 0.42352941 0.64313725
v 0.04491519 0.02669687 -0.00423243 0.54117647 0.42352941 0.64313725
v 0.04237447 0.02784194 -0.00489787 0.54117647 0.42352941 0.64313725
v 0.04175839 0.02799181 -0.00535947 0.54117647 0.42352941 0.64313725
v 0.04053131 0.02842946 -0.00544340 0.54117647 0.42352941 0.64313725
v 0.03962500 0.02893904 -0.00423243 0.54117647 0.42352941 0.64313725
v 0.04421764 0.02685874 -0.00538945 0.54117647 0.42352941 0.64313725
v 0.04480827 0.02664291 -0.00495182 0.54117647 0.42352941 0.64313725
v 0.03883071 0.02907094 -0.00501777 0.54117647 0.42352941 0.64313725
v 0.03690098 0.02946062 -0.00544340 0.54117647 0.42352941 0.64313725
v 0.03812806 0.02917285 -0.00543141 0.54117647 0.42352941 0.64313725
v 0.03448756 0.03007812 -0.00423243 0.54117647 0.42352941 0.64313725
v 0.03569427 0.02970042 -0.00544340 0.54117647 0.42352941 0.64313725
v 0.02648862 0.03026996 -0.00263180 0.54117647 0.42352941 0.64313725
v 0.02568414 0.03020402 -0.00181050 0.54117647 0.42352941 0.64313725
v 0.03337758 0.03020402 -0.00428639 0.54117647 0.42352941 0.64313725
v 0.03229307 0.03023399 -0.00472402 0.54117647 0.42352941 0.64313725
v 0.03148859 0.03024598 -0.00484391 0.54117647 0.42352941 0.64313725
v 0.03085723 0.03025198 -0.00486789 0.54117647 0.42352941 0.64313725
v 0.02998656 0.03025198 -0.00487389 0.54117647 0.42352941 0.64313725
v 0.02762405 0.03026996 -0.00377682 0.54117647 0.42352941 0.64313725
v 0.02681448 0.03022800 -0.00344111 0.54117647 0.42352941 0.64313725
v 0.02960978 0.03015605 -0.00534149 0.54117647 0.42352941 0.64313725
v 0.02964542 0.02989227 -0.00665437 0.54117647 0.42352941 0.64313725
v 0.02843871 0.02983232 -0.00665437 0.54117647 0.42352941 0.64313725
v 0.02843871 0.03007812 -0.00544340 0.54117647 0.42352941 0.64313725
v 0.02843871 0.03022200 -0.00462810 0.54117647 0.42352941 0.64313725
v 0.02238987 0.02953856 -0.00059953 0.54117647 0.42352941 0.64313725
v 0.02125953 0.02920283 0.00059944 0.54117647 0.42352941 0.64313725
v 0.02359658 0.02984431 -0.00059953 0.54117647 0.42352941 0.64313725
v 0.02480839 0.03004814 -0.00181050 0.54117647 0.42352941 0.64313725
v 0.02065362 0.02901098 -0.00059953 0.54117647 0.42352941 0.64313725
v 0.01996626 0.02876519 -0.00059953 0.54117647 0.42352941 0.64313725
v 0.01875954 0.02828557 -0.00059953 0.54117647 0.42352941 0.64313725
v 0.01792452 0.02793186 -0.00059953 0.54117647 0.42352941 0.64313725
v 0.01737462 0.02762611 -0.00181050 0.54117647 0.42352941 0.64313725
v 0.01633593 0.02711053 -0.00181050 0.54117647 0.42352941 0.64313725
v 0.01557728 0.02670286 -0.00181050 0.54117647 0.42352941 0.64313725
v 0.00911601 0.02320171 -0.00064150 0.54117647 0.42352941 0.64313725
v 0.01754774 -0.02720530 -0.00544340 0.54117647 0.42352941 0.64313725
v 0.01605080 -0.02644392 -0.00544340 0.54117647 0.42352941 0.64313725
v 0.01665670 -0.02676766 -0.00544340 0.54117647 0.42352941 0.64313725
v 0.01829620 -0.02776285 -0.00423243 0.54117647 0.42352941 0.64313725
v 0.01890211 -0.02802064 -0.00423243 0.54117647 0.42352941 0.64313725
v 0.01996626 -0.02844030 -0.00423243 0.54117647 0.42352941 0.64313725
v 0.00911601 -0.02254709 -0.00538945 0.54117647 0.42352941 0.64313725
v 0.02123407 -0.02887195 -0.00424442 0.54117647 0.42352941 0.64313725
v 0.02167195 -0.02906979 -0.00385476 0.54117647 0.42352941 0.64313725
v 0.02359658 -0.02953141 -0.00423243 0.54117647 0.42352941 0.64313725
v 0.02232368 -0.02920168 -0.00424442 0.54117647 0.42352941 0.64313725
v 0.02601510 -0.02999304 -0.00423243 0.54117647 0.42352941 0.64313725
v 0.02480839 -0.02978321 -0.00423243 0.54117647 0.42352941 0.64313725
v 0.02686031 -0.03022685 -0.00339315 0.54117647 0.42352941 0.64313725
v 0.02724727 -0.03029879 -0.00300348 0.54117647 0.42352941 0.64313725
v 0.02843871 -0.03040071 -0.00302147 0.54117647 0.42352941 0.64313725
v 0.02964542 -0.03046066 -0.00302147 0.54117647 0.42352941 0.64313725
v 0.03085723 -0.03046665 -0.00302147 0.54117647 0.42352941 0.64313725
v 0.03206904 -0.03043668 -0.00302147 0.54117647 0.42352941 0.64313725
v 0.03335722 -0.03033476 -0.00309940 0.54117647 0.42352941 0.64313725
v 0.03414133 -0.03028080 -0.00274570 0.54117647 0.42352941 0.64313725
v 0.03494580 -0.03022685 -0.00208027 0.54117647 0.42352941 0.64313725
v 0.03569427 -0.03002901 -0.00302147 0.54117647 0.42352941 0.64313725
v 0.03690098 -0.02978920 -0.00302147 0.54117647 0.42352941 0.64313725
v 0.04174311 -0.02817052 -0.00423243 0.54117647 0.42352941 0.64313725
v 0.04246613 -0.02788275 -0.00423243 0.54117647 0.42352941 0.64313725
v 0.04053131 -0.02861416 -0.00423243 0.54117647 0.42352941 0.64313725
v 0.03980321 -0.02899784 -0.00324328 0.54117647 0.42352941 0.64313725
v 0.03811279 -0.02935755 -0.00423243 0.54117647 0.42352941 0.64313725
v 0.03898855 -0.02911775 -0.00423243 0.54117647 0.42352941 0.64313725
v 0.05478275 -0.01858431 -0.00181050 0.54117647 0.42352941 0.64313725
v 0.05532756 -0.01768504 -0.00302147 0.54117647 0.42352941 0.64313725
v 0.05472674 -0.01850638 -0.00302147 0.54117647 0.42352941 0.64313725
v 0.05562796 -0.01689369 -0.00466407 0.54117647 0.42352941 0.64313725
v 0.05599456 -0.01642607 -0.00425042 0.54117647 0.42352941 0.64313725
v 0.05530719 -0.01745723 -0.00425042 0.54117647 0.42352941 0.64313725
v 0.05593855 -0.01616828 -0.00544340 0.54117647 0.42352941 0.64313725
v 0.05659537 -0.01506517 -0.00550335 0.54117647 0.42352941 0.64313725
v 0.05812286 -0.01099448 -0.00742171 0.54117647 0.42352941 0.64313725
v 0.05826542 -0.01029305 -0.00784136 0.54117647 0.42352941 0.64313725
v 0.05868293 -0.00907005 -0.00785934 0.54117647 0.42352941 0.64313725
v 0.05904444 -0.00897413 -0.00656445 0.54117647 0.42352941 0.64313725
v 0.05796502 -0.01183380 -0.00665437 0.54117647 0.42352941 0.64313725
v 0.05707398 -0.01371028 -0.00665437 0.54117647 0.42352941 0.64313725
v 0.05756787 -0.01270309 -0.00665437 0.54117647 0.42352941 0.64313725
v 0.05684486 -0.01447765 -0.00594697 0.54117647 0.42352941 0.64313725
v 0.05920737 -0.00817078 -0.00690615 0.54117647 0.42352941 0.64313725
v 0.05931938 -0.00736743 -0.00736776 0.54117647 0.42352941 0.64313725
v 0.05938558 -0.00656409 -0.00780539 0.54117647 0.42352941 0.64313725
v 0.05960452 -0.00544300 -0.00785934 0.54117647 0.42352941 0.64313725
v 0.05980818 -0.00423198 -0.00785934 0.54117647 0.42352941 0.64313725
v 0.05995584 -0.00302097 -0.00785934 0.54117647 0.42352941 0.64313725
v 0.06005258 -0.00180995 -0.00785934 0.54117647 0.42352941 0.64313725
v 0.06037844 -0.00178597 -0.00655845 0.54117647 0.42352941 0.64313725
v 0.06037844 -0.00060493 -0.00675029 0.54117647 0.42352941 0.64313725
v 0.06052101 0.00060009 -0.00614480 0.54117647 0.42352941 0.64313725
v 0.06050573 0.00136746 -0.00609085 0.54117647 0.42352941 0.64313725
v 0.06048027 0.00217081 -0.00595896 0.54117647 0.42352941 0.64313725
v 0.06044463 0.00302212 -0.00575514 0.54117647 0.42352941 0.64313725
v 0.06037335 0.00419117 -0.00538345 0.54117647 0.42352941 0.64313725
v 0.06045482 0.00456287 -0.00456815 0.54117647 0.42352941 0.64313725
v 0.06037335 0.00538420 -0.00419047 0.54117647 0.42352941 0.64313725
v 0.06044463 0.00575590 -0.00302147 0.54117647 0.42352941 0.64313725
v 0.05424813 -0.01911188 -0.00302147 0.54117647 0.42352941 0.64313725
v 0.04720133 -0.02541875 -0.00368690 0.54117647 0.42352941 0.64313725
v 0.04859643 -0.02434563 -0.00423243 0.54117647 0.42352941 0.64313725
v 0.04920234 -0.02388400 -0.00423243 0.54117647 0.42352941 0.64313725
v 0.04995081 -0.02327850 -0.00423243 0.54117647 0.42352941 0.64313725
v 0.05055671 -0.02275692 -0.00423243 0.54117647 0.42352941 0.64313725
v 0.05121353 -0.02215141 -0.00423243 0.54117647 0.42352941 0.64313725
v 0.05192635 -0.02167780 -0.00302147 0.54117647 0.42352941 0.64313725
v 0.05301596 -0.02032290 -0.00423243 0.54117647 0.42352941 0.64313725
v 0.05355058 -0.01971739 -0.00423243 0.54117647 0.42352941 0.64313725
v 0.05241006 -0.02097037 -0.00423243 0.54117647 0.42352941 0.64313725
v 0.04307203 -0.02760098 -0.00423243 0.54117647 0.42352941 0.64313725
v 0.04416163 -0.02707341 -0.00423243 0.54117647 0.42352941 0.64313725
v 0.04490501 -0.02669572 -0.00423243 0.54117647 0.42352941 0.64313725
v 0.04551091 -0.02635400 -0.00423243 0.54117647 0.42352941 0.64313725
v 0.04665144 -0.02568854 -0.00414851 0.54117647 0.42352941 0.64313725
v 0.05930920 0.00974265 -0.00377682 0.54117647 0.42352941 0.64313725
v 0.05908517 0.01019828 -0.00420246 0.54117647 0.42352941 0.64313725
v 0.05858620 0.01149323 -0.00423243 0.54117647 0.42352941 0.64313725
v 0.05820432 0.01238051 -0.00423243 0.54117647 0.42352941 0.64313725
v 0.05980818 0.00786018 -0.00423243 0.54117647 0.42352941 0.64313725
v 0.05944668 0.00912516 -0.00420246 0.54117647 0.42352941 0.64313725
v 0.06025624 0.00664917 -0.00302147 0.54117647 0.42352941 0.64313725
v 0.06010859 0.00664917 -0.00423243 0.54117647 0.42352941 0.64313725
v 0.05792938 0.01298602 -0.00423243 0.54117647 0.42352941 0.64313725
v 0.05718600 0.01401118 -0.00550335 0.54117647 0.42352941 0.64313725
v 0.05693142 0.01463468 -0.00514366 0.54117647 0.42352941 0.64313725
v 0.05594874 0.01617542 -0.00544340 0.54117647 0.42352941 0.64313725
v 0.05660046 0.01507232 -0.00550335 0.54117647 0.42352941 0.64313725
v 0.05563305 0.01690083 -0.00468205 0.54117647 0.42352941 0.64313725
v 0.05569925 0.01699675 -0.00387874 0.54117647 0.42352941 0.64313725
v 0.05533265 0.01768619 -0.00302147 0.54117647 0.42352941 0.64313725
v 0.05472674 0.01850753 -0.00302147 0.54117647 0.42352941 0.64313725
v 0.05425322 0.01911303 -0.00302147 0.54117647 0.42352941 0.64313725
v 0.05364732 0.01983844 -0.00302147 0.54117647 0.42352941 0.64313725
v 0.05312289 0.02044395 -0.00302147 0.54117647 0.42352941 0.64313725
v 0.05251698 0.02108543 -0.00302147 0.54117647 0.42352941 0.64313725
v 0.04996099 0.02328564 -0.00423243 0.54117647 0.42352941 0.64313725
v 0.04920743 0.02388515 -0.00423243 0.54117647 0.42352941 0.64313725
v 0.04768503 0.02501224 -0.00415450 0.54117647 0.42352941 0.64313725
v 0.04860153 0.02434678 -0.00423243 0.54117647 0.42352941 0.64313725
v 0.05193654 0.02169094 -0.00302147 0.54117647 0.42352941 0.64313725
v 0.05122880 0.02216455 -0.00423243 0.54117647 0.42352941 0.64313725
v 0.05056689 0.02277006 -0.00423243 0.54117647 0.42352941 0.64313725
v 0.04710459 0.02535396 -0.00450820 0.54117647 0.42352941 0.64313725
v 0.04635612 0.02564772 -0.00544340 0.54117647 0.42352941 0.64313725
v 0.04527670 0.02628920 -0.00538945 0.54117647 0.42352941 0.64313725
v 0.04284800 0.02752419 -0.00535947 0.54117647 0.42352941 0.64313725
v 0.04217081 0.02775801 -0.00570718 0.54117647 0.42352941 0.64313725
v 0.04136633 0.02791388 -0.00642057 0.54117647 0.42352941 0.64313725
v 0.03932459 0.02857334 -0.00665437 0.54117647 0.42352941 0.64313725
v 0.03926859 0.02885511 -0.00543141 0.54117647 0.42352941 0.64313725
v 0.04063823 0.02809973 -0.00675628 0.54117647 0.42352941 0.64313725
v 0.04465552 0.02655898 -0.00576113 0.54117647 0.42352941 0.64313725
v 0.04384595 0.02676281 -0.00665437 0.54117647 0.42352941 0.64313725
v 0.03854048 0.02899300 -0.00582707 0.54117647 0.42352941 0.64313725
v 0.03773601 0.02909492 -0.00630067 0.54117647 0.42352941 0.64313725
v 0.03693153 0.02919084 -0.00668434 0.54117647 0.42352941 0.64313725
v 0.03569427 0.02944863 -0.00665437 0.54117647 0.42352941 0.64313725
v 0.03448756 0.02988028 -0.00544340 0.54117647 0.42352941 0.64313725
v 0.03448756 0.02963448 -0.00665437 0.54117647 0.42352941 0.64313725
v 0.02605583 0.03016205 -0.00302746 0.54117647 0.42352941 0.64313725
v 0.02480839 0.02994623 -0.00302147 0.54117647 0.42352941 0.64313725
v 0.03327575 0.03002416 -0.00544340 0.54117647 0.42352941 0.64313725
v 0.03206904 0.02986829 -0.00665437 0.54117647 0.42352941 0.64313725
v 0.03196211 0.03013807 -0.00532350 0.54117647 0.42352941 0.64313725
v 0.03085723 0.03013807 -0.00547338 0.54117647 0.42352941 0.64313725
v 0.02722181 0.03017404 -0.00420246 0.54117647 0.42352941 0.64313725
v 0.02601510 0.03001217 -0.00423243 0.54117647 0.42352941 0.64313725
v 0.03085723 0.02989826 -0.00665437 0.54117647 0.42352941 0.64313725
v 0.02964542 0.02959851 -0.00785934 0.54117647 0.42352941 0.64313725
v 0.02843871 0.02953856 -0.00785934 0.54117647 0.42352941 0.64313725
v 0.02722691 0.02972440 -0.00665437 0.54117647 0.42352941 0.64313725
v 0.02722691 0.02997021 -0.00544340 0.54117647 0.42352941 0.64313725
v 0.02238987 0.02949060 -0.00181050 0.54117647 0.42352941 0.64313725
v 0.02133590 0.02917885 -0.00181050 0.54117647 0.42352941 0.64313725
v 0.02125953 0.02920283 -0.00059953 0.54117647 0.42352941 0.64313725
v 0.02359658 0.02979635 -0.00181050 0.54117647 0.42352941 0.64313725
v 0.02073000 0.02898700 -0.00181050 0.54117647 0.42352941 0.64313725
v 0.01996626 0.02871722 -0.00181050 0.54117647 0.42352941 0.64313725
v 0.01875954 0.02823761 -0.00181050 0.54117647 0.42352941 0.64313725
v 0.01798052 0.02790189 -0.00181050 0.54117647 0.42352941 0.64313725
v 0.01761902 0.02762012 -0.00310540 0.54117647 0.42352941 0.64313725
v 0.01621882 0.02692468 -0.00312938 0.54117647 0.42352941 0.64313725
v 0.01806708 0.02786592 -0.00275769 0.54117647 0.42352941 0.64313725
v 0.01565365 0.02666090 -0.00279366 0.54117647 0.42352941 0.64313725
v 0.00911601 0.02314775 -0.00184048 0.54117647 0.42352941 0.64313725
v 0.01682982 -0.02667773 -0.00630067 0.54117647 0.42352941 0.64313725
v 0.01747136 -0.02689356 -0.00668434 0.54117647 0.42352941 0.64313725
v 0.01885119 -0.02754103 -0.00658243 0.54117647 0.42352941 0.64313725
v 0.01854569 -0.02765494 -0.00544340 0.54117647 0.42352941 0.64313725
v 0.01639194 -0.02634800 -0.00668434 0.54117647 0.42352941 0.64313725
v 0.00911601 -0.02253510 -0.00544340 0.54117647 0.42352941 0.64313725
v 0.01915160 -0.02791872 -0.00544340 0.54117647 0.42352941 0.64313725
v 0.01996626 -0.02823047 -0.00544340 0.54117647 0.42352941 0.64313725
v 0.02117806 -0.02865013 -0.00544340 0.54117647 0.42352941 0.64313725
v 0.02187561 -0.02900983 -0.00465807 0.54117647 0.42352941 0.64313725
v 0.02271573 -0.02911775 -0.00544340 0.54117647 0.42352941 0.64313725
v 0.02359658 -0.02933357 -0.00544340 0.54117647 0.42352941 0.64313725
v 0.02724727 -0.03016090 -0.00417848 0.54117647 0.42352941 0.64313725
v 0.02601510 -0.02980119 -0.00544340 0.54117647 0.42352941 0.64313725
v 0.02480839 -0.02958537 -0.00544340 0.54117647 0.42352941 0.64313725
v 0.02766478 -0.03026282 -0.00374085 0.54117647 0.42352941 0.64313725
v 0.02843871 -0.03029279 -0.00395068 0.54117647 0.42352941 0.64313725
v 0.02964542 -0.03032277 -0.00416050 0.54117647 0.42352941 0.64313725
v 0.03085723 -0.03032876 -0.00418448 0.54117647 0.42352941 0.64313725
v 0.03206904 -0.03031078 -0.00407057 0.54117647 0.42352941 0.64313725
v 0.03300589 -0.03028080 -0.00386675 0.54117647 0.42352941 0.64313725
v 0.03381037 -0.03023884 -0.00355501 0.54117647 0.42352941 0.64313725
v 0.03452320 -0.03019687 -0.00309940 0.54117647 0.42352941 0.64313725
v 0.03569427 -0.02987913 -0.00423243 0.54117647 0.42352941 0.64313725
v 0.03690098 -0.02963932 -0.00423243 0.54117647 0.42352941 0.64313725
v 0.04053131 -0.02841032 -0.00544340 0.54117647 0.42352941 0.64313725
v 0.04174821 -0.02797867 -0.00533549 0.54117647 0.42352941 0.64313725
v 0.04235920 -0.02782880 -0.00486190 0.54117647 0.42352941 0.64313725
v 0.03959445 -0.02893190 -0.00423243 0.54117647 0.42352941 0.64313725
v 0.03690098 -0.02944148 -0.00544340 0.54117647 0.42352941 0.64313725
v 0.03812297 -0.02915971 -0.00540743 0.54117647 0.42352941 0.64313725
v 0.03880016 -0.02906379 -0.00498180 0.54117647 0.42352941 0.64313725
v 0.05463510 -0.01838647 -0.00423243 0.54117647 0.42352941 0.64313725
v 0.05554650 -0.01677378 -0.00544340 0.54117647 0.42352941 0.64313725
v 0.05453835 -0.01826058 -0.00522159 0.54117647 0.42352941 0.64313725
v 0.05489477 -0.01766106 -0.00555131 0.54117647 0.42352941 0.64313725
v 0.05579598 -0.01594046 -0.00665437 0.54117647 0.42352941 0.64313725
v 0.05781736 -0.01143812 -0.00784136 0.54117647 0.42352941 0.64313725
v 0.05801084 -0.01070072 -0.00822503 0.54117647 0.42352941 0.64313725
v 0.05815850 -0.00989738 -0.00871661 0.54117647 0.42352941 0.64313725
v 0.05830106 -0.00910002 -0.00910028 0.54117647 0.42352941 0.64313725
v 0.05868293 -0.00785903 -0.00907031 0.54117647 0.42352941 0.64313725
v 0.05907499 -0.00780508 -0.00780539 0.54117647 0.42352941 0.64313725
v 0.05718600 -0.01278103 -0.00791929 0.54117647 0.42352941 0.64313725
v 0.05675830 -0.01431578 -0.00665437 0.54117647 0.42352941 0.64313725
v 0.05695687 -0.01347647 -0.00755360 0.54117647 0.42352941 0.64313725
v 0.05628987 -0.01511913 -0.00665437 0.54117647 0.42352941 0.64313725
v 0.05920737 -0.00690581 -0.00817108 0.54117647 0.42352941 0.64313725
v 0.05929902 -0.00610246 -0.00850679 0.54117647 0.42352941 0.64313725
v 0.05936521 -0.00544300 -0.00871061 0.54117647 0.42352941 0.64313725
v 0.05944159 -0.00419601 -0.00912426 0.54117647 0.42352941 0.64313725
v 0.05960452 -0.00302097 -0.00907031 0.54117647 0.42352941 0.64313725
v 0.05970635 -0.00180995 -0.00907031 0.54117647 0.42352941 0.64313725
v 0.06010350 -0.00060493 -0.00785934 0.54117647 0.42352941 0.64313725
v 0.06037844 0.00060009 -0.00675029 0.54117647 0.42352941 0.64313725
v 0.06037844 0.00178712 -0.00655845 0.54117647 0.42352941 0.64313725
v 0.06025624 0.00302212 -0.00665437 0.54117647 0.42352941 0.64313725
v 0.06010859 0.00423313 -0.00665437 0.54117647 0.42352941 0.64313725
v 0.06015950 0.00544415 -0.00544340 0.54117647 0.42352941 0.64313725
v 0.05415649 -0.01899198 -0.00423243 0.54117647 0.42352941 0.64313725
v 0.04709441 -0.02534681 -0.00449021 0.54117647 0.42352941 0.64313725
v 0.04767994 -0.02500509 -0.00414851 0.54117647 0.42352941 0.64313725
v 0.04848442 -0.02426170 -0.00511968 0.54117647 0.42352941 0.64313725
v 0.04893248 -0.02383005 -0.00549136 0.54117647 0.42352941 0.64313725
v 0.04980315 -0.02315260 -0.00544340 0.54117647 0.42352941 0.64313725
v 0.05040905 -0.02263102 -0.00544340 0.54117647 0.42352941 0.64313725
v 0.05108115 -0.02202551 -0.00544340 0.54117647 0.42352941 0.64313725
v 0.05181943 -0.02157588 -0.00423243 0.54117647 0.42352941 0.64313725
v 0.05288867 -0.02017902 -0.00544340 0.54117647 0.42352941 0.64313725
v 0.05228277 -0.02083249 -0.00544340 0.54117647 0.42352941 0.64313725
v 0.05342329 -0.01957351 -0.00544340 0.54117647 0.42352941 0.64313725
v 0.04283781 -0.02751705 -0.00533549 0.54117647 0.42352941 0.64313725
v 0.04420746 -0.02684559 -0.00537146 0.54117647 0.42352941 0.64313725
v 0.04479808 -0.02663577 -0.00492185 0.54117647 0.42352941 0.64313725
v 0.04527161 -0.02627606 -0.00537146 0.54117647 0.42352941 0.64313725
v 0.04634085 -0.02563458 -0.00544340 0.54117647 0.42352941 0.64313725
v 0.05924811 0.00956280 -0.00458613 0.54117647 0.42352941 0.64313725
v 0.05884587 0.01028221 -0.00544340 0.54117647 0.42352941 0.64313725
v 0.05833161 0.01158316 -0.00549736 0.54117647 0.42352941 0.64313725
v 0.05813304 0.01221864 -0.00513167 0.54117647 0.42352941 0.64313725
v 0.05960961 0.00786018 -0.00544340 0.54117647 0.42352941 0.64313725
v 0.05937030 0.00871749 -0.00544340 0.54117647 0.42352941 0.64313725
v 0.05991002 0.00664917 -0.00544340 0.54117647 0.42352941 0.64313725
v 0.05785809 0.01265628 -0.00549736 0.54117647 0.42352941 0.64313725
v 0.05757805 0.01270425 -0.00665437 0.54117647 0.42352941 0.64313725
v 0.05707907 0.01371143 -0.00665437 0.54117647 0.42352941 0.64313725
v 0.05684486 0.01447880 -0.00595297 0.54117647 0.42352941 0.64313725
v 0.05580617 0.01595360 -0.00665437 0.54117647 0.42352941 0.64313725
v 0.05555159 0.01678093 -0.00544340 0.54117647 0.42352941 0.64313725
v 0.05630006 0.01512028 -0.00665437 0.54117647 0.42352941 0.64313725
v 0.05489986 0.01766221 -0.00555730 0.54117647 0.42352941 0.64313725
v 0.05453835 0.01826772 -0.00523358 0.54117647 0.42352941 0.64313725
v 0.05463510 0.01839362 -0.00423243 0.54117647 0.42352941 0.64313725
v 0.05530719 0.01745838 -0.00426241 0.54117647 0.42352941 0.64313725
v 0.05416158 0.01899913 -0.00423243 0.54117647 0.42352941 0.64313725
v 0.05355567 0.01973053 -0.00423243 0.54117647 0.42352941 0.64313725
v 0.05302614 0.02033604 -0.00423243 0.54117647 0.42352941 0.64313725
v 0.05242533 0.02098351 -0.00423243 0.54117647 0.42352941 0.64313725
v 0.04893757 0.02383719 -0.00550335 0.54117647 0.42352941 0.64313725
v 0.04980824 0.02315375 -0.00544340 0.54117647 0.42352941 0.64313725
v 0.04848951 0.02426285 -0.00513766 0.54117647 0.42352941 0.64313725
v 0.05183470 0.02158902 -0.00423243 0.54117647 0.42352941 0.64313725
v 0.05108624 0.02202666 -0.00544340 0.54117647 0.42352941 0.64313725
v 0.05041414 0.02263217 -0.00544340 0.54117647 0.42352941 0.64313725
v 0.04789379 0.02460457 -0.00550335 0.54117647 0.42352941 0.64313725
v 0.04696203 0.02526403 -0.00544340 0.54117647 0.42352941 0.64313725
v 0.04613718 0.02550384 -0.00665437 0.54117647 0.42352941 0.64313725
v 0.04537344 0.02594748 -0.00665437 0.54117647 0.42352941 0.64313725
v 0.04295492 0.02718847 -0.00665437 0.54117647 0.42352941 0.64313725
v 0.04175839 0.02768007 -0.00675628 0.54117647 0.42352941 0.64313725
v 0.04111685 0.02781796 -0.00722388 0.54117647 0.42352941 0.64313725
v 0.04027163 0.02794985 -0.00785934 0.54117647 0.42352941 0.64313725
v 0.03932459 0.02826759 -0.00785934 0.54117647 0.42352941 0.64313725
v 0.03811279 0.02861531 -0.00785934 0.54117647 0.42352941 0.64313725
v 0.03812806 0.02890907 -0.00668434 0.54117647 0.42352941 0.64313725
v 0.04444677 0.02645107 -0.00665437 0.54117647 0.42352941 0.64313725
v 0.04364738 0.02666090 -0.00741572 0.54117647 0.42352941 0.64313725
v 0.03735923 0.02900499 -0.00710399 0.54117647 0.42352941 0.64313725
v 0.03654966 0.02909492 -0.00746967 0.54117647 0.42352941 0.64313725
v 0.03563826 0.02916086 -0.00786534 0.54117647 0.42352941 0.64313725
v 0.03448756 0.02934072 -0.00785934 0.54117647 0.42352941 0.64313725
v 0.03327575 0.02977836 -0.00665437 0.54117647 0.42352941 0.64313725
v 0.02480839 0.02980234 -0.00423243 0.54117647 0.42352941 0.64313725
v 0.02359658 0.02969443 -0.00302147 0.54117647 0.42352941 0.64313725
v 0.03206904 0.02957453 -0.00785934 0.54117647 0.42352941 0.64313725
v 0.02601510 0.02981433 -0.00544340 0.54117647 0.42352941 0.64313725
v 0.03085723 0.02960450 -0.00785934 0.54117647 0.42352941 0.64313725
v 0.02964542 0.02924480 -0.00907031 0.54117647 0.42352941 0.64313725
v 0.02902425 0.02904096 -0.00968179 0.54117647 0.42352941 0.64313725
v 0.02855073 0.02917285 -0.00913625 0.54117647 0.42352941 0.64313725
v 0.02722691 0.02915487 -0.00883651 0.54117647 0.42352941 0.64313725
v 0.02722691 0.02943064 -0.00785934 0.54117647 0.42352941 0.64313725
v 0.02601510 0.02956853 -0.00665437 0.54117647 0.42352941 0.64313725
v 0.02238987 0.02938268 -0.00302147 0.54117647 0.42352941 0.64313725
v 0.02149883 0.02912489 -0.00302147 0.54117647 0.42352941 0.64313725
v 0.02089802 0.02893305 -0.00302147 0.54117647 0.42352941 0.64313725
v 0.01996626 0.02860931 -0.00302147 0.54117647 0.42352941 0.64313725
v 0.01864753 0.02807575 -0.00310540 0.54117647 0.42352941 0.64313725
v 0.01816891 0.02781796 -0.00356700 0.54117647 0.42352941 0.64313725
v 0.01754774 0.02743427 -0.00423243 0.54117647 0.42352941 0.64313725
v 0.01643267 0.02688272 -0.00423243 0.54117647 0.42352941 0.64313725
v 0.01574021 0.02661294 -0.00360297 0.54117647 0.42352941 0.64313725
v 0.00911601 0.02313576 -0.00196037 0.54117647 0.42352941 0.64313725
v 0.01701821 -0.02658181 -0.00710399 0.54117647 0.42352941 0.64313725
v 0.01955893 -0.02775086 -0.00694212 0.54117647 0.42352941 0.64313725
v 0.01931453 -0.02784678 -0.00613881 0.54117647 0.42352941 0.64313725
v 0.01875954 -0.02716334 -0.00785934 0.54117647 0.42352941 0.64313725
v 0.01552127 -0.02553266 -0.00785934 0.54117647 0.42352941 0.64313725
v 0.01633593 -0.02599429 -0.00785934 0.54117647 0.42352941 0.64313725
v 0.00911601 -0.02221736 -0.00664837 0.54117647 0.42352941 0.64313725
v 0.02117806 -0.02839833 -0.00665437 0.54117647 0.42352941 0.64313725
v 0.01996626 -0.02799066 -0.00658243 0.54117647 0.42352941 0.64313725
v 0.02210983 -0.02894389 -0.00544340 0.54117647 0.42352941 0.64313725
v 0.02293467 -0.02905180 -0.00612082 0.54117647 0.42352941 0.64313725
v 0.02367805 -0.02912374 -0.00657644 0.54117647 0.42352941 0.64313725
v 0.02722691 -0.02995707 -0.00544340 0.54117647 0.42352941 0.64313725
v 0.02843871 -0.03020886 -0.00455616 0.54117647 0.42352941 0.64313725
v 0.02601510 -0.02955539 -0.00665437 0.54117647 0.42352941 0.64313725
v 0.02480839 -0.02933957 -0.00665437 0.54117647 0.42352941 0.64313725
v 0.02964542 -0.03023884 -0.00476598 0.54117647 0.42352941 0.64313725
v 0.03085723 -0.03023884 -0.00478996 0.54117647 0.42352941 0.64313725
v 0.03206904 -0.03022085 -0.00467606 0.54117647 0.42352941 0.64313725
v 0.03327575 -0.03001102 -0.00544340 0.54117647 0.42352941 0.64313725
v 0.03335722 -0.03019087 -0.00425641 0.54117647 0.42352941 0.64313725
v 0.03448756 -0.03005898 -0.00423243 0.54117647 0.42352941 0.64313725
v 0.03448756 -0.02986714 -0.00544340 0.54117647 0.42352941 0.64313725
v 0.03569427 -0.02968129 -0.00544340 0.54117647 0.42352941 0.64313725
v 0.04063823 -0.02809258 -0.00674429 0.54117647 0.42352941 0.64313725
v 0.04135106 -0.02791273 -0.00640258 0.54117647 0.42352941 0.64313725
v 0.03924822 -0.02884197 -0.00540743 0.54117647 0.42352941 0.64313725
v 0.03932459 -0.02856020 -0.00665437 0.54117647 0.42352941 0.64313725
v 0.04216063 -0.02775086 -0.00566521 0.54117647 0.42352941 0.64313725
v 0.03691626 -0.02918969 -0.00667235 0.54117647 0.42352941 0.64313725
v 0.03772582 -0.02909377 -0.00628269 0.54117647 0.42352941 0.64313725
v 0.03853539 -0.02899185 -0.00578511 0.54117647 0.42352941 0.64313725
v 0.05539884 -0.01654597 -0.00665437 0.54117647 0.42352941 0.64313725
v 0.05444161 -0.01814067 -0.00603090 0.54117647 0.42352941 0.64313725
v 0.05479803 -0.01742126 -0.00665437 0.54117647 0.42352941 0.64313725
v 0.05411066 -0.01869822 -0.00555131 0.54117647 0.42352941 0.64313725
v 0.05569415 -0.01579059 -0.00737975 0.54117647 0.42352941 0.64313725
v 0.05700779 -0.01239135 -0.00907031 0.54117647 0.42352941 0.64313725
v 0.05740494 -0.01149208 -0.00907031 0.54117647 0.42352941 0.64313725
v 0.05788355 -0.01029305 -0.00910028 0.54117647 0.42352941 0.64313725
v 0.05802611 -0.00952568 -0.00951992 0.54117647 0.42352941 0.64313725
v 0.05815850 -0.00871634 -0.00989760 0.54117647 0.42352941 0.64313725
v 0.05827051 -0.00784105 -0.01029327 0.54117647 0.42352941 0.64313725
v 0.05858110 -0.00665401 -0.01028128 0.54117647 0.42352941 0.64313725
v 0.05904444 -0.00656409 -0.00897439 0.54117647 0.42352941 0.64313725
v 0.05683467 -0.01324266 -0.00836291 0.54117647 0.42352941 0.64313725
v 0.05594364 -0.01515510 -0.00781738 0.54117647 0.42352941 0.64313725
v 0.05662592 -0.01389613 -0.00791929 0.54117647 0.42352941 0.64313725
v 0.05917173 -0.00544300 -0.00931610 0.54117647 0.42352941 0.64313725
v 0.05924811 -0.00457371 -0.00955589 0.54117647 0.42352941 0.64313725
v 0.05930920 -0.00377036 -0.00973574 0.54117647 0.42352941 0.64313725
v 0.05935503 -0.00302097 -0.00986163 0.54117647 0.42352941 0.64313725
v 0.05940594 -0.00180995 -0.01000551 0.54117647 0.42352941 0.64313725
v 0.05975727 -0.00060493 -0.00907031 0.54117647 0.42352941 0.64313725
v 0.05976235 0.00060009 -0.00907031 0.54117647 0.42352941 0.64313725
v 0.06010350 0.00060009 -0.00785934 0.54117647 0.42352941 0.64313725
v 0.06005767 0.00181110 -0.00785934 0.54117647 0.42352941 0.64313725
v 0.05995584 0.00302212 -0.00785934 0.54117647 0.42352941 0.64313725
v 0.05980818 0.00423313 -0.00785934 0.54117647 0.42352941 0.64313725
v 0.05991002 0.00544415 -0.00665437 0.54117647 0.42352941 0.64313725
v 0.04694675 -0.02525089 -0.00544340 0.54117647 0.42352941 0.64313725
v 0.04788870 -0.02459742 -0.00549136 0.54117647 0.42352941 0.64313725
v 0.04835713 -0.02416577 -0.00592299 0.54117647 0.42352941 0.64313725
v 0.04968095 -0.02305068 -0.00626470 0.54117647 0.42352941 0.64313725
v 0.05093858 -0.02189362 -0.00644455 0.54117647 0.42352941 0.64313725
v 0.05168196 -0.02143799 -0.00544340 0.54117647 0.42352941 0.64313725
v 0.05331127 -0.01944761 -0.00630667 0.54117647 0.42352941 0.64313725
v 0.05215039 -0.02069460 -0.00645054 0.54117647 0.42352941 0.64313725
v 0.04295492 -0.02717533 -0.00665437 0.54117647 0.42352941 0.64313725
v 0.04383068 -0.02675567 -0.00665437 0.54117647 0.42352941 0.64313725
v 0.04464025 -0.02655183 -0.00572516 0.54117647 0.42352941 0.64313725
v 0.04537344 -0.02592834 -0.00665437 0.54117647 0.42352941 0.64313725
v 0.04611681 -0.02549669 -0.00665437 0.54117647 0.42352941 0.64313725
v 0.05917682 0.00932300 -0.00544340 0.54117647 0.42352941 0.64313725
v 0.05858620 0.01028221 -0.00665437 0.54117647 0.42352941 0.64313725
v 0.05821959 0.01123544 -0.00665437 0.54117647 0.42352941 0.64313725
v 0.05805666 0.01204478 -0.00594098 0.54117647 0.42352941 0.64313725
v 0.05939067 0.00780623 -0.00656445 0.54117647 0.42352941 0.64313725
v 0.05929902 0.00851365 -0.00610883 0.54117647 0.42352941 0.64313725
v 0.05966053 0.00664917 -0.00665437 0.54117647 0.42352941 0.64313725
v 0.05797011 0.01184095 -0.00665437 0.54117647 0.42352941 0.64313725
v 0.05719109 0.01278818 -0.00792529 0.54117647 0.42352941 0.64313725
v 0.05696197 0.01348361 -0.00756559 0.54117647 0.42352941 0.64313725
v 0.05675830 0.01431693 -0.00665437 0.54117647 0.42352941 0.64313725
v 0.05569925 0.01579773 -0.00739774 0.54117647 0.42352941 0.64313725
v 0.05540393 0.01655911 -0.00665437 0.54117647 0.42352941 0.64313725
v 0.05479803 0.01742840 -0.00665437 0.54117647 0.42352941 0.64313725
v 0.05444671 0.01814782 -0.00604289 0.54117647 0.42352941 0.64313725
v 0.05594874 0.01516225 -0.00782337 0.54117647 0.42352941 0.64313725
v 0.05412084 0.01869937 -0.00555730 0.54117647 0.42352941 0.64313725
v 0.05343347 0.01958665 -0.00544340 0.54117647 0.42352941 0.64313725
v 0.05289885 0.02018616 -0.00544340 0.54117647 0.42352941 0.64313725
v 0.05229295 0.02084563 -0.00544340 0.54117647 0.42352941 0.64313725
v 0.04968604 0.02305183 -0.00628269 0.54117647 0.42352941 0.64313725
v 0.04836731 0.02417292 -0.00594697 0.54117647 0.42352941 0.64313725
v 0.05169214 0.02145113 -0.00544340 0.54117647 0.42352941 0.64313725
v 0.05091312 0.02186480 -0.00665437 0.54117647 0.42352941 0.64313725
v 0.05013920 0.02254824 -0.00667235 0.54117647 0.42352941 0.64313725
v 0.04763412 0.02450865 -0.00665437 0.54117647 0.42352941 0.64313725
v 0.04673799 0.02511415 -0.00665437 0.54117647 0.42352941 0.64313725
v 0.04599971 0.02541991 -0.00730182 0.54117647 0.42352941 0.64313725
v 0.04537853 0.02562974 -0.00776942 0.54117647 0.42352941 0.64313725
v 0.04298547 0.02685874 -0.00783536 0.54117647 0.42352941 0.64313725
v 0.04174311 0.02739230 -0.00785934 0.54117647 0.42352941 0.64313725
v 0.04087754 0.02773402 -0.00785934 0.54117647 0.42352941 0.64313725
v 0.04000687 0.02785393 -0.00854875 0.54117647 0.42352941 0.64313725
v 0.03811279 0.02825560 -0.00907031 0.54117647 0.42352941 0.64313725
v 0.03924313 0.02794985 -0.00900436 0.54117647 0.42352941 0.64313725
v 0.03690098 0.02854936 -0.00907031 0.54117647 0.42352941 0.64313725
v 0.03693153 0.02889708 -0.00786534 0.54117647 0.42352941 0.64313725
v 0.04409544 0.02630718 -0.00783536 0.54117647 0.42352941 0.64313725
v 0.04340807 0.02654699 -0.00821903 0.54117647 0.42352941 0.64313725
v 0.03600486 0.02898700 -0.00827299 0.54117647 0.42352941 0.64313725
v 0.03520038 0.02905895 -0.00853077 0.54117647 0.42352941 0.64313725
v 0.03327575 0.02948460 -0.00785934 0.54117647 0.42352941 0.64313725
v 0.03448756 0.02910691 -0.00868664 0.54117647 0.42352941 0.64313725
v 0.02480839 0.02960450 -0.00544340 0.54117647 0.42352941 0.64313725
v 0.02359658 0.02955055 -0.00423243 0.54117647 0.42352941 0.64313725
v 0.03327575 0.02917885 -0.00892044 0.54117647 0.42352941 0.64313725
v 0.03241018 0.02902897 -0.00964582 0.54117647 0.42352941 0.64313725
v 0.03203339 0.02919084 -0.00917222 0.54117647 0.42352941 0.64313725
v 0.03085723 0.02925079 -0.00907031 0.54117647 0.42352941 0.64313725
v 0.03085723 0.02905295 -0.00971776 0.54117647 0.42352941 0.64313725
v 0.02964542 0.02904696 -0.00970577 0.54117647 0.42352941 0.64313725
v 0.02821977 0.02900499 -0.00958587 0.54117647 0.42352941 0.64313725
v 0.02964542 0.02883713 -0.01031125 0.54117647 0.42352941 0.64313725
v 0.02843871 0.02832155 -0.01149224 0.54117647 0.42352941 0.64313725
v 0.02855073 0.02883113 -0.01016138 0.54117647 0.42352941 0.64313725
v 0.02722691 0.02867526 -0.01028128 0.54117647 0.42352941 0.64313725
v 0.02722691 0.02896302 -0.00944199 0.54117647 0.42352941 0.64313725
v 0.02627477 0.02909492 -0.00865067 0.54117647 0.42352941 0.64313725
v 0.02593363 0.02923281 -0.00796125 0.54117647 0.42352941 0.64313725
v 0.02480839 0.02913089 -0.00759557 0.54117647 0.42352941 0.64313725
v 0.02480839 0.02935271 -0.00665437 0.54117647 0.42352941 0.64313725
v 0.02230331 0.02920883 -0.00428039 0.54117647 0.42352941 0.64313725
v 0.02166176 0.02907693 -0.00390272 0.54117647 0.42352941 0.64313725
v 0.02122898 0.02888509 -0.00428039 0.54117647 0.42352941 0.64313725
v 0.01996626 0.02845943 -0.00423243 0.54117647 0.42352941 0.64313725
v 0.01888174 0.02802779 -0.00423243 0.54117647 0.42352941 0.64313725
v 0.01827584 0.02777000 -0.00423243 0.54117647 0.42352941 0.64313725
v 0.01754774 0.02722444 -0.00544340 0.54117647 0.42352941 0.64313725
v 0.01663634 0.02678080 -0.00544340 0.54117647 0.42352941 0.64313725
v 0.01583186 0.02656497 -0.00423243 0.54117647 0.42352941 0.64313725
v 0.00911601 0.02300987 -0.00302147 0.54117647 0.42352941 0.64313725
v 0.01785323 -0.02675567 -0.00785934 0.54117647 0.42352941 0.64313725
v 0.01724733 -0.02646790 -0.00785934 0.54117647 0.42352941 0.64313725
v 0.01996626 -0.02764295 -0.00790730 0.54117647 0.42352941 0.64313725
v 0.02036340 -0.02790673 -0.00752962 0.54117647 0.42352941 0.64313725
v 0.01996626 -0.02728324 -0.00907031 0.54117647 0.42352941 0.64313725
v 0.01808236 -0.02664776 -0.00856674 0.54117647 0.42352941 0.64313725
v 0.01877482 -0.02680962 -0.00901036 0.54117647 0.42352941 0.64313725
v 0.01569439 -0.02543074 -0.00853077 0.54117647 0.42352941 0.64313725
v 0.01635120 -0.02562859 -0.00898638 0.54117647 0.42352941 0.64313725
v 0.00911601 -0.02192360 -0.00756559 0.54117647 0.42352941 0.64313725
v 0.02238987 -0.02845828 -0.00785934 0.54117647 0.42352941 0.64313725
v 0.02247133 -0.02881200 -0.00657644 0.54117647 0.42352941 0.64313725
v 0.02112715 -0.02805661 -0.00790730 0.54117647 0.42352941 0.64313725
v 0.02333182 -0.02895588 -0.00692414 0.54117647 0.42352941 0.64313725
v 0.02413629 -0.02905180 -0.00731381 0.54117647 0.42352941 0.64313725
v 0.02843871 -0.03006498 -0.00544340 0.54117647 0.42352941 0.64313725
v 0.02722691 -0.02971126 -0.00665437 0.54117647 0.42352941 0.64313725
v 0.02480839 -0.02911775 -0.00755960 0.54117647 0.42352941 0.64313725
v 0.02595400 -0.02921967 -0.00794926 0.54117647 0.42352941 0.64313725
v 0.02722691 -0.02941151 -0.00785934 0.54117647 0.42352941 0.64313725
v 0.02964542 -0.03012493 -0.00544340 0.54117647 0.42352941 0.64313725
v 0.03085723 -0.03013092 -0.00544340 0.54117647 0.42352941 0.64313725
v 0.03206904 -0.03009495 -0.00544340 0.54117647 0.42352941 0.64313725
v 0.03206904 -0.02985515 -0.00665437 0.54117647 0.42352941 0.64313725
v 0.03327575 -0.02976522 -0.00665437 0.54117647 0.42352941 0.64313725
v 0.03448756 -0.02962134 -0.00665437 0.54117647 0.42352941 0.64313725
v 0.03569427 -0.02943549 -0.00665437 0.54117647 0.42352941 0.64313725
v 0.04110666 -0.02781681 -0.00721189 0.54117647 0.42352941 0.64313725
v 0.04174821 -0.02767292 -0.00674429 0.54117647 0.42352941 0.64313725
v 0.03932459 -0.02824845 -0.00785934 0.54117647 0.42352941 0.64313725
v 0.04024618 -0.02794270 -0.00785934 0.54117647 0.42352941 0.64313725
v 0.03812297 -0.02890192 -0.00667235 0.54117647 0.42352941 0.64313725
v 0.03652420 -0.02908777 -0.00744569 0.54117647 0.42352941 0.64313725
v 0.03732868 -0.02899784 -0.00708600 0.54117647 0.42352941 0.64313725
v 0.05461982 -0.01716946 -0.00785934 0.54117647 0.42352941 0.64313725
v 0.05369315 -0.01884210 -0.00668434 0.54117647 0.42352941 0.64313725
v 0.05435506 -0.01802677 -0.00665437 0.54117647 0.42352941 0.64313725
v 0.05525627 -0.01624621 -0.00781738 0.54117647 0.42352941 0.64313725
v 0.05556686 -0.01558675 -0.00818906 0.54117647 0.42352941 0.64313725
v 0.05689068 -0.01215154 -0.00974174 0.54117647 0.42352941 0.64313725
v 0.05671248 -0.01299086 -0.00907031 0.54117647 0.42352941 0.64313725
v 0.05702816 -0.01143213 -0.01019735 0.54117647 0.42352941 0.64313725
v 0.05746095 -0.01028106 -0.01028128 0.54117647 0.42352941 0.64313725
v 0.05788355 -0.00910002 -0.01029327 0.54117647 0.42352941 0.64313725
v 0.05800575 -0.00822474 -0.01070092 0.54117647 0.42352941 0.64313725
v 0.05812286 -0.00742139 -0.01099467 0.54117647 0.42352941 0.64313725
v 0.05821450 -0.00665401 -0.01123446 0.54117647 0.42352941 0.64313725
v 0.05884077 -0.00544300 -0.01028128 0.54117647 0.42352941 0.64313725
v 0.05623386 -0.01391411 -0.00907031 0.54117647 0.42352941 0.64313725
v 0.05578580 -0.01472345 -0.00907031 0.54117647 0.42352941 0.64313725
v 0.05908008 -0.00419601 -0.01019735 0.54117647 0.42352941 0.64313725
v 0.05913609 -0.00302097 -0.01046712 0.54117647 0.42352941 0.64313725
v 0.05918700 -0.00180995 -0.01061099 0.54117647 0.42352941 0.64313725
v 0.05943140 -0.00060493 -0.01007745 0.54117647 0.42352941 0.64313725
v 0.05943140 0.00060009 -0.01007745 0.54117647 0.42352941 0.64313725
v 0.05940594 0.00181110 -0.01000551 0.54117647 0.42352941 0.64313725
v 0.05970635 0.00181110 -0.00907031 0.54117647 0.42352941 0.64313725
v 0.05960452 0.00302212 -0.00907031 0.54117647 0.42352941 0.64313725
v 0.05944668 0.00419716 -0.00912426 0.54117647 0.42352941 0.64313725
v 0.05936521 0.00544415 -0.00871661 0.54117647 0.42352941 0.64313725
v 0.05960961 0.00544415 -0.00785934 0.54117647 0.42352941 0.64313725
v 0.05939067 0.00656524 -0.00781138 0.54117647 0.42352941 0.64313725
v 0.04672272 -0.02510701 -0.00665437 0.54117647 0.42352941 0.64313725
v 0.04761884 -0.02450150 -0.00665437 0.54117647 0.42352941 0.64313725
v 0.04822475 -0.02406985 -0.00665437 0.54117647 0.42352941 0.64313725
v 0.04908523 -0.02340439 -0.00666036 0.54117647 0.42352941 0.64313725
v 0.04953838 -0.02293078 -0.00706802 0.54117647 0.42352941 0.64313725
v 0.05081638 -0.02177372 -0.00725386 0.54117647 0.42352941 0.64313725
v 0.05202819 -0.02056870 -0.00725386 0.54117647 0.42352941 0.64313725
v 0.05319417 -0.01930373 -0.00711598 0.54117647 0.42352941 0.64313725
v 0.04297529 -0.02685159 -0.00782937 0.54117647 0.42352941 0.64313725
v 0.04364738 -0.02665975 -0.00740373 0.54117647 0.42352941 0.64313725
v 0.04443658 -0.02644392 -0.00665437 0.54117647 0.42352941 0.64313725
v 0.04598953 -0.02541875 -0.00728383 0.54117647 0.42352941 0.64313725
v 0.05904953 0.00897528 -0.00656445 0.54117647 0.42352941 0.64313725
v 0.05827051 0.01029420 -0.00784136 0.54117647 0.42352941 0.64313725
v 0.05812286 0.01100163 -0.00742171 0.54117647 0.42352941 0.64313725
v 0.05868802 0.00907120 -0.00785934 0.54117647 0.42352941 0.64313725
v 0.05931938 0.00736858 -0.00736776 0.54117647 0.42352941 0.64313725
v 0.05920737 0.00817793 -0.00691215 0.54117647 0.42352941 0.64313725
v 0.05781736 0.01143927 -0.00784136 0.54117647 0.42352941 0.64313725
v 0.05700779 0.01239849 -0.00907031 0.54117647 0.42352941 0.64313725
v 0.05683977 0.01324980 -0.00837490 0.54117647 0.42352941 0.64313725
v 0.05663101 0.01389728 -0.00792529 0.54117647 0.42352941 0.64313725
v 0.05557195 0.01559390 -0.00820704 0.54117647 0.42352941 0.64313725
v 0.05526137 0.01625336 -0.00782337 0.54117647 0.42352941 0.64313725
v 0.05461982 0.01717661 -0.00785934 0.54117647 0.42352941 0.64313725
v 0.05436015 0.01803391 -0.00665437 0.54117647 0.42352941 0.64313725
v 0.05370333 0.01884925 -0.00670233 0.54117647 0.42352941 0.64313725
v 0.05332146 0.01945476 -0.00633065 0.54117647 0.42352941 0.64313725
v 0.05578580 0.01473060 -0.00907031 0.54117647 0.42352941 0.64313725
v 0.05212493 0.02067177 -0.00665437 0.54117647 0.42352941 0.64313725
v 0.04909032 0.02341753 -0.00667235 0.54117647 0.42352941 0.64313725
v 0.04954857 0.02293792 -0.00708600 0.54117647 0.42352941 0.64313725
v 0.04824002 0.02407700 -0.00665437 0.54117647 0.42352941 0.64313725
v 0.05151903 0.02127128 -0.00665437 0.54117647 0.42352941 0.64313725
v 0.05081638 0.02178086 -0.00725985 0.54117647 0.42352941 0.64313725
v 0.04737954 0.02432879 -0.00785934 0.54117647 0.42352941 0.64313725
v 0.04647323 0.02495828 -0.00776942 0.54117647 0.42352941 0.64313725
v 0.04578077 0.02529401 -0.00810513 0.54117647 0.42352941 0.64313725
v 0.04497629 0.02552782 -0.00881253 0.54117647 0.42352941 0.64313725
v 0.04260360 0.02673883 -0.00882452 0.54117647 0.42352941 0.64313725
v 0.04183985 0.02694866 -0.00916623 0.54117647 0.42352941 0.64313725
v 0.04046003 0.02753618 -0.00900436 0.54117647 0.42352941 0.64313725
v 0.03959445 0.02771604 -0.00935806 0.54117647 0.42352941 0.64313725
v 0.03878998 0.02784793 -0.00974174 0.54117647 0.42352941 0.64313725
v 0.03811279 0.02793786 -0.00999352 0.54117647 0.42352941 0.64313725
v 0.03698245 0.02808174 -0.01037719 0.54117647 0.42352941 0.64313725
v 0.03563826 0.02883113 -0.00898638 0.54117647 0.42352941 0.64313725
v 0.03569427 0.02838749 -0.01028128 0.54117647 0.42352941 0.64313725
v 0.04426347 0.02579160 -0.00916023 0.54117647 0.42352941 0.64313725
v 0.04298547 0.02643908 -0.00916623 0.54117647 0.42352941 0.64313725
v 0.03448756 0.02891506 -0.00929212 0.54117647 0.42352941 0.64313725
v 0.02366277 0.02913089 -0.00658243 0.54117647 0.42352941 0.64313725
v 0.02359658 0.02935271 -0.00544340 0.54117647 0.42352941 0.64313725
v 0.02268518 0.02912489 -0.00544340 0.54117647 0.42352941 0.64313725
v 0.02183997 0.02902298 -0.00471203 0.54117647 0.42352941 0.64313725
v 0.03327575 0.02898700 -0.00952592 0.54117647 0.42352941 0.64313725
v 0.03327575 0.02872921 -0.01028128 0.54117647 0.42352941 0.64313725
v 0.03203339 0.02886111 -0.01017337 0.54117647 0.42352941 0.64313725
v 0.03160570 0.02904096 -0.00969378 0.54117647 0.42352941 0.64313725
v 0.03085723 0.02883713 -0.01032324 0.54117647 0.42352941 0.64313725
v 0.03085723 0.02839349 -0.01149224 0.54117647 0.42352941 0.64313725
v 0.02964542 0.02838749 -0.01149224 0.54117647 0.42352941 0.64313725
v 0.02843871 0.02794985 -0.01236750 0.54117647 0.42352941 0.64313725
v 0.02722691 0.02789589 -0.01224160 0.54117647 0.42352941 0.64313725
v 0.02722691 0.02820764 -0.01149224 0.54117647 0.42352941 0.64313725
v 0.02605583 0.02802779 -0.01154620 0.54117647 0.42352941 0.64313725
v 0.02601510 0.02850740 -0.01028128 0.54117647 0.42352941 0.64313725
v 0.02593363 0.02890307 -0.00905832 0.54117647 0.42352941 0.64313725
v 0.02547030 0.02902897 -0.00843485 0.54117647 0.42352941 0.64313725
v 0.02480839 0.02896302 -0.00819506 0.54117647 0.42352941 0.64313725
v 0.02411083 0.02905895 -0.00733779 0.54117647 0.42352941 0.64313725
v 0.02117806 0.02866926 -0.00544340 0.54117647 0.42352941 0.64313725
v 0.01996626 0.02824960 -0.00544340 0.54117647 0.42352941 0.64313725
v 0.01912614 0.02792587 -0.00544340 0.54117647 0.42352941 0.64313725
v 0.01852024 0.02766808 -0.00544340 0.54117647 0.42352941 0.64313725
v 0.01747136 0.02690670 -0.00669034 0.54117647 0.42352941 0.64313725
v 0.01681454 0.02668488 -0.00631266 0.54117647 0.42352941 0.64313725
v 0.01603043 0.02645706 -0.00544340 0.54117647 0.42352941 0.64313725
v 0.00911601 0.02283001 -0.00416050 0.54117647 0.42352941 0.64313725
v 0.01762411 -0.02627606 -0.00901036 0.54117647 0.42352941 0.64313725
v 0.02068927 -0.02778683 -0.00833893 0.54117647 0.42352941 0.64313725
v 0.01918724 -0.02669572 -0.00987962 0.54117647 0.42352941 0.64313725
v 0.01996626 -0.02685159 -0.01028128 0.54117647 0.42352941 0.64313725
v 0.02117806 -0.02729523 -0.01028128 0.54117647 0.42352941 0.64313725
v 0.02112715 -0.02768491 -0.00913026 0.54117647 0.42352941 0.64313725
v 0.01838276 -0.02650987 -0.00937005 0.54117647 0.42352941 0.64313725
v 0.01595406 -0.02528087 -0.00933408 0.54117647 0.42352941 0.64313725
v 0.00911601 -0.02169578 -0.00819506 0.54117647 0.42352941 0.64313725
v 0.01676363 -0.02550868 -0.00993357 0.54117647 0.42352941 0.64313725
v 0.02359658 -0.02842231 -0.00907031 0.54117647 0.42352941 0.64313725
v 0.02367805 -0.02881799 -0.00777541 0.54117647 0.42352941 0.64313725
v 0.02149374 -0.02791872 -0.00876457 0.54117647 0.42352941 0.64313725
v 0.02233386 -0.02806261 -0.00913026 0.54117647 0.42352941 0.64313725
v 0.02480839 -0.02895588 -0.00816508 0.54117647 0.42352941 0.64313725
v 0.02843871 -0.02981918 -0.00665437 0.54117647 0.42352941 0.64313725
v 0.02550594 -0.02902182 -0.00841087 0.54117647 0.42352941 0.64313725
v 0.02631551 -0.02908777 -0.00863268 0.54117647 0.42352941 0.64313725
v 0.02843871 -0.02951942 -0.00785934 0.54117647 0.42352941 0.64313725
v 0.02722691 -0.02914173 -0.00881253 0.54117647 0.42352941 0.64313725
v 0.02964542 -0.02987913 -0.00665437 0.54117647 0.42352941 0.64313725
v 0.03085723 -0.02988512 -0.00665437 0.54117647 0.42352941 0.64313725
v 0.03206904 -0.02955539 -0.00785934 0.54117647 0.42352941 0.64313725
v 0.03327575 -0.02946546 -0.00785934 0.54117647 0.42352941 0.64313725
v 0.03448756 -0.02932158 -0.00785934 0.54117647 0.42352941 0.64313725
v 0.03561790 -0.02914772 -0.00785335 0.54117647 0.42352941 0.64313725
v 0.04085208 -0.02772088 -0.00785934 0.54117647 0.42352941 0.64313725
v 0.04174311 -0.02737317 -0.00785934 0.54117647 0.42352941 0.64313725
v 0.03811279 -0.02859617 -0.00785934 0.54117647 0.42352941 0.64313725
v 0.03924313 -0.02794270 -0.00898638 0.54117647 0.42352941 0.64313725
v 0.03997632 -0.02784678 -0.00852477 0.54117647 0.42352941 0.64313725
v 0.03596922 -0.02897986 -0.00825500 0.54117647 0.42352941 0.64313725
v 0.03691626 -0.02888993 -0.00785335 0.54117647 0.42352941 0.64313725
v 0.05416667 -0.01777497 -0.00785934 0.54117647 0.42352941 0.64313725
v 0.05449762 -0.01700160 -0.00859072 0.54117647 0.42352941 0.64313725
v 0.05356586 -0.01854834 -0.00785934 0.54117647 0.42352941 0.64313725
v 0.05476748 -0.01636012 -0.00902834 0.54117647 0.42352941 0.64313725
v 0.05541411 -0.01532896 -0.00907031 0.54117647 0.42352941 0.64313725
v 0.05673284 -0.01179783 -0.01054505 0.54117647 0.42352941 0.64313725
v 0.05648335 -0.01261317 -0.01019735 0.54117647 0.42352941 0.64313725
v 0.05584181 -0.01386615 -0.01017936 0.54117647 0.42352941 0.64313725
v 0.05691105 -0.01098849 -0.01098867 0.54117647 0.42352941 0.64313725
v 0.05702816 -0.01019713 -0.01143229 0.54117647 0.42352941 0.64313725
v 0.05740494 -0.00907005 -0.01149224 0.54117647 0.42352941 0.64313725
v 0.05781736 -0.00784105 -0.01143829 0.54117647 0.42352941 0.64313725
v 0.05796502 -0.00665401 -0.01183395 0.54117647 0.42352941 0.64313725
v 0.05805666 -0.00593460 -0.01204377 0.54117647 0.42352941 0.64313725
v 0.05832652 -0.00549695 -0.01158217 0.54117647 0.42352941 0.64313725
v 0.05858110 -0.00423198 -0.01149224 0.54117647 0.42352941 0.64313725
v 0.05566870 -0.01453760 -0.00970577 0.54117647 0.42352941 0.64313725
v 0.05873385 -0.00302097 -0.01149224 0.54117647 0.42352941 0.64313725
v 0.05883568 -0.00180995 -0.01149224 0.54117647 0.42352941 0.64313725
v 0.05889169 -0.00060493 -0.01149224 0.54117647 0.42352941 0.64313725
v 0.05921246 -0.00060493 -0.01068293 0.54117647 0.42352941 0.64313725
v 0.05921246 0.00060009 -0.01067694 0.54117647 0.42352941 0.64313725
v 0.05918700 0.00181110 -0.01061099 0.54117647 0.42352941 0.64313725
v 0.05935503 0.00302212 -0.00986163 0.54117647 0.42352941 0.64313725
v 0.05930920 0.00377750 -0.00974174 0.54117647 0.42352941 0.64313725
v 0.05924811 0.00458085 -0.00956189 0.54117647 0.42352941 0.64313725
v 0.05917682 0.00544415 -0.00932209 0.54117647 0.42352941 0.64313725
v 0.05929902 0.00610361 -0.00851278 0.54117647 0.42352941 0.64313725
v 0.05920737 0.00691295 -0.00817707 0.54117647 0.42352941 0.64313725
v 0.04736935 -0.02432165 -0.00785934 0.54117647 0.42352941 0.64313725
v 0.04797526 -0.02388400 -0.00785934 0.54117647 0.42352941 0.64313725
v 0.04877464 -0.02327850 -0.00785934 0.54117647 0.42352941 0.64313725
v 0.04937545 -0.02279889 -0.00785934 0.54117647 0.42352941 0.64313725
v 0.05068909 -0.02165981 -0.00785934 0.54117647 0.42352941 0.64313725
v 0.05131027 -0.02105430 -0.00785934 0.54117647 0.42352941 0.64313725
v 0.05008319 -0.02219338 -0.00785934 0.54117647 0.42352941 0.64313725
v 0.05191108 -0.02044880 -0.00785934 0.54117647 0.42352941 0.64313725
v 0.05246097 -0.01984329 -0.00785934 0.54117647 0.42352941 0.64313725
v 0.05306688 -0.01915385 -0.00785934 0.54117647 0.42352941 0.64313725
v 0.04258832 -0.02673169 -0.00880653 0.54117647 0.42352941 0.64313725
v 0.04339280 -0.02653984 -0.00820704 0.54117647 0.42352941 0.64313725
v 0.04409544 -0.02629404 -0.00782937 0.54117647 0.42352941 0.64313725
v 0.04537344 -0.02562259 -0.00775743 0.54117647 0.42352941 0.64313725
v 0.04577568 -0.02528686 -0.00809314 0.54117647 0.42352941 0.64313725
v 0.04721660 -0.02421973 -0.00852477 0.54117647 0.42352941 0.64313725
v 0.05801084 0.01070787 -0.00823102 0.54117647 0.42352941 0.64313725
v 0.05815850 0.00989853 -0.00872261 0.54117647 0.42352941 0.64313725
v 0.05908008 0.00780623 -0.00781138 0.54117647 0.42352941 0.64313725
v 0.05868802 0.00786018 -0.00907031 0.54117647 0.42352941 0.64313725
v 0.05830106 0.00910118 -0.00910028 0.54117647 0.42352941 0.64313725
v 0.05741003 0.01149323 -0.00907031 0.54117647 0.42352941 0.64313725
v 0.05689577 0.01215269 -0.00974773 0.54117647 0.42352941 0.64313725
v 0.05671757 0.01300400 -0.00907031 0.54117647 0.42352941 0.64313725
v 0.05624405 0.01390927 -0.00907031 0.54117647 0.42352941 0.64313725
v 0.05541920 0.01533611 -0.00907031 0.54117647 0.42352941 0.64313725
v 0.05477257 0.01636127 -0.00902834 0.54117647 0.42352941 0.64313725
v 0.05449762 0.01700874 -0.00859671 0.54117647 0.42352941 0.64313725
v 0.05417685 0.01778212 -0.00785934 0.54117647 0.42352941 0.64313725
v 0.05357095 0.01856148 -0.00785934 0.54117647 0.42352941 0.64313725
v 0.05319926 0.01931687 -0.00713396 0.54117647 0.42352941 0.64313725
v 0.05281230 0.01989839 -0.00670233 0.54117647 0.42352941 0.64313725
v 0.05566870 0.01453875 -0.00970577 0.54117647 0.42352941 0.64313725
v 0.05202819 0.02056985 -0.00726585 0.54117647 0.42352941 0.64313725
v 0.04878482 0.02329164 -0.00785934 0.54117647 0.42352941 0.64313725
v 0.05023594 0.02211659 -0.00774544 0.54117647 0.42352941 0.64313725
v 0.04939073 0.02280603 -0.00785934 0.54117647 0.42352941 0.64313725
v 0.04798544 0.02389714 -0.00785934 0.54117647 0.42352941 0.64313725
v 0.05065854 0.02162499 -0.00806916 0.54117647 0.42352941 0.64313725
v 0.05134591 0.02109742 -0.00766750 0.54117647 0.42352941 0.64313725
v 0.04722170 0.02422088 -0.00853077 0.54117647 0.42352941 0.64313725
v 0.04659034 0.02446668 -0.00898638 0.54117647 0.42352941 0.64313725
v 0.04537853 0.02516811 -0.00916023 0.54117647 0.42352941 0.64313725
v 0.04473190 0.02538393 -0.00961584 0.54117647 0.42352941 0.64313725
v 0.04230828 0.02660095 -0.00962783 0.54117647 0.42352941 0.64313725
v 0.04149872 0.02676281 -0.01005946 0.54117647 0.42352941 0.64313725
v 0.04063823 0.02696665 -0.01038918 0.54117647 0.42352941 0.64313725
v 0.03924313 0.02753019 -0.01019735 0.54117647 0.42352941 0.64313725
v 0.03811279 0.02772203 -0.01059900 0.54117647 0.42352941 0.64313725
v 0.03743560 0.02781196 -0.01083880 0.54117647 0.42352941 0.64313725
v 0.03663113 0.02790189 -0.01107260 0.54117647 0.42352941 0.64313725
v 0.03448756 0.02857934 -0.01028128 0.54117647 0.42352941 0.64313725
v 0.03569427 0.02799781 -0.01130041 0.54117647 0.42352941 0.64313725
v 0.04387141 0.02556978 -0.01028128 0.54117647 0.42352941 0.64313725
v 0.04295492 0.02603141 -0.01028128 0.54117647 0.42352941 0.64313725
v 0.02330127 0.02896302 -0.00693613 0.54117647 0.42352941 0.64313725
v 0.02292449 0.02905295 -0.00613281 0.54117647 0.42352941 0.64313725
v 0.02207928 0.02895103 -0.00544340 0.54117647 0.42352941 0.64313725
v 0.03327575 0.02826759 -0.01149224 0.54117647 0.42352941 0.64313725
v 0.03206904 0.02835752 -0.01149224 0.54117647 0.42352941 0.64313725
v 0.03206904 0.02796783 -0.01240946 0.54117647 0.42352941 0.64313725
v 0.03085723 0.02798582 -0.01245142 0.54117647 0.42352941 0.64313725
v 0.02964542 0.02797982 -0.01243943 0.54117647 0.42352941 0.64313725
v 0.02843871 0.02767407 -0.01297298 0.54117647 0.42352941 0.64313725
v 0.02722691 0.02761412 -0.01284709 0.54117647 0.42352941 0.64313725
v 0.02648862 0.02784793 -0.01214568 0.54117647 0.42352941 0.64313725
v 0.02480839 0.02794985 -0.01118051 0.54117647 0.42352941 0.64313725
v 0.02568414 0.02778199 -0.01198982 0.54117647 0.42352941 0.64313725
v 0.02480839 0.02828557 -0.01028128 0.54117647 0.42352941 0.64313725
v 0.02480839 0.02869924 -0.00907031 0.54117647 0.42352941 0.64313725
v 0.02359658 0.02843545 -0.00907031 0.54117647 0.42352941 0.64313725
v 0.02366277 0.02883113 -0.00778740 0.54117647 0.42352941 0.64313725
v 0.02117806 0.02841147 -0.00665437 0.54117647 0.42352941 0.64313725
v 0.01996116 0.02799781 -0.00659442 0.54117647 0.42352941 0.64313725
v 0.01929925 0.02785393 -0.00615679 0.54117647 0.42352941 0.64313725
v 0.01884101 0.02754817 -0.00659442 0.54117647 0.42352941 0.64313725
v 0.01783796 0.02676281 -0.00785934 0.54117647 0.42352941 0.64313725
v 0.01701312 0.02658296 -0.00712197 0.54117647 0.42352941 0.64313725
v 0.01638176 0.02635515 -0.00669034 0.54117647 0.42352941 0.64313725
v 0.00911601 0.02256023 -0.00544340 0.54117647 0.42352941 0.64313725
v 0.01749682 -0.02573050 -0.01031724 0.54117647 0.42352941 0.64313725
v 0.01877482 -0.02634800 -0.01028128 0.54117647 0.42352941 0.64313725
v 0.01955893 -0.02653984 -0.01068293 0.54117647 0.42352941 0.64313725
v 0.02036340 -0.02669572 -0.01107860 0.54117647 0.42352941 0.64313725
v 0.02121879 -0.02682161 -0.01148625 0.54117647 0.42352941 0.64313725
v 0.02238987 -0.02719331 -0.01149224 0.54117647 0.42352941 0.64313725
v 0.02233386 -0.02765494 -0.01029926 0.54117647 0.42352941 0.64313725
v 0.02189089 -0.02779283 -0.00957388 0.54117647 0.42352941 0.64313725
v 0.01635120 -0.02511900 -0.01031724 0.54117647 0.42352941 0.64313725
v 0.00911601 -0.02133607 -0.00907630 0.54117647 0.42352941 0.64313725
v 0.01705894 -0.02534681 -0.01074288 0.54117647 0.42352941 0.64313725
v 0.02480839 -0.02827243 -0.01028128 0.54117647 0.42352941 0.64313725
v 0.02480839 -0.02868610 -0.00907031 0.54117647 0.42352941 0.64313725
v 0.02269536 -0.02791273 -0.00990959 0.54117647 0.42352941 0.64313725
v 0.02363731 -0.02800865 -0.01029926 0.54117647 0.42352941 0.64313725
v 0.02595400 -0.02890192 -0.00905232 0.54117647 0.42352941 0.64313725
v 0.02722691 -0.02895588 -0.00941801 0.54117647 0.42352941 0.64313725
v 0.02843871 -0.02919568 -0.00899238 0.54117647 0.42352941 0.64313725
v 0.02955378 -0.02919568 -0.00919021 0.54117647 0.42352941 0.64313725
v 0.02964542 -0.02957937 -0.00785934 0.54117647 0.42352941 0.64313725
v 0.03085723 -0.02958537 -0.00785934 0.54117647 0.42352941 0.64313725
v 0.03085723 -0.02924365 -0.00907031 0.54117647 0.42352941 0.64313725
v 0.03199775 -0.02918369 -0.00916623 0.54117647 0.42352941 0.64313725
v 0.03327575 -0.02917170 -0.00890245 0.54117647 0.42352941 0.64313725
v 0.03448756 -0.02909976 -0.00866266 0.54117647 0.42352941 0.64313725
v 0.03516474 -0.02905180 -0.00851278 0.54117647 0.42352941 0.64313725
v 0.04043966 -0.02752904 -0.00898638 0.54117647 0.42352941 0.64313725
v 0.04182967 -0.02693552 -0.00915424 0.54117647 0.42352941 0.64313725
v 0.03690098 -0.02853622 -0.00907031 0.54117647 0.42352941 0.64313725
v 0.03811279 -0.02823646 -0.00907031 0.54117647 0.42352941 0.64313725
v 0.03878488 -0.02784678 -0.00973574 0.54117647 0.42352941 0.64313725
v 0.03959445 -0.02771489 -0.00933408 0.54117647 0.42352941 0.64313725
v 0.03561790 -0.02882399 -0.00897439 0.54117647 0.42352941 0.64313725
v 0.05338765 -0.01833252 -0.00884250 0.54117647 0.42352941 0.64313725
v 0.05433978 -0.01678578 -0.00940003 0.54117647 0.42352941 0.64313725
v 0.05386626 -0.01757114 -0.00912426 0.54117647 0.42352941 0.64313725
v 0.05461473 -0.01597643 -0.01007145 0.54117647 0.42352941 0.64313725
v 0.05591309 -0.01268511 -0.01146227 0.54117647 0.42352941 0.64313725
v 0.05651899 -0.01143213 -0.01143229 0.54117647 0.42352941 0.64313725
v 0.05572470 -0.01343450 -0.01103663 0.54117647 0.42352941 0.64313725
v 0.05673284 -0.01054485 -0.01179199 0.54117647 0.42352941 0.64313725
v 0.05689068 -0.00974150 -0.01214568 0.54117647 0.42352941 0.64313725
v 0.05700779 -0.00907005 -0.01239148 0.54117647 0.42352941 0.64313725
v 0.05718600 -0.00792498 -0.01278714 0.54117647 0.42352941 0.64313725
v 0.05757296 -0.00665401 -0.01270321 0.54117647 0.42352941 0.64313725
v 0.05785300 -0.00549695 -0.01265525 0.54117647 0.42352941 0.64313725
v 0.05813304 -0.00512526 -0.01221762 0.54117647 0.42352941 0.64313725
v 0.05707907 -0.00665401 -0.01371035 0.54117647 0.42352941 0.64313725
v 0.05820432 -0.00423198 -0.01237349 0.54117647 0.42352941 0.64313725
v 0.05828070 -0.00302097 -0.01255334 0.54117647 0.42352941 0.64313725
v 0.05505770 -0.01512513 -0.01029327 0.54117647 0.42352941 0.64313725
v 0.05550067 -0.01423785 -0.01050908 0.54117647 0.42352941 0.64313725
v 0.05828579 -0.00172602 -0.01279313 0.54117647 0.42352941 0.64313725
v 0.05808212 -0.00127039 -0.01331469 0.54117647 0.42352941 0.64313725
v 0.05837235 -0.00060493 -0.01270321 0.54117647 0.42352941 0.64313725
v 0.05889169 0.00060009 -0.01149224 0.54117647 0.42352941 0.64313725
v 0.05884077 0.00181110 -0.01149224 0.54117647 0.42352941 0.64313725
v 0.05873894 0.00302212 -0.01149224 0.54117647 0.42352941 0.64313725
v 0.05913609 0.00302212 -0.01046712 0.54117647 0.42352941 0.64313725
v 0.05908517 0.00419716 -0.01019735 0.54117647 0.42352941 0.64313725
v 0.05884077 0.00544415 -0.01028128 0.54117647 0.42352941 0.64313725
v 0.05858110 0.00664917 -0.01028128 0.54117647 0.42352941 0.64313725
v 0.05904444 0.00656524 -0.00897439 0.54117647 0.42352941 0.64313725
v 0.04856079 -0.02311663 -0.00880054 0.54117647 0.42352941 0.64313725
v 0.04897830 -0.02263702 -0.00915424 0.54117647 0.42352941 0.64313725
v 0.04981842 -0.02196556 -0.00907031 0.54117647 0.42352941 0.64313725
v 0.05042433 -0.02141401 -0.00907031 0.54117647 0.42352941 0.64313725
v 0.05106078 -0.02080850 -0.00907031 0.54117647 0.42352941 0.64313725
v 0.05166668 -0.02019101 -0.00907031 0.54117647 0.42352941 0.64313725
v 0.05223694 -0.01958550 -0.00907031 0.54117647 0.42352941 0.64313725
v 0.05291413 -0.01874019 -0.00917822 0.54117647 0.42352941 0.64313725
v 0.04229301 -0.02659380 -0.00960985 0.54117647 0.42352941 0.64313725
v 0.04297529 -0.02642594 -0.00915424 0.54117647 0.42352941 0.64313725
v 0.04424819 -0.02577846 -0.00914225 0.54117647 0.42352941 0.64313725
v 0.04497120 -0.02552067 -0.00878855 0.54117647 0.42352941 0.64313725
v 0.04537344 -0.02515497 -0.00914225 0.54117647 0.42352941 0.64313725
v 0.04658524 -0.02445954 -0.00898638 0.54117647 0.42352941 0.64313725
v 0.04699257 -0.02406386 -0.00932809 0.54117647 0.42352941 0.64313725
v 0.04779196 -0.02359024 -0.00906431 0.54117647 0.42352941 0.64313725
v 0.05788355 0.01029420 -0.00910028 0.54117647 0.42352941 0.64313725
v 0.05802611 0.00952683 -0.00952592 0.54117647 0.42352941 0.64313725
v 0.05827051 0.00784220 -0.01029327 0.54117647 0.42352941 0.64313725
v 0.05815850 0.00871749 -0.00989760 0.54117647 0.42352941 0.64313725
v 0.05746604 0.01028221 -0.01028128 0.54117647 0.42352941 0.64313725
v 0.05702816 0.01143328 -0.01020334 0.54117647 0.42352941 0.64313725
v 0.05691105 0.01098964 -0.01099467 0.54117647 0.42352941 0.64313725
v 0.05673284 0.01179898 -0.01055105 0.54117647 0.42352941 0.64313725
v 0.05648844 0.01261432 -0.01020334 0.54117647 0.42352941 0.64313725
v 0.05584690 0.01386730 -0.01017936 0.54117647 0.42352941 0.64313725
v 0.05461982 0.01598358 -0.01007745 0.54117647 0.42352941 0.64313725
v 0.05434487 0.01678693 -0.00940602 0.54117647 0.42352941 0.64313725
v 0.05323490 0.01814182 -0.00966980 0.54117647 0.42352941 0.64313725
v 0.05339274 0.01833966 -0.00886049 0.54117647 0.42352941 0.64313725
v 0.05307706 0.01916699 -0.00785934 0.54117647 0.42352941 0.64313725
v 0.05238460 0.01998832 -0.00774544 0.54117647 0.42352941 0.64313725
v 0.05506279 0.01513227 -0.01029327 0.54117647 0.42352941 0.64313725
v 0.05550577 0.01424499 -0.01051508 0.54117647 0.42352941 0.64313725
v 0.05187544 0.02041398 -0.00806916 0.54117647 0.42352941 0.64313725
v 0.04857098 0.02311778 -0.00880653 0.54117647 0.42352941 0.64313725
v 0.04982861 0.02197271 -0.00907031 0.54117647 0.42352941 0.64313725
v 0.04898340 0.02264416 -0.00915424 0.54117647 0.42352941 0.64313725
v 0.05107096 0.02082165 -0.00907031 0.54117647 0.42352941 0.64313725
v 0.05043451 0.02142116 -0.00907031 0.54117647 0.42352941 0.64313725
v 0.04779196 0.02359739 -0.00907031 0.54117647 0.42352941 0.64313725
v 0.04699766 0.02407100 -0.00933408 0.54117647 0.42352941 0.64313725
v 0.04619319 0.02434078 -0.01002350 0.54117647 0.42352941 0.64313725
v 0.04547018 0.02464054 -0.01037120 0.54117647 0.42352941 0.64313725
v 0.04447731 0.02525204 -0.01028128 0.54117647 0.42352941 0.64313725
v 0.04111685 0.02660694 -0.01086278 0.54117647 0.42352941 0.64313725
v 0.04289382 0.02558777 -0.01140831 0.54117647 0.42352941 0.64313725
v 0.04174311 0.02607337 -0.01149224 0.54117647 0.42352941 0.64313725
v 0.04183985 0.02649303 -0.01038918 0.54117647 0.42352941 0.64313725
v 0.04030728 0.02676281 -0.01122847 0.54117647 0.42352941 0.64313725
v 0.03939588 0.02693667 -0.01157617 0.54117647 0.42352941 0.64313725
v 0.03811279 0.02736233 -0.01149224 0.54117647 0.42352941 0.64313725
v 0.03698245 0.02765009 -0.01148625 0.54117647 0.42352941 0.64313725
v 0.03569427 0.02774601 -0.01190589 0.54117647 0.42352941 0.64313725
v 0.03498144 0.02781196 -0.01206176 0.54117647 0.42352941 0.64313725
v 0.03453847 0.02806376 -0.01158816 0.54117647 0.42352941 0.64313725
v 0.04361174 0.02543789 -0.01095270 0.54117647 0.42352941 0.64313725
v 0.02238987 0.02847742 -0.00785934 0.54117647 0.42352941 0.64313725
v 0.02247133 0.02881914 -0.00658243 0.54117647 0.42352941 0.64313725
v 0.03417188 0.02786592 -0.01218765 0.54117647 0.42352941 0.64313725
v 0.03327575 0.02791987 -0.01230755 0.54117647 0.42352941 0.64313725
v 0.03206904 0.02769206 -0.01301494 0.54117647 0.42352941 0.64313725
v 0.03085723 0.02771004 -0.01305691 0.54117647 0.42352941 0.64313725
v 0.02964542 0.02770405 -0.01304492 0.54117647 0.42352941 0.64313725
v 0.02964542 0.02727839 -0.01391418 0.54117647 0.42352941 0.64313725
v 0.02843871 0.02721245 -0.01391418 0.54117647 0.42352941 0.64313725
v 0.02722691 0.02709854 -0.01391418 0.54117647 0.42352941 0.64313725
v 0.02605583 0.02756016 -0.01261329 0.54117647 0.42352941 0.64313725
v 0.02403446 0.02786592 -0.01098268 0.54117647 0.42352941 0.64313725
v 0.02480839 0.02769805 -0.01178599 0.54117647 0.42352941 0.64313725
v 0.02480839 0.02728439 -0.01270321 0.54117647 0.42352941 0.64313725
v 0.02361695 0.02801579 -0.01031125 0.54117647 0.42352941 0.64313725
v 0.02269536 0.02791388 -0.00992158 0.54117647 0.42352941 0.64313725
v 0.02232877 0.02807575 -0.00913625 0.54117647 0.42352941 0.64313725
v 0.02110678 0.02806376 -0.00791929 0.54117647 0.42352941 0.64313725
v 0.02035831 0.02790788 -0.00755960 0.54117647 0.42352941 0.64313725
v 0.01954874 0.02775801 -0.00696011 0.54117647 0.42352941 0.64313725
v 0.01875954 0.02717648 -0.00785934 0.54117647 0.42352941 0.64313725
v 0.01806708 0.02665490 -0.00858472 0.54117647 0.42352941 0.64313725
v 0.01723205 0.02647505 -0.00785934 0.54117647 0.42352941 0.64313725
v 0.01633593 0.02600143 -0.00785934 0.54117647 0.42352941 0.64313725
v 0.01551109 0.02553981 -0.00785934 0.54117647 0.42352941 0.64313725
v 0.00911601 0.02222450 -0.00670233 0.54117647 0.42352941 0.64313725
v 0.01786342 -0.02555065 -0.01119849 0.54117647 0.42352941 0.64313725
v 0.01868826 -0.02577247 -0.01155819 0.54117647 0.42352941 0.64313725
v 0.01996626 -0.02635999 -0.01148625 0.54117647 0.42352941 0.64313725
v 0.02084711 -0.02652186 -0.01188191 0.54117647 0.42352941 0.64313725
v 0.02165158 -0.02665975 -0.01219364 0.54117647 0.42352941 0.64313725
v 0.02363731 -0.02756501 -0.01142030 0.54117647 0.42352941 0.64313725
v 0.02326053 -0.02776285 -0.01071890 0.54117647 0.42352941 0.64313725
v 0.02238987 -0.02677965 -0.01244543 0.54117647 0.42352941 0.64313725
v 0.01555691 -0.02430966 -0.01113255 0.54117647 0.42352941 0.64313725
v 0.00911601 -0.02077853 -0.01029926 0.54117647 0.42352941 0.64313725
v 0.01629520 -0.02456745 -0.01151622 0.54117647 0.42352941 0.64313725
v 0.01666689 -0.02435762 -0.01239747 0.54117647 0.42352941 0.64313725
v 0.01749682 -0.02519694 -0.01155819 0.54117647 0.42352941 0.64313725
v 0.02601510 -0.02849426 -0.01028128 0.54117647 0.42352941 0.64313725
v 0.02406501 -0.02785877 -0.01097069 0.54117647 0.42352941 0.64313725
v 0.02480839 -0.02793671 -0.01115653 0.54117647 0.42352941 0.64313725
v 0.02843871 -0.02900983 -0.00959186 0.54117647 0.42352941 0.64313725
v 0.02722691 -0.02865612 -0.01028128 0.54117647 0.42352941 0.64313725
v 0.02909044 -0.02903381 -0.00966980 0.54117647 0.42352941 0.64313725
v 0.02990001 -0.02904581 -0.00970577 0.54117647 0.42352941 0.64313725
v 0.03085723 -0.02904581 -0.00970577 0.54117647 0.42352941 0.64313725
v 0.03154460 -0.02903981 -0.00968778 0.54117647 0.42352941 0.64313725
v 0.03235417 -0.02902182 -0.00963383 0.54117647 0.42352941 0.64313725
v 0.03327575 -0.02898585 -0.00950793 0.54117647 0.42352941 0.64313725
v 0.03448756 -0.02891391 -0.00926814 0.54117647 0.42352941 0.64313725
v 0.04063823 -0.02695950 -0.01038319 0.54117647 0.42352941 0.64313725
v 0.04148853 -0.02676166 -0.01005347 0.54117647 0.42352941 0.64313725
v 0.03569427 -0.02836836 -0.01028128 0.54117647 0.42352941 0.64313725
v 0.03696208 -0.02807460 -0.01036520 0.54117647 0.42352941 0.64313725
v 0.03811279 -0.02793671 -0.00997554 0.54117647 0.42352941 0.64313725
v 0.03811279 -0.02770889 -0.01058102 0.54117647 0.42352941 0.64313725
v 0.03924313 -0.02752304 -0.01019735 0.54117647 0.42352941 0.64313725
v 0.05322472 -0.01813468 -0.00965181 0.54117647 0.42352941 0.64313725
v 0.05420740 -0.01636012 -0.01039518 0.54117647 0.42352941 0.64313725
v 0.05355058 -0.01734932 -0.01028128 0.54117647 0.42352941 0.64313725
v 0.05444161 -0.01571864 -0.01087477 0.54117647 0.42352941 0.64313725
v 0.05554140 -0.01308079 -0.01184594 0.54117647 0.42352941 0.64313725
v 0.05574507 -0.01227145 -0.01227158 0.54117647 0.42352941 0.64313725
v 0.05591309 -0.01146210 -0.01268522 0.54117647 0.42352941 0.64313725
v 0.05528683 -0.01386615 -0.01146227 0.54117647 0.42352941 0.64313725
v 0.05648335 -0.01019713 -0.01261329 0.54117647 0.42352941 0.64313725
v 0.05671248 -0.00907005 -0.01299696 0.54117647 0.42352941 0.64313725
v 0.05683467 -0.00836862 -0.01324275 0.54117647 0.42352941 0.64313725
v 0.05695687 -0.00755928 -0.01348254 0.54117647 0.42352941 0.64313725
v 0.05718091 -0.00550295 -0.01401009 0.54117647 0.42352941 0.64313725
v 0.05792428 -0.00423198 -0.01297897 0.54117647 0.42352941 0.64313725
v 0.05675830 -0.00665401 -0.01431583 0.54117647 0.42352941 0.64313725
v 0.05684486 -0.00594659 -0.01447770 0.54117647 0.42352941 0.64313725
v 0.05801084 -0.00302097 -0.01315882 0.54117647 0.42352941 0.64313725
v 0.05805666 -0.00207374 -0.01326073 0.54117647 0.42352941 0.64313725
v 0.05467583 -0.01488532 -0.01149224 0.54117647 0.42352941 0.64313725
v 0.05780208 -0.00172602 -0.01379428 0.54117647 0.42352941 0.64313725
v 0.05714526 -0.00180995 -0.01500525 0.54117647 0.42352941 0.64313725
v 0.05777662 -0.00060493 -0.01393816 0.54117647 0.42352941 0.64313725
v 0.05808721 -0.00060493 -0.01333267 0.54117647 0.42352941 0.64313725
v 0.05809231 0.00060009 -0.01333267 0.54117647 0.42352941 0.64313725
v 0.05837235 0.00060009 -0.01270321 0.54117647 0.42352941 0.64313725
v 0.05808212 0.00127754 -0.01331469 0.54117647 0.42352941 0.64313725
v 0.05828579 0.00173317 -0.01279313 0.54117647 0.42352941 0.64313725
v 0.05805666 0.00208688 -0.01326073 0.54117647 0.42352941 0.64313725
v 0.05828070 0.00302212 -0.01255933 0.54117647 0.42352941 0.64313725
v 0.05820432 0.00423313 -0.01237949 0.54117647 0.42352941 0.64313725
v 0.05858110 0.00423313 -0.01149224 0.54117647 0.42352941 0.64313725
v 0.05832652 0.00549810 -0.01158217 0.54117647 0.42352941 0.64313725
v 0.05805666 0.00593575 -0.01204977 0.54117647 0.42352941 0.64313725
v 0.05821959 0.00664917 -0.01123446 0.54117647 0.42352941 0.64313725
v 0.05812286 0.00742254 -0.01100066 0.54117647 0.42352941 0.64313725
v 0.04836222 -0.02296075 -0.00960985 0.54117647 0.42352941 0.64313725
v 0.04965549 -0.02182168 -0.00977171 0.54117647 0.42352941 0.64313725
v 0.05089275 -0.02064064 -0.00983166 0.54117647 0.42352941 0.64313725
v 0.05208419 -0.01941764 -0.00979569 0.54117647 0.42352941 0.64313725
v 0.04182967 -0.02648589 -0.01038319 0.54117647 0.42352941 0.64313725
v 0.04295492 -0.02601827 -0.01028128 0.54117647 0.42352941 0.64313725
v 0.04385614 -0.02556264 -0.01028128 0.54117647 0.42352941 0.64313725
v 0.04471153 -0.02537679 -0.00959186 0.54117647 0.42352941 0.64313725
v 0.04618301 -0.02433364 -0.01000551 0.54117647 0.42352941 0.64313725
v 0.04658524 -0.02391398 -0.01035921 0.54117647 0.42352941 0.64313725
v 0.04755774 -0.02326051 -0.01028128 0.54117647 0.42352941 0.64313725
v 0.05788355 0.00910118 -0.01029327 0.54117647 0.42352941 0.64313725
v 0.05801084 0.00823188 -0.01070691 0.54117647 0.42352941 0.64313725
v 0.05703325 0.01020428 -0.01143229 0.54117647 0.42352941 0.64313725
v 0.05673284 0.01055799 -0.01179798 0.54117647 0.42352941 0.64313725
v 0.05651899 0.01143328 -0.01143229 0.54117647 0.42352941 0.64313725
v 0.05591819 0.01269225 -0.01146826 0.54117647 0.42352941 0.64313725
v 0.05572980 0.01343565 -0.01104263 0.54117647 0.42352941 0.64313725
v 0.05444671 0.01572579 -0.01088076 0.54117647 0.42352941 0.64313725
v 0.05421758 0.01636127 -0.01040117 0.54117647 0.42352941 0.64313725
v 0.05355567 0.01735646 -0.01028128 0.54117647 0.42352941 0.64313725
v 0.05309233 0.01796197 -0.01028128 0.54117647 0.42352941 0.64313725
v 0.05243042 0.01878330 -0.01023332 0.54117647 0.42352941 0.64313725
v 0.05208419 0.01942478 -0.00980168 0.54117647 0.42352941 0.64313725
v 0.05291922 0.01874733 -0.00919021 0.54117647 0.42352941 0.64313725
v 0.05224203 0.01959264 -0.00907031 0.54117647 0.42352941 0.64313725
v 0.05529191 0.01386730 -0.01146826 0.54117647 0.42352941 0.64313725
v 0.05468092 0.01489247 -0.01149224 0.54117647 0.42352941 0.64313725
v 0.05167177 0.02019815 -0.00907031 0.54117647 0.42352941 0.64313725
v 0.04836222 0.02296190 -0.00961584 0.54117647 0.42352941 0.64313725
v 0.04966058 0.02182283 -0.00978370 0.54117647 0.42352941 0.64313725
v 0.05089785 0.02064779 -0.00984365 0.54117647 0.42352941 0.64313725
v 0.04659034 0.02392112 -0.01037120 0.54117647 0.42352941 0.64313725
v 0.04756793 0.02326766 -0.01028128 0.54117647 0.42352941 0.64313725
v 0.04593861 0.02417292 -0.01083281 0.54117647 0.42352941 0.64313725
v 0.04506794 0.02437675 -0.01149224 0.54117647 0.42352941 0.64313725
v 0.04063823 0.02648704 -0.01157617 0.54117647 0.42352941 0.64313725
v 0.04244576 0.02545588 -0.01219964 0.54117647 0.42352941 0.64313725
v 0.04165147 0.02558177 -0.01264326 0.54117647 0.42352941 0.64313725
v 0.03984903 0.02658896 -0.01203778 0.54117647 0.42352941 0.64313725
v 0.03904455 0.02672684 -0.01232553 0.54117647 0.42352941 0.64313725
v 0.03804660 0.02682876 -0.01272119 0.54117647 0.42352941 0.64313725
v 0.03690098 0.02712852 -0.01270321 0.54117647 0.42352941 0.64313725
v 0.03569427 0.02738631 -0.01270321 0.54117647 0.42352941 0.64313725
v 0.03459448 0.02692468 -0.01402808 0.54117647 0.42352941 0.64313725
v 0.03453847 0.02760813 -0.01263127 0.54117647 0.42352941 0.64313725
v 0.04407508 0.02497027 -0.01140831 0.54117647 0.42352941 0.64313725
v 0.04325532 0.02525204 -0.01175602 0.54117647 0.42352941 0.64313725
v 0.02146319 0.02793186 -0.00877656 0.54117647 0.42352941 0.64313725
v 0.02065872 0.02779997 -0.00836291 0.54117647 0.42352941 0.64313725
v 0.03327575 0.02764410 -0.01291303 0.54117647 0.42352941 0.64313725
v 0.03327575 0.02715250 -0.01391418 0.54117647 0.42352941 0.64313725
v 0.03206904 0.02724842 -0.01391418 0.54117647 0.42352941 0.64313725
v 0.03085723 0.02729038 -0.01391418 0.54117647 0.42352941 0.64313725
v 0.02964542 0.02679878 -0.01483139 0.54117647 0.42352941 0.64313725
v 0.02843871 0.02676281 -0.01477145 0.54117647 0.42352941 0.64313725
v 0.02722691 0.02670286 -0.01466953 0.54117647 0.42352941 0.64313725
v 0.02641734 0.02665490 -0.01457961 0.54117647 0.42352941 0.64313725
v 0.02601510 0.02688272 -0.01399211 0.54117647 0.42352941 0.64313725
v 0.02361695 0.02757815 -0.01143229 0.54117647 0.42352941 0.64313725
v 0.02322998 0.02777000 -0.01073089 0.54117647 0.42352941 0.64313725
v 0.02351511 0.02693667 -0.01280512 0.54117647 0.42352941 0.64313725
v 0.02480839 0.02680478 -0.01368637 0.54117647 0.42352941 0.64313725
v 0.02386644 0.02670286 -0.01347655 0.54117647 0.42352941 0.64313725
v 0.02232877 0.02766208 -0.01031125 0.54117647 0.42352941 0.64313725
v 0.02188580 0.02779398 -0.00958587 0.54117647 0.42352941 0.64313725
v 0.01996116 0.02765609 -0.00791929 0.54117647 0.42352941 0.64313725
v 0.01876463 0.02682276 -0.00902235 0.54117647 0.42352941 0.64313725
v 0.01836749 0.02651701 -0.00939403 0.54117647 0.42352941 0.64313725
v 0.01761393 0.02628920 -0.00902235 0.54117647 0.42352941 0.64313725
v 0.01634102 0.02563573 -0.00899837 0.54117647 0.42352941 0.64313725
v 0.01568929 0.02543190 -0.00854276 0.54117647 0.42352941 0.64313725
v 0.00911601 0.02191875 -0.00763753 0.54117647 0.42352941 0.64313725
v 0.01824020 -0.02536480 -0.01200780 0.54117647 0.42352941 0.64313725
v 0.01904467 -0.02555065 -0.01239148 0.54117647 0.42352941 0.64313725
v 0.01992552 -0.02574849 -0.01275716 0.54117647 0.42352941 0.64313725
v 0.02121879 -0.02630004 -0.01263727 0.54117647 0.42352941 0.64313725
v 0.02238987 -0.02649788 -0.01305091 0.54117647 0.42352941 0.64313725
v 0.02480839 -0.02769091 -0.01176201 0.54117647 0.42352941 0.64313725
v 0.02351511 -0.02692953 -0.01280512 0.54117647 0.42352941 0.64313725
v 0.02305687 -0.02659979 -0.01327272 0.54117647 0.42352941 0.64313725
v 0.01586241 -0.02411781 -0.01193586 0.54117647 0.42352941 0.64313725
v 0.00911601 -0.02052673 -0.01080283 0.54117647 0.42352941 0.64313725
v 0.01629520 -0.02394395 -0.01276316 0.54117647 0.42352941 0.64313725
v 0.01704367 -0.02414179 -0.01320678 0.54117647 0.42352941 0.64313725
v 0.01748664 -0.02460342 -0.01276316 0.54117647 0.42352941 0.64313725
v 0.02607111 -0.02801464 -0.01154020 0.54117647 0.42352941 0.64313725
v 0.02651408 -0.02784678 -0.01213969 0.54117647 0.42352941 0.64313725
v 0.02570451 -0.02777484 -0.01197183 0.54117647 0.42352941 0.64313725
v 0.02843871 -0.02876403 -0.01028128 0.54117647 0.42352941 0.64313725
v 0.02722691 -0.02818850 -0.01149224 0.54117647 0.42352941 0.64313725
v 0.02843871 -0.02830241 -0.01149224 0.54117647 0.42352941 0.64313725
v 0.02955378 -0.02886595 -0.01017936 0.54117647 0.42352941 0.64313725
v 0.03085723 -0.02882399 -0.01031125 0.54117647 0.42352941 0.64313725
v 0.03199775 -0.02884797 -0.01016737 0.54117647 0.42352941 0.64313725
v 0.03327575 -0.02871008 -0.01028128 0.54117647 0.42352941 0.64313725
v 0.03448756 -0.02856020 -0.01028128 0.54117647 0.42352941 0.64313725
v 0.04030219 -0.02675567 -0.01121048 0.54117647 0.42352941 0.64313725
v 0.04110666 -0.02660579 -0.01085678 0.54117647 0.42352941 0.64313725
v 0.03452320 -0.02805661 -0.01158217 0.54117647 0.42352941 0.64313725
v 0.03569427 -0.02798467 -0.01128242 0.54117647 0.42352941 0.64313725
v 0.03659549 -0.02789474 -0.01106061 0.54117647 0.42352941 0.64313725
v 0.03740505 -0.02780482 -0.01082082 0.54117647 0.42352941 0.64313725
v 0.03811279 -0.02733720 -0.01149224 0.54117647 0.42352941 0.64313725
v 0.03938060 -0.02692353 -0.01156418 0.54117647 0.42352941 0.64313725
v 0.05242533 -0.01877616 -0.01023332 0.54117647 0.42352941 0.64313725
v 0.05308215 -0.01795483 -0.01028128 0.54117647 0.42352941 0.64313725
v 0.05335710 -0.01709153 -0.01112655 0.54117647 0.42352941 0.64313725
v 0.05367278 -0.01638410 -0.01151023 0.54117647 0.42352941 0.64313725
v 0.05429396 -0.01548483 -0.01149224 0.54117647 0.42352941 0.64313725
v 0.05532246 -0.01268511 -0.01268522 0.54117647 0.42352941 0.64313725
v 0.05450271 -0.01460954 -0.01220563 0.54117647 0.42352941 0.64313725
v 0.05470128 -0.01387214 -0.01264326 0.54117647 0.42352941 0.64313725
v 0.05452817 -0.01344049 -0.01344058 0.54117647 0.42352941 0.64313725
v 0.05554140 -0.01184579 -0.01308089 0.54117647 0.42352941 0.64313725
v 0.05572470 -0.01103645 -0.01343459 0.54117647 0.42352941 0.64313725
v 0.05584181 -0.01017915 -0.01386622 0.54117647 0.42352941 0.64313725
v 0.05623386 -0.00907005 -0.01391418 0.54117647 0.42352941 0.64313725
v 0.05662592 -0.00792498 -0.01389619 0.54117647 0.42352941 0.64313725
v 0.05693142 -0.00513725 -0.01462757 0.54117647 0.42352941 0.64313725
v 0.05746095 -0.00423198 -0.01391418 0.54117647 0.42352941 0.64313725
v 0.05629496 -0.00665401 -0.01511915 0.54117647 0.42352941 0.64313725
v 0.05594364 -0.00781707 -0.01516111 0.54117647 0.42352941 0.64313725
v 0.05580107 -0.00665401 -0.01594644 0.54117647 0.42352941 0.64313725
v 0.05659537 -0.00550295 -0.01506519 0.54117647 0.42352941 0.64313725
v 0.05762897 -0.00302097 -0.01391418 0.54117647 0.42352941 0.64313725
v 0.05679904 -0.00180995 -0.01561073 0.54117647 0.42352941 0.64313725
v 0.05682959 -0.00060493 -0.01565869 0.54117647 0.42352941 0.64313725
v 0.05717072 -0.00060493 -0.01505320 0.54117647 0.42352941 0.64313725
v 0.05708926 -0.00302097 -0.01490933 0.54117647 0.42352941 0.64313725
v 0.05777662 0.00060009 -0.01393816 0.54117647 0.42352941 0.64313725
v 0.05714526 0.00181110 -0.01500525 0.54117647 0.42352941 0.64313725
v 0.05780208 0.00173317 -0.01379428 0.54117647 0.42352941 0.64313725
v 0.05762897 0.00302212 -0.01391418 0.54117647 0.42352941 0.64313725
v 0.05801084 0.00302212 -0.01315882 0.54117647 0.42352941 0.64313725
v 0.05792938 0.00423313 -0.01298497 0.54117647 0.42352941 0.64313725
v 0.05813304 0.00513240 -0.01221762 0.54117647 0.42352941 0.64313725
v 0.05757805 0.00664917 -0.01270321 0.54117647 0.42352941 0.64313725
v 0.05797011 0.00664917 -0.01183995 0.54117647 0.42352941 0.64313725
v 0.05785809 0.00549810 -0.01265525 0.54117647 0.42352941 0.64313725
v 0.05781736 0.00784220 -0.01143829 0.54117647 0.42352941 0.64313725
v 0.04816365 -0.02281088 -0.01028128 0.54117647 0.42352941 0.64313725
v 0.04902413 -0.02214542 -0.01021533 0.54117647 0.42352941 0.64313725
v 0.04944164 -0.02162984 -0.01057502 0.54117647 0.42352941 0.64313725
v 0.05016975 -0.02113824 -0.01020334 0.54117647 0.42352941 0.64313725
v 0.05068400 -0.02043681 -0.01064097 0.54117647 0.42352941 0.64313725
v 0.05138664 -0.01992722 -0.01021533 0.54117647 0.42352941 0.64313725
v 0.05188562 -0.01920181 -0.01060500 0.54117647 0.42352941 0.64313725
v 0.04174311 -0.02606023 -0.01149224 0.54117647 0.42352941 0.64313725
v 0.04288364 -0.02558062 -0.01140232 0.54117647 0.42352941 0.64313725
v 0.04360665 -0.02543074 -0.01094071 0.54117647 0.42352941 0.64313725
v 0.04445695 -0.02523890 -0.01028128 0.54117647 0.42352941 0.64313725
v 0.04546000 -0.02462740 -0.01035921 0.54117647 0.42352941 0.64313725
v 0.04592333 -0.02416577 -0.01081482 0.54117647 0.42352941 0.64313725
v 0.04731335 -0.02308066 -0.01107860 0.54117647 0.42352941 0.64313725
v 0.05741003 0.00907120 -0.01149224 0.54117647 0.42352941 0.64313725
v 0.05689577 0.00974865 -0.01215767 0.54117647 0.42352941 0.64313725
v 0.05591819 0.01146925 -0.01269122 0.54117647 0.42352941 0.64313725
v 0.05648844 0.01020428 -0.01261329 0.54117647 0.42352941 0.64313725
v 0.05575016 0.01227859 -0.01227757 0.54117647 0.42352941 0.64313725
v 0.05554140 0.01308194 -0.01185194 0.54117647 0.42352941 0.64313725
v 0.05429905 0.01549797 -0.01149224 0.54117647 0.42352941 0.64313725
v 0.05367787 0.01638525 -0.01152222 0.54117647 0.42352941 0.64313725
v 0.05336219 0.01709867 -0.01113255 0.54117647 0.42352941 0.64313725
v 0.05219112 0.01833966 -0.01149224 0.54117647 0.42352941 0.64313725
v 0.05189071 0.01920296 -0.01061099 0.54117647 0.42352941 0.64313725
v 0.05139682 0.01993437 -0.01022732 0.54117647 0.42352941 0.64313725
v 0.05450780 0.01461669 -0.01221163 0.54117647 0.42352941 0.64313725
v 0.04902413 0.02214657 -0.01022133 0.54117647 0.42352941 0.64313725
v 0.04817383 0.02281203 -0.01028128 0.54117647 0.42352941 0.64313725
v 0.04944164 0.02163099 -0.01058701 0.54117647 0.42352941 0.64313725
v 0.05017993 0.02113939 -0.01021533 0.54117647 0.42352941 0.64313725
v 0.05069418 0.02044395 -0.01065296 0.54117647 0.42352941 0.64313725
v 0.04732353 0.02308780 -0.01109059 0.54117647 0.42352941 0.64313725
v 0.04480827 0.02422088 -0.01214568 0.54117647 0.42352941 0.64313725
v 0.04661579 0.02338156 -0.01149224 0.54117647 0.42352941 0.64313725
v 0.04623901 0.02316574 -0.01243344 0.54117647 0.42352941 0.64313725
v 0.04567384 0.02401105 -0.01149224 0.54117647 0.42352941 0.64313725
v 0.04053131 0.02600743 -0.01270321 0.54117647 0.42352941 0.64313725
v 0.04289382 0.02500624 -0.01264326 0.54117647 0.42352941 0.64313725
v 0.04199260 0.02525204 -0.01300295 0.54117647 0.42352941 0.64313725
v 0.04118813 0.02542590 -0.01334466 0.54117647 0.42352941 0.64313725
v 0.03939588 0.02641510 -0.01272119 0.54117647 0.42352941 0.64313725
v 0.03840810 0.02652900 -0.01313484 0.54117647 0.42352941 0.64313725
v 0.03759854 0.02664291 -0.01335665 0.54117647 0.42352941 0.64313725
v 0.03569427 0.02685874 -0.01378828 0.54117647 0.42352941 0.64313725
v 0.03690098 0.02672684 -0.01352451 0.54117647 0.42352941 0.64313725
v 0.03506800 0.02661294 -0.01450767 0.54117647 0.42352941 0.64313725
v 0.03426352 0.02667289 -0.01460958 0.54117647 0.42352941 0.64313725
v 0.04409035 0.02438275 -0.01260729 0.54117647 0.42352941 0.64313725
v 0.02110678 0.02769206 -0.00913625 0.54117647 0.42352941 0.64313725
v 0.01996626 0.02730237 -0.00907031 0.54117647 0.42352941 0.64313725
v 0.03327575 0.02673284 -0.01472349 0.54117647 0.42352941 0.64313725
v 0.03206904 0.02678080 -0.01480742 0.54117647 0.42352941 0.64313725
v 0.03085723 0.02679878 -0.01483739 0.54117647 0.42352941 0.64313725
v 0.03085723 0.02645107 -0.01544287 0.54117647 0.42352941 0.64313725
v 0.02964542 0.02644507 -0.01543688 0.54117647 0.42352941 0.64313725
v 0.02843871 0.02641510 -0.01537693 0.54117647 0.42352941 0.64313725
v 0.02722691 0.02635515 -0.01527502 0.54117647 0.42352941 0.64313725
v 0.02601510 0.02565971 -0.01612629 0.54117647 0.42352941 0.64313725
v 0.02601510 0.02631318 -0.01504122 0.54117647 0.42352941 0.64313725
v 0.02560777 0.02658296 -0.01444772 0.54117647 0.42352941 0.64313725
v 0.02238987 0.02678679 -0.01245742 0.54117647 0.42352941 0.64313725
v 0.02238987 0.02721245 -0.01149224 0.54117647 0.42352941 0.64313725
v 0.02305687 0.02660095 -0.01327272 0.54117647 0.42352941 0.64313725
v 0.02480839 0.02649903 -0.01428586 0.54117647 0.42352941 0.64313725
v 0.02351511 0.02639711 -0.01389020 0.54117647 0.42352941 0.64313725
v 0.02120352 0.02683475 -0.01149224 0.54117647 0.42352941 0.64313725
v 0.02117806 0.02730237 -0.01028128 0.54117647 0.42352941 0.64313725
v 0.01917705 0.02669687 -0.00989161 0.54117647 0.42352941 0.64313725
v 0.01876463 0.02635515 -0.01028727 0.54117647 0.42352941 0.64313725
v 0.01749173 0.02574364 -0.01032324 0.54117647 0.42352941 0.64313725
v 0.01674326 0.02551583 -0.00994556 0.54117647 0.42352941 0.64313725
v 0.01593878 0.02529401 -0.00934607 0.54117647 0.42352941 0.64313725
v 0.00911601 0.02168494 -0.00826699 0.54117647 0.42352941 0.64313725
v 0.01868826 -0.02520293 -0.01275716 0.54117647 0.42352941 0.64313725
v 0.01949273 -0.02535281 -0.01320079 0.54117647 0.42352941 0.64313725
v 0.02030230 -0.02552067 -0.01351851 0.54117647 0.42352941 0.64313725
v 0.02123407 -0.02565257 -0.01391418 0.54117647 0.42352941 0.64313725
v 0.02238987 -0.02604824 -0.01391418 0.54117647 0.42352941 0.64313725
v 0.02480839 -0.02727125 -0.01270321 0.54117647 0.42352941 0.64313725
v 0.02386134 -0.02670171 -0.01346456 0.54117647 0.42352941 0.64313725
v 0.02351511 -0.02638997 -0.01389020 0.54117647 0.42352941 0.64313725
v 0.00911601 -0.02018501 -0.01141431 0.54117647 0.42352941 0.64313725
v 0.01556709 -0.02309864 -0.01348854 0.54117647 0.42352941 0.64313725
v 0.01785323 -0.02435162 -0.01358446 0.54117647 0.42352941 0.64313725
v 0.01635120 -0.02332646 -0.01390219 0.54117647 0.42352941 0.64313725
v 0.01676363 -0.02309864 -0.01469351 0.54117647 0.42352941 0.64313725
v 0.01748664 -0.02394395 -0.01395614 0.54117647 0.42352941 0.64313725
v 0.01829620 -0.02412381 -0.01439377 0.54117647 0.42352941 0.64313725
v 0.02722691 -0.02788875 -0.01222961 0.54117647 0.42352941 0.64313725
v 0.02607111 -0.02755302 -0.01260729 0.54117647 0.42352941 0.64313725
v 0.02722691 -0.02761297 -0.01283510 0.54117647 0.42352941 0.64313725
v 0.02843871 -0.02794270 -0.01235551 0.54117647 0.42352941 0.64313725
v 0.02964542 -0.02836836 -0.01149224 0.54117647 0.42352941 0.64313725
v 0.03085723 -0.02837435 -0.01149224 0.54117647 0.42352941 0.64313725
v 0.03206904 -0.02833838 -0.01149224 0.54117647 0.42352941 0.64313725
v 0.03327575 -0.02824845 -0.01149224 0.54117647 0.42352941 0.64313725
v 0.03982357 -0.02658181 -0.01201380 0.54117647 0.42352941 0.64313725
v 0.04063823 -0.02647390 -0.01156418 0.54117647 0.42352941 0.64313725
v 0.03414133 -0.02786477 -0.01217566 0.54117647 0.42352941 0.64313725
v 0.03495089 -0.02780482 -0.01204977 0.54117647 0.42352941 0.64313725
v 0.03569427 -0.02773887 -0.01188790 0.54117647 0.42352941 0.64313725
v 0.03696208 -0.02763695 -0.01147426 0.54117647 0.42352941 0.64313725
v 0.03690098 -0.02711538 -0.01270321 0.54117647 0.42352941 0.64313725
v 0.03804660 -0.02681562 -0.01271520 0.54117647 0.42352941 0.64313725
v 0.03901401 -0.02671970 -0.01231954 0.54117647 0.42352941 0.64313725
v 0.05218603 -0.01833252 -0.01149224 0.54117647 0.42352941 0.64313725
v 0.05314834 -0.01682175 -0.01192987 0.54117647 0.42352941 0.64313725
v 0.05282757 -0.01751718 -0.01151023 0.54117647 0.42352941 0.64313725
v 0.05344366 -0.01601240 -0.01246341 0.54117647 0.42352941 0.64313725
v 0.05386626 -0.01515510 -0.01273918 0.54117647 0.42352941 0.64313725
v 0.05428886 -0.01424984 -0.01300895 0.54117647 0.42352941 0.64313725
v 0.05401901 -0.01387214 -0.01387221 0.54117647 0.42352941 0.64313725
v 0.05428886 -0.01301484 -0.01424989 0.54117647 0.42352941 0.64313725
v 0.05470128 -0.01264314 -0.01387221 0.54117647 0.42352941 0.64313725
v 0.05450271 -0.01220550 -0.01460958 0.54117647 0.42352941 0.64313725
v 0.05528683 -0.01146210 -0.01386622 0.54117647 0.42352941 0.64313725
v 0.05550577 -0.01050888 -0.01423790 0.54117647 0.42352941 0.64313725
v 0.05566870 -0.00970553 -0.01453765 0.54117647 0.42352941 0.64313725
v 0.05578580 -0.00907005 -0.01472948 0.54117647 0.42352941 0.64313725
v 0.05594364 -0.00544300 -0.01616825 0.54117647 0.42352941 0.64313725
v 0.05665647 -0.00423198 -0.01537093 0.54117647 0.42352941 0.64313725
v 0.05701288 -0.00423198 -0.01476545 0.54117647 0.42352941 0.64313725
v 0.05569925 -0.00738542 -0.01579058 0.54117647 0.42352941 0.64313725
v 0.05557195 -0.00819476 -0.01558675 0.54117647 0.42352941 0.64313725
v 0.05539884 -0.00665401 -0.01655193 0.54117647 0.42352941 0.64313725
v 0.05554650 -0.00544300 -0.01677374 0.54117647 0.42352941 0.64313725
v 0.05635097 -0.00180995 -0.01633012 0.54117647 0.42352941 0.64313725
v 0.05674303 -0.00302097 -0.01551481 0.54117647 0.42352941 0.64313725
v 0.05640698 -0.00060493 -0.01633012 0.54117647 0.42352941 0.64313725
v 0.05641207 0.00060009 -0.01633012 0.54117647 0.42352941 0.64313725
v 0.05682959 0.00060009 -0.01565869 0.54117647 0.42352941 0.64313725
v 0.05717072 0.00060009 -0.01505320 0.54117647 0.42352941 0.64313725
v 0.05679904 0.00181110 -0.01561073 0.54117647 0.42352941 0.64313725
v 0.05708926 0.00302212 -0.01490933 0.54117647 0.42352941 0.64313725
v 0.05701288 0.00423313 -0.01477145 0.54117647 0.42352941 0.64313725
v 0.05746604 0.00423313 -0.01391418 0.54117647 0.42352941 0.64313725
v 0.05707907 0.00664917 -0.01371035 0.54117647 0.42352941 0.64313725
v 0.05696197 0.00756043 -0.01348254 0.54117647 0.42352941 0.64313725
v 0.05719109 0.00792613 -0.01278714 0.54117647 0.42352941 0.64313725
v 0.05718091 0.00550410 -0.01401009 0.54117647 0.42352941 0.64313725
v 0.05701288 0.00907120 -0.01239747 0.54117647 0.42352941 0.64313725
v 0.04863208 -0.02196556 -0.01125245 0.54117647 0.42352941 0.64313725
v 0.04902413 -0.02145598 -0.01158816 0.54117647 0.42352941 0.64313725
v 0.04964531 -0.02060467 -0.01215767 0.54117647 0.42352941 0.64313725
v 0.04983879 -0.02078452 -0.01149224 0.54117647 0.42352941 0.64313725
v 0.05044469 -0.02020300 -0.01149224 0.54117647 0.42352941 0.64313725
v 0.05104550 -0.01959749 -0.01149224 0.54117647 0.42352941 0.64313725
v 0.05165141 -0.01893802 -0.01149224 0.54117647 0.42352941 0.64313725
v 0.04164128 -0.02556863 -0.01263127 0.54117647 0.42352941 0.64313725
v 0.04243558 -0.02544873 -0.01218765 0.54117647 0.42352941 0.64313725
v 0.04324005 -0.02524490 -0.01175002 0.54117647 0.42352941 0.64313725
v 0.04406998 -0.02496912 -0.01140232 0.54117647 0.42352941 0.64313725
v 0.04505776 -0.02436961 -0.01149224 0.54117647 0.42352941 0.64313725
v 0.04480827 -0.02421973 -0.01213969 0.54117647 0.42352941 0.64313725
v 0.04566366 -0.02400391 -0.01149224 0.54117647 0.42352941 0.64313725
v 0.04622883 -0.02316459 -0.01242744 0.54117647 0.42352941 0.64313725
v 0.04661070 -0.02336842 -0.01148625 0.54117647 0.42352941 0.64313725
v 0.04703331 -0.02287682 -0.01188191 0.54117647 0.42352941 0.64313725
v 0.04784288 -0.02242119 -0.01157018 0.54117647 0.42352941 0.64313725
v 0.05671757 0.00907120 -0.01300295 0.54117647 0.42352941 0.64313725
v 0.05572980 0.01104360 -0.01344058 0.54117647 0.42352941 0.64313725
v 0.05554140 0.01185294 -0.01308688 0.54117647 0.42352941 0.64313725
v 0.05584690 0.01018030 -0.01387221 0.54117647 0.42352941 0.64313725
v 0.05532756 0.01269225 -0.01269122 0.54117647 0.42352941 0.64313725
v 0.05470638 0.01387330 -0.01264926 0.54117647 0.42352941 0.64313725
v 0.05344366 0.01601955 -0.01247540 0.54117647 0.42352941 0.64313725
v 0.05315852 0.01682889 -0.01194186 0.54117647 0.42352941 0.64313725
v 0.05283266 0.01751833 -0.01152222 0.54117647 0.42352941 0.64313725
v 0.05202819 0.01814782 -0.01210372 0.54117647 0.42352941 0.64313725
v 0.05165650 0.01894517 -0.01149224 0.54117647 0.42352941 0.64313725
v 0.05105569 0.01960463 -0.01149224 0.54117647 0.42352941 0.64313725
v 0.05386626 0.01516225 -0.01274517 0.54117647 0.42352941 0.64313725
v 0.05429396 0.01425099 -0.01302094 0.54117647 0.42352941 0.64313725
v 0.04863208 0.02197271 -0.01126444 0.54117647 0.42352941 0.64313725
v 0.04984897 0.02079167 -0.01149224 0.54117647 0.42352941 0.64313725
v 0.04902413 0.02146312 -0.01160015 0.54117647 0.42352941 0.64313725
v 0.05045488 0.02021014 -0.01149224 0.54117647 0.42352941 0.64313725
v 0.04785306 0.02242834 -0.01158217 0.54117647 0.42352941 0.64313725
v 0.04704349 0.02288397 -0.01189390 0.54117647 0.42352941 0.64313725
v 0.04363720 0.02423887 -0.01338063 0.54117647 0.42352941 0.64313725
v 0.04591824 0.02294991 -0.01323675 0.54117647 0.42352941 0.64313725
v 0.04444167 0.02400506 -0.01294900 0.54117647 0.42352941 0.64313725
v 0.04661579 0.02270411 -0.01278114 0.54117647 0.42352941 0.64313725
v 0.04053131 0.02555779 -0.01358446 0.54117647 0.42352941 0.64313725
v 0.04285818 0.02438275 -0.01383624 0.54117647 0.42352941 0.64313725
v 0.04238975 0.02422088 -0.01454963 0.54117647 0.42352941 0.64313725
v 0.04165147 0.02496428 -0.01381226 0.54117647 0.42352941 0.64313725
v 0.04053131 0.02522207 -0.01418994 0.54117647 0.42352941 0.64313725
v 0.03937551 0.02576762 -0.01398611 0.54117647 0.42352941 0.64313725
v 0.03900382 0.02550983 -0.01469351 0.54117647 0.42352941 0.64313725
v 0.03804660 0.02627121 -0.01381826 0.54117647 0.42352941 0.64313725
v 0.03690098 0.02641510 -0.01412999 0.54117647 0.42352941 0.64313725
v 0.03569427 0.02655298 -0.01439377 0.54117647 0.42352941 0.64313725
v 0.03569427 0.02613332 -0.01511915 0.54117647 0.42352941 0.64313725
v 0.03569427 0.02559376 -0.01601838 0.54117647 0.42352941 0.64313725
v 0.03459448 0.02636114 -0.01505920 0.54117647 0.42352941 0.64313725
v 0.03327575 0.02638512 -0.01532897 0.54117647 0.42352941 0.64313725
v 0.01996116 0.02685874 -0.01028727 0.54117647 0.42352941 0.64313725
v 0.03206904 0.02643308 -0.01541290 0.54117647 0.42352941 0.64313725
v 0.03206904 0.02586954 -0.01633012 0.54117647 0.42352941 0.64313725
v 0.03085723 0.02590551 -0.01633012 0.54117647 0.42352941 0.64313725
v 0.02964542 0.02589952 -0.01633012 0.54117647 0.42352941 0.64313725
v 0.02870347 0.02543789 -0.01698356 0.54117647 0.42352941 0.64313725
v 0.02835725 0.02574364 -0.01645001 0.54117647 0.42352941 0.64313725
v 0.02722691 0.02574964 -0.01626417 0.54117647 0.42352941 0.64313725
v 0.02480839 0.02553981 -0.01593445 0.54117647 0.42352941 0.64313725
v 0.02722691 0.02536595 -0.01686966 0.54117647 0.42352941 0.64313725
v 0.02601510 0.02527003 -0.01673177 0.54117647 0.42352941 0.64313725
v 0.02480839 0.02602541 -0.01511915 0.54117647 0.42352941 0.64313725
v 0.02238987 0.02649903 -0.01306290 0.54117647 0.42352941 0.64313725
v 0.02162612 0.02667289 -0.01220563 0.54117647 0.42352941 0.64313725
v 0.02238987 0.02605539 -0.01391418 0.54117647 0.42352941 0.64313725
v 0.02361695 0.02570767 -0.01517910 0.54117647 0.42352941 0.64313725
v 0.02238987 0.02556978 -0.01479542 0.54117647 0.42352941 0.64313725
v 0.02081656 0.02652900 -0.01189990 0.54117647 0.42352941 0.64313725
v 0.02035831 0.02670286 -0.01109059 0.54117647 0.42352941 0.64313725
v 0.01955383 0.02654099 -0.01069492 0.54117647 0.42352941 0.64313725
v 0.01868317 0.02577961 -0.01156418 0.54117647 0.42352941 0.64313725
v 0.01785832 0.02555180 -0.01121048 0.54117647 0.42352941 0.64313725
v 0.01705385 0.02535396 -0.01075487 0.54117647 0.42352941 0.64313725
v 0.01634102 0.02513214 -0.01032324 0.54117647 0.42352941 0.64313725
v 0.00911601 0.02135521 -0.00907630 0.54117647 0.42352941 0.64313725
v 0.01872390 -0.02457344 -0.01395614 0.54117647 0.42352941 0.64313725
v 0.01910577 -0.02432165 -0.01471749 0.54117647 0.42352941 0.64313725
v 0.01992552 -0.02514298 -0.01391418 0.54117647 0.42352941 0.64313725
v 0.02086747 -0.02529885 -0.01432183 0.54117647 0.42352941 0.64313725
v 0.02167195 -0.02544274 -0.01458560 0.54117647 0.42352941 0.64313725
v 0.02238987 -0.02556264 -0.01478344 0.54117647 0.42352941 0.64313725
v 0.02480839 -0.02680363 -0.01366839 0.54117647 0.42352941 0.64313725
v 0.02480839 -0.02648589 -0.01427387 0.54117647 0.42352941 0.64313725
v 0.02363731 -0.02569453 -0.01517310 0.54117647 0.42352941 0.64313725
v 0.00911601 -0.01957950 -0.01243943 0.54117647 0.42352941 0.64313725
v 0.01595406 -0.02284685 -0.01429785 0.54117647 0.42352941 0.64313725
v 0.01758847 -0.02329648 -0.01510716 0.54117647 0.42352941 0.64313725
v 0.01625446 -0.02243918 -0.01520308 0.54117647 0.42352941 0.64313725
v 0.01720660 -0.02283486 -0.01549683 0.54117647 0.42352941 0.64313725
v 0.01801616 -0.02306267 -0.01583254 0.54117647 0.42352941 0.64313725
v 0.01872390 -0.02387801 -0.01511915 0.54117647 0.42352941 0.64313725
v 0.02605074 -0.02687557 -0.01398012 0.54117647 0.42352941 0.64313725
v 0.02722691 -0.02707941 -0.01391418 0.54117647 0.42352941 0.64313725
v 0.02843871 -0.02719331 -0.01391418 0.54117647 0.42352941 0.64313725
v 0.02843871 -0.02766693 -0.01295499 0.54117647 0.42352941 0.64313725
v 0.02964542 -0.02797867 -0.01242744 0.54117647 0.42352941 0.64313725
v 0.03085723 -0.02797867 -0.01243344 0.54117647 0.42352941 0.64313725
v 0.03206904 -0.02796069 -0.01239148 0.54117647 0.42352941 0.64313725
v 0.03327575 -0.02791273 -0.01228956 0.54117647 0.42352941 0.64313725
v 0.03938060 -0.02640795 -0.01271520 0.54117647 0.42352941 0.64313725
v 0.04053131 -0.02598230 -0.01270321 0.54117647 0.42352941 0.64313725
v 0.03327575 -0.02763695 -0.01289505 0.54117647 0.42352941 0.64313725
v 0.03452320 -0.02760098 -0.01263127 0.54117647 0.42352941 0.64313725
v 0.03569427 -0.02737317 -0.01270321 0.54117647 0.42352941 0.64313725
v 0.03690098 -0.02672569 -0.01351851 0.54117647 0.42352941 0.64313725
v 0.03760363 -0.02664176 -0.01335665 0.54117647 0.42352941 0.64313725
v 0.03840810 -0.02652785 -0.01312285 0.54117647 0.42352941 0.64313725
v 0.05202819 -0.01814667 -0.01209773 0.54117647 0.42352941 0.64313725
v 0.05227258 -0.01748720 -0.01258331 0.54117647 0.42352941 0.64313725
v 0.05211984 -0.01704956 -0.01344658 0.54117647 0.42352941 0.64313725
v 0.05298541 -0.01638410 -0.01279913 0.54117647 0.42352941 0.64313725
v 0.05321453 -0.01569466 -0.01327272 0.54117647 0.42352941 0.64313725
v 0.05342329 -0.01480139 -0.01391418 0.54117647 0.42352941 0.64313725
v 0.05323999 -0.01451962 -0.01451966 0.54117647 0.42352941 0.64313725
v 0.05342329 -0.01391411 -0.01480142 0.54117647 0.42352941 0.64313725
v 0.05321963 -0.01327263 -0.01570065 0.54117647 0.42352941 0.64313725
v 0.05386626 -0.01273907 -0.01515512 0.54117647 0.42352941 0.64313725
v 0.05429396 -0.01149208 -0.01549083 0.54117647 0.42352941 0.64313725
v 0.05467583 -0.01149208 -0.01488535 0.54117647 0.42352941 0.64313725
v 0.05344366 -0.01246929 -0.01601838 0.54117647 0.42352941 0.64313725
v 0.05444161 -0.01087458 -0.01571864 0.54117647 0.42352941 0.64313725
v 0.05505770 -0.01029305 -0.01512514 0.54117647 0.42352941 0.64313725
v 0.05461473 -0.01007124 -0.01597642 0.54117647 0.42352941 0.64313725
v 0.05541411 -0.00907005 -0.01533496 0.54117647 0.42352941 0.64313725
v 0.05562796 -0.00466963 -0.01689363 0.54117647 0.42352941 0.64313725
v 0.05599965 -0.00424997 -0.01642603 0.54117647 0.42352941 0.64313725
v 0.05525627 -0.00781707 -0.01624619 0.54117647 0.42352941 0.64313725
v 0.05461473 -0.00785903 -0.01717539 0.54117647 0.42352941 0.64313725
v 0.05476748 -0.00902808 -0.01636009 0.54117647 0.42352941 0.64313725
v 0.05449253 -0.00859044 -0.01700154 0.54117647 0.42352941 0.64313725
v 0.05479803 -0.00665401 -0.01742118 0.54117647 0.42352941 0.64313725
v 0.05444671 -0.00603652 -0.01814057 0.54117647 0.42352941 0.64313725
v 0.05489477 -0.00555691 -0.01766098 0.54117647 0.42352941 0.64313725
v 0.05581126 -0.00180995 -0.01716341 0.54117647 0.42352941 0.64313725
v 0.05584181 -0.00060493 -0.01720537 0.54117647 0.42352941 0.64313725
v 0.05623386 -0.00302097 -0.01633012 0.54117647 0.42352941 0.64313725
v 0.05575525 -0.00302097 -0.01707948 0.54117647 0.42352941 0.64313725
v 0.05584181 0.00060009 -0.01720537 0.54117647 0.42352941 0.64313725
v 0.05581635 0.00181110 -0.01716341 0.54117647 0.42352941 0.64313725
v 0.05635606 0.00181110 -0.01633012 0.54117647 0.42352941 0.64313725
v 0.05674303 0.00302212 -0.01551481 0.54117647 0.42352941 0.64313725
v 0.05666156 0.00423313 -0.01537093 0.54117647 0.42352941 0.64313725
v 0.05693142 0.00514439 -0.01462757 0.54117647 0.42352941 0.64313725
v 0.05684486 0.00594774 -0.01447770 0.54117647 0.42352941 0.64313725
v 0.05675830 0.00664917 -0.01431583 0.54117647 0.42352941 0.64313725
v 0.05662592 0.00792613 -0.01389619 0.54117647 0.42352941 0.64313725
v 0.05683467 0.00836977 -0.01324275 0.54117647 0.42352941 0.64313725
v 0.04837240 -0.02175573 -0.01206176 0.54117647 0.42352941 0.64313725
v 0.04937036 -0.02034688 -0.01296099 0.54117647 0.42352941 0.64313725
v 0.04979296 -0.01954353 -0.01357247 0.54117647 0.42352941 0.64313725
v 0.05012392 -0.01987326 -0.01256533 0.54117647 0.42352941 0.64313725
v 0.05085712 -0.01939965 -0.01216367 0.54117647 0.42352941 0.64313725
v 0.04897830 -0.02090443 -0.01261928 0.54117647 0.42352941 0.64313725
v 0.04117285 -0.02542475 -0.01333267 0.54117647 0.42352941 0.64313725
v 0.04197733 -0.02524490 -0.01299096 0.54117647 0.42352941 0.64313725
v 0.04285309 -0.02436961 -0.01383025 0.54117647 0.42352941 0.64313725
v 0.04288364 -0.02499310 -0.01263127 0.54117647 0.42352941 0.64313725
v 0.04408017 -0.02437560 -0.01260729 0.54117647 0.42352941 0.64313725
v 0.04361683 -0.02423172 -0.01336864 0.54117647 0.42352941 0.64313725
v 0.04442640 -0.02400391 -0.01294900 0.54117647 0.42352941 0.64313725
v 0.04535816 -0.02358425 -0.01268522 0.54117647 0.42352941 0.64313725
v 0.04591315 -0.02294277 -0.01323076 0.54117647 0.42352941 0.64313725
v 0.04661070 -0.02269097 -0.01278114 0.54117647 0.42352941 0.64313725
v 0.04753229 -0.02204949 -0.01270321 0.54117647 0.42352941 0.64313725
v 0.05623895 0.00907120 -0.01391418 0.54117647 0.42352941 0.64313725
v 0.05550577 0.01051602 -0.01424390 0.54117647 0.42352941 0.64313725
v 0.05529191 0.01146925 -0.01387221 0.54117647 0.42352941 0.64313725
v 0.05450780 0.01221265 -0.01461558 0.54117647 0.42352941 0.64313725
v 0.05470638 0.01265029 -0.01387221 0.54117647 0.42352941 0.64313725
v 0.05566870 0.00970668 -0.01453765 0.54117647 0.42352941 0.64313725
v 0.05452817 0.01344764 -0.01344658 0.54117647 0.42352941 0.64313725
v 0.05321963 0.01570181 -0.01327872 0.54117647 0.42352941 0.64313725
v 0.05299559 0.01638525 -0.01280512 0.54117647 0.42352941 0.64313725
v 0.05211984 0.01705671 -0.01345257 0.54117647 0.42352941 0.64313725
v 0.05227767 0.01748836 -0.01258331 0.54117647 0.42352941 0.64313725
v 0.05132554 0.01864541 -0.01254135 0.54117647 0.42352941 0.64313725
v 0.05086730 0.01940680 -0.01217566 0.54117647 0.42352941 0.64313725
v 0.05178888 0.01786005 -0.01290704 0.54117647 0.42352941 0.64313725
v 0.05402410 0.01387330 -0.01387221 0.54117647 0.42352941 0.64313725
v 0.05342838 0.01480853 -0.01391418 0.54117647 0.42352941 0.64313725
v 0.04838259 0.02176288 -0.01207375 0.54117647 0.42352941 0.64313725
v 0.04964531 0.02060582 -0.01215767 0.54117647 0.42352941 0.64313725
v 0.04754756 0.02205664 -0.01270321 0.54117647 0.42352941 0.64313725
v 0.04510868 0.02320171 -0.01367438 0.54117647 0.42352941 0.64313725
v 0.04418200 0.02360338 -0.01393216 0.54117647 0.42352941 0.64313725
v 0.04319423 0.02400506 -0.01418994 0.54117647 0.42352941 0.64313725
v 0.04727771 0.02184681 -0.01342260 0.54117647 0.42352941 0.64313725
v 0.04655469 0.02210460 -0.01386022 0.54117647 0.42352941 0.64313725
v 0.04613209 0.02188878 -0.01468752 0.54117647 0.42352941 0.64313725
v 0.04545490 0.02277605 -0.01401009 0.54117647 0.42352941 0.64313725
v 0.04473190 0.02296190 -0.01447770 0.54117647 0.42352941 0.64313725
v 0.03981339 0.02536595 -0.01444173 0.54117647 0.42352941 0.64313725
v 0.04174311 0.02436476 -0.01478943 0.54117647 0.42352941 0.64313725
v 0.04292437 0.02357940 -0.01510116 0.54117647 0.42352941 0.64313725
v 0.04265451 0.02315375 -0.01597042 0.54117647 0.42352941 0.64313725
v 0.04174311 0.02398108 -0.01539491 0.54117647 0.42352941 0.64313725
v 0.04102011 0.02414894 -0.01565269 0.54117647 0.42352941 0.64313725
v 0.04058222 0.02460457 -0.01519708 0.54117647 0.42352941 0.64313725
v 0.03811279 0.02564772 -0.01492731 0.54117647 0.42352941 0.64313725
v 0.03937551 0.02513214 -0.01510716 0.54117647 0.42352941 0.64313725
v 0.03811279 0.02528801 -0.01553280 0.54117647 0.42352941 0.64313725
v 0.03698245 0.02577961 -0.01522706 0.54117647 0.42352941 0.64313725
v 0.03663113 0.02549185 -0.01586251 0.54117647 0.42352941 0.64313725
v 0.03448756 0.02569568 -0.01618624 0.54117647 0.42352941 0.64313725
v 0.03569427 0.02519809 -0.01662387 0.54117647 0.42352941 0.64313725
v 0.03448756 0.02531199 -0.01679172 0.54117647 0.42352941 0.64313725
v 0.03323502 0.02571367 -0.01642004 0.54117647 0.42352941 0.64313725
v 0.03280223 0.02542590 -0.01695958 0.54117647 0.42352941 0.64313725
v 0.03206904 0.02544389 -0.01699555 0.54117647 0.42352941 0.64313725
v 0.03085723 0.02546787 -0.01702552 0.54117647 0.42352941 0.64313725
v 0.02964542 0.02546187 -0.01701953 0.54117647 0.42352941 0.64313725
v 0.02789900 0.02540192 -0.01692960 0.54117647 0.42352941 0.64313725
v 0.02964542 0.02504221 -0.01761902 0.54117647 0.42352941 0.64313725
v 0.02843871 0.02440073 -0.01841034 0.54117647 0.42352941 0.64313725
v 0.02403446 0.02544988 -0.01579657 0.54117647 0.42352941 0.64313725
v 0.02480839 0.02514413 -0.01653994 0.54117647 0.42352941 0.64313725
v 0.02722691 0.02489233 -0.01754108 0.54117647 0.42352941 0.64313725
v 0.02627986 0.02426285 -0.01823649 0.54117647 0.42352941 0.64313725
v 0.02593363 0.02461056 -0.01765498 0.54117647 0.42352941 0.64313725
v 0.02480839 0.02453862 -0.01742118 0.54117647 0.42352941 0.64313725
v 0.02122898 0.02565971 -0.01392017 0.54117647 0.42352941 0.64313725
v 0.02120352 0.02630718 -0.01264926 0.54117647 0.42352941 0.64313725
v 0.02166176 0.02544988 -0.01459160 0.54117647 0.42352941 0.64313725
v 0.02322998 0.02534197 -0.01562272 0.54117647 0.42352941 0.64313725
v 0.02238987 0.02521008 -0.01540091 0.54117647 0.42352941 0.64313725
v 0.01996116 0.02636714 -0.01149224 0.54117647 0.42352941 0.64313725
v 0.01991534 0.02576163 -0.01276316 0.54117647 0.42352941 0.64313725
v 0.01903449 0.02555779 -0.01240347 0.54117647 0.42352941 0.64313725
v 0.01822492 0.02537194 -0.01201979 0.54117647 0.42352941 0.64313725
v 0.01749173 0.02520408 -0.01156418 0.54117647 0.42352941 0.64313725
v 0.01666689 0.02435877 -0.01241545 0.54117647 0.42352941 0.64313725
v 0.01629520 0.02457459 -0.01152222 0.54117647 0.42352941 0.64313725
v 0.01554164 0.02431680 -0.01113854 0.54117647 0.42352941 0.64313725
v 0.00911601 0.02076769 -0.01035321 0.54117647 0.42352941 0.64313725
v 0.01965567 -0.02406985 -0.01552680 0.54117647 0.42352941 0.64313725
v 0.02002226 -0.02447752 -0.01511915 0.54117647 0.42352941 0.64313725
v 0.02046014 -0.02424371 -0.01580257 0.54117647 0.42352941 0.64313725
v 0.02123407 -0.02500509 -0.01504122 0.54117647 0.42352941 0.64313725
v 0.02238987 -0.02519694 -0.01538892 0.54117647 0.42352941 0.64313725
v 0.02326053 -0.02533482 -0.01561073 0.54117647 0.42352941 0.64313725
v 0.02566887 -0.02656982 -0.01443573 0.54117647 0.42352941 0.64313725
v 0.02480839 -0.02600028 -0.01511915 0.54117647 0.42352941 0.64313725
v 0.02406501 -0.02544274 -0.01578458 0.54117647 0.42352941 0.64313725
v 0.00911601 -0.01917783 -0.01303892 0.54117647 0.42352941 0.64313725
v 0.01534816 -0.02204350 -0.01490933 0.54117647 0.42352941 0.64313725
v 0.01574530 -0.02176772 -0.01571264 0.54117647 0.42352941 0.64313725
v 0.01655487 -0.02202551 -0.01607234 0.54117647 0.42352941 0.64313725
v 0.01701312 -0.02173175 -0.01688164 0.54117647 0.42352941 0.64313725
v 0.01875954 -0.02281687 -0.01670779 0.54117647 0.42352941 0.64313725
v 0.01938072 -0.02297874 -0.01692960 0.54117647 0.42352941 0.64313725
v 0.01875954 -0.02324852 -0.01610231 0.54117647 0.42352941 0.64313725
v 0.01782268 -0.02196556 -0.01717539 0.54117647 0.42352941 0.64313725
v 0.02647335 -0.02664176 -0.01456762 0.54117647 0.42352941 0.64313725
v 0.02722691 -0.02668972 -0.01465155 0.54117647 0.42352941 0.64313725
v 0.02843871 -0.02674967 -0.01475946 0.54117647 0.42352941 0.64313725
v 0.02964542 -0.02725926 -0.01391418 0.54117647 0.42352941 0.64313725
v 0.02964542 -0.02678564 -0.01481940 0.54117647 0.42352941 0.64313725
v 0.02964542 -0.02769690 -0.01302693 0.54117647 0.42352941 0.64313725
v 0.03085723 -0.02770290 -0.01303892 0.54117647 0.42352941 0.64313725
v 0.03206904 -0.02768491 -0.01299696 0.54117647 0.42352941 0.64313725
v 0.03937042 -0.02576048 -0.01398611 0.54117647 0.42352941 0.64313725
v 0.04053131 -0.02555065 -0.01357247 0.54117647 0.42352941 0.64313725
v 0.03327575 -0.02713336 -0.01391418 0.54117647 0.42352941 0.64313725
v 0.03455375 -0.02691754 -0.01401609 0.54117647 0.42352941 0.64313725
v 0.03569427 -0.02685758 -0.01376430 0.54117647 0.42352941 0.64313725
v 0.03569427 -0.02653984 -0.01436979 0.54117647 0.42352941 0.64313725
v 0.03690098 -0.02640196 -0.01412400 0.54117647 0.42352941 0.64313725
v 0.03811279 -0.02564058 -0.01490933 0.54117647 0.42352941 0.64313725
v 0.03804660 -0.02626407 -0.01381826 0.54117647 0.42352941 0.64313725
v 0.03899873 -0.02550269 -0.01468152 0.54117647 0.42352941 0.64313725
v 0.05132045 -0.01863827 -0.01253535 0.54117647 0.42352941 0.64313725
v 0.05177870 -0.01785890 -0.01290704 0.54117647 0.42352941 0.64313725
v 0.05184998 -0.01671383 -0.01425588 0.54117647 0.42352941 0.64313725
v 0.05238969 -0.01631815 -0.01387821 0.54117647 0.42352941 0.64313725
v 0.05141210 -0.01753517 -0.01390219 0.54117647 0.42352941 0.64313725
v 0.05302105 -0.01540690 -0.01391418 0.54117647 0.42352941 0.64313725
v 0.05216057 -0.01590449 -0.01471150 0.54117647 0.42352941 0.64313725
v 0.05256281 -0.01501721 -0.01501724 0.54117647 0.42352941 0.64313725
v 0.05216057 -0.01471146 -0.01591047 0.54117647 0.42352941 0.64313725
v 0.05302105 -0.01391411 -0.01540690 0.54117647 0.42352941 0.64313725
v 0.05298541 -0.01280501 -0.01638407 0.54117647 0.42352941 0.64313725
v 0.05238969 -0.01387814 -0.01631813 0.54117647 0.42352941 0.64313725
v 0.05211474 -0.01344649 -0.01704950 0.54117647 0.42352941 0.64313725
v 0.05367278 -0.01151606 -0.01638407 0.54117647 0.42352941 0.64313725
v 0.05315343 -0.01193572 -0.01682170 0.54117647 0.42352941 0.64313725
v 0.05335710 -0.01112638 -0.01709746 0.54117647 0.42352941 0.64313725
v 0.05421249 -0.01039497 -0.01636009 0.54117647 0.42352941 0.64313725
v 0.05433978 -0.00939978 -0.01678573 0.54117647 0.42352941 0.64313725
v 0.05530719 -0.00424997 -0.01745716 0.54117647 0.42352941 0.64313725
v 0.05569925 -0.00386029 -0.01699555 0.54117647 0.42352941 0.64313725
v 0.05453835 -0.00522717 -0.01826047 0.54117647 0.42352941 0.64313725
v 0.05417176 -0.00785903 -0.01778088 0.54117647 0.42352941 0.64313725
v 0.05436015 -0.00665401 -0.01802667 0.54117647 0.42352941 0.64313725
v 0.05339274 -0.00884823 -0.01833241 0.54117647 0.42352941 0.64313725
v 0.05386626 -0.00912401 -0.01757106 0.54117647 0.42352941 0.64313725
v 0.05369824 -0.00668998 -0.01884197 0.54117647 0.42352941 0.64313725
v 0.05331637 -0.00631229 -0.01944746 0.54117647 0.42352941 0.64313725
v 0.05411575 -0.00555691 -0.01869810 0.54117647 0.42352941 0.64313725
v 0.05538865 -0.00180995 -0.01776889 0.54117647 0.42352941 0.64313725
v 0.05541920 -0.00060493 -0.01781085 0.54117647 0.42352941 0.64313725
v 0.05532756 -0.00302097 -0.01768496 0.54117647 0.42352941 0.64313725
v 0.05541920 0.00060009 -0.01781085 0.54117647 0.42352941 0.64313725
v 0.05538865 0.00181110 -0.01776889 0.54117647 0.42352941 0.64313725
v 0.05576034 0.00302212 -0.01707948 0.54117647 0.42352941 0.64313725
v 0.05623895 0.00302212 -0.01633012 0.54117647 0.42352941 0.64313725
v 0.05599965 0.00426311 -0.01643203 0.54117647 0.42352941 0.64313725
v 0.05594364 0.00544415 -0.01617425 0.54117647 0.42352941 0.64313725
v 0.05660046 0.00550410 -0.01507119 0.54117647 0.42352941 0.64313725
v 0.05629496 0.00664917 -0.01511915 0.54117647 0.42352941 0.64313725
v 0.05594364 0.00781822 -0.01516111 0.54117647 0.42352941 0.64313725
v 0.05578580 0.00907120 -0.01472948 0.54117647 0.42352941 0.64313725
v 0.04727261 -0.02183967 -0.01341061 0.54117647 0.42352941 0.64313725
v 0.04813819 -0.02156389 -0.01270321 0.54117647 0.42352941 0.64313725
v 0.04903431 -0.01998717 -0.01395015 0.54117647 0.42352941 0.64313725
v 0.04856079 -0.02070659 -0.01352451 0.54117647 0.42352941 0.64313725
v 0.04950274 -0.01925577 -0.01437578 0.54117647 0.42352941 0.64313725
v 0.05024612 -0.01878815 -0.01396214 0.54117647 0.42352941 0.64313725
v 0.05060253 -0.01912987 -0.01297298 0.54117647 0.42352941 0.64313725
v 0.04053131 -0.02522092 -0.01417795 0.54117647 0.42352941 0.64313725
v 0.04174311 -0.02435762 -0.01477744 0.54117647 0.42352941 0.64313725
v 0.04237957 -0.02421374 -0.01454364 0.54117647 0.42352941 0.64313725
v 0.04318913 -0.02399791 -0.01417196 0.54117647 0.42352941 0.64313725
v 0.04416672 -0.02359624 -0.01391418 0.54117647 0.42352941 0.64313725
v 0.04510868 -0.02319456 -0.01365640 0.54117647 0.42352941 0.64313725
v 0.04471153 -0.02295476 -0.01446571 0.54117647 0.42352941 0.64313725
v 0.04545490 -0.02276291 -0.01399811 0.54117647 0.42352941 0.64313725
v 0.04612700 -0.02188763 -0.01467553 0.54117647 0.42352941 0.64313725
v 0.04654960 -0.02209746 -0.01385423 0.54117647 0.42352941 0.64313725
v 0.05506279 0.01029420 -0.01513114 0.54117647 0.42352941 0.64313725
v 0.05444671 0.01088772 -0.01572463 0.54117647 0.42352941 0.64313725
v 0.05468092 0.01149323 -0.01489134 0.54117647 0.42352941 0.64313725
v 0.05429905 0.01149323 -0.01549683 0.54117647 0.42352941 0.64313725
v 0.05344366 0.01247044 -0.01601838 0.54117647 0.42352941 0.64313725
v 0.05387135 0.01274621 -0.01515512 0.54117647 0.42352941 0.64313725
v 0.05429396 0.01301599 -0.01425588 0.54117647 0.42352941 0.64313725
v 0.05461982 0.01007838 -0.01598241 0.54117647 0.42352941 0.64313725
v 0.05541920 0.00907120 -0.01533496 0.54117647 0.42352941 0.64313725
v 0.05302614 0.01541404 -0.01391418 0.54117647 0.42352941 0.64313725
v 0.05239988 0.01632530 -0.01387821 0.54117647 0.42352941 0.64313725
v 0.05185507 0.01672098 -0.01426188 0.54117647 0.42352941 0.64313725
v 0.05141719 0.01753632 -0.01390818 0.54117647 0.42352941 0.64313725
v 0.05097931 0.01832767 -0.01355448 0.54117647 0.42352941 0.64313725
v 0.05060253 0.01913701 -0.01298497 0.54117647 0.42352941 0.64313725
v 0.04979806 0.01954468 -0.01357846 0.54117647 0.42352941 0.64313725
v 0.05012392 0.01988041 -0.01257132 0.54117647 0.42352941 0.64313725
v 0.05323999 0.01452676 -0.01452565 0.54117647 0.42352941 0.64313725
v 0.04898340 0.02091157 -0.01261928 0.54117647 0.42352941 0.64313725
v 0.04857098 0.02071373 -0.01353050 0.54117647 0.42352941 0.64313725
v 0.04815346 0.02157703 -0.01270321 0.54117647 0.42352941 0.64313725
v 0.04937545 0.02035402 -0.01296698 0.54117647 0.42352941 0.64313725
v 0.04392233 0.02319571 -0.01483739 0.54117647 0.42352941 0.64313725
v 0.04693657 0.02158902 -0.01422591 0.54117647 0.42352941 0.64313725
v 0.04776650 0.02115138 -0.01387821 0.54117647 0.42352941 0.64313725
v 0.04534798 0.02213458 -0.01510116 0.54117647 0.42352941 0.64313725
v 0.04661070 0.02119334 -0.01515512 0.54117647 0.42352941 0.64313725
v 0.04574004 0.02160701 -0.01549083 0.54117647 0.42352941 0.64313725
v 0.04493047 0.02188278 -0.01587450 0.54117647 0.42352941 0.64313725
v 0.04425837 0.02276406 -0.01519708 0.54117647 0.42352941 0.64313725
v 0.04345899 0.02293193 -0.01564670 0.54117647 0.42352941 0.64313725
v 0.04172275 0.02334559 -0.01635409 0.54117647 0.42352941 0.64313725
v 0.04301602 0.02267414 -0.01635409 0.54117647 0.42352941 0.64313725
v 0.04210971 0.02287198 -0.01677374 0.54117647 0.42352941 0.64313725
v 0.04021563 0.02431680 -0.01590448 0.54117647 0.42352941 0.64313725
v 0.04130014 0.02306382 -0.01703751 0.54117647 0.42352941 0.64313725
v 0.04058222 0.02387916 -0.01631813 0.54117647 0.42352941 0.64313725
v 0.03743560 0.02538993 -0.01569466 0.54117647 0.42352941 0.64313725
v 0.03932459 0.02448467 -0.01616226 0.54117647 0.42352941 0.64313725
v 0.03870851 0.02419690 -0.01693560 0.54117647 0.42352941 0.64313725
v 0.03822990 0.02465852 -0.01645001 0.54117647 0.42352941 0.64313725
v 0.03698245 0.02511415 -0.01628815 0.54117647 0.42352941 0.64313725
v 0.03690098 0.02445469 -0.01730129 0.54117647 0.42352941 0.64313725
v 0.03361180 0.02537194 -0.01688764 0.54117647 0.42352941 0.64313725
v 0.03563317 0.02452663 -0.01761302 0.54117647 0.42352941 0.64313725
v 0.03519529 0.02422088 -0.01817654 0.54117647 0.42352941 0.64313725
v 0.03448756 0.02478442 -0.01754108 0.54117647 0.42352941 0.64313725
v 0.03323502 0.02503622 -0.01743317 0.54117647 0.42352941 0.64313725
v 0.03327575 0.02436476 -0.01836838 0.54117647 0.42352941 0.64313725
v 0.03206904 0.02441872 -0.01844032 0.54117647 0.42352941 0.64313725
v 0.03206904 0.02502423 -0.01760103 0.54117647 0.42352941 0.64313725
v 0.03085723 0.02504221 -0.01763101 0.54117647 0.42352941 0.64313725
v 0.02722691 0.02433479 -0.01832641 0.54117647 0.42352941 0.64313725
v 0.02964542 0.02443671 -0.01845830 0.54117647 0.42352941 0.64313725
v 0.02843871 0.02392712 -0.01901582 0.54117647 0.42352941 0.64313725
v 0.02359658 0.02438874 -0.01720537 0.54117647 0.42352941 0.64313725
v 0.02361695 0.02503622 -0.01625218 0.54117647 0.42352941 0.64313725
v 0.02547539 0.02418491 -0.01812858 0.54117647 0.42352941 0.64313725
v 0.02722691 0.02386117 -0.01893190 0.54117647 0.42352941 0.64313725
v 0.02601510 0.02315974 -0.01955536 0.54117647 0.42352941 0.64313725
v 0.02593363 0.02384319 -0.01868611 0.54117647 0.42352941 0.64313725
v 0.02480839 0.02410697 -0.01802667 0.54117647 0.42352941 0.64313725
v 0.02085729 0.02530600 -0.01433382 0.54117647 0.42352941 0.64313725
v 0.02028703 0.02552782 -0.01352451 0.54117647 0.42352941 0.64313725
v 0.02122898 0.02501823 -0.01504721 0.54117647 0.42352941 0.64313725
v 0.02277683 0.02426884 -0.01703751 0.54117647 0.42352941 0.64313725
v 0.02237968 0.02456860 -0.01639606 0.54117647 0.42352941 0.64313725
v 0.02117806 0.02438874 -0.01601838 0.54117647 0.42352941 0.64313725
v 0.01947746 0.02535995 -0.01321277 0.54117647 0.42352941 0.64313725
v 0.01868317 0.02521008 -0.01276316 0.54117647 0.42352941 0.64313725
v 0.01783287 0.02435877 -0.01359645 0.54117647 0.42352941 0.64313725
v 0.01747645 0.02461056 -0.01276915 0.54117647 0.42352941 0.64313725
v 0.01702839 0.02414894 -0.01321877 0.54117647 0.42352941 0.64313725
v 0.01629520 0.02395110 -0.01276915 0.54117647 0.42352941 0.64313725
v 0.01586241 0.02412496 -0.01194186 0.54117647 0.42352941 0.64313725
v 0.00911601 0.02022213 -0.01137834 0.54117647 0.42352941 0.64313725
v 0.01992043 -0.02361422 -0.01636609 0.54117647 0.42352941 0.64313725
v 0.02018520 -0.02316459 -0.01717539 0.54117647 0.42352941 0.64313725
v 0.02117806 -0.02397393 -0.01661188 0.54117647 0.42352941 0.64313725
v 0.02117806 -0.02438160 -0.01600639 0.54117647 0.42352941 0.64313725
v 0.02238987 -0.02455546 -0.01639007 0.54117647 0.42352941 0.64313725
v 0.02279211 -0.02426769 -0.01703152 0.54117647 0.42352941 0.64313725
v 0.02363731 -0.02502907 -0.01624619 0.54117647 0.42352941 0.64313725
v 0.02605074 -0.02630004 -0.01502923 0.54117647 0.42352941 0.64313725
v 0.02480839 -0.02552667 -0.01592246 0.54117647 0.42352941 0.64313725
v 0.02480839 -0.02513698 -0.01652195 0.54117647 0.42352941 0.64313725
v 0.00911601 -0.01848839 -0.01399211 0.54117647 0.42352941 0.64313725
v 0.01561801 -0.02065263 -0.01703751 0.54117647 0.42352941 0.64313725
v 0.01622392 -0.02155190 -0.01642004 0.54117647 0.42352941 0.64313725
v 0.00911601 -0.01811669 -0.01447770 0.54117647 0.42352941 0.64313725
v 0.01747136 -0.02143799 -0.01756506 0.54117647 0.42352941 0.64313725
v 0.01643776 -0.02085047 -0.01748113 0.54117647 0.42352941 0.64313725
v 0.01690619 -0.02059268 -0.01817055 0.54117647 0.42352941 0.64313725
v 0.01879009 -0.02217539 -0.01756506 0.54117647 0.42352941 0.64313725
v 0.01921269 -0.02185765 -0.01824248 0.54117647 0.42352941 0.64313725
v 0.01985424 -0.02270896 -0.01756506 0.54117647 0.42352941 0.64313725
v 0.01840313 -0.02163583 -0.01797871 0.54117647 0.42352941 0.64313725
v 0.02601510 -0.02565257 -0.01611430 0.54117647 0.42352941 0.64313725
v 0.02722691 -0.02634800 -0.01525703 0.54117647 0.42352941 0.64313725
v 0.02843871 -0.02640795 -0.01535894 0.54117647 0.42352941 0.64313725
v 0.02964542 -0.02644392 -0.01542489 0.54117647 0.42352941 0.64313725
v 0.03085723 -0.02726525 -0.01391418 0.54117647 0.42352941 0.64313725
v 0.03085723 -0.02644992 -0.01543088 0.54117647 0.42352941 0.64313725
v 0.03085723 -0.02678564 -0.01482540 0.54117647 0.42352941 0.64313725
v 0.03206904 -0.02722928 -0.01391418 0.54117647 0.42352941 0.64313725
v 0.03980321 -0.02536480 -0.01443573 0.54117647 0.42352941 0.64313725
v 0.03327575 -0.02671970 -0.01470550 0.54117647 0.42352941 0.64313725
v 0.03419224 -0.02665975 -0.01459759 0.54117647 0.42352941 0.64313725
v 0.03499672 -0.02660579 -0.01448969 0.54117647 0.42352941 0.64313725
v 0.03569427 -0.02610819 -0.01511915 0.54117647 0.42352941 0.64313725
v 0.03659549 -0.02548470 -0.01585053 0.54117647 0.42352941 0.64313725
v 0.03696208 -0.02576647 -0.01521507 0.54117647 0.42352941 0.64313725
v 0.03740505 -0.02537679 -0.01568267 0.54117647 0.42352941 0.64313725
v 0.03811279 -0.02528087 -0.01551481 0.54117647 0.42352941 0.64313725
v 0.03937042 -0.02511900 -0.01510116 0.54117647 0.42352941 0.64313725
v 0.05097422 -0.01832053 -0.01354249 0.54117647 0.42352941 0.64313725
v 0.05145792 -0.01638410 -0.01517910 0.54117647 0.42352941 0.64313725
v 0.05104550 -0.01721143 -0.01483139 0.54117647 0.42352941 0.64313725
v 0.05069927 -0.01801478 -0.01435180 0.54117647 0.42352941 0.64313725
v 0.05187544 -0.01552080 -0.01552081 0.54117647 0.42352941 0.64313725
v 0.05146302 -0.01517908 -0.01638407 0.54117647 0.42352941 0.64313725
v 0.05185507 -0.01425583 -0.01671379 0.54117647 0.42352941 0.64313725
v 0.05141210 -0.01390212 -0.01753509 0.54117647 0.42352941 0.64313725
v 0.05178379 -0.01290693 -0.01785282 0.54117647 0.42352941 0.64313725
v 0.05202819 -0.01209759 -0.01814657 0.54117647 0.42352941 0.64313725
v 0.05227258 -0.01258319 -0.01748713 0.54117647 0.42352941 0.64313725
v 0.05282757 -0.01151606 -0.01751710 0.54117647 0.42352941 0.64313725
v 0.05308724 -0.01028106 -0.01795473 0.54117647 0.42352941 0.64313725
v 0.05355058 -0.01028106 -0.01734925 0.54117647 0.42352941 0.64313725
v 0.05218603 -0.01149208 -0.01833241 0.54117647 0.42352941 0.64313725
v 0.05322981 -0.00965757 -0.01813458 0.54117647 0.42352941 0.64313725
v 0.05463510 -0.00423198 -0.01839236 0.54117647 0.42352941 0.64313725
v 0.05416158 -0.00423198 -0.01899784 0.54117647 0.42352941 0.64313725
v 0.05357095 -0.00785903 -0.01855422 0.54117647 0.42352941 0.64313725
v 0.05319417 -0.00712163 -0.01930957 0.54117647 0.42352941 0.64313725
v 0.05306688 -0.00785903 -0.01915970 0.54117647 0.42352941 0.64313725
v 0.05291413 -0.00917796 -0.01874606 0.54117647 0.42352941 0.64313725
v 0.05267482 -0.00678591 -0.02000498 0.54117647 0.42352941 0.64313725
v 0.05215039 -0.00645018 -0.02069439 0.54117647 0.42352941 0.64313725
v 0.05288867 -0.00544300 -0.02018483 0.54117647 0.42352941 0.64313725
v 0.05342838 -0.00544300 -0.01957934 0.54117647 0.42352941 0.64313725
v 0.05478275 -0.00180995 -0.01858419 0.54117647 0.42352941 0.64313725
v 0.05472674 -0.00302097 -0.01850626 0.54117647 0.42352941 0.64313725
v 0.05481330 -0.00060493 -0.01862016 0.54117647 0.42352941 0.64313725
v 0.05481330 0.00060009 -0.01862016 0.54117647 0.42352941 0.64313725
v 0.05478275 0.00181110 -0.01858419 0.54117647 0.42352941 0.64313725
v 0.05472674 0.00302212 -0.01850626 0.54117647 0.42352941 0.64313725
v 0.05533265 0.00302212 -0.01768496 0.54117647 0.42352941 0.64313725
v 0.05569925 0.00387942 -0.01700154 0.54117647 0.42352941 0.64313725
v 0.05563305 0.00468277 -0.01689963 0.54117647 0.42352941 0.64313725
v 0.05555159 0.00544415 -0.01677973 0.54117647 0.42352941 0.64313725
v 0.05580107 0.00664917 -0.01595244 0.54117647 0.42352941 0.64313725
v 0.05569925 0.00739256 -0.01579058 0.54117647 0.42352941 0.64313725
v 0.05557195 0.00819591 -0.01558675 0.54117647 0.42352941 0.64313725
v 0.04693147 -0.02158188 -0.01421992 0.54117647 0.42352941 0.64313725
v 0.04776141 -0.02114423 -0.01387221 0.54117647 0.42352941 0.64313725
v 0.04825020 -0.02043681 -0.01432782 0.54117647 0.42352941 0.64313725
v 0.04869318 -0.01962746 -0.01487336 0.54117647 0.42352941 0.64313725
v 0.04835713 -0.01932171 -0.01568267 0.54117647 0.42352941 0.64313725
v 0.04913615 -0.01888407 -0.01528700 0.54117647 0.42352941 0.64313725
v 0.04957912 -0.01811669 -0.01569466 0.54117647 0.42352941 0.64313725
v 0.04989480 -0.01844642 -0.01488535 0.54117647 0.42352941 0.64313725
v 0.04057713 -0.02459742 -0.01519109 0.54117647 0.42352941 0.64313725
v 0.04100992 -0.02414179 -0.01564070 0.54117647 0.42352941 0.64313725
v 0.04174311 -0.02397393 -0.01538292 0.54117647 0.42352941 0.64313725
v 0.04264942 -0.02315260 -0.01595843 0.54117647 0.42352941 0.64313725
v 0.04291928 -0.02357226 -0.01509517 0.54117647 0.42352941 0.64313725
v 0.04390705 -0.02318857 -0.01483739 0.54117647 0.42352941 0.64313725
v 0.04345899 -0.02293078 -0.01564070 0.54117647 0.42352941 0.64313725
v 0.04424819 -0.02275092 -0.01519109 0.54117647 0.42352941 0.64313725
v 0.04491519 -0.02187564 -0.01586251 0.54117647 0.42352941 0.64313725
v 0.04533780 -0.02212144 -0.01509517 0.54117647 0.42352941 0.64313725
v 0.04571967 -0.02159986 -0.01548484 0.54117647 0.42352941 0.64313725
v 0.04627466 -0.02079651 -0.01602438 0.54117647 0.42352941 0.64313725
v 0.04660561 -0.02119219 -0.01514313 0.54117647 0.42352941 0.64313725
v 0.05421249 0.01040212 -0.01636609 0.54117647 0.42352941 0.64313725
v 0.05335710 0.01113352 -0.01709746 0.54117647 0.42352941 0.64313725
v 0.05367787 0.01151721 -0.01639007 0.54117647 0.42352941 0.64313725
v 0.05299050 0.01280616 -0.01639007 0.54117647 0.42352941 0.64313725
v 0.05321963 0.01327978 -0.01570065 0.54117647 0.42352941 0.64313725
v 0.05315343 0.01193687 -0.01682769 0.54117647 0.42352941 0.64313725
v 0.05342838 0.01390927 -0.01480742 0.54117647 0.42352941 0.64313725
v 0.05477257 0.00902923 -0.01636609 0.54117647 0.42352941 0.64313725
v 0.05433978 0.00940093 -0.01678573 0.54117647 0.42352941 0.64313725
v 0.05216566 0.01591164 -0.01471749 0.54117647 0.42352941 0.64313725
v 0.05146302 0.01638525 -0.01518509 0.54117647 0.42352941 0.64313725
v 0.05075528 0.01686486 -0.01564670 0.54117647 0.42352941 0.64313725
v 0.05105060 0.01721258 -0.01484338 0.54117647 0.42352941 0.64313725
v 0.05070437 0.01802192 -0.01435780 0.54117647 0.42352941 0.64313725
v 0.05025121 0.01879529 -0.01396813 0.54117647 0.42352941 0.64313725
v 0.04950784 0.01925692 -0.01438178 0.54117647 0.42352941 0.64313725
v 0.04903941 0.01999432 -0.01395614 0.54117647 0.42352941 0.64313725
v 0.05216566 0.01471861 -0.01591047 0.54117647 0.42352941 0.64313725
v 0.05256790 0.01502436 -0.01502323 0.54117647 0.42352941 0.64313725
v 0.05302614 0.01390927 -0.01541290 0.54117647 0.42352941 0.64313725
v 0.04825530 0.02044395 -0.01433981 0.54117647 0.42352941 0.64313725
v 0.04745082 0.02077968 -0.01481341 0.54117647 0.42352941 0.64313725
v 0.04708422 0.02048592 -0.01562272 0.54117647 0.42352941 0.64313725
v 0.04627975 0.02080366 -0.01603637 0.54117647 0.42352941 0.64313725
v 0.04587242 0.02048592 -0.01683968 0.54117647 0.42352941 0.64313725
v 0.04506285 0.02076769 -0.01718139 0.54117647 0.42352941 0.64313725
v 0.04445186 0.02157703 -0.01667782 0.54117647 0.42352941 0.64313725
v 0.04364738 0.02182883 -0.01700754 0.54117647 0.42352941 0.64313725
v 0.04409544 0.02208062 -0.01630014 0.54117647 0.42352941 0.64313725
v 0.04295492 0.02203266 -0.01726532 0.54117647 0.42352941 0.64313725
v 0.04229301 0.02175089 -0.01811060 0.54117647 0.42352941 0.64313725
v 0.04179912 0.02241035 -0.01757705 0.54117647 0.42352941 0.64313725
v 0.03932459 0.02407700 -0.01676774 0.54117647 0.42352941 0.64313725
v 0.04053131 0.02323168 -0.01725932 0.54117647 0.42352941 0.64313725
v 0.04053131 0.02277006 -0.01786481 0.54117647 0.42352941 0.64313725
v 0.03790403 0.02431680 -0.01710346 0.54117647 0.42352941 0.64313725
v 0.03978284 0.02293193 -0.01807463 0.54117647 0.42352941 0.64313725
v 0.03897836 0.02308780 -0.01827246 0.54117647 0.42352941 0.64313725
v 0.03822990 0.02390913 -0.01752310 0.54117647 0.42352941 0.64313725
v 0.03690098 0.02401705 -0.01790677 0.54117647 0.42352941 0.64313725
v 0.03599977 0.02413095 -0.01806264 0.54117647 0.42352941 0.64313725
v 0.03448756 0.02428083 -0.01825447 0.54117647 0.42352941 0.64313725
v 0.03563317 0.02375326 -0.01865014 0.54117647 0.42352941 0.64313725
v 0.03569427 0.02308181 -0.01947144 0.54117647 0.42352941 0.64313725
v 0.03448756 0.02380722 -0.01885996 0.54117647 0.42352941 0.64313725
v 0.03327575 0.02389115 -0.01897386 0.54117647 0.42352941 0.64313725
v 0.03206904 0.02395110 -0.01903980 0.54117647 0.42352941 0.64313725
v 0.03085723 0.02396908 -0.01906978 0.54117647 0.42352941 0.64313725
v 0.03085723 0.02443671 -0.01846430 0.54117647 0.42352941 0.64313725
v 0.02964542 0.02396309 -0.01906378 0.54117647 0.42352941 0.64313725
v 0.02964542 0.02336358 -0.01979516 0.54117647 0.42352941 0.64313725
v 0.02843871 0.02332161 -0.01974720 0.54117647 0.42352941 0.64313725
v 0.02722691 0.02325567 -0.01967526 0.54117647 0.42352941 0.64313725
v 0.02359658 0.02394510 -0.01781085 0.54117647 0.42352941 0.64313725
v 0.02510879 0.02305783 -0.01944146 0.54117647 0.42352941 0.64313725
v 0.02474729 0.02344151 -0.01885396 0.54117647 0.42352941 0.64313725
v 0.02722691 0.02272809 -0.02028075 0.54117647 0.42352941 0.64313725
v 0.02601510 0.02262618 -0.02016085 0.54117647 0.42352941 0.64313725
v 0.02429922 0.02296190 -0.01932756 0.54117647 0.42352941 0.64313725
v 0.02359658 0.02334559 -0.01859618 0.54117647 0.42352941 0.64313725
v 0.02044996 0.02425086 -0.01580856 0.54117647 0.42352941 0.64313725
v 0.02001208 0.02448467 -0.01512514 0.54117647 0.42352941 0.64313725
v 0.01991534 0.02515013 -0.01392017 0.54117647 0.42352941 0.64313725
v 0.02238987 0.02314775 -0.01835039 0.54117647 0.42352941 0.64313725
v 0.02237968 0.02380122 -0.01748113 0.54117647 0.42352941 0.64313725
v 0.02197235 0.02413095 -0.01683968 0.54117647 0.42352941 0.64313725
v 0.02117806 0.02398108 -0.01662387 0.54117647 0.42352941 0.64313725
v 0.01909559 0.02432280 -0.01472349 0.54117647 0.42352941 0.64313725
v 0.01871881 0.02458658 -0.01396214 0.54117647 0.42352941 0.64313725
v 0.01829111 0.02413095 -0.01439976 0.54117647 0.42352941 0.64313725
v 0.01747645 0.02395709 -0.01396214 0.54117647 0.42352941 0.64313725
v 0.01674326 0.02310579 -0.01469951 0.54117647 0.42352941 0.64313725
v 0.01634102 0.02333960 -0.01390818 0.54117647 0.42352941 0.64313725
v 0.01556200 0.02309979 -0.01350053 0.54117647 0.42352941 0.64313725
v 0.00911601 0.01958665 -0.01245142 0.54117647 0.42352941 0.64313725
v 0.02124425 -0.02330847 -0.01756506 0.54117647 0.42352941 0.64313725
v 0.02088784 -0.02285884 -0.01797871 0.54117647 0.42352941 0.64313725
v 0.02198763 -0.02412381 -0.01683369 0.54117647 0.42352941 0.64313725
v 0.02238987 -0.02379408 -0.01748113 0.54117647 0.42352941 0.64313725
v 0.02238987 -0.02314660 -0.01834440 0.54117647 0.42352941 0.64313725
v 0.02359658 -0.02394395 -0.01779886 0.54117647 0.42352941 0.64313725
v 0.02359658 -0.02438160 -0.01719338 0.54117647 0.42352941 0.64313725
v 0.02601510 -0.02526888 -0.01671978 0.54117647 0.42352941 0.64313725
v 0.02480839 -0.02453148 -0.01740920 0.54117647 0.42352941 0.64313725
v 0.00911601 -0.01758313 -0.01511315 0.54117647 0.42352941 0.64313725
v 0.01610172 -0.02030491 -0.01784682 0.54117647 0.42352941 0.64313725
v 0.01754774 -0.02078452 -0.01839236 0.54117647 0.42352941 0.64313725
v 0.01555691 -0.01949557 -0.01829644 0.54117647 0.42352941 0.64313725
v 0.01648868 -0.01985528 -0.01863815 0.54117647 0.42352941 0.64313725
v 0.01687564 -0.01940565 -0.01940549 0.54117647 0.42352941 0.64313725
v 0.01754774 -0.02022698 -0.01899185 0.54117647 0.42352941 0.64313725
v 0.01876463 -0.02116821 -0.01874606 0.54117647 0.42352941 0.64313725
v 0.01912614 -0.02070059 -0.01949542 0.54117647 0.42352941 0.64313725
v 0.01996626 -0.02152792 -0.01906978 0.54117647 0.42352941 0.64313725
v 0.01996626 -0.02204350 -0.01846430 0.54117647 0.42352941 0.64313725
v 0.02722691 -0.02574249 -0.01625818 0.54117647 0.42352941 0.64313725
v 0.02836743 -0.02574249 -0.01644402 0.54117647 0.42352941 0.64313725
v 0.02964542 -0.02589237 -0.01633012 0.54117647 0.42352941 0.64313725
v 0.03085723 -0.02589837 -0.01633012 0.54117647 0.42352941 0.64313725
v 0.03206904 -0.02585640 -0.01633012 0.54117647 0.42352941 0.64313725
v 0.03206904 -0.02642594 -0.01539491 0.54117647 0.42352941 0.64313725
v 0.03206904 -0.02676766 -0.01478943 0.54117647 0.42352941 0.64313725
v 0.04020035 -0.02430966 -0.01589848 0.54117647 0.42352941 0.64313725
v 0.03327575 -0.02637798 -0.01530499 0.54117647 0.42352941 0.64313725
v 0.03455375 -0.02635400 -0.01504721 0.54117647 0.42352941 0.64313725
v 0.03569427 -0.02558662 -0.01600639 0.54117647 0.42352941 0.64313725
v 0.03569427 -0.02519694 -0.01661188 0.54117647 0.42352941 0.64313725
v 0.03696208 -0.02510701 -0.01628216 0.54117647 0.42352941 0.64313725
v 0.03788876 -0.02430966 -0.01709746 0.54117647 0.42352941 0.64313725
v 0.03821971 -0.02464538 -0.01644402 0.54117647 0.42352941 0.64313725
v 0.03869323 -0.02418975 -0.01692361 0.54117647 0.42352941 0.64313725
v 0.03932459 -0.02447752 -0.01615027 0.54117647 0.42352941 0.64313725
v 0.05075019 -0.01685772 -0.01564070 0.54117647 0.42352941 0.64313725
v 0.05032249 -0.01766706 -0.01526303 0.54117647 0.42352941 0.64313725
v 0.05106587 -0.01604837 -0.01604836 0.54117647 0.42352941 0.64313725
v 0.05075019 -0.01564071 -0.01685767 0.54117647 0.42352941 0.64313725
v 0.05104550 -0.01483136 -0.01721136 0.54117647 0.42352941 0.64313725
v 0.05097422 -0.01354241 -0.01832641 0.54117647 0.42352941 0.64313725
v 0.05069927 -0.01435175 -0.01801468 0.54117647 0.42352941 0.64313725
v 0.05086221 -0.01216953 -0.01939950 0.54117647 0.42352941 0.64313725
v 0.05165141 -0.01149208 -0.01893789 0.54117647 0.42352941 0.64313725
v 0.05189071 -0.01060480 -0.01920167 0.54117647 0.42352941 0.64313725
v 0.05132045 -0.01253523 -0.01863815 0.54117647 0.42352941 0.64313725
v 0.05242533 -0.01023310 -0.01878202 0.54117647 0.42352941 0.64313725
v 0.05208419 -0.00979546 -0.01941748 0.54117647 0.42352941 0.64313725
v 0.05355567 -0.00423198 -0.01972322 0.54117647 0.42352941 0.64313725
v 0.05425322 -0.00302097 -0.01911174 0.54117647 0.42352941 0.64313725
v 0.05246097 -0.00785903 -0.01984312 0.54117647 0.42352941 0.64313725
v 0.05202819 -0.00725353 -0.02056850 0.54117647 0.42352941 0.64313725
v 0.05223694 -0.00907005 -0.01958534 0.54117647 0.42352941 0.64313725
v 0.05093858 -0.00645018 -0.02189337 0.54117647 0.42352941 0.64313725
v 0.05168705 -0.00544300 -0.02144375 0.54117647 0.42352941 0.64313725
v 0.05228786 -0.00544300 -0.02083827 0.54117647 0.42352941 0.64313725
v 0.05081638 -0.00725952 -0.02177947 0.54117647 0.42352941 0.64313725
v 0.05302105 -0.00423198 -0.02032870 0.54117647 0.42352941 0.64313725
v 0.05430923 -0.00180995 -0.01918968 0.54117647 0.42352941 0.64313725
v 0.05433978 -0.00060493 -0.01922565 0.54117647 0.42352941 0.64313725
v 0.05433978 0.00060009 -0.01922565 0.54117647 0.42352941 0.64313725
v 0.05430923 0.00181110 -0.01918968 0.54117647 0.42352941 0.64313725
v 0.05424813 0.00302212 -0.01911174 0.54117647 0.42352941 0.64313725
v 0.05463510 0.00423313 -0.01839236 0.54117647 0.42352941 0.64313725
v 0.05530719 0.00426311 -0.01745716 0.54117647 0.42352941 0.64313725
v 0.05453835 0.00522832 -0.01826047 0.54117647 0.42352941 0.64313725
v 0.05489986 0.00555806 -0.01766098 0.54117647 0.42352941 0.64313725
v 0.05444671 0.00603167 -0.01814057 0.54117647 0.42352941 0.64313725
v 0.05480312 0.00664917 -0.01742118 0.54117647 0.42352941 0.64313725
v 0.05540393 0.00664917 -0.01655193 0.54117647 0.42352941 0.64313725
v 0.05526137 0.00781822 -0.01625218 0.54117647 0.42352941 0.64313725
v 0.05449762 0.00859758 -0.01700754 0.54117647 0.42352941 0.64313725
v 0.04744064 -0.02077853 -0.01480742 0.54117647 0.42352941 0.64313725
v 0.04789888 -0.02005911 -0.01524504 0.54117647 0.42352941 0.64313725
v 0.04708422 -0.02048477 -0.01561673 0.54117647 0.42352941 0.64313725
v 0.04755265 -0.01967543 -0.01611430 0.54117647 0.42352941 0.64313725
v 0.04717587 -0.01934569 -0.01692361 0.54117647 0.42352941 0.64313725
v 0.04841314 -0.01816465 -0.01695358 0.54117647 0.42352941 0.64313725
v 0.04869318 -0.01843443 -0.01633012 0.54117647 0.42352941 0.64313725
v 0.04929908 -0.01782293 -0.01633012 0.54117647 0.42352941 0.64313725
v 0.04960967 -0.01693565 -0.01693560 0.54117647 0.42352941 0.64313725
v 0.04985915 -0.01721742 -0.01633012 0.54117647 0.42352941 0.64313725
v 0.04057713 -0.02386602 -0.01631213 0.54117647 0.42352941 0.64313725
v 0.04128487 -0.02305668 -0.01703152 0.54117647 0.42352941 0.64313725
v 0.04170747 -0.02333245 -0.01634810 0.54117647 0.42352941 0.64313725
v 0.04208934 -0.02286483 -0.01676774 0.54117647 0.42352941 0.64313725
v 0.04301602 -0.02266699 -0.01634810 0.54117647 0.42352941 0.64313725
v 0.04364738 -0.02183367 -0.01700754 0.54117647 0.42352941 0.64313725
v 0.04409544 -0.02207947 -0.01629415 0.54117647 0.42352941 0.64313725
v 0.04445186 -0.02156989 -0.01667182 0.54117647 0.42352941 0.64313725
v 0.04538871 -0.02118620 -0.01634810 0.54117647 0.42352941 0.64313725
v 0.04585714 -0.02047877 -0.01682769 0.54117647 0.42352941 0.64313725
v 0.05355058 0.01028221 -0.01735524 0.54117647 0.42352941 0.64313725
v 0.05309233 0.01028221 -0.01796072 0.54117647 0.42352941 0.64313725
v 0.05219112 0.01149323 -0.01833840 0.54117647 0.42352941 0.64313725
v 0.05283266 0.01151721 -0.01751710 0.54117647 0.42352941 0.64313725
v 0.05211984 0.01345364 -0.01705550 0.54117647 0.42352941 0.64313725
v 0.05239988 0.01387929 -0.01632412 0.54117647 0.42352941 0.64313725
v 0.05202819 0.01209874 -0.01814657 0.54117647 0.42352941 0.64313725
v 0.05227767 0.01258434 -0.01749312 0.54117647 0.42352941 0.64313725
v 0.05386626 0.00913115 -0.01757106 0.54117647 0.42352941 0.64313725
v 0.05322981 0.00966472 -0.01814057 0.54117647 0.42352941 0.64313725
v 0.05187544 0.01552195 -0.01552081 0.54117647 0.42352941 0.64313725
v 0.05107096 0.01605552 -0.01606035 0.54117647 0.42352941 0.64313725
v 0.05076037 0.01564785 -0.01686366 0.54117647 0.42352941 0.64313725
v 0.05050579 0.01640923 -0.01640805 0.54117647 0.42352941 0.64313725
v 0.04960967 0.01693680 -0.01694159 0.54117647 0.42352941 0.64313725
v 0.04986425 0.01722457 -0.01633012 0.54117647 0.42352941 0.64313725
v 0.04958421 0.01812384 -0.01570065 0.54117647 0.42352941 0.64313725
v 0.05032758 0.01766821 -0.01526902 0.54117647 0.42352941 0.64313725
v 0.04989989 0.01845357 -0.01489134 0.54117647 0.42352941 0.64313725
v 0.04836731 0.01932886 -0.01568866 0.54117647 0.42352941 0.64313725
v 0.04870336 0.01963461 -0.01488535 0.54117647 0.42352941 0.64313725
v 0.04914124 0.01889121 -0.01529300 0.54117647 0.42352941 0.64313725
v 0.05146302 0.01518623 -0.01639007 0.54117647 0.42352941 0.64313725
v 0.05185507 0.01425698 -0.01671978 0.54117647 0.42352941 0.64313725
v 0.04790907 0.02006026 -0.01525104 0.54117647 0.42352941 0.64313725
v 0.04755774 0.01968257 -0.01612029 0.54117647 0.42352941 0.64313725
v 0.04717587 0.01934684 -0.01692960 0.54117647 0.42352941 0.64313725
v 0.04672781 0.02008424 -0.01647999 0.54117647 0.42352941 0.64313725
v 0.04637140 0.01968257 -0.01730728 0.54117647 0.42352941 0.64313725
v 0.04593861 0.01932886 -0.01811659 0.54117647 0.42352941 0.64313725
v 0.04550073 0.02005427 -0.01764899 0.54117647 0.42352941 0.64313725
v 0.04410562 0.02113339 -0.01749912 0.54117647 0.42352941 0.64313725
v 0.04455878 0.02042597 -0.01799070 0.54117647 0.42352941 0.64313725
v 0.04295492 0.02154706 -0.01787080 0.54117647 0.42352941 0.64313725
v 0.04182967 0.02142116 -0.01875205 0.54117647 0.42352941 0.64313725
v 0.04148853 0.02194873 -0.01834440 0.54117647 0.42352941 0.64313725
v 0.04375430 0.02069575 -0.01829044 0.54117647 0.42352941 0.64313725
v 0.04284800 0.02088160 -0.01871608 0.54117647 0.42352941 0.64313725
v 0.04237447 0.02058184 -0.01937552 0.54117647 0.42352941 0.64313725
v 0.04041929 0.02209261 -0.01875205 0.54117647 0.42352941 0.64313725
v 0.03994068 0.02178086 -0.01936353 0.54117647 0.42352941 0.64313725
v 0.03935515 0.02257822 -0.01871009 0.54117647 0.42352941 0.64313725
v 0.03811279 0.02274008 -0.01906378 0.54117647 0.42352941 0.64313725
v 0.03811279 0.02323168 -0.01845830 0.54117647 0.42352941 0.64313725
v 0.03682461 0.02333960 -0.01880600 0.54117647 0.42352941 0.64313725
v 0.03637146 0.02300987 -0.01938151 0.54117647 0.42352941 0.64313725
v 0.03448756 0.02320171 -0.01960332 0.54117647 0.42352941 0.64313725
v 0.03569427 0.02254824 -0.02007692 0.54117647 0.42352941 0.64313725
v 0.03327575 0.02329164 -0.01971123 0.54117647 0.42352941 0.64313725
v 0.03206904 0.02334559 -0.01977718 0.54117647 0.42352941 0.64313725
v 0.03085723 0.02336358 -0.01980115 0.54117647 0.42352941 0.64313725
v 0.03085723 0.02284200 -0.02040664 0.54117647 0.42352941 0.64313725
v 0.02964542 0.02283601 -0.02040064 0.54117647 0.42352941 0.64313725
v 0.02843871 0.02280003 -0.02035269 0.54117647 0.42352941 0.64313725
v 0.02474729 0.02257222 -0.01989108 0.54117647 0.42352941 0.64313725
v 0.02722691 0.02212259 -0.02093419 0.54117647 0.42352941 0.64313725
v 0.02601510 0.02202067 -0.02082628 0.54117647 0.42352941 0.64313725
v 0.02480839 0.02188278 -0.02067641 0.54117647 0.42352941 0.64313725
v 0.02413629 0.02179885 -0.02058649 0.54117647 0.42352941 0.64313725
v 0.02367805 0.02217055 -0.02001697 0.54117647 0.42352941 0.64313725
v 0.02359658 0.02285999 -0.01920167 0.54117647 0.42352941 0.64313725
v 0.01996626 0.02312377 -0.01712144 0.54117647 0.42352941 0.64313725
v 0.02001208 0.02374727 -0.01625818 0.54117647 0.42352941 0.64313725
v 0.01964039 0.02407100 -0.01553280 0.54117647 0.42352941 0.64313725
v 0.02169232 0.02302186 -0.01818853 0.54117647 0.42352941 0.64313725
v 0.02238987 0.02265016 -0.01895588 0.54117647 0.42352941 0.64313725
v 0.02124425 0.02332161 -0.01756506 0.54117647 0.42352941 0.64313725
v 0.01871881 0.02388515 -0.01512514 0.54117647 0.42352941 0.64313725
v 0.01801616 0.02306382 -0.01583854 0.54117647 0.42352941 0.64313725
v 0.01758338 0.02330363 -0.01511315 0.54117647 0.42352941 0.64313725
v 0.01720660 0.02284200 -0.01550882 0.54117647 0.42352941 0.64313725
v 0.01634102 0.02257822 -0.01511315 0.54117647 0.42352941 0.64313725
v 0.01593878 0.02285999 -0.01430384 0.54117647 0.42352941 0.64313725
v 0.00911601 0.01917298 -0.01307489 0.54117647 0.42352941 0.64313725
v 0.02169741 -0.02302071 -0.01818853 0.54117647 0.42352941 0.64313725
v 0.02072491 -0.02171377 -0.01927960 0.54117647 0.42352941 0.64313725
v 0.02120861 -0.02236724 -0.01873407 0.54117647 0.42352941 0.64313725
v 0.02359658 -0.02333845 -0.01858419 0.54117647 0.42352941 0.64313725
v 0.02238987 -0.02264901 -0.01894988 0.54117647 0.42352941 0.64313725
v 0.02359658 -0.02284685 -0.01918968 0.54117647 0.42352941 0.64313725
v 0.02480839 -0.02409983 -0.01801468 0.54117647 0.42352941 0.64313725
v 0.02550594 -0.02417776 -0.01812259 0.54117647 0.42352941 0.64313725
v 0.02595400 -0.02460342 -0.01764899 0.54117647 0.42352941 0.64313725
v 0.02631041 -0.02425570 -0.01822450 0.54117647 0.42352941 0.64313725
v 0.02722691 -0.02488519 -0.01754108 0.54117647 0.42352941 0.64313725
v 0.02722691 -0.02535880 -0.01686366 0.54117647 0.42352941 0.64313725
v 0.00911601 -0.01699560 -0.01578458 0.54117647 0.42352941 0.64313725
v 0.01832166 -0.02046678 -0.01924963 0.54117647 0.42352941 0.64313725
v 0.01606607 -0.01909989 -0.01909975 0.54117647 0.42352941 0.64313725
v 0.00911601 -0.01647403 -0.01633012 0.54117647 0.42352941 0.64313725
v 0.01754774 -0.01962147 -0.01962131 0.54117647 0.42352941 0.64313725
v 0.01555182 -0.01829655 -0.01949542 0.54117647 0.42352941 0.64313725
v 0.01648868 -0.01863827 -0.01985511 0.54117647 0.42352941 0.64313725
v 0.01691128 -0.01817065 -0.02058649 0.54117647 0.42352941 0.64313725
v 0.01754774 -0.01899198 -0.02022679 0.54117647 0.42352941 0.64313725
v 0.01832166 -0.01924977 -0.02046659 0.54117647 0.42352941 0.64313725
v 0.01996626 -0.02092241 -0.01972922 0.54117647 0.42352941 0.64313725
v 0.01872390 -0.01998118 -0.01998100 0.54117647 0.42352941 0.64313725
v 0.01912614 -0.01949557 -0.02070039 0.54117647 0.42352941 0.64313725
v 0.01996626 -0.02033489 -0.02033470 0.54117647 0.42352941 0.64313725
v 0.02791427 -0.02540077 -0.01692361 0.54117647 0.42352941 0.64313725
v 0.02872384 -0.02543674 -0.01697756 0.54117647 0.42352941 0.64313725
v 0.02964542 -0.02546072 -0.01701353 0.54117647 0.42352941 0.64313725
v 0.03085723 -0.02546072 -0.01701953 0.54117647 0.42352941 0.64313725
v 0.03206904 -0.02544274 -0.01698955 0.54117647 0.42352941 0.64313725
v 0.03278695 -0.02541875 -0.01695958 0.54117647 0.42352941 0.64313725
v 0.03932459 -0.02406985 -0.01675575 0.54117647 0.42352941 0.64313725
v 0.03322483 -0.02570652 -0.01642004 0.54117647 0.42352941 0.64313725
v 0.03448756 -0.02568854 -0.01617425 0.54117647 0.42352941 0.64313725
v 0.03448756 -0.02530485 -0.01677973 0.54117647 0.42352941 0.64313725
v 0.03561790 -0.02452548 -0.01760703 0.54117647 0.42352941 0.64313725
v 0.03690098 -0.02444755 -0.01728930 0.54117647 0.42352941 0.64313725
v 0.03690098 -0.02400990 -0.01789478 0.54117647 0.42352941 0.64313725
v 0.03821971 -0.02390199 -0.01751710 0.54117647 0.42352941 0.64313725
v 0.03897327 -0.02308665 -0.01827246 0.54117647 0.42352941 0.64313725
v 0.03935515 -0.02342837 -0.01761902 0.54117647 0.42352941 0.64313725
v 0.04958421 -0.01569466 -0.01812259 0.54117647 0.42352941 0.64313725
v 0.05032249 -0.01526301 -0.01766698 0.54117647 0.42352941 0.64313725
v 0.04985915 -0.01633015 -0.01722335 0.54117647 0.42352941 0.64313725
v 0.05024612 -0.01396207 -0.01878802 0.54117647 0.42352941 0.64313725
v 0.04979296 -0.01357239 -0.01954337 0.54117647 0.42352941 0.64313725
v 0.05059744 -0.01297288 -0.01912973 0.54117647 0.42352941 0.64313725
v 0.04989480 -0.01489132 -0.01845231 0.54117647 0.42352941 0.64313725
v 0.04950784 -0.01438173 -0.01925562 0.54117647 0.42352941 0.64313725
v 0.04964531 -0.01215154 -0.02059848 0.54117647 0.42352941 0.64313725
v 0.05044469 -0.01149208 -0.02020281 0.54117647 0.42352941 0.64313725
v 0.05105060 -0.01149208 -0.01959733 0.54117647 0.42352941 0.64313725
v 0.04937545 -0.01296089 -0.02034669 0.54117647 0.42352941 0.64313725
v 0.05068909 -0.01064077 -0.02044261 0.54117647 0.42352941 0.64313725
v 0.05139173 -0.01022111 -0.01992705 0.54117647 0.42352941 0.64313725
v 0.05089785 -0.00983743 -0.02064643 0.54117647 0.42352941 0.64313725
v 0.05167177 -0.00907005 -0.02019082 0.54117647 0.42352941 0.64313725
v 0.05312289 -0.00302097 -0.02043661 0.54117647 0.42352941 0.64313725
v 0.05364732 -0.00302097 -0.01983712 0.54117647 0.42352941 0.64313725
v 0.05370842 -0.00180995 -0.01990906 0.54117647 0.42352941 0.64313725
v 0.05191108 -0.00785903 -0.02044860 0.54117647 0.42352941 0.64313725
v 0.05131027 -0.00785903 -0.02106008 0.54117647 0.42352941 0.64313725
v 0.05025121 -0.00676193 -0.02241493 0.54117647 0.42352941 0.64313725
v 0.04968095 -0.00627033 -0.02305038 0.54117647 0.42352941 0.64313725
v 0.05040905 -0.00544300 -0.02263074 0.54117647 0.42352941 0.64313725
v 0.05108115 -0.00544300 -0.02202526 0.54117647 0.42352941 0.64313725
v 0.05182452 -0.00423198 -0.02158164 0.54117647 0.42352941 0.64313725
v 0.05241515 -0.00423198 -0.02097615 0.54117647 0.42352941 0.64313725
v 0.04954347 -0.00707967 -0.02293648 0.54117647 0.42352941 0.64313725
v 0.05069418 -0.00785903 -0.02165957 0.54117647 0.42352941 0.64313725
v 0.05008828 -0.00785903 -0.02219911 0.54117647 0.42352941 0.64313725
v 0.05373897 -0.00060493 -0.01993904 0.54117647 0.42352941 0.64313725
v 0.05373897 0.00060009 -0.01993904 0.54117647 0.42352941 0.64313725
v 0.05370333 0.00181110 -0.01990307 0.54117647 0.42352941 0.64313725
v 0.05364223 0.00302212 -0.01983113 0.54117647 0.42352941 0.64313725
v 0.05355058 0.00423313 -0.01972322 0.54117647 0.42352941 0.64313725
v 0.05415649 0.00423313 -0.01899185 0.54117647 0.42352941 0.64313725
v 0.05342838 0.00544415 -0.01957934 0.54117647 0.42352941 0.64313725
v 0.05411575 0.00555806 -0.01869810 0.54117647 0.42352941 0.64313725
v 0.05331637 0.00631944 -0.01944746 0.54117647 0.42352941 0.64313725
v 0.05369824 0.00669713 -0.01884797 0.54117647 0.42352941 0.64313725
v 0.05436015 0.00664917 -0.01802667 0.54117647 0.42352941 0.64313725
v 0.05461982 0.00786018 -0.01717539 0.54117647 0.42352941 0.64313725
v 0.05339274 0.00885537 -0.01833840 0.54117647 0.42352941 0.64313725
v 0.05417176 0.00786018 -0.01778088 0.54117647 0.42352941 0.64313725
v 0.04672272 -0.02007710 -0.01647399 0.54117647 0.42352941 0.64313725
v 0.04636630 -0.01967543 -0.01729529 0.54117647 0.42352941 0.64313725
v 0.04592843 -0.01931572 -0.01810460 0.54117647 0.42352941 0.64313725
v 0.04669726 -0.01909390 -0.01763700 0.54117647 0.42352941 0.64313725
v 0.04720133 -0.01815866 -0.01816455 0.54117647 0.42352941 0.64313725
v 0.04767994 -0.01839846 -0.01743317 0.54117647 0.42352941 0.64313725
v 0.04801090 -0.01776298 -0.01776289 0.54117647 0.42352941 0.64313725
v 0.04841314 -0.01695364 -0.01816455 0.54117647 0.42352941 0.64313725
v 0.04053131 -0.02321854 -0.01725333 0.54117647 0.42352941 0.64313725
v 0.04053131 -0.02276291 -0.01785881 0.54117647 0.42352941 0.64313725
v 0.04177366 -0.02240321 -0.01756506 0.54117647 0.42352941 0.64313725
v 0.04226755 -0.02173775 -0.01809861 0.54117647 0.42352941 0.64313725
v 0.04295492 -0.02202551 -0.01725333 0.54117647 0.42352941 0.64313725
v 0.04295492 -0.02153991 -0.01785881 0.54117647 0.42352941 0.64313725
v 0.04375430 -0.02068860 -0.01828445 0.54117647 0.42352941 0.64313725
v 0.04410562 -0.02113224 -0.01749312 0.54117647 0.42352941 0.64313725
v 0.04505267 -0.02076654 -0.01717539 0.54117647 0.42352941 0.64313725
v 0.04549055 -0.02004712 -0.01764300 0.54117647 0.42352941 0.64313725
v 0.05243042 0.01023425 -0.01878202 0.54117647 0.42352941 0.64313725
v 0.05165650 0.01149323 -0.01894389 0.54117647 0.42352941 0.64313725
v 0.05188562 0.01060595 -0.01920167 0.54117647 0.42352941 0.64313725
v 0.05097931 0.01355555 -0.01832641 0.54117647 0.42352941 0.64313725
v 0.05141719 0.01390927 -0.01754108 0.54117647 0.42352941 0.64313725
v 0.05178379 0.01290808 -0.01785881 0.54117647 0.42352941 0.64313725
v 0.05086221 0.01217667 -0.01940549 0.54117647 0.42352941 0.64313725
v 0.05132554 0.01254238 -0.01864414 0.54117647 0.42352941 0.64313725
v 0.05291922 0.00918511 -0.01874606 0.54117647 0.42352941 0.64313725
v 0.05208419 0.00980260 -0.01942348 0.54117647 0.42352941 0.64313725
v 0.05032758 0.01527016 -0.01766698 0.54117647 0.42352941 0.64313725
v 0.04958421 0.01569581 -0.01812259 0.54117647 0.42352941 0.64313725
v 0.04986934 0.01633130 -0.01722335 0.54117647 0.42352941 0.64313725
v 0.05104550 0.01484450 -0.01721736 0.54117647 0.42352941 0.64313725
v 0.05070946 0.01435890 -0.01802067 0.54117647 0.42352941 0.64313725
v 0.04930417 0.01633130 -0.01782884 0.54117647 0.42352941 0.64313725
v 0.04842332 0.01696078 -0.01817055 0.54117647 0.42352941 0.64313725
v 0.04882556 0.01735646 -0.01735524 0.54117647 0.42352941 0.64313725
v 0.04842332 0.01817180 -0.01695958 0.54117647 0.42352941 0.64313725
v 0.04870336 0.01844757 -0.01633012 0.54117647 0.42352941 0.64313725
v 0.04720642 0.01816580 -0.01816455 0.54117647 0.42352941 0.64313725
v 0.04459442 0.01923294 -0.01923164 0.54117647 0.42352941 0.64313725
v 0.04512904 0.01962262 -0.01842833 0.54117647 0.42352941 0.64313725
v 0.04658015 0.01844158 -0.01844032 0.54117647 0.42352941 0.64313725
v 0.04593861 0.01811185 -0.01932756 0.54117647 0.42352941 0.64313725
v 0.04553637 0.01887922 -0.01887794 0.54117647 0.42352941 0.64313725
v 0.04417691 0.01997034 -0.01876404 0.54117647 0.42352941 0.64313725
v 0.04174311 0.02074371 -0.01954937 0.54117647 0.42352941 0.64313725
v 0.04075025 0.02159502 -0.01915371 0.54117647 0.42352941 0.64313725
v 0.04317895 0.02032405 -0.01909975 0.54117647 0.42352941 0.64313725
v 0.04378995 0.01951471 -0.01951940 0.54117647 0.42352941 0.64313725
v 0.04277671 0.01985043 -0.01984911 0.54117647 0.42352941 0.64313725
v 0.04236938 0.01937083 -0.02058049 0.54117647 0.42352941 0.64313725
v 0.04174311 0.02015019 -0.02014886 0.54117647 0.42352941 0.64313725
v 0.03932459 0.02191276 -0.01950741 0.54117647 0.42352941 0.64313725
v 0.04036837 0.02109742 -0.01987909 0.54117647 0.42352941 0.64313725
v 0.03999160 0.02059982 -0.02059848 0.54117647 0.42352941 0.64313725
v 0.03932459 0.02134921 -0.02011289 0.54117647 0.42352941 0.64313725
v 0.03717593 0.02288996 -0.01924363 0.54117647 0.42352941 0.64313725
v 0.03811279 0.02213458 -0.01975919 0.54117647 0.42352941 0.64313725
v 0.03685007 0.02236839 -0.01994503 0.54117647 0.42352941 0.64313725
v 0.03652420 0.02184082 -0.02063444 0.54117647 0.42352941 0.64313725
v 0.03448756 0.02266814 -0.02020881 0.54117647 0.42352941 0.64313725
v 0.03327575 0.02276406 -0.02031672 0.54117647 0.42352941 0.64313725
v 0.03569427 0.02194273 -0.02074235 0.54117647 0.42352941 0.64313725
v 0.03206904 0.02282402 -0.02038266 0.54117647 0.42352941 0.64313725
v 0.03085723 0.02223649 -0.02105409 0.54117647 0.42352941 0.64313725
v 0.02964542 0.02223649 -0.02104809 0.54117647 0.42352941 0.64313725
v 0.02843871 0.02219453 -0.02100613 0.54117647 0.42352941 0.64313725
v 0.02843871 0.02161300 -0.02161161 0.54117647 0.42352941 0.64313725
v 0.02722691 0.02153507 -0.02153967 0.54117647 0.42352941 0.64313725
v 0.02601510 0.02142715 -0.02143176 0.54117647 0.42352941 0.64313725
v 0.02480839 0.02127727 -0.02128189 0.54117647 0.42352941 0.64313725
v 0.02333182 0.02166696 -0.02045460 0.54117647 0.42352941 0.64313725
v 0.02480839 0.02067177 -0.02188138 0.54117647 0.42352941 0.64313725
v 0.02414648 0.02058184 -0.02179146 0.54117647 0.42352941 0.64313725
v 0.02373915 0.02112740 -0.02112603 0.54117647 0.42352941 0.64313725
v 0.02238987 0.02204465 -0.01966327 0.54117647 0.42352941 0.64313725
v 0.02088784 0.02285999 -0.01798471 0.54117647 0.42352941 0.64313725
v 0.01996626 0.02265615 -0.01772692 0.54117647 0.42352941 0.64313725
v 0.01936035 0.02298589 -0.01694159 0.54117647 0.42352941 0.64313725
v 0.01887665 0.02320171 -0.01627616 0.54117647 0.42352941 0.64313725
v 0.02120861 0.02237438 -0.01874006 0.54117647 0.42352941 0.64313725
v 0.02153447 0.02188278 -0.01947144 0.54117647 0.42352941 0.64313725
v 0.01855078 0.02277605 -0.01664185 0.54117647 0.42352941 0.64313725
v 0.01751719 0.02240436 -0.01636009 0.54117647 0.42352941 0.64313725
v 0.01701821 0.02173290 -0.01688164 0.54117647 0.42352941 0.64313725
v 0.01633593 0.02196671 -0.01598841 0.54117647 0.42352941 0.64313725
v 0.01573003 0.02177487 -0.01573063 0.54117647 0.42352941 0.64313725
v 0.00911601 0.01851352 -0.01398012 0.54117647 0.42352941 0.64313725
v 0.02152938 -0.02188163 -0.01947144 0.54117647 0.42352941 0.64313725
v 0.02067399 -0.02052074 -0.02052054 0.54117647 0.42352941 0.64313725
v 0.02110169 -0.02120418 -0.01999299 0.54117647 0.42352941 0.64313725
v 0.02433996 -0.02295476 -0.01931557 0.54117647 0.42352941 0.64313725
v 0.02238987 -0.02204350 -0.01965128 0.54117647 0.42352941 0.64313725
v 0.02336746 -0.02165981 -0.02044261 0.54117647 0.42352941 0.64313725
v 0.02370350 -0.02215141 -0.02001098 0.54117647 0.42352941 0.64313725
v 0.02476765 -0.02342837 -0.01884797 0.54117647 0.42352941 0.64313725
v 0.02514952 -0.02305068 -0.01943547 0.54117647 0.42352941 0.64313725
v 0.02595400 -0.02383005 -0.01868011 0.54117647 0.42352941 0.64313725
v 0.02601510 -0.02314660 -0.01954337 0.54117647 0.42352941 0.64313725
v 0.02722691 -0.02384803 -0.01891991 0.54117647 0.42352941 0.64313725
v 0.02722691 -0.02432165 -0.01831442 0.54117647 0.42352941 0.64313725
v 0.02843871 -0.02438759 -0.01839835 0.54117647 0.42352941 0.64313725
v 0.02836743 -0.02507104 -0.01744517 0.54117647 0.42352941 0.64313725
v 0.00911601 -0.01640209 -0.01640205 0.54117647 0.42352941 0.64313725
v 0.01610172 -0.01784691 -0.02030473 0.54117647 0.42352941 0.64313725
v 0.00911601 -0.01579059 -0.01699555 0.54117647 0.42352941 0.64313725
v 0.01754774 -0.01838647 -0.02078432 0.54117647 0.42352941 0.64313725
v 0.01643776 -0.01748121 -0.02084427 0.54117647 0.42352941 0.64313725
v 0.01702330 -0.01687570 -0.02173151 0.54117647 0.42352941 0.64313725
v 0.01747136 -0.01756514 -0.02143776 0.54117647 0.42352941 0.64313725
v 0.01839804 -0.01797881 -0.02164159 0.54117647 0.42352941 0.64313725
v 0.01876463 -0.01874618 -0.02116799 0.54117647 0.42352941 0.64313725
v 0.01920760 -0.01824259 -0.02185740 0.54117647 0.42352941 0.64313725
v 0.01996626 -0.01906992 -0.02152169 0.54117647 0.42352941 0.64313725
v 0.01996626 -0.01972938 -0.02091620 0.54117647 0.42352941 0.64313725
v 0.02964542 -0.02502907 -0.01761902 0.54117647 0.42352941 0.64313725
v 0.03085723 -0.02503507 -0.01762501 0.54117647 0.42352941 0.64313725
v 0.03206904 -0.02501109 -0.01759504 0.54117647 0.42352941 0.64313725
v 0.03359652 -0.02537079 -0.01688164 0.54117647 0.42352941 0.64313725
v 0.03206904 -0.02440558 -0.01842833 0.54117647 0.42352941 0.64313725
v 0.03327575 -0.02435762 -0.01835639 0.54117647 0.42352941 0.64313725
v 0.03322483 -0.02502907 -0.01743317 0.54117647 0.42352941 0.64313725
v 0.03448756 -0.02477128 -0.01754108 0.54117647 0.42352941 0.64313725
v 0.03516474 -0.02421374 -0.01817055 0.54117647 0.42352941 0.64313725
v 0.03597431 -0.02412980 -0.01805065 0.54117647 0.42352941 0.64313725
v 0.03680424 -0.02332646 -0.01880001 0.54117647 0.42352941 0.64313725
v 0.03811279 -0.02323053 -0.01844631 0.54117647 0.42352941 0.64313725
v 0.03977775 -0.02292478 -0.01806863 0.54117647 0.42352941 0.64313725
v 0.03811279 -0.02273294 -0.01905180 0.54117647 0.42352941 0.64313725
v 0.03932459 -0.02191161 -0.01950741 0.54117647 0.42352941 0.64313725
v 0.03994577 -0.02178571 -0.01936353 0.54117647 0.42352941 0.64313725
v 0.04835713 -0.01568267 -0.01932156 0.54117647 0.42352941 0.64313725
v 0.04914124 -0.01528699 -0.01888394 0.54117647 0.42352941 0.64313725
v 0.04869318 -0.01633015 -0.01843432 0.54117647 0.42352941 0.64313725
v 0.04903431 -0.01395008 -0.01999299 0.54117647 0.42352941 0.64313725
v 0.04825020 -0.01433377 -0.02043661 0.54117647 0.42352941 0.64313725
v 0.04869827 -0.01487333 -0.01963330 0.54117647 0.42352941 0.64313725
v 0.04837750 -0.01206761 -0.02176148 0.54117647 0.42352941 0.64313725
v 0.04901904 -0.01159400 -0.02145574 0.54117647 0.42352941 0.64313725
v 0.04983879 -0.01149208 -0.02078432 0.54117647 0.42352941 0.64313725
v 0.04898340 -0.01261317 -0.02090421 0.54117647 0.42352941 0.64313725
v 0.04856588 -0.01352443 -0.02071238 0.54117647 0.42352941 0.64313725
v 0.04943655 -0.01057483 -0.02162959 0.54117647 0.42352941 0.64313725
v 0.05016975 -0.01020912 -0.02113802 0.54117647 0.42352941 0.64313725
v 0.04965549 -0.00977148 -0.02182143 0.54117647 0.42352941 0.64313725
v 0.05042942 -0.00907005 -0.02141978 0.54117647 0.42352941 0.64313725
v 0.05106587 -0.00907005 -0.02081429 0.54117647 0.42352941 0.64313725
v 0.05251698 -0.00302097 -0.02107807 0.54117647 0.42352941 0.64313725
v 0.05318907 -0.00180995 -0.02050855 0.54117647 0.42352941 0.64313725
v 0.05321963 -0.00060493 -0.02054452 0.54117647 0.42352941 0.64313725
v 0.04908523 -0.00666600 -0.02341008 0.54117647 0.42352941 0.64313725
v 0.04836731 -0.00594059 -0.02417143 0.54117647 0.42352941 0.64313725
v 0.04980315 -0.00544300 -0.02315230 0.54117647 0.42352941 0.64313725
v 0.05055671 -0.00423198 -0.02276263 0.54117647 0.42352941 0.64313725
v 0.05121862 -0.00423198 -0.02215715 0.54117647 0.42352941 0.64313725
v 0.05193145 -0.00302097 -0.02168355 0.54117647 0.42352941 0.64313725
v 0.04938054 -0.00785903 -0.02280459 0.54117647 0.42352941 0.64313725
v 0.04877973 -0.00785903 -0.02328418 0.54117647 0.42352941 0.64313725
v 0.04822984 -0.00665401 -0.02407551 0.54117647 0.42352941 0.64313725
v 0.04982352 -0.00907005 -0.02196531 0.54117647 0.42352941 0.64313725
v 0.05321963 0.00060009 -0.02054452 0.54117647 0.42352941 0.64313725
v 0.05318398 0.00181110 -0.02050855 0.54117647 0.42352941 0.64313725
v 0.05311779 0.00302212 -0.02043661 0.54117647 0.42352941 0.64313725
v 0.05302105 0.00423313 -0.02032870 0.54117647 0.42352941 0.64313725
v 0.05289376 0.00544415 -0.02018483 0.54117647 0.42352941 0.64313725
v 0.05212493 0.00664917 -0.02067041 0.54117647 0.42352941 0.64313725
v 0.05280721 0.00669713 -0.01989707 0.54117647 0.42352941 0.64313725
v 0.05319926 0.00712878 -0.01930957 0.54117647 0.42352941 0.64313725
v 0.05356586 0.00786018 -0.01856021 0.54117647 0.42352941 0.64313725
v 0.05307706 0.00786018 -0.01916570 0.54117647 0.42352941 0.64313725
v 0.04459442 -0.01923179 -0.01923164 0.54117647 0.42352941 0.64313725
v 0.04552110 -0.01887208 -0.01887195 0.54117647 0.42352941 0.64313725
v 0.04592843 -0.01810470 -0.01931557 0.54117647 0.42352941 0.64313725
v 0.04455878 -0.02042482 -0.01798471 0.54117647 0.42352941 0.64313725
v 0.04511886 -0.01961547 -0.01842233 0.54117647 0.42352941 0.64313725
v 0.04669726 -0.01763708 -0.01909376 0.54117647 0.42352941 0.64313725
v 0.04717587 -0.01692366 -0.01934554 0.54117647 0.42352941 0.64313725
v 0.04767994 -0.01743325 -0.01839835 0.54117647 0.42352941 0.64313725
v 0.04042438 -0.02208546 -0.01874606 0.54117647 0.42352941 0.64313725
v 0.04146307 -0.02193559 -0.01833840 0.54117647 0.42352941 0.64313725
v 0.04283781 -0.02086246 -0.01871608 0.54117647 0.42352941 0.64313725
v 0.04075025 -0.02159387 -0.01914771 0.54117647 0.42352941 0.64313725
v 0.04181440 -0.02140202 -0.01874606 0.54117647 0.42352941 0.64313725
v 0.04235920 -0.02057469 -0.01936353 0.54117647 0.42352941 0.64313725
v 0.04316368 -0.02031690 -0.01909376 0.54117647 0.42352941 0.64313725
v 0.04417182 -0.01996919 -0.01875805 0.54117647 0.42352941 0.64313725
v 0.05105060 0.01149323 -0.01960332 0.54117647 0.42352941 0.64313725
v 0.05139173 0.01022226 -0.01993304 0.54117647 0.42352941 0.64313725
v 0.05069418 0.01064792 -0.02044261 0.54117647 0.42352941 0.64313725
v 0.05025121 0.01396922 -0.01879401 0.54117647 0.42352941 0.64313725
v 0.05060253 0.01298002 -0.01913572 0.54117647 0.42352941 0.64313725
v 0.05044978 0.01149323 -0.02020881 0.54117647 0.42352941 0.64313725
v 0.04964531 0.01215869 -0.02060447 0.54117647 0.42352941 0.64313725
v 0.05012392 0.01257235 -0.01987909 0.54117647 0.42352941 0.64313725
v 0.05224203 0.00907120 -0.01959133 0.54117647 0.42352941 0.64313725
v 0.05089785 0.00983858 -0.02064643 0.54117647 0.42352941 0.64313725
v 0.05167177 0.00907120 -0.02019682 0.54117647 0.42352941 0.64313725
v 0.04989989 0.01489247 -0.01845231 0.54117647 0.42352941 0.64313725
v 0.04950784 0.01438288 -0.01925562 0.54117647 0.42352941 0.64313725
v 0.04914124 0.01529414 -0.01888993 0.54117647 0.42352941 0.64313725
v 0.04836731 0.01568982 -0.01932756 0.54117647 0.42352941 0.64313725
v 0.04869827 0.01633130 -0.01844631 0.54117647 0.42352941 0.64313725
v 0.04789379 0.01644520 -0.01910575 0.54117647 0.42352941 0.64313725
v 0.04717587 0.01692481 -0.01934554 0.54117647 0.42352941 0.64313725
v 0.04801090 0.01777013 -0.01776889 0.54117647 0.42352941 0.64313725
v 0.04669726 0.01764423 -0.01909975 0.54117647 0.42352941 0.64313725
v 0.04512904 0.01842959 -0.01962131 0.54117647 0.42352941 0.64313725
v 0.04417691 0.01875932 -0.01996901 0.54117647 0.42352941 0.64313725
v 0.04637140 0.01730850 -0.01968126 0.54117647 0.42352941 0.64313725
v 0.04586733 0.01684088 -0.02048457 0.54117647 0.42352941 0.64313725
v 0.04550073 0.01764423 -0.02005294 0.54117647 0.42352941 0.64313725
v 0.04455878 0.01798595 -0.02042462 0.54117647 0.42352941 0.64313725
v 0.04079607 0.02039599 -0.02040064 0.54117647 0.42352941 0.64313725
v 0.04375430 0.01829170 -0.02069439 0.54117647 0.42352941 0.64313725
v 0.04317895 0.01909505 -0.02032271 0.54117647 0.42352941 0.64313725
v 0.04174311 0.01954468 -0.02074235 0.54117647 0.42352941 0.64313725
v 0.04284800 0.01871736 -0.02087424 0.54117647 0.42352941 0.64313725
v 0.04228283 0.01810585 -0.02174350 0.54117647 0.42352941 0.64313725
v 0.04182458 0.01874733 -0.02141378 0.54117647 0.42352941 0.64313725
v 0.03811279 0.02158902 -0.02036468 0.54117647 0.42352941 0.64313725
v 0.04037347 0.01988041 -0.02109605 0.54117647 0.42352941 0.64313725
v 0.03994577 0.01936483 -0.02178546 0.54117647 0.42352941 0.64313725
v 0.03932459 0.02011422 -0.02134784 0.54117647 0.42352941 0.64313725
v 0.03932459 0.02074371 -0.02074235 0.54117647 0.42352941 0.64313725
v 0.03732868 0.02172091 -0.02050855 0.54117647 0.42352941 0.64313725
v 0.03692135 0.02117536 -0.02117998 0.54117647 0.42352941 0.64313725
v 0.03651402 0.02063579 -0.02183942 0.54117647 0.42352941 0.64313725
v 0.03569427 0.02134322 -0.02134784 0.54117647 0.42352941 0.64313725
v 0.03448756 0.02206263 -0.02087424 0.54117647 0.42352941 0.64313725
v 0.03327575 0.02215856 -0.02097016 0.54117647 0.42352941 0.64313725
v 0.03448756 0.02147511 -0.02147373 0.54117647 0.42352941 0.64313725
v 0.03206904 0.02221851 -0.02103011 0.54117647 0.42352941 0.64313725
v 0.03085723 0.02165497 -0.02165957 0.54117647 0.42352941 0.64313725
v 0.02964542 0.02165497 -0.02165358 0.54117647 0.42352941 0.64313725
v 0.02843871 0.02100749 -0.02219312 0.54117647 0.42352941 0.64313725
v 0.02722691 0.02092956 -0.02212717 0.54117647 0.42352941 0.64313725
v 0.02601510 0.02082165 -0.02201926 0.54117647 0.42352941 0.64313725
v 0.02334200 0.02044995 -0.02166557 0.54117647 0.42352941 0.64313725
v 0.02238987 0.02088759 -0.02088623 0.54117647 0.42352941 0.64313725
v 0.02238987 0.02149310 -0.02026276 0.54117647 0.42352941 0.64313725
v 0.02601510 0.02015619 -0.02262475 0.54117647 0.42352941 0.64313725
v 0.02475747 0.01989240 -0.02256480 0.54117647 0.42352941 0.64313725
v 0.02431959 0.01932286 -0.02296046 0.54117647 0.42352941 0.64313725
v 0.02368823 0.02001230 -0.02216314 0.54117647 0.42352941 0.64313725
v 0.01996626 0.02205664 -0.01847629 0.54117647 0.42352941 0.64313725
v 0.01918724 0.02186480 -0.01825447 0.54117647 0.42352941 0.64313725
v 0.01887156 0.02232043 -0.01746315 0.54117647 0.42352941 0.64313725
v 0.02072491 0.02170892 -0.01928560 0.54117647 0.42352941 0.64313725
v 0.02147847 0.02070174 -0.02070039 0.54117647 0.42352941 0.64313725
v 0.02110169 0.02120533 -0.01999899 0.54117647 0.42352941 0.64313725
v 0.01782268 0.02196671 -0.01718139 0.54117647 0.42352941 0.64313725
v 0.01643776 0.02085162 -0.01748713 0.54117647 0.42352941 0.64313725
v 0.01560783 0.02065978 -0.01704950 0.54117647 0.42352941 0.64313725
v 0.01633593 0.02151108 -0.01659389 0.54117647 0.42352941 0.64313725
v 0.01747136 0.02144514 -0.01756506 0.54117647 0.42352941 0.64313725
v 0.01690619 0.02059383 -0.01817654 0.54117647 0.42352941 0.64313725
v 0.00911601 0.01765622 -0.01504721 0.54117647 0.42352941 0.64313725
v 0.02148356 -0.02069460 -0.02069439 0.54117647 0.42352941 0.64313725
v 0.02238987 -0.02148595 -0.02025677 0.54117647 0.42352941 0.64313725
v 0.02073509 -0.01927975 -0.02170753 0.54117647 0.42352941 0.64313725
v 0.02110678 -0.01999317 -0.02120396 0.54117647 0.42352941 0.64313725
v 0.02417702 -0.02178571 -0.02057450 0.54117647 0.42352941 0.64313725
v 0.02480839 -0.02186964 -0.02066442 0.54117647 0.42352941 0.64313725
v 0.02238987 -0.02088045 -0.02088023 0.54117647 0.42352941 0.64313725
v 0.02336237 -0.02044280 -0.02165957 0.54117647 0.42352941 0.64313725
v 0.02376970 -0.02112025 -0.02112003 0.54117647 0.42352941 0.64313725
v 0.02601510 -0.02261903 -0.02014886 0.54117647 0.42352941 0.64313725
v 0.02722691 -0.02272095 -0.02026876 0.54117647 0.42352941 0.64313725
v 0.02722691 -0.02324252 -0.01966327 0.54117647 0.42352941 0.64313725
v 0.02843871 -0.02391997 -0.01900384 0.54117647 0.42352941 0.64313725
v 0.02964542 -0.02442356 -0.01844631 0.54117647 0.42352941 0.64313725
v 0.00911601 -0.01514311 -0.01756506 0.54117647 0.42352941 0.64313725
v 0.01561801 -0.01703757 -0.02065243 0.54117647 0.42352941 0.64313725
v 0.01622392 -0.01641408 -0.02155166 0.54117647 0.42352941 0.64313725
v 0.01574530 -0.01571864 -0.02176748 0.54117647 0.42352941 0.64313725
v 0.01654978 -0.01606636 -0.02202526 0.54117647 0.42352941 0.64313725
v 0.01721169 -0.01549682 -0.02283457 0.54117647 0.42352941 0.64313725
v 0.01752228 -0.01635413 -0.02239694 0.54117647 0.42352941 0.64313725
v 0.01782777 -0.01717546 -0.02196531 0.54117647 0.42352941 0.64313725
v 0.01878500 -0.01756514 -0.02217513 0.54117647 0.42352941 0.64313725
v 0.01996626 -0.01846441 -0.02204324 0.54117647 0.42352941 0.64313725
v 0.01937054 -0.01692966 -0.02298444 0.54117647 0.42352941 0.64313725
v 0.01984915 -0.01756514 -0.02271467 0.54117647 0.42352941 0.64313725
v 0.03085723 -0.02442956 -0.01845231 0.54117647 0.42352941 0.64313725
v 0.03206904 -0.02393796 -0.01903381 0.54117647 0.42352941 0.64313725
v 0.03327575 -0.02388400 -0.01896187 0.54117647 0.42352941 0.64313725
v 0.03448756 -0.02426769 -0.01824248 0.54117647 0.42352941 0.64313725
v 0.03448756 -0.02379408 -0.01884797 0.54117647 0.42352941 0.64313725
v 0.03448756 -0.02318857 -0.01959733 0.54117647 0.42352941 0.64313725
v 0.03569427 -0.02306867 -0.01945945 0.54117647 0.42352941 0.64313725
v 0.03561790 -0.02374012 -0.01864414 0.54117647 0.42352941 0.64313725
v 0.03633581 -0.02299673 -0.01936952 0.54117647 0.42352941 0.64313725
v 0.03714029 -0.02288282 -0.01923164 0.54117647 0.42352941 0.64313725
v 0.03811279 -0.02212743 -0.01975320 0.54117647 0.42352941 0.64313725
v 0.03811279 -0.02157588 -0.02035269 0.54117647 0.42352941 0.64313725
v 0.03932459 -0.02134207 -0.02011289 0.54117647 0.42352941 0.64313725
v 0.04036837 -0.02109627 -0.01987909 0.54117647 0.42352941 0.64313725
v 0.03998651 -0.02059867 -0.02059848 0.54117647 0.42352941 0.64313725
v 0.04708422 -0.01561673 -0.02048457 0.54117647 0.42352941 0.64313725
v 0.04789888 -0.01524503 -0.02005894 0.54117647 0.42352941 0.64313725
v 0.04755265 -0.01612032 -0.01967526 0.54117647 0.42352941 0.64313725
v 0.04744064 -0.01480738 -0.02077832 0.54117647 0.42352941 0.64313725
v 0.04776141 -0.01387214 -0.02115000 0.54117647 0.42352941 0.64313725
v 0.04703331 -0.01188776 -0.02288253 0.54117647 0.42352941 0.64313725
v 0.04784797 -0.01157601 -0.02242692 0.54117647 0.42352941 0.64313725
v 0.04863208 -0.01125827 -0.02197130 0.54117647 0.42352941 0.64313725
v 0.04814328 -0.01270309 -0.02156965 0.54117647 0.42352941 0.64313725
v 0.04727261 -0.01341052 -0.02184541 0.54117647 0.42352941 0.64313725
v 0.04753738 -0.01270309 -0.02204924 0.54117647 0.42352941 0.64313725
v 0.04901904 -0.01021512 -0.02214516 0.54117647 0.42352941 0.64313725
v 0.04836222 -0.00960361 -0.02296046 0.54117647 0.42352941 0.64313725
v 0.04898340 -0.00914799 -0.02263674 0.54117647 0.42352941 0.64313725
v 0.05199254 -0.00204376 -0.02174350 0.54117647 0.42352941 0.64313725
v 0.05247116 -0.00170804 -0.02127590 0.54117647 0.42352941 0.64313725
v 0.05202819 -0.00124042 -0.02177947 0.54117647 0.42352941 0.64313725
v 0.05262391 -0.00060493 -0.02117398 0.54117647 0.42352941 0.64313725
v 0.04695693 -0.00544300 -0.02525650 0.54117647 0.42352941 0.64313725
v 0.04789379 -0.00549695 -0.02460306 0.54117647 0.42352941 0.64313725
v 0.04848442 -0.00513125 -0.02426135 0.54117647 0.42352941 0.64313725
v 0.04893248 -0.00549695 -0.02382972 0.54117647 0.42352941 0.64313725
v 0.04762394 -0.00665401 -0.02450115 0.54117647 0.42352941 0.64313725
v 0.04920234 -0.00423198 -0.02388367 0.54117647 0.42352941 0.64313725
v 0.04995081 -0.00423198 -0.02327819 0.54117647 0.42352941 0.64313725
v 0.05067382 -0.00302097 -0.02285855 0.54117647 0.42352941 0.64313725
v 0.05132554 -0.00302097 -0.02225906 0.54117647 0.42352941 0.64313725
v 0.04856079 -0.00880027 -0.02311633 0.54117647 0.42352941 0.64313725
v 0.04797526 -0.00785903 -0.02388967 0.54117647 0.42352941 0.64313725
v 0.04736935 -0.00785903 -0.02432130 0.54117647 0.42352941 0.64313725
v 0.05262391 0.00060009 -0.02117398 0.54117647 0.42352941 0.64313725
v 0.05202819 0.00121159 -0.02177947 0.54117647 0.42352941 0.64313725
v 0.05247116 0.00169120 -0.02126990 0.54117647 0.42352941 0.64313725
v 0.05199254 0.00201494 -0.02174350 0.54117647 0.42352941 0.64313725
v 0.05251189 0.00302212 -0.02107807 0.54117647 0.42352941 0.64313725
v 0.05241515 0.00423313 -0.02097615 0.54117647 0.42352941 0.64313725
v 0.05228786 0.00544415 -0.02084427 0.54117647 0.42352941 0.64313725
v 0.05169214 0.00544415 -0.02144975 0.54117647 0.42352941 0.64313725
v 0.05094367 0.00645133 -0.02189337 0.54117647 0.42352941 0.64313725
v 0.05137646 0.00676907 -0.02137182 0.54117647 0.42352941 0.64313725
v 0.05081638 0.00725468 -0.02177347 0.54117647 0.42352941 0.64313725
v 0.05202819 0.00726667 -0.02056850 0.54117647 0.42352941 0.64313725
v 0.05238460 0.00774628 -0.01998700 0.54117647 0.42352941 0.64313725
v 0.04378486 -0.01951356 -0.01951340 0.54117647 0.42352941 0.64313725
v 0.04417182 -0.01875817 -0.01996901 0.54117647 0.42352941 0.64313725
v 0.04455878 -0.01798480 -0.02042462 0.54117647 0.42352941 0.64313725
v 0.04511886 -0.01842244 -0.01961531 0.54117647 0.42352941 0.64313725
v 0.04549055 -0.01763708 -0.02004695 0.54117647 0.42352941 0.64313725
v 0.04585714 -0.01683374 -0.02047858 0.54117647 0.42352941 0.64313725
v 0.04636630 -0.01729536 -0.01967526 0.54117647 0.42352941 0.64313725
v 0.04672781 -0.01647403 -0.02007692 0.54117647 0.42352941 0.64313725
v 0.04174311 -0.02073656 -0.01953738 0.54117647 0.42352941 0.64313725
v 0.04174311 -0.02014305 -0.02014286 0.54117647 0.42352941 0.64313725
v 0.04235920 -0.01936368 -0.02057450 0.54117647 0.42352941 0.64313725
v 0.04276144 -0.01984329 -0.01984312 0.54117647 0.42352941 0.64313725
v 0.05017993 0.01021627 -0.02113802 0.54117647 0.42352941 0.64313725
v 0.04944164 0.01058797 -0.02162959 0.54117647 0.42352941 0.64313725
v 0.04984897 0.01149323 -0.02079031 0.54117647 0.42352941 0.64313725
v 0.04979806 0.01357354 -0.01954337 0.54117647 0.42352941 0.64313725
v 0.04902413 0.01159515 -0.02146174 0.54117647 0.42352941 0.64313725
v 0.04837750 0.01206277 -0.02176148 0.54117647 0.42352941 0.64313725
v 0.04898340 0.01262031 -0.02091021 0.54117647 0.42352941 0.64313725
v 0.04937545 0.01296803 -0.02035269 0.54117647 0.42352941 0.64313725
v 0.05187544 0.00807001 -0.02041263 0.54117647 0.42352941 0.64313725
v 0.04966058 0.00977862 -0.02182743 0.54117647 0.42352941 0.64313725
v 0.05106587 0.00907120 -0.02081429 0.54117647 0.42352941 0.64313725
v 0.05043451 0.00907120 -0.02141978 0.54117647 0.42352941 0.64313725
v 0.04903431 0.01395723 -0.01999299 0.54117647 0.42352941 0.64313725
v 0.04826039 0.01434091 -0.02044261 0.54117647 0.42352941 0.64313725
v 0.04869827 0.01488647 -0.01963929 0.54117647 0.42352941 0.64313725
v 0.04790907 0.01525217 -0.02005894 0.54117647 0.42352941 0.64313725
v 0.04708422 0.01561788 -0.02048457 0.54117647 0.42352941 0.64313725
v 0.04756283 0.01612147 -0.01968126 0.54117647 0.42352941 0.64313725
v 0.04672781 0.01648117 -0.02008291 0.54117647 0.42352941 0.64313725
v 0.04627975 0.01603154 -0.02080230 0.54117647 0.42352941 0.64313725
v 0.04539890 0.01635528 -0.02118597 0.54117647 0.42352941 0.64313725
v 0.04506285 0.01718260 -0.02077233 0.54117647 0.42352941 0.64313725
v 0.04410562 0.01749435 -0.02113802 0.54117647 0.42352941 0.64313725
v 0.04364738 0.01700874 -0.02183342 0.54117647 0.42352941 0.64313725
v 0.04295492 0.01786605 -0.02154567 0.54117647 0.42352941 0.64313725
v 0.04075025 0.01914900 -0.02159363 0.54117647 0.42352941 0.64313725
v 0.04147326 0.01834566 -0.02194133 0.54117647 0.42352941 0.64313725
v 0.04295492 0.01726054 -0.02203125 0.54117647 0.42352941 0.64313725
v 0.04209953 0.01677494 -0.02286454 0.54117647 0.42352941 0.64313725
v 0.04129505 0.01703872 -0.02306237 0.54117647 0.42352941 0.64313725
v 0.03811279 0.02098351 -0.02098215 0.54117647 0.42352941 0.64313725
v 0.03932459 0.01950871 -0.02191136 0.54117647 0.42352941 0.64313725
v 0.04042438 0.01874733 -0.02209120 0.54117647 0.42352941 0.64313725
v 0.03978793 0.01807588 -0.02293049 0.54117647 0.42352941 0.64313725
v 0.03936024 0.01870537 -0.02257679 0.54117647 0.42352941 0.64313725
v 0.03811279 0.02036602 -0.02158763 0.54117647 0.42352941 0.64313725
v 0.03731850 0.02050390 -0.02171952 0.54117647 0.42352941 0.64313725
v 0.03716066 0.01923893 -0.02288852 0.54117647 0.42352941 0.64313725
v 0.03635618 0.01937682 -0.02300242 0.54117647 0.42352941 0.64313725
v 0.03569427 0.02007225 -0.02254681 0.54117647 0.42352941 0.64313725
v 0.03569427 0.02073771 -0.02194133 0.54117647 0.42352941 0.64313725
v 0.03327575 0.02157104 -0.02157564 0.54117647 0.42352941 0.64313725
v 0.03206904 0.02163698 -0.02163559 0.54117647 0.42352941 0.64313725
v 0.03448756 0.02086961 -0.02206722 0.54117647 0.42352941 0.64313725
v 0.03085723 0.02105545 -0.02224107 0.54117647 0.42352941 0.64313725
v 0.02964542 0.02104946 -0.02223508 0.54117647 0.42352941 0.64313725
v 0.02964542 0.02040199 -0.02284056 0.54117647 0.42352941 0.64313725
v 0.02843871 0.02035402 -0.02279860 0.54117647 0.42352941 0.64313725
v 0.02722691 0.02027609 -0.02272666 0.54117647 0.42352941 0.64313725
v 0.02359658 0.01919697 -0.02285255 0.54117647 0.42352941 0.64313725
v 0.02238987 0.01965859 -0.02204324 0.54117647 0.42352941 0.64313725
v 0.02238987 0.02026410 -0.02149171 0.54117647 0.42352941 0.64313725
v 0.02601510 0.01955068 -0.02315230 0.54117647 0.42352941 0.64313725
v 0.02512407 0.01943677 -0.02305638 0.54117647 0.42352941 0.64313725
v 0.02475747 0.01884925 -0.02344005 0.54117647 0.42352941 0.64313725
v 0.02480839 0.01802192 -0.02410548 0.54117647 0.42352941 0.64313725
v 0.02359658 0.01859146 -0.02334413 0.54117647 0.42352941 0.64313725
v 0.01996626 0.02152907 -0.01908177 0.54117647 0.42352941 0.64313725
v 0.01911086 0.02070774 -0.01950741 0.54117647 0.42352941 0.64313725
v 0.01874936 0.02117536 -0.01875805 0.54117647 0.42352941 0.64313725
v 0.01838276 0.02164298 -0.01798471 0.54117647 0.42352941 0.64313725
v 0.02067399 0.02052189 -0.02052054 0.54117647 0.42352941 0.64313725
v 0.01996626 0.02092356 -0.01973521 0.54117647 0.42352941 0.64313725
v 0.02152938 0.01947274 -0.02188138 0.54117647 0.42352941 0.64313725
v 0.02110169 0.02000031 -0.02120396 0.54117647 0.42352941 0.64313725
v 0.01610172 0.02031206 -0.01785282 0.54117647 0.42352941 0.64313725
v 0.00911601 0.01753632 -0.01519109 0.54117647 0.42352941 0.64313725
v 0.00911601 0.01757229 -0.01514912 0.54117647 0.42352941 0.64313725
v 0.01830639 0.02047393 -0.01926161 0.54117647 0.42352941 0.64313725
v 0.01754774 0.02023412 -0.01900384 0.54117647 0.42352941 0.64313725
v 0.01687055 0.01940680 -0.01940549 0.54117647 0.42352941 0.64313725
v 0.01648868 0.01985643 -0.01864414 0.54117647 0.42352941 0.64313725
v 0.01554164 0.01950272 -0.01830243 0.54117647 0.42352941 0.64313725
v 0.01754774 0.02079167 -0.01839835 0.54117647 0.42352941 0.64313725
v 0.02238987 -0.02025695 -0.02148572 0.54117647 0.42352941 0.64313725
v 0.02153957 -0.01946560 -0.02187539 0.54117647 0.42352941 0.64313725
v 0.02089802 -0.01797881 -0.02285855 0.54117647 0.42352941 0.64313725
v 0.02121879 -0.01873419 -0.02236697 0.54117647 0.42352941 0.64313725
v 0.02417193 -0.02057469 -0.02178546 0.54117647 0.42352941 0.64313725
v 0.02480839 -0.02127013 -0.02126990 0.54117647 0.42352941 0.64313725
v 0.02601510 -0.02142001 -0.02141978 0.54117647 0.42352941 0.64313725
v 0.02601510 -0.02201352 -0.02081429 0.54117647 0.42352941 0.64313725
v 0.02238987 -0.01965144 -0.02204324 0.54117647 0.42352941 0.64313725
v 0.02369841 -0.02001115 -0.02215715 0.54117647 0.42352941 0.64313725
v 0.02843871 -0.02279289 -0.02035269 0.54117647 0.42352941 0.64313725
v 0.02722691 -0.02211544 -0.02092819 0.54117647 0.42352941 0.64313725
v 0.02843871 -0.02331447 -0.01974720 0.54117647 0.42352941 0.64313725
v 0.02964542 -0.02395594 -0.01905180 0.54117647 0.42352941 0.64313725
v 0.00911601 -0.01448365 -0.01811659 0.54117647 0.42352941 0.64313725
v 0.01624937 -0.01520306 -0.02243891 0.54117647 0.42352941 0.64313725
v 0.00911601 -0.01396807 -0.01850626 0.54117647 0.42352941 0.64313725
v 0.00911601 -0.01378222 -0.01864414 0.54117647 0.42352941 0.64313725
v 0.00911601 -0.01306280 -0.01916570 0.54117647 0.42352941 0.64313725
v 0.01594897 -0.01429780 -0.02285255 0.54117647 0.42352941 0.64313725
v 0.01802126 -0.01583255 -0.02305638 0.54117647 0.42352941 0.64313725
v 0.01675853 -0.01469348 -0.02309834 0.54117647 0.42352941 0.64313725
v 0.01758847 -0.01510714 -0.02329617 0.54117647 0.42352941 0.64313725
v 0.01875954 -0.01670784 -0.02282258 0.54117647 0.42352941 0.64313725
v 0.01875954 -0.01610233 -0.02324821 0.54117647 0.42352941 0.64313725
v 0.01964548 -0.01552680 -0.02406951 0.54117647 0.42352941 0.64313725
v 0.01991025 -0.01636612 -0.02361990 0.54117647 0.42352941 0.64313725
v 0.02017501 -0.01717546 -0.02316429 0.54117647 0.42352941 0.64313725
v 0.03085723 -0.02396194 -0.01905779 0.54117647 0.42352941 0.64313725
v 0.03206904 -0.02333245 -0.01977118 0.54117647 0.42352941 0.64313725
v 0.03327575 -0.02327850 -0.01970524 0.54117647 0.42352941 0.64313725
v 0.03327575 -0.02275692 -0.02031072 0.54117647 0.42352941 0.64313725
v 0.03448756 -0.02266100 -0.02020281 0.54117647 0.42352941 0.64313725
v 0.03569427 -0.02254109 -0.02005894 0.54117647 0.42352941 0.64313725
v 0.03648347 -0.02183367 -0.02062845 0.54117647 0.42352941 0.64313725
v 0.03729304 -0.02171377 -0.02049656 0.54117647 0.42352941 0.64313725
v 0.03811279 -0.02097037 -0.02097016 0.54117647 0.42352941 0.64313725
v 0.03932459 -0.02073656 -0.02074235 0.54117647 0.42352941 0.64313725
v 0.04079607 -0.02039484 -0.02039465 0.54117647 0.42352941 0.64313725
v 0.03932459 -0.02010707 -0.02134184 0.54117647 0.42352941 0.64313725
v 0.03993559 -0.01936368 -0.02177947 0.54117647 0.42352941 0.64313725
v 0.04036328 -0.01987926 -0.02109605 0.54117647 0.42352941 0.64313725
v 0.04627466 -0.01602439 -0.02079631 0.54117647 0.42352941 0.64313725
v 0.04660561 -0.01514911 -0.02119197 0.54117647 0.42352941 0.64313725
v 0.04693657 -0.01421986 -0.02158164 0.54117647 0.42352941 0.64313725
v 0.04661070 -0.01277504 -0.02269668 0.54117647 0.42352941 0.64313725
v 0.04622883 -0.01242732 -0.02316429 0.54117647 0.42352941 0.64313725
v 0.04661070 -0.01148608 -0.02337411 0.54117647 0.42352941 0.64313725
v 0.04731844 -0.01108441 -0.02308635 0.54117647 0.42352941 0.64313725
v 0.04816874 -0.01028106 -0.02280459 0.54117647 0.42352941 0.64313725
v 0.04654960 -0.01385416 -0.02209720 0.54117647 0.42352941 0.64313725
v 0.04591315 -0.01323067 -0.02294248 0.54117647 0.42352941 0.64313725
v 0.04699766 -0.00932784 -0.02406951 0.54117647 0.42352941 0.64313725
v 0.04721660 -0.00852449 -0.02421939 0.54117647 0.42352941 0.64313725
v 0.04756283 -0.01028106 -0.02326620 0.54117647 0.42352941 0.64313725
v 0.05075528 -0.00180995 -0.02293049 0.54117647 0.42352941 0.64313725
v 0.05152412 -0.00170804 -0.02221709 0.54117647 0.42352941 0.64313725
v 0.05079092 -0.00060493 -0.02296646 0.54117647 0.42352941 0.64313725
v 0.05203837 -0.00060493 -0.02178546 0.54117647 0.42352941 0.64313725
v 0.04672781 -0.00665401 -0.02510663 0.54117647 0.42352941 0.64313725
v 0.04612191 -0.00665401 -0.02549630 0.54117647 0.42352941 0.64313725
v 0.04635103 -0.00544300 -0.02564018 0.54117647 0.42352941 0.64313725
v 0.04709950 -0.00449577 -0.02535242 0.54117647 0.42352941 0.64313725
v 0.04767994 -0.00414805 -0.02501071 0.54117647 0.42352941 0.64313725
v 0.04859643 -0.00423198 -0.02434528 0.54117647 0.42352941 0.64313725
v 0.04932453 -0.00302097 -0.02397360 0.54117647 0.42352941 0.64313725
v 0.05006791 -0.00302097 -0.02336811 0.54117647 0.42352941 0.64313725
v 0.04646814 -0.00775712 -0.02495676 0.54117647 0.42352941 0.64313725
v 0.04598953 -0.00728950 -0.02541836 0.54117647 0.42352941 0.64313725
v 0.05203837 0.00060009 -0.02178546 0.54117647 0.42352941 0.64313725
v 0.05142228 0.00060009 -0.02236697 0.54117647 0.42352941 0.64313725
v 0.05078583 0.00060009 -0.02296046 0.54117647 0.42352941 0.64313725
v 0.05075019 0.00181110 -0.02293049 0.54117647 0.42352941 0.64313725
v 0.05132554 0.00302212 -0.02225906 0.54117647 0.42352941 0.64313725
v 0.05193145 0.00302212 -0.02168355 0.54117647 0.42352941 0.64313725
v 0.05182961 0.00423313 -0.02158164 0.54117647 0.42352941 0.64313725
v 0.05108624 0.00544415 -0.02203125 0.54117647 0.42352941 0.64313725
v 0.04968095 0.00627148 -0.02305038 0.54117647 0.42352941 0.64313725
v 0.05025121 0.00676308 -0.02241493 0.54117647 0.42352941 0.64313725
v 0.05040905 0.00544415 -0.02263074 0.54117647 0.42352941 0.64313725
v 0.04954347 0.00707482 -0.02293648 0.54117647 0.42352941 0.64313725
v 0.05008828 0.00786018 -0.02219911 0.54117647 0.42352941 0.64313725
v 0.05069418 0.00786018 -0.02165957 0.54117647 0.42352941 0.64313725
v 0.05145283 0.00774628 -0.02095817 0.54117647 0.42352941 0.64313725
v 0.04316368 -0.01909390 -0.02031672 0.54117647 0.42352941 0.64313725
v 0.04374921 -0.01828456 -0.02068840 0.54117647 0.42352941 0.64313725
v 0.04410054 -0.01749320 -0.02113202 0.54117647 0.42352941 0.64313725
v 0.04505267 -0.01717546 -0.02076633 0.54117647 0.42352941 0.64313725
v 0.04538871 -0.01634813 -0.02118597 0.54117647 0.42352941 0.64313725
v 0.04572476 -0.01548483 -0.02160562 0.54117647 0.42352941 0.64313725
v 0.04174311 -0.01953754 -0.02073636 0.54117647 0.42352941 0.64313725
v 0.04181949 -0.01874618 -0.02140179 0.54117647 0.42352941 0.64313725
v 0.04227264 -0.01809871 -0.02173750 0.54117647 0.42352941 0.64313725
v 0.04283781 -0.01871621 -0.02086225 0.54117647 0.42352941 0.64313725
v 0.04863208 0.01125942 -0.02197130 0.54117647 0.42352941 0.64313725
v 0.04902413 0.01022226 -0.02215115 0.54117647 0.42352941 0.64313725
v 0.04784797 0.01157716 -0.02242692 0.54117647 0.42352941 0.64313725
v 0.04704349 0.01189490 -0.02288253 0.54117647 0.42352941 0.64313725
v 0.04754756 0.01270425 -0.02205523 0.54117647 0.42352941 0.64313725
v 0.04728280 0.01342366 -0.02185141 0.54117647 0.42352941 0.64313725
v 0.04814837 0.01270425 -0.02156965 0.54117647 0.42352941 0.64313725
v 0.04856588 0.01353157 -0.02071238 0.54117647 0.42352941 0.64313725
v 0.04898340 0.00915513 -0.02264273 0.54117647 0.42352941 0.64313725
v 0.04836222 0.00961076 -0.02296046 0.54117647 0.42352941 0.64313725
v 0.04982861 0.00907120 -0.02197130 0.54117647 0.42352941 0.64313725
v 0.04745082 0.01481453 -0.02077832 0.54117647 0.42352941 0.64313725
v 0.04777159 0.01387929 -0.02115000 0.54117647 0.42352941 0.64313725
v 0.04660561 0.01515026 -0.02119197 0.54117647 0.42352941 0.64313725
v 0.04612700 0.01468264 -0.02188738 0.54117647 0.42352941 0.64313725
v 0.04572985 0.01548598 -0.02160562 0.54117647 0.42352941 0.64313725
v 0.04492538 0.01586967 -0.02188138 0.54117647 0.42352941 0.64313725
v 0.04445186 0.01667302 -0.02157564 0.54117647 0.42352941 0.64313725
v 0.04409544 0.01629532 -0.02207921 0.54117647 0.42352941 0.64313725
v 0.04346408 0.01564785 -0.02293049 0.54117647 0.42352941 0.64313725
v 0.04301602 0.01635528 -0.02267271 0.54117647 0.42352941 0.64313725
v 0.04053131 0.01786605 -0.02276862 0.54117647 0.42352941 0.64313725
v 0.04265451 0.01596559 -0.02315230 0.54117647 0.42352941 0.64313725
v 0.04171256 0.01635528 -0.02334413 0.54117647 0.42352941 0.64313725
v 0.04101501 0.01564785 -0.02414745 0.54117647 0.42352941 0.64313725
v 0.04058222 0.01631931 -0.02387768 0.54117647 0.42352941 0.64313725
v 0.04053131 0.01726054 -0.02323023 0.54117647 0.42352941 0.64313725
v 0.03898346 0.01827372 -0.02308635 0.54117647 0.42352941 0.64313725
v 0.03811279 0.01905908 -0.02273865 0.54117647 0.42352941 0.64313725
v 0.03811279 0.01976051 -0.02213317 0.54117647 0.42352941 0.64313725
v 0.03952826 0.01670899 -0.02404554 0.54117647 0.42352941 0.64313725
v 0.03872378 0.01693680 -0.02420140 0.54117647 0.42352941 0.64313725
v 0.03811279 0.01845357 -0.02323622 0.54117647 0.42352941 0.64313725
v 0.03681443 0.01880129 -0.02333214 0.54117647 0.42352941 0.64313725
v 0.03569427 0.01946675 -0.02308036 0.54117647 0.42352941 0.64313725
v 0.03690098 0.01790202 -0.02401556 0.54117647 0.42352941 0.64313725
v 0.03598958 0.01805789 -0.02412946 0.54117647 0.42352941 0.64313725
v 0.03562808 0.01864541 -0.02374579 0.54117647 0.42352941 0.64313725
v 0.03448756 0.02021014 -0.02266671 0.54117647 0.42352941 0.64313725
v 0.03327575 0.02096553 -0.02215715 0.54117647 0.42352941 0.64313725
v 0.03206904 0.02103147 -0.02221709 0.54117647 0.42352941 0.64313725
v 0.03327575 0.02031206 -0.02276263 0.54117647 0.42352941 0.64313725
v 0.03085723 0.02040798 -0.02284656 0.54117647 0.42352941 0.64313725
v 0.02964542 0.01979648 -0.02336212 0.54117647 0.42352941 0.64313725
v 0.02843871 0.01974852 -0.02332015 0.54117647 0.42352941 0.64313725
v 0.02722691 0.01967058 -0.02325421 0.54117647 0.42352941 0.64313725
v 0.02238987 0.01835165 -0.02315230 0.54117647 0.42352941 0.64313725
v 0.02238987 0.01895716 -0.02264873 0.54117647 0.42352941 0.64313725
v 0.02722691 0.01892719 -0.02385969 0.54117647 0.42352941 0.64313725
v 0.02629514 0.01823175 -0.02426135 0.54117647 0.42352941 0.64313725
v 0.02594382 0.01868139 -0.02383571 0.54117647 0.42352941 0.64313725
v 0.02549066 0.01812983 -0.02418342 0.54117647 0.42352941 0.64313725
v 0.02480839 0.01741641 -0.02454311 0.54117647 0.42352941 0.64313725
v 0.02359658 0.01720659 -0.02439324 0.54117647 0.42352941 0.64313725
v 0.02359658 0.01781209 -0.02394962 0.54117647 0.42352941 0.64313725
v 0.01996626 0.02034203 -0.02034069 0.54117647 0.42352941 0.64313725
v 0.01911595 0.01950272 -0.02070638 0.54117647 0.42352941 0.64313725
v 0.01870863 0.01998832 -0.01998700 0.54117647 0.42352941 0.64313725
v 0.02072491 0.01928090 -0.02171352 0.54117647 0.42352941 0.64313725
v 0.01996626 0.01973653 -0.02092819 0.54117647 0.42352941 0.64313725
v 0.02168722 0.01819578 -0.02302640 0.54117647 0.42352941 0.64313725
v 0.02120352 0.01874134 -0.02237296 0.54117647 0.42352941 0.64313725
v 0.00911601 0.01640923 -0.01641404 0.54117647 0.42352941 0.64313725
v 0.01830639 0.01925692 -0.02047258 0.54117647 0.42352941 0.64313725
v 0.01754774 0.01962861 -0.01962730 0.54117647 0.42352941 0.64313725
v 0.01754774 0.01899913 -0.02023279 0.54117647 0.42352941 0.64313725
v 0.01690619 0.01817779 -0.02059248 0.54117647 0.42352941 0.64313725
v 0.01648868 0.01863942 -0.01986110 0.54117647 0.42352941 0.64313725
v 0.01554164 0.01830369 -0.01950141 0.54117647 0.42352941 0.64313725
v 0.01606607 0.01910704 -0.01910575 0.54117647 0.42352941 0.64313725
v 0.02170250 -0.01818264 -0.02302041 0.54117647 0.42352941 0.64313725
v 0.02238987 -0.01894402 -0.02264273 0.54117647 0.42352941 0.64313725
v 0.02124934 -0.01756514 -0.02330816 0.54117647 0.42352941 0.64313725
v 0.02432977 -0.01932171 -0.02295447 0.54117647 0.42352941 0.64313725
v 0.02476256 -0.01989125 -0.02255880 0.54117647 0.42352941 0.64313725
v 0.02480839 -0.02066462 -0.02186939 0.54117647 0.42352941 0.64313725
v 0.02601510 -0.02081450 -0.02201327 0.54117647 0.42352941 0.64313725
v 0.02722691 -0.02153391 -0.02153368 0.54117647 0.42352941 0.64313725
v 0.02359658 -0.01918982 -0.02284656 0.54117647 0.42352941 0.64313725
v 0.02843871 -0.02218738 -0.02100013 0.54117647 0.42352941 0.64313725
v 0.02964542 -0.02283486 -0.02039465 0.54117647 0.42352941 0.64313725
v 0.02964542 -0.02335044 -0.01978916 0.54117647 0.42352941 0.64313725
v 0.00911601 -0.01243931 -0.01957934 0.54117647 0.42352941 0.64313725
v 0.01556709 -0.01348846 -0.02309834 0.54117647 0.42352941 0.64313725
v 0.01634611 -0.01390212 -0.02333214 0.54117647 0.42352941 0.64313725
v 0.01872390 -0.01512513 -0.02387768 0.54117647 0.42352941 0.64313725
v 0.01703857 -0.01321268 -0.02414745 0.54117647 0.42352941 0.64313725
v 0.01748155 -0.01395608 -0.02394962 0.54117647 0.42352941 0.64313725
v 0.01830130 -0.01439372 -0.02412347 0.54117647 0.42352941 0.64313725
v 0.02044996 -0.01580857 -0.02424936 0.54117647 0.42352941 0.64313725
v 0.01910577 -0.01472345 -0.02432130 0.54117647 0.42352941 0.64313725
v 0.02001717 -0.01512513 -0.02448316 0.54117647 0.42352941 0.64313725
v 0.02117806 -0.01661791 -0.02397360 0.54117647 0.42352941 0.64313725
v 0.03085723 -0.02335643 -0.01979516 0.54117647 0.42352941 0.64313725
v 0.03206904 -0.02281687 -0.02037666 0.54117647 0.42352941 0.64313725
v 0.03327575 -0.02215141 -0.02096416 0.54117647 0.42352941 0.64313725
v 0.03448756 -0.02205549 -0.02086225 0.54117647 0.42352941 0.64313725
v 0.03569427 -0.02193559 -0.02073036 0.54117647 0.42352941 0.64313725
v 0.03569427 -0.02133607 -0.02133585 0.54117647 0.42352941 0.64313725
v 0.03648856 -0.02062865 -0.02183342 0.54117647 0.42352941 0.64313725
v 0.03729813 -0.02049676 -0.02171352 0.54117647 0.42352941 0.64313725
v 0.03811279 -0.02035287 -0.02157564 0.54117647 0.42352941 0.64313725
v 0.03932459 -0.01950157 -0.02190536 0.54117647 0.42352941 0.64313725
v 0.04074006 -0.01914785 -0.02158763 0.54117647 0.42352941 0.64313725
v 0.03935005 -0.01870422 -0.02257079 0.54117647 0.42352941 0.64313725
v 0.03977266 -0.01806873 -0.02292449 0.54117647 0.42352941 0.64313725
v 0.04041420 -0.01874618 -0.02207921 0.54117647 0.42352941 0.64313725
v 0.04146816 -0.01833851 -0.02194133 0.54117647 0.42352941 0.64313725
v 0.04612700 -0.01467549 -0.02188738 0.54117647 0.42352941 0.64313725
v 0.04535816 -0.01268511 -0.02358393 0.54117647 0.42352941 0.64313725
v 0.04480318 -0.01213955 -0.02421939 0.54117647 0.42352941 0.64313725
v 0.04566366 -0.01149208 -0.02400357 0.54117647 0.42352941 0.64313725
v 0.04592843 -0.01082063 -0.02416543 0.54117647 0.42352941 0.64313725
v 0.04659034 -0.01035900 -0.02391964 0.54117647 0.42352941 0.64313725
v 0.04545490 -0.01400404 -0.02276862 0.54117647 0.42352941 0.64313725
v 0.04510868 -0.01366231 -0.02320026 0.54117647 0.42352941 0.64313725
v 0.04619319 -0.01001128 -0.02433928 0.54117647 0.42352941 0.64313725
v 0.04659034 -0.00898612 -0.02446518 0.54117647 0.42352941 0.64313725
v 0.04578077 -0.00809284 -0.02529247 0.54117647 0.42352941 0.64313725
v 0.05014938 -0.00180995 -0.02343406 0.54117647 0.42352941 0.64313725
v 0.05018502 -0.00060493 -0.02346403 0.54117647 0.42352941 0.64313725
v 0.05018502 0.00060009 -0.02346403 0.54117647 0.42352941 0.64313725
v 0.04537344 -0.00665401 -0.02593392 0.54117647 0.42352941 0.64313725
v 0.04527670 -0.00538305 -0.02628163 0.54117647 0.42352941 0.64313725
v 0.04480827 -0.00494540 -0.02664132 0.54117647 0.42352941 0.64313725
v 0.04552110 -0.00423198 -0.02635956 0.54117647 0.42352941 0.64313725
v 0.04665144 -0.00414805 -0.02568813 0.54117647 0.42352941 0.64313725
v 0.04720133 -0.00368643 -0.02541836 0.54117647 0.42352941 0.64313725
v 0.04786833 -0.00302097 -0.02504069 0.54117647 0.42352941 0.64313725
v 0.04871863 -0.00302097 -0.02443520 0.54117647 0.42352941 0.64313725
v 0.04940600 -0.00180995 -0.02403954 0.54117647 0.42352941 0.64313725
v 0.04537344 -0.00775712 -0.02562819 0.54117647 0.42352941 0.64313725
v 0.05014429 0.00181110 -0.02343406 0.54117647 0.42352941 0.64313725
v 0.05007300 0.00302212 -0.02337411 0.54117647 0.42352941 0.64313725
v 0.05067382 0.00302212 -0.02286454 0.54117647 0.42352941 0.64313725
v 0.05122371 0.00423313 -0.02215715 0.54117647 0.42352941 0.64313725
v 0.05056180 0.00423313 -0.02276263 0.54117647 0.42352941 0.64313725
v 0.04980824 0.00544415 -0.02315230 0.54117647 0.42352941 0.64313725
v 0.04893248 0.00549211 -0.02382972 0.54117647 0.42352941 0.64313725
v 0.04836222 0.00592975 -0.02417143 0.54117647 0.42352941 0.64313725
v 0.04908523 0.00666715 -0.02341008 0.54117647 0.42352941 0.64313725
v 0.04877973 0.00786018 -0.02328418 0.54117647 0.42352941 0.64313725
v 0.04938564 0.00786018 -0.02280459 0.54117647 0.42352941 0.64313725
v 0.04822984 0.00664917 -0.02407551 0.54117647 0.42352941 0.64313725
v 0.04295492 -0.01785890 -0.02153967 0.54117647 0.42352941 0.64313725
v 0.04364229 -0.01700160 -0.02182743 0.54117647 0.42352941 0.64313725
v 0.04444677 -0.01667187 -0.02156965 0.54117647 0.42352941 0.64313725
v 0.04492028 -0.01586253 -0.02187539 0.54117647 0.42352941 0.64313725
v 0.04534289 -0.01509515 -0.02212717 0.54117647 0.42352941 0.64313725
v 0.04178385 -0.01756514 -0.02240294 0.54117647 0.42352941 0.64313725
v 0.04209953 -0.01676779 -0.02286454 0.54117647 0.42352941 0.64313725
v 0.04295492 -0.01725340 -0.02202526 0.54117647 0.42352941 0.64313725
v 0.04816874 0.01028221 -0.02281059 0.54117647 0.42352941 0.64313725
v 0.04731844 0.01108556 -0.02308635 0.54117647 0.42352941 0.64313725
v 0.04661579 0.01149323 -0.02338010 0.54117647 0.42352941 0.64313725
v 0.04623901 0.01242847 -0.02316429 0.54117647 0.42352941 0.64313725
v 0.04661579 0.01278218 -0.02270268 0.54117647 0.42352941 0.64313725
v 0.04655469 0.01386130 -0.02210319 0.54117647 0.42352941 0.64313725
v 0.04693657 0.01422701 -0.02158763 0.54117647 0.42352941 0.64313725
v 0.04591315 0.01323781 -0.02294847 0.54117647 0.42352941 0.64313725
v 0.04857098 0.00880741 -0.02312232 0.54117647 0.42352941 0.64313725
v 0.04756283 0.01028221 -0.02326620 0.54117647 0.42352941 0.64313725
v 0.04779196 0.00907120 -0.02359592 0.54117647 0.42352941 0.64313725
v 0.04472171 0.01447281 -0.02296046 0.54117647 0.42352941 0.64313725
v 0.04534798 0.01510230 -0.02213317 0.54117647 0.42352941 0.64313725
v 0.04545490 0.01400519 -0.02276862 0.54117647 0.42352941 0.64313725
v 0.04391214 0.01483851 -0.02319426 0.54117647 0.42352941 0.64313725
v 0.04292946 0.01510230 -0.02357793 0.54117647 0.42352941 0.64313725
v 0.04239484 0.01455674 -0.02421939 0.54117647 0.42352941 0.64313725
v 0.04174311 0.01539006 -0.02397959 0.54117647 0.42352941 0.64313725
v 0.04021054 0.01590564 -0.02431530 0.54117647 0.42352941 0.64313725
v 0.04174311 0.01479055 -0.02436326 0.54117647 0.42352941 0.64313725
v 0.04058222 0.01519822 -0.02460306 0.54117647 0.42352941 0.64313725
v 0.03920240 0.01631931 -0.02442921 0.54117647 0.42352941 0.64313725
v 0.03811279 0.01552795 -0.02528648 0.54117647 0.42352941 0.64313725
v 0.03811279 0.01633130 -0.02477691 0.54117647 0.42352941 0.64313725
v 0.03697736 0.01628933 -0.02511862 0.54117647 0.42352941 0.64313725
v 0.03811279 0.01706270 -0.02428533 0.54117647 0.42352941 0.64313725
v 0.03811279 0.01766821 -0.02383571 0.54117647 0.42352941 0.64313725
v 0.03448756 0.01960463 -0.02320026 0.54117647 0.42352941 0.64313725
v 0.03518001 0.01817180 -0.02421939 0.54117647 0.42352941 0.64313725
v 0.03690098 0.01729651 -0.02445319 0.54117647 0.42352941 0.64313725
v 0.03562808 0.01760826 -0.02453112 0.54117647 0.42352941 0.64313725
v 0.03206904 0.02037801 -0.02282258 0.54117647 0.42352941 0.64313725
v 0.03327575 0.01971255 -0.02329018 0.54117647 0.42352941 0.64313725
v 0.03206904 0.01977849 -0.02334413 0.54117647 0.42352941 0.64313725
v 0.03085723 0.01980247 -0.02336811 0.54117647 0.42352941 0.64313725
v 0.02964542 0.01906507 -0.02396760 0.54117647 0.42352941 0.64313725
v 0.02843871 0.01901711 -0.02392564 0.54117647 0.42352941 0.64313725
v 0.02276665 0.01704472 -0.02427334 0.54117647 0.42352941 0.64313725
v 0.02237459 0.01748236 -0.02380574 0.54117647 0.42352941 0.64313725
v 0.02722691 0.01832168 -0.02433329 0.54117647 0.42352941 0.64313725
v 0.02722691 0.01754231 -0.02489081 0.54117647 0.42352941 0.64313725
v 0.02722691 0.01687086 -0.02536441 0.54117647 0.42352941 0.64313725
v 0.02601510 0.01672697 -0.02526849 0.54117647 0.42352941 0.64313725
v 0.02594382 0.01765022 -0.02460905 0.54117647 0.42352941 0.64313725
v 0.02480839 0.01653513 -0.02514859 0.54117647 0.42352941 0.64313725
v 0.02362204 0.01625336 -0.02504069 0.54117647 0.42352941 0.64313725
v 0.01996626 0.01907706 -0.02152768 0.54117647 0.42352941 0.64313725
v 0.01919742 0.01824974 -0.02186340 0.54117647 0.42352941 0.64313725
v 0.01875445 0.01875333 -0.02117398 0.54117647 0.42352941 0.64313725
v 0.02087765 0.01798595 -0.02286454 0.54117647 0.42352941 0.64313725
v 0.01996626 0.01847155 -0.02204924 0.54117647 0.42352941 0.64313725
v 0.02196217 0.01684088 -0.02413546 0.54117647 0.42352941 0.64313725
v 0.02123916 0.01756629 -0.02332015 0.54117647 0.42352941 0.64313725
v 0.00911601 0.01633130 -0.01648598 0.54117647 0.42352941 0.64313725
v 0.01839294 0.01798595 -0.02164159 0.54117647 0.42352941 0.64313725
v 0.01754774 0.01839362 -0.02078432 0.54117647 0.42352941 0.64313725
v 0.01747136 0.01756629 -0.02144375 0.54117647 0.42352941 0.64313725
v 0.01701312 0.01688285 -0.02173151 0.54117647 0.42352941 0.64313725
v 0.01643776 0.01748836 -0.02085026 0.54117647 0.42352941 0.64313725
v 0.01560783 0.01704472 -0.02065842 0.54117647 0.42352941 0.64313725
v 0.01610172 0.01785406 -0.02031072 0.54117647 0.42352941 0.64313725
v 0.00911601 0.01515026 -0.01757106 0.54117647 0.42352941 0.64313725
v 0.02238987 -0.01833851 -0.02314031 0.54117647 0.42352941 0.64313725
v 0.02198763 -0.01683374 -0.02412347 0.54117647 0.42352941 0.64313725
v 0.02238987 -0.01748121 -0.02379375 0.54117647 0.42352941 0.64313725
v 0.02513425 -0.01943562 -0.02305638 0.54117647 0.42352941 0.64313725
v 0.02359658 -0.01858431 -0.02333814 0.54117647 0.42352941 0.64313725
v 0.02480839 -0.01802077 -0.02410548 0.54117647 0.42352941 0.64313725
v 0.02476256 -0.01884810 -0.02344005 0.54117647 0.42352941 0.64313725
v 0.02601510 -0.02015504 -0.02261276 0.54117647 0.42352941 0.64313725
v 0.02722691 -0.02092841 -0.02211518 0.54117647 0.42352941 0.64313725
v 0.02722691 -0.02026894 -0.02272067 0.54117647 0.42352941 0.64313725
v 0.02843871 -0.02160586 -0.02160562 0.54117647 0.42352941 0.64313725
v 0.02964542 -0.02222935 -0.02104210 0.54117647 0.42352941 0.64313725
v 0.03085723 -0.02284085 -0.02040064 0.54117647 0.42352941 0.64313725
v 0.00911601 -0.01136618 -0.02021480 0.54117647 0.42352941 0.64313725
v 0.00911601 -0.01080264 -0.02052654 0.54117647 0.42352941 0.64313725
v 0.01629520 -0.01276305 -0.02394362 0.54117647 0.42352941 0.64313725
v 0.01667198 -0.01240334 -0.02435727 0.54117647 0.42352941 0.64313725
v 0.01748155 -0.01276305 -0.02460905 0.54117647 0.42352941 0.64313725
v 0.01784305 -0.01358438 -0.02435727 0.54117647 0.42352941 0.64313725
v 0.01872390 -0.01395608 -0.02457309 0.54117647 0.42352941 0.64313725
v 0.02117806 -0.01601240 -0.02438724 0.54117647 0.42352941 0.64313725
v 0.02085729 -0.01432777 -0.02529847 0.54117647 0.42352941 0.64313725
v 0.02122898 -0.01504119 -0.02501071 0.54117647 0.42352941 0.64313725
v 0.01949273 -0.01320069 -0.02535242 0.54117647 0.42352941 0.64313725
v 0.01992552 -0.01392011 -0.02514260 0.54117647 0.42352941 0.64313725
v 0.03206904 -0.02221136 -0.02102411 0.54117647 0.42352941 0.64313725
v 0.03327575 -0.02156989 -0.02156965 0.54117647 0.42352941 0.64313725
v 0.03448756 -0.02146797 -0.02146773 0.54117647 0.42352941 0.64313725
v 0.03569427 -0.02073057 -0.02193533 0.54117647 0.42352941 0.64313725
v 0.03634600 -0.01937567 -0.02300242 0.54117647 0.42352941 0.64313725
v 0.03682461 -0.01993321 -0.02236097 0.54117647 0.42352941 0.64313725
v 0.03715557 -0.01923179 -0.02288253 0.54117647 0.42352941 0.64313725
v 0.03811279 -0.01974737 -0.02212717 0.54117647 0.42352941 0.64313725
v 0.03811279 -0.01905193 -0.02273266 0.54117647 0.42352941 0.64313725
v 0.03896309 -0.01826657 -0.02308635 0.54117647 0.42352941 0.64313725
v 0.03935005 -0.01761310 -0.02342806 0.54117647 0.42352941 0.64313725
v 0.04053131 -0.01725340 -0.02322423 0.54117647 0.42352941 0.64313725
v 0.04053131 -0.01785890 -0.02275663 0.54117647 0.42352941 0.64313725
v 0.04128996 -0.01703157 -0.02305638 0.54117647 0.42352941 0.64313725
v 0.04471662 -0.01446566 -0.02295447 0.54117647 0.42352941 0.64313725
v 0.04325532 -0.01174987 -0.02525051 0.54117647 0.42352941 0.64313725
v 0.04406998 -0.01140215 -0.02496875 0.54117647 0.42352941 0.64313725
v 0.04505776 -0.01149208 -0.02436926 0.54117647 0.42352941 0.64313725
v 0.04443149 -0.01294290 -0.02400357 0.54117647 0.42352941 0.64313725
v 0.04362701 -0.01337455 -0.02423138 0.54117647 0.42352941 0.64313725
v 0.04408017 -0.01260717 -0.02438125 0.54117647 0.42352941 0.64313725
v 0.04546509 -0.01035900 -0.02463303 0.54117647 0.42352941 0.64313725
v 0.04417182 -0.01392011 -0.02359592 0.54117647 0.42352941 0.64313725
v 0.04471662 -0.00960361 -0.02537640 0.54117647 0.42352941 0.64313725
v 0.04537344 -0.00914799 -0.02516058 0.54117647 0.42352941 0.64313725
v 0.04497120 -0.00879427 -0.02552627 0.54117647 0.42352941 0.64313725
v 0.04944673 -0.00060493 -0.02406951 0.54117647 0.42352941 0.64313725
v 0.04944164 0.00060009 -0.02406951 0.54117647 0.42352941 0.64313725
v 0.04940600 0.00181110 -0.02403954 0.54117647 0.42352941 0.64313725
v 0.04443658 -0.00665401 -0.02644349 0.54117647 0.42352941 0.64313725
v 0.04464534 -0.00574875 -0.02655140 0.54117647 0.42352941 0.64313725
v 0.04420746 -0.00538305 -0.02685114 0.54117647 0.42352941 0.64313725
v 0.04236938 -0.00487946 -0.02783430 0.54117647 0.42352941 0.64313725
v 0.04308221 -0.00423198 -0.02760650 0.54117647 0.42352941 0.64313725
v 0.04416163 -0.00423198 -0.02707895 0.54117647 0.42352941 0.64313725
v 0.04491519 -0.00423198 -0.02669527 0.54117647 0.42352941 0.64313725
v 0.04566366 -0.00302097 -0.02644349 0.54117647 0.42352941 0.64313725
v 0.04658015 -0.00302097 -0.02588597 0.54117647 0.42352941 0.64313725
v 0.04726243 -0.00302097 -0.02546033 0.54117647 0.42352941 0.64313725
v 0.04795998 -0.00180995 -0.02510064 0.54117647 0.42352941 0.64313725
v 0.04880010 -0.00180995 -0.02449515 0.54117647 0.42352941 0.64313725
v 0.04409035 -0.00782906 -0.02629961 0.54117647 0.42352941 0.64313725
v 0.04932963 0.00302212 -0.02397959 0.54117647 0.42352941 0.64313725
v 0.04996099 0.00423313 -0.02328418 0.54117647 0.42352941 0.64313725
v 0.04920743 0.00423313 -0.02388967 0.54117647 0.42352941 0.64313725
v 0.04848442 0.00512641 -0.02426135 0.54117647 0.42352941 0.64313725
v 0.04762903 0.00664917 -0.02450714 0.54117647 0.42352941 0.64313725
v 0.04789379 0.00549211 -0.02459706 0.54117647 0.42352941 0.64313725
v 0.04798035 0.00786018 -0.02388967 0.54117647 0.42352941 0.64313725
v 0.04737445 0.00786018 -0.02432730 0.54117647 0.42352941 0.64313725
v 0.04301093 -0.01635413 -0.02266671 0.54117647 0.42352941 0.64313725
v 0.04345390 -0.01564071 -0.02293049 0.54117647 0.42352941 0.64313725
v 0.04409035 -0.01629417 -0.02207322 0.54117647 0.42352941 0.64313725
v 0.04425328 -0.01519107 -0.02275064 0.54117647 0.42352941 0.64313725
v 0.04171256 -0.01635413 -0.02333814 0.54117647 0.42352941 0.64313725
v 0.04264433 -0.01596444 -0.02315230 0.54117647 0.42352941 0.64313725
v 0.04658524 0.01036615 -0.02391964 0.54117647 0.42352941 0.64313725
v 0.04593352 0.01082777 -0.02417143 0.54117647 0.42352941 0.64313725
v 0.04536325 0.01269225 -0.02358393 0.54117647 0.42352941 0.64313725
v 0.04567384 0.01149323 -0.02400957 0.54117647 0.42352941 0.64313725
v 0.04510868 0.01366347 -0.02320026 0.54117647 0.42352941 0.64313725
v 0.04722170 0.00853164 -0.02421939 0.54117647 0.42352941 0.64313725
v 0.04699257 0.00933499 -0.02406352 0.54117647 0.42352941 0.64313725
v 0.04362701 0.01337570 -0.02423737 0.54117647 0.42352941 0.64313725
v 0.04319932 0.01418504 -0.02400357 0.54117647 0.42352941 0.64313725
v 0.04285818 0.01383133 -0.02438125 0.54117647 0.42352941 0.64313725
v 0.04199770 0.01299801 -0.02525051 0.54117647 0.42352941 0.64313725
v 0.04119322 0.01335172 -0.02543035 0.54117647 0.42352941 0.64313725
v 0.03980830 0.01444283 -0.02536441 0.54117647 0.42352941 0.64313725
v 0.03937042 0.01510230 -0.02512461 0.54117647 0.42352941 0.64313725
v 0.04053131 0.01419104 -0.02522053 0.54117647 0.42352941 0.64313725
v 0.03899873 0.01468863 -0.02550829 0.54117647 0.42352941 0.64313725
v 0.03743051 0.01569581 -0.02538839 0.54117647 0.42352941 0.64313725
v 0.03811279 0.01492244 -0.02564018 0.54117647 0.42352941 0.64313725
v 0.03662603 0.01585768 -0.02549030 0.54117647 0.42352941 0.64313725
v 0.03569427 0.01662506 -0.02520255 0.54117647 0.42352941 0.64313725
v 0.03448756 0.01885524 -0.02379975 0.54117647 0.42352941 0.64313725
v 0.03327575 0.01896915 -0.02389566 0.54117647 0.42352941 0.64313725
v 0.03448756 0.01824974 -0.02427334 0.54117647 0.42352941 0.64313725
v 0.03448756 0.01678693 -0.02531046 0.54117647 0.42352941 0.64313725
v 0.03448756 0.01754231 -0.02478291 0.54117647 0.42352941 0.64313725
v 0.03206904 0.01904109 -0.02394962 0.54117647 0.42352941 0.64313725
v 0.03085723 0.01907107 -0.02397360 0.54117647 0.42352941 0.64313725
v 0.02964542 0.01845956 -0.02443520 0.54117647 0.42352941 0.64313725
v 0.02843871 0.01841160 -0.02439324 0.54117647 0.42352941 0.64313725
v 0.02322998 0.01561788 -0.02534043 0.54117647 0.42352941 0.64313725
v 0.02237459 0.01639724 -0.02456709 0.54117647 0.42352941 0.64313725
v 0.02836234 0.01744639 -0.02507665 0.54117647 0.42352941 0.64313725
v 0.02790409 0.01692481 -0.02540038 0.54117647 0.42352941 0.64313725
v 0.02722691 0.01626535 -0.02574808 0.54117647 0.42352941 0.64313725
v 0.02601510 0.01612147 -0.02565816 0.54117647 0.42352941 0.64313725
v 0.02480839 0.01592962 -0.02553826 0.54117647 0.42352941 0.64313725
v 0.02403955 0.01579173 -0.02544834 0.54117647 0.42352941 0.64313725
v 0.01984915 0.01756629 -0.02272067 0.54117647 0.42352941 0.64313725
v 0.01937054 0.01693081 -0.02298444 0.54117647 0.42352941 0.64313725
v 0.01877991 0.01756629 -0.02218113 0.54117647 0.42352941 0.64313725
v 0.02017501 0.01718260 -0.02317028 0.54117647 0.42352941 0.64313725
v 0.02117806 0.01601955 -0.02438724 0.54117647 0.42352941 0.64313725
v 0.02117806 0.01662506 -0.02398559 0.54117647 0.42352941 0.64313725
v 0.01782268 0.01717661 -0.02196531 0.54117647 0.42352941 0.64313725
v 0.01751209 0.01636127 -0.02240294 0.54117647 0.42352941 0.64313725
v 0.01720660 0.01550397 -0.02284056 0.54117647 0.42352941 0.64313725
v 0.01654469 0.01607351 -0.02203125 0.54117647 0.42352941 0.64313725
v 0.01573512 0.01571979 -0.02177347 0.54117647 0.42352941 0.64313725
v 0.01621882 0.01642122 -0.02156365 0.54117647 0.42352941 0.64313725
v 0.00911601 0.01398121 -0.01851225 0.54117647 0.42352941 0.64313725
v 0.00911601 0.01511429 -0.01760103 0.54117647 0.42352941 0.64313725
v 0.02359658 -0.01780495 -0.02394362 0.54117647 0.42352941 0.64313725
v 0.02238987 -0.01639010 -0.02455510 0.54117647 0.42352941 0.64313725
v 0.02279720 -0.01703157 -0.02426135 0.54117647 0.42352941 0.64313725
v 0.02601510 -0.01954953 -0.02314630 0.54117647 0.42352941 0.64313725
v 0.02547539 -0.01812868 -0.02418342 0.54117647 0.42352941 0.64313725
v 0.02593363 -0.01868024 -0.02383571 0.54117647 0.42352941 0.64313725
v 0.02359658 -0.01719944 -0.02438125 0.54117647 0.42352941 0.64313725
v 0.02480839 -0.01741526 -0.02453112 0.54117647 0.42352941 0.64313725
v 0.02843871 -0.02034688 -0.02279260 0.54117647 0.42352941 0.64313725
v 0.02843871 -0.02100035 -0.02218712 0.54117647 0.42352941 0.64313725
v 0.02722691 -0.01966344 -0.02324821 0.54117647 0.42352941 0.64313725
v 0.02964542 -0.02164782 -0.02164758 0.54117647 0.42352941 0.64313725
v 0.03085723 -0.02223534 -0.02104809 0.54117647 0.42352941 0.64313725
v 0.00911601 -0.01027507 -0.02079031 0.54117647 0.42352941 0.64313725
v 0.01586241 -0.01193572 -0.02411747 0.54117647 0.42352941 0.64313725
v 0.01629520 -0.01151606 -0.02456709 0.54117647 0.42352941 0.64313725
v 0.01749682 -0.01156402 -0.02520255 0.54117647 0.42352941 0.64313725
v 0.01823001 -0.01201366 -0.02537040 0.54117647 0.42352941 0.64313725
v 0.01868317 -0.01276305 -0.02520854 0.54117647 0.42352941 0.64313725
v 0.02238987 -0.01538891 -0.02520255 0.54117647 0.42352941 0.64313725
v 0.02166686 -0.01458556 -0.02544834 0.54117647 0.42352941 0.64313725
v 0.02030230 -0.01351843 -0.02552028 0.54117647 0.42352941 0.64313725
v 0.02122898 -0.01392011 -0.02565216 0.54117647 0.42352941 0.64313725
v 0.01903449 -0.01239734 -0.02555625 0.54117647 0.42352941 0.64313725
v 0.01992552 -0.01276305 -0.02575408 0.54117647 0.42352941 0.64313725
v 0.03206904 -0.02162984 -0.02162959 0.54117647 0.42352941 0.64313725
v 0.03327575 -0.02096438 -0.02215115 0.54117647 0.42352941 0.64313725
v 0.03448756 -0.02086246 -0.02205523 0.54117647 0.42352941 0.64313725
v 0.03448756 -0.02020300 -0.02266072 0.54117647 0.42352941 0.64313725
v 0.03569427 -0.02006511 -0.02253482 0.54117647 0.42352941 0.64313725
v 0.03569427 -0.01945960 -0.02307436 0.54117647 0.42352941 0.64313725
v 0.03563317 -0.01865026 -0.02374579 0.54117647 0.42352941 0.64313725
v 0.03599977 -0.01805674 -0.02412946 0.54117647 0.42352941 0.64313725
v 0.03690098 -0.01790087 -0.02401556 0.54117647 0.42352941 0.64313725
v 0.03680934 -0.01880014 -0.02333214 0.54117647 0.42352941 0.64313725
v 0.03811279 -0.01844642 -0.02323023 0.54117647 0.42352941 0.64313725
v 0.03821462 -0.01751718 -0.02390166 0.54117647 0.42352941 0.64313725
v 0.03868814 -0.01692366 -0.02418941 0.54117647 0.42352941 0.64313725
v 0.03932459 -0.01675580 -0.02406951 0.54117647 0.42352941 0.64313725
v 0.04021563 -0.01589850 -0.02431530 0.54117647 0.42352941 0.64313725
v 0.04058222 -0.01631216 -0.02387168 0.54117647 0.42352941 0.64313725
v 0.04102011 -0.01564670 -0.02414745 0.54117647 0.42352941 0.64313725
v 0.04390705 -0.01483136 -0.02318827 0.54117647 0.42352941 0.64313725
v 0.04318404 -0.01417790 -0.02399758 0.54117647 0.42352941 0.64313725
v 0.04288873 -0.01263715 -0.02499872 0.54117647 0.42352941 0.64313725
v 0.04244576 -0.01219351 -0.02545433 0.54117647 0.42352941 0.64313725
v 0.04288873 -0.01140215 -0.02558622 0.54117647 0.42352941 0.64313725
v 0.04360155 -0.01094053 -0.02543035 0.54117647 0.42352941 0.64313725
v 0.04446204 -0.01028106 -0.02523852 0.54117647 0.42352941 0.64313725
v 0.04237957 -0.01454360 -0.02421339 0.54117647 0.42352941 0.64313725
v 0.04284800 -0.01383018 -0.02437525 0.54117647 0.42352941 0.64313725
v 0.04425328 -0.00914799 -0.02578405 0.54117647 0.42352941 0.64313725
v 0.04385614 -0.01028106 -0.02556224 0.54117647 0.42352941 0.64313725
v 0.04340298 -0.00821275 -0.02654540 0.54117647 0.42352941 0.64313725
v 0.04884083 -0.00060493 -0.02452513 0.54117647 0.42352941 0.64313725
v 0.04883574 0.00060009 -0.02452513 0.54117647 0.42352941 0.64313725
v 0.04880010 0.00181110 -0.02449515 0.54117647 0.42352941 0.64313725
v 0.04872373 0.00302212 -0.02444120 0.54117647 0.42352941 0.64313725
v 0.04383068 -0.00665401 -0.02675522 0.54117647 0.42352941 0.64313725
v 0.04364229 -0.00740340 -0.02665931 0.54117647 0.42352941 0.64313725
v 0.04284290 -0.00534708 -0.02751657 0.54117647 0.42352941 0.64313725
v 0.04216063 -0.00568880 -0.02775037 0.54117647 0.42352941 0.64313725
v 0.04175330 -0.00534708 -0.02798417 0.54117647 0.42352941 0.64313725
v 0.04174311 -0.00423198 -0.02817601 0.54117647 0.42352941 0.64313725
v 0.04247631 -0.00423198 -0.02788226 0.54117647 0.42352941 0.64313725
v 0.04325023 -0.00302097 -0.02768443 0.54117647 0.42352941 0.64313725
v 0.04416163 -0.00302097 -0.02723482 0.54117647 0.42352941 0.64313725
v 0.04505776 -0.00302097 -0.02677321 0.54117647 0.42352941 0.64313725
v 0.04577059 -0.00180995 -0.02650344 0.54117647 0.42352941 0.64313725
v 0.04658015 -0.00180995 -0.02600586 0.54117647 0.42352941 0.64313725
v 0.04735408 -0.00180995 -0.02552028 0.54117647 0.42352941 0.64313725
v 0.04800071 -0.00060493 -0.02513061 0.54117647 0.42352941 0.64313725
v 0.04860153 0.00423313 -0.02435127 0.54117647 0.42352941 0.64313725
v 0.04768503 0.00415520 -0.02501071 0.54117647 0.42352941 0.64313725
v 0.04709950 0.00450891 -0.02535242 0.54117647 0.42352941 0.64313725
v 0.04695184 0.00544415 -0.02525650 0.54117647 0.42352941 0.64313725
v 0.04673799 0.00664917 -0.02511262 0.54117647 0.42352941 0.64313725
v 0.04599971 0.00730264 -0.02542436 0.54117647 0.42352941 0.64313725
v 0.04174311 -0.01538292 -0.02397959 0.54117647 0.42352941 0.64313725
v 0.04618810 0.01001843 -0.02433329 0.54117647 0.42352941 0.64313725
v 0.04547018 0.01036615 -0.02463303 0.54117647 0.42352941 0.64313725
v 0.04447222 0.01028221 -0.02524451 0.54117647 0.42352941 0.64313725
v 0.04506794 0.01149323 -0.02437525 0.54117647 0.42352941 0.64313725
v 0.04443149 0.01295005 -0.02400357 0.54117647 0.42352941 0.64313725
v 0.04480827 0.01214070 -0.02421939 0.54117647 0.42352941 0.64313725
v 0.04578077 0.00811198 -0.02529247 0.54117647 0.42352941 0.64313725
v 0.04658524 0.00898727 -0.02446518 0.54117647 0.42352941 0.64313725
v 0.04408526 0.01260832 -0.02438125 0.54117647 0.42352941 0.64313725
v 0.04288873 0.01263830 -0.02499872 0.54117647 0.42352941 0.64313725
v 0.04244067 0.01219466 -0.02545433 0.54117647 0.42352941 0.64313725
v 0.04053131 0.01358553 -0.02555625 0.54117647 0.42352941 0.64313725
v 0.04165147 0.01263830 -0.02558023 0.54117647 0.42352941 0.64313725
v 0.04053131 0.01270425 -0.02599987 0.54117647 0.42352941 0.64313725
v 0.03937042 0.01398720 -0.02576607 0.54117647 0.42352941 0.64313725
v 0.03840810 0.01312990 -0.02653341 0.54117647 0.42352941 0.64313725
v 0.03804660 0.01381934 -0.02626964 0.54117647 0.42352941 0.64313725
v 0.03690098 0.01412509 -0.02640752 0.54117647 0.42352941 0.64313725
v 0.03697736 0.01522220 -0.02577206 0.54117647 0.42352941 0.64313725
v 0.03569427 0.01601955 -0.02559222 0.54117647 0.42352941 0.64313725
v 0.03569427 0.01512028 -0.02612576 0.54117647 0.42352941 0.64313725
v 0.03327575 0.01836964 -0.02436326 0.54117647 0.42352941 0.64313725
v 0.03448756 0.01618142 -0.02570012 0.54117647 0.42352941 0.64313725
v 0.03360671 0.01688285 -0.02537040 0.54117647 0.42352941 0.64313725
v 0.03322992 0.01743440 -0.02503469 0.54117647 0.42352941 0.64313725
v 0.03206904 0.01843558 -0.02441722 0.54117647 0.42352941 0.64313725
v 0.03085723 0.01846556 -0.02443520 0.54117647 0.42352941 0.64313725
v 0.03085723 0.01762624 -0.02504069 0.54117647 0.42352941 0.64313725
v 0.02964542 0.01762025 -0.02503469 0.54117647 0.42352941 0.64313725
v 0.02871366 0.01697877 -0.02543635 0.54117647 0.42352941 0.64313725
v 0.02238987 0.01539606 -0.02520854 0.54117647 0.42352941 0.64313725
v 0.02362204 0.01518023 -0.02570012 0.54117647 0.42352941 0.64313725
v 0.02238987 0.01479055 -0.02556824 0.54117647 0.42352941 0.64313725
v 0.02836234 0.01644520 -0.02574808 0.54117647 0.42352941 0.64313725
v 0.02843871 0.01537208 -0.02641352 0.54117647 0.42352941 0.64313725
v 0.02722691 0.01527016 -0.02635357 0.54117647 0.42352941 0.64313725
v 0.02603037 0.01503635 -0.02631160 0.54117647 0.42352941 0.64313725
v 0.02480839 0.01512028 -0.02601785 0.54117647 0.42352941 0.64313725
v 0.01991025 0.01636727 -0.02361990 0.54117647 0.42352941 0.64313725
v 0.01964548 0.01553394 -0.02406951 0.54117647 0.42352941 0.64313725
v 0.01875954 0.01610948 -0.02325421 0.54117647 0.42352941 0.64313725
v 0.01875954 0.01671498 -0.02282258 0.54117647 0.42352941 0.64313725
v 0.02045505 0.01580373 -0.02424936 0.54117647 0.42352941 0.64313725
v 0.02122898 0.01504234 -0.02501071 0.54117647 0.42352941 0.64313725
v 0.01801107 0.01583370 -0.02306237 0.54117647 0.42352941 0.64313725
v 0.01624428 0.01521021 -0.02244490 0.54117647 0.42352941 0.64313725
v 0.01758338 0.01510829 -0.02330217 0.54117647 0.42352941 0.64313725
v 0.01675344 0.01470062 -0.02310434 0.54117647 0.42352941 0.64313725
v 0.01594388 0.01429895 -0.02285255 0.54117647 0.42352941 0.64313725
v 0.00911601 0.01303398 -0.01920167 0.54117647 0.42352941 0.64313725
v 0.00911601 0.01305196 -0.01918968 0.54117647 0.42352941 0.64313725
v 0.02325544 -0.01561073 -0.02534043 0.54117647 0.42352941 0.64313725
v 0.02363222 -0.01624621 -0.02502870 0.54117647 0.42352941 0.64313725
v 0.02628496 -0.01823060 -0.02426135 0.54117647 0.42352941 0.64313725
v 0.02722691 -0.01892603 -0.02385370 0.54117647 0.42352941 0.64313725
v 0.02593363 -0.01765507 -0.02460905 0.54117647 0.42352941 0.64313725
v 0.02480839 -0.01652799 -0.02513660 0.54117647 0.42352941 0.64313725
v 0.02601510 -0.01671983 -0.02526849 0.54117647 0.42352941 0.64313725
v 0.02843871 -0.01974137 -0.02331416 0.54117647 0.42352941 0.64313725
v 0.02964542 -0.02039484 -0.02282857 0.54117647 0.42352941 0.64313725
v 0.02964542 -0.02104231 -0.02222309 0.54117647 0.42352941 0.64313725
v 0.02843871 -0.01900997 -0.02391964 0.54117647 0.42352941 0.64313725
v 0.03085723 -0.02165382 -0.02165358 0.54117647 0.42352941 0.64313725
v 0.01555182 -0.01112638 -0.02430931 0.54117647 0.42352941 0.64313725
v 0.00911601 -0.00907604 -0.02134184 0.54117647 0.42352941 0.64313725
v 0.01634611 -0.01031703 -0.02512461 0.54117647 0.42352941 0.64313725
v 0.01705894 -0.01074269 -0.02534643 0.54117647 0.42352941 0.64313725
v 0.01786851 -0.01121031 -0.02555025 0.54117647 0.42352941 0.64313725
v 0.01868317 -0.01156402 -0.02577806 0.54117647 0.42352941 0.64313725
v 0.02238987 -0.01478340 -0.02556824 0.54117647 0.42352941 0.64313725
v 0.02238987 -0.01391411 -0.02604783 0.54117647 0.42352941 0.64313725
v 0.02121879 -0.01263715 -0.02629961 0.54117647 0.42352941 0.64313725
v 0.02238987 -0.01304482 -0.02649145 0.54117647 0.42352941 0.64313725
v 0.01996116 -0.01148608 -0.02636556 0.54117647 0.42352941 0.64313725
v 0.02084201 -0.01188776 -0.02652742 0.54117647 0.42352941 0.64313725
v 0.03206904 -0.02102433 -0.02220511 0.54117647 0.42352941 0.64313725
v 0.03206904 -0.02037086 -0.02281059 0.54117647 0.42352941 0.64313725
v 0.03327575 -0.02030491 -0.02275663 0.54117647 0.42352941 0.64313725
v 0.03448756 -0.01959749 -0.02318827 0.54117647 0.42352941 0.64313725
v 0.03519529 -0.01817664 -0.02421939 0.54117647 0.42352941 0.64313725
v 0.03563317 -0.01760711 -0.02452513 0.54117647 0.42352941 0.64313725
v 0.03690098 -0.01729536 -0.02444719 0.54117647 0.42352941 0.64313725
v 0.03788367 -0.01709752 -0.02430931 0.54117647 0.42352941 0.64313725
v 0.03821462 -0.01644405 -0.02464502 0.54117647 0.42352941 0.64313725
v 0.03811279 -0.01552080 -0.02528048 0.54117647 0.42352941 0.64313725
v 0.03932459 -0.01615029 -0.02447717 0.54117647 0.42352941 0.64313725
v 0.03937042 -0.01510114 -0.02512461 0.54117647 0.42352941 0.64313725
v 0.03980830 -0.01444168 -0.02536441 0.54117647 0.42352941 0.64313725
v 0.04058222 -0.01519707 -0.02460306 0.54117647 0.42352941 0.64313725
v 0.04174311 -0.01477741 -0.02435727 0.54117647 0.42352941 0.64313725
v 0.04198242 -0.01300285 -0.02524451 0.54117647 0.42352941 0.64313725
v 0.04174311 -0.01149208 -0.02607181 0.54117647 0.42352941 0.64313725
v 0.04117285 -0.01333858 -0.02542436 0.54117647 0.42352941 0.64313725
v 0.04164128 -0.01263715 -0.02557423 0.54117647 0.42352941 0.64313725
v 0.04182967 -0.01038898 -0.02649145 0.54117647 0.42352941 0.64313725
v 0.04295492 -0.01028106 -0.02601785 0.54117647 0.42352941 0.64313725
v 0.04164128 -0.01380620 -0.02495676 0.54117647 0.42352941 0.64313725
v 0.04298038 -0.00915398 -0.02643150 0.54117647 0.42352941 0.64313725
v 0.04259851 -0.00880626 -0.02673124 0.54117647 0.42352941 0.64313725
v 0.04298038 -0.00782906 -0.02685114 0.54117647 0.42352941 0.64313725
v 0.04800071 0.00060009 -0.02513061 0.54117647 0.42352941 0.64313725
v 0.04795489 0.00181110 -0.02510064 0.54117647 0.42352941 0.64313725
v 0.04787342 0.00302212 -0.02504069 0.54117647 0.42352941 0.64313725
v 0.04720642 0.00370556 -0.02541836 0.54117647 0.42352941 0.64313725
v 0.04295492 -0.00665401 -0.02717487 0.54117647 0.42352941 0.64313725
v 0.04175330 -0.00674994 -0.02767244 0.54117647 0.42352941 0.64313725
v 0.04135615 -0.00641421 -0.02791224 0.54117647 0.42352941 0.64313725
v 0.04053131 -0.00544300 -0.02841581 0.54117647 0.42352941 0.64313725
v 0.04053131 -0.00423198 -0.02862563 0.54117647 0.42352941 0.64313725
v 0.04174311 -0.00302097 -0.02832588 0.54117647 0.42352941 0.64313725
v 0.04264433 -0.00302097 -0.02796020 0.54117647 0.42352941 0.64313725
v 0.04336734 -0.00180995 -0.02773838 0.54117647 0.42352941 0.64313725
v 0.04416163 -0.00180995 -0.02734872 0.54117647 0.42352941 0.64313725
v 0.04516468 -0.00180995 -0.02683316 0.54117647 0.42352941 0.64313725
v 0.04582150 -0.00060493 -0.02652742 0.54117647 0.42352941 0.64313725
v 0.04658015 -0.00060493 -0.02606581 0.54117647 0.42352941 0.64313725
v 0.04739990 -0.00060493 -0.02554426 0.54117647 0.42352941 0.64313725
v 0.04665144 0.00415520 -0.02569413 0.54117647 0.42352941 0.64313725
v 0.04635103 0.00544415 -0.02564018 0.54117647 0.42352941 0.64313725
v 0.04613209 0.00664917 -0.02550229 0.54117647 0.42352941 0.64313725
v 0.04537344 0.00777026 -0.02562819 0.54117647 0.42352941 0.64313725
v 0.04537344 0.00664917 -0.02593992 0.54117647 0.42352941 0.64313725
v 0.04444677 0.00664917 -0.02644948 0.54117647 0.42352941 0.64313725
v 0.04537344 0.00914914 -0.02516058 0.54117647 0.42352941 0.64313725
v 0.04472171 0.00960477 -0.02538239 0.54117647 0.42352941 0.64313725
v 0.04361174 0.01095367 -0.02543635 0.54117647 0.42352941 0.64313725
v 0.04407508 0.01140930 -0.02496875 0.54117647 0.42352941 0.64313725
v 0.04325023 0.01175701 -0.02525051 0.54117647 0.42352941 0.64313725
v 0.04497120 0.00879542 -0.02552028 0.54117647 0.42352941 0.64313725
v 0.04288873 0.01140930 -0.02558622 0.54117647 0.42352941 0.64313725
v 0.04174311 0.01149323 -0.02607181 0.54117647 0.42352941 0.64313725
v 0.03939078 0.01271624 -0.02641352 0.54117647 0.42352941 0.64313725
v 0.04063823 0.01157117 -0.02647946 0.54117647 0.42352941 0.64313725
v 0.03983885 0.01202680 -0.02658737 0.54117647 0.42352941 0.64313725
v 0.03903437 0.01232056 -0.02672525 0.54117647 0.42352941 0.64313725
v 0.03804660 0.01271624 -0.02682716 0.54117647 0.42352941 0.64313725
v 0.03759854 0.01335771 -0.02664132 0.54117647 0.42352941 0.64313725
v 0.03690098 0.01351958 -0.02672525 0.54117647 0.42352941 0.64313725
v 0.03569427 0.01438288 -0.02654540 0.54117647 0.42352941 0.64313725
v 0.03503236 0.01450278 -0.02661135 0.54117647 0.42352941 0.64313725
v 0.03457411 0.01505433 -0.02635956 0.54117647 0.42352941 0.64313725
v 0.03279714 0.01696078 -0.02542436 0.54117647 0.42352941 0.64313725
v 0.03327575 0.01531812 -0.02638354 0.54117647 0.42352941 0.64313725
v 0.03322992 0.01642122 -0.02571211 0.54117647 0.42352941 0.64313725
v 0.03206904 0.01759627 -0.02502270 0.54117647 0.42352941 0.64313725
v 0.03085723 0.01702073 -0.02546632 0.54117647 0.42352941 0.64313725
v 0.02964542 0.01701474 -0.02546033 0.54117647 0.42352941 0.64313725
v 0.02964542 0.01633130 -0.02589795 0.54117647 0.42352941 0.64313725
v 0.02166686 0.01458671 -0.02544834 0.54117647 0.42352941 0.64313725
v 0.02480839 0.01428096 -0.02649145 0.54117647 0.42352941 0.64313725
v 0.02351511 0.01389128 -0.02638954 0.54117647 0.42352941 0.64313725
v 0.02305687 0.01327378 -0.02659936 0.54117647 0.42352941 0.64313725
v 0.02238987 0.01390927 -0.02605382 0.54117647 0.42352941 0.64313725
v 0.02964542 0.01543203 -0.02644948 0.54117647 0.42352941 0.64313725
v 0.02843871 0.01476657 -0.02675522 0.54117647 0.42352941 0.64313725
v 0.02722691 0.01466465 -0.02670127 0.54117647 0.42352941 0.64313725
v 0.02644280 0.01457472 -0.02664732 0.54117647 0.42352941 0.64313725
v 0.02563832 0.01444283 -0.02657538 0.54117647 0.42352941 0.64313725
v 0.02001717 0.01512628 -0.02448316 0.54117647 0.42352941 0.64313725
v 0.01909050 0.01472460 -0.02432730 0.54117647 0.42352941 0.64313725
v 0.01871881 0.01512628 -0.02388367 0.54117647 0.42352941 0.64313725
v 0.02086238 0.01432892 -0.02530446 0.54117647 0.42352941 0.64313725
v 0.01828602 0.01440087 -0.02412946 0.54117647 0.42352941 0.64313725
v 0.01748155 0.01396322 -0.02395561 0.54117647 0.42352941 0.64313725
v 0.01703857 0.01321383 -0.02414745 0.54117647 0.42352941 0.64313725
v 0.01634611 0.01390327 -0.02333814 0.54117647 0.42352941 0.64313725
v 0.01556200 0.01349560 -0.02309834 0.54117647 0.42352941 0.64313725
v 0.00911601 0.01245245 -0.01958534 0.54117647 0.42352941 0.64313725
v 0.02406501 -0.01578459 -0.02544234 0.54117647 0.42352941 0.64313725
v 0.02363222 -0.01517309 -0.02569413 0.54117647 0.42352941 0.64313725
v 0.02722691 -0.01754116 -0.02489081 0.54117647 0.42352941 0.64313725
v 0.02722691 -0.01832053 -0.02433329 0.54117647 0.42352941 0.64313725
v 0.02480839 -0.01592248 -0.02552627 0.54117647 0.42352941 0.64313725
v 0.02601510 -0.01611432 -0.02565216 0.54117647 0.42352941 0.64313725
v 0.02722691 -0.01686371 -0.02535841 0.54117647 0.42352941 0.64313725
v 0.02964542 -0.01978933 -0.02335013 0.54117647 0.42352941 0.64313725
v 0.03085723 -0.01979533 -0.02335612 0.54117647 0.42352941 0.64313725
v 0.03085723 -0.02039484 -0.02283457 0.54117647 0.42352941 0.64313725
v 0.03085723 -0.02104831 -0.02222908 0.54117647 0.42352941 0.64313725
v 0.02964542 -0.01905793 -0.02395561 0.54117647 0.42352941 0.64313725
v 0.02843871 -0.01840446 -0.02439324 0.54117647 0.42352941 0.64313725
v 0.00911601 -0.00824872 -0.02167755 0.54117647 0.42352941 0.64313725
v 0.01594897 -0.00934583 -0.02528648 0.54117647 0.42352941 0.64313725
v 0.01675853 -0.00993335 -0.02550829 0.54117647 0.42352941 0.64313725
v 0.01749682 -0.01031703 -0.02573609 0.54117647 0.42352941 0.64313725
v 0.01877482 -0.01028106 -0.02635357 0.54117647 0.42352941 0.64313725
v 0.01955383 -0.01068873 -0.02653941 0.54117647 0.42352941 0.64313725
v 0.02352530 -0.01388413 -0.02638954 0.54117647 0.42352941 0.64313725
v 0.02307214 -0.01326664 -0.02659936 0.54117647 0.42352941 0.64313725
v 0.02164649 -0.01219351 -0.02666530 0.54117647 0.42352941 0.64313725
v 0.02238987 -0.01244530 -0.02677920 0.54117647 0.42352941 0.64313725
v 0.02035831 -0.01107842 -0.02670127 0.54117647 0.42352941 0.64313725
v 0.02121879 -0.01148608 -0.02682716 0.54117647 0.42352941 0.64313725
v 0.03206904 -0.01976535 -0.02333214 0.54117647 0.42352941 0.64313725
v 0.03327575 -0.01970540 -0.02327819 0.54117647 0.42352941 0.64313725
v 0.03327575 -0.01896800 -0.02388367 0.54117647 0.42352941 0.64313725
v 0.03448756 -0.01885409 -0.02379375 0.54117647 0.42352941 0.64313725
v 0.03448756 -0.01824859 -0.02427934 0.54117647 0.42352941 0.64313725
v 0.03448756 -0.01754116 -0.02478291 0.54117647 0.42352941 0.64313725
v 0.03448756 -0.01678578 -0.02530446 0.54117647 0.42352941 0.64313725
v 0.03569427 -0.01661192 -0.02519655 0.54117647 0.42352941 0.64313725
v 0.03696208 -0.01628818 -0.02510663 0.54117647 0.42352941 0.64313725
v 0.03740505 -0.01568267 -0.02538239 0.54117647 0.42352941 0.64313725
v 0.03811279 -0.01491530 -0.02564018 0.54117647 0.42352941 0.64313725
v 0.03900382 -0.01468748 -0.02550829 0.54117647 0.42352941 0.64313725
v 0.03937042 -0.01398605 -0.02576007 0.54117647 0.42352941 0.64313725
v 0.04053131 -0.01357239 -0.02555025 0.54117647 0.42352941 0.64313725
v 0.04053131 -0.01417790 -0.02522053 0.54117647 0.42352941 0.64313725
v 0.04063823 -0.01157002 -0.02647946 0.54117647 0.42352941 0.64313725
v 0.04111175 -0.01086259 -0.02660535 0.54117647 0.42352941 0.64313725
v 0.04053131 -0.01270309 -0.02598788 0.54117647 0.42352941 0.64313725
v 0.04148853 -0.01005325 -0.02676122 0.54117647 0.42352941 0.64313725
v 0.04229301 -0.00961561 -0.02659336 0.54117647 0.42352941 0.64313725
v 0.04174311 -0.00785903 -0.02738469 0.54117647 0.42352941 0.64313725
v 0.04182967 -0.00915398 -0.02694107 0.54117647 0.42352941 0.64313725
v 0.04739481 0.00060009 -0.02554426 0.54117647 0.42352941 0.64313725
v 0.04735408 0.00181110 -0.02551428 0.54117647 0.42352941 0.64313725
v 0.04726752 0.00302212 -0.02546033 0.54117647 0.42352941 0.64313725
v 0.04658015 0.00302212 -0.02589795 0.54117647 0.42352941 0.64313725
v 0.04111685 -0.00722355 -0.02781632 0.54117647 0.42352941 0.64313725
v 0.04063823 -0.00674994 -0.02809808 0.54117647 0.42352941 0.64313725
v 0.03932459 -0.00665401 -0.02856568 0.54117647 0.42352941 0.64313725
v 0.03925840 -0.00541302 -0.02884744 0.54117647 0.42352941 0.64313725
v 0.03960463 -0.00423198 -0.02893736 0.54117647 0.42352941 0.64313725
v 0.03980830 -0.00325478 -0.02900331 0.54117647 0.42352941 0.64313725
v 0.04041420 -0.00291905 -0.02882346 0.54117647 0.42352941 0.64313725
v 0.04060768 -0.00180995 -0.02885343 0.54117647 0.42352941 0.64313725
v 0.04174311 -0.00180995 -0.02843379 0.54117647 0.42352941 0.64313725
v 0.04276144 -0.00180995 -0.02801415 0.54117647 0.42352941 0.64313725
v 0.04342335 -0.00060493 -0.02776836 0.54117647 0.42352941 0.64313725
v 0.04416163 -0.00060493 -0.02740267 0.54117647 0.42352941 0.64313725
v 0.04521560 -0.00060493 -0.02685714 0.54117647 0.42352941 0.64313725
v 0.04581641 0.00060009 -0.02652742 0.54117647 0.42352941 0.64313725
v 0.04658015 0.00060009 -0.02605982 0.54117647 0.42352941 0.64313725
v 0.04551600 0.00423313 -0.02635956 0.54117647 0.42352941 0.64313725
v 0.04566875 0.00302212 -0.02644349 0.54117647 0.42352941 0.64313725
v 0.04527161 0.00537820 -0.02628163 0.54117647 0.42352941 0.64313725
v 0.04409544 0.00783021 -0.02629961 0.54117647 0.42352941 0.64313725
v 0.04465043 0.00574391 -0.02655739 0.54117647 0.42352941 0.64313725
v 0.04384086 0.00664917 -0.02676122 0.54117647 0.42352941 0.64313725
v 0.04364738 0.00740455 -0.02665931 0.54117647 0.42352941 0.64313725
v 0.04425328 0.00914914 -0.02578405 0.54117647 0.42352941 0.64313725
v 0.04298038 0.00916712 -0.02643150 0.54117647 0.42352941 0.64313725
v 0.04231338 0.00963474 -0.02659936 0.54117647 0.42352941 0.64313725
v 0.04386632 0.01028221 -0.02556824 0.54117647 0.42352941 0.64313725
v 0.04295492 0.01028221 -0.02602984 0.54117647 0.42352941 0.64313725
v 0.04183985 0.01039013 -0.02649744 0.54117647 0.42352941 0.64313725
v 0.04111175 0.01086374 -0.02660535 0.54117647 0.42352941 0.64313725
v 0.04030219 0.01122345 -0.02675522 0.54117647 0.42352941 0.64313725
v 0.03939078 0.01157117 -0.02692908 0.54117647 0.42352941 0.64313725
v 0.03811279 0.01149323 -0.02735471 0.54117647 0.42352941 0.64313725
v 0.03690098 0.01270425 -0.02712691 0.54117647 0.42352941 0.64313725
v 0.03569427 0.01377737 -0.02685714 0.54117647 0.42352941 0.64313725
v 0.03422788 0.01460470 -0.02666530 0.54117647 0.42352941 0.64313725
v 0.03569427 0.01270425 -0.02738469 0.54117647 0.42352941 0.64313725
v 0.03499672 0.01206277 -0.02781632 0.54117647 0.42352941 0.64313725
v 0.03457411 0.01402317 -0.02692308 0.54117647 0.42352941 0.64313725
v 0.03206904 0.01540805 -0.02643150 0.54117647 0.42352941 0.64313725
v 0.03206904 0.01633130 -0.02586798 0.54117647 0.42352941 0.64313725
v 0.03206904 0.01699076 -0.02544234 0.54117647 0.42352941 0.64313725
v 0.03327575 0.01471261 -0.02672525 0.54117647 0.42352941 0.64313725
v 0.03206904 0.01480254 -0.02677920 0.54117647 0.42352941 0.64313725
v 0.03085723 0.01633130 -0.02590395 0.54117647 0.42352941 0.64313725
v 0.03085723 0.01543802 -0.02645548 0.54117647 0.42352941 0.64313725
v 0.02122898 0.01392126 -0.02565816 0.54117647 0.42352941 0.64313725
v 0.02480839 0.01367546 -0.02680918 0.54117647 0.42352941 0.64313725
v 0.02386644 0.01347162 -0.02670127 0.54117647 0.42352941 0.64313725
v 0.02351511 0.01280017 -0.02694107 0.54117647 0.42352941 0.64313725
v 0.02238987 0.01245245 -0.02678520 0.54117647 0.42352941 0.64313725
v 0.02238987 0.01305796 -0.02649744 0.54117647 0.42352941 0.64313725
v 0.02964542 0.01482652 -0.02679119 0.54117647 0.42352941 0.64313725
v 0.02843871 0.01390927 -0.02720484 0.54117647 0.42352941 0.64313725
v 0.02722691 0.01390927 -0.02709094 0.54117647 0.42352941 0.64313725
v 0.02603037 0.01398720 -0.02688112 0.54117647 0.42352941 0.64313725
v 0.01991534 0.01392126 -0.02514859 0.54117647 0.42352941 0.64313725
v 0.01947237 0.01321383 -0.02535841 0.54117647 0.42352941 0.64313725
v 0.01871881 0.01396322 -0.02458507 0.54117647 0.42352941 0.64313725
v 0.02028194 0.01352558 -0.02552627 0.54117647 0.42352941 0.64313725
v 0.01784305 0.01359152 -0.02435727 0.54117647 0.42352941 0.64313725
v 0.01748155 0.01276420 -0.02460905 0.54117647 0.42352941 0.64313725
v 0.01666689 0.01240449 -0.02435727 0.54117647 0.42352941 0.64313725
v 0.01586241 0.01194286 -0.02412347 0.54117647 0.42352941 0.64313725
v 0.01629520 0.01276420 -0.02394362 0.54117647 0.42352941 0.64313725
v 0.00911601 0.01139731 -0.02020881 0.54117647 0.42352941 0.64313725
v 0.02480839 -0.01511913 -0.02600586 0.54117647 0.42352941 0.64313725
v 0.02480839 -0.01427382 -0.02649145 0.54117647 0.42352941 0.64313725
v 0.02836743 -0.01744524 -0.02507665 0.54117647 0.42352941 0.64313725
v 0.02791427 -0.01692366 -0.02540038 0.54117647 0.42352941 0.64313725
v 0.02603546 -0.01503520 -0.02630561 0.54117647 0.42352941 0.64313725
v 0.02722691 -0.01526301 -0.02634757 0.54117647 0.42352941 0.64313725
v 0.02722691 -0.01625820 -0.02574209 0.54117647 0.42352941 0.64313725
v 0.03085723 -0.01906392 -0.02396161 0.54117647 0.42352941 0.64313725
v 0.02964542 -0.01845242 -0.02442921 0.54117647 0.42352941 0.64313725
v 0.02871875 -0.01697762 -0.02543635 0.54117647 0.42352941 0.64313725
v 0.02964542 -0.01761910 -0.02503469 0.54117647 0.42352941 0.64313725
v 0.00911601 -0.00761923 -0.02191136 0.54117647 0.42352941 0.64313725
v 0.01568929 -0.00853648 -0.02543035 0.54117647 0.42352941 0.64313725
v 0.01634611 -0.00899211 -0.02563418 0.54117647 0.42352941 0.64313725
v 0.01761902 -0.00901609 -0.02628163 0.54117647 0.42352941 0.64313725
v 0.01838276 -0.00938180 -0.02651543 0.54117647 0.42352941 0.64313725
v 0.01918724 -0.00987939 -0.02669527 0.54117647 0.42352941 0.64313725
v 0.01996116 -0.01028106 -0.02685114 0.54117647 0.42352941 0.64313725
v 0.02387662 -0.01346448 -0.02670127 0.54117647 0.42352941 0.64313725
v 0.02362713 -0.01142613 -0.02757053 0.54117647 0.42352941 0.64313725
v 0.02352530 -0.01279902 -0.02692908 0.54117647 0.42352941 0.64313725
v 0.02238987 -0.01149208 -0.02719884 0.54117647 0.42352941 0.64313725
v 0.02117806 -0.01028106 -0.02729476 0.54117647 0.42352941 0.64313725
v 0.02233386 -0.01030504 -0.02766045 0.54117647 0.42352941 0.64313725
v 0.03206904 -0.01903395 -0.02393763 0.54117647 0.42352941 0.64313725
v 0.03206904 -0.01843443 -0.02441722 0.54117647 0.42352941 0.64313725
v 0.03327575 -0.01836249 -0.02436326 0.54117647 0.42352941 0.64313725
v 0.03322992 -0.01743325 -0.02503469 0.54117647 0.42352941 0.64313725
v 0.03359652 -0.01688170 -0.02537040 0.54117647 0.42352941 0.64313725
v 0.03448756 -0.01618027 -0.02568813 0.54117647 0.42352941 0.64313725
v 0.03569427 -0.01601240 -0.02558622 0.54117647 0.42352941 0.64313725
v 0.03660058 -0.01585054 -0.02548431 0.54117647 0.42352941 0.64313725
v 0.03696208 -0.01521505 -0.02577206 0.54117647 0.42352941 0.64313725
v 0.03690098 -0.01411794 -0.02640752 0.54117647 0.42352941 0.64313725
v 0.03804151 -0.01381819 -0.02626964 0.54117647 0.42352941 0.64313725
v 0.03839792 -0.01312275 -0.02652742 0.54117647 0.42352941 0.64313725
v 0.03938569 -0.01271508 -0.02640752 0.54117647 0.42352941 0.64313725
v 0.03982866 -0.01201965 -0.02658137 0.54117647 0.42352941 0.64313725
v 0.04030728 -0.01121630 -0.02676122 0.54117647 0.42352941 0.64313725
v 0.04063823 -0.01038898 -0.02696504 0.54117647 0.42352941 0.64313725
v 0.04044475 -0.00899211 -0.02752856 0.54117647 0.42352941 0.64313725
v 0.04086226 -0.00785903 -0.02772640 0.54117647 0.42352941 0.64313725
v 0.04658015 0.00181110 -0.02600586 0.54117647 0.42352941 0.64313725
v 0.04577059 0.00181110 -0.02650344 0.54117647 0.42352941 0.64313725
v 0.04025636 -0.00785903 -0.02794821 0.54117647 0.42352941 0.64313725
v 0.03932459 -0.00785903 -0.02825994 0.54117647 0.42352941 0.64313725
v 0.03812297 -0.00667799 -0.02890739 0.54117647 0.42352941 0.64313725
v 0.03853030 -0.00579671 -0.02899132 0.54117647 0.42352941 0.64313725
v 0.03881034 -0.00499336 -0.02906325 0.54117647 0.42352941 0.64313725
v 0.03900382 -0.00423198 -0.02912320 0.54117647 0.42352941 0.64313725
v 0.03937551 -0.00291905 -0.02917116 0.54117647 0.42352941 0.64313725
v 0.03993559 -0.00244544 -0.02903927 0.54117647 0.42352941 0.64313725
v 0.04000178 -0.00180995 -0.02906325 0.54117647 0.42352941 0.64313725
v 0.04068406 -0.00060493 -0.02887741 0.54117647 0.42352941 0.64313725
v 0.04174311 -0.00060493 -0.02848775 0.54117647 0.42352941 0.64313725
v 0.04281744 -0.00060493 -0.02803813 0.54117647 0.42352941 0.64313725
v 0.04281744 0.00060009 -0.02803813 0.54117647 0.42352941 0.64313725
v 0.04341826 0.00060009 -0.02776236 0.54117647 0.42352941 0.64313725
v 0.04416163 0.00060009 -0.02739668 0.54117647 0.42352941 0.64313725
v 0.04521051 0.00060009 -0.02685714 0.54117647 0.42352941 0.64313725
v 0.04506794 0.00302212 -0.02677920 0.54117647 0.42352941 0.64313725
v 0.04491010 0.00423313 -0.02669527 0.54117647 0.42352941 0.64313725
v 0.04480318 0.00493456 -0.02663533 0.54117647 0.42352941 0.64313725
v 0.04339789 0.00821390 -0.02653941 0.54117647 0.42352941 0.64313725
v 0.04421255 0.00537820 -0.02685114 0.54117647 0.42352941 0.64313725
v 0.04284290 0.00534823 -0.02752257 0.54117647 0.42352941 0.64313725
v 0.04295492 0.00664917 -0.02718686 0.54117647 0.42352941 0.64313725
v 0.04298038 0.00783021 -0.02685114 0.54117647 0.42352941 0.64313725
v 0.04259341 0.00882540 -0.02673124 0.54117647 0.42352941 0.64313725
v 0.04174311 0.00786018 -0.02738469 0.54117647 0.42352941 0.64313725
v 0.04183985 0.00916712 -0.02694107 0.54117647 0.42352941 0.64313725
v 0.04150381 0.01005440 -0.02676721 0.54117647 0.42352941 0.64313725
v 0.04063823 0.01039013 -0.02696504 0.54117647 0.42352941 0.64313725
v 0.03924313 0.01019828 -0.02752856 0.54117647 0.42352941 0.64313725
v 0.03878998 0.00974265 -0.02785229 0.54117647 0.42352941 0.64313725
v 0.03811279 0.01058797 -0.02771441 0.54117647 0.42352941 0.64313725
v 0.03742033 0.01082777 -0.02780433 0.54117647 0.42352941 0.64313725
v 0.03697227 0.01148124 -0.02764846 0.54117647 0.42352941 0.64313725
v 0.03569427 0.01190689 -0.02775037 0.54117647 0.42352941 0.64313725
v 0.03327575 0.01390927 -0.02714489 0.54117647 0.42352941 0.64313725
v 0.03569427 0.01130139 -0.02799617 0.54117647 0.42352941 0.64313725
v 0.03448756 0.01028221 -0.02857167 0.54117647 0.42352941 0.64313725
v 0.03454865 0.01159515 -0.02806211 0.54117647 0.42352941 0.64313725
v 0.03418715 0.01218866 -0.02787027 0.54117647 0.42352941 0.64313725
v 0.03454865 0.01263830 -0.02760650 0.54117647 0.42352941 0.64313725
v 0.03327575 0.01291407 -0.02764247 0.54117647 0.42352941 0.64313725
v 0.03206904 0.01390927 -0.02724081 0.54117647 0.42352941 0.64313725
v 0.03085723 0.01390927 -0.02728277 0.54117647 0.42352941 0.64313725
v 0.03085723 0.01483251 -0.02679719 0.54117647 0.42352941 0.64313725
v 0.02120861 0.01264429 -0.02630561 0.54117647 0.42352941 0.64313725
v 0.02605074 0.01261432 -0.02755854 0.54117647 0.42352941 0.64313725
v 0.02480839 0.01270425 -0.02728277 0.54117647 0.42352941 0.64313725
v 0.02480839 0.01178100 -0.02769642 0.54117647 0.42352941 0.64313725
v 0.02362713 0.01142728 -0.02757652 0.54117647 0.42352941 0.64313725
v 0.02238987 0.01149323 -0.02720484 0.54117647 0.42352941 0.64313725
v 0.02163631 0.01220065 -0.02666530 0.54117647 0.42352941 0.64313725
v 0.02964542 0.01390927 -0.02727078 0.54117647 0.42352941 0.64313725
v 0.02964542 0.01304597 -0.02770242 0.54117647 0.42352941 0.64313725
v 0.02843871 0.01297403 -0.02766645 0.54117647 0.42352941 0.64313725
v 0.02722691 0.01285412 -0.02761249 0.54117647 0.42352941 0.64313725
v 0.02647335 0.01215269 -0.02785229 0.54117647 0.42352941 0.64313725
v 0.01991534 0.01276420 -0.02575408 0.54117647 0.42352941 0.64313725
v 0.01903958 0.01240449 -0.02555625 0.54117647 0.42352941 0.64313725
v 0.01823510 0.01201481 -0.02537040 0.54117647 0.42352941 0.64313725
v 0.01868317 0.01276420 -0.02520854 0.54117647 0.42352941 0.64313725
v 0.02083183 0.01188891 -0.02652742 0.54117647 0.42352941 0.64313725
v 0.01749173 0.01156517 -0.02520255 0.54117647 0.42352941 0.64313725
v 0.01704876 0.01074983 -0.02535242 0.54117647 0.42352941 0.64313725
v 0.01629520 0.01152321 -0.02457309 0.54117647 0.42352941 0.64313725
v 0.01554673 0.01113352 -0.02431530 0.54117647 0.42352941 0.64313725
v 0.00911601 0.01031219 -0.02078432 0.54117647 0.42352941 0.64313725
v 0.00911601 0.01034816 -0.02076633 0.54117647 0.42352941 0.64313725
v 0.02564850 -0.01443569 -0.02657538 0.54117647 0.42352941 0.64313725
v 0.02480839 -0.01366831 -0.02680318 0.54117647 0.42352941 0.64313725
v 0.02843871 -0.01536493 -0.02640752 0.54117647 0.42352941 0.64313725
v 0.02836743 -0.01644405 -0.02573609 0.54117647 0.42352941 0.64313725
v 0.02645298 -0.01456758 -0.02664732 0.54117647 0.42352941 0.64313725
v 0.02722691 -0.01465751 -0.02669527 0.54117647 0.42352941 0.64313725
v 0.03085723 -0.01845841 -0.02443520 0.54117647 0.42352941 0.64313725
v 0.02964542 -0.01542488 -0.02644349 0.54117647 0.42352941 0.64313725
v 0.02964542 -0.01633015 -0.02588597 0.54117647 0.42352941 0.64313725
v 0.02964542 -0.01701359 -0.02546033 0.54117647 0.42352941 0.64313725
v 0.03085723 -0.01762509 -0.02504069 0.54117647 0.42352941 0.64313725
v 0.00911601 -0.00664802 -0.02222309 0.54117647 0.42352941 0.64313725
v 0.01552127 -0.00785903 -0.02553227 0.54117647 0.42352941 0.64313725
v 0.01633593 -0.00785903 -0.02599387 0.54117647 0.42352941 0.64313725
v 0.01724224 -0.00785903 -0.02647346 0.54117647 0.42352941 0.64313725
v 0.01807217 -0.00857845 -0.02665331 0.54117647 0.42352941 0.64313725
v 0.01877482 -0.00901609 -0.02681517 0.54117647 0.42352941 0.64313725
v 0.01996626 -0.00907005 -0.02728877 0.54117647 0.42352941 0.64313725
v 0.02480839 -0.01270309 -0.02727078 0.54117647 0.42352941 0.64313725
v 0.02324017 -0.01072470 -0.02776836 0.54117647 0.42352941 0.64313725
v 0.02404464 -0.01097650 -0.02786428 0.54117647 0.42352941 0.64313725
v 0.02480839 -0.01177385 -0.02769043 0.54117647 0.42352941 0.64313725
v 0.02112205 -0.00913000 -0.02768443 0.54117647 0.42352941 0.64313725
v 0.02189598 -0.00957364 -0.02779234 0.54117647 0.42352941 0.64313725
v 0.02270555 -0.00991536 -0.02791224 0.54117647 0.42352941 0.64313725
v 0.03206904 -0.01759512 -0.02501671 0.54117647 0.42352941 0.64313725
v 0.03279205 -0.01695963 -0.02542436 0.54117647 0.42352941 0.64313725
v 0.03322992 -0.01642007 -0.02570612 0.54117647 0.42352941 0.64313725
v 0.03327575 -0.01531097 -0.02637754 0.54117647 0.42352941 0.64313725
v 0.03456902 -0.01505318 -0.02635357 0.54117647 0.42352941 0.64313725
v 0.03502218 -0.01449564 -0.02660535 0.54117647 0.42352941 0.64313725
v 0.03569427 -0.01511913 -0.02611377 0.54117647 0.42352941 0.64313725
v 0.03569427 -0.01437573 -0.02654540 0.54117647 0.42352941 0.64313725
v 0.03690098 -0.01351244 -0.02672525 0.54117647 0.42352941 0.64313725
v 0.03758835 -0.01335057 -0.02664132 0.54117647 0.42352941 0.64313725
v 0.03804151 -0.01271508 -0.02682117 0.54117647 0.42352941 0.64313725
v 0.03902419 -0.01231341 -0.02671925 0.54117647 0.42352941 0.64313725
v 0.03938569 -0.01157002 -0.02692908 0.54117647 0.42352941 0.64313725
v 0.03923804 -0.01019713 -0.02752856 0.54117647 0.42352941 0.64313725
v 0.03958936 -0.00933983 -0.02771441 0.54117647 0.42352941 0.64313725
v 0.03998651 -0.00853049 -0.02784629 0.54117647 0.42352941 0.64313725
v 0.04516468 0.00181110 -0.02683316 0.54117647 0.42352941 0.64313725
v 0.03923804 -0.00899211 -0.02794221 0.54117647 0.42352941 0.64313725
v 0.03811279 -0.00907005 -0.02824196 0.54117647 0.42352941 0.64313725
v 0.03811279 -0.00785903 -0.02860764 0.54117647 0.42352941 0.64313725
v 0.03772073 -0.00629431 -0.02909323 0.54117647 0.42352941 0.64313725
v 0.03735414 -0.00709765 -0.02900331 0.54117647 0.42352941 0.64313725
v 0.03812297 -0.00541302 -0.02916517 0.54117647 0.42352941 0.64313725
v 0.03811279 -0.00423198 -0.02936300 0.54117647 0.42352941 0.64313725
v 0.03811279 -0.00302097 -0.02951287 0.54117647 0.42352941 0.64313725
v 0.03811279 -0.00180995 -0.02960879 0.54117647 0.42352941 0.64313725
v 0.03932459 -0.00180995 -0.02927308 0.54117647 0.42352941 0.64313725
v 0.03932459 -0.00060493 -0.02932703 0.54117647 0.42352941 0.64313725
v 0.04007815 -0.00060493 -0.02908723 0.54117647 0.42352941 0.64313725
v 0.04067897 0.00060009 -0.02887741 0.54117647 0.42352941 0.64313725
v 0.04174311 0.00060009 -0.02848175 0.54117647 0.42352941 0.64313725
v 0.04276144 0.00181110 -0.02801415 0.54117647 0.42352941 0.64313725
v 0.04336734 0.00181110 -0.02773838 0.54117647 0.42352941 0.64313725
v 0.04416163 0.00181110 -0.02734872 0.54117647 0.42352941 0.64313725
v 0.04416163 0.00302212 -0.02724680 0.54117647 0.42352941 0.64313725
v 0.04416163 0.00423313 -0.02707895 0.54117647 0.42352941 0.64313725
v 0.04307712 0.00423313 -0.02760650 0.54117647 0.42352941 0.64313725
v 0.04236429 0.00488061 -0.02783430 0.54117647 0.42352941 0.64313725
v 0.04217590 0.00568395 -0.02775637 0.54117647 0.42352941 0.64313725
v 0.04175839 0.00675109 -0.02767844 0.54117647 0.42352941 0.64313725
v 0.04111175 0.00721871 -0.02781632 0.54117647 0.42352941 0.64313725
v 0.04086226 0.00786018 -0.02772640 0.54117647 0.42352941 0.64313725
v 0.04044984 0.00899326 -0.02753456 0.54117647 0.42352941 0.64313725
v 0.03959445 0.00934698 -0.02772040 0.54117647 0.42352941 0.64313725
v 0.03811279 0.00998246 -0.02794221 0.54117647 0.42352941 0.64313725
v 0.03924313 0.00899326 -0.02794821 0.54117647 0.42352941 0.64313725
v 0.03811279 0.00907120 -0.02824795 0.54117647 0.42352941 0.64313725
v 0.03661076 0.01107357 -0.02790025 0.54117647 0.42352941 0.64313725
v 0.03697227 0.01037214 -0.02808009 0.54117647 0.42352941 0.64313725
v 0.03206904 0.01301599 -0.02769043 0.54117647 0.42352941 0.64313725
v 0.03569427 0.01028221 -0.02837984 0.54117647 0.42352941 0.64313725
v 0.03327575 0.01028221 -0.02872155 0.54117647 0.42352941 0.64313725
v 0.03327575 0.01149323 -0.02825994 0.54117647 0.42352941 0.64313725
v 0.03448756 0.00929302 -0.02891338 0.54117647 0.42352941 0.64313725
v 0.03327575 0.00952083 -0.02898532 0.54117647 0.42352941 0.64313725
v 0.03327575 0.01230857 -0.02792423 0.54117647 0.42352941 0.64313725
v 0.03085723 0.01305196 -0.02770841 0.54117647 0.42352941 0.64313725
v 0.02566887 0.01199083 -0.02778035 0.54117647 0.42352941 0.64313725
v 0.02480839 0.01117549 -0.02794221 0.54117647 0.42352941 0.64313725
v 0.02405482 0.01097765 -0.02786428 0.54117647 0.42352941 0.64313725
v 0.02324526 0.01072585 -0.02776836 0.54117647 0.42352941 0.64313725
v 0.02120861 0.01148724 -0.02682716 0.54117647 0.42352941 0.64313725
v 0.02232877 0.01030619 -0.02766045 0.54117647 0.42352941 0.64313725
v 0.02117806 0.01028221 -0.02730076 0.54117647 0.42352941 0.64313725
v 0.02964542 0.01244046 -0.02798417 0.54117647 0.42352941 0.64313725
v 0.02843871 0.01236852 -0.02795420 0.54117647 0.42352941 0.64313725
v 0.02722691 0.01224862 -0.02789425 0.54117647 0.42352941 0.64313725
v 0.02722691 0.01149323 -0.02820599 0.54117647 0.42352941 0.64313725
v 0.02605074 0.01154719 -0.02802614 0.54117647 0.42352941 0.64313725
v 0.01996116 0.01148724 -0.02636556 0.54117647 0.42352941 0.64313725
v 0.01868317 0.01156517 -0.02577806 0.54117647 0.42352941 0.64313725
v 0.01785832 0.01120546 -0.02555025 0.54117647 0.42352941 0.64313725
v 0.02036340 0.01108556 -0.02670127 0.54117647 0.42352941 0.64313725
v 0.01749173 0.01032418 -0.02574209 0.54117647 0.42352941 0.64313725
v 0.01675344 0.00994649 -0.02551428 0.54117647 0.42352941 0.64313725
v 0.01634611 0.01032418 -0.02513061 0.54117647 0.42352941 0.64313725
v 0.00911601 0.00907719 -0.02135383 0.54117647 0.42352941 0.64313725
v 0.02603546 -0.01398605 -0.02688112 0.54117647 0.42352941 0.64313725
v 0.02607620 -0.01260717 -0.02755854 0.54117647 0.42352941 0.64313725
v 0.02843871 -0.01475942 -0.02675522 0.54117647 0.42352941 0.64313725
v 0.02722691 -0.01391411 -0.02708494 0.54117647 0.42352941 0.64313725
v 0.02843871 -0.01391411 -0.02720484 0.54117647 0.42352941 0.64313725
v 0.03085723 -0.01543088 -0.02644349 0.54117647 0.42352941 0.64313725
v 0.03085723 -0.01633015 -0.02589795 0.54117647 0.42352941 0.64313725
v 0.02964542 -0.01481937 -0.02678520 0.54117647 0.42352941 0.64313725
v 0.03085723 -0.01482537 -0.02679119 0.54117647 0.42352941 0.64313725
v 0.03085723 -0.01701958 -0.02546033 0.54117647 0.42352941 0.64313725
v 0.03206904 -0.01698961 -0.02544234 0.54117647 0.42352941 0.64313725
v 0.00911601 -0.00544300 -0.02254681 0.54117647 0.42352941 0.64313725
v 0.01638685 -0.00668399 -0.02634757 0.54117647 0.42352941 0.64313725
v 0.01701821 -0.00710365 -0.02658137 0.54117647 0.42352941 0.64313725
v 0.01784814 -0.00785903 -0.02676122 0.54117647 0.42352941 0.64313725
v 0.01875954 -0.00785903 -0.02716887 0.54117647 0.42352941 0.64313725
v 0.01996116 -0.00791299 -0.02764846 0.54117647 0.42352941 0.64313725
v 0.02067908 -0.00834464 -0.02779234 0.54117647 0.42352941 0.64313725
v 0.02570960 -0.01197768 -0.02777436 0.54117647 0.42352941 0.64313725
v 0.02362713 -0.01030504 -0.02801415 0.54117647 0.42352941 0.64313725
v 0.02480839 -0.01116834 -0.02794221 0.54117647 0.42352941 0.64313725
v 0.02480839 -0.01028106 -0.02827792 0.54117647 0.42352941 0.64313725
v 0.02148356 -0.00876430 -0.02792423 0.54117647 0.42352941 0.64313725
v 0.02233386 -0.00913000 -0.02806810 0.54117647 0.42352941 0.64313725
v 0.02359658 -0.00907005 -0.02842180 0.54117647 0.42352941 0.64313725
v 0.03206904 -0.01633015 -0.02585599 0.54117647 0.42352941 0.64313725
v 0.03206904 -0.01540090 -0.02642550 0.54117647 0.42352941 0.64313725
v 0.03327575 -0.01470547 -0.02672525 0.54117647 0.42352941 0.64313725
v 0.03421770 -0.01460355 -0.02666530 0.54117647 0.42352941 0.64313725
v 0.03456902 -0.01402202 -0.02691709 0.54117647 0.42352941 0.64313725
v 0.03569427 -0.01377023 -0.02685714 0.54117647 0.42352941 0.64313725
v 0.03569427 -0.01270309 -0.02737869 0.54117647 0.42352941 0.64313725
v 0.03690098 -0.01270309 -0.02711492 0.54117647 0.42352941 0.64313725
v 0.03811279 -0.01149208 -0.02734872 0.54117647 0.42352941 0.64313725
v 0.03811279 -0.01058682 -0.02771441 0.54117647 0.42352941 0.64313725
v 0.03877979 -0.00973551 -0.02784629 0.54117647 0.42352941 0.64313725
v 0.03690098 -0.00907005 -0.02853571 0.54117647 0.42352941 0.64313725
v 0.03811279 -0.00998131 -0.02793622 0.54117647 0.42352941 0.64313725
v 0.03693153 -0.00785903 -0.02888940 0.54117647 0.42352941 0.64313725
v 0.03693153 -0.00667799 -0.02918915 0.54117647 0.42352941 0.64313725
v 0.03690098 -0.00544300 -0.02944693 0.54117647 0.42352941 0.64313725
v 0.03654966 -0.00745736 -0.02909323 0.54117647 0.42352941 0.64313725
v 0.03690098 -0.00423198 -0.02965075 0.54117647 0.42352941 0.64313725
v 0.03690098 -0.00302097 -0.02979463 0.54117647 0.42352941 0.64313725
v 0.03690098 -0.00180995 -0.02989055 0.54117647 0.42352941 0.64313725
v 0.03811279 -0.00060493 -0.02966274 0.54117647 0.42352941 0.64313725
v 0.03932459 0.00060009 -0.02932104 0.54117647 0.42352941 0.64313725
v 0.04007306 0.00060009 -0.02908723 0.54117647 0.42352941 0.64313725
v 0.04001196 0.00181110 -0.02906325 0.54117647 0.42352941 0.64313725
v 0.04061277 0.00181110 -0.02885343 0.54117647 0.42352941 0.64313725
v 0.04174311 0.00181110 -0.02843379 0.54117647 0.42352941 0.64313725
v 0.04264942 0.00302212 -0.02796619 0.54117647 0.42352941 0.64313725
v 0.04325532 0.00302212 -0.02768443 0.54117647 0.42352941 0.64313725
v 0.04247121 0.00423313 -0.02788226 0.54117647 0.42352941 0.64313725
v 0.04175839 0.00534823 -0.02798417 0.54117647 0.42352941 0.64313725
v 0.04174311 0.00423313 -0.02817601 0.54117647 0.42352941 0.64313725
v 0.04137142 0.00640936 -0.02791823 0.54117647 0.42352941 0.64313725
v 0.04025636 0.00786018 -0.02794821 0.54117647 0.42352941 0.64313725
v 0.04063823 0.00675109 -0.02810407 0.54117647 0.42352941 0.64313725
v 0.03999160 0.00853763 -0.02785229 0.54117647 0.42352941 0.64313725
v 0.03690098 0.00907120 -0.02854770 0.54117647 0.42352941 0.64313725
v 0.03932459 0.00786018 -0.02825994 0.54117647 0.42352941 0.64313725
v 0.03811279 0.00786018 -0.02860764 0.54117647 0.42352941 0.64313725
v 0.03206904 0.01241048 -0.02797218 0.54117647 0.42352941 0.64313725
v 0.03564335 0.00898727 -0.02882945 0.54117647 0.42352941 0.64313725
v 0.03520547 0.00853164 -0.02905726 0.54117647 0.42352941 0.64313725
v 0.03236944 0.00964074 -0.02902729 0.54117647 0.42352941 0.64313725
v 0.03206904 0.01149323 -0.02835586 0.54117647 0.42352941 0.64313725
v 0.03448756 0.00868751 -0.02910522 0.54117647 0.42352941 0.64313725
v 0.03327575 0.00891533 -0.02917716 0.54117647 0.42352941 0.64313725
v 0.03085723 0.01244645 -0.02799017 0.54117647 0.42352941 0.64313725
v 0.02601510 0.01028221 -0.02849974 0.54117647 0.42352941 0.64313725
v 0.02480839 0.01028221 -0.02827792 0.54117647 0.42352941 0.64313725
v 0.02362713 0.01030619 -0.02801415 0.54117647 0.42352941 0.64313725
v 0.02269536 0.00991651 -0.02791823 0.54117647 0.42352941 0.64313725
v 0.02188580 0.00958078 -0.02779833 0.54117647 0.42352941 0.64313725
v 0.02111696 0.00913715 -0.02769043 0.54117647 0.42352941 0.64313725
v 0.01996116 0.01028821 -0.02685714 0.54117647 0.42352941 0.64313725
v 0.03085723 0.01149323 -0.02839183 0.54117647 0.42352941 0.64313725
v 0.02964542 0.01149323 -0.02837984 0.54117647 0.42352941 0.64313725
v 0.02843871 0.01149323 -0.02831989 0.54117647 0.42352941 0.64313725
v 0.02722691 0.01028221 -0.02866759 0.54117647 0.42352941 0.64313725
v 0.01955383 0.01069588 -0.02653941 0.54117647 0.42352941 0.64313725
v 0.01876463 0.01028821 -0.02635956 0.54117647 0.42352941 0.64313725
v 0.01836749 0.00938295 -0.02652142 0.54117647 0.42352941 0.64313725
v 0.01762411 0.00901724 -0.02628762 0.54117647 0.42352941 0.64313725
v 0.01594897 0.00934098 -0.02528648 0.54117647 0.42352941 0.64313725
v 0.01634611 0.00899326 -0.02563418 0.54117647 0.42352941 0.64313725
v 0.00911601 0.00821390 -0.02170153 0.54117647 0.42352941 0.64313725
v 0.02722691 -0.01283499 -0.02761249 0.54117647 0.42352941 0.64313725
v 0.02651408 -0.01213955 -0.02784629 0.54117647 0.42352941 0.64313725
v 0.02964542 -0.01391411 -0.02727078 0.54117647 0.42352941 0.64313725
v 0.02843871 -0.01296688 -0.02767244 0.54117647 0.42352941 0.64313725
v 0.02964542 -0.01303882 -0.02770841 0.54117647 0.42352941 0.64313725
v 0.03085723 -0.01391411 -0.02727678 0.54117647 0.42352941 0.64313725
v 0.03206904 -0.01479539 -0.02677321 0.54117647 0.42352941 0.64313725
v 0.01604062 -0.00544300 -0.02644948 0.54117647 0.42352941 0.64313725
v 0.00911601 -0.00417203 -0.02281658 0.54117647 0.42352941 0.64313725
v 0.01682473 -0.00630030 -0.02667729 0.54117647 0.42352941 0.64313725
v 0.01747136 -0.00668399 -0.02689910 0.54117647 0.42352941 0.64313725
v 0.01884610 -0.00658807 -0.02754055 0.54117647 0.42352941 0.64313725
v 0.01955383 -0.00694777 -0.02775637 0.54117647 0.42352941 0.64313725
v 0.02035831 -0.00754129 -0.02790624 0.54117647 0.42352941 0.64313725
v 0.02112205 -0.00791299 -0.02806211 0.54117647 0.42352941 0.64313725
v 0.02607620 -0.01154004 -0.02802014 0.54117647 0.42352941 0.64313725
v 0.02480839 -0.00907005 -0.02868558 0.54117647 0.42352941 0.64313725
v 0.02601510 -0.01028106 -0.02849974 0.54117647 0.42352941 0.64313725
v 0.02594891 -0.00905206 -0.02890139 0.54117647 0.42352941 0.64313725
v 0.02238987 -0.00785903 -0.02846976 0.54117647 0.42352941 0.64313725
v 0.02366277 -0.00778709 -0.02882346 0.54117647 0.42352941 0.64313725
v 0.02480839 -0.00818277 -0.02895535 0.54117647 0.42352941 0.64313725
v 0.03206904 -0.01391411 -0.02724081 0.54117647 0.42352941 0.64313725
v 0.03327575 -0.01391411 -0.02714489 0.54117647 0.42352941 0.64313725
v 0.03327575 -0.01290093 -0.02764247 0.54117647 0.42352941 0.64313725
v 0.03451810 -0.01263115 -0.02760650 0.54117647 0.42352941 0.64313725
v 0.03494580 -0.01204963 -0.02780433 0.54117647 0.42352941 0.64313725
v 0.03569427 -0.01189375 -0.02773838 0.54117647 0.42352941 0.64313725
v 0.03697227 -0.01148009 -0.02764247 0.54117647 0.42352941 0.64313725
v 0.03742542 -0.01083262 -0.02780433 0.54117647 0.42352941 0.64313725
v 0.03561790 -0.00898012 -0.02882945 0.54117647 0.42352941 0.64313725
v 0.03597431 -0.00826670 -0.02897933 0.54117647 0.42352941 0.64313725
v 0.03697227 -0.01037099 -0.02808009 0.54117647 0.42352941 0.64313725
v 0.03569427 -0.01028106 -0.02837984 0.54117647 0.42352941 0.64313725
v 0.03569427 -0.00665401 -0.02944093 0.54117647 0.42352941 0.64313725
v 0.03569427 -0.00544300 -0.02968672 0.54117647 0.42352941 0.64313725
v 0.03561790 -0.00785903 -0.02915318 0.54117647 0.42352941 0.64313725
v 0.03569427 -0.00423198 -0.02989055 0.54117647 0.42352941 0.64313725
v 0.03569427 -0.00302097 -0.03003443 0.54117647 0.42352941 0.64313725
v 0.03560262 -0.00177398 -0.03014833 0.54117647 0.42352941 0.64313725
v 0.03690098 -0.00060493 -0.02994450 0.54117647 0.42352941 0.64313725
v 0.03690098 0.00060009 -0.02994450 0.54117647 0.42352941 0.64313725
v 0.03811279 0.00060009 -0.02965675 0.54117647 0.42352941 0.64313725
v 0.03932459 0.00181110 -0.02927907 0.54117647 0.42352941 0.64313725
v 0.03995086 0.00248855 -0.02904527 0.54117647 0.42352941 0.64313725
v 0.04174311 0.00302212 -0.02833188 0.54117647 0.42352941 0.64313725
v 0.04053131 0.00544415 -0.02842180 0.54117647 0.42352941 0.64313725
v 0.04042438 0.00294418 -0.02882945 0.54117647 0.42352941 0.64313725
v 0.04053131 0.00423313 -0.02861963 0.54117647 0.42352941 0.64313725
v 0.03932459 0.00664917 -0.02857167 0.54117647 0.42352941 0.64313725
v 0.03692135 0.00786618 -0.02889540 0.54117647 0.42352941 0.64313725
v 0.03600995 0.00826785 -0.02898532 0.54117647 0.42352941 0.64313725
v 0.03812806 0.00667914 -0.02890139 0.54117647 0.42352941 0.64313725
v 0.03733886 0.00709880 -0.02899731 0.54117647 0.42352941 0.64313725
v 0.03564335 0.00786618 -0.02915318 0.54117647 0.42352941 0.64313725
v 0.03448756 0.00786018 -0.02933302 0.54117647 0.42352941 0.64313725
v 0.03206904 0.00786018 -0.02956683 0.54117647 0.42352941 0.64313725
v 0.03200794 0.00916712 -0.02918915 0.54117647 0.42352941 0.64313725
v 0.03155987 0.00968870 -0.02903927 0.54117647 0.42352941 0.64313725
v 0.03200794 0.01016831 -0.02885343 0.54117647 0.42352941 0.64313725
v 0.03085723 0.01031219 -0.02883545 0.54117647 0.42352941 0.64313725
v 0.03327575 0.00786018 -0.02947690 0.54117647 0.42352941 0.64313725
v 0.02722691 0.00943690 -0.02896134 0.54117647 0.42352941 0.64313725
v 0.02592854 0.00905921 -0.02890739 0.54117647 0.42352941 0.64313725
v 0.02480839 0.00907120 -0.02869757 0.54117647 0.42352941 0.64313725
v 0.02359658 0.00907120 -0.02843379 0.54117647 0.42352941 0.64313725
v 0.02232877 0.00913715 -0.02807410 0.54117647 0.42352941 0.64313725
v 0.02147847 0.00877144 -0.02792423 0.54117647 0.42352941 0.64313725
v 0.02067399 0.00835178 -0.02779234 0.54117647 0.42352941 0.64313725
v 0.01996626 0.00907120 -0.02729476 0.54117647 0.42352941 0.64313725
v 0.01917196 0.00988654 -0.02670127 0.54117647 0.42352941 0.64313725
v 0.02954359 0.01018030 -0.02887142 0.54117647 0.42352941 0.64313725
v 0.02907007 0.00967671 -0.02903927 0.54117647 0.42352941 0.64313725
v 0.02843871 0.01028221 -0.02877550 0.54117647 0.42352941 0.64313725
v 0.02843871 0.00960477 -0.02901530 0.54117647 0.42352941 0.64313725
v 0.01876463 0.00901724 -0.02681517 0.54117647 0.42352941 0.64313725
v 0.01807217 0.00857960 -0.02665331 0.54117647 0.42352941 0.64313725
v 0.01724224 0.00786018 -0.02647346 0.54117647 0.42352941 0.64313725
v 0.01569439 0.00853164 -0.02543035 0.54117647 0.42352941 0.64313725
v 0.00911601 0.00763237 -0.02191735 0.54117647 0.42352941 0.64313725
v 0.01633593 0.00786018 -0.02599987 0.54117647 0.42352941 0.64313725
v 0.02722691 -0.01222948 -0.02788826 0.54117647 0.42352941 0.64313725
v 0.02722691 -0.01149208 -0.02819400 0.54117647 0.42352941 0.64313725
v 0.02843871 -0.01236137 -0.02794221 0.54117647 0.42352941 0.64313725
v 0.02964542 -0.01243331 -0.02797818 0.54117647 0.42352941 0.64313725
v 0.03085723 -0.01305081 -0.02770841 0.54117647 0.42352941 0.64313725
v 0.01664652 -0.00544300 -0.02677321 0.54117647 0.42352941 0.64313725
v 0.00911601 -0.00414206 -0.02282258 0.54117647 0.42352941 0.64313725
v 0.01583186 -0.00423198 -0.02656339 0.54117647 0.42352941 0.64313725
v 0.01754774 -0.00544300 -0.02721083 0.54117647 0.42352941 0.64313725
v 0.01853551 -0.00544300 -0.02766045 0.54117647 0.42352941 0.64313725
v 0.01930944 -0.00613843 -0.02784629 0.54117647 0.42352941 0.64313725
v 0.01996116 -0.00658807 -0.02799017 0.54117647 0.42352941 0.64313725
v 0.02117806 -0.00665401 -0.02840382 0.54117647 0.42352941 0.64313725
v 0.02550085 -0.00841658 -0.02902129 0.54117647 0.42352941 0.64313725
v 0.02722691 -0.00942976 -0.02896134 0.54117647 0.42352941 0.64313725
v 0.02722691 -0.01028106 -0.02866160 0.54117647 0.42352941 0.64313725
v 0.02631041 -0.00863840 -0.02908723 0.54117647 0.42352941 0.64313725
v 0.02330636 -0.00692379 -0.02896134 0.54117647 0.42352941 0.64313725
v 0.02247642 -0.00657608 -0.02881746 0.54117647 0.42352941 0.64313725
v 0.02411083 -0.00733146 -0.02905726 0.54117647 0.42352941 0.64313725
v 0.02480839 -0.00757726 -0.02912320 0.54117647 0.42352941 0.64313725
v 0.03206904 -0.01300885 -0.02769043 0.54117647 0.42352941 0.64313725
v 0.03327575 -0.01229543 -0.02791224 0.54117647 0.42352941 0.64313725
v 0.03414133 -0.01217552 -0.02786428 0.54117647 0.42352941 0.64313725
v 0.03451810 -0.01158201 -0.02805611 0.54117647 0.42352941 0.64313725
v 0.03569427 -0.01128825 -0.02799017 0.54117647 0.42352941 0.64313725
v 0.03661585 -0.01106643 -0.02790025 0.54117647 0.42352941 0.64313725
v 0.03516983 -0.00851250 -0.02905126 0.54117647 0.42352941 0.64313725
v 0.03448756 -0.00927388 -0.02891338 0.54117647 0.42352941 0.64313725
v 0.03448756 -0.01028106 -0.02857167 0.54117647 0.42352941 0.64313725
v 0.03448756 -0.00665401 -0.02962677 0.54117647 0.42352941 0.64313725
v 0.03448756 -0.00544300 -0.02987256 0.54117647 0.42352941 0.64313725
v 0.03448756 -0.00785903 -0.02932703 0.54117647 0.42352941 0.64313725
v 0.03448756 -0.00423198 -0.03007040 0.54117647 0.42352941 0.64313725
v 0.03385620 -0.00359650 -0.03024425 0.54117647 0.42352941 0.64313725
v 0.03452320 -0.00312289 -0.03020228 0.54117647 0.42352941 0.64313725
v 0.03495089 -0.00215167 -0.03022626 0.54117647 0.42352941 0.64313725
v 0.03513928 -0.00134233 -0.03025624 0.54117647 0.42352941 0.64313725
v 0.03580119 -0.00060493 -0.03016032 0.54117647 0.42352941 0.64313725
v 0.03579101 0.00060009 -0.03016032 0.54117647 0.42352941 0.64313725
v 0.03559753 0.00177513 -0.03015432 0.54117647 0.42352941 0.64313725
v 0.03690098 0.00181110 -0.02989654 0.54117647 0.42352941 0.64313725
v 0.03811279 0.00181110 -0.02961479 0.54117647 0.42352941 0.64313725
v 0.03811279 0.00302212 -0.02951887 0.54117647 0.42352941 0.64313725
v 0.03937042 0.00294418 -0.02917116 0.54117647 0.42352941 0.64313725
v 0.03980321 0.00329789 -0.02899731 0.54117647 0.42352941 0.64313725
v 0.03881543 0.00500051 -0.02906925 0.54117647 0.42352941 0.64313725
v 0.03925840 0.00542017 -0.02884744 0.54117647 0.42352941 0.64313725
v 0.03960463 0.00423313 -0.02893736 0.54117647 0.42352941 0.64313725
v 0.03854048 0.00580985 -0.02899132 0.54117647 0.42352941 0.64313725
v 0.03653439 0.00746451 -0.02908723 0.54117647 0.42352941 0.64313725
v 0.03773601 0.00628946 -0.02909323 0.54117647 0.42352941 0.64313725
v 0.03692135 0.00667914 -0.02918915 0.54117647 0.42352941 0.64313725
v 0.03569427 0.00664917 -0.02944093 0.54117647 0.42352941 0.64313725
v 0.03448756 0.00664917 -0.02962677 0.54117647 0.42352941 0.64313725
v 0.03085723 0.00786018 -0.02960280 0.54117647 0.42352941 0.64313725
v 0.03085723 0.00907120 -0.02925509 0.54117647 0.42352941 0.64313725
v 0.03206904 0.00664917 -0.02986057 0.54117647 0.42352941 0.64313725
v 0.03085723 0.00970668 -0.02904527 0.54117647 0.42352941 0.64313725
v 0.02987455 0.00970668 -0.02904527 0.54117647 0.42352941 0.64313725
v 0.03327575 0.00664917 -0.02977065 0.54117647 0.42352941 0.64313725
v 0.02722691 0.00883139 -0.02915318 0.54117647 0.42352941 0.64313725
v 0.02626968 0.00864555 -0.02909323 0.54117647 0.42352941 0.64313725
v 0.02546520 0.00843572 -0.02902729 0.54117647 0.42352941 0.64313725
v 0.02480839 0.00818992 -0.02896734 0.54117647 0.42352941 0.64313725
v 0.02367296 0.00778225 -0.02882945 0.54117647 0.42352941 0.64313725
v 0.02238987 0.00786018 -0.02846976 0.54117647 0.42352941 0.64313725
v 0.02111696 0.00791414 -0.02806211 0.54117647 0.42352941 0.64313725
v 0.02036340 0.00754244 -0.02790624 0.54117647 0.42352941 0.64313725
v 0.01996116 0.00791414 -0.02764846 0.54117647 0.42352941 0.64313725
v 0.02954359 0.00919110 -0.02920114 0.54117647 0.42352941 0.64313725
v 0.02843871 0.00899926 -0.02920713 0.54117647 0.42352941 0.64313725
v 0.01875954 0.00786018 -0.02716887 0.54117647 0.42352941 0.64313725
v 0.01784814 0.00786018 -0.02676122 0.54117647 0.42352941 0.64313725
v 0.01701821 0.00711679 -0.02658137 0.54117647 0.42352941 0.64313725
v 0.01551618 0.00786018 -0.02553826 0.54117647 0.42352941 0.64313725
v 0.00911601 0.00664917 -0.02222908 0.54117647 0.42352941 0.64313725
v 0.01638685 0.00669113 -0.02635357 0.54117647 0.42352941 0.64313725
v 0.02843871 -0.01149208 -0.02830790 0.54117647 0.42352941 0.64313725
v 0.03085723 -0.01244530 -0.02797818 0.54117647 0.42352941 0.64313725
v 0.02964542 -0.01149208 -0.02836785 0.54117647 0.42352941 0.64313725
v 0.03085723 -0.01149208 -0.02837984 0.54117647 0.42352941 0.64313725
v 0.01643776 -0.00423198 -0.02688112 0.54117647 0.42352941 0.64313725
v 0.01754774 -0.00423198 -0.02743265 0.54117647 0.42352941 0.64313725
v 0.00911601 -0.00332072 -0.02296046 0.54117647 0.42352941 0.64313725
v 0.01574530 -0.00357851 -0.02661135 0.54117647 0.42352941 0.64313725
v 0.01914141 -0.00544300 -0.02791823 0.54117647 0.42352941 0.64313725
v 0.01828602 -0.00423198 -0.02776836 0.54117647 0.42352941 0.64313725
v 0.01996626 -0.00544300 -0.02823596 0.54117647 0.42352941 0.64313725
v 0.02117806 -0.00544300 -0.02865560 0.54117647 0.42352941 0.64313725
v 0.02210474 -0.00544300 -0.02894336 0.54117647 0.42352941 0.64313725
v 0.02594891 -0.00794896 -0.02922512 0.54117647 0.42352941 0.64313725
v 0.02822486 -0.00957963 -0.02900930 0.54117647 0.42352941 0.64313725
v 0.02722691 -0.00882425 -0.02914718 0.54117647 0.42352941 0.64313725
v 0.02855073 -0.01016116 -0.02882346 0.54117647 0.42352941 0.64313725
v 0.02722691 -0.00785903 -0.02941695 0.54117647 0.42352941 0.64313725
v 0.02293976 -0.00612045 -0.02905126 0.54117647 0.42352941 0.64313725
v 0.02366277 -0.00657608 -0.02912320 0.54117647 0.42352941 0.64313725
v 0.02480839 -0.00665401 -0.02934501 0.54117647 0.42352941 0.64313725
v 0.02601510 -0.00665401 -0.02956083 0.54117647 0.42352941 0.64313725
v 0.03206904 -0.01240334 -0.02796020 0.54117647 0.42352941 0.64313725
v 0.03206904 -0.01149208 -0.02834387 0.54117647 0.42352941 0.64313725
v 0.03327575 -0.01149208 -0.02824795 0.54117647 0.42352941 0.64313725
v 0.03448756 -0.00866838 -0.02909922 0.54117647 0.42352941 0.64313725
v 0.03327575 -0.00951369 -0.02898532 0.54117647 0.42352941 0.64313725
v 0.03327575 -0.01028106 -0.02871555 0.54117647 0.42352941 0.64313725
v 0.03327575 -0.00665401 -0.02977065 0.54117647 0.42352941 0.64313725
v 0.03327575 -0.00544300 -0.03001045 0.54117647 0.42352941 0.64313725
v 0.03338267 -0.00426795 -0.03019629 0.54117647 0.42352941 0.64313725
v 0.03327575 -0.00785903 -0.02947091 0.54117647 0.42352941 0.64313725
v 0.03305172 -0.00389026 -0.03028621 0.54117647 0.42352941 0.64313725
v 0.03338267 -0.00312289 -0.03033417 0.54117647 0.42352941 0.64313725
v 0.03414642 -0.00278716 -0.03028022 0.54117647 0.42352941 0.64313725
v 0.03452320 -0.00177398 -0.03031019 0.54117647 0.42352941 0.64313725
v 0.03448756 -0.00060493 -0.03036415 0.54117647 0.42352941 0.64313725
v 0.03519529 -0.00060493 -0.03026823 0.54117647 0.42352941 0.64313725
v 0.03518511 0.00060009 -0.03026223 0.54117647 0.42352941 0.64313725
v 0.03512910 0.00134948 -0.03025624 0.54117647 0.42352941 0.64313725
v 0.03499163 0.00215282 -0.03023226 0.54117647 0.42352941 0.64313725
v 0.03569427 0.00302212 -0.03003443 0.54117647 0.42352941 0.64313725
v 0.03690098 0.00302212 -0.02980063 0.54117647 0.42352941 0.64313725
v 0.03690098 0.00423313 -0.02965075 0.54117647 0.42352941 0.64313725
v 0.03811279 0.00423313 -0.02936300 0.54117647 0.42352941 0.64313725
v 0.03899873 0.00423313 -0.02912320 0.54117647 0.42352941 0.64313725
v 0.03812806 0.00542017 -0.02916517 0.54117647 0.42352941 0.64313725
v 0.03690098 0.00544415 -0.02945292 0.54117647 0.42352941 0.64313725
v 0.03569427 0.00544415 -0.02969272 0.54117647 0.42352941 0.64313725
v 0.03448756 0.00544415 -0.02987856 0.54117647 0.42352941 0.64313725
v 0.02964542 0.00786018 -0.02959080 0.54117647 0.42352941 0.64313725
v 0.03085723 0.00664917 -0.02989055 0.54117647 0.42352941 0.64313725
v 0.02964542 0.00664917 -0.02988455 0.54117647 0.42352941 0.64313725
v 0.03206904 0.00544415 -0.03010636 0.54117647 0.42352941 0.64313725
v 0.03089796 0.00533624 -0.03016032 0.54117647 0.42352941 0.64313725
v 0.03327575 0.00544415 -0.03001644 0.54117647 0.42352941 0.64313725
v 0.02843871 0.00786018 -0.02953086 0.54117647 0.42352941 0.64313725
v 0.02722691 0.00786018 -0.02942295 0.54117647 0.42352941 0.64313725
v 0.02592854 0.00796210 -0.02922512 0.54117647 0.42352941 0.64313725
v 0.02480839 0.00758441 -0.02912320 0.54117647 0.42352941 0.64313725
v 0.02412611 0.00732662 -0.02905726 0.54117647 0.42352941 0.64313725
v 0.02332163 0.00693694 -0.02896134 0.54117647 0.42352941 0.64313725
v 0.02246624 0.00657723 -0.02881746 0.54117647 0.42352941 0.64313725
v 0.02117806 0.00664917 -0.02840382 0.54117647 0.42352941 0.64313725
v 0.01955893 0.00696092 -0.02775037 0.54117647 0.42352941 0.64313725
v 0.01996116 0.00659521 -0.02799617 0.54117647 0.42352941 0.64313725
v 0.01884101 0.00659521 -0.02754655 0.54117647 0.42352941 0.64313725
v 0.01747136 0.00669113 -0.02690509 0.54117647 0.42352941 0.64313725
v 0.01681963 0.00630745 -0.02668328 0.54117647 0.42352941 0.64313725
v 0.00911601 0.00544415 -0.02254681 0.54117647 0.42352941 0.64313725
v 0.01604062 0.00544415 -0.02644948 0.54117647 0.42352941 0.64313725
v 0.02903443 -0.00968155 -0.02903927 0.54117647 0.42352941 0.64313725
v 0.02964542 -0.01031104 -0.02882945 0.54117647 0.42352941 0.64313725
v 0.03085723 -0.01031703 -0.02882945 0.54117647 0.42352941 0.64313725
v 0.03202321 -0.01016716 -0.02885343 0.54117647 0.42352941 0.64313725
v 0.01622392 -0.00311689 -0.02691709 0.54117647 0.42352941 0.64313725
v 0.01762411 -0.00309291 -0.02761249 0.54117647 0.42352941 0.64313725
v 0.01817400 -0.00354854 -0.02781632 0.54117647 0.42352941 0.64313725
v 0.00911601 -0.00302097 -0.02300242 0.54117647 0.42352941 0.64313725
v 0.00911601 -0.00279315 -0.02303240 0.54117647 0.42352941 0.64313725
v 0.01566384 -0.00277517 -0.02665931 0.54117647 0.42352941 0.64313725
v 0.01889192 -0.00423198 -0.02802614 0.54117647 0.42352941 0.64313725
v 0.01996626 -0.00423198 -0.02845178 0.54117647 0.42352941 0.64313725
v 0.02122898 -0.00425596 -0.02887741 0.54117647 0.42352941 0.64313725
v 0.02186543 -0.00467562 -0.02901530 0.54117647 0.42352941 0.64313725
v 0.02271064 -0.00544300 -0.02911721 0.54117647 0.42352941 0.64313725
v 0.02855073 -0.00913600 -0.02916517 0.54117647 0.42352941 0.64313725
v 0.02843871 -0.00785903 -0.02952486 0.54117647 0.42352941 0.64313725
v 0.02722691 -0.00665401 -0.02971670 0.54117647 0.42352941 0.64313725
v 0.02359658 -0.00544300 -0.02933902 0.54117647 0.42352941 0.64313725
v 0.02480839 -0.00544300 -0.02959080 0.54117647 0.42352941 0.64313725
v 0.02601510 -0.00544300 -0.02980063 0.54117647 0.42352941 0.64313725
v 0.02722691 -0.00544300 -0.02996249 0.54117647 0.42352941 0.64313725
v 0.03239999 -0.00963959 -0.02902729 0.54117647 0.42352941 0.64313725
v 0.03327575 -0.00890818 -0.02917116 0.54117647 0.42352941 0.64313725
v 0.03206904 -0.00665401 -0.02986057 0.54117647 0.42352941 0.64313725
v 0.03206904 -0.00544300 -0.03010037 0.54117647 0.42352941 0.64313725
v 0.03206904 -0.00470560 -0.03022626 0.54117647 0.42352941 0.64313725
v 0.03206904 -0.00785903 -0.02956083 0.54117647 0.42352941 0.64313725
v 0.03206904 -0.00302097 -0.03044208 0.54117647 0.42352941 0.64313725
v 0.03206904 -0.00410009 -0.03031619 0.54117647 0.42352941 0.64313725
v 0.03327575 -0.00180995 -0.03044807 0.54117647 0.42352941 0.64313725
v 0.03327575 -0.00060493 -0.03050203 0.54117647 0.42352941 0.64313725
v 0.03448756 0.00060009 -0.03035815 0.54117647 0.42352941 0.64313725
v 0.03454865 0.00177513 -0.03031019 0.54117647 0.42352941 0.64313725
v 0.03418206 0.00276433 -0.03028621 0.54117647 0.42352941 0.64313725
v 0.03454865 0.00310605 -0.03020228 0.54117647 0.42352941 0.64313725
v 0.03569427 0.00423313 -0.02988455 0.54117647 0.42352941 0.64313725
v 0.03448756 0.00423313 -0.03007040 0.54117647 0.42352941 0.64313725
v 0.03336231 0.00426910 -0.03019629 0.54117647 0.42352941 0.64313725
v 0.02967598 0.00533624 -0.03015432 0.54117647 0.42352941 0.64313725
v 0.02843871 0.00664917 -0.02982461 0.54117647 0.42352941 0.64313725
v 0.03206904 0.00472473 -0.03023226 0.54117647 0.42352941 0.64313725
v 0.03133075 0.00482066 -0.03024425 0.54117647 0.42352941 0.64313725
v 0.03052118 0.00485663 -0.03025025 0.54117647 0.42352941 0.64313725
v 0.03009858 0.00485663 -0.03025025 0.54117647 0.42352941 0.64313725
v 0.02722691 0.00664917 -0.02971670 0.54117647 0.42352941 0.64313725
v 0.02601510 0.00664917 -0.02956083 0.54117647 0.42352941 0.64313725
v 0.02480839 0.00664917 -0.02934501 0.54117647 0.42352941 0.64313725
v 0.02367296 0.00657723 -0.02912320 0.54117647 0.42352941 0.64313725
v 0.02292449 0.00612759 -0.02905726 0.54117647 0.42352941 0.64313725
v 0.02209455 0.00544415 -0.02894935 0.54117647 0.42352941 0.64313725
v 0.02117806 0.00544415 -0.02866160 0.54117647 0.42352941 0.64313725
v 0.01996626 0.00544415 -0.02824795 0.54117647 0.42352941 0.64313725
v 0.01929925 0.00615757 -0.02785229 0.54117647 0.42352941 0.64313725
v 0.01853042 0.00544415 -0.02766645 0.54117647 0.42352941 0.64313725
v 0.01754774 0.00544415 -0.02721683 0.54117647 0.42352941 0.64313725
v 0.01664652 0.00544415 -0.02677321 0.54117647 0.42352941 0.64313725
v 0.00911601 0.00539019 -0.02255880 0.54117647 0.42352941 0.64313725
v 0.01583695 0.00423313 -0.02656339 0.54117647 0.42352941 0.64313725
v 0.00911601 0.00416719 -0.02281658 0.54117647 0.42352941 0.64313725
v 0.00911601 0.00419716 -0.02281059 0.54117647 0.42352941 0.64313725
v 0.02964542 -0.00970553 -0.02904527 0.54117647 0.42352941 0.64313725
v 0.02964542 -0.00785903 -0.02958481 0.54117647 0.42352941 0.64313725
v 0.02964542 -0.00907005 -0.02923711 0.54117647 0.42352941 0.64313725
v 0.03085723 -0.00971153 -0.02905126 0.54117647 0.42352941 0.64313725
v 0.03159042 -0.00969354 -0.02904527 0.54117647 0.42352941 0.64313725
v 0.01633593 -0.00180995 -0.02710293 0.54117647 0.42352941 0.64313725
v 0.01738480 -0.00180995 -0.02762448 0.54117647 0.42352941 0.64313725
v 0.01807726 -0.00273920 -0.02785828 0.54117647 0.42352941 0.64313725
v 0.01864753 -0.00309291 -0.02806810 0.54117647 0.42352941 0.64313725
v 0.00911601 -0.00194784 -0.02312832 0.54117647 0.42352941 0.64313725
v 0.00911601 -0.00183393 -0.02314031 0.54117647 0.42352941 0.64313725
v 0.01558746 -0.00180995 -0.02670127 0.54117647 0.42352941 0.64313725
v 0.01996626 -0.00302097 -0.02860165 0.54117647 0.42352941 0.64313725
v 0.02090821 -0.00302097 -0.02893137 0.54117647 0.42352941 0.64313725
v 0.02166686 -0.00387228 -0.02907525 0.54117647 0.42352941 0.64313725
v 0.02231349 -0.00425596 -0.02920713 0.54117647 0.42352941 0.64313725
v 0.02359658 -0.00423198 -0.02954285 0.54117647 0.42352941 0.64313725
v 0.02843871 -0.00665401 -0.02982461 0.54117647 0.42352941 0.64313725
v 0.02480839 -0.00423198 -0.02979463 0.54117647 0.42352941 0.64313725
v 0.02601510 -0.00423198 -0.03000445 0.54117647 0.42352941 0.64313725
v 0.02843871 -0.00544300 -0.03006440 0.54117647 0.42352941 0.64313725
v 0.02722181 -0.00419601 -0.03016631 0.54117647 0.42352941 0.64313725
v 0.02843871 -0.00459169 -0.03020828 0.54117647 0.42352941 0.64313725
v 0.03202321 -0.00917197 -0.02918315 0.54117647 0.42352941 0.64313725
v 0.03085723 -0.00665401 -0.02989055 0.54117647 0.42352941 0.64313725
v 0.03077576 -0.00532310 -0.03015432 0.54117647 0.42352941 0.64313725
v 0.03112199 -0.00480152 -0.03024425 0.54117647 0.42352941 0.64313725
v 0.03085723 -0.00907005 -0.02924310 0.54117647 0.42352941 0.64313725
v 0.03085723 -0.00785903 -0.02959080 0.54117647 0.42352941 0.64313725
v 0.03085723 -0.00302097 -0.03047805 0.54117647 0.42352941 0.64313725
v 0.03206904 -0.00180995 -0.03053800 0.54117647 0.42352941 0.64313725
v 0.03077576 -0.00433390 -0.03031619 0.54117647 0.42352941 0.64313725
v 0.03206904 -0.00060493 -0.03058596 0.54117647 0.42352941 0.64313725
v 0.03206904 0.00060009 -0.03058596 0.54117647 0.42352941 0.64313725
v 0.03327575 0.00060009 -0.03049604 0.54117647 0.42352941 0.64313725
v 0.03327575 0.00181110 -0.03045407 0.54117647 0.42352941 0.64313725
v 0.03336231 0.00310605 -0.03034017 0.54117647 0.42352941 0.64313725
v 0.03382055 0.00356767 -0.03023825 0.54117647 0.42352941 0.64313725
v 0.03301608 0.00389741 -0.03028022 0.54117647 0.42352941 0.64313725
v 0.02929410 0.00478468 -0.03023825 0.54117647 0.42352941 0.64313725
v 0.02843871 0.00544415 -0.03007040 0.54117647 0.42352941 0.64313725
v 0.02722691 0.00544415 -0.02996848 0.54117647 0.42352941 0.64313725
v 0.03206904 0.00411923 -0.03031019 0.54117647 0.42352941 0.64313725
v 0.03089796 0.00434105 -0.03031619 0.54117647 0.42352941 0.64313725
v 0.03085723 0.00302212 -0.03047805 0.54117647 0.42352941 0.64313725
v 0.02964542 0.00302212 -0.03047206 0.54117647 0.42352941 0.64313725
v 0.02967598 0.00432306 -0.03031019 0.54117647 0.42352941 0.64313725
v 0.02601510 0.00544415 -0.02981261 0.54117647 0.42352941 0.64313725
v 0.02480839 0.00544415 -0.02959680 0.54117647 0.42352941 0.64313725
v 0.02359658 0.00544415 -0.02934501 0.54117647 0.42352941 0.64313725
v 0.02270045 0.00544415 -0.02912320 0.54117647 0.42352941 0.64313725
v 0.02186034 0.00467677 -0.02901530 0.54117647 0.42352941 0.64313725
v 0.02123407 0.00425711 -0.02887741 0.54117647 0.42352941 0.64313725
v 0.01913123 0.00544415 -0.02792423 0.54117647 0.42352941 0.64313725
v 0.01996626 0.00423313 -0.02844578 0.54117647 0.42352941 0.64313725
v 0.01829111 0.00423313 -0.02776836 0.54117647 0.42352941 0.64313725
v 0.01754774 0.00423313 -0.02742665 0.54117647 0.42352941 0.64313725
v 0.01644285 0.00423313 -0.02688112 0.54117647 0.42352941 0.64313725
v 0.01574021 0.00359765 -0.02661135 0.54117647 0.42352941 0.64313725
v 0.00911601 0.00302212 -0.02299643 0.54117647 0.42352941 0.64313725
v 0.02964542 -0.00665401 -0.02988455 0.54117647 0.42352941 0.64313725
v 0.01553655 -0.00060493 -0.02673124 0.54117647 0.42352941 0.64313725
v 0.01633593 -0.00060493 -0.02715688 0.54117647 0.42352941 0.64313725
v 0.01732371 -0.00060493 -0.02764846 0.54117647 0.42352941 0.64313725
v 0.01799071 -0.00180995 -0.02790025 0.54117647 0.42352941 0.64313725
v 0.01875954 -0.00180995 -0.02822997 0.54117647 0.42352941 0.64313725
v 0.00911601 -0.00064090 -0.02320026 0.54117647 0.42352941 0.64313725
v 0.01996626 -0.00180995 -0.02870356 0.54117647 0.42352941 0.64313725
v 0.02074527 -0.00180995 -0.02897933 0.54117647 0.42352941 0.64313725
v 0.02151411 -0.00302097 -0.02912320 0.54117647 0.42352941 0.64313725
v 0.02238987 -0.00302097 -0.02938098 0.54117647 0.42352941 0.64313725
v 0.02359658 -0.00302097 -0.02968672 0.54117647 0.42352941 0.64313725
v 0.02480839 -0.00302097 -0.02993851 0.54117647 0.42352941 0.64313725
v 0.02607111 -0.00302097 -0.03016032 0.54117647 0.42352941 0.64313725
v 0.02680939 -0.00342264 -0.03022626 0.54117647 0.42352941 0.64313725
v 0.02974726 -0.00532310 -0.03014833 0.54117647 0.42352941 0.64313725
v 0.02941121 -0.00477154 -0.03023825 0.54117647 0.42352941 0.64313725
v 0.02761896 -0.00376436 -0.03026823 0.54117647 0.42352941 0.64313725
v 0.02843871 -0.00398618 -0.03029820 0.54117647 0.42352941 0.64313725
v 0.03021569 -0.00484349 -0.03025025 0.54117647 0.42352941 0.64313725
v 0.03031752 -0.00484349 -0.03025025 0.54117647 0.42352941 0.64313725
v 0.02964542 -0.00302097 -0.03046605 0.54117647 0.42352941 0.64313725
v 0.02964542 -0.00180995 -0.03056198 0.54117647 0.42352941 0.64313725
v 0.03085723 -0.00180995 -0.03056797 0.54117647 0.42352941 0.64313725
v 0.02974726 -0.00431592 -0.03031619 0.54117647 0.42352941 0.64313725
v 0.03085723 -0.00060493 -0.03062192 0.54117647 0.42352941 0.64313725
v 0.03085723 0.00060009 -0.03061593 0.54117647 0.42352941 0.64313725
v 0.03085723 0.00181110 -0.03057396 0.54117647 0.42352941 0.64313725
v 0.03206904 0.00181110 -0.03053800 0.54117647 0.42352941 0.64313725
v 0.03206904 0.00302212 -0.03044208 0.54117647 0.42352941 0.64313725
v 0.02843871 0.00302212 -0.03041211 0.54117647 0.42352941 0.64313725
v 0.02843871 0.00398733 -0.03029221 0.54117647 0.42352941 0.64313725
v 0.02843871 0.00459284 -0.03021427 0.54117647 0.42352941 0.64313725
v 0.02724218 0.00419117 -0.03016631 0.54117647 0.42352941 0.64313725
v 0.02601510 0.00423313 -0.03000445 0.54117647 0.42352941 0.64313725
v 0.02964542 0.00181110 -0.03056797 0.54117647 0.42352941 0.64313725
v 0.02480839 0.00423313 -0.02979463 0.54117647 0.42352941 0.64313725
v 0.02359658 0.00423313 -0.02953685 0.54117647 0.42352941 0.64313725
v 0.02231349 0.00425711 -0.02920114 0.54117647 0.42352941 0.64313725
v 0.02167195 0.00386743 -0.02906925 0.54117647 0.42352941 0.64313725
v 0.02089802 0.00302212 -0.02893137 0.54117647 0.42352941 0.64313725
v 0.01889701 0.00423313 -0.02802614 0.54117647 0.42352941 0.64313725
v 0.01996626 0.00302212 -0.02860764 0.54117647 0.42352941 0.64313725
v 0.01817400 0.00354969 -0.02781632 0.54117647 0.42352941 0.64313725
v 0.01761902 0.00310005 -0.02761849 0.54117647 0.42352941 0.64313725
v 0.01621882 0.00312404 -0.02692308 0.54117647 0.42352941 0.64313725
v 0.01565875 0.00278831 -0.02665931 0.54117647 0.42352941 0.64313725
v 0.00911601 0.00181710 -0.02314031 0.54117647 0.42352941 0.64313725
v 0.00911601 0.00060009 -0.02320026 0.54117647 0.42352941 0.64313725
v 0.01554164 0.00060009 -0.02672525 0.54117647 0.42352941 0.64313725
v 0.01633593 0.00060009 -0.02715089 0.54117647 0.42352941 0.64313725
v 0.01732880 0.00060009 -0.02764846 0.54117647 0.42352941 0.64313725
v 0.01792961 -0.00060493 -0.02792423 0.54117647 0.42352941 0.64313725
v 0.01875954 -0.00060493 -0.02828392 0.54117647 0.42352941 0.64313725
v 0.01996626 -0.00060493 -0.02875752 0.54117647 0.42352941 0.64313725
v 0.02066381 -0.00060493 -0.02900930 0.54117647 0.42352941 0.64313725
v 0.02135118 -0.00180995 -0.02917116 0.54117647 0.42352941 0.64313725
v 0.02238987 -0.00180995 -0.02947690 0.54117647 0.42352941 0.64313725
v 0.02359658 -0.00180995 -0.02978864 0.54117647 0.42352941 0.64313725
v 0.02480839 -0.00180995 -0.03003443 0.54117647 0.42352941 0.64313725
v 0.02571979 -0.00180995 -0.03019629 0.54117647 0.42352941 0.64313725
v 0.02650899 -0.00261330 -0.03026223 0.54117647 0.42352941 0.64313725
v 0.02722181 -0.00302097 -0.03030420 0.54117647 0.42352941 0.64313725
v 0.02843871 -0.00302097 -0.03040611 0.54117647 0.42352941 0.64313725
v 0.02843871 -0.00180995 -0.03050203 0.54117647 0.42352941 0.64313725
v 0.02964542 -0.00060493 -0.03060994 0.54117647 0.42352941 0.64313725
v 0.02964542 0.00060009 -0.03060994 0.54117647 0.42352941 0.64313725
v 0.02724218 0.00302212 -0.03031019 0.54117647 0.42352941 0.64313725
v 0.02765460 0.00375352 -0.03026223 0.54117647 0.42352941 0.64313725
v 0.02843871 0.00181110 -0.03050802 0.54117647 0.42352941 0.64313725
v 0.02722691 0.00181110 -0.03040611 0.54117647 0.42352941 0.64313725
v 0.02685013 0.00342979 -0.03022626 0.54117647 0.42352941 0.64313725
v 0.02605074 0.00302212 -0.03016032 0.54117647 0.42352941 0.64313725
v 0.02480839 0.00302212 -0.02994450 0.54117647 0.42352941 0.64313725
v 0.02359658 0.00302212 -0.02969272 0.54117647 0.42352941 0.64313725
v 0.02238987 0.00302212 -0.02938098 0.54117647 0.42352941 0.64313725
v 0.02150392 0.00302212 -0.02912320 0.54117647 0.42352941 0.64313725
v 0.02074018 0.00181110 -0.02898532 0.54117647 0.42352941 0.64313725
v 0.01864753 0.00310005 -0.02807410 0.54117647 0.42352941 0.64313725
v 0.01996626 0.00181110 -0.02870956 0.54117647 0.42352941 0.64313725
v 0.01875954 0.00181110 -0.02822997 0.54117647 0.42352941 0.64313725
v 0.01806708 0.00274634 -0.02786428 0.54117647 0.42352941 0.64313725
v 0.01738480 0.00181110 -0.02762448 0.54117647 0.42352941 0.64313725
v 0.01633593 0.00181110 -0.02710293 0.54117647 0.42352941 0.64313725
v 0.01558746 0.00181110 -0.02670127 0.54117647 0.42352941 0.64313725
v 0.01798562 0.00181110 -0.02790025 0.54117647 0.42352941 0.64313725
v 0.01793470 0.00060009 -0.02792423 0.54117647 0.42352941 0.64313725
v 0.01875954 0.00060009 -0.02827792 0.54117647 0.42352941 0.64313725
v 0.01996626 0.00060009 -0.02875152 0.54117647 0.42352941 0.64313725
v 0.02066890 0.00060009 -0.02900331 0.54117647 0.42352941 0.64313725
v 0.02127480 0.00060009 -0.02919514 0.54117647 0.42352941 0.64313725
v 0.02126971 -0.00060493 -0.02919514 0.54117647 0.42352941 0.64313725
v 0.02238987 -0.00060493 -0.02953086 0.54117647 0.42352941 0.64313725
v 0.02359658 -0.00060493 -0.02983660 0.54117647 0.42352941 0.64313725
v 0.02480839 -0.00060493 -0.03008838 0.54117647 0.42352941 0.64313725
v 0.02556195 -0.00060493 -0.03022626 0.54117647 0.42352941 0.64313725
v 0.02632569 -0.00180995 -0.03029221 0.54117647 0.42352941 0.64313725
v 0.02722691 -0.00180995 -0.03040011 0.54117647 0.42352941 0.64313725
v 0.02843871 -0.00060493 -0.03054999 0.54117647 0.42352941 0.64313725
v 0.02843871 0.00060009 -0.03054999 0.54117647 0.42352941 0.64313725
v 0.02647844 0.00262044 -0.03026823 0.54117647 0.42352941 0.64313725
v 0.02631041 0.00181110 -0.03029820 0.54117647 0.42352941 0.64313725
v 0.02722691 0.00060009 -0.03044807 0.54117647 0.42352941 0.64313725
v 0.02570451 0.00181110 -0.03020228 0.54117647 0.42352941 0.64313725
v 0.02480839 0.00181110 -0.03004042 0.54117647 0.42352941 0.64313725
v 0.02359658 0.00181110 -0.02978864 0.54117647 0.42352941 0.64313725
v 0.02238987 0.00181110 -0.02948290 0.54117647 0.42352941 0.64313725
v 0.02134608 0.00181110 -0.02917116 0.54117647 0.42352941 0.64313725
v 0.02238987 0.00060009 -0.02952486 0.54117647 0.42352941 0.64313725
v 0.02359658 0.00060009 -0.02983660 0.54117647 0.42352941 0.64313725
v 0.02480839 0.00060009 -0.03008239 0.54117647 0.42352941 0.64313725
v 0.02557213 0.00060009 -0.03022027 0.54117647 0.42352941 0.64313725
v 0.02617294 0.00060009 -0.03031619 0.54117647 0.42352941 0.64313725
v 0.02616276 -0.00060493 -0.03031619 0.54117647 0.42352941 0.64313725
v 0.02722691 -0.00060493 -0.03044807 0.54117647 0.42352941 0.64313725
f 1 2 3
f 1 3 4
f 1 4 5
f 1 5 6
f 1 6 7
f 1 7 8
f 1 8 9
f 1 9 2
f 2 10 11
f 2 11 3
f 2 9 21
f 2 21 10
f 3 11 26
f 3 26 12
f 3 12 13
f 3 13 4
f 4 13 5
f 5 13 14
f 5 14 15
f 5 15 16
f 5 16 6
f 6 16 7
f 7 16 17
f 7 17 18
f 7 18 19
f 7 19 20
f 7 20 8
f 8 20 22
f 8 22 9
f 9 22 43
f 9 43 21
f 10 21 42
f 10 42 23
f 10 23 24
f 10 24 11
f 11 24 25
f 11 25 26
f 12 26 27
f 12 27 28
f 12 28 13
f 13 28 29
f 13 29 30
f 13 30 14
f 14 30 31
f 14 31 32
f 14 32 15
f 15 33 16
f 15 32 34
f 15 34 33
f 16 33 35
f 16 35 36
f 16 36 17
f 17 36 18
f 18 37 38
f 18 38 39
f 18 39 19
f 18 36 40
f 18 40 37
f 19 39 41
f 19 41 20
f 20 41 44
f 20 44 22
f 21 43 72
f 21 72 42
f 22 44 75
f 22 75 43
f 23 45 46
f 23 46 24
f 23 42 45
f 24 46 47
f 24 47 25
f 25 48 49
f 25 49 26
f 25 47 48
f 26 49 27
f 27 49 50
f 27 50 51
f 27 51 28
f 28 51 52
f 28 52 29
f 29 52 53
f 29 53 54
f 29 54 30
f 30 54 55
f 30 55 31
f 31 56 32
f 31 55 57
f 31 57 58
f 31 58 56
f 32 56 34
f 33 34 59
f 33 59 60
f 33 60 35
f 34 56 61
f 34 61 59
f 35 60 62
f 35 62 36
f 36 63 64
f 36 64 40
f 36 62 63
f 37 40 65
f 37 65 66
f 37 66 67
f 37 67 38
f 38 67 68
f 38 68 39
f 39 68 69
f 39 69 41
f 40 64 65
f 41 69 70
f 41 70 71
f 41 71 44
f 42 72 73
f 42 73 74
f 42 74 45
f 43 75 72
f 44 71 76
f 44 76 77
f 44 77 75
f 45 74 78
f 45 78 46
f 46 79 47
f 46 78 79
f 47 79 80
f 47 80 48
f 48 80 81
f 48 81 82
f 48 82 49
f 49 82 50
f 50 82 83
f 50 83 84
f 50 84 51
f 51 84 85
f 51 85 52
f 52 85 86
f 52 86 87
f 52 87 53
f 53 87 88
f 53 88 54
f 54 88 89
f 54 89 55
f 55 89 57
f 56 58 90
f 56 90 91
f 56 91 61
f 57 89 127
f 57 127 92
f 57 92 93
f 57 93 58
f 58 93 90
f 59 94 60
f 59 61 95
f 59 95 94
f 60 96 62
f 60 94 96
f 61 91 95
f 62 96 97
f 62 97 63
f 63 97 64
f 64 97 98
f 64 98 65
f 65 98 99
f 65 99 66
f 66 99 100
f 66 100 101
f 66 101 67
f 67 101 102
f 67 102 68
f 68 102 103
f 68 103 69
f 69 103 104
f 69 104 70
f 70 104 105
f 70 105 71
f 71 105 106
f 71 106 107
f 71 107 77
f 71 77 76
f 72 75 108
f 72 108 109
f 72 109 73
f 73 109 110
f 73 110 111
f 73 111 74
f 74 111 78
f 75 77 112
f 75 112 113
f 75 113 108
f 77 107 114
f 77 114 115
f 77 115 112
f 78 111 116
f 78 116 117
f 78 117 118
f 78 118 79
f 79 118 119
f 79 119 80
f 80 119 120
f 80 120 81
f 81 120 158
f 81 158 121
f 81 121 83
f 81 83 82
f 83 121 122
f 83 122 123
f 83 123 124
f 83 124 84
f 84 124 86
f 84 86 85
f 86 124 163
f 86 163 125
f 86 125 126
f 86 126 87
f 87 127 89
f 87 89 88
f 87 126 127
f 90 93 91
f 91 128 134
f 91 134 95
f 91 93 129
f 91 129 172
f 91 172 128
f 92 130 93
f 92 127 169
f 92 169 131
f 92 131 175
f 92 175 130
f 93 130 174
f 93 174 129
f 94 95 132
f 94 132 133
f 94 133 96
f 95 134 132
f 96 133 135
f 96 135 97
f 97 135 98
f 98 136 137
f 98 137 99
f 98 135 136
f 99 137 138
f 99 138 100
f 100 138 139
f 100 139 140
f 100 140 101
f 101 140 102
f 102 140 141
f 102 141 103
f 103 141 142
f 103 142 104
f 104 142 106
f 104 106 105
f 106 142 143
f 106 143 144
f 106 144 107
f 107 144 145
f 107 145 146
f 107 146 114
f 108 113 147
f 108 147 109
f 109 147 148
f 109 148 149
f 109 149 110
f 110 149 150
f 110 150 111
f 111 150 116
f 112 115 113
f 113 115 151
f 113 151 147
f 114 152 115
f 114 146 152
f 115 152 151
f 116 150 153
f 116 153 117
f 117 153 154
f 117 154 155
f 117 155 118
f 118 155 119
f 119 155 156
f 119 156 157
f 119 157 120
f 120 157 206
f 120 206 158
f 121 158 122
f 122 158 159
f 122 159 160
f 122 160 161
f 122 161 162
f 122 162 123
f 123 162 163
f 123 163 124
f 125 164 126
f 125 163 165
f 125 165 164
f 126 164 166
f 126 166 167
f 126 167 168
f 126 168 169
f 126 169 127
f 128 170 171
f 128 171 134
f 128 172 173
f 128 173 170
f 129 174 172
f 130 175 176
f 130 176 174
f 131 169 177
f 131 177 178
f 131 178 175
f 132 179 180
f 132 180 133
f 132 134 171
f 132 171 179
f 133 180 135
f 135 181 182
f 135 182 136
f 135 180 181
f 136 182 183
f 136 183 137
f 137 183 138
f 138 183 184
f 138 184 185
f 138 185 139
f 139 185 186
f 139 186 187
f 139 187 140
f 140 187 188
f 140 188 141
f 141 188 143
f 141 143 142
f 143 188 248
f 143 248 189
f 143 189 190
f 143 190 144
f 144 190 145
f 145 190 191
f 145 191 193
f 145 193 146
f 146 192 152
f 146 193 256
f 146 256 192
f 147 151 194
f 147 194 148
f 148 194 149
f 149 194 195
f 149 195 196
f 149 196 197
f 149 197 150
f 150 197 153
f 151 152 194
f 152 192 255
f 152 255 198
f 152 198 194
f 153 197 199
f 153 199 200
f 153 200 201
f 153 201 154
f 154 201 155
f 155 201 202
f 155 202 203
f 155 203 156
f 156 203 157
f 157 203 204
f 157 204 205
f 157 205 206
f 158 206 207
f 158 207 159
f 159 207 208
f 159 208 160
f 160 208 209
f 160 209 210
f 160 210 161
f 161 210 211
f 161 211 162
f 162 211 212
f 162 212 163
f 163 212 213
f 163 213 165
f 164 165 214
f 164 214 215
f 164 215 166
f 165 216 217
f 165 217 218
f 165 218 219
f 165 219 220
f 165 220 214
f 165 213 216
f 166 215 167
f 167 221 168
f 167 215 222
f 167 222 223
f 167 223 221
f 168 221 169
f 169 221 177
f 170 224 171
f 170 173 225
f 170 225 224
f 171 224 226
f 171 226 179
f 172 174 227
f 172 227 228
f 172 228 173
f 173 228 229
f 173 229 225
f 174 176 230
f 174 230 227
f 175 178 231
f 175 231 176
f 176 231 232
f 176 232 230
f 177 221 233
f 177 233 234
f 177 234 178
f 178 234 231
f 179 226 235
f 179 235 236
f 179 236 180
f 180 236 237
f 180 237 181
f 181 237 238
f 181 238 182
f 182 238 183
f 183 238 239
f 183 239 240
f 183 240 184
f 184 240 241
f 184 241 242
f 184 242 185
f 185 242 243
f 185 243 244
f 185 244 186
f 186 244 245
f 186 245 246
f 186 246 247
f 186 247 187
f 187 247 248
f 187 248 188
f 189 248 249
f 189 249 250
f 189 250 251
f 189 251 252
f 189 252 190
f 190 252 191
f 191 252 253
f 191 253 254
f 191 254 193
f 192 256 255
f 193 254 257
f 193 257 256
f 194 198 195
f 195 258 196
f 195 198 259
f 195 259 260
f 195 260 258
f 196 258 261
f 196 261 199
f 196 199 197
f 198 255 323
f 198 323 259
f 199 262 263
f 199 263 200
f 199 261 264
f 199 264 262
f 200 263 201
f 201 263 265
f 201 265 266
f 201 266 202
f 202 266 267
f 202 267 203
f 203 267 268
f 203 268 204
f 204 269 205
f 204 268 269
f 205 270 271
f 205 271 206
f 205 269 270
f 206 271 207
f 207 271 272
f 207 272 208
f 208 272 273
f 208 273 209
f 209 274 275
f 209 275 210
f 209 273 274
f 210 275 276
f 210 276 211
f 211 276 277
f 211 277 212
f 212 277 216
f 212 216 213
f 214 220 215
f 215 220 222
f 216 277 278
f 216 278 217
f 217 278 218
f 218 279 280
f 218 280 281
f 218 281 282
f 218 282 219
f 218 278 279
f 219 283 220
f 219 282 283
f 220 283 222
f 221 223 284
f 221 284 285
f 221 285 233
f 222 283 223
f 223 283 284
f 224 286 287
f 224 287 226
f 224 225 286
f 225 229 288
f 225 288 286
f 226 289 235
f 226 287 289
f 227 230 290
f 227 290 228
f 228 290 291
f 228 291 229
f 229 291 292
f 229 292 288
f 230 232 293
f 230 293 290
f 231 234 294
f 231 294 232
f 232 294 295
f 232 295 293
f 233 285 296
f 233 296 234
f 234 296 297
f 234 297 294
f 235 289 298
f 235 298 236
f 236 299 300
f 236 300 237
f 236 298 299
f 237 300 238
f 238 301 302
f 238 302 239
f 238 300 301
f 239 303 240
f 239 302 303
f 240 303 304
f 240 304 241
f 241 305 306
f 241 306 307
f 241 307 242
f 241 304 305
f 242 307 243
f 243 307 308
f 243 308 309
f 243 309 244
f 244 309 245
f 245 309 310
f 245 310 311
f 245 311 246
f 246 311 312
f 246 312 247
f 247 312 313
f 247 313 248
f 248 313 249
f 249 313 388
f 249 388 314
f 249 314 250
f 250 315 251
f 250 314 316
f 250 316 317
f 250 317 318
f 250 318 315
f 251 315 252
f 252 315 319
f 252 319 320
f 252 320 253
f 253 320 321
f 253 321 254
f 254 321 322
f 254 322 327
f 254 327 257
f 255 256 324
f 255 324 325
f 255 325 323
f 256 257 326
f 256 326 324
f 257 327 326
f 258 328 261
f 258 260 329
f 258 329 328
f 259 323 260
f 260 323 330
f 260 330 331
f 260 331 329
f 261 328 332
f 261 332 264
f 262 333 263
f 262 264 333
f 263 333 334
f 263 334 335
f 263 335 265
f 264 332 336
f 264 336 333
f 265 335 266
f 266 335 337
f 266 337 338
f 266 338 267
f 267 338 268
f 268 338 339
f 268 339 269
f 269 339 340
f 269 340 270
f 270 340 341
f 270 341 342
f 270 342 271
f 271 342 272
f 272 343 273
f 272 342 343
f 273 343 274
f 274 344 345
f 274 345 346
f 274 346 275
f 274 343 344
f 275 346 347
f 275 347 276
f 276 347 348
f 276 348 277
f 277 348 278
f 278 348 279
f 279 349 350
f 279 350 280
f 279 348 349
f 280 350 351
f 280 351 352
f 280 352 281
f 281 352 353
f 281 353 282
f 282 353 434
f 282 434 354
f 282 354 283
f 283 354 355
f 283 355 284
f 284 355 356
f 284 356 357
f 284 357 285
f 285 357 296
f 286 358 287
f 286 288 359
f 286 359 358
f 287 358 360
f 287 360 289
f 288 292 359
f 289 360 361
f 289 361 298
f 290 293 362
f 290 362 291
f 291 362 363
f 291 363 292
f 292 363 364
f 292 364 365
f 292 365 359
f 293 295 362
f 294 297 295
f 295 366 362
f 295 297 367
f 295 367 368
f 295 368 366
f 296 357 369
f 296 369 370
f 296 370 297
f 297 370 371
f 297 371 367
f 298 361 372
f 298 372 299
f 299 372 373
f 299 373 300
f 300 373 301
f 301 374 302
f 301 373 374
f 302 374 375
f 302 375 376
f 302 376 377
f 302 377 303
f 303 377 378
f 303 378 304
f 304 378 305
f 305 379 380
f 305 380 381
f 305 381 382
f 305 382 306
f 305 378 383
f 305 383 379
f 306 382 307
f 307 382 308
f 308 382 384
f 308 384 309
f 309 384 310
f 310 384 385
f 310 385 311
f 311 385 386
f 311 386 312
f 312 386 387
f 312 387 388
f 312 388 313
f 314 388 389
f 314 389 316
f 315 318 390
f 315 390 319
f 316 389 391
f 316 391 317
f 317 391 392
f 317 392 393
f 317 393 394
f 317 394 390
f 317 390 318
f 319 390 320
f 320 390 395
f 320 395 321
f 321 395 396
f 321 396 397
f 321 397 398
f 321 398 322
f 322 398 399
f 322 399 327
f 323 325 400
f 323 400 330
f 324 326 401
f 324 401 325
f 325 401 402
f 325 402 400
f 326 327 403
f 326 403 401
f 327 399 404
f 327 404 403
f 328 329 405
f 328 405 332
f 329 331 406
f 329 406 405
f 330 400 331
f 331 400 407
f 331 407 408
f 331 408 409
f 331 409 406
f 332 405 410
f 332 410 336
f 333 411 334
f 333 336 412
f 333 412 411
f 334 411 413
f 334 413 335
f 335 413 414
f 335 414 415
f 335 415 337
f 336 410 416
f 336 416 412
f 337 415 417
f 337 417 338
f 338 417 418
f 338 418 339
f 339 418 340
f 340 419 341
f 340 418 419
f 341 419 420
f 341 420 421
f 341 421 422
f 341 422 343
f 341 343 342
f 343 422 423
f 343 423 344
f 344 423 424
f 344 424 345
f 345 424 425
f 345 425 426
f 345 426 346
f 346 426 427
f 346 427 347
f 347 427 428
f 347 428 348
f 348 428 349
f 349 429 350
f 349 428 429
f 350 429 430
f 350 430 351
f 351 430 431
f 351 431 432
f 351 432 352
f 352 432 433
f 352 433 353
f 353 433 435
f 353 435 519
f 353 519 434
f 354 434 436
f 354 436 355
f 355 436 438
f 355 438 356
f 356 437 357
f 356 438 437
f 357 437 369
f 358 439 440
f 358 440 360
f 358 359 441
f 358 441 439
f 359 365 442
f 359 442 441
f 360 440 361
f 361 440 443
f 361 443 444
f 361 444 372
f 362 366 363
f 363 366 445
f 363 445 446
f 363 446 364
f 364 447 448
f 364 448 365
f 364 446 447
f 365 448 442
f 366 368 449
f 366 449 445
f 367 371 450
f 367 450 368
f 368 450 451
f 368 451 449
f 369 437 452
f 369 452 370
f 370 452 453
f 370 453 371
f 371 453 454
f 371 454 450
f 372 444 373
f 373 455 375
f 373 375 374
f 373 444 455
f 375 456 457
f 375 457 376
f 375 455 456
f 376 457 458
f 376 458 383
f 376 383 377
f 377 383 378
f 379 459 460
f 379 460 380
f 379 383 459
f 380 461 462
f 380 462 381
f 380 460 461
f 381 462 463
f 381 463 382
f 382 463 464
f 382 464 384
f 383 458 459
f 384 464 465
f 384 465 466
f 384 466 385
f 385 466 467
f 385 467 468
f 385 468 387
f 385 387 386
f 387 468 469
f 387 469 470
f 387 470 389
f 387 389 388
f 389 470 471
f 389 471 472
f 389 472 391
f 390 394 396
f 390 396 395
f 391 472 473
f 391 473 392
f 392 473 474
f 392 474 475
f 392 475 393
f 393 475 562
f 393 562 476
f 393 476 394
f 394 476 477
f 394 477 396
f 396 477 397
f 397 477 478
f 397 478 479
f 397 479 480
f 397 480 399
f 397 399 398
f 399 480 481
f 399 481 404
f 400 402 482
f 400 482 407
f 401 403 483
f 401 483 402
f 402 483 484
f 402 484 482
f 403 404 483
f 404 485 483
f 404 481 486
f 404 486 485
f 405 406 487
f 405 487 410
f 406 409 487
f 407 482 488
f 407 488 408
f 408 488 409
f 409 489 490
f 409 490 487
f 409 488 491
f 409 491 492
f 409 492 489
f 410 487 490
f 410 490 416
f 411 493 494
f 411 494 413
f 411 412 493
f 412 416 495
f 412 495 496
f 412 496 493
f 413 494 497
f 413 497 414
f 414 497 498
f 414 498 415
f 415 498 417
f 416 490 499
f 416 499 495
f 417 500 501
f 417 501 418
f 417 498 500
f 418 501 502
f 418 502 419
f 419 502 503
f 419 503 420
f 420 503 504
f 420 504 421
f 421 504 505
f 421 505 506
f 421 506 422
f 422 506 423
f 423 506 507
f 423 507 424
f 424 508 425
f 424 507 508
f 425 509 510
f 425 510 426
f 425 508 509
f 426 511 427
f 426 510 511
f 427 511 512
f 427 512 428
f 428 512 429
f 429 512 513
f 429 513 430
f 430 513 514
f 430 514 431
f 431 514 515
f 431 515 516
f 431 516 432
f 432 516 517
f 432 517 433
f 433 517 518
f 433 518 435
f 434 519 520
f 434 520 436
f 435 518 521
f 435 521 522
f 435 522 519
f 436 520 523
f 436 523 438
f 437 438 524
f 437 524 452
f 438 523 525
f 438 525 524
f 439 526 440
f 439 441 527
f 439 527 526
f 440 526 528
f 440 528 443
f 441 442 529
f 441 529 527
f 442 448 530
f 442 530 529
f 443 531 444
f 443 528 531
f 444 532 533
f 444 533 455
f 444 531 532
f 445 449 534
f 445 534 446
f 446 534 535
f 446 535 447
f 447 536 448
f 447 535 537
f 447 537 536
f 448 536 530
f 449 451 538
f 449 538 534
f 450 454 539
f 450 539 451
f 451 539 540
f 451 540 538
f 452 524 541
f 452 541 453
f 453 541 542
f 453 542 454
f 454 542 631
f 454 631 539
f 455 533 456
f 456 533 624
f 456 624 543
f 456 543 457
f 457 544 545
f 457 545 458
f 457 543 544
f 458 545 459
f 459 546 460
f 459 545 546
f 460 546 547
f 460 547 461
f 461 547 548
f 461 548 462
f 462 548 549
f 462 549 463
f 463 549 550
f 463 550 464
f 464 550 465
f 465 550 551
f 465 551 552
f 465 552 466
f 466 552 467
f 467 552 553
f 467 553 554
f 467 554 468
f 468 554 469
f 469 554 555
f 469 555 556
f 469 556 470
f 470 556 471
f 471 473 472
f 471 556 557
f 471 557 558
f 471 558 559
f 471 559 560
f 471 560 473
f 473 560 474
f 474 560 559
f 474 559 561
f 474 561 475
f 475 561 563
f 475 563 564
f 475 564 562
f 476 562 565
f 476 565 477
f 477 565 566
f 477 566 478
f 478 566 568
f 478 568 479
f 479 567 480
f 479 568 567
f 480 567 481
f 481 567 569
f 481 569 486
f 482 484 488
f 483 485 570
f 483 570 484
f 484 570 571
f 484 571 572
f 484 572 488
f 485 486 573
f 485 573 570
f 486 569 574
f 486 574 573
f 488 572 575
f 488 575 491
f 489 576 490
f 489 492 577
f 489 577 576
f 490 576 499
f 491 575 578
f 491 578 492
f 492 578 579
f 492 579 577
f 493 496 580
f 493 580 581
f 493 581 494
f 494 581 582
f 494 582 497
f 495 583 584
f 495 584 496
f 495 499 583
f 496 584 580
f 497 582 585
f 497 585 586
f 497 586 498
f 498 586 587
f 498 587 500
f 499 576 588
f 499 588 583
f 500 589 501
f 500 587 589
f 501 589 590
f 501 590 591
f 501 591 502
f 502 591 503
f 503 592 504
f 503 591 592
f 504 593 505
f 504 592 593
f 505 593 594
f 505 594 595
f 505 595 506
f 506 595 507
f 507 595 508
f 508 595 596
f 508 596 597
f 508 597 509
f 509 597 598
f 509 598 599
f 509 599 510
f 510 599 600
f 510 600 511
f 511 600 601
f 511 601 602
f 511 602 512
f 512 602 513
f 513 602 603
f 513 603 514
f 514 603 604
f 514 604 515
f 515 605 606
f 515 606 516
f 515 604 605
f 516 606 607
f 516 607 517
f 517 607 608
f 517 608 518
f 518 608 609
f 518 609 521
f 519 522 610
f 519 610 520
f 520 610 611
f 520 611 523
f 521 609 522
f 522 609 612
f 522 612 710
f 522 710 610
f 523 611 613
f 523 613 525
f 524 525 614
f 524 614 541
f 525 613 615
f 525 615 614
f 526 616 620
f 526 620 528
f 526 527 616
f 527 529 617
f 527 617 618
f 527 618 619
f 527 619 616
f 528 620 622
f 528 622 531
f 529 530 621
f 529 621 617
f 530 536 621
f 531 622 623
f 531 623 532
f 532 623 533
f 533 623 624
f 534 538 625
f 534 625 535
f 535 625 626
f 535 626 537
f 536 627 628
f 536 628 621
f 536 537 627
f 537 626 629
f 537 629 627
f 538 540 630
f 538 630 625
f 539 631 632
f 539 632 540
f 540 632 633
f 540 633 630
f 541 614 634
f 541 634 542
f 542 634 635
f 542 635 631
f 543 624 636
f 543 636 637
f 543 637 544
f 544 637 545
f 545 637 638
f 545 638 639
f 545 639 546
f 546 639 640
f 546 640 547
f 547 640 641
f 547 641 642
f 547 642 548
f 548 642 643
f 548 643 644
f 548 644 645
f 548 645 646
f 548 646 549
f 549 646 550
f 550 646 551
f 551 647 648
f 551 648 552
f 551 646 647
f 552 648 649
f 552 649 650
f 552 650 553
f 553 650 554
f 554 650 555
f 555 650 651
f 555 651 556
f 556 651 557
f 557 651 652
f 557 652 558
f 558 653 654
f 558 654 655
f 558 655 656
f 558 656 657
f 558 657 559
f 558 652 653
f 559 657 561
f 561 657 658
f 561 658 659
f 561 659 563
f 562 564 565
f 563 659 564
f 564 659 660
f 564 660 661
f 564 661 662
f 564 662 565
f 565 662 663
f 565 663 566
f 566 663 664
f 566 664 568
f 567 568 664
f 567 664 665
f 567 665 666
f 567 666 569
f 569 666 667
f 569 667 574
f 570 573 668
f 570 668 571
f 571 669 572
f 571 668 670
f 571 670 669
f 572 669 575
f 573 574 671
f 573 671 668
f 574 667 672
f 574 672 671
f 575 669 673
f 575 673 578
f 576 577 674
f 576 674 588
f 577 579 675
f 577 675 674
f 578 673 676
f 578 676 579
f 579 676 781
f 579 781 675
f 580 677 581
f 580 584 678
f 580 678 677
f 581 677 679
f 581 679 582
f 582 679 682
f 582 682 585
f 583 680 584
f 583 588 681
f 583 681 680
f 584 680 678
f 585 682 683
f 585 683 586
f 586 683 587
f 587 683 684
f 587 684 589
f 588 674 685
f 588 685 681
f 589 684 686
f 589 686 590
f 590 686 591
f 591 687 688
f 591 688 592
f 591 686 687
f 592 688 689
f 592 689 593
f 593 689 690
f 593 690 594
f 594 690 691
f 594 691 692
f 594 692 595
f 595 692 596
f 596 692 693
f 596 693 597
f 597 693 694
f 597 694 598
f 598 695 696
f 598 696 599
f 598 694 695
f 599 696 697
f 599 697 601
f 599 601 600
f 601 697 698
f 601 698 699
f 601 699 603
f 601 603 602
f 603 699 604
f 604 699 700
f 604 700 605
f 605 700 701
f 605 701 702
f 605 702 606
f 606 702 703
f 606 703 607
f 607 703 704
f 607 704 608
f 608 704 705
f 608 705 706
f 608 706 707
f 608 707 609
f 609 707 708
f 609 708 709
f 609 709 612
f 610 710 711
f 610 711 611
f 611 711 613
f 612 709 710
f 613 711 712
f 613 712 615
f 614 615 713
f 614 713 634
f 615 712 714
f 615 714 715
f 615 715 713
f 616 716 620
f 616 619 716
f 617 621 717
f 617 717 618
f 618 717 718
f 618 718 619
f 619 718 719
f 619 719 720
f 619 720 721
f 619 721 722
f 619 722 716
f 620 723 724
f 620 724 622
f 620 716 723
f 621 628 725
f 621 725 717
f 622 724 623
f 623 726 727
f 623 727 624
f 623 724 726
f 624 727 636
f 625 630 728
f 625 728 626
f 626 728 729
f 626 729 629
f 627 730 628
f 627 629 731
f 627 731 730
f 628 730 725
f 629 729 732
f 629 732 731
f 630 633 733
f 630 733 728
f 631 635 734
f 631 734 632
f 632 734 735
f 632 735 633
f 633 735 736
f 633 736 733
f 634 713 737
f 634 737 635
f 635 737 738
f 635 738 734
f 636 727 739
f 636 739 637
f 637 740 741
f 637 741 638
f 637 739 740
f 638 741 742
f 638 742 639
f 639 742 743
f 639 743 640
f 640 743 744
f 640 744 641
f 641 745 746
f 641 746 642
f 641 744 745
f 642 746 643
f 643 746 747
f 643 747 644
f 644 748 645
f 644 747 749
f 644 749 750
f 644 750 751
f 644 751 752
f 644 752 748
f 645 748 646
f 646 748 647
f 647 753 754
f 647 754 648
f 647 748 753
f 648 754 649
f 649 755 756
f 649 756 650
f 649 754 755
f 650 756 757
f 650 757 651
f 651 757 758
f 651 758 759
f 651 759 652
f 652 759 653
f 653 759 760
f 653 760 761
f 653 761 654
f 654 761 762
f 654 762 655
f 655 762 763
f 655 763 876
f 655 876 764
f 655 764 656
f 656 764 765
f 656 765 657
f 657 765 658
f 658 765 659
f 659 765 766
f 659 766 767
f 659 767 660
f 660 767 769
f 660 769 661
f 661 768 663
f 661 663 662
f 661 769 885
f 661 885 768
f 663 768 770
f 663 770 664
f 664 770 771
f 664 771 665
f 665 772 666
f 665 771 773
f 665 773 772
f 666 772 667
f 667 772 774
f 667 774 672
f 668 671 775
f 668 775 670
f 669 670 776
f 669 776 673
f 670 775 776
f 671 672 777
f 671 777 775
f 672 774 778
f 672 778 777
f 673 776 779
f 673 779 676
f 674 675 780
f 674 780 685
f 675 781 782
f 675 782 780
f 676 779 783
f 676 783 781
f 677 678 784
f 677 784 785
f 677 785 679
f 678 680 786
f 678 786 784
f 679 785 787
f 679 787 788
f 679 788 682
f 680 681 789
f 680 789 786
f 681 685 790
f 681 790 789
f 682 788 791
f 682 791 683
f 683 791 792
f 683 792 684
f 684 792 686
f 685 780 793
f 685 793 790
f 686 792 794
f 686 794 795
f 686 795 687
f 687 795 796
f 687 796 688
f 688 796 797
f 688 797 689
f 689 797 798
f 689 798 690
f 690 799 691
f 690 798 799
f 691 800 801
f 691 801 692
f 691 799 800
f 692 801 693
f 693 801 802
f 693 802 694
f 694 802 803
f 694 803 695
f 695 804 805
f 695 805 696
f 695 803 804
f 696 805 806
f 696 806 697
f 697 806 698
f 698 806 807
f 698 807 808
f 698 808 699
f 699 808 700
f 700 808 809
f 700 809 701
f 701 809 810
f 701 810 811
f 701 811 702
f 702 811 812
f 702 812 703
f 703 812 813
f 703 813 704
f 704 813 705
f 705 707 706
f 705 813 814
f 705 814 815
f 705 815 707
f 707 816 708
f 707 815 817
f 707 817 818
f 707 818 816
f 708 816 709
f 709 816 819
f 709 819 820
f 709 820 821
f 709 821 710
f 710 821 822
f 710 822 711
f 711 822 823
f 711 823 824
f 711 824 712
f 712 824 714
f 713 715 825
f 713 825 737
f 714 824 826
f 714 826 827
f 714 827 828
f 714 828 715
f 715 828 825
f 716 722 723
f 717 829 718
f 717 725 829
f 718 829 830
f 718 830 719
f 719 830 720
f 720 831 832
f 720 832 833
f 720 833 721
f 720 830 834
f 720 834 831
f 721 833 835
f 721 835 722
f 722 835 836
f 722 836 723
f 723 836 837
f 723 837 724
f 724 837 726
f 725 730 838
f 725 838 829
f 726 839 840
f 726 840 727
f 726 837 839
f 727 840 739
f 728 733 841
f 728 841 729
f 729 841 842
f 729 842 732
f 730 731 843
f 730 843 844
f 730 844 838
f 731 732 845
f 731 845 846
f 731 846 843
f 732 842 847
f 732 847 845
f 733 736 848
f 733 848 841
f 734 738 849
f 734 849 850
f 734 850 735
f 735 850 851
f 735 851 736
f 736 851 852
f 736 852 848
f 737 853 738
f 737 825 853
f 738 853 849
f 739 840 963
f 739 963 854
f 739 854 740
f 740 855 856
f 740 856 741
f 740 854 855
f 741 856 742
f 742 857 743
f 742 856 857
f 743 857 858
f 743 858 744
f 744 858 859
f 744 859 860
f 744 860 745
f 745 860 861
f 745 861 862
f 745 862 746
f 746 862 747
f 747 862 749
f 748 752 753
f 749 862 863
f 749 863 864
f 749 864 865
f 749 865 750
f 750 865 751
f 751 865 866
f 751 866 867
f 751 867 752
f 752 867 753
f 753 867 868
f 753 868 755
f 753 755 754
f 755 868 869
f 755 869 870
f 755 870 756
f 756 870 871
f 756 871 757
f 757 871 758
f 758 872 760
f 758 760 759
f 758 871 872
f 760 872 873
f 760 873 761
f 761 874 762
f 761 873 874
f 762 875 763
f 762 874 875
f 763 875 877
f 763 877 878
f 763 878 876
f 764 876 879
f 764 879 880
f 764 880 765
f 765 880 881
f 765 881 766
f 766 881 882
f 766 882 767
f 767 882 883
f 767 883 884
f 767 884 769
f 768 885 770
f 769 884 885
f 770 885 886
f 770 886 771
f 771 886 887
f 771 887 773
f 772 773 888
f 772 888 774
f 773 887 889
f 773 889 888
f 774 888 890
f 774 890 778
f 775 777 891
f 775 891 892
f 775 892 776
f 776 892 893
f 776 893 779
f 777 778 894
f 777 894 891
f 778 890 895
f 778 895 896
f 778 896 894
f 779 893 897
f 779 897 783
f 780 898 793
f 780 782 898
f 781 783 899
f 781 899 782
f 782 899 900
f 782 900 898
f 783 897 901
f 783 901 899
f 784 786 902
f 784 902 903
f 784 903 785
f 785 904 905
f 785 905 787
f 785 903 904
f 786 906 902
f 786 789 906
f 787 905 907
f 787 907 788
f 788 907 791
f 789 790 908
f 789 908 906
f 790 793 909
f 790 909 908
f 791 910 911
f 791 911 792
f 791 907 910
f 792 912 794
f 792 911 912
f 793 898 913
f 793 913 909
f 794 912 914
f 794 914 795
f 795 915 796
f 795 914 915
f 796 916 797
f 796 915 916
f 797 917 798
f 797 916 917
f 798 917 918
f 798 918 799
f 799 918 919
f 799 919 800
f 800 920 921
f 800 921 801
f 800 919 920
f 801 921 802
f 802 922 803
f 802 921 922
f 803 922 923
f 803 923 804
f 804 923 924
f 804 924 925
f 804 925 926
f 804 926 805
f 805 926 927
f 805 927 806
f 806 927 807
f 807 927 928
f 807 928 929
f 807 929 808
f 808 929 809
f 809 929 930
f 809 930 931
f 809 931 810
f 810 931 932
f 810 932 811
f 811 932 933
f 811 933 812
f 812 933 934
f 812 934 814
f 812 814 813
f 814 934 935
f 814 935 936
f 814 936 815
f 815 936 817
f 816 818 937
f 816 937 819
f 817 938 818
f 817 936 939
f 817 939 1080
f 817 1080 938
f 818 938 1079
f 818 1079 937
f 819 937 820
f 820 822 821
f 820 937 940
f 820 940 822
f 822 941 823
f 822 940 942
f 822 942 943
f 822 943 944
f 822 944 941
f 823 941 824
f 824 941 826
f 825 828 945
f 825 945 853
f 826 941 946
f 826 946 947
f 826 947 827
f 827 948 828
f 827 947 949
f 827 949 950
f 827 950 948
f 828 948 945
f 829 838 951
f 829 951 830
f 830 951 952
f 830 952 834
f 831 834 953
f 831 953 954
f 831 954 955
f 831 955 956
f 831 956 832
f 832 957 958
f 832 958 833
f 832 956 959
f 832 959 957
f 833 958 835
f 834 952 953
f 835 958 960
f 835 960 961
f 835 961 837
f 835 837 836
f 837 961 962
f 837 962 839
f 838 844 951
f 839 962 840
f 840 962 963
f 841 848 964
f 841 964 842
f 842 964 965
f 842 965 847
f 843 846 844
f 844 966 951
f 844 846 967
f 844 967 966
f 845 847 846
f 846 847 968
f 846 968 969
f 846 969 970
f 846 970 967
f 847 965 971
f 847 971 968
f 848 852 964
f 849 853 972
f 849 972 973
f 849 973 974
f 849 974 850
f 850 974 851
f 851 974 852
f 852 975 964
f 852 974 976
f 852 976 977
f 852 977 975
f 853 945 972
f 854 963 978
f 854 978 979
f 854 979 980
f 854 980 855
f 855 980 981
f 855 981 856
f 856 981 982
f 856 982 857
f 857 982 983
f 857 983 858
f 858 983 859
f 859 984 985
f 859 985 986
f 859 986 860
f 859 983 987
f 859 987 988
f 859 988 984
f 860 986 861
f 861 986 863
f 861 863 862
f 863 986 989
f 863 989 990
f 863 990 991
f 863 991 864
f 864 991 992
f 864 992 993
f 864 993 865
f 865 994 995
f 865 995 866
f 865 993 994
f 866 995 996
f 866 996 997
f 866 997 998
f 866 998 999
f 866 999 867
f 867 999 869
f 867 869 868
f 869 999 998
f 869 998 1000
f 869 1000 870
f 870 1000 1001
f 870 1001 871
f 871 1001 1002
f 871 1002 872
f 872 1002 873
f 873 1002 1003
f 873 1003 874
f 874 1003 1004
f 874 1004 875
f 875 1004 1005
f 875 1005 1006
f 875 1006 877
f 876 878 1007
f 876 1007 1008
f 876 1008 879
f 877 1009 1010
f 877 1010 878
f 877 1006 1009
f 878 1010 1007
f 879 881 880
f 879 1008 1011
f 879 1011 881
f 881 1012 882
f 881 1011 1013
f 881 1013 1014
f 881 1014 1015
f 881 1015 1012
f 882 1012 1016
f 882 1016 883
f 883 1016 884
f 884 1016 1017
f 884 1017 1018
f 884 1018 1019
f 884 1019 885
f 885 1019 1020
f 885 1020 886
f 886 1020 1021
f 886 1021 887
f 887 1021 1022
f 887 1022 889
f 888 889 1023
f 888 1023 890
f 889 1022 1024
f 889 1024 1023
f 890 1023 895
f 891 1025 892
f 891 894 1026
f 891 1026 1025
f 892 1025 893
f 893 1025 1027
f 893 1027 897
f 894 896 1028
f 894 1028 1026
f 895 1029 896
f 895 1023 1030
f 895 1030 1031
f 895 1031 1029
f 896 1029 1028
f 897 1027 1032
f 897 1032 901
f 898 900 1033
f 898 1033 913
f 899 901 1034
f 899 1034 900
f 900 1034 1035
f 900 1035 1033
f 901 1032 1036
f 901 1036 1034
f 902 1037 1038
f 902 1038 1039
f 902 1039 1040
f 902 1040 903
f 902 906 1037
f 903 1040 1041
f 903 1041 904
f 904 1041 1042
f 904 1042 905
f 905 1042 907
f 906 1043 1037
f 906 908 1043
f 907 1042 1044
f 907 1044 910
f 908 909 1045
f 908 1045 1046
f 908 1046 1043
f 909 1047 1045
f 909 913 1048
f 909 1048 1047
f 910 1049 911
f 910 1044 1050
f 910 1050 1049
f 911 1049 912
f 912 1049 1051
f 912 1051 914
f 913 1033 1052
f 913 1052 1048
f 914 1051 1053
f 914 1053 915
f 915 1054 916
f 915 1053 1054
f 916 1054 1055
f 916 1055 1056
f 916 1056 917
f 917 1056 1057
f 917 1057 918
f 918 1057 1058
f 918 1058 919
f 919 1058 1059
f 919 1059 920
f 920 1059 1060
f 920 1060 1061
f 920 1061 921
f 921 1061 922
f 922 1062 1063
f 922 1063 923
f 922 1061 1062
f 923 1063 1064
f 923 1064 924
f 924 1064 1065
f 924 1065 925
f 925 1065 1066
f 925 1066 1067
f 925 1067 1068
f 925 1068 926
f 926 1068 927
f 927 1068 1069
f 927 1069 928
f 928 1069 1070
f 928 1070 929
f 929 1070 930
f 930 1071 931
f 930 1070 1071
f 931 1071 1072
f 931 1072 1073
f 931 1073 932
f 932 1073 1074
f 932 1074 933
f 933 1074 1075
f 933 1075 934
f 934 1075 935
f 935 1075 1076
f 935 1076 1077
f 935 1077 1078
f 935 1078 936
f 936 1078 939
f 937 1079 942
f 937 942 940
f 938 1080 1083
f 938 1083 1079
f 939 1081 1082
f 939 1082 1219
f 939 1219 1080
f 939 1078 1081
f 941 944 946
f 942 1079 1083
f 942 1083 1084
f 942 1084 1085
f 942 1085 943
f 943 1086 944
f 943 1085 1086
f 944 1086 946
f 945 948 1087
f 945 1087 1088
f 945 1088 972
f 946 1086 947
f 947 1086 1089
f 947 1089 1090
f 947 1090 1091
f 947 1091 1092
f 947 1092 1093
f 947 1093 949
f 948 950 1087
f 949 1093 950
f 950 1093 1094
f 950 1094 1087
f 951 966 952
f 952 966 1095
f 952 1095 1096
f 952 1096 953
f 953 1096 954
f 954 1097 955
f 954 1096 1097
f 955 1098 1099
f 955 1099 959
f 955 959 956
f 955 1097 1100
f 955 1100 1101
f 955 1101 1098
f 957 959 1102
f 957 1102 1103
f 957 1103 1104
f 957 1104 958
f 958 1104 1105
f 958 1105 960
f 959 1099 1106
f 959 1106 1102
f 960 1105 1107
f 960 1107 961
f 961 1107 962
f 962 1108 978
f 962 978 963
f 962 1107 1108
f 964 975 1109
f 964 1109 965
f 965 1109 1110
f 965 1110 1111
f 965 1111 1112
f 965 1112 971
f 966 967 970
f 966 970 1113
f 966 1113 1114
f 966 1114 1095
f 968 971 1115
f 968 1115 969
f 969 1116 970
f 969 1115 1116
f 970 1117 1113
f 970 1116 1118
f 970 1118 1117
f 971 1112 1115
f 972 1088 1119
f 972 1119 1120
f 972 1120 973
f 973 1120 1121
f 973 1121 974
f 974 1121 1122
f 974 1122 976
f 975 977 1123
f 975 1123 1124
f 975 1124 1109
f 976 1122 1125
f 976 1125 977
f 977 1125 1123
f 978 1126 979
f 978 1108 1127
f 978 1127 1126
f 979 1126 1128
f 979 1128 980
f 980 1129 1130
f 980 1130 981
f 980 1128 1129
f 981 1131 982
f 981 1130 1131
f 982 1132 983
f 982 1131 1132
f 983 1132 987
f 984 1133 985
f 984 988 1134
f 984 1134 1133
f 985 1135 1136
f 985 1136 1137
f 985 1137 990
f 985 990 1138
f 985 1138 986
f 985 1133 1135
f 986 1138 990
f 986 990 989
f 987 1132 988
f 988 1132 1139
f 988 1139 1140
f 988 1140 1134
f 990 1137 1141
f 990 1141 992
f 990 992 991
f 992 1141 1142
f 992 1142 1143
f 992 1143 1144
f 992 1144 1145
f 992 1145 993
f 993 1145 1146
f 993 1146 994
f 994 1146 995
f 995 1146 1147
f 995 1147 996
f 996 1147 1148
f 996 1148 1149
f 996 1149 997
f 997 1149 1150
f 997 1150 998
f 998 1150 1151
f 998 1151 1152
f 998 1152 1153
f 998 1153 1000
f 1000 1153 1001
f 1001 1153 1002
f 1002 1153 1154
f 1002 1154 1155
f 1002 1155 1003
f 1003 1155 1005
f 1003 1005 1004
f 1005 1155 1156
f 1005 1156 1157
f 1005 1157 1158
f 1005 1158 1159
f 1005 1159 1160
f 1005 1160 1009
f 1005 1009 1006
f 1007 1010 1161
f 1007 1161 1162
f 1007 1162 1163
f 1007 1163 1164
f 1007 1164 1165
f 1007 1165 1008
f 1008 1165 1013
f 1008 1013 1011
f 1009 1160 1159
f 1009 1159 1166
f 1009 1166 1010
f 1010 1166 1167
f 1010 1167 1161
f 1012 1015 1016
f 1013 1165 1168
f 1013 1168 1169
f 1013 1169 1014
f 1014 1170 1172
f 1014 1172 1015
f 1014 1169 1171
f 1014 1171 1170
f 1015 1172 1016
f 1016 1172 1173
f 1016 1173 1017
f 1017 1173 1018
f 1018 1174 1019
f 1018 1173 1175
f 1018 1175 1176
f 1018 1176 1177
f 1018 1177 1174
f 1019 1174 1020
f 1020 1174 1178
f 1020 1178 1021
f 1021 1178 1179
f 1021 1179 1180
f 1021 1180 1022
f 1022 1180 1024
f 1023 1024 1030
f 1024 1180 1181
f 1024 1181 1030
f 1025 1026 1182
f 1025 1182 1183
f 1025 1183 1027
f 1026 1028 1182
f 1027 1183 1184
f 1027 1184 1032
f 1028 1029 1185
f 1028 1185 1182
f 1029 1031 1186
f 1029 1186 1185
f 1030 1181 1187
f 1030 1187 1188
f 1030 1188 1031
f 1031 1188 1189
f 1031 1189 1186
f 1032 1184 1190
f 1032 1190 1036
f 1033 1035 1191
f 1033 1191 1052
f 1034 1036 1192
f 1034 1192 1035
f 1035 1192 1193
f 1035 1193 1191
f 1036 1190 1192
f 1037 1043 1046
f 1037 1046 1045
f 1037 1045 1047
f 1037 1047 1194
f 1037 1194 1338
f 1037 1338 1342
f 1037 1342 1485
f 1037 1485 1634
f 1037 1634 1792
f 1037 1792 1791
f 1037 1791 1953
f 1037 1953 2123
f 1037 2123 2122
f 1037 2122 2295
f 1037 2295 2294
f 1037 2294 2464
f 1037 2464 2463
f 1037 2463 2634
f 1037 2634 2804
f 1037 2804 2803
f 1037 2803 2965
f 1037 2965 2964
f 1037 2964 3118
f 1037 3118 3261
f 1037 3261 3260
f 1037 3260 3401
f 1037 3401 3544
f 1037 3544 3685
f 1037 3685 3692
f 1037 3692 3827
f 1037 3827 3966
f 1037 3966 4113
f 1037 4113 4115
f 1037 4115 4257
f 1037 4257 4404
f 1037 4404 4554
f 1037 4554 4699
f 1037 4699 4857
f 1037 4857 5015
f 1037 5015 5165
f 1037 5165 5308
f 1037 5308 5452
f 1037 5452 5593
f 1037 5593 5735
f 1037 5735 5881
f 1037 5881 6021
f 1037 6021 6163
f 1037 6163 6312
f 1037 6312 6471
f 1037 6471 6641
f 1037 6641 6815
f 1037 6815 6983
f 1037 6983 7157
f 1037 7157 7326
f 1037 7326 7490
f 1037 7490 7489
f 1037 7489 7653
f 1037 7653 7796
f 1037 7796 7804
f 1037 7804 7936
f 1037 7936 7935
f 1037 7935 8066
f 1037 8066 8065
f 1037 8065 8183
f 1037 8183 8299
f 1037 8299 8411
f 1037 8411 8410
f 1037 8410 8513
f 1037 8513 8602
f 1037 8602 8682
f 1037 8682 8760
f 1037 8760 8831
f 1037 8831 8890
f 1037 8890 8893
f 1037 8893 8892
f 1037 8892 8953
f 1037 8953 9001
f 1037 9001 9002
f 1037 9002 8960
f 1037 8960 8904
f 1037 8904 8903
f 1037 8903 8841
f 1037 8841 8840
f 1037 8840 8768
f 1037 8768 8690
f 1037 8690 8611
f 1037 8611 8525
f 1037 8525 8423
f 1037 8423 8311
f 1037 8311 8197
f 1037 8197 8080
f 1037 8080 7950
f 1037 7950 7819
f 1037 7819 7818
f 1037 7818 7673
f 1037 7673 7515
f 1037 7515 7514
f 1037 7514 7513
f 1037 7513 7511
f 1037 7511 7341
f 1037 7341 7175
f 1037 7175 7173
f 1037 7173 6999
f 1037 6999 6996
f 1037 6996 6825
f 1037 6825 6655
f 1037 6655 6652
f 1037 6652 6481
f 1037 6481 6322
f 1037 6322 6172
f 1037 6172 6031
f 1037 6031 5891
f 1037 5891 5745
f 1037 5745 5602
f 1037 5602 5462
f 1037 5462 5315
f 1037 5315 5171
f 1037 5171 5022
f 1037 5022 4865
f 1037 4865 4863
f 1037 4863 4707
f 1037 4707 4561
f 1037 4561 4411
f 1037 4411 4263
f 1037 4263 4120
f 1037 4120 3973
f 1037 3973 3969
f 1037 3969 3829
f 1037 3829 3694
f 1037 3694 3552
f 1037 3552 3412
f 1037 3412 3411
f 1037 3411 3270
f 1037 3270 3128
f 1037 3128 3126
f 1037 3126 2975
f 1037 2975 2814
f 1037 2814 2645
f 1037 2645 2470
f 1037 2470 2297
f 1037 2297 2128
f 1037 2128 2127
f 1037 2127 2125
f 1037 2125 1956
f 1037 1956 1793
f 1037 1793 1639
f 1037 1639 1638
f 1037 1638 1635
f 1037 1635 1488
f 1037 1488 1486
f 1037 1486 1343
f 1037 1343 1197
f 1037 1197 1196
f 1037 1196 1195
f 1037 1195 1055
f 1037 1055 1054
f 1037 1054 1053
f 1037 1053 1051
f 1037 1051 1049
f 1037 1049 1050
f 1037 1050 1044
f 1037 1044 1042
f 1037 1042 1041
f 1037 1041 1040
f 1037 1040 1039
f 1037 1039 1038
f 1047 1048 1052
f 1047 1052 1194
f 1052 1191 1194
f 1055 1195 1057
f 1055 1057 1056
f 1057 1195 1058
f 1058 1195 1196
f 1058 1196 1197
f 1058 1197 1059
f 1059 1198 1060
f 1059 1197 1198
f 1060 1199 1062
f 1060 1062 1061
f 1060 1198 1199
f 1062 1199 1200
f 1062 1200 1201
f 1062 1201 1063
f 1063 1201 1064
f 1064 1202 1065
f 1064 1201 1202
f 1065 1203 1066
f 1065 1202 1203
f 1066 1203 1204
f 1066 1204 1205
f 1066 1205 1067
f 1067 1205 1206
f 1067 1206 1207
f 1067 1207 1069
f 1067 1069 1068
f 1069 1207 1208
f 1069 1208 1209
f 1069 1209 1070
f 1070 1209 1071
f 1071 1209 1210
f 1071 1210 1211
f 1071 1211 1072
f 1072 1211 1212
f 1072 1212 1073
f 1073 1212 1213
f 1073 1213 1074
f 1074 1213 1214
f 1074 1214 1215
f 1074 1215 1075
f 1075 1215 1216
f 1075 1216 1076
f 1076 1216 1077
f 1077 1216 1217
f 1077 1217 1218
f 1077 1218 1081
f 1077 1081 1078
f 1080 1219 1221
f 1080 1221 1083
f 1081 1218 1220
f 1081 1220 1082
f 1082 1220 1366
f 1082 1366 1219
f 1083 1221 1222
f 1083 1222 1084
f 1084 1222 1223
f 1084 1223 1085
f 1085 1223 1090
f 1085 1090 1089
f 1085 1089 1086
f 1087 1119 1088
f 1087 1094 1224
f 1087 1224 1119
f 1090 1223 1225
f 1090 1225 1226
f 1090 1226 1091
f 1091 1226 1227
f 1091 1227 1228
f 1091 1228 1092
f 1092 1228 1093
f 1093 1228 1094
f 1094 1228 1229
f 1094 1229 1230
f 1094 1230 1224
f 1095 1114 1096
f 1096 1114 1231
f 1096 1231 1097
f 1097 1231 1232
f 1097 1232 1233
f 1097 1233 1100
f 1098 1101 1234
f 1098 1234 1235
f 1098 1235 1236
f 1098 1236 1106
f 1098 1106 1099
f 1100 1233 1101
f 1101 1233 1237
f 1101 1237 1238
f 1101 1238 1234
f 1102 1106 1239
f 1102 1239 1103
f 1103 1239 1240
f 1103 1240 1241
f 1103 1241 1242
f 1103 1242 1104
f 1104 1242 1243
f 1104 1243 1105
f 1105 1243 1107
f 1106 1236 1239
f 1107 1243 1108
f 1108 1243 1127
f 1109 1124 1110
f 1110 1124 1123
f 1110 1123 1244
f 1110 1244 1245
f 1110 1245 1246
f 1110 1246 1247
f 1110 1247 1112
f 1110 1112 1111
f 1112 1248 1249
f 1112 1249 1116
f 1112 1116 1115
f 1112 1247 1246
f 1112 1246 1250
f 1112 1250 1248
f 1113 1117 1114
f 1114 1251 1231
f 1114 1117 1252
f 1114 1252 1251
f 1116 1253 1254
f 1116 1254 1118
f 1116 1249 1248
f 1116 1248 1253
f 1117 1118 1255
f 1117 1255 1252
f 1118 1254 1255
f 1119 1256 1120
f 1119 1224 1257
f 1119 1257 1258
f 1119 1258 1256
f 1120 1256 1121
f 1121 1256 1259
f 1121 1259 1260
f 1121 1260 1261
f 1121 1261 1122
f 1122 1261 1125
f 1123 1262 1244
f 1123 1125 1261
f 1123 1261 1263
f 1123 1263 1264
f 1123 1264 1265
f 1123 1265 1262
f 1126 1266 1128
f 1126 1127 1266
f 1127 1267 1266
f 1127 1243 1242
f 1127 1242 1267
f 1128 1266 1268
f 1128 1268 1269
f 1128 1269 1129
f 1129 1269 1130
f 1130 1269 1270
f 1130 1270 1271
f 1130 1271 1131
f 1131 1271 1272
f 1131 1272 1139
f 1131 1139 1132
f 1133 1273 1135
f 1133 1134 1273
f 1134 1140 1274
f 1134 1274 1275
f 1134 1275 1273
f 1135 1276 1277
f 1135 1277 1278
f 1135 1278 1136
f 1135 1273 1279
f 1135 1279 1276
f 1136 1278 1280
f 1136 1280 1137
f 1137 1280 1141
f 1139 1272 1140
f 1140 1281 1274
f 1140 1272 1282
f 1140 1282 1281
f 1141 1280 1142
f 1142 1280 1283
f 1142 1283 1284
f 1142 1284 1285
f 1142 1285 1286
f 1142 1286 1143
f 1143 1286 1144
f 1144 1287 1288
f 1144 1288 1289
f 1144 1289 1145
f 1144 1286 1287
f 1145 1289 1146
f 1146 1289 1290
f 1146 1290 1148
f 1146 1148 1147
f 1148 1291 1292
f 1148 1292 1293
f 1148 1293 1150
f 1148 1150 1149
f 1148 1290 1291
f 1150 1293 1294
f 1150 1294 1295
f 1150 1295 1296
f 1150 1296 1297
f 1150 1297 1151
f 1151 1298 1152
f 1151 1297 1298
f 1152 1298 1153
f 1153 1298 1299
f 1153 1299 1154
f 1154 1299 1155
f 1155 1299 1156
f 1156 1299 1300
f 1156 1300 1301
f 1156 1301 1157
f 1157 1301 1302
f 1157 1302 1303
f 1157 1303 1304
f 1157 1304 1305
f 1157 1305 1158
f 1158 1305 1306
f 1158 1306 1307
f 1158 1307 1159
f 1159 1307 1308
f 1159 1308 1166
f 1161 1167 1162
f 1162 1167 1309
f 1162 1309 1310
f 1162 1310 1163
f 1163 1310 1311
f 1163 1311 1312
f 1163 1312 1168
f 1163 1168 1164
f 1164 1168 1165
f 1166 1308 1167
f 1167 1308 1313
f 1167 1313 1309
f 1168 1312 1169
f 1169 1312 1314
f 1169 1314 1171
f 1170 1175 1172
f 1170 1171 1175
f 1171 1315 1175
f 1171 1314 1316
f 1171 1316 1461
f 1171 1461 1315
f 1172 1175 1173
f 1174 1177 1317
f 1174 1317 1178
f 1175 1315 1318
f 1175 1318 1176
f 1176 1318 1319
f 1176 1319 1177
f 1177 1319 1317
f 1178 1317 1320
f 1178 1320 1179
f 1179 1320 1321
f 1179 1321 1322
f 1179 1322 1323
f 1179 1323 1180
f 1180 1323 1324
f 1180 1324 1181
f 1181 1324 1187
f 1182 1185 1325
f 1182 1325 1326
f 1182 1326 1183
f 1183 1326 1184
f 1184 1326 1190
f 1185 1186 1327
f 1185 1327 1328
f 1185 1328 1325
f 1186 1189 1327
f 1187 1329 1188
f 1187 1324 1330
f 1187 1330 1331
f 1187 1331 1332
f 1187 1332 1333
f 1187 1333 1329
f 1188 1329 1189
f 1189 1329 1334
f 1189 1334 1327
f 1190 1335 1192
f 1190 1326 1336
f 1190 1336 1337
f 1190 1337 1335
f 1191 1193 1338
f 1191 1338 1194
f 1192 1335 1339
f 1192 1339 1340
f 1192 1340 1341
f 1192 1341 1193
f 1193 1341 1342
f 1193 1342 1338
f 1197 1343 1198
f 1198 1343 1199
f 1199 1343 1200
f 1200 1343 1344
f 1200 1344 1201
f 1201 1344 1345
f 1201 1345 1346
f 1201 1346 1202
f 1202 1346 1203
f 1203 1346 1347
f 1203 1347 1204
f 1204 1347 1348
f 1204 1348 1349
f 1204 1349 1350
f 1204 1350 1206
f 1204 1206 1205
f 1206 1350 1349
f 1206 1349 1351
f 1206 1351 1352
f 1206 1352 1353
f 1206 1353 1208
f 1206 1208 1207
f 1208 1353 1354
f 1208 1354 1210
f 1208 1210 1209
f 1210 1354 1211
f 1211 1355 1356
f 1211 1356 1357
f 1211 1357 1358
f 1211 1358 1212
f 1211 1354 1355
f 1212 1358 1359
f 1212 1359 1213
f 1213 1359 1214
f 1214 1359 1360
f 1214 1360 1361
f 1214 1361 1362
f 1214 1362 1216
f 1214 1216 1215
f 1216 1362 1217
f 1217 1362 1363
f 1217 1363 1364
f 1217 1364 1218
f 1218 1364 1365
f 1218 1365 1220
f 1219 1366 1221
f 1220 1365 1367
f 1220 1367 1366
f 1221 1366 1368
f 1221 1368 1369
f 1221 1369 1222
f 1222 1369 1223
f 1223 1369 1225
f 1224 1230 1257
f 1225 1369 1370
f 1225 1370 1371
f 1225 1371 1226
f 1226 1371 1372
f 1226 1372 1227
f 1227 1372 1228
f 1228 1372 1373
f 1228 1373 1374
f 1228 1374 1375
f 1228 1375 1229
f 1229 1375 1230
f 1230 1375 1376
f 1230 1376 1257
f 1231 1251 1232
f 1232 1377 1233
f 1232 1251 1377
f 1233 1377 1378
f 1233 1378 1379
f 1233 1379 1237
f 1234 1238 1380
f 1234 1380 1235
f 1235 1381 1382
f 1235 1382 1236
f 1235 1380 1381
f 1236 1382 1383
f 1236 1383 1239
f 1237 1379 1238
f 1238 1384 1385
f 1238 1385 1380
f 1238 1379 1384
f 1239 1383 1386
f 1239 1386 1240
f 1240 1386 1387
f 1240 1387 1388
f 1240 1388 1241
f 1241 1388 1267
f 1241 1267 1242
f 1244 1262 1245
f 1245 1262 1265
f 1245 1265 1389
f 1245 1389 1390
f 1245 1390 1391
f 1245 1391 1392
f 1245 1392 1393
f 1245 1393 1246
f 1246 1393 1394
f 1246 1394 1250
f 1248 1395 1253
f 1248 1250 1394
f 1248 1394 1396
f 1248 1396 1395
f 1251 1252 1397
f 1251 1397 1377
f 1252 1398 1397
f 1252 1255 1399
f 1252 1399 1400
f 1252 1400 1398
f 1253 1395 1254
f 1254 1395 1401
f 1254 1401 1402
f 1254 1402 1399
f 1254 1399 1255
f 1256 1258 1259
f 1257 1376 1403
f 1257 1403 1404
f 1257 1404 1405
f 1257 1405 1258
f 1258 1405 1259
f 1259 1405 1406
f 1259 1406 1407
f 1259 1407 1260
f 1260 1407 1261
f 1261 1407 1408
f 1261 1408 1263
f 1263 1408 1264
f 1264 1408 1409
f 1264 1409 1410
f 1264 1410 1265
f 1265 1410 1411
f 1265 1411 1412
f 1265 1412 1390
f 1265 1390 1389
f 1266 1413 1414
f 1266 1414 1268
f 1266 1267 1388
f 1266 1388 1413
f 1268 1414 1415
f 1268 1415 1269
f 1269 1415 1270
f 1270 1415 1561
f 1270 1561 1416
f 1270 1416 1272
f 1270 1272 1271
f 1272 1416 1282
f 1273 1275 1279
f 1274 1281 1275
f 1275 1417 1279
f 1275 1281 1418
f 1275 1418 1417
f 1276 1279 1419
f 1276 1419 1420
f 1276 1420 1421
f 1276 1421 1422
f 1276 1422 1277
f 1277 1422 1278
f 1278 1422 1423
f 1278 1423 1283
f 1278 1283 1280
f 1279 1417 1419
f 1281 1282 1424
f 1281 1424 1425
f 1281 1425 1426
f 1281 1426 1418
f 1282 1416 1424
f 1283 1423 1284
f 1284 1423 1427
f 1284 1427 1428
f 1284 1428 1429
f 1284 1429 1285
f 1285 1429 1286
f 1286 1429 1430
f 1286 1430 1431
f 1286 1431 1287
f 1287 1431 1288
f 1288 1431 1432
f 1288 1432 1433
f 1288 1433 1434
f 1288 1434 1292
f 1288 1292 1291
f 1288 1291 1289
f 1289 1291 1290
f 1292 1435 1293
f 1292 1434 1433
f 1292 1433 1436
f 1292 1436 1437
f 1292 1437 1294
f 1292 1294 1435
f 1293 1435 1294
f 1294 1437 1438
f 1294 1438 1439
f 1294 1439 1440
f 1294 1440 1295
f 1295 1440 1441
f 1295 1441 1442
f 1295 1442 1296
f 1296 1442 1297
f 1297 1442 1443
f 1297 1443 1300
f 1297 1300 1299
f 1297 1299 1298
f 1300 1443 1301
f 1301 1443 1302
f 1302 1444 1303
f 1302 1443 1444
f 1303 1444 1445
f 1303 1445 1304
f 1304 1445 1446
f 1304 1446 1447
f 1304 1447 1448
f 1304 1448 1449
f 1304 1449 1306
f 1304 1306 1305
f 1306 1450 1307
f 1306 1449 1451
f 1306 1451 1450
f 1307 1450 1308
f 1308 1450 1452
f 1308 1452 1313
f 1309 1313 1453
f 1309 1453 1454
f 1309 1454 1310
f 1310 1454 1311
f 1311 1455 1312
f 1311 1454 1456
f 1311 1456 1604
f 1311 1604 1455
f 1312 1455 1314
f 1313 1452 1457
f 1313 1457 1458
f 1313 1458 1459
f 1313 1459 1453
f 1314 1455 1460
f 1314 1460 1316
f 1315 1461 1462
f 1315 1462 1318
f 1316 1460 1609
f 1316 1609 1461
f 1317 1319 1320
f 1318 1462 1463
f 1318 1463 1464
f 1318 1464 1319
f 1319 1464 1320
f 1320 1322 1321
f 1320 1464 1465
f 1320 1465 1466
f 1320 1466 1322
f 1322 1466 1467
f 1322 1467 1468
f 1322 1468 1469
f 1322 1469 1323
f 1323 1469 1324
f 1324 1469 1330
f 1325 1328 1470
f 1325 1470 1326
f 1326 1470 1471
f 1326 1471 1472
f 1326 1472 1336
f 1327 1334 1473
f 1327 1473 1474
f 1327 1474 1475
f 1327 1475 1328
f 1328 1475 1470
f 1329 1333 1476
f 1329 1476 1334
f 1330 1469 1477
f 1330 1477 1331
f 1331 1477 1478
f 1331 1478 1479
f 1331 1479 1333
f 1331 1333 1332
f 1333 1479 1480
f 1333 1480 1481
f 1333 1481 1482
f 1333 1482 1476
f 1334 1476 1473
f 1335 1337 1339
f 1336 1472 1337
f 1337 1472 1483
f 1337 1483 1339
f 1339 1483 1484
f 1339 1484 1340
f 1340 1484 1341
f 1341 1484 1485
f 1341 1485 1342
f 1343 1486 1344
f 1344 1487 1345
f 1344 1486 1488
f 1344 1488 1487
f 1345 1487 1346
f 1346 1487 1489
f 1346 1489 1347
f 1347 1489 1490
f 1347 1490 1491
f 1347 1491 1492
f 1347 1492 1348
f 1348 1492 1349
f 1349 1493 1494
f 1349 1494 1351
f 1349 1492 1493
f 1351 1494 1352
f 1352 1495 1496
f 1352 1496 1497
f 1352 1497 1498
f 1352 1498 1353
f 1352 1494 1495
f 1353 1498 1354
f 1354 1498 1499
f 1354 1499 1355
f 1355 1499 1356
f 1356 1499 1500
f 1356 1500 1501
f 1356 1501 1357
f 1357 1359 1358
f 1357 1501 1502
f 1357 1502 1360
f 1357 1360 1359
f 1360 1502 1361
f 1361 1502 1503
f 1361 1503 1504
f 1361 1504 1505
f 1361 1505 1363
f 1361 1363 1362
f 1363 1505 1506
f 1363 1506 1364
f 1364 1506 1507
f 1364 1507 1365
f 1365 1507 1510
f 1365 1510 1367
f 1366 1367 1508
f 1366 1508 1509
f 1366 1509 1368
f 1367 1510 1511
f 1367 1511 1508
f 1368 1509 1512
f 1368 1512 1369
f 1369 1512 1370
f 1370 1512 1513
f 1370 1513 1514
f 1370 1514 1371
f 1371 1514 1515
f 1371 1515 1372
f 1372 1515 1516
f 1372 1516 1373
f 1373 1517 1374
f 1373 1516 1518
f 1373 1518 1519
f 1373 1519 1517
f 1374 1517 1375
f 1375 1517 1520
f 1375 1520 1376
f 1376 1520 1403
f 1377 1397 1521
f 1377 1521 1378
f 1378 1522 1379
f 1378 1521 1522
f 1379 1523 1384
f 1379 1522 1524
f 1379 1524 1523
f 1380 1385 1525
f 1380 1525 1381
f 1381 1525 1675
f 1381 1675 1526
f 1381 1526 1382
f 1382 1526 1527
f 1382 1527 1383
f 1383 1527 1386
f 1384 1528 1529
f 1384 1529 1530
f 1384 1530 1531
f 1384 1531 1385
f 1384 1523 1528
f 1385 1531 1525
f 1386 1527 1532
f 1386 1532 1533
f 1386 1533 1387
f 1387 1533 1534
f 1387 1534 1535
f 1387 1535 1413
f 1387 1413 1388
f 1390 1536 1391
f 1390 1412 1411
f 1390 1411 1537
f 1390 1537 1538
f 1390 1538 1536
f 1391 1536 1392
f 1392 1536 1539
f 1392 1539 1540
f 1392 1540 1541
f 1392 1541 1394
f 1392 1394 1393
f 1394 1541 1542
f 1394 1542 1396
f 1395 1396 1543
f 1395 1543 1544
f 1395 1544 1401
f 1396 1542 1543
f 1397 1398 1521
f 1398 1545 1546
f 1398 1546 1521
f 1398 1400 1547
f 1398 1547 1548
f 1398 1548 1545
f 1399 1402 1400
f 1400 1402 1547
f 1401 1544 1402
f 1402 1544 1549
f 1402 1549 1547
f 1403 1550 1404
f 1403 1520 1551
f 1403 1551 1552
f 1403 1552 1550
f 1404 1550 1405
f 1405 1550 1553
f 1405 1553 1406
f 1406 1553 1554
f 1406 1554 1407
f 1407 1409 1408
f 1407 1554 1555
f 1407 1555 1409
f 1409 1555 1556
f 1409 1556 1557
f 1409 1557 1410
f 1410 1557 1411
f 1411 1557 1558
f 1411 1558 1559
f 1411 1559 1537
f 1413 1535 1560
f 1413 1560 1414
f 1414 1560 1415
f 1415 1560 1561
f 1416 1561 1562
f 1416 1562 1424
f 1417 1563 1564
f 1417 1564 1420
f 1417 1420 1419
f 1417 1418 1426
f 1417 1426 1565
f 1417 1565 1563
f 1420 1564 1566
f 1420 1566 1421
f 1421 1566 1567
f 1421 1567 1422
f 1422 1567 1568
f 1422 1568 1427
f 1422 1427 1423
f 1424 1562 1570
f 1424 1570 1425
f 1425 1569 1426
f 1425 1570 1569
f 1426 1569 1571
f 1426 1571 1565
f 1427 1572 1573
f 1427 1573 1428
f 1427 1568 1572
f 1428 1573 1574
f 1428 1574 1429
f 1429 1574 1575
f 1429 1575 1576
f 1429 1576 1431
f 1429 1431 1430
f 1431 1577 1578
f 1431 1578 1579
f 1431 1579 1580
f 1431 1580 1432
f 1431 1576 1577
f 1432 1580 1433
f 1433 1581 1582
f 1433 1582 1583
f 1433 1583 1436
f 1433 1580 1581
f 1436 1583 1437
f 1437 1583 1584
f 1437 1584 1585
f 1437 1585 1586
f 1437 1586 1439
f 1437 1439 1438
f 1439 1586 1585
f 1439 1585 1587
f 1439 1587 1588
f 1439 1588 1589
f 1439 1589 1590
f 1439 1590 1591
f 1439 1591 1440
f 1440 1591 1441
f 1441 1443 1442
f 1441 1591 1590
f 1441 1590 1443
f 1443 1590 1444
f 1444 1590 1592
f 1444 1592 1445
f 1445 1592 1446
f 1446 1592 1593
f 1446 1593 1594
f 1446 1594 1595
f 1446 1595 1447
f 1447 1595 1448
f 1448 1595 1596
f 1448 1596 1597
f 1448 1597 1598
f 1448 1598 1599
f 1448 1599 1449
f 1449 1599 1451
f 1450 1451 1452
f 1451 1599 1600
f 1451 1600 1452
f 1452 1600 1601
f 1452 1601 1457
f 1453 1459 1602
f 1453 1602 1454
f 1454 1602 1603
f 1454 1603 1456
f 1455 1604 1460
f 1456 1603 1760
f 1456 1760 1604
f 1457 1601 1458
f 1458 1605 1459
f 1458 1601 1606
f 1458 1606 1607
f 1458 1607 1608
f 1458 1608 1605
f 1459 1605 1602
f 1460 1604 1610
f 1460 1610 1767
f 1460 1767 1609
f 1461 1609 1611
f 1461 1611 1462
f 1462 1611 1463
f 1463 1465 1464
f 1463 1611 1612
f 1463 1612 1613
f 1463 1613 1465
f 1465 1613 1467
f 1465 1467 1466
f 1467 1613 1614
f 1467 1614 1615
f 1467 1615 1468
f 1468 1615 1469
f 1469 1615 1477
f 1470 1475 1616
f 1470 1616 1617
f 1470 1617 1471
f 1471 1617 1472
f 1472 1617 1618
f 1472 1618 1483
f 1473 1476 1482
f 1473 1482 1619
f 1473 1619 1620
f 1473 1620 1474
f 1474 1620 1475
f 1475 1620 1621
f 1475 1621 1616
f 1477 1615 1478
f 1478 1615 1622
f 1478 1622 1623
f 1478 1623 1624
f 1478 1624 1479
f 1479 1624 1480
f 1480 1624 1625
f 1480 1625 1626
f 1480 1626 1627
f 1480 1627 1628
f 1480 1628 1481
f 1481 1628 1482
f 1482 1628 1629
f 1482 1629 1619
f 1483 1630 1484
f 1483 1618 1631
f 1483 1631 1632
f 1483 1632 1633
f 1483 1633 1630
f 1484 1630 1633
f 1484 1633 1634
f 1484 1634 1485
f 1487 1490 1489
f 1487 1488 1635
f 1487 1635 1490
f 1490 1636 1637
f 1490 1637 1492
f 1490 1492 1491
f 1490 1635 1638
f 1490 1638 1639
f 1490 1639 1636
f 1492 1637 1636
f 1492 1636 1640
f 1492 1640 1641
f 1492 1641 1493
f 1493 1641 1494
f 1494 1641 1642
f 1494 1642 1643
f 1494 1643 1495
f 1495 1643 1496
f 1496 1644 1497
f 1496 1643 1645
f 1496 1645 1646
f 1496 1646 1647
f 1496 1647 1644
f 1497 1644 1499
f 1497 1499 1498
f 1499 1644 1648
f 1499 1648 1500
f 1500 1648 1649
f 1500 1649 1501
f 1501 1649 1650
f 1501 1650 1502
f 1502 1650 1651
f 1502 1651 1503
f 1503 1651 1504
f 1504 1651 1652
f 1504 1652 1653
f 1504 1653 1654
f 1504 1654 1505
f 1505 1654 1506
f 1506 1654 1655
f 1506 1655 1507
f 1507 1655 1656
f 1507 1656 1658
f 1507 1658 1510
f 1508 1511 1657
f 1508 1657 1509
f 1509 1657 1513
f 1509 1513 1512
f 1510 1658 1659
f 1510 1659 1511
f 1511 1659 1817
f 1511 1817 1657
f 1513 1657 1817
f 1513 1817 1660
f 1513 1660 1661
f 1513 1661 1514
f 1514 1661 1662
f 1514 1662 1515
f 1515 1662 1663
f 1515 1663 1516
f 1516 1663 1518
f 1517 1551 1520
f 1517 1519 1664
f 1517 1664 1551
f 1518 1663 1665
f 1518 1665 1666
f 1518 1666 1667
f 1518 1667 1519
f 1519 1667 1668
f 1519 1668 1669
f 1519 1669 1664
f 1521 1546 1522
f 1522 1546 1670
f 1522 1670 1524
f 1523 1524 1671
f 1523 1671 1672
f 1523 1672 1673
f 1523 1673 1528
f 1524 1670 1671
f 1525 1674 1675
f 1525 1531 1674
f 1526 1675 1676
f 1526 1676 1527
f 1527 1676 1677
f 1527 1677 1678
f 1527 1678 1532
f 1528 1673 1529
f 1529 1673 1679
f 1529 1679 1680
f 1529 1680 1681
f 1529 1681 1682
f 1529 1682 1530
f 1530 1682 1683
f 1530 1683 1531
f 1531 1683 1674
f 1532 1678 1684
f 1532 1684 1685
f 1532 1685 1686
f 1532 1686 1687
f 1532 1687 1534
f 1532 1534 1533
f 1534 1687 1688
f 1534 1688 1689
f 1534 1689 1560
f 1534 1560 1535
f 1536 1538 1690
f 1536 1690 1539
f 1537 1559 1691
f 1537 1691 1538
f 1538 1691 1692
f 1538 1692 1690
f 1539 1693 1540
f 1539 1690 1694
f 1539 1694 1693
f 1540 1695 1542
f 1540 1542 1541
f 1540 1693 1695
f 1542 1695 1696
f 1542 1696 1697
f 1542 1697 1544
f 1542 1544 1543
f 1544 1698 1549
f 1544 1697 1696
f 1544 1696 1699
f 1544 1699 1698
f 1545 1548 1700
f 1545 1700 1701
f 1545 1701 1702
f 1545 1702 1703
f 1545 1703 1670
f 1545 1670 1546
f 1547 1549 1704
f 1547 1704 1700
f 1547 1700 1548
f 1549 1698 1704
f 1550 1552 1705
f 1550 1705 1706
f 1550 1706 1707
f 1550 1707 1554
f 1550 1554 1553
f 1551 1664 1708
f 1551 1708 1552
f 1552 1708 1705
f 1554 1707 1709
f 1554 1709 1710
f 1554 1710 1556
f 1554 1556 1555
f 1556 1710 1711
f 1556 1711 1712
f 1556 1712 1558
f 1556 1558 1557
f 1558 1712 1713
f 1558 1713 1559
f 1559 1713 1714
f 1559 1714 1691
f 1560 1689 1715
f 1560 1715 1561
f 1561 1715 1562
f 1562 1715 1716
f 1562 1716 1570
f 1563 1717 1718
f 1563 1718 1719
f 1563 1719 1564
f 1563 1565 1720
f 1563 1720 1717
f 1564 1719 1566
f 1565 1571 1721
f 1565 1721 1722
f 1565 1722 1723
f 1565 1723 1720
f 1566 1719 1724
f 1566 1724 1567
f 1567 1725 1726
f 1567 1726 1572
f 1567 1572 1568
f 1567 1724 1725
f 1569 1570 1727
f 1569 1727 1728
f 1569 1728 1571
f 1570 1716 1727
f 1571 1728 1721
f 1572 1726 1729
f 1572 1729 1730
f 1572 1730 1731
f 1572 1731 1732
f 1572 1732 1573
f 1573 1732 1574
f 1574 1732 1731
f 1574 1731 1733
f 1574 1733 1734
f 1574 1734 1575
f 1575 1734 1577
f 1575 1577 1576
f 1577 1735 1578
f 1577 1734 1735
f 1578 1735 1579
f 1579 1581 1580
f 1579 1735 1736
f 1579 1736 1737
f 1579 1737 1581
f 1581 1737 1582
f 1582 1737 1738
f 1582 1738 1739
f 1582 1739 1584
f 1582 1584 1583
f 1584 1739 1585
f 1585 1740 1741
f 1585 1741 1587
f 1585 1739 1740
f 1587 1741 1588
f 1588 1742 1743
f 1588 1743 1744
f 1588 1744 1745
f 1588 1745 1593
f 1588 1593 1746
f 1588 1746 1589
f 1588 1741 1742
f 1589 1746 1590
f 1590 1746 1593
f 1590 1593 1592
f 1593 1745 1744
f 1593 1744 1747
f 1593 1747 1748
f 1593 1748 1594
f 1594 1748 1749
f 1594 1749 1595
f 1595 1749 1596
f 1596 1749 1750
f 1596 1750 1597
f 1597 1750 1751
f 1597 1751 1752
f 1597 1752 1753
f 1597 1753 1754
f 1597 1754 1598
f 1598 1754 1755
f 1598 1755 1599
f 1599 1755 1600
f 1600 1755 1601
f 1601 1755 1756
f 1601 1756 1757
f 1601 1757 1606
f 1602 1605 1758
f 1602 1758 1603
f 1603 1758 1759
f 1603 1759 1760
f 1604 1760 1610
f 1605 1608 1766
f 1605 1766 1758
f 1606 1757 1607
f 1607 1761 1762
f 1607 1762 1763
f 1607 1763 1764
f 1607 1764 1608
f 1607 1757 1761
f 1608 1764 1765
f 1608 1765 1766
f 1609 1767 1768
f 1609 1768 1611
f 1610 1760 1769
f 1610 1769 1770
f 1610 1770 1767
f 1611 1768 1771
f 1611 1771 1612
f 1612 1771 1772
f 1612 1772 1613
f 1613 1772 1773
f 1613 1773 1614
f 1614 1773 1774
f 1614 1774 1615
f 1615 1774 1622
f 1616 1621 1775
f 1616 1775 1617
f 1617 1775 1776
f 1617 1776 1631
f 1617 1631 1618
f 1619 1629 1777
f 1619 1777 1620
f 1620 1778 1621
f 1620 1777 1779
f 1620 1779 1778
f 1621 1778 1775
f 1622 1774 1623
f 1623 1625 1624
f 1623 1774 1780
f 1623 1780 1781
f 1623 1781 1782
f 1623 1782 1625
f 1625 1782 1626
f 1626 1782 1783
f 1626 1783 1784
f 1626 1784 1785
f 1626 1785 1627
f 1627 1785 1628
f 1628 1785 1786
f 1628 1786 1787
f 1628 1787 1629
f 1629 1787 1777
f 1631 1788 1632
f 1631 1776 1789
f 1631 1789 1790
f 1631 1790 1788
f 1632 1788 1633
f 1633 1788 1791
f 1633 1791 1792
f 1633 1792 1634
f 1636 1639 1793
f 1636 1793 1794
f 1636 1794 1640
f 1640 1794 1641
f 1641 1795 1796
f 1641 1796 1797
f 1641 1797 1642
f 1641 1794 1795
f 1642 1797 1643
f 1643 1797 1796
f 1643 1796 1798
f 1643 1798 1799
f 1643 1799 1645
f 1644 1647 1648
f 1645 1799 1646
f 1646 1800 1801
f 1646 1801 1802
f 1646 1802 1803
f 1646 1803 1647
f 1646 1799 1800
f 1647 1803 1648
f 1648 1803 1804
f 1648 1804 1805
f 1648 1805 1649
f 1649 1805 1806
f 1649 1806 1807
f 1649 1807 1650
f 1650 1807 1651
f 1651 1808 1809
f 1651 1809 1652
f 1651 1807 1808
f 1652 1809 1653
f 1653 1809 1810
f 1653 1810 1811
f 1653 1811 1812
f 1653 1812 1813
f 1653 1813 1654
f 1654 1813 1814
f 1654 1814 1655
f 1655 1814 1815
f 1655 1815 1656
f 1656 1815 1816
f 1656 1816 1658
f 1658 1816 1818
f 1658 1818 1659
f 1659 1818 1981
f 1659 1981 1817
f 1660 1817 1981
f 1660 1981 1819
f 1660 1819 1661
f 1661 1819 1820
f 1661 1820 1662
f 1662 1820 1821
f 1662 1821 1663
f 1663 1821 1665
f 1664 1669 1708
f 1665 1821 1822
f 1665 1822 1666
f 1666 1822 1823
f 1666 1823 1824
f 1666 1824 1825
f 1666 1825 1826
f 1666 1826 1667
f 1667 1826 1668
f 1668 1827 1669
f 1668 1826 1828
f 1668 1828 1827
f 1669 1827 1829
f 1669 1829 1708
f 1670 1703 1671
f 1671 1703 1830
f 1671 1830 1672
f 1672 1831 1673
f 1672 1830 1831
f 1673 1831 1832
f 1673 1832 1833
f 1673 1833 1679
f 1674 1683 1834
f 1674 1834 1835
f 1674 1835 1675
f 1675 1835 1676
f 1676 1836 1837
f 1676 1837 1678
f 1676 1678 1677
f 1676 1835 1836
f 1678 1837 1836
f 1678 1836 1838
f 1678 1838 1839
f 1678 1839 1684
f 1679 1833 1680
f 1680 1833 1840
f 1680 1840 1841
f 1680 1841 1842
f 1680 1842 1843
f 1680 1843 1681
f 1681 1843 1844
f 1681 1844 1682
f 1682 1844 1845
f 1682 1845 1683
f 1683 1845 1834
f 1684 1839 1846
f 1684 1846 1685
f 1685 1846 1847
f 1685 1847 1686
f 1686 1847 1687
f 1687 1847 1688
f 1688 1848 1849
f 1688 1849 1716
f 1688 1716 1715
f 1688 1715 1689
f 1688 1847 1848
f 1690 1692 1850
f 1690 1850 1694
f 1691 1714 1692
f 1692 1851 1850
f 1692 1714 1852
f 1692 1852 1853
f 1692 1853 1854
f 1692 1854 1851
f 1693 1855 1695
f 1693 1694 1855
f 1694 1850 1851
f 1694 1851 1856
f 1694 1856 1857
f 1694 1857 1858
f 1694 1858 1855
f 1695 1855 1696
f 1696 1855 1859
f 1696 1859 1860
f 1696 1860 1699
f 1698 1861 1862
f 1698 1862 1704
f 1698 1699 1860
f 1698 1860 1861
f 1700 1863 1701
f 1700 1704 1862
f 1700 1862 1864
f 1700 1864 1863
f 1701 1863 1702
f 1702 1865 1866
f 1702 1866 1830
f 1702 1830 1703
f 1702 1863 1867
f 1702 1867 1865
f 1705 1868 1706
f 1705 1708 1829
f 1705 1829 1869
f 1705 1869 1870
f 1705 1870 1868
f 1706 1868 1709
f 1706 1709 1707
f 1709 1711 1710
f 1709 1868 1871
f 1709 1871 1711
f 1711 1871 1872
f 1711 1872 1873
f 1711 1873 1874
f 1711 1874 1875
f 1711 1875 1713
f 1711 1713 1712
f 1713 1875 1876
f 1713 1876 1714
f 1714 1876 1877
f 1714 1877 1878
f 1714 1878 1853
f 1714 1853 1852
f 1716 1849 1727
f 1717 1879 1880
f 1717 1880 1718
f 1717 1720 1723
f 1717 1723 1881
f 1717 1881 1879
f 1718 1880 1882
f 1718 1882 1719
f 1719 1882 1724
f 1721 1728 1883
f 1721 1883 1884
f 1721 1884 1722
f 1722 1885 1723
f 1722 1884 1885
f 1723 1886 1881
f 1723 1885 1887
f 1723 1887 1886
f 1724 1882 1725
f 1725 1888 1729
f 1725 1729 1726
f 1725 1882 1889
f 1725 1889 1890
f 1725 1890 1888
f 1727 1849 1891
f 1727 1891 1728
f 1728 1891 1883
f 1729 1888 1892
f 1729 1892 1893
f 1729 1893 1730
f 1730 1893 1731
f 1731 1893 1894
f 1731 1894 1895
f 1731 1895 1896
f 1731 1896 1897
f 1731 1897 1733
f 1733 1897 1898
f 1733 1898 1734
f 1734 1898 1899
f 1734 1899 1735
f 1735 1900 1901
f 1735 1901 1902
f 1735 1902 1736
f 1735 1899 1900
f 1736 1902 1737
f 1737 1902 1903
f 1737 1903 1738
f 1738 1904 1739
f 1738 1903 1904
f 1739 1904 1905
f 1739 1905 1906
f 1739 1906 1740
f 1740 1906 1741
f 1741 1906 1742
f 1742 1906 1907
f 1742 1907 1908
f 1742 1908 1743
f 1743 1908 1744
f 1744 1908 1909
f 1744 1909 1910
f 1744 1910 1748
f 1744 1748 1747
f 1748 1910 1911
f 1748 1911 1912
f 1748 1912 1913
f 1748 1913 1914
f 1748 1914 1749
f 1749 1914 1750
f 1750 1915 1751
f 1750 1914 1915
f 1751 1915 1752
f 1752 1916 1753
f 1752 1915 1917
f 1752 1917 1918
f 1752 1918 1919
f 1752 1919 1920
f 1752 1920 1916
f 1753 1916 1921
f 1753 1921 1754
f 1754 1756 1755
f 1754 1921 1756
f 1756 1921 1757
f 1757 1921 1922
f 1757 1922 1761
f 1758 1766 1923
f 1758 1923 1759
f 1759 1923 1924
f 1759 1924 1925
f 1759 1925 1760
f 1760 1925 1934
f 1760 1934 1769
f 1761 1922 1926
f 1761 1926 1762
f 1762 1926 1927
f 1762 1927 1928
f 1762 1928 1929
f 1762 1929 1763
f 1763 1929 1764
f 1764 1929 1930
f 1764 1930 1765
f 1765 1930 1931
f 1765 1931 1932
f 1765 1932 1923
f 1765 1923 1766
f 1767 1770 1933
f 1767 1933 1768
f 1768 1933 1771
f 1769 1934 1770
f 1770 1934 1935
f 1770 1935 1936
f 1770 1936 1933
f 1771 1933 1937
f 1771 1937 1938
f 1771 1938 1772
f 1772 1938 1773
f 1773 1938 1939
f 1773 1939 1940
f 1773 1940 1774
f 1774 1940 1780
f 1775 1778 1941
f 1775 1941 1789
f 1775 1789 1776
f 1777 1787 1942
f 1777 1942 1943
f 1777 1943 1944
f 1777 1944 1779
f 1778 1779 1945
f 1778 1945 1941
f 1779 1944 1945
f 1780 1940 1781
f 1781 1940 1946
f 1781 1946 1947
f 1781 1947 1783
f 1781 1783 1782
f 1783 1947 1948
f 1783 1948 1784
f 1784 1948 1949
f 1784 1949 1785
f 1785 1950 1786
f 1785 1949 1951
f 1785 1951 1950
f 1786 1942 1787
f 1786 1950 1942
f 1788 1790 1952
f 1788 1952 1953
f 1788 1953 1791
f 1789 1941 1954
f 1789 1954 1955
f 1789 1955 1952
f 1789 1952 1790
f 1793 1956 1957
f 1793 1957 1794
f 1794 1957 1795
f 1795 1957 1796
f 1796 1958 1959
f 1796 1959 1960
f 1796 1960 1961
f 1796 1961 1798
f 1796 1957 1962
f 1796 1962 1958
f 1798 1961 1799
f 1799 1961 1963
f 1799 1963 1800
f 1800 1963 1964
f 1800 1964 1801
f 1801 1965 1802
f 1801 1964 1966
f 1801 1966 1967
f 1801 1967 1968
f 1801 1968 1965
f 1802 1965 1804
f 1802 1804 1803
f 1804 1965 1969
f 1804 1969 1970
f 1804 1970 1806
f 1804 1806 1805
f 1806 1808 1807
f 1806 1970 1971
f 1806 1971 1808
f 1808 1971 1809
f 1809 1971 1972
f 1809 1972 1810
f 1810 1972 1973
f 1810 1973 1811
f 1811 1973 1974
f 1811 1974 1975
f 1811 1975 1976
f 1811 1976 1812
f 1812 1976 1813
f 1813 1976 1977
f 1813 1977 1978
f 1813 1978 1814
f 1814 1978 1815
f 1815 1978 1979
f 1815 1979 1980
f 1815 1980 1816
f 1816 1980 1818
f 1818 1980 1982
f 1818 1982 2151
f 1818 2151 1981
f 1819 1981 2151
f 1819 2151 1983
f 1819 1983 1984
f 1819 1984 1820
f 1820 1984 1985
f 1820 1985 1821
f 1821 1985 1822
f 1822 1985 1986
f 1822 1986 1823
f 1823 1986 1824
f 1824 1986 1987
f 1824 1987 1988
f 1824 1988 1989
f 1824 1989 1825
f 1825 1990 1826
f 1825 1989 1990
f 1826 1990 1828
f 1827 1869 1829
f 1827 1828 1991
f 1827 1991 1869
f 1828 1990 1991
f 1830 1866 1831
f 1831 1866 1992
f 1831 1992 1832
f 1832 1993 1833
f 1832 1992 1993
f 1833 1993 1994
f 1833 1994 1840
f 1834 1995 1836
f 1834 1836 1835
f 1834 1845 1995
f 1836 1995 1996
f 1836 1996 1838
f 1838 1997 2169
f 1838 2169 1998
f 1838 1998 1846
f 1838 1846 1839
f 1838 1996 1997
f 1840 1999 1841
f 1840 1994 1999
f 1841 1999 2000
f 1841 2000 2001
f 1841 2001 2002
f 1841 2002 1842
f 1842 2002 1843
f 1843 2002 2003
f 1843 2003 2004
f 1843 2004 1844
f 1844 2004 2178
f 1844 2178 2005
f 1844 2005 1995
f 1844 1995 1845
f 1846 1998 1847
f 1847 1998 2006
f 1847 2006 2007
f 1847 2007 1848
f 1848 2007 2006
f 1848 2006 2008
f 1848 2008 1891
f 1848 1891 1849
f 1851 2009 1857
f 1851 1857 1856
f 1851 1854 1853
f 1851 1853 2010
f 1851 2010 2011
f 1851 2011 2012
f 1851 2012 2009
f 1853 2011 2010
f 1853 1878 1877
f 1853 1877 2013
f 1853 2013 2014
f 1853 2014 2011
f 1855 1858 2015
f 1855 2015 2016
f 1855 2016 1859
f 1857 2017 2018
f 1857 2018 2016
f 1857 2016 2015
f 1857 2015 1858
f 1857 2009 2019
f 1857 2019 2017
f 1859 2020 1860
f 1859 2016 2020
f 1860 2020 1861
f 1861 2021 2022
f 1861 2022 1864
f 1861 1864 1862
f 1861 2020 2023
f 1861 2023 2024
f 1861 2024 2025
f 1861 2025 2021
f 1863 1864 2022
f 1863 2022 2021
f 1863 2021 2026
f 1863 2026 1867
f 1865 2027 2028
f 1865 2028 1992
f 1865 1992 1866
f 1865 1867 2029
f 1865 2029 2030
f 1865 2030 2027
f 1867 2026 2029
f 1868 1870 2031
f 1868 2031 1871
f 1869 1991 2032
f 1869 2032 2033
f 1869 2033 2034
f 1869 2034 1870
f 1870 2034 2031
f 1871 2031 1872
f 1872 2035 1874
f 1872 1874 1873
f 1872 2031 2034
f 1872 2034 2036
f 1872 2036 2037
f 1872 2037 2038
f 1872 2038 2039
f 1872 2039 2035
f 1874 1877 1876
f 1874 1876 1875
f 1874 2035 2040
f 1874 2040 1877
f 1877 2040 2041
f 1877 2041 2042
f 1877 2042 2014
f 1877 2014 2013
f 1879 1881 2043
f 1879 2043 2044
f 1879 2044 2045
f 1879 2045 1880
f 1880 2045 1889
f 1880 1889 1882
f 1881 1886 2043
f 1883 1891 2008
f 1883 2008 2046
f 1883 2046 1884
f 1884 2046 2047
f 1884 2047 1885
f 1885 2047 2048
f 1885 2048 2049
f 1885 2049 1887
f 1886 2050 2043
f 1886 1887 2049
f 1886 2049 2051
f 1886 2051 2052
f 1886 2052 2050
f 1888 1890 2053
f 1888 2053 1892
f 1889 2045 1890
f 1890 2045 2054
f 1890 2054 2055
f 1890 2055 2056
f 1890 2056 2053
f 1892 2057 1894
f 1892 1894 1893
f 1892 2053 2058
f 1892 2058 2057
f 1894 2057 2059
f 1894 2059 2060
f 1894 2060 2061
f 1894 2061 1895
f 1895 2061 1896
f 1896 2062 2063
f 1896 2063 2064
f 1896 2064 2065
f 1896 2065 1897
f 1896 2061 2062
f 1897 2065 1898
f 1898 2065 1900
f 1898 1900 1899
f 1900 2065 2064
f 1900 2064 2066
f 1900 2066 2067
f 1900 2067 2068
f 1900 2068 1902
f 1900 1902 1901
f 1902 2068 2067
f 1902 2067 2069
f 1902 2069 2070
f 1902 2070 2071
f 1902 2071 1904
f 1902 1904 1903
f 1904 2071 2070
f 1904 2070 2072
f 1904 2072 2073
f 1904 2073 1906
f 1904 1906 1905
f 1906 2072 2074
f 1906 2074 2075
f 1906 2075 1907
f 1906 2073 2072
f 1907 2075 1908
f 1908 2075 2076
f 1908 2076 1909
f 1909 2077 1911
f 1909 1911 1910
f 1909 2076 2077
f 1911 2078 2079
f 1911 2079 1913
f 1911 1913 1912
f 1911 2077 2078
f 1913 2079 2080
f 1913 2080 2081
f 1913 2081 2082
f 1913 2082 2083
f 1913 2083 1915
f 1913 1915 1914
f 1915 2083 2084
f 1915 2084 1917
f 1916 1922 1921
f 1916 1920 2085
f 1916 2085 1922
f 1917 2084 1918
f 1918 2084 2086
f 1918 2086 1919
f 1919 2087 2088
f 1919 2088 1920
f 1919 2086 2087
f 1920 2089 2085
f 1920 2088 2090
f 1920 2090 2091
f 1920 2091 2089
f 1922 2085 1926
f 1923 1932 1924
f 1924 2092 1934
f 1924 1934 1925
f 1924 1932 2093
f 1924 2093 2261
f 1924 2261 2092
f 1926 2085 2089
f 1926 2089 1927
f 1927 2094 2095
f 1927 2095 2096
f 1927 2096 1928
f 1927 2089 2094
f 1928 2096 1929
f 1929 2096 2097
f 1929 2097 2098
f 1929 2098 2099
f 1929 2099 1930
f 1930 2099 2100
f 1930 2100 1931
f 1931 2100 2101
f 1931 2101 1932
f 1932 2101 2093
f 1933 1936 2102
f 1933 2102 1937
f 1934 2092 2103
f 1934 2103 1935
f 1935 2103 1936
f 1936 2103 2104
f 1936 2104 2273
f 1936 2273 2102
f 1937 2102 2105
f 1937 2105 1938
f 1938 2105 2106
f 1938 2106 1939
f 1939 2106 1940
f 1940 2106 2107
f 1940 2107 2108
f 1940 2108 1946
f 1941 1945 1954
f 1942 2109 1943
f 1942 1950 2110
f 1942 2110 2111
f 1942 2111 2109
f 1943 2109 1944
f 1944 2112 1954
f 1944 1954 1945
f 1944 2109 2113
f 1944 2113 2114
f 1944 2114 2112
f 1946 2108 2115
f 1946 2115 1947
f 1947 2115 2116
f 1947 2116 1948
f 1948 2116 2117
f 1948 2117 1949
f 1949 2117 2118
f 1949 2118 2119
f 1949 2119 1951
f 1950 1951 2110
f 1951 2119 2110
f 1952 1955 1954
f 1952 1954 2120
f 1952 2120 2121
f 1952 2121 2122
f 1952 2122 2123
f 1952 2123 1953
f 1954 2121 2120
f 1954 2112 2114
f 1954 2114 2124
f 1954 2124 2121
f 1956 2125 1962
f 1956 1962 1957
f 1958 2126 1960
f 1958 1960 1959
f 1958 1962 2125
f 1958 2125 2127
f 1958 2127 2128
f 1958 2128 2126
f 1960 2126 2129
f 1960 2129 2130
f 1960 2130 2131
f 1960 2131 1963
f 1960 1963 1961
f 1963 2131 1964
f 1964 2132 1966
f 1964 2131 2132
f 1965 1968 1969
f 1966 2132 1967
f 1967 2132 2133
f 1967 2133 2134
f 1967 2134 2135
f 1967 2135 2136
f 1967 2136 2137
f 1967 2137 2138
f 1967 2138 1968
f 1968 2138 1969
f 1969 2138 2139
f 1969 2139 1970
f 1970 2139 2140
f 1970 2140 2141
f 1970 2141 1972
f 1970 1972 1971
f 1972 2141 2142
f 1972 2142 1973
f 1973 2142 1974
f 1974 2142 2143
f 1974 2143 2144
f 1974 2144 1975
f 1975 2144 2145
f 1975 2145 1976
f 1976 2145 2146
f 1976 2146 2147
f 1976 2147 1977
f 1977 2147 1978
f 1978 2147 2148
f 1978 2148 1979
f 1979 2148 2149
f 1979 2149 1980
f 1980 2149 2150
f 1980 2150 1982
f 1982 2150 2320
f 1982 2320 2151
f 1983 2151 2320
f 1983 2320 2152
f 1983 2152 1984
f 1984 2152 2153
f 1984 2153 1985
f 1985 2153 2154
f 1985 2154 1986
f 1986 2155 2156
f 1986 2156 2157
f 1986 2157 1987
f 1986 2154 2155
f 1987 2157 2158
f 1987 2158 1988
f 1988 2158 2159
f 1988 2159 2160
f 1988 2160 1989
f 1989 2160 2161
f 1989 2161 1990
f 1990 2161 1991
f 1991 2161 2162
f 1991 2162 2163
f 1991 2163 2032
f 1992 2028 2164
f 1992 2164 1993
f 1993 2164 1994
f 1994 2164 2165
f 1994 2165 2166
f 1994 2166 1999
f 1995 2005 1996
f 1996 2167 2168
f 1996 2168 1997
f 1996 2005 2167
f 1997 2168 2337
f 1997 2337 2169
f 1998 2169 2179
f 1998 2179 2006
f 1999 2166 2000
f 2000 2170 2171
f 2000 2171 2172
f 2000 2172 2001
f 2000 2166 2170
f 2001 2172 2173
f 2001 2173 2174
f 2001 2174 2175
f 2001 2175 2002
f 2002 2175 2176
f 2002 2176 2003
f 2003 2176 2004
f 2004 2176 2177
f 2004 2177 2178
f 2005 2178 2335
f 2005 2335 2167
f 2006 2179 2180
f 2006 2180 2046
f 2006 2046 2008
f 2009 2181 2017
f 2009 2017 2019
f 2009 2012 2011
f 2009 2011 2182
f 2009 2182 2183
f 2009 2183 2181
f 2011 2184 2183
f 2011 2183 2182
f 2011 2014 2185
f 2011 2185 2186
f 2011 2186 2184
f 2014 2186 2185
f 2014 2042 2041
f 2014 2041 2187
f 2014 2187 2188
f 2014 2188 2189
f 2014 2189 2186
f 2016 2190 2191
f 2016 2191 2020
f 2016 2018 2017
f 2016 2017 2192
f 2016 2192 2190
f 2017 2193 2194
f 2017 2194 2190
f 2017 2190 2192
f 2017 2181 2195
f 2017 2195 2193
f 2020 2191 2024
f 2020 2024 2023
f 2021 2196 2197
f 2021 2197 2026
f 2021 2025 2198
f 2021 2198 2199
f 2021 2199 2196
f 2024 2191 2190
f 2024 2190 2200
f 2024 2200 2198
f 2024 2198 2025
f 2026 2197 2201
f 2026 2201 2029
f 2027 2030 2202
f 2027 2202 2203
f 2027 2203 2204
f 2027 2204 2164
f 2027 2164 2028
f 2029 2201 2030
f 2030 2201 2202
f 2032 2163 2205
f 2032 2205 2206
f 2032 2206 2033
f 2033 2207 2034
f 2033 2206 2207
f 2034 2207 2037
f 2034 2037 2036
f 2035 2039 2040
f 2037 2207 2208
f 2037 2208 2209
f 2037 2209 2210
f 2037 2210 2211
f 2037 2211 2212
f 2037 2212 2038
f 2038 2212 2039
f 2039 2212 2211
f 2039 2211 2213
f 2039 2213 2041
f 2039 2041 2040
f 2041 2213 2214
f 2041 2214 2187
f 2043 2050 2215
f 2043 2215 2044
f 2044 2215 2216
f 2044 2216 2045
f 2045 2216 2054
f 2046 2180 2047
f 2047 2180 2217
f 2047 2217 2048
f 2048 2217 2218
f 2048 2218 2049
f 2049 2218 2219
f 2049 2219 2051
f 2050 2052 2220
f 2050 2220 2215
f 2051 2219 2052
f 2052 2221 2222
f 2052 2222 2220
f 2052 2219 2221
f 2053 2056 2058
f 2054 2216 2055
f 2055 2223 2224
f 2055 2224 2056
f 2055 2216 2225
f 2055 2225 2223
f 2056 2224 2058
f 2057 2058 2059
f 2058 2224 2226
f 2058 2226 2227
f 2058 2227 2059
f 2059 2227 2228
f 2059 2228 2229
f 2059 2229 2062
f 2059 2062 2060
f 2060 2062 2061
f 2062 2230 2231
f 2062 2231 2232
f 2062 2232 2063
f 2062 2229 2230
f 2063 2232 2233
f 2063 2233 2064
f 2064 2233 2234
f 2064 2234 2235
f 2064 2235 2067
f 2064 2067 2066
f 2067 2235 2234
f 2067 2234 2236
f 2067 2236 2237
f 2067 2237 2238
f 2067 2238 2070
f 2067 2070 2069
f 2070 2238 2237
f 2070 2237 2239
f 2070 2239 2240
f 2070 2240 2241
f 2070 2241 2072
f 2072 2241 2240
f 2072 2240 2242
f 2072 2242 2243
f 2072 2243 2075
f 2072 2075 2074
f 2075 2243 2242
f 2075 2242 2244
f 2075 2244 2245
f 2075 2245 2246
f 2075 2246 2077
f 2075 2077 2076
f 2077 2246 2247
f 2077 2247 2078
f 2078 2248 2080
f 2078 2080 2079
f 2078 2247 2248
f 2080 2249 2250
f 2080 2250 2251
f 2080 2251 2252
f 2080 2252 2081
f 2080 2248 2249
f 2081 2252 2082
f 2082 2252 2253
f 2082 2253 2254
f 2082 2254 2084
f 2082 2084 2083
f 2084 2254 2255
f 2084 2255 2086
f 2086 2255 2087
f 2087 2255 2256
f 2087 2256 2257
f 2087 2257 2088
f 2088 2257 2090
f 2089 2091 2258
f 2089 2258 2094
f 2090 2257 2259
f 2090 2259 2260
f 2090 2260 2258
f 2090 2258 2091
f 2092 2261 2262
f 2092 2262 2103
f 2093 2101 2263
f 2093 2263 2261
f 2094 2258 2095
f 2095 2258 2264
f 2095 2264 2265
f 2095 2265 2266
f 2095 2266 2267
f 2095 2267 2096
f 2096 2267 2097
f 2097 2267 2268
f 2097 2268 2269
f 2097 2269 2098
f 2098 2269 2099
f 2099 2269 2270
f 2099 2270 2100
f 2100 2271 2101
f 2100 2270 2272
f 2100 2272 2271
f 2101 2271 2263
f 2102 2273 2105
f 2103 2262 2104
f 2104 2262 2274
f 2104 2274 2275
f 2104 2275 2273
f 2105 2273 2276
f 2105 2276 2106
f 2106 2276 2107
f 2107 2276 2277
f 2107 2277 2108
f 2108 2277 2278
f 2108 2278 2279
f 2108 2279 2280
f 2108 2280 2115
f 2109 2111 2281
f 2109 2281 2282
f 2109 2282 2283
f 2109 2283 2284
f 2109 2284 2114
f 2109 2114 2113
f 2110 2119 2285
f 2110 2285 2286
f 2110 2286 2281
f 2110 2281 2111
f 2114 2284 2283
f 2114 2283 2287
f 2114 2287 2288
f 2114 2288 2289
f 2114 2289 2121
f 2114 2121 2124
f 2115 2280 2290
f 2115 2290 2116
f 2116 2290 2291
f 2116 2291 2117
f 2117 2291 2292
f 2117 2292 2118
f 2118 2285 2119
f 2118 2292 2293
f 2118 2293 2285
f 2121 2294 2295
f 2121 2295 2122
f 2121 2289 2294
f 2126 2128 2296
f 2126 2296 2129
f 2128 2297 2296
f 2129 2296 2130
f 2130 2296 2298
f 2130 2298 2299
f 2130 2299 2300
f 2130 2300 2301
f 2130 2301 2134
f 2130 2134 2132
f 2130 2132 2131
f 2132 2134 2133
f 2134 2301 2302
f 2134 2302 2303
f 2134 2303 2304
f 2134 2304 2136
f 2134 2136 2135
f 2136 2304 2305
f 2136 2305 2306
f 2136 2306 2307
f 2136 2307 2137
f 2137 2307 2138
f 2138 2307 2308
f 2138 2308 2139
f 2139 2308 2140
f 2140 2308 2309
f 2140 2309 2310
f 2140 2310 2142
f 2140 2142 2141
f 2142 2310 2311
f 2142 2311 2143
f 2143 2311 2312
f 2143 2312 2144
f 2144 2312 2313
f 2144 2313 2145
f 2145 2314 2147
f 2145 2147 2146
f 2145 2313 2315
f 2145 2315 2492
f 2145 2492 2316
f 2145 2316 2314
f 2147 2314 2317
f 2147 2317 2148
f 2148 2317 2149
f 2149 2317 2318
f 2149 2318 2319
f 2149 2319 2150
f 2150 2319 2495
f 2150 2495 2320
f 2152 2320 2495
f 2152 2495 2321
f 2152 2321 2322
f 2152 2322 2153
f 2153 2322 2155
f 2153 2155 2154
f 2155 2322 2323
f 2155 2323 2156
f 2156 2323 2324
f 2156 2324 2157
f 2157 2324 2325
f 2157 2325 2326
f 2157 2326 2158
f 2158 2326 2327
f 2158 2327 2159
f 2159 2327 2328
f 2159 2328 2160
f 2160 2162 2161
f 2160 2328 2329
f 2160 2329 2162
f 2162 2330 2163
f 2162 2329 2331
f 2162 2331 2332
f 2162 2332 2330
f 2163 2330 2205
f 2164 2333 2165
f 2164 2204 2333
f 2165 2333 2166
f 2166 2333 2334
f 2166 2334 2170
f 2167 2335 2336
f 2167 2336 2168
f 2168 2336 2513
f 2168 2513 2337
f 2169 2337 2338
f 2169 2338 2179
f 2170 2339 2171
f 2170 2334 2339
f 2171 2339 2340
f 2171 2340 2341
f 2171 2341 2173
f 2171 2173 2172
f 2173 2341 2342
f 2173 2342 2343
f 2173 2343 2174
f 2174 2343 2344
f 2174 2344 2175
f 2175 2344 2345
f 2175 2345 2176
f 2176 2345 2346
f 2176 2346 2177
f 2177 2346 2347
f 2177 2347 2178
f 2178 2347 2335
f 2179 2338 2180
f 2180 2338 2217
f 2181 2348 2193
f 2181 2193 2195
f 2181 2183 2349
f 2181 2349 2350
f 2181 2350 2351
f 2181 2351 2348
f 2183 2184 2186
f 2183 2186 2352
f 2183 2352 2353
f 2183 2353 2350
f 2183 2350 2349
f 2186 2189 2188
f 2186 2188 2354
f 2186 2354 2355
f 2186 2355 2356
f 2186 2356 2352
f 2187 2214 2188
f 2188 2355 2354
f 2188 2214 2357
f 2188 2357 2358
f 2188 2358 2355
f 2190 2194 2359
f 2190 2359 2200
f 2193 2360 2361
f 2193 2361 2362
f 2193 2362 2359
f 2193 2359 2194
f 2193 2348 2363
f 2193 2363 2360
f 2196 2364 2201
f 2196 2201 2197
f 2196 2199 2365
f 2196 2365 2366
f 2196 2366 2367
f 2196 2367 2364
f 2198 2200 2365
f 2198 2365 2199
f 2200 2362 2365
f 2200 2359 2362
f 2201 2368 2202
f 2201 2364 2368
f 2202 2368 2203
f 2203 2369 2370
f 2203 2370 2204
f 2203 2368 2371
f 2203 2371 2369
f 2204 2370 2333
f 2205 2372 2206
f 2205 2330 2373
f 2205 2373 2372
f 2206 2372 2208
f 2206 2208 2207
f 2208 2372 2209
f 2209 2374 2211
f 2209 2211 2210
f 2209 2372 2375
f 2209 2375 2376
f 2209 2376 2374
f 2211 2377 2214
f 2211 2214 2213
f 2211 2374 2378
f 2211 2378 2379
f 2211 2379 2377
f 2214 2377 2357
f 2215 2380 2216
f 2215 2220 2380
f 2216 2381 2225
f 2216 2380 2381
f 2217 2382 2218
f 2217 2338 2382
f 2218 2383 2219
f 2218 2382 2384
f 2218 2384 2385
f 2218 2385 2383
f 2219 2383 2385
f 2219 2385 2386
f 2219 2386 2221
f 2220 2222 2387
f 2220 2387 2380
f 2221 2388 2222
f 2221 2386 2389
f 2221 2389 2388
f 2222 2388 2390
f 2222 2390 2387
f 2223 2225 2391
f 2223 2391 2392
f 2223 2392 2393
f 2223 2393 2226
f 2223 2226 2224
f 2225 2381 2391
f 2226 2393 2394
f 2226 2394 2395
f 2226 2395 2396
f 2226 2396 2227
f 2227 2396 2228
f 2228 2397 2230
f 2228 2230 2229
f 2228 2396 2398
f 2228 2398 2397
f 2230 2399 2400
f 2230 2400 2401
f 2230 2401 2402
f 2230 2402 2231
f 2230 2397 2403
f 2230 2403 2399
f 2231 2402 2232
f 2232 2402 2404
f 2232 2404 2233
f 2233 2404 2234
f 2234 2405 2406
f 2234 2406 2407
f 2234 2407 2237
f 2234 2237 2236
f 2234 2404 2405
f 2237 2407 2406
f 2237 2406 2408
f 2237 2408 2409
f 2237 2409 2240
f 2237 2240 2239
f 2240 2409 2410
f 2240 2410 2411
f 2240 2411 2412
f 2240 2412 2242
f 2242 2412 2411
f 2242 2411 2413
f 2242 2413 2414
f 2242 2414 2415
f 2242 2415 2245
f 2242 2245 2244
f 2245 2415 2416
f 2245 2416 2417
f 2245 2417 2249
f 2245 2249 2247
f 2245 2247 2246
f 2247 2249 2248
f 2249 2417 2418
f 2249 2418 2419
f 2249 2419 2420
f 2249 2420 2251
f 2249 2251 2250
f 2251 2420 2421
f 2251 2421 2422
f 2251 2422 2253
f 2251 2253 2252
f 2253 2422 2423
f 2253 2423 2424
f 2253 2424 2254
f 2254 2424 2255
f 2255 2424 2423
f 2255 2423 2425
f 2255 2425 2256
f 2256 2426 2427
f 2256 2427 2257
f 2256 2425 2426
f 2257 2427 2259
f 2258 2260 2264
f 2259 2428 2429
f 2259 2429 2430
f 2259 2430 2260
f 2259 2427 2428
f 2260 2430 2431
f 2260 2431 2264
f 2261 2263 2262
f 2262 2263 2432
f 2262 2432 2433
f 2262 2433 2274
f 2263 2271 2434
f 2263 2434 2435
f 2263 2435 2432
f 2264 2431 2265
f 2265 2431 2436
f 2265 2436 2437
f 2265 2437 2438
f 2265 2438 2266
f 2266 2438 2267
f 2267 2438 2439
f 2267 2439 2268
f 2268 2440 2269
f 2268 2439 2441
f 2268 2441 2440
f 2269 2440 2272
f 2269 2272 2270
f 2271 2442 2443
f 2271 2443 2434
f 2271 2272 2442
f 2272 2444 2442
f 2272 2440 2441
f 2272 2441 2445
f 2272 2445 2446
f 2272 2446 2444
f 2273 2275 2447
f 2273 2447 2276
f 2274 2433 2275
f 2275 2433 2448
f 2275 2448 2447
f 2276 2447 2277
f 2277 2447 2449
f 2277 2449 2450
f 2277 2450 2278
f 2278 2450 2279
f 2279 2450 2451
f 2279 2451 2452
f 2279 2452 2453
f 2279 2453 2280
f 2280 2453 2290
f 2281 2454 2455
f 2281 2455 2283
f 2281 2283 2282
f 2281 2286 2456
f 2281 2456 2457
f 2281 2457 2454
f 2283 2455 2454
f 2283 2454 2458
f 2283 2458 2459
f 2283 2459 2460
f 2283 2460 2288
f 2283 2288 2287
f 2285 2456 2286
f 2285 2293 2461
f 2285 2461 2462
f 2285 2462 2456
f 2288 2460 2463
f 2288 2463 2464
f 2288 2464 2289
f 2289 2464 2294
f 2290 2453 2465
f 2290 2465 2466
f 2290 2466 2291
f 2291 2466 2467
f 2291 2467 2468
f 2291 2468 2292
f 2292 2468 2469
f 2292 2469 2293
f 2293 2469 2461
f 2296 2299 2298
f 2296 2297 2299
f 2297 2470 2299
f 2299 2471 2472
f 2299 2472 2473
f 2299 2473 2301
f 2299 2301 2300
f 2299 2470 2471
f 2301 2473 2474
f 2301 2474 2302
f 2302 2474 2303
f 2303 2474 2475
f 2303 2475 2476
f 2303 2476 2477
f 2303 2477 2478
f 2303 2478 2305
f 2303 2305 2304
f 2305 2478 2479
f 2305 2479 2480
f 2305 2480 2306
f 2306 2480 2481
f 2306 2481 2307
f 2307 2481 2482
f 2307 2482 2309
f 2307 2309 2308
f 2309 2482 2483
f 2309 2483 2310
f 2310 2483 2311
f 2311 2483 2484
f 2311 2484 2485
f 2311 2485 2312
f 2312 2485 2486
f 2312 2486 2313
f 2313 2486 2487
f 2313 2487 2315
f 2314 2316 2488
f 2314 2488 2489
f 2314 2489 2318
f 2314 2318 2317
f 2315 2487 2490
f 2315 2490 2491
f 2315 2491 2492
f 2316 2492 2488
f 2318 2489 2493
f 2318 2493 2494
f 2318 2494 2319
f 2319 2494 2496
f 2319 2496 2495
f 2321 2495 2496
f 2321 2496 2497
f 2321 2497 2498
f 2321 2498 2322
f 2322 2498 2323
f 2323 2498 2324
f 2324 2498 2499
f 2324 2499 2325
f 2325 2499 2500
f 2325 2500 2501
f 2325 2501 2326
f 2326 2501 2502
f 2326 2502 2503
f 2326 2503 2327
f 2327 2503 2504
f 2327 2504 2505
f 2327 2505 2328
f 2328 2505 2506
f 2328 2506 2331
f 2328 2331 2329
f 2330 2332 2507
f 2330 2507 2373
f 2331 2508 2332
f 2331 2506 2509
f 2331 2509 2508
f 2332 2508 2507
f 2333 2370 2510
f 2333 2510 2334
f 2334 2510 2511
f 2334 2511 2339
f 2335 2347 2512
f 2335 2512 2336
f 2336 2512 2687
f 2336 2687 2513
f 2337 2513 2514
f 2337 2514 2338
f 2338 2514 2382
f 2339 2511 2515
f 2339 2515 2340
f 2340 2516 2517
f 2340 2517 2518
f 2340 2518 2341
f 2340 2515 2516
f 2341 2518 2519
f 2341 2519 2342
f 2342 2519 2520
f 2342 2520 2521
f 2342 2521 2343
f 2343 2521 2522
f 2343 2522 2344
f 2344 2522 2698
f 2344 2698 2523
f 2344 2523 2524
f 2344 2524 2345
f 2345 2524 2346
f 2346 2524 2525
f 2346 2525 2347
f 2347 2525 2686
f 2347 2686 2512
f 2348 2526 2360
f 2348 2360 2363
f 2348 2351 2350
f 2348 2350 2527
f 2348 2527 2528
f 2348 2528 2526
f 2350 2353 2352
f 2350 2352 2529
f 2350 2529 2530
f 2350 2530 2531
f 2350 2531 2527
f 2352 2356 2355
f 2352 2355 2532
f 2352 2532 2533
f 2352 2533 2534
f 2352 2534 2530
f 2352 2530 2529
f 2355 2358 2535
f 2355 2535 2536
f 2355 2536 2532
f 2357 2377 2537
f 2357 2537 2538
f 2357 2538 2358
f 2358 2538 2535
f 2360 2526 2539
f 2360 2539 2540
f 2360 2540 2541
f 2360 2541 2361
f 2361 2541 2362
f 2362 2542 2365
f 2362 2541 2542
f 2364 2367 2543
f 2364 2543 2368
f 2365 2542 2544
f 2365 2544 2366
f 2366 2544 2367
f 2367 2544 2545
f 2367 2545 2546
f 2367 2546 2543
f 2368 2547 2371
f 2368 2543 2548
f 2368 2548 2547
f 2369 2371 2547
f 2369 2547 2549
f 2369 2549 2550
f 2369 2550 2510
f 2369 2510 2370
f 2372 2373 2551
f 2372 2551 2375
f 2373 2507 2551
f 2374 2376 2378
f 2375 2551 2552
f 2375 2552 2376
f 2376 2552 2553
f 2376 2553 2554
f 2376 2554 2378
f 2377 2379 2537
f 2378 2555 2556
f 2378 2556 2537
f 2378 2537 2379
f 2378 2554 2557
f 2378 2557 2555
f 2380 2387 2381
f 2381 2558 2391
f 2381 2387 2559
f 2381 2559 2558
f 2382 2514 2560
f 2382 2560 2384
f 2384 2561 2385
f 2384 2560 2735
f 2384 2735 2561
f 2385 2561 2562
f 2385 2562 2386
f 2386 2562 2389
f 2387 2390 2559
f 2388 2389 2563
f 2388 2563 2564
f 2388 2564 2390
f 2389 2562 2565
f 2389 2565 2566
f 2389 2566 2563
f 2390 2564 2567
f 2390 2567 2559
f 2391 2558 2392
f 2392 2568 2394
f 2392 2394 2393
f 2392 2558 2569
f 2392 2569 2568
f 2394 2570 2571
f 2394 2571 2395
f 2394 2568 2570
f 2395 2398 2396
f 2395 2571 2398
f 2397 2398 2403
f 2398 2571 2572
f 2398 2572 2573
f 2398 2573 2403
f 2399 2403 2400
f 2400 2574 2575
f 2400 2575 2576
f 2400 2576 2577
f 2400 2577 2402
f 2400 2402 2401
f 2400 2403 2578
f 2400 2578 2574
f 2402 2577 2576
f 2402 2576 2579
f 2402 2579 2404
f 2403 2573 2580
f 2403 2580 2578
f 2404 2579 2405
f 2405 2579 2581
f 2405 2581 2406
f 2406 2581 2582
f 2406 2582 2583
f 2406 2583 2584
f 2406 2584 2585
f 2406 2585 2409
f 2406 2409 2408
f 2409 2585 2584
f 2409 2584 2586
f 2409 2586 2587
f 2409 2587 2588
f 2409 2588 2411
f 2409 2411 2410
f 2411 2588 2587
f 2411 2587 2589
f 2411 2589 2590
f 2411 2590 2591
f 2411 2591 2414
f 2411 2414 2413
f 2414 2591 2592
f 2414 2592 2593
f 2414 2593 2416
f 2414 2416 2415
f 2416 2593 2417
f 2417 2593 2594
f 2417 2594 2418
f 2418 2594 2419
f 2419 2594 2595
f 2419 2595 2596
f 2419 2596 2597
f 2419 2597 2598
f 2419 2598 2599
f 2419 2599 2421
f 2419 2421 2420
f 2421 2599 2423
f 2421 2423 2422
f 2423 2599 2600
f 2423 2600 2601
f 2423 2601 2602
f 2423 2602 2603
f 2423 2603 2425
f 2425 2603 2426
f 2426 2603 2604
f 2426 2604 2605
f 2426 2605 2427
f 2427 2605 2428
f 2428 2605 2606
f 2428 2606 2429
f 2429 2606 2607
f 2429 2607 2608
f 2429 2608 2609
f 2429 2609 2430
f 2430 2609 2431
f 2431 2609 2436
f 2432 2435 2610
f 2432 2610 2433
f 2433 2610 2622
f 2433 2622 2448
f 2434 2443 2435
f 2435 2443 2611
f 2435 2611 2610
f 2436 2609 2612
f 2436 2612 2437
f 2437 2612 2613
f 2437 2613 2438
f 2438 2614 2439
f 2438 2613 2615
f 2438 2615 2614
f 2439 2614 2441
f 2441 2614 2616
f 2441 2616 2618
f 2441 2618 2445
f 2442 2444 2617
f 2442 2617 2443
f 2443 2617 2611
f 2444 2446 2617
f 2445 2618 2788
f 2445 2788 2619
f 2445 2619 2446
f 2446 2620 2617
f 2446 2619 2620
f 2447 2448 2621
f 2447 2621 2449
f 2448 2622 2621
f 2449 2621 2450
f 2450 2621 2623
f 2450 2623 2451
f 2451 2623 2624
f 2451 2624 2625
f 2451 2625 2452
f 2452 2465 2453
f 2452 2625 2626
f 2452 2626 2627
f 2452 2627 2465
f 2454 2628 2459
f 2454 2459 2458
f 2454 2457 2456
f 2454 2456 2629
f 2454 2629 2630
f 2454 2630 2631
f 2454 2631 2632
f 2454 2632 2628
f 2456 2462 2633
f 2456 2633 2630
f 2456 2630 2629
f 2459 2628 2634
f 2459 2634 2463
f 2459 2463 2460
f 2461 2635 2462
f 2461 2469 2636
f 2461 2636 2637
f 2461 2637 2638
f 2461 2638 2639
f 2461 2639 2635
f 2462 2635 2633
f 2465 2467 2466
f 2465 2627 2640
f 2465 2640 2641
f 2465 2641 2467
f 2467 2641 2642
f 2467 2642 2643
f 2467 2643 2468
f 2468 2643 2469
f 2469 2643 2644
f 2469 2644 2636
f 2470 2645 2471
f 2471 2645 2472
f 2472 2646 2647
f 2472 2647 2474
f 2472 2474 2473
f 2472 2645 2646
f 2474 2647 2476
f 2474 2476 2475
f 2476 2648 2649
f 2476 2649 2477
f 2476 2647 2646
f 2476 2646 2650
f 2476 2650 2648
f 2477 2649 2651
f 2477 2651 2478
f 2478 2651 2479
f 2479 2651 2652
f 2479 2652 2653
f 2479 2653 2654
f 2479 2654 2480
f 2480 2654 2481
f 2481 2654 2655
f 2481 2655 2656
f 2481 2656 2482
f 2482 2656 2483
f 2483 2656 2484
f 2484 2656 2657
f 2484 2657 2658
f 2484 2658 2485
f 2485 2658 2659
f 2485 2659 2486
f 2486 2659 2660
f 2486 2660 2487
f 2487 2660 2490
f 2488 2493 2489
f 2488 2492 2661
f 2488 2661 2493
f 2490 2662 2491
f 2490 2660 2663
f 2490 2663 2664
f 2490 2664 2662
f 2491 2662 2665
f 2491 2665 2666
f 2491 2666 2492
f 2492 2666 2661
f 2493 2661 2667
f 2493 2667 2668
f 2493 2668 2494
f 2494 2668 2496
f 2496 2668 2669
f 2496 2669 2670
f 2496 2670 2497
f 2497 2670 2498
f 2498 2670 2671
f 2498 2671 2672
f 2498 2672 2500
f 2498 2500 2499
f 2500 2672 2835
f 2500 2835 2673
f 2500 2673 2674
f 2500 2674 2501
f 2501 2674 2502
f 2502 2504 2503
f 2502 2674 2675
f 2502 2675 2676
f 2502 2676 2504
f 2504 2676 2677
f 2504 2677 2678
f 2504 2678 2505
f 2505 2678 2506
f 2506 2678 2679
f 2506 2679 2680
f 2506 2680 2509
f 2507 2508 2681
f 2507 2681 2682
f 2507 2682 2551
f 2508 2509 2681
f 2509 2680 2683
f 2509 2683 2684
f 2509 2684 2681
f 2510 2550 2511
f 2511 2550 2685
f 2511 2685 2515
f 2512 2686 2849
f 2512 2849 2687
f 2513 2687 2514
f 2514 2687 2560
f 2515 2685 2688
f 2515 2688 2516
f 2516 2689 2517
f 2516 2688 2689
f 2517 2690 2691
f 2517 2691 2692
f 2517 2692 2518
f 2517 2689 2693
f 2517 2693 2690
f 2518 2692 2519
f 2519 2694 2520
f 2519 2692 2694
f 2520 2695 2696
f 2520 2696 2521
f 2520 2694 2695
f 2521 2696 2697
f 2521 2697 2698
f 2521 2698 2522
f 2523 2698 2699
f 2523 2699 2524
f 2524 2699 2700
f 2524 2700 2686
f 2524 2686 2525
f 2526 2528 2701
f 2526 2701 2539
f 2527 2531 2702
f 2527 2702 2528
f 2528 2702 2703
f 2528 2703 2701
f 2530 2534 2533
f 2530 2533 2704
f 2530 2704 2705
f 2530 2705 2706
f 2530 2706 2702
f 2530 2702 2531
f 2532 2536 2533
f 2533 2536 2707
f 2533 2707 2708
f 2533 2708 2704
f 2535 2538 2709
f 2535 2709 2710
f 2535 2710 2536
f 2536 2710 2707
f 2537 2556 2555
f 2537 2555 2711
f 2537 2711 2709
f 2537 2709 2538
f 2539 2712 2713
f 2539 2713 2714
f 2539 2714 2540
f 2539 2701 2712
f 2540 2714 2541
f 2541 2714 2715
f 2541 2715 2544
f 2541 2544 2542
f 2543 2546 2548
f 2544 2716 2545
f 2544 2715 2714
f 2544 2714 2717
f 2544 2717 2716
f 2545 2716 2546
f 2546 2718 2719
f 2546 2719 2548
f 2546 2716 2720
f 2546 2720 2718
f 2547 2548 2719
f 2547 2719 2721
f 2547 2721 2549
f 2549 2722 2723
f 2549 2723 2550
f 2549 2721 2722
f 2550 2723 2685
f 2551 2682 2724
f 2551 2724 2552
f 2552 2724 2553
f 2553 2725 2726
f 2553 2726 2727
f 2553 2727 2728
f 2553 2728 2557
f 2553 2557 2554
f 2553 2724 2729
f 2553 2729 2725
f 2555 2730 2731
f 2555 2731 2709
f 2555 2709 2711
f 2555 2557 2728
f 2555 2728 2732
f 2555 2732 2733
f 2555 2733 2730
f 2558 2559 2734
f 2558 2734 2569
f 2559 2567 2734
f 2560 2687 2735
f 2561 2735 2736
f 2561 2736 2562
f 2562 2736 2565
f 2563 2737 2564
f 2563 2566 2738
f 2563 2738 2737
f 2564 2739 2567
f 2564 2737 2739
f 2565 2740 2566
f 2565 2736 2741
f 2565 2741 2898
f 2565 2898 2740
f 2566 2740 2742
f 2566 2742 2738
f 2567 2739 2743
f 2567 2743 2734
f 2568 2744 2570
f 2568 2569 2745
f 2568 2745 2744
f 2569 2734 2746
f 2569 2746 2745
f 2570 2747 2572
f 2570 2572 2571
f 2570 2744 2747
f 2572 2748 2749
f 2572 2749 2573
f 2572 2747 2748
f 2573 2749 2580
f 2574 2578 2750
f 2574 2750 2751
f 2574 2751 2575
f 2575 2751 2752
f 2575 2752 2576
f 2576 2752 2582
f 2576 2582 2581
f 2576 2581 2579
f 2578 2580 2750
f 2580 2753 2750
f 2580 2749 2753
f 2582 2754 2755
f 2582 2755 2583
f 2582 2752 2754
f 2583 2755 2584
f 2584 2755 2756
f 2584 2756 2757
f 2584 2757 2587
f 2584 2587 2586
f 2587 2758 2759
f 2587 2759 2590
f 2587 2590 2589
f 2587 2757 2758
f 2590 2759 2760
f 2590 2760 2761
f 2590 2761 2592
f 2590 2592 2591
f 2592 2761 2762
f 2592 2762 2593
f 2593 2762 2594
f 2594 2763 2596
f 2594 2596 2595
f 2594 2762 2763
f 2596 2763 2764
f 2596 2764 2765
f 2596 2765 2766
f 2596 2766 2767
f 2596 2767 2768
f 2596 2768 2597
f 2597 2768 2600
f 2597 2600 2598
f 2598 2600 2599
f 2600 2767 2769
f 2600 2769 2770
f 2600 2770 2601
f 2600 2768 2767
f 2601 2770 2602
f 2602 2770 2771
f 2602 2771 2772
f 2602 2772 2604
f 2602 2604 2603
f 2604 2772 2773
f 2604 2773 2605
f 2605 2773 2606
f 2606 2774 2607
f 2606 2773 2774
f 2607 2774 2775
f 2607 2775 2776
f 2607 2776 2608
f 2608 2776 2612
f 2608 2612 2609
f 2610 2611 2777
f 2610 2777 2778
f 2610 2778 2622
f 2611 2617 2779
f 2611 2779 2777
f 2612 2776 2780
f 2612 2780 2781
f 2612 2781 2613
f 2613 2781 2782
f 2613 2782 2783
f 2613 2783 2615
f 2614 2615 2784
f 2614 2784 2616
f 2615 2783 2785
f 2615 2785 2784
f 2616 2784 2786
f 2616 2786 2618
f 2617 2620 2787
f 2617 2787 2779
f 2618 2786 2789
f 2618 2789 2788
f 2619 2790 2787
f 2619 2787 2620
f 2619 2788 2791
f 2619 2791 2790
f 2621 2622 2792
f 2621 2792 2793
f 2621 2793 2624
f 2621 2624 2623
f 2622 2778 2792
f 2624 2793 2794
f 2624 2794 2795
f 2624 2795 2625
f 2625 2795 2626
f 2626 2795 2796
f 2626 2796 2797
f 2626 2797 2640
f 2626 2640 2627
f 2628 2632 2634
f 2630 2633 2798
f 2630 2798 2799
f 2630 2799 2800
f 2630 2800 2801
f 2630 2801 2802
f 2630 2802 2632
f 2630 2632 2631
f 2632 2802 2801
f 2632 2801 2803
f 2632 2803 2804
f 2632 2804 2634
f 2633 2635 2798
f 2635 2639 2798
f 2636 2644 2637
f 2637 2644 2805
f 2637 2805 2806
f 2637 2806 2807
f 2637 2807 2638
f 2638 2807 2639
f 2639 2807 2808
f 2639 2808 2809
f 2639 2809 2799
f 2639 2799 2798
f 2640 2810 2641
f 2640 2797 2811
f 2640 2811 2810
f 2641 2810 2642
f 2642 2644 2643
f 2642 2810 2812
f 2642 2812 2644
f 2644 2812 2813
f 2644 2813 2805
f 2645 2814 2646
f 2646 2814 2650
f 2648 2650 2815
f 2648 2815 2816
f 2648 2816 2817
f 2648 2817 2818
f 2648 2818 2819
f 2648 2819 2649
f 2649 2819 2651
f 2650 2814 2815
f 2651 2819 2652
f 2652 2819 2820
f 2652 2820 2821
f 2652 2821 2653
f 2653 2821 2822
f 2653 2822 2823
f 2653 2823 2654
f 2654 2823 2655
f 2655 2657 2656
f 2655 2823 2824
f 2655 2824 2657
f 2657 2824 2825
f 2657 2825 2658
f 2658 2825 2826
f 2658 2826 2659
f 2659 2826 2827
f 2659 2827 2660
f 2660 2827 2663
f 2661 2666 2828
f 2661 2828 2667
f 2662 2664 2665
f 2663 2829 2830
f 2663 2830 2664
f 2663 2827 2829
f 2664 2831 2665
f 2664 2830 2831
f 2665 2832 2828
f 2665 2828 2666
f 2665 2831 2832
f 2667 2833 2668
f 2667 2828 2834
f 2667 2834 2833
f 2668 2833 2669
f 2669 2833 2670
f 2670 2833 2671
f 2671 2833 2834
f 2671 2834 2672
f 2672 2834 2835
f 2673 2835 2836
f 2673 2836 2837
f 2673 2837 2674
f 2674 2837 2675
f 2675 2837 2838
f 2675 2838 2839
f 2675 2839 2676
f 2676 2839 2840
f 2676 2840 2677
f 2677 2679 2678
f 2677 2840 2841
f 2677 2841 2679
f 2679 2683 2680
f 2679 2841 2842
f 2679 2842 2683
f 2681 2684 2843
f 2681 2843 2844
f 2681 2844 2682
f 2682 2844 2724
f 2683 2842 2845
f 2683 2845 2846
f 2683 2846 2684
f 2684 2846 2843
f 2685 2723 2847
f 2685 2847 2688
f 2686 2700 2848
f 2686 2848 2849
f 2687 2849 2735
f 2688 2847 2850
f 2688 2850 2689
f 2689 2850 2851
f 2689 2851 2693
f 2690 2693 2852
f 2690 2852 2853
f 2690 2853 2854
f 2690 2854 2855
f 2690 2855 2856
f 2690 2856 2691
f 2691 2856 2692
f 2692 2856 2694
f 2693 2851 2852
f 2694 2856 2857
f 2694 2857 2695
f 2695 2857 2858
f 2695 2858 2859
f 2695 2859 2696
f 2696 2859 2860
f 2696 2860 2697
f 2697 2860 2698
f 2698 2860 2861
f 2698 2861 2862
f 2698 2862 2699
f 2699 2862 3022
f 2699 3022 2863
f 2699 2863 2848
f 2699 2848 2700
f 2701 2864 2712
f 2701 2703 2864
f 2702 2706 2865
f 2702 2865 2703
f 2703 2865 2866
f 2703 2866 2864
f 2704 2708 2867
f 2704 2867 2705
f 2705 2868 2706
f 2705 2867 2869
f 2705 2869 2870
f 2705 2870 2868
f 2706 2868 2865
f 2707 2710 2871
f 2707 2871 2708
f 2708 2871 2872
f 2708 2872 2873
f 2708 2873 2867
f 2709 2731 2730
f 2709 2730 2874
f 2709 2874 2710
f 2710 2874 2871
f 2712 2875 2713
f 2712 2864 2875
f 2713 2875 2876
f 2713 2876 2714
f 2714 2876 2877
f 2714 2877 2717
f 2716 2717 2877
f 2716 2877 2878
f 2716 2878 2720
f 2718 2720 2878
f 2718 2878 2879
f 2718 2879 2880
f 2718 2880 2881
f 2718 2881 2721
f 2718 2721 2719
f 2721 2881 2722
f 2722 2881 2882
f 2722 2882 2883
f 2722 2883 2723
f 2723 2883 2847
f 2724 2844 2729
f 2725 2729 2884
f 2725 2884 2726
f 2726 2884 2885
f 2726 2885 2727
f 2727 2886 2887
f 2727 2887 2732
f 2727 2732 2728
f 2727 2885 2888
f 2727 2888 2886
f 2729 2843 2889
f 2729 2889 2890
f 2729 2890 2884
f 2729 2844 2843
f 2730 2891 2871
f 2730 2871 2874
f 2730 2733 2887
f 2730 2887 2892
f 2730 2892 2893
f 2730 2893 2891
f 2732 2887 2733
f 2734 2743 2746
f 2735 2849 2848
f 2735 2848 2736
f 2736 2848 2863
f 2736 2863 2741
f 2737 2738 2894
f 2737 2894 2739
f 2738 2742 2895
f 2738 2895 2896
f 2738 2896 2894
f 2739 2894 2897
f 2739 2897 2743
f 2740 2898 2742
f 2741 2863 2898
f 2742 2898 2899
f 2742 2899 2900
f 2742 2900 2895
f 2743 2901 2746
f 2743 2897 2901
f 2744 2745 2902
f 2744 2902 2903
f 2744 2903 2747
f 2745 2746 2904
f 2745 2904 2902
f 2746 2901 2904
f 2747 2903 2905
f 2747 2905 2748
f 2748 2906 2907
f 2748 2907 2749
f 2748 2905 2906
f 2749 2907 2753
f 2750 2753 2908
f 2750 2908 2909
f 2750 2909 2751
f 2751 2910 2911
f 2751 2911 2754
f 2751 2754 2752
f 2751 2909 2910
f 2753 2907 2908
f 2754 2911 2912
f 2754 2912 2913
f 2754 2913 2914
f 2754 2914 2915
f 2754 2915 2756
f 2754 2756 2755
f 2756 2916 2917
f 2756 2917 2918
f 2756 2918 2757
f 2756 2915 2916
f 2757 2918 2758
f 2758 2918 2917
f 2758 2917 2919
f 2758 2919 2920
f 2758 2920 2759
f 2759 2920 2760
f 2760 2921 2922
f 2760 2922 2923
f 2760 2923 2764
f 2760 2764 2761
f 2760 2920 2921
f 2761 2764 2762
f 2762 2764 2763
f 2764 2924 2765
f 2764 2923 2924
f 2765 2925 2766
f 2765 2924 2925
f 2766 2925 2926
f 2766 2926 2927
f 2766 2927 2928
f 2766 2928 2767
f 2767 2927 2929
f 2767 2929 2930
f 2767 2930 2931
f 2767 2931 2769
f 2767 2928 2927
f 2769 2931 2770
f 2770 2931 2771
f 2771 2932 2933
f 2771 2933 2934
f 2771 2934 2772
f 2771 2931 2932
f 2772 2934 2935
f 2772 2935 2773
f 2773 2935 2774
f 2774 2936 2775
f 2774 2935 2936
f 2775 2937 2938
f 2775 2938 2776
f 2775 2936 2937
f 2776 2938 2939
f 2776 2939 2780
f 2777 2779 2787
f 2777 2787 2940
f 2777 2940 2941
f 2777 2941 2778
f 2778 2941 2942
f 2778 2942 2793
f 2778 2793 2792
f 2780 2939 2943
f 2780 2943 2781
f 2781 2943 2944
f 2781 2944 2782
f 2782 2944 2945
f 2782 2945 2946
f 2782 2946 2947
f 2782 2947 2783
f 2783 2947 2785
f 2784 2785 2786
f 2785 2948 2786
f 2785 2947 2949
f 2785 2949 3104
f 2785 3104 2948
f 2786 2948 2950
f 2786 2950 2789
f 2787 2790 2940
f 2788 2789 2791
f 2789 2950 2951
f 2789 2951 2952
f 2789 2952 2791
f 2790 2791 2940
f 2791 2953 2940
f 2791 2952 2954
f 2791 2954 2953
f 2793 2942 2794
f 2794 2942 2955
f 2794 2955 2956
f 2794 2956 2957
f 2794 2957 2795
f 2795 2957 2796
f 2796 2957 2958
f 2796 2958 2959
f 2796 2959 2797
f 2797 2959 2960
f 2797 2960 2811
f 2799 2961 2801
f 2799 2801 2800
f 2799 2809 2962
f 2799 2962 2961
f 2801 2961 2963
f 2801 2963 2964
f 2801 2964 2965
f 2801 2965 2803
f 2805 2813 2966
f 2805 2966 2806
f 2806 2808 2807
f 2806 2966 2967
f 2806 2967 2968
f 2806 2968 2808
f 2808 2969 2962
f 2808 2962 2809
f 2808 2968 2970
f 2808 2970 2969
f 2810 2811 2971
f 2810 2971 2812
f 2811 2960 2972
f 2811 2972 2971
f 2812 2971 2813
f 2813 2971 2973
f 2813 2973 2974
f 2813 2974 2966
f 2814 2975 2815
f 2815 2976 2816
f 2815 2975 2976
f 2816 2976 2817
f 2817 2976 2977
f 2817 2977 2978
f 2817 2978 2979
f 2817 2979 2980
f 2817 2980 2818
f 2818 2980 2819
f 2819 2980 2820
f 2820 2980 2981
f 2820 2981 2821
f 2821 2981 2982
f 2821 2982 2822
f 2822 2982 2983
f 2822 2983 2984
f 2822 2984 2823
f 2823 2984 2824
f 2824 2984 2985
f 2824 2985 2825
f 2825 2985 2986
f 2825 2986 2826
f 2826 2986 2987
f 2826 2987 2827
f 2827 2987 2829
f 2828 2832 2834
f 2829 2988 2989
f 2829 2989 2830
f 2829 2987 2988
f 2830 2990 2831
f 2830 2989 2991
f 2830 2991 2992
f 2830 2992 2990
f 2831 2990 2993
f 2831 2993 2994
f 2831 2994 2832
f 2832 2995 2834
f 2832 2994 2996
f 2832 2996 2995
f 2834 2995 2835
f 2835 2995 2996
f 2835 2996 2836
f 2836 2996 2997
f 2836 2997 2837
f 2837 2997 2838
f 2838 2997 3147
f 2838 3147 2998
f 2838 2998 2999
f 2838 2999 2839
f 2839 2999 3000
f 2839 3000 2840
f 2840 3000 3001
f 2840 3001 2841
f 2841 3001 3002
f 2841 3002 3003
f 2841 3003 2842
f 2842 3003 2845
f 2843 2846 2889
f 2845 3004 2846
f 2845 3003 3005
f 2845 3005 3004
f 2846 3004 2889
f 2847 3006 2850
f 2847 2883 3006
f 2850 3006 3007
f 2850 3007 2851
f 2851 3007 3008
f 2851 3008 2852
f 2852 3009 2853
f 2852 3008 3010
f 2852 3010 3009
f 2853 3009 3011
f 2853 3011 3012
f 2853 3012 2854
f 2854 3013 3014
f 2854 3014 2855
f 2854 3012 3013
f 2855 3014 3015
f 2855 3015 2856
f 2856 3015 2857
f 2857 3015 3016
f 2857 3016 2858
f 2858 3016 3017
f 2858 3017 2859
f 2859 3017 2860
f 2860 3017 3018
f 2860 3018 3019
f 2860 3019 2861
f 2861 3019 3020
f 2861 3020 3021
f 2861 3021 3022
f 2861 3022 2862
f 2863 3022 2898
f 2864 3023 3024
f 2864 3024 2875
f 2864 2866 3025
f 2864 3025 3026
f 2864 3026 3023
f 2865 2868 3027
f 2865 3027 2866
f 2866 3027 3025
f 2867 2873 2869
f 2868 2870 3028
f 2868 3028 3027
f 2869 3029 3028
f 2869 3028 2870
f 2869 2873 3030
f 2869 3030 3031
f 2869 3031 3032
f 2869 3032 3033
f 2869 3033 3029
f 2871 2891 3034
f 2871 3034 3030
f 2871 3030 2872
f 2872 3030 2873
f 2875 3024 3035
f 2875 3035 3036
f 2875 3036 2876
f 2876 3036 3037
f 2876 3037 2877
f 2877 3037 2878
f 2878 3037 3038
f 2878 3038 3039
f 2878 3039 2879
f 2879 3039 2880
f 2880 3039 3040
f 2880 3040 3041
f 2880 3041 2881
f 2881 3041 2882
f 2882 3041 3042
f 2882 3042 3043
f 2882 3043 2883
f 2883 3043 3006
f 2884 2890 3044
f 2884 3044 3045
f 2884 3045 3046
f 2884 3046 3047
f 2884 3047 2885
f 2885 3047 2888
f 2886 2888 3047
f 2886 3047 3048
f 2886 3048 3049
f 2886 3049 3050
f 2886 3050 3051
f 2886 3051 2893
f 2886 2893 2892
f 2886 2892 2887
f 2889 3004 3052
f 2889 3052 2890
f 2890 3052 3044
f 2891 2893 3053
f 2891 3053 3034
f 2893 3051 3050
f 2893 3050 3054
f 2893 3054 3053
f 2894 3055 3056
f 2894 3056 2897
f 2894 2896 3055
f 2895 3057 3058
f 2895 3058 2896
f 2895 2900 3057
f 2896 3058 3055
f 2897 3056 3059
f 2897 3059 2901
f 2898 3022 3021
f 2898 3021 3060
f 2898 3060 2899
f 2899 3060 2900
f 2900 3060 3061
f 2900 3061 3062
f 2900 3062 3057
f 2901 3063 2904
f 2901 3059 3063
f 2902 3064 2903
f 2902 2904 3065
f 2902 3065 3064
f 2903 3066 2905
f 2903 3064 3066
f 2904 3063 3065
f 2905 3066 3067
f 2905 3067 2906
f 2906 3068 3069
f 2906 3069 2907
f 2906 3067 3068
f 2907 3069 3070
f 2907 3070 2908
f 2908 3071 3072
f 2908 3072 2910
f 2908 2910 2909
f 2908 3070 3071
f 2910 3072 3073
f 2910 3073 2912
f 2910 2912 2911
f 2912 3074 3075
f 2912 3075 2914
f 2912 2914 2913
f 2912 3073 3074
f 2914 3076 3077
f 2914 3077 2917
f 2914 2917 2916
f 2914 2916 2915
f 2914 3075 3076
f 2917 3078 3079
f 2917 3079 3080
f 2917 3080 2919
f 2917 3077 3078
f 2919 3080 2920
f 2920 3080 2921
f 2921 3080 2922
f 2922 3081 3082
f 2922 3082 3083
f 2922 3083 2925
f 2922 2925 2924
f 2922 2924 2923
f 2922 3080 3081
f 2925 3083 3084
f 2925 3084 2926
f 2926 3084 2927
f 2927 3085 3086
f 2927 3086 3087
f 2927 3087 2929
f 2927 3084 3088
f 2927 3088 3085
f 2929 3087 2932
f 2929 2932 2930
f 2930 2932 2931
f 2932 3089 3090
f 2932 3090 2933
f 2932 3087 3089
f 2933 3090 3091
f 2933 3091 2934
f 2934 3091 3092
f 2934 3092 3093
f 2934 3093 2935
f 2935 3093 2936
f 2936 3093 3094
f 2936 3094 2937
f 2937 3094 3095
f 2937 3095 3096
f 2937 3096 2938
f 2938 3096 3097
f 2938 3097 2939
f 2939 3097 3098
f 2939 3098 2943
f 2940 2955 2942
f 2940 2942 2941
f 2940 2953 3109
f 2940 3109 2955
f 2943 3098 3099
f 2943 3099 2944
f 2944 3099 2945
f 2945 3100 3101
f 2945 3101 2946
f 2945 3099 3102
f 2945 3102 3103
f 2945 3103 3100
f 2946 3101 2947
f 2947 3101 2949
f 2948 3104 3106
f 2948 3106 2950
f 2949 3101 3105
f 2949 3105 3104
f 2950 3106 3108
f 2950 3108 2951
f 2951 3107 2952
f 2951 3108 3251
f 2951 3251 3107
f 2952 3107 2954
f 2953 2954 3109
f 2954 3107 3110
f 2954 3110 3109
f 2955 3109 2956
f 2956 2958 2957
f 2956 3109 3110
f 2956 3110 3111
f 2956 3111 2958
f 2958 3111 3112
f 2958 3112 2959
f 2959 3112 3113
f 2959 3113 2960
f 2960 3113 3114
f 2960 3114 2972
f 2961 2962 2963
f 2962 2969 3115
f 2962 3115 3116
f 2962 3116 2963
f 2963 3116 3117
f 2963 3117 3118
f 2963 3118 2964
f 2966 2974 2967
f 2967 3119 2970
f 2967 2970 2968
f 2967 2974 3120
f 2967 3120 3121
f 2967 3121 3122
f 2967 3122 3119
f 2969 2970 3115
f 2970 3119 3122
f 2970 3122 3123
f 2970 3123 3115
f 2971 2972 2973
f 2972 3114 3124
f 2972 3124 2973
f 2973 3124 3125
f 2973 3125 2974
f 2974 3125 3120
f 2975 3126 2976
f 2976 3126 2977
f 2977 3127 2978
f 2977 3126 3128
f 2977 3128 3127
f 2978 3129 3130
f 2978 3130 2979
f 2978 3127 3129
f 2979 3130 3131
f 2979 3131 3132
f 2979 3132 2980
f 2980 3132 2981
f 2981 3132 3133
f 2981 3133 3134
f 2981 3134 2982
f 2982 3134 3135
f 2982 3135 2983
f 2983 3135 3136
f 2983 3136 2984
f 2984 3136 2985
f 2985 3136 3137
f 2985 3137 2986
f 2986 3137 3138
f 2986 3138 2987
f 2987 3138 2988
f 2988 3138 3139
f 2988 3139 3140
f 2988 3140 2989
f 2989 3140 3141
f 2989 3141 3142
f 2989 3142 3143
f 2989 3143 2991
f 2990 2992 3144
f 2990 3144 2993
f 2991 3143 3145
f 2991 3145 2992
f 2992 3145 3288
f 2992 3288 3144
f 2993 3146 2996
f 2993 2996 2994
f 2993 3144 3146
f 2996 3146 2997
f 2997 3146 3287
f 2997 3287 3147
f 2998 3147 3148
f 2998 3148 2999
f 2999 3148 3149
f 2999 3149 3000
f 3000 3149 3150
f 3000 3150 3001
f 3001 3150 3151
f 3001 3151 3002
f 3002 3151 3152
f 3002 3152 3003
f 3003 3152 3153
f 3003 3153 3154
f 3003 3154 3005
f 3004 3005 3155
f 3004 3155 3052
f 3005 3154 3155
f 3006 3043 3156
f 3006 3156 3007
f 3007 3156 3157
f 3007 3157 3008
f 3008 3157 3010
f 3009 3010 3158
f 3009 3158 3011
f 3010 3157 3159
f 3010 3159 3160
f 3010 3160 3161
f 3010 3161 3158
f 3011 3158 3162
f 3011 3162 3163
f 3011 3163 3012
f 3012 3163 3164
f 3012 3164 3013
f 3013 3164 3165
f 3013 3165 3014
f 3014 3165 3166
f 3014 3166 3015
f 3015 3166 3167
f 3015 3167 3016
f 3016 3167 3314
f 3016 3314 3168
f 3016 3168 3017
f 3017 3168 3207
f 3017 3207 3169
f 3017 3169 3170
f 3017 3170 3018
f 3018 3170 3020
f 3018 3020 3019
f 3020 3170 3060
f 3020 3060 3021
f 3023 3026 3025
f 3023 3025 3171
f 3023 3171 3172
f 3023 3172 3173
f 3023 3173 3035
f 3023 3035 3024
f 3025 3027 3028
f 3025 3028 3174
f 3025 3174 3175
f 3025 3175 3171
f 3028 3176 3174
f 3028 3029 3176
f 3029 3033 3177
f 3029 3177 3176
f 3030 3034 3053
f 3030 3053 3178
f 3030 3178 3179
f 3030 3179 3031
f 3031 3179 3032
f 3032 3179 3180
f 3032 3180 3181
f 3032 3181 3182
f 3032 3182 3177
f 3032 3177 3033
f 3035 3183 3184
f 3035 3184 3036
f 3035 3173 3183
f 3036 3184 3037
f 3037 3184 3038
f 3038 3184 3039
f 3039 3184 3185
f 3039 3185 3186
f 3039 3186 3040
f 3040 3186 3187
f 3040 3187 3188
f 3040 3188 3041
f 3041 3188 3042
f 3042 3188 3189
f 3042 3189 3190
f 3042 3190 3043
f 3043 3190 3156
f 3044 3191 3045
f 3044 3052 3192
f 3044 3192 3193
f 3044 3193 3191
f 3045 3191 3046
f 3046 3191 3194
f 3046 3194 3195
f 3046 3195 3048
f 3046 3048 3047
f 3048 3195 3049
f 3049 3195 3050
f 3050 3195 3196
f 3050 3196 3197
f 3050 3197 3198
f 3050 3198 3199
f 3050 3199 3054
f 3052 3155 3192
f 3053 3054 3199
f 3053 3199 3178
f 3055 3200 3056
f 3055 3058 3201
f 3055 3201 3200
f 3056 3202 3059
f 3056 3200 3203
f 3056 3203 3202
f 3057 3204 3058
f 3057 3062 3204
f 3058 3204 3201
f 3059 3202 3205
f 3059 3205 3063
f 3060 3170 3169
f 3060 3169 3062
f 3060 3062 3061
f 3062 3206 3204
f 3062 3169 3207
f 3062 3207 3206
f 3063 3205 3208
f 3063 3208 3065
f 3064 3209 3066
f 3064 3065 3210
f 3064 3210 3209
f 3065 3208 3210
f 3066 3211 3212
f 3066 3212 3067
f 3066 3209 3211
f 3067 3212 3068
f 3068 3212 3213
f 3068 3213 3214
f 3068 3214 3069
f 3069 3214 3215
f 3069 3215 3070
f 3070 3215 3071
f 3071 3215 3216
f 3071 3216 3072
f 3072 3216 3073
f 3073 3216 3074
f 3074 3216 3217
f 3074 3217 3218
f 3074 3218 3219
f 3074 3219 3076
f 3074 3076 3075
f 3076 3220 3221
f 3076 3221 3077
f 3076 3219 3220
f 3077 3221 3078
f 3078 3221 3222
f 3078 3222 3223
f 3078 3223 3079
f 3079 3223 3224
f 3079 3224 3080
f 3080 3224 3081
f 3081 3224 3225
f 3081 3225 3082
f 3082 3225 3226
f 3082 3226 3227
f 3082 3227 3084
f 3082 3084 3083
f 3084 3228 3088
f 3084 3227 3228
f 3085 3088 3229
f 3085 3229 3230
f 3085 3230 3231
f 3085 3231 3232
f 3085 3232 3086
f 3086 3232 3087
f 3087 3232 3089
f 3088 3228 3229
f 3089 3232 3233
f 3089 3233 3090
f 3090 3233 3091
f 3091 3234 3235
f 3091 3235 3236
f 3091 3236 3093
f 3091 3093 3092
f 3091 3233 3234
f 3093 3236 3094
f 3094 3237 3095
f 3094 3236 3237
f 3095 3237 3238
f 3095 3238 3239
f 3095 3239 3096
f 3096 3239 3240
f 3096 3240 3097
f 3097 3240 3098
f 3098 3240 3241
f 3098 3241 3099
f 3099 3241 3242
f 3099 3242 3243
f 3099 3243 3102
f 3100 3105 3101
f 3100 3103 3244
f 3100 3244 3245
f 3100 3245 3105
f 3102 3243 3246
f 3102 3246 3247
f 3102 3247 3103
f 3103 3247 3244
f 3104 3105 3248
f 3104 3248 3106
f 3105 3245 3248
f 3106 3248 3249
f 3106 3249 3108
f 3107 3250 3110
f 3107 3251 3252
f 3107 3252 3250
f 3108 3249 3251
f 3110 3250 3253
f 3110 3253 3254
f 3110 3254 3111
f 3111 3254 3255
f 3111 3255 3112
f 3112 3255 3113
f 3113 3255 3256
f 3113 3256 3114
f 3114 3256 3257
f 3114 3257 3124
f 3115 3258 3117
f 3115 3117 3116
f 3115 3123 3259
f 3115 3259 3258
f 3117 3260 3261
f 3117 3261 3118
f 3117 3258 3260
f 3120 3125 3262
f 3120 3262 3263
f 3120 3263 3121
f 3121 3263 3264
f 3121 3264 3122
f 3122 3264 3265
f 3122 3265 3266
f 3122 3266 3267
f 3122 3267 3259
f 3122 3259 3123
f 3124 3257 3268
f 3124 3268 3125
f 3125 3268 3262
f 3127 3269 3129
f 3127 3128 3269
f 3128 3270 3269
f 3129 3269 3271
f 3129 3271 3272
f 3129 3272 3130
f 3130 3272 3273
f 3130 3273 3131
f 3131 3273 3274
f 3131 3274 3133
f 3131 3133 3132
f 3133 3274 3275
f 3133 3275 3134
f 3134 3275 3135
f 3135 3275 3276
f 3135 3276 3277
f 3135 3277 3278
f 3135 3278 3136
f 3136 3278 3279
f 3136 3279 3137
f 3137 3279 3280
f 3137 3280 3138
f 3138 3280 3139
f 3139 3280 3281
f 3139 3281 3141
f 3139 3141 3140
f 3141 3281 3282
f 3141 3282 3283
f 3141 3283 3284
f 3141 3284 3142
f 3142 3285 3145
f 3142 3145 3143
f 3142 3284 3286
f 3142 3286 3285
f 3144 3287 3146
f 3144 3288 3289
f 3144 3289 3287
f 3145 3285 3290
f 3145 3290 3288
f 3147 3287 3289
f 3147 3289 3291
f 3147 3291 3148
f 3148 3291 3292
f 3148 3292 3293
f 3148 3293 3149
f 3149 3293 3294
f 3149 3294 3150
f 3150 3294 3151
f 3151 3294 3295
f 3151 3295 3152
f 3152 3295 3296
f 3152 3296 3153
f 3153 3296 3297
f 3153 3297 3154
f 3154 3297 3298
f 3154 3298 3299
f 3154 3299 3155
f 3155 3299 3192
f 3156 3190 3300
f 3156 3300 3157
f 3157 3300 3159
f 3158 3161 3301
f 3158 3301 3162
f 3159 3300 3302
f 3159 3302 3160
f 3160 3303 3304
f 3160 3304 3161
f 3160 3302 3305
f 3160 3305 3306
f 3160 3306 3303
f 3161 3304 3301
f 3162 3301 3307
f 3162 3307 3163
f 3163 3307 3308
f 3163 3308 3164
f 3164 3309 3310
f 3164 3310 3311
f 3164 3311 3165
f 3164 3308 3309
f 3165 3311 3312
f 3165 3312 3166
f 3166 3312 3167
f 3167 3312 3313
f 3167 3313 3314
f 3168 3314 3351
f 3168 3351 3207
f 3171 3175 3172
f 3172 3315 3316
f 3172 3316 3173
f 3172 3175 3317
f 3172 3317 3318
f 3172 3318 3315
f 3173 3316 3183
f 3174 3176 3319
f 3174 3319 3175
f 3175 3320 3317
f 3175 3319 3320
f 3176 3177 3319
f 3177 3321 3319
f 3177 3182 3322
f 3177 3322 3321
f 3178 3199 3179
f 3179 3199 3323
f 3179 3323 3180
f 3180 3323 3324
f 3180 3324 3181
f 3181 3324 3325
f 3181 3325 3326
f 3181 3326 3327
f 3181 3327 3322
f 3181 3322 3182
f 3183 3316 3328
f 3183 3328 3184
f 3184 3328 3185
f 3185 3328 3329
f 3185 3329 3186
f 3186 3329 3330
f 3186 3330 3331
f 3186 3331 3187
f 3187 3332 3333
f 3187 3333 3188
f 3187 3331 3332
f 3188 3333 3189
f 3189 3334 3190
f 3189 3333 3335
f 3189 3335 3334
f 3190 3334 3300
f 3191 3193 3336
f 3191 3336 3337
f 3191 3337 3194
f 3192 3299 3338
f 3192 3338 3193
f 3193 3338 3336
f 3194 3339 3195
f 3194 3337 3339
f 3195 3339 3196
f 3196 3339 3197
f 3197 3340 3198
f 3197 3339 3341
f 3197 3341 3342
f 3197 3342 3340
f 3198 3340 3343
f 3198 3343 3199
f 3199 3343 3323
f 3200 3201 3203
f 3201 3204 3344
f 3201 3344 3345
f 3201 3345 3203
f 3202 3203 3346
f 3202 3346 3205
f 3203 3347 3346
f 3203 3345 3348
f 3203 3348 3347
f 3204 3206 3344
f 3205 3349 3208
f 3205 3346 3349
f 3206 3207 3351
f 3206 3351 3350
f 3206 3350 3485
f 3206 3485 3344
f 3208 3352 3210
f 3208 3349 3352
f 3209 3210 3353
f 3209 3353 3354
f 3209 3354 3355
f 3209 3355 3211
f 3210 3352 3353
f 3211 3355 3212
f 3212 3355 3356
f 3212 3356 3357
f 3212 3357 3213
f 3213 3357 3358
f 3213 3358 3214
f 3214 3358 3359
f 3214 3359 3215
f 3215 3359 3360
f 3215 3360 3216
f 3216 3361 3217
f 3216 3360 3361
f 3217 3362 3218
f 3217 3361 3362
f 3218 3363 3219
f 3218 3362 3363
f 3219 3363 3220
f 3220 3363 3364
f 3220 3364 3221
f 3221 3364 3222
f 3222 3365 3223
f 3222 3364 3365
f 3223 3365 3366
f 3223 3366 3225
f 3223 3225 3224
f 3225 3367 3226
f 3225 3366 3367
f 3226 3367 3368
f 3226 3368 3227
f 3227 3368 3228
f 3228 3368 3229
f 3229 3369 3230
f 3229 3368 3370
f 3229 3370 3369
f 3230 3371 3231
f 3230 3369 3371
f 3231 3371 3372
f 3231 3372 3232
f 3232 3372 3373
f 3232 3373 3233
f 3233 3374 3234
f 3233 3373 3374
f 3234 3374 3375
f 3234 3375 3376
f 3234 3376 3235
f 3235 3376 3377
f 3235 3377 3237
f 3235 3237 3236
f 3237 3377 3238
f 3238 3378 3379
f 3238 3379 3239
f 3238 3377 3378
f 3239 3379 3240
f 3240 3379 3380
f 3240 3380 3241
f 3241 3380 3381
f 3241 3381 3382
f 3241 3382 3242
f 3242 3382 3243
f 3243 3382 3383
f 3243 3383 3384
f 3243 3384 3246
f 3244 3385 3245
f 3244 3247 3386
f 3244 3386 3387
f 3244 3387 3385
f 3245 3385 3388
f 3245 3388 3389
f 3245 3389 3248
f 3246 3384 3390
f 3246 3390 3247
f 3247 3390 3386
f 3248 3389 3391
f 3248 3391 3249
f 3249 3392 3251
f 3249 3391 3392
f 3250 3252 3253
f 3251 3392 3252
f 3252 3392 3393
f 3252 3393 3253
f 3253 3393 3394
f 3253 3394 3395
f 3253 3395 3254
f 3254 3395 3255
f 3255 3395 3396
f 3255 3396 3256
f 3256 3396 3397
f 3256 3397 3257
f 3257 3397 3398
f 3257 3398 3268
f 3258 3259 3399
f 3258 3399 3260
f 3259 3267 3266
f 3259 3266 3400
f 3259 3400 3399
f 3260 3399 3401
f 3262 3268 3402
f 3262 3402 3403
f 3262 3403 3263
f 3263 3403 3404
f 3263 3404 3264
f 3264 3404 3405
f 3264 3405 3265
f 3265 3405 3406
f 3265 3406 3266
f 3266 3407 3408
f 3266 3408 3400
f 3266 3406 3409
f 3266 3409 3407
f 3268 3398 3402
f 3269 3410 3271
f 3269 3270 3411
f 3269 3411 3412
f 3269 3412 3410
f 3271 3410 3413
f 3271 3413 3414
f 3271 3414 3272
f 3272 3414 3415
f 3272 3415 3273
f 3273 3415 3416
f 3273 3416 3274
f 3274 3416 3275
f 3275 3416 3417
f 3275 3417 3418
f 3275 3418 3276
f 3276 3418 3419
f 3276 3419 3277
f 3277 3419 3420
f 3277 3420 3421
f 3277 3421 3278
f 3278 3421 3279
f 3279 3421 3422
f 3279 3422 3280
f 3280 3422 3281
f 3281 3423 3282
f 3281 3422 3423
f 3282 3423 3424
f 3282 3424 3425
f 3282 3425 3283
f 3283 3425 3426
f 3283 3426 3284
f 3284 3426 3427
f 3284 3427 3429
f 3284 3429 3286
f 3285 3286 3428
f 3285 3428 3290
f 3286 3429 3428
f 3288 3430 3289
f 3288 3290 3430
f 3289 3430 3431
f 3289 3431 3291
f 3290 3428 3432
f 3290 3432 3430
f 3291 3431 3292
f 3292 3431 3433
f 3292 3433 3434
f 3292 3434 3293
f 3293 3434 3435
f 3293 3435 3294
f 3294 3435 3436
f 3294 3436 3437
f 3294 3437 3295
f 3295 3437 3296
f 3296 3437 3438
f 3296 3438 3297
f 3297 3438 3439
f 3297 3439 3298
f 3298 3440 3299
f 3298 3439 3441
f 3298 3441 3440
f 3299 3440 3338
f 3300 3334 3302
f 3301 3304 3442
f 3301 3442 3307
f 3302 3334 3443
f 3302 3443 3305
f 3303 3444 3304
f 3303 3306 3445
f 3303 3445 3444
f 3304 3444 3442
f 3305 3443 3446
f 3305 3446 3306
f 3306 3446 3447
f 3306 3447 3448
f 3306 3448 3445
f 3307 3449 3451
f 3307 3451 3308
f 3307 3442 3450
f 3307 3450 3449
f 3308 3451 3309
f 3309 3452 3453
f 3309 3453 3310
f 3309 3451 3452
f 3310 3453 3454
f 3310 3454 3455
f 3310 3455 3456
f 3310 3456 3457
f 3310 3457 3311
f 3311 3457 3312
f 3312 3457 3458
f 3312 3458 3313
f 3313 3458 3459
f 3313 3459 3314
f 3314 3459 3351
f 3315 3318 3460
f 3315 3460 3461
f 3315 3461 3316
f 3316 3461 3462
f 3316 3462 3328
f 3317 3320 3463
f 3317 3463 3318
f 3318 3463 3460
f 3319 3321 3464
f 3319 3464 3320
f 3320 3464 3463
f 3321 3322 3464
f 3322 3327 3465
f 3322 3465 3466
f 3322 3466 3464
f 3323 3343 3324
f 3324 3343 3340
f 3324 3340 3467
f 3324 3467 3468
f 3324 3468 3325
f 3325 3468 3469
f 3325 3469 3326
f 3326 3470 3327
f 3326 3469 3471
f 3326 3471 3470
f 3327 3470 3465
f 3328 3462 3329
f 3329 3462 3330
f 3330 3462 3461
f 3330 3461 3472
f 3330 3472 3473
f 3330 3473 3474
f 3330 3474 3331
f 3331 3474 3332
f 3332 3475 3476
f 3332 3476 3333
f 3332 3474 3475
f 3333 3476 3335
f 3334 3335 3443
f 3335 3476 3477
f 3335 3477 3443
f 3336 3338 3478
f 3336 3478 3479
f 3336 3479 3337
f 3337 3479 3480
f 3337 3480 3481
f 3337 3481 3339
f 3338 3440 3478
f 3339 3481 3482
f 3339 3482 3341
f 3340 3342 3483
f 3340 3483 3467
f 3341 3484 3342
f 3341 3482 3484
f 3342 3484 3483
f 3344 3485 3486
f 3344 3486 3345
f 3345 3486 3348
f 3346 3347 3487
f 3346 3487 3488
f 3346 3488 3349
f 3347 3489 3490
f 3347 3490 3487
f 3347 3348 3489
f 3348 3486 3491
f 3348 3491 3489
f 3349 3488 3352
f 3350 3351 3459
f 3350 3459 3492
f 3350 3492 3485
f 3352 3493 3353
f 3352 3488 3493
f 3353 3494 3354
f 3353 3493 3494
f 3354 3494 3495
f 3354 3495 3355
f 3355 3495 3496
f 3355 3496 3356
f 3356 3496 3497
f 3356 3497 3357
f 3357 3497 3498
f 3357 3498 3499
f 3357 3499 3358
f 3358 3499 3500
f 3358 3500 3359
f 3359 3500 3501
f 3359 3501 3361
f 3359 3361 3360
f 3361 3501 3502
f 3361 3502 3362
f 3362 3502 3503
f 3362 3503 3363
f 3363 3504 3505
f 3363 3505 3364
f 3363 3503 3504
f 3364 3506 3507
f 3364 3507 3365
f 3364 3505 3506
f 3365 3507 3508
f 3365 3508 3509
f 3365 3509 3367
f 3365 3367 3366
f 3367 3510 3511
f 3367 3511 3368
f 3367 3509 3510
f 3368 3511 3512
f 3368 3512 3370
f 3369 3370 3512
f 3369 3512 3513
f 3369 3513 3514
f 3369 3514 3515
f 3369 3515 3371
f 3371 3515 3516
f 3371 3516 3517
f 3371 3517 3372
f 3372 3517 3518
f 3372 3518 3374
f 3372 3374 3373
f 3374 3518 3519
f 3374 3519 3375
f 3375 3520 3376
f 3375 3519 3520
f 3376 3520 3521
f 3376 3521 3522
f 3376 3522 3377
f 3377 3522 3378
f 3378 3523 3524
f 3378 3524 3379
f 3378 3522 3523
f 3379 3524 3380
f 3380 3524 3525
f 3380 3525 3526
f 3380 3526 3381
f 3381 3526 3527
f 3381 3527 3382
f 3382 3527 3383
f 3383 3528 3384
f 3383 3527 3528
f 3384 3528 3529
f 3384 3529 3535
f 3384 3535 3390
f 3385 3387 3388
f 3386 3530 3531
f 3386 3531 3387
f 3386 3390 3535
f 3386 3535 3532
f 3386 3532 3669
f 3386 3669 3530
f 3387 3531 3388
f 3388 3533 3391
f 3388 3391 3389
f 3388 3531 3534
f 3388 3534 3533
f 3391 3533 3536
f 3391 3536 3392
f 3392 3536 3537
f 3392 3537 3538
f 3392 3538 3393
f 3393 3538 3394
f 3394 3539 3395
f 3394 3538 3540
f 3394 3540 3539
f 3395 3539 3396
f 3396 3539 3541
f 3396 3541 3397
f 3397 3541 3542
f 3397 3542 3398
f 3398 3542 3543
f 3398 3543 3402
f 3399 3400 3408
f 3399 3408 3401
f 3401 3408 3544
f 3402 3543 3545
f 3402 3545 3403
f 3403 3545 3546
f 3403 3546 3404
f 3404 3546 3547
f 3404 3547 3405
f 3405 3547 3548
f 3405 3548 3406
f 3406 3549 3409
f 3406 3548 3549
f 3407 3409 3550
f 3407 3550 3544
f 3407 3544 3408
f 3409 3549 3551
f 3409 3551 3550
f 3410 3412 3413
f 3412 3552 3413
f 3413 3553 3554
f 3413 3554 3414
f 3413 3552 3553
f 3414 3554 3555
f 3414 3555 3556
f 3414 3556 3416
f 3414 3416 3415
f 3416 3556 3557
f 3416 3557 3417
f 3417 3557 3558
f 3417 3558 3418
f 3418 3558 3559
f 3418 3559 3419
f 3419 3559 3560
f 3419 3560 3420
f 3420 3560 3423
f 3420 3423 3421
f 3421 3423 3422
f 3423 3560 3561
f 3423 3561 3424
f 3424 3562 3563
f 3424 3563 3425
f 3424 3561 3562
f 3425 3563 3564
f 3425 3564 3426
f 3426 3564 3565
f 3426 3565 3427
f 3427 3565 3566
f 3427 3566 3429
f 3428 3429 3567
f 3428 3567 3432
f 3429 3566 3567
f 3430 3432 3568
f 3430 3568 3569
f 3430 3569 3431
f 3431 3569 3433
f 3432 3567 3570
f 3432 3570 3568
f 3433 3569 3571
f 3433 3571 3572
f 3433 3572 3434
f 3434 3572 3573
f 3434 3573 3435
f 3435 3573 3574
f 3435 3574 3436
f 3436 3574 3575
f 3436 3575 3437
f 3437 3575 3576
f 3437 3576 3577
f 3437 3577 3438
f 3438 3577 3439
f 3439 3577 3578
f 3439 3578 3441
f 3440 3441 3579
f 3440 3579 3478
f 3441 3578 3580
f 3441 3580 3579
f 3442 3444 3450
f 3443 3477 3446
f 3444 3445 3581
f 3444 3581 3450
f 3445 3448 3582
f 3445 3582 3581
f 3446 3477 3583
f 3446 3583 3447
f 3447 3583 3584
f 3447 3584 3585
f 3447 3585 3448
f 3448 3586 3582
f 3448 3585 3586
f 3449 3587 3451
f 3449 3450 3588
f 3449 3588 3587
f 3450 3581 3588
f 3451 3587 3589
f 3451 3589 3590
f 3451 3590 3452
f 3452 3590 3453
f 3453 3591 3592
f 3453 3592 3454
f 3453 3590 3593
f 3453 3593 3591
f 3454 3592 3455
f 3455 3594 3595
f 3455 3595 3456
f 3455 3592 3594
f 3456 3595 3596
f 3456 3596 3458
f 3456 3458 3457
f 3458 3596 3738
f 3458 3738 3597
f 3458 3597 3459
f 3459 3597 3598
f 3459 3598 3492
f 3460 3599 3600
f 3460 3600 3461
f 3460 3463 3601
f 3460 3601 3599
f 3461 3600 3472
f 3463 3464 3602
f 3463 3602 3603
f 3463 3603 3601
f 3464 3466 3604
f 3464 3604 3602
f 3465 3470 3605
f 3465 3605 3606
f 3465 3606 3466
f 3466 3606 3604
f 3467 3483 3468
f 3468 3483 3607
f 3468 3607 3608
f 3468 3608 3469
f 3469 3609 3610
f 3469 3610 3471
f 3469 3608 3609
f 3470 3471 3610
f 3470 3610 3605
f 3472 3600 3611
f 3472 3611 3473
f 3473 3612 3613
f 3473 3613 3474
f 3473 3611 3612
f 3474 3613 3475
f 3475 3614 3476
f 3475 3613 3615
f 3475 3615 3614
f 3476 3614 3477
f 3477 3614 3583
f 3478 3579 3616
f 3478 3616 3479
f 3479 3616 3617
f 3479 3617 3480
f 3480 3618 3482
f 3480 3482 3481
f 3480 3617 3619
f 3480 3619 3618
f 3482 3618 3620
f 3482 3620 3484
f 3483 3621 3607
f 3483 3484 3622
f 3483 3622 3621
f 3484 3620 3622
f 3485 3623 3486
f 3485 3492 3623
f 3486 3623 3491
f 3487 3490 3624
f 3487 3624 3488
f 3488 3624 3625
f 3488 3625 3626
f 3488 3626 3493
f 3489 3627 3490
f 3489 3491 3628
f 3489 3628 3627
f 3490 3629 3624
f 3490 3627 3629
f 3491 3623 3630
f 3491 3630 3628
f 3492 3598 3630
f 3492 3630 3623
f 3493 3626 3494
f 3494 3631 3495
f 3494 3626 3631
f 3495 3631 3632
f 3495 3632 3496
f 3496 3632 3633
f 3496 3633 3497
f 3497 3633 3634
f 3497 3634 3498
f 3498 3635 3636
f 3498 3636 3499
f 3498 3634 3635
f 3499 3636 3637
f 3499 3637 3500
f 3500 3637 3638
f 3500 3638 3501
f 3501 3638 3502
f 3502 3638 3503
f 3503 3638 3639
f 3503 3639 3640
f 3503 3640 3641
f 3503 3641 3504
f 3504 3641 3642
f 3504 3642 3643
f 3504 3643 3505
f 3505 3643 3506
f 3506 3643 3644
f 3506 3644 3645
f 3506 3645 3507
f 3507 3645 3508
f 3508 3646 3509
f 3508 3645 3646
f 3509 3646 3510
f 3510 3646 3647
f 3510 3647 3648
f 3510 3648 3511
f 3511 3648 3512
f 3512 3649 3513
f 3512 3648 3649
f 3513 3650 3651
f 3513 3651 3514
f 3513 3649 3650
f 3514 3651 3652
f 3514 3652 3516
f 3514 3516 3515
f 3516 3653 3654
f 3516 3654 3517
f 3516 3652 3653
f 3517 3654 3655
f 3517 3655 3518
f 3518 3655 3519
f 3519 3655 3656
f 3519 3656 3520
f 3520 3657 3658
f 3520 3658 3521
f 3520 3656 3657
f 3521 3658 3659
f 3521 3659 3522
f 3522 3659 3523
f 3523 3659 3660
f 3523 3660 3524
f 3524 3660 3661
f 3524 3661 3662
f 3524 3662 3525
f 3525 3662 3663
f 3525 3663 3526
f 3526 3663 3664
f 3526 3664 3527
f 3527 3664 3528
f 3528 3664 3665
f 3528 3665 3666
f 3528 3666 3529
f 3529 3666 3667
f 3529 3667 3670
f 3529 3670 3535
f 3530 3668 3534
f 3530 3534 3531
f 3530 3669 3805
f 3530 3805 3668
f 3532 3535 3670
f 3532 3670 3671
f 3532 3671 3672
f 3532 3672 3673
f 3532 3673 3669
f 3533 3534 3536
f 3534 3668 3536
f 3536 3668 3674
f 3536 3674 3675
f 3536 3675 3676
f 3536 3676 3538
f 3536 3538 3537
f 3538 3676 3677
f 3538 3677 3540
f 3539 3540 3678
f 3539 3678 3541
f 3540 3677 3679
f 3540 3679 3680
f 3540 3680 3681
f 3540 3681 3678
f 3541 3678 3682
f 3541 3682 3542
f 3542 3682 3683
f 3542 3683 3543
f 3543 3683 3684
f 3543 3684 3545
f 3544 3550 3685
f 3545 3686 3546
f 3545 3684 3687
f 3545 3687 3686
f 3546 3686 3547
f 3547 3688 3548
f 3547 3686 3688
f 3548 3688 3689
f 3548 3689 3549
f 3549 3689 3690
f 3549 3690 3551
f 3550 3551 3691
f 3550 3691 3692
f 3550 3692 3685
f 3551 3690 3693
f 3551 3693 3691
f 3552 3694 3553
f 3553 3695 3831
f 3553 3831 3696
f 3553 3696 3554
f 3553 3694 3695
f 3554 3696 3697
f 3554 3697 3555
f 3555 3697 3556
f 3556 3698 3699
f 3556 3699 3557
f 3556 3697 3698
f 3557 3699 3700
f 3557 3700 3558
f 3558 3700 3701
f 3558 3701 3559
f 3559 3701 3560
f 3560 3702 3703
f 3560 3703 3561
f 3560 3701 3702
f 3561 3703 3562
f 3562 3703 3704
f 3562 3704 3705
f 3562 3705 3563
f 3563 3705 3706
f 3563 3706 3564
f 3564 3706 3565
f 3565 3706 3707
f 3565 3707 3709
f 3565 3709 3566
f 3566 3708 3567
f 3566 3709 3843
f 3566 3843 3708
f 3567 3708 3570
f 3568 3570 3569
f 3569 3570 3571
f 3570 3708 3710
f 3570 3710 3711
f 3570 3711 3571
f 3571 3711 3572
f 3572 3711 3712
f 3572 3712 3573
f 3573 3712 3713
f 3573 3713 3574
f 3574 3713 3714
f 3574 3714 3575
f 3575 3714 3715
f 3575 3715 3576
f 3576 3715 3716
f 3576 3716 3577
f 3577 3716 3717
f 3577 3717 3578
f 3578 3717 3718
f 3578 3718 3580
f 3579 3719 3616
f 3579 3580 3719
f 3580 3718 3719
f 3581 3720 3588
f 3581 3582 3720
f 3582 3721 3720
f 3582 3586 3721
f 3583 3614 3722
f 3583 3722 3584
f 3584 3723 3585
f 3584 3722 3724
f 3584 3724 3725
f 3584 3725 3723
f 3585 3723 3726
f 3585 3726 3586
f 3586 3727 3721
f 3586 3726 3727
f 3587 3728 3729
f 3587 3729 3730
f 3587 3730 3589
f 3587 3588 3732
f 3587 3732 3728
f 3588 3720 3731
f 3588 3731 3732
f 3589 3730 3590
f 3590 3730 3593
f 3591 3593 3733
f 3591 3733 3734
f 3591 3734 3874
f 3591 3874 3735
f 3591 3735 3592
f 3592 3735 3594
f 3593 3730 3733
f 3594 3735 3736
f 3594 3736 3595
f 3595 3736 3737
f 3595 3737 3596
f 3596 3737 3878
f 3596 3878 3738
f 3597 3738 3598
f 3598 3738 3739
f 3598 3739 3740
f 3598 3740 3630
f 3599 3741 3611
f 3599 3611 3600
f 3599 3601 3603
f 3599 3603 3742
f 3599 3742 3743
f 3599 3743 3741
f 3602 3604 3744
f 3602 3744 3603
f 3603 3744 3745
f 3603 3745 3742
f 3604 3606 3746
f 3604 3746 3744
f 3605 3610 3747
f 3605 3747 3606
f 3606 3747 3746
f 3607 3621 3748
f 3607 3748 3608
f 3608 3748 3609
f 3609 3748 3749
f 3609 3749 3750
f 3609 3750 3610
f 3610 3751 3752
f 3610 3752 3747
f 3610 3750 3751
f 3611 3741 3753
f 3611 3753 3612
f 3612 3754 3755
f 3612 3755 3613
f 3612 3753 3754
f 3613 3755 3615
f 3614 3615 3722
f 3615 3755 3724
f 3615 3724 3722
f 3616 3719 3756
f 3616 3756 3617
f 3617 3756 3757
f 3617 3757 3619
f 3618 3619 3620
f 3619 3758 3759
f 3619 3759 3620
f 3619 3757 3758
f 3620 3759 3622
f 3621 3760 3761
f 3621 3761 3748
f 3621 3622 3760
f 3622 3759 3762
f 3622 3762 3763
f 3622 3763 3760
f 3624 3764 3625
f 3624 3629 3764
f 3625 3764 3765
f 3625 3765 3626
f 3626 3765 3766
f 3626 3766 3767
f 3626 3767 3631
f 3627 3768 3629
f 3627 3628 3769
f 3627 3769 3768
f 3628 3630 3740
f 3628 3740 3769
f 3629 3768 3770
f 3629 3770 3764
f 3631 3767 3632
f 3632 3767 3771
f 3632 3771 3633
f 3633 3772 3634
f 3633 3771 3772
f 3634 3772 3773
f 3634 3773 3774
f 3634 3774 3635
f 3635 3774 3775
f 3635 3775 3636
f 3636 3775 3776
f 3636 3776 3637
f 3637 3776 3777
f 3637 3777 3638
f 3638 3777 3639
f 3639 3777 3778
f 3639 3778 3640
f 3640 3779 3780
f 3640 3780 3641
f 3640 3778 3779
f 3641 3780 3642
f 3642 3780 3781
f 3642 3781 3782
f 3642 3782 3643
f 3643 3782 3644
f 3644 3783 3645
f 3644 3782 3783
f 3645 3783 3784
f 3645 3784 3646
f 3646 3785 3647
f 3646 3784 3785
f 3647 3785 3786
f 3647 3786 3648
f 3648 3786 3649
f 3649 3786 3787
f 3649 3787 3650
f 3650 3788 3651
f 3650 3787 3788
f 3651 3789 3652
f 3651 3788 3789
f 3652 3789 3653
f 3653 3790 3791
f 3653 3791 3654
f 3653 3789 3790
f 3654 3791 3792
f 3654 3792 3655
f 3655 3792 3656
f 3656 3792 3793
f 3656 3793 3657
f 3657 3793 3794
f 3657 3794 3658
f 3658 3794 3795
f 3658 3795 3659
f 3659 3795 3660
f 3660 3796 3797
f 3660 3797 3661
f 3660 3795 3796
f 3661 3797 3798
f 3661 3798 3662
f 3662 3798 3799
f 3662 3799 3663
f 3663 3799 3665
f 3663 3665 3664
f 3665 3799 3800
f 3665 3800 3801
f 3665 3801 3802
f 3665 3802 3666
f 3666 3802 3803
f 3666 3803 3667
f 3667 3803 3804
f 3667 3804 3670
f 3668 3805 3814
f 3668 3814 3674
f 3669 3673 3805
f 3670 3804 3671
f 3671 3806 3807
f 3671 3807 3808
f 3671 3808 3672
f 3671 3804 3806
f 3672 3808 3673
f 3673 3809 3805
f 3673 3808 3810
f 3673 3810 3811
f 3673 3811 3809
f 3674 3812 3813
f 3674 3813 3675
f 3674 3814 3953
f 3674 3953 3812
f 3675 3813 3676
f 3676 3813 3677
f 3677 3813 3679
f 3678 3681 3815
f 3678 3815 3682
f 3679 3816 3680
f 3679 3813 3812
f 3679 3812 3817
f 3679 3817 3816
f 3680 3816 3681
f 3681 3816 3818
f 3681 3818 3815
f 3682 3815 3683
f 3683 3815 3819
f 3683 3819 3684
f 3684 3819 3820
f 3684 3820 3687
f 3686 3687 3821
f 3686 3821 3822
f 3686 3822 3688
f 3687 3820 3821
f 3688 3822 3823
f 3688 3823 3689
f 3689 3823 3824
f 3689 3824 3690
f 3690 3824 3825
f 3690 3825 3693
f 3691 3693 3826
f 3691 3826 3827
f 3691 3827 3692
f 3693 3825 3828
f 3693 3828 3826
f 3694 3829 3830
f 3694 3830 3695
f 3695 3830 3831
f 3696 3831 3697
f 3697 3831 3832
f 3697 3832 3833
f 3697 3833 3698
f 3698 3833 3834
f 3698 3834 3699
f 3699 3834 3835
f 3699 3835 3700
f 3700 3835 3701
f 3701 3835 3836
f 3701 3836 3837
f 3701 3837 3702
f 3702 3837 3838
f 3702 3838 3703
f 3703 3838 3704
f 3704 3839 3840
f 3704 3840 3705
f 3704 3838 3839
f 3705 3840 3841
f 3705 3841 3706
f 3706 3841 3842
f 3706 3842 3707
f 3707 3842 3844
f 3707 3844 3709
f 3708 3843 3845
f 3708 3845 3710
f 3709 3844 3985
f 3709 3985 3843
f 3710 3845 3846
f 3710 3846 3711
f 3711 3846 3847
f 3711 3847 3712
f 3712 3847 3848
f 3712 3848 3713
f 3713 3848 3849
f 3713 3849 3714
f 3714 3849 3715
f 3715 3849 3850
f 3715 3850 3716
f 3716 3850 3851
f 3716 3851 3717
f 3717 3851 3852
f 3717 3852 3718
f 3718 3853 3854
f 3718 3854 3719
f 3718 3852 3855
f 3718 3855 3853
f 3719 3854 3856
f 3719 3856 3756
f 3720 3721 3731
f 3721 3727 3857
f 3721 3857 3731
f 3723 3858 3726
f 3723 3725 3859
f 3723 3859 3858
f 3724 3755 3860
f 3724 3860 3861
f 3724 3861 3725
f 3725 3861 3862
f 3725 3862 3859
f 3726 3858 3863
f 3726 3863 3864
f 3726 3864 3727
f 3727 3865 3866
f 3727 3866 3857
f 3727 3864 3865
f 3728 3867 3868
f 3728 3868 3729
f 3728 3732 3869
f 3728 3869 3867
f 3729 3870 3730
f 3729 3868 3870
f 3730 3870 3733
f 3731 3857 3866
f 3731 3866 3871
f 3731 3871 3732
f 3732 3871 3869
f 3733 3872 3873
f 3733 3873 3734
f 3733 3870 3872
f 3734 3873 4017
f 3734 4017 3874
f 3735 3874 3875
f 3735 3875 3876
f 3735 3876 3736
f 3736 3876 4020
f 3736 4020 3877
f 3736 3877 3878
f 3736 3878 3737
f 3738 3878 3879
f 3738 3879 3739
f 3739 3880 3740
f 3739 3879 3880
f 3740 3881 3769
f 3740 3880 3881
f 3741 3743 3753
f 3742 3745 3882
f 3742 3882 3743
f 3743 3882 3883
f 3743 3883 3884
f 3743 3884 3753
f 3744 3746 3885
f 3744 3885 3745
f 3745 3885 3882
f 3746 3747 3885
f 3747 3886 3885
f 3747 3752 3886
f 3748 3761 3887
f 3748 3887 3749
f 3749 3887 3750
f 3750 3887 3888
f 3750 3888 3889
f 3750 3889 3890
f 3750 3890 3751
f 3751 3891 3892
f 3751 3892 3752
f 3751 3890 3891
f 3752 3892 3893
f 3752 3893 3894
f 3752 3894 3886
f 3753 3884 3895
f 3753 3895 3754
f 3754 3860 3755
f 3754 3895 3860
f 3756 3856 3896
f 3756 3896 3757
f 3757 3896 3897
f 3757 3897 3758
f 3758 3898 3759
f 3758 3897 3899
f 3758 3899 3898
f 3759 3898 3762
f 3760 3900 3761
f 3760 3763 3900
f 3761 3900 3901
f 3761 3901 3887
f 3762 3898 3902
f 3762 3902 3763
f 3763 3902 3903
f 3763 3903 3900
f 3764 3904 3765
f 3764 3770 3904
f 3765 3905 3766
f 3765 3904 3905
f 3766 3905 3906
f 3766 3906 3767
f 3767 3906 3907
f 3767 3907 3771
f 3768 3908 3910
f 3768 3910 3770
f 3768 3769 3908
f 3769 3881 3909
f 3769 3909 3908
f 3770 3910 3911
f 3770 3911 3904
f 3771 3907 3912
f 3771 3912 3772
f 3772 3912 3913
f 3772 3913 3773
f 3773 3914 3774
f 3773 3913 3914
f 3774 3914 3915
f 3774 3915 3916
f 3774 3916 3775
f 3775 3916 3917
f 3775 3917 3776
f 3776 3917 3918
f 3776 3918 3777
f 3777 3918 3778
f 3778 3918 3919
f 3778 3919 3779
f 3779 3920 3780
f 3779 3919 3920
f 3780 3920 3781
f 3781 3920 3921
f 3781 3921 3782
f 3782 3921 3922
f 3782 3922 3783
f 3783 3922 3923
f 3783 3923 3785
f 3783 3785 3784
f 3785 3924 3925
f 3785 3925 3786
f 3785 3923 3926
f 3785 3926 3924
f 3786 3925 3927
f 3786 3927 3787
f 3787 3927 3788
f 3788 3928 3929
f 3788 3929 3789
f 3788 3927 3930
f 3788 3930 3928
f 3789 3929 3931
f 3789 3931 3790
f 3790 3932 3933
f 3790 3933 3791
f 3790 3931 3932
f 3791 3933 3934
f 3791 3934 3792
f 3792 3934 3793
f 3793 3935 3794
f 3793 3934 3935
f 3794 3935 3936
f 3794 3936 3937
f 3794 3937 3938
f 3794 3938 3796
f 3794 3796 3795
f 3796 3938 3939
f 3796 3939 3940
f 3796 3940 3941
f 3796 3941 3797
f 3797 3941 3942
f 3797 3942 3798
f 3798 3942 3800
f 3798 3800 3799
f 3800 3943 3944
f 3800 3944 3801
f 3800 3942 3943
f 3801 3944 3945
f 3801 3945 3802
f 3802 3945 3946
f 3802 3946 3803
f 3803 3946 3947
f 3803 3947 3804
f 3804 3947 3806
f 3805 3809 3948
f 3805 3948 3814
f 3806 3947 3949
f 3806 3949 3950
f 3806 3950 3807
f 3807 3950 3951
f 3807 3951 3808
f 3808 3951 3810
f 3809 3811 3948
f 3810 3951 3811
f 3811 3951 3952
f 3811 3952 3948
f 3812 3953 3954
f 3812 3954 3817
f 3814 3948 3955
f 3814 3955 4100
f 3814 4100 3953
f 3815 3818 3956
f 3815 3956 3957
f 3815 3957 3819
f 3816 3817 3958
f 3816 3958 3818
f 3817 3954 3958
f 3818 3958 3959
f 3818 3959 3956
f 3819 3957 3820
f 3820 3957 3821
f 3821 3957 3960
f 3821 3960 3961
f 3821 3961 3822
f 3822 3961 3962
f 3822 3962 3823
f 3823 3962 3963
f 3823 3963 3824
f 3824 3963 3964
f 3824 3964 3825
f 3825 3964 3965
f 3825 3965 3828
f 3826 3828 3827
f 3827 3828 3967
f 3827 3967 3966
f 3828 3965 3968
f 3828 3968 3966
f 3828 3966 3967
f 3829 3969 3830
f 3830 3970 3971
f 3830 3971 3972
f 3830 3972 3831
f 3830 3969 3973
f 3830 3973 3970
f 3831 3972 3832
f 3832 3972 3974
f 3832 3974 3833
f 3833 3974 3975
f 3833 3975 3834
f 3834 3975 3976
f 3834 3976 3835
f 3835 3976 3836
f 3836 3976 3977
f 3836 3977 3978
f 3836 3978 3837
f 3837 3978 3979
f 3837 3979 3838
f 3838 3979 3839
f 3839 3979 3980
f 3839 3980 3981
f 3839 3981 3840
f 3840 3981 3841
f 3841 3981 3982
f 3841 3982 3983
f 3841 3983 3842
f 3842 3983 3984
f 3842 3984 3844
f 3843 3985 3987
f 3843 3987 3845
f 3844 3984 3986
f 3844 3986 3985
f 3845 3987 3846
f 3846 3987 3988
f 3846 3988 3989
f 3846 3989 3847
f 3847 3989 3990
f 3847 3990 3848
f 3848 3990 3991
f 3848 3991 3849
f 3849 3991 3850
f 3850 3991 3992
f 3850 3992 3851
f 3851 3992 3993
f 3851 3993 3852
f 3852 3994 3855
f 3852 3993 3994
f 3853 3995 3996
f 3853 3996 3856
f 3853 3856 3854
f 3853 3855 3997
f 3853 3997 3998
f 3853 3998 3995
f 3855 3994 3997
f 3856 3996 3896
f 3858 3859 3999
f 3858 3999 3863
f 3859 3862 3999
f 3860 4000 3861
f 3860 3895 4001
f 3860 4001 4000
f 3861 4000 3862
f 3862 4000 4002
f 3862 4002 4003
f 3862 4003 3999
f 3863 3999 4004
f 3863 4004 4005
f 3863 4005 4006
f 3863 4006 3864
f 3864 4006 3865
f 3865 4007 4008
f 3865 4008 3866
f 3865 4006 4007
f 3866 4008 4009
f 3866 4009 3871
f 3867 4010 3868
f 3867 3869 4011
f 3867 4011 4010
f 3868 4010 4012
f 3868 4012 3870
f 3869 3871 4009
f 3869 4009 4013
f 3869 4013 4011
f 3870 4012 3872
f 3872 4014 4015
f 3872 4015 3873
f 3872 4012 4016
f 3872 4016 4014
f 3873 4015 4017
f 3874 4017 4018
f 3874 4018 3875
f 3875 4018 4167
f 3875 4167 4019
f 3875 4019 4020
f 3875 4020 3876
f 3877 4020 4021
f 3877 4021 4022
f 3877 4022 3879
f 3877 3879 3878
f 3879 4022 3880
f 3880 4022 4023
f 3880 4023 3881
f 3881 4023 4024
f 3881 4024 3909
f 3882 3885 4025
f 3882 4025 4026
f 3882 4026 3883
f 3883 4026 4027
f 3883 4027 3884
f 3884 4027 3895
f 3885 3886 4025
f 3886 3894 4028
f 3886 4028 4029
f 3886 4029 4026
f 3886 4026 4025
f 3887 3901 4030
f 3887 4030 3888
f 3888 4030 4031
f 3888 4031 3889
f 3889 4031 4032
f 3889 4032 4033
f 3889 4033 3890
f 3890 4033 3891
f 3891 4034 4035
f 3891 4035 3892
f 3891 4033 4034
f 3892 4035 3893
f 3893 4035 4036
f 3893 4036 4037
f 3893 4037 3894
f 3894 4037 4174
f 3894 4174 4028
f 3895 4027 4038
f 3895 4038 4001
f 3896 3996 4039
f 3896 4039 3897
f 3897 4039 4040
f 3897 4040 4041
f 3897 4041 3899
f 3898 3899 4042
f 3898 4042 3902
f 3899 4041 4042
f 3900 4043 3901
f 3900 3903 4043
f 3901 4043 4030
f 3902 4042 4044
f 3902 4044 3903
f 3903 4044 4045
f 3903 4045 4043
f 3904 3911 3905
f 3905 4046 3906
f 3905 3911 4046
f 3906 4047 3907
f 3906 4046 4047
f 3907 4047 4048
f 3907 4048 4049
f 3907 4049 3912
f 3908 4050 4051
f 3908 4051 3910
f 3908 3909 4052
f 3908 4052 4050
f 3909 4024 4052
f 3910 4051 4053
f 3910 4053 3911
f 3911 4053 4046
f 3912 4049 3913
f 3913 4049 4054
f 3913 4054 3914
f 3914 4054 4195
f 3914 4195 4055
f 3914 4055 3915
f 3915 4056 4057
f 3915 4057 3916
f 3915 4055 4056
f 3916 4057 4058
f 3916 4058 3917
f 3917 4058 4059
f 3917 4059 3918
f 3918 4059 3919
f 3919 4059 4060
f 3919 4060 4061
f 3919 4061 4062
f 3919 4062 3920
f 3920 4061 4063
f 3920 4063 4064
f 3920 4064 3921
f 3920 4062 4061
f 3921 4064 4065
f 3921 4065 3923
f 3921 3923 3922
f 3923 4066 4067
f 3923 4067 3926
f 3923 4065 4066
f 3924 3926 4067
f 3924 4067 4068
f 3924 4068 4069
f 3924 4069 3925
f 3925 4069 3927
f 3927 4070 3930
f 3927 4069 4070
f 3928 3930 4071
f 3928 4071 4072
f 3928 4072 4073
f 3928 4073 3931
f 3928 3931 3929
f 3930 4070 4074
f 3930 4074 4071
f 3931 4073 4075
f 3931 4075 3932
f 3932 4075 4076
f 3932 4076 4077
f 3932 4077 3933
f 3933 4077 4080
f 3933 4080 4078
f 3933 4078 3934
f 3934 4078 3935
f 3935 4079 3936
f 3935 4078 4080
f 3935 4080 4079
f 3936 4081 3937
f 3936 4079 4081
f 3937 4082 3939
f 3937 3939 3938
f 3937 4081 4082
f 3939 4083 4084
f 3939 4084 3940
f 3939 4082 4085
f 3939 4085 4083
f 3940 4084 3941
f 3941 4084 4086
f 3941 4086 3942
f 3942 4086 3943
f 3943 4086 4087
f 3943 4087 4088
f 3943 4088 4089
f 3943 4089 3944
f 3944 4089 3945
f 3945 4090 4091
f 3945 4091 3946
f 3945 4089 4090
f 3946 4091 4092
f 3946 4092 3947
f 3947 4092 3949
f 3948 3952 4093
f 3948 4093 4094
f 3948 4094 4095
f 3948 4095 3955
f 3949 4096 3950
f 3949 4092 4096
f 3950 4096 4097
f 3950 4097 4098
f 3950 4098 4099
f 3950 4099 3951
f 3951 4099 4093
f 3951 4093 3952
f 3953 4100 4103
f 3953 4103 3954
f 3954 4101 4102
f 3954 4102 3958
f 3954 4103 4101
f 3955 4095 4100
f 3956 3959 4104
f 3956 4104 3957
f 3957 4105 3960
f 3957 4104 4106
f 3957 4106 4105
f 3958 4102 3959
f 3959 4102 4107
f 3959 4107 4104
f 3960 4105 3961
f 3961 4105 4108
f 3961 4108 3962
f 3962 4108 4109
f 3962 4109 3963
f 3963 4109 4110
f 3963 4110 3964
f 3964 4110 4111
f 3964 4111 3965
f 3965 4112 3968
f 3965 4111 4112
f 3966 3968 4113
f 3968 4112 4114
f 3968 4114 4115
f 3968 4115 4113
f 3970 4116 4117
f 3970 4117 3971
f 3970 3973 4116
f 3971 4117 3972
f 3972 4118 4119
f 3972 4119 3974
f 3972 4117 4118
f 3973 4120 4116
f 3974 4119 4121
f 3974 4121 3975
f 3975 4121 4122
f 3975 4122 3976
f 3976 4122 4123
f 3976 4123 3977
f 3977 4123 4124
f 3977 4124 3978
f 3978 4124 4125
f 3978 4125 3979
f 3979 4125 3980
f 3980 4125 4126
f 3980 4126 4127
f 3980 4127 4128
f 3980 4128 3981
f 3981 4128 3982
f 3982 4128 4129
f 3982 4129 4130
f 3982 4130 3983
f 3983 4130 4131
f 3983 4131 3984
f 3984 4131 4132
f 3984 4132 4134
f 3984 4134 3986
f 3985 3986 3987
f 3986 4133 3987
f 3986 4134 4135
f 3986 4135 4133
f 3987 4133 3988
f 3988 4133 4136
f 3988 4136 3989
f 3989 4136 4137
f 3989 4137 4138
f 3989 4138 3990
f 3990 4139 3991
f 3990 4138 4140
f 3990 4140 4139
f 3991 4139 4142
f 3991 4142 3992
f 3992 4141 3993
f 3992 4142 4141
f 3993 4141 3994
f 3994 4141 4143
f 3994 4143 3997
f 3995 3998 4144
f 3995 4144 4145
f 3995 4145 4039
f 3995 4039 3996
f 3997 4143 4146
f 3997 4146 3998
f 3998 4147 4144
f 3998 4146 4147
f 3999 4003 4004
f 4000 4001 4148
f 4000 4148 4002
f 4001 4038 4148
f 4002 4149 4003
f 4002 4148 4292
f 4002 4292 4149
f 4003 4149 4150
f 4003 4150 4004
f 4004 4151 4005
f 4004 4150 4152
f 4004 4152 4151
f 4005 4151 4153
f 4005 4153 4006
f 4006 4154 4007
f 4006 4153 4154
f 4007 4155 4156
f 4007 4156 4008
f 4007 4154 4298
f 4007 4298 4155
f 4008 4156 4157
f 4008 4157 4009
f 4009 4157 4160
f 4009 4160 4013
f 4010 4158 4016
f 4010 4016 4012
f 4010 4011 4158
f 4011 4159 4303
f 4011 4303 4158
f 4011 4013 4160
f 4011 4160 4159
f 4014 4161 4162
f 4014 4162 4015
f 4014 4016 4164
f 4014 4164 4161
f 4015 4162 4310
f 4015 4310 4163
f 4015 4163 4017
f 4016 4158 4303
f 4016 4303 4164
f 4017 4163 4165
f 4017 4165 4018
f 4018 4165 4166
f 4018 4166 4167
f 4019 4167 4168
f 4019 4168 4021
f 4019 4021 4020
f 4021 4168 4169
f 4021 4169 4023
f 4021 4023 4022
f 4023 4169 4024
f 4024 4169 4170
f 4024 4170 4052
f 4026 4029 4171
f 4026 4171 4172
f 4026 4172 4027
f 4027 4173 4038
f 4027 4172 4173
f 4028 4174 4175
f 4028 4175 4171
f 4028 4171 4029
f 4030 4176 4031
f 4030 4043 4177
f 4030 4177 4176
f 4031 4176 4178
f 4031 4178 4032
f 4032 4179 4180
f 4032 4180 4033
f 4032 4178 4179
f 4033 4180 4034
f 4034 4180 4181
f 4034 4181 4182
f 4034 4182 4035
f 4035 4182 4036
f 4036 4183 4184
f 4036 4184 4037
f 4036 4182 4183
f 4037 4184 4174
f 4038 4173 4148
f 4039 4145 4040
f 4040 4185 4041
f 4040 4145 4185
f 4041 4185 4186
f 4041 4186 4187
f 4041 4187 4042
f 4042 4187 4044
f 4043 4045 4188
f 4043 4188 4177
f 4044 4187 4189
f 4044 4189 4045
f 4045 4190 4188
f 4045 4189 4190
f 4046 4053 4191
f 4046 4191 4047
f 4047 4191 4192
f 4047 4192 4048
f 4048 4192 4193
f 4048 4193 4049
f 4049 4194 4195
f 4049 4195 4054
f 4049 4193 4194
f 4050 4052 4196
f 4050 4196 4197
f 4050 4197 4051
f 4051 4197 4198
f 4051 4198 4199
f 4051 4199 4053
f 4052 4170 4196
f 4053 4199 4191
f 4055 4195 4200
f 4055 4200 4056
f 4056 4201 4202
f 4056 4202 4203
f 4056 4203 4057
f 4056 4200 4201
f 4057 4203 4204
f 4057 4204 4058
f 4058 4204 4205
f 4058 4205 4059
f 4059 4205 4060
f 4060 4205 4206
f 4060 4206 4207
f 4060 4207 4061
f 4061 4208 4209
f 4061 4209 4064
f 4061 4064 4063
f 4061 4207 4208
f 4064 4209 4210
f 4064 4210 4211
f 4064 4211 4065
f 4065 4211 4066
f 4066 4212 4213
f 4066 4213 4067
f 4066 4211 4212
f 4067 4213 4214
f 4067 4214 4068
f 4068 4214 4215
f 4068 4215 4069
f 4069 4215 4070
f 4070 4215 4074
f 4071 4216 4217
f 4071 4217 4072
f 4071 4074 4216
f 4072 4217 4073
f 4073 4217 4218
f 4073 4218 4075
f 4074 4219 4216
f 4074 4215 4220
f 4074 4220 4219
f 4075 4221 4076
f 4075 4218 4221
f 4076 4221 4222
f 4076 4222 4223
f 4076 4223 4077
f 4077 4223 4080
f 4079 4224 4225
f 4079 4225 4081
f 4079 4080 4226
f 4079 4226 4224
f 4080 4223 4226
f 4081 4225 4082
f 4082 4225 4085
f 4083 4085 4227
f 4083 4227 4228
f 4083 4228 4229
f 4083 4229 4084
f 4084 4229 4230
f 4084 4230 4087
f 4084 4087 4086
f 4085 4225 4231
f 4085 4231 4227
f 4087 4232 4233
f 4087 4233 4088
f 4087 4230 4232
f 4088 4233 4234
f 4088 4234 4089
f 4089 4234 4235
f 4089 4235 4090
f 4090 4235 4236
f 4090 4236 4091
f 4091 4236 4237
f 4091 4237 4092
f 4092 4237 4096
f 4093 4238 4094
f 4093 4099 4098
f 4093 4098 4239
f 4093 4239 4386
f 4093 4386 4238
f 4094 4240 4095
f 4094 4238 4240
f 4095 4241 4100
f 4095 4240 4241
f 4096 4242 4243
f 4096 4243 4097
f 4096 4237 4242
f 4097 4243 4098
f 4098 4243 4244
f 4098 4244 4388
f 4098 4388 4239
f 4100 4241 4103
f 4101 4245 4107
f 4101 4107 4102
f 4101 4103 4247
f 4101 4247 4246
f 4101 4246 4393
f 4101 4393 4245
f 4103 4241 4247
f 4104 4107 4248
f 4104 4248 4106
f 4105 4106 4249
f 4105 4249 4250
f 4105 4250 4251
f 4105 4251 4108
f 4106 4248 4249
f 4107 4245 4248
f 4108 4251 4109
f 4109 4251 4252
f 4109 4252 4110
f 4110 4253 4111
f 4110 4252 4399
f 4110 4399 4253
f 4111 4253 4254
f 4111 4254 4112
f 4112 4254 4255
f 4112 4255 4114
f 4114 4255 4256
f 4114 4256 4257
f 4114 4257 4115
f 4116 4258 4117
f 4116 4120 4258
f 4117 4258 4259
f 4117 4259 4260
f 4117 4260 4118
f 4118 4260 4408
f 4118 4408 4261
f 4118 4261 4119
f 4119 4261 4262
f 4119 4262 4121
f 4120 4263 4405
f 4120 4405 4258
f 4121 4262 4122
f 4122 4262 4264
f 4122 4264 4265
f 4122 4265 4123
f 4123 4265 4269
f 4123 4269 4266
f 4123 4266 4124
f 4124 4266 4126
f 4124 4126 4125
f 4126 4267 4268
f 4126 4268 4127
f 4126 4266 4269
f 4126 4269 4267
f 4127 4268 4270
f 4127 4270 4128
f 4128 4270 4129
f 4129 4270 4271
f 4129 4271 4130
f 4130 4271 4272
f 4130 4272 4131
f 4131 4272 4273
f 4131 4273 4132
f 4132 4273 4274
f 4132 4274 4134
f 4133 4135 4277
f 4133 4277 4136
f 4134 4274 4135
f 4135 4274 4275
f 4135 4275 4276
f 4135 4276 4277
f 4136 4277 4137
f 4137 4278 4138
f 4137 4277 4276
f 4137 4276 4279
f 4137 4279 4278
f 4138 4278 4140
f 4139 4140 4280
f 4139 4280 4281
f 4139 4281 4283
f 4139 4283 4142
f 4140 4278 4280
f 4141 4142 4283
f 4141 4283 4282
f 4141 4282 4143
f 4143 4282 4284
f 4143 4284 4146
f 4144 4285 4286
f 4144 4286 4145
f 4144 4147 4287
f 4144 4287 4285
f 4145 4286 4185
f 4146 4284 4288
f 4146 4288 4147
f 4147 4288 4287
f 4148 4173 4289
f 4148 4289 4290
f 4148 4290 4291
f 4148 4291 4292
f 4149 4292 4293
f 4149 4293 4150
f 4150 4294 4151
f 4150 4151 4152
f 4150 4293 4294
f 4151 4295 4153
f 4151 4294 4296
f 4151 4296 4295
f 4153 4295 4443
f 4153 4443 4297
f 4153 4297 4298
f 4153 4298 4154
f 4155 4299 4301
f 4155 4301 4156
f 4155 4298 4300
f 4155 4300 4299
f 4156 4301 4157
f 4157 4302 4306
f 4157 4306 4160
f 4157 4301 4302
f 4159 4304 4305
f 4159 4305 4303
f 4159 4160 4306
f 4159 4306 4304
f 4161 4307 4162
f 4161 4164 4307
f 4162 4308 4309
f 4162 4309 4310
f 4162 4307 4308
f 4163 4310 4312
f 4163 4312 4165
f 4164 4303 4305
f 4164 4305 4311
f 4164 4311 4307
f 4165 4312 4313
f 4165 4313 4166
f 4166 4313 4461
f 4166 4461 4314
f 4166 4314 4315
f 4166 4315 4167
f 4167 4315 4168
f 4168 4315 4316
f 4168 4316 4317
f 4168 4317 4169
f 4169 4317 4170
f 4170 4318 4196
f 4170 4317 4318
f 4171 4175 4319
f 4171 4319 4320
f 4171 4320 4173
f 4171 4173 4172
f 4173 4290 4289
f 4173 4320 4290
f 4174 4321 4175
f 4174 4184 4322
f 4174 4322 4321
f 4175 4321 4465
f 4175 4465 4319
f 4176 4323 4178
f 4176 4177 4188
f 4176 4188 4323
f 4178 4323 4324
f 4178 4324 4325
f 4178 4325 4326
f 4178 4326 4179
f 4179 4326 4327
f 4179 4327 4180
f 4180 4327 4181
f 4181 4327 4328
f 4181 4328 4329
f 4181 4329 4182
f 4182 4329 4183
f 4183 4329 4330
f 4183 4330 4331
f 4183 4331 4184
f 4184 4331 4322
f 4185 4332 4333
f 4185 4333 4186
f 4185 4286 4433
f 4185 4433 4332
f 4186 4333 4334
f 4186 4334 4335
f 4186 4335 4187
f 4187 4335 4189
f 4188 4190 4336
f 4188 4336 4337
f 4188 4337 4323
f 4189 4335 4334
f 4189 4334 4338
f 4189 4338 4190
f 4190 4339 4336
f 4190 4338 4339
f 4191 4199 4340
f 4191 4340 4192
f 4192 4341 4193
f 4192 4340 4341
f 4193 4341 4481
f 4193 4481 4342
f 4193 4342 4194
f 4194 4343 4195
f 4194 4342 4343
f 4195 4344 4200
f 4195 4343 4344
f 4196 4345 4197
f 4196 4318 4345
f 4197 4346 4198
f 4197 4345 4346
f 4198 4346 4347
f 4198 4347 4199
f 4199 4348 4349
f 4199 4349 4340
f 4199 4347 4348
f 4200 4344 4350
f 4200 4350 4201
f 4201 4350 4202
f 4202 4350 4351
f 4202 4351 4352
f 4202 4352 4353
f 4202 4353 4203
f 4203 4353 4204
f 4204 4353 4354
f 4204 4354 4205
f 4205 4354 4206
f 4206 4354 4355
f 4206 4355 4356
f 4206 4356 4207
f 4207 4356 4208
f 4208 4356 4357
f 4208 4357 4358
f 4208 4358 4209
f 4209 4358 4210
f 4210 4358 4359
f 4210 4359 4360
f 4210 4360 4211
f 4211 4360 4212
f 4212 4361 4362
f 4212 4362 4213
f 4212 4360 4361
f 4213 4362 4214
f 4214 4362 4363
f 4214 4363 4220
f 4214 4220 4215
f 4216 4364 4217
f 4216 4219 4364
f 4217 4365 4366
f 4217 4366 4218
f 4217 4364 4365
f 4218 4366 4369
f 4218 4369 4221
f 4219 4220 4368
f 4219 4368 4367
f 4219 4367 4364
f 4220 4363 4368
f 4221 4369 4222
f 4222 4369 4370
f 4222 4370 4371
f 4222 4371 4372
f 4222 4372 4223
f 4223 4372 4375
f 4223 4375 4226
f 4224 4373 4225
f 4224 4226 4373
f 4225 4373 4374
f 4225 4374 4231
f 4226 4375 4373
f 4227 4231 4379
f 4227 4379 4376
f 4227 4376 4377
f 4227 4377 4228
f 4228 4377 4520
f 4228 4520 4378
f 4228 4378 4230
f 4228 4230 4229
f 4230 4378 4232
f 4231 4374 4515
f 4231 4515 4379
f 4232 4378 4520
f 4232 4520 4380
f 4232 4380 4381
f 4232 4381 4233
f 4233 4381 4382
f 4233 4382 4234
f 4234 4382 4383
f 4234 4383 4235
f 4235 4383 4528
f 4235 4528 4384
f 4235 4384 4236
f 4236 4384 4385
f 4236 4385 4237
f 4237 4385 4242
f 4238 4386 4387
f 4238 4387 4240
f 4239 4388 4530
f 4239 4530 4386
f 4240 4387 4389
f 4240 4389 4241
f 4241 4389 4247
f 4242 4390 4392
f 4242 4392 4243
f 4242 4385 4529
f 4242 4529 4390
f 4243 4391 4244
f 4243 4392 4391
f 4244 4391 4388
f 4245 4393 4394
f 4245 4394 4248
f 4246 4247 4395
f 4246 4395 4542
f 4246 4542 4393
f 4247 4389 4396
f 4247 4396 4395
f 4248 4394 4249
f 4249 4394 4397
f 4249 4397 4250
f 4250 4398 4251
f 4250 4397 4398
f 4251 4398 4252
f 4252 4398 4399
f 4253 4400 4254
f 4253 4399 4400
f 4254 4401 4255
f 4254 4400 4402
f 4254 4402 4401
f 4255 4401 4256
f 4256 4401 4403
f 4256 4403 4404
f 4256 4404 4257
f 4258 4405 4406
f 4258 4406 4259
f 4259 4406 4407
f 4259 4407 4260
f 4260 4407 4558
f 4260 4558 4408
f 4261 4408 4262
f 4262 4409 4410
f 4262 4410 4264
f 4262 4408 4409
f 4263 4411 4405
f 4264 4410 4412
f 4264 4412 4265
f 4265 4412 4415
f 4265 4415 4269
f 4267 4269 4413
f 4267 4413 4268
f 4268 4413 4414
f 4268 4414 4416
f 4268 4416 4270
f 4269 4415 4413
f 4270 4416 4417
f 4270 4417 4418
f 4270 4418 4271
f 4271 4419 4420
f 4271 4420 4272
f 4271 4418 4419
f 4272 4420 4273
f 4273 4420 4421
f 4273 4421 4422
f 4273 4422 4274
f 4274 4422 4423
f 4274 4423 4275
f 4275 4423 4276
f 4276 4424 4279
f 4276 4423 4425
f 4276 4425 4424
f 4278 4279 4426
f 4278 4426 4280
f 4279 4424 4426
f 4280 4426 4427
f 4280 4427 4281
f 4281 4428 4429
f 4281 4429 4283
f 4281 4427 4428
f 4282 4430 4284
f 4282 4283 4429
f 4282 4429 4431
f 4282 4431 4430
f 4284 4430 4288
f 4285 4432 4433
f 4285 4433 4286
f 4285 4287 4434
f 4285 4434 4432
f 4287 4288 4435
f 4287 4435 4436
f 4287 4436 4434
f 4288 4430 4435
f 4290 4437 4291
f 4290 4320 4438
f 4290 4438 4437
f 4291 4437 4439
f 4291 4439 4293
f 4291 4293 4292
f 4293 4439 4440
f 4293 4440 4441
f 4293 4441 4294
f 4294 4441 4589
f 4294 4589 4442
f 4294 4442 4444
f 4294 4444 4296
f 4295 4296 4444
f 4295 4444 4443
f 4297 4443 4445
f 4297 4445 4446
f 4297 4446 4300
f 4297 4300 4298
f 4299 4447 4301
f 4299 4300 4448
f 4299 4448 4447
f 4300 4446 4449
f 4300 4449 4448
f 4301 4447 4450
f 4301 4450 4451
f 4301 4451 4302
f 4302 4451 4452
f 4302 4452 4306
f 4304 4453 4305
f 4304 4306 4454
f 4304 4454 4453
f 4305 4453 4311
f 4306 4452 4454
f 4307 4455 4457
f 4307 4457 4308
f 4307 4311 4456
f 4307 4456 4455
f 4308 4457 4458
f 4308 4458 4309
f 4309 4458 4607
f 4309 4607 4459
f 4309 4459 4312
f 4309 4312 4310
f 4311 4453 4456
f 4312 4459 4313
f 4313 4460 4610
f 4313 4610 4461
f 4313 4459 4460
f 4314 4461 4612
f 4314 4612 4462
f 4314 4462 4316
f 4314 4316 4315
f 4316 4462 4463
f 4316 4463 4464
f 4316 4464 4318
f 4316 4318 4317
f 4318 4464 4345
f 4319 4465 4438
f 4319 4438 4320
f 4321 4466 4465
f 4321 4322 4467
f 4321 4467 4466
f 4322 4331 4467
f 4323 4337 4468
f 4323 4468 4324
f 4324 4468 4469
f 4324 4469 4470
f 4324 4470 4325
f 4325 4470 4326
f 4326 4471 4472
f 4326 4472 4327
f 4326 4470 4471
f 4327 4472 4473
f 4327 4473 4328
f 4328 4473 4329
f 4329 4473 4330
f 4330 4473 4331
f 4331 4474 4617
f 4331 4617 4467
f 4331 4473 4474
f 4332 4475 4333
f 4332 4433 4582
f 4332 4582 4475
f 4333 4476 4334
f 4333 4475 4476
f 4334 4476 4477
f 4334 4477 4478
f 4334 4478 4338
f 4336 4339 4479
f 4336 4479 4468
f 4336 4468 4337
f 4338 4478 4339
f 4339 4480 4479
f 4339 4478 4480
f 4340 4349 4341
f 4341 4349 4481
f 4342 4481 4633
f 4342 4633 4482
f 4342 4482 4343
f 4343 4483 4484
f 4343 4484 4344
f 4343 4482 4483
f 4344 4484 4350
f 4345 4485 4346
f 4345 4464 4485
f 4346 4485 4486
f 4346 4486 4347
f 4347 4486 4348
f 4348 4487 4488
f 4348 4488 4349
f 4348 4486 4489
f 4348 4489 4487
f 4349 4488 4481
f 4350 4490 4351
f 4350 4484 4490
f 4351 4490 4641
f 4351 4641 4491
f 4351 4491 4492
f 4351 4492 4352
f 4352 4492 4646
f 4352 4646 4493
f 4352 4493 4353
f 4353 4493 4494
f 4353 4494 4495
f 4353 4495 4354
f 4354 4495 4355
f 4355 4495 4496
f 4355 4496 4497
f 4355 4497 4356
f 4356 4497 4357
f 4357 4497 4498
f 4357 4498 4499
f 4357 4499 4358
f 4358 4499 4359
f 4359 4499 4500
f 4359 4500 4360
f 4360 4500 4501
f 4360 4501 4502
f 4360 4502 4361
f 4361 4502 4503
f 4361 4503 4362
f 4362 4503 4363
f 4363 4503 4368
f 4364 4367 4508
f 4364 4508 4504
f 4364 4504 4505
f 4364 4505 4365
f 4365 4505 4506
f 4365 4506 4366
f 4366 4506 4370
f 4366 4370 4369
f 4367 4368 4507
f 4367 4507 4508
f 4368 4503 4509
f 4368 4509 4510
f 4368 4510 4507
f 4370 4511 4512
f 4370 4512 4371
f 4370 4506 4656
f 4370 4656 4511
f 4371 4512 4513
f 4371 4513 4372
f 4372 4513 4516
f 4372 4516 4375
f 4373 4375 4516
f 4373 4516 4514
f 4373 4514 4515
f 4373 4515 4374
f 4376 4379 4517
f 4376 4517 4518
f 4376 4518 4377
f 4377 4518 4519
f 4377 4519 4522
f 4377 4522 4520
f 4379 4515 4521
f 4379 4521 4517
f 4380 4520 4522
f 4380 4522 4523
f 4380 4523 4524
f 4380 4524 4381
f 4381 4524 4525
f 4381 4525 4382
f 4382 4525 4383
f 4383 4525 4526
f 4383 4526 4527
f 4383 4527 4528
f 4384 4528 4529
f 4384 4529 4385
f 4386 4530 4531
f 4386 4531 4532
f 4386 4532 4387
f 4387 4533 4389
f 4387 4532 4533
f 4388 4391 4534
f 4388 4534 4677
f 4388 4677 4530
f 4389 4533 4396
f 4390 4529 4535
f 4390 4535 4536
f 4390 4536 4539
f 4390 4539 4392
f 4391 4392 4539
f 4391 4539 4537
f 4391 4537 4538
f 4391 4538 4534
f 4393 4540 4541
f 4393 4541 4397
f 4393 4397 4394
f 4393 4542 4540
f 4395 4396 4543
f 4395 4543 4544
f 4395 4544 4689
f 4395 4689 4542
f 4396 4533 4543
f 4397 4545 4546
f 4397 4546 4398
f 4397 4541 4545
f 4398 4546 4547
f 4398 4547 4548
f 4398 4548 4549
f 4398 4549 4399
f 4399 4549 4400
f 4400 4549 4550
f 4400 4550 4402
f 4401 4402 4551
f 4401 4551 4552
f 4401 4552 4403
f 4402 4550 4551
f 4403 4552 4553
f 4403 4553 4554
f 4403 4554 4404
f 4405 4555 4556
f 4405 4556 4406
f 4405 4411 4555
f 4406 4556 4407
f 4407 4556 4557
f 4407 4557 4704
f 4407 4704 4558
f 4408 4558 4559
f 4408 4559 4409
f 4409 4559 4560
f 4409 4560 4410
f 4410 4560 4562
f 4410 4562 4412
f 4411 4561 4555
f 4412 4562 4565
f 4412 4565 4415
f 4413 4415 4565
f 4413 4565 4563
f 4413 4563 4564
f 4413 4564 4414
f 4414 4564 4566
f 4414 4566 4416
f 4416 4566 4567
f 4416 4567 4417
f 4417 4567 4715
f 4417 4715 4568
f 4417 4568 4419
f 4417 4419 4418
f 4419 4568 4569
f 4419 4569 4420
f 4420 4569 4570
f 4420 4570 4421
f 4421 4570 4422
f 4422 4570 4571
f 4422 4571 4572
f 4422 4572 4423
f 4423 4572 4575
f 4423 4575 4425
f 4424 4425 4575
f 4424 4575 4573
f 4424 4573 4574
f 4424 4574 4426
f 4426 4574 4427
f 4427 4574 4576
f 4427 4576 4428
f 4428 4577 4429
f 4428 4576 4577
f 4429 4577 4578
f 4429 4578 4580
f 4429 4580 4431
f 4430 4431 4580
f 4430 4580 4579
f 4430 4579 4436
f 4430 4436 4435
f 4432 4581 4731
f 4432 4731 4582
f 4432 4582 4433
f 4432 4434 4583
f 4432 4583 4581
f 4434 4436 4584
f 4434 4584 4583
f 4436 4579 4727
f 4436 4727 4584
f 4437 4438 4585
f 4437 4585 4586
f 4437 4586 4439
f 4438 4465 4585
f 4439 4586 4440
f 4440 4587 4589
f 4440 4589 4441
f 4440 4586 4588
f 4440 4588 4737
f 4440 4737 4587
f 4442 4589 4590
f 4442 4590 4591
f 4442 4591 4445
f 4442 4445 4444
f 4443 4444 4445
f 4445 4592 4446
f 4445 4591 4593
f 4445 4593 4592
f 4446 4592 4449
f 4447 4594 4595
f 4447 4595 4450
f 4447 4448 4596
f 4447 4596 4594
f 4448 4449 4596
f 4449 4592 4597
f 4449 4597 4598
f 4449 4598 4596
f 4450 4595 4451
f 4451 4595 4599
f 4451 4599 4600
f 4451 4600 4452
f 4452 4600 4602
f 4452 4602 4454
f 4453 4454 4601
f 4453 4601 4456
f 4454 4602 4601
f 4455 4603 4604
f 4455 4604 4457
f 4455 4456 4605
f 4455 4605 4603
f 4456 4601 4605
f 4457 4604 4606
f 4457 4606 4458
f 4458 4606 4607
f 4459 4607 4608
f 4459 4608 4460
f 4460 4608 4609
f 4460 4609 4610
f 4461 4610 4611
f 4461 4611 4612
f 4462 4612 4613
f 4462 4613 4463
f 4463 4613 4766
f 4463 4766 4614
f 4463 4614 4464
f 4464 4614 4485
f 4465 4615 4585
f 4465 4466 4615
f 4466 4616 4767
f 4466 4767 4615
f 4466 4467 4617
f 4466 4617 4616
f 4468 4618 4469
f 4468 4479 4619
f 4468 4619 4618
f 4469 4620 4621
f 4469 4621 4470
f 4469 4618 4770
f 4469 4770 4620
f 4470 4621 4622
f 4470 4622 4471
f 4471 4622 4623
f 4471 4623 4472
f 4472 4623 4779
f 4472 4779 4624
f 4472 4624 4625
f 4472 4625 4473
f 4473 4624 4626
f 4473 4626 4474
f 4473 4625 4624
f 4474 4627 4769
f 4474 4769 4617
f 4474 4626 4624
f 4474 4624 4779
f 4474 4779 4627
f 4475 4628 4629
f 4475 4629 4476
f 4475 4582 4731
f 4475 4731 4628
f 4476 4629 4630
f 4476 4630 4477
f 4477 4630 4631
f 4477 4631 4478
f 4478 4631 4632
f 4478 4632 4480
f 4479 4480 4619
f 4480 4632 4771
f 4480 4771 4619
f 4481 4488 4633
f 4482 4633 4788
f 4482 4788 4634
f 4482 4634 4635
f 4482 4635 4483
f 4483 4635 4636
f 4483 4636 4484
f 4484 4636 4641
f 4484 4641 4490
f 4485 4614 4486
f 4486 4637 4489
f 4486 4614 4637
f 4487 4638 4639
f 4487 4639 4488
f 4487 4489 4640
f 4487 4640 4638
f 4488 4639 4788
f 4488 4788 4633
f 4489 4637 4792
f 4489 4792 4640
f 4491 4641 4642
f 4491 4642 4643
f 4491 4643 4492
f 4492 4643 4644
f 4492 4644 4645
f 4492 4645 4646
f 4493 4646 4647
f 4493 4647 4494
f 4494 4647 4802
f 4494 4802 4648
f 4494 4648 4495
f 4495 4648 4496
f 4496 4648 4497
f 4497 4648 4649
f 4497 4649 4650
f 4497 4650 4498
f 4498 4650 4651
f 4498 4651 4499
f 4499 4651 4652
f 4499 4652 4500
f 4500 4652 4653
f 4500 4653 4501
f 4501 4653 4502
f 4502 4510 4503
f 4502 4653 4510
f 4503 4510 4509
f 4504 4654 4655
f 4504 4655 4505
f 4504 4508 4659
f 4504 4659 4654
f 4505 4655 4656
f 4505 4656 4506
f 4507 4657 4811
f 4507 4811 4658
f 4507 4658 4659
f 4507 4659 4508
f 4507 4510 4657
f 4510 4653 4660
f 4510 4660 4661
f 4510 4661 4657
f 4511 4662 4663
f 4511 4663 4512
f 4511 4656 4810
f 4511 4810 4662
f 4512 4663 4513
f 4513 4663 4664
f 4513 4664 4665
f 4513 4665 4516
f 4514 4516 4665
f 4514 4665 4666
f 4514 4666 4521
f 4514 4521 4515
f 4517 4521 4667
f 4517 4667 4668
f 4517 4668 4518
f 4518 4668 4669
f 4518 4669 4519
f 4519 4669 4522
f 4521 4666 4670
f 4521 4670 4671
f 4521 4671 4667
f 4522 4669 4523
f 4523 4672 4673
f 4523 4673 4524
f 4523 4669 4672
f 4524 4673 4674
f 4524 4674 4525
f 4525 4674 4675
f 4525 4675 4526
f 4526 4675 4676
f 4526 4676 4527
f 4527 4676 4535
f 4527 4535 4529
f 4527 4529 4528
f 4530 4677 4678
f 4530 4678 4531
f 4531 4678 4835
f 4531 4835 4679
f 4531 4679 4680
f 4531 4680 4532
f 4532 4680 4533
f 4533 4680 4543
f 4534 4538 4685
f 4534 4685 4677
f 4535 4676 4681
f 4535 4681 4536
f 4536 4682 4683
f 4536 4683 4539
f 4536 4681 4682
f 4537 4539 4683
f 4537 4683 4684
f 4537 4684 4686
f 4537 4686 4538
f 4538 4686 4840
f 4538 4840 4685
f 4540 4542 4687
f 4540 4687 4688
f 4540 4688 4545
f 4540 4545 4541
f 4542 4689 4687
f 4543 4680 4679
f 4543 4679 4690
f 4543 4690 4544
f 4544 4691 4847
f 4544 4847 4689
f 4544 4690 4691
f 4545 4547 4546
f 4545 4688 4547
f 4547 4688 4692
f 4547 4692 4548
f 4548 4693 4694
f 4548 4694 4549
f 4548 4692 4693
f 4549 4694 4550
f 4550 4694 4695
f 4550 4695 4551
f 4551 4696 4552
f 4551 4695 4853
f 4551 4853 4696
f 4552 4697 4698
f 4552 4698 4553
f 4552 4696 4697
f 4553 4698 4699
f 4553 4699 4554
f 4555 4700 4556
f 4555 4561 4700
f 4556 4700 4701
f 4556 4701 4702
f 4556 4702 4557
f 4557 4702 4703
f 4557 4703 4704
f 4558 4704 4705
f 4558 4705 4559
f 4559 4705 4560
f 4560 4705 4706
f 4560 4706 4562
f 4561 4707 4708
f 4561 4708 4700
f 4562 4706 4709
f 4562 4709 4710
f 4562 4710 4565
f 4563 4565 4710
f 4563 4710 4711
f 4563 4711 4712
f 4563 4712 4564
f 4564 4712 4713
f 4564 4713 4566
f 4566 4713 4567
f 4567 4714 4715
f 4567 4713 4716
f 4567 4716 4714
f 4568 4715 4717
f 4568 4717 4569
f 4569 4717 4718
f 4569 4718 4570
f 4570 4718 4719
f 4570 4719 4571
f 4571 4719 4572
f 4572 4720 4721
f 4572 4721 4575
f 4572 4719 4720
f 4573 4575 4721
f 4573 4721 4722
f 4573 4722 4880
f 4573 4880 4723
f 4573 4723 4574
f 4574 4723 4576
f 4576 4723 4724
f 4576 4724 4577
f 4577 4725 4726
f 4577 4726 4578
f 4577 4724 4881
f 4577 4881 4725
f 4578 4726 4728
f 4578 4728 4580
f 4579 4580 4728
f 4579 4728 4727
f 4581 4729 4730
f 4581 4730 4731
f 4581 4583 4729
f 4583 4732 4729
f 4583 4584 4732
f 4584 4727 4733
f 4584 4733 4734
f 4584 4734 4732
f 4585 4735 4588
f 4585 4588 4586
f 4585 4615 4735
f 4587 4736 4590
f 4587 4590 4589
f 4587 4737 4738
f 4587 4738 4736
f 4588 4735 4892
f 4588 4892 4737
f 4590 4736 4739
f 4590 4739 4740
f 4590 4740 4741
f 4590 4741 4591
f 4591 4741 4742
f 4591 4742 4592
f 4591 4592 4593
f 4592 4742 4597
f 4594 4743 4744
f 4594 4744 4595
f 4594 4596 4745
f 4594 4745 4743
f 4595 4744 4599
f 4596 4598 4746
f 4596 4746 4745
f 4597 4747 4598
f 4597 4742 4748
f 4597 4748 4747
f 4598 4747 4746
f 4599 4749 4600
f 4599 4744 4749
f 4600 4749 4750
f 4600 4750 4751
f 4600 4751 4602
f 4601 4602 4605
f 4602 4751 4752
f 4602 4752 4753
f 4602 4753 4605
f 4603 4605 4754
f 4603 4754 4755
f 4603 4755 4604
f 4604 4755 4756
f 4604 4756 4606
f 4605 4753 4754
f 4606 4757 4758
f 4606 4758 4759
f 4606 4759 4607
f 4606 4756 4757
f 4607 4759 4760
f 4607 4760 4608
f 4608 4760 4761
f 4608 4761 4609
f 4609 4761 4762
f 4609 4762 4763
f 4609 4763 4611
f 4609 4611 4610
f 4611 4763 4764
f 4611 4764 4765
f 4611 4765 4613
f 4611 4613 4612
f 4613 4765 4766
f 4614 4766 4792
f 4614 4792 4637
f 4615 4767 4735
f 4616 4617 4769
f 4616 4769 4768
f 4616 4768 4924
f 4616 4924 4767
f 4618 4619 4771
f 4618 4771 4770
f 4620 4772 4621
f 4620 4770 4773
f 4620 4773 4772
f 4621 4774 4775
f 4621 4775 4622
f 4621 4772 4774
f 4622 4775 4776
f 4622 4776 4623
f 4623 4776 4777
f 4623 4777 4778
f 4623 4778 4779
f 4627 4780 4926
f 4627 4926 4769
f 4627 4779 4781
f 4627 4781 4777
f 4627 4777 4780
f 4628 4782 4783
f 4628 4783 4629
f 4628 4731 4730
f 4628 4730 4782
f 4629 4783 4784
f 4629 4784 4630
f 4630 4784 4631
f 4631 4785 4786
f 4631 4786 4632
f 4631 4784 4785
f 4632 4786 4787
f 4632 4787 4771
f 4634 4788 4795
f 4634 4795 4789
f 4634 4789 4790
f 4634 4790 4635
f 4635 4790 4636
f 4636 4790 4791
f 4636 4791 4642
f 4636 4642 4641
f 4638 4793 4639
f 4638 4640 4793
f 4639 4793 4794
f 4639 4794 4795
f 4639 4795 4788
f 4640 4792 4796
f 4640 4796 4793
f 4642 4791 4797
f 4642 4797 4643
f 4643 4797 4798
f 4643 4798 4799
f 4643 4799 4644
f 4644 4799 4645
f 4645 4799 4800
f 4645 4800 4801
f 4645 4801 4647
f 4645 4647 4646
f 4647 4801 4802
f 4648 4802 4803
f 4648 4803 4649
f 4649 4803 4804
f 4649 4804 4650
f 4650 4804 4805
f 4650 4805 4651
f 4651 4805 4806
f 4651 4806 4652
f 4652 4806 4807
f 4652 4807 4653
f 4653 4807 4815
f 4653 4815 4660
f 4654 4808 4809
f 4654 4809 4655
f 4654 4659 4814
f 4654 4814 4808
f 4655 4809 4656
f 4656 4809 4810
f 4657 4661 4816
f 4657 4816 4811
f 4658 4811 4812
f 4658 4812 4813
f 4658 4813 4814
f 4658 4814 4659
f 4660 4815 4816
f 4660 4816 4661
f 4662 4810 4970
f 4662 4970 4817
f 4662 4817 4663
f 4663 4817 4818
f 4663 4818 4664
f 4664 4819 4820
f 4664 4820 4665
f 4664 4818 4819
f 4665 4820 4670
f 4665 4670 4666
f 4667 4821 4668
f 4667 4671 4821
f 4668 4822 4823
f 4668 4823 4669
f 4668 4821 4824
f 4668 4824 4822
f 4669 4823 4825
f 4669 4825 4672
f 4670 4826 4827
f 4670 4827 4671
f 4670 4820 4826
f 4671 4827 4821
f 4672 4828 4673
f 4672 4825 4828
f 4673 4828 4829
f 4673 4829 4830
f 4673 4830 4674
f 4674 4830 4832
f 4674 4832 4675
f 4675 4831 4676
f 4675 4832 4831
f 4676 4831 4681
f 4677 4685 4678
f 4678 4833 4834
f 4678 4834 4835
f 4678 4685 4833
f 4679 4835 4848
f 4679 4848 4690
f 4681 4831 4836
f 4681 4836 4682
f 4682 4836 4837
f 4682 4837 4683
f 4683 4837 4838
f 4683 4838 4839
f 4683 4839 4684
f 4684 4839 4686
f 4685 4840 4841
f 4685 4841 4833
f 4686 4839 4842
f 4686 4842 4843
f 4686 4843 4844
f 4686 4844 4840
f 4687 4845 4846
f 4687 4846 4688
f 4687 4689 4847
f 4687 4847 4845
f 4688 4846 4692
f 4690 4848 4849
f 4690 4849 4691
f 4691 4849 5006
f 4691 5006 4847
f 4692 4850 4693
f 4692 4846 5005
f 4692 5005 4850
f 4693 4851 4852
f 4693 4852 4694
f 4693 4850 4851
f 4694 4852 4695
f 4695 4852 4853
f 4696 4854 4855
f 4696 4855 4697
f 4696 4853 5011
f 4696 5011 4854
f 4697 4855 4856
f 4697 4856 4698
f 4698 4856 5015
f 4698 5015 4857
f 4698 4857 4699
f 4700 4708 4701
f 4701 4858 4702
f 4701 4708 4858
f 4702 4858 4859
f 4702 4859 4860
f 4702 4860 4703
f 4703 4860 4861
f 4703 4861 4705
f 4703 4705 4704
f 4705 4862 4706
f 4705 4861 4862
f 4706 4862 4709
f 4707 4863 4708
f 4708 4864 4858
f 4708 4863 4865
f 4708 4865 4864
f 4709 4866 4867
f 4709 4867 4710
f 4709 4862 4866
f 4710 4867 4868
f 4710 4868 4711
f 4711 4868 4712
f 4712 4868 4869
f 4712 4869 4870
f 4712 4870 4713
f 4713 4870 4871
f 4713 4871 4872
f 4713 4872 4716
f 4714 4716 4872
f 4714 4872 4873
f 4714 4873 4717
f 4714 4717 4715
f 4717 4873 4875
f 4717 4875 4718
f 4718 4874 4719
f 4718 4875 4874
f 4719 4874 4876
f 4719 4876 4720
f 4720 4876 4721
f 4721 4876 4877
f 4721 4877 4878
f 4721 4878 4722
f 4722 4878 4879
f 4722 4879 4880
f 4723 4880 4881
f 4723 4881 4724
f 4725 4882 4883
f 4725 4883 4726
f 4725 4881 4884
f 4725 4884 4882
f 4726 4883 4885
f 4726 4885 4728
f 4727 4728 4885
f 4727 4885 4733
f 4729 4886 4887
f 4729 4887 4730
f 4729 4732 4886
f 4730 4887 4940
f 4730 4940 4782
f 4732 4734 4888
f 4732 4888 4889
f 4732 4889 4886
f 4733 4885 4890
f 4733 4890 4891
f 4733 4891 4888
f 4733 4888 4734
f 4735 4767 4924
f 4735 4924 4892
f 4736 4738 4893
f 4736 4893 4739
f 4737 4892 4894
f 4737 4894 4738
f 4738 4894 4893
f 4739 4893 4895
f 4739 4895 4896
f 4739 4896 4740
f 4740 4896 4897
f 4740 4897 4741
f 4741 4897 4742
f 4742 4897 4748
f 4743 4898 4899
f 4743 4899 4744
f 4743 4745 4900
f 4743 4900 4898
f 4744 4899 4749
f 4745 4746 4901
f 4745 4901 4900
f 4746 4747 4902
f 4746 4902 4901
f 4747 4748 4902
f 4748 4897 4903
f 4748 4903 4904
f 4748 4904 4902
f 4749 4905 4750
f 4749 4899 4905
f 4750 4905 4906
f 4750 4906 4907
f 4750 4907 4751
f 4751 4907 4908
f 4751 4908 4752
f 4752 4908 4909
f 4752 4909 4910
f 4752 4910 4754
f 4752 4754 4753
f 4754 4910 4755
f 4755 4911 4912
f 4755 4912 4756
f 4755 4910 4909
f 4755 4909 4911
f 4756 4912 4913
f 4756 4913 4757
f 4757 4913 4914
f 4757 4914 4758
f 4758 4914 4915
f 4758 4915 5071
f 4758 5071 4916
f 4758 4916 4760
f 4758 4760 4759
f 4760 4916 4761
f 4761 4916 4917
f 4761 4917 4918
f 4761 4918 4762
f 4762 4918 4919
f 4762 4919 4920
f 4762 4920 4763
f 4763 4920 4764
f 4764 4920 4921
f 4764 4921 4922
f 4764 4922 4765
f 4765 4922 4923
f 4765 4923 4766
f 4766 4923 4796
f 4766 4796 4792
f 4768 4769 4925
f 4768 4925 5046
f 4768 5046 4924
f 4769 4926 4925
f 4770 4771 4773
f 4771 4787 4773
f 4772 4773 4927
f 4772 4927 4928
f 4772 4928 4774
f 4773 4929 4927
f 4773 4787 4930
f 4773 4930 4929
f 4774 4928 4931
f 4774 4931 4775
f 4775 4931 4776
f 4776 4931 4932
f 4776 4932 4933
f 4776 4933 4934
f 4776 4934 4777
f 4777 4935 4936
f 4777 4936 4780
f 4777 4781 4779
f 4777 4779 4778
f 4777 4934 4935
f 4780 4937 4938
f 4780 4938 4926
f 4780 4936 4939
f 4780 4939 4937
f 4782 4940 4783
f 4783 4941 4784
f 4783 4940 4941
f 4784 4941 4942
f 4784 4942 4943
f 4784 4943 4785
f 4785 4943 4944
f 4785 4944 4786
f 4786 4944 4930
f 4786 4930 4787
f 4789 4795 4951
f 4789 4951 4945
f 4789 4945 4946
f 4789 4946 4790
f 4790 4946 4947
f 4790 4947 4791
f 4791 4947 4797
f 4793 4948 4794
f 4793 4796 4949
f 4793 4949 4948
f 4794 4948 4950
f 4794 4950 4951
f 4794 4951 4795
f 4796 4952 4949
f 4796 4923 4952
f 4797 4947 4953
f 4797 4953 4798
f 4798 4954 4955
f 4798 4955 4799
f 4798 4953 4954
f 4799 4955 4800
f 4800 4956 4957
f 4800 4957 4958
f 4800 4958 4801
f 4800 4955 4956
f 4801 4958 4959
f 4801 4959 4960
f 4801 4960 4802
f 4802 4960 4961
f 4802 4961 4803
f 4803 4961 4962
f 4803 4962 4804
f 4804 4962 4805
f 4805 4963 4964
f 4805 4964 4806
f 4805 4962 4963
f 4806 4964 4965
f 4806 4965 4807
f 4807 4965 4966
f 4807 4966 4812
f 4807 4812 4815
f 4808 4814 4967
f 4808 4967 4968
f 4808 4968 4969
f 4808 4969 4809
f 4809 4969 4810
f 4810 4969 4970
f 4811 4816 4812
f 4812 4816 4815
f 4812 4966 4971
f 4812 4971 4972
f 4812 4972 4813
f 4813 4973 4974
f 4813 4974 4967
f 4813 4967 4814
f 4813 4972 4971
f 4813 4971 4973
f 4817 4975 4818
f 4817 4970 4975
f 4818 4975 4976
f 4818 4976 4819
f 4819 4977 4978
f 4819 4978 4820
f 4819 4976 4977
f 4820 4978 4826
f 4821 4827 4979
f 4821 4979 4824
f 4822 4824 4979
f 4822 4979 4980
f 4822 4980 4981
f 4822 4981 4982
f 4822 4982 4825
f 4822 4825 4823
f 4825 4982 4828
f 4826 4983 4979
f 4826 4979 4827
f 4826 4978 4984
f 4826 4984 4983
f 4828 4982 4985
f 4828 4985 4829
f 4829 4986 4830
f 4829 4985 4987
f 4829 4987 4986
f 4830 4986 4989
f 4830 4989 4832
f 4831 4832 4988
f 4831 4988 4836
f 4832 4989 5138
f 4832 5138 4988
f 4833 4841 4990
f 4833 4990 4834
f 4834 4990 4991
f 4834 4991 4848
f 4834 4848 4835
f 4836 4988 4992
f 4836 4992 4837
f 4837 4992 4993
f 4837 4993 4838
f 4838 4993 4994
f 4838 4994 4839
f 4839 4994 4995
f 4839 4995 4996
f 4839 4996 4842
f 4840 4844 4997
f 4840 4997 4841
f 4841 4997 4998
f 4841 4998 4990
f 4842 4996 4843
f 4843 4996 4999
f 4843 4999 5000
f 4843 5000 5001
f 4843 5001 5002
f 4843 5002 5003
f 4843 5003 4844
f 4844 5003 4997
f 4845 5004 5155
f 4845 5155 5005
f 4845 5005 4846
f 4845 4847 5006
f 4845 5006 5004
f 4848 4991 5007
f 4848 5007 4849
f 4849 5007 5156
f 4849 5156 5006
f 4850 5005 5155
f 4850 5155 5008
f 4850 5008 5009
f 4850 5009 4851
f 4851 5009 5010
f 4851 5010 4852
f 4852 5010 5011
f 4852 5011 4853
f 4854 5012 5013
f 4854 5013 4855
f 4854 5011 5012
f 4855 5013 4856
f 4856 5013 5014
f 4856 5014 5015
f 4858 5016 4859
f 4858 4864 5017
f 4858 5017 5018
f 4858 5018 5016
f 4859 5016 5019
f 4859 5019 4860
f 4860 5020 4861
f 4860 5019 5020
f 4861 5020 4862
f 4862 5020 5021
f 4862 5021 4866
f 4864 4865 5017
f 4865 5022 5017
f 4866 5023 5024
f 4866 5024 4867
f 4866 5021 5023
f 4867 5024 4868
f 4868 5025 4869
f 4868 5024 5026
f 4868 5026 5025
f 4869 5025 5028
f 4869 5028 4870
f 4870 5027 4871
f 4870 5028 5027
f 4871 5027 5029
f 4871 5029 4872
f 4872 5029 5030
f 4872 5030 4873
f 4873 5031 4875
f 4873 5030 5031
f 4874 4875 5031
f 4874 5031 5032
f 4874 5032 5033
f 4874 5033 4876
f 4876 5033 5034
f 4876 5034 4877
f 4877 5034 4878
f 4878 5034 5035
f 4878 5035 5036
f 4878 5036 4879
f 4879 5036 5037
f 4879 5037 4884
f 4879 4884 4880
f 4880 4884 4881
f 4882 5038 4883
f 4882 4884 5037
f 4882 5037 5038
f 4883 5038 5039
f 4883 5039 4890
f 4883 4890 4885
f 4886 5040 5041
f 4886 5041 4887
f 4886 4889 5042
f 4886 5042 5040
f 4887 5041 4940
f 4888 5043 4889
f 4888 4891 5043
f 4889 5043 5042
f 4890 5044 5045
f 4890 5045 4891
f 4890 5039 5190
f 4890 5190 5044
f 4891 5045 5043
f 4892 4924 5046
f 4892 5046 4894
f 4893 4894 5047
f 4893 5047 4895
f 4894 5046 5048
f 4894 5048 5047
f 4895 5049 5050
f 4895 5050 4896
f 4895 5047 5051
f 4895 5051 5049
f 4896 5050 5049
f 4896 5049 5052
f 4896 5052 5053
f 4896 5053 4903
f 4896 4903 4897
f 4898 4900 5054
f 4898 5054 5055
f 4898 5055 5056
f 4898 5056 5057
f 4898 5057 4899
f 4899 5057 4905
f 4900 4901 5058
f 4900 5058 5054
f 4901 4902 5059
f 4901 5059 5060
f 4901 5060 5058
f 4902 4904 5059
f 4903 5053 5061
f 4903 5061 4904
f 4904 5061 5059
f 4905 5057 5062
f 4905 5062 4906
f 4906 5063 4907
f 4906 5062 5063
f 4907 5064 5065
f 4907 5065 4908
f 4907 5063 5064
f 4908 5065 5066
f 4908 5066 4909
f 4909 5066 4911
f 4911 5066 5067
f 4911 5067 5068
f 4911 5068 5069
f 4911 5069 4913
f 4911 4913 4912
f 4913 5069 4914
f 4914 5070 4915
f 4914 5069 5070
f 4915 5070 5220
f 4915 5220 5071
f 4916 5071 5072
f 4916 5072 4917
f 4917 5073 4918
f 4917 5072 5073
f 4918 5074 4919
f 4918 5073 5074
f 4919 5074 5075
f 4919 5075 5076
f 4919 5076 4920
f 4920 5076 4921
f 4921 5077 5078
f 4921 5078 4922
f 4921 5076 5077
f 4922 5078 4952
f 4922 4952 4923
f 4925 5079 5048
f 4925 5048 5046
f 4925 4926 4938
f 4925 4938 5079
f 4927 4929 5080
f 4927 5080 5081
f 4927 5081 4928
f 4928 5081 5082
f 4928 5082 5083
f 4928 5083 4931
f 4929 4930 5080
f 4930 4944 5080
f 4931 5083 4932
f 4932 5084 5085
f 4932 5085 4933
f 4932 5083 5084
f 4933 5085 5233
f 4933 5233 5086
f 4933 5086 4935
f 4933 4935 4934
f 4935 5086 4939
f 4935 4939 4936
f 4937 5087 5088
f 4937 5088 4938
f 4937 4939 5089
f 4937 5089 5087
f 4938 5088 5079
f 4939 5086 5089
f 4940 5090 5091
f 4940 5091 4941
f 4940 5041 5090
f 4941 5091 5092
f 4941 5092 4942
f 4942 5092 4943
f 4943 5092 5093
f 4943 5093 5094
f 4943 5094 4944
f 4944 5094 5080
f 4945 4951 5095
f 4945 5095 5096
f 4945 5096 5097
f 4945 5097 4946
f 4946 5097 4947
f 4947 5097 5098
f 4947 5098 5103
f 4947 5103 4953
f 4948 5099 5100
f 4948 5100 4950
f 4948 4949 5101
f 4948 5101 5102
f 4948 5102 5099
f 4949 4952 5101
f 4950 5100 5095
f 4950 5095 4951
f 4952 5078 5101
f 4953 5103 4954
f 4954 5104 5105
f 4954 5105 4955
f 4954 5103 5104
f 4955 5105 4956
f 4956 5106 4957
f 4956 5105 5107
f 4956 5107 5106
f 4957 5108 5109
f 4957 5109 4958
f 4957 5106 5108
f 4958 5109 4959
f 4959 5109 5110
f 4959 5110 4961
f 4959 4961 4960
f 4961 5110 5111
f 4961 5111 4962
f 4962 5111 5112
f 4962 5112 4963
f 4963 5112 5113
f 4963 5113 4964
f 4964 5114 4965
f 4964 5113 5114
f 4965 5114 4966
f 4966 5115 4971
f 4966 5114 5115
f 4967 4974 5116
f 4967 5116 4968
f 4968 5117 5119
f 4968 5119 4969
f 4968 5116 5117
f 4969 5118 4970
f 4969 5119 5118
f 4970 5118 4975
f 4971 5120 4973
f 4971 5115 5120
f 4973 5120 5121
f 4973 5121 4974
f 4974 5121 5122
f 4974 5122 5116
f 4975 5118 5123
f 4975 5123 4976
f 4976 5123 5124
f 4976 5124 4977
f 4977 4984 4978
f 4977 5124 5125
f 4977 5125 4984
f 4979 4983 5126
f 4979 5126 5127
f 4979 5127 4980
f 4980 5128 4981
f 4980 5127 5128
f 4981 5129 5130
f 4981 5130 4982
f 4981 5128 5131
f 4981 5131 5129
f 4982 5130 4985
f 4983 4984 5132
f 4983 5132 5133
f 4983 5133 5126
f 4984 5125 5132
f 4985 5130 5134
f 4985 5134 4987
f 4986 4987 5135
f 4986 5135 5136
f 4986 5136 5137
f 4986 5137 4989
f 4987 5134 5135
f 4988 5138 4992
f 4989 5139 5138
f 4989 5137 5139
f 4990 4998 5140
f 4990 5140 4991
f 4991 5140 5141
f 4991 5141 5007
f 4992 5138 5142
f 4992 5142 4993
f 4993 5142 5143
f 4993 5143 5144
f 4993 5144 4994
f 4994 5144 5145
f 4994 5145 4995
f 4995 5145 4996
f 4996 5145 4999
f 4997 5003 5146
f 4997 5146 4998
f 4998 5146 5147
f 4998 5147 5140
f 4999 5145 5000
f 5000 5145 5148
f 5000 5148 5292
f 5000 5292 5149
f 5000 5149 5150
f 5000 5150 5001
f 5001 5150 5297
f 5001 5297 5151
f 5001 5151 5152
f 5001 5152 5002
f 5002 5152 5003
f 5003 5152 5146
f 5004 5153 5154
f 5004 5154 5155
f 5004 5006 5156
f 5004 5156 5153
f 5007 5141 5289
f 5007 5289 5156
f 5008 5155 5154
f 5008 5154 5157
f 5008 5157 5158
f 5008 5158 5009
f 5009 5158 5159
f 5009 5159 5010
f 5010 5159 5011
f 5011 5160 5012
f 5011 5159 5160
f 5012 5161 5162
f 5012 5162 5013
f 5012 5160 5163
f 5012 5163 5161
f 5013 5162 5164
f 5013 5164 5014
f 5014 5164 5165
f 5014 5165 5015
f 5016 5018 5166
f 5016 5166 5167
f 5016 5167 5168
f 5016 5168 5169
f 5016 5169 5019
f 5017 5170 5166
f 5017 5166 5018
f 5017 5022 5171
f 5017 5171 5170
f 5019 5169 5172
f 5019 5172 5020
f 5020 5172 5021
f 5021 5173 5174
f 5021 5174 5023
f 5021 5172 5173
f 5023 5175 5024
f 5023 5174 5175
f 5024 5175 5026
f 5025 5026 5176
f 5025 5176 5177
f 5025 5177 5180
f 5025 5180 5028
f 5026 5175 5176
f 5027 5178 5029
f 5027 5028 5179
f 5027 5179 5178
f 5028 5180 5179
f 5029 5181 5030
f 5029 5178 5181
f 5030 5181 5031
f 5031 5181 5182
f 5031 5182 5032
f 5032 5182 5183
f 5032 5183 5184
f 5032 5184 5033
f 5033 5184 5034
f 5034 5184 5185
f 5034 5185 5186
f 5034 5186 5035
f 5035 5186 5187
f 5035 5187 5036
f 5036 5187 5188
f 5036 5188 5037
f 5037 5188 5038
f 5038 5189 5190
f 5038 5190 5039
f 5038 5188 5189
f 5040 5042 5191
f 5040 5191 5192
f 5040 5192 5193
f 5040 5193 5041
f 5041 5193 5090
f 5042 5043 5194
f 5042 5194 5191
f 5043 5045 5194
f 5044 5190 5195
f 5044 5195 5196
f 5044 5196 5197
f 5044 5197 5045
f 5045 5197 5194
f 5047 5048 5198
f 5047 5198 5051
f 5048 5079 5225
f 5048 5225 5198
f 5049 5199 5052
f 5049 5051 5200
f 5049 5200 5201
f 5049 5201 5199
f 5051 5198 5200
f 5052 5202 5053
f 5052 5199 5202
f 5053 5202 5061
f 5054 5058 5203
f 5054 5203 5204
f 5054 5204 5055
f 5055 5204 5205
f 5055 5205 5056
f 5056 5206 5207
f 5056 5207 5208
f 5056 5208 5062
f 5056 5062 5057
f 5056 5205 5206
f 5058 5060 5209
f 5058 5209 5203
f 5059 5061 5210
f 5059 5210 5211
f 5059 5211 5060
f 5060 5211 5209
f 5061 5202 5212
f 5061 5212 5210
f 5062 5208 5063
f 5063 5208 5213
f 5063 5213 5064
f 5064 5214 5065
f 5064 5213 5214
f 5065 5214 5215
f 5065 5215 5066
f 5066 5216 5217
f 5066 5217 5067
f 5066 5215 5216
f 5067 5217 5218
f 5067 5218 5068
f 5068 5218 5362
f 5068 5362 5219
f 5068 5219 5069
f 5069 5219 5070
f 5070 5219 5364
f 5070 5364 5220
f 5071 5220 5072
f 5072 5220 5221
f 5072 5221 5073
f 5073 5221 5222
f 5073 5222 5074
f 5074 5222 5223
f 5074 5223 5075
f 5075 5223 5224
f 5075 5224 5076
f 5076 5224 5077
f 5077 5224 5102
f 5077 5102 5078
f 5078 5102 5101
f 5079 5088 5225
f 5080 5094 5226
f 5080 5226 5227
f 5080 5227 5081
f 5081 5227 5228
f 5081 5228 5082
f 5082 5228 5229
f 5082 5229 5230
f 5082 5230 5083
f 5083 5230 5231
f 5083 5231 5084
f 5084 5231 5232
f 5084 5232 5085
f 5085 5232 5233
f 5086 5233 5089
f 5087 5234 5236
f 5087 5236 5088
f 5087 5089 5235
f 5087 5235 5234
f 5088 5236 5225
f 5089 5233 5235
f 5090 5237 5091
f 5090 5193 5237
f 5091 5237 5238
f 5091 5238 5239
f 5091 5239 5092
f 5092 5239 5093
f 5093 5239 5240
f 5093 5240 5241
f 5093 5241 5094
f 5094 5241 5226
f 5095 5242 5096
f 5095 5100 5242
f 5096 5242 5243
f 5096 5243 5097
f 5097 5244 5245
f 5097 5245 5098
f 5097 5243 5244
f 5098 5245 5103
f 5099 5246 5247
f 5099 5247 5100
f 5099 5102 5248
f 5099 5248 5246
f 5100 5247 5242
f 5102 5224 5248
f 5103 5245 5249
f 5103 5249 5104
f 5104 5249 5250
f 5104 5250 5251
f 5104 5251 5252
f 5104 5252 5105
f 5105 5252 5107
f 5106 5107 5253
f 5106 5253 5254
f 5106 5254 5108
f 5107 5252 5255
f 5107 5255 5253
f 5108 5254 5256
f 5108 5256 5257
f 5108 5257 5258
f 5108 5258 5259
f 5108 5259 5109
f 5109 5259 5110
f 5110 5259 5258
f 5110 5258 5111
f 5111 5258 5260
f 5111 5260 5112
f 5112 5260 5261
f 5112 5261 5113
f 5113 5261 5114
f 5114 5261 5262
f 5114 5262 5263
f 5114 5263 5115
f 5115 5263 5120
f 5116 5264 5117
f 5116 5122 5265
f 5116 5265 5264
f 5117 5266 5119
f 5117 5264 5266
f 5118 5119 5266
f 5118 5266 5123
f 5120 5263 5267
f 5120 5267 5121
f 5121 5267 5404
f 5121 5404 5268
f 5121 5268 5122
f 5122 5269 5265
f 5122 5268 5269
f 5123 5266 5270
f 5123 5270 5271
f 5123 5271 5124
f 5124 5272 5125
f 5124 5271 5272
f 5125 5272 5273
f 5125 5273 5132
f 5126 5133 5274
f 5126 5274 5127
f 5127 5274 5275
f 5127 5275 5128
f 5128 5275 5276
f 5128 5276 5131
f 5129 5131 5277
f 5129 5277 5278
f 5129 5278 5279
f 5129 5279 5280
f 5129 5280 5134
f 5129 5134 5130
f 5131 5276 5277
f 5132 5281 5133
f 5132 5273 5281
f 5133 5281 5282
f 5133 5282 5274
f 5134 5280 5135
f 5135 5280 5283
f 5135 5283 5136
f 5136 5283 5284
f 5136 5284 5137
f 5137 5284 5285
f 5137 5285 5286
f 5137 5286 5139
f 5138 5139 5287
f 5138 5287 5142
f 5139 5286 5423
f 5139 5423 5287
f 5140 5147 5141
f 5141 5288 5426
f 5141 5426 5289
f 5141 5147 5288
f 5142 5287 5143
f 5143 5287 5423
f 5143 5423 5290
f 5143 5290 5292
f 5143 5292 5148
f 5143 5148 5145
f 5143 5145 5144
f 5146 5152 5291
f 5146 5291 5147
f 5147 5291 5425
f 5147 5425 5288
f 5149 5292 5430
f 5149 5430 5293
f 5149 5293 5294
f 5149 5294 5150
f 5150 5294 5295
f 5150 5295 5296
f 5150 5296 5297
f 5151 5297 5298
f 5151 5298 5291
f 5151 5291 5152
f 5153 5299 5300
f 5153 5300 5154
f 5153 5156 5289
f 5153 5289 5299
f 5154 5300 5157
f 5157 5301 5302
f 5157 5302 5158
f 5157 5300 5301
f 5158 5302 5159
f 5159 5302 5303
f 5159 5303 5163
f 5159 5163 5160
f 5161 5163 5304
f 5161 5304 5305
f 5161 5305 5162
f 5162 5305 5306
f 5162 5306 5307
f 5162 5307 5164
f 5163 5303 5304
f 5164 5307 5308
f 5164 5308 5165
f 5166 5170 5309
f 5166 5309 5167
f 5167 5309 5168
f 5168 5310 5311
f 5168 5311 5169
f 5168 5309 5312
f 5168 5312 5310
f 5169 5311 5172
f 5170 5313 5314
f 5170 5314 5309
f 5170 5171 5315
f 5170 5315 5313
f 5172 5311 5173
f 5173 5316 5174
f 5173 5311 5317
f 5173 5317 5316
f 5174 5316 5318
f 5174 5318 5175
f 5175 5318 5176
f 5176 5318 5319
f 5176 5319 5177
f 5177 5319 5320
f 5177 5320 5180
f 5178 5179 5321
f 5178 5321 5322
f 5178 5322 5181
f 5179 5180 5324
f 5179 5324 5323
f 5179 5323 5469
f 5179 5469 5321
f 5180 5320 5324
f 5181 5322 5182
f 5182 5322 5325
f 5182 5325 5183
f 5183 5325 5184
f 5184 5326 5327
f 5184 5327 5185
f 5184 5325 5326
f 5185 5327 5186
f 5186 5327 5328
f 5186 5328 5329
f 5186 5329 5187
f 5187 5329 5330
f 5187 5330 5188
f 5188 5330 5189
f 5189 5331 5332
f 5189 5332 5195
f 5189 5195 5190
f 5189 5330 5331
f 5191 5333 5334
f 5191 5334 5192
f 5191 5194 5335
f 5191 5335 5336
f 5191 5336 5333
f 5192 5334 5337
f 5192 5337 5193
f 5193 5337 5237
f 5194 5197 5335
f 5195 5338 5339
f 5195 5339 5196
f 5195 5332 5338
f 5196 5339 5340
f 5196 5340 5197
f 5197 5340 5335
f 5198 5225 5200
f 5199 5341 5202
f 5199 5201 5342
f 5199 5342 5343
f 5199 5343 5341
f 5200 5225 5236
f 5200 5236 5344
f 5200 5344 5342
f 5200 5342 5201
f 5202 5341 5345
f 5202 5345 5212
f 5203 5209 5346
f 5203 5346 5347
f 5203 5347 5204
f 5204 5348 5205
f 5204 5347 5348
f 5205 5348 5349
f 5205 5349 5206
f 5206 5350 5207
f 5206 5349 5350
f 5207 5350 5351
f 5207 5351 5352
f 5207 5352 5353
f 5207 5353 5213
f 5207 5213 5208
f 5209 5211 5354
f 5209 5354 5346
f 5210 5212 5355
f 5210 5355 5356
f 5210 5356 5211
f 5211 5356 5354
f 5212 5345 5355
f 5213 5353 5214
f 5214 5353 5357
f 5214 5357 5215
f 5215 5357 5358
f 5215 5358 5216
f 5216 5358 5359
f 5216 5359 5217
f 5217 5359 5360
f 5217 5360 5218
f 5218 5361 5362
f 5218 5360 5361
f 5219 5362 5363
f 5219 5363 5364
f 5220 5364 5365
f 5220 5365 5221
f 5221 5365 5222
f 5222 5366 5367
f 5222 5367 5223
f 5222 5365 5366
f 5223 5367 5513
f 5223 5513 5368
f 5223 5368 5224
f 5224 5368 5388
f 5224 5388 5248
f 5226 5369 5370
f 5226 5370 5228
f 5226 5228 5227
f 5226 5241 5369
f 5228 5371 5229
f 5228 5370 5371
f 5229 5372 5230
f 5229 5371 5372
f 5230 5372 5231
f 5231 5372 5373
f 5231 5373 5232
f 5232 5373 5374
f 5232 5374 5233
f 5233 5374 5235
f 5234 5375 5236
f 5234 5235 5376
f 5234 5376 5375
f 5235 5374 5376
f 5236 5375 5344
f 5237 5337 5377
f 5237 5377 5378
f 5237 5378 5238
f 5238 5378 5379
f 5238 5379 5239
f 5239 5379 5240
f 5240 5379 5380
f 5240 5380 5381
f 5240 5381 5241
f 5241 5381 5369
f 5242 5247 5382
f 5242 5382 5243
f 5243 5382 5383
f 5243 5383 5384
f 5243 5384 5244
f 5244 5385 5245
f 5244 5384 5385
f 5245 5385 5249
f 5246 5386 5387
f 5246 5387 5247
f 5246 5248 5388
f 5246 5388 5386
f 5247 5387 5382
f 5249 5385 5250
f 5250 5385 5389
f 5250 5389 5390
f 5250 5390 5391
f 5250 5391 5251
f 5251 5391 5392
f 5251 5392 5252
f 5252 5392 5255
f 5253 5393 5394
f 5253 5394 5254
f 5253 5255 5393
f 5254 5394 5395
f 5254 5395 5396
f 5254 5396 5256
f 5255 5392 5397
f 5255 5397 5393
f 5256 5396 5257
f 5257 5396 5398
f 5257 5398 5399
f 5257 5399 5260
f 5257 5260 5258
f 5260 5399 5261
f 5261 5399 5262
f 5262 5399 5400
f 5262 5400 5401
f 5262 5401 5263
f 5263 5401 5267
f 5264 5265 5402
f 5264 5402 5403
f 5264 5403 5266
f 5265 5269 5402
f 5266 5403 5270
f 5267 5401 5404
f 5268 5404 5405
f 5268 5405 5269
f 5269 5406 5402
f 5269 5405 5406
f 5270 5403 5271
f 5271 5403 5407
f 5271 5407 5408
f 5271 5408 5272
f 5272 5409 5273
f 5272 5408 5409
f 5273 5409 5410
f 5273 5410 5281
f 5274 5411 5412
f 5274 5412 5275
f 5274 5282 5411
f 5275 5412 5276
f 5276 5412 5413
f 5276 5413 5277
f 5277 5414 5278
f 5277 5413 5414
f 5278 5415 5279
f 5278 5414 5416
f 5278 5416 5415
f 5279 5415 5417
f 5279 5417 5418
f 5279 5418 5283
f 5279 5283 5280
f 5281 5419 5282
f 5281 5410 5419
f 5282 5419 5420
f 5282 5420 5411
f 5283 5418 5284
f 5284 5418 5421
f 5284 5421 5285
f 5285 5421 5422
f 5285 5422 5286
f 5286 5422 5424
f 5286 5424 5423
f 5288 5425 5567
f 5288 5567 5426
f 5289 5426 5299
f 5290 5423 5427
f 5290 5427 5428
f 5290 5428 5429
f 5290 5429 5430
f 5290 5430 5292
f 5291 5298 5425
f 5293 5430 5431
f 5293 5431 5432
f 5293 5432 5294
f 5294 5433 5295
f 5294 5432 5434
f 5294 5434 5435
f 5294 5435 5436
f 5294 5436 5437
f 5294 5437 5433
f 5295 5433 5296
f 5296 5433 5438
f 5296 5438 5439
f 5296 5439 5297
f 5297 5439 5440
f 5297 5440 5298
f 5298 5440 5441
f 5298 5441 5442
f 5298 5442 5425
f 5299 5426 5443
f 5299 5443 5444
f 5299 5444 5300
f 5300 5444 5301
f 5301 5444 5445
f 5301 5445 5446
f 5301 5446 5302
f 5302 5446 5303
f 5303 5447 5304
f 5303 5446 5447
f 5304 5448 5305
f 5304 5447 5448
f 5305 5449 5450
f 5305 5450 5306
f 5305 5448 5449
f 5306 5450 5451
f 5306 5451 5307
f 5307 5451 5452
f 5307 5452 5308
f 5309 5453 5312
f 5309 5314 5454
f 5309 5454 5453
f 5310 5312 5455
f 5310 5455 5456
f 5310 5456 5317
f 5310 5317 5311
f 5312 5457 5455
f 5312 5453 5458
f 5312 5458 5459
f 5312 5459 5457
f 5313 5460 5314
f 5313 5315 5460
f 5314 5460 5461
f 5314 5461 5454
f 5315 5462 5460
f 5316 5463 5464
f 5316 5464 5318
f 5316 5317 5456
f 5316 5456 5465
f 5316 5465 5463
f 5318 5464 5319
f 5319 5464 5466
f 5319 5466 5320
f 5320 5466 5467
f 5320 5467 5324
f 5321 5468 5322
f 5321 5469 5609
f 5321 5609 5468
f 5322 5468 5325
f 5323 5324 5470
f 5323 5470 5471
f 5323 5471 5472
f 5323 5472 5469
f 5324 5467 5470
f 5325 5468 5473
f 5325 5473 5474
f 5325 5474 5326
f 5326 5474 5475
f 5326 5475 5327
f 5327 5475 5328
f 5328 5475 5476
f 5328 5476 5477
f 5328 5477 5478
f 5328 5478 5331
f 5328 5331 5329
f 5329 5331 5330
f 5331 5478 5479
f 5331 5479 5332
f 5332 5479 5338
f 5333 5336 5480
f 5333 5480 5334
f 5334 5480 5481
f 5334 5481 5337
f 5335 5340 5336
f 5336 5482 5483
f 5336 5483 5480
f 5336 5340 5484
f 5336 5484 5482
f 5337 5481 5377
f 5338 5485 5486
f 5338 5486 5339
f 5338 5479 5485
f 5339 5486 5484
f 5339 5484 5340
f 5341 5343 5487
f 5341 5487 5345
f 5342 5344 5375
f 5342 5375 5488
f 5342 5488 5489
f 5342 5489 5343
f 5343 5489 5487
f 5345 5487 5490
f 5345 5490 5491
f 5345 5491 5355
f 5346 5492 5347
f 5346 5354 5493
f 5346 5493 5492
f 5347 5492 5494
f 5347 5494 5348
f 5348 5494 5495
f 5348 5495 5349
f 5349 5495 5496
f 5349 5496 5350
f 5350 5496 5497
f 5350 5497 5351
f 5351 5498 5352
f 5351 5497 5498
f 5352 5499 5500
f 5352 5500 5357
f 5352 5357 5353
f 5352 5498 5499
f 5354 5356 5501
f 5354 5501 5493
f 5355 5502 5356
f 5355 5491 5502
f 5356 5502 5501
f 5357 5500 5358
f 5358 5503 5359
f 5358 5500 5503
f 5359 5504 5360
f 5359 5503 5504
f 5360 5504 5505
f 5360 5505 5361
f 5361 5505 5647
f 5361 5647 5506
f 5361 5506 5362
f 5362 5506 5363
f 5363 5507 5508
f 5363 5508 5509
f 5363 5509 5365
f 5363 5365 5364
f 5363 5506 5507
f 5365 5509 5510
f 5365 5510 5366
f 5366 5510 5511
f 5366 5511 5367
f 5367 5511 5512
f 5367 5512 5513
f 5368 5513 5514
f 5368 5514 5388
f 5369 5515 5516
f 5369 5516 5370
f 5369 5381 5515
f 5370 5516 5371
f 5371 5516 5517
f 5371 5517 5518
f 5371 5518 5372
f 5372 5518 5519
f 5372 5519 5520
f 5372 5520 5373
f 5373 5520 5376
f 5373 5376 5374
f 5375 5376 5521
f 5375 5521 5522
f 5375 5522 5488
f 5376 5520 5521
f 5377 5481 5523
f 5377 5523 5524
f 5377 5524 5378
f 5378 5524 5525
f 5378 5525 5379
f 5379 5525 5380
f 5380 5526 5381
f 5380 5525 5526
f 5381 5526 5515
f 5382 5387 5527
f 5382 5527 5383
f 5383 5528 5529
f 5383 5529 5384
f 5383 5527 5530
f 5383 5530 5528
f 5384 5529 5389
f 5384 5389 5385
f 5386 5388 5531
f 5386 5531 5532
f 5386 5532 5387
f 5387 5532 5527
f 5388 5514 5531
f 5389 5529 5533
f 5389 5533 5390
f 5390 5534 5535
f 5390 5535 5391
f 5390 5533 5534
f 5391 5536 5392
f 5391 5535 5536
f 5392 5536 5397
f 5393 5537 5538
f 5393 5538 5394
f 5393 5397 5537
f 5394 5538 5539
f 5394 5539 5395
f 5395 5539 5540
f 5395 5540 5396
f 5396 5541 5542
f 5396 5542 5399
f 5396 5399 5398
f 5396 5540 5541
f 5397 5536 5543
f 5397 5543 5537
f 5399 5542 5400
f 5400 5542 5544
f 5400 5544 5401
f 5401 5544 5404
f 5402 5545 5403
f 5402 5406 5546
f 5402 5546 5545
f 5403 5547 5407
f 5403 5545 5547
f 5404 5544 5548
f 5404 5548 5405
f 5405 5548 5549
f 5405 5549 5406
f 5406 5549 5546
f 5407 5547 5693
f 5407 5693 5550
f 5407 5550 5408
f 5408 5550 5409
f 5409 5550 5551
f 5409 5551 5552
f 5409 5552 5410
f 5410 5552 5553
f 5410 5553 5419
f 5411 5420 5554
f 5411 5554 5412
f 5412 5554 5555
f 5412 5555 5413
f 5413 5555 5556
f 5413 5556 5414
f 5414 5556 5557
f 5414 5557 5416
f 5415 5416 5558
f 5415 5558 5559
f 5415 5559 5560
f 5415 5560 5417
f 5416 5557 5558
f 5417 5561 5421
f 5417 5421 5418
f 5417 5560 5562
f 5417 5562 5561
f 5419 5553 5420
f 5420 5553 5563
f 5420 5563 5564
f 5420 5564 5554
f 5421 5561 5422
f 5422 5561 5562
f 5422 5562 5565
f 5422 5565 5424
f 5423 5424 5427
f 5424 5565 5570
f 5424 5570 5427
f 5425 5442 5566
f 5425 5566 5567
f 5426 5567 5568
f 5426 5568 5569
f 5426 5569 5443
f 5427 5570 5428
f 5428 5570 5571
f 5428 5571 5572
f 5428 5572 5573
f 5428 5573 5429
f 5429 5573 5431
f 5429 5431 5430
f 5431 5573 5572
f 5431 5572 5574
f 5431 5574 5434
f 5431 5434 5432
f 5433 5437 5438
f 5434 5574 5575
f 5434 5575 5576
f 5434 5576 5435
f 5435 5576 5577
f 5435 5577 5578
f 5435 5578 5579
f 5435 5579 5437
f 5435 5437 5436
f 5437 5579 5580
f 5437 5580 5581
f 5437 5581 5438
f 5438 5581 5439
f 5439 5581 5582
f 5439 5582 5583
f 5439 5583 5440
f 5440 5583 5441
f 5441 5583 5584
f 5441 5584 5585
f 5441 5585 5442
f 5442 5585 5566
f 5443 5569 5444
f 5444 5569 5445
f 5445 5569 5446
f 5446 5569 5586
f 5446 5586 5587
f 5446 5587 5588
f 5446 5588 5447
f 5447 5588 5589
f 5447 5589 5448
f 5448 5589 5449
f 5449 5589 5590
f 5449 5590 5591
f 5449 5591 5450
f 5450 5591 5592
f 5450 5592 5451
f 5451 5592 5593
f 5451 5593 5452
f 5453 5454 5458
f 5454 5594 5458
f 5454 5461 5594
f 5455 5595 5456
f 5455 5457 5595
f 5456 5595 5465
f 5457 5459 5596
f 5457 5596 5597
f 5457 5597 5598
f 5457 5598 5599
f 5457 5599 5595
f 5458 5594 5600
f 5458 5600 5459
f 5459 5600 5596
f 5460 5601 5461
f 5460 5462 5602
f 5460 5602 5601
f 5461 5601 5603
f 5461 5603 5594
f 5463 5604 5605
f 5463 5605 5466
f 5463 5466 5464
f 5463 5465 5606
f 5463 5606 5607
f 5463 5607 5604
f 5465 5595 5606
f 5466 5605 5467
f 5467 5605 5608
f 5467 5608 5470
f 5468 5609 5614
f 5468 5614 5473
f 5469 5472 5612
f 5469 5612 5609
f 5470 5608 5610
f 5470 5610 5471
f 5471 5610 5611
f 5471 5611 5472
f 5472 5611 5613
f 5472 5613 5612
f 5473 5614 5615
f 5473 5615 5474
f 5474 5615 5476
f 5474 5476 5475
f 5476 5615 5756
f 5476 5756 5616
f 5476 5616 5617
f 5476 5617 5477
f 5477 5617 5618
f 5477 5618 5478
f 5478 5618 5479
f 5479 5618 5619
f 5479 5619 5485
f 5480 5483 5620
f 5480 5620 5621
f 5480 5621 5481
f 5481 5621 5523
f 5482 5484 5622
f 5482 5622 5623
f 5482 5623 5624
f 5482 5624 5483
f 5483 5624 5620
f 5484 5486 5622
f 5485 5619 5625
f 5485 5625 5626
f 5485 5626 5486
f 5486 5626 5622
f 5487 5489 5627
f 5487 5627 5628
f 5487 5628 5490
f 5488 5522 5489
f 5489 5522 5629
f 5489 5629 5627
f 5490 5628 5491
f 5491 5628 5630
f 5491 5630 5631
f 5491 5631 5502
f 5492 5632 5494
f 5492 5493 5633
f 5492 5633 5632
f 5493 5501 5634
f 5493 5634 5633
f 5494 5635 5495
f 5494 5632 5635
f 5495 5636 5496
f 5495 5635 5636
f 5496 5637 5497
f 5496 5636 5637
f 5497 5637 5638
f 5497 5638 5498
f 5498 5638 5639
f 5498 5639 5499
f 5499 5639 5640
f 5499 5640 5500
f 5500 5640 5641
f 5500 5641 5642
f 5500 5642 5503
f 5501 5502 5643
f 5501 5643 5634
f 5502 5631 5643
f 5503 5642 5504
f 5504 5644 5505
f 5504 5642 5644
f 5505 5645 5646
f 5505 5646 5647
f 5505 5644 5645
f 5506 5647 5507
f 5507 5648 5649
f 5507 5649 5508
f 5507 5647 5648
f 5508 5649 5794
f 5508 5794 5650
f 5508 5650 5509
f 5509 5650 5510
f 5510 5650 5651
f 5510 5651 5511
f 5511 5652 5512
f 5511 5651 5652
f 5512 5653 5654
f 5512 5654 5513
f 5512 5652 5653
f 5513 5654 5514
f 5514 5654 5655
f 5514 5655 5531
f 5515 5656 5516
f 5515 5526 5656
f 5516 5656 5517
f 5517 5656 5657
f 5517 5657 5658
f 5517 5658 5519
f 5517 5519 5518
f 5519 5658 5659
f 5519 5659 5520
f 5520 5660 5661
f 5520 5661 5521
f 5520 5659 5662
f 5520 5662 5660
f 5521 5663 5664
f 5521 5664 5522
f 5521 5661 5663
f 5522 5664 5665
f 5522 5665 5629
f 5523 5621 5666
f 5523 5666 5667
f 5523 5667 5524
f 5524 5667 5668
f 5524 5668 5669
f 5524 5669 5525
f 5525 5669 5526
f 5526 5669 5670
f 5526 5670 5671
f 5526 5671 5656
f 5527 5532 5530
f 5528 5672 5529
f 5528 5530 5673
f 5528 5673 5672
f 5529 5672 5533
f 5530 5532 5674
f 5530 5674 5675
f 5530 5675 5676
f 5530 5676 5673
f 5531 5655 5674
f 5531 5674 5532
f 5533 5672 5677
f 5533 5677 5534
f 5534 5677 5678
f 5534 5678 5535
f 5535 5678 5679
f 5535 5679 5680
f 5535 5680 5536
f 5536 5680 5543
f 5537 5681 5682
f 5537 5682 5683
f 5537 5683 5538
f 5537 5543 5681
f 5538 5683 5539
f 5539 5684 5540
f 5539 5683 5684
f 5540 5684 5685
f 5540 5685 5541
f 5541 5685 5686
f 5541 5686 5542
f 5542 5686 5687
f 5542 5687 5544
f 5543 5680 5688
f 5543 5688 5681
f 5544 5549 5548
f 5544 5687 5689
f 5544 5689 5549
f 5545 5546 5690
f 5545 5690 5547
f 5546 5549 5691
f 5546 5691 5692
f 5546 5692 5690
f 5547 5690 5693
f 5549 5694 5691
f 5549 5689 5695
f 5549 5695 5694
f 5550 5693 5696
f 5550 5696 5551
f 5551 5696 5552
f 5552 5696 5697
f 5552 5697 5698
f 5552 5698 5553
f 5553 5699 5563
f 5553 5698 5699
f 5554 5564 5700
f 5554 5700 5555
f 5555 5700 5701
f 5555 5701 5556
f 5556 5701 5702
f 5556 5702 5557
f 5557 5702 5703
f 5557 5703 5558
f 5558 5703 5704
f 5558 5704 5559
f 5559 5704 5705
f 5559 5705 5560
f 5560 5705 5706
f 5560 5706 5562
f 5562 5707 5565
f 5562 5706 5708
f 5562 5708 5707
f 5563 5699 5564
f 5564 5699 5709
f 5564 5709 5710
f 5564 5710 5700
f 5565 5707 5570
f 5566 5585 5711
f 5566 5711 5712
f 5566 5712 5567
f 5567 5712 5568
f 5568 5712 5713
f 5568 5713 5569
f 5569 5713 5586
f 5570 5707 5571
f 5571 5707 5714
f 5571 5714 5715
f 5571 5715 5572
f 5572 5715 5575
f 5572 5575 5574
f 5575 5715 5716
f 5575 5716 5717
f 5575 5717 5576
f 5576 5717 5718
f 5576 5718 5577
f 5577 5718 5862
f 5577 5862 5719
f 5577 5719 5578
f 5578 5719 5720
f 5578 5720 5721
f 5578 5721 5579
f 5579 5721 5580
f 5580 5722 5581
f 5580 5721 5723
f 5580 5723 5722
f 5581 5724 5725
f 5581 5725 5582
f 5581 5722 5724
f 5582 5725 5583
f 5583 5725 5584
f 5584 5725 5726
f 5584 5726 5727
f 5584 5727 5585
f 5585 5727 5711
f 5586 5728 5587
f 5586 5713 5728
f 5587 5728 5729
f 5587 5729 5730
f 5587 5730 5588
f 5588 5730 5589
f 5589 5731 5590
f 5589 5730 5731
f 5590 5731 5732
f 5590 5732 5733
f 5590 5733 5591
f 5591 5733 5734
f 5591 5734 5592
f 5592 5734 5735
f 5592 5735 5593
f 5594 5603 5736
f 5594 5736 5600
f 5595 5599 5606
f 5596 5600 5737
f 5596 5737 5738
f 5596 5738 5597
f 5597 5738 5739
f 5597 5739 5598
f 5598 5739 5740
f 5598 5740 5741
f 5598 5741 5742
f 5598 5742 5743
f 5598 5743 5599
f 5599 5743 5606
f 5600 5736 5737
f 5601 5744 5603
f 5601 5602 5744
f 5602 5745 5744
f 5603 5744 5746
f 5603 5746 5736
f 5604 5747 5748
f 5604 5748 5608
f 5604 5608 5605
f 5604 5607 5749
f 5604 5749 5750
f 5604 5750 5747
f 5606 5743 5607
f 5607 5743 5749
f 5608 5748 5610
f 5609 5612 5755
f 5609 5755 5614
f 5610 5748 5751
f 5610 5751 5611
f 5611 5751 5752
f 5611 5752 5613
f 5612 5613 5753
f 5612 5753 5754
f 5612 5754 5755
f 5613 5752 5753
f 5614 5755 5756
f 5614 5756 5615
f 5616 5757 5758
f 5616 5758 5759
f 5616 5759 5617
f 5616 5756 5757
f 5617 5759 5760
f 5617 5760 5618
f 5618 5760 5761
f 5618 5761 5619
f 5619 5761 5625
f 5620 5762 5763
f 5620 5763 5621
f 5620 5624 5762
f 5621 5763 5666
f 5622 5764 5765
f 5622 5765 5623
f 5622 5626 5764
f 5623 5766 5767
f 5623 5767 5624
f 5623 5765 5766
f 5624 5767 5762
f 5625 5761 5768
f 5625 5768 5764
f 5625 5764 5626
f 5627 5629 5769
f 5627 5769 5628
f 5628 5770 5630
f 5628 5769 5771
f 5628 5771 5770
f 5629 5665 5769
f 5630 5770 5772
f 5630 5772 5631
f 5631 5772 5643
f 5632 5633 5773
f 5632 5773 5774
f 5632 5774 5635
f 5633 5634 5775
f 5633 5775 5773
f 5634 5643 5775
f 5635 5774 5776
f 5635 5776 5636
f 5636 5776 5777
f 5636 5777 5637
f 5637 5777 5778
f 5637 5778 5638
f 5638 5779 5639
f 5638 5778 5779
f 5639 5780 5640
f 5639 5779 5780
f 5640 5781 5782
f 5640 5782 5641
f 5640 5780 5783
f 5640 5783 5781
f 5641 5782 5642
f 5642 5784 5785
f 5642 5785 5644
f 5642 5782 5784
f 5643 5772 5786
f 5643 5786 5787
f 5643 5787 5775
f 5644 5785 5645
f 5645 5788 5646
f 5645 5785 5788
f 5646 5788 5789
f 5646 5789 5790
f 5646 5790 5938
f 5646 5938 5791
f 5646 5791 5647
f 5647 5791 5648
f 5648 5791 5792
f 5648 5792 5649
f 5649 5792 5793
f 5649 5793 5794
f 5650 5794 5651
f 5651 5794 5795
f 5651 5795 5652
f 5652 5795 5796
f 5652 5796 5653
f 5653 5796 5797
f 5653 5797 5798
f 5653 5798 5654
f 5654 5798 5655
f 5655 5675 5674
f 5655 5798 5675
f 5656 5671 5657
f 5657 5671 5799
f 5657 5799 5658
f 5658 5799 5659
f 5659 5800 5801
f 5659 5801 5662
f 5659 5799 5800
f 5660 5662 5801
f 5660 5801 5802
f 5660 5802 5803
f 5660 5803 5661
f 5661 5803 5663
f 5663 5804 5805
f 5663 5805 5664
f 5663 5803 5804
f 5664 5805 5665
f 5665 5805 5806
f 5665 5806 5769
f 5666 5807 5808
f 5666 5808 5667
f 5666 5763 5807
f 5667 5808 5809
f 5667 5809 5810
f 5667 5810 5668
f 5668 5810 5669
f 5669 5810 5670
f 5670 5811 5812
f 5670 5812 5671
f 5670 5810 5811
f 5671 5812 5813
f 5671 5813 5814
f 5671 5814 5799
f 5672 5673 5815
f 5672 5815 5677
f 5673 5816 5815
f 5673 5676 5816
f 5675 5817 5818
f 5675 5818 5676
f 5675 5798 5797
f 5675 5797 5817
f 5676 5818 5816
f 5677 5815 5819
f 5677 5819 5820
f 5677 5820 5678
f 5678 5820 5821
f 5678 5821 5822
f 5678 5822 5823
f 5678 5823 5679
f 5679 5823 5824
f 5679 5824 5680
f 5680 5824 5688
f 5681 5825 5682
f 5681 5688 5825
f 5682 5826 5683
f 5682 5825 5826
f 5683 5826 5827
f 5683 5827 5828
f 5683 5828 5684
f 5684 5828 5685
f 5685 5828 5829
f 5685 5829 5686
f 5686 5829 5830
f 5686 5830 5689
f 5686 5689 5687
f 5688 5831 5825
f 5688 5824 5832
f 5688 5832 5831
f 5689 5830 5833
f 5689 5833 5695
f 5690 5692 5834
f 5690 5834 5693
f 5691 5694 5835
f 5691 5835 5692
f 5692 5836 5834
f 5692 5835 5836
f 5693 5834 5696
f 5694 5695 5833
f 5694 5833 5837
f 5694 5837 5838
f 5694 5838 5835
f 5696 5834 5839
f 5696 5839 5840
f 5696 5840 5697
f 5697 5840 5841
f 5697 5841 5698
f 5698 5841 5699
f 5699 5841 5842
f 5699 5842 5843
f 5699 5843 5709
f 5700 5844 5701
f 5700 5710 5845
f 5700 5845 5846
f 5700 5846 5847
f 5700 5847 5844
f 5701 5844 5702
f 5702 5844 5848
f 5702 5848 5703
f 5703 5848 5849
f 5703 5849 5704
f 5704 5849 5850
f 5704 5850 5705
f 5705 5850 5851
f 5705 5851 5706
f 5706 5851 5852
f 5706 5852 5708
f 5707 5708 5853
f 5707 5853 5854
f 5707 5854 5714
f 5708 5852 5853
f 5709 5843 5855
f 5709 5855 5710
f 5710 5855 5845
f 5711 5727 5856
f 5711 5856 5857
f 5711 5857 5712
f 5712 5857 5713
f 5713 5857 5728
f 5714 5854 5858
f 5714 5858 5859
f 5714 5859 5716
f 5714 5716 5715
f 5716 5859 5999
f 5716 5999 5860
f 5716 5860 5861
f 5716 5861 5717
f 5717 5861 5862
f 5717 5862 5718
f 5719 5862 5863
f 5719 5863 5864
f 5719 5864 5865
f 5719 5865 5720
f 5720 5865 5721
f 5721 5865 5866
f 5721 5866 5723
f 5722 5867 5724
f 5722 5723 5868
f 5722 5868 5867
f 5723 5866 5869
f 5723 5869 5868
f 5724 5726 5725
f 5724 5867 5870
f 5724 5870 5726
f 5726 5856 5727
f 5726 5870 5871
f 5726 5871 5872
f 5726 5872 5856
f 5728 5857 5856
f 5728 5856 5873
f 5728 5873 5874
f 5728 5874 5729
f 5729 5874 5875
f 5729 5875 5730
f 5730 5875 5731
f 5731 5875 5876
f 5731 5876 5732
f 5732 5877 5878
f 5732 5878 5733
f 5732 5876 5877
f 5733 5878 5879
f 5733 5879 5734
f 5734 5879 5880
f 5734 5880 5881
f 5734 5881 5735
f 5736 5746 5882
f 5736 5882 5737
f 5737 5882 5738
f 5738 5882 5883
f 5738 5883 5884
f 5738 5884 5739
f 5739 5884 5885
f 5739 5885 5740
f 5740 5885 5886
f 5740 5886 5741
f 5741 5887 5888
f 5741 5888 5742
f 5741 5886 5889
f 5741 5889 5887
f 5742 5888 5749
f 5742 5749 5743
f 5744 5890 5746
f 5744 5745 5890
f 5745 5891 5890
f 5746 5890 5892
f 5746 5892 5893
f 5746 5893 5894
f 5746 5894 5882
f 5747 5895 5748
f 5747 5750 5896
f 5747 5896 5897
f 5747 5897 5895
f 5748 5895 5751
f 5749 5888 5750
f 5750 5888 5896
f 5751 5895 5752
f 5752 5898 5753
f 5752 5895 5899
f 5752 5899 5898
f 5753 5898 5900
f 5753 5900 5754
f 5754 5757 5755
f 5754 5900 5901
f 5754 5901 5757
f 5755 5757 5756
f 5757 5901 5902
f 5757 5902 5903
f 5757 5903 5758
f 5758 5903 5904
f 5758 5904 5759
f 5759 5904 5905
f 5759 5905 5906
f 5759 5906 5760
f 5760 5906 5761
f 5761 5906 5768
f 5762 5767 5907
f 5762 5907 5908
f 5762 5908 5763
f 5763 5908 5807
f 5764 5909 5910
f 5764 5910 5911
f 5764 5911 5765
f 5764 5768 5909
f 5765 5911 5766
f 5766 5911 5912
f 5766 5912 5913
f 5766 5913 5767
f 5767 5913 5907
f 5768 5906 5909
f 5769 5806 5914
f 5769 5914 5771
f 5770 5915 5772
f 5770 5771 5914
f 5770 5914 5916
f 5770 5916 5915
f 5772 5917 5786
f 5772 5915 5917
f 5773 5775 5918
f 5773 5918 5919
f 5773 5919 5774
f 5774 5920 5776
f 5774 5919 5920
f 5775 5787 5921
f 5775 5921 5918
f 5776 5920 5922
f 5776 5922 5777
f 5777 5922 5923
f 5777 5923 5778
f 5778 5923 5924
f 5778 5924 5779
f 5779 5924 5925
f 5779 5925 5780
f 5780 5925 5783
f 5781 5783 5926
f 5781 5926 5927
f 5781 5927 5782
f 5782 5927 5784
f 5783 5928 5929
f 5783 5929 5926
f 5783 5925 5928
f 5784 5927 5930
f 5784 5930 5785
f 5785 5930 5931
f 5785 5931 5788
f 5786 5932 5787
f 5786 5917 5932
f 5787 5932 5921
f 5788 5931 5789
f 5789 5931 5933
f 5789 5933 5934
f 5789 5934 5935
f 5789 5935 5936
f 5789 5936 5790
f 5790 5936 5937
f 5790 5937 5938
f 5791 5938 5939
f 5791 5939 5792
f 5792 5939 5940
f 5792 5940 5941
f 5792 5941 5942
f 5792 5942 5793
f 5793 5942 5943
f 5793 5943 5944
f 5793 5944 5794
f 5794 5944 5795
f 5795 5944 5796
f 5796 5945 5946
f 5796 5946 5947
f 5796 5947 5797
f 5796 5944 5945
f 5797 5947 5948
f 5797 5948 5817
f 5799 5814 5949
f 5799 5949 5800
f 5800 5949 5950
f 5800 5950 5801
f 5801 5950 5802
f 5802 5951 5803
f 5802 5950 5951
f 5803 5951 5804
f 5804 5952 5805
f 5804 5951 5952
f 5805 5952 5806
f 5806 5952 5914
f 5807 5908 5953
f 5807 5953 5954
f 5807 5954 5808
f 5808 5954 5955
f 5808 5955 5956
f 5808 5956 5809
f 5809 5956 5810
f 5810 5956 5811
f 5811 5957 5812
f 5811 5956 5957
f 5812 5957 5813
f 5813 5957 5958
f 5813 5958 5959
f 5813 5959 5949
f 5813 5949 5814
f 5815 5816 5819
f 5816 5818 5960
f 5816 5960 5819
f 5817 5948 5961
f 5817 5961 5818
f 5818 5961 5960
f 5819 5960 5962
f 5819 5962 5821
f 5819 5821 5820
f 5821 5963 5964
f 5821 5964 5822
f 5821 5962 5963
f 5822 5965 5823
f 5822 5964 5965
f 5823 5965 5966
f 5823 5966 5824
f 5824 5966 5832
f 5825 5831 5967
f 5825 5967 5968
f 5825 5968 5826
f 5826 5968 5969
f 5826 5969 5827
f 5827 5969 5970
f 5827 5970 5971
f 5827 5971 5972
f 5827 5972 5973
f 5827 5973 5828
f 5828 5973 5829
f 5829 5974 5830
f 5829 5973 5974
f 5830 5974 5833
f 5831 5832 5967
f 5832 5966 5975
f 5832 5975 5976
f 5832 5976 5967
f 5833 5974 5977
f 5833 5977 5837
f 5834 5836 5978
f 5834 5978 5839
f 5835 5838 5979
f 5835 5979 5836
f 5836 5979 5978
f 5837 5977 5980
f 5837 5980 5838
f 5838 5980 5979
f 5839 5978 5840
f 5840 5981 5841
f 5840 5978 5982
f 5840 5982 5981
f 5841 5981 5983
f 5841 5983 5842
f 5842 5983 5843
f 5843 5983 5984
f 5843 5984 5855
f 5844 5847 5846
f 5844 5846 5985
f 5844 5985 5848
f 5845 5855 5986
f 5845 5986 5846
f 5846 5986 5987
f 5846 5987 5985
f 5848 5985 5988
f 5848 5988 5849
f 5849 5988 5989
f 5849 5989 5850
f 5850 5989 5990
f 5850 5990 5991
f 5850 5991 5851
f 5851 5991 5852
f 5852 5991 5992
f 5852 5992 5853
f 5853 5992 5993
f 5853 5993 5994
f 5853 5994 5858
f 5853 5858 5854
f 5855 5984 5995
f 5855 5995 5996
f 5855 5996 5986
f 5856 5872 5997
f 5856 5997 5998
f 5856 5998 5873
f 5858 5994 5999
f 5858 5999 5859
f 5860 5999 6000
f 5860 6000 6001
f 5860 6001 6002
f 5860 6002 5861
f 5861 6002 5862
f 5862 6002 5863
f 5863 6002 6003
f 5863 6003 5864
f 5864 6003 6004
f 5864 6004 6005
f 5864 6005 5865
f 5865 6005 6006
f 5865 6006 6007
f 5865 6007 5866
f 5866 6007 5869
f 5867 5868 6008
f 5867 6008 6009
f 5867 6009 5870
f 5868 5869 6010
f 5868 6010 6008
f 5869 6007 6011
f 5869 6011 6012
f 5869 6012 6010
f 5870 6009 5871
f 5871 6009 6013
f 5871 6013 6014
f 5871 6014 5872
f 5872 6014 5997
f 5873 5998 5874
f 5874 5998 6015
f 5874 6015 5875
f 5875 6015 5876
f 5876 6015 6016
f 5876 6016 5877
f 5877 6016 6017
f 5877 6017 6018
f 5877 6018 5878
f 5878 6018 6019
f 5878 6019 5879
f 5879 6019 6020
f 5879 6020 5880
f 5880 6020 5881
f 5881 6020 6021
f 5882 6022 5883
f 5882 5894 6022
f 5883 6022 6023
f 5883 6023 5884
f 5884 6023 6024
f 5884 6024 5885
f 5885 6024 6025
f 5885 6025 5886
f 5886 6025 6026
f 5886 6026 5889
f 5887 6027 5896
f 5887 5896 5888
f 5887 5889 6028
f 5887 6028 6027
f 5889 6026 6029
f 5889 6029 6028
f 5890 6030 5892
f 5890 5891 6030
f 5891 6031 6030
f 5892 6030 5893
f 5893 6030 6032
f 5893 6032 6033
f 5893 6033 6034
f 5893 6034 6022
f 5893 6022 5894
f 5895 5897 6035
f 5895 6035 6036
f 5895 6036 5899
f 5896 6027 5897
f 5897 6027 6037
f 5897 6037 6035
f 5898 5899 6038
f 5898 6038 5900
f 5899 6036 6039
f 5899 6039 6040
f 5899 6040 6038
f 5900 6038 6041
f 5900 6041 5901
f 5901 6041 6042
f 5901 6042 5902
f 5902 6042 5903
f 5903 6042 6043
f 5903 6043 5904
f 5904 6043 6044
f 5904 6044 5905
f 5905 6044 6045
f 5905 6045 5906
f 5906 6045 5909
f 5907 5913 6046
f 5907 6046 6047
f 5907 6047 5908
f 5908 6047 5953
f 5909 6045 6048
f 5909 6048 6049
f 5909 6049 6050
f 5909 6050 5910
f 5910 6050 6051
f 5910 6051 5911
f 5911 6051 5912
f 5912 6051 6052
f 5912 6052 5913
f 5913 6052 6053
f 5913 6053 6046
f 5914 5952 6054
f 5914 6054 6055
f 5914 6055 5916
f 5915 5916 6056
f 5915 6056 5917
f 5916 6055 6056
f 5917 6056 6057
f 5917 6057 6058
f 5917 6058 5932
f 5918 6059 5919
f 5918 5921 6060
f 5918 6060 6061
f 5918 6061 6062
f 5918 6062 6059
f 5919 6059 6063
f 5919 6063 5920
f 5920 6064 5922
f 5920 6063 6064
f 5921 5932 6060
f 5922 6064 6065
f 5922 6065 5923
f 5923 6066 5924
f 5923 6065 6066
f 5924 6066 6067
f 5924 6067 5925
f 5925 6067 5928
f 5926 5929 6068
f 5926 6068 6069
f 5926 6069 5927
f 5927 6069 5930
f 5928 6070 5929
f 5928 6067 6071
f 5928 6071 6070
f 5929 6070 6072
f 5929 6072 6073
f 5929 6073 6068
f 5930 6074 5931
f 5930 6069 6074
f 5931 6074 5933
f 5932 6058 6060
f 5933 6074 5934
f 5934 6075 6076
f 5934 6076 6077
f 5934 6077 5935
f 5934 6074 6078
f 5934 6078 6218
f 5934 6218 6075
f 5935 6077 6222
f 5935 6222 6079
f 5935 6079 5937
f 5935 5937 5936
f 5937 6079 5939
f 5937 5939 5938
f 5939 6079 6080
f 5939 6080 6081
f 5939 6081 5941
f 5939 5941 5940
f 5941 6081 6082
f 5941 6082 6083
f 5941 6083 5942
f 5942 6083 5943
f 5943 6083 6084
f 5943 6084 6085
f 5943 6085 5944
f 5944 6085 5945
f 5945 6085 5946
f 5946 6086 6087
f 5946 6087 5947
f 5946 6085 6088
f 5946 6088 6086
f 5947 6087 5948
f 5948 6089 5961
f 5948 6087 6089
f 5949 6090 6091
f 5949 6091 5950
f 5949 5959 6090
f 5950 6091 6092
f 5950 6092 6093
f 5950 6093 5951
f 5951 6093 6094
f 5951 6094 6095
f 5951 6095 5952
f 5952 6095 6096
f 5952 6096 6054
f 5953 6047 6097
f 5953 6097 5954
f 5954 6097 6098
f 5954 6098 6099
f 5954 6099 5955
f 5955 6099 6100
f 5955 6100 5956
f 5956 6100 6101
f 5956 6101 5957
f 5957 6102 5958
f 5957 6101 6102
f 5958 6102 6103
f 5958 6103 5959
f 5959 6103 6090
f 5960 5961 6104
f 5960 6104 5962
f 5961 6089 6104
f 5962 6105 5963
f 5962 6104 6105
f 5963 6106 5964
f 5963 6105 6107
f 5963 6107 6106
f 5964 6106 6108
f 5964 6108 5965
f 5965 6109 5966
f 5965 6108 6109
f 5966 6109 5975
f 5967 6110 6111
f 5967 6111 6112
f 5967 6112 5968
f 5967 5976 6110
f 5968 6112 5969
f 5969 6112 5970
f 5970 6113 5971
f 5970 6112 6113
f 5971 6113 6114
f 5971 6114 5972
f 5972 6114 6115
f 5972 6115 5980
f 5972 5980 5977
f 5972 5977 5974
f 5972 5974 5973
f 5975 6116 5976
f 5975 6109 6116
f 5976 6116 6110
f 5978 5979 6117
f 5978 6117 6118
f 5978 6118 5982
f 5979 6119 6117
f 5979 5980 6120
f 5979 6120 6119
f 5980 6115 6121
f 5980 6121 6120
f 5981 5982 6122
f 5981 6122 5983
f 5982 6118 6122
f 5983 6123 5984
f 5983 6122 6124
f 5983 6124 6125
f 5983 6125 6126
f 5983 6126 6123
f 5984 6123 5995
f 5985 5987 6127
f 5985 6127 5988
f 5986 5996 6128
f 5986 6128 6129
f 5986 6129 5987
f 5987 6129 6130
f 5987 6130 6127
f 5988 6127 6131
f 5988 6131 5989
f 5989 6131 6132
f 5989 6132 5990
f 5990 6132 6133
f 5990 6133 5991
f 5991 6134 5992
f 5991 6133 6135
f 5991 6135 6134
f 5992 6134 6136
f 5992 6136 5993
f 5993 6000 5999
f 5993 5999 5994
f 5993 6136 6137
f 5993 6137 6000
f 5995 6123 5996
f 5996 6123 6138
f 5996 6138 6128
f 5997 6014 6139
f 5997 6139 5998
f 5998 6139 6140
f 5998 6140 6015
f 6000 6137 6141
f 6000 6141 6001
f 6001 6141 6142
f 6001 6142 6002
f 6002 6142 6143
f 6002 6143 6003
f 6003 6143 6144
f 6003 6144 6145
f 6003 6145 6146
f 6003 6146 6004
f 6004 6146 6147
f 6004 6147 6005
f 6005 6147 6006
f 6006 6147 6148
f 6006 6148 6149
f 6006 6149 6150
f 6006 6150 6007
f 6007 6150 6011
f 6008 6010 6151
f 6008 6151 6152
f 6008 6152 6009
f 6009 6152 6013
f 6010 6012 6153
f 6010 6153 6151
f 6011 6150 6154
f 6011 6154 6012
f 6012 6154 6155
f 6012 6155 6153
f 6013 6152 6156
f 6013 6156 6157
f 6013 6157 6014
f 6014 6157 6139
f 6015 6140 6016
f 6016 6158 6017
f 6016 6140 6158
f 6017 6158 6159
f 6017 6159 6160
f 6017 6160 6018
f 6018 6160 6161
f 6018 6161 6019
f 6019 6161 6162
f 6019 6162 6020
f 6020 6162 6021
f 6021 6162 6163
f 6022 6034 6164
f 6022 6164 6023
f 6023 6164 6165
f 6023 6165 6024
f 6024 6165 6166
f 6024 6166 6025
f 6025 6166 6167
f 6025 6167 6026
f 6026 6167 6168
f 6026 6168 6029
f 6027 6028 6169
f 6027 6169 6037
f 6028 6029 6170
f 6028 6170 6169
f 6029 6168 6171
f 6029 6171 6170
f 6030 6031 6032
f 6031 6172 6173
f 6031 6173 6032
f 6032 6173 6033
f 6033 6174 6034
f 6033 6173 6175
f 6033 6175 6176
f 6033 6176 6177
f 6033 6177 6178
f 6033 6178 6174
f 6034 6174 6164
f 6035 6037 6036
f 6036 6179 6039
f 6036 6037 6180
f 6036 6180 6181
f 6036 6181 6179
f 6037 6169 6180
f 6038 6040 6041
f 6039 6179 6040
f 6040 6179 6182
f 6040 6182 6333
f 6040 6333 6183
f 6040 6183 6041
f 6041 6183 6042
f 6042 6184 6043
f 6042 6183 6184
f 6043 6184 6185
f 6043 6185 6044
f 6044 6185 6186
f 6044 6186 6045
f 6045 6186 6048
f 6046 6187 6188
f 6046 6188 6047
f 6046 6053 6187
f 6047 6188 6097
f 6048 6189 6190
f 6048 6190 6049
f 6048 6186 6189
f 6049 6190 6191
f 6049 6191 6050
f 6050 6191 6192
f 6050 6192 6051
f 6051 6192 6052
f 6052 6193 6194
f 6052 6194 6195
f 6052 6195 6053
f 6052 6192 6193
f 6053 6195 6187
f 6054 6196 6055
f 6054 6096 6196
f 6055 6196 6056
f 6056 6197 6057
f 6056 6196 6198
f 6056 6198 6197
f 6057 6197 6199
f 6057 6199 6058
f 6058 6199 6060
f 6059 6062 6063
f 6060 6199 6200
f 6060 6200 6201
f 6060 6201 6061
f 6061 6201 6062
f 6062 6201 6202
f 6062 6202 6203
f 6062 6203 6204
f 6062 6204 6063
f 6063 6204 6205
f 6063 6205 6206
f 6063 6206 6064
f 6064 6206 6207
f 6064 6207 6065
f 6065 6208 6066
f 6065 6207 6208
f 6066 6209 6067
f 6066 6208 6209
f 6067 6209 6071
f 6068 6073 6210
f 6068 6210 6211
f 6068 6211 6212
f 6068 6212 6069
f 6069 6212 6074
f 6070 6071 6213
f 6070 6213 6072
f 6071 6209 6214
f 6071 6214 6213
f 6072 6215 6216
f 6072 6216 6210
f 6072 6210 6073
f 6072 6213 6215
f 6074 6212 6078
f 6075 6217 6076
f 6075 6218 6217
f 6076 6219 6220
f 6076 6220 6221
f 6076 6221 6222
f 6076 6222 6077
f 6076 6217 6219
f 6078 6212 6218
f 6079 6222 6080
f 6080 6222 6221
f 6080 6221 6223
f 6080 6223 6378
f 6080 6378 6224
f 6080 6224 6082
f 6080 6082 6081
f 6082 6224 6225
f 6082 6225 6226
f 6082 6226 6083
f 6083 6226 6084
f 6084 6226 6088
f 6084 6088 6085
f 6086 6088 6227
f 6086 6227 6228
f 6086 6228 6229
f 6086 6229 6087
f 6087 6229 6089
f 6088 6230 6227
f 6088 6226 6230
f 6089 6229 6231
f 6089 6231 6104
f 6090 6103 6232
f 6090 6232 6091
f 6091 6232 6092
f 6092 6232 6233
f 6092 6233 6234
f 6092 6234 6235
f 6092 6235 6094
f 6092 6094 6093
f 6094 6236 6237
f 6094 6237 6096
f 6094 6096 6095
f 6094 6235 6236
f 6096 6237 6238
f 6096 6238 6196
f 6097 6239 6240
f 6097 6240 6098
f 6097 6188 6239
f 6098 6240 6099
f 6099 6240 6241
f 6099 6241 6242
f 6099 6242 6100
f 6100 6242 6243
f 6100 6243 6102
f 6100 6102 6101
f 6102 6243 6244
f 6102 6244 6245
f 6102 6245 6246
f 6102 6246 6247
f 6102 6247 6103
f 6103 6247 6248
f 6103 6248 6249
f 6103 6249 6232
f 6104 6231 6105
f 6105 6231 6250
f 6105 6250 6107
f 6106 6107 6251
f 6106 6251 6252
f 6106 6252 6108
f 6107 6250 6253
f 6107 6253 6251
f 6108 6252 6254
f 6108 6254 6109
f 6109 6254 6255
f 6109 6255 6116
f 6110 6256 6111
f 6110 6116 6256
f 6111 6257 6112
f 6111 6256 6257
f 6112 6257 6258
f 6112 6258 6113
f 6113 6259 6260
f 6113 6260 6114
f 6113 6258 6259
f 6114 6261 6115
f 6114 6260 6261
f 6115 6261 6121
f 6116 6262 6256
f 6116 6255 6263
f 6116 6263 6262
f 6117 6119 6264
f 6117 6264 6118
f 6118 6264 6122
f 6119 6120 6121
f 6119 6121 6265
f 6119 6265 6266
f 6119 6266 6264
f 6121 6261 6267
f 6121 6267 6265
f 6122 6264 6268
f 6122 6268 6269
f 6122 6269 6124
f 6123 6270 6138
f 6123 6126 6125
f 6123 6125 6271
f 6123 6271 6272
f 6123 6272 6270
f 6124 6269 6125
f 6125 6269 6273
f 6125 6273 6271
f 6127 6130 6274
f 6127 6274 6131
f 6128 6138 6270
f 6128 6270 6275
f 6128 6275 6129
f 6129 6275 6276
f 6129 6276 6277
f 6129 6277 6130
f 6130 6277 6278
f 6130 6278 6274
f 6131 6274 6279
f 6131 6279 6132
f 6132 6279 6280
f 6132 6280 6281
f 6132 6281 6133
f 6133 6281 6282
f 6133 6282 6135
f 6134 6135 6283
f 6134 6283 6136
f 6135 6282 6283
f 6136 6283 6284
f 6136 6284 6285
f 6136 6285 6286
f 6136 6286 6137
f 6137 6286 6287
f 6137 6287 6141
f 6139 6157 6140
f 6140 6157 6288
f 6140 6288 6158
f 6141 6287 6289
f 6141 6289 6142
f 6142 6289 6144
f 6142 6144 6143
f 6144 6289 6290
f 6144 6290 6291
f 6144 6291 6292
f 6144 6292 6145
f 6145 6292 6146
f 6146 6292 6293
f 6146 6293 6294
f 6146 6294 6295
f 6146 6295 6147
f 6147 6295 6148
f 6148 6296 6149
f 6148 6295 6297
f 6148 6297 6298
f 6148 6298 6296
f 6149 6296 6299
f 6149 6299 6150
f 6150 6299 6154
f 6151 6153 6300
f 6151 6300 6301
f 6151 6301 6152
f 6152 6301 6156
f 6153 6155 6302
f 6153 6302 6300
f 6154 6299 6303
f 6154 6303 6155
f 6155 6303 6304
f 6155 6304 6302
f 6156 6301 6305
f 6156 6305 6306
f 6156 6306 6157
f 6157 6306 6288
f 6158 6307 6159
f 6158 6288 6307
f 6159 6307 6308
f 6159 6308 6309
f 6159 6309 6160
f 6160 6309 6310
f 6160 6310 6161
f 6161 6310 6311
f 6161 6311 6162
f 6162 6311 6312
f 6162 6312 6163
f 6164 6174 6313
f 6164 6313 6165
f 6165 6313 6314
f 6165 6314 6315
f 6165 6315 6166
f 6166 6315 6316
f 6166 6316 6167
f 6167 6316 6317
f 6167 6317 6168
f 6168 6317 6318
f 6168 6318 6171
f 6169 6170 6319
f 6169 6319 6180
f 6170 6171 6320
f 6170 6320 6319
f 6171 6318 6321
f 6171 6321 6320
f 6172 6322 6173
f 6173 6322 6323
f 6173 6323 6175
f 6174 6178 6313
f 6175 6323 6176
f 6176 6324 6178
f 6176 6178 6177
f 6176 6323 6325
f 6176 6325 6326
f 6176 6326 6324
f 6178 6324 6327
f 6178 6327 6328
f 6178 6328 6314
f 6178 6314 6313
f 6179 6181 6182
f 6180 6319 6329
f 6180 6329 6181
f 6181 6329 6330
f 6181 6330 6331
f 6181 6331 6332
f 6181 6332 6182
f 6182 6332 6333
f 6183 6333 6184
f 6184 6333 6334
f 6184 6334 6335
f 6184 6335 6185
f 6185 6335 6186
f 6186 6335 6336
f 6186 6336 6189
f 6187 6195 6337
f 6187 6337 6338
f 6187 6338 6188
f 6188 6338 6239
f 6189 6336 6339
f 6189 6339 6340
f 6189 6340 6190
f 6190 6340 6341
f 6190 6341 6191
f 6191 6341 6193
f 6191 6193 6192
f 6193 6341 6342
f 6193 6342 6343
f 6193 6343 6194
f 6194 6343 6344
f 6194 6344 6195
f 6195 6344 6337
f 6196 6345 6198
f 6196 6238 6345
f 6197 6198 6345
f 6197 6345 6346
f 6197 6346 6347
f 6197 6347 6348
f 6197 6348 6199
f 6199 6349 6200
f 6199 6348 6349
f 6200 6350 6201
f 6200 6349 6350
f 6201 6350 6202
f 6202 6350 6351
f 6202 6351 6352
f 6202 6352 6203
f 6203 6353 6354
f 6203 6354 6205
f 6203 6205 6204
f 6203 6352 6353
f 6205 6355 6356
f 6205 6356 6206
f 6205 6354 6357
f 6205 6357 6355
f 6206 6356 6207
f 6207 6356 6358
f 6207 6358 6359
f 6207 6359 6208
f 6208 6359 6360
f 6208 6360 6361
f 6208 6361 6209
f 6209 6361 6214
f 6210 6216 6362
f 6210 6362 6363
f 6210 6363 6211
f 6211 6363 6218
f 6211 6218 6212
f 6213 6214 6364
f 6213 6364 6365
f 6213 6365 6215
f 6214 6361 6366
f 6214 6366 6367
f 6214 6367 6364
f 6215 6368 6216
f 6215 6365 6368
f 6216 6368 6369
f 6216 6369 6370
f 6216 6370 6362
f 6217 6371 6372
f 6217 6372 6219
f 6217 6218 6373
f 6217 6373 6374
f 6217 6374 6371
f 6218 6363 6373
f 6219 6372 6220
f 6220 6375 6376
f 6220 6376 6377
f 6220 6377 6221
f 6220 6372 6375
f 6221 6377 6223
f 6223 6377 6378
f 6224 6378 6225
f 6225 6378 6379
f 6225 6379 6380
f 6225 6380 6226
f 6226 6380 6230
f 6227 6230 6381
f 6227 6381 6382
f 6227 6382 6228
f 6228 6383 6384
f 6228 6384 6229
f 6228 6382 6383
f 6229 6384 6231
f 6230 6380 6381
f 6231 6384 6250
f 6232 6385 6233
f 6232 6249 6385
f 6233 6385 6234
f 6234 6386 6387
f 6234 6387 6388
f 6234 6388 6389
f 6234 6389 6236
f 6234 6236 6235
f 6234 6385 6390
f 6234 6390 6386
f 6236 6389 6237
f 6237 6389 6238
f 6238 6389 6345
f 6239 6391 6240
f 6239 6338 6391
f 6240 6391 6392
f 6240 6392 6393
f 6240 6393 6394
f 6240 6394 6241
f 6241 6394 6395
f 6241 6395 6244
f 6241 6244 6242
f 6242 6244 6243
f 6244 6395 6396
f 6244 6396 6397
f 6244 6397 6398
f 6244 6398 6246
f 6244 6246 6245
f 6246 6398 6399
f 6246 6399 6400
f 6246 6400 6248
f 6246 6248 6247
f 6248 6400 6401
f 6248 6401 6385
f 6248 6385 6249
f 6250 6384 6402
f 6250 6402 6253
f 6251 6403 6404
f 6251 6404 6252
f 6251 6253 6403
f 6252 6405 6406
f 6252 6406 6254
f 6252 6404 6405
f 6253 6407 6403
f 6253 6402 6407
f 6254 6406 6408
f 6254 6408 6255
f 6255 6408 6263
f 6256 6262 6409
f 6256 6409 6410
f 6256 6410 6257
f 6257 6411 6412
f 6257 6412 6259
f 6257 6259 6258
f 6257 6410 6411
f 6259 6413 6414
f 6259 6414 6260
f 6259 6412 6411
f 6259 6411 6415
f 6259 6415 6413
f 6260 6414 6261
f 6261 6414 6267
f 6262 6263 6409
f 6263 6408 6416
f 6263 6416 6417
f 6263 6417 6409
f 6264 6266 6418
f 6264 6418 6268
f 6265 6267 6419
f 6265 6419 6266
f 6266 6419 6418
f 6267 6414 6419
f 6268 6418 6269
f 6269 6418 6420
f 6269 6420 6273
f 6270 6272 6421
f 6270 6421 6422
f 6270 6422 6423
f 6270 6423 6276
f 6270 6276 6275
f 6271 6273 6424
f 6271 6424 6425
f 6271 6425 6426
f 6271 6426 6427
f 6271 6427 6428
f 6271 6428 6421
f 6271 6421 6272
f 6273 6420 6424
f 6274 6278 6429
f 6274 6429 6279
f 6276 6430 6277
f 6276 6423 6431
f 6276 6431 6432
f 6276 6432 6433
f 6276 6433 6434
f 6276 6434 6430
f 6277 6430 6278
f 6278 6430 6435
f 6278 6435 6429
f 6279 6429 6280
f 6280 6436 6281
f 6280 6429 6437
f 6280 6437 6438
f 6280 6438 6436
f 6281 6436 6282
f 6282 6436 6439
f 6282 6439 6283
f 6283 6439 6440
f 6283 6440 6284
f 6284 6440 6285
f 6285 6441 6286
f 6285 6440 6442
f 6285 6442 6443
f 6285 6443 6441
f 6286 6441 6287
f 6287 6441 6444
f 6287 6444 6445
f 6287 6445 6289
f 6288 6306 6307
f 6289 6445 6290
f 6290 6445 6446
f 6290 6446 6447
f 6290 6447 6291
f 6291 6447 6292
f 6292 6447 6448
f 6292 6448 6293
f 6293 6449 6294
f 6293 6448 6450
f 6293 6450 6451
f 6293 6451 6449
f 6294 6449 6295
f 6295 6449 6297
f 6296 6452 6299
f 6296 6298 6453
f 6296 6453 6452
f 6297 6454 6455
f 6297 6455 6298
f 6297 6449 6454
f 6298 6455 6456
f 6298 6456 6457
f 6298 6457 6453
f 6299 6452 6303
f 6300 6302 6458
f 6300 6458 6459
f 6300 6459 6301
f 6301 6459 6305
f 6302 6304 6460
f 6302 6460 6458
f 6303 6452 6461
f 6303 6461 6304
f 6304 6461 6462
f 6304 6462 6460
f 6305 6463 6306
f 6305 6459 6464
f 6305 6464 6463
f 6306 6463 6307
f 6307 6463 6308
f 6308 6465 6466
f 6308 6466 6309
f 6308 6463 6465
f 6309 6466 6310
f 6310 6467 6468
f 6310 6468 6469
f 6310 6469 6470
f 6310 6470 6311
f 6310 6466 6467
f 6311 6470 6312
f 6312 6470 6471
f 6314 6328 6472
f 6314 6472 6473
f 6314 6473 6315
f 6315 6473 6316
f 6316 6473 6474
f 6316 6474 6475
f 6316 6475 6317
f 6317 6475 6476
f 6317 6476 6318
f 6318 6476 6477
f 6318 6477 6321
f 6319 6320 6478
f 6319 6478 6329
f 6320 6321 6479
f 6320 6479 6478
f 6321 6477 6480
f 6321 6480 6479
f 6322 6481 6482
f 6322 6482 6323
f 6323 6482 6483
f 6323 6483 6325
f 6324 6326 6327
f 6325 6483 6326
f 6326 6483 6484
f 6326 6484 6485
f 6326 6485 6327
f 6327 6486 6487
f 6327 6487 6488
f 6327 6488 6472
f 6327 6472 6328
f 6327 6485 6489
f 6327 6489 6486
f 6329 6478 6490
f 6329 6490 6330
f 6330 6490 6491
f 6330 6491 6492
f 6330 6492 6331
f 6331 6493 6332
f 6331 6492 6494
f 6331 6494 6493
f 6332 6493 6495
f 6332 6495 6333
f 6333 6495 6496
f 6333 6496 6334
f 6334 6496 6497
f 6334 6497 6335
f 6335 6497 6339
f 6335 6339 6336
f 6337 6344 6498
f 6337 6498 6499
f 6337 6499 6338
f 6338 6499 6391
f 6339 6497 6500
f 6339 6500 6501
f 6339 6501 6340
f 6340 6501 6502
f 6340 6502 6341
f 6341 6502 6342
f 6342 6503 6504
f 6342 6504 6343
f 6342 6502 6503
f 6343 6504 6505
f 6343 6505 6506
f 6343 6506 6344
f 6344 6506 6507
f 6344 6507 6498
f 6345 6389 6508
f 6345 6508 6509
f 6345 6509 6347
f 6345 6347 6346
f 6347 6510 6511
f 6347 6511 6349
f 6347 6349 6348
f 6347 6509 6512
f 6347 6512 6510
f 6349 6511 6513
f 6349 6513 6350
f 6350 6513 6351
f 6351 6513 6514
f 6351 6514 6515
f 6351 6515 6516
f 6351 6516 6517
f 6351 6517 6353
f 6351 6353 6352
f 6353 6518 6357
f 6353 6357 6354
f 6353 6517 6516
f 6353 6516 6519
f 6353 6519 6520
f 6353 6520 6518
f 6355 6357 6521
f 6355 6521 6358
f 6355 6358 6356
f 6357 6518 6522
f 6357 6522 6521
f 6358 6523 6524
f 6358 6524 6360
f 6358 6360 6359
f 6358 6521 6523
f 6360 6525 6366
f 6360 6366 6361
f 6360 6524 6525
f 6362 6526 6527
f 6362 6527 6363
f 6362 6370 6528
f 6362 6528 6526
f 6363 6527 6373
f 6364 6367 6365
f 6365 6367 6529
f 6365 6529 6530
f 6365 6530 6368
f 6366 6525 6367
f 6367 6531 6529
f 6367 6525 6532
f 6367 6532 6531
f 6368 6530 6369
f 6369 6530 6533
f 6369 6533 6534
f 6369 6534 6535
f 6369 6535 6528
f 6369 6528 6370
f 6371 6536 6537
f 6371 6537 6372
f 6371 6374 6536
f 6372 6537 6539
f 6372 6539 6375
f 6373 6527 6374
f 6374 6538 6536
f 6374 6527 6538
f 6375 6539 6376
f 6376 6539 6540
f 6376 6540 6713
f 6376 6713 6541
f 6376 6541 6377
f 6377 6541 6542
f 6377 6542 6378
f 6378 6542 6379
f 6379 6542 6543
f 6379 6543 6544
f 6379 6544 6545
f 6379 6545 6380
f 6380 6545 6381
f 6381 6546 6382
f 6381 6545 6546
f 6382 6546 6547
f 6382 6547 6383
f 6383 6548 6402
f 6383 6402 6384
f 6383 6547 6548
f 6385 6401 6549
f 6385 6549 6550
f 6385 6550 6390
f 6386 6551 6387
f 6386 6390 6552
f 6386 6552 6551
f 6387 6553 6554
f 6387 6554 6555
f 6387 6555 6388
f 6387 6551 6553
f 6388 6555 6389
f 6389 6555 6508
f 6390 6550 6552
f 6391 6499 6556
f 6391 6556 6557
f 6391 6557 6558
f 6391 6558 6392
f 6392 6558 6393
f 6393 6558 6396
f 6393 6396 6394
f 6394 6396 6395
f 6396 6558 6559
f 6396 6559 6560
f 6396 6560 6397
f 6397 6560 6561
f 6397 6561 6399
f 6397 6399 6398
f 6399 6562 6563
f 6399 6563 6564
f 6399 6564 6565
f 6399 6565 6549
f 6399 6549 6400
f 6399 6561 6562
f 6400 6549 6401
f 6402 6548 6407
f 6403 6566 6567
f 6403 6567 6568
f 6403 6568 6404
f 6403 6407 6566
f 6404 6568 6405
f 6405 6568 6569
f 6405 6569 6570
f 6405 6570 6571
f 6405 6571 6572
f 6405 6572 6406
f 6406 6572 6408
f 6407 6573 6566
f 6407 6548 6574
f 6407 6574 6573
f 6408 6572 6416
f 6409 6575 6576
f 6409 6576 6411
f 6409 6411 6410
f 6409 6417 6575
f 6411 6576 6577
f 6411 6577 6578
f 6411 6578 6579
f 6411 6579 6415
f 6413 6415 6579
f 6413 6579 6414
f 6414 6580 6581
f 6414 6581 6582
f 6414 6582 6419
f 6414 6579 6580
f 6416 6583 6417
f 6416 6572 6583
f 6417 6583 6575
f 6418 6584 6585
f 6418 6585 6586
f 6418 6586 6420
f 6418 6419 6584
f 6419 6582 6587
f 6419 6587 6584
f 6420 6586 6424
f 6421 6428 6422
f 6422 6428 6423
f 6423 6428 6588
f 6423 6588 6431
f 6424 6589 6425
f 6424 6586 6585
f 6424 6585 6590
f 6424 6590 6589
f 6425 6589 6426
f 6426 6591 6428
f 6426 6428 6427
f 6426 6589 6592
f 6426 6592 6593
f 6426 6593 6591
f 6428 6591 6594
f 6428 6594 6595
f 6428 6595 6588
f 6429 6435 6437
f 6430 6434 6435
f 6431 6588 6596
f 6431 6596 6432
f 6432 6597 6433
f 6432 6596 6598
f 6432 6598 6599
f 6432 6599 6597
f 6433 6597 6434
f 6434 6600 6435
f 6434 6597 6601
f 6434 6601 6602
f 6434 6602 6600
f 6435 6600 6437
f 6436 6438 6603
f 6436 6603 6439
f 6437 6600 6604
f 6437 6604 6438
f 6438 6604 6605
f 6438 6605 6606
f 6438 6606 6603
f 6439 6603 6440
f 6440 6603 6607
f 6440 6607 6608
f 6440 6608 6442
f 6441 6443 6609
f 6441 6609 6444
f 6442 6608 6610
f 6442 6610 6611
f 6442 6611 6443
f 6443 6611 6612
f 6443 6612 6609
f 6444 6609 6445
f 6445 6609 6613
f 6445 6613 6614
f 6445 6614 6615
f 6445 6615 6616
f 6445 6616 6446
f 6446 6616 6447
f 6447 6616 6617
f 6447 6617 6450
f 6447 6450 6448
f 6449 6451 6618
f 6449 6618 6454
f 6450 6617 6619
f 6450 6619 6451
f 6451 6619 6790
f 6451 6790 6620
f 6451 6620 6624
f 6451 6624 6618
f 6452 6453 6621
f 6452 6621 6622
f 6452 6622 6461
f 6453 6457 6621
f 6454 6618 6455
f 6455 6623 6456
f 6455 6618 6624
f 6455 6624 6625
f 6455 6625 6626
f 6455 6626 6623
f 6456 6623 6457
f 6457 6623 6627
f 6457 6627 6621
f 6458 6460 6628
f 6458 6628 6629
f 6458 6629 6459
f 6459 6629 6464
f 6460 6462 6630
f 6460 6630 6628
f 6461 6622 6631
f 6461 6631 6632
f 6461 6632 6462
f 6462 6632 6633
f 6462 6633 6630
f 6463 6464 6465
f 6464 6629 6634
f 6464 6634 6465
f 6465 6634 6466
f 6466 6634 6635
f 6466 6635 6636
f 6466 6636 6637
f 6466 6637 6468
f 6466 6468 6467
f 6468 6638 6639
f 6468 6639 6640
f 6468 6640 6469
f 6468 6637 6638
f 6469 6640 6470
f 6470 6640 6471
f 6471 6640 6641
f 6472 6474 6473
f 6472 6488 6487
f 6472 6487 6642
f 6472 6642 6474
f 6474 6642 6643
f 6474 6643 6644
f 6474 6644 6645
f 6474 6645 6475
f 6475 6645 6476
f 6476 6645 6646
f 6476 6646 6477
f 6477 6646 6647
f 6477 6647 6648
f 6477 6648 6480
f 6478 6479 6649
f 6478 6649 6490
f 6479 6480 6650
f 6479 6650 6649
f 6480 6648 6651
f 6480 6651 6650
f 6481 6652 6483
f 6481 6483 6482
f 6483 6653 6654
f 6483 6654 6485
f 6483 6485 6484
f 6483 6652 6655
f 6483 6655 6653
f 6485 6656 6489
f 6485 6654 6653
f 6485 6653 6657
f 6485 6657 6658
f 6485 6658 6656
f 6486 6489 6487
f 6487 6489 6659
f 6487 6659 6660
f 6487 6660 6661
f 6487 6661 6643
f 6487 6643 6642
f 6489 6656 6662
f 6489 6662 6659
f 6490 6649 6663
f 6490 6663 6664
f 6490 6664 6491
f 6491 6664 6492
f 6492 6664 6665
f 6492 6665 6666
f 6492 6666 6494
f 6493 6667 6496
f 6493 6496 6495
f 6493 6494 6667
f 6494 6666 6668
f 6494 6668 6669
f 6494 6669 6667
f 6496 6667 6670
f 6496 6670 6497
f 6497 6670 6500
f 6498 6507 6671
f 6498 6671 6499
f 6499 6671 6556
f 6500 6670 6672
f 6500 6672 6673
f 6500 6673 6501
f 6501 6673 6674
f 6501 6674 6502
f 6502 6674 6503
f 6503 6674 6675
f 6503 6675 6676
f 6503 6676 6677
f 6503 6677 6504
f 6504 6677 6505
f 6505 6677 6678
f 6505 6678 6679
f 6505 6679 6507
f 6505 6507 6506
f 6507 6679 6680
f 6507 6680 6671
f 6508 6681 6509
f 6508 6555 6681
f 6509 6681 6512
f 6510 6682 6514
f 6510 6514 6511
f 6510 6512 6683
f 6510 6683 6682
f 6511 6514 6513
f 6512 6681 6684
f 6512 6684 6683
f 6514 6685 6515
f 6514 6682 6685
f 6515 6685 6516
f 6516 6685 6686
f 6516 6686 6687
f 6516 6687 6519
f 6518 6520 6522
f 6519 6687 6520
f 6520 6687 6688
f 6520 6688 6689
f 6520 6689 6690
f 6520 6690 6691
f 6520 6691 6522
f 6521 6522 6523
f 6522 6690 6692
f 6522 6692 6523
f 6522 6691 6690
f 6523 6693 6694
f 6523 6694 6524
f 6523 6692 6695
f 6523 6695 6693
f 6524 6694 6525
f 6525 6694 6696
f 6525 6696 6532
f 6526 6528 6697
f 6526 6697 6527
f 6527 6697 6538
f 6528 6535 6698
f 6528 6698 6697
f 6529 6531 6699
f 6529 6699 6530
f 6530 6699 6700
f 6530 6700 6533
f 6531 6701 6699
f 6531 6532 6696
f 6531 6696 6702
f 6531 6702 6701
f 6533 6700 6534
f 6534 6700 6703
f 6534 6703 6704
f 6534 6704 6705
f 6534 6705 6706
f 6534 6706 6535
f 6535 6706 6698
f 6536 6707 6537
f 6536 6538 6708
f 6536 6708 6707
f 6537 6709 6710
f 6537 6710 6539
f 6537 6707 6709
f 6538 6697 6708
f 6539 6710 6711
f 6539 6711 6540
f 6540 6711 6712
f 6540 6712 6713
f 6541 6713 6714
f 6541 6714 6542
f 6542 6714 6543
f 6543 6715 6544
f 6543 6714 6715
f 6544 6716 6717
f 6544 6717 6545
f 6544 6715 6716
f 6545 6717 6546
f 6546 6717 6718
f 6546 6718 6547
f 6547 6718 6719
f 6547 6719 6548
f 6548 6719 6574
f 6549 6565 6720
f 6549 6720 6721
f 6549 6721 6552
f 6549 6552 6550
f 6551 6552 6722
f 6551 6722 6553
f 6552 6721 6722
f 6553 6722 6723
f 6553 6723 6724
f 6553 6724 6725
f 6553 6725 6726
f 6553 6726 6727
f 6553 6727 6684
f 6553 6684 6554
f 6554 6684 6681
f 6554 6681 6555
f 6556 6728 6557
f 6556 6671 6728
f 6557 6728 6729
f 6557 6729 6730
f 6557 6730 6558
f 6558 6730 6731
f 6558 6731 6732
f 6558 6732 6733
f 6558 6733 6559
f 6559 6733 6562
f 6559 6562 6560
f 6560 6562 6561
f 6562 6734 6735
f 6562 6735 6736
f 6562 6736 6737
f 6562 6737 6564
f 6562 6564 6563
f 6562 6733 6734
f 6564 6737 6736
f 6564 6736 6738
f 6564 6738 6739
f 6564 6739 6740
f 6564 6740 6720
f 6564 6720 6565
f 6566 6573 6567
f 6567 6573 6741
f 6567 6741 6742
f 6567 6742 6743
f 6567 6743 6569
f 6567 6569 6568
f 6569 6743 6570
f 6570 6744 6745
f 6570 6745 6571
f 6570 6743 6746
f 6570 6746 6744
f 6571 6745 6572
f 6572 6745 6747
f 6572 6747 6583
f 6573 6574 6748
f 6573 6748 6749
f 6573 6749 6741
f 6574 6719 6748
f 6575 6750 6576
f 6575 6583 6750
f 6576 6750 6577
f 6577 6751 6752
f 6577 6752 6753
f 6577 6753 6578
f 6577 6750 6751
f 6578 6753 6754
f 6578 6754 6579
f 6579 6755 6580
f 6579 6754 6755
f 6580 6755 6581
f 6581 6755 6756
f 6581 6756 6757
f 6581 6757 6587
f 6581 6587 6582
f 6583 6758 6759
f 6583 6759 6750
f 6583 6747 6745
f 6583 6745 6760
f 6583 6760 6758
f 6584 6587 6585
f 6585 6587 6757
f 6585 6757 6761
f 6585 6761 6590
f 6588 6595 6596
f 6589 6590 6762
f 6589 6762 6592
f 6590 6761 6762
f 6591 6593 6594
f 6592 6762 6763
f 6592 6763 6764
f 6592 6764 6593
f 6593 6764 6765
f 6593 6765 6594
f 6594 6766 6767
f 6594 6767 6768
f 6594 6768 6769
f 6594 6769 6596
f 6594 6596 6595
f 6594 6765 6766
f 6596 6769 6768
f 6596 6768 6598
f 6597 6599 6601
f 6598 6768 6770
f 6598 6770 6599
f 6599 6770 6771
f 6599 6771 6772
f 6599 6772 6601
f 6600 6602 6773
f 6600 6773 6604
f 6601 6774 6602
f 6601 6772 6775
f 6601 6775 6774
f 6602 6774 6773
f 6603 6606 6776
f 6603 6776 6607
f 6604 6773 6605
f 6605 6773 6777
f 6605 6777 6778
f 6605 6778 6779
f 6605 6779 6776
f 6605 6776 6606
f 6607 6776 6608
f 6608 6776 6780
f 6608 6780 6781
f 6608 6781 6610
f 6609 6612 6782
f 6609 6782 6613
f 6610 6781 6611
f 6611 6782 6612
f 6611 6781 6783
f 6611 6783 6784
f 6611 6784 6785
f 6611 6785 6782
f 6613 6782 6614
f 6614 6782 6785
f 6614 6785 6786
f 6614 6786 6787
f 6614 6787 6615
f 6615 6787 6788
f 6615 6788 6789
f 6615 6789 6617
f 6615 6617 6616
f 6617 6789 6619
f 6619 6789 6788
f 6619 6788 6790
f 6620 6790 6791
f 6620 6791 6792
f 6620 6792 6793
f 6620 6793 6624
f 6621 6627 6794
f 6621 6794 6631
f 6621 6631 6622
f 6623 6626 6795
f 6623 6795 6796
f 6623 6796 6627
f 6624 6793 6625
f 6625 6793 6797
f 6625 6797 6798
f 6625 6798 6795
f 6625 6795 6626
f 6627 6796 6799
f 6627 6799 6800
f 6627 6800 6794
f 6628 6630 6801
f 6628 6801 6802
f 6628 6802 6803
f 6628 6803 6629
f 6629 6803 6634
f 6630 6633 6801
f 6631 6794 6804
f 6631 6804 6805
f 6631 6805 6806
f 6631 6806 6632
f 6632 6806 6633
f 6633 6806 6807
f 6633 6807 6801
f 6634 6803 6808
f 6634 6808 6809
f 6634 6809 6636
f 6634 6636 6635
f 6636 6810 6811
f 6636 6811 6638
f 6636 6638 6637
f 6636 6809 6810
f 6638 6811 6812
f 6638 6812 6813
f 6638 6813 6814
f 6638 6814 6639
f 6639 6814 6641
f 6639 6641 6640
f 6641 6814 6815
f 6643 6816 6644
f 6643 6661 6817
f 6643 6817 6816
f 6644 6818 6645
f 6644 6816 6818
f 6645 6818 6646
f 6646 6818 6647
f 6647 6818 6819
f 6647 6819 6820
f 6647 6820 6821
f 6647 6821 6822
f 6647 6822 6648
f 6648 6822 6651
f 6649 6650 6663
f 6650 6651 6823
f 6650 6823 6663
f 6651 6822 6824
f 6651 6824 6823
f 6653 6655 6825
f 6653 6825 6826
f 6653 6826 6657
f 6656 6827 6662
f 6656 6658 6827
f 6657 6826 6658
f 6658 6826 6828
f 6658 6828 6829
f 6658 6829 6830
f 6658 6830 6831
f 6658 6831 6827
f 6659 6662 6660
f 6660 6662 6832
f 6660 6832 6833
f 6660 6833 6834
f 6660 6834 6835
f 6660 6835 6661
f 6661 6835 6817
f 6662 6827 6832
f 6663 6836 6664
f 6663 6823 6995
f 6663 6995 6836
f 6664 6836 6665
f 6665 6836 6837
f 6665 6837 6666
f 6666 6837 6838
f 6666 6838 6668
f 6667 6669 6670
f 6668 6838 6839
f 6668 6839 6840
f 6668 6840 6841
f 6668 6841 6842
f 6668 6842 6669
f 6669 6842 6670
f 6670 6842 6672
f 6671 6680 6843
f 6671 6843 6728
f 6672 6842 6841
f 6672 6841 6844
f 6672 6844 6673
f 6673 6844 6845
f 6673 6845 6674
f 6674 6845 6846
f 6674 6846 6675
f 6675 6846 6676
f 6676 6678 6677
f 6676 6846 6847
f 6676 6847 6848
f 6676 6848 6678
f 6678 6848 6849
f 6678 6849 6850
f 6678 6850 6679
f 6679 6850 6851
f 6679 6851 6852
f 6679 6852 6680
f 6680 6852 6843
f 6682 6683 6853
f 6682 6853 6685
f 6683 6684 6854
f 6683 6854 6853
f 6684 6727 6854
f 6685 6853 6855
f 6685 6855 6856
f 6685 6856 6686
f 6686 6857 6687
f 6686 6856 6857
f 6687 6857 6688
f 6688 6858 6689
f 6688 6857 6859
f 6688 6859 6858
f 6689 6858 6690
f 6690 6860 6861
f 6690 6861 6862
f 6690 6862 6695
f 6690 6695 6692
f 6690 6858 6863
f 6690 6863 6860
f 6693 6864 6696
f 6693 6696 6694
f 6693 6695 6864
f 6695 6862 6864
f 6696 6865 6702
f 6696 6864 6865
f 6697 6698 6867
f 6697 6867 6708
f 6698 6866 7043
f 6698 7043 6867
f 6698 6706 6866
f 6699 6701 6700
f 6700 6701 6868
f 6700 6868 6869
f 6700 6869 6703
f 6701 6702 6870
f 6701 6870 6868
f 6702 6865 6870
f 6703 6869 6704
f 6704 6871 6872
f 6704 6872 6873
f 6704 6873 6705
f 6704 6869 6874
f 6704 6874 6871
f 6705 6873 6875
f 6705 6875 6706
f 6706 6875 6866
f 6707 6876 6877
f 6707 6877 6709
f 6707 6708 6867
f 6707 6867 6876
f 6709 6877 6878
f 6709 6878 6710
f 6710 6878 6879
f 6710 6879 6711
f 6711 6879 6712
f 6712 6880 6881
f 6712 6881 6713
f 6712 6879 6880
f 6713 6881 6714
f 6714 6881 6882
f 6714 6882 6715
f 6715 6882 6881
f 6715 6881 6883
f 6715 6883 6884
f 6715 6884 6716
f 6716 6884 6885
f 6716 6885 6886
f 6716 6886 6887
f 6716 6887 6717
f 6717 6887 6718
f 6718 6888 6719
f 6718 6887 6888
f 6719 6889 6748
f 6719 6888 6889
f 6720 6740 6890
f 6720 6890 6721
f 6721 6890 6722
f 6722 6891 6724
f 6722 6724 6723
f 6722 6890 6891
f 6724 6891 6892
f 6724 6892 6893
f 6724 6893 6894
f 6724 6894 6895
f 6724 6895 6896
f 6724 6896 6726
f 6724 6726 6725
f 6726 6896 6895
f 6726 6895 6897
f 6726 6897 6898
f 6726 6898 6899
f 6726 6899 6853
f 6726 6853 6854
f 6726 6854 6727
f 6728 6843 6729
f 6729 6843 6900
f 6729 6900 6901
f 6729 6901 6902
f 6729 6902 6730
f 6730 6902 6731
f 6731 6902 6903
f 6731 6903 6904
f 6731 6904 6734
f 6731 6734 6732
f 6732 6734 6733
f 6734 6904 6905
f 6734 6905 6906
f 6734 6906 6736
f 6734 6736 6735
f 6736 6906 6907
f 6736 6907 6908
f 6736 6908 6738
f 6738 6908 6739
f 6739 6908 6909
f 6739 6909 6892
f 6739 6892 6740
f 6740 6892 6890
f 6741 6749 6910
f 6741 6910 6742
f 6742 6910 6911
f 6742 6911 6912
f 6742 6912 6913
f 6742 6913 6746
f 6742 6746 6743
f 6744 6746 6914
f 6744 6914 6745
f 6745 6914 6915
f 6745 6915 6758
f 6745 6758 6760
f 6746 6913 6916
f 6746 6916 6917
f 6746 6917 6914
f 6748 6889 6749
f 6749 6918 6919
f 6749 6919 6910
f 6749 6889 6918
f 6750 6759 6758
f 6750 6758 6920
f 6750 6920 6751
f 6751 6920 6921
f 6751 6921 6752
f 6752 6921 6922
f 6752 6922 6923
f 6752 6923 6924
f 6752 6924 6925
f 6752 6925 6926
f 6752 6926 6927
f 6752 6927 6754
f 6752 6754 6753
f 6754 6927 6926
f 6754 6926 6928
f 6754 6928 6756
f 6754 6756 6755
f 6756 6929 6930
f 6756 6930 6761
f 6756 6761 6757
f 6756 6928 6926
f 6756 6926 6931
f 6756 6931 6929
f 6758 6932 6920
f 6758 6915 6933
f 6758 6933 6932
f 6761 6930 6929
f 6761 6929 6934
f 6761 6934 6762
f 6762 6934 6763
f 6763 6934 6929
f 6763 6929 6935
f 6763 6935 6936
f 6763 6936 6937
f 6763 6937 6764
f 6764 6937 6765
f 6765 6937 6936
f 6765 6936 6938
f 6765 6938 6939
f 6765 6939 6940
f 6765 6940 6766
f 6766 6941 6767
f 6766 6940 6942
f 6766 6942 6941
f 6767 6941 6768
f 6768 6771 6770
f 6768 6941 6943
f 6768 6943 6771
f 6771 6944 6945
f 6771 6945 6772
f 6771 6943 6946
f 6771 6946 6947
f 6771 6947 6948
f 6771 6948 6944
f 6772 6945 6775
f 6773 6774 6777
f 6774 6775 6777
f 6775 6945 6949
f 6775 6949 6777
f 6776 6779 6780
f 6777 6949 6950
f 6777 6950 6951
f 6777 6951 6778
f 6778 6951 6952
f 6778 6952 6953
f 6778 6953 6779
f 6779 6953 6780
f 6780 6953 6954
f 6780 6954 6781
f 6781 6954 6955
f 6781 6955 6783
f 6783 6955 6784
f 6784 6956 6785
f 6784 6955 6957
f 6784 6957 7130
f 6784 7130 6956
f 6785 6956 6958
f 6785 6958 6786
f 6786 6958 6787
f 6787 6958 6959
f 6787 6959 6788
f 6788 6959 6960
f 6788 6960 6791
f 6788 6791 6790
f 6791 6960 6961
f 6791 6961 6962
f 6791 6962 6963
f 6791 6963 6792
f 6792 6963 6793
f 6793 6963 6797
f 6794 6800 6804
f 6795 6798 6964
f 6795 6964 6799
f 6795 6799 6796
f 6797 6963 7136
f 6797 7136 6965
f 6797 6965 6966
f 6797 6966 6798
f 6798 6966 6967
f 6798 6967 6964
f 6799 6964 6968
f 6799 6968 6969
f 6799 6969 6970
f 6799 6970 6800
f 6800 6970 6804
f 6801 6807 6971
f 6801 6971 6972
f 6801 6972 6973
f 6801 6973 6802
f 6802 6973 6808
f 6802 6808 6803
f 6804 6974 6805
f 6804 6970 6975
f 6804 6975 6974
f 6805 6974 6806
f 6806 6974 6976
f 6806 6976 6807
f 6807 6976 6971
f 6808 6973 6977
f 6808 6977 6810
f 6808 6810 6809
f 6810 6977 6978
f 6810 6978 6979
f 6810 6979 6812
f 6810 6812 6811
f 6812 6979 6980
f 6812 6980 6981
f 6812 6981 6982
f 6812 6982 6813
f 6813 6982 6814
f 6814 6982 6815
f 6815 6982 6983
f 6816 6817 6984
f 6816 6984 6818
f 6817 6835 6985
f 6817 6985 6986
f 6817 6986 6984
f 6818 6984 6819
f 6819 6984 6820
f 6820 6987 6821
f 6820 6984 6988
f 6820 6988 6989
f 6820 6989 6987
f 6821 6990 6822
f 6821 6987 6990
f 6822 6990 6824
f 6823 6824 6991
f 6823 6991 6992
f 6823 6992 6993
f 6823 6993 6994
f 6823 6994 6995
f 6824 6990 6991
f 6825 6996 6826
f 6826 6996 6828
f 6827 6831 6997
f 6827 6997 6832
f 6828 6998 6830
f 6828 6830 6829
f 6828 6996 6999
f 6828 6999 6998
f 6830 7000 6997
f 6830 6997 6831
f 6830 6998 7001
f 6830 7001 7002
f 6830 7002 7003
f 6830 7003 7004
f 6830 7004 7005
f 6830 7005 7000
f 6832 6997 6833
f 6833 7006 6834
f 6833 6997 7007
f 6833 7007 7008
f 6833 7008 7009
f 6833 7009 7006
f 6834 7006 6985
f 6834 6985 6835
f 6836 6995 7010
f 6836 7010 6837
f 6837 7010 7011
f 6837 7011 6838
f 6838 7011 7012
f 6838 7012 6839
f 6839 7012 7013
f 6839 7013 7014
f 6839 7014 6840
f 6840 7014 7015
f 6840 7015 6841
f 6841 7015 6844
f 6843 7016 6900
f 6843 6852 7016
f 6844 7015 7017
f 6844 7017 7018
f 6844 7018 6845
f 6845 7018 6846
f 6846 7018 7019
f 6846 7019 6847
f 6847 7019 7020
f 6847 7020 7021
f 6847 7021 6848
f 6848 7021 6849
f 6849 7022 7023
f 6849 7023 6851
f 6849 6851 6850
f 6849 7021 7022
f 6851 7023 7024
f 6851 7024 7025
f 6851 7025 7016
f 6851 7016 6852
f 6853 6898 6856
f 6853 6856 6855
f 6853 6899 6898
f 6856 7026 7027
f 6856 7027 6857
f 6856 6898 7028
f 6856 7028 7026
f 6857 7027 6859
f 6858 6859 7029
f 6858 7029 7030
f 6858 7030 7031
f 6858 7031 6860
f 6858 6860 6863
f 6859 7027 7026
f 6859 7026 7032
f 6859 7032 7033
f 6859 7033 7029
f 6860 7034 7035
f 6860 7035 7036
f 6860 7036 6861
f 6860 7031 7030
f 6860 7030 7037
f 6860 7037 7034
f 6861 7036 6862
f 6862 7038 7039
f 6862 7039 6865
f 6862 6865 6864
f 6862 7036 7038
f 6865 7040 7041
f 6865 7041 6870
f 6865 7039 7040
f 6866 6875 7042
f 6866 7042 7043
f 6867 7043 7044
f 6867 7044 6876
f 6868 7045 6869
f 6868 6870 7045
f 6869 7045 7046
f 6869 7046 6874
f 6870 7041 7045
f 6871 7047 7048
f 6871 7048 7049
f 6871 7049 7050
f 6871 7050 6872
f 6871 6874 7047
f 6872 7050 7051
f 6872 7051 6873
f 6873 7051 7052
f 6873 7052 6875
f 6874 7053 7047
f 6874 7046 7054
f 6874 7054 7055
f 6874 7055 7053
f 6875 7052 7042
f 6876 7044 6877
f 6877 7056 7057
f 6877 7057 6878
f 6877 7044 7056
f 6878 7057 6879
f 6879 7057 7058
f 6879 7058 7059
f 6879 7059 6880
f 6880 7059 7060
f 6880 7060 7061
f 6880 7061 6881
f 6881 7061 6883
f 6883 7062 7063
f 6883 7063 6885
f 6883 6885 6884
f 6883 7061 7062
f 6885 7064 7065
f 6885 7065 7066
f 6885 7066 6886
f 6885 7063 7064
f 6886 7066 7067
f 6886 7067 6887
f 6887 7067 6888
f 6888 7067 6889
f 6889 7068 6918
f 6889 7067 7069
f 6889 7069 7068
f 6890 6892 6891
f 6892 6909 7070
f 6892 7070 6894
f 6892 6894 6893
f 6894 7070 6909
f 6894 6909 7071
f 6894 7071 7072
f 6894 7072 7073
f 6894 7073 7074
f 6894 7074 7075
f 6894 7075 6895
f 6895 7075 7074
f 6895 7074 7076
f 6895 7076 7077
f 6895 7077 6898
f 6895 6898 6897
f 6898 7077 7026
f 6898 7026 7028
f 6900 7016 7078
f 6900 7078 6901
f 6901 7078 7079
f 6901 7079 7080
f 6901 7080 6903
f 6901 6903 6902
f 6903 7080 7081
f 6903 7081 7082
f 6903 7082 6905
f 6903 6905 6904
f 6905 7081 7083
f 6905 7083 7084
f 6905 7084 7085
f 6905 7085 7086
f 6905 7086 6907
f 6905 6907 6906
f 6905 7082 7081
f 6907 7086 6908
f 6908 7086 6909
f 6909 7087 7072
f 6909 7072 7071
f 6909 7086 7087
f 6910 6919 6911
f 6911 6919 7088
f 6911 7088 6912
f 6912 7089 6916
f 6912 6916 6913
f 6912 7088 7090
f 6912 7090 7089
f 6914 7091 7092
f 6914 7092 6933
f 6914 6933 6915
f 6914 6917 7093
f 6914 7093 7091
f 6916 7089 7094
f 6916 7094 7095
f 6916 7095 7093
f 6916 7093 6917
f 6918 7068 6919
f 6919 7068 7096
f 6919 7096 7097
f 6919 7097 7088
f 6920 6932 6921
f 6921 6932 6922
f 6922 7098 7099
f 6922 7099 7100
f 6922 7100 6924
f 6922 6924 6923
f 6922 6932 7101
f 6922 7101 7102
f 6922 7102 7098
f 6924 7100 7099
f 6924 7099 7103
f 6924 7103 7104
f 6924 7104 7105
f 6924 7105 7106
f 6924 7106 6926
f 6924 6926 6925
f 6926 7106 7107
f 6926 7107 6929
f 6926 6929 6931
f 6929 6936 6935
f 6929 7107 7106
f 6929 7106 6936
f 6932 6933 7101
f 6933 7092 7101
f 6936 6939 6938
f 6936 7106 7108
f 6936 7108 6939
f 6939 7109 7110
f 6939 7110 6942
f 6939 6942 6940
f 6939 7108 7111
f 6939 7111 7112
f 6939 7112 7113
f 6939 7113 7109
f 6941 6942 6946
f 6941 6946 6943
f 6942 7110 7114
f 6942 7114 6946
f 6944 7115 7116
f 6944 7116 6945
f 6944 6948 7115
f 6945 7116 6949
f 6946 7114 7117
f 6946 7117 6948
f 6946 6948 6947
f 6948 7117 7118
f 6948 7118 7119
f 6948 7119 7120
f 6948 7120 7121
f 6948 7121 7115
f 6949 7116 6950
f 6950 7122 6951
f 6950 7116 7123
f 6950 7123 7124
f 6950 7124 7125
f 6950 7125 7122
f 6951 7122 6952
f 6952 7126 6953
f 6952 7122 7127
f 6952 7127 7126
f 6953 7126 6954
f 6954 7126 6955
f 6955 7126 7128
f 6955 7128 7129
f 6955 7129 6957
f 6956 7130 7131
f 6956 7131 6958
f 6957 7129 7132
f 6957 7132 7298
f 6957 7298 7130
f 6958 7131 7133
f 6958 7133 6959
f 6959 7133 6961
f 6959 6961 6960
f 6961 7133 7301
f 6961 7301 7134
f 6961 7134 7135
f 6961 7135 6962
f 6962 7135 6963
f 6963 7135 7136
f 6964 6967 6968
f 6965 7136 7137
f 6965 7137 7138
f 6965 7138 6966
f 6966 7138 7139
f 6966 7139 6967
f 6967 7139 7140
f 6967 7140 6968
f 6968 7141 6969
f 6968 7140 7142
f 6968 7142 7143
f 6968 7143 7144
f 6968 7144 7141
f 6969 7141 7145
f 6969 7145 6970
f 6970 7145 6975
f 6971 6976 7146
f 6971 7146 7147
f 6971 7147 7148
f 6971 7148 6972
f 6972 7148 6973
f 6973 7148 7149
f 6973 7149 6977
f 6974 6975 7150
f 6974 7150 7146
f 6974 7146 6976
f 6975 7145 7151
f 6975 7151 7150
f 6977 7149 6978
f 6978 7149 7148
f 6978 7148 7152
f 6978 7152 7153
f 6978 7153 6980
f 6978 6980 6979
f 6980 7153 7154
f 6980 7154 7155
f 6980 7155 7156
f 6980 7156 6981
f 6981 7156 6982
f 6982 7156 6983
f 6983 7156 7157
f 6984 6986 7158
f 6984 7158 6988
f 6985 7158 6986
f 6985 7006 7159
f 6985 7159 7160
f 6985 7160 7158
f 6987 6989 7161
f 6987 7161 6990
f 6988 7158 7162
f 6988 7162 6989
f 6989 7162 7163
f 6989 7163 7164
f 6989 7164 7161
f 6990 7161 7165
f 6990 7165 6991
f 6991 6993 6992
f 6991 7165 7166
f 6991 7166 7167
f 6991 7167 6993
f 6993 7167 7168
f 6993 7168 7169
f 6993 7169 7170
f 6993 7170 6994
f 6994 7171 7172
f 6994 7172 7010
f 6994 7010 6995
f 6994 7170 7171
f 6997 7000 7005
f 6997 7005 7007
f 6998 6999 7173
f 6998 7173 7001
f 7001 7174 7002
f 7001 7173 7175
f 7001 7175 7174
f 7002 7174 7003
f 7003 7176 7004
f 7003 7174 7177
f 7003 7177 7178
f 7003 7178 7179
f 7003 7179 7180
f 7003 7180 7176
f 7004 7176 7005
f 7005 7008 7007
f 7005 7176 7180
f 7005 7180 7181
f 7005 7181 7008
f 7006 7009 7159
f 7008 7181 7182
f 7008 7182 7183
f 7008 7183 7184
f 7008 7184 7009
f 7009 7184 7159
f 7010 7172 7011
f 7011 7172 7171
f 7011 7171 7185
f 7011 7185 7012
f 7012 7185 7186
f 7012 7186 7013
f 7013 7186 7014
f 7014 7186 7187
f 7014 7187 7015
f 7015 7188 7017
f 7015 7187 7189
f 7015 7189 7190
f 7015 7190 7191
f 7015 7191 7188
f 7016 7025 7078
f 7017 7188 7018
f 7018 7188 7019
f 7019 7192 7193
f 7019 7193 7020
f 7019 7188 7192
f 7020 7193 7194
f 7020 7194 7021
f 7021 7194 7022
f 7022 7194 7195
f 7022 7195 7196
f 7022 7196 7023
f 7023 7196 7024
f 7024 7197 7025
f 7024 7196 7198
f 7024 7198 7199
f 7024 7199 7200
f 7024 7200 7197
f 7025 7197 7078
f 7026 7201 7202
f 7026 7202 7033
f 7026 7033 7032
f 7026 7077 7203
f 7026 7203 7201
f 7029 7033 7030
f 7030 7033 7204
f 7030 7204 7037
f 7033 7205 7204
f 7033 7202 7201
f 7033 7201 7206
f 7033 7206 7205
f 7034 7207 7208
f 7034 7208 7209
f 7034 7209 7035
f 7034 7037 7210
f 7034 7210 7207
f 7035 7209 7038
f 7035 7038 7036
f 7037 7204 7211
f 7037 7211 7210
f 7038 7212 7213
f 7038 7213 7040
f 7038 7040 7039
f 7038 7209 7212
f 7040 7213 7214
f 7040 7214 7215
f 7040 7215 7216
f 7040 7216 7041
f 7041 7216 7045
f 7042 7217 7218
f 7042 7218 7043
f 7042 7052 7217
f 7043 7218 7044
f 7044 7218 7219
f 7044 7219 7056
f 7045 7216 7046
f 7046 7216 7054
f 7047 7053 7048
f 7048 7053 7220
f 7048 7220 7221
f 7048 7221 7222
f 7048 7222 7049
f 7049 7222 7223
f 7049 7223 7050
f 7050 7223 7224
f 7050 7224 7051
f 7051 7224 7394
f 7051 7394 7225
f 7051 7225 7052
f 7052 7225 7217
f 7053 7055 7226
f 7053 7226 7227
f 7053 7227 7228
f 7053 7228 7220
f 7054 7216 7215
f 7054 7215 7229
f 7054 7229 7055
f 7055 7229 7226
f 7056 7219 7230
f 7056 7230 7057
f 7057 7230 7231
f 7057 7231 7058
f 7058 7231 7059
f 7059 7232 7060
f 7059 7231 7232
f 7060 7232 7233
f 7060 7233 7062
f 7060 7062 7061
f 7062 7234 7064
f 7062 7064 7063
f 7062 7233 7234
f 7064 7235 7236
f 7064 7236 7237
f 7064 7237 7065
f 7064 7234 7235
f 7065 7237 7238
f 7065 7238 7066
f 7066 7238 7069
f 7066 7069 7067
f 7068 7069 7238
f 7068 7238 7239
f 7068 7239 7096
f 7072 7240 7241
f 7072 7241 7242
f 7072 7242 7074
f 7072 7074 7073
f 7072 7087 7243
f 7072 7243 7244
f 7072 7244 7240
f 7074 7242 7245
f 7074 7245 7246
f 7074 7246 7247
f 7074 7247 7077
f 7074 7077 7076
f 7077 7246 7201
f 7077 7201 7203
f 7077 7247 7246
f 7078 7197 7079
f 7079 7197 7248
f 7079 7248 7249
f 7079 7249 7080
f 7080 7249 7081
f 7081 7250 7083
f 7081 7249 7251
f 7081 7251 7252
f 7081 7252 7253
f 7081 7253 7250
f 7083 7250 7084
f 7084 7250 7253
f 7084 7253 7254
f 7084 7254 7255
f 7084 7255 7243
f 7084 7243 7085
f 7085 7243 7086
f 7086 7243 7087
f 7088 7097 7090
f 7089 7256 7094
f 7089 7090 7256
f 7090 7097 7257
f 7090 7257 7258
f 7090 7258 7256
f 7091 7259 7102
f 7091 7102 7092
f 7091 7093 7095
f 7091 7095 7094
f 7091 7094 7260
f 7091 7260 7259
f 7092 7102 7101
f 7094 7256 7258
f 7094 7258 7261
f 7094 7261 7262
f 7094 7262 7263
f 7094 7263 7260
f 7096 7239 7264
f 7096 7264 7097
f 7097 7265 7257
f 7097 7264 7266
f 7097 7266 7265
f 7098 7102 7099
f 7099 7102 7267
f 7099 7267 7268
f 7099 7268 7269
f 7099 7269 7270
f 7099 7270 7271
f 7099 7271 7104
f 7099 7104 7103
f 7102 7268 7267
f 7102 7259 7268
f 7104 7271 7270
f 7104 7270 7272
f 7104 7272 7273
f 7104 7273 7108
f 7104 7108 7274
f 7104 7274 7106
f 7104 7106 7105
f 7106 7274 7108
f 7108 7275 7112
f 7108 7112 7111
f 7108 7273 7275
f 7109 7118 7114
f 7109 7114 7110
f 7109 7113 7276
f 7109 7276 7277
f 7109 7277 7118
f 7112 7276 7113
f 7112 7275 7273
f 7112 7273 7278
f 7112 7278 7279
f 7112 7279 7280
f 7112 7280 7281
f 7112 7281 7276
f 7114 7118 7117
f 7115 7123 7116
f 7115 7121 7282
f 7115 7282 7124
f 7115 7124 7123
f 7118 7277 7283
f 7118 7283 7284
f 7118 7284 7120
f 7118 7120 7119
f 7120 7285 7121
f 7120 7284 7283
f 7120 7283 7286
f 7120 7286 7287
f 7120 7287 7288
f 7120 7288 7285
f 7121 7285 7282
f 7122 7125 7289
f 7122 7289 7127
f 7124 7282 7290
f 7124 7290 7291
f 7124 7291 7292
f 7124 7292 7293
f 7124 7293 7125
f 7125 7293 7289
f 7126 7127 7294
f 7126 7294 7128
f 7127 7289 7294
f 7128 7294 7129
f 7129 7294 7295
f 7129 7295 7296
f 7129 7296 7297
f 7129 7297 7132
f 7130 7298 7131
f 7131 7298 7299
f 7131 7299 7133
f 7132 7297 7300
f 7132 7300 7298
f 7133 7299 7301
f 7134 7301 7465
f 7134 7465 7302
f 7134 7302 7303
f 7134 7303 7135
f 7135 7303 7137
f 7135 7137 7136
f 7137 7303 7468
f 7137 7468 7304
f 7137 7304 7305
f 7137 7305 7138
f 7138 7305 7306
f 7138 7306 7139
f 7139 7306 7142
f 7139 7142 7140
f 7141 7144 7307
f 7141 7307 7308
f 7141 7308 7309
f 7141 7309 7145
f 7142 7306 7310
f 7142 7310 7311
f 7142 7311 7143
f 7143 7311 7312
f 7143 7312 7313
f 7143 7313 7307
f 7143 7307 7144
f 7145 7309 7151
f 7146 7150 7314
f 7146 7314 7147
f 7147 7314 7315
f 7147 7315 7148
f 7148 7315 7316
f 7148 7316 7152
f 7150 7151 7317
f 7150 7317 7314
f 7151 7309 7318
f 7151 7318 7319
f 7151 7319 7317
f 7152 7316 7320
f 7152 7320 7153
f 7153 7320 7154
f 7154 7321 7322
f 7154 7322 7323
f 7154 7323 7156
f 7154 7156 7155
f 7154 7320 7324
f 7154 7324 7325
f 7154 7325 7321
f 7156 7323 7322
f 7156 7322 7157
f 7157 7322 7326
f 7158 7160 7327
f 7158 7327 7328
f 7158 7328 7162
f 7159 7184 7329
f 7159 7329 7330
f 7159 7330 7327
f 7159 7327 7160
f 7161 7166 7165
f 7161 7164 7331
f 7161 7331 7332
f 7161 7332 7166
f 7162 7328 7163
f 7163 7331 7164
f 7163 7328 7333
f 7163 7333 7334
f 7163 7334 7335
f 7163 7335 7331
f 7166 7336 7168
f 7166 7168 7167
f 7166 7332 7336
f 7168 7336 7337
f 7168 7337 7338
f 7168 7338 7169
f 7169 7339 7170
f 7169 7338 7509
f 7169 7509 7339
f 7170 7339 7171
f 7171 7340 7185
f 7171 7339 7510
f 7171 7510 7340
f 7174 7175 7341
f 7174 7341 7342
f 7174 7342 7177
f 7177 7342 7178
f 7178 7342 7343
f 7178 7343 7344
f 7178 7344 7345
f 7178 7345 7346
f 7178 7346 7347
f 7178 7347 7348
f 7178 7348 7179
f 7179 7348 7180
f 7180 7348 7349
f 7180 7349 7182
f 7180 7182 7181
f 7182 7350 7183
f 7182 7349 7351
f 7182 7351 7352
f 7182 7352 7350
f 7183 7329 7184
f 7183 7350 7329
f 7185 7340 7353
f 7185 7353 7186
f 7186 7353 7189
f 7186 7189 7187
f 7188 7191 7192
f 7189 7353 7525
f 7189 7525 7354
f 7189 7354 7190
f 7190 7354 7355
f 7190 7355 7357
f 7190 7357 7356
f 7190 7356 7191
f 7191 7356 7192
f 7192 7356 7193
f 7193 7356 7357
f 7193 7357 7358
f 7193 7358 7359
f 7193 7359 7360
f 7193 7360 7194
f 7194 7360 7361
f 7194 7361 7195
f 7195 7361 7362
f 7195 7362 7196
f 7196 7362 7198
f 7197 7200 7248
f 7198 7362 7363
f 7198 7363 7199
f 7199 7363 7364
f 7199 7364 7365
f 7199 7365 7200
f 7200 7366 7251
f 7200 7251 7248
f 7200 7365 7367
f 7200 7367 7366
f 7201 7368 7369
f 7201 7369 7206
f 7201 7246 7370
f 7201 7370 7368
f 7204 7205 7211
f 7205 7206 7369
f 7205 7369 7368
f 7205 7368 7371
f 7205 7371 7372
f 7205 7372 7211
f 7207 7373 7374
f 7207 7374 7375
f 7207 7375 7208
f 7207 7210 7211
f 7207 7211 7376
f 7207 7376 7377
f 7207 7377 7378
f 7207 7378 7373
f 7208 7375 7212
f 7208 7212 7209
f 7211 7372 7377
f 7211 7377 7376
f 7212 7375 7379
f 7212 7379 7214
f 7212 7214 7213
f 7214 7380 7381
f 7214 7381 7229
f 7214 7229 7215
f 7214 7379 7380
f 7217 7225 7382
f 7217 7382 7218
f 7218 7382 7383
f 7218 7383 7384
f 7218 7384 7219
f 7219 7384 7385
f 7219 7385 7398
f 7219 7398 7230
f 7220 7228 7221
f 7221 7386 7387
f 7221 7387 7388
f 7221 7388 7389
f 7221 7389 7222
f 7221 7228 7390
f 7221 7390 7386
f 7222 7389 7391
f 7222 7391 7392
f 7222 7392 7223
f 7223 7392 7393
f 7223 7393 7224
f 7224 7393 7394
f 7225 7394 7382
f 7226 7229 7381
f 7226 7381 7395
f 7226 7395 7227
f 7227 7396 7228
f 7227 7395 7396
f 7228 7396 7397
f 7228 7397 7390
f 7230 7398 7399
f 7230 7399 7231
f 7231 7399 7400
f 7231 7400 7401
f 7231 7401 7402
f 7231 7402 7232
f 7232 7402 7403
f 7232 7403 7233
f 7233 7403 7404
f 7233 7404 7234
f 7234 7404 7235
f 7235 7404 7405
f 7235 7405 7406
f 7235 7406 7407
f 7235 7407 7408
f 7235 7408 7409
f 7235 7409 7236
f 7236 7409 7237
f 7237 7409 7410
f 7237 7410 7239
f 7237 7239 7238
f 7239 7410 7264
f 7240 7244 7243
f 7240 7243 7255
f 7240 7255 7411
f 7240 7411 7412
f 7240 7412 7413
f 7240 7413 7414
f 7240 7414 7242
f 7240 7242 7241
f 7242 7414 7413
f 7242 7413 7415
f 7242 7415 7416
f 7242 7416 7417
f 7242 7417 7246
f 7242 7246 7245
f 7246 7416 7418
f 7246 7418 7368
f 7246 7368 7370
f 7246 7417 7416
f 7248 7251 7249
f 7251 7366 7419
f 7251 7419 7253
f 7251 7253 7252
f 7253 7420 7421
f 7253 7421 7422
f 7253 7422 7411
f 7253 7411 7254
f 7253 7419 7420
f 7254 7411 7255
f 7257 7265 7258
f 7258 7265 7423
f 7258 7423 7424
f 7258 7424 7425
f 7258 7425 7261
f 7259 7260 7426
f 7259 7426 7268
f 7260 7263 7426
f 7261 7425 7262
f 7262 7425 7427
f 7262 7427 7428
f 7262 7428 7429
f 7262 7429 7430
f 7262 7430 7263
f 7263 7430 7426
f 7264 7410 7431
f 7264 7431 7266
f 7265 7432 7423
f 7265 7266 7433
f 7265 7433 7434
f 7265 7434 7432
f 7266 7431 7433
f 7268 7426 7435
f 7268 7435 7436
f 7268 7436 7437
f 7268 7437 7270
f 7268 7270 7269
f 7270 7437 7436
f 7270 7436 7438
f 7270 7438 7439
f 7270 7439 7440
f 7270 7440 7273
f 7270 7273 7272
f 7273 7440 7441
f 7273 7441 7279
f 7273 7279 7278
f 7276 7281 7283
f 7276 7283 7277
f 7279 7441 7442
f 7279 7442 7443
f 7279 7443 7444
f 7279 7444 7280
f 7280 7444 7281
f 7281 7444 7445
f 7281 7445 7283
f 7282 7285 7290
f 7283 7445 7446
f 7283 7446 7447
f 7283 7447 7286
f 7285 7288 7448
f 7285 7448 7291
f 7285 7291 7290
f 7286 7447 7287
f 7287 7449 7288
f 7287 7447 7446
f 7287 7446 7450
f 7287 7450 7451
f 7287 7451 7452
f 7287 7452 7449
f 7288 7449 7448
f 7289 7293 7453
f 7289 7453 7294
f 7291 7454 7292
f 7291 7448 7455
f 7291 7455 7456
f 7291 7456 7457
f 7291 7457 7454
f 7292 7458 7293
f 7292 7454 7458
f 7293 7458 7453
f 7294 7453 7459
f 7294 7459 7295
f 7295 7459 7296
f 7296 7459 7460
f 7296 7460 7461
f 7296 7461 7462
f 7296 7462 7463
f 7296 7463 7297
f 7297 7463 7466
f 7297 7466 7300
f 7298 7300 7464
f 7298 7464 7299
f 7299 7464 7465
f 7299 7465 7301
f 7300 7466 7464
f 7302 7465 7467
f 7302 7467 7303
f 7303 7467 7468
f 7304 7468 7469
f 7304 7469 7470
f 7304 7470 7305
f 7305 7470 7471
f 7305 7471 7306
f 7306 7471 7310
f 7307 7313 7472
f 7307 7472 7473
f 7307 7473 7474
f 7307 7474 7308
f 7308 7318 7309
f 7308 7474 7318
f 7310 7471 7636
f 7310 7636 7475
f 7310 7475 7476
f 7310 7476 7311
f 7311 7476 7312
f 7312 7472 7313
f 7312 7476 7477
f 7312 7477 7478
f 7312 7478 7479
f 7312 7479 7472
f 7314 7317 7480
f 7314 7480 7315
f 7315 7480 7481
f 7315 7481 7482
f 7315 7482 7483
f 7315 7483 7316
f 7316 7483 7320
f 7317 7319 7484
f 7317 7484 7485
f 7317 7485 7480
f 7318 7474 7486
f 7318 7486 7487
f 7318 7487 7484
f 7318 7484 7319
f 7320 7483 7324
f 7321 7325 7322
f 7322 7325 7488
f 7322 7488 7489
f 7322 7489 7490
f 7322 7490 7326
f 7324 7483 7325
f 7325 7491 7492
f 7325 7492 7493
f 7325 7493 7494
f 7325 7494 7495
f 7325 7495 7488
f 7325 7483 7496
f 7325 7496 7491
f 7327 7333 7328
f 7327 7330 7497
f 7327 7497 7333
f 7329 7498 7330
f 7329 7350 7499
f 7329 7499 7500
f 7329 7500 7498
f 7330 7498 7497
f 7331 7335 7501
f 7331 7501 7502
f 7331 7502 7332
f 7332 7502 7503
f 7332 7503 7504
f 7332 7504 7336
f 7333 7497 7334
f 7334 7497 7505
f 7334 7505 7506
f 7334 7506 7501
f 7334 7501 7335
f 7336 7504 7337
f 7337 7507 7509
f 7337 7509 7338
f 7337 7504 7508
f 7337 7508 7507
f 7339 7509 7510
f 7340 7510 7525
f 7340 7525 7353
f 7341 7511 7342
f 7342 7511 7344
f 7342 7344 7343
f 7344 7512 7346
f 7344 7346 7345
f 7344 7511 7513
f 7344 7513 7514
f 7344 7514 7515
f 7344 7515 7516
f 7344 7516 7512
f 7346 7517 7347
f 7346 7512 7518
f 7346 7518 7519
f 7346 7519 7517
f 7347 7517 7348
f 7348 7517 7520
f 7348 7520 7351
f 7348 7351 7349
f 7350 7352 7499
f 7351 7520 7517
f 7351 7517 7521
f 7351 7521 7522
f 7351 7522 7523
f 7351 7523 7524
f 7351 7524 7352
f 7352 7524 7499
f 7354 7525 7684
f 7354 7684 7526
f 7354 7526 7527
f 7354 7527 7355
f 7355 7527 7358
f 7355 7358 7357
f 7358 7527 7528
f 7358 7528 7529
f 7358 7529 7359
f 7359 7529 7530
f 7359 7530 7361
f 7359 7361 7360
f 7361 7530 7531
f 7361 7531 7532
f 7361 7532 7362
f 7362 7532 7363
f 7363 7532 7364
f 7364 7532 7533
f 7364 7533 7534
f 7364 7534 7365
f 7365 7534 7367
f 7366 7367 7535
f 7366 7535 7419
f 7367 7536 7537
f 7367 7537 7538
f 7367 7538 7535
f 7367 7534 7536
f 7368 7418 7416
f 7368 7416 7539
f 7368 7539 7540
f 7368 7540 7371
f 7371 7540 7541
f 7371 7541 7372
f 7372 7541 7377
f 7373 7378 7542
f 7373 7542 7543
f 7373 7543 7544
f 7373 7544 7545
f 7373 7545 7374
f 7374 7545 7375
f 7375 7545 7546
f 7375 7546 7379
f 7377 7541 7547
f 7377 7547 7548
f 7377 7548 7542
f 7377 7542 7378
f 7379 7546 7380
f 7380 7549 7550
f 7380 7550 7395
f 7380 7395 7381
f 7380 7546 7551
f 7380 7551 7549
f 7382 7552 7553
f 7382 7553 7384
f 7382 7384 7383
f 7382 7394 7552
f 7384 7553 7552
f 7384 7552 7554
f 7384 7554 7555
f 7384 7555 7385
f 7385 7555 7566
f 7385 7566 7398
f 7386 7390 7556
f 7386 7556 7557
f 7386 7557 7558
f 7386 7558 7559
f 7386 7559 7387
f 7387 7559 7388
f 7388 7559 7560
f 7388 7560 7561
f 7388 7561 7391
f 7388 7391 7389
f 7390 7397 7556
f 7391 7561 7720
f 7391 7720 7562
f 7391 7562 7392
f 7392 7562 7563
f 7392 7563 7393
f 7393 7563 7552
f 7393 7552 7394
f 7395 7550 7396
f 7396 7550 7397
f 7397 7550 7564
f 7397 7564 7565
f 7397 7565 7556
f 7398 7566 7399
f 7399 7566 7567
f 7399 7567 7568
f 7399 7568 7569
f 7399 7569 7401
f 7399 7401 7400
f 7401 7569 7570
f 7401 7570 7571
f 7401 7571 7402
f 7402 7571 7403
f 7403 7571 7572
f 7403 7572 7404
f 7404 7572 7405
f 7405 7573 7406
f 7405 7572 7573
f 7406 7574 7575
f 7406 7575 7408
f 7406 7408 7407
f 7406 7573 7576
f 7406 7576 7574
f 7408 7575 7577
f 7408 7577 7578
f 7408 7578 7579
f 7408 7579 7580
f 7408 7580 7409
f 7409 7580 7431
f 7409 7431 7410
f 7411 7421 7581
f 7411 7581 7412
f 7411 7422 7421
f 7412 7582 7413
f 7412 7581 7582
f 7413 7583 7584
f 7413 7584 7416
f 7413 7416 7415
f 7413 7582 7583
f 7416 7585 7586
f 7416 7586 7539
f 7416 7584 7585
f 7419 7535 7420
f 7420 7535 7587
f 7420 7587 7421
f 7421 7587 7588
f 7421 7588 7589
f 7421 7589 7590
f 7421 7590 7582
f 7421 7582 7581
f 7423 7432 7424
f 7424 7591 7427
f 7424 7427 7425
f 7424 7432 7592
f 7424 7592 7591
f 7426 7430 7435
f 7427 7591 7428
f 7428 7591 7593
f 7428 7593 7594
f 7428 7594 7595
f 7428 7595 7596
f 7428 7596 7597
f 7428 7597 7429
f 7429 7597 7598
f 7429 7598 7430
f 7430 7598 7436
f 7430 7436 7435
f 7431 7580 7433
f 7432 7599 7600
f 7432 7600 7592
f 7432 7434 7601
f 7432 7601 7599
f 7433 7580 7579
f 7433 7579 7434
f 7434 7579 7601
f 7436 7602 7438
f 7436 7598 7603
f 7436 7603 7602
f 7438 7602 7439
f 7439 7442 7441
f 7439 7441 7440
f 7439 7602 7604
f 7439 7604 7442
f 7442 7604 7605
f 7442 7605 7606
f 7442 7606 7443
f 7443 7606 7607
f 7443 7607 7444
f 7444 7607 7608
f 7444 7608 7446
f 7444 7446 7445
f 7446 7608 7607
f 7446 7607 7609
f 7446 7609 7610
f 7446 7610 7611
f 7446 7611 7450
f 7448 7449 7455
f 7449 7612 7455
f 7449 7452 7612
f 7450 7611 7451
f 7451 7611 7613
f 7451 7613 7614
f 7451 7614 7452
f 7452 7614 7615
f 7452 7615 7616
f 7452 7616 7617
f 7452 7617 7612
f 7453 7458 7459
f 7454 7457 7618
f 7454 7618 7619
f 7454 7619 7620
f 7454 7620 7458
f 7455 7612 7456
f 7456 7618 7457
f 7456 7612 7617
f 7456 7617 7621
f 7456 7621 7622
f 7456 7622 7618
f 7458 7620 7459
f 7459 7620 7460
f 7460 7620 7619
f 7460 7619 7623
f 7460 7623 7624
f 7460 7624 7461
f 7461 7625 7462
f 7461 7624 7626
f 7461 7626 7627
f 7461 7627 7628
f 7461 7628 7625
f 7462 7629 7466
f 7462 7466 7463
f 7462 7625 7770
f 7462 7770 7629
f 7464 7466 7630
f 7464 7630 7631
f 7464 7631 7465
f 7465 7631 7467
f 7466 7629 7632
f 7466 7632 7630
f 7467 7631 7633
f 7467 7633 7469
f 7467 7469 7468
f 7469 7633 7777
f 7469 7777 7634
f 7469 7634 7635
f 7469 7635 7470
f 7470 7635 7636
f 7470 7636 7471
f 7472 7479 7637
f 7472 7637 7638
f 7472 7638 7473
f 7473 7638 7486
f 7473 7486 7474
f 7475 7636 7639
f 7475 7639 7640
f 7475 7640 7641
f 7475 7641 7476
f 7476 7641 7642
f 7476 7642 7477
f 7477 7642 7478
f 7478 7643 7644
f 7478 7644 7645
f 7478 7645 7479
f 7478 7642 7643
f 7479 7645 7637
f 7480 7485 7481
f 7481 7485 7646
f 7481 7646 7647
f 7481 7647 7648
f 7481 7648 7491
f 7481 7491 7482
f 7482 7491 7483
f 7483 7491 7496
f 7484 7487 7649
f 7484 7649 7650
f 7484 7650 7646
f 7484 7646 7485
f 7486 7649 7487
f 7486 7638 7651
f 7486 7651 7652
f 7486 7652 7649
f 7488 7495 7489
f 7489 7495 7653
f 7491 7648 7654
f 7491 7654 7655
f 7491 7655 7493
f 7491 7493 7492
f 7493 7495 7494
f 7493 7655 7654
f 7493 7654 7656
f 7493 7656 7657
f 7493 7657 7658
f 7493 7658 7659
f 7493 7659 7660
f 7493 7660 7495
f 7495 7660 7653
f 7497 7498 7505
f 7498 7500 7661
f 7498 7661 7662
f 7498 7662 7505
f 7499 7524 7663
f 7499 7663 7661
f 7499 7661 7500
f 7501 7506 7664
f 7501 7664 7665
f 7501 7665 7666
f 7501 7666 7502
f 7502 7666 7503
f 7503 7666 7667
f 7503 7667 7668
f 7503 7668 7504
f 7504 7668 7508
f 7505 7662 7669
f 7505 7669 7506
f 7506 7669 7664
f 7507 7508 7670
f 7507 7670 7816
f 7507 7816 7671
f 7507 7671 7509
f 7508 7668 7815
f 7508 7815 7670
f 7509 7671 7672
f 7509 7672 7510
f 7510 7672 7684
f 7510 7684 7525
f 7512 7516 7518
f 7515 7673 7516
f 7516 7674 7675
f 7516 7675 7518
f 7516 7673 7674
f 7517 7519 7676
f 7517 7676 7521
f 7518 7675 7677
f 7518 7677 7678
f 7518 7678 7519
f 7519 7678 7679
f 7519 7679 7676
f 7521 7676 7522
f 7522 7680 7523
f 7522 7676 7681
f 7522 7681 7682
f 7522 7682 7680
f 7523 7680 7524
f 7524 7680 7683
f 7524 7683 7663
f 7526 7684 7817
f 7526 7817 7685
f 7526 7685 7527
f 7527 7685 7528
f 7528 7685 7686
f 7528 7686 7687
f 7528 7687 7529
f 7529 7687 7688
f 7529 7688 7530
f 7530 7688 7531
f 7531 7688 7689
f 7531 7689 7690
f 7531 7690 7532
f 7532 7690 7691
f 7532 7691 7533
f 7533 7691 7692
f 7533 7692 7534
f 7534 7692 7536
f 7535 7538 7587
f 7536 7692 7693
f 7536 7693 7537
f 7537 7694 7538
f 7537 7693 7695
f 7537 7695 7696
f 7537 7696 7697
f 7537 7697 7698
f 7537 7698 7694
f 7538 7694 7587
f 7539 7586 7540
f 7540 7699 7541
f 7540 7586 7699
f 7541 7699 7547
f 7542 7548 7543
f 7543 7548 7700
f 7543 7700 7701
f 7543 7701 7702
f 7543 7702 7703
f 7543 7703 7544
f 7544 7703 7545
f 7545 7703 7704
f 7545 7704 7551
f 7545 7551 7546
f 7547 7699 7548
f 7548 7699 7705
f 7548 7705 7706
f 7548 7706 7700
f 7549 7551 7704
f 7549 7704 7707
f 7549 7707 7708
f 7549 7708 7550
f 7550 7708 7709
f 7550 7709 7564
f 7552 7563 7710
f 7552 7710 7554
f 7554 7711 7712
f 7554 7712 7568
f 7554 7568 7567
f 7554 7567 7566
f 7554 7566 7555
f 7554 7710 7711
f 7556 7565 7557
f 7557 7713 7558
f 7557 7565 7713
f 7558 7714 7715
f 7558 7715 7716
f 7558 7716 7717
f 7558 7717 7559
f 7558 7713 7714
f 7559 7717 7718
f 7559 7718 7560
f 7560 7718 7719
f 7560 7719 7720
f 7560 7720 7561
f 7562 7720 7721
f 7562 7721 7710
f 7562 7710 7563
f 7564 7709 7565
f 7565 7709 7722
f 7565 7722 7713
f 7568 7712 7569
f 7569 7723 7724
f 7569 7724 7725
f 7569 7725 7570
f 7569 7712 7723
f 7570 7725 7726
f 7570 7726 7572
f 7570 7572 7571
f 7572 7726 7573
f 7573 7726 7727
f 7573 7727 7576
f 7574 7576 7728
f 7574 7728 7729
f 7574 7729 7730
f 7574 7730 7731
f 7574 7731 7577
f 7574 7577 7575
f 7576 7727 7873
f 7576 7873 7728
f 7577 7732 7733
f 7577 7733 7578
f 7577 7731 7734
f 7577 7734 7732
f 7578 7733 7601
f 7578 7601 7579
f 7582 7590 7735
f 7582 7735 7583
f 7583 7735 7736
f 7583 7736 7737
f 7583 7737 7584
f 7584 7737 7585
f 7585 7737 7738
f 7585 7738 7586
f 7586 7738 7739
f 7586 7739 7699
f 7587 7694 7698
f 7587 7698 7588
f 7588 7698 7589
f 7589 7698 7740
f 7589 7740 7741
f 7589 7741 7742
f 7589 7742 7735
f 7589 7735 7590
f 7591 7592 7743
f 7591 7743 7744
f 7591 7744 7593
f 7592 7600 7743
f 7593 7744 7594
f 7594 7744 7745
f 7594 7745 7746
f 7594 7746 7747
f 7594 7747 7596
f 7594 7596 7595
f 7596 7748 7749
f 7596 7749 7602
f 7596 7602 7603
f 7596 7603 7598
f 7596 7598 7597
f 7596 7747 7750
f 7596 7750 7748
f 7599 7601 7751
f 7599 7751 7600
f 7600 7752 7743
f 7600 7751 7753
f 7600 7753 7752
f 7601 7733 7751
f 7602 7749 7604
f 7604 7749 7605
f 7605 7754 7755
f 7605 7755 7606
f 7605 7749 7748
f 7605 7748 7750
f 7605 7750 7756
f 7605 7756 7754
f 7606 7755 7607
f 7607 7755 7754
f 7607 7754 7610
f 7607 7610 7609
f 7610 7613 7611
f 7610 7754 7757
f 7610 7757 7758
f 7610 7758 7613
f 7613 7758 7759
f 7613 7759 7760
f 7613 7760 7614
f 7614 7760 7615
f 7615 7761 7616
f 7615 7760 7759
f 7615 7759 7762
f 7615 7762 7763
f 7615 7763 7761
f 7616 7761 7621
f 7616 7621 7617
f 7618 7623 7619
f 7618 7622 7623
f 7621 7761 7764
f 7621 7764 7622
f 7622 7764 7765
f 7622 7765 7766
f 7622 7766 7767
f 7622 7767 7768
f 7622 7768 7626
f 7622 7626 7769
f 7622 7769 7623
f 7623 7769 7626
f 7623 7626 7624
f 7625 7628 7771
f 7625 7771 7770
f 7626 7768 7772
f 7626 7772 7627
f 7627 7772 7773
f 7627 7773 7771
f 7627 7771 7628
f 7629 7770 7632
f 7630 7632 7774
f 7630 7774 7631
f 7631 7774 7633
f 7632 7770 7775
f 7632 7775 7774
f 7633 7774 7776
f 7633 7776 7777
f 7634 7777 7912
f 7634 7912 7778
f 7634 7778 7779
f 7634 7779 7635
f 7635 7779 7636
f 7636 7779 7639
f 7637 7651 7638
f 7637 7645 7780
f 7637 7780 7781
f 7637 7781 7651
f 7639 7782 7640
f 7639 7779 7782
f 7640 7782 7783
f 7640 7783 7784
f 7640 7784 7785
f 7640 7785 7786
f 7640 7786 7642
f 7640 7642 7641
f 7642 7786 7785
f 7642 7785 7643
f 7643 7785 7787
f 7643 7787 7644
f 7644 7787 7788
f 7644 7788 7780
f 7644 7780 7645
f 7646 7650 7647
f 7647 7650 7789
f 7647 7789 7790
f 7647 7790 7791
f 7647 7791 7654
f 7647 7654 7648
f 7649 7789 7650
f 7649 7652 7792
f 7649 7792 7793
f 7649 7793 7789
f 7651 7781 7780
f 7651 7780 7794
f 7651 7794 7795
f 7651 7795 7792
f 7651 7792 7652
f 7653 7660 7659
f 7653 7659 7796
f 7654 7791 7797
f 7654 7797 7798
f 7654 7798 7657
f 7654 7657 7656
f 7657 7659 7658
f 7657 7798 7797
f 7657 7797 7799
f 7657 7799 7800
f 7657 7800 7801
f 7657 7801 7802
f 7657 7802 7803
f 7657 7803 7659
f 7659 7803 7804
f 7659 7804 7796
f 7661 7805 7662
f 7661 7663 7806
f 7661 7806 7807
f 7661 7807 7805
f 7662 7805 7669
f 7663 7683 7806
f 7664 7808 7665
f 7664 7669 7809
f 7664 7809 7810
f 7664 7810 7811
f 7664 7811 7808
f 7665 7812 7666
f 7665 7808 7812
f 7666 7812 7667
f 7667 7813 7668
f 7667 7812 7814
f 7667 7814 7813
f 7668 7813 7946
f 7668 7946 7815
f 7669 7805 7809
f 7670 7815 7948
f 7670 7948 7816
f 7671 7816 7949
f 7671 7949 7817
f 7671 7817 7684
f 7671 7684 7672
f 7673 7818 7674
f 7674 7818 7819
f 7674 7819 7820
f 7674 7820 7677
f 7674 7677 7675
f 7676 7679 7681
f 7677 7820 7821
f 7677 7821 7822
f 7677 7822 7823
f 7677 7823 7678
f 7678 7823 7679
f 7679 7823 7824
f 7679 7824 7681
f 7680 7825 7683
f 7680 7682 7826
f 7680 7826 7827
f 7680 7827 7825
f 7681 7824 7828
f 7681 7828 7829
f 7681 7829 7682
f 7682 7829 7826
f 7683 7825 7806
f 7685 7817 7949
f 7685 7949 7830
f 7685 7830 7686
f 7686 7831 7687
f 7686 7830 7962
f 7686 7962 7831
f 7687 7831 7832
f 7687 7832 7688
f 7688 7832 7689
f 7689 7832 7833
f 7689 7833 7690
f 7690 7834 7835
f 7690 7835 7691
f 7690 7833 7834
f 7691 7835 7836
f 7691 7836 7837
f 7691 7837 7692
f 7692 7837 7693
f 7693 7837 7838
f 7693 7838 7839
f 7693 7839 7695
f 7695 7839 7696
f 7696 7839 7840
f 7696 7840 7841
f 7696 7841 7842
f 7696 7842 7697
f 7697 7842 7698
f 7698 7842 7843
f 7698 7843 7740
f 7699 7739 7844
f 7699 7844 7705
f 7700 7706 7701
f 7701 7845 7846
f 7701 7846 7847
f 7701 7847 7703
f 7701 7703 7702
f 7701 7706 7848
f 7701 7848 7849
f 7701 7849 7850
f 7701 7850 7845
f 7703 7851 7707
f 7703 7707 7704
f 7703 7847 7851
f 7705 7844 7706
f 7706 7844 7852
f 7706 7852 7849
f 7706 7849 7848
f 7707 7853 7854
f 7707 7854 7709
f 7707 7709 7708
f 7707 7851 7853
f 7709 7854 7855
f 7709 7855 7722
f 7710 7721 7856
f 7710 7856 7711
f 7711 7856 7712
f 7712 7857 7858
f 7712 7858 7723
f 7712 7856 7857
f 7713 7859 7860
f 7713 7860 7714
f 7713 7722 7859
f 7714 7860 7715
f 7715 7860 7861
f 7715 7861 7862
f 7715 7862 7863
f 7715 7863 7864
f 7715 7864 7865
f 7715 7865 7716
f 7716 7865 7866
f 7716 7866 7717
f 7717 7866 7718
f 7718 7866 7867
f 7718 7867 7868
f 7718 7868 7719
f 7719 7868 8007
f 7719 8007 7869
f 7719 7869 7720
f 7720 7869 7870
f 7720 7870 7721
f 7721 7870 7991
f 7721 7991 7856
f 7722 7855 7871
f 7722 7871 7859
f 7723 7858 7724
f 7724 7872 7873
f 7724 7873 7725
f 7724 7858 7872
f 7725 7873 7727
f 7725 7727 7726
f 7728 7873 7874
f 7728 7874 7729
f 7729 7874 7875
f 7729 7875 7730
f 7730 7876 7734
f 7730 7734 7731
f 7730 7875 7877
f 7730 7877 7876
f 7732 7734 7878
f 7732 7878 7751
f 7732 7751 7733
f 7734 7876 7879
f 7734 7879 7878
f 7735 7742 7736
f 7736 7880 7881
f 7736 7881 7882
f 7736 7882 7738
f 7736 7738 7737
f 7736 7742 7880
f 7738 7882 7881
f 7738 7881 7883
f 7738 7883 7844
f 7738 7844 7739
f 7740 7843 7741
f 7741 7843 7884
f 7741 7884 7885
f 7741 7885 7880
f 7741 7880 7742
f 7743 7752 7744
f 7744 7752 7886
f 7744 7886 7887
f 7744 7887 7745
f 7745 7887 7746
f 7746 7888 7750
f 7746 7750 7747
f 7746 7887 7889
f 7746 7889 7888
f 7750 7888 7890
f 7750 7890 7754
f 7750 7754 7756
f 7751 7891 7753
f 7751 7878 7891
f 7752 7753 7892
f 7752 7892 7886
f 7753 7891 7892
f 7754 7890 7893
f 7754 7893 7894
f 7754 7894 7757
f 7757 7894 7758
f 7758 7894 7759
f 7759 7894 7893
f 7759 7893 7895
f 7759 7895 7896
f 7759 7896 7897
f 7759 7897 7762
f 7761 7763 7898
f 7761 7898 7899
f 7761 7899 7764
f 7762 7897 7900
f 7762 7900 7763
f 7763 7900 7898
f 7764 7899 7901
f 7764 7901 7765
f 7765 7902 7766
f 7765 7901 7903
f 7765 7903 7902
f 7766 7902 7767
f 7767 7902 7904
f 7767 7904 7905
f 7767 7905 7772
f 7767 7772 7768
f 7770 7771 7906
f 7770 7906 7907
f 7770 7907 7775
f 7771 7908 7906
f 7771 7773 7909
f 7771 7909 7910
f 7771 7910 7908
f 7772 7905 7773
f 7773 7905 7909
f 7774 7775 7776
f 7775 7907 7911
f 7775 7911 7776
f 7776 7911 7912
f 7776 7912 7777
f 7778 7912 7913
f 7778 7913 7914
f 7778 7914 7779
f 7779 7914 7782
f 7780 7788 7915
f 7780 7915 7916
f 7780 7916 7794
f 7782 7914 7917
f 7782 7917 7783
f 7783 7917 7918
f 7783 7918 7784
f 7784 7918 7919
f 7784 7919 7920
f 7784 7920 7785
f 7785 7920 7921
f 7785 7921 7787
f 7787 7921 7922
f 7787 7922 7788
f 7788 7922 7915
f 7789 7793 7790
f 7790 7793 7923
f 7790 7923 7924
f 7790 7924 7925
f 7790 7925 7797
f 7790 7797 7791
f 7792 7795 7926
f 7792 7926 7923
f 7792 7923 7793
f 7794 7916 7927
f 7794 7927 7928
f 7794 7928 7795
f 7795 7928 7926
f 7797 7925 7929
f 7797 7929 7800
f 7797 7800 7799
f 7800 7930 7931
f 7800 7931 7932
f 7800 7932 7933
f 7800 7933 7934
f 7800 7934 7802
f 7800 7802 7801
f 7800 7929 7930
f 7802 7934 7933
f 7802 7933 7935
f 7802 7935 7936
f 7802 7936 7804
f 7802 7804 7803
f 7805 7807 7937
f 7805 7937 7809
f 7806 7825 7938
f 7806 7938 7939
f 7806 7939 7807
f 7807 7939 7937
f 7808 7940 7812
f 7808 7811 7941
f 7808 7941 7942
f 7808 7942 7940
f 7809 7937 7810
f 7810 7937 7943
f 7810 7943 7944
f 7810 7944 7941
f 7810 7941 7811
f 7812 7940 7814
f 7813 7814 7945
f 7813 7945 7946
f 7814 7940 7947
f 7814 7947 7945
f 7815 7946 7948
f 7816 7948 8078
f 7816 8078 7949
f 7819 7950 7951
f 7819 7951 7820
f 7820 7951 7821
f 7821 7951 7952
f 7821 7952 7953
f 7821 7953 7954
f 7821 7954 7822
f 7822 7955 7823
f 7822 7954 7955
f 7823 7955 7824
f 7824 7955 7828
f 7825 7827 7956
f 7825 7956 7938
f 7826 7957 7827
f 7826 7829 7958
f 7826 7958 7959
f 7826 7959 7957
f 7827 7957 7956
f 7828 7955 7960
f 7828 7960 7961
f 7828 7961 7958
f 7828 7958 7829
f 7830 7949 8078
f 7830 8078 7962
f 7831 7962 7963
f 7831 7963 7964
f 7831 7964 7832
f 7832 7964 7833
f 7833 7964 7965
f 7833 7965 7966
f 7833 7966 7834
f 7834 7836 7835
f 7834 7966 7967
f 7834 7967 7968
f 7834 7968 7969
f 7834 7969 7970
f 7834 7970 7971
f 7834 7971 7836
f 7836 7838 7837
f 7836 7971 7972
f 7836 7972 7838
f 7838 7972 7839
f 7839 7972 7973
f 7839 7973 7974
f 7839 7974 7840
f 7840 7974 7975
f 7840 7975 7841
f 7841 7975 7976
f 7841 7976 7977
f 7841 7977 7843
f 7841 7843 7842
f 7843 7977 7978
f 7843 7978 7884
f 7844 7883 7881
f 7844 7881 7979
f 7844 7979 7980
f 7844 7980 7852
f 7845 7850 7981
f 7845 7981 7982
f 7845 7982 7983
f 7845 7983 7984
f 7845 7984 7846
f 7846 7984 7985
f 7846 7985 7847
f 7847 7985 7851
f 7849 7852 7980
f 7849 7980 7986
f 7849 7986 7987
f 7849 7987 7981
f 7849 7981 7850
f 7851 7985 7853
f 7853 7988 7855
f 7853 7855 7854
f 7853 7985 7989
f 7853 7989 7988
f 7855 7990 7871
f 7855 7988 7990
f 7856 7991 7992
f 7856 7992 7857
f 7857 7992 7993
f 7857 7993 7858
f 7858 7993 7994
f 7858 7994 7872
f 7859 7995 7860
f 7859 7871 7996
f 7859 7996 7995
f 7860 7995 7861
f 7861 7997 7862
f 7861 7995 7997
f 7862 7997 7998
f 7862 7998 7999
f 7862 7999 8000
f 7862 8000 8001
f 7862 8001 7863
f 7863 8001 8126
f 7863 8126 8002
f 7863 8002 7864
f 7864 8002 8003
f 7864 8003 7865
f 7865 8003 8004
f 7865 8004 7866
f 7866 8004 8129
f 7866 8129 8005
f 7866 8005 7867
f 7867 8005 8006
f 7867 8006 7868
f 7868 8006 8007
f 7869 8007 8008
f 7869 8008 7991
f 7869 7991 7870
f 7871 7990 7996
f 7872 7994 8009
f 7872 8009 7874
f 7872 7874 7873
f 7874 8009 7875
f 7875 8009 8010
f 7875 8010 8011
f 7875 8011 7877
f 7876 7877 8012
f 7876 8012 8013
f 7876 8013 8014
f 7876 8014 7879
f 7877 8011 8012
f 7878 7879 7891
f 7879 8014 7891
f 7880 7885 7881
f 7881 7885 7986
f 7881 7986 7979
f 7884 7978 8015
f 7884 8015 7885
f 7885 8015 7986
f 7886 7892 8016
f 7886 8016 7887
f 7887 8016 8017
f 7887 8017 8018
f 7887 8018 8019
f 7887 8019 7889
f 7888 8020 7890
f 7888 7889 8021
f 7888 8021 8020
f 7889 8019 8021
f 7890 8020 7893
f 7891 8022 8023
f 7891 8023 8016
f 7891 8016 7892
f 7891 8014 8022
f 7893 8020 8021
f 7893 8021 8024
f 7893 8024 8025
f 7893 8025 7895
f 7895 8025 7896
f 7896 8025 8026
f 7896 8026 7897
f 7897 8027 7898
f 7897 7898 7900
f 7897 8026 8028
f 7897 8028 8029
f 7897 8029 8027
f 7898 7901 7899
f 7898 8027 8030
f 7898 8030 7901
f 7901 8030 8031
f 7901 8031 8032
f 7901 8032 7903
f 7902 7903 8033
f 7902 8033 8034
f 7902 8034 7904
f 7903 8032 8033
f 7904 8035 7905
f 7904 8034 8036
f 7904 8036 8035
f 7905 8035 8038
f 7905 8038 7909
f 7906 7908 7907
f 7907 7908 8037
f 7907 8037 7911
f 7908 7910 8037
f 7909 8038 8039
f 7909 8039 7910
f 7910 8040 8037
f 7910 8039 8040
f 7911 8037 8041
f 7911 8041 7912
f 7912 8041 8042
f 7912 8042 7913
f 7913 8042 8043
f 7913 8043 8044
f 7913 8044 8045
f 7913 8045 7914
f 7914 8045 7917
f 7915 8046 7916
f 7915 7922 8047
f 7915 8047 8048
f 7915 8048 8046
f 7916 8046 7927
f 7917 8045 7918
f 7918 8045 8049
f 7918 8049 7919
f 7919 8050 8051
f 7919 8051 7920
f 7919 8049 8050
f 7920 8051 8052
f 7920 8052 7921
f 7921 8052 8053
f 7921 8053 7922
f 7922 8053 8047
f 7923 7926 7924
f 7924 8054 8055
f 7924 8055 8056
f 7924 8056 8057
f 7924 8057 7925
f 7924 7926 8054
f 7925 8057 7929
f 7926 7928 8058
f 7926 8058 8054
f 7927 8046 8059
f 7927 8059 8058
f 7927 8058 7928
f 7929 8057 7930
f 7930 8057 8060
f 7930 8060 7931
f 7931 8061 7933
f 7931 7933 7932
f 7931 8060 8062
f 7931 8062 8063
f 7931 8063 8061
f 7933 8061 8064
f 7933 8064 8065
f 7933 8065 8066
f 7933 8066 7935
f 7937 7939 7943
f 7938 7956 8067
f 7938 8067 7939
f 7939 8067 8068
f 7939 8068 7943
f 7940 7942 8069
f 7940 8069 8070
f 7940 8070 7947
f 7941 8069 7942
f 7941 7944 8071
f 7941 8071 8069
f 7943 8068 8072
f 7943 8072 7944
f 7944 8072 8073
f 7944 8073 8071
f 7945 7947 8074
f 7945 8074 8191
f 7945 8191 8075
f 7945 8075 7946
f 7946 8076 7948
f 7946 8075 8076
f 7947 8070 8077
f 7947 8077 8074
f 7948 8076 8194
f 7948 8194 8078
f 7950 8079 7951
f 7950 8080 8079
f 7951 8079 7952
f 7952 8079 8081
f 7952 8081 8082
f 7952 8082 7953
f 7953 8082 8083
f 7953 8083 7954
f 7954 7960 7955
f 7954 8083 8084
f 7954 8084 7960
f 7956 7957 8085
f 7956 8085 8067
f 7957 7959 8086
f 7957 8086 8085
f 7958 7961 8087
f 7958 8087 7959
f 7959 8087 8088
f 7959 8088 8086
f 7960 8084 8089
f 7960 8089 7961
f 7961 8089 8090
f 7961 8090 8087
f 7962 8078 8194
f 7962 8194 8091
f 7962 8091 7963
f 7963 8091 8092
f 7963 8092 8093
f 7963 8093 7965
f 7963 7965 7964
f 7965 8093 8094
f 7965 8094 7967
f 7965 7967 7966
f 7967 8094 8095
f 7967 8095 7968
f 7968 8095 7969
f 7969 8095 8096
f 7969 8096 8097
f 7969 8097 7970
f 7970 8097 8098
f 7970 8098 7973
f 7970 7973 7972
f 7970 7972 7971
f 7973 8098 7974
f 7974 8098 8099
f 7974 8099 8100
f 7974 8100 8101
f 7974 8101 7975
f 7975 8101 7976
f 7976 7978 7977
f 7976 8101 8102
f 7976 8102 8103
f 7976 8103 8104
f 7976 8104 7978
f 7978 8104 8105
f 7978 8105 7986
f 7978 7986 8015
f 7979 7986 7980
f 7981 8106 7982
f 7981 7987 8106
f 7982 8107 7983
f 7982 8106 8108
f 7982 8108 8109
f 7982 8109 8107
f 7983 8110 8111
f 7983 8111 7984
f 7983 8107 8110
f 7984 8111 7989
f 7984 7989 7985
f 7986 8105 8112
f 7986 8112 8106
f 7986 8106 7987
f 7988 7989 8113
f 7988 8113 7990
f 7989 8111 8113
f 7990 8113 8114
f 7990 8114 8115
f 7990 8115 7996
f 7991 8008 8116
f 7991 8116 7992
f 7992 8116 7993
f 7993 8116 8117
f 7993 8117 7994
f 7994 8118 8119
f 7994 8119 8009
f 7994 8117 8118
f 7995 8120 7997
f 7995 7996 8120
f 7996 8115 8120
f 7997 8120 7998
f 7998 8120 8121
f 7998 8121 8122
f 7998 8122 7999
f 7999 8122 8123
f 7999 8123 8124
f 7999 8124 8000
f 8000 8124 8125
f 8000 8125 8001
f 8001 8125 8126
f 8002 8126 8244
f 8002 8244 8127
f 8002 8127 8128
f 8002 8128 8003
f 8003 8128 8129
f 8003 8129 8004
f 8005 8129 8247
f 8005 8247 8130
f 8005 8130 8131
f 8005 8131 8006
f 8006 8131 8007
f 8007 8131 8132
f 8007 8132 8008
f 8008 8132 8116
f 8009 8119 8010
f 8010 8119 8011
f 8011 8119 8133
f 8011 8133 8134
f 8011 8134 8012
f 8012 8134 8135
f 8012 8135 8013
f 8013 8135 8014
f 8014 8136 8022
f 8014 8135 8137
f 8014 8137 8138
f 8014 8138 8136
f 8016 8023 8022
f 8016 8022 8139
f 8016 8139 8140
f 8016 8140 8017
f 8017 8140 8018
f 8018 8140 8141
f 8018 8141 8019
f 8019 8141 8142
f 8019 8142 8021
f 8021 8142 8143
f 8021 8143 8024
f 8022 8144 8140
f 8022 8140 8139
f 8022 8136 8144
f 8024 8143 8025
f 8025 8143 8026
f 8026 8143 8141
f 8026 8141 8145
f 8026 8145 8146
f 8026 8146 8028
f 8027 8029 8147
f 8027 8147 8030
f 8028 8146 8029
f 8029 8146 8148
f 8029 8148 8149
f 8029 8149 8147
f 8030 8147 8031
f 8031 8147 8150
f 8031 8150 8151
f 8031 8151 8152
f 8031 8152 8032
f 8032 8152 8033
f 8033 8152 8153
f 8033 8153 8154
f 8033 8154 8034
f 8034 8154 8036
f 8035 8036 8155
f 8035 8155 8156
f 8035 8156 8038
f 8036 8154 8155
f 8037 8040 8157
f 8037 8157 8041
f 8038 8156 8158
f 8038 8158 8159
f 8038 8159 8039
f 8039 8159 8157
f 8039 8157 8040
f 8041 8157 8160
f 8041 8160 8043
f 8041 8043 8042
f 8043 8160 8161
f 8043 8161 8162
f 8043 8162 8044
f 8044 8162 8045
f 8045 8162 8163
f 8045 8163 8049
f 8046 8048 8164
f 8046 8164 8059
f 8047 8053 8165
f 8047 8165 8166
f 8047 8166 8048
f 8048 8166 8167
f 8048 8167 8168
f 8048 8168 8164
f 8049 8163 8050
f 8050 8163 8169
f 8050 8169 8286
f 8050 8286 8170
f 8050 8170 8171
f 8050 8171 8051
f 8051 8171 8172
f 8051 8172 8052
f 8052 8172 8173
f 8052 8173 8053
f 8053 8173 8165
f 8054 8058 8055
f 8055 8058 8174
f 8055 8174 8175
f 8055 8175 8176
f 8055 8176 8056
f 8056 8176 8060
f 8056 8060 8057
f 8058 8059 8177
f 8058 8177 8174
f 8059 8164 8177
f 8060 8176 8178
f 8060 8178 8062
f 8061 8063 8064
f 8062 8178 8063
f 8063 8178 8179
f 8063 8179 8180
f 8063 8180 8181
f 8063 8181 8064
f 8064 8181 8182
f 8064 8182 8183
f 8064 8183 8065
f 8067 8184 8068
f 8067 8085 8185
f 8067 8185 8184
f 8068 8184 8072
f 8069 8071 8186
f 8069 8186 8187
f 8069 8187 8070
f 8070 8187 8077
f 8071 8073 8186
f 8072 8184 8188
f 8072 8188 8073
f 8073 8188 8189
f 8073 8189 8306
f 8073 8306 8190
f 8073 8190 8186
f 8074 8077 8195
f 8074 8195 8191
f 8075 8191 8192
f 8075 8192 8193
f 8075 8193 8194
f 8075 8194 8076
f 8077 8187 8196
f 8077 8196 8308
f 8077 8308 8195
f 8079 8080 8081
f 8080 8197 8198
f 8080 8198 8081
f 8081 8198 8199
f 8081 8199 8082
f 8082 8199 8200
f 8082 8200 8083
f 8083 8200 8201
f 8083 8201 8084
f 8084 8201 8202
f 8084 8202 8089
f 8085 8086 8203
f 8085 8203 8185
f 8086 8088 8204
f 8086 8204 8203
f 8087 8090 8205
f 8087 8205 8088
f 8088 8205 8206
f 8088 8206 8204
f 8089 8202 8207
f 8089 8207 8090
f 8090 8207 8208
f 8090 8208 8205
f 8091 8194 8193
f 8091 8193 8092
f 8092 8193 8192
f 8092 8192 8209
f 8092 8209 8210
f 8092 8210 8093
f 8093 8210 8094
f 8094 8210 8211
f 8094 8211 8212
f 8094 8212 8095
f 8095 8213 8214
f 8095 8214 8215
f 8095 8215 8216
f 8095 8216 8096
f 8095 8212 8213
f 8096 8216 8097
f 8097 8216 8217
f 8097 8217 8098
f 8098 8217 8218
f 8098 8218 8099
f 8099 8218 8100
f 8100 8218 8219
f 8100 8219 8220
f 8100 8220 8102
f 8100 8102 8101
f 8102 8220 8103
f 8103 8220 8221
f 8103 8221 8222
f 8103 8222 8108
f 8103 8108 8223
f 8103 8223 8104
f 8104 8223 8105
f 8105 8223 8112
f 8106 8112 8108
f 8107 8109 8224
f 8107 8224 8225
f 8107 8225 8110
f 8108 8112 8223
f 8108 8222 8226
f 8108 8226 8109
f 8109 8226 8224
f 8110 8225 8227
f 8110 8227 8228
f 8110 8228 8111
f 8111 8228 8113
f 8113 8228 8114
f 8114 8229 8115
f 8114 8228 8230
f 8114 8230 8229
f 8115 8229 8120
f 8116 8231 8232
f 8116 8232 8117
f 8116 8132 8231
f 8117 8232 8233
f 8117 8233 8118
f 8118 8233 8119
f 8119 8233 8234
f 8119 8234 8133
f 8120 8229 8121
f 8121 8229 8235
f 8121 8235 8122
f 8122 8235 8236
f 8122 8236 8123
f 8123 8236 8237
f 8123 8237 8238
f 8123 8238 8239
f 8123 8239 8124
f 8124 8239 8240
f 8124 8240 8241
f 8124 8241 8125
f 8125 8241 8242
f 8125 8242 8243
f 8125 8243 8126
f 8126 8243 8244
f 8127 8244 8245
f 8127 8245 8128
f 8128 8245 8246
f 8128 8246 8129
f 8129 8246 8247
f 8130 8247 8359
f 8130 8359 8248
f 8130 8248 8131
f 8131 8248 8249
f 8131 8249 8231
f 8131 8231 8132
f 8133 8250 8134
f 8133 8234 8251
f 8133 8251 8250
f 8134 8252 8135
f 8134 8250 8252
f 8135 8252 8137
f 8136 8138 8253
f 8136 8253 8144
f 8137 8252 8254
f 8137 8254 8138
f 8138 8254 8255
f 8138 8255 8256
f 8138 8256 8253
f 8140 8144 8257
f 8140 8257 8258
f 8140 8258 8259
f 8140 8259 8260
f 8140 8260 8141
f 8141 8260 8261
f 8141 8261 8145
f 8141 8143 8142
f 8144 8253 8257
f 8145 8261 8259
f 8145 8259 8262
f 8145 8262 8146
f 8146 8262 8263
f 8146 8263 8148
f 8147 8149 8150
f 8148 8263 8149
f 8149 8263 8264
f 8149 8264 8265
f 8149 8265 8150
f 8150 8265 8266
f 8150 8266 8151
f 8151 8267 8152
f 8151 8266 8267
f 8152 8267 8153
f 8153 8268 8154
f 8153 8267 8268
f 8154 8268 8155
f 8155 8269 8156
f 8155 8268 8270
f 8155 8270 8271
f 8155 8271 8272
f 8155 8272 8269
f 8156 8269 8158
f 8157 8159 8158
f 8157 8158 8273
f 8157 8273 8274
f 8157 8274 8275
f 8157 8275 8160
f 8158 8269 8276
f 8158 8276 8277
f 8158 8277 8273
f 8160 8275 8161
f 8161 8275 8274
f 8161 8274 8278
f 8161 8278 8163
f 8161 8163 8162
f 8163 8278 8279
f 8163 8279 8169
f 8164 8168 8280
f 8164 8280 8177
f 8165 8281 8282
f 8165 8282 8166
f 8165 8173 8281
f 8166 8282 8167
f 8167 8283 8284
f 8167 8284 8285
f 8167 8285 8168
f 8167 8282 8283
f 8168 8285 8280
f 8169 8279 8388
f 8169 8388 8286
f 8170 8286 8287
f 8170 8287 8171
f 8171 8287 8288
f 8171 8288 8172
f 8172 8288 8289
f 8172 8289 8173
f 8173 8289 8281
f 8174 8177 8290
f 8174 8290 8175
f 8175 8178 8176
f 8175 8290 8291
f 8175 8291 8292
f 8175 8292 8178
f 8177 8280 8293
f 8177 8293 8290
f 8178 8292 8294
f 8178 8294 8179
f 8179 8294 8180
f 8180 8295 8296
f 8180 8296 8297
f 8180 8297 8298
f 8180 8298 8182
f 8180 8182 8181
f 8180 8294 8295
f 8182 8298 8297
f 8182 8297 8299
f 8182 8299 8183
f 8184 8185 8300
f 8184 8300 8188
f 8185 8203 8301
f 8185 8301 8300
f 8186 8302 8187
f 8186 8190 8303
f 8186 8303 8302
f 8187 8302 8196
f 8188 8300 8304
f 8188 8304 8189
f 8189 8304 8305
f 8189 8305 8306
f 8190 8306 8303
f 8191 8195 8307
f 8191 8307 8192
f 8192 8307 8324
f 8192 8324 8209
f 8195 8308 8418
f 8195 8418 8307
f 8196 8302 8309
f 8196 8309 8310
f 8196 8310 8308
f 8197 8311 8198
f 8198 8311 8312
f 8198 8312 8313
f 8198 8313 8199
f 8199 8313 8314
f 8199 8314 8200
f 8200 8314 8315
f 8200 8315 8201
f 8201 8315 8316
f 8201 8316 8202
f 8202 8316 8317
f 8202 8317 8207
f 8203 8318 8301
f 8203 8204 8318
f 8204 8206 8319
f 8204 8319 8320
f 8204 8320 8318
f 8205 8208 8321
f 8205 8321 8206
f 8206 8321 8319
f 8207 8317 8322
f 8207 8322 8208
f 8208 8322 8323
f 8208 8323 8321
f 8209 8324 8210
f 8210 8324 8211
f 8211 8324 8325
f 8211 8325 8326
f 8211 8326 8213
f 8211 8213 8212
f 8213 8326 8327
f 8213 8327 8214
f 8214 8327 8328
f 8214 8328 8215
f 8215 8328 8329
f 8215 8329 8330
f 8215 8330 8216
f 8216 8330 8331
f 8216 8331 8217
f 8217 8331 8218
f 8218 8332 8219
f 8218 8331 8332
f 8219 8333 8334
f 8219 8334 8220
f 8219 8332 8333
f 8220 8334 8335
f 8220 8335 8221
f 8221 8335 8336
f 8221 8336 8222
f 8222 8336 8226
f 8224 8226 8337
f 8224 8337 8338
f 8224 8338 8225
f 8225 8338 8339
f 8225 8339 8227
f 8226 8336 8337
f 8227 8230 8228
f 8227 8339 8340
f 8227 8340 8230
f 8229 8341 8235
f 8229 8230 8341
f 8230 8340 8341
f 8231 8249 8342
f 8231 8342 8232
f 8232 8342 8234
f 8232 8234 8233
f 8234 8342 8343
f 8234 8343 8251
f 8235 8341 8344
f 8235 8344 8236
f 8236 8344 8237
f 8237 8344 8345
f 8237 8345 8346
f 8237 8346 8347
f 8237 8347 8238
f 8238 8348 8239
f 8238 8347 8348
f 8239 8349 8240
f 8239 8348 8349
f 8240 8349 8350
f 8240 8350 8351
f 8240 8351 8241
f 8241 8351 8242
f 8242 8351 8352
f 8242 8352 8465
f 8242 8465 8353
f 8242 8353 8354
f 8242 8354 8243
f 8243 8354 8244
f 8244 8354 8355
f 8244 8355 8245
f 8245 8355 8356
f 8245 8356 8357
f 8245 8357 8358
f 8245 8358 8246
f 8246 8358 8359
f 8246 8359 8247
f 8248 8359 8453
f 8248 8453 8343
f 8248 8343 8249
f 8249 8343 8342
f 8250 8251 8360
f 8250 8360 8361
f 8250 8361 8362
f 8250 8362 8252
f 8251 8343 8360
f 8252 8362 8254
f 8253 8256 8363
f 8253 8363 8257
f 8254 8362 8364
f 8254 8364 8255
f 8255 8364 8365
f 8255 8365 8366
f 8255 8366 8256
f 8256 8367 8363
f 8256 8366 8367
f 8257 8363 8258
f 8258 8363 8368
f 8258 8368 8259
f 8259 8368 8369
f 8259 8369 8370
f 8259 8370 8371
f 8259 8371 8262
f 8259 8261 8260
f 8262 8371 8263
f 8263 8371 8372
f 8263 8372 8264
f 8264 8372 8373
f 8264 8373 8265
f 8265 8373 8374
f 8265 8374 8266
f 8266 8374 8375
f 8266 8375 8376
f 8266 8376 8377
f 8266 8377 8267
f 8267 8377 8378
f 8267 8378 8270
f 8267 8270 8268
f 8269 8272 8379
f 8269 8379 8276
f 8270 8378 8271
f 8271 8378 8380
f 8271 8380 8381
f 8271 8381 8382
f 8271 8382 8383
f 8271 8383 8384
f 8271 8384 8272
f 8272 8384 8385
f 8272 8385 8379
f 8273 8277 8279
f 8273 8279 8274
f 8274 8279 8278
f 8276 8379 8277
f 8277 8379 8386
f 8277 8386 8387
f 8277 8387 8388
f 8277 8388 8279
f 8280 8285 8389
f 8280 8389 8293
f 8281 8289 8390
f 8281 8390 8391
f 8281 8391 8282
f 8282 8391 8283
f 8283 8391 8392
f 8283 8392 8393
f 8283 8393 8284
f 8284 8393 8394
f 8284 8394 8395
f 8284 8395 8285
f 8285 8395 8389
f 8286 8388 8387
f 8286 8387 8396
f 8286 8396 8287
f 8287 8396 8397
f 8287 8397 8398
f 8287 8398 8399
f 8287 8399 8288
f 8288 8399 8400
f 8288 8400 8289
f 8289 8400 8390
f 8290 8293 8291
f 8291 8401 8402
f 8291 8402 8403
f 8291 8403 8404
f 8291 8404 8294
f 8291 8294 8292
f 8291 8293 8401
f 8293 8389 8405
f 8293 8405 8401
f 8294 8404 8295
f 8295 8404 8403
f 8295 8403 8406
f 8295 8406 8296
f 8296 8406 8407
f 8296 8407 8408
f 8296 8408 8297
f 8297 8408 8409
f 8297 8409 8410
f 8297 8410 8411
f 8297 8411 8299
f 8300 8301 8412
f 8300 8412 8304
f 8301 8318 8413
f 8301 8413 8412
f 8302 8303 8309
f 8303 8306 8414
f 8303 8414 8415
f 8303 8415 8309
f 8304 8412 8416
f 8304 8416 8305
f 8305 8414 8306
f 8305 8416 8417
f 8305 8417 8516
f 8305 8516 8414
f 8307 8418 8325
f 8307 8325 8324
f 8308 8310 8422
f 8308 8422 8418
f 8309 8415 8414
f 8309 8414 8419
f 8309 8419 8420
f 8309 8420 8421
f 8309 8421 8310
f 8310 8421 8422
f 8311 8423 8312
f 8312 8423 8424
f 8312 8424 8425
f 8312 8425 8313
f 8313 8425 8426
f 8313 8426 8314
f 8314 8426 8427
f 8314 8427 8315
f 8315 8427 8428
f 8315 8428 8316
f 8316 8428 8429
f 8316 8429 8317
f 8317 8429 8322
f 8318 8320 8430
f 8318 8430 8413
f 8319 8431 8432
f 8319 8432 8433
f 8319 8433 8320
f 8319 8321 8431
f 8320 8433 8430
f 8321 8323 8431
f 8322 8429 8434
f 8322 8434 8435
f 8322 8435 8323
f 8323 8435 8436
f 8323 8436 8431
f 8325 8418 8422
f 8325 8422 8437
f 8325 8437 8438
f 8325 8438 8326
f 8326 8438 8327
f 8327 8438 8328
f 8328 8438 8439
f 8328 8439 8329
f 8329 8440 8441
f 8329 8441 8330
f 8329 8439 8440
f 8330 8441 8442
f 8330 8442 8443
f 8330 8443 8331
f 8331 8443 8332
f 8332 8443 8444
f 8332 8444 8333
f 8333 8444 8445
f 8333 8445 8446
f 8333 8446 8334
f 8334 8446 8335
f 8335 8447 8448
f 8335 8448 8336
f 8335 8446 8447
f 8336 8448 8337
f 8337 8448 8449
f 8337 8449 8338
f 8338 8450 8339
f 8338 8449 8450
f 8339 8450 8451
f 8339 8451 8340
f 8340 8452 8341
f 8340 8451 8452
f 8341 8452 8344
f 8343 8453 8360
f 8344 8452 8345
f 8345 8452 8454
f 8345 8454 8455
f 8345 8455 8456
f 8345 8456 8346
f 8346 8457 8347
f 8346 8456 8458
f 8346 8458 8457
f 8347 8459 8348
f 8347 8457 8459
f 8348 8459 8460
f 8348 8460 8349
f 8349 8460 8461
f 8349 8461 8350
f 8350 8462 8463
f 8350 8463 8351
f 8350 8461 8462
f 8351 8463 8352
f 8352 8463 8464
f 8352 8464 8465
f 8353 8465 8561
f 8353 8561 8466
f 8353 8466 8354
f 8354 8466 8467
f 8354 8467 8356
f 8354 8356 8355
f 8356 8467 8468
f 8356 8468 8469
f 8356 8469 8357
f 8357 8469 8470
f 8357 8470 8358
f 8358 8470 8453
f 8358 8453 8359
f 8360 8471 8361
f 8360 8453 8471
f 8361 8471 8472
f 8361 8472 8362
f 8362 8472 8364
f 8363 8367 8368
f 8364 8472 8473
f 8364 8473 8365
f 8365 8473 8474
f 8365 8474 8475
f 8365 8475 8366
f 8366 8476 8369
f 8366 8369 8367
f 8366 8475 8476
f 8367 8369 8368
f 8369 8476 8477
f 8369 8477 8478
f 8369 8478 8479
f 8369 8479 8370
f 8370 8479 8371
f 8371 8479 8372
f 8372 8479 8480
f 8372 8480 8373
f 8373 8480 8374
f 8374 8481 8375
f 8374 8480 8482
f 8374 8482 8483
f 8374 8483 8481
f 8375 8481 8376
f 8376 8484 8377
f 8376 8481 8485
f 8376 8485 8484
f 8377 8484 8378
f 8378 8484 8380
f 8379 8385 8486
f 8379 8486 8386
f 8380 8484 8487
f 8380 8487 8381
f 8381 8488 8489
f 8381 8489 8382
f 8381 8487 8490
f 8381 8490 8491
f 8381 8491 8488
f 8382 8489 8383
f 8383 8489 8492
f 8383 8492 8385
f 8383 8385 8384
f 8385 8492 8577
f 8385 8577 8486
f 8386 8486 8387
f 8387 8486 8493
f 8387 8493 8397
f 8387 8397 8396
f 8389 8395 8405
f 8390 8400 8494
f 8390 8494 8391
f 8391 8494 8392
f 8392 8494 8495
f 8392 8495 8496
f 8392 8496 8393
f 8393 8496 8497
f 8393 8497 8394
f 8394 8498 8395
f 8394 8497 8499
f 8394 8499 8500
f 8394 8500 8498
f 8395 8498 8405
f 8397 8493 8584
f 8397 8584 8501
f 8397 8501 8502
f 8397 8502 8398
f 8398 8502 8399
f 8399 8502 8503
f 8399 8503 8400
f 8400 8503 8504
f 8400 8504 8505
f 8400 8505 8494
f 8401 8405 8506
f 8401 8506 8402
f 8402 8506 8507
f 8402 8507 8403
f 8403 8507 8508
f 8403 8508 8407
f 8403 8407 8406
f 8405 8498 8509
f 8405 8509 8506
f 8407 8409 8408
f 8407 8508 8510
f 8407 8510 8511
f 8407 8511 8512
f 8407 8512 8409
f 8409 8512 8513
f 8409 8513 8410
f 8412 8413 8514
f 8412 8514 8416
f 8413 8430 8515
f 8413 8515 8514
f 8414 8516 8419
f 8416 8514 8517
f 8416 8517 8417
f 8417 8517 8518
f 8417 8518 8516
f 8419 8519 8520
f 8419 8520 8420
f 8419 8516 8521
f 8419 8521 8522
f 8419 8522 8519
f 8420 8520 8421
f 8421 8520 8523
f 8421 8523 8422
f 8422 8523 8524
f 8422 8524 8437
f 8423 8525 8526
f 8423 8526 8424
f 8424 8526 8425
f 8425 8526 8527
f 8425 8527 8426
f 8426 8527 8528
f 8426 8528 8427
f 8427 8528 8529
f 8427 8529 8428
f 8428 8529 8530
f 8428 8530 8429
f 8429 8530 8531
f 8429 8531 8434
f 8430 8433 8532
f 8430 8532 8515
f 8431 8436 8533
f 8431 8533 8432
f 8432 8534 8433
f 8432 8533 8535
f 8432 8535 8534
f 8433 8534 8532
f 8434 8531 8536
f 8434 8536 8435
f 8435 8536 8537
f 8435 8537 8436
f 8436 8537 8538
f 8436 8538 8533
f 8437 8524 8438
f 8438 8524 8539
f 8438 8539 8540
f 8438 8540 8440
f 8438 8440 8439
f 8440 8540 8609
f 8440 8609 8541
f 8440 8541 8542
f 8440 8542 8441
f 8441 8542 8442
f 8442 8542 8543
f 8442 8543 8544
f 8442 8544 8444
f 8442 8444 8443
f 8444 8544 8445
f 8445 8544 8545
f 8445 8545 8546
f 8445 8546 8446
f 8446 8546 8447
f 8447 8546 8631
f 8447 8631 8547
f 8447 8547 8448
f 8448 8547 8449
f 8449 8547 8548
f 8449 8548 8450
f 8450 8549 8451
f 8450 8548 8549
f 8451 8549 8454
f 8451 8454 8452
f 8453 8470 8471
f 8454 8549 8455
f 8455 8550 8456
f 8455 8549 8551
f 8455 8551 8550
f 8456 8552 8458
f 8456 8550 8552
f 8457 8458 8553
f 8457 8553 8554
f 8457 8554 8459
f 8458 8552 8555
f 8458 8555 8553
f 8459 8554 8556
f 8459 8556 8460
f 8460 8556 8461
f 8461 8556 8557
f 8461 8557 8558
f 8461 8558 8462
f 8462 8558 8643
f 8462 8643 8559
f 8462 8559 8464
f 8462 8464 8463
f 8464 8559 8645
f 8464 8645 8560
f 8464 8560 8561
f 8464 8561 8465
f 8466 8561 8562
f 8466 8562 8563
f 8466 8563 8564
f 8466 8564 8467
f 8467 8564 8468
f 8468 8564 8565
f 8468 8565 8469
f 8469 8565 8566
f 8469 8566 8471
f 8469 8471 8470
f 8471 8566 8473
f 8471 8473 8472
f 8473 8566 8565
f 8473 8565 8567
f 8473 8567 8474
f 8474 8568 8475
f 8474 8567 8569
f 8474 8569 8568
f 8475 8568 8570
f 8475 8570 8476
f 8476 8570 8477
f 8477 8571 8478
f 8477 8570 8572
f 8477 8572 8571
f 8478 8571 8573
f 8478 8573 8479
f 8479 8573 8480
f 8480 8573 8482
f 8481 8483 8574
f 8481 8574 8485
f 8482 8573 8575
f 8482 8575 8576
f 8482 8576 8483
f 8483 8576 8574
f 8484 8485 8487
f 8485 8574 8487
f 8486 8577 8584
f 8486 8584 8493
f 8487 8574 8578
f 8487 8578 8579
f 8487 8579 8490
f 8488 8491 8580
f 8488 8580 8581
f 8488 8581 8489
f 8489 8581 8492
f 8490 8579 8582
f 8490 8582 8583
f 8490 8583 8491
f 8491 8583 8580
f 8492 8581 8577
f 8494 8505 8495
f 8495 8585 8586
f 8495 8586 8496
f 8495 8505 8585
f 8496 8586 8587
f 8496 8587 8497
f 8497 8587 8588
f 8497 8588 8499
f 8498 8500 8509
f 8499 8588 8589
f 8499 8589 8500
f 8500 8589 8590
f 8500 8590 8591
f 8500 8591 8509
f 8501 8584 8592
f 8501 8592 8593
f 8501 8593 8594
f 8501 8594 8502
f 8502 8594 8503
f 8503 8594 8504
f 8504 8594 8595
f 8504 8595 8505
f 8505 8595 8585
f 8506 8509 8596
f 8506 8596 8507
f 8507 8596 8597
f 8507 8597 8508
f 8508 8597 8510
f 8509 8591 8596
f 8510 8597 8598
f 8510 8598 8599
f 8510 8599 8511
f 8511 8600 8512
f 8511 8599 8601
f 8511 8601 8600
f 8512 8600 8602
f 8512 8602 8513
f 8514 8515 8603
f 8514 8603 8517
f 8515 8532 8604
f 8515 8604 8603
f 8516 8518 8605
f 8516 8605 8521
f 8517 8603 8606
f 8517 8606 8518
f 8518 8606 8607
f 8518 8607 8605
f 8519 8522 8609
f 8519 8609 8540
f 8519 8540 8520
f 8520 8540 8539
f 8520 8539 8524
f 8520 8524 8523
f 8521 8605 8522
f 8522 8605 8608
f 8522 8608 8609
f 8525 8610 8526
f 8525 8611 8610
f 8526 8610 8612
f 8526 8612 8527
f 8527 8612 8613
f 8527 8613 8528
f 8528 8613 8614
f 8528 8614 8529
f 8529 8614 8615
f 8529 8615 8530
f 8530 8615 8616
f 8530 8616 8531
f 8531 8616 8617
f 8531 8617 8536
f 8532 8534 8618
f 8532 8618 8604
f 8533 8538 8619
f 8533 8619 8535
f 8534 8535 8620
f 8534 8620 8618
f 8535 8619 8621
f 8535 8621 8620
f 8536 8617 8622
f 8536 8622 8537
f 8537 8622 8538
f 8538 8622 8623
f 8538 8623 8624
f 8538 8624 8619
f 8541 8609 8625
f 8541 8625 8626
f 8541 8626 8542
f 8542 8626 8543
f 8543 8626 8627
f 8543 8627 8628
f 8543 8628 8544
f 8544 8628 8545
f 8545 8628 8629
f 8545 8629 8630
f 8545 8630 8546
f 8546 8630 8631
f 8547 8631 8632
f 8547 8632 8548
f 8548 8632 8551
f 8548 8551 8549
f 8550 8633 8634
f 8550 8634 8552
f 8550 8551 8635
f 8550 8635 8636
f 8550 8636 8633
f 8551 8632 8635
f 8552 8634 8555
f 8553 8637 8554
f 8553 8555 8637
f 8554 8637 8638
f 8554 8638 8640
f 8554 8640 8556
f 8555 8634 8639
f 8555 8639 8637
f 8556 8640 8641
f 8556 8641 8557
f 8557 8641 8558
f 8558 8642 8643
f 8558 8641 8642
f 8559 8643 8644
f 8559 8644 8645
f 8560 8645 8726
f 8560 8726 8646
f 8560 8646 8561
f 8561 8646 8562
f 8562 8646 8647
f 8562 8647 8563
f 8563 8647 8564
f 8564 8647 8648
f 8564 8648 8565
f 8565 8648 8567
f 8567 8648 8569
f 8568 8569 8649
f 8568 8649 8570
f 8569 8648 8650
f 8569 8650 8651
f 8569 8651 8649
f 8570 8649 8572
f 8571 8572 8652
f 8571 8652 8575
f 8571 8575 8573
f 8572 8649 8652
f 8574 8576 8653
f 8574 8653 8654
f 8574 8654 8578
f 8575 8652 8576
f 8576 8652 8655
f 8576 8655 8656
f 8576 8656 8653
f 8577 8581 8592
f 8577 8592 8584
f 8578 8654 8579
f 8579 8654 8657
f 8579 8657 8658
f 8579 8658 8582
f 8580 8583 8659
f 8580 8659 8660
f 8580 8660 8661
f 8580 8661 8662
f 8580 8662 8581
f 8581 8662 8663
f 8581 8663 8592
f 8582 8658 8664
f 8582 8664 8583
f 8583 8664 8659
f 8585 8595 8665
f 8585 8665 8666
f 8585 8666 8667
f 8585 8667 8586
f 8586 8667 8587
f 8587 8667 8668
f 8587 8668 8588
f 8588 8669 8589
f 8588 8668 8669
f 8589 8669 8670
f 8589 8670 8590
f 8590 8670 8671
f 8590 8671 8672
f 8590 8672 8591
f 8591 8672 8673
f 8591 8673 8596
f 8592 8663 8593
f 8593 8663 8674
f 8593 8674 8675
f 8593 8675 8594
f 8594 8675 8676
f 8594 8676 8595
f 8595 8676 8677
f 8595 8677 8665
f 8596 8673 8597
f 8597 8673 8598
f 8598 8673 8678
f 8598 8678 8679
f 8598 8679 8599
f 8599 8679 8680
f 8599 8680 8601
f 8600 8601 8681
f 8600 8681 8682
f 8600 8682 8602
f 8601 8680 8683
f 8601 8683 8681
f 8603 8604 8684
f 8603 8684 8606
f 8604 8618 8685
f 8604 8685 8684
f 8605 8607 8688
f 8605 8688 8608
f 8606 8684 8686
f 8606 8686 8687
f 8606 8687 8607
f 8607 8687 8763
f 8607 8763 8688
f 8608 8688 8625
f 8608 8625 8609
f 8610 8689 8612
f 8610 8611 8690
f 8610 8690 8691
f 8610 8691 8689
f 8612 8689 8692
f 8612 8692 8613
f 8613 8692 8693
f 8613 8693 8614
f 8614 8693 8694
f 8614 8694 8615
f 8615 8694 8695
f 8615 8695 8616
f 8616 8695 8696
f 8616 8696 8617
f 8617 8696 8622
f 8618 8620 8685
f 8619 8624 8697
f 8619 8697 8621
f 8620 8621 8698
f 8620 8698 8699
f 8620 8699 8685
f 8621 8697 8700
f 8621 8700 8698
f 8622 8701 8623
f 8622 8696 8702
f 8622 8702 8701
f 8623 8701 8703
f 8623 8703 8624
f 8624 8703 8704
f 8624 8704 8697
f 8625 8688 8705
f 8625 8705 8626
f 8626 8705 8627
f 8627 8705 8784
f 8627 8784 8706
f 8627 8706 8707
f 8627 8707 8628
f 8628 8707 8629
f 8629 8707 8708
f 8629 8708 8709
f 8629 8709 8630
f 8630 8709 8710
f 8630 8710 8631
f 8631 8710 8632
f 8632 8710 8635
f 8633 8711 8634
f 8633 8636 8712
f 8633 8712 8711
f 8634 8711 8639
f 8635 8710 8636
f 8636 8710 8709
f 8636 8709 8713
f 8636 8713 8712
f 8637 8639 8714
f 8637 8714 8715
f 8637 8715 8638
f 8638 8715 8640
f 8639 8716 8714
f 8639 8711 8716
f 8640 8717 8718
f 8640 8718 8719
f 8640 8719 8641
f 8640 8715 8717
f 8641 8719 8720
f 8641 8720 8642
f 8642 8720 8721
f 8642 8721 8722
f 8642 8722 8643
f 8643 8722 8644
f 8644 8723 8724
f 8644 8724 8725
f 8644 8725 8726
f 8644 8726 8645
f 8644 8722 8723
f 8646 8726 8727
f 8646 8727 8728
f 8646 8728 8647
f 8647 8728 8729
f 8647 8729 8650
f 8647 8650 8648
f 8649 8730 8731
f 8649 8731 8652
f 8649 8651 8732
f 8649 8732 8730
f 8650 8729 8651
f 8651 8729 8732
f 8652 8733 8655
f 8652 8731 8733
f 8653 8656 8734
f 8653 8734 8654
f 8654 8734 8657
f 8655 8733 8735
f 8655 8735 8656
f 8656 8735 8736
f 8656 8736 8734
f 8657 8734 8737
f 8657 8737 8658
f 8658 8737 8738
f 8658 8738 8744
f 8658 8744 8664
f 8659 8739 8740
f 8659 8740 8660
f 8659 8664 8744
f 8659 8744 8741
f 8659 8741 8739
f 8660 8740 8661
f 8661 8740 8742
f 8661 8742 8663
f 8661 8663 8662
f 8663 8742 8743
f 8663 8743 8674
f 8665 8677 8755
f 8665 8755 8745
f 8665 8745 8746
f 8665 8746 8666
f 8666 8746 8747
f 8666 8747 8667
f 8667 8747 8748
f 8667 8748 8668
f 8668 8748 8749
f 8668 8749 8750
f 8668 8750 8669
f 8669 8750 8670
f 8670 8750 8751
f 8670 8751 8671
f 8671 8751 8752
f 8671 8752 8753
f 8671 8753 8672
f 8672 8753 8756
f 8672 8756 8678
f 8672 8678 8673
f 8674 8743 8675
f 8675 8743 8754
f 8675 8754 8755
f 8675 8755 8677
f 8675 8677 8676
f 8678 8756 8679
f 8679 8756 8757
f 8679 8757 8680
f 8680 8757 8758
f 8680 8758 8683
f 8681 8683 8759
f 8681 8759 8760
f 8681 8760 8682
f 8683 8758 8761
f 8683 8761 8759
f 8684 8685 8762
f 8684 8762 8686
f 8685 8699 8762
f 8686 8762 8687
f 8687 8762 8764
f 8687 8764 8765
f 8687 8765 8763
f 8688 8763 8784
f 8688 8784 8705
f 8689 8691 8766
f 8689 8766 8767
f 8689 8767 8692
f 8690 8768 8691
f 8691 8768 8769
f 8691 8769 8766
f 8692 8767 8693
f 8693 8770 8694
f 8693 8767 8771
f 8693 8771 8843
f 8693 8843 8770
f 8694 8770 8772
f 8694 8772 8695
f 8695 8772 8696
f 8696 8772 8773
f 8696 8773 8774
f 8696 8774 8702
f 8697 8704 8775
f 8697 8775 8700
f 8698 8776 8699
f 8698 8700 8777
f 8698 8777 8776
f 8699 8776 8778
f 8699 8778 8762
f 8700 8775 8779
f 8700 8779 8777
f 8701 8702 8780
f 8701 8780 8781
f 8701 8781 8703
f 8702 8774 8780
f 8703 8781 8782
f 8703 8782 8704
f 8704 8782 8783
f 8704 8783 8775
f 8706 8784 8785
f 8706 8785 8786
f 8706 8786 8707
f 8707 8786 8708
f 8708 8786 8713
f 8708 8713 8709
f 8711 8712 8787
f 8711 8787 8716
f 8712 8713 8788
f 8712 8788 8856
f 8712 8856 8787
f 8713 8789 8788
f 8713 8786 8789
f 8714 8790 8715
f 8714 8716 8793
f 8714 8793 8790
f 8715 8790 8791
f 8715 8791 8792
f 8715 8792 8717
f 8716 8787 8793
f 8717 8792 8718
f 8718 8794 8795
f 8718 8795 8796
f 8718 8796 8719
f 8718 8792 8794
f 8719 8796 8720
f 8720 8796 8797
f 8720 8797 8721
f 8721 8798 8799
f 8721 8799 8722
f 8721 8797 8798
f 8722 8799 8723
f 8723 8800 8801
f 8723 8801 8724
f 8723 8799 8800
f 8724 8802 8803
f 8724 8803 8804
f 8724 8804 8725
f 8724 8801 8802
f 8725 8804 8727
f 8725 8727 8726
f 8727 8804 8805
f 8727 8805 8806
f 8727 8806 8807
f 8727 8807 8728
f 8728 8807 8729
f 8729 8807 8732
f 8730 8808 8733
f 8730 8733 8731
f 8730 8732 8807
f 8730 8807 8806
f 8730 8806 8808
f 8733 8808 8735
f 8734 8736 8737
f 8735 8808 8809
f 8735 8809 8736
f 8736 8809 8737
f 8737 8809 8810
f 8737 8810 8811
f 8737 8811 8738
f 8738 8811 8744
f 8739 8812 8740
f 8739 8741 8813
f 8739 8813 8814
f 8739 8814 8812
f 8740 8812 8754
f 8740 8754 8743
f 8740 8743 8742
f 8741 8744 8817
f 8741 8817 8815
f 8741 8815 8816
f 8741 8816 8813
f 8744 8811 8817
f 8745 8755 8818
f 8745 8818 8819
f 8745 8819 8746
f 8746 8819 8820
f 8746 8820 8747
f 8747 8820 8821
f 8747 8821 8748
f 8748 8821 8822
f 8748 8822 8749
f 8749 8822 8823
f 8749 8823 8750
f 8750 8823 8824
f 8750 8824 8825
f 8750 8825 8751
f 8751 8825 8752
f 8752 8826 8753
f 8752 8825 8827
f 8752 8827 8826
f 8753 8826 8756
f 8754 8812 8755
f 8755 8812 8818
f 8756 8826 8828
f 8756 8828 8757
f 8757 8828 8829
f 8757 8829 8758
f 8758 8829 8830
f 8758 8830 8761
f 8759 8761 8760
f 8760 8761 8831
f 8761 8830 8832
f 8761 8832 8831
f 8762 8778 8833
f 8762 8833 8834
f 8762 8834 8764
f 8763 8765 8784
f 8764 8834 8765
f 8765 8834 8835
f 8765 8835 8836
f 8765 8836 8785
f 8765 8785 8784
f 8766 8769 8837
f 8766 8837 8767
f 8767 8837 8838
f 8767 8838 8839
f 8767 8839 8771
f 8768 8840 8769
f 8769 8840 8841
f 8769 8841 8842
f 8769 8842 8837
f 8770 8843 8844
f 8770 8844 8772
f 8771 8839 8843
f 8772 8844 8773
f 8773 8844 8845
f 8773 8845 8846
f 8773 8846 8774
f 8774 8847 8780
f 8774 8846 8847
f 8775 8783 8779
f 8776 8833 8778
f 8776 8777 8848
f 8776 8848 8833
f 8777 8779 8849
f 8777 8849 8848
f 8779 8783 8850
f 8779 8850 8911
f 8779 8911 8849
f 8780 8847 8851
f 8780 8851 8781
f 8781 8851 8852
f 8781 8852 8782
f 8782 8852 8783
f 8783 8852 8853
f 8783 8853 8854
f 8783 8854 8850
f 8785 8836 8855
f 8785 8855 8789
f 8785 8789 8786
f 8787 8856 8793
f 8788 8789 8855
f 8788 8855 8856
f 8790 8857 8858
f 8790 8858 8791
f 8790 8793 8860
f 8790 8860 8857
f 8791 8858 8859
f 8791 8859 8794
f 8791 8794 8792
f 8793 8856 8860
f 8794 8861 8795
f 8794 8859 8862
f 8794 8862 8861
f 8795 8861 8863
f 8795 8863 8796
f 8796 8863 8797
f 8797 8863 8864
f 8797 8864 8798
f 8798 8864 8928
f 8798 8928 8865
f 8798 8865 8799
f 8799 8865 8800
f 8800 8865 8801
f 8801 8865 8866
f 8801 8866 8802
f 8802 8866 8867
f 8802 8867 8868
f 8802 8868 8803
f 8803 8868 8869
f 8803 8869 8805
f 8803 8805 8804
f 8805 8869 8810
f 8805 8810 8809
f 8805 8809 8806
f 8806 8809 8808
f 8810 8869 8870
f 8810 8870 8811
f 8811 8870 8871
f 8811 8871 8817
f 8812 8814 8873
f 8812 8873 8818
f 8813 8816 8872
f 8813 8872 8814
f 8814 8872 8873
f 8815 8817 8874
f 8815 8874 8875
f 8815 8875 8816
f 8816 8875 8876
f 8816 8876 8877
f 8816 8877 8872
f 8817 8871 8874
f 8818 8873 8878
f 8818 8878 8819
f 8819 8878 8879
f 8819 8879 8820
f 8820 8879 8821
f 8821 8879 8880
f 8821 8880 8822
f 8822 8880 8881
f 8822 8881 8882
f 8822 8882 8823
f 8823 8882 8824
f 8824 8882 8825
f 8825 8882 8883
f 8825 8883 8884
f 8825 8884 8885
f 8825 8885 8827
f 8826 8827 8886
f 8826 8886 8828
f 8827 8885 8886
f 8828 8886 8887
f 8828 8887 8829
f 8829 8887 8888
f 8829 8888 8830
f 8830 8888 8889
f 8830 8889 8832
f 8831 8832 8890
f 8832 8889 8891
f 8832 8891 8892
f 8832 8892 8893
f 8832 8893 8890
f 8833 8894 8834
f 8833 8848 8849
f 8833 8849 8895
f 8833 8895 8896
f 8833 8896 8894
f 8834 8894 8897
f 8834 8897 8835
f 8835 8897 8898
f 8835 8898 8836
f 8836 8898 8855
f 8837 8842 8899
f 8837 8899 8900
f 8837 8900 8838
f 8838 8900 8901
f 8838 8901 8839
f 8839 8901 8902
f 8839 8902 8843
f 8841 8903 8842
f 8842 8903 8904
f 8842 8904 8905
f 8842 8905 8899
f 8843 8902 8906
f 8843 8906 8844
f 8844 8906 8907
f 8844 8907 8845
f 8845 8907 8908
f 8845 8908 8846
f 8846 8908 8909
f 8846 8909 8847
f 8847 8909 8910
f 8847 8910 8851
f 8849 8911 8954
f 8849 8954 8895
f 8850 8854 8911
f 8851 8910 8912
f 8851 8912 8852
f 8852 8912 8913
f 8852 8913 8853
f 8853 8913 8854
f 8854 8914 8911
f 8854 8913 8915
f 8854 8915 8916
f 8854 8916 8914
f 8855 8898 8917
f 8855 8917 8860
f 8855 8860 8856
f 8857 8918 8858
f 8857 8860 8922
f 8857 8922 8918
f 8858 8918 8919
f 8858 8919 8920
f 8858 8920 8859
f 8859 8920 8862
f 8860 8917 8898
f 8860 8898 8921
f 8860 8921 8922
f 8861 8862 8923
f 8861 8923 8924
f 8861 8924 8863
f 8862 8920 8925
f 8862 8925 8923
f 8863 8924 8864
f 8864 8926 8927
f 8864 8927 8928
f 8864 8924 8926
f 8865 8928 8929
f 8865 8929 8866
f 8866 8929 8867
f 8867 8929 8930
f 8867 8930 8931
f 8867 8931 8868
f 8868 8931 8870
f 8868 8870 8869
f 8870 8931 8871
f 8871 8931 8932
f 8871 8932 8874
f 8872 8877 8933
f 8872 8933 8934
f 8872 8934 8873
f 8873 8934 8935
f 8873 8935 8878
f 8874 8932 8936
f 8874 8936 8875
f 8875 8936 8937
f 8875 8937 8876
f 8876 8937 8877
f 8877 8937 8938
f 8877 8938 8939
f 8877 8939 8940
f 8877 8940 8933
f 8878 8935 8941
f 8878 8941 8879
f 8879 8941 8942
f 8879 8942 8880
f 8880 8942 8943
f 8880 8943 8881
f 8881 8943 8882
f 8882 8943 8944
f 8882 8944 8883
f 8883 8944 8945
f 8883 8945 8884
f 8884 8945 8946
f 8884 8946 8885
f 8885 8947 8886
f 8885 8946 8948
f 8885 8948 8947
f 8886 8947 8887
f 8887 8947 8949
f 8887 8949 8888
f 8888 8949 8950
f 8888 8950 8889
f 8889 8950 8951
f 8889 8951 8891
f 8891 8951 8952
f 8891 8952 8892
f 8892 8952 8953
f 8894 8896 8897
f 8895 8954 8918
f 8895 8918 8922
f 8895 8922 8921
f 8895 8921 8896
f 8896 8921 8897
f 8897 8921 8898
f 8899 8905 8955
f 8899 8955 8956
f 8899 8956 8957
f 8899 8957 8900
f 8900 8957 9006
f 8900 9006 8958
f 8900 8958 8901
f 8901 8958 8959
f 8901 8959 8902
f 8902 8959 8906
f 8904 8960 8905
f 8905 8960 8955
f 8906 8959 8961
f 8906 8961 8962
f 8906 8962 8907
f 8907 8962 9010
f 8907 9010 8963
f 8907 8963 8908
f 8908 8963 8964
f 8908 8964 8909
f 8909 8964 8910
f 8910 8964 8965
f 8910 8965 8966
f 8910 8966 8912
f 8911 8914 8954
f 8912 8966 8967
f 8912 8967 8913
f 8913 8967 8968
f 8913 8968 8915
f 8914 8969 8954
f 8914 8916 8970
f 8914 8970 8969
f 8915 8968 8971
f 8915 8971 8916
f 8916 8971 8972
f 8916 8972 8970
f 8918 8954 8973
f 8918 8973 8974
f 8918 8974 8919
f 8919 8974 8920
f 8920 8974 8925
f 8923 8975 8976
f 8923 8976 8977
f 8923 8977 8924
f 8923 8925 8978
f 8923 8978 8975
f 8924 8977 8979
f 8924 8979 8926
f 8925 8974 8973
f 8925 8973 8978
f 8926 8979 8927
f 8927 8980 8981
f 8927 8981 8982
f 8927 8982 8929
f 8927 8929 8928
f 8927 8979 8980
f 8929 8982 8983
f 8929 8983 8930
f 8930 8983 8932
f 8930 8932 8931
f 8932 8983 8936
f 8933 8940 8939
f 8933 8939 8984
f 8933 8984 8985
f 8933 8985 8986
f 8933 8986 8934
f 8934 8986 8935
f 8935 8986 8987
f 8935 8987 8988
f 8935 8988 8941
f 8936 8983 8938
f 8936 8938 8937
f 8938 8983 8982
f 8938 8982 8981
f 8938 8981 8989
f 8938 8989 8939
f 8939 8989 9023
f 8939 9023 8984
f 8941 8988 8990
f 8941 8990 8942
f 8942 8990 8943
f 8943 8990 8991
f 8943 8991 8944
f 8944 8991 8992
f 8944 8992 8945
f 8945 8992 8993
f 8945 8993 8946
f 8946 8993 8994
f 8946 8994 8948
f 8947 8948 8995
f 8947 8995 8949
f 8948 8994 8996
f 8948 8996 8995
f 8949 8995 8997
f 8949 8997 8950
f 8950 8997 8998
f 8950 8998 8951
f 8951 8998 8999
f 8951 8999 8952
f 8952 8999 9000
f 8952 9000 9001
f 8952 9001 8953
f 8954 8969 8973
f 8955 8960 9002
f 8955 9002 9003
f 8955 9003 9004
f 8955 9004 8956
f 8956 9004 9005
f 8956 9005 8957
f 8957 9005 9040
f 8957 9040 9006
f 8958 9006 9007
f 8958 9007 8959
f 8959 9007 9008
f 8959 9008 8961
f 8961 9008 9009
f 8961 9009 8962
f 8962 9009 9010
f 8963 9010 9011
f 8963 9011 8964
f 8964 9011 9012
f 8964 9012 8965
f 8965 9012 8966
f 8966 9012 9013
f 8966 9013 9014
f 8966 9014 8967
f 8967 9014 9015
f 8967 9015 8968
f 8968 9015 9016
f 8968 9016 8971
f 8969 8970 8973
f 8970 8972 8978
f 8970 8978 8973
f 8971 9016 9017
f 8971 9017 8972
f 8972 9017 8975
f 8972 8975 8978
f 8975 9017 9018
f 8975 9018 8976
f 8976 9018 9052
f 8976 9052 9019
f 8976 9019 8979
f 8976 8979 8977
f 8979 9019 9020
f 8979 9020 8980
f 8980 9020 8989
f 8980 8989 8981
f 8984 9021 9022
f 8984 9022 8985
f 8984 9023 9024
f 8984 9024 9021
f 8985 9022 8986
f 8986 9022 8987
f 8987 9022 9025
f 8987 9025 8988
f 8988 9025 9026
f 8988 9026 9027
f 8988 9027 8990
f 8989 9020 9053
f 8989 9053 9023
f 8990 9027 9028
f 8990 9028 8991
f 8991 9028 9029
f 8991 9029 8992
f 8992 9029 8993
f 8993 9029 9030
f 8993 9030 8994
f 8994 9030 9031
f 8994 9031 8996
f 8995 8996 9032
f 8995 9032 8997
f 8996 9031 9033
f 8996 9033 9034
f 8996 9034 9032
f 8997 9032 9035
f 8997 9035 8998
f 8998 9035 9036
f 8998 9036 8999
f 8999 9036 9037
f 8999 9037 9000
f 9000 9037 9038
f 9000 9038 9001
f 9001 9038 9002
f 9002 9038 9003
f 9003 9038 9037
f 9003 9037 9004
f 9004 9037 9005
f 9005 9037 9036
f 9005 9036 9039
f 9005 9039 9040
f 9006 9040 9007
f 9007 9040 9041
f 9007 9041 9042
f 9007 9042 9008
f 9008 9042 9009
f 9009 9042 9043
f 9009 9043 9044
f 9009 9044 9045
f 9009 9045 9010
f 9010 9045 9046
f 9010 9046 9011
f 9011 9046 9012
f 9012 9046 9047
f 9012 9047 9048
f 9012 9048 9013
f 9013 9048 9049
f 9013 9049 9014
f 9014 9050 9015
f 9014 9049 9050
f 9015 9050 9051
f 9015 9051 9016
f 9016 9051 9018
f 9016 9018 9017
f 9018 9051 9068
f 9018 9068 9052
f 9019 9052 9053
f 9019 9053 9020
f 9021 9025 9022
f 9021 9024 9054
f 9021 9054 9025
f 9023 9053 9056
f 9023 9056 9024
f 9024 9055 9054
f 9024 9056 9055
f 9025 9054 9026
f 9026 9054 9057
f 9026 9057 9027
f 9027 9057 9058
f 9027 9058 9059
f 9027 9059 9028
f 9028 9059 9060
f 9028 9060 9029
f 9029 9060 9030
f 9030 9060 9061
f 9030 9061 9031
f 9031 9061 9044
f 9031 9044 9043
f 9031 9043 9033
f 9032 9034 9035
f 9033 9043 9042
f 9033 9042 9041
f 9033 9041 9034
f 9034 9039 9035
f 9034 9041 9039
f 9035 9039 9036
f 9039 9041 9040
f 9044 9061 9060
f 9044 9060 9062
f 9044 9062 9046
f 9044 9046 9045
f 9046 9062 9063
f 9046 9063 9047
f 9047 9063 9048
f 9048 9063 9064
f 9048 9064 9049
f 9049 9064 9065
f 9049 9065 9066
f 9049 9066 9067
f 9049 9067 9050
f 9050 9067 9068
f 9050 9068 9051
f 9052 9068 9056
f 9052 9056 9053
f 9054 9055 9057
f 9055 9056 9066
f 9055 9066 9057
f 9056 9068 9067
f 9056 9067 9066
f 9057 9066 9065
f 9057 9065 9064
f 9057 9064 9058
f 9058 9064 9063
f 9058 9063 9059
f 9059 9063 9060
f 9060 9063 9062

