# https://github.com/mikedh/trimesh
v -0.02056126 0.00028316 0.02299606 0.43529412 0.89019608 0.96078431
v -0.02117674 0.00025614 0.02299156 0.43529412 0.89019608 0.96078431
v -0.02179336 0.00006253 0.02298706 0.43529412 0.89019608 0.96078431
v -0.02056126 -0.00026617 0.02299606 0.43529412 0.89019608 0.96078431
v -0.02032147 0.00065238 0.02250084 0.43529412 0.89019608 0.96078431
v -0.02026551 0.00181407 0.02233877 0.43529412 0.89019608 0.96078431
v -0.02026551 0.00423201 0.02215869 0.43529412 0.89019608 0.96078431
v -0.02029863 0.00544323 0.02205515 0.43529412 0.89019608 0.96078431
v -0.02117674 0.00423201 0.02256837 0.43529412 0.89019608 0.96078431
v -0.02117674 0.00302079 0.02275746 0.43529412 0.89019608 0.96078431
v -0.02117674 0.00181407 0.02291052 0.43529412 0.89019608 0.96078431
v -0.02117674 0.00086401 0.02297805 0.43529412 0.89019608 0.96078431
v -0.02179336 -0.00005454 0.02298706 0.43529412 0.89019608 0.96078431
v -0.02238600 0.00181407 0.02285650 0.43529412 0.89019608 0.96078431
v -0.02227181 0.00052180 0.02292853 0.43529412 0.89019608 0.96078431
v -0.02117674 -0.00024365 0.02299156 0.43529412 0.89019608 0.96078431
v -0.02117674 -0.00084701 0.02297805 0.43529412 0.89019608 0.96078431
v -0.02117674 -0.00180608 0.02290602 0.43529412 0.89019608 0.96078431
v -0.02117674 -0.00301731 0.02275295 0.43529412 0.89019608 0.96078431
v -0.02117674 -0.00422853 0.02256387 0.43529412 0.89019608 0.96078431
v -0.02029863 -0.00543975 0.02205065 0.43529412 0.89019608 0.96078431
v -0.02026551 -0.00422853 0.02215869 0.43529412 0.89019608 0.96078431
v -0.02026551 -0.00180608 0.02233877 0.43529412 0.89019608 0.96078431
v -0.02032147 -0.00063989 0.02250084 0.43529412 0.89019608 0.96078431
v -0.01876507 0.01269255 0.01853461 0.43529412 0.89019608 0.96078431
v -0.01876507 0.01372366 0.01843106 0.43529412 0.89019608 0.96078431
v -0.02042880 0.00665445 0.02190208 0.43529412 0.89019608 0.96078431
v -0.02117674 0.00544323 0.02233427 0.43529412 0.89019608 0.96078431
v -0.02238600 0.00423201 0.02252786 0.43529412 0.89019608 0.96078431
v -0.02238600 0.00302079 0.02272594 0.43529412 0.89019608 0.96078431
v -0.02227181 -0.00051381 0.02292853 0.43529412 0.89019608 0.96078431
v -0.02238600 -0.00180608 0.02285650 0.43529412 0.89019608 0.96078431
v -0.02359640 0.00181407 0.02264040 0.43529412 0.89019608 0.96078431
v -0.02359640 0.00060285 0.02269893 0.43529412 0.89019608 0.96078431
v -0.02238600 -0.00301731 0.02272144 0.43529412 0.89019608 0.96078431
v -0.02238600 -0.00422853 0.02252335 0.43529412 0.89019608 0.96078431
v -0.02117674 -0.00543975 0.02232977 0.43529412 0.89019608 0.96078431
v -0.02043109 -0.00664647 0.02189758 0.43529412 0.89019608 0.96078431
v -0.01876507 -0.01372468 0.01842206 0.43529412 0.89019608 0.96078431
v -0.01876507 -0.01269807 0.01853011 0.43529412 0.89019608 0.96078431
v -0.01876507 0.01373267 0.01842656 0.43529412 0.89019608 0.96078431
v -0.02045164 0.00988738 0.02066854 0.43529412 0.89019608 0.96078431
v -0.02053957 0.00731635 0.02179854 0.43529412 0.89019608 0.96078431
v -0.02238600 0.00544323 0.02227124 0.43529412 0.89019608 0.96078431
v -0.02117674 0.00665445 0.02201463 0.43529412 0.89019608 0.96078431
v -0.02359640 0.00423201 0.02230726 0.43529412 0.89019608 0.96078431
v -0.02359640 0.00302079 0.02250985 0.43529412 0.89019608 0.96078431
v -0.02359640 -0.00059937 0.02269893 0.43529412 0.89019608 0.96078431
v -0.02359640 -0.00180608 0.02264040 0.43529412 0.89019608 0.96078431
v -0.02480452 0.00181407 0.02224423 0.43529412 0.89019608 0.96078431
v -0.02480452 0.00060285 0.02230276 0.43529412 0.89019608 0.96078431
v -0.02359640 -0.00301731 0.02250534 0.43529412 0.89019608 0.96078431
v -0.02359640 -0.00422853 0.02230726 0.43529412 0.89019608 0.96078431
v -0.02238600 -0.00543975 0.02227124 0.43529412 0.89019608 0.96078431
v -0.02117674 -0.00664647 0.02201013 0.43529412 0.89019608 0.96078431
v -0.02054185 -0.00730836 0.02179854 0.43529412 0.89019608 0.96078431
v -0.02045392 -0.00987939 0.02066854 0.43529412 0.89019608 0.96078431
v -0.02117674 -0.01058181 0.02039842 0.43529412 0.89019608 0.96078431
v -0.02117674 -0.01148685 0.01989420 0.43529412 0.89019608 0.96078431
v -0.02048590 -0.01220278 0.01943050 0.43529412 0.89019608 0.96078431
v -0.02117674 -0.01225230 0.01945751 0.43529412 0.89019608 0.96078431
v -0.02117674 -0.01285566 0.01905684 0.43529412 0.89019608 0.96078431
v -0.01996634 -0.01371568 0.01844007 0.43529412 0.89019608 0.96078431
v -0.01876507 -0.01432804 0.01798987 0.43529412 0.89019608 0.96078431
v -0.01996634 0.01373267 0.01844457 0.43529412 0.89019608 0.96078431
v -0.02117674 0.01286815 0.01906134 0.43529412 0.89019608 0.96078431
v -0.02117674 0.01226479 0.01946652 0.43529412 0.89019608 0.96078431
v -0.02117674 0.01149484 0.01990321 0.43529412 0.89019608 0.96078431
v -0.02117674 0.01059430 0.02040293 0.43529412 0.89019608 0.96078431
v -0.01876507 0.01433153 0.01800338 0.43529412 0.89019608 0.96078431
v -0.02117674 0.00998644 0.02071806 0.43529412 0.89019608 0.96078431
v -0.02117674 0.00733436 0.02180304 0.43529412 0.89019608 0.96078431
v -0.02117674 0.00907239 0.02111424 0.43529412 0.89019608 0.96078431
v -0.02117674 0.00793772 0.02156443 0.43529412 0.89019608 0.96078431
v -0.02369917 0.00554229 0.02200112 0.43529412 0.89019608 0.96078431
v -0.02234375 0.00671749 0.02192909 0.43529412 0.89019608 0.96078431
v -0.02336346 0.00635728 0.02187507 0.43529412 0.89019608 0.96078431
v -0.02191212 0.00729834 0.02179403 0.43529412 0.89019608 0.96078431
v -0.02416963 0.00601507 0.02177152 0.43529412 0.89019608 0.96078431
v -0.02441399 0.00520909 0.02186607 0.43529412 0.89019608 0.96078431
v -0.02465950 0.00423201 0.02196511 0.43529412 0.89019608 0.96078431
v -0.02492213 0.00313786 0.02204164 0.43529412 0.89019608 0.96078431
v -0.02480452 -0.00059937 0.02230276 0.43529412 0.89019608 0.96078431
v -0.02480452 -0.00180608 0.02223973 0.43529412 0.89019608 0.96078431
v -0.02560156 0.00181407 0.02188857 0.43529412 0.89019608 0.96078431
v -0.02551135 0.00280916 0.02183455 0.43529412 0.89019608 0.96078431
v -0.02565409 0.00060285 0.02191559 0.43529412 0.89019608 0.96078431
v -0.02492099 -0.00312987 0.02204164 0.43529412 0.89019608 0.96078431
v -0.02465493 -0.00422853 0.02196511 0.43529412 0.89019608 0.96078431
v -0.02441171 -0.00519660 0.02186607 0.43529412 0.89019608 0.96078431
v -0.02416392 -0.00600258 0.02176702 0.43529412 0.89019608 0.96078431
v -0.02369460 -0.00553430 0.02200112 0.43529412 0.89019608 0.96078431
v -0.02335775 -0.00634479 0.02187057 0.43529412 0.89019608 0.96078431
v -0.02233462 -0.00670950 0.02192459 0.43529412 0.89019608 0.96078431
v -0.02189727 -0.00729035 0.02178953 0.43529412 0.89019608 0.96078431
v -0.02117674 -0.00732187 0.02180304 0.43529412 0.89019608 0.96078431
v -0.02117674 -0.00792523 0.02156443 0.43529412 0.89019608 0.96078431
v -0.02117674 -0.00906891 0.02110523 0.43529412 0.89019608 0.96078431
v -0.02117674 -0.00997395 0.02071356 0.43529412 0.89019608 0.96078431
v -0.02238600 -0.01050076 0.02037591 0.43529412 0.89019608 0.96078431
v -0.02238600 -0.01148685 0.01982667 0.43529412 0.89019608 0.96078431
v -0.02238600 -0.01218476 0.01941699 0.43529412 0.89019608 0.96078431
v -0.02238600 -0.01278812 0.01901182 0.43529412 0.89019608 0.96078431
v -0.02117674 -0.01371117 0.01845357 0.43529412 0.89019608 0.96078431
v -0.01996634 -0.01432354 0.01799437 0.43529412 0.89019608 0.96078431
v -0.01876507 -0.01504397 0.01738661 0.43529412 0.89019608 0.96078431
v -0.02117674 0.01372366 0.01845808 0.43529412 0.89019608 0.96078431
v -0.02238600 0.01366063 0.01841306 0.43529412 0.89019608 0.96078431
v -0.02238600 0.01280061 0.01901632 0.43529412 0.89019608 0.96078431
v -0.02238600 0.01219725 0.01942150 0.43529412 0.89019608 0.96078431
v -0.02238600 0.01149484 0.01983568 0.43529412 0.89019608 0.96078431
v -0.02238600 0.01051325 0.02037591 0.43529412 0.89019608 0.96078431
v -0.01876507 0.01505195 0.01739561 0.43529412 0.89019608 0.96078431
v -0.01996634 0.01433603 0.01800338 0.43529412 0.89019608 0.96078431
v -0.02238600 0.00990989 0.02068205 0.43529412 0.89019608 0.96078431
v -0.02238600 0.00907239 0.02105121 0.43529412 0.89019608 0.96078431
v -0.02271943 0.00716326 0.02174901 0.43529412 0.89019608 0.96078431
v -0.02369917 0.00671749 0.02167248 0.43529412 0.89019608 0.96078431
v -0.02234375 0.00776662 0.02157344 0.43529412 0.89019608 0.96078431
v -0.02481137 0.00554229 0.02161396 0.43529412 0.89019608 0.96078431
v -0.02359640 0.00786117 0.02130332 0.43529412 0.89019608 0.96078431
v -0.02446766 0.00873469 0.02068205 0.43529412 0.89019608 0.96078431
v -0.02484449 0.00789269 0.02085312 0.43529412 0.89019608 0.96078431
v -0.02480452 0.00665445 0.02129882 0.43529412 0.89019608 0.96078431
v -0.02526356 0.00423201 0.02171300 0.43529412 0.89019608 0.96078431
v -0.02540401 0.00361514 0.02177603 0.43529412 0.89019608 0.96078431
v -0.02565294 -0.00059937 0.02191559 0.43529412 0.89019608 0.96078431
v -0.02560042 -0.00180608 0.02188407 0.43529412 0.89019608 0.96078431
v -0.02551021 -0.00279667 0.02183455 0.43529412 0.89019608 0.96078431
v -0.02620676 0.00181407 0.02151041 0.43529412 0.89019608 0.96078431
v -0.02625929 0.00060285 0.02154192 0.43529412 0.89019608 0.96078431
v -0.02595440 0.00313786 0.02150591 0.43529412 0.89019608 0.96078431
v -0.02540287 -0.00360265 0.02177603 0.43529412 0.89019608 0.96078431
v -0.02526013 -0.00422853 0.02171300 0.43529412 0.89019608 0.96078431
v -0.02480909 -0.00553430 0.02160945 0.43529412 0.89019608 0.96078431
v -0.02480452 -0.00664647 0.02129432 0.43529412 0.89019608 0.96078431
v -0.02484106 -0.00788470 0.02085312 0.43529412 0.89019608 0.96078431
v -0.02359640 -0.00785769 0.02129882 0.43529412 0.89019608 0.96078431
v -0.02369460 -0.00670950 0.02166798 0.43529412 0.89019608 0.96078431
v -0.02270345 -0.00715077 0.02174451 0.43529412 0.89019608 0.96078431
v -0.02233462 -0.00775863 0.02156894 0.43529412 0.89019608 0.96078431
v -0.02238600 -0.00906891 0.02104671 0.43529412 0.89019608 0.96078431
v -0.02238600 -0.00989740 0.02067755 0.43529412 0.89019608 0.96078431
v -0.02317276 -0.00977133 0.02061902 0.43529412 0.89019608 0.96078431
v -0.02304259 -0.01211722 0.01937197 0.43529412 0.89019608 0.96078431
v -0.02238600 -0.01364814 0.01840405 0.43529412 0.89019608 0.96078431
v -0.02238600 -0.01425600 0.01794485 0.43529412 0.89019608 0.96078431
v -0.02117674 -0.01431453 0.01798987 0.43529412 0.89019608 0.96078431
v -0.02117674 -0.01503046 0.01738661 0.43529412 0.89019608 0.96078431
v -0.01996634 -0.01503496 0.01739111 0.43529412 0.89019608 0.96078431
v -0.01996634 -0.01564733 0.01686438 0.43529412 0.89019608 0.96078431
v -0.01876507 -0.01564733 0.01685987 0.43529412 0.89019608 0.96078431
v -0.02117674 0.01432702 0.01799437 0.43529412 0.89019608 0.96078431
v -0.02238600 0.01426849 0.01794935 0.43529412 0.89019608 0.96078431
v -0.02359640 0.01348502 0.01828250 0.43529412 0.89019608 0.96078431
v -0.02305400 0.01212521 0.01937648 0.43529412 0.89019608 0.96078431
v -0.02318190 0.00978382 0.02061902 0.43529412 0.89019608 0.96078431
v -0.01996634 0.01504745 0.01739561 0.43529412 0.89019608 0.96078431
v -0.01876507 0.01565081 0.01687338 0.43529412 0.89019608 0.96078431
v -0.01996634 0.01565531 0.01686888 0.43529412 0.89019608 0.96078431
v -0.02117674 0.01504295 0.01739111 0.43529412 0.89019608 0.96078431
v -0.02579111 0.00665445 0.02080360 0.43529412 0.89019608 0.96078431
v -0.02358955 0.00911292 0.02080360 0.43529412 0.89019608 0.96078431
v -0.02398807 0.00954518 0.02050647 0.43529412 0.89019608 0.96078431
v -0.02527384 0.00831144 0.02050647 0.43529412 0.89019608 0.96078431
v -0.02484449 0.00911292 0.02034440 0.43529412 0.89019608 0.96078431
v -0.02556958 0.00750546 0.02066404 0.43529412 0.89019608 0.96078431
v -0.02610171 0.00547475 0.02092966 0.43529412 0.89019608 0.96078431
v -0.02601378 0.00423201 0.02126730 0.43529412 0.89019608 0.96078431
v -0.02625814 -0.00059937 0.02154192 0.43529412 0.89019608 0.96078431
v -0.02620562 -0.00180608 0.02151041 0.43529412 0.89019608 0.96078431
v -0.02595440 -0.00312987 0.02150141 0.43529412 0.89019608 0.96078431
v -0.02701407 0.00181407 0.02090264 0.43529412 0.89019608 0.96078431
v -0.02693643 0.00302079 0.02083511 0.43529412 0.89019608 0.96078431
v -0.02704833 0.00060285 0.02093416 0.43529412 0.89019608 0.96078431
v -0.02704833 -0.00059937 0.02093416 0.43529412 0.89019608 0.96078431
v -0.02681082 0.00423201 0.02072707 0.43529412 0.89019608 0.96078431
v -0.02601378 -0.00422853 0.02126280 0.43529412 0.89019608 0.96078431
v -0.02610056 -0.00546676 0.02092515 0.43529412 0.89019608 0.96078431
v -0.02578769 -0.00664647 0.02079910 0.43529412 0.89019608 0.96078431
v -0.02556616 -0.00749747 0.02065954 0.43529412 0.89019608 0.96078431
v -0.02526927 -0.00830345 0.02050197 0.43529412 0.89019608 0.96078431
v -0.02446424 -0.00872671 0.02068205 0.43529412 0.89019608 0.96078431
v -0.02397893 -0.00953269 0.02050647 0.43529412 0.89019608 0.96078431
v -0.02358384 -0.00910493 0.02079910 0.43529412 0.89019608 0.96078431
v -0.02358384 -0.01021709 0.02027687 0.43529412 0.89019608 0.96078431
v -0.02350619 -0.01150486 0.01959707 0.43529412 0.89019608 0.96078431
v -0.02384990 -0.01191911 0.01925492 0.43529412 0.89019608 0.96078431
v -0.02350619 -0.01259001 0.01891277 0.43529412 0.89019608 0.96078431
v -0.02359640 -0.01347253 0.01827349 0.43529412 0.89019608 0.96078431
v -0.02359640 -0.01408039 0.01780529 0.43529412 0.89019608 0.96078431
v -0.02359640 -0.01481433 0.01719752 0.43529412 0.89019608 0.96078431
v -0.02238600 -0.01497643 0.01733708 0.43529412 0.89019608 0.96078431
v -0.02238600 -0.01558429 0.01680585 0.43529412 0.89019608 0.96078431
v -0.02117674 -0.01563382 0.01685537 0.43529412 0.89019608 0.96078431
v -0.02117674 -0.01624618 0.01625211 0.43529412 0.89019608 0.96078431
v -0.01996634 -0.01625519 0.01625661 0.43529412 0.89019608 0.96078431
v -0.01876507 -0.01626419 0.01625211 0.43529412 0.89019608 0.96078431
v -0.02238600 0.01498892 0.01734609 0.43529412 0.89019608 0.96078431
v -0.02359640 0.01482682 0.01720653 0.43529412 0.89019608 0.96078431
v -0.02359640 0.01409288 0.01780979 0.43529412 0.89019608 0.96078431
v -0.02425756 0.01334544 0.01817445 0.43529412 0.89019608 0.96078431
v -0.02351304 0.01259799 0.01891728 0.43529412 0.89019608 0.96078431
v -0.02386132 0.01193160 0.01925492 0.43529412 0.89019608 0.96078431
v -0.02351304 0.01151285 0.01960157 0.43529412 0.89019608 0.96078431
v -0.02358955 0.01022508 0.02028137 0.43529412 0.89019608 0.96078431
v -0.01876507 0.01626768 0.01626562 0.43529412 0.89019608 0.96078431
v -0.01996634 0.01626768 0.01626562 0.43529412 0.89019608 0.96078431
v -0.02117674 0.01564631 0.01686438 0.43529412 0.89019608 0.96078431
v -0.02639631 0.00665445 0.02041193 0.43529412 0.89019608 0.96078431
v -0.02656417 0.00590251 0.02052898 0.43529412 0.89019608 0.96078431
v -0.02450078 0.01112562 0.01949353 0.43529412 0.89019608 0.96078431
v -0.02486276 0.01034665 0.01974114 0.43529412 0.89019608 0.96078431
v -0.02565409 0.00998644 0.01951604 0.43529412 0.89019608 0.96078431
v -0.02603890 0.00904538 0.01970062 0.43529412 0.89019608 0.96078431
v -0.02530581 0.01079242 0.01930444 0.43529412 0.89019608 0.96078431
v -0.02598866 0.00789269 0.02022735 0.43529412 0.89019608 0.96078431
v -0.02669891 0.00509653 0.02063253 0.43529412 0.89019608 0.96078431
v -0.02701293 -0.00180608 0.02090264 0.43529412 0.89019608 0.96078431
v -0.02693414 -0.00301731 0.02083061 0.43529412 0.89019608 0.96078431
v -0.02680968 -0.00422853 0.02072256 0.43529412 0.89019608 0.96078431
v -0.02761928 0.00181407 0.02035340 0.43529412 0.89019608 0.96078431
v -0.02765353 0.00060285 0.02038942 0.43529412 0.89019608 0.96078431
v -0.02754163 0.00302079 0.02028587 0.43529412 0.89019608 0.96078431
v -0.02765239 -0.00059937 0.02038942 0.43529412 0.89019608 0.96078431
v -0.02741602 0.00423201 0.02017783 0.43529412 0.89019608 0.96078431
v -0.02669777 -0.00508404 0.02063253 0.43529412 0.89019608 0.96078431
v -0.02656189 -0.00589002 0.02052898 0.43529412 0.89019608 0.96078431
v -0.02639175 -0.00664647 0.02040743 0.43529412 0.89019608 0.96078431
v -0.02598752 -0.00788470 0.02022285 0.43529412 0.89019608 0.96078431
v -0.02603662 -0.00903739 0.01969612 0.43529412 0.89019608 0.96078431
v -0.02564952 -0.00997395 0.01951154 0.43529412 0.89019608 0.96078431
v -0.02484106 -0.00910493 0.02033990 0.43529412 0.89019608 0.96078431
v -0.02485933 -0.01033866 0.01973663 0.43529412 0.89019608 0.96078431
v -0.02449279 -0.01111313 0.01949353 0.43529412 0.89019608 0.96078431
v -0.02471203 -0.01266655 0.01840405 0.43529412 0.89019608 0.96078431
v -0.02424956 -0.01333295 0.01816995 0.43529412 0.89019608 0.96078431
v -0.02441057 -0.01463873 0.01704446 0.43529412 0.89019608 0.96078431
v -0.02359640 -0.01542670 0.01665729 0.43529412 0.89019608 0.96078431
v -0.02359640 -0.01604806 0.01605402 0.43529412 0.89019608 0.96078431
v -0.02238600 -0.01619665 0.01620259 0.43529412 0.89019608 0.96078431
v -0.02117674 -0.01685855 0.01563984 0.43529412 0.89019608 0.96078431
v -0.01996634 -0.01685855 0.01564885 0.43529412 0.89019608 0.96078431
v -0.01876507 -0.01686305 0.01564434 0.43529412 0.89019608 0.96078431
v -0.02238600 0.01559228 0.01681486 0.43529412 0.89019608 0.96078431
v -0.02441970 0.01464671 0.01704896 0.43529412 0.89019608 0.96078431
v -0.02359640 0.01543468 0.01666629 0.43529412 0.89019608 0.96078431
v -0.02474057 0.01386775 0.01750816 0.43529412 0.89019608 0.96078431
v -0.02506259 0.01306177 0.01796736 0.43529412 0.89019608 0.96078431
v -0.02471659 0.01267454 0.01840855 0.43529412 0.89019608 0.96078431
v -0.01876507 0.01686654 0.01566235 0.43529412 0.89019608 0.96078431
v -0.01996634 0.01687104 0.01565785 0.43529412 0.89019608 0.96078431
v -0.02117674 0.01625417 0.01626111 0.43529412 0.89019608 0.96078431
v -0.02117674 0.01686654 0.01564885 0.43529412 0.89019608 0.96078431
v -0.02670234 0.00862663 0.01943050 0.43529412 0.89019608 0.96078431
v -0.02687476 0.00786117 0.01958357 0.43529412 0.89019608 0.96078431
v -0.02781796 0.00601057 0.01934496 0.43529412 0.89019608 0.96078431
v -0.02725844 0.00555130 0.01999325 0.43529412 0.89019608 0.96078431
v -0.02710543 0.00665445 0.01980416 0.43529412 0.89019608 0.96078431
v -0.02486276 0.01151285 0.01908835 0.43529412 0.89019608 0.96078431
v -0.02603890 0.01034665 0.01904783 0.43529412 0.89019608 0.96078431
v -0.02646026 0.00943261 0.01924142 0.43529412 0.89019608 0.96078431
v -0.02556730 0.01225579 0.01825549 0.43529412 0.89019608 0.96078431
v -0.02598752 0.01143180 0.01845808 0.43529412 0.89019608 0.96078431
v -0.02761813 -0.00180608 0.02035340 0.43529412 0.89019608 0.96078431
v -0.02753934 -0.00301731 0.02028137 0.43529412 0.89019608 0.96078431
v -0.02741373 -0.00422853 0.02017783 0.43529412 0.89019608 0.96078431
v -0.02815596 0.00181407 0.01975014 0.43529412 0.89019608 0.96078431
v -0.02810229 0.00302079 0.01967811 0.43529412 0.89019608 0.96078431
v -0.02818108 0.00060285 0.01978165 0.43529412 0.89019608 0.96078431
v -0.02818108 -0.00059937 0.01978165 0.43529412 0.89019608 0.96078431
v -0.02801437 0.00423201 0.01957006 0.43529412 0.89019608 0.96078431
v -0.02815596 -0.00180608 0.01975014 0.43529412 0.89019608 0.96078431
v -0.02791731 0.00520459 0.01945751 0.43529412 0.89019608 0.96078431
v -0.02725730 -0.00554331 0.01999325 0.43529412 0.89019608 0.96078431
v -0.02781682 -0.00599808 0.01934496 0.43529412 0.89019608 0.96078431
v -0.02710428 -0.00664647 0.01980416 0.43529412 0.89019608 0.96078431
v -0.02687020 -0.00785769 0.01958357 0.43529412 0.89019608 0.96078431
v -0.02670005 -0.00861414 0.01942600 0.43529412 0.89019608 0.96078431
v -0.02645683 -0.00942462 0.01923692 0.43529412 0.89019608 0.96078431
v -0.02603662 -0.01033866 0.01904333 0.43529412 0.89019608 0.96078431
v -0.02529896 -0.01077993 0.01929994 0.43529412 0.89019608 0.96078431
v -0.02485933 -0.01150486 0.01907935 0.43529412 0.89019608 0.96078431
v -0.02556159 -0.01224330 0.01825098 0.43529412 0.89019608 0.96078431
v -0.02505345 -0.01304928 0.01796286 0.43529412 0.89019608 0.96078431
v -0.02473144 -0.01385976 0.01750366 0.43529412 0.89019608 0.96078431
v -0.02521560 -0.01438658 0.01682836 0.43529412 0.89019608 0.96078431
v -0.02483992 -0.01513852 0.01635115 0.43529412 0.89019608 0.96078431
v -0.02446424 -0.01586796 0.01587394 0.43529412 0.89019608 0.96078431
v -0.02359640 -0.01665142 0.01542375 0.43529412 0.89019608 0.96078431
v -0.02238600 -0.01680902 0.01558582 0.43529412 0.89019608 0.96078431
v -0.02238600 -0.01734033 0.01498255 0.43529412 0.89019608 0.96078431
v -0.02117674 -0.01738086 0.01503658 0.43529412 0.89019608 0.96078431
v -0.01996634 -0.01738986 0.01504108 0.43529412 0.89019608 0.96078431
v -0.01876507 -0.01739437 0.01503658 0.43529412 0.89019608 0.96078431
v -0.02238600 0.01620464 0.01620709 0.43529412 0.89019608 0.96078431
v -0.02359640 0.01605605 0.01605852 0.43529412 0.89019608 0.96078431
v -0.02522473 0.01439456 0.01683286 0.43529412 0.89019608 0.96078431
v -0.02447223 0.01588045 0.01587845 0.43529412 0.89019608 0.96078431
v -0.02484791 0.01514201 0.01635565 0.43529412 0.89019608 0.96078431
v -0.02570890 0.01358858 0.01716151 0.43529412 0.89019608 0.96078431
v -0.01876507 0.01740235 0.01505008 0.43529412 0.89019608 0.96078431
v -0.01996634 0.01740235 0.01505008 0.43529412 0.89019608 0.96078431
v -0.02117674 0.01739335 0.01504558 0.43529412 0.89019608 0.96078431
v -0.02238600 0.01734832 0.01499156 0.43529412 0.89019608 0.96078431
v -0.02238600 0.01681701 0.01559482 0.43529412 0.89019608 0.96078431
v -0.02689189 0.01028361 0.01840855 0.43529412 0.89019608 0.96078431
v -0.02721276 0.00903637 0.01873720 0.43529412 0.89019608 0.96078431
v -0.02747882 0.00786117 0.01900281 0.43529412 0.89019608 0.96078431
v -0.02771063 0.00665445 0.01923241 0.43529412 0.89019608 0.96078431
v -0.02827814 0.00554229 0.01886775 0.43529412 0.89019608 0.96078431
v -0.02802807 0.00786117 0.01839505 0.43529412 0.89019608 0.96078431
v -0.02819364 0.00665445 0.01862465 0.43529412 0.89019608 0.96078431
v -0.02668521 0.01099054 0.01821047 0.43529412 0.89019608 0.96078431
v -0.02637462 0.01179652 0.01795385 0.43529412 0.89019608 0.96078431
v -0.02604119 0.01272407 0.01755768 0.43529412 0.89019608 0.96078431
v -0.02810115 -0.00301731 0.01967811 0.43529412 0.89019608 0.96078431
v -0.02801323 -0.00422853 0.01957006 0.43529412 0.89019608 0.96078431
v -0.02791731 -0.00519210 0.01945751 0.43529412 0.89019608 0.96078431
v -0.02876116 0.00181407 0.01892628 0.43529412 0.89019608 0.96078431
v -0.02870750 0.00302079 0.01884975 0.43529412 0.89019608 0.96078431
v -0.02878628 0.00060285 0.01895779 0.43529412 0.89019608 0.96078431
v -0.02878628 -0.00059937 0.01895779 0.43529412 0.89019608 0.96078431
v -0.02868237 0.00420049 0.01865166 0.43529412 0.89019608 0.96078431
v -0.02876002 -0.00180608 0.01892178 0.43529412 0.89019608 0.96078431
v -0.02870635 -0.00301731 0.01884975 0.43529412 0.89019608 0.96078431
v -0.02827586 -0.00553430 0.01886775 0.43529412 0.89019608 0.96078431
v -0.02819250 -0.00664647 0.01862465 0.43529412 0.89019608 0.96078431
v -0.02802465 -0.00785769 0.01839054 0.43529412 0.89019608 0.96078431
v -0.02770834 -0.00664647 0.01922791 0.43529412 0.89019608 0.96078431
v -0.02747540 -0.00785769 0.01899831 0.43529412 0.89019608 0.96078431
v -0.02720934 -0.00902838 0.01873269 0.43529412 0.89019608 0.96078431
v -0.02688732 -0.01028013 0.01840405 0.43529412 0.89019608 0.96078431
v -0.02668178 -0.01097805 0.01820596 0.43529412 0.89019608 0.96078431
v -0.02598523 -0.01142381 0.01845357 0.43529412 0.89019608 0.96078431
v -0.02636891 -0.01178403 0.01794935 0.43529412 0.89019608 0.96078431
v -0.02603662 -0.01271158 0.01755318 0.43529412 0.89019608 0.96078431
v -0.02570433 -0.01357609 0.01715701 0.43529412 0.89019608 0.96078431
v -0.02577170 -0.01482784 0.01602251 0.43529412 0.89019608 0.96078431
v -0.02527041 -0.01563832 0.01563984 0.43529412 0.89019608 0.96078431
v -0.02483992 -0.01634524 0.01514012 0.43529412 0.89019608 0.96078431
v -0.02441057 -0.01704316 0.01464491 0.43529412 0.89019608 0.96078431
v -0.02359640 -0.01719625 0.01482048 0.43529412 0.89019608 0.96078431
v -0.02238600 -0.01793919 0.01425774 0.43529412 0.89019608 0.96078431
v -0.02117674 -0.01798872 0.01432076 0.43529412 0.89019608 0.96078431
v -0.01996634 -0.01799322 0.01432977 0.43529412 0.89019608 0.96078431
v -0.01876507 -0.01799772 0.01432527 0.43529412 0.89019608 0.96078431
v -0.02359640 0.01666391 0.01543275 0.43529412 0.89019608 0.96078431
v -0.02527840 0.01564631 0.01564434 0.43529412 0.89019608 0.96078431
v -0.02577627 0.01484033 0.01602701 0.43529412 0.89019608 0.96078431
v -0.02442085 0.01705114 0.01464941 0.43529412 0.89019608 0.96078431
v -0.02484791 0.01635323 0.01514913 0.43529412 0.89019608 0.96078431
v -0.02651621 0.01319235 0.01684637 0.43529412 0.89019608 0.96078431
v -0.02614624 0.01403435 0.01643669 0.43529412 0.89019608 0.96078431
v -0.01876507 0.01799671 0.01434327 0.43529412 0.89019608 0.96078431
v -0.01996634 0.01800571 0.01433877 0.43529412 0.89019608 0.96078431
v -0.02117674 0.01799671 0.01432977 0.43529412 0.89019608 0.96078431
v -0.02359640 0.01720424 0.01482949 0.43529412 0.89019608 0.96078431
v -0.02238600 0.01794718 0.01427124 0.43529412 0.89019608 0.96078431
v -0.02749595 0.01028361 0.01779178 0.43529412 0.89019608 0.96078431
v -0.02772205 0.00944612 0.01802588 0.43529412 0.89019608 0.96078431
v -0.02789790 0.00864014 0.01823298 0.43529412 0.89019608 0.96078431
v -0.02879885 0.00665445 0.01774226 0.43529412 0.89019608 0.96078431
v -0.02892788 0.00544323 0.01794935 0.43529412 0.89019608 0.96078431
v -0.02867210 0.00782515 0.01745864 0.43529412 0.89019608 0.96078431
v -0.02682224 0.01238637 0.01714350 0.43529412 0.89019608 0.96078431
v -0.02715681 0.01137777 0.01746764 0.43529412 0.89019608 0.96078431
v -0.02786821 0.01096352 0.01698593 0.43529412 0.89019608 0.96078431
v -0.02868009 -0.00419251 0.01865166 0.43529412 0.89019608 0.96078431
v -0.02913456 0.00181407 0.01831851 0.43529412 0.89019608 0.96078431
v -0.02909460 0.00302079 0.01824648 0.43529412 0.89019608 0.96078431
v -0.02905805 0.00377274 0.01817895 0.43529412 0.89019608 0.96078431
v -0.02915283 0.00060285 0.01835453 0.43529412 0.89019608 0.96078431
v -0.02915283 -0.00059937 0.01835003 0.43529412 0.89019608 0.96078431
v -0.02913456 -0.00180608 0.01831851 0.43529412 0.89019608 0.96078431
v -0.02900210 0.00457872 0.01807991 0.43529412 0.89019608 0.96078431
v -0.02909345 -0.00301731 0.01824648 0.43529412 0.89019608 0.96078431
v -0.02905805 -0.00376475 0.01817895 0.43529412 0.89019608 0.96078431
v -0.02892674 -0.00543975 0.01794485 0.43529412 0.89019608 0.96078431
v -0.02879770 -0.00664647 0.01774226 0.43529412 0.89019608 0.96078431
v -0.02866867 -0.00781716 0.01745864 0.43529412 0.89019608 0.96078431
v -0.02789561 -0.00863215 0.01822847 0.43529412 0.89019608 0.96078431
v -0.02771976 -0.00943813 0.01802138 0.43529412 0.89019608 0.96078431
v -0.02749138 -0.01028013 0.01778728 0.43529412 0.89019608 0.96078431
v -0.02786592 -0.01095553 0.01698593 0.43529412 0.89019608 0.96078431
v -0.02715338 -0.01136978 0.01746764 0.43529412 0.89019608 0.96078431
v -0.02681881 -0.01237388 0.01714350 0.43529412 0.89019608 0.96078431
v -0.02651050 -0.01317986 0.01684187 0.43529412 0.89019608 0.96078431
v -0.02614053 -0.01402636 0.01643219 0.43529412 0.89019608 0.96078431
v -0.02657787 -0.01447213 0.01568936 0.43529412 0.89019608 0.96078431
v -0.02617479 -0.01525559 0.01526168 0.43529412 0.89019608 0.96078431
v -0.02577056 -0.01601655 0.01483399 0.43529412 0.89019608 0.96078431
v -0.02521560 -0.01682253 0.01438829 0.43529412 0.89019608 0.96078431
v -0.02473030 -0.01750243 0.01386156 0.43529412 0.89019608 0.96078431
v -0.02424728 -0.01816883 0.01333934 0.43529412 0.89019608 0.96078431
v -0.02359640 -0.01779961 0.01408216 0.43529412 0.89019608 0.96078431
v -0.02359640 -0.01826789 0.01347890 0.43529412 0.89019608 0.96078431
v -0.02238600 -0.01840297 0.01365447 0.43529412 0.89019608 0.96078431
v -0.02117674 -0.01845250 0.01371750 0.43529412 0.89019608 0.96078431
v -0.01996634 -0.01843899 0.01372200 0.43529412 0.89019608 0.96078431
v -0.01876507 -0.01841648 0.01372650 0.43529412 0.89019608 0.96078431
v -0.02617935 0.01526808 0.01526618 0.43529412 0.89019608 0.96078431
v -0.02522588 0.01683051 0.01439280 0.43529412 0.89019608 0.96078431
v -0.02577627 0.01602453 0.01483849 0.43529412 0.89019608 0.96078431
v -0.02658244 0.01448011 0.01569386 0.43529412 0.89019608 0.96078431
v -0.02359640 0.01781210 0.01409116 0.43529412 0.89019608 0.96078431
v -0.02425870 0.01817682 0.01334384 0.43529412 0.89019608 0.96078431
v -0.02474172 0.01751042 0.01387057 0.43529412 0.89019608 0.96078431
v -0.02690103 0.01367413 0.01604052 0.43529412 0.89019608 0.96078431
v -0.02726529 0.01275108 0.01637366 0.43529412 0.89019608 0.96078431
v -0.01876507 0.01842897 0.01373551 0.43529412 0.89019608 0.96078431
v -0.01996634 0.01844698 0.01373551 0.43529412 0.89019608 0.96078431
v -0.02117674 0.01846048 0.01372650 0.43529412 0.89019608 0.96078431
v -0.02238600 0.01841546 0.01366348 0.43529412 0.89019608 0.96078431
v -0.02359640 0.01828038 0.01348790 0.43529412 0.89019608 0.96078431
v -0.02801208 0.01028361 0.01718402 0.43529412 0.89019608 0.96078431
v -0.02819364 0.00905438 0.01758919 0.43529412 0.89019608 0.96078431
v -0.02907290 0.00739289 0.01699944 0.43529412 0.89019608 0.96078431
v -0.02923733 0.00544323 0.01734159 0.43529412 0.89019608 0.96078431
v -0.02914255 0.00665445 0.01713900 0.43529412 0.89019608 0.96078431
v -0.02883767 0.00907239 0.01657175 0.43529412 0.89019608 0.96078431
v -0.02896899 0.00820338 0.01680135 0.43529412 0.89019608 0.96078431
v -0.02762841 0.01176950 0.01670231 0.43529412 0.89019608 0.96078431
v -0.02795042 0.01231432 0.01589645 0.43529412 0.89019608 0.96078431
v -0.02810001 0.01141829 0.01631514 0.43529412 0.89019608 0.96078431
v -0.02863556 0.01021157 0.01624311 0.43529412 0.89019608 0.96078431
v -0.02900210 -0.00457073 0.01807541 0.43529412 0.89019608 0.96078431
v -0.02947484 0.00181407 0.01754418 0.43529412 0.89019608 0.96078431
v -0.02940633 0.00302079 0.01754418 0.43529412 0.89019608 0.96078431
v -0.02926245 0.00420049 0.01762071 0.43529412 0.89019608 0.96078431
v -0.02950568 0.00060285 0.01754418 0.43529412 0.89019608 0.96078431
v -0.02950568 -0.00059937 0.01754418 0.43529412 0.89019608 0.96078431
v -0.02947370 -0.00180608 0.01754418 0.43529412 0.89019608 0.96078431
v -0.02940519 -0.00301731 0.01754418 0.43529412 0.89019608 0.96078431
v -0.02926131 -0.00419251 0.01762071 0.43529412 0.89019608 0.96078431
v -0.02923619 -0.00543975 0.01734159 0.43529412 0.89019608 0.96078431
v -0.02914027 -0.00664647 0.01713450 0.43529412 0.89019608 0.96078431
v -0.02907176 -0.00738491 0.01699944 0.43529412 0.89019608 0.96078431
v -0.02896785 -0.00819089 0.01679685 0.43529412 0.89019608 0.96078431
v -0.02883539 -0.00906891 0.01656725 0.43529412 0.89019608 0.96078431
v -0.02819136 -0.00904640 0.01758919 0.43529412 0.89019608 0.96078431
v -0.02800980 -0.01028013 0.01717952 0.43529412 0.89019608 0.96078431
v -0.02809544 -0.01141030 0.01631063 0.43529412 0.89019608 0.96078431
v -0.02794814 -0.01230634 0.01589195 0.43529412 0.89019608 0.96078431
v -0.02762498 -0.01176151 0.01669780 0.43529412 0.89019608 0.96078431
v -0.02863099 -0.01020358 0.01623860 0.43529412 0.89019608 0.96078431
v -0.02726072 -0.01274310 0.01636916 0.43529412 0.89019608 0.96078431
v -0.02689760 -0.01366615 0.01603602 0.43529412 0.89019608 0.96078431
v -0.02692386 -0.01487737 0.01488351 0.43529412 0.89019608 0.96078431
v -0.02657787 -0.01568335 0.01447383 0.43529412 0.89019608 0.96078431
v -0.02731325 -0.01401736 0.01522116 0.43529412 0.89019608 0.96078431
v -0.02613825 -0.01642629 0.01402814 0.43529412 0.89019608 0.96078431
v -0.02570090 -0.01715572 0.01358244 0.43529412 0.89019608 0.96078431
v -0.02505117 -0.01795720 0.01305121 0.43529412 0.89019608 0.96078431
v -0.02471088 -0.01839396 0.01266854 0.43529412 0.89019608 0.96078431
v -0.02448708 -0.01948811 0.01111536 0.43529412 0.89019608 0.96078431
v -0.02384191 -0.01924497 0.01192122 0.43529412 0.89019608 0.96078431
v -0.02350163 -0.01890727 0.01259201 0.43529412 0.89019608 0.96078431
v -0.02303574 -0.01936654 0.01211930 0.43529412 0.89019608 0.96078431
v -0.02238600 -0.01900633 0.01279010 0.43529412 0.89019608 0.96078431
v -0.02117674 -0.01905586 0.01285762 0.43529412 0.89019608 0.96078431
v -0.02117674 -0.01945209 0.01225436 0.43529412 0.89019608 0.96078431
v -0.02048704 -0.01942958 0.01220934 0.43529412 0.89019608 0.96078431
v -0.02117674 -0.02039315 0.01057963 0.43529412 0.89019608 0.96078431
v -0.02117674 -0.02071284 0.00997186 0.43529412 0.89019608 0.96078431
v -0.02045507 -0.02066331 0.00988182 0.43529412 0.89019608 0.96078431
v -0.01876507 -0.01842098 0.01371750 0.43529412 0.89019608 0.96078431
v -0.02658244 0.01569584 0.01448284 0.43529412 0.89019608 0.96078431
v -0.02614510 0.01643878 0.01403264 0.43529412 0.89019608 0.96078431
v -0.02506259 0.01796519 0.01306021 0.43529412 0.89019608 0.96078431
v -0.02570775 0.01715471 0.01358694 0.43529412 0.89019608 0.96078431
v -0.02773346 0.01438105 0.01437929 0.43529412 0.89019608 0.96078431
v -0.02731667 0.01402534 0.01522566 0.43529412 0.89019608 0.96078431
v -0.02692615 0.01488536 0.01488801 0.43529412 0.89019608 0.96078431
v -0.02351304 0.01891976 0.01259651 0.43529412 0.89019608 0.96078431
v -0.02386132 0.01925746 0.01193022 0.43529412 0.89019608 0.96078431
v -0.02471774 0.01841095 0.01267304 0.43529412 0.89019608 0.96078431
v -0.02770720 0.01312030 0.01556781 0.43529412 0.89019608 0.96078431
v -0.01876507 0.01853703 0.01270906 0.43529412 0.89019608 0.96078431
v -0.02026551 0.02216169 0.00423185 0.43529412 0.89019608 0.96078431
v -0.02029749 0.02205813 0.00544288 0.43529412 0.89019608 0.96078431
v -0.02042538 0.02190503 0.00665391 0.43529412 0.89019608 0.96078431
v -0.02053728 0.02180147 0.00732020 0.43529412 0.89019608 0.96078431
v -0.02045050 0.02067130 0.00989083 0.43529412 0.89019608 0.96078431
v -0.02117674 0.02072083 0.00998987 0.43529412 0.89019608 0.96078431
v -0.02117674 0.02040114 0.01059313 0.43529412 0.89019608 0.96078431
v -0.02117674 0.01990584 0.01149353 0.43529412 0.89019608 0.96078431
v -0.02117674 0.01946458 0.01226336 0.43529412 0.89019608 0.96078431
v -0.02117674 0.01906384 0.01287113 0.43529412 0.89019608 0.96078431
v -0.02238600 0.01901882 0.01280360 0.43529412 0.89019608 0.96078431
v -0.02305400 0.01937453 0.01212380 0.43529412 0.89019608 0.96078431
v -0.02915055 0.00907239 0.01596398 0.43529412 0.89019608 0.96078431
v -0.02925103 0.00782515 0.01636916 0.43529412 0.89019608 0.96078431
v -0.02947599 0.00665445 0.01633315 0.43529412 0.89019608 0.96078431
v -0.02963813 0.00544323 0.01633315 0.43529412 0.89019608 0.96078431
v -0.02906377 0.00975680 0.01577940 0.43529412 0.89019608 0.96078431
v -0.02820278 0.01271056 0.01514913 0.43529412 0.89019608 0.96078431
v -0.02876573 0.01151285 0.01510861 0.43529412 0.89019608 0.96078431
v -0.02798811 0.01357507 0.01476196 0.43529412 0.89019608 0.96078431
v -0.02892788 0.01056728 0.01550478 0.43529412 0.89019608 0.96078431
v -0.02980371 0.00181407 0.01654024 0.43529412 0.89019608 0.96078431
v -0.02980371 0.00302079 0.01639617 0.43529412 0.89019608 0.96078431
v -0.02982540 0.00302079 0.01633315 0.43529412 0.89019608 0.96078431
v -0.02975232 0.00423201 0.01633315 0.43529412 0.89019608 0.96078431
v -0.02980371 0.00339451 0.01633315 0.43529412 0.89019608 0.96078431
v -0.02980371 0.00060285 0.01661227 0.43529412 0.89019608 0.96078431
v -0.02980371 -0.00059937 0.01661227 0.43529412 0.89019608 0.96078431
v -0.02980371 -0.00158996 0.01655374 0.43529412 0.89019608 0.96078431
v -0.02980371 -0.00181059 0.01653573 0.43529412 0.89019608 0.96078431
v -0.02982540 -0.00302181 0.01633315 0.43529412 0.89019608 0.96078431
v -0.02980371 -0.00337302 0.01633315 0.43529412 0.89019608 0.96078431
v -0.02975004 -0.00422853 0.01633315 0.43529412 0.89019608 0.96078431
v -0.02963585 -0.00543975 0.01633315 0.43529412 0.89019608 0.96078431
v -0.02947370 -0.00664647 0.01633315 0.43529412 0.89019608 0.96078431
v -0.02924875 -0.00781716 0.01636916 0.43529412 0.89019608 0.96078431
v -0.02914826 -0.00906891 0.01595948 0.43529412 0.89019608 0.96078431
v -0.02906262 -0.00974881 0.01577490 0.43529412 0.89019608 0.96078431
v -0.02892559 -0.01055479 0.01550028 0.43529412 0.89019608 0.96078431
v -0.02876231 -0.01150486 0.01510861 0.43529412 0.89019608 0.96078431
v -0.02819707 -0.01270257 0.01514462 0.43529412 0.89019608 0.96078431
v -0.02798468 -0.01356258 0.01475746 0.43529412 0.89019608 0.96078431
v -0.02770378 -0.01311232 0.01556331 0.43529412 0.89019608 0.96078431
v -0.02773004 -0.01436857 0.01437479 0.43529412 0.89019608 0.96078431
v -0.02731439 -0.01521957 0.01401913 0.43529412 0.89019608 0.96078431
v -0.02689874 -0.01603005 0.01366798 0.43529412 0.89019608 0.96078431
v -0.02650822 -0.01683603 0.01318627 0.43529412 0.89019608 0.96078431
v -0.02603319 -0.01755196 0.01271356 0.43529412 0.89019608 0.96078431
v -0.02555817 -0.01824537 0.01224536 0.43529412 0.89019608 0.96078431
v -0.02485591 -0.01907387 0.01150703 0.43529412 0.89019608 0.96078431
v -0.02485591 -0.01973576 0.01034102 0.43529412 0.89019608 0.96078431
v -0.02397322 -0.02050122 0.00953517 0.43529412 0.89019608 0.96078431
v -0.02358042 -0.02026708 0.01021947 0.43529412 0.89019608 0.96078431
v -0.02350163 -0.01958717 0.01150703 0.43529412 0.89019608 0.96078431
v -0.02529325 -0.01929450 0.01078672 0.43529412 0.89019608 0.96078431
v -0.02238600 -0.01941607 0.01218683 0.43529412 0.89019608 0.96078431
v -0.02316705 -0.02061378 0.00977378 0.43529412 0.89019608 0.96078431
v -0.02238600 -0.02036614 0.01049859 0.43529412 0.89019608 0.96078431
v -0.02238600 -0.01982131 0.01149353 0.43529412 0.89019608 0.96078431
v -0.02117674 -0.01988435 0.01149353 0.43529412 0.89019608 0.96078431
v -0.02238600 -0.02066782 0.00989083 0.43529412 0.89019608 0.96078431
v -0.02238600 -0.02103704 0.00907147 0.43529412 0.89019608 0.96078431
v -0.02117674 -0.02110007 0.00907147 0.43529412 0.89019608 0.96078431
v -0.02054528 -0.02178898 0.00730670 0.43529412 0.89019608 0.96078431
v -0.01876507 -0.01851553 0.01270456 0.43529412 0.89019608 0.96078431
v -0.02043451 -0.02189705 0.00665391 0.43529412 0.89019608 0.96078431
v -0.02029977 -0.02205014 0.00544288 0.43529412 0.89019608 0.96078431
v -0.02026551 -0.02214920 0.00423185 0.43529412 0.89019608 0.96078431
v -0.02731782 0.01522756 0.01402814 0.43529412 0.89019608 0.96078431
v -0.02651507 0.01684852 0.01319077 0.43529412 0.89019608 0.96078431
v -0.02690331 0.01604254 0.01367248 0.43529412 0.89019608 0.96078431
v -0.02556616 0.01825336 0.01225436 0.43529412 0.89019608 0.96078431
v -0.02770948 0.01556976 0.01311874 0.43529412 0.89019608 0.96078431
v -0.02798696 0.01476378 0.01357344 0.43529412 0.89019608 0.96078431
v -0.02351304 0.01959966 0.01151154 0.43529412 0.89019608 0.96078431
v -0.02359183 0.02028407 0.01022397 0.43529412 0.89019608 0.96078431
v -0.02449964 0.01949610 0.01112437 0.43529412 0.89019608 0.96078431
v -0.02486276 0.01908636 0.01151154 0.43529412 0.89019608 0.96078431
v -0.01876507 0.01854153 -0.01269105 0.43529412 0.89019608 0.96078431
v -0.02031804 0.02250389 0.00072032 0.43529412 0.89019608 0.96078431
v -0.02026551 0.02234630 0.00181429 0.43529412 0.89019608 0.96078431
v -0.02026551 0.02225624 0.00302082 0.43529412 0.89019608 0.96078431
v -0.02055784 0.02299468 0.00039617 0.43529412 0.89019608 0.96078431
v -0.02117674 0.02257594 0.00423185 0.43529412 0.89019608 0.96078431
v -0.02117674 0.02233729 0.00544288 0.43529412 0.89019608 0.96078431
v -0.02117674 0.02181048 0.00734271 0.43529412 0.89019608 0.96078431
v -0.02117674 0.02157184 0.00794598 0.43529412 0.89019608 0.96078431
v -0.02117674 0.02111707 0.00907147 0.43529412 0.89019608 0.96078431
v -0.02117674 0.02202210 0.00665391 0.43529412 0.89019608 0.96078431
v -0.02238600 0.02068031 0.00990883 0.43529412 0.89019608 0.96078431
v -0.02238600 0.02037863 0.01051210 0.43529412 0.89019608 0.96078431
v -0.02238600 0.02105853 0.00907147 0.43529412 0.89019608 0.96078431
v -0.02238600 0.01983830 0.01149353 0.43529412 0.89019608 0.96078431
v -0.02238600 0.01942406 0.01220034 0.43529412 0.89019608 0.96078431
v -0.02318646 0.02062177 0.00978278 0.43529412 0.89019608 0.96078431
v -0.02947484 0.00907239 0.01512212 0.43529412 0.89019608 0.96078431
v -0.02969523 0.00786117 0.01512212 0.43529412 0.89019608 0.96078431
v -0.02980371 0.00702367 0.01512212 0.43529412 0.89019608 0.96078431
v -0.02985053 0.00664995 0.01512212 0.43529412 0.89019608 0.96078431
v -0.02911972 0.01112562 0.01469893 0.43529412 0.89019608 0.96078431
v -0.02921107 0.01021157 0.01510861 0.43529412 0.89019608 0.96078431
v -0.02897812 0.01193160 0.01437479 0.43529412 0.89019608 0.96078431
v -0.02882854 0.01275559 0.01394710 0.43529412 0.89019608 0.96078431
v -0.02823361 0.01395330 0.01395160 0.43529412 0.89019608 0.96078431
v -0.02986994 0.00180957 0.01633315 0.43529412 0.89019608 0.96078431
v -0.02995786 0.00544323 0.01512212 0.43529412 0.89019608 0.96078431
v -0.03002638 0.00423201 0.01512212 0.43529412 0.89019608 0.96078431
v -0.02989163 0.00059835 0.01633315 0.43529412 0.89019608 0.96078431
v -0.02989163 -0.00060387 0.01633315 0.43529412 0.89019608 0.96078431
v -0.02986994 -0.00181059 0.01633315 0.43529412 0.89019608 0.96078431
v -0.03002523 -0.00423303 0.01512212 0.43529412 0.89019608 0.96078431
v -0.02995672 -0.00543975 0.01512212 0.43529412 0.89019608 0.96078431
v -0.02980371 -0.00453471 0.01602701 0.43529412 0.89019608 0.96078431
v -0.02980371 -0.00638981 0.01538323 0.43529412 0.89019608 0.96078431
v -0.02980371 -0.00700668 0.01512212 0.43529412 0.89019608 0.96078431
v -0.02969295 -0.00785769 0.01512212 0.43529412 0.89019608 0.96078431
v -0.02947142 -0.00906891 0.01512212 0.43529412 0.89019608 0.96078431
v -0.02920878 -0.01020358 0.01510861 0.43529412 0.89019608 0.96078431
v -0.02911857 -0.01111763 0.01469443 0.43529412 0.89019608 0.96078431
v -0.02897584 -0.01192361 0.01437029 0.43529412 0.89019608 0.96078431
v -0.02882397 -0.01274760 0.01394710 0.43529412 0.89019608 0.96078431
v -0.02823019 -0.01394531 0.01394710 0.43529412 0.89019608 0.96078431
v -0.02798354 -0.01475129 0.01356894 0.43529412 0.89019608 0.96078431
v -0.02770606 -0.01556178 0.01311424 0.43529412 0.89019608 0.96078431
v -0.02726415 -0.01636325 0.01274508 0.43529412 0.89019608 0.96078431
v -0.02682224 -0.01714222 0.01238042 0.43529412 0.89019608 0.96078431
v -0.02636434 -0.01794369 0.01179516 0.43529412 0.89019608 0.96078431
v -0.02598181 -0.01845250 0.01143050 0.43529412 0.89019608 0.96078431
v -0.02565409 -0.01951513 0.00997636 0.43529412 0.89019608 0.96078431
v -0.02484449 -0.02034362 0.00910748 0.43529412 0.89019608 0.96078431
v -0.02446766 -0.02067682 0.00872932 0.43529412 0.89019608 0.96078431
v -0.02358042 -0.02079839 0.00910748 0.43529412 0.89019608 0.96078431
v -0.02604004 -0.01904685 0.01034102 0.43529412 0.89019608 0.96078431
v -0.02359640 -0.02129369 0.00786494 0.43529412 0.89019608 0.96078431
v -0.02233119 -0.02156835 0.00776140 0.43529412 0.89019608 0.96078431
v -0.02189156 -0.02178898 0.00729319 0.43529412 0.89019608 0.96078431
v -0.02117674 -0.02156385 0.00792347 0.43529412 0.89019608 0.96078431
v -0.02117674 -0.02180249 0.00732020 0.43529412 0.89019608 0.96078431
v -0.02117674 -0.02200061 0.00665391 0.43529412 0.89019608 0.96078431
v -0.02117674 -0.02232030 0.00544288 0.43529412 0.89019608 0.96078431
v -0.01876507 -0.01851553 -0.01270456 0.43529412 0.89019608 0.96078431
v -0.02026551 -0.02224375 0.00302082 0.43529412 0.89019608 0.96078431
v -0.02026551 -0.02232930 0.00181429 0.43529412 0.89019608 0.96078431
v -0.02032375 -0.02249140 0.00057625 0.43529412 0.89019608 0.96078431
v -0.02117674 -0.02255894 0.00423185 0.43529412 0.89019608 0.96078431
v -0.02056583 -0.02298670 0.00015307 0.43529412 0.89019608 0.96078431
v -0.02637233 0.01794718 0.01180416 0.43529412 0.89019608 0.96078431
v -0.02682566 0.01714570 0.01238492 0.43529412 0.89019608 0.96078431
v -0.02726757 0.01637124 0.01275408 0.43529412 0.89019608 0.96078431
v -0.02530467 0.01930699 0.01079572 0.43529412 0.89019608 0.96078431
v -0.02598638 0.01846048 0.01143500 0.43529412 0.89019608 0.96078431
v -0.02763298 0.01670444 0.01176815 0.43529412 0.89019608 0.96078431
v -0.02794814 0.01589396 0.01231289 0.43529412 0.89019608 0.96078431
v -0.02820164 0.01514201 0.01271356 0.43529412 0.89019608 0.96078431
v -0.02882968 0.01394880 0.01275408 0.43529412 0.89019608 0.96078431
v -0.02399264 0.02050920 0.00954868 0.43529412 0.89019608 0.96078431
v -0.02486276 0.01974375 0.01034553 0.43529412 0.89019608 0.96078431
v -0.01876507 0.01842897 -0.01373551 0.43529412 0.89019608 0.96078431
v -0.02026551 0.02216169 -0.00423185 0.43529412 0.89019608 0.96078431
v -0.02026551 0.02225624 -0.00302082 0.43529412 0.89019608 0.96078431
v -0.02026551 0.02234630 -0.00181429 0.43529412 0.89019608 0.96078431
v -0.02031804 0.02250389 -0.00072032 0.43529412 0.89019608 0.96078431
v -0.02055784 0.02299468 -0.00039617 0.43529412 0.89019608 0.96078431
v -0.02117674 0.02299919 0.00048621 0.43529412 0.89019608 0.96078431
v -0.02117674 0.02298118 0.00108948 0.43529412 0.89019608 0.96078431
v -0.02117674 0.02291814 0.00181429 0.43529412 0.89019608 0.96078431
v -0.02117674 0.02276505 0.00302082 0.43529412 0.89019608 0.96078431
v -0.02238600 0.02273353 0.00302082 0.43529412 0.89019608 0.96078431
v -0.02238600 0.02253991 0.00423185 0.43529412 0.89019608 0.96078431
v -0.02238600 0.02227426 0.00544288 0.43529412 0.89019608 0.96078431
v -0.02193952 0.02179697 0.00730670 0.43529412 0.89019608 0.96078431
v -0.02235974 0.02158084 0.00777040 0.43529412 0.89019608 0.96078431
v -0.02274684 0.02175194 0.00716714 0.43529412 0.89019608 0.96078431
v -0.02359640 0.02131518 0.00786494 0.43529412 0.89019608 0.96078431
v -0.02359183 0.02081088 0.00911649 0.43529412 0.89019608 0.96078431
v -0.02960845 0.01028361 0.01391109 0.43529412 0.89019608 0.96078431
v -0.02980371 0.00921198 0.01391109 0.43529412 0.89019608 0.96078431
v -0.02982883 0.00907239 0.01391109 0.43529412 0.89019608 0.96078431
v -0.02997499 0.00786117 0.01391109 0.43529412 0.89019608 0.96078431
v -0.02914370 0.01238637 0.01356894 0.43529412 0.89019608 0.96078431
v -0.02927730 0.01151285 0.01394710 0.43529412 0.89019608 0.96078431
v -0.02899525 0.01319235 0.01319527 0.43529412 0.89019608 0.96078431
v -0.03008461 0.00180957 0.01512212 0.43529412 0.89019608 0.96078431
v -0.03006178 0.00302079 0.01512212 0.43529412 0.89019608 0.96078431
v -0.03006520 0.00664995 0.01391109 0.43529412 0.89019608 0.96078431
v -0.03011659 0.00544323 0.01391109 0.43529412 0.89019608 0.96078431
v -0.03009603 0.00059835 0.01512212 0.43529412 0.89019608 0.96078431
v -0.03009603 -0.00060387 0.01512212 0.43529412 0.89019608 0.96078431
v -0.03008461 -0.00181059 0.01512212 0.43529412 0.89019608 0.96078431
v -0.03006178 -0.00302181 0.01512212 0.43529412 0.89019608 0.96078431
v -0.03011659 -0.00543975 0.01391109 0.43529412 0.89019608 0.96078431
v -0.03006406 -0.00665097 0.01391109 0.43529412 0.89019608 0.96078431
v -0.02997271 -0.00785769 0.01391109 0.43529412 0.89019608 0.96078431
v -0.02984938 -0.00665097 0.01512212 0.43529412 0.89019608 0.96078431
v -0.02980371 -0.00886629 0.01411818 0.43529412 0.89019608 0.96078431
v -0.02980371 -0.00906891 0.01399212 0.43529412 0.89019608 0.96078431
v -0.02960502 -0.01028013 0.01391109 0.43529412 0.89019608 0.96078431
v -0.02927501 -0.01150486 0.01394710 0.43529412 0.89019608 0.96078431
v -0.02914141 -0.01237838 0.01356443 0.43529412 0.89019608 0.96078431
v -0.02899297 -0.01318436 0.01318627 0.43529412 0.89019608 0.96078431
v -0.02882511 -0.01394081 0.01274958 0.43529412 0.89019608 0.96078431
v -0.02819593 -0.01514302 0.01270906 0.43529412 0.89019608 0.96078431
v -0.02794471 -0.01588597 0.01230838 0.43529412 0.89019608 0.96078431
v -0.02762841 -0.01669645 0.01175914 0.43529412 0.89019608 0.96078431
v -0.02715681 -0.01745740 0.01137197 0.43529412 0.89019608 0.96078431
v -0.02668521 -0.01820485 0.01098931 0.43529412 0.89019608 0.96078431
v -0.02604004 -0.01969073 0.00903995 0.43529412 0.89019608 0.96078431
v -0.02527269 -0.02050122 0.00830613 0.43529412 0.89019608 0.96078431
v -0.02646026 -0.01924047 0.00942262 0.43529412 0.89019608 0.96078431
v -0.02484449 -0.02084792 0.00788745 0.43529412 0.89019608 0.96078431
v -0.02413880 -0.02176197 0.00598312 0.43529412 0.89019608 0.96078431
v -0.02367976 -0.02166291 0.00670793 0.43529412 0.89019608 0.96078431
v -0.02269774 -0.02173945 0.00714913 0.43529412 0.89019608 0.96078431
v -0.02233119 -0.02191056 0.00670793 0.43529412 0.89019608 0.96078431
v -0.02238600 -0.02225726 0.00544288 0.43529412 0.89019608 0.96078431
v -0.02238600 -0.02252742 0.00423185 0.43529412 0.89019608 0.96078431
v -0.01876507 -0.01841648 -0.01372650 0.43529412 0.89019608 0.96078431
v -0.02032375 -0.02249140 -0.00057625 0.43529412 0.89019608 0.96078431
v -0.02026551 -0.02232930 -0.00181429 0.43529412 0.89019608 0.96078431
v -0.02026551 -0.02224375 -0.00302082 0.43529412 0.89019608 0.96078431
v -0.02026551 -0.02214920 -0.00423185 0.43529412 0.89019608 0.96078431
v -0.02238600 -0.02271654 0.00302082 0.43529412 0.89019608 0.96078431
v -0.02117674 -0.02274355 0.00302082 0.43529412 0.89019608 0.96078431
v -0.02117674 -0.02289214 0.00181429 0.43529412 0.89019608 0.96078431
v -0.02117674 -0.02297319 0.00080135 0.43529412 0.89019608 0.96078431
v -0.02117674 -0.02299120 0.00019809 0.43529412 0.89019608 0.96078431
v -0.02056583 -0.02298670 -0.00015307 0.43529412 0.89019608 0.96078431
v -0.02669092 0.01821284 0.01099381 0.43529412 0.89019608 0.96078431
v -0.02716252 0.01746539 0.01138098 0.43529412 0.89019608 0.96078431
v -0.02604461 0.01905484 0.01034553 0.43529412 0.89019608 0.96078431
v -0.02485019 0.02035161 0.00911649 0.43529412 0.89019608 0.96078431
v -0.02566208 0.01951861 0.00998987 0.43529412 0.89019608 0.96078431
v -0.02786478 0.01698360 0.01095779 0.43529412 0.89019608 0.96078431
v -0.02809887 0.01631270 0.01141249 0.43529412 0.89019608 0.96078431
v -0.02876802 0.01511049 0.01151604 0.43529412 0.89019608 0.96078431
v -0.02897926 0.01438105 0.01193472 0.43529412 0.89019608 0.96078431
v -0.02448022 0.02068931 0.00874282 0.43529412 0.89019608 0.96078431
v -0.01996634 0.01844698 -0.01373551 0.43529412 0.89019608 0.96078431
v -0.02117674 0.01906384 -0.01287113 0.43529412 0.89019608 0.96078431
v -0.02117674 0.01946458 -0.01226787 0.43529412 0.89019608 0.96078431
v -0.02117674 0.01990584 -0.01149353 0.43529412 0.89019608 0.96078431
v -0.02117674 0.02040114 -0.01059313 0.43529412 0.89019608 0.96078431
v -0.02117674 0.02072083 -0.00998987 0.43529412 0.89019608 0.96078431
v -0.02045050 0.02067130 -0.00989083 0.43529412 0.89019608 0.96078431
v -0.02053728 0.02180147 -0.00732020 0.43529412 0.89019608 0.96078431
v -0.02042538 0.02190503 -0.00665391 0.43529412 0.89019608 0.96078431
v -0.02029749 0.02205813 -0.00544288 0.43529412 0.89019608 0.96078431
v -0.01876507 0.01800571 -0.01433877 0.43529412 0.89019608 0.96078431
v -0.02117674 0.02257594 -0.00423185 0.43529412 0.89019608 0.96078431
v -0.02117674 0.02276505 -0.00302082 0.43529412 0.89019608 0.96078431
v -0.02117674 0.02291814 -0.00181429 0.43529412 0.89019608 0.96078431
v -0.02117674 0.02298118 -0.00108948 0.43529412 0.89019608 0.96078431
v -0.02117674 0.02299919 -0.00048621 0.43529412 0.89019608 0.96078431
v -0.02187215 0.02299919 0.00024761 0.43529412 0.89019608 0.96078431
v -0.02238600 0.02285960 0.00181429 0.43529412 0.89019608 0.96078431
v -0.02359640 0.02251740 0.00302082 0.43529412 0.89019608 0.96078431
v -0.02359640 0.02232379 0.00423185 0.43529412 0.89019608 0.96078431
v -0.02369232 0.02200409 0.00553742 0.43529412 0.89019608 0.96078431
v -0.02335204 0.02186901 0.00636128 0.43529412 0.89019608 0.96078431
v -0.02235974 0.02192755 0.00672144 0.43529412 0.89019608 0.96078431
v -0.02369232 0.02167540 0.00672144 0.43529412 0.89019608 0.96078431
v -0.02485019 0.02085591 0.00789645 0.43529412 0.89019608 0.96078431
v -0.02415935 0.02176545 0.00600563 0.43529412 0.89019608 0.96078431
v -0.02980371 0.01079242 0.01270456 0.43529412 0.89019608 0.96078431
v -0.02980371 0.01028361 0.01310974 0.43529412 0.89019608 0.96078431
v -0.02966668 0.01149484 0.01270456 0.43529412 0.89019608 0.96078431
v -0.02990077 0.01028361 0.01270006 0.43529412 0.89019608 0.96078431
v -0.03004122 0.00907239 0.01270006 0.43529412 0.89019608 0.96078431
v -0.02929671 0.01275559 0.01275408 0.43529412 0.89019608 0.96078431
v -0.02914255 0.01357057 0.01238492 0.43529412 0.89019608 0.96078431
v -0.03042946 0.00125124 0.01172763 0.43529412 0.89019608 0.96078431
v -0.03042946 0.00226434 0.01155205 0.43529412 0.89019608 0.96078431
v -0.03011544 0.00786117 0.01270006 0.43529412 0.89019608 0.96078431
v -0.03042946 0.00583046 0.01015644 0.43529412 0.89019608 0.96078431
v -0.03042946 0.00501998 0.01057513 0.43529412 0.89019608 0.96078431
v -0.03042946 0.00059835 0.01175014 0.43529412 0.89019608 0.96078431
v -0.03042946 -0.00060387 0.01175014 0.43529412 0.89019608 0.96078431
v -0.03042946 -0.00181059 0.01161058 0.43529412 0.89019608 0.96078431
v -0.03042946 -0.00421952 0.01105233 0.43529412 0.89019608 0.96078431
v -0.03011430 -0.00785769 0.01270006 0.43529412 0.89019608 0.96078431
v -0.03004008 -0.00906891 0.01270006 0.43529412 0.89019608 0.96078431
v -0.02989848 -0.01028013 0.01270006 0.43529412 0.89019608 0.96078431
v -0.02982540 -0.00906891 0.01391109 0.43529412 0.89019608 0.96078431
v -0.02980371 -0.00919498 0.01391109 0.43529412 0.89019608 0.96078431
v -0.02980371 -0.01028013 0.01309623 0.43529412 0.89019608 0.96078431
v -0.02966440 -0.01148685 0.01270456 0.43529412 0.89019608 0.96078431
v -0.02929443 -0.01274760 0.01274958 0.43529412 0.89019608 0.96078431
v -0.02914027 -0.01356258 0.01238042 0.43529412 0.89019608 0.96078431
v -0.02897812 -0.01436857 0.01192572 0.43529412 0.89019608 0.96078431
v -0.02876231 -0.01510250 0.01151154 0.43529412 0.89019608 0.96078431
v -0.02809202 -0.01630472 0.01140799 0.43529412 0.89019608 0.96078431
v -0.02786136 -0.01698012 0.01095329 0.43529412 0.89019608 0.96078431
v -0.02749138 -0.01777259 0.01028250 0.43529412 0.89019608 0.96078431
v -0.02688618 -0.01840297 0.01028250 0.43529412 0.89019608 0.96078431
v -0.02669549 -0.01942507 0.00861677 0.43529412 0.89019608 0.96078431
v -0.02598181 -0.02021755 0.00788745 0.43529412 0.89019608 0.96078431
v -0.02555588 -0.02065431 0.00750028 0.43529412 0.89019608 0.96078431
v -0.02480452 -0.02128018 0.00665391 0.43529412 0.89019608 0.96078431
v -0.02333263 -0.02186103 0.00634327 0.43529412 0.89019608 0.96078431
v -0.02481023 -0.02160437 0.00552392 0.43529412 0.89019608 0.96078431
v -0.02441171 -0.02186103 0.00517726 0.43529412 0.89019608 0.96078431
v -0.02359640 -0.02230679 0.00423185 0.43529412 0.89019608 0.96078431
v -0.02367976 -0.02199611 0.00552392 0.43529412 0.89019608 0.96078431
v -0.02029977 -0.02205014 -0.00544288 0.43529412 0.89019608 0.96078431
v -0.02043451 -0.02189705 -0.00665391 0.43529412 0.89019608 0.96078431
v -0.02054528 -0.02178898 -0.00730670 0.43529412 0.89019608 0.96078431
v -0.02045507 -0.02066331 -0.00988182 0.43529412 0.89019608 0.96078431
v -0.02117674 -0.02071284 -0.00997186 0.43529412 0.89019608 0.96078431
v -0.02117674 -0.02039315 -0.01057963 0.43529412 0.89019608 0.96078431
v -0.02048704 -0.01942958 -0.01220934 0.43529412 0.89019608 0.96078431
v -0.02117674 -0.01945209 -0.01225436 0.43529412 0.89019608 0.96078431
v -0.02117674 -0.01905586 -0.01285762 0.43529412 0.89019608 0.96078431
v -0.01996634 -0.01843899 -0.01372200 0.43529412 0.89019608 0.96078431
v -0.01876507 -0.01798872 -0.01433427 0.43529412 0.89019608 0.96078431
v -0.02359640 -0.02249590 0.00302082 0.43529412 0.89019608 0.96078431
v -0.02359640 -0.02262648 0.00181429 0.43529412 0.89019608 0.96078431
v -0.02238600 -0.02283811 0.00181429 0.43529412 0.89019608 0.96078431
v -0.02182191 -0.02298670 0.00010805 0.43529412 0.89019608 0.96078431
v -0.02117674 -0.02299120 -0.00019809 0.43529412 0.89019608 0.96078431
v -0.02117674 -0.02297319 -0.00080135 0.43529412 0.89019608 0.96078431
v -0.02117674 -0.02289214 -0.00181429 0.43529412 0.89019608 0.96078431
v -0.02117674 -0.02274355 -0.00302082 0.43529412 0.89019608 0.96078431
v -0.02117674 -0.02255894 -0.00423185 0.43529412 0.89019608 0.96078431
v -0.02749938 0.01778508 0.01028250 0.43529412 0.89019608 0.96078431
v -0.02646825 0.01924395 0.00943613 0.43529412 0.89019608 0.96078431
v -0.02689418 0.01841546 0.01028250 0.43529412 0.89019608 0.96078431
v -0.02528526 0.02050920 0.00831964 0.43529412 0.89019608 0.96078431
v -0.02604461 0.01970322 0.00904896 0.43529412 0.89019608 0.96078431
v -0.02772090 0.01802372 0.00944513 0.43529412 0.89019608 0.96078431
v -0.02801094 0.01718172 0.01028250 0.43529412 0.89019608 0.96078431
v -0.02863556 0.01624066 0.01021497 0.43529412 0.89019608 0.96078431
v -0.02893016 0.01550673 0.01057062 0.43529412 0.89019608 0.96078431
v -0.02911857 0.01469624 0.01112887 0.43529412 0.89019608 0.96078431
v -0.02117674 0.01846048 -0.01372650 0.43529412 0.89019608 0.96078431
v -0.02238600 0.01841546 -0.01366348 0.43529412 0.89019608 0.96078431
v -0.02238600 0.01901882 -0.01280360 0.43529412 0.89019608 0.96078431
v -0.02238600 0.01942406 -0.01220034 0.43529412 0.89019608 0.96078431
v -0.02238600 0.01983830 -0.01149353 0.43529412 0.89019608 0.96078431
v -0.02238600 0.02037863 -0.01051210 0.43529412 0.89019608 0.96078431
v -0.02117674 0.02111707 -0.00907147 0.43529412 0.89019608 0.96078431
v -0.02238600 0.02068031 -0.00990883 0.43529412 0.89019608 0.96078431
v -0.02238600 0.02105853 -0.00907147 0.43529412 0.89019608 0.96078431
v -0.02117674 0.02157184 -0.00794598 0.43529412 0.89019608 0.96078431
v -0.02117674 0.02181048 -0.00734271 0.43529412 0.89019608 0.96078431
v -0.02117674 0.02202210 -0.00665391 0.43529412 0.89019608 0.96078431
v -0.02117674 0.02233729 -0.00544288 0.43529412 0.89019608 0.96078431
v -0.01876507 0.01740235 -0.01505008 0.43529412 0.89019608 0.96078431
v -0.01996634 0.01800571 -0.01433877 0.43529412 0.89019608 0.96078431
v -0.02238600 0.02253991 -0.00423185 0.43529412 0.89019608 0.96078431
v -0.02238600 0.02273353 -0.00302082 0.43529412 0.89019608 0.96078431
v -0.02238600 0.02285960 -0.00181429 0.43529412 0.89019608 0.96078431
v -0.02187215 0.02299919 -0.00024761 0.43529412 0.89019608 0.96078431
v -0.02231977 0.02293615 0.00063028 0.43529412 0.89019608 0.96078431
v -0.02359640 0.02271552 0.00060326 0.43529412 0.89019608 0.96078431
v -0.02359640 0.02264348 0.00181429 0.43529412 0.89019608 0.96078431
v -0.02480452 0.02224274 0.00181429 0.43529412 0.89019608 0.96078431
v -0.02480452 0.02211216 0.00302082 0.43529412 0.89019608 0.96078431
v -0.02481822 0.02193655 0.00411930 0.43529412 0.89019608 0.96078431
v -0.02442541 0.02186901 0.00519977 0.43529412 0.89019608 0.96078431
v -0.02480452 0.02129717 0.00665391 0.43529412 0.89019608 0.96078431
v -0.02556502 0.02066229 0.00751379 0.43529412 0.89019608 0.96078431
v -0.02481822 0.02161236 0.00553742 0.43529412 0.89019608 0.96078431
v -0.02992132 0.01149033 0.01149353 0.43529412 0.89019608 0.96078431
v -0.02980371 0.01149484 0.01205627 0.43529412 0.89019608 0.96078431
v -0.02966668 0.01270155 0.01149353 0.43529412 0.89019608 0.96078431
v -0.02980371 0.01205767 0.01149353 0.43529412 0.89019608 0.96078431
v -0.03007091 0.01028361 0.01149353 0.43529412 0.89019608 0.96078431
v -0.02927730 0.01394880 0.01151604 0.43529412 0.89019608 0.96078431
v -0.03042946 0.00738389 0.00911649 0.43529412 0.89019608 0.96078431
v -0.03042946 -0.00663296 0.00976927 0.43529412 0.89019608 0.96078431
v -0.03006863 -0.01028013 0.01149353 0.43529412 0.89019608 0.96078431
v -0.02991904 -0.01149135 0.01149353 0.43529412 0.89019608 0.96078431
v -0.02980371 -0.01077092 0.01270456 0.43529412 0.89019608 0.96078431
v -0.02980371 -0.01149135 0.01204277 0.43529412 0.89019608 0.96078431
v -0.02966440 -0.01269807 0.01149353 0.43529412 0.89019608 0.96078431
v -0.02927387 -0.01394081 0.01151154 0.43529412 0.89019608 0.96078431
v -0.02911743 -0.01468825 0.01111986 0.43529412 0.89019608 0.96078431
v -0.02892674 -0.01549874 0.01056162 0.43529412 0.89019608 0.96078431
v -0.02862870 -0.01624168 0.01020596 0.43529412 0.89019608 0.96078431
v -0.02800523 -0.01716923 0.01028250 0.43529412 0.89019608 0.96078431
v -0.02771519 -0.01801123 0.00943613 0.43529412 0.89019608 0.96078431
v -0.02720591 -0.01872716 0.00902645 0.43529412 0.89019608 0.96078431
v -0.02686449 -0.01957817 0.00786494 0.43529412 0.89019608 0.96078431
v -0.02638261 -0.02040216 0.00665391 0.43529412 0.89019608 0.96078431
v -0.02789333 -0.01822286 0.00863028 0.43529412 0.89019608 0.96078431
v -0.02746969 -0.01899282 0.00786494 0.43529412 0.89019608 0.96078431
v -0.02577741 -0.02078939 0.00665391 0.43529412 0.89019608 0.96078431
v -0.02526013 -0.02171244 0.00423185 0.43529412 0.89019608 0.96078431
v -0.02465493 -0.02196008 0.00423185 0.43529412 0.89019608 0.96078431
v -0.02117674 -0.02232030 -0.00544288 0.43529412 0.89019608 0.96078431
v -0.02117674 -0.02180249 -0.00732020 0.43529412 0.89019608 0.96078431
v -0.02117674 -0.02156385 -0.00792347 0.43529412 0.89019608 0.96078431
v -0.02117674 -0.02110007 -0.00907147 0.43529412 0.89019608 0.96078431
v -0.02117674 -0.02200061 -0.00665391 0.43529412 0.89019608 0.96078431
v -0.02238600 -0.02066782 -0.00989083 0.43529412 0.89019608 0.96078431
v -0.02238600 -0.02036614 -0.01049859 0.43529412 0.89019608 0.96078431
v -0.02238600 -0.02103704 -0.00907147 0.43529412 0.89019608 0.96078431
v -0.02238600 -0.01982131 -0.01149353 0.43529412 0.89019608 0.96078431
v -0.02117674 -0.01988435 -0.01149353 0.43529412 0.89019608 0.96078431
v -0.02238600 -0.01941607 -0.01218683 0.43529412 0.89019608 0.96078431
v -0.02238600 -0.01900633 -0.01279010 0.43529412 0.89019608 0.96078431
v -0.02238600 -0.01840297 -0.01365447 0.43529412 0.89019608 0.96078431
v -0.02117674 -0.01845250 -0.01371750 0.43529412 0.89019608 0.96078431
v -0.01996634 -0.01799322 -0.01432977 0.43529412 0.89019608 0.96078431
v -0.01876507 -0.01738986 -0.01504108 0.43529412 0.89019608 0.96078431
v -0.02492099 -0.02203663 0.00312887 0.43529412 0.89019608 0.96078431
v -0.02480452 -0.02222124 0.00181429 0.43529412 0.89019608 0.96078431
v -0.02359640 -0.02269402 0.00060326 0.43529412 0.89019608 0.96078431
v -0.02480452 -0.02229779 0.00060326 0.43529412 0.89019608 0.96078431
v -0.02229008 -0.02292366 0.00054924 0.43529412 0.89019608 0.96078431
v -0.02182191 -0.02298670 -0.00010805 0.43529412 0.89019608 0.96078431
v -0.02238600 -0.02283811 -0.00181429 0.43529412 0.89019608 0.96078431
v -0.02238600 -0.02271654 -0.00302082 0.43529412 0.89019608 0.96078431
v -0.02238600 -0.02252742 -0.00423185 0.43529412 0.89019608 0.96078431
v -0.02670120 0.01942856 0.00863028 0.43529412 0.89019608 0.96078431
v -0.02721048 0.01873965 0.00903545 0.43529412 0.89019608 0.96078431
v -0.02598638 0.02023004 0.00789645 0.43529412 0.89019608 0.96078431
v -0.02789790 0.01823085 0.00863928 0.43529412 0.89019608 0.96078431
v -0.02819593 0.01758696 0.00905346 0.43529412 0.89019608 0.96078431
v -0.02884110 0.01657386 0.00907147 0.43529412 0.89019608 0.96078431
v -0.02906491 0.01578139 0.00976477 0.43529412 0.89019608 0.96078431
v -0.02921107 0.01511049 0.01021497 0.43529412 0.89019608 0.96078431
v -0.02960845 0.01391278 0.01028250 0.43529412 0.89019608 0.96078431
v -0.02117674 0.01799671 -0.01432977 0.43529412 0.89019608 0.96078431
v -0.02359640 0.01828038 -0.01348790 0.43529412 0.89019608 0.96078431
v -0.02305400 0.01937453 -0.01212380 0.43529412 0.89019608 0.96078431
v -0.02238600 0.01794718 -0.01427124 0.43529412 0.89019608 0.96078431
v -0.02318646 0.02062177 -0.00978278 0.43529412 0.89019608 0.96078431
v -0.02193952 0.02179697 -0.00730670 0.43529412 0.89019608 0.96078431
v -0.02359640 0.02131518 -0.00786494 0.43529412 0.89019608 0.96078431
v -0.02274684 0.02175194 -0.00716714 0.43529412 0.89019608 0.96078431
v -0.02235974 0.02158084 -0.00777040 0.43529412 0.89019608 0.96078431
v -0.02238600 0.02227426 -0.00544288 0.43529412 0.89019608 0.96078431
v -0.01996634 0.01740235 -0.01505008 0.43529412 0.89019608 0.96078431
v -0.01876507 0.01687104 -0.01565785 0.43529412 0.89019608 0.96078431
v -0.02117674 0.01739335 -0.01504558 0.43529412 0.89019608 0.96078431
v -0.02359640 0.02232379 -0.00423185 0.43529412 0.89019608 0.96078431
v -0.02359640 0.02251740 -0.00302082 0.43529412 0.89019608 0.96078431
v -0.02231977 0.02293615 -0.00063028 0.43529412 0.89019608 0.96078431
v -0.02359640 0.02264348 -0.00181429 0.43529412 0.89019608 0.96078431
v -0.02359640 0.02271552 -0.00060326 0.43529412 0.89019608 0.96078431
v -0.02480452 0.02231478 0.00060326 0.43529412 0.89019608 0.96078431
v -0.02560156 0.02188702 0.00181429 0.43529412 0.89019608 0.96078431
v -0.02548623 0.02181948 0.00302082 0.43529412 0.89019608 0.96078431
v -0.02541200 0.02177896 0.00364209 0.43529412 0.89019608 0.96078431
v -0.02523045 0.02169791 0.00444795 0.43529412 0.89019608 0.96078431
v -0.02578997 0.02080188 0.00665391 0.43529412 0.89019608 0.96078431
v -0.02639517 0.02041014 0.00665391 0.43529412 0.89019608 0.96078431
v -0.03006977 0.01149033 0.01028250 0.43529412 0.89019608 0.96078431
v -0.02990191 0.01270155 0.01028250 0.43529412 0.89019608 0.96078431
v -0.02980371 0.01270155 0.01079122 0.43529412 0.89019608 0.96078431
v -0.02980371 0.01311130 0.01028250 0.43529412 0.89019608 0.96078431
v -0.03042946 0.00866715 0.00791896 0.43529412 0.89019608 0.96078431
v -0.03042946 -0.00791622 0.00865729 0.43529412 0.89019608 0.96078431
v -0.03006863 -0.01149135 0.01028250 0.43529412 0.89019608 0.96078431
v -0.02989848 -0.01270257 0.01028250 0.43529412 0.89019608 0.96078431
v -0.02980371 -0.01204068 0.01149353 0.43529412 0.89019608 0.96078431
v -0.02980371 -0.01270257 0.01077321 0.43529412 0.89019608 0.96078431
v -0.02980371 -0.01309431 0.01028250 0.43529412 0.89019608 0.96078431
v -0.02960388 -0.01390929 0.01028250 0.43529412 0.89019608 0.96078431
v -0.02920650 -0.01510250 0.01020596 0.43529412 0.89019608 0.96078431
v -0.02906262 -0.01577340 0.00975577 0.43529412 0.89019608 0.96078431
v -0.02883653 -0.01656137 0.00907147 0.43529412 0.89019608 0.96078431
v -0.02819022 -0.01757898 0.00904896 0.43529412 0.89019608 0.96078431
v -0.02710314 -0.01979880 0.00665391 0.43529412 0.89019608 0.96078431
v -0.02655960 -0.02051923 0.00589308 0.43529412 0.89019608 0.96078431
v -0.02770834 -0.01923146 0.00665391 0.43529412 0.89019608 0.96078431
v -0.02866981 -0.01745290 0.00781992 0.43529412 0.89019608 0.96078431
v -0.02802465 -0.01838946 0.00786494 0.43529412 0.89019608 0.96078431
v -0.02609828 -0.02092447 0.00546989 0.43529412 0.89019608 0.96078431
v -0.02540173 -0.02177548 0.00360608 0.43529412 0.89019608 0.96078431
v -0.02238600 -0.02225726 -0.00544288 0.43529412 0.89019608 0.96078431
v -0.02189156 -0.02178898 -0.00729319 0.43529412 0.89019608 0.96078431
v -0.02316705 -0.02061378 -0.00977378 0.43529412 0.89019608 0.96078431
v -0.02303574 -0.01936654 -0.01211930 0.43529412 0.89019608 0.96078431
v -0.02233119 -0.02156835 -0.00776140 0.43529412 0.89019608 0.96078431
v -0.02359640 -0.01826789 -0.01347890 0.43529412 0.89019608 0.96078431
v -0.02238600 -0.01793919 -0.01425774 0.43529412 0.89019608 0.96078431
v -0.02117674 -0.01798872 -0.01432076 0.43529412 0.89019608 0.96078431
v -0.01996634 -0.01738986 -0.01504108 0.43529412 0.89019608 0.96078431
v -0.01876507 -0.01685855 -0.01565335 0.43529412 0.89019608 0.96078431
v -0.02549765 -0.02182500 0.00280022 0.43529412 0.89019608 0.96078431
v -0.02558785 -0.02187453 0.00181429 0.43529412 0.89019608 0.96078431
v -0.02359640 -0.02269402 -0.00060326 0.43529412 0.89019608 0.96078431
v -0.02565180 -0.02191056 0.00060326 0.43529412 0.89019608 0.96078431
v -0.02480452 -0.02229779 -0.00060326 0.43529412 0.89019608 0.96078431
v -0.02229008 -0.02292366 -0.00054924 0.43529412 0.89019608 0.96078431
v -0.02359640 -0.02262648 -0.00181429 0.43529412 0.89019608 0.96078431
v -0.02359640 -0.02249590 -0.00302082 0.43529412 0.89019608 0.96078431
v -0.02359640 -0.02230679 -0.00423185 0.43529412 0.89019608 0.96078431
v -0.02687362 0.01958615 0.00786494 0.43529412 0.89019608 0.96078431
v -0.02747882 0.01900081 0.00786494 0.43529412 0.89019608 0.96078431
v -0.02771519 0.01923945 0.00665391 0.43529412 0.89019608 0.96078431
v -0.02803150 0.01839745 0.00786494 0.43529412 0.89019608 0.96078431
v -0.02867666 0.01746089 0.00782892 0.43529412 0.89019608 0.96078431
v -0.02897241 0.01680350 0.00820709 0.43529412 0.89019608 0.96078431
v -0.02915055 0.01597050 0.00907147 0.43529412 0.89019608 0.96078431
v -0.02947599 0.01512400 0.00907147 0.43529412 0.89019608 0.96078431
v -0.02980371 0.01391278 0.00921553 0.43529412 0.89019608 0.96078431
v -0.02238600 0.01734832 -0.01499156 0.43529412 0.89019608 0.96078431
v -0.02351304 0.01891976 -0.01259651 0.43529412 0.89019608 0.96078431
v -0.02359640 0.01781210 -0.01409116 0.43529412 0.89019608 0.96078431
v -0.02425870 0.01817682 -0.01334384 0.43529412 0.89019608 0.96078431
v -0.02351304 0.01959966 -0.01151154 0.43529412 0.89019608 0.96078431
v -0.02386018 0.01925746 -0.01193022 0.43529412 0.89019608 0.96078431
v -0.02359640 0.01720424 -0.01482949 0.43529412 0.89019608 0.96078431
v -0.02359183 0.02028407 -0.01022397 0.43529412 0.89019608 0.96078431
v -0.02399264 0.02050920 -0.00954868 0.43529412 0.89019608 0.96078431
v -0.02359183 0.02081088 -0.00911649 0.43529412 0.89019608 0.96078431
v -0.02235974 0.02192755 -0.00672144 0.43529412 0.89019608 0.96078431
v -0.02448022 0.02068931 -0.00874282 0.43529412 0.89019608 0.96078431
v -0.02485019 0.02085591 -0.00789645 0.43529412 0.89019608 0.96078431
v -0.02415935 0.02176545 -0.00600563 0.43529412 0.89019608 0.96078431
v -0.02369232 0.02167540 -0.00672144 0.43529412 0.89019608 0.96078431
v -0.02335204 0.02186901 -0.00636128 0.43529412 0.89019608 0.96078431
v -0.02369232 0.02200409 -0.00553742 0.43529412 0.89019608 0.96078431
v -0.01996634 0.01687104 -0.01565785 0.43529412 0.89019608 0.96078431
v -0.02117674 0.01686654 -0.01564885 0.43529412 0.89019608 0.96078431
v -0.01876507 0.01626768 -0.01626562 0.43529412 0.89019608 0.96078431
v -0.02442541 0.02186901 -0.00519977 0.43529412 0.89019608 0.96078431
v -0.02481822 0.02193655 -0.00411930 0.43529412 0.89019608 0.96078431
v -0.02480452 0.02211216 -0.00302082 0.43529412 0.89019608 0.96078431
v -0.02480452 0.02224274 -0.00181429 0.43529412 0.89019608 0.96078431
v -0.02480452 0.02231478 -0.00060326 0.43529412 0.89019608 0.96078431
v -0.02566550 0.02192305 0.00060326 0.43529412 0.89019608 0.96078431
v -0.02627070 0.02154932 0.00060326 0.43529412 0.89019608 0.96078431
v -0.02620676 0.02150430 0.00181429 0.43529412 0.89019608 0.96078431
v -0.02609143 0.02143676 0.00302082 0.43529412 0.89019608 0.96078431
v -0.02589617 0.02137822 0.00411930 0.43529412 0.89019608 0.96078431
v -0.02610399 0.02093696 0.00548340 0.43529412 0.89019608 0.96078431
v -0.02656645 0.02053172 0.00591559 0.43529412 0.89019608 0.96078431
v -0.03042946 0.00977481 0.00663590 0.43529412 0.89019608 0.96078431
v -0.03004122 0.01270155 0.00907147 0.43529412 0.89019608 0.96078431
v -0.03011430 0.01270155 0.00786044 0.43529412 0.89019608 0.96078431
v -0.02982883 0.01390827 0.00907147 0.43529412 0.89019608 0.96078431
v -0.02997613 0.01390827 0.00786044 0.43529412 0.89019608 0.96078431
v -0.03042946 -0.00910943 0.00736972 0.43529412 0.89019608 0.96078431
v -0.03011316 -0.01270257 0.00786044 0.43529412 0.89019608 0.96078431
v -0.03003894 -0.01270257 0.00907147 0.43529412 0.89019608 0.96078431
v -0.02997271 -0.01391379 0.00786044 0.43529412 0.89019608 0.96078431
v -0.02982540 -0.01391379 0.00907147 0.43529412 0.89019608 0.96078431
v -0.02980371 -0.01391379 0.00919302 0.43529412 0.89019608 0.96078431
v -0.02946914 -0.01511601 0.00907147 0.43529412 0.89019608 0.96078431
v -0.02914712 -0.01595801 0.00907147 0.43529412 0.89019608 0.96078431
v -0.02896899 -0.01679551 0.00819358 0.43529412 0.89019608 0.96078431
v -0.02781911 -0.01934403 0.00601013 0.43529412 0.89019608 0.96078431
v -0.02725958 -0.01998791 0.00555093 0.43529412 0.89019608 0.96078431
v -0.02670120 -0.02062729 0.00508723 0.43529412 0.89019608 0.96078431
v -0.02879770 -0.01773657 0.00665391 0.43529412 0.89019608 0.96078431
v -0.02906947 -0.01699363 0.00738773 0.43529412 0.89019608 0.96078431
v -0.02819364 -0.01862360 0.00665391 0.43529412 0.89019608 0.96078431
v -0.02601378 -0.02125767 0.00423185 0.43529412 0.89019608 0.96078431
v -0.02594641 -0.02149181 0.00312887 0.43529412 0.89019608 0.96078431
v -0.02367976 -0.02199611 -0.00552392 0.43529412 0.89019608 0.96078431
v -0.02333263 -0.02186103 -0.00634327 0.43529412 0.89019608 0.96078431
v -0.02269888 -0.02173945 -0.00714913 0.43529412 0.89019608 0.96078431
v -0.02233119 -0.02191056 -0.00670793 0.43529412 0.89019608 0.96078431
v -0.02397322 -0.02050122 -0.00953517 0.43529412 0.89019608 0.96078431
v -0.02358042 -0.02026708 -0.01021947 0.43529412 0.89019608 0.96078431
v -0.02350163 -0.01958717 -0.01150703 0.43529412 0.89019608 0.96078431
v -0.02359640 -0.02129369 -0.00786494 0.43529412 0.89019608 0.96078431
v -0.02358042 -0.02079839 -0.00910748 0.43529412 0.89019608 0.96078431
v -0.02384191 -0.01924497 -0.01192122 0.43529412 0.89019608 0.96078431
v -0.02350163 -0.01890727 -0.01259201 0.43529412 0.89019608 0.96078431
v -0.02424728 -0.01816883 -0.01333934 0.43529412 0.89019608 0.96078431
v -0.02359640 -0.01779961 -0.01408216 0.43529412 0.89019608 0.96078431
v -0.02359640 -0.01719625 -0.01482048 0.43529412 0.89019608 0.96078431
v -0.02238600 -0.01734033 -0.01498255 0.43529412 0.89019608 0.96078431
v -0.02117674 -0.01738086 -0.01503658 0.43529412 0.89019608 0.96078431
v -0.02117674 -0.01685855 -0.01563984 0.43529412 0.89019608 0.96078431
v -0.01996634 -0.01685855 -0.01564885 0.43529412 0.89019608 0.96078431
v -0.01876507 -0.01625519 -0.01625661 0.43529412 0.89019608 0.96078431
v -0.01996634 -0.01625519 -0.01625661 0.43529412 0.89019608 0.96078431
v -0.02619306 -0.02149631 0.00181429 0.43529412 0.89019608 0.96078431
v -0.02625700 -0.02154134 0.00060326 0.43529412 0.89019608 0.96078431
v -0.02565180 -0.02191056 -0.00060326 0.43529412 0.89019608 0.96078431
v -0.02558785 -0.02187453 -0.00181429 0.43529412 0.89019608 0.96078431
v -0.02480452 -0.02222124 -0.00181429 0.43529412 0.89019608 0.96078431
v -0.02492099 -0.02203663 -0.00312887 0.43529412 0.89019608 0.96078431
v -0.02465493 -0.02196008 -0.00423185 0.43529412 0.89019608 0.96078431
v -0.02441171 -0.02186103 -0.00517726 0.43529412 0.89019608 0.96078431
v -0.02413880 -0.02176197 -0.00598312 0.43529412 0.89019608 0.96078431
v -0.02711114 0.01980679 0.00665391 0.43529412 0.89019608 0.96078431
v -0.02782481 0.01935202 0.00603264 0.43529412 0.89019608 0.96078431
v -0.02819821 0.01863159 0.00665391 0.43529412 0.89019608 0.96078431
v -0.02880341 0.01774456 0.00665391 0.43529412 0.89019608 0.96078431
v -0.02907290 0.01700162 0.00740124 0.43529412 0.89019608 0.96078431
v -0.02925103 0.01637124 0.00782892 0.43529412 0.89019608 0.96078431
v -0.02969637 0.01512400 0.00786494 0.43529412 0.89019608 0.96078431
v -0.02980371 0.01400283 0.00907147 0.43529412 0.89019608 0.96078431
v -0.02238600 0.01681701 -0.01559482 0.43529412 0.89019608 0.96078431
v -0.02442085 0.01705114 -0.01464941 0.43529412 0.89019608 0.96078431
v -0.02474172 0.01751042 -0.01387057 0.43529412 0.89019608 0.96078431
v -0.02506259 0.01796519 -0.01306021 0.43529412 0.89019608 0.96078431
v -0.02471774 0.01841095 -0.01267304 0.43529412 0.89019608 0.96078431
v -0.02449964 0.01949610 -0.01112437 0.43529412 0.89019608 0.96078431
v -0.02359640 0.01666391 -0.01543275 0.43529412 0.89019608 0.96078431
v -0.02486276 0.01974375 -0.01034553 0.43529412 0.89019608 0.96078431
v -0.02485019 0.02035161 -0.00911649 0.43529412 0.89019608 0.96078431
v -0.02528526 0.02050920 -0.00831964 0.43529412 0.89019608 0.96078431
v -0.02480452 0.02129717 -0.00665391 0.43529412 0.89019608 0.96078431
v -0.02556502 0.02066229 -0.00751379 0.43529412 0.89019608 0.96078431
v -0.02481822 0.02161236 -0.00553742 0.43529412 0.89019608 0.96078431
v -0.01996634 0.01626768 -0.01626562 0.43529412 0.89019608 0.96078431
v -0.02117674 0.01625417 -0.01626111 0.43529412 0.89019608 0.96078431
v -0.02238600 0.01620464 -0.01621159 0.43529412 0.89019608 0.96078431
v -0.01876507 0.01565531 -0.01686888 0.43529412 0.89019608 0.96078431
v -0.02523045 0.02169791 -0.00444795 0.43529412 0.89019608 0.96078431
v -0.02541200 0.02177896 -0.00364209 0.43529412 0.89019608 0.96078431
v -0.02548623 0.02181948 -0.00302082 0.43529412 0.89019608 0.96078431
v -0.02560156 0.02188702 -0.00181429 0.43529412 0.89019608 0.96078431
v -0.02566550 0.02192305 -0.00060326 0.43529412 0.89019608 0.96078431
v -0.02627070 0.02154932 -0.00060326 0.43529412 0.89019608 0.96078431
v -0.02705747 0.02094596 0.00060326 0.43529412 0.89019608 0.96078431
v -0.02701407 0.02090544 0.00181429 0.43529412 0.89019608 0.96078431
v -0.02693528 0.02083340 0.00302082 0.43529412 0.89019608 0.96078431
v -0.02681881 0.02072984 0.00423185 0.43529412 0.89019608 0.96078431
v -0.02670691 0.02063978 0.00510974 0.43529412 0.89019608 0.96078431
v -0.03006634 0.01390827 0.00665391 0.43529412 0.89019608 0.96078431
v -0.03042946 0.01105357 0.00421835 0.43529412 0.89019608 0.96078431
v -0.02980371 0.01512400 0.00703208 0.43529412 0.89019608 0.96078431
v -0.02985281 0.01511949 0.00665391 0.43529412 0.89019608 0.96078431
v -0.02996015 0.01511949 0.00544288 0.43529412 0.89019608 0.96078431
v -0.03042946 -0.01017207 0.00584356 0.43529412 0.89019608 0.96078431
v -0.03006406 -0.01391379 0.00665391 0.43529412 0.89019608 0.96078431
v -0.03042946 -0.01060432 0.00508723 0.43529412 0.89019608 0.96078431
v -0.02995672 -0.01512051 0.00544288 0.43529412 0.89019608 0.96078431
v -0.02984824 -0.01512051 0.00665391 0.43529412 0.89019608 0.96078431
v -0.02980371 -0.01512051 0.00700056 0.43529412 0.89019608 0.96078431
v -0.02980371 -0.01411191 0.00886888 0.43529412 0.89019608 0.96078431
v -0.02969066 -0.01511601 0.00786494 0.43529412 0.89019608 0.96078431
v -0.02924647 -0.01636325 0.00781992 0.43529412 0.89019608 0.96078431
v -0.02827358 -0.01886224 0.00554192 0.43529412 0.89019608 0.96078431
v -0.02791617 -0.01945209 0.00520428 0.43529412 0.89019608 0.96078431
v -0.02741488 -0.02016802 0.00423185 0.43529412 0.89019608 0.96078431
v -0.02680968 -0.02071734 0.00423185 0.43529412 0.89019608 0.96078431
v -0.02913913 -0.01712871 0.00665391 0.43529412 0.89019608 0.96078431
v -0.02892445 -0.01793469 0.00544288 0.43529412 0.89019608 0.96078431
v -0.02946914 -0.01632723 0.00665391 0.43529412 0.89019608 0.96078431
v -0.02692615 -0.02082541 0.00302082 0.43529412 0.89019608 0.96078431
v -0.02367976 -0.02166291 -0.00670793 0.43529412 0.89019608 0.96078431
v -0.02484449 -0.02034362 -0.00910748 0.43529412 0.89019608 0.96078431
v -0.02485591 -0.01973576 -0.01034102 0.43529412 0.89019608 0.96078431
v -0.02448708 -0.01948811 -0.01111536 0.43529412 0.89019608 0.96078431
v -0.02446766 -0.02067682 -0.00872932 0.43529412 0.89019608 0.96078431
v -0.02484449 -0.02084792 -0.00788745 0.43529412 0.89019608 0.96078431
v -0.02505117 -0.01795720 -0.01305121 0.43529412 0.89019608 0.96078431
v -0.02473030 -0.01750243 -0.01386156 0.43529412 0.89019608 0.96078431
v -0.02441057 -0.01704316 -0.01464491 0.43529412 0.89019608 0.96078431
v -0.02471088 -0.01839396 -0.01266854 0.43529412 0.89019608 0.96078431
v -0.02359640 -0.01665142 -0.01542375 0.43529412 0.89019608 0.96078431
v -0.02238600 -0.01680902 -0.01558582 0.43529412 0.89019608 0.96078431
v -0.02238600 -0.01619665 -0.01620259 0.43529412 0.89019608 0.96078431
v -0.02117674 -0.01624618 -0.01625211 0.43529412 0.89019608 0.96078431
v -0.01996634 -0.01564733 -0.01686438 0.43529412 0.89019608 0.96078431
v -0.01876507 -0.01563832 -0.01686888 0.43529412 0.89019608 0.96078431
v -0.02700494 -0.02089745 0.00181429 0.43529412 0.89019608 0.96078431
v -0.02704833 -0.02093798 0.00060326 0.43529412 0.89019608 0.96078431
v -0.02625700 -0.02154134 -0.00060326 0.43529412 0.89019608 0.96078431
v -0.02619306 -0.02149631 -0.00181429 0.43529412 0.89019608 0.96078431
v -0.02549765 -0.02182500 -0.00280022 0.43529412 0.89019608 0.96078431
v -0.02540173 -0.02177548 -0.00360608 0.43529412 0.89019608 0.96078431
v -0.02526013 -0.02171244 -0.00423185 0.43529412 0.89019608 0.96078431
v -0.02481023 -0.02160437 -0.00552392 0.43529412 0.89019608 0.96078431
v -0.02480452 -0.02128018 -0.00665391 0.43529412 0.89019608 0.96078431
v -0.02828043 0.01887023 0.00555543 0.43529412 0.89019608 0.96078431
v -0.02792073 0.01946458 0.00522228 0.43529412 0.89019608 0.96078431
v -0.02892902 0.01794718 0.00544288 0.43529412 0.89019608 0.96078431
v -0.02914141 0.01714120 0.00665391 0.43529412 0.89019608 0.96078431
v -0.02947599 0.01633072 0.00665391 0.43529412 0.89019608 0.96078431
v -0.02963813 0.01633072 0.00544288 0.43529412 0.89019608 0.96078431
v -0.02359640 0.01605605 -0.01605852 0.43529412 0.89019608 0.96078431
v -0.02447223 0.01588045 -0.01587845 0.43529412 0.89019608 0.96078431
v -0.02484791 0.01635323 -0.01514913 0.43529412 0.89019608 0.96078431
v -0.02522588 0.01683051 -0.01439280 0.43529412 0.89019608 0.96078431
v -0.02570775 0.01715471 -0.01358694 0.43529412 0.89019608 0.96078431
v -0.02556616 0.01825336 -0.01225436 0.43529412 0.89019608 0.96078431
v -0.02486276 0.01908636 -0.01151154 0.43529412 0.89019608 0.96078431
v -0.02530467 0.01930699 -0.01079572 0.43529412 0.89019608 0.96078431
v -0.02566208 0.01951861 -0.00998987 0.43529412 0.89019608 0.96078431
v -0.02604461 0.01970322 -0.00904896 0.43529412 0.89019608 0.96078431
v -0.02598638 0.02023004 -0.00789645 0.43529412 0.89019608 0.96078431
v -0.02578997 0.02080188 -0.00665391 0.43529412 0.89019608 0.96078431
v -0.02639517 0.02041014 -0.00665391 0.43529412 0.89019608 0.96078431
v -0.01996634 0.01565531 -0.01686888 0.43529412 0.89019608 0.96078431
v -0.02117674 0.01564631 -0.01686438 0.43529412 0.89019608 0.96078431
v -0.02238600 0.01559228 -0.01681486 0.43529412 0.89019608 0.96078431
v -0.01876507 0.01505195 -0.01739561 0.43529412 0.89019608 0.96078431
v -0.02610399 0.02093696 -0.00548340 0.43529412 0.89019608 0.96078431
v -0.02589617 0.02137822 -0.00411930 0.43529412 0.89019608 0.96078431
v -0.02609143 0.02143676 -0.00302082 0.43529412 0.89019608 0.96078431
v -0.02620676 0.02150430 -0.00181429 0.43529412 0.89019608 0.96078431
v -0.02701407 0.02090544 -0.00181429 0.43529412 0.89019608 0.96078431
v -0.02705747 0.02094596 -0.00060326 0.43529412 0.89019608 0.96078431
v -0.02766267 0.02039213 0.00060326 0.43529412 0.89019608 0.96078431
v -0.02761928 0.02035611 0.00181429 0.43529412 0.89019608 0.96078431
v -0.02754048 0.02028407 0.00302082 0.43529412 0.89019608 0.96078431
v -0.02742401 0.02018051 0.00423185 0.43529412 0.89019608 0.96078431
v -0.03011659 0.01390827 0.00544288 0.43529412 0.89019608 0.96078431
v -0.03042946 0.01281412 0.00060326 0.43529412 0.89019608 0.96078431
v -0.03002752 0.01511949 0.00423185 0.43529412 0.89019608 0.96078431
v -0.02980371 0.01528159 0.00665391 0.43529412 0.89019608 0.96078431
v -0.02975346 0.01633072 0.00423185 0.43529412 0.89019608 0.96078431
v -0.02980371 0.01633072 0.00343500 0.43529412 0.89019608 0.96078431
v -0.02982883 0.01633072 0.00302082 0.43529412 0.89019608 0.96078431
v -0.03011544 -0.01391379 0.00544288 0.43529412 0.89019608 0.96078431
v -0.03002523 -0.01512051 0.00423185 0.43529412 0.89019608 0.96078431
v -0.03042946 -0.01177952 0.00244907 0.43529412 0.89019608 0.96078431
v -0.02982426 -0.01633173 0.00302082 0.43529412 0.89019608 0.96078431
v -0.02980371 -0.01633173 0.00336297 0.43529412 0.89019608 0.96078431
v -0.02980371 -0.01601655 0.00454249 0.43529412 0.89019608 0.96078431
v -0.02980371 -0.01537717 0.00639730 0.43529412 0.89019608 0.96078431
v -0.02963242 -0.01632723 0.00544288 0.43529412 0.89019608 0.96078431
v -0.02899868 -0.01806977 0.00455149 0.43529412 0.89019608 0.96078431
v -0.02867666 -0.01864161 0.00418233 0.43529412 0.89019608 0.96078431
v -0.02800980 -0.01956466 0.00423185 0.43529412 0.89019608 0.96078431
v -0.02753135 -0.02027158 0.00302082 0.43529412 0.89019608 0.96078431
v -0.02923276 -0.01733133 0.00544288 0.43529412 0.89019608 0.96078431
v -0.02527269 -0.02050122 -0.00830613 0.43529412 0.89019608 0.96078431
v -0.02565409 -0.01951513 -0.00997636 0.43529412 0.89019608 0.96078431
v -0.02529325 -0.01929450 -0.01078672 0.43529412 0.89019608 0.96078431
v -0.02485591 -0.01907387 -0.01150703 0.43529412 0.89019608 0.96078431
v -0.02555588 -0.02065431 -0.00750028 0.43529412 0.89019608 0.96078431
v -0.02570090 -0.01715572 -0.01358244 0.43529412 0.89019608 0.96078431
v -0.02521560 -0.01682253 -0.01438829 0.43529412 0.89019608 0.96078431
v -0.02555817 -0.01824537 -0.01224536 0.43529412 0.89019608 0.96078431
v -0.02483992 -0.01634524 -0.01514012 0.43529412 0.89019608 0.96078431
v -0.02446424 -0.01587246 -0.01587394 0.43529412 0.89019608 0.96078431
v -0.02359640 -0.01604806 -0.01605402 0.43529412 0.89019608 0.96078431
v -0.02238600 -0.01558429 -0.01680585 0.43529412 0.89019608 0.96078431
v -0.02117674 -0.01563382 -0.01685537 0.43529412 0.89019608 0.96078431
v -0.02117674 -0.01503046 -0.01738661 0.43529412 0.89019608 0.96078431
v -0.01996634 -0.01503496 -0.01739111 0.43529412 0.89019608 0.96078431
v -0.01876507 -0.01503946 -0.01739111 0.43529412 0.89019608 0.96078431
v -0.02761014 -0.02034362 0.00181429 0.43529412 0.89019608 0.96078431
v -0.02765353 -0.02038415 0.00060326 0.43529412 0.89019608 0.96078431
v -0.02704833 -0.02093798 -0.00060326 0.43529412 0.89019608 0.96078431
v -0.02700494 -0.02089745 -0.00181429 0.43529412 0.89019608 0.96078431
v -0.02594641 -0.02149181 -0.00312887 0.43529412 0.89019608 0.96078431
v -0.02692615 -0.02082541 -0.00302082 0.43529412 0.89019608 0.96078431
v -0.02601378 -0.02125767 -0.00423185 0.43529412 0.89019608 0.96078431
v -0.02609828 -0.02092447 -0.00546989 0.43529412 0.89019608 0.96078431
v -0.02577741 -0.02078939 -0.00665391 0.43529412 0.89019608 0.96078431
v -0.02868237 0.01864960 0.00419584 0.43529412 0.89019608 0.96078431
v -0.02900210 0.01807776 0.00457400 0.43529412 0.89019608 0.96078431
v -0.02801551 0.01957715 0.00423185 0.43529412 0.89019608 0.96078431
v -0.02923619 0.01734382 0.00544288 0.43529412 0.89019608 0.96078431
v -0.02926245 0.01762298 0.00419584 0.43529412 0.89019608 0.96078431
v -0.02940861 0.01753743 0.00302082 0.43529412 0.89019608 0.96078431
v -0.02359640 0.01543468 -0.01666629 0.43529412 0.89019608 0.96078431
v -0.02441970 0.01464671 -0.01704896 0.43529412 0.89019608 0.96078431
v -0.02484791 0.01514201 -0.01635565 0.43529412 0.89019608 0.96078431
v -0.02527840 0.01564631 -0.01564434 0.43529412 0.89019608 0.96078431
v -0.02577627 0.01602453 -0.01483849 0.43529412 0.89019608 0.96078431
v -0.02614510 0.01643878 -0.01403264 0.43529412 0.89019608 0.96078431
v -0.02651507 0.01684852 -0.01319077 0.43529412 0.89019608 0.96078431
v -0.02598638 0.01846048 -0.01143500 0.43529412 0.89019608 0.96078431
v -0.02637233 0.01794718 -0.01180416 0.43529412 0.89019608 0.96078431
v -0.02604461 0.01905484 -0.01034553 0.43529412 0.89019608 0.96078431
v -0.02646825 0.01924395 -0.00943613 0.43529412 0.89019608 0.96078431
v -0.02670120 0.01942856 -0.00863028 0.43529412 0.89019608 0.96078431
v -0.02656645 0.02053172 -0.00591559 0.43529412 0.89019608 0.96078431
v -0.02687362 0.01958615 -0.00786494 0.43529412 0.89019608 0.96078431
v -0.01996634 0.01504745 -0.01739561 0.43529412 0.89019608 0.96078431
v -0.02117674 0.01504295 -0.01739111 0.43529412 0.89019608 0.96078431
v -0.02238600 0.01498892 -0.01734609 0.43529412 0.89019608 0.96078431
v -0.02359640 0.01482682 -0.01720653 0.43529412 0.89019608 0.96078431
v -0.01876507 0.01433603 -0.01800338 0.43529412 0.89019608 0.96078431
v -0.01996634 0.01433603 -0.01800338 0.43529412 0.89019608 0.96078431
v -0.02670691 0.02063978 -0.00510974 0.43529412 0.89019608 0.96078431
v -0.02681881 0.02072984 -0.00423185 0.43529412 0.89019608 0.96078431
v -0.02693528 0.02083340 -0.00302082 0.43529412 0.89019608 0.96078431
v -0.02761928 0.02035611 -0.00181429 0.43529412 0.89019608 0.96078431
v -0.02766267 0.02039213 -0.00060326 0.43529412 0.89019608 0.96078431
v -0.02818794 0.01979328 0.00060326 0.43529412 0.89019608 0.96078431
v -0.02815825 0.01975275 0.00181429 0.43529412 0.89019608 0.96078431
v -0.02810229 0.01968071 0.00302082 0.43529412 0.89019608 0.96078431
v -0.03042946 0.01311580 -0.00058976 0.43529412 0.89019608 0.96078431
v -0.02987451 0.01633072 0.00181429 0.43529412 0.89019608 0.96078431
v -0.03006406 0.01511949 0.00302082 0.43529412 0.89019608 0.96078431
v -0.02980371 0.01640726 0.00302082 0.43529412 0.89019608 0.96078431
v -0.02980371 0.01655135 0.00181429 0.43529412 0.89019608 0.96078431
v -0.03042946 -0.01200466 0.00171525 0.43529412 0.89019608 0.96078431
v -0.03042946 -0.01233786 0.00060777 0.43529412 0.89019608 0.96078431
v -0.03006178 -0.01512051 0.00302082 0.43529412 0.89019608 0.96078431
v -0.02986994 -0.01633173 0.00181429 0.43529412 0.89019608 0.96078431
v -0.02980371 -0.01653886 0.00181429 0.43529412 0.89019608 0.96078431
v -0.02980371 -0.01640378 0.00294879 0.43529412 0.89019608 0.96078431
v -0.02940176 -0.01753845 0.00302082 0.43529412 0.89019608 0.96078431
v -0.02974890 -0.01632723 0.00423185 0.43529412 0.89019608 0.96078431
v -0.02925903 -0.01761500 0.00418233 0.43529412 0.89019608 0.96078431
v -0.02905463 -0.01816883 0.00374564 0.43529412 0.89019608 0.96078431
v -0.02870064 -0.01884423 0.00302082 0.43529412 0.89019608 0.96078431
v -0.02809544 -0.01967272 0.00302082 0.43529412 0.89019608 0.96078431
v -0.02598181 -0.02021755 -0.00788745 0.43529412 0.89019608 0.96078431
v -0.02604004 -0.01969073 -0.00903995 0.43529412 0.89019608 0.96078431
v -0.02646026 -0.01924047 -0.00942262 0.43529412 0.89019608 0.96078431
v -0.02604004 -0.01904685 -0.01034102 0.43529412 0.89019608 0.96078431
v -0.02598181 -0.01845250 -0.01143050 0.43529412 0.89019608 0.96078431
v -0.02638261 -0.02040216 -0.00665391 0.43529412 0.89019608 0.96078431
v -0.02603319 -0.01755196 -0.01271356 0.43529412 0.89019608 0.96078431
v -0.02650822 -0.01683603 -0.01318627 0.43529412 0.89019608 0.96078431
v -0.02613825 -0.01642629 -0.01402814 0.43529412 0.89019608 0.96078431
v -0.02577056 -0.01601655 -0.01483399 0.43529412 0.89019608 0.96078431
v -0.02527041 -0.01563832 -0.01563984 0.43529412 0.89019608 0.96078431
v -0.02636434 -0.01794369 -0.01179516 0.43529412 0.89019608 0.96078431
v -0.02483992 -0.01513852 -0.01635115 0.43529412 0.89019608 0.96078431
v -0.02441057 -0.01463873 -0.01704446 0.43529412 0.89019608 0.96078431
v -0.02359640 -0.01542670 -0.01665729 0.43529412 0.89019608 0.96078431
v -0.02359640 -0.01481433 -0.01719752 0.43529412 0.89019608 0.96078431
v -0.02238600 -0.01497643 -0.01733708 0.43529412 0.89019608 0.96078431
v -0.02238600 -0.01425600 -0.01794485 0.43529412 0.89019608 0.96078431
v -0.02117674 -0.01431453 -0.01798987 0.43529412 0.89019608 0.96078431
v -0.01996634 -0.01432354 -0.01799437 0.43529412 0.89019608 0.96078431
v -0.01876507 -0.01431904 -0.01799887 0.43529412 0.89019608 0.96078431
v -0.02815254 -0.01974026 0.00181429 0.43529412 0.89019608 0.96078431
v -0.02818223 -0.01978529 0.00060326 0.43529412 0.89019608 0.96078431
v -0.02765353 -0.02038415 -0.00060326 0.43529412 0.89019608 0.96078431
v -0.02761014 -0.02034362 -0.00181429 0.43529412 0.89019608 0.96078431
v -0.02680968 -0.02071734 -0.00423185 0.43529412 0.89019608 0.96078431
v -0.02753135 -0.02027158 -0.00302082 0.43529412 0.89019608 0.96078431
v -0.02741488 -0.02016802 -0.00423185 0.43529412 0.89019608 0.96078431
v -0.02670120 -0.02062729 -0.00508723 0.43529412 0.89019608 0.96078431
v -0.02655960 -0.02051923 -0.00589308 0.43529412 0.89019608 0.96078431
v -0.02870635 0.01885222 0.00302082 0.43529412 0.89019608 0.96078431
v -0.02905805 0.01818132 0.00376815 0.43529412 0.89019608 0.96078431
v -0.02909460 0.01824436 0.00302082 0.43529412 0.89019608 0.96078431
v -0.02913685 0.01832540 0.00181429 0.43529412 0.89019608 0.96078431
v -0.02947941 0.01753743 0.00181429 0.43529412 0.89019608 0.96078431
v -0.02359640 0.01409288 -0.01780979 0.43529412 0.89019608 0.96078431
v -0.02425756 0.01334544 -0.01817445 0.43529412 0.89019608 0.96078431
v -0.02474057 0.01386775 -0.01750816 0.43529412 0.89019608 0.96078431
v -0.02522473 0.01439456 -0.01683286 0.43529412 0.89019608 0.96078431
v -0.02577627 0.01484033 -0.01602701 0.43529412 0.89019608 0.96078431
v -0.02617935 0.01526808 -0.01526618 0.43529412 0.89019608 0.96078431
v -0.02658244 0.01569584 -0.01448284 0.43529412 0.89019608 0.96078431
v -0.02690331 0.01604254 -0.01367248 0.43529412 0.89019608 0.96078431
v -0.02726757 0.01637124 -0.01275408 0.43529412 0.89019608 0.96078431
v -0.02682566 0.01714570 -0.01238492 0.43529412 0.89019608 0.96078431
v -0.02669092 0.01821284 -0.01099381 0.43529412 0.89019608 0.96078431
v -0.02689418 0.01841546 -0.01028250 0.43529412 0.89019608 0.96078431
v -0.02721048 0.01873965 -0.00903545 0.43529412 0.89019608 0.96078431
v -0.02747768 0.01900081 -0.00786494 0.43529412 0.89019608 0.96078431
v -0.02710999 0.01980679 -0.00665391 0.43529412 0.89019608 0.96078431
v -0.02782481 0.01935202 -0.00603264 0.43529412 0.89019608 0.96078431
v -0.02771519 0.01923945 -0.00665391 0.43529412 0.89019608 0.96078431
v -0.02117674 0.01432702 -0.01799437 0.43529412 0.89019608 0.96078431
v -0.02238600 0.01426849 -0.01794935 0.43529412 0.89019608 0.96078431
v -0.01876507 0.01373267 -0.01842656 0.43529412 0.89019608 0.96078431
v -0.01996634 0.01373267 -0.01844457 0.43529412 0.89019608 0.96078431
v -0.02117674 0.01372366 -0.01845808 0.43529412 0.89019608 0.96078431
v -0.02792073 0.01946458 -0.00522228 0.43529412 0.89019608 0.96078431
v -0.02742401 0.02018051 -0.00423185 0.43529412 0.89019608 0.96078431
v -0.02754048 0.02028407 -0.00302082 0.43529412 0.89019608 0.96078431
v -0.02810229 0.01968071 -0.00302082 0.43529412 0.89019608 0.96078431
v -0.02815825 0.01975275 -0.00181429 0.43529412 0.89019608 0.96078431
v -0.02818794 0.01979328 -0.00060326 0.43529412 0.89019608 0.96078431
v -0.02879314 0.01896478 0.00060326 0.43529412 0.89019608 0.96078431
v -0.02876345 0.01892876 0.00181429 0.43529412 0.89019608 0.96078431
v -0.03042946 0.01310229 -0.00181429 0.43529412 0.89019608 0.96078431
v -0.03008690 0.01511949 0.00181429 0.43529412 0.89019608 0.96078431
v -0.03009832 0.01511949 0.00060326 0.43529412 0.89019608 0.96078431
v -0.03009832 0.01511949 -0.00060326 0.43529412 0.89019608 0.96078431
v -0.02989620 0.01633072 0.00060326 0.43529412 0.89019608 0.96078431
v -0.02951253 0.01753743 0.00060326 0.43529412 0.89019608 0.96078431
v -0.02980371 0.01662339 0.00060326 0.43529412 0.89019608 0.96078431
v -0.03042946 -0.01250896 -0.00060326 0.43529412 0.89019608 0.96078431
v -0.03008461 -0.01512051 0.00181429 0.43529412 0.89019608 0.96078431
v -0.02989277 -0.01633173 0.00060326 0.43529412 0.89019608 0.96078431
v -0.02980371 -0.01655687 0.00158920 0.43529412 0.89019608 0.96078431
v -0.02950568 -0.01753845 0.00060326 0.43529412 0.89019608 0.96078431
v -0.02947256 -0.01753845 0.00181429 0.43529412 0.89019608 0.96078431
v -0.02913342 -0.01831742 0.00181429 0.43529412 0.89019608 0.96078431
v -0.02909003 -0.01823187 0.00302082 0.43529412 0.89019608 0.96078431
v -0.02875774 -0.01892078 0.00181429 0.43529412 0.89019608 0.96078431
v -0.02669549 -0.01942507 -0.00861677 0.43529412 0.89019608 0.96078431
v -0.02688618 -0.01840297 -0.01028250 0.43529412 0.89019608 0.96078431
v -0.02668521 -0.01820485 -0.01098931 0.43529412 0.89019608 0.96078431
v -0.02686449 -0.01957817 -0.00786494 0.43529412 0.89019608 0.96078431
v -0.02682224 -0.01714222 -0.01238042 0.43529412 0.89019608 0.96078431
v -0.02689874 -0.01603005 -0.01366798 0.43529412 0.89019608 0.96078431
v -0.02657787 -0.01568335 -0.01447383 0.43529412 0.89019608 0.96078431
v -0.02617479 -0.01525559 -0.01526168 0.43529412 0.89019608 0.96078431
v -0.02577170 -0.01482784 -0.01602251 0.43529412 0.89019608 0.96078431
v -0.02521560 -0.01438658 -0.01682836 0.43529412 0.89019608 0.96078431
v -0.02473144 -0.01385976 -0.01750366 0.43529412 0.89019608 0.96078431
v -0.02424956 -0.01333295 -0.01816995 0.43529412 0.89019608 0.96078431
v -0.02359640 -0.01408039 -0.01780529 0.43529412 0.89019608 0.96078431
v -0.02359640 -0.01347253 -0.01827349 0.43529412 0.89019608 0.96078431
v -0.02238600 -0.01364814 -0.01840405 0.43529412 0.89019608 0.96078431
v -0.02117674 -0.01371117 -0.01845357 0.43529412 0.89019608 0.96078431
v -0.01996634 -0.01371568 -0.01844007 0.43529412 0.89019608 0.96078431
v -0.01876507 -0.01372018 -0.01842656 0.43529412 0.89019608 0.96078431
v -0.02878628 -0.01895680 0.00060326 0.43529412 0.89019608 0.96078431
v -0.02818223 -0.01978529 -0.00060326 0.43529412 0.89019608 0.96078431
v -0.02815254 -0.01974026 -0.00181429 0.43529412 0.89019608 0.96078431
v -0.02809544 -0.01967272 -0.00302082 0.43529412 0.89019608 0.96078431
v -0.02800980 -0.01956466 -0.00423185 0.43529412 0.89019608 0.96078431
v -0.02791617 -0.01945209 -0.00520428 0.43529412 0.89019608 0.96078431
v -0.02725958 -0.01998791 -0.00555093 0.43529412 0.89019608 0.96078431
v -0.02781911 -0.01934403 -0.00601013 0.43529412 0.89019608 0.96078431
v -0.02710314 -0.01979880 -0.00665391 0.43529412 0.89019608 0.96078431
v -0.02915626 0.01836143 0.00060326 0.43529412 0.89019608 0.96078431
v -0.02359640 0.01348502 -0.01828250 0.43529412 0.89019608 0.96078431
v -0.02506144 0.01306177 -0.01796736 0.43529412 0.89019608 0.96078431
v -0.02351304 0.01259799 -0.01891728 0.43529412 0.89019608 0.96078431
v -0.02386132 0.01193160 -0.01925492 0.43529412 0.89019608 0.96078431
v -0.02471659 0.01267454 -0.01840855 0.43529412 0.89019608 0.96078431
v -0.02570890 0.01358858 -0.01716151 0.43529412 0.89019608 0.96078431
v -0.02614624 0.01403435 -0.01643669 0.43529412 0.89019608 0.96078431
v -0.02658244 0.01448011 -0.01569386 0.43529412 0.89019608 0.96078431
v -0.02692615 0.01488536 -0.01488801 0.43529412 0.89019608 0.96078431
v -0.02773346 0.01438105 -0.01437929 0.43529412 0.89019608 0.96078431
v -0.02731782 0.01522756 -0.01402814 0.43529412 0.89019608 0.96078431
v -0.02770948 0.01556976 -0.01311874 0.43529412 0.89019608 0.96078431
v -0.02763298 0.01670444 -0.01176815 0.43529412 0.89019608 0.96078431
v -0.02716252 0.01746539 -0.01138098 0.43529412 0.89019608 0.96078431
v -0.02786478 0.01698360 -0.01095779 0.43529412 0.89019608 0.96078431
v -0.02749938 0.01778508 -0.01028250 0.43529412 0.89019608 0.96078431
v -0.02772090 0.01802372 -0.00944513 0.43529412 0.89019608 0.96078431
v -0.02789790 0.01823085 -0.00863928 0.43529412 0.89019608 0.96078431
v -0.02803150 0.01839745 -0.00786494 0.43529412 0.89019608 0.96078431
v -0.02819821 0.01863159 -0.00665391 0.43529412 0.89019608 0.96078431
v -0.02828043 0.01887023 -0.00555543 0.43529412 0.89019608 0.96078431
v -0.02238600 0.01366063 -0.01841306 0.43529412 0.89019608 0.96078431
v -0.01876507 0.01271056 -0.01853011 0.43529412 0.89019608 0.96078431
v -0.02026551 0.00423201 -0.02215869 0.43529412 0.89019608 0.96078431
v -0.02029863 0.00544323 -0.02205515 0.43529412 0.89019608 0.96078431
v -0.02042880 0.00665445 -0.02190208 0.43529412 0.89019608 0.96078431
v -0.02053957 0.00731635 -0.02179854 0.43529412 0.89019608 0.96078431
v -0.02045164 0.00988738 -0.02066854 0.43529412 0.89019608 0.96078431
v -0.02117674 0.01059430 -0.02040293 0.43529412 0.89019608 0.96078431
v -0.02117674 0.01149484 -0.01990321 0.43529412 0.89019608 0.96078431
v -0.02117674 0.01226479 -0.01946652 0.43529412 0.89019608 0.96078431
v -0.02117674 0.01286815 -0.01906134 0.43529412 0.89019608 0.96078431
v -0.02801551 0.01957715 -0.00423185 0.43529412 0.89019608 0.96078431
v -0.02868237 0.01864960 -0.00419584 0.43529412 0.89019608 0.96078431
v -0.02870635 0.01885222 -0.00302082 0.43529412 0.89019608 0.96078431
v -0.02876345 0.01892876 -0.00181429 0.43529412 0.89019608 0.96078431
v -0.02879314 0.01896478 -0.00060326 0.43529412 0.89019608 0.96078431
v -0.03042946 0.01306627 -0.00268317 0.43529412 0.89019608 0.96078431
v -0.02989620 0.01633072 -0.00060326 0.43529412 0.89019608 0.96078431
v -0.02980371 0.01662789 -0.00030613 0.43529412 0.89019608 0.96078431
v -0.02951253 0.01753743 -0.00060326 0.43529412 0.89019608 0.96078431
v -0.03042946 -0.01256299 -0.00181429 0.43529412 0.89019608 0.96078431
v -0.03009603 -0.01512051 0.00060326 0.43529412 0.89019608 0.96078431
v -0.02989277 -0.01633173 -0.00060326 0.43529412 0.89019608 0.96078431
v -0.02980371 -0.01661540 0.00031964 0.43529412 0.89019608 0.96078431
v -0.02980371 -0.01661090 0.00060326 0.43529412 0.89019608 0.96078431
v -0.02950568 -0.01753845 -0.00060326 0.43529412 0.89019608 0.96078431
v -0.02915283 -0.01835344 0.00060326 0.43529412 0.89019608 0.96078431
v -0.02746969 -0.01899282 -0.00786494 0.43529412 0.89019608 0.96078431
v -0.02789333 -0.01822286 -0.00863028 0.43529412 0.89019608 0.96078431
v -0.02720591 -0.01872716 -0.00902645 0.43529412 0.89019608 0.96078431
v -0.02771519 -0.01801123 -0.00943613 0.43529412 0.89019608 0.96078431
v -0.02749138 -0.01777259 -0.01028250 0.43529412 0.89019608 0.96078431
v -0.02786136 -0.01698012 -0.01095329 0.43529412 0.89019608 0.96078431
v -0.02715681 -0.01745740 -0.01137197 0.43529412 0.89019608 0.96078431
v -0.02770834 -0.01923146 -0.00665391 0.43529412 0.89019608 0.96078431
v -0.02762841 -0.01669645 -0.01175914 0.43529412 0.89019608 0.96078431
v -0.02726415 -0.01636325 -0.01274508 0.43529412 0.89019608 0.96078431
v -0.02770606 -0.01556178 -0.01311424 0.43529412 0.89019608 0.96078431
v -0.02731439 -0.01521957 -0.01401913 0.43529412 0.89019608 0.96078431
v -0.02692386 -0.01487737 -0.01488351 0.43529412 0.89019608 0.96078431
v -0.02657787 -0.01447213 -0.01568936 0.43529412 0.89019608 0.96078431
v -0.02614053 -0.01402636 -0.01643219 0.43529412 0.89019608 0.96078431
v -0.02570433 -0.01357609 -0.01715701 0.43529412 0.89019608 0.96078431
v -0.02505345 -0.01304928 -0.01796286 0.43529412 0.89019608 0.96078431
v -0.02471203 -0.01266655 -0.01840405 0.43529412 0.89019608 0.96078431
v -0.02384990 -0.01191911 -0.01925492 0.43529412 0.89019608 0.96078431
v -0.02350619 -0.01259001 -0.01891277 0.43529412 0.89019608 0.96078431
v -0.02304259 -0.01211722 -0.01937197 0.43529412 0.89019608 0.96078431
v -0.02238600 -0.01278812 -0.01901182 0.43529412 0.89019608 0.96078431
v -0.02117674 -0.01285566 -0.01905684 0.43529412 0.89019608 0.96078431
v -0.02117674 -0.01225230 -0.01945751 0.43529412 0.89019608 0.96078431
v -0.02048590 -0.01220278 -0.01943050 0.43529412 0.89019608 0.96078431
v -0.02117674 -0.01148685 -0.01989420 0.43529412 0.89019608 0.96078431
v -0.02117674 -0.01058181 -0.02039842 0.43529412 0.89019608 0.96078431
v -0.02045392 -0.00987939 -0.02066854 0.43529412 0.89019608 0.96078431
v -0.02054185 -0.00730836 -0.02179854 0.43529412 0.89019608 0.96078431
v -0.02043109 -0.00664647 -0.02189758 0.43529412 0.89019608 0.96078431
v -0.02029863 -0.00543975 -0.02205065 0.43529412 0.89019608 0.96078431
v -0.02026551 -0.00422853 -0.02215869 0.43529412 0.89019608 0.96078431
v -0.01876507 -0.01269807 -0.01853011 0.43529412 0.89019608 0.96078431
v -0.02878628 -0.01895680 -0.00060326 0.43529412 0.89019608 0.96078431
v -0.02875774 -0.01892078 -0.00181429 0.43529412 0.89019608 0.96078431
v -0.02870064 -0.01884423 -0.00302082 0.43529412 0.89019608 0.96078431
v -0.02867666 -0.01864161 -0.00418233 0.43529412 0.89019608 0.96078431
v -0.02827358 -0.01886224 -0.00554192 0.43529412 0.89019608 0.96078431
v -0.02819364 -0.01862360 -0.00665391 0.43529412 0.89019608 0.96078431
v -0.02802465 -0.01838946 -0.00786494 0.43529412 0.89019608 0.96078431
v -0.02915626 0.01836143 -0.00060326 0.43529412 0.89019608 0.96078431
v -0.02305400 0.01212521 -0.01937648 0.43529412 0.89019608 0.96078431
v -0.02556730 0.01225579 -0.01825549 0.43529412 0.89019608 0.96078431
v -0.02351304 0.01151285 -0.01960157 0.43529412 0.89019608 0.96078431
v -0.02450078 0.01112562 -0.01949353 0.43529412 0.89019608 0.96078431
v -0.02486276 0.01151285 -0.01908835 0.43529412 0.89019608 0.96078431
v -0.02604119 0.01272407 -0.01755768 0.43529412 0.89019608 0.96078431
v -0.02651621 0.01319235 -0.01684637 0.43529412 0.89019608 0.96078431
v -0.02690103 0.01367413 -0.01604052 0.43529412 0.89019608 0.96078431
v -0.02731667 0.01402534 -0.01522566 0.43529412 0.89019608 0.96078431
v -0.02798696 0.01476378 -0.01357344 0.43529412 0.89019608 0.96078431
v -0.02770720 0.01312030 -0.01556781 0.43529412 0.89019608 0.96078431
v -0.02798811 0.01357507 -0.01476196 0.43529412 0.89019608 0.96078431
v -0.02794814 0.01589396 -0.01231289 0.43529412 0.89019608 0.96078431
v -0.02801094 0.01718172 -0.01028250 0.43529412 0.89019608 0.96078431
v -0.02809887 0.01631270 -0.01141249 0.43529412 0.89019608 0.96078431
v -0.02863556 0.01624066 -0.01021497 0.43529412 0.89019608 0.96078431
v -0.02819593 0.01758696 -0.00905346 0.43529412 0.89019608 0.96078431
v -0.02867666 0.01746089 -0.00782892 0.43529412 0.89019608 0.96078431
v -0.02880341 0.01774456 -0.00665391 0.43529412 0.89019608 0.96078431
v -0.02892902 0.01794718 -0.00544288 0.43529412 0.89019608 0.96078431
v -0.02900210 0.01807776 -0.00457400 0.43529412 0.89019608 0.96078431
v -0.02238600 0.01280061 -0.01901632 0.43529412 0.89019608 0.96078431
v -0.02032147 0.00065238 -0.02250084 0.43529412 0.89019608 0.96078431
v -0.02026551 0.00181407 -0.02233877 0.43529412 0.89019608 0.96078431
v -0.02056126 0.00028316 -0.02299606 0.43529412 0.89019608 0.96078431
v -0.02117674 0.00423201 -0.02256837 0.43529412 0.89019608 0.96078431
v -0.02117674 0.00544323 -0.02233427 0.43529412 0.89019608 0.96078431
v -0.02117674 0.00665445 -0.02201463 0.43529412 0.89019608 0.96078431
v -0.02117674 0.00733436 -0.02180304 0.43529412 0.89019608 0.96078431
v -0.02117674 0.00793772 -0.02156443 0.43529412 0.89019608 0.96078431
v -0.02117674 0.00907239 -0.02111424 0.43529412 0.89019608 0.96078431
v -0.02117674 0.00998644 -0.02071806 0.43529412 0.89019608 0.96078431
v -0.02238600 0.01051325 -0.02037591 0.43529412 0.89019608 0.96078431
v -0.02238600 0.01149484 -0.01983568 0.43529412 0.89019608 0.96078431
v -0.02238600 0.01219725 -0.01942150 0.43529412 0.89019608 0.96078431
v -0.02905805 0.01818132 -0.00376815 0.43529412 0.89019608 0.96078431
v -0.02909460 0.01824436 -0.00302082 0.43529412 0.89019608 0.96078431
v -0.02913685 0.01832540 -0.00181429 0.43529412 0.89019608 0.96078431
v -0.03042946 0.01298522 -0.00375464 0.43529412 0.89019608 0.96078431
v -0.02980371 0.01662339 -0.00060326 0.43529412 0.89019608 0.96078431
v -0.02980371 0.01656936 -0.00157569 0.43529412 0.89019608 0.96078431
v -0.02987451 0.01633072 -0.00181429 0.43529412 0.89019608 0.96078431
v -0.02947941 0.01753743 -0.00181429 0.43529412 0.89019608 0.96078431
v -0.02980371 0.01655135 -0.00181429 0.43529412 0.89019608 0.96078431
v -0.03042946 -0.01247294 -0.00295779 0.43529412 0.89019608 0.96078431
v -0.03008461 -0.01512051 -0.00181429 0.43529412 0.89019608 0.96078431
v -0.03009603 -0.01512051 -0.00060326 0.43529412 0.89019608 0.96078431
v -0.02986994 -0.01633173 -0.00181429 0.43529412 0.89019608 0.96078431
v -0.02980371 -0.01661090 -0.00060326 0.43529412 0.89019608 0.96078431
v -0.02980371 -0.01653886 -0.00181429 0.43529412 0.89019608 0.96078431
v -0.02947256 -0.01753845 -0.00181429 0.43529412 0.89019608 0.96078431
v -0.02915283 -0.01835344 -0.00060326 0.43529412 0.89019608 0.96078431
v -0.02866981 -0.01745290 -0.00781992 0.43529412 0.89019608 0.96078431
v -0.02819022 -0.01757898 -0.00904896 0.43529412 0.89019608 0.96078431
v -0.02800523 -0.01716923 -0.01028250 0.43529412 0.89019608 0.96078431
v -0.02862870 -0.01624168 -0.01020596 0.43529412 0.89019608 0.96078431
v -0.02809202 -0.01630472 -0.01140799 0.43529412 0.89019608 0.96078431
v -0.02794471 -0.01588597 -0.01230838 0.43529412 0.89019608 0.96078431
v -0.02798354 -0.01475129 -0.01356894 0.43529412 0.89019608 0.96078431
v -0.02773004 -0.01436857 -0.01437479 0.43529412 0.89019608 0.96078431
v -0.02731325 -0.01401736 -0.01522116 0.43529412 0.89019608 0.96078431
v -0.02689760 -0.01366615 -0.01603602 0.43529412 0.89019608 0.96078431
v -0.02651050 -0.01317986 -0.01684187 0.43529412 0.89019608 0.96078431
v -0.02603662 -0.01271158 -0.01755318 0.43529412 0.89019608 0.96078431
v -0.02556159 -0.01224330 -0.01825098 0.43529412 0.89019608 0.96078431
v -0.02485933 -0.01150486 -0.01907935 0.43529412 0.89019608 0.96078431
v -0.02449393 -0.01111313 -0.01949353 0.43529412 0.89019608 0.96078431
v -0.02350619 -0.01150486 -0.01959707 0.43529412 0.89019608 0.96078431
v -0.02317276 -0.00977133 -0.02061902 0.43529412 0.89019608 0.96078431
v -0.02238600 -0.01050076 -0.02037591 0.43529412 0.89019608 0.96078431
v -0.02238600 -0.01148685 -0.01982667 0.43529412 0.89019608 0.96078431
v -0.02238600 -0.01218476 -0.01941699 0.43529412 0.89019608 0.96078431
v -0.02117674 -0.00997395 -0.02071356 0.43529412 0.89019608 0.96078431
v -0.02117674 -0.00732187 -0.02180304 0.43529412 0.89019608 0.96078431
v -0.02117674 -0.00664647 -0.02201013 0.43529412 0.89019608 0.96078431
v -0.02117674 -0.00543975 -0.02232977 0.43529412 0.89019608 0.96078431
v -0.02117674 -0.00906891 -0.02110523 0.43529412 0.89019608 0.96078431
v -0.02117674 -0.00792523 -0.02156443 0.43529412 0.89019608 0.96078431
v -0.02117674 -0.00422853 -0.02256387 0.43529412 0.89019608 0.96078431
v -0.02056126 -0.00026617 -0.02299606 0.43529412 0.89019608 0.96078431
v -0.02026551 -0.00180608 -0.02233877 0.43529412 0.89019608 0.96078431
v -0.02032147 -0.00063989 -0.02250084 0.43529412 0.89019608 0.96078431
v -0.02913342 -0.01831742 -0.00181429 0.43529412 0.89019608 0.96078431
v -0.02909003 -0.01823187 -0.00302082 0.43529412 0.89019608 0.96078431
v -0.02905463 -0.01816883 -0.00374564 0.43529412 0.89019608 0.96078431
v -0.02899868 -0.01806977 -0.00455149 0.43529412 0.89019608 0.96078431
v -0.02892445 -0.01793469 -0.00544288 0.43529412 0.89019608 0.96078431
v -0.02879770 -0.01773657 -0.00665391 0.43529412 0.89019608 0.96078431
v -0.02318190 0.00978382 -0.02061902 0.43529412 0.89019608 0.96078431
v -0.02530581 0.01079242 -0.01930444 0.43529412 0.89019608 0.96078431
v -0.02598752 0.01143180 -0.01845808 0.43529412 0.89019608 0.96078431
v -0.02637462 0.01179652 -0.01795385 0.43529412 0.89019608 0.96078431
v -0.02358955 0.01022508 -0.02028137 0.43529412 0.89019608 0.96078431
v -0.02398807 0.00954518 -0.02050647 0.43529412 0.89019608 0.96078431
v -0.02486276 0.01034665 -0.01974114 0.43529412 0.89019608 0.96078431
v -0.02682224 0.01238637 -0.01714350 0.43529412 0.89019608 0.96078431
v -0.02726529 0.01275108 -0.01637366 0.43529412 0.89019608 0.96078431
v -0.02820164 0.01514201 -0.01271356 0.43529412 0.89019608 0.96078431
v -0.02823361 0.01395330 -0.01395160 0.43529412 0.89019608 0.96078431
v -0.02882968 0.01394880 -0.01275408 0.43529412 0.89019608 0.96078431
v -0.02762841 0.01176950 -0.01670231 0.43529412 0.89019608 0.96078431
v -0.02795042 0.01231432 -0.01589645 0.43529412 0.89019608 0.96078431
v -0.02820278 0.01271056 -0.01514913 0.43529412 0.89019608 0.96078431
v -0.02882854 0.01275559 -0.01394710 0.43529412 0.89019608 0.96078431
v -0.02876802 0.01511049 -0.01151604 0.43529412 0.89019608 0.96078431
v -0.02884110 0.01657386 -0.00907147 0.43529412 0.89019608 0.96078431
v -0.02893016 0.01550673 -0.01057062 0.43529412 0.89019608 0.96078431
v -0.02906491 0.01578139 -0.00976477 0.43529412 0.89019608 0.96078431
v -0.02897241 0.01680350 -0.00820709 0.43529412 0.89019608 0.96078431
v -0.02907290 0.01700162 -0.00740124 0.43529412 0.89019608 0.96078431
v -0.02914141 0.01714120 -0.00665391 0.43529412 0.89019608 0.96078431
v -0.02923619 0.01734382 -0.00544288 0.43529412 0.89019608 0.96078431
v -0.02179336 0.00006253 -0.02298706 0.43529412 0.89019608 0.96078431
v -0.02117674 0.00025614 -0.02299156 0.43529412 0.89019608 0.96078431
v -0.02117674 0.00086401 -0.02297805 0.43529412 0.89019608 0.96078431
v -0.02117674 0.00181407 -0.02291052 0.43529412 0.89019608 0.96078431
v -0.02117674 0.00302079 -0.02275746 0.43529412 0.89019608 0.96078431
v -0.02238600 0.00302079 -0.02272594 0.43529412 0.89019608 0.96078431
v -0.02238600 0.00423201 -0.02252786 0.43529412 0.89019608 0.96078431
v -0.02238600 0.00544323 -0.02227124 0.43529412 0.89019608 0.96078431
v -0.02234375 0.00671749 -0.02192909 0.43529412 0.89019608 0.96078431
v -0.02191212 0.00729834 -0.02179403 0.43529412 0.89019608 0.96078431
v -0.02238600 0.00907239 -0.02105121 0.43529412 0.89019608 0.96078431
v -0.02238600 0.00990989 -0.02068205 0.43529412 0.89019608 0.96078431
v -0.02926245 0.01762298 -0.00419584 0.43529412 0.89019608 0.96078431
v -0.02940861 0.01753743 -0.00302082 0.43529412 0.89019608 0.96078431
v -0.03042946 0.01274658 -0.00473157 0.43529412 0.89019608 0.96078431
v -0.03006406 0.01511949 -0.00302082 0.43529412 0.89019608 0.96078431
v -0.03002752 0.01511949 -0.00423185 0.43529412 0.89019608 0.96078431
v -0.02982883 0.01633072 -0.00302082 0.43529412 0.89019608 0.96078431
v -0.02980371 0.01642077 -0.00293528 0.43529412 0.89019608 0.96078431
v -0.02980371 0.01640726 -0.00302082 0.43529412 0.89019608 0.96078431
v -0.03042946 -0.01217126 -0.00533934 0.43529412 0.89019608 0.96078431
v -0.03006178 -0.01512051 -0.00302082 0.43529412 0.89019608 0.96078431
v -0.02982426 -0.01633173 -0.00302082 0.43529412 0.89019608 0.96078431
v -0.03002523 -0.01512051 -0.00423185 0.43529412 0.89019608 0.96078431
v -0.02940176 -0.01753845 -0.00302082 0.43529412 0.89019608 0.96078431
v -0.02906947 -0.01699363 -0.00738773 0.43529412 0.89019608 0.96078431
v -0.02896899 -0.01679551 -0.00819358 0.43529412 0.89019608 0.96078431
v -0.02883653 -0.01656137 -0.00907147 0.43529412 0.89019608 0.96078431
v -0.02906262 -0.01577340 -0.00975577 0.43529412 0.89019608 0.96078431
v -0.02892674 -0.01549874 -0.01056162 0.43529412 0.89019608 0.96078431
v -0.02876231 -0.01510250 -0.01151154 0.43529412 0.89019608 0.96078431
v -0.02819593 -0.01514302 -0.01270906 0.43529412 0.89019608 0.96078431
v -0.02882511 -0.01394081 -0.01274958 0.43529412 0.89019608 0.96078431
v -0.02823019 -0.01394531 -0.01394710 0.43529412 0.89019608 0.96078431
v -0.02798468 -0.01356258 -0.01475746 0.43529412 0.89019608 0.96078431
v -0.02770378 -0.01311232 -0.01556331 0.43529412 0.89019608 0.96078431
v -0.02726072 -0.01274310 -0.01636916 0.43529412 0.89019608 0.96078431
v -0.02681881 -0.01237388 -0.01714350 0.43529412 0.89019608 0.96078431
v -0.02636891 -0.01178403 -0.01794935 0.43529412 0.89019608 0.96078431
v -0.02598523 -0.01142381 -0.01845357 0.43529412 0.89019608 0.96078431
v -0.02529896 -0.01077993 -0.01929994 0.43529412 0.89019608 0.96078431
v -0.02485933 -0.01033866 -0.01973663 0.43529412 0.89019608 0.96078431
v -0.02397893 -0.00953269 -0.02050647 0.43529412 0.89019608 0.96078431
v -0.02358384 -0.01021709 -0.02027687 0.43529412 0.89019608 0.96078431
v -0.02358384 -0.00910493 -0.02079910 0.43529412 0.89019608 0.96078431
v -0.02359640 -0.00785769 -0.02129882 0.43529412 0.89019608 0.96078431
v -0.02238600 -0.00906891 -0.02104671 0.43529412 0.89019608 0.96078431
v -0.02238600 -0.00989740 -0.02067755 0.43529412 0.89019608 0.96078431
v -0.02189727 -0.00729035 -0.02178953 0.43529412 0.89019608 0.96078431
v -0.02233462 -0.00670950 -0.02192459 0.43529412 0.89019608 0.96078431
v -0.02238600 -0.00543975 -0.02227124 0.43529412 0.89019608 0.96078431
v -0.02238600 -0.00422853 -0.02252335 0.43529412 0.89019608 0.96078431
v -0.02117674 -0.00301731 -0.02275295 0.43529412 0.89019608 0.96078431
v -0.02238600 -0.00301731 -0.02272144 0.43529412 0.89019608 0.96078431
v -0.02117674 -0.00180608 -0.02290602 0.43529412 0.89019608 0.96078431
v -0.02117674 -0.00084701 -0.02297805 0.43529412 0.89019608 0.96078431
v -0.02117674 -0.00024365 -0.02299156 0.43529412 0.89019608 0.96078431
v -0.02179336 -0.00005454 -0.02298706 0.43529412 0.89019608 0.96078431
v -0.02925903 -0.01761500 -0.00418233 0.43529412 0.89019608 0.96078431
v -0.02923276 -0.01733133 -0.00544288 0.43529412 0.89019608 0.96078431
v -0.02913913 -0.01712871 -0.00665391 0.43529412 0.89019608 0.96078431
v -0.02271943 0.00716326 -0.02174901 0.43529412 0.89019608 0.96078431
v -0.02359640 0.00786117 -0.02130332 0.43529412 0.89019608 0.96078431
v -0.02358955 0.00911292 -0.02080360 0.43529412 0.89019608 0.96078431
v -0.02484449 0.00911292 -0.02034440 0.43529412 0.89019608 0.96078431
v -0.02565409 0.00998644 -0.01951604 0.43529412 0.89019608 0.96078431
v -0.02603890 0.01034665 -0.01904783 0.43529412 0.89019608 0.96078431
v -0.02668521 0.01099054 -0.01821047 0.43529412 0.89019608 0.96078431
v -0.02446766 0.00873469 -0.02068205 0.43529412 0.89019608 0.96078431
v -0.02715681 0.01137777 -0.01746764 0.43529412 0.89019608 0.96078431
v -0.02897926 0.01438105 -0.01193472 0.43529412 0.89019608 0.96078431
v -0.02899525 0.01319235 -0.01319527 0.43529412 0.89019608 0.96078431
v -0.02786821 0.01096352 -0.01698593 0.43529412 0.89019608 0.96078431
v -0.02810001 0.01141829 -0.01631514 0.43529412 0.89019608 0.96078431
v -0.02876573 0.01151285 -0.01510861 0.43529412 0.89019608 0.96078431
v -0.02897812 0.01193160 -0.01437479 0.43529412 0.89019608 0.96078431
v -0.02911857 0.01469624 -0.01112887 0.43529412 0.89019608 0.96078431
v -0.02915055 0.01597050 -0.00907147 0.43529412 0.89019608 0.96078431
v -0.02921107 0.01511049 -0.01021497 0.43529412 0.89019608 0.96078431
v -0.02947599 0.01512400 -0.00907147 0.43529412 0.89019608 0.96078431
v -0.02924989 0.01637124 -0.00782892 0.43529412 0.89019608 0.96078431
v -0.02947599 0.01633072 -0.00665391 0.43529412 0.89019608 0.96078431
v -0.02963813 0.01633072 -0.00544288 0.43529412 0.89019608 0.96078431
v -0.02227181 0.00052180 -0.02292853 0.43529412 0.89019608 0.96078431
v -0.02238600 0.00181407 -0.02285650 0.43529412 0.89019608 0.96078431
v -0.02359640 0.00302079 -0.02250985 0.43529412 0.89019608 0.96078431
v -0.02359640 0.00423201 -0.02230726 0.43529412 0.89019608 0.96078431
v -0.02369917 0.00554229 -0.02200112 0.43529412 0.89019608 0.96078431
v -0.02336346 0.00635728 -0.02187507 0.43529412 0.89019608 0.96078431
v -0.02234375 0.00776662 -0.02157344 0.43529412 0.89019608 0.96078431
v -0.02975346 0.01633072 -0.00423185 0.43529412 0.89019608 0.96078431
v -0.03042946 0.01152635 -0.00735622 0.43529412 0.89019608 0.96078431
v -0.02996015 0.01511949 -0.00544288 0.43529412 0.89019608 0.96078431
v -0.02997613 0.01390827 -0.00786044 0.43529412 0.89019608 0.96078431
v -0.02980371 0.01633072 -0.00343500 0.43529412 0.89019608 0.96078431
v -0.02980371 0.01604705 -0.00451998 0.43529412 0.89019608 0.96078431
v -0.03006406 -0.01391379 -0.00665391 0.43529412 0.89019608 0.96078431
v -0.02995672 -0.01512051 -0.00544288 0.43529412 0.89019608 0.96078431
v -0.03042946 -0.01096904 -0.00782892 0.43529412 0.89019608 0.96078431
v -0.02980371 -0.01633173 -0.00336297 0.43529412 0.89019608 0.96078431
v -0.02974890 -0.01632723 -0.00423185 0.43529412 0.89019608 0.96078431
v -0.02963242 -0.01632723 -0.00544288 0.43529412 0.89019608 0.96078431
v -0.02946914 -0.01632723 -0.00665391 0.43529412 0.89019608 0.96078431
v -0.02924647 -0.01636325 -0.00781992 0.43529412 0.89019608 0.96078431
v -0.02914712 -0.01595801 -0.00907147 0.43529412 0.89019608 0.96078431
v -0.02946914 -0.01511601 -0.00907147 0.43529412 0.89019608 0.96078431
v -0.02920650 -0.01510250 -0.01020596 0.43529412 0.89019608 0.96078431
v -0.02911743 -0.01468825 -0.01111986 0.43529412 0.89019608 0.96078431
v -0.02897812 -0.01436857 -0.01192572 0.43529412 0.89019608 0.96078431
v -0.02899297 -0.01318436 -0.01318627 0.43529412 0.89019608 0.96078431
v -0.02882397 -0.01274760 -0.01394710 0.43529412 0.89019608 0.96078431
v -0.02819707 -0.01270257 -0.01514462 0.43529412 0.89019608 0.96078431
v -0.02794814 -0.01230634 -0.01589195 0.43529412 0.89019608 0.96078431
v -0.02762498 -0.01176151 -0.01669780 0.43529412 0.89019608 0.96078431
v -0.02715338 -0.01136978 -0.01746764 0.43529412 0.89019608 0.96078431
v -0.02668178 -0.01097805 -0.01820596 0.43529412 0.89019608 0.96078431
v -0.02603662 -0.01033866 -0.01904333 0.43529412 0.89019608 0.96078431
v -0.02564952 -0.00997395 -0.01951154 0.43529412 0.89019608 0.96078431
v -0.02484106 -0.00910493 -0.02033990 0.43529412 0.89019608 0.96078431
v -0.02446424 -0.00872671 -0.02068205 0.43529412 0.89019608 0.96078431
v -0.02484106 -0.00788470 -0.02085312 0.43529412 0.89019608 0.96078431
v -0.02416392 -0.00600258 -0.02176702 0.43529412 0.89019608 0.96078431
v -0.02369460 -0.00670950 -0.02166798 0.43529412 0.89019608 0.96078431
v -0.02335775 -0.00634479 -0.02187057 0.43529412 0.89019608 0.96078431
v -0.02270345 -0.00715077 -0.02174451 0.43529412 0.89019608 0.96078431
v -0.02233462 -0.00775863 -0.02156894 0.43529412 0.89019608 0.96078431
v -0.02369460 -0.00553430 -0.02200112 0.43529412 0.89019608 0.96078431
v -0.02359640 -0.00422853 -0.02230726 0.43529412 0.89019608 0.96078431
v -0.02359640 -0.00301731 -0.02250534 0.43529412 0.89019608 0.96078431
v -0.02238600 -0.00180608 -0.02285650 0.43529412 0.89019608 0.96078431
v -0.02227181 -0.00051381 -0.02292853 0.43529412 0.89019608 0.96078431
v -0.02369917 0.00671749 -0.02167248 0.43529412 0.89019608 0.96078431
v -0.02416963 0.00601507 -0.02177152 0.43529412 0.89019608 0.96078431
v -0.02527384 0.00831144 -0.02050647 0.43529412 0.89019608 0.96078431
v -0.02603890 0.00904538 -0.01970062 0.43529412 0.89019608 0.96078431
v -0.02646026 0.00943261 -0.01924142 0.43529412 0.89019608 0.96078431
v -0.02689189 0.01028361 -0.01840855 0.43529412 0.89019608 0.96078431
v -0.02749595 0.01028361 -0.01779178 0.43529412 0.89019608 0.96078431
v -0.02484449 0.00789269 -0.02085312 0.43529412 0.89019608 0.96078431
v -0.02914255 0.01357057 -0.01238492 0.43529412 0.89019608 0.96078431
v -0.02929671 0.01275559 -0.01275408 0.43529412 0.89019608 0.96078431
v -0.02914370 0.01238637 -0.01356894 0.43529412 0.89019608 0.96078431
v -0.02772205 0.00944612 -0.01802588 0.43529412 0.89019608 0.96078431
v -0.02801208 0.01028361 -0.01718402 0.43529412 0.89019608 0.96078431
v -0.02863556 0.01021157 -0.01624311 0.43529412 0.89019608 0.96078431
v -0.02892788 0.01056728 -0.01550478 0.43529412 0.89019608 0.96078431
v -0.02911972 0.01112562 -0.01469893 0.43529412 0.89019608 0.96078431
v -0.02927730 0.01394880 -0.01151604 0.43529412 0.89019608 0.96078431
v -0.02960845 0.01391278 -0.01028250 0.43529412 0.89019608 0.96078431
v -0.02980371 0.01400283 -0.00907147 0.43529412 0.89019608 0.96078431
v -0.02969637 0.01512400 -0.00786494 0.43529412 0.89019608 0.96078431
v -0.02980371 0.01391278 -0.00921553 0.43529412 0.89019608 0.96078431
v -0.02980371 0.01512400 -0.00703208 0.43529412 0.89019608 0.96078431
v -0.02980371 0.01539866 -0.00637479 0.43529412 0.89019608 0.96078431
v -0.02359640 0.00060285 -0.02269893 0.43529412 0.89019608 0.96078431
v -0.02359640 0.00181407 -0.02264040 0.43529412 0.89019608 0.96078431
v -0.02492213 0.00313786 -0.02204164 0.43529412 0.89019608 0.96078431
v -0.02465950 0.00423201 -0.02196511 0.43529412 0.89019608 0.96078431
v -0.02480452 0.00181407 -0.02224423 0.43529412 0.89019608 0.96078431
v -0.02441399 0.00520909 -0.02186607 0.43529412 0.89019608 0.96078431
v -0.03004122 0.01270155 -0.00907147 0.43529412 0.89019608 0.96078431
v -0.02990191 0.01270155 -0.01028250 0.43529412 0.89019608 0.96078431
v -0.03042946 0.01052676 -0.00874282 0.43529412 0.89019608 0.96078431
v -0.02985281 0.01511949 -0.00665391 0.43529412 0.89019608 0.96078431
v -0.02982883 0.01390827 -0.00907147 0.43529412 0.89019608 0.96078431
v -0.02997271 -0.01391379 -0.00786044 0.43529412 0.89019608 0.96078431
v -0.02984824 -0.01512051 -0.00665391 0.43529412 0.89019608 0.96078431
v -0.02980371 -0.01609759 -0.00423185 0.43529412 0.89019608 0.96078431
v -0.03042946 -0.00991992 -0.00914800 0.43529412 0.89019608 0.96078431
v -0.03003894 -0.01270257 -0.00907147 0.43529412 0.89019608 0.96078431
v -0.02980371 -0.01512051 -0.00700056 0.43529412 0.89019608 0.96078431
v -0.02969066 -0.01511601 -0.00786494 0.43529412 0.89019608 0.96078431
v -0.02980371 -0.01391379 -0.00919302 0.43529412 0.89019608 0.96078431
v -0.02960388 -0.01390929 -0.01028250 0.43529412 0.89019608 0.96078431
v -0.02927387 -0.01394081 -0.01151154 0.43529412 0.89019608 0.96078431
v -0.02914027 -0.01356258 -0.01238042 0.43529412 0.89019608 0.96078431
v -0.02914141 -0.01237838 -0.01356443 0.43529412 0.89019608 0.96078431
v -0.02897584 -0.01192361 -0.01437029 0.43529412 0.89019608 0.96078431
v -0.02876231 -0.01150486 -0.01510861 0.43529412 0.89019608 0.96078431
v -0.02809544 -0.01141030 -0.01631063 0.43529412 0.89019608 0.96078431
v -0.02786592 -0.01095553 -0.01698593 0.43529412 0.89019608 0.96078431
v -0.02749138 -0.01028013 -0.01778728 0.43529412 0.89019608 0.96078431
v -0.02688732 -0.01028013 -0.01840405 0.43529412 0.89019608 0.96078431
v -0.02645683 -0.00942462 -0.01923692 0.43529412 0.89019608 0.96078431
v -0.02603662 -0.00903739 -0.01969612 0.43529412 0.89019608 0.96078431
v -0.02526927 -0.00830345 -0.02050197 0.43529412 0.89019608 0.96078431
v -0.02556616 -0.00749747 -0.02065954 0.43529412 0.89019608 0.96078431
v -0.02480452 -0.00664647 -0.02129432 0.43529412 0.89019608 0.96078431
v -0.02480909 -0.00553430 -0.02160945 0.43529412 0.89019608 0.96078431
v -0.02441171 -0.00519660 -0.02186607 0.43529412 0.89019608 0.96078431
v -0.02465493 -0.00422853 -0.02196511 0.43529412 0.89019608 0.96078431
v -0.02492099 -0.00312987 -0.02204164 0.43529412 0.89019608 0.96078431
v -0.02480452 -0.00180608 -0.02223973 0.43529412 0.89019608 0.96078431
v -0.02359640 -0.00180608 -0.02264040 0.43529412 0.89019608 0.96078431
v -0.02359640 -0.00059937 -0.02269893 0.43529412 0.89019608 0.96078431
v -0.02481137 0.00554229 -0.02161396 0.43529412 0.89019608 0.96078431
v -0.02480452 0.00665445 -0.02129882 0.43529412 0.89019608 0.96078431
v -0.02556958 0.00750546 -0.02066404 0.43529412 0.89019608 0.96078431
v -0.02598866 0.00789269 -0.02022735 0.43529412 0.89019608 0.96078431
v -0.02670234 0.00862663 -0.01943050 0.43529412 0.89019608 0.96078431
v -0.02721276 0.00903637 -0.01873720 0.43529412 0.89019608 0.96078431
v -0.02927730 0.01151285 -0.01394710 0.43529412 0.89019608 0.96078431
v -0.02966668 0.01149484 -0.01270456 0.43529412 0.89019608 0.96078431
v -0.02966668 0.01270155 -0.01149353 0.43529412 0.89019608 0.96078431
v -0.02789790 0.00864014 -0.01823298 0.43529412 0.89019608 0.96078431
v -0.02819364 0.00905438 -0.01758919 0.43529412 0.89019608 0.96078431
v -0.02883767 0.00907239 -0.01657175 0.43529412 0.89019608 0.96078431
v -0.02906377 0.00975680 -0.01577940 0.43529412 0.89019608 0.96078431
v -0.02921107 0.01021157 -0.01510861 0.43529412 0.89019608 0.96078431
v -0.02960845 0.01028361 -0.01391109 0.43529412 0.89019608 0.96078431
v -0.02980371 0.01311130 -0.01028250 0.43529412 0.89019608 0.96078431
v -0.02980371 0.01414692 -0.00883737 0.43529412 0.89019608 0.96078431
v -0.02480452 0.00060285 -0.02230276 0.43529412 0.89019608 0.96078431
v -0.02540401 0.00361514 -0.02177603 0.43529412 0.89019608 0.96078431
v -0.02551135 0.00280916 -0.02183455 0.43529412 0.89019608 0.96078431
v -0.02526356 0.00423201 -0.02171300 0.43529412 0.89019608 0.96078431
v -0.02560156 0.00181407 -0.02188857 0.43529412 0.89019608 0.96078431
v -0.02980371 0.01270155 -0.01079122 0.43529412 0.89019608 0.96078431
v -0.02980371 0.01205767 -0.01149353 0.43529412 0.89019608 0.96078431
v -0.02992132 0.01149033 -0.01149353 0.43529412 0.89019608 0.96078431
v -0.03042946 0.01003146 -0.00935059 0.43529412 0.89019608 0.96078431
v -0.02989848 -0.01270257 -0.01028250 0.43529412 0.89019608 0.96078431
v -0.02982540 -0.01391379 -0.00907147 0.43529412 0.89019608 0.96078431
v -0.03042946 -0.00871770 -0.01035903 0.43529412 0.89019608 0.96078431
v -0.02991904 -0.01149135 -0.01149353 0.43529412 0.89019608 0.96078431
v -0.03006863 -0.01149135 -0.01028250 0.43529412 0.89019608 0.96078431
v -0.02980371 -0.01309431 -0.01028250 0.43529412 0.89019608 0.96078431
v -0.02966440 -0.01269807 -0.01149353 0.43529412 0.89019608 0.96078431
v -0.02929443 -0.01274760 -0.01274958 0.43529412 0.89019608 0.96078431
v -0.02927501 -0.01150486 -0.01394710 0.43529412 0.89019608 0.96078431
v -0.02911857 -0.01111763 -0.01469443 0.43529412 0.89019608 0.96078431
v -0.02892559 -0.01055479 -0.01550028 0.43529412 0.89019608 0.96078431
v -0.02863099 -0.01020358 -0.01623860 0.43529412 0.89019608 0.96078431
v -0.02800980 -0.01028013 -0.01717952 0.43529412 0.89019608 0.96078431
v -0.02771976 -0.00943813 -0.01802138 0.43529412 0.89019608 0.96078431
v -0.02720934 -0.00902838 -0.01873269 0.43529412 0.89019608 0.96078431
v -0.02670005 -0.00861414 -0.01942600 0.43529412 0.89019608 0.96078431
v -0.02598752 -0.00788470 -0.02022285 0.43529412 0.89019608 0.96078431
v -0.02639175 -0.00664647 -0.02040743 0.43529412 0.89019608 0.96078431
v -0.02578769 -0.00664647 -0.02079910 0.43529412 0.89019608 0.96078431
v -0.02526013 -0.00422853 -0.02171300 0.43529412 0.89019608 0.96078431
v -0.02540287 -0.00360265 -0.02177603 0.43529412 0.89019608 0.96078431
v -0.02551021 -0.00279667 -0.02183455 0.43529412 0.89019608 0.96078431
v -0.02560042 -0.00180608 -0.02188407 0.43529412 0.89019608 0.96078431
v -0.02480452 -0.00059937 -0.02230276 0.43529412 0.89019608 0.96078431
v -0.02579111 0.00665445 -0.02080360 0.43529412 0.89019608 0.96078431
v -0.02639631 0.00665445 -0.02041193 0.43529412 0.89019608 0.96078431
v -0.02687476 0.00786117 -0.01958357 0.43529412 0.89019608 0.96078431
v -0.02747882 0.00786117 -0.01900281 0.43529412 0.89019608 0.96078431
v -0.02980371 0.01149484 -0.01205627 0.43529412 0.89019608 0.96078431
v -0.02980371 0.01079242 -0.01270456 0.43529412 0.89019608 0.96078431
v -0.02771063 0.00665445 -0.01923241 0.43529412 0.89019608 0.96078431
v -0.02802807 0.00786117 -0.01839505 0.43529412 0.89019608 0.96078431
v -0.02867210 0.00782515 -0.01745864 0.43529412 0.89019608 0.96078431
v -0.02896899 0.00820338 -0.01680135 0.43529412 0.89019608 0.96078431
v -0.02915055 0.00907239 -0.01596398 0.43529412 0.89019608 0.96078431
v -0.02947484 0.00907239 -0.01512212 0.43529412 0.89019608 0.96078431
v -0.02980371 0.00907239 -0.01400113 0.43529412 0.89019608 0.96078431
v -0.02980371 0.00921198 -0.01391109 0.43529412 0.89019608 0.96078431
v -0.02980371 0.01028361 -0.01310974 0.43529412 0.89019608 0.96078431
v -0.02565409 0.00060285 -0.02191559 0.43529412 0.89019608 0.96078431
v -0.02595440 0.00313786 -0.02150591 0.43529412 0.89019608 0.96078431
v -0.02601378 0.00423201 -0.02126730 0.43529412 0.89019608 0.96078431
v -0.02610171 0.00547475 -0.02092966 0.43529412 0.89019608 0.96078431
v -0.02620676 0.00181407 -0.02151041 0.43529412 0.89019608 0.96078431
v -0.02625929 0.00060285 -0.02154192 0.43529412 0.89019608 0.96078431
v -0.02990077 0.01028361 -0.01270006 0.43529412 0.89019608 0.96078431
v -0.03042946 0.00799175 -0.01124592 0.43529412 0.89019608 0.96078431
v -0.02980371 -0.01204068 -0.01149353 0.43529412 0.89019608 0.96078431
v -0.02980371 -0.01270257 -0.01077321 0.43529412 0.89019608 0.96078431
v -0.02989848 -0.01028013 -0.01270006 0.43529412 0.89019608 0.96078431
v -0.03042946 -0.00733087 -0.01151604 0.43529412 0.89019608 0.96078431
v -0.02980371 -0.01077092 -0.01270456 0.43529412 0.89019608 0.96078431
v -0.02980371 -0.01149135 -0.01204277 0.43529412 0.89019608 0.96078431
v -0.02966440 -0.01148685 -0.01270456 0.43529412 0.89019608 0.96078431
v -0.02960502 -0.01028013 -0.01391109 0.43529412 0.89019608 0.96078431
v -0.02920878 -0.01020358 -0.01510861 0.43529412 0.89019608 0.96078431
v -0.02906262 -0.00974881 -0.01577490 0.43529412 0.89019608 0.96078431
v -0.02883539 -0.00906891 -0.01656725 0.43529412 0.89019608 0.96078431
v -0.02819136 -0.00904640 -0.01758919 0.43529412 0.89019608 0.96078431
v -0.02789561 -0.00863215 -0.01822847 0.43529412 0.89019608 0.96078431
v -0.02747540 -0.00785769 -0.01899831 0.43529412 0.89019608 0.96078431
v -0.02687020 -0.00785769 -0.01958357 0.43529412 0.89019608 0.96078431
v -0.02656189 -0.00589002 -0.02052898 0.43529412 0.89019608 0.96078431
v -0.02610056 -0.00546676 -0.02092515 0.43529412 0.89019608 0.96078431
v -0.02595440 -0.00312987 -0.02150141 0.43529412 0.89019608 0.96078431
v -0.02601378 -0.00422853 -0.02126280 0.43529412 0.89019608 0.96078431
v -0.02620562 -0.00180608 -0.02151041 0.43529412 0.89019608 0.96078431
v -0.02565294 -0.00059937 -0.02191559 0.43529412 0.89019608 0.96078431
v -0.02656417 0.00590251 -0.02052898 0.43529412 0.89019608 0.96078431
v -0.02710543 0.00665445 -0.01980416 0.43529412 0.89019608 0.96078431
v -0.02781796 0.00601057 -0.01934496 0.43529412 0.89019608 0.96078431
v -0.02819364 0.00665445 -0.01862465 0.43529412 0.89019608 0.96078431
v -0.02879885 0.00665445 -0.01774226 0.43529412 0.89019608 0.96078431
v -0.02907290 0.00739289 -0.01699944 0.43529412 0.89019608 0.96078431
v -0.02925103 0.00782515 -0.01636916 0.43529412 0.89019608 0.96078431
v -0.02969523 0.00786117 -0.01512212 0.43529412 0.89019608 0.96078431
v -0.02980371 0.00884276 -0.01414069 0.43529412 0.89019608 0.96078431
v -0.02982883 0.00907239 -0.01391109 0.43529412 0.89019608 0.96078431
v -0.02693643 0.00302079 -0.02083511 0.43529412 0.89019608 0.96078431
v -0.02681082 0.00423201 -0.02072707 0.43529412 0.89019608 0.96078431
v -0.02669891 0.00509653 -0.02063253 0.43529412 0.89019608 0.96078431
v -0.02701407 0.00181407 -0.02090264 0.43529412 0.89019608 0.96078431
v -0.02704833 0.00060285 -0.02093416 0.43529412 0.89019608 0.96078431
v -0.02625814 -0.00059937 -0.02154192 0.43529412 0.89019608 0.96078431
v -0.02704833 -0.00059937 -0.02093416 0.43529412 0.89019608 0.96078431
v -0.03042946 0.00666346 -0.01224986 0.43529412 0.89019608 0.96078431
v -0.02980371 -0.01028013 -0.01309623 0.43529412 0.89019608 0.96078431
v -0.03004008 -0.00906891 -0.01270006 0.43529412 0.89019608 0.96078431
v -0.02997271 -0.00785769 -0.01391109 0.43529412 0.89019608 0.96078431
v -0.02982540 -0.00906891 -0.01391109 0.43529412 0.89019608 0.96078431
v -0.02980371 -0.00919498 -0.01391109 0.43529412 0.89019608 0.96078431
v -0.03042946 -0.00501199 -0.01287563 0.43529412 0.89019608 0.96078431
v -0.02980371 -0.00906891 -0.01399212 0.43529412 0.89019608 0.96078431
v -0.02947142 -0.00906891 -0.01512212 0.43529412 0.89019608 0.96078431
v -0.02914826 -0.00906891 -0.01595948 0.43529412 0.89019608 0.96078431
v -0.02896785 -0.00819089 -0.01679685 0.43529412 0.89019608 0.96078431
v -0.02866867 -0.00781716 -0.01745864 0.43529412 0.89019608 0.96078431
v -0.02802465 -0.00785769 -0.01839054 0.43529412 0.89019608 0.96078431
v -0.02770834 -0.00664647 -0.01922791 0.43529412 0.89019608 0.96078431
v -0.02710428 -0.00664647 -0.01980416 0.43529412 0.89019608 0.96078431
v -0.02781682 -0.00599808 -0.01934496 0.43529412 0.89019608 0.96078431
v -0.02725730 -0.00554331 -0.01999325 0.43529412 0.89019608 0.96078431
v -0.02669663 -0.00508404 -0.02063253 0.43529412 0.89019608 0.96078431
v -0.02680853 -0.00422853 -0.02072256 0.43529412 0.89019608 0.96078431
v -0.02693414 -0.00301731 -0.02083061 0.43529412 0.89019608 0.96078431
v -0.02701293 -0.00180608 -0.02090264 0.43529412 0.89019608 0.96078431
v -0.02725844 0.00555130 -0.01999325 0.43529412 0.89019608 0.96078431
v -0.02791731 0.00520459 -0.01945751 0.43529412 0.89019608 0.96078431
v -0.02827814 0.00554229 -0.01886775 0.43529412 0.89019608 0.96078431
v -0.02892788 0.00544323 -0.01794935 0.43529412 0.89019608 0.96078431
v -0.02914255 0.00665445 -0.01713900 0.43529412 0.89019608 0.96078431
v -0.02947599 0.00665445 -0.01633315 0.43529412 0.89019608 0.96078431
v -0.02963813 0.00544323 -0.01633315 0.43529412 0.89019608 0.96078431
v -0.02980371 0.00702367 -0.01512212 0.43529412 0.89019608 0.96078431
v -0.02985053 0.00664995 -0.01512212 0.43529412 0.89019608 0.96078431
v -0.02997499 0.00786117 -0.01391109 0.43529412 0.89019608 0.96078431
v -0.02754163 0.00302079 -0.02028587 0.43529412 0.89019608 0.96078431
v -0.02741602 0.00423201 -0.02017783 0.43529412 0.89019608 0.96078431
v -0.02761928 0.00181407 -0.02035340 0.43529412 0.89019608 0.96078431
v -0.02765353 0.00060285 -0.02038942 0.43529412 0.89019608 0.96078431
v -0.02765239 -0.00059937 -0.02038942 0.43529412 0.89019608 0.96078431
v -0.02995786 0.00544323 -0.01512212 0.43529412 0.89019608 0.96078431
v -0.03042946 0.00544323 -0.01271356 0.43529412 0.89019608 0.96078431
v -0.02984938 -0.00665097 -0.01512212 0.43529412 0.89019608 0.96078431
v -0.02980371 -0.00700668 -0.01512212 0.43529412 0.89019608 0.96078431
v -0.02969295 -0.00785769 -0.01512212 0.43529412 0.89019608 0.96078431
v -0.03002523 -0.00423303 -0.01512212 0.43529412 0.89019608 0.96078431
v -0.02995672 -0.00543975 -0.01512212 0.43529412 0.89019608 0.96078431
v -0.03042946 -0.00181059 -0.01356894 0.43529412 0.89019608 0.96078431
v -0.02924875 -0.00781716 -0.01636916 0.43529412 0.89019608 0.96078431
v -0.02907176 -0.00738491 -0.01699944 0.43529412 0.89019608 0.96078431
v -0.02879770 -0.00664647 -0.01774226 0.43529412 0.89019608 0.96078431
v -0.02819250 -0.00664647 -0.01862465 0.43529412 0.89019608 0.96078431
v -0.02827586 -0.00553430 -0.01886775 0.43529412 0.89019608 0.96078431
v -0.02791731 -0.00519210 -0.01945751 0.43529412 0.89019608 0.96078431
v -0.02741373 -0.00422853 -0.02017783 0.43529412 0.89019608 0.96078431
v -0.02753934 -0.00301731 -0.02028137 0.43529412 0.89019608 0.96078431
v -0.02761813 -0.00180608 -0.02035340 0.43529412 0.89019608 0.96078431
v -0.02801437 0.00423201 -0.01957006 0.43529412 0.89019608 0.96078431
v -0.02868237 0.00420049 -0.01865166 0.43529412 0.89019608 0.96078431
v -0.02900324 0.00457872 -0.01807991 0.43529412 0.89019608 0.96078431
v -0.02923733 0.00544323 -0.01734159 0.43529412 0.89019608 0.96078431
v -0.02926245 0.00420049 -0.01762071 0.43529412 0.89019608 0.96078431
v -0.02940633 0.00302079 -0.01754418 0.43529412 0.89019608 0.96078431
v -0.02975232 0.00423201 -0.01633315 0.43529412 0.89019608 0.96078431
v -0.02980371 0.00638429 -0.01539223 0.43529412 0.89019608 0.96078431
v -0.02980371 0.00452919 -0.01603602 0.43529412 0.89019608 0.96078431
v -0.02810229 0.00302079 -0.01967811 0.43529412 0.89019608 0.96078431
v -0.02815596 0.00181407 -0.01975014 0.43529412 0.89019608 0.96078431
v -0.02818108 0.00060285 -0.01978165 0.43529412 0.89019608 0.96078431
v -0.02818108 -0.00059937 -0.01978165 0.43529412 0.89019608 0.96078431
v -0.02815596 -0.00180608 -0.01975014 0.43529412 0.89019608 0.96078431
v -0.02980371 0.00339451 -0.01633315 0.43529412 0.89019608 0.96078431
v -0.02982540 0.00302079 -0.01633315 0.43529412 0.89019608 0.96078431
v -0.03002638 0.00423201 -0.01512212 0.43529412 0.89019608 0.96078431
v -0.03042946 0.00313336 -0.01354192 0.43529412 0.89019608 0.96078431
v -0.02963585 -0.00543975 -0.01633315 0.43529412 0.89019608 0.96078431
v -0.02975004 -0.00422853 -0.01633315 0.43529412 0.89019608 0.96078431
v -0.02947370 -0.00664647 -0.01633315 0.43529412 0.89019608 0.96078431
v -0.02982540 -0.00302181 -0.01633315 0.43529412 0.89019608 0.96078431
v -0.02980371 -0.00337302 -0.01633315 0.43529412 0.89019608 0.96078431
v -0.02980371 -0.00422853 -0.01610354 0.43529412 0.89019608 0.96078431
v -0.03042946 -0.00065790 -0.01376252 0.43529412 0.89019608 0.96078431
v -0.02986994 -0.00181059 -0.01633315 0.43529412 0.89019608 0.96078431
v -0.02914027 -0.00664647 -0.01713450 0.43529412 0.89019608 0.96078431
v -0.02892674 -0.00543975 -0.01794485 0.43529412 0.89019608 0.96078431
v -0.02868009 -0.00419251 -0.01865166 0.43529412 0.89019608 0.96078431
v -0.02801323 -0.00422853 -0.01957006 0.43529412 0.89019608 0.96078431
v -0.02810115 -0.00301731 -0.01967811 0.43529412 0.89019608 0.96078431
v -0.02870750 0.00302079 -0.01884975 0.43529412 0.89019608 0.96078431
v -0.02905805 0.00377274 -0.01817895 0.43529412 0.89019608 0.96078431
v -0.02909460 0.00302079 -0.01824648 0.43529412 0.89019608 0.96078431
v -0.02913456 0.00181407 -0.01831851 0.43529412 0.89019608 0.96078431
v -0.02947484 0.00181407 -0.01754418 0.43529412 0.89019608 0.96078431
v -0.02980371 0.00294424 -0.01640968 0.43529412 0.89019608 0.96078431
v -0.02876116 0.00181407 -0.01892628 0.43529412 0.89019608 0.96078431
v -0.02878628 0.00060285 -0.01895779 0.43529412 0.89019608 0.96078431
v -0.02878628 -0.00059937 -0.01895779 0.43529412 0.89019608 0.96078431
v -0.02870635 -0.00301731 -0.01884975 0.43529412 0.89019608 0.96078431
v -0.02876002 -0.00180608 -0.01892178 0.43529412 0.89019608 0.96078431
v -0.02980371 0.00181407 -0.01654024 0.43529412 0.89019608 0.96078431
v -0.02986994 0.00180957 -0.01633315 0.43529412 0.89019608 0.96078431
v -0.03042946 0.00059835 -0.01379854 0.43529412 0.89019608 0.96078431
v -0.02923619 -0.00543975 -0.01734159 0.43529412 0.89019608 0.96078431
v -0.02940519 -0.00301731 -0.01754418 0.43529412 0.89019608 0.96078431
v -0.02926131 -0.00419251 -0.01762071 0.43529412 0.89019608 0.96078431
v -0.02980371 -0.00181059 -0.01653573 0.43529412 0.89019608 0.96078431
v -0.02947370 -0.00180608 -0.01754418 0.43529412 0.89019608 0.96078431
v -0.03042946 -0.00060387 -0.01376702 0.43529412 0.89019608 0.96078431
v -0.02989163 -0.00060387 -0.01633315 0.43529412 0.89019608 0.96078431
v -0.02980371 -0.00059937 -0.01661227 0.43529412 0.89019608 0.96078431
v -0.02950568 -0.00059937 -0.01754418 0.43529412 0.89019608 0.96078431
v -0.02900210 -0.00457073 -0.01807541 0.43529412 0.89019608 0.96078431
v -0.02905805 -0.00376475 -0.01817895 0.43529412 0.89019608 0.96078431
v -0.02915283 0.00060285 -0.01835453 0.43529412 0.89019608 0.96078431
v -0.02950568 0.00060285 -0.01754418 0.43529412 0.89019608 0.96078431
v -0.02913456 -0.00180608 -0.01831851 0.43529412 0.89019608 0.96078431
v -0.02915283 -0.00059937 -0.01835003 0.43529412 0.89019608 0.96078431
v -0.02909345 -0.00301731 -0.01824648 0.43529412 0.89019608 0.96078431
v -0.02980371 0.00158894 -0.01655374 0.43529412 0.89019608 0.96078431
v -0.02980371 0.00060285 -0.01661227 0.43529412 0.89019608 0.96078431
v -0.02989163 0.00059835 -0.01633315 0.43529412 0.89019608 0.96078431
v -0.03042946 0.00049479 -0.01379854 0.43529412 0.89019608 0.96078431
f 1 2 3
f 1 3 13
f 1 13 4
f 1 4 24
f 1 24 5
f 1 5 6
f 1 6 7
f 1 7 8
f 1 8 9
f 1 9 10
f 1 10 11
f 1 11 12
f 1 12 2
f 2 12 3
f 3 12 14
f 3 14 15
f 3 15 31
f 3 31 13
f 4 13 16
f 4 16 17
f 4 17 18
f 4 18 19
f 4 19 20
f 4 20 21
f 4 21 22
f 4 22 23
f 4 23 24
f 5 25 6
f 5 24 25
f 6 25 7
f 7 25 26
f 7 26 8
f 8 27 9
f 8 26 27
f 9 27 28
f 9 28 29
f 9 29 30
f 9 30 10
f 10 30 11
f 11 30 14
f 11 14 12
f 13 31 32
f 13 32 17
f 13 17 16
f 14 33 34
f 14 34 15
f 14 30 47
f 14 47 33
f 15 34 48
f 15 48 31
f 17 32 18
f 18 32 35
f 18 35 19
f 19 35 20
f 20 35 36
f 20 36 37
f 20 37 38
f 20 38 21
f 21 38 39
f 21 39 22
f 22 39 40
f 22 40 23
f 23 40 24
f 24 40 25
f 25 40 39
f 25 39 64
f 25 64 106
f 25 106 152
f 25 152 198
f 25 198 244
f 25 244 295
f 25 295 347
f 25 347 401
f 25 401 467
f 25 467 544
f 25 544 620
f 25 620 696
f 25 696 793
f 25 793 884
f 25 884 960
f 25 960 1051
f 25 1051 1135
f 25 1135 1213
f 25 1213 1294
f 25 1294 1372
f 25 1372 1463
f 25 1463 1405
f 25 1405 1328
f 25 1328 1247
f 25 1247 1167
f 25 1167 1086
f 25 1086 998
f 25 998 914
f 25 914 826
f 25 826 727
f 25 727 637
f 25 637 558
f 25 558 479
f 25 479 411
f 25 411 355
f 25 355 302
f 25 302 251
f 25 251 207
f 25 207 159
f 25 159 113
f 25 113 70
f 25 70 41
f 25 41 26
f 26 41 42
f 26 42 43
f 26 43 27
f 27 43 28
f 28 44 29
f 28 43 45
f 28 45 44
f 29 46 47
f 29 47 30
f 29 44 46
f 31 48 32
f 32 48 49
f 32 49 52
f 32 52 35
f 33 50 51
f 33 51 34
f 33 47 50
f 34 51 83
f 34 83 48
f 35 52 53
f 35 53 36
f 36 53 54
f 36 54 37
f 37 54 55
f 37 55 56
f 37 56 38
f 38 56 39
f 39 56 57
f 39 57 58
f 39 58 59
f 39 59 60
f 39 60 61
f 39 61 62
f 39 62 63
f 39 63 64
f 41 65 66
f 41 66 67
f 41 67 68
f 41 68 69
f 41 69 42
f 41 70 65
f 42 69 71
f 42 71 43
f 43 72 45
f 43 71 73
f 43 73 74
f 43 74 72
f 44 75 46
f 44 45 76
f 44 76 77
f 44 77 75
f 45 72 78
f 45 78 76
f 46 75 79
f 46 79 80
f 46 80 81
f 46 81 47
f 47 82 50
f 47 81 82
f 48 83 49
f 49 84 52
f 49 83 84
f 50 85 51
f 50 82 86
f 50 86 85
f 51 85 87
f 51 87 83
f 52 88 89
f 52 89 53
f 52 84 88
f 53 89 90
f 53 90 91
f 53 91 92
f 53 92 54
f 54 92 93
f 54 93 94
f 54 94 55
f 55 94 95
f 55 95 96
f 55 96 56
f 56 96 97
f 56 97 98
f 56 98 99
f 56 99 57
f 57 99 58
f 58 100 101
f 58 101 59
f 58 99 100
f 59 101 61
f 59 61 60
f 61 102 62
f 61 101 102
f 62 103 104
f 62 104 63
f 62 102 103
f 63 104 64
f 64 105 106
f 64 104 105
f 65 107 66
f 65 70 107
f 66 107 108
f 66 108 109
f 66 109 110
f 66 110 67
f 67 110 111
f 67 111 68
f 68 111 69
f 69 112 71
f 69 111 112
f 70 113 114
f 70 114 107
f 71 115 116
f 71 116 73
f 71 112 115
f 72 74 78
f 73 116 78
f 73 78 74
f 75 77 79
f 76 78 117
f 76 117 77
f 77 117 118
f 77 118 79
f 78 116 119
f 78 119 117
f 79 120 80
f 79 118 121
f 79 121 122
f 79 122 123
f 79 123 124
f 79 124 120
f 80 125 81
f 80 120 125
f 81 125 126
f 81 126 82
f 82 126 86
f 83 127 128
f 83 128 84
f 83 87 127
f 84 128 129
f 84 129 88
f 85 130 131
f 85 131 87
f 85 86 130
f 86 126 132
f 86 132 130
f 87 131 170
f 87 170 127
f 88 133 89
f 88 129 133
f 89 134 90
f 89 133 134
f 90 135 91
f 90 134 135
f 91 136 137
f 91 137 138
f 91 138 139
f 91 139 93
f 91 93 92
f 91 135 136
f 93 139 138
f 93 138 140
f 93 140 94
f 94 140 95
f 95 140 141
f 95 141 142
f 95 142 98
f 95 98 97
f 95 97 96
f 98 142 99
f 99 142 143
f 99 143 100
f 100 143 144
f 100 144 145
f 100 145 101
f 101 145 102
f 102 145 103
f 103 146 104
f 103 145 146
f 104 146 147
f 104 147 148
f 104 148 105
f 105 148 149
f 105 149 150
f 105 150 106
f 106 150 151
f 106 151 152
f 107 114 153
f 107 153 154
f 107 154 108
f 108 155 156
f 108 156 109
f 108 154 155
f 109 156 110
f 110 156 111
f 111 156 112
f 112 157 115
f 112 156 157
f 113 158 114
f 113 159 160
f 113 160 158
f 114 158 161
f 114 161 153
f 115 157 116
f 116 157 117
f 116 117 119
f 117 157 121
f 117 121 118
f 120 124 162
f 120 162 125
f 121 157 163
f 121 163 164
f 121 164 122
f 122 165 123
f 122 164 166
f 122 166 165
f 123 165 167
f 123 167 124
f 124 167 162
f 125 162 168
f 125 168 126
f 126 168 169
f 126 169 132
f 127 170 171
f 127 171 128
f 128 171 129
f 129 172 133
f 129 171 172
f 130 173 131
f 130 132 174
f 130 174 173
f 131 173 175
f 131 175 176
f 131 176 170
f 132 169 177
f 132 177 174
f 133 172 178
f 133 178 179
f 133 179 134
f 134 179 180
f 134 180 135
f 135 180 136
f 136 180 181
f 136 181 137
f 137 181 182
f 137 182 183
f 137 183 138
f 138 183 184
f 138 184 185
f 138 185 144
f 138 144 142
f 138 142 140
f 140 142 141
f 142 144 143
f 144 185 184
f 144 184 186
f 144 186 187
f 144 187 145
f 145 187 188
f 145 188 189
f 145 189 190
f 145 190 146
f 146 190 147
f 147 190 191
f 147 191 192
f 147 192 193
f 147 193 149
f 147 149 148
f 149 193 194
f 149 194 195
f 149 195 151
f 149 151 150
f 151 195 196
f 151 196 242
f 151 242 197
f 151 197 198
f 151 198 152
f 153 161 199
f 153 199 154
f 154 199 200
f 154 200 201
f 154 201 155
f 155 202 203
f 155 203 156
f 155 201 202
f 156 204 205
f 156 205 157
f 156 203 204
f 157 164 163
f 157 205 206
f 157 206 164
f 158 160 161
f 159 207 208
f 159 208 160
f 160 209 161
f 160 208 209
f 161 209 199
f 162 167 210
f 162 210 211
f 162 211 168
f 164 206 212
f 164 212 213
f 164 213 166
f 165 166 214
f 165 214 215
f 165 215 167
f 166 213 216
f 166 216 214
f 167 215 217
f 167 217 210
f 168 211 218
f 168 218 169
f 169 218 177
f 170 176 219
f 170 219 171
f 171 219 220
f 171 220 172
f 172 221 178
f 172 220 221
f 173 222 223
f 173 223 175
f 173 174 224
f 173 224 222
f 174 177 226
f 174 226 224
f 175 223 176
f 176 225 219
f 176 223 225
f 177 218 226
f 178 221 227
f 178 227 179
f 179 227 228
f 179 228 180
f 180 228 229
f 180 229 181
f 181 230 231
f 181 231 182
f 181 229 230
f 182 231 232
f 182 232 233
f 182 233 183
f 183 233 184
f 184 233 234
f 184 234 235
f 184 235 186
f 186 235 187
f 187 235 188
f 188 236 237
f 188 237 189
f 188 235 236
f 189 237 190
f 190 237 191
f 191 238 192
f 191 237 238
f 192 238 239
f 192 239 194
f 192 194 193
f 194 239 240
f 194 240 241
f 194 241 196
f 194 196 195
f 196 241 242
f 197 242 243
f 197 243 198
f 198 243 244
f 199 209 245
f 199 245 200
f 200 246 201
f 200 245 247
f 200 247 246
f 201 246 202
f 202 246 248
f 202 248 249
f 202 249 250
f 202 250 204
f 202 204 203
f 204 250 212
f 204 212 205
f 205 212 206
f 207 251 252
f 207 252 208
f 208 253 209
f 208 252 254
f 208 254 253
f 209 253 245
f 210 217 255
f 210 255 256
f 210 256 211
f 211 257 258
f 211 258 218
f 211 256 259
f 211 259 257
f 212 216 213
f 212 250 260
f 212 260 216
f 214 216 261
f 214 261 262
f 214 262 215
f 215 262 255
f 215 255 217
f 216 260 263
f 216 263 264
f 216 264 261
f 218 258 226
f 219 265 266
f 219 266 220
f 219 225 265
f 220 266 267
f 220 267 221
f 221 267 227
f 222 268 223
f 222 224 269
f 222 269 268
f 223 268 270
f 223 270 271
f 223 271 225
f 224 226 272
f 224 272 269
f 225 271 273
f 225 273 265
f 226 258 274
f 226 274 272
f 227 275 228
f 227 267 275
f 228 276 277
f 228 277 278
f 228 278 229
f 228 275 276
f 229 278 279
f 229 279 230
f 230 279 231
f 231 279 280
f 231 280 232
f 232 280 281
f 232 281 282
f 232 282 234
f 232 234 233
f 234 282 235
f 235 282 283
f 235 283 236
f 236 283 284
f 236 284 285
f 236 285 237
f 237 285 286
f 237 286 238
f 238 286 287
f 238 287 288
f 238 288 289
f 238 289 239
f 239 289 240
f 240 289 290
f 240 290 291
f 240 291 241
f 241 291 242
f 242 291 292
f 242 292 293
f 242 293 294
f 242 294 243
f 243 294 295
f 243 295 244
f 245 253 296
f 245 296 297
f 245 297 247
f 246 298 248
f 246 247 299
f 246 299 300
f 246 300 298
f 247 297 299
f 248 298 249
f 249 298 301
f 249 301 263
f 249 263 250
f 250 263 260
f 251 302 252
f 252 302 303
f 252 303 254
f 253 254 306
f 253 306 296
f 254 303 304
f 254 304 305
f 254 305 306
f 255 262 307
f 255 307 308
f 255 308 309
f 255 309 256
f 256 309 310
f 256 310 259
f 257 311 274
f 257 274 258
f 257 259 310
f 257 310 312
f 257 312 313
f 257 313 311
f 261 264 314
f 261 314 262
f 262 314 307
f 263 315 264
f 263 301 316
f 263 316 315
f 264 315 314
f 265 273 317
f 265 317 266
f 266 317 318
f 266 318 267
f 267 318 319
f 267 319 275
f 268 320 322
f 268 322 270
f 268 269 320
f 269 321 320
f 269 272 321
f 270 322 323
f 270 323 271
f 271 323 273
f 272 274 324
f 272 324 321
f 273 325 326
f 273 326 317
f 273 323 325
f 274 311 324
f 275 319 276
f 276 319 327
f 276 327 328
f 276 328 329
f 276 329 330
f 276 330 277
f 277 330 278
f 278 330 331
f 278 331 279
f 279 332 333
f 279 333 280
f 279 331 332
f 280 333 334
f 280 334 281
f 281 334 335
f 281 335 282
f 282 335 284
f 282 284 283
f 284 335 336
f 284 336 337
f 284 337 338
f 284 338 285
f 285 338 287
f 285 287 286
f 287 339 340
f 287 340 288
f 287 338 339
f 288 340 289
f 289 340 341
f 289 341 342
f 289 342 290
f 290 342 343
f 290 343 291
f 291 343 292
f 292 343 344
f 292 344 345
f 292 345 293
f 293 345 294
f 294 345 346
f 294 346 347
f 294 347 295
f 296 306 297
f 297 306 348
f 297 348 299
f 298 300 349
f 298 349 350
f 298 350 301
f 299 349 300
f 299 348 351
f 299 351 352
f 299 352 349
f 301 353 316
f 301 350 354
f 301 354 353
f 302 355 356
f 302 356 303
f 303 356 304
f 304 356 357
f 304 357 305
f 305 358 306
f 305 357 359
f 305 359 358
f 306 358 348
f 307 314 360
f 307 360 361
f 307 361 308
f 308 361 362
f 308 362 309
f 309 362 310
f 310 362 312
f 311 313 363
f 311 363 364
f 311 364 324
f 312 362 365
f 312 365 363
f 312 363 313
f 314 315 366
f 314 366 367
f 314 367 368
f 314 368 360
f 315 316 353
f 315 353 366
f 317 326 318
f 318 326 369
f 318 369 319
f 319 369 327
f 320 370 322
f 320 321 371
f 320 371 370
f 321 324 372
f 321 372 371
f 322 370 373
f 322 373 323
f 323 374 375
f 323 375 325
f 323 373 374
f 324 364 376
f 324 376 372
f 325 375 377
f 325 377 326
f 326 377 378
f 326 378 369
f 327 379 380
f 327 380 328
f 327 369 379
f 328 380 329
f 329 380 381
f 329 381 382
f 329 382 330
f 330 382 331
f 331 382 332
f 332 382 383
f 332 383 333
f 333 384 334
f 333 383 384
f 334 385 386
f 334 386 387
f 334 387 336
f 334 336 335
f 334 384 385
f 336 387 388
f 336 388 337
f 337 388 338
f 338 388 389
f 338 389 339
f 339 389 390
f 339 390 391
f 339 391 340
f 340 391 392
f 340 392 393
f 340 393 341
f 341 393 342
f 342 393 394
f 342 394 395
f 342 395 396
f 342 396 343
f 343 396 344
f 344 396 397
f 344 397 398
f 344 398 399
f 344 399 345
f 345 399 346
f 346 399 347
f 347 399 400
f 347 400 401
f 348 358 351
f 349 402 350
f 349 352 403
f 349 403 404
f 349 404 402
f 350 405 354
f 350 402 405
f 351 403 352
f 351 358 406
f 351 406 407
f 351 407 408
f 351 408 403
f 353 354 405
f 353 405 409
f 353 409 410
f 353 410 366
f 355 411 412
f 355 412 413
f 355 413 356
f 356 413 357
f 357 413 414
f 357 414 359
f 358 359 406
f 359 414 415
f 359 415 406
f 360 368 361
f 361 368 416
f 361 416 362
f 362 416 417
f 362 417 365
f 363 365 418
f 363 418 364
f 364 419 376
f 364 418 420
f 364 420 419
f 365 417 421
f 365 421 422
f 365 422 418
f 366 410 423
f 366 423 367
f 367 423 368
f 368 423 424
f 368 424 425
f 368 425 426
f 368 426 416
f 369 378 427
f 369 427 379
f 370 428 373
f 370 371 429
f 370 429 428
f 371 372 429
f 372 376 419
f 372 419 430
f 372 430 429
f 373 428 431
f 373 431 432
f 373 432 374
f 374 432 433
f 374 433 375
f 375 433 434
f 375 434 377
f 377 434 378
f 378 435 436
f 378 436 427
f 378 434 435
f 379 427 436
f 379 436 437
f 379 437 438
f 379 438 380
f 380 438 381
f 381 438 439
f 381 439 440
f 381 440 441
f 381 441 382
f 382 441 442
f 382 442 383
f 383 442 385
f 383 385 384
f 385 443 444
f 385 444 445
f 385 445 386
f 385 442 446
f 385 446 443
f 386 445 387
f 387 445 447
f 387 447 448
f 387 448 388
f 388 448 390
f 388 390 389
f 390 449 450
f 390 450 391
f 390 448 451
f 390 451 449
f 391 450 392
f 392 450 452
f 392 452 453
f 392 453 393
f 393 453 454
f 393 454 394
f 394 454 395
f 395 454 455
f 395 455 456
f 395 456 457
f 395 457 458
f 395 458 397
f 395 397 396
f 397 458 459
f 397 459 398
f 398 459 460
f 398 460 461
f 398 461 399
f 399 461 400
f 400 461 401
f 401 461 462
f 401 462 463
f 401 463 464
f 401 464 465
f 401 465 466
f 401 466 467
f 402 404 468
f 402 468 405
f 403 469 404
f 403 408 470
f 403 470 471
f 403 471 469
f 404 469 468
f 405 472 473
f 405 473 409
f 405 468 474
f 405 474 472
f 406 415 407
f 407 470 408
f 407 415 475
f 407 475 476
f 407 476 477
f 407 477 470
f 409 478 410
f 409 473 478
f 410 478 423
f 411 479 480
f 411 480 481
f 411 481 482
f 411 482 483
f 411 483 484
f 411 484 485
f 411 485 486
f 411 486 487
f 411 487 488
f 411 488 489
f 411 489 412
f 412 489 413
f 413 489 414
f 414 489 490
f 414 490 491
f 414 491 415
f 415 491 475
f 416 426 421
f 416 421 417
f 418 422 492
f 418 492 493
f 418 493 494
f 418 494 420
f 419 420 494
f 419 494 495
f 419 495 430
f 421 496 422
f 421 426 496
f 422 496 492
f 423 478 424
f 424 497 498
f 424 498 425
f 424 478 499
f 424 499 497
f 425 500 426
f 425 498 500
f 426 500 496
f 428 501 431
f 428 429 502
f 428 502 503
f 428 503 501
f 429 430 495
f 429 495 504
f 429 504 505
f 429 505 502
f 431 501 506
f 431 506 507
f 431 507 432
f 432 507 508
f 432 508 433
f 433 508 509
f 433 509 510
f 433 510 434
f 434 510 511
f 434 511 512
f 434 512 513
f 434 513 435
f 435 513 436
f 436 513 514
f 436 514 437
f 437 514 438
f 438 515 516
f 438 516 439
f 438 514 515
f 439 516 517
f 439 517 440
f 440 517 446
f 440 446 442
f 440 442 441
f 443 446 518
f 443 518 519
f 443 519 444
f 444 519 520
f 444 520 521
f 444 521 522
f 444 522 445
f 445 522 447
f 446 517 518
f 447 522 448
f 448 522 451
f 449 451 523
f 449 523 524
f 449 524 450
f 450 524 525
f 450 525 526
f 450 526 452
f 451 522 523
f 452 526 453
f 453 527 528
f 453 528 454
f 453 526 527
f 454 528 455
f 455 528 529
f 455 529 456
f 456 530 531
f 456 531 532
f 456 532 533
f 456 533 457
f 456 529 534
f 456 534 530
f 457 533 459
f 457 459 458
f 459 535 460
f 459 533 536
f 459 536 537
f 459 537 538
f 459 538 535
f 460 535 461
f 461 535 462
f 462 538 539
f 462 539 463
f 462 535 538
f 463 539 464
f 464 539 538
f 464 538 537
f 464 537 465
f 465 537 540
f 465 540 541
f 465 541 542
f 465 542 543
f 465 543 466
f 466 543 467
f 467 543 545
f 467 545 546
f 467 546 547
f 467 547 544
f 468 548 472
f 468 472 474
f 468 469 549
f 468 549 550
f 468 550 548
f 469 471 549
f 470 477 551
f 470 551 471
f 471 551 549
f 472 548 552
f 472 552 553
f 472 553 499
f 472 499 478
f 472 478 473
f 475 491 476
f 476 491 554
f 476 554 555
f 476 555 556
f 476 556 477
f 477 556 557
f 477 557 551
f 479 558 559
f 479 559 560
f 479 560 561
f 479 561 480
f 480 561 562
f 480 562 481
f 481 562 482
f 482 562 563
f 482 563 564
f 482 564 483
f 483 565 566
f 483 566 567
f 483 567 485
f 483 485 484
f 483 564 568
f 483 568 565
f 485 569 570
f 485 570 486
f 485 567 571
f 485 571 569
f 486 570 487
f 487 570 572
f 487 572 488
f 488 572 573
f 488 573 489
f 489 573 490
f 490 573 491
f 491 573 572
f 491 572 570
f 491 570 574
f 491 574 554
f 492 496 575
f 492 575 493
f 493 575 576
f 493 576 494
f 494 576 495
f 495 576 577
f 495 577 578
f 495 578 504
f 496 500 579
f 496 579 580
f 496 580 575
f 497 581 498
f 497 499 582
f 497 582 581
f 498 581 500
f 499 583 582
f 499 553 583
f 500 581 579
f 501 503 584
f 501 584 506
f 502 505 503
f 503 505 585
f 503 585 586
f 503 586 584
f 504 578 585
f 504 585 505
f 506 584 587
f 506 587 588
f 506 588 507
f 507 588 589
f 507 589 508
f 508 589 509
f 509 589 510
f 510 589 590
f 510 590 591
f 510 591 592
f 510 592 511
f 511 592 512
f 512 592 593
f 512 593 513
f 513 593 594
f 513 594 595
f 513 595 514
f 514 595 515
f 515 595 596
f 515 596 516
f 516 596 517
f 517 596 597
f 517 597 598
f 517 598 518
f 518 598 519
f 519 599 520
f 519 598 599
f 520 599 600
f 520 600 521
f 521 600 601
f 521 601 602
f 521 602 523
f 521 523 522
f 523 602 603
f 523 603 524
f 524 603 525
f 525 603 604
f 525 604 605
f 525 605 526
f 526 605 606
f 526 606 527
f 527 606 528
f 528 607 534
f 528 534 529
f 528 606 607
f 530 534 608
f 530 608 609
f 530 609 531
f 531 536 532
f 531 609 610
f 531 610 611
f 531 611 536
f 532 536 533
f 534 607 612
f 534 612 608
f 536 611 613
f 536 613 614
f 536 614 541
f 536 541 540
f 536 540 537
f 541 614 615
f 541 615 542
f 542 615 616
f 542 616 543
f 543 616 617
f 543 617 618
f 543 618 619
f 543 619 545
f 544 547 621
f 544 621 622
f 544 622 623
f 544 623 697
f 544 697 620
f 545 619 624
f 545 624 546
f 546 624 625
f 546 625 547
f 547 625 621
f 548 550 552
f 549 626 627
f 549 627 628
f 549 628 550
f 549 551 626
f 550 628 552
f 551 557 629
f 551 629 630
f 551 630 626
f 552 628 631
f 552 631 632
f 552 632 553
f 553 632 633
f 553 633 634
f 553 634 583
f 554 574 555
f 555 574 635
f 555 635 556
f 556 635 636
f 556 636 629
f 556 629 557
f 558 637 638
f 558 638 639
f 558 639 640
f 558 640 641
f 558 641 559
f 559 641 642
f 559 642 562
f 559 562 560
f 560 562 561
f 562 642 732
f 562 732 643
f 562 643 644
f 562 644 645
f 562 645 646
f 562 646 563
f 563 647 648
f 563 648 564
f 563 646 647
f 564 648 649
f 564 649 568
f 565 650 566
f 565 568 650
f 566 650 567
f 567 650 571
f 568 649 650
f 569 571 574
f 569 574 570
f 571 650 651
f 571 651 652
f 571 652 653
f 571 653 574
f 574 653 654
f 574 654 635
f 575 580 655
f 575 655 656
f 575 656 576
f 576 656 657
f 576 657 577
f 577 657 578
f 578 657 658
f 578 658 585
f 579 655 580
f 579 581 659
f 579 659 660
f 579 660 655
f 581 582 661
f 581 661 659
f 582 583 661
f 583 634 661
f 584 662 587
f 584 586 663
f 584 663 662
f 585 658 664
f 585 664 586
f 586 664 665
f 586 665 663
f 587 662 666
f 587 666 667
f 587 667 588
f 588 667 668
f 588 668 589
f 589 668 669
f 589 669 590
f 590 670 671
f 590 671 591
f 590 669 670
f 591 671 672
f 591 672 673
f 591 673 592
f 592 673 593
f 593 673 594
f 594 673 674
f 594 674 595
f 595 674 596
f 596 674 675
f 596 675 676
f 596 676 597
f 597 676 598
f 598 676 677
f 598 677 678
f 598 678 599
f 599 678 679
f 599 679 600
f 600 679 601
f 601 679 680
f 601 680 602
f 602 681 682
f 602 682 603
f 602 680 681
f 603 682 683
f 603 683 604
f 604 683 605
f 605 683 684
f 605 684 685
f 605 685 606
f 606 685 607
f 607 685 612
f 608 686 687
f 608 687 609
f 608 612 688
f 608 688 686
f 609 687 610
f 610 689 613
f 610 613 611
f 610 687 689
f 612 685 688
f 613 689 690
f 613 690 691
f 613 691 692
f 613 692 614
f 614 692 615
f 615 617 616
f 615 692 693
f 615 693 694
f 615 694 618
f 615 618 617
f 618 694 619
f 619 695 624
f 619 694 695
f 620 697 698
f 620 698 699
f 620 699 700
f 620 700 696
f 621 625 622
f 622 625 623
f 623 625 706
f 623 706 697
f 624 695 701
f 624 701 702
f 624 702 625
f 625 702 703
f 625 703 704
f 625 704 705
f 625 705 798
f 625 798 706
f 626 707 627
f 626 630 707
f 627 707 708
f 627 708 631
f 627 631 628
f 629 709 630
f 629 636 710
f 629 710 711
f 629 711 709
f 630 709 707
f 631 708 712
f 631 712 632
f 632 713 714
f 632 714 633
f 632 712 713
f 633 714 715
f 633 715 634
f 634 715 661
f 635 710 636
f 635 654 716
f 635 716 710
f 637 717 718
f 637 718 719
f 637 719 720
f 637 720 721
f 637 721 722
f 637 722 723
f 637 723 724
f 637 724 725
f 637 725 726
f 637 726 638
f 637 727 717
f 638 726 642
f 638 642 639
f 639 642 640
f 640 642 641
f 642 726 725
f 642 725 728
f 642 728 729
f 642 729 730
f 642 730 731
f 642 731 732
f 643 733 644
f 643 732 831
f 643 831 733
f 644 733 734
f 644 734 645
f 645 734 647
f 645 647 646
f 647 735 736
f 647 736 648
f 647 734 834
f 647 834 735
f 648 736 649
f 649 736 737
f 649 737 738
f 649 738 652
f 649 652 739
f 649 739 650
f 650 652 651
f 650 739 652
f 652 740 653
f 652 738 740
f 653 741 716
f 653 716 654
f 653 740 742
f 653 742 741
f 655 743 744
f 655 744 656
f 655 660 745
f 655 745 743
f 656 744 657
f 657 744 746
f 657 746 658
f 658 746 747
f 658 747 664
f 659 661 748
f 659 748 660
f 660 748 745
f 661 749 748
f 661 715 749
f 662 750 666
f 662 663 751
f 662 751 750
f 663 665 751
f 664 747 752
f 664 752 753
f 664 753 754
f 664 754 665
f 665 754 751
f 666 750 755
f 666 755 756
f 666 756 667
f 667 756 668
f 668 757 669
f 668 756 757
f 669 757 758
f 669 758 670
f 670 758 671
f 671 759 760
f 671 760 672
f 671 758 759
f 672 760 761
f 672 761 762
f 672 762 673
f 673 762 674
f 674 762 675
f 675 762 763
f 675 763 676
f 676 763 764
f 676 764 765
f 676 765 677
f 677 766 678
f 677 765 766
f 678 766 767
f 678 767 679
f 679 767 768
f 679 768 680
f 680 768 681
f 681 768 769
f 681 769 682
f 682 769 770
f 682 770 771
f 682 771 683
f 683 771 684
f 684 771 685
f 685 771 772
f 685 772 773
f 685 773 688
f 686 688 774
f 686 774 775
f 686 775 687
f 687 775 776
f 687 776 689
f 688 773 774
f 689 777 690
f 689 776 777
f 690 778 691
f 690 777 779
f 690 779 780
f 690 780 781
f 690 781 782
f 690 782 778
f 691 778 692
f 692 778 694
f 692 694 693
f 694 778 782
f 694 782 781
f 694 781 695
f 695 781 794
f 695 794 701
f 696 700 783
f 696 783 784
f 696 784 785
f 696 785 786
f 696 786 787
f 696 787 788
f 696 788 789
f 696 789 790
f 696 790 791
f 696 791 792
f 696 792 793
f 697 706 698
f 698 706 699
f 699 706 700
f 700 706 783
f 701 794 795
f 701 795 796
f 701 796 703
f 701 703 702
f 703 796 704
f 704 797 705
f 704 796 797
f 705 797 890
f 705 890 798
f 706 798 799
f 706 799 800
f 706 800 801
f 706 801 802
f 706 802 783
f 707 803 712
f 707 712 708
f 707 709 804
f 707 804 805
f 707 805 803
f 709 711 804
f 710 716 806
f 710 806 711
f 711 806 807
f 711 807 804
f 712 803 808
f 712 808 809
f 712 809 810
f 712 810 713
f 713 810 811
f 713 811 714
f 714 811 715
f 715 811 812
f 715 812 749
f 716 741 806
f 717 813 718
f 717 727 813
f 718 813 814
f 718 814 815
f 718 815 816
f 718 816 719
f 719 816 817
f 719 817 720
f 720 818 721
f 720 817 818
f 721 818 722
f 722 819 724
f 722 724 723
f 722 818 820
f 722 820 821
f 722 821 819
f 724 819 822
f 724 822 823
f 724 823 824
f 724 824 825
f 724 825 725
f 725 825 728
f 727 826 913
f 727 913 827
f 727 827 813
f 728 828 829
f 728 829 729
f 728 825 828
f 729 829 730
f 730 829 830
f 730 830 731
f 731 831 732
f 731 830 831
f 733 831 918
f 733 918 832
f 733 832 734
f 734 832 833
f 734 833 834
f 735 834 835
f 735 835 836
f 735 836 837
f 735 837 736
f 736 837 838
f 736 838 742
f 736 742 737
f 737 742 738
f 738 742 740
f 741 742 839
f 741 839 840
f 741 840 806
f 742 841 839
f 742 838 841
f 743 842 746
f 743 746 744
f 743 745 843
f 743 843 842
f 745 748 844
f 745 844 845
f 745 845 843
f 746 842 846
f 746 846 747
f 747 846 752
f 748 749 847
f 748 847 844
f 749 812 847
f 750 751 754
f 750 754 753
f 750 753 848
f 750 848 932
f 750 932 1011
f 750 1011 1099
f 750 1099 1179
f 750 1179 1257
f 750 1257 1339
f 750 1339 1420
f 750 1420 1510
f 750 1510 1598
f 750 1598 1675
f 750 1675 1746
f 750 1746 1804
f 750 1804 1851
f 750 1851 1890
f 750 1890 1927
f 750 1927 1960
f 750 1960 1987
f 750 1987 2007
f 750 2007 1993
f 750 1993 1967
f 750 1967 1933
f 750 1933 1896
f 750 1896 1855
f 750 1855 1807
f 750 1807 1752
f 750 1752 1682
f 750 1682 1604
f 750 1604 1516
f 750 1516 1424
f 750 1424 1346
f 750 1346 1263
f 750 1263 1262
f 750 1262 1187
f 750 1187 1105
f 750 1105 1103
f 750 1103 1016
f 750 1016 933
f 750 933 849
f 750 849 758
f 750 758 757
f 750 757 756
f 750 756 755
f 752 848 753
f 752 846 848
f 758 849 759
f 759 849 850
f 759 850 760
f 760 850 761
f 761 850 851
f 761 851 852
f 761 852 764
f 761 764 763
f 761 763 762
f 764 852 765
f 765 852 853
f 765 853 936
f 765 936 854
f 765 854 766
f 766 855 767
f 766 854 855
f 767 855 856
f 767 856 768
f 768 856 857
f 768 857 769
f 769 857 770
f 770 857 858
f 770 858 771
f 771 859 860
f 771 860 772
f 771 858 859
f 772 860 773
f 773 861 774
f 773 860 861
f 774 862 863
f 774 863 775
f 774 861 864
f 774 864 865
f 774 865 862
f 775 863 776
f 776 866 777
f 776 863 866
f 777 866 779
f 779 867 780
f 779 866 867
f 780 868 781
f 780 867 868
f 781 868 794
f 783 802 784
f 784 802 869
f 784 869 785
f 785 870 871
f 785 871 872
f 785 872 787
f 785 787 786
f 785 869 873
f 785 873 870
f 787 874 875
f 787 875 788
f 787 872 876
f 787 876 874
f 788 875 877
f 788 877 878
f 788 878 789
f 789 878 790
f 790 879 791
f 790 878 877
f 790 877 879
f 791 880 881
f 791 881 882
f 791 882 792
f 791 879 880
f 792 882 793
f 793 883 884
f 793 882 883
f 794 868 885
f 794 885 886
f 794 886 795
f 795 887 796
f 795 886 888
f 795 888 887
f 796 889 797
f 796 887 889
f 797 889 966
f 797 966 890
f 798 890 799
f 799 890 891
f 799 891 800
f 800 891 892
f 800 892 801
f 801 892 802
f 802 893 869
f 802 892 893
f 803 805 808
f 804 807 894
f 804 894 805
f 805 894 895
f 805 895 808
f 806 896 807
f 806 840 896
f 807 896 894
f 808 895 897
f 808 897 809
f 809 897 898
f 809 898 899
f 809 899 810
f 810 900 811
f 810 899 900
f 811 900 812
f 812 900 901
f 812 901 902
f 812 902 847
f 813 827 903
f 813 903 814
f 814 904 905
f 814 905 815
f 814 903 906
f 814 906 904
f 815 905 816
f 816 905 817
f 817 905 818
f 818 907 820
f 818 905 907
f 819 821 908
f 819 908 822
f 820 907 821
f 821 909 910
f 821 910 911
f 821 911 908
f 821 907 909
f 822 908 823
f 823 908 824
f 824 912 825
f 824 908 912
f 825 912 828
f 826 914 996
f 826 996 913
f 827 913 915
f 827 915 903
f 828 912 916
f 828 916 917
f 828 917 829
f 829 917 919
f 829 919 830
f 830 918 831
f 830 919 920
f 830 920 918
f 832 918 920
f 832 920 833
f 833 920 1003
f 833 1003 921
f 833 921 835
f 833 835 834
f 835 921 922
f 835 922 923
f 835 923 836
f 836 923 924
f 836 924 837
f 837 924 925
f 837 925 838
f 838 925 841
f 839 926 840
f 839 841 926
f 840 926 927
f 840 927 896
f 841 925 926
f 842 928 846
f 842 843 845
f 842 845 929
f 842 929 928
f 844 930 845
f 844 847 902
f 844 902 931
f 844 931 930
f 845 930 929
f 846 928 932
f 846 932 848
f 849 933 850
f 850 934 851
f 850 933 934
f 851 934 935
f 851 935 936
f 851 936 853
f 851 853 852
f 854 936 937
f 854 937 938
f 854 938 939
f 854 939 855
f 855 939 856
f 856 940 941
f 856 941 857
f 856 939 940
f 857 941 858
f 858 941 942
f 858 942 859
f 859 943 864
f 859 864 860
f 859 942 943
f 860 864 861
f 862 944 945
f 862 945 863
f 862 865 946
f 862 946 944
f 863 945 866
f 864 943 947
f 864 947 948
f 864 948 946
f 864 946 865
f 866 949 867
f 866 945 949
f 867 949 950
f 867 950 868
f 868 950 885
f 869 893 951
f 869 951 873
f 870 952 871
f 870 873 952
f 871 952 872
f 872 952 876
f 873 951 952
f 874 876 953
f 874 953 875
f 875 953 954
f 875 954 877
f 876 952 955
f 876 955 953
f 877 954 879
f 879 954 880
f 880 954 881
f 881 954 956
f 881 956 957
f 881 957 958
f 881 958 882
f 882 958 883
f 883 958 959
f 883 959 884
f 884 959 960
f 885 950 961
f 885 961 886
f 886 961 962
f 886 962 888
f 887 888 965
f 887 965 963
f 887 963 966
f 887 966 889
f 888 962 964
f 888 964 1055
f 888 1055 965
f 890 966 891
f 891 966 963
f 891 963 967
f 891 967 892
f 892 967 968
f 892 968 969
f 892 969 893
f 893 969 951
f 894 896 927
f 894 927 970
f 894 970 971
f 894 971 895
f 895 971 897
f 897 971 972
f 897 972 973
f 897 973 974
f 897 974 898
f 898 974 899
f 899 974 975
f 899 975 900
f 900 975 976
f 900 976 977
f 900 977 901
f 901 977 902
f 902 977 978
f 902 978 931
f 903 915 979
f 903 979 906
f 904 980 905
f 904 906 981
f 904 981 982
f 904 982 980
f 905 983 907
f 905 980 984
f 905 984 983
f 906 979 985
f 906 985 981
f 907 983 986
f 907 986 987
f 907 987 988
f 907 988 909
f 908 911 910
f 908 910 989
f 908 989 912
f 909 988 990
f 909 990 991
f 909 991 992
f 909 992 993
f 909 993 910
f 910 994 912
f 910 912 989
f 910 993 994
f 912 994 995
f 912 995 916
f 913 996 997
f 913 997 915
f 914 998 1083
f 914 1083 996
f 915 997 979
f 916 995 992
f 916 992 999
f 916 999 1000
f 916 1000 917
f 917 1000 1001
f 917 1001 1002
f 917 1002 919
f 919 1002 1003
f 919 1003 920
f 921 1003 1091
f 921 1091 1004
f 921 1004 922
f 922 1004 1005
f 922 1005 1006
f 922 1006 1007
f 922 1007 923
f 923 1007 924
f 924 1007 1008
f 924 1008 1009
f 924 1009 925
f 925 1009 926
f 926 1009 1010
f 926 1010 927
f 927 1010 970
f 928 1011 932
f 928 929 1012
f 928 1012 1013
f 928 1013 1011
f 929 930 931
f 929 931 978
f 929 978 1014
f 929 1014 1015
f 929 1015 1012
f 933 1016 934
f 934 1016 1017
f 934 1017 1018
f 934 1018 935
f 935 937 936
f 935 1018 1019
f 935 1019 1020
f 935 1020 1021
f 935 1021 938
f 935 938 937
f 938 1021 939
f 939 1021 1022
f 939 1022 940
f 940 1022 941
f 941 1023 1024
f 941 1024 942
f 941 1022 1023
f 942 1024 947
f 942 947 943
f 944 946 1025
f 944 1025 945
f 945 1025 1026
f 945 1026 1027
f 945 1027 949
f 946 948 1025
f 947 1028 948
f 947 1024 1029
f 947 1029 1028
f 948 1030 1025
f 948 1028 1030
f 949 1031 950
f 949 1027 1031
f 950 1031 1032
f 950 1032 961
f 951 969 1033
f 951 1033 1034
f 951 1034 1035
f 951 1035 1036
f 951 1036 952
f 952 1035 955
f 952 1036 1035
f 953 1037 1038
f 953 1038 1039
f 953 1039 954
f 953 955 1040
f 953 1040 1041
f 953 1041 1037
f 954 1042 1043
f 954 1043 956
f 954 1039 1042
f 955 1035 1040
f 956 1043 1044
f 956 1044 1045
f 956 1045 957
f 957 1045 1046
f 957 1046 1047
f 957 1047 958
f 958 1047 1048
f 958 1048 959
f 959 1048 1049
f 959 1049 1050
f 959 1050 960
f 960 1050 1052
f 960 1052 1134
f 960 1134 1051
f 961 1032 1053
f 961 1053 962
f 962 1053 1054
f 962 1054 964
f 963 965 967
f 964 1054 1138
f 964 1138 1055
f 965 1055 1056
f 965 1056 1057
f 965 1057 967
f 967 1057 968
f 968 1057 1058
f 968 1058 1059
f 968 1059 969
f 969 1059 1060
f 969 1060 1061
f 969 1061 1033
f 970 1010 1062
f 970 1062 972
f 970 972 971
f 972 1063 973
f 972 1062 1063
f 973 1063 1064
f 973 1064 1065
f 973 1065 974
f 974 1065 1066
f 974 1066 975
f 975 1066 976
f 976 1066 1067
f 976 1067 977
f 977 1067 1068
f 977 1068 1069
f 977 1069 978
f 978 1069 1014
f 979 997 1070
f 979 1070 985
f 980 982 984
f 981 985 1071
f 981 1071 982
f 982 1071 1072
f 982 1072 1073
f 982 1073 1074
f 982 1074 984
f 983 984 986
f 984 1074 1075
f 984 1075 986
f 985 1070 1076
f 985 1076 1071
f 986 1075 987
f 987 1075 1077
f 987 1077 1078
f 987 1078 990
f 987 990 988
f 990 1078 1079
f 990 1079 991
f 991 1080 992
f 991 1079 1081
f 991 1081 1080
f 992 995 994
f 992 994 993
f 992 1080 1082
f 992 1082 999
f 996 1083 997
f 997 1083 1084
f 997 1084 1085
f 997 1085 1070
f 998 1086 1164
f 998 1164 1083
f 999 1082 1087
f 999 1087 1000
f 1000 1087 1088
f 1000 1088 1001
f 1001 1088 1089
f 1001 1089 1002
f 1002 1089 1090
f 1002 1090 1003
f 1003 1090 1091
f 1004 1091 1092
f 1004 1092 1005
f 1005 1092 1173
f 1005 1173 1093
f 1005 1093 1094
f 1005 1094 1006
f 1006 1094 1095
f 1006 1095 1007
f 1007 1095 1096
f 1007 1096 1008
f 1008 1096 1097
f 1008 1097 1009
f 1009 1097 1010
f 1010 1097 1063
f 1010 1063 1062
f 1011 1013 1098
f 1011 1098 1099
f 1012 1015 1098
f 1012 1098 1013
f 1014 1069 1068
f 1014 1068 1100
f 1014 1100 1101
f 1014 1101 1015
f 1015 1101 1102
f 1015 1102 1098
f 1016 1103 1017
f 1017 1104 1018
f 1017 1103 1105
f 1017 1105 1104
f 1018 1104 1019
f 1019 1104 1106
f 1019 1106 1107
f 1019 1107 1020
f 1020 1107 1108
f 1020 1108 1109
f 1020 1109 1110
f 1020 1110 1021
f 1021 1110 1022
f 1022 1110 1111
f 1022 1111 1023
f 1023 1111 1029
f 1023 1029 1024
f 1025 1030 1112
f 1025 1112 1113
f 1025 1113 1026
f 1026 1113 1114
f 1026 1114 1027
f 1027 1114 1115
f 1027 1115 1031
f 1028 1029 1116
f 1028 1116 1117
f 1028 1117 1112
f 1028 1112 1030
f 1029 1111 1118
f 1029 1118 1116
f 1031 1115 1032
f 1032 1115 1119
f 1032 1119 1053
f 1033 1061 1034
f 1034 1061 1120
f 1034 1120 1035
f 1035 1120 1040
f 1037 1121 1122
f 1037 1122 1123
f 1037 1123 1038
f 1037 1041 1124
f 1037 1124 1121
f 1038 1123 1039
f 1039 1123 1042
f 1040 1120 1061
f 1040 1061 1125
f 1040 1125 1124
f 1040 1124 1041
f 1042 1123 1044
f 1042 1044 1043
f 1044 1126 1127
f 1044 1127 1128
f 1044 1128 1045
f 1044 1123 1129
f 1044 1129 1126
f 1045 1128 1046
f 1046 1128 1130
f 1046 1130 1131
f 1046 1131 1047
f 1047 1131 1049
f 1047 1049 1048
f 1049 1131 1132
f 1049 1132 1133
f 1049 1133 1134
f 1049 1134 1052
f 1049 1052 1050
f 1051 1134 1135
f 1053 1119 1136
f 1053 1136 1054
f 1054 1136 1137
f 1054 1137 1216
f 1054 1216 1138
f 1055 1138 1056
f 1056 1138 1139
f 1056 1139 1140
f 1056 1140 1057
f 1057 1140 1058
f 1058 1140 1141
f 1058 1141 1059
f 1059 1141 1142
f 1059 1142 1060
f 1060 1142 1143
f 1060 1143 1061
f 1061 1143 1144
f 1061 1144 1125
f 1063 1145 1064
f 1063 1097 1146
f 1063 1146 1145
f 1064 1145 1065
f 1065 1147 1066
f 1065 1145 1147
f 1066 1148 1149
f 1066 1149 1067
f 1066 1147 1148
f 1067 1149 1068
f 1068 1149 1150
f 1068 1150 1100
f 1070 1085 1151
f 1070 1151 1076
f 1071 1076 1152
f 1071 1152 1153
f 1071 1153 1154
f 1071 1154 1072
f 1072 1154 1073
f 1073 1154 1155
f 1073 1155 1156
f 1073 1156 1074
f 1074 1156 1157
f 1074 1157 1075
f 1075 1157 1158
f 1075 1158 1077
f 1076 1151 1152
f 1077 1158 1078
f 1078 1158 1159
f 1078 1159 1079
f 1079 1159 1160
f 1079 1160 1161
f 1079 1161 1081
f 1080 1081 1162
f 1080 1162 1082
f 1081 1161 1163
f 1081 1163 1162
f 1082 1162 1087
f 1083 1164 1165
f 1083 1165 1084
f 1084 1165 1085
f 1085 1165 1166
f 1085 1166 1151
f 1086 1167 1164
f 1087 1162 1168
f 1087 1168 1088
f 1088 1168 1169
f 1088 1169 1170
f 1088 1170 1089
f 1089 1170 1171
f 1089 1171 1090
f 1090 1171 1092
f 1090 1092 1091
f 1092 1171 1172
f 1092 1172 1173
f 1093 1173 1253
f 1093 1253 1174
f 1093 1174 1175
f 1093 1175 1094
f 1094 1175 1176
f 1094 1176 1095
f 1095 1176 1177
f 1095 1177 1096
f 1096 1177 1097
f 1097 1177 1146
f 1098 1178 1179
f 1098 1179 1099
f 1098 1102 1180
f 1098 1180 1178
f 1100 1150 1181
f 1100 1181 1101
f 1101 1181 1150
f 1101 1150 1182
f 1101 1182 1102
f 1102 1182 1183
f 1102 1183 1184
f 1102 1184 1180
f 1104 1105 1185
f 1104 1185 1186
f 1104 1186 1106
f 1105 1187 1185
f 1106 1186 1188
f 1106 1188 1189
f 1106 1189 1190
f 1106 1190 1107
f 1107 1190 1191
f 1107 1191 1108
f 1108 1110 1109
f 1108 1191 1110
f 1110 1191 1192
f 1110 1192 1118
f 1110 1118 1111
f 1112 1117 1193
f 1112 1193 1194
f 1112 1194 1113
f 1113 1195 1114
f 1113 1194 1195
f 1114 1195 1196
f 1114 1196 1119
f 1114 1119 1115
f 1116 1197 1117
f 1116 1118 1197
f 1117 1197 1193
f 1118 1192 1197
f 1119 1196 1214
f 1119 1214 1136
f 1121 1124 1198
f 1121 1198 1199
f 1121 1199 1122
f 1122 1199 1200
f 1122 1200 1123
f 1123 1200 1201
f 1123 1201 1129
f 1124 1125 1198
f 1125 1202 1198
f 1125 1144 1202
f 1126 1203 1204
f 1126 1204 1127
f 1126 1129 1205
f 1126 1205 1203
f 1127 1204 1128
f 1128 1204 1206
f 1128 1206 1207
f 1128 1207 1130
f 1129 1201 1205
f 1130 1207 1208
f 1130 1208 1131
f 1131 1208 1132
f 1132 1208 1209
f 1132 1209 1210
f 1132 1210 1133
f 1133 1210 1134
f 1134 1210 1211
f 1134 1211 1212
f 1134 1212 1213
f 1134 1213 1135
f 1136 1214 1215
f 1136 1215 1137
f 1137 1215 1297
f 1137 1297 1216
f 1138 1216 1217
f 1138 1217 1139
f 1139 1218 1140
f 1139 1217 1219
f 1139 1219 1218
f 1140 1218 1141
f 1141 1218 1220
f 1141 1220 1221
f 1141 1221 1142
f 1142 1221 1222
f 1142 1222 1143
f 1143 1222 1144
f 1144 1222 1202
f 1145 1146 1223
f 1145 1223 1224
f 1145 1224 1147
f 1146 1177 1225
f 1146 1225 1223
f 1147 1224 1226
f 1147 1226 1148
f 1148 1226 1149
f 1149 1226 1150
f 1150 1226 1227
f 1150 1227 1228
f 1150 1228 1182
f 1151 1166 1229
f 1151 1229 1152
f 1152 1229 1230
f 1152 1230 1231
f 1152 1231 1232
f 1152 1232 1153
f 1153 1232 1154
f 1154 1232 1233
f 1154 1233 1234
f 1154 1234 1155
f 1155 1234 1235
f 1155 1235 1156
f 1156 1236 1158
f 1156 1158 1157
f 1156 1235 1237
f 1156 1237 1236
f 1158 1236 1238
f 1158 1238 1159
f 1159 1238 1239
f 1159 1239 1160
f 1160 1239 1240
f 1160 1240 1161
f 1161 1240 1163
f 1162 1163 1241
f 1162 1241 1168
f 1163 1240 1242
f 1163 1242 1241
f 1164 1167 1243
f 1164 1243 1244
f 1164 1244 1165
f 1165 1244 1245
f 1165 1245 1166
f 1166 1245 1246
f 1166 1246 1229
f 1167 1247 1248
f 1167 1248 1243
f 1168 1241 1249
f 1168 1249 1169
f 1169 1249 1250
f 1169 1250 1170
f 1170 1250 1251
f 1170 1251 1171
f 1171 1251 1172
f 1172 1251 1333
f 1172 1333 1252
f 1172 1252 1173
f 1173 1252 1253
f 1174 1253 1336
f 1174 1336 1254
f 1174 1254 1255
f 1174 1255 1175
f 1175 1255 1256
f 1175 1256 1176
f 1176 1256 1225
f 1176 1225 1177
f 1178 1180 1179
f 1179 1180 1257
f 1180 1184 1258
f 1180 1258 1259
f 1180 1259 1257
f 1182 1260 1183
f 1182 1228 1260
f 1183 1260 1184
f 1184 1260 1261
f 1184 1261 1258
f 1185 1187 1262
f 1185 1262 1263
f 1185 1263 1186
f 1186 1264 1265
f 1186 1265 1188
f 1186 1263 1264
f 1188 1265 1266
f 1188 1266 1267
f 1188 1267 1189
f 1189 1267 1268
f 1189 1268 1269
f 1189 1269 1190
f 1190 1269 1191
f 1191 1269 1192
f 1192 1269 1268
f 1192 1268 1270
f 1192 1270 1197
f 1193 1197 1271
f 1193 1271 1194
f 1194 1272 1195
f 1194 1271 1272
f 1195 1273 1196
f 1195 1272 1273
f 1196 1273 1214
f 1197 1270 1271
f 1198 1274 1275
f 1198 1275 1199
f 1198 1202 1274
f 1199 1275 1276
f 1199 1276 1277
f 1199 1277 1200
f 1200 1277 1278
f 1200 1278 1205
f 1200 1205 1201
f 1202 1222 1279
f 1202 1279 1274
f 1203 1205 1280
f 1203 1280 1281
f 1203 1281 1282
f 1203 1282 1283
f 1203 1283 1204
f 1204 1283 1284
f 1204 1284 1206
f 1205 1278 1285
f 1205 1285 1280
f 1206 1284 1207
f 1207 1284 1286
f 1207 1286 1287
f 1207 1287 1288
f 1207 1288 1208
f 1208 1288 1209
f 1209 1288 1289
f 1209 1289 1290
f 1209 1290 1211
f 1209 1211 1210
f 1211 1290 1291
f 1211 1291 1292
f 1211 1292 1293
f 1211 1293 1212
f 1212 1293 1213
f 1213 1293 1294
f 1214 1273 1295
f 1214 1295 1215
f 1215 1295 1296
f 1215 1296 1374
f 1215 1374 1297
f 1216 1297 1298
f 1216 1298 1217
f 1217 1298 1300
f 1217 1300 1219
f 1218 1219 1299
f 1218 1299 1220
f 1219 1300 1301
f 1219 1301 1299
f 1220 1299 1302
f 1220 1302 1221
f 1221 1302 1303
f 1221 1303 1222
f 1222 1303 1279
f 1223 1225 1304
f 1223 1304 1305
f 1223 1305 1224
f 1224 1305 1226
f 1225 1256 1304
f 1226 1305 1227
f 1227 1305 1228
f 1228 1305 1306
f 1228 1306 1307
f 1228 1307 1308
f 1228 1308 1260
f 1229 1246 1230
f 1230 1246 1309
f 1230 1309 1310
f 1230 1310 1311
f 1230 1311 1312
f 1230 1312 1231
f 1231 1312 1232
f 1232 1312 1313
f 1232 1313 1314
f 1232 1314 1233
f 1233 1314 1315
f 1233 1315 1234
f 1234 1315 1235
f 1235 1315 1316
f 1235 1316 1317
f 1235 1317 1318
f 1235 1318 1237
f 1236 1237 1319
f 1236 1319 1238
f 1237 1318 1319
f 1238 1319 1239
f 1239 1319 1320
f 1239 1320 1240
f 1240 1320 1321
f 1240 1321 1322
f 1240 1322 1242
f 1241 1242 1323
f 1241 1323 1324
f 1241 1324 1249
f 1242 1322 1325
f 1242 1325 1323
f 1243 1248 1244
f 1244 1248 1326
f 1244 1326 1245
f 1245 1326 1327
f 1245 1327 1246
f 1246 1327 1309
f 1247 1328 1329
f 1247 1329 1330
f 1247 1330 1248
f 1248 1330 1326
f 1249 1324 1331
f 1249 1331 1332
f 1249 1332 1250
f 1250 1332 1333
f 1250 1333 1251
f 1252 1333 1334
f 1252 1334 1335
f 1252 1335 1253
f 1253 1335 1336
f 1254 1336 1419
f 1254 1419 1337
f 1254 1337 1338
f 1254 1338 1255
f 1255 1338 1256
f 1256 1338 1304
f 1257 1259 1340
f 1257 1340 1341
f 1257 1341 1342
f 1257 1342 1339
f 1258 1343 1340
f 1258 1340 1259
f 1258 1261 1344
f 1258 1344 1345
f 1258 1345 1343
f 1260 1308 1261
f 1261 1308 1344
f 1263 1346 1347
f 1263 1347 1264
f 1264 1347 1265
f 1265 1348 1349
f 1265 1349 1266
f 1265 1347 1348
f 1266 1349 1350
f 1266 1350 1351
f 1266 1351 1267
f 1267 1351 1268
f 1268 1351 1352
f 1268 1352 1353
f 1268 1353 1271
f 1268 1271 1270
f 1271 1353 1272
f 1272 1354 1273
f 1272 1353 1354
f 1273 1354 1295
f 1274 1279 1355
f 1274 1355 1275
f 1275 1355 1276
f 1276 1356 1357
f 1276 1357 1277
f 1276 1355 1356
f 1277 1357 1278
f 1278 1357 1285
f 1279 1303 1358
f 1279 1358 1355
f 1280 1285 1281
f 1281 1285 1359
f 1281 1359 1360
f 1281 1360 1361
f 1281 1361 1282
f 1282 1361 1283
f 1283 1361 1362
f 1283 1362 1284
f 1284 1362 1363
f 1284 1363 1364
f 1284 1364 1286
f 1285 1357 1359
f 1286 1364 1287
f 1287 1364 1365
f 1287 1365 1366
f 1287 1366 1367
f 1287 1367 1289
f 1287 1289 1288
f 1289 1367 1291
f 1289 1291 1290
f 1291 1367 1368
f 1291 1368 1369
f 1291 1369 1370
f 1291 1370 1292
f 1292 1370 1293
f 1293 1370 1294
f 1294 1370 1371
f 1294 1371 1372
f 1295 1354 1296
f 1296 1354 1373
f 1296 1373 1464
f 1296 1464 1374
f 1297 1374 1375
f 1297 1375 1298
f 1298 1375 1376
f 1298 1376 1300
f 1299 1301 1302
f 1300 1376 1377
f 1300 1377 1301
f 1301 1377 1378
f 1301 1378 1379
f 1301 1379 1302
f 1302 1379 1303
f 1303 1379 1380
f 1303 1380 1381
f 1303 1381 1358
f 1304 1338 1306
f 1304 1306 1305
f 1306 1338 1307
f 1307 1382 1308
f 1307 1338 1337
f 1307 1337 1382
f 1308 1382 1344
f 1309 1327 1383
f 1309 1383 1310
f 1310 1384 1311
f 1310 1383 1385
f 1310 1385 1386
f 1310 1386 1387
f 1310 1387 1384
f 1311 1384 1312
f 1312 1384 1388
f 1312 1388 1313
f 1313 1388 1389
f 1313 1389 1390
f 1313 1390 1314
f 1314 1390 1315
f 1315 1390 1391
f 1315 1391 1392
f 1315 1392 1393
f 1315 1393 1316
f 1316 1393 1394
f 1316 1394 1317
f 1317 1395 1318
f 1317 1394 1395
f 1318 1396 1319
f 1318 1395 1396
f 1319 1396 1397
f 1319 1397 1398
f 1319 1398 1320
f 1320 1398 1399
f 1320 1399 1321
f 1321 1399 1400
f 1321 1400 1322
f 1322 1400 1325
f 1323 1325 1324
f 1324 1325 1401
f 1324 1401 1402
f 1324 1402 1403
f 1324 1403 1331
f 1325 1400 1401
f 1326 1330 1327
f 1327 1330 1404
f 1327 1404 1383
f 1328 1405 1406
f 1328 1406 1407
f 1328 1407 1408
f 1328 1408 1409
f 1328 1409 1410
f 1328 1410 1411
f 1328 1411 1412
f 1328 1412 1413
f 1328 1413 1414
f 1328 1414 1329
f 1329 1414 1330
f 1330 1414 1404
f 1331 1415 1332
f 1331 1403 1416
f 1331 1416 1415
f 1332 1415 1333
f 1333 1415 1334
f 1334 1415 1417
f 1334 1417 1418
f 1334 1418 1335
f 1335 1418 1336
f 1336 1418 1419
f 1337 1419 1471
f 1337 1471 1382
f 1339 1342 1421
f 1339 1421 1420
f 1340 1343 1341
f 1341 1343 1421
f 1341 1421 1342
f 1343 1345 1422
f 1343 1422 1421
f 1344 1423 1422
f 1344 1422 1345
f 1344 1382 1471
f 1344 1471 1423
f 1346 1424 1425
f 1346 1425 1347
f 1347 1425 1348
f 1348 1426 1427
f 1348 1427 1428
f 1348 1428 1349
f 1348 1425 1518
f 1348 1518 1426
f 1349 1428 1350
f 1350 1428 1427
f 1350 1427 1429
f 1350 1429 1523
f 1350 1523 1430
f 1350 1430 1351
f 1351 1430 1352
f 1352 1430 1373
f 1352 1373 1354
f 1352 1354 1353
f 1355 1358 1431
f 1355 1431 1432
f 1355 1432 1433
f 1355 1433 1356
f 1356 1433 1434
f 1356 1434 1435
f 1356 1435 1357
f 1357 1435 1436
f 1357 1436 1437
f 1357 1437 1359
f 1358 1381 1438
f 1358 1438 1431
f 1359 1439 1440
f 1359 1440 1360
f 1359 1437 1439
f 1360 1441 1442
f 1360 1442 1361
f 1360 1440 1441
f 1361 1442 1443
f 1361 1443 1444
f 1361 1444 1362
f 1362 1444 1363
f 1363 1444 1445
f 1363 1445 1446
f 1363 1446 1364
f 1364 1446 1447
f 1364 1447 1365
f 1365 1447 1366
f 1366 1368 1367
f 1366 1447 1448
f 1366 1448 1449
f 1366 1449 1450
f 1366 1450 1368
f 1368 1450 1451
f 1368 1451 1369
f 1369 1451 1452
f 1369 1452 1370
f 1370 1452 1453
f 1370 1453 1371
f 1371 1453 1372
f 1372 1453 1454
f 1372 1454 1455
f 1372 1455 1456
f 1372 1456 1457
f 1372 1457 1458
f 1372 1458 1459
f 1372 1459 1460
f 1372 1460 1461
f 1372 1461 1462
f 1372 1462 1463
f 1373 1430 1523
f 1373 1523 1464
f 1374 1464 1465
f 1374 1465 1375
f 1375 1465 1376
f 1376 1465 1466
f 1376 1466 1377
f 1377 1466 1467
f 1377 1467 1378
f 1378 1467 1468
f 1378 1468 1380
f 1378 1380 1379
f 1380 1468 1469
f 1380 1469 1470
f 1380 1470 1438
f 1380 1438 1381
f 1383 1404 1472
f 1383 1472 1385
f 1384 1387 1473
f 1384 1473 1388
f 1385 1472 1386
f 1386 1472 1474
f 1386 1474 1475
f 1386 1475 1387
f 1387 1475 1476
f 1387 1476 1473
f 1388 1473 1477
f 1388 1477 1478
f 1388 1478 1389
f 1389 1478 1390
f 1390 1478 1479
f 1390 1479 1480
f 1390 1480 1392
f 1390 1392 1391
f 1392 1481 1394
f 1392 1394 1393
f 1392 1480 1482
f 1392 1482 1483
f 1392 1483 1481
f 1394 1484 1395
f 1394 1481 1484
f 1395 1397 1396
f 1395 1484 1397
f 1397 1485 1399
f 1397 1399 1398
f 1397 1484 1486
f 1397 1486 1487
f 1397 1487 1485
f 1399 1485 1400
f 1400 1485 1488
f 1400 1488 1489
f 1400 1489 1401
f 1401 1489 1490
f 1401 1490 1402
f 1402 1490 1403
f 1403 1490 1491
f 1403 1491 1492
f 1403 1492 1416
f 1404 1414 1493
f 1404 1493 1472
f 1405 1494 1495
f 1405 1495 1406
f 1405 1463 1553
f 1405 1553 1494
f 1406 1495 1496
f 1406 1496 1407
f 1407 1496 1497
f 1407 1497 1408
f 1408 1497 1498
f 1408 1498 1409
f 1409 1498 1499
f 1409 1499 1500
f 1409 1500 1501
f 1409 1501 1502
f 1409 1502 1503
f 1409 1503 1410
f 1410 1503 1411
f 1411 1503 1504
f 1411 1504 1505
f 1411 1505 1412
f 1412 1505 1413
f 1413 1505 1506
f 1413 1506 1493
f 1413 1493 1414
f 1415 1416 1417
f 1416 1492 1507
f 1416 1507 1417
f 1417 1507 1508
f 1417 1508 1418
f 1418 1508 1509
f 1418 1509 1419
f 1419 1509 1471
f 1420 1421 1510
f 1421 1422 1511
f 1421 1511 1512
f 1421 1512 1513
f 1421 1513 1510
f 1422 1423 1511
f 1423 1514 1515
f 1423 1515 1512
f 1423 1512 1511
f 1423 1471 1514
f 1424 1516 1517
f 1424 1517 1518
f 1424 1518 1425
f 1426 1519 1520
f 1426 1520 1427
f 1426 1518 1517
f 1426 1517 1519
f 1427 1520 1429
f 1429 1520 1521
f 1429 1521 1522
f 1429 1522 1523
f 1431 1438 1432
f 1432 1524 1525
f 1432 1525 1526
f 1432 1526 1434
f 1432 1434 1433
f 1432 1438 1470
f 1432 1470 1524
f 1434 1526 1436
f 1434 1436 1435
f 1436 1439 1437
f 1436 1526 1527
f 1436 1527 1528
f 1436 1528 1529
f 1436 1529 1439
f 1439 1529 1441
f 1439 1441 1440
f 1441 1529 1530
f 1441 1530 1531
f 1441 1531 1442
f 1442 1531 1443
f 1443 1531 1532
f 1443 1532 1444
f 1444 1532 1533
f 1444 1533 1534
f 1444 1534 1445
f 1445 1534 1446
f 1446 1534 1535
f 1446 1535 1536
f 1446 1536 1447
f 1447 1536 1448
f 1448 1536 1537
f 1448 1537 1538
f 1448 1538 1449
f 1449 1539 1451
f 1449 1451 1450
f 1449 1538 1539
f 1451 1539 1540
f 1451 1540 1541
f 1451 1541 1542
f 1451 1542 1543
f 1451 1543 1452
f 1452 1543 1453
f 1453 1543 1454
f 1454 1456 1455
f 1454 1543 1542
f 1454 1542 1456
f 1456 1542 1457
f 1457 1544 1458
f 1457 1542 1541
f 1457 1541 1544
f 1458 1544 1459
f 1459 1545 1546
f 1459 1546 1547
f 1459 1547 1460
f 1459 1544 1548
f 1459 1548 1549
f 1459 1549 1545
f 1460 1547 1550
f 1460 1550 1461
f 1461 1550 1551
f 1461 1551 1462
f 1462 1551 1552
f 1462 1552 1463
f 1463 1552 1553
f 1464 1523 1554
f 1464 1554 1465
f 1465 1554 1555
f 1465 1555 1466
f 1466 1555 1556
f 1466 1556 1467
f 1467 1556 1557
f 1467 1557 1468
f 1468 1557 1558
f 1468 1558 1559
f 1468 1559 1469
f 1469 1559 1470
f 1470 1559 1524
f 1471 1509 1514
f 1472 1506 1505
f 1472 1505 1504
f 1472 1504 1560
f 1472 1560 1474
f 1472 1493 1506
f 1473 1476 1561
f 1473 1561 1562
f 1473 1562 1563
f 1473 1563 1477
f 1474 1560 1564
f 1474 1564 1475
f 1475 1564 1565
f 1475 1565 1566
f 1475 1566 1561
f 1475 1561 1476
f 1477 1563 1478
f 1478 1563 1567
f 1478 1567 1568
f 1478 1568 1479
f 1479 1568 1482
f 1479 1482 1480
f 1481 1569 1484
f 1481 1483 1570
f 1481 1570 1571
f 1481 1571 1569
f 1482 1568 1572
f 1482 1572 1573
f 1482 1573 1483
f 1483 1573 1574
f 1483 1574 1575
f 1483 1575 1570
f 1484 1569 1576
f 1484 1576 1486
f 1485 1487 1577
f 1485 1577 1488
f 1486 1576 1578
f 1486 1578 1487
f 1487 1578 1579
f 1487 1579 1577
f 1488 1577 1489
f 1489 1577 1580
f 1489 1580 1581
f 1489 1581 1490
f 1490 1581 1491
f 1491 1581 1582
f 1491 1582 1583
f 1491 1583 1492
f 1492 1583 1507
f 1494 1496 1495
f 1494 1553 1551
f 1494 1551 1496
f 1496 1584 1585
f 1496 1585 1586
f 1496 1586 1587
f 1496 1587 1588
f 1496 1588 1497
f 1496 1551 1641
f 1496 1641 1584
f 1497 1588 1589
f 1497 1589 1590
f 1497 1590 1498
f 1498 1591 1499
f 1498 1590 1591
f 1499 1592 1593
f 1499 1593 1500
f 1499 1591 1592
f 1500 1593 1501
f 1501 1593 1502
f 1502 1593 1594
f 1502 1594 1503
f 1503 1595 1504
f 1503 1594 1595
f 1504 1595 1560
f 1507 1583 1596
f 1507 1596 1597
f 1507 1597 1508
f 1508 1597 1509
f 1509 1597 1514
f 1510 1513 1599
f 1510 1599 1600
f 1510 1600 1598
f 1512 1515 1513
f 1513 1601 1600
f 1513 1600 1599
f 1513 1515 1602
f 1513 1602 1601
f 1514 1597 1603
f 1514 1603 1602
f 1514 1602 1515
f 1516 1604 1517
f 1517 1605 1519
f 1517 1604 1605
f 1519 1606 1521
f 1519 1521 1520
f 1519 1605 1607
f 1519 1607 1606
f 1521 1606 1522
f 1522 1606 1608
f 1522 1608 1554
f 1522 1554 1523
f 1524 1559 1609
f 1524 1609 1610
f 1524 1610 1611
f 1524 1611 1525
f 1525 1611 1526
f 1526 1611 1527
f 1527 1612 1613
f 1527 1613 1528
f 1527 1611 1612
f 1528 1613 1614
f 1528 1614 1529
f 1529 1614 1615
f 1529 1615 1530
f 1530 1615 1616
f 1530 1616 1617
f 1530 1617 1618
f 1530 1618 1531
f 1531 1618 1619
f 1531 1619 1532
f 1532 1619 1533
f 1533 1619 1620
f 1533 1620 1621
f 1533 1621 1534
f 1534 1621 1622
f 1534 1622 1535
f 1535 1622 1536
f 1536 1622 1623
f 1536 1623 1624
f 1536 1624 1537
f 1537 1624 1538
f 1538 1624 1625
f 1538 1625 1626
f 1538 1626 1627
f 1538 1627 1539
f 1539 1627 1540
f 1540 1627 1626
f 1540 1626 1628
f 1540 1628 1629
f 1540 1629 1630
f 1540 1630 1631
f 1540 1631 1541
f 1541 1631 1544
f 1544 1631 1630
f 1544 1630 1548
f 1545 1632 1546
f 1545 1549 1632
f 1546 1632 1633
f 1546 1633 1634
f 1546 1634 1547
f 1547 1634 1635
f 1547 1635 1550
f 1548 1630 1632
f 1548 1632 1549
f 1550 1636 1551
f 1550 1635 1637
f 1550 1637 1636
f 1551 1553 1552
f 1551 1636 1638
f 1551 1638 1639
f 1551 1639 1640
f 1551 1640 1641
f 1554 1608 1555
f 1555 1608 1556
f 1556 1608 1642
f 1556 1642 1643
f 1556 1643 1557
f 1557 1643 1558
f 1558 1643 1644
f 1558 1644 1559
f 1559 1644 1609
f 1560 1594 1645
f 1560 1645 1646
f 1560 1646 1647
f 1560 1647 1565
f 1560 1565 1564
f 1560 1595 1594
f 1561 1566 1648
f 1561 1648 1649
f 1561 1649 1650
f 1561 1650 1562
f 1562 1650 1651
f 1562 1651 1563
f 1563 1651 1567
f 1565 1647 1646
f 1565 1646 1652
f 1565 1652 1648
f 1565 1648 1566
f 1567 1651 1653
f 1567 1653 1572
f 1567 1572 1568
f 1569 1571 1654
f 1569 1654 1576
f 1570 1575 1655
f 1570 1655 1571
f 1571 1655 1654
f 1572 1653 1656
f 1572 1656 1573
f 1573 1656 1657
f 1573 1657 1658
f 1573 1658 1574
f 1574 1658 1659
f 1574 1659 1575
f 1575 1659 1655
f 1576 1654 1578
f 1577 1579 1580
f 1578 1654 1660
f 1578 1660 1579
f 1579 1661 1580
f 1579 1660 1662
f 1579 1662 1663
f 1579 1663 1661
f 1580 1661 1581
f 1581 1661 1664
f 1581 1664 1665
f 1581 1665 1582
f 1582 1665 1583
f 1583 1665 1666
f 1583 1666 1596
f 1584 1641 1714
f 1584 1714 1667
f 1584 1667 1668
f 1584 1668 1586
f 1584 1586 1585
f 1586 1668 1587
f 1587 1668 1589
f 1587 1589 1588
f 1589 1669 1590
f 1589 1668 1739
f 1589 1739 1669
f 1590 1670 1591
f 1590 1669 1670
f 1591 1671 1672
f 1591 1672 1592
f 1591 1670 1671
f 1592 1672 1645
f 1592 1645 1593
f 1593 1645 1673
f 1593 1673 1594
f 1594 1673 1645
f 1596 1666 1597
f 1597 1666 1674
f 1597 1674 1603
f 1598 1600 1676
f 1598 1676 1677
f 1598 1677 1675
f 1600 1601 1676
f 1601 1678 1679
f 1601 1679 1676
f 1601 1602 1603
f 1601 1603 1678
f 1603 1674 1678
f 1604 1680 1681
f 1604 1681 1607
f 1604 1607 1605
f 1604 1682 1680
f 1606 1683 1608
f 1606 1607 1681
f 1606 1681 1683
f 1608 1683 1684
f 1608 1684 1685
f 1608 1685 1642
f 1609 1644 1686
f 1609 1686 1687
f 1609 1687 1688
f 1609 1688 1610
f 1610 1688 1612
f 1610 1612 1611
f 1612 1688 1689
f 1612 1689 1690
f 1612 1690 1691
f 1612 1691 1613
f 1613 1691 1692
f 1613 1692 1614
f 1614 1692 1615
f 1615 1692 1616
f 1616 1693 1617
f 1616 1692 1693
f 1617 1693 1694
f 1617 1694 1618
f 1618 1694 1695
f 1618 1695 1696
f 1618 1696 1619
f 1619 1696 1697
f 1619 1697 1620
f 1620 1697 1621
f 1621 1697 1698
f 1621 1698 1699
f 1621 1699 1622
f 1622 1699 1623
f 1623 1699 1700
f 1623 1700 1624
f 1624 1700 1701
f 1624 1701 1625
f 1625 1701 1702
f 1625 1702 1626
f 1626 1702 1703
f 1626 1703 1629
f 1626 1629 1628
f 1629 1704 1705
f 1629 1705 1706
f 1629 1706 1707
f 1629 1707 1708
f 1629 1708 1630
f 1629 1703 1704
f 1630 1708 1709
f 1630 1709 1632
f 1632 1709 1708
f 1632 1708 1633
f 1633 1708 1707
f 1633 1707 1634
f 1634 1707 1710
f 1634 1710 1711
f 1634 1711 1635
f 1635 1711 1712
f 1635 1712 1637
f 1636 1637 1638
f 1637 1712 1777
f 1637 1777 1713
f 1637 1713 1638
f 1638 1713 1639
f 1639 1713 1641
f 1639 1641 1640
f 1641 1713 1714
f 1642 1685 1643
f 1643 1685 1686
f 1643 1686 1644
f 1645 1672 1715
f 1645 1715 1646
f 1646 1715 1716
f 1646 1716 1652
f 1648 1652 1717
f 1648 1717 1649
f 1649 1717 1718
f 1649 1718 1719
f 1649 1719 1650
f 1650 1719 1651
f 1651 1656 1653
f 1651 1719 1720
f 1651 1720 1721
f 1651 1721 1656
f 1652 1722 1717
f 1652 1716 1722
f 1654 1655 1723
f 1654 1723 1660
f 1655 1724 1723
f 1655 1659 1725
f 1655 1725 1724
f 1656 1721 1726
f 1656 1726 1727
f 1656 1727 1728
f 1656 1728 1657
f 1657 1728 1729
f 1657 1729 1658
f 1658 1729 1659
f 1659 1729 1730
f 1659 1730 1725
f 1660 1723 1731
f 1660 1731 1732
f 1660 1732 1662
f 1661 1663 1664
f 1662 1732 1663
f 1663 1733 1734
f 1663 1734 1664
f 1663 1732 1735
f 1663 1735 1733
f 1664 1734 1665
f 1665 1734 1666
f 1666 1734 1736
f 1666 1736 1737
f 1666 1737 1679
f 1666 1679 1674
f 1667 1738 1668
f 1667 1714 1778
f 1667 1778 1738
f 1668 1738 1739
f 1669 1740 1741
f 1669 1741 1670
f 1669 1739 1742
f 1669 1742 1740
f 1670 1741 1743
f 1670 1743 1716
f 1670 1716 1671
f 1671 1716 1672
f 1672 1716 1715
f 1674 1679 1678
f 1675 1677 1744
f 1675 1744 1745
f 1675 1745 1746
f 1676 1679 1747
f 1676 1747 1677
f 1677 1748 1745
f 1677 1745 1744
f 1677 1747 1748
f 1679 1737 1747
f 1680 1682 1749
f 1680 1749 1681
f 1681 1750 1684
f 1681 1684 1751
f 1681 1751 1683
f 1681 1749 1750
f 1682 1752 1753
f 1682 1753 1749
f 1683 1751 1684
f 1684 1750 1685
f 1685 1750 1754
f 1685 1754 1755
f 1685 1755 1686
f 1686 1755 1687
f 1687 1755 1689
f 1687 1689 1688
f 1689 1755 1756
f 1689 1756 1757
f 1689 1757 1690
f 1690 1757 1691
f 1691 1757 1758
f 1691 1758 1759
f 1691 1759 1692
f 1692 1759 1693
f 1693 1759 1760
f 1693 1760 1761
f 1693 1761 1694
f 1694 1761 1695
f 1695 1761 1762
f 1695 1762 1696
f 1696 1762 1763
f 1696 1763 1764
f 1696 1764 1697
f 1697 1764 1698
f 1698 1764 1699
f 1699 1764 1765
f 1699 1765 1766
f 1699 1766 1767
f 1699 1767 1700
f 1700 1767 1701
f 1701 1767 1768
f 1701 1768 1769
f 1701 1769 1702
f 1702 1769 1703
f 1703 1769 1704
f 1704 1770 1771
f 1704 1771 1705
f 1704 1769 1770
f 1705 1772 1773
f 1705 1773 1711
f 1705 1711 1710
f 1705 1710 1707
f 1705 1707 1706
f 1705 1771 1772
f 1711 1774 1712
f 1711 1773 1774
f 1712 1775 1776
f 1712 1776 1777
f 1712 1774 1775
f 1713 1777 1778
f 1713 1778 1714
f 1716 1743 1779
f 1716 1779 1780
f 1716 1780 1722
f 1717 1722 1781
f 1717 1781 1718
f 1718 1781 1782
f 1718 1782 1783
f 1718 1783 1719
f 1719 1783 1720
f 1720 1783 1784
f 1720 1784 1726
f 1720 1726 1721
f 1722 1780 1781
f 1723 1724 1731
f 1724 1725 1785
f 1724 1785 1786
f 1724 1786 1787
f 1724 1787 1731
f 1725 1730 1785
f 1726 1784 1788
f 1726 1788 1727
f 1727 1788 1789
f 1727 1789 1790
f 1727 1790 1728
f 1728 1790 1791
f 1728 1791 1729
f 1729 1791 1730
f 1730 1791 1792
f 1730 1792 1793
f 1730 1793 1785
f 1731 1787 1732
f 1732 1787 1794
f 1732 1794 1735
f 1733 1795 1734
f 1733 1735 1748
f 1733 1748 1795
f 1734 1795 1736
f 1735 1794 1745
f 1735 1745 1748
f 1736 1795 1747
f 1736 1747 1737
f 1738 1796 1742
f 1738 1742 1739
f 1738 1778 1828
f 1738 1828 1796
f 1740 1797 1741
f 1740 1742 1798
f 1740 1798 1797
f 1741 1797 1799
f 1741 1799 1743
f 1742 1800 1798
f 1742 1796 1800
f 1743 1799 1779
f 1745 1794 1801
f 1745 1801 1802
f 1745 1802 1803
f 1745 1803 1804
f 1745 1804 1746
f 1747 1795 1748
f 1749 1753 1805
f 1749 1805 1806
f 1749 1806 1750
f 1750 1806 1754
f 1752 1807 1808
f 1752 1808 1809
f 1752 1809 1805
f 1752 1805 1753
f 1754 1806 1755
f 1755 1806 1756
f 1756 1806 1805
f 1756 1805 1810
f 1756 1810 1757
f 1757 1810 1811
f 1757 1811 1758
f 1758 1811 1812
f 1758 1812 1759
f 1759 1812 1760
f 1760 1813 1814
f 1760 1814 1761
f 1760 1812 1813
f 1761 1814 1762
f 1762 1814 1815
f 1762 1815 1763
f 1763 1815 1816
f 1763 1816 1764
f 1764 1816 1817
f 1764 1817 1818
f 1764 1818 1765
f 1765 1818 1766
f 1766 1818 1819
f 1766 1819 1820
f 1766 1820 1767
f 1767 1820 1768
f 1768 1820 1821
f 1768 1821 1770
f 1768 1770 1769
f 1770 1821 1822
f 1770 1822 1823
f 1770 1823 1771
f 1771 1823 1772
f 1772 1824 1773
f 1772 1823 1824
f 1773 1824 1774
f 1774 1824 1825
f 1774 1825 1775
f 1775 1825 1826
f 1775 1826 1776
f 1776 1826 1827
f 1776 1827 1828
f 1776 1828 1777
f 1777 1828 1778
f 1779 1799 1829
f 1779 1829 1780
f 1780 1829 1781
f 1781 1829 1830
f 1781 1830 1782
f 1782 1830 1783
f 1783 1830 1831
f 1783 1831 1832
f 1783 1832 1784
f 1784 1832 1788
f 1785 1793 1786
f 1786 1833 1802
f 1786 1802 1787
f 1786 1793 1834
f 1786 1834 1833
f 1787 1802 1801
f 1787 1801 1794
f 1788 1832 1835
f 1788 1835 1836
f 1788 1836 1837
f 1788 1837 1789
f 1789 1837 1790
f 1790 1837 1838
f 1790 1838 1791
f 1791 1838 1839
f 1791 1839 1840
f 1791 1840 1792
f 1792 1840 1793
f 1793 1840 1841
f 1793 1841 1842
f 1793 1842 1843
f 1793 1843 1834
f 1796 1844 1800
f 1796 1828 1844
f 1797 1798 1845
f 1797 1845 1846
f 1797 1846 1847
f 1797 1847 1799
f 1798 1800 1848
f 1798 1848 1845
f 1799 1847 1829
f 1800 1844 1849
f 1800 1849 1848
f 1802 1833 1803
f 1803 1834 1850
f 1803 1850 1851
f 1803 1851 1804
f 1803 1833 1834
f 1805 1852 1853
f 1805 1853 1810
f 1805 1809 1808
f 1805 1808 1852
f 1807 1854 1808
f 1807 1855 1854
f 1808 1854 1856
f 1808 1856 1857
f 1808 1857 1852
f 1810 1853 1811
f 1811 1853 1852
f 1811 1852 1857
f 1811 1857 1858
f 1811 1858 1812
f 1812 1858 1813
f 1813 1858 1859
f 1813 1859 1814
f 1814 1859 1860
f 1814 1860 1861
f 1814 1861 1815
f 1815 1861 1816
f 1816 1861 1862
f 1816 1862 1817
f 1817 1862 1863
f 1817 1863 1864
f 1817 1864 1818
f 1818 1864 1819
f 1819 1864 1865
f 1819 1865 1820
f 1820 1865 1866
f 1820 1866 1822
f 1820 1822 1821
f 1822 1866 1867
f 1822 1867 1823
f 1823 1867 1868
f 1823 1868 1824
f 1824 1868 1825
f 1825 1869 1826
f 1825 1868 1870
f 1825 1870 1869
f 1826 1869 1871
f 1826 1871 1827
f 1827 1871 1888
f 1827 1888 1872
f 1827 1872 1828
f 1828 1872 1844
f 1829 1847 1873
f 1829 1873 1830
f 1830 1873 1831
f 1831 1873 1874
f 1831 1874 1835
f 1831 1835 1832
f 1834 1843 1850
f 1835 1874 1875
f 1835 1875 1836
f 1836 1875 1876
f 1836 1876 1877
f 1836 1877 1837
f 1837 1877 1878
f 1837 1878 1838
f 1838 1878 1839
f 1839 1878 1879
f 1839 1879 1840
f 1840 1879 1880
f 1840 1880 1841
f 1841 1880 1881
f 1841 1881 1882
f 1841 1882 1842
f 1842 1882 1843
f 1843 1882 1850
f 1844 1872 1888
f 1844 1888 1849
f 1845 1848 1883
f 1845 1883 1884
f 1845 1884 1846
f 1846 1884 1885
f 1846 1885 1847
f 1847 1885 1873
f 1848 1886 1883
f 1848 1849 1886
f 1849 1887 1886
f 1849 1888 1889
f 1849 1889 1887
f 1850 1882 1890
f 1850 1890 1851
f 1854 1891 1856
f 1854 1855 1892
f 1854 1892 1893
f 1854 1893 1894
f 1854 1894 1895
f 1854 1895 1891
f 1855 1896 1893
f 1855 1893 1892
f 1856 1858 1857
f 1856 1891 1858
f 1858 1891 1859
f 1859 1891 1895
f 1859 1895 1897
f 1859 1897 1898
f 1859 1898 1860
f 1860 1898 1861
f 1861 1898 1899
f 1861 1899 1900
f 1861 1900 1862
f 1862 1900 1901
f 1862 1901 1863
f 1863 1901 1864
f 1864 1901 1902
f 1864 1902 1903
f 1864 1903 1865
f 1865 1903 1866
f 1866 1903 1904
f 1866 1904 1867
f 1867 1905 1906
f 1867 1906 1907
f 1867 1907 1868
f 1867 1904 1905
f 1868 1907 1870
f 1869 1870 1908
f 1869 1908 1909
f 1869 1909 1871
f 1870 1907 1908
f 1871 1909 1910
f 1871 1910 1888
f 1873 1885 1911
f 1873 1911 1875
f 1873 1875 1874
f 1875 1911 1912
f 1875 1912 1913
f 1875 1913 1876
f 1876 1913 1877
f 1877 1913 1914
f 1877 1914 1878
f 1878 1914 1915
f 1878 1915 1916
f 1878 1916 1879
f 1879 1916 1880
f 1880 1916 1917
f 1880 1917 1918
f 1880 1918 1881
f 1881 1918 1882
f 1882 1918 1919
f 1882 1919 1920
f 1882 1920 1890
f 1883 1886 1923
f 1883 1923 1921
f 1883 1921 1922
f 1883 1922 1884
f 1884 1922 1885
f 1885 1922 1911
f 1886 1887 1924
f 1886 1924 1923
f 1887 1889 1924
f 1888 1910 1889
f 1889 1910 1925
f 1889 1925 1924
f 1890 1920 1919
f 1890 1919 1926
f 1890 1926 1927
f 1893 1896 1928
f 1893 1928 1894
f 1894 1897 1895
f 1894 1928 1929
f 1894 1929 1930
f 1894 1930 1897
f 1896 1931 1932
f 1896 1932 1928
f 1896 1933 1931
f 1897 1930 1898
f 1898 1930 1934
f 1898 1934 1899
f 1899 1934 1935
f 1899 1935 1900
f 1900 1935 1901
f 1901 1935 1936
f 1901 1936 1902
f 1902 1936 1937
f 1902 1937 1905
f 1902 1905 1903
f 1903 1905 1904
f 1905 1938 1939
f 1905 1939 1906
f 1905 1937 1938
f 1906 1939 1940
f 1906 1940 1907
f 1907 1940 1908
f 1908 1940 1909
f 1909 1941 1942
f 1909 1942 1910
f 1909 1940 1941
f 1910 1942 1925
f 1911 1922 1912
f 1912 1922 1943
f 1912 1943 1944
f 1912 1944 1913
f 1913 1945 1914
f 1913 1944 1945
f 1914 1945 1915
f 1915 1945 1946
f 1915 1946 1916
f 1916 1946 1917
f 1917 1946 1947
f 1917 1947 1948
f 1917 1948 1949
f 1917 1949 1950
f 1917 1950 1918
f 1918 1950 1919
f 1919 1950 1951
f 1919 1951 1926
f 1921 1923 1952
f 1921 1952 1943
f 1921 1943 1922
f 1923 1953 1952
f 1923 1924 1953
f 1924 1954 1953
f 1924 1925 1955
f 1924 1955 1954
f 1925 1942 1956
f 1925 1956 1955
f 1926 1951 1957
f 1926 1957 1958
f 1926 1958 1959
f 1926 1959 1960
f 1926 1960 1927
f 1928 1961 1929
f 1928 1932 1962
f 1928 1962 1961
f 1929 1961 1930
f 1930 1961 1963
f 1930 1963 1934
f 1931 1933 1964
f 1931 1964 1932
f 1932 1964 1965
f 1932 1965 1966
f 1932 1966 1962
f 1933 1967 1968
f 1933 1968 1964
f 1934 1963 1935
f 1935 1963 1969
f 1935 1969 1970
f 1935 1970 1936
f 1936 1970 1938
f 1936 1938 1937
f 1938 1970 1971
f 1938 1971 1939
f 1939 1972 1940
f 1939 1971 1972
f 1940 1972 1941
f 1941 1973 1942
f 1941 1972 1973
f 1942 1973 1956
f 1943 1952 1974
f 1943 1974 1944
f 1944 1974 1975
f 1944 1975 1945
f 1945 1975 1946
f 1946 1975 1947
f 1947 1975 1948
f 1948 1976 1977
f 1948 1977 1978
f 1948 1978 1979
f 1948 1979 1957
f 1948 1957 1949
f 1948 1975 1976
f 1949 1951 1950
f 1949 1957 1951
f 1952 1953 1980
f 1952 1980 1974
f 1953 1954 1981
f 1953 1981 1980
f 1954 1955 1982
f 1954 1982 1981
f 1955 1956 1982
f 1956 1973 1983
f 1956 1983 1984
f 1956 1984 1982
f 1957 1979 1958
f 1958 1979 1985
f 1958 1985 1986
f 1958 1986 1960
f 1958 1960 1959
f 1960 1986 1987
f 1961 1988 1963
f 1961 1962 1989
f 1961 1989 1990
f 1961 1990 1988
f 1962 1966 1965
f 1962 1965 1989
f 1963 1988 1969
f 1964 1968 1991
f 1964 1991 1992
f 1964 1992 1989
f 1964 1989 1965
f 1967 1993 1994
f 1967 1994 1968
f 1968 1994 1995
f 1968 1995 1996
f 1968 1996 1991
f 1969 1988 1970
f 1970 1988 1997
f 1970 1997 1971
f 1971 1998 1983
f 1971 1983 1972
f 1971 1997 1998
f 1972 1983 1973
f 1974 1976 1975
f 1974 1980 1976
f 1976 1980 1977
f 1977 1980 1981
f 1977 1981 1999
f 1977 1999 1978
f 1978 1985 1979
f 1978 1999 2000
f 1978 2000 1985
f 1981 1982 1999
f 1982 1984 2001
f 1982 2001 2002
f 1982 2002 1999
f 1983 1998 2003
f 1983 2003 1984
f 1984 2003 2001
f 1985 2000 2004
f 1985 2004 1986
f 1986 2004 2005
f 1986 2005 2006
f 1986 2006 1987
f 1987 2006 1994
f 1987 1994 2007
f 1988 1990 1998
f 1988 1998 1997
f 1989 2003 1998
f 1989 1998 1990
f 1989 1992 2001
f 1989 2001 2003
f 1991 1996 1992
f 1992 1996 2002
f 1992 2002 2001
f 1993 2007 1994
f 1994 2006 2005
f 1994 2005 1995
f 1995 2005 2000
f 1995 2000 1996
f 1996 2000 1999
f 1996 1999 2002
f 2000 2005 2004

