{
    "start_pose": [
        0.1806,
        -0.00151,
        0.53635,
        0.0,
        0.0,
        0.0,
        1.0
    ],
    "goals": [
        [
            0.1806,
            -0.00151,
            0.584233,
            0.0,
            0.0,
            0.0,
            1.0
        ],
        [
            0.1806,
            -0.00151,
            0.632117,
            0.0,
            0.0,
            0.0,
            1.0
        ],
        [
            0.1806,
            -0.00151,
            0.68,
            0.0,
            0.0,
            0.0,
            1.0
        ],
        [
            0.144575,
            0.005408,
            0.68,
            0.100256,
            -0.100256,
            -0.100256,
            0.984808
        ],
        [
            0.10855,
            0.012327,
            0.68,
            0.197465,
            -0.197465,
            -0.197465,
            0.939693
        ],
        [
            0.072525,
            0.019245,
            0.68,
            0.288675,
            -0.288675,
            -0.288675,
            0.866025
        ],
        [
            0.0365,
            0.026163,
            0.68,
            0.371114,
            -0.371114,
            -0.371114,
            0.766044
        ],
        [
            0.000475,
            0.033082,
            0.68,
            0.442276,
            -0.442276,
            -0.442276,
            0.642788
        ],
        [
            -0.03555,
            0.04,
            0.68,
            0.5,
            -0.5,
            -0.5,
            0.5
        ],
        [
            -0.03555,
            0.04,
            0.653713,
            0.5,
            -0.5,
            -0.5,
            0.5
        ],
        [
            -0.03555,
            0.04,
            0.627426,
            0.5,
            -0.5,
            -0.5,
            0.5
        ],
        [
            -0.03555,
            0.04,
            0.601139,
            0.5,
            -0.5,
            -0.5,
            0.5
        ]
    ]
}
