{
    "start_pose": [
        0.1675,
        -0.055047,
        0.539753,
        0.0,
        0.0,
        0.0,
        1.0
    ],
    "goals": [
        [
            0.1675,
            -0.055047,
            0.586502,
            0.0,
            0.0,
            0.0,
            1.0
        ],
        [
            0.1675,
            -0.055047,
            0.633251,
            0.0,
            0.0,
            0.0,
            1.0
        ],
        [
            0.1675,
            -0.055047,
            0.68,
            0.0,
            0.0,
            0.0,
            1.0
        ],
        [
            0.134583,
            -0.047539,
            0.68,
            0.0,
            -0.130526,
            0.0,
            0.991445
        ],
        [
            0.101667,
            -0.040031,
            0.68,
            0.0,
            -0.258819,
            0.0,
            0.965926
        ],
        [
            0.06875,
            -0.032523,
            0.68,
            0.0,
            -0.382683,
            0.0,
            0.92388
        ],
        [
            0.035833,
            -0.025016,
            0.68,
            0.0,
            -0.5,
            0.0,
            0.866025
        ],
        [
            0.002917,
            -0.017508,
            0.68,
            0.0,
            -0.608761,
            0.0,
            0.793353
        ],
        [
            -0.03,
            -0.01,
            0.68,
            0.0,
            -0.707107,
            0.0,
            0.707107
        ],
        [
            -0.03,
            -0.01,
            0.635833,
            -0.0,
            -0.707107,
            -0.0,
            0.707107
        ],
        [
            -0.03,
            -0.01,
            0.591667,
            -0.0,
            -0.707107,
            -0.0,
            0.707107
        ],
        [
            -0.03,
            -0.01,
            0.5475,
            -0.0,
            -0.707107,
            -0.0,
            0.707107
        ]
    ]
}
