{
    "start_pose": [
        0.085,
        -0.065047,
        0.540029,
        0.0,
        0.0,
        0.0,
        1.0
    ],
    "goals": [
        [
            0.085,
            -0.065047,
            0.555581,
            0.0,
            0.0,
            0.0,
            1.0
        ],
        [
            0.085,
            -0.065047,
            0.602238,
            0.0,
            0.0,
            0.0,
            1.0
        ],
        [
            0.085,
            -0.065047,
            0.68,
            0.0,
            0.0,
            0.0,
            1.0
        ],
        [
            0.069078,
            -0.060969,
            0.68,
            -0.04474,
            -0.04474,
            -0.04474,
            0.996993
        ],
        [
            0.029275,
            -0.050775,
            0.68,
            -0.15483,
            -0.15483,
            -0.15483,
            0.963371
        ],
        [
            -0.02247,
            -0.037523,
            0.68,
            -0.288675,
            -0.288675,
            -0.288675,
            0.866025
        ],
        [
            -0.074215,
            -0.024271,
            0.68,
            -0.404271,
            -0.404271,
            -0.404271,
            0.71393
        ],
        [
            -0.114019,
            -0.014078,
            0.68,
            -0.476126,
            -0.476126,
            -0.476126,
            0.565607
        ],
        [
            -0.129941,
            -0.01,
            0.68,
            -0.5,
            -0.5,
            -0.5,
            0.5
        ],
        [
            -0.129941,
            -0.01,
            0.606389,
            -0.5,
            -0.5,
            -0.5,
            0.5
        ],
        [
            -0.129941,
            -0.01,
            0.562222,
            -0.5,
            -0.5,
            -0.5,
            0.5
        ],
        [
            -0.129941,
            -0.01,
            0.5475,
            -0.5,
            -0.5,
            -0.5,
            0.5
        ]
    ]
}
