{
    "start_pose": [
        0.080183,
        -0.112595,
        0.541545,
        0.0,
        0.0,
        0.0,
        1.0
    ],
    "goals": [
        [
            0.080183,
            -0.112595,
            0.556929,
            0.0,
            0.0,
            0.0,
            1.0
        ],
        [
            0.080183,
            -0.112595,
            0.603081,
            0.0,
            0.0,
            0.0,
            1.0
        ],
        [
            0.080183,
            -0.112595,
            0.68,
            0.0,
            0.0,
            0.0,
            1.0
        ],
        [
            0.065793,
            -0.099534,
            0.68,
            -0.04474,
            -0.04474,
            -0.04474,
            0.996993
        ],
        [
            0.029818,
            -0.066882,
            0.68,
            -0.15483,
            -0.15483,
            -0.15483,
            0.963371
        ],
        [
            -0.01695,
            -0.024435,
            0.68,
            -0.288675,
            -0.288675,
            -0.288675,
            0.866025
        ],
        [
            -0.063718,
            0.018013,
            0.68,
            -0.404271,
            -0.404271,
            -0.404271,
            0.71393
        ],
        [
            -0.099693,
            0.050665,
            0.68,
            -0.476126,
            -0.476126,
            -0.476126,
            0.565607
        ],
        [
            -0.114083,
            0.063726,
            0.68,
            -0.5,
            -0.5,
            -0.5,
            0.5
        ],
        [
            -0.114083,
            0.063726,
            0.68841,
            -0.5,
            -0.5,
            -0.5,
            0.5
        ],
        [
            -0.114083,
            0.063726,
            0.693456,
            -0.5,
            -0.5,
            -0.5,
            0.5
        ],
        [
            -0.114083,
            0.063726,
            0.695138,
            -0.5,
            -0.5,
            -0.5,
            0.5
        ]
    ]
}
