# https://github.com/mikedh/trimesh

o geometry_0
v -0.04938356 0.00508053 -0.00577672 0.54509804 0.71372549 0.60000000
v -0.04938356 0.00508053 -0.00070884 0.54509804 0.71372549 0.60000000
v -0.04938356 0.01170245 -0.00577672 0.54509804 0.71372549 0.60000000
v -0.02177040 0.00508053 -0.00577672 0.54509804 0.71372549 0.60000000
v -0.04938356 0.00521402 0.00573107 0.54509804 0.71372549 0.60000000
v -0.02152424 0.00508053 -0.00070884 0.54509804 0.71372549 0.60000000
v -0.04938356 0.01170245 0.00573107 0.54509804 0.71372549 0.60000000
v -0.04921945 0.01180951 -0.00577672 0.54509804 0.71372549 0.60000000
v -0.00959513 0.00574055 -0.00577672 0.54509804 0.71372549 0.60000000
v -0.00946619 0.00550948 -0.00070884 0.54509804 0.71372549 0.60000000
v -0.00946619 0.00521606 0.00573107 0.54509804 0.71372549 0.60000000
v -0.02284101 0.00521402 0.00573107 0.54509804 0.71372549 0.60000000
v -0.02121555 0.00521402 0.00572769 0.54509804 0.71372549 0.60000000
v -0.04921554 0.01180951 0.00573107 0.54509804 0.71372549 0.60000000
v -0.04921945 0.01180951 -0.00070884 0.54509804 0.71372549 0.60000000
v -0.04916866 0.01183255 -0.00577672 0.54509804 0.71372549 0.60000000
v -0.00959513 0.01200264 -0.00577672 0.54509804 0.71372549 0.60000000
v -0.00946619 0.01200332 -0.00070884 0.54509804 0.71372549 0.60000000
v -0.00946619 0.01200332 0.00573107 0.54509804 0.71372549 0.60000000
v -0.04916475 0.01183255 0.00573107 0.54509804 0.71372549 0.60000000
v -0.04902799 0.01189286 0.00573107 0.54509804 0.71372549 0.60000000
v -0.04897720 0.01191523 -0.00070884 0.54509804 0.71372549 0.60000000
v -0.04897720 0.01191523 -0.00577672 0.54509804 0.71372549 0.60000000
v -0.04845361 0.01200264 -0.00577672 0.54509804 0.71372549 0.60000000
v -0.04845361 0.01200332 -0.00070884 0.54509804 0.71372549 0.60000000
v -0.04845361 0.01200332 0.00573107 0.54509804 0.71372549 0.60000000
v -0.04897329 0.01191590 0.00573107 0.54509804 0.71372549 0.60000000
v -0.04884826 0.01194843 -0.00002283 0.54509804 0.71372549 0.60000000
v -0.04891468 0.01193149 -0.00577672 0.54509804 0.71372549 0.60000000
v -0.04851222 0.01199790 -0.00577672 0.54509804 0.71372549 0.60000000
v -0.04871932 0.01198096 -0.00070884 0.54509804 0.71372549 0.60000000
v -0.04871932 0.01198096 0.00573107 0.54509804 0.71372549 0.60000000
v -0.04884044 0.01195046 -0.00070884 0.54509804 0.71372549 0.60000000
v -0.04877402 0.01196673 -0.00577672 0.54509804 0.71372549 0.60000000
v -0.04866461 0.01198502 -0.00577672 0.54509804 0.71372549 0.60000000
v -0.04871932 0.01198028 -0.00577672 0.54509804 0.71372549 0.60000000
f 1 2 5
f 1 5 7
f 1 7 3
f 1 3 8
f 1 8 16
f 1 16 23
f 1 23 29
f 1 29 34
f 1 34 36
f 1 36 35
f 1 35 30
f 1 30 24
f 1 24 17
f 1 17 9
f 1 9 4
f 1 4 6
f 1 6 2
f 2 6 12
f 2 12 5
f 3 7 15
f 3 15 8
f 4 9 10
f 4 10 11
f 4 11 6
f 5 12 11
f 5 11 19
f 5 19 26
f 5 26 32
f 5 32 27
f 5 27 21
f 5 21 20
f 5 20 14
f 5 14 7
f 6 11 13
f 6 13 12
f 7 14 15
f 8 15 16
f 9 17 18
f 9 18 10
f 10 18 19
f 10 19 11
f 11 12 13
f 14 20 15
f 15 20 21
f 15 21 16
f 16 21 22
f 16 22 23
f 17 24 25
f 17 25 18
f 18 25 26
f 18 26 19
f 21 27 22
f 22 27 28
f 22 28 29
f 22 29 23
f 24 30 25
f 25 30 31
f 25 31 32
f 25 32 26
f 27 32 28
f 28 33 29
f 28 32 33
f 29 33 31
f 29 31 34
f 30 35 31
f 31 36 34
f 31 33 32
f 31 35 36

o geometry_1
v 0.05167175 0.00960038 -0.00070938 0.54117647 0.42352941 0.64313725
v 0.06359238 0.00910795 -0.00530186 0.54117647 0.42352941 0.64313725
v 0.05167175 0.00960038 -0.00577225 0.54117647 0.42352941 0.64313725
v 0.05167175 -0.00960038 -0.00070938 0.54117647 0.42352941 0.64313725
v 0.05171144 0.00959850 0.00572301 0.54117647 0.42352941 0.64313725
v 0.06358990 0.00910795 0.00525375 0.54117647 0.42352941 0.64313725
v 0.07555766 0.00861365 -0.00070938 0.54117647 0.42352941 0.64313725
v 0.07555766 0.00861365 -0.00482809 0.54117647 0.42352941 0.64313725
v 0.06359238 -0.00910795 -0.00530186 0.54117647 0.42352941 0.64313725
v 0.05167175 0.00955527 -0.00577337 0.54117647 0.42352941 0.64313725
v 0.07555766 -0.00861365 -0.00070938 0.54117647 0.42352941 0.64313725
v 0.06358990 -0.00910795 0.00525375 0.54117647 0.42352941 0.64313725
v 0.05171144 -0.00959850 0.00572301 0.54117647 0.42352941 0.64313725
v 0.05167175 -0.00960038 -0.00577337 0.54117647 0.42352941 0.64313725
v 0.07555518 0.00861365 0.00477999 0.54117647 0.42352941 0.64313725
v 0.07563209 0.00860801 -0.00070938 0.54117647 0.42352941 0.64313725
v 0.07555766 -0.00861365 -0.00482809 0.54117647 0.42352941 0.64313725
v 0.07568667 0.00860237 -0.00481797 0.54117647 0.42352941 0.64313725
v 0.07562217 0.00000376 -0.00482359 0.54117647 0.42352941 0.64313725
v 0.07563209 -0.00860801 -0.00070938 0.54117647 0.42352941 0.64313725
v 0.07555518 -0.00861365 0.00477999 0.54117647 0.42352941 0.64313725
v 0.07568419 0.00860237 0.00476986 0.54117647 0.42352941 0.64313725
v 0.07568667 0.00860237 -0.00070938 0.54117647 0.42352941 0.64313725
v 0.07568667 -0.00860237 -0.00481797 0.54117647 0.42352941 0.64313725
v 0.07575861 0.00859110 -0.00070938 0.54117647 0.42352941 0.64313725
v 0.07581071 0.00858170 -0.00479771 0.54117647 0.42352941 0.64313725
v 0.07575117 0.00000940 -0.00480784 0.54117647 0.42352941 0.64313725
v 0.07568667 -0.00860237 -0.00070938 0.54117647 0.42352941 0.64313725
v 0.07568419 -0.00860237 0.00476986 0.54117647 0.42352941 0.64313725
v 0.07575861 0.00859110 -0.00070826 0.54117647 0.42352941 0.64313725
v 0.07581319 0.00858170 0.00474960 0.54117647 0.42352941 0.64313725
v 0.07581071 -0.00858170 -0.00479771 0.54117647 0.42352941 0.64313725
v 0.07575861 -0.00859110 -0.00070938 0.54117647 0.42352941 0.64313725
v 0.07581319 0.00858170 -0.00070826 0.54117647 0.42352941 0.64313725
v 0.07593972 0.00855163 -0.00476845 0.54117647 0.42352941 0.64313725
v 0.07575861 -0.00859110 -0.00070826 0.54117647 0.42352941 0.64313725
v 0.07581319 -0.00858170 0.00474960 0.54117647 0.42352941 0.64313725
v 0.07593724 0.00855163 0.00472034 0.54117647 0.42352941 0.64313725
v 0.07593972 0.00855163 -0.00070938 0.54117647 0.42352941 0.64313725
v 0.07593972 -0.00855163 -0.00476845 0.54117647 0.42352941 0.64313725
v 0.07581319 -0.00858170 -0.00070826 0.54117647 0.42352941 0.64313725
v 0.07598934 0.00853471 -0.00070938 0.54117647 0.42352941 0.64313725
v 0.07605880 0.00851028 -0.00472907 0.54117647 0.42352941 0.64313725
v 0.07593972 -0.00855163 -0.00070938 0.54117647 0.42352941 0.64313725
v 0.07593724 -0.00855163 0.00472034 0.54117647 0.42352941 0.64313725
v 0.07605880 0.00851028 0.00468096 0.54117647 0.42352941 0.64313725
v 0.07605880 -0.00851028 -0.00472907 0.54117647 0.42352941 0.64313725
v 0.07598934 -0.00853471 -0.00070938 0.54117647 0.42352941 0.64313725
v 0.07611090 0.00848961 -0.00070938 0.54117647 0.42352941 0.64313725
v 0.07617788 0.00845953 -0.00468068 0.54117647 0.42352941 0.64313725
v 0.07605880 -0.00851028 0.00468096 0.54117647 0.42352941 0.64313725
v 0.07611834 0.00002255 0.00465732 0.54117647 0.42352941 0.64313725
v 0.07617788 0.00845953 0.00463257 0.54117647 0.42352941 0.64313725
v 0.07617788 -0.00845953 -0.00468068 0.54117647 0.42352941 0.64313725
v 0.07611090 -0.00848961 -0.00070938 0.54117647 0.42352941 0.64313725
v 0.07622750 0.00843510 -0.00070938 0.54117647 0.42352941 0.64313725
v 0.07628952 0.00840127 -0.00462441 0.54117647 0.42352941 0.64313725
v 0.07617788 -0.00845953 0.00463257 0.54117647 0.42352941 0.64313725
v 0.07628952 0.00839939 0.00457518 0.54117647 0.42352941 0.64313725
v 0.07628952 -0.00840127 -0.00462441 0.54117647 0.42352941 0.64313725
v 0.07622750 -0.00843510 -0.00070938 0.54117647 0.42352941 0.64313725
v 0.07628952 0.00840127 -0.00070938 0.54117647 0.42352941 0.64313725
v 0.07635402 0.00836180 -0.00070938 0.54117647 0.42352941 0.64313725
v 0.07639868 0.00833173 -0.00455802 0.54117647 0.42352941 0.64313725
v 0.07628952 -0.00839939 0.00457518 0.54117647 0.42352941 0.64313725
v 0.07634410 -0.00003195 0.00454254 0.54117647 0.42352941 0.64313725
v 0.07639620 0.00833173 0.00450991 0.54117647 0.42352941 0.64313725
v 0.07639868 -0.00833173 -0.00455802 0.54117647 0.42352941 0.64313725
v 0.07635402 -0.00836180 -0.00070938 0.54117647 0.42352941 0.64313725
v 0.07628952 -0.00840127 -0.00070938 0.54117647 0.42352941 0.64313725
v 0.07639868 0.00833173 -0.00070938 0.54117647 0.42352941 0.64313725
v 0.07645574 0.00828850 -0.00070938 0.54117647 0.42352941 0.64313725
v 0.07649792 0.00825467 -0.00448487 0.54117647 0.42352941 0.64313725
v 0.07639620 -0.00833173 0.00450991 0.54117647 0.42352941 0.64313725
v 0.07644830 -0.00003571 0.00447277 0.54117647 0.42352941 0.64313725
v 0.07649792 0.00825467 0.00443563 0.54117647 0.42352941 0.64313725
v 0.07649792 -0.00825467 -0.00448487 0.54117647 0.42352941 0.64313725
v 0.07639868 -0.00833173 -0.00070938 0.54117647 0.42352941 0.64313725
v 0.07657482 0.00817949 -0.00070938 0.54117647 0.42352941 0.64313725
v 0.07667406 0.00807988 -0.00431607 0.54117647 0.42352941 0.64313725
v 0.07649792 -0.00825467 0.00443563 0.54117647 0.42352941 0.64313725
v 0.07657482 0.00817949 -0.00070826 0.54117647 0.42352941 0.64313725
v 0.07667654 0.00807800 0.00426683 0.54117647 0.42352941 0.64313725
v 0.07667406 -0.00807988 -0.00431607 0.54117647 0.42352941 0.64313725
v 0.07660460 -0.00815130 -0.00070938 0.54117647 0.42352941 0.64313725
v 0.07667654 0.00807800 -0.00070826 0.54117647 0.42352941 0.64313725
v 0.07682291 0.00787690 -0.00412139 0.54117647 0.42352941 0.64313725
v 0.07667654 -0.00807800 0.00426683 0.54117647 0.42352941 0.64313725
v 0.07682043 0.00787690 0.00407328 0.54117647 0.42352941 0.64313725
v 0.07682291 0.00787690 -0.00070938 0.54117647 0.42352941 0.64313725
v 0.07682291 -0.00787690 -0.00412139 0.54117647 0.42352941 0.64313725
v 0.07676337 -0.00795959 -0.00070938 0.54117647 0.42352941 0.64313725
v 0.07667654 -0.00807800 -0.00070826 0.54117647 0.42352941 0.64313725
v 0.07692711 0.00765512 -0.00390870 0.54117647 0.42352941 0.64313725
v 0.07682291 -0.00787690 -0.00070938 0.54117647 0.42352941 0.64313725
v 0.07682043 -0.00787690 0.00407328 0.54117647 0.42352941 0.64313725
v 0.07687501 0.00010901 0.00396637 0.54117647 0.42352941 0.64313725
v 0.07692711 0.00765324 0.00386059 0.54117647 0.42352941 0.64313725
v 0.07692711 0.00765512 -0.00070938 0.54117647 0.42352941 0.64313725
v 0.07692711 -0.00765512 -0.00390870 0.54117647 0.42352941 0.64313725
v 0.07695688 0.00755363 -0.00070938 0.54117647 0.42352941 0.64313725
v 0.07699409 0.00741830 -0.00368251 0.54117647 0.42352941 0.64313725
v 0.07696184 -0.00011653 -0.00379504 0.54117647 0.42352941 0.64313725
v 0.07692711 -0.00765512 -0.00070938 0.54117647 0.42352941 0.64313725
v 0.07692711 -0.00765324 0.00386059 0.54117647 0.42352941 0.64313725
v 0.07696184 0.00011465 0.00374693 0.54117647 0.42352941 0.64313725
v 0.07699409 0.00741642 0.00363327 0.54117647 0.42352941 0.64313725
v 0.07695688 0.00755363 -0.00070826 0.54117647 0.42352941 0.64313725
v 0.07699409 -0.00741830 -0.00368251 0.54117647 0.42352941 0.64313725
v 0.07699409 0.00741830 -0.00070938 0.54117647 0.42352941 0.64313725
v 0.07701642 0.00717397 -0.00344956 0.54117647 0.42352941 0.64313725
v 0.07699409 -0.00741830 -0.00070938 0.54117647 0.42352941 0.64313725
v 0.07699409 -0.00741642 0.00363327 0.54117647 0.42352941 0.64313725
v 0.07701394 0.00717397 0.00340033 0.54117647 0.42352941 0.64313725
v 0.07701642 0.00717397 -0.00070938 0.54117647 0.42352941 0.64313725
v 0.07701642 -0.00717397 -0.00344956 0.54117647 0.42352941 0.64313725
v 0.07701642 -0.00717397 -0.00070938 0.54117647 0.42352941 0.64313725
v 0.07701394 -0.00717397 0.00340033 0.54117647 0.42352941 0.64313725
f 37 38 39
f 37 39 46
f 37 46 50
f 37 50 40
f 37 40 49
f 37 49 41
f 37 41 42
f 37 42 43
f 37 43 38
f 38 44 53
f 38 53 45
f 38 45 50
f 38 50 46
f 38 46 39
f 38 43 44
f 40 45 47
f 40 47 48
f 40 48 49
f 40 50 45
f 41 49 48
f 41 48 42
f 42 48 57
f 42 57 51
f 42 51 43
f 43 52 44
f 43 51 52
f 44 52 54
f 44 54 55
f 44 55 53
f 45 53 47
f 47 56 57
f 47 57 48
f 47 53 56
f 51 57 65
f 51 65 58
f 51 58 52
f 52 58 59
f 52 59 54
f 53 55 60
f 53 60 56
f 54 59 66
f 54 66 61
f 54 61 62
f 54 62 63
f 54 63 60
f 54 60 55
f 56 60 64
f 56 64 65
f 56 65 57
f 58 66 59
f 58 65 73
f 58 73 67
f 58 67 66
f 60 63 68
f 60 68 69
f 60 69 72
f 60 72 64
f 61 66 67
f 61 67 70
f 61 70 62
f 62 70 71
f 62 71 76
f 62 76 68
f 62 68 63
f 64 72 65
f 65 72 73
f 67 73 81
f 67 81 74
f 67 74 75
f 67 75 71
f 67 71 70
f 68 76 77
f 68 77 69
f 69 77 73
f 69 73 72
f 71 75 78
f 71 78 79
f 71 79 83
f 71 83 76
f 73 77 76
f 73 76 80
f 73 80 81
f 74 81 87
f 74 87 82
f 74 82 75
f 75 82 78
f 76 83 84
f 76 84 80
f 78 82 79
f 79 82 85
f 79 85 86
f 79 86 90
f 79 90 83
f 80 84 87
f 80 87 81
f 82 87 88
f 82 88 89
f 82 89 85
f 83 90 91
f 83 91 87
f 83 87 84
f 85 89 86
f 86 89 92
f 86 92 93
f 86 93 96
f 86 96 90
f 87 91 94
f 87 94 88
f 88 94 89
f 89 94 101
f 89 101 95
f 89 95 92
f 90 96 97
f 90 97 94
f 90 94 91
f 92 95 98
f 92 98 93
f 93 98 99
f 93 99 100
f 93 100 104
f 93 104 96
f 94 97 101
f 95 101 102
f 95 102 103
f 95 103 99
f 95 99 98
f 96 104 105
f 96 105 106
f 96 106 97
f 97 106 101
f 99 103 107
f 99 107 100
f 100 107 108
f 100 108 109
f 100 109 113
f 100 113 104
f 101 106 105
f 101 105 110
f 101 110 102
f 102 110 103
f 103 110 111
f 103 111 112
f 103 112 108
f 103 108 107
f 104 113 117
f 104 117 114
f 104 114 105
f 105 114 110
f 108 112 109
f 109 112 118
f 109 118 115
f 109 115 116
f 109 116 120
f 109 120 113
f 110 114 117
f 110 117 111
f 111 117 112
f 112 117 124
f 112 124 119
f 112 119 118
f 113 120 121
f 113 121 117
f 115 118 119
f 115 119 122
f 115 122 116
f 116 122 123
f 116 123 127
f 116 127 120
f 117 121 124
f 119 124 132
f 119 132 125
f 119 125 126
f 119 126 123
f 119 123 122
f 120 127 128
f 120 128 129
f 120 129 121
f 121 129 124
f 123 126 135
f 123 135 130
f 123 130 136
f 123 136 127
f 124 129 128
f 124 128 131
f 124 131 132
f 125 132 133
f 125 133 134
f 125 134 126
f 126 134 135
f 127 136 140
f 127 140 131
f 127 131 128
f 130 135 144
f 130 144 137
f 130 137 138
f 130 138 139
f 130 139 136
f 131 140 141
f 131 141 132
f 132 141 133
f 133 141 134
f 134 141 142
f 134 142 143
f 134 143 144
f 134 144 135
f 136 139 145
f 136 145 148
f 136 148 140
f 137 144 146
f 137 146 138
f 138 146 151
f 138 151 147
f 138 147 152
f 138 152 145
f 138 145 139
f 140 148 141
f 141 148 149
f 141 149 142
f 142 149 143
f 143 149 154
f 143 154 150
f 143 150 151
f 143 151 146
f 143 146 144
f 145 152 153
f 145 153 148
f 147 151 153
f 147 153 152
f 148 153 149
f 149 153 154
f 150 154 153
f 150 153 151

o geometry_2
v -0.00200745 0.01200209 -0.00577729 0.43529412 0.89019608 0.96078431
v -0.00200745 0.00574025 -0.00577729 0.43529412 0.89019608 0.96078431
v -0.00200745 0.01200209 -0.01014586 0.43529412 0.89019608 0.96078431
v -0.04845608 0.01200209 -0.00577729 0.43529412 0.89019608 0.96078431
v -0.00200745 0.00593245 -0.00999559 0.43529412 0.89019608 0.96078431
v -0.02177223 0.00572982 -0.00577729 0.43529412 0.89019608 0.96078431
v -0.02198555 0.00572982 -0.01020608 0.43529412 0.89019608 0.96078431
v -0.02199483 0.00572982 -0.01032484 0.43529412 0.89019608 0.96078431
v -0.02201801 0.00572982 -0.01043796 0.43529412 0.89019608 0.96078431
v -0.02205048 0.00572982 -0.01055390 0.43529412 0.89019608 0.96078431
v -0.02209221 0.00572982 -0.01066196 0.43529412 0.89019608 0.96078431
v -0.02214786 0.00572982 -0.01077115 0.43529412 0.89019608 0.96078431
v -0.02221278 0.00572982 -0.01087077 0.43529412 0.89019608 0.96078431
v -0.02227771 0.00572982 -0.01096363 0.43529412 0.89019608 0.96078431
v -0.02236118 0.00572982 -0.01105875 0.43529412 0.89019608 0.96078431
v -0.02255132 0.00572982 -0.01122028 0.43529412 0.89019608 0.96078431
v -0.02256059 0.00572982 -0.01122759 0.43529412 0.89019608 0.96078431
v -0.02276000 0.00572982 -0.01135141 0.43529412 0.89019608 0.96078431
v -0.02300115 0.00572982 -0.01144765 0.43529412 0.89019608 0.96078431
v -0.00200745 0.01199411 -0.01024492 0.43529412 0.89019608 0.96078431
v -0.01150493 0.01200025 -0.01017569 0.43529412 0.89019608 0.96078431
v -0.04845608 0.01200209 -0.01014586 0.43529412 0.89019608 0.96078431
v -0.04851636 0.01199779 -0.00577729 0.43529412 0.89019608 0.96078431
v -0.00200745 0.00594227 -0.01020721 0.43529412 0.89019608 0.96078431
v -0.04937893 0.00572982 -0.00577729 0.43529412 0.89019608 0.96078431
v -0.02301970 0.00572982 -0.01145215 0.43529412 0.89019608 0.96078431
v -0.00200745 0.01199288 -0.01025899 0.43529412 0.89019608 0.96078431
v -0.04845608 0.01198060 -0.01038562 0.43529412 0.89019608 0.96078431
v -0.04849781 0.01198060 -0.01038224 0.43529412 0.89019608 0.96078431
v -0.04854882 0.01198060 -0.01037099 0.43529412 0.89019608 0.96078431
v -0.04858592 0.01198060 -0.01035354 0.43529412 0.89019608 0.96078431
v -0.04862302 0.01198060 -0.01032934 0.43529412 0.89019608 0.96078431
v -0.04865548 0.01198060 -0.01030007 0.43529412 0.89019608 0.96078431
v -0.04868331 0.01198060 -0.01026574 0.43529412 0.89019608 0.96078431
v -0.04870650 0.01198060 -0.01022803 0.43529412 0.89019608 0.96078431
v -0.04871577 0.01198060 -0.01018751 0.43529412 0.89019608 0.96078431
v -0.04872041 0.01198060 -0.01014586 0.43529412 0.89019608 0.96078431
v -0.04872041 0.01198060 -0.00577729 0.43529412 0.89019608 0.96078431
v -0.00200745 0.00595332 -0.01032540 0.43529412 0.89019608 0.96078431
v -0.02325157 0.00572982 -0.01150618 0.43529412 0.89019608 0.96078431
v -0.04937893 0.01170245 -0.00577729 0.43529412 0.89019608 0.96078431
v -0.04937893 0.00572982 -0.01123829 0.43529412 0.89019608 0.96078431
v -0.00200745 0.01199165 -0.01027249 0.43529412 0.89019608 0.96078431
v -0.01185274 0.01198122 -0.01038562 0.43529412 0.89019608 0.96078431
v -0.04845608 0.01191552 -0.01061806 0.43529412 0.89019608 0.96078431
v -0.04854882 0.01191552 -0.01061075 0.43529412 0.89019608 0.96078431
v -0.01150493 0.01197323 -0.01041489 0.43529412 0.89019608 0.96078431
v -0.04863693 0.01191552 -0.01058936 0.43529412 0.89019608 0.96078431
v -0.04871577 0.01191552 -0.01055503 0.43529412 0.89019608 0.96078431
v -0.04878997 0.01191552 -0.01050775 0.43529412 0.89019608 0.96078431
v -0.04885489 0.01191552 -0.01044922 0.43529412 0.89019608 0.96078431
v -0.04890591 0.01191552 -0.01038224 0.43529412 0.89019608 0.96078431
v -0.04894301 0.01191552 -0.01030739 0.43529412 0.89019608 0.96078431
v -0.04897083 0.01191552 -0.01022803 0.43529412 0.89019608 0.96078431
v -0.04897546 0.01191552 -0.01014586 0.43529412 0.89019608 0.96078431
v -0.04897546 0.01191552 -0.00577729 0.43529412 0.89019608 0.96078431
v -0.00200745 0.00597359 -0.01043965 0.43529412 0.89019608 0.96078431
v -0.02327476 0.00572982 -0.01150844 0.43529412 0.89019608 0.96078431
v -0.04921661 0.01180929 -0.00577729 0.43529412 0.89019608 0.96078431
v -0.04937893 0.01170245 -0.01014586 0.43529412 0.89019608 0.96078431
v -0.04937893 0.01056220 -0.01123829 0.43529412 0.89019608 0.96078431
v -0.04926763 0.00572982 -0.01130976 0.43529412 0.89019608 0.96078431
v -0.00200745 0.01198122 -0.01038562 0.43529412 0.89019608 0.96078431
v -0.03613902 0.01182280 -0.01080886 0.43529412 0.89019608 0.96078431
v -0.04845608 0.01180929 -0.01083587 0.43529412 0.89019608 0.96078431
v -0.04858592 0.01180929 -0.01082574 0.43529412 0.89019608 0.96078431
v -0.01150493 0.01194069 -0.01053083 0.43529412 0.89019608 0.96078431
v -0.01185274 0.01191613 -0.01061806 0.43529412 0.89019608 0.96078431
v -0.01185274 0.01187683 -0.01069911 0.43529412 0.89019608 0.96078431
v -0.00200745 0.01197569 -0.01040588 0.43529412 0.89019608 0.96078431
v -0.04871577 0.01180929 -0.01079422 0.43529412 0.89019608 0.96078431
v -0.04883634 0.01180929 -0.01074357 0.43529412 0.89019608 0.96078431
v -0.04894301 0.01180929 -0.01067434 0.43529412 0.89019608 0.96078431
v -0.04904039 0.01180929 -0.01058936 0.43529412 0.89019608 0.96078431
v -0.04911459 0.01180929 -0.01049087 0.43529412 0.89019608 0.96078431
v -0.04917024 0.01180929 -0.01038224 0.43529412 0.89019608 0.96078431
v -0.04920270 0.01180929 -0.01026574 0.43529412 0.89019608 0.96078431
v -0.04921661 0.01180929 -0.01014586 0.43529412 0.89019608 0.96078431
v -0.04916560 0.01183262 -0.00577729 0.43529412 0.89019608 0.96078431
v -0.00200745 0.00600429 -0.01055165 0.43529412 0.89019608 0.96078431
v -0.02350663 0.00572982 -0.01152588 0.43529412 0.89019608 0.96078431
v -0.00200745 0.00604543 -0.01066196 0.43529412 0.89019608 0.96078431
v -0.04937893 0.01169262 -0.01029332 0.43529412 0.89019608 0.96078431
v -0.04937893 0.01081211 -0.01121296 0.43529412 0.89019608 0.96078431
v -0.04921661 0.01056220 -0.01134128 0.43529412 0.89019608 0.96078431
v -0.04921661 0.00572982 -0.01134128 0.43529412 0.89019608 0.96078431
v -0.01185274 0.01182341 -0.01080829 0.43529412 0.89019608 0.96078431
v -0.01185274 0.01180990 -0.01083587 0.43529412 0.89019608 0.96078431
v -0.04845608 0.01166561 -0.01103342 0.43529412 0.89019608 0.96078431
v -0.04862302 0.01166561 -0.01101991 0.43529412 0.89019608 0.96078431
v -0.00200745 0.01194315 -0.01052182 0.43529412 0.89019608 0.96078431
v -0.00200745 0.01191613 -0.01061806 0.43529412 0.89019608 0.96078431
v -0.00200745 0.01181911 -0.01081730 0.43529412 0.89019608 0.96078431
v -0.04878997 0.01166561 -0.01097939 0.43529412 0.89019608 0.96078431
v -0.04894301 0.01166561 -0.01091410 0.43529412 0.89019608 0.96078431
v -0.04908213 0.01166561 -0.01082574 0.43529412 0.89019608 0.96078431
v -0.04920270 0.01166561 -0.01071599 0.43529412 0.89019608 0.96078431
v -0.04930472 0.01166561 -0.01058936 0.43529412 0.89019608 0.96078431
v -0.04937893 0.01166561 -0.01044922 0.43529412 0.89019608 0.96078431
v -0.04845608 0.00572982 -0.01152701 0.43529412 0.89019608 0.96078431
v -0.00200745 0.00749576 -0.01152645 0.43529412 0.89019608 0.96078431
v -0.00200745 0.00738155 -0.01152588 0.43529412 0.89019608 0.96078431
v -0.00200745 0.00715374 -0.01150787 0.43529412 0.89019608 0.96078431
v -0.00200745 0.00713778 -0.01150618 0.43529412 0.89019608 0.96078431
v -0.00200745 0.00690199 -0.01144765 0.43529412 0.89019608 0.96078431
v -0.00200745 0.00667910 -0.01135141 0.43529412 0.89019608 0.96078431
v -0.00200745 0.00649182 -0.01122984 0.43529412 0.89019608 0.96078431
v -0.00200745 0.00647709 -0.01122028 0.43529412 0.89019608 0.96078431
v -0.00200745 0.00630516 -0.01106325 0.43529412 0.89019608 0.96078431
v -0.00200745 0.00622718 -0.01097207 0.43529412 0.89019608 0.96078431
v -0.00200745 0.00622165 -0.01096532 0.43529412 0.89019608 0.96078431
v -0.00200745 0.00615718 -0.01087245 0.43529412 0.89019608 0.96078431
v -0.00200745 0.00609823 -0.01077227 0.43529412 0.89019608 0.96078431
v -0.04937893 0.01105465 -0.01113923 0.43529412 0.89019608 0.96078431
v -0.04920270 0.01081211 -0.01132327 0.43529412 0.89019608 0.96078431
v -0.04897083 0.01081211 -0.01142345 0.43529412 0.89019608 0.96078431
v -0.04897546 0.01056220 -0.01144315 0.43529412 0.89019608 0.96078431
v -0.04897546 0.00572982 -0.01144315 0.43529412 0.89019608 0.96078431
v -0.01150493 0.01180990 -0.01083587 0.43529412 0.89019608 0.96078431
v -0.01150493 0.01175587 -0.01091016 0.43529412 0.89019608 0.96078431
v -0.04845608 0.01148815 -0.01120339 0.43529412 0.89019608 0.96078431
v -0.00200745 0.01166561 -0.01103342 0.43529412 0.89019608 0.96078431
v -0.01185274 0.01151149 -0.01118144 0.43529412 0.89019608 0.96078431
v -0.04865548 0.01148815 -0.01118707 0.43529412 0.89019608 0.96078431
v -0.04885489 0.01148815 -0.01113923 0.43529412 0.89019608 0.96078431
v -0.00200745 0.01181297 -0.01082968 0.43529412 0.89019608 0.96078431
v -0.04904039 0.01148815 -0.01106156 0.43529412 0.89019608 0.96078431
v -0.04920270 0.01148815 -0.01095575 0.43529412 0.89019608 0.96078431
v -0.04934646 0.01148815 -0.01082574 0.43529412 0.89019608 0.96078431
v -0.04937893 0.01148815 -0.01078691 0.43529412 0.89019608 0.96078431
v -0.04937893 0.01158271 -0.01062932 0.43529412 0.89019608 0.96078431
v -0.04866012 0.00572982 -0.01151012 0.43529412 0.89019608 0.96078431
v -0.04872041 0.01056220 -0.01150506 0.43529412 0.89019608 0.96078431
v -0.04845608 0.01056220 -0.01152588 0.43529412 0.89019608 0.96078431
v -0.01185274 0.01056220 -0.01152645 0.43529412 0.89019608 0.96078431
v -0.00200745 0.01056220 -0.01152645 0.43529412 0.89019608 0.96078431
v -0.04937893 0.01128246 -0.01099290 0.43529412 0.89019608 0.96078431
v -0.04930472 0.01128246 -0.01106156 0.43529412 0.89019608 0.96078431
v -0.04911459 0.01128246 -0.01118088 0.43529412 0.89019608 0.96078431
v -0.04917024 0.01105465 -0.01126924 0.43529412 0.89019608 0.96078431
v -0.04894301 0.01105465 -0.01136492 0.43529412 0.89019608 0.96078431
v -0.04870650 0.01105465 -0.01142345 0.43529412 0.89019608 0.96078431
v -0.04871577 0.01081211 -0.01148480 0.43529412 0.89019608 0.96078431
v -0.04878069 0.00572982 -0.01149099 0.43529412 0.89019608 0.96078431
v -0.00200745 0.01180561 -0.01084150 0.43529412 0.89019608 0.96078431
v -0.00200745 0.01179762 -0.01085276 0.43529412 0.89019608 0.96078431
v -0.04845608 0.01128246 -0.01134128 0.43529412 0.89019608 0.96078431
v -0.04868331 0.01128246 -0.01132327 0.43529412 0.89019608 0.96078431
v -0.00200745 0.01148815 -0.01120339 0.43529412 0.89019608 0.96078431
v -0.01185274 0.01146359 -0.01122028 0.43529412 0.89019608 0.96078431
v -0.00200745 0.01150350 -0.01118876 0.43529412 0.89019608 0.96078431
v -0.04890591 0.01128246 -0.01126924 0.43529412 0.89019608 0.96078431
v -0.04937893 0.01143535 -0.01084825 0.43529412 0.89019608 0.96078431
v -0.04937893 0.01146359 -0.01081561 0.43529412 0.89019608 0.96078431
v -0.04872041 0.00572982 -0.01150506 0.43529412 0.89019608 0.96078431
v -0.04845608 0.01081211 -0.01150506 0.43529412 0.89019608 0.96078431
v -0.03613902 0.01059352 -0.01152363 0.43529412 0.89019608 0.96078431
v -0.01150493 0.01065615 -0.01151857 0.43529412 0.89019608 0.96078431
v -0.02382198 0.01074948 -0.01151069 0.43529412 0.89019608 0.96078431
v -0.00200745 0.01069483 -0.01151519 0.43529412 0.89019608 0.96078431
v -0.04845608 0.01105465 -0.01144315 0.43529412 0.89019608 0.96078431
v -0.01150493 0.01141140 -0.01125517 0.43529412 0.89019608 0.96078431
v -0.00200745 0.01130026 -0.01132946 0.43529412 0.89019608 0.96078431
v -0.00200745 0.01128246 -0.01134128 0.43529412 0.89019608 0.96078431
v -0.03613902 0.01125360 -0.01135422 0.43529412 0.89019608 0.96078431
v -0.03613902 0.01119711 -0.01137955 0.43529412 0.89019608 0.96078431
v -0.02382198 0.01087290 -0.01148986 0.43529412 0.89019608 0.96078431
v -0.00200745 0.01083299 -0.01149999 0.43529412 0.89019608 0.96078431
v -0.00200745 0.01081211 -0.01150506 0.43529412 0.89019608 0.96078431
v -0.01185738 0.01078202 -0.01150787 0.43529412 0.89019608 0.96078431
v -0.01185274 0.01078202 -0.01150787 0.43529412 0.89019608 0.96078431
v -0.01185274 0.01105527 -0.01144315 0.43529412 0.89019608 0.96078431
v -0.00200745 0.01105527 -0.01144315 0.43529412 0.89019608 0.96078431
v -0.01150493 0.01125360 -0.01135422 0.43529412 0.89019608 0.96078431
v -0.01150493 0.01090360 -0.01148198 0.43529412 0.89019608 0.96078431
f 155 156 159
f 155 159 178
f 155 178 193
f 155 193 211
f 155 211 234
f 155 234 236
f 155 236 267
f 155 267 266
f 155 266 265
f 155 265 264
f 155 264 263
f 155 263 262
f 155 262 261
f 155 261 260
f 155 260 259
f 155 259 258
f 155 258 257
f 155 257 256
f 155 256 255
f 155 255 290
f 155 290 314
f 155 314 323
f 155 323 322
f 155 322 327
f 155 327 318
f 155 318 317
f 155 317 303
f 155 303 305
f 155 305 276
f 155 276 300
f 155 300 299
f 155 299 280
f 155 280 247
f 155 247 246
f 155 246 245
f 155 245 224
f 155 224 217
f 155 217 197
f 155 197 181
f 155 181 174
f 155 174 157
f 155 157 176
f 155 176 158
f 155 158 177
f 155 177 192
f 155 192 210
f 155 210 233
f 155 233 213
f 155 213 195
f 155 195 179
f 155 179 160
f 155 160 156
f 156 160 161
f 156 161 162
f 156 162 163
f 156 163 164
f 156 164 165
f 156 165 166
f 156 166 167
f 156 167 168
f 156 168 169
f 156 169 170
f 156 170 171
f 156 171 172
f 156 172 173
f 156 173 159
f 157 174 175
f 157 175 176
f 158 176 177
f 159 173 178
f 160 179 196
f 160 196 216
f 160 216 240
f 160 240 272
f 160 272 298
f 160 298 309
f 160 309 286
f 160 286 254
f 160 254 235
f 160 235 212
f 160 212 194
f 160 194 180
f 160 180 173
f 160 173 172
f 160 172 171
f 160 171 170
f 160 170 169
f 160 169 168
f 160 168 167
f 160 167 166
f 160 166 165
f 160 165 164
f 160 164 163
f 160 163 162
f 160 162 161
f 173 180 178
f 174 181 175
f 175 181 182
f 175 182 176
f 176 182 183
f 176 183 184
f 176 184 185
f 176 185 186
f 176 186 187
f 176 187 188
f 176 188 189
f 176 189 190
f 176 190 191
f 176 191 177
f 177 191 192
f 178 180 194
f 178 194 193
f 179 195 214
f 179 214 237
f 179 237 253
f 179 253 285
f 179 285 284
f 179 284 308
f 179 308 307
f 179 307 291
f 179 291 268
f 179 268 238
f 179 238 215
f 179 215 196
f 181 197 198
f 181 198 182
f 182 199 200
f 182 200 183
f 182 198 201
f 182 201 199
f 183 200 184
f 184 200 202
f 184 202 203
f 184 203 185
f 185 203 204
f 185 204 186
f 186 204 205
f 186 205 187
f 187 205 188
f 188 205 206
f 188 206 189
f 189 206 207
f 189 207 208
f 189 208 190
f 190 208 191
f 191 208 209
f 191 209 210
f 191 210 192
f 193 194 211
f 194 212 211
f 195 213 232
f 195 232 214
f 196 215 216
f 197 217 198
f 198 217 224
f 198 224 201
f 199 218 219
f 199 219 220
f 199 220 200
f 199 201 221
f 199 221 222
f 199 222 223
f 199 223 218
f 200 220 225
f 200 225 202
f 201 224 245
f 201 245 221
f 202 225 226
f 202 226 203
f 203 226 204
f 204 226 227
f 204 227 228
f 204 228 205
f 205 228 206
f 206 228 229
f 206 229 230
f 206 230 207
f 207 230 208
f 208 230 231
f 208 231 232
f 208 232 209
f 209 233 210
f 209 232 233
f 211 212 234
f 212 235 236
f 212 236 234
f 213 233 232
f 214 232 237
f 215 238 239
f 215 239 216
f 216 239 240
f 218 223 241
f 218 241 242
f 218 242 219
f 219 243 220
f 219 242 243
f 220 243 244
f 220 244 248
f 220 248 225
f 221 245 246
f 221 246 222
f 222 246 223
f 223 246 247
f 223 247 241
f 225 248 226
f 226 248 249
f 226 249 250
f 226 250 227
f 227 250 228
f 228 250 251
f 228 251 252
f 228 252 229
f 229 252 253
f 229 253 230
f 230 253 231
f 231 253 237
f 231 237 232
f 235 254 255
f 235 255 256
f 235 256 257
f 235 257 258
f 235 258 259
f 235 259 260
f 235 260 261
f 235 261 262
f 235 262 263
f 235 263 264
f 235 264 265
f 235 265 266
f 235 266 267
f 235 267 236
f 238 268 269
f 238 269 239
f 239 269 270
f 239 270 271
f 239 271 272
f 239 272 240
f 241 247 242
f 242 247 280
f 242 280 273
f 242 273 300
f 242 300 274
f 242 274 243
f 243 275 244
f 243 274 276
f 243 276 277
f 243 277 275
f 244 275 278
f 244 278 279
f 244 279 248
f 248 279 281
f 248 281 249
f 249 281 250
f 250 281 282
f 250 282 283
f 250 283 251
f 251 283 284
f 251 284 252
f 252 284 285
f 252 285 253
f 254 286 287
f 254 287 288
f 254 288 289
f 254 289 290
f 254 290 255
f 268 291 292
f 268 292 293
f 268 293 294
f 268 294 269
f 269 294 270
f 270 295 296
f 270 296 297
f 270 297 287
f 270 287 271
f 270 294 295
f 271 287 298
f 271 298 272
f 273 280 299
f 273 299 300
f 274 300 276
f 275 301 302
f 275 302 278
f 275 277 303
f 275 303 304
f 275 304 301
f 276 305 277
f 277 305 303
f 278 302 279
f 279 306 281
f 279 302 306
f 281 293 292
f 281 292 282
f 281 306 293
f 282 292 307
f 282 307 283
f 283 307 308
f 283 308 284
f 286 309 287
f 287 297 288
f 287 309 298
f 288 297 310
f 288 310 311
f 288 311 289
f 289 312 290
f 289 311 313
f 289 313 312
f 290 312 314
f 291 307 292
f 293 306 294
f 294 306 295
f 295 306 296
f 296 302 301
f 296 301 315
f 296 315 297
f 296 306 302
f 297 315 310
f 301 304 316
f 301 316 317
f 301 317 318
f 301 318 328
f 301 328 319
f 301 319 320
f 301 320 315
f 303 317 304
f 304 317 316
f 310 315 321
f 310 321 322
f 310 322 323
f 310 323 325
f 310 325 324
f 310 324 313
f 310 313 311
f 312 325 314
f 312 313 325
f 313 324 325
f 314 325 323
f 315 320 326
f 315 326 321
f 318 327 328
f 319 328 327
f 319 327 326
f 319 326 320
f 321 326 327
f 321 327 329
f 321 329 322
f 322 329 327

o geometry_3
v -0.02100582 -0.00500427 0.01014889 0.38039216 0.78823529 0.52549020
v -0.02101038 -0.00500427 0.01000431 0.38039216 0.78823529 0.52549020
v -0.02101494 -0.00500427 0.01025971 0.38039216 0.78823529 0.52549020
v -0.00280468 -0.00501934 0.01014889 0.38039216 0.78823529 0.52549020
v -0.02121555 -0.00500427 0.00573107 0.38039216 0.78823529 0.52549020
v -0.02103774 -0.00500427 0.01036941 0.38039216 0.78823529 0.52549020
v -0.00280468 -0.00502893 0.01026028 0.38039216 0.78823529 0.52549020
v -0.00280468 -0.00502003 0.01003750 0.38039216 0.78823529 0.52549020
v -0.02106510 -0.00500427 0.01047799 0.38039216 0.78823529 0.52549020
v -0.02110613 -0.00500427 0.01058263 0.38039216 0.78823529 0.52549020
v -0.02115172 -0.00500427 0.01068670 0.38039216 0.78823529 0.52549020
v -0.02120644 -0.00500427 0.01078346 0.38039216 0.78823529 0.52549020
v -0.02127483 -0.00500427 0.01087966 0.38039216 0.78823529 0.52549020
v -0.02142985 -0.00500427 0.01105237 0.38039216 0.78823529 0.52549020
v -0.02161223 -0.00500427 0.01119976 0.38039216 0.78823529 0.52549020
v -0.02182196 -0.00500427 0.01131902 0.38039216 0.78823529 0.52549020
v -0.02183564 -0.00500427 0.01132521 0.38039216 0.78823529 0.52549020
v -0.02204537 -0.00500427 0.01140678 0.38039216 0.78823529 0.52549020
v -0.02228246 -0.00500427 0.01146023 0.38039216 0.78823529 0.52549020
v -0.04938356 -0.00500427 0.00573107 0.38039216 0.78823529 0.52549020
v -0.00280468 -0.00502208 0.00998856 0.38039216 0.78823529 0.52549020
v -0.00280468 -0.00521597 0.00573107 0.38039216 0.78823529 0.52549020
v -0.00280468 -0.00504675 0.01036998 0.38039216 0.78823529 0.52549020
v -0.02252866 -0.00500427 0.01147767 0.38039216 0.78823529 0.52549020
v -0.04938356 -0.01170187 0.00573107 0.38039216 0.78823529 0.52549020
v -0.04938356 -0.00500427 0.01119020 0.38039216 0.78823529 0.52549020
v -0.00280468 -0.01200332 0.00573107 0.38039216 0.78823529 0.52549020
v -0.00280468 -0.00507415 0.01047799 0.38039216 0.78823529 0.52549020
v -0.04845344 -0.00500427 0.01147767 0.38039216 0.78823529 0.52549020
v -0.00280468 -0.00645875 0.01147767 0.38039216 0.78823529 0.52549020
v -0.00280468 -0.00624157 0.01146135 0.38039216 0.78823529 0.52549020
v -0.00280468 -0.00622719 0.01146023 0.38039216 0.78823529 0.52549020
v -0.00280468 -0.00600179 0.01140678 0.38039216 0.78823529 0.52549020
v -0.00280468 -0.00580653 0.01132690 0.38039216 0.78823529 0.52549020
v -0.00280468 -0.00579694 0.01132296 0.38039216 0.78823529 0.52549020
v -0.00280468 -0.00578803 0.01131902 0.38039216 0.78823529 0.52549020
v -0.00280468 -0.00560511 0.01120820 0.38039216 0.78823529 0.52549020
v -0.00280468 -0.00559209 0.01119976 0.38039216 0.78823529 0.52549020
v -0.00280468 -0.00542219 0.01105574 0.38039216 0.78823529 0.52549020
v -0.00280468 -0.00527420 0.01088247 0.38039216 0.78823529 0.52549020
v -0.00280468 -0.00521049 0.01078627 0.38039216 0.78823529 0.52549020
v -0.00280468 -0.00515636 0.01068726 0.38039216 0.78823529 0.52549020
v -0.00280468 -0.00511046 0.01058375 0.38039216 0.78823529 0.52549020
v -0.04938356 -0.01170187 0.01009769 0.38039216 0.78823529 0.52549020
v -0.04921486 -0.01181012 0.00573107 0.38039216 0.78823529 0.52549020
v -0.04938356 -0.01056186 0.01119020 0.38039216 0.78823529 0.52549020
v -0.04921486 -0.00500427 0.01129314 0.38039216 0.78823529 0.52549020
v -0.00280468 -0.01200332 0.01009769 0.38039216 0.78823529 0.52549020
v -0.04845344 -0.01200332 0.00573107 0.38039216 0.78823529 0.52549020
v -0.04852639 -0.00500427 0.01147260 0.38039216 0.78823529 0.52549020
v -0.04845344 -0.01056186 0.01147767 0.38039216 0.78823529 0.52549020
v -0.00280468 -0.01056254 0.01147767 0.38039216 0.78823529 0.52549020
v -0.04921486 -0.01181012 0.01009769 0.38039216 0.78823529 0.52549020
v -0.04938356 -0.01167652 0.01033735 0.38039216 0.78823529 0.52549020
v -0.04897777 -0.01191631 0.00573107 0.38039216 0.78823529 0.52549020
v -0.04938356 -0.01071669 0.01118119 0.38039216 0.78823529 0.52549020
v -0.04920574 -0.01068723 0.01129314 0.38039216 0.78823529 0.52549020
v -0.04921486 -0.01056186 0.01129314 0.38039216 0.78823529 0.52549020
v -0.04897777 -0.00500427 0.01139497 0.38039216 0.78823529 0.52549020
v -0.00280468 -0.01198208 0.01032835 0.38039216 0.78823529 0.52549020
v -0.01150402 -0.01198414 0.01030753 0.38039216 0.78823529 0.52549020
v -0.01150402 -0.01199510 0.01018771 0.38039216 0.78823529 0.52549020
v -0.04845344 -0.01200332 0.01009769 0.38039216 0.78823529 0.52549020
v -0.04851271 -0.01199852 0.00573107 0.38039216 0.78823529 0.52549020
v -0.04871789 -0.00500427 0.01145685 0.38039216 0.78823529 0.52549020
v -0.04871789 -0.01060570 0.01145685 0.38039216 0.78823529 0.52549020
v -0.04870421 -0.01064818 0.01145685 0.38039216 0.78823529 0.52549020
v -0.04868141 -0.01068723 0.01145685 0.38039216 0.78823529 0.52549020
v -0.04865861 -0.01072286 0.01145685 0.38039216 0.78823529 0.52549020
v -0.04862670 -0.01075437 0.01145685 0.38039216 0.78823529 0.52549020
v -0.04858566 -0.01077835 0.01145685 0.38039216 0.78823529 0.52549020
v -0.04854919 -0.01079685 0.01145685 0.38039216 0.78823529 0.52549020
v -0.04849904 -0.01080849 0.01145685 0.38039216 0.78823529 0.52549020
v -0.04845344 -0.01081261 0.01145685 0.38039216 0.78823529 0.52549020
v -0.03613849 -0.01065572 0.01147035 0.38039216 0.78823529 0.52549020
v -0.03613849 -0.01059337 0.01147542 0.38039216 0.78823529 0.52549020
v -0.01185510 -0.01059474 0.01147542 0.38039216 0.78823529 0.52549020
v -0.00280468 -0.01057145 0.01147710 0.38039216 0.78823529 0.52549020
v -0.01185510 -0.01056254 0.01147767 0.38039216 0.78823529 0.52549020
v -0.04897777 -0.01191631 0.01009769 0.38039216 0.78823529 0.52549020
v -0.04920574 -0.01179025 0.01033735 0.38039216 0.78823529 0.52549020
v -0.04938356 -0.01160322 0.01055168 0.38039216 0.78823529 0.52549020
v -0.04917383 -0.01173476 0.01056969 0.38039216 0.78823529 0.52549020
v -0.04871789 -0.01198140 0.00573107 0.38039216 0.78823529 0.52549020
v -0.04938356 -0.01086673 0.01115532 0.38039216 0.78823529 0.52549020
v -0.04917383 -0.01080849 0.01129314 0.38039216 0.78823529 0.52549020
v -0.04896865 -0.01064818 0.01139497 0.38039216 0.78823529 0.52549020
v -0.04897777 -0.01056186 0.01139497 0.38039216 0.78823529 0.52549020
v -0.00280468 -0.01198071 0.01033735 0.38039216 0.78823529 0.52549020
v -0.01185966 -0.01198140 0.01033735 0.38039216 0.78823529 0.52549020
v -0.02382354 -0.01198688 0.01027772 0.38039216 0.78823529 0.52549020
v -0.04845344 -0.01198140 0.01033735 0.38039216 0.78823529 0.52549020
v -0.04871789 -0.01198140 0.01009769 0.38039216 0.78823529 0.52549020
v -0.04894586 -0.01073039 0.01139497 0.38039216 0.78823529 0.52549020
v -0.04890938 -0.01080849 0.01139497 0.38039216 0.78823529 0.52549020
v -0.04885467 -0.01087838 0.01139497 0.38039216 0.78823529 0.52549020
v -0.04879084 -0.01094003 0.01139497 0.38039216 0.78823529 0.52549020
v -0.04871789 -0.01098868 0.01139497 0.38039216 0.78823529 0.52549020
v -0.04863582 -0.01102567 0.01139497 0.38039216 0.78823529 0.52549020
v -0.04854919 -0.01104691 0.01139497 0.38039216 0.78823529 0.52549020
v -0.04845344 -0.01105513 0.01139497 0.38039216 0.78823529 0.52549020
v -0.02382354 -0.01087289 0.01144166 0.38039216 0.78823529 0.52549020
v -0.01185966 -0.01084412 0.01144898 0.38039216 0.78823529 0.52549020
v -0.00280468 -0.01081261 0.01145685 0.38039216 0.78823529 0.52549020
v -0.00280468 -0.01080301 0.01145798 0.38039216 0.78823529 0.52549020
v -0.02382354 -0.01074957 0.01146248 0.38039216 0.78823529 0.52549020
v -0.01150402 -0.01065640 0.01147035 0.38039216 0.78823529 0.52549020
v -0.00280468 -0.01069614 0.01146698 0.38039216 0.78823529 0.52549020
v -0.04871789 -0.01195879 0.01033735 0.38039216 0.78823529 0.52549020
v -0.04896865 -0.01189576 0.01033735 0.38039216 0.78823529 0.52549020
v -0.04938356 -0.01159637 0.01056969 0.38039216 0.78823529 0.52549020
v -0.04894586 -0.01183478 0.01056969 0.38039216 0.78823529 0.52549020
v -0.04890938 -0.01173476 0.01078796 0.38039216 0.78823529 0.52549020
v -0.04911456 -0.01164227 0.01078796 0.38039216 0.78823529 0.52549020
v -0.04930605 -0.01151758 0.01078796 0.38039216 0.78823529 0.52549020
v -0.04938356 -0.01087975 0.01115194 0.38039216 0.78823529 0.52549020
v -0.04937900 -0.01087838 0.01115532 0.38039216 0.78823529 0.52549020
v -0.04911456 -0.01092291 0.01129314 0.38039216 0.78823529 0.52549020
v -0.04930605 -0.01102567 0.01115532 0.38039216 0.78823529 0.52549020
v -0.00280468 -0.01197866 0.01034579 0.38039216 0.78823529 0.52549020
v -0.01185966 -0.01191631 0.01056969 0.38039216 0.78823529 0.52549020
v -0.03613849 -0.01192453 0.01054100 0.38039216 0.78823529 0.52549020
v -0.00280468 -0.01192316 0.01054437 0.38039216 0.78823529 0.52549020
v -0.04845344 -0.01191631 0.01056969 0.38039216 0.78823529 0.52549020
v -0.04870421 -0.01189576 0.01056969 0.38039216 0.78823529 0.52549020
v -0.04904161 -0.01102567 0.01129314 0.38039216 0.78823529 0.52549020
v -0.04894586 -0.01111405 0.01129314 0.38039216 0.78823529 0.52549020
v -0.04883643 -0.01118530 0.01129314 0.38039216 0.78823529 0.52549020
v -0.04871789 -0.01123943 0.01129314 0.38039216 0.78823529 0.52549020
v -0.04858566 -0.01127094 0.01129314 0.38039216 0.78823529 0.52549020
v -0.04845344 -0.01128190 0.01129314 0.38039216 0.78823529 0.52549020
v -0.03613849 -0.01114077 0.01135672 0.38039216 0.78823529 0.52549020
v -0.01185966 -0.01105513 0.01139497 0.38039216 0.78823529 0.52549020
v -0.01185966 -0.01096538 0.01141803 0.38039216 0.78823529 0.52549020
v -0.01150402 -0.01090372 0.01143379 0.38039216 0.78823529 0.52549020
v -0.00280468 -0.01083932 0.01145010 0.38039216 0.78823529 0.52549020
v -0.04938356 -0.01144633 0.01078796 0.38039216 0.78823529 0.52549020
v -0.04868141 -0.01179025 0.01078796 0.38039216 0.78823529 0.52549020
v -0.04865861 -0.01164912 0.01098486 0.38039216 0.78823529 0.52549020
v -0.04885467 -0.01159911 0.01098486 0.38039216 0.78823529 0.52549020
v -0.04904161 -0.01151758 0.01098486 0.38039216 0.78823529 0.52549020
v -0.04920574 -0.01140796 0.01098486 0.38039216 0.78823529 0.52549020
v -0.04938356 -0.01106678 0.01107600 0.38039216 0.78823529 0.52549020
v -0.04920574 -0.01115790 0.01115532 0.38039216 0.78823529 0.52549020
v -0.02382354 -0.01183684 0.01073339 0.38039216 0.78823529 0.52549020
v -0.00280468 -0.01191837 0.01056125 0.38039216 0.78823529 0.52549020
v -0.00280468 -0.01191563 0.01056969 0.38039216 0.78823529 0.52549020
v -0.00280468 -0.01191220 0.01057756 0.38039216 0.78823529 0.52549020
v -0.00280468 -0.01186698 0.01067095 0.38039216 0.78823529 0.52549020
v -0.04845344 -0.01181012 0.01078796 0.38039216 0.78823529 0.52549020
v -0.04908264 -0.01127094 0.01115532 0.38039216 0.78823529 0.52549020
v -0.04894586 -0.01136343 0.01115532 0.38039216 0.78823529 0.52549020
v -0.04879084 -0.01143194 0.01115532 0.38039216 0.78823529 0.52549020
v -0.04862670 -0.01147373 0.01115532 0.38039216 0.78823529 0.52549020
v -0.04845344 -0.01148812 0.01115532 0.38039216 0.78823529 0.52549020
v -0.01185966 -0.01125518 0.01130552 0.38039216 0.78823529 0.52549020
v -0.01185510 -0.01128259 0.01129314 0.38039216 0.78823529 0.52549020
v -0.01185510 -0.01125518 0.01130552 0.38039216 0.78823529 0.52549020
v -0.00280468 -0.01117708 0.01134040 0.38039216 0.78823529 0.52549020
v -0.00280468 -0.01107980 0.01138372 0.38039216 0.78823529 0.52549020
v -0.00280468 -0.01106335 0.01139103 0.38039216 0.78823529 0.52549020
v -0.00280468 -0.01105445 0.01139497 0.38039216 0.78823529 0.52549020
v -0.00280468 -0.01096059 0.01141916 0.38039216 0.78823529 0.52549020
v -0.01185510 -0.01096538 0.01141803 0.38039216 0.78823529 0.52549020
v -0.04938356 -0.01129492 0.01093479 0.38039216 0.78823529 0.52549020
v -0.04845344 -0.01166625 0.01098486 0.38039216 0.78823529 0.52549020
v -0.04934708 -0.01127094 0.01098486 0.38039216 0.78823529 0.52549020
v -0.04938356 -0.01123121 0.01098486 0.38039216 0.78823529 0.52549020
v -0.01185966 -0.01181012 0.01078796 0.38039216 0.78823529 0.52549020
v -0.00280468 -0.01181355 0.01078009 0.38039216 0.78823529 0.52549020
v -0.01185966 -0.01141207 0.01120651 0.38039216 0.78823529 0.52549020
v -0.03613849 -0.01151073 0.01113394 0.38039216 0.78823529 0.52549020
v -0.00280468 -0.01148812 0.01115532 0.38039216 0.78823529 0.52549020
v -0.00280468 -0.01128259 0.01129314 0.38039216 0.78823529 0.52549020
v -0.02382354 -0.01162172 0.01102761 0.38039216 0.78823529 0.52549020
v -0.00280468 -0.01166625 0.01098486 0.38039216 0.78823529 0.52549020
v -0.00280468 -0.01180943 0.01078796 0.38039216 0.78823529 0.52549020
v -0.00280468 -0.01146551 0.01117051 0.38039216 0.78823529 0.52549020
f 330 331 334
f 330 334 349
f 330 349 355
f 330 355 376
f 330 376 388
f 330 388 394
f 330 394 379
f 330 379 358
f 330 358 353
f 330 353 348
f 330 348 347
f 330 347 346
f 330 346 345
f 330 345 344
f 330 344 343
f 330 343 342
f 330 342 341
f 330 341 340
f 330 340 339
f 330 339 338
f 330 338 335
f 330 335 332
f 330 332 333
f 330 333 331
f 331 333 334
f 332 335 333
f 333 336 352
f 333 352 357
f 333 357 372
f 333 372 371
f 333 371 370
f 333 370 369
f 333 369 368
f 333 368 367
f 333 367 366
f 333 366 365
f 333 365 364
f 333 364 363
f 333 363 362
f 333 362 361
f 333 361 360
f 333 360 359
f 333 359 381
f 333 381 407
f 333 407 437
f 333 437 434
f 333 434 433
f 333 433 465
f 333 465 492
f 333 492 491
f 333 491 490
f 333 490 489
f 333 489 488
f 333 488 503
f 333 503 507
f 333 507 502
f 333 502 505
f 333 505 506
f 333 506 499
f 333 499 478
f 333 478 477
f 333 477 476
f 333 476 475
f 333 475 452
f 333 452 449
f 333 449 418
f 333 418 389
f 333 389 377
f 333 377 356
f 333 356 351
f 333 351 350
f 333 350 337
f 333 337 334
f 333 335 338
f 333 338 339
f 333 339 340
f 333 340 341
f 333 341 342
f 333 342 343
f 333 343 344
f 333 344 345
f 333 345 346
f 333 346 347
f 333 347 348
f 333 348 336
f 334 337 350
f 334 350 351
f 334 351 356
f 334 356 378
f 334 378 393
f 334 393 413
f 334 413 384
f 334 384 374
f 334 374 354
f 334 354 349
f 336 348 353
f 336 353 352
f 349 354 373
f 349 373 383
f 349 383 411
f 349 411 440
f 349 440 466
f 349 466 494
f 349 494 497
f 349 497 472
f 349 472 445
f 349 445 414
f 349 414 385
f 349 385 375
f 349 375 355
f 352 353 357
f 353 358 380
f 353 380 408
f 353 408 381
f 353 381 359
f 353 359 360
f 353 360 361
f 353 361 362
f 353 362 363
f 353 363 364
f 353 364 365
f 353 365 366
f 353 366 367
f 353 367 368
f 353 368 369
f 353 369 370
f 353 370 371
f 353 371 372
f 353 372 357
f 354 374 382
f 354 382 373
f 355 375 387
f 355 387 376
f 356 377 392
f 356 392 378
f 358 379 380
f 373 382 383
f 374 384 409
f 374 409 382
f 375 385 386
f 375 386 387
f 376 387 417
f 376 417 388
f 377 389 390
f 377 390 391
f 377 391 420
f 377 420 392
f 378 392 393
f 379 394 395
f 379 395 380
f 380 395 396
f 380 396 397
f 380 397 398
f 380 398 399
f 380 399 400
f 380 400 401
f 380 401 402
f 380 402 403
f 380 403 404
f 380 404 405
f 380 405 406
f 380 406 407
f 380 407 408
f 381 408 407
f 382 409 410
f 382 410 383
f 383 410 412
f 383 412 411
f 384 413 422
f 384 422 409
f 385 414 415
f 385 415 386
f 386 415 416
f 386 416 417
f 386 417 387
f 388 417 395
f 388 395 394
f 389 418 419
f 389 419 390
f 390 419 421
f 390 421 420
f 390 420 391
f 392 420 421
f 392 421 422
f 392 422 393
f 393 422 413
f 395 417 416
f 395 416 423
f 395 423 396
f 396 423 424
f 396 424 397
f 397 424 398
f 398 424 425
f 398 425 399
f 399 425 426
f 399 426 427
f 399 427 400
f 400 427 401
f 401 427 428
f 401 428 429
f 401 429 402
f 402 429 403
f 403 429 430
f 403 430 431
f 403 431 432
f 403 432 433
f 403 433 434
f 403 434 435
f 403 435 404
f 404 435 436
f 404 436 406
f 404 406 405
f 406 436 437
f 406 437 407
f 409 422 438
f 409 438 439
f 409 439 410
f 410 439 412
f 411 412 440
f 412 439 441
f 412 441 442
f 412 442 443
f 412 443 444
f 412 444 440
f 414 445 446
f 414 446 415
f 415 447 424
f 415 424 423
f 415 423 416
f 415 446 448
f 415 448 447
f 418 449 419
f 419 450 451
f 419 451 421
f 419 449 452
f 419 452 450
f 421 451 453
f 421 453 454
f 421 454 438
f 421 438 422
f 424 447 455
f 424 455 425
f 425 455 426
f 426 455 456
f 426 456 427
f 427 456 457
f 427 457 458
f 427 458 428
f 428 458 429
f 429 458 459
f 429 459 430
f 430 459 460
f 430 460 461
f 430 461 462
f 430 462 493
f 430 493 463
f 430 463 431
f 431 463 493
f 431 493 464
f 431 464 432
f 432 464 465
f 432 465 433
f 434 437 436
f 434 436 435
f 438 454 439
f 439 454 441
f 440 444 466
f 441 454 442
f 442 454 467
f 442 467 468
f 442 468 469
f 442 469 470
f 442 470 443
f 443 470 444
f 444 470 471
f 444 471 466
f 445 472 448
f 445 448 446
f 447 448 455
f 448 473 455
f 448 472 473
f 450 474 453
f 450 453 451
f 450 452 475
f 450 475 476
f 450 476 477
f 450 477 478
f 450 478 474
f 453 474 479
f 453 479 454
f 454 479 467
f 455 473 456
f 456 473 480
f 456 480 481
f 456 481 457
f 457 481 458
f 458 481 482
f 458 482 483
f 458 483 459
f 459 483 484
f 459 484 460
f 460 485 461
f 460 484 486
f 460 486 485
f 461 485 487
f 461 487 462
f 462 487 488
f 462 488 489
f 462 489 490
f 462 490 491
f 462 491 492
f 462 492 493
f 464 493 492
f 464 492 465
f 466 471 494
f 467 479 468
f 468 482 469
f 468 479 495
f 468 495 483
f 468 483 482
f 469 482 470
f 470 482 481
f 470 481 471
f 471 473 496
f 471 496 494
f 471 481 480
f 471 480 473
f 472 497 473
f 473 497 496
f 474 478 498
f 474 498 479
f 478 499 498
f 479 498 505
f 479 505 495
f 483 495 484
f 484 500 486
f 484 495 501
f 484 501 502
f 484 502 500
f 485 486 503
f 485 503 487
f 486 500 503
f 487 503 488
f 494 496 497
f 495 504 501
f 495 505 504
f 498 499 506
f 498 506 505
f 500 502 507
f 500 507 503
f 501 504 505
f 501 505 502

o geometry_4
v -0.02100362 0.00500568 0.01014933 0.56470588 0.92549020 0.07058824
v -0.02100362 -0.00500427 0.01014933 0.56470588 0.92549020 0.07058824
v -0.02100640 -0.00500427 0.01000473 0.56470588 0.92549020 0.07058824
v -0.02100640 0.00500568 0.01001317 0.56470588 0.92549020 0.07058824
v -0.02101473 0.00500568 0.01026016 0.56470588 0.92549020 0.07058824
v -0.02101473 -0.00500427 0.01026016 0.56470588 0.92549020 0.07058824
v -0.02121197 -0.00500427 0.00573107 0.56470588 0.92549020 0.07058824
v -0.02121197 0.00500568 0.00573107 0.56470588 0.92549020 0.07058824
v -0.02103418 0.00500568 0.01037044 0.56470588 0.92549020 0.07058824
v -0.02103418 -0.00500427 0.01036987 0.56470588 0.92549020 0.07058824
v -0.04938078 -0.00500427 0.00573107 0.56470588 0.92549020 0.07058824
v -0.04938078 0.00500568 0.00573107 0.56470588 0.92549020 0.07058824
v -0.02106196 0.00500568 0.01047846 0.56470588 0.92549020 0.07058824
v -0.02106196 -0.00500427 0.01047846 0.56470588 0.92549020 0.07058824
v -0.04938078 -0.00500427 0.01119074 0.56470588 0.92549020 0.07058824
v -0.04938078 0.00500568 0.01119074 0.56470588 0.92549020 0.07058824
v -0.02110085 0.00500568 0.01058423 0.56470588 0.92549020 0.07058824
v -0.02110085 -0.00500427 0.01058311 0.56470588 0.92549020 0.07058824
v -0.04935300 -0.00500427 0.01120874 0.56470588 0.92549020 0.07058824
v -0.04930578 0.00500568 0.01123969 0.56470588 0.92549020 0.07058824
v -0.02114808 0.00500568 0.01068551 0.56470588 0.92549020 0.07058824
v -0.02115085 -0.00500427 0.01068719 0.56470588 0.92549020 0.07058824
v -0.04927800 -0.00500427 0.01125713 0.56470588 0.92549020 0.07058824
v -0.04927800 0.00500568 0.01125713 0.56470588 0.92549020 0.07058824
v -0.02120642 0.00500568 0.01078565 0.56470588 0.92549020 0.07058824
v -0.02120642 -0.00500427 0.01078396 0.56470588 0.92549020 0.07058824
v -0.04921966 -0.00500427 0.01129370 0.56470588 0.92549020 0.07058824
v -0.04921966 0.00500568 0.01129370 0.56470588 0.92549020 0.07058824
v -0.02127031 0.00500568 0.01087736 0.56470588 0.92549020 0.07058824
v -0.02127308 -0.00500427 0.01088017 0.56470588 0.92549020 0.07058824
v -0.04898075 -0.00500427 0.01139553 0.56470588 0.92549020 0.07058824
v -0.04898075 0.00500568 0.01139553 0.56470588 0.92549020 0.07058824
v -0.02142587 0.00500568 0.01105290 0.56470588 0.92549020 0.07058824
v -0.02142587 -0.00500427 0.01105290 0.56470588 0.92549020 0.07058824
v -0.04872240 -0.00500427 0.01145742 0.56470588 0.92549020 0.07058824
v -0.04872240 0.00500568 0.01145742 0.56470588 0.92549020 0.07058824
v -0.02160089 0.00500568 0.01119243 0.56470588 0.92549020 0.07058824
v -0.02161200 -0.00500427 0.01120030 0.56470588 0.92549020 0.07058824
v -0.04852794 -0.00500427 0.01147317 0.56470588 0.92549020 0.07058824
v -0.04859184 0.00000071 0.01146811 0.56470588 0.92549020 0.07058824
v -0.04845849 0.00500568 0.01147880 0.56470588 0.92549020 0.07058824
v -0.02161200 0.00500568 0.01120030 0.56470588 0.92549020 0.07058824
v -0.02162034 -0.00500427 0.01120649 0.56470588 0.92549020 0.07058824
v -0.04845849 -0.00500427 0.01147824 0.56470588 0.92549020 0.07058824
v -0.04845849 0.00000071 0.01147880 0.56470588 0.92549020 0.07058824
v -0.02680406 0.00500568 0.01147880 0.56470588 0.92549020 0.07058824
v -0.02180368 0.00500568 0.01131170 0.56470588 0.92549020 0.07058824
v -0.02181757 -0.00500427 0.01131958 0.56470588 0.92549020 0.07058824
v -0.02252874 -0.00500427 0.01147824 0.56470588 0.92549020 0.07058824
v -0.03549084 0.00205149 0.01147880 0.56470588 0.92549020 0.07058824
v -0.02252874 0.00500568 0.01147824 0.56470588 0.92549020 0.07058824
v -0.02181757 0.00500568 0.01131958 0.56470588 0.92549020 0.07058824
v -0.02202592 0.00500568 0.01140003 0.56470588 0.92549020 0.07058824
v -0.02204537 -0.00500427 0.01140735 0.56470588 0.92549020 0.07058824
v -0.02230650 -0.00500427 0.01146248 0.56470588 0.92549020 0.07058824
v -0.02250096 0.00500568 0.01147655 0.56470588 0.92549020 0.07058824
v -0.02204537 0.00500568 0.01140735 0.56470588 0.92549020 0.07058824
v -0.02228428 -0.00500427 0.01146080 0.56470588 0.92549020 0.07058824
v -0.02228428 0.00500568 0.01146080 0.56470588 0.92549020 0.07058824
f 508 509 510
f 508 510 511
f 508 511 515
f 508 515 519
f 508 519 523
f 508 523 527
f 508 527 531
f 508 531 535
f 508 535 539
f 508 539 543
f 508 543 548
f 508 548 553
f 508 553 558
f 508 558 563
f 508 563 566
f 508 566 564
f 508 564 560
f 508 560 559
f 508 559 554
f 508 554 549
f 508 549 544
f 508 544 540
f 508 540 536
f 508 536 532
f 508 532 528
f 508 528 524
f 508 524 520
f 508 520 516
f 508 516 512
f 508 512 513
f 508 513 509
f 509 513 517
f 509 517 521
f 509 521 525
f 509 525 529
f 509 529 533
f 509 533 537
f 509 537 541
f 509 541 545
f 509 545 550
f 509 550 555
f 509 555 561
f 509 561 565
f 509 565 562
f 509 562 556
f 509 556 551
f 509 551 546
f 509 546 542
f 509 542 538
f 509 538 534
f 509 534 530
f 509 530 526
f 509 526 522
f 509 522 518
f 509 518 514
f 509 514 510
f 510 514 515
f 510 515 511
f 512 516 513
f 513 516 517
f 514 518 519
f 514 519 515
f 516 520 521
f 516 521 517
f 518 522 523
f 518 523 519
f 520 524 521
f 521 524 525
f 522 526 527
f 522 527 523
f 524 528 525
f 525 528 529
f 526 530 527
f 527 530 531
f 528 532 533
f 528 533 529
f 530 534 535
f 530 535 531
f 532 536 537
f 532 537 533
f 534 538 539
f 534 539 535
f 536 540 541
f 536 541 537
f 538 542 543
f 538 543 539
f 540 544 541
f 541 544 545
f 542 546 547
f 542 547 543
f 543 547 548
f 544 549 550
f 544 550 545
f 546 551 552
f 546 552 547
f 547 552 548
f 548 552 557
f 548 557 553
f 549 554 550
f 550 554 555
f 551 556 552
f 552 556 557
f 553 557 556
f 553 556 558
f 554 559 555
f 555 559 560
f 555 560 561
f 556 562 563
f 556 563 558
f 560 564 561
f 561 564 566
f 561 566 565
f 562 565 566
f 562 566 563

o geometry_5
v 0.05008757 0.01200332 0.01009813 0.08627451 0.01960784 0.83137255
v 0.02544998 0.01198687 0.01027817 0.08627451 0.01960784 0.83137255
v 0.05008757 0.01197982 0.01033780 0.08627451 0.01960784 0.83137255
v 0.05013552 0.01197982 0.01033443 0.08627451 0.01960784 0.83137255
v 0.05017813 0.01197982 0.01032318 0.08627451 0.01960784 0.83137255
v 0.05022075 0.01197982 0.01030574 0.08627451 0.01960784 0.83137255
v 0.05025804 0.01197982 0.01028154 0.08627451 0.01960784 0.83137255
v 0.05029000 0.01197982 0.01025229 0.08627451 0.01960784 0.83137255
v 0.05031664 0.01197982 0.01021797 0.08627451 0.01960784 0.83137255
v 0.05033794 0.01197982 0.01018027 0.08627451 0.01960784 0.83137255
v 0.05034860 0.01197982 0.01013976 0.08627451 0.01960784 0.83137255
v 0.05035393 0.01197982 0.01009813 0.08627451 0.01960784 0.83137255
v 0.05008757 0.01200332 0.00573107 0.08627451 0.01960784 0.83137255
v -0.00280468 0.01200332 0.01009813 0.08627451 0.01960784 0.83137255
v -0.00280468 0.01199157 0.01022697 0.08627451 0.01960784 0.83137255
v -0.00280468 0.01198217 0.01032880 0.08627451 0.01960784 0.83137255
v 0.03777144 0.01197277 0.01036706 0.08627451 0.01960784 0.83137255
v 0.05008757 0.01191637 0.01057017 0.08627451 0.01960784 0.83137255
v 0.05017813 0.01191637 0.01056285 0.08627451 0.01960784 0.83137255
v 0.05026870 0.01191637 0.01054204 0.08627451 0.01960784 0.83137255
v 0.05034860 0.01191637 0.01050715 0.08627451 0.01960784 0.83137255
v 0.05042318 0.01191637 0.01045989 0.08627451 0.01960784 0.83137255
v 0.05048710 0.01191637 0.01040138 0.08627451 0.01960784 0.83137255
v 0.05054037 0.01191637 0.01033443 0.08627451 0.01960784 0.83137255
v 0.05057766 0.01191637 0.01025960 0.08627451 0.01960784 0.83137255
v 0.05060430 0.01191637 0.01018027 0.08627451 0.01960784 0.83137255
v 0.05035393 0.01197982 0.00573107 0.08627451 0.01960784 0.83137255
v 0.05060963 0.01191637 0.01009813 0.08627451 0.01960784 0.83137255
v -0.00280468 0.01200332 0.00573107 0.08627451 0.01960784 0.83137255
v -0.00280468 0.01197982 0.01033780 0.08627451 0.01960784 0.83137255
v 0.01313917 0.01197277 0.01036706 0.08627451 0.01960784 0.83137255
v -0.00280468 0.01192342 0.01054485 0.08627451 0.01960784 0.83137255
v 0.03777144 0.01187643 0.01065231 0.08627451 0.01960784 0.83137255
v 0.05008757 0.01180828 0.01078846 0.08627451 0.01960784 0.83137255
v 0.05022075 0.01180828 0.01077778 0.08627451 0.01960784 0.83137255
v -0.00280468 0.01191637 0.01057017 0.08627451 0.01960784 0.83137255
v -0.00280468 0.01190462 0.01059436 0.08627451 0.01960784 0.83137255
v 0.05034860 0.01180828 0.01074683 0.08627451 0.01960784 0.83137255
v 0.05047112 0.01180828 0.01069563 0.08627451 0.01960784 0.83137255
v 0.05057766 0.01180828 0.01062699 0.08627451 0.01960784 0.83137255
v 0.05067355 0.01180828 0.01054204 0.08627451 0.01960784 0.83137255
v 0.05074813 0.01180828 0.01044302 0.08627451 0.01960784 0.83137255
v 0.05080673 0.01180828 0.01033443 0.08627451 0.01960784 0.83137255
v 0.05083869 0.01180828 0.01021797 0.08627451 0.01960784 0.83137255
v 0.05084934 0.01180828 0.01009813 0.08627451 0.01960784 0.83137255
v 0.05060963 0.01191637 0.00573107 0.08627451 0.01960784 0.83137255
v 0.05080140 0.01183178 0.00573107 0.08627451 0.01960784 0.83137255
v -0.00280468 -0.01200332 0.00573107 0.08627451 0.01960784 0.83137255
v 0.02544998 0.01183648 0.01073389 0.08627451 0.01960784 0.83137255
v 0.01313917 0.01187643 0.01065231 0.08627451 0.01960784 0.83137255
v 0.03777144 0.01179183 0.01081322 0.08627451 0.01960784 0.83137255
v 0.05008757 0.01166493 0.01098538 0.08627451 0.01960784 0.83137255
v 0.05025804 0.01166493 0.01097188 0.08627451 0.01960784 0.83137255
v -0.00280468 0.01181298 0.01078059 0.08627451 0.01960784 0.83137255
v -0.00280468 0.01180828 0.01078846 0.08627451 0.01960784 0.83137255
v -0.00280468 0.01180358 0.01079578 0.08627451 0.01960784 0.83137255
v 0.05042318 0.01166493 0.01093193 0.08627451 0.01960784 0.83137255
v -0.00280468 0.01186703 0.01067144 0.08627451 0.01960784 0.83137255
v 0.05057766 0.01166493 0.01086667 0.08627451 0.01960784 0.83137255
v 0.05072149 0.01166493 0.01077778 0.08627451 0.01960784 0.83137255
v 0.05083869 0.01166493 0.01066863 0.08627451 0.01960784 0.83137255
v 0.05093990 0.01166493 0.01054204 0.08627451 0.01960784 0.83137255
v 0.05100915 0.01166493 0.01040138 0.08627451 0.01960784 0.83137255
v 0.05105710 0.01166493 0.01025229 0.08627451 0.01960784 0.83137255
v 0.05106775 0.01166493 0.01009813 0.08627451 0.01960784 0.83137255
v 0.05089729 0.01177773 0.00573107 0.08627451 0.01960784 0.83137255
v 0.05084934 0.01180828 0.00573107 0.08627451 0.01960784 0.83137255
v -0.00280468 -0.01200332 0.01009813 0.08627451 0.01960784 0.83137255
v 0.05008757 -0.01200332 0.00573107 0.08627451 0.01960784 0.83137255
v 0.03777144 0.01168373 0.01096063 0.08627451 0.01960784 0.83137255
v 0.01313917 0.01179183 0.01081322 0.08627451 0.01960784 0.83137255
v 0.03777144 0.01164378 0.01100676 0.08627451 0.01960784 0.83137255
v 0.05008757 0.01148869 0.01115586 0.08627451 0.01960784 0.83137255
v -0.00280468 0.01166493 0.01098538 0.08627451 0.01960784 0.83137255
v 0.05029000 0.01148869 0.01113954 0.08627451 0.01960784 0.83137255
v -0.00280468 0.01168138 0.01096344 0.08627451 0.01960784 0.83137255
v 0.00081771 0.01173778 0.01088692 0.08627451 0.01960784 0.83137255
v 0.05048710 0.01148869 0.01109172 0.08627451 0.01960784 0.83137255
v 0.05067355 0.01148869 0.01101408 0.08627451 0.01960784 0.83137255
v 0.05083869 0.01148869 0.01090830 0.08627451 0.01960784 0.83137255
v 0.05098252 0.01148869 0.01077778 0.08627451 0.01960784 0.83137255
v 0.05109971 0.01148869 0.01062699 0.08627451 0.01960784 0.83137255
v 0.05118495 0.01148869 0.01045989 0.08627451 0.01960784 0.83137255
v 0.05123822 0.01148869 0.01028154 0.08627451 0.01960784 0.83137255
v 0.05125953 0.01148869 0.01009813 0.08627451 0.01960784 0.83137255
v 0.05111037 0.01162734 0.00573107 0.08627451 0.01960784 0.83137255
v 0.05106775 0.01166493 0.00573107 0.08627451 0.01960784 0.83137255
v 0.05008757 -0.01200332 0.01009813 0.08627451 0.01960784 0.83137255
v -0.00280468 -0.01199157 0.01022697 0.08627451 0.01960784 0.83137255
v 0.05035393 -0.01197982 0.00573107 0.08627451 0.01960784 0.83137255
v 0.01313917 0.01168373 0.01096063 0.08627451 0.01960784 0.83137255
v 0.01313917 0.01164378 0.01100676 0.08627451 0.01960784 0.83137255
v 0.05008757 0.01128190 0.01129370 0.08627451 0.01960784 0.83137255
v 0.05031664 0.01128190 0.01127569 0.08627451 0.01960784 0.83137255
v -0.00280468 0.01148869 0.01115586 0.08627451 0.01960784 0.83137255
v -0.00280468 0.01130540 0.01127851 0.08627451 0.01960784 0.83137255
v -0.00280468 0.01159679 0.01105177 0.08627451 0.01960784 0.83137255
v 0.05054037 0.01128190 0.01122168 0.08627451 0.01960784 0.83137255
v 0.05074813 0.01128190 0.01113335 0.08627451 0.01960784 0.83137255
v 0.05093990 0.01128190 0.01101408 0.08627451 0.01960784 0.83137255
v 0.05109971 0.01128190 0.01086667 0.08627451 0.01960784 0.83137255
v 0.05123289 0.01128190 0.01069563 0.08627451 0.01960784 0.83137255
v 0.05132878 0.01128190 0.01050715 0.08627451 0.01960784 0.83137255
v 0.05138737 0.01128190 0.01030574 0.08627451 0.01960784 0.83137255
v 0.05140868 0.01128190 0.01009813 0.08627451 0.01960784 0.83137255
v 0.05137672 0.01132655 0.00573107 0.08627451 0.01960784 0.83137255
v 0.05125953 0.01148869 0.00573107 0.08627451 0.01960784 0.83137255
v 0.05035393 -0.01197982 0.01009813 0.08627451 0.01960784 0.83137255
v 0.05035393 -0.01195867 0.01033443 0.08627451 0.01960784 0.83137255
v 0.05008757 -0.01197982 0.01033780 0.08627451 0.01960784 0.83137255
v 0.02544998 -0.01198687 0.01027817 0.08627451 0.01960784 0.83137255
v -0.00280468 -0.01198217 0.01032880 0.08627451 0.01960784 0.83137255
v 0.05055636 -0.01193047 0.00573107 0.08627451 0.01960784 0.83137255
v 0.03777144 0.01119730 0.01133196 0.08627451 0.01960784 0.83137255
v 0.05008757 0.01105396 0.01139553 0.08627451 0.01960784 0.83137255
v -0.00280468 0.01128190 0.01129370 0.08627451 0.01960784 0.83137255
v 0.05033794 0.01105396 0.01137528 0.08627451 0.01960784 0.83137255
v 0.05057766 0.01105396 0.01131677 0.08627451 0.01960784 0.83137255
v 0.05080673 0.01105396 0.01122168 0.08627451 0.01960784 0.83137255
v 0.05100915 0.01105396 0.01109172 0.08627451 0.01960784 0.83137255
v 0.05118495 0.01105396 0.01093193 0.08627451 0.01960784 0.83137255
v 0.05132878 0.01105396 0.01074683 0.08627451 0.01960784 0.83137255
v 0.05143532 0.01105396 0.01054204 0.08627451 0.01960784 0.83137255
v 0.05149924 0.01105396 0.01032318 0.08627451 0.01960784 0.83137255
v 0.05152055 0.01105396 0.01009813 0.08627451 0.01960784 0.83137255
v 0.05149924 0.01110331 0.00573107 0.08627451 0.01960784 0.83137255
v 0.05143532 0.01123255 0.00573107 0.08627451 0.01960784 0.83137255
v 0.05140868 0.01128190 0.00573107 0.08627451 0.01960784 0.83137255
v 0.05060963 -0.01191637 0.01009813 0.08627451 0.01960784 0.83137255
v 0.05035393 -0.01189522 0.01056285 0.08627451 0.01960784 0.83137255
v 0.05008757 -0.01191637 0.01057017 0.08627451 0.01960784 0.83137255
v 0.05060963 -0.01189522 0.01032318 0.08627451 0.01960784 0.83137255
v 0.03777144 -0.01197277 0.01036706 0.08627451 0.01960784 0.83137255
v 0.01313917 -0.01197277 0.01036706 0.08627451 0.01960784 0.83137255
v -0.00280468 -0.01197982 0.01033780 0.08627451 0.01960784 0.83137255
v 0.05060963 -0.01191637 0.00573107 0.08627451 0.01960784 0.83137255
v 0.01313917 0.01119730 0.01133196 0.08627451 0.01960784 0.83137255
v -0.00280468 0.01106336 0.01139159 0.08627451 0.01960784 0.83137255
v 0.03777144 0.01090356 0.01143435 0.08627451 0.01960784 0.83137255
v 0.05008757 0.01081192 0.01145742 0.08627451 0.01960784 0.83137255
v 0.05034860 0.01081192 0.01143717 0.08627451 0.01960784 0.83137255
v -0.00280468 0.01105396 0.01139553 0.08627451 0.01960784 0.83137255
v 0.00081771 0.01093411 0.01142648 0.08627451 0.01960784 0.83137255
v 0.00081771 0.01116910 0.01134433 0.08627451 0.01960784 0.83137255
v 0.05060430 0.01081192 0.01137528 0.08627451 0.01960784 0.83137255
v 0.05083869 0.01081192 0.01127569 0.08627451 0.01960784 0.83137255
v 0.05105710 0.01081192 0.01113954 0.08627451 0.01960784 0.83137255
v 0.05123822 0.01081192 0.01097188 0.08627451 0.01960784 0.83137255
v 0.05138737 0.01081192 0.01077778 0.08627451 0.01960784 0.83137255
v 0.05149924 0.01081192 0.01056285 0.08627451 0.01960784 0.83137255
v 0.05156850 0.01081192 0.01033443 0.08627451 0.01960784 0.83137255
v 0.05158980 0.01081192 0.01009813 0.08627451 0.01960784 0.83137255
v 0.05153653 0.01100226 0.00573107 0.08627451 0.01960784 0.83137255
v 0.05152055 0.01105396 0.00573107 0.08627451 0.01960784 0.83137255
v 0.05080140 -0.01183178 0.00573107 0.08627451 0.01960784 0.83137255
v 0.05084934 -0.01180828 0.01009813 0.08627451 0.01960784 0.83137255
v 0.05084934 -0.01178948 0.01030574 0.08627451 0.01960784 0.83137255
v 0.05035393 -0.01178948 0.01077778 0.08627451 0.01960784 0.83137255
v 0.05060963 -0.01183413 0.01054204 0.08627451 0.01960784 0.83137255
v 0.05008757 -0.01180828 0.01078846 0.08627451 0.01960784 0.83137255
v 0.02544998 -0.01183648 0.01073389 0.08627451 0.01960784 0.83137255
v 0.01313917 -0.01187643 0.01065231 0.08627451 0.01960784 0.83137255
v -0.00280468 -0.01191637 0.01057017 0.08627451 0.01960784 0.83137255
v -0.00280468 -0.01192342 0.01054485 0.08627451 0.01960784 0.83137255
v 0.02544998 0.01087302 0.01144223 0.08627451 0.01960784 0.83137255
v 0.03777144 0.01078137 0.01146023 0.08627451 0.01960784 0.83137255
v 0.05008757 0.01056283 0.01147880 0.08627451 0.01960784 0.83137255
v -0.00280468 0.01082132 0.01145517 0.08627451 0.01960784 0.83137255
v -0.00280468 0.01081192 0.01145742 0.08627451 0.01960784 0.83137255
v -0.00280468 0.01080252 0.01145855 0.08627451 0.01960784 0.83137255
v 0.05035393 0.01056283 0.01145742 0.08627451 0.01960784 0.83137255
v -0.00280468 0.01095996 0.01141973 0.08627451 0.01960784 0.83137255
v 0.05060963 0.01056283 0.01139553 0.08627451 0.01960784 0.83137255
v 0.05084934 0.01056283 0.01129370 0.08627451 0.01960784 0.83137255
v 0.05106775 0.01056283 0.01115586 0.08627451 0.01960784 0.83137255
v 0.05125953 0.01056283 0.01098538 0.08627451 0.01960784 0.83137255
v 0.05140868 0.01056283 0.01078846 0.08627451 0.01960784 0.83137255
v 0.05152055 0.01056283 0.01057017 0.08627451 0.01960784 0.83137255
v 0.05158980 0.01056283 0.01033780 0.08627451 0.01960784 0.83137255
v 0.05161644 0.01056283 0.01009813 0.08627451 0.01960784 0.83137255
v 0.05161111 0.01061688 0.00573107 0.08627451 0.01960784 0.83137255
v 0.05158980 0.01081192 0.00573107 0.08627451 0.01960784 0.83137255
v 0.05084934 -0.01180828 0.00573107 0.08627451 0.01960784 0.83137255
v 0.05089729 -0.01177773 0.00573107 0.08627451 0.01960784 0.83137255
v 0.05106775 -0.01166493 0.01009813 0.08627451 0.01960784 0.83137255
v 0.05106775 -0.01164848 0.01028154 0.08627451 0.01960784 0.83137255
v 0.05106775 -0.01159914 0.01045989 0.08627451 0.01960784 0.83137255
v 0.05084934 -0.01173308 0.01050715 0.08627451 0.01960784 0.83137255
v 0.05035393 -0.01164848 0.01097188 0.08627451 0.01960784 0.83137255
v 0.05060963 -0.01173308 0.01074683 0.08627451 0.01960784 0.83137255
v 0.05060963 -0.01159914 0.01093193 0.08627451 0.01960784 0.83137255
v 0.05084934 -0.01164143 0.01069563 0.08627451 0.01960784 0.83137255
v 0.05008757 -0.01166493 0.01098538 0.08627451 0.01960784 0.83137255
v 0.03777144 -0.01179183 0.01081322 0.08627451 0.01960784 0.83137255
v -0.00280468 -0.01180358 0.01079578 0.08627451 0.01960784 0.83137255
v -0.00280468 -0.01180828 0.01078846 0.08627451 0.01960784 0.83137255
v -0.00280468 -0.01181298 0.01078059 0.08627451 0.01960784 0.83137255
v -0.00280468 -0.01186703 0.01067144 0.08627451 0.01960784 0.83137255
v -0.00280468 0.01069677 0.01146755 0.08627451 0.01960784 0.83137255
v 0.05008757 0.00000000 0.01147880 0.08627451 0.01960784 0.83137255
v -0.00280468 0.01056283 0.01147880 0.08627451 0.01960784 0.83137255
v 0.05035393 -0.01056283 0.01145742 0.08627451 0.01960784 0.83137255
v 0.05060963 -0.01056283 0.01139553 0.08627451 0.01960784 0.83137255
v 0.05073215 0.00000000 0.01134433 0.08627451 0.01960784 0.83137255
v 0.05084934 -0.01056283 0.01129370 0.08627451 0.01960784 0.83137255
v 0.05096121 0.00000000 0.01122450 0.08627451 0.01960784 0.83137255
v 0.05106775 -0.01056283 0.01115586 0.08627451 0.01960784 0.83137255
v 0.05125953 -0.01056283 0.01098538 0.08627451 0.01960784 0.83137255
v 0.05140868 -0.01056283 0.01078846 0.08627451 0.01960784 0.83137255
v 0.05146728 0.00000000 0.01067932 0.08627451 0.01960784 0.83137255
v 0.05152055 -0.01056283 0.01057017 0.08627451 0.01960784 0.83137255
v 0.05155784 0.00000000 0.01045427 0.08627451 0.01960784 0.83137255
v 0.05158980 -0.01056283 0.01033780 0.08627451 0.01960784 0.83137255
v 0.05161644 0.01056283 0.00573107 0.08627451 0.01960784 0.83137255
v 0.05161644 -0.01056283 0.01009813 0.08627451 0.01960784 0.83137255
v 0.05106775 -0.01166493 0.00573107 0.08627451 0.01960784 0.83137255
v 0.05111037 -0.01162734 0.00573107 0.08627451 0.01960784 0.83137255
v 0.05125953 -0.01148869 0.01009813 0.08627451 0.01960784 0.83137255
v 0.05125953 -0.01147459 0.01025229 0.08627451 0.01960784 0.83137255
v 0.05125953 -0.01143229 0.01040138 0.08627451 0.01960784 0.83137255
v 0.05125953 -0.01136415 0.01054204 0.08627451 0.01960784 0.83137255
v 0.05106775 -0.01151689 0.01062699 0.08627451 0.01960784 0.83137255
v 0.05035393 -0.01147459 0.01113954 0.08627451 0.01960784 0.83137255
v 0.05008757 -0.01148869 0.01115586 0.08627451 0.01960784 0.83137255
v 0.05084934 -0.01151689 0.01086667 0.08627451 0.01960784 0.83137255
v 0.05084934 -0.01136415 0.01101408 0.08627451 0.01960784 0.83137255
v 0.05060963 -0.01143229 0.01109172 0.08627451 0.01960784 0.83137255
v 0.03777144 -0.01168373 0.01096063 0.08627451 0.01960784 0.83137255
v 0.03777144 -0.01164378 0.01100676 0.08627451 0.01960784 0.83137255
v -0.00280468 -0.01166493 0.01098538 0.08627451 0.01960784 0.83137255
v 0.01313917 -0.01179183 0.01081322 0.08627451 0.01960784 0.83137255
v 0.00081771 -0.01173778 0.01088692 0.08627451 0.01960784 0.83137255
v -0.00280468 -0.01168138 0.01096344 0.08627451 0.01960784 0.83137255
v 0.05008757 -0.01056283 0.01147824 0.08627451 0.01960784 0.83137255
v 0.01159433 0.00220186 0.01147880 0.08627451 0.01960784 0.83137255
v -0.00280468 -0.01056283 0.01147824 0.08627451 0.01960784 0.83137255
v -0.00280468 0.00645754 0.01147880 0.08627451 0.01960784 0.83137255
v 0.05008757 -0.01081192 0.01145742 0.08627451 0.01960784 0.83137255
v 0.05035393 -0.01080722 0.01143660 0.08627451 0.01960784 0.83137255
v 0.05060963 -0.01079782 0.01137528 0.08627451 0.01960784 0.83137255
v 0.05084934 -0.01077902 0.01127569 0.08627451 0.01960784 0.83137255
v 0.05106775 -0.01075317 0.01113954 0.08627451 0.01960784 0.83137255
v 0.05125953 -0.01072262 0.01097188 0.08627451 0.01960784 0.83137255
v 0.05140868 -0.01068737 0.01077778 0.08627451 0.01960784 0.83137255
v 0.05152055 -0.01064742 0.01056285 0.08627451 0.01960784 0.83137255
v 0.05158980 -0.01060513 0.01033443 0.08627451 0.01960784 0.83137255
v 0.05161644 -0.01056283 0.00573107 0.08627451 0.01960784 0.83137255
v 0.05161111 -0.01061688 0.00573107 0.08627451 0.01960784 0.83137255
v 0.05158980 -0.01064742 0.01032318 0.08627451 0.01960784 0.83137255
v 0.05158980 -0.01068737 0.01030574 0.08627451 0.01960784 0.83137255
v 0.05158980 -0.01072262 0.01028154 0.08627451 0.01960784 0.83137255
v 0.05158980 -0.01075317 0.01025229 0.08627451 0.01960784 0.83137255
v 0.05158980 -0.01077902 0.01021797 0.08627451 0.01960784 0.83137255
v 0.05158980 -0.01079782 0.01018027 0.08627451 0.01960784 0.83137255
v 0.05158980 -0.01080722 0.01013976 0.08627451 0.01960784 0.83137255
v 0.05158980 -0.01081192 0.01009813 0.08627451 0.01960784 0.83137255
v 0.05125953 -0.01148869 0.00573107 0.08627451 0.01960784 0.83137255
v 0.05137672 -0.01132655 0.00573107 0.08627451 0.01960784 0.83137255
v 0.05140868 -0.01128190 0.01009813 0.08627451 0.01960784 0.83137255
v 0.05140868 -0.01127015 0.01021797 0.08627451 0.01960784 0.83137255
v 0.05140868 -0.01123960 0.01033443 0.08627451 0.01960784 0.83137255
v 0.05125953 -0.01127015 0.01066863 0.08627451 0.01960784 0.83137255
v 0.05106775 -0.01140644 0.01077778 0.08627451 0.01960784 0.83137255
v 0.05140868 -0.01118555 0.01044302 0.08627451 0.01960784 0.83137255
v 0.05140868 -0.01111271 0.01054204 0.08627451 0.01960784 0.83137255
v 0.05035393 -0.01127015 0.01127569 0.08627451 0.01960784 0.83137255
v 0.05008757 -0.01128190 0.01129370 0.08627451 0.01960784 0.83137255
v 0.05060963 -0.01123960 0.01122168 0.08627451 0.01960784 0.83137255
v -0.00280468 -0.01137825 0.01122956 0.08627451 0.01960784 0.83137255
v -0.00280468 -0.01148869 0.01115586 0.08627451 0.01960784 0.83137255
v 0.05106775 -0.01127015 0.01090830 0.08627451 0.01960784 0.83137255
v 0.05106775 -0.01111271 0.01101408 0.08627451 0.01960784 0.83137255
v 0.05084934 -0.01118555 0.01113335 0.08627451 0.01960784 0.83137255
v 0.01313917 -0.01168373 0.01096063 0.08627451 0.01960784 0.83137255
v 0.01313917 -0.01164378 0.01100676 0.08627451 0.01960784 0.83137255
v -0.00280468 -0.01164613 0.01100395 0.08627451 0.01960784 0.83137255
v 0.03777144 -0.01059338 0.01147599 0.08627451 0.01960784 0.83137255
v -0.00280468 -0.01056988 0.01147767 0.08627451 0.01960784 0.83137255
v 0.01313917 -0.01059338 0.01147599 0.08627451 0.01960784 0.83137255
v 0.02544998 -0.01087302 0.01144223 0.08627451 0.01960784 0.83137255
v 0.03777144 -0.01090356 0.01143435 0.08627451 0.01960784 0.83137255
v 0.05008757 -0.01105396 0.01139553 0.08627451 0.01960784 0.83137255
v 0.03777144 -0.01078137 0.01146023 0.08627451 0.01960784 0.83137255
v -0.00280468 -0.01080252 0.01145855 0.08627451 0.01960784 0.83137255
v -0.00280468 -0.01081192 0.01145742 0.08627451 0.01960784 0.83137255
v -0.00280468 -0.01082132 0.01145517 0.08627451 0.01960784 0.83137255
v 0.05035393 -0.01104691 0.01137528 0.08627451 0.01960784 0.83137255
v 0.05060963 -0.01102576 0.01131677 0.08627451 0.01960784 0.83137255
v 0.05084934 -0.01098816 0.01122168 0.08627451 0.01960784 0.83137255
v 0.05106775 -0.01093881 0.01109172 0.08627451 0.01960784 0.83137255
v 0.05125953 -0.01087772 0.01093193 0.08627451 0.01960784 0.83137255
v 0.05140868 -0.01080722 0.01074683 0.08627451 0.01960784 0.83137255
v 0.05152055 -0.01072967 0.01054204 0.08627451 0.01960784 0.83137255
v 0.05158980 -0.01081192 0.00573107 0.08627451 0.01960784 0.83137255
v 0.05152055 -0.01080722 0.01050715 0.08627451 0.01960784 0.83137255
v 0.05152055 -0.01087772 0.01045989 0.08627451 0.01960784 0.83137255
v 0.05152055 -0.01093881 0.01040138 0.08627451 0.01960784 0.83137255
v 0.05152055 -0.01098816 0.01033443 0.08627451 0.01960784 0.83137255
v 0.05152055 -0.01102576 0.01025960 0.08627451 0.01960784 0.83137255
v 0.05152055 -0.01104691 0.01018027 0.08627451 0.01960784 0.83137255
v 0.05153653 -0.01100226 0.00573107 0.08627451 0.01960784 0.83137255
v 0.05152055 -0.01105396 0.01009813 0.08627451 0.01960784 0.83137255
v 0.05140868 -0.01128190 0.00573107 0.08627451 0.01960784 0.83137255
v 0.05143532 -0.01123255 0.00573107 0.08627451 0.01960784 0.83137255
v 0.05149924 -0.01110331 0.00573107 0.08627451 0.01960784 0.83137255
v 0.05125953 -0.01115735 0.01077778 0.08627451 0.01960784 0.83137255
v 0.05140868 -0.01102576 0.01062699 0.08627451 0.01960784 0.83137255
v 0.01313917 -0.01119730 0.01133196 0.08627451 0.01960784 0.83137255
v -0.00280468 -0.01128190 0.01129370 0.08627451 0.01960784 0.83137255
v -0.00280468 -0.01157094 0.01107653 0.08627451 0.01960784 0.83137255
v 0.05125953 -0.01102576 0.01086667 0.08627451 0.01960784 0.83137255
v 0.02544998 -0.01074847 0.01146305 0.08627451 0.01960784 0.83137255
v 0.00081771 -0.01068737 0.01146811 0.08627451 0.01960784 0.83137255
v 0.00081771 -0.01093411 0.01142648 0.08627451 0.01960784 0.83137255
v -0.00280468 -0.01105396 0.01139553 0.08627451 0.01960784 0.83137255
v -0.00280468 -0.01106336 0.01139159 0.08627451 0.01960784 0.83137255
v -0.00280468 -0.01107981 0.01138428 0.08627451 0.01960784 0.83137255
v -0.00280468 -0.01095996 0.01141973 0.08627451 0.01960784 0.83137255
v 0.05140868 -0.01092236 0.01069563 0.08627451 0.01960784 0.83137255
v 0.05152055 -0.01105396 0.00573107 0.08627451 0.01960784 0.83137255
v 0.00081771 -0.01116910 0.01134433 0.08627451 0.01960784 0.83137255
f 567 568 569
f 567 569 570
f 567 570 571
f 567 571 572
f 567 572 573
f 567 573 574
f 567 574 575
f 567 575 576
f 567 576 577
f 567 577 578
f 567 578 593
f 567 593 579
f 567 579 595
f 567 595 580
f 567 580 581
f 567 581 568
f 568 581 582
f 568 582 569
f 569 583 584
f 569 584 570
f 569 582 583
f 570 584 585
f 570 585 586
f 570 586 571
f 571 586 572
f 572 586 587
f 572 587 588
f 572 588 573
f 573 588 589
f 573 589 574
f 574 589 590
f 574 590 575
f 575 590 576
f 576 590 591
f 576 591 592
f 576 592 577
f 577 592 578
f 578 592 594
f 578 594 612
f 578 612 593
f 579 593 612
f 579 612 613
f 579 613 633
f 579 633 632
f 579 632 653
f 579 653 652
f 579 652 673
f 579 673 672
f 579 672 694
f 579 694 693
f 579 693 692
f 579 692 720
f 579 720 719
f 579 719 748
f 579 748 747
f 579 747 780
f 579 780 813
f 579 813 814
f 579 814 860
f 579 860 867
f 579 867 886
f 579 886 871
f 579 871 870
f 579 870 869
f 579 869 824
f 579 824 823
f 579 823 783
f 579 783 782
f 579 782 750
f 579 750 749
f 579 749 721
f 579 721 702
f 579 702 679
f 579 679 656
f 579 656 635
f 579 635 614
f 579 614 595
f 580 595 614
f 580 614 634
f 580 634 655
f 580 655 678
f 580 678 701
f 580 701 730
f 580 730 729
f 580 729 764
f 580 764 763
f 580 763 762
f 580 762 761
f 580 761 799
f 580 799 796
f 580 796 842
f 580 842 876
f 580 876 836
f 580 836 835
f 580 835 875
f 580 875 883
f 580 883 882
f 580 882 881
f 580 881 884
f 580 884 852
f 580 852 851
f 580 851 850
f 580 850 844
f 580 844 802
f 580 802 803
f 580 803 767
f 580 767 765
f 580 765 736
f 580 736 735
f 580 735 734
f 580 734 738
f 580 738 708
f 580 708 704
f 580 704 682
f 580 682 662
f 580 662 661
f 580 661 663
f 580 663 640
f 580 640 642
f 580 642 622
f 580 622 621
f 580 621 620
f 580 620 624
f 580 624 603
f 580 603 602
f 580 602 598
f 580 598 596
f 580 596 582
f 580 582 581
f 582 596 597
f 582 597 583
f 583 597 598
f 583 598 584
f 584 599 600
f 584 600 601
f 584 601 585
f 584 598 602
f 584 602 603
f 584 603 599
f 585 601 586
f 586 601 604
f 586 604 605
f 586 605 587
f 587 605 588
f 588 605 606
f 588 606 607
f 588 607 589
f 589 607 590
f 590 607 608
f 590 608 609
f 590 609 591
f 591 609 592
f 592 609 610
f 592 610 611
f 592 611 594
f 594 611 613
f 594 613 612
f 596 598 597
f 599 615 600
f 599 603 616
f 599 616 615
f 600 617 618
f 600 618 619
f 600 619 601
f 600 615 620
f 600 620 621
f 600 621 622
f 600 622 617
f 601 619 623
f 601 623 604
f 603 624 616
f 604 623 605
f 605 623 625
f 605 625 626
f 605 626 606
f 606 626 607
f 607 626 627
f 607 627 628
f 607 628 608
f 608 628 609
f 609 628 629
f 609 629 630
f 609 630 610
f 610 630 611
f 611 630 631
f 611 631 632
f 611 632 633
f 611 633 613
f 614 635 654
f 614 654 634
f 615 616 624
f 615 624 620
f 617 636 618
f 617 622 637
f 617 637 643
f 617 643 657
f 617 657 636
f 618 638 639
f 618 639 619
f 618 636 657
f 618 657 640
f 618 640 658
f 618 658 638
f 619 641 623
f 619 639 641
f 622 642 643
f 622 643 637
f 623 644 645
f 623 645 625
f 623 641 644
f 625 645 626
f 626 645 646
f 626 646 647
f 626 647 627
f 627 647 628
f 628 647 648
f 628 648 649
f 628 649 629
f 629 649 630
f 630 649 650
f 630 650 651
f 630 651 631
f 631 652 653
f 631 653 632
f 631 651 652
f 634 654 655
f 635 656 674
f 635 674 654
f 638 658 661
f 638 661 639
f 639 659 660
f 639 660 641
f 639 661 662
f 639 662 659
f 640 657 642
f 640 663 658
f 641 660 664
f 641 664 644
f 642 657 643
f 644 664 645
f 645 665 666
f 645 666 646
f 645 664 665
f 646 666 647
f 647 666 667
f 647 667 668
f 647 668 648
f 648 668 649
f 649 668 669
f 649 669 650
f 650 669 670
f 650 670 651
f 651 670 671
f 651 671 672
f 651 672 673
f 651 673 652
f 654 674 675
f 654 675 676
f 654 676 677
f 654 677 655
f 655 677 678
f 656 679 674
f 658 663 661
f 659 680 681
f 659 681 660
f 659 662 682
f 659 682 703
f 659 703 680
f 660 681 683
f 660 683 664
f 664 684 685
f 664 685 665
f 664 683 684
f 665 685 666
f 666 686 687
f 666 687 667
f 666 685 686
f 667 687 668
f 668 687 688
f 668 688 689
f 668 689 669
f 669 689 690
f 669 690 670
f 670 690 671
f 671 690 691
f 671 691 692
f 671 692 693
f 671 693 694
f 671 694 672
f 674 679 695
f 674 695 675
f 675 696 697
f 675 697 676
f 675 695 698
f 675 698 696
f 676 697 699
f 676 699 678
f 676 678 677
f 678 700 701
f 678 699 700
f 679 702 695
f 680 703 704
f 680 704 681
f 681 705 706
f 681 706 707
f 681 707 683
f 681 704 708
f 681 708 709
f 681 709 705
f 682 704 710
f 682 710 703
f 683 707 711
f 683 711 684
f 684 711 685
f 685 711 712
f 685 712 713
f 685 713 686
f 686 713 687
f 687 714 688
f 687 713 714
f 688 715 716
f 688 716 689
f 688 714 715
f 689 716 717
f 689 717 690
f 690 717 691
f 691 717 718
f 691 718 719
f 691 719 720
f 691 720 692
f 695 702 721
f 695 721 722
f 695 722 723
f 695 723 698
f 696 724 697
f 696 698 725
f 696 725 724
f 697 724 726
f 697 726 727
f 697 727 728
f 697 728 729
f 697 729 730
f 697 730 699
f 698 723 725
f 699 730 700
f 700 730 701
f 703 710 704
f 705 731 706
f 705 709 731
f 706 732 733
f 706 733 707
f 706 731 734
f 706 734 735
f 706 735 736
f 706 736 732
f 707 733 737
f 707 737 739
f 707 739 711
f 708 738 709
f 709 738 734
f 709 734 731
f 711 739 740
f 711 740 712
f 712 740 713
f 713 740 741
f 713 741 742
f 713 742 714
f 714 742 715
f 715 742 743
f 715 743 716
f 716 743 744
f 716 744 717
f 717 744 745
f 717 745 746
f 717 746 718
f 718 746 747
f 718 747 748
f 718 748 719
f 721 749 722
f 722 749 750
f 722 750 751
f 722 751 752
f 722 752 723
f 723 752 753
f 723 753 754
f 723 754 725
f 724 755 726
f 724 725 756
f 724 756 757
f 724 757 755
f 725 754 758
f 725 758 756
f 726 755 759
f 726 759 760
f 726 760 761
f 726 761 762
f 726 762 763
f 726 763 727
f 727 763 764
f 727 764 728
f 728 764 729
f 732 736 765
f 732 765 733
f 733 766 768
f 733 768 737
f 733 765 767
f 733 767 803
f 733 803 801
f 733 801 766
f 737 768 769
f 737 769 739
f 739 769 770
f 739 770 740
f 740 771 772
f 740 772 741
f 740 770 771
f 741 772 773
f 741 773 774
f 741 774 742
f 742 774 775
f 742 775 743
f 743 775 776
f 743 776 744
f 744 777 778
f 744 778 745
f 744 776 777
f 745 779 781
f 745 781 746
f 745 778 779
f 746 780 747
f 746 781 813
f 746 813 780
f 750 782 751
f 751 782 783
f 751 783 784
f 751 784 752
f 752 784 785
f 752 785 753
f 753 785 786
f 753 786 787
f 753 787 788
f 753 788 758
f 753 758 754
f 755 789 790
f 755 790 759
f 755 757 789
f 756 758 757
f 757 758 791
f 757 791 792
f 757 792 793
f 757 793 789
f 758 788 791
f 759 794 760
f 759 790 795
f 759 795 841
f 759 841 796
f 759 796 840
f 759 840 794
f 760 794 840
f 760 840 798
f 760 798 797
f 760 797 761
f 761 797 798
f 761 798 799
f 766 800 768
f 766 801 802
f 766 802 800
f 768 800 804
f 768 804 805
f 768 805 769
f 769 806 807
f 769 807 771
f 769 771 770
f 769 805 806
f 771 807 773
f 771 773 772
f 773 807 808
f 773 808 809
f 773 809 774
f 774 809 775
f 775 809 810
f 775 810 777
f 775 777 776
f 777 810 811
f 777 811 812
f 777 812 779
f 777 779 778
f 779 812 781
f 781 814 813
f 781 812 815
f 781 815 816
f 781 816 817
f 781 817 818
f 781 818 819
f 781 819 820
f 781 820 821
f 781 821 822
f 781 822 814
f 783 823 784
f 784 823 824
f 784 824 825
f 784 825 785
f 785 825 826
f 785 826 827
f 785 827 786
f 786 827 787
f 787 828 829
f 787 829 788
f 787 827 830
f 787 830 831
f 787 831 828
f 788 829 791
f 789 832 833
f 789 833 790
f 789 793 834
f 789 834 832
f 790 833 835
f 790 835 836
f 790 836 841
f 790 841 795
f 791 829 792
f 792 829 837
f 792 837 838
f 792 838 839
f 792 839 834
f 792 834 793
f 796 841 842
f 796 799 840
f 798 840 799
f 800 843 804
f 800 802 845
f 800 845 843
f 801 803 802
f 802 844 845
f 804 846 847
f 804 847 848
f 804 848 805
f 804 843 849
f 804 849 850
f 804 850 851
f 804 851 852
f 804 852 846
f 805 848 853
f 805 853 806
f 806 854 807
f 806 853 854
f 807 854 855
f 807 855 856
f 807 856 808
f 808 856 857
f 808 857 809
f 809 857 810
f 810 857 858
f 810 858 859
f 810 859 811
f 811 859 812
f 812 859 815
f 814 822 860
f 815 859 816
f 816 859 861
f 816 861 862
f 816 862 817
f 817 862 863
f 817 863 818
f 818 863 819
f 819 863 864
f 819 864 865
f 819 865 820
f 820 865 866
f 820 866 821
f 821 866 822
f 822 867 860
f 822 866 868
f 822 868 867
f 824 869 825
f 825 869 870
f 825 870 871
f 825 871 868
f 825 868 866
f 825 866 826
f 826 866 827
f 827 866 865
f 827 865 830
f 828 872 829
f 828 831 873
f 828 873 872
f 829 872 837
f 830 865 864
f 830 864 831
f 831 864 863
f 831 863 873
f 832 853 848
f 832 848 833
f 832 834 853
f 833 848 874
f 833 874 875
f 833 875 835
f 834 839 855
f 834 855 854
f 834 854 853
f 836 876 841
f 837 872 877
f 837 877 838
f 838 856 855
f 838 855 839
f 838 877 856
f 841 876 842
f 843 878 849
f 843 845 850
f 843 850 878
f 844 850 879
f 844 879 845
f 845 879 850
f 846 852 880
f 846 880 847
f 847 880 848
f 848 880 881
f 848 881 882
f 848 882 883
f 848 883 874
f 849 878 850
f 852 884 880
f 856 877 857
f 857 877 858
f 858 877 885
f 858 885 859
f 859 885 861
f 861 885 873
f 861 873 862
f 862 873 863
f 867 868 886
f 868 871 886
f 872 873 877
f 873 885 877
f 874 883 887
f 874 887 875
f 875 887 883
f 880 884 881

o geometry_6
v -0.00959276 0.00574051 -0.00577672 0.77647059 0.86666667 0.97647059
v -0.00959276 0.00550922 -0.00070884 0.77647059 0.86666667 0.97647059
v -0.00959276 0.01200266 -0.00577672 0.77647059 0.86666667 0.97647059
v -0.00199593 0.00550390 -0.00577672 0.77647059 0.86666667 0.97647059
v -0.00223595 0.00521346 -0.00070884 0.77647059 0.86666667 0.97647059
v -0.00959276 0.01200266 -0.00070884 0.77647059 0.86666667 0.97647059
v -0.00946074 0.00521612 0.00573107 0.77647059 0.86666667 0.97647059
v -0.00946074 0.01200332 -0.00070884 0.77647059 0.86666667 0.97647059
v 0.05008375 0.01200266 -0.00577672 0.77647059 0.86666667 0.97647059
v 0.04766548 0.00550390 -0.00577672 0.77647059 0.86666667 0.97647059
v -0.00254799 0.00521346 0.00573107 0.77647059 0.86666667 0.97647059
v 0.05170992 0.00521346 -0.00070884 0.77647059 0.86666667 0.97647059
v -0.00946074 0.01200332 0.00573107 0.77647059 0.86666667 0.97647059
v 0.05008375 0.01200332 -0.00070884 0.77647059 0.86666667 0.97647059
v 0.05014376 0.01199800 -0.00577672 0.77647059 0.86666667 0.97647059
v 0.05160791 0.00959935 -0.00577672 0.77647059 0.86666667 0.97647059
v 0.05160791 0.00550390 -0.00577560 0.77647059 0.86666667 0.97647059
v 0.04909964 0.00521346 0.00573107 0.77647059 0.86666667 0.97647059
v 0.05166792 0.00550390 -0.00577222 0.77647059 0.86666667 0.97647059
v 0.05170992 0.00959802 -0.00070884 0.77647059 0.86666667 0.97647059
v 0.05170992 0.00521346 0.00572318 0.77647059 0.86666667 0.97647059
v 0.05008375 0.01200332 0.00573107 0.77647059 0.86666667 0.97647059
v 0.05029377 0.01198604 -0.00577672 0.77647059 0.86666667 0.97647059
v 0.05160791 0.01056174 -0.00577672 0.77647059 0.86666667 0.97647059
v 0.05161391 0.00521346 0.00572656 0.77647059 0.86666667 0.97647059
v 0.05161391 0.00958606 0.00573107 0.77647059 0.86666667 0.97647059
v 0.05166792 0.00959935 -0.00577222 0.77647059 0.86666667 0.97647059
v 0.05170992 0.00959802 0.00572318 0.77647059 0.86666667 0.97647059
v 0.05158991 0.01075847 -0.00577672 0.77647059 0.86666667 0.97647059
v 0.05160191 0.01069533 -0.00070884 0.77647059 0.86666667 0.97647059
v 0.05159591 0.01075847 0.00573107 0.77647059 0.86666667 0.97647059
v 0.05035377 0.01198072 0.00573107 0.77647059 0.86666667 0.97647059
v 0.05035377 0.01198072 -0.00070884 0.77647059 0.86666667 0.97647059
v 0.05034778 0.01198072 -0.00577672 0.77647059 0.86666667 0.97647059
v 0.05161391 0.01056174 0.00573107 0.77647059 0.86666667 0.97647059
v 0.05158391 0.01081297 -0.00577672 0.77647059 0.86666667 0.97647059
v 0.05158991 0.01081230 -0.00070884 0.77647059 0.86666667 0.97647059
v 0.05158991 0.01081230 0.00573107 0.77647059 0.86666667 0.97647059
v 0.05060580 0.01191559 0.00573107 0.77647059 0.86666667 0.97647059
v 0.05047379 0.01195015 -0.00070884 0.77647059 0.86666667 0.97647059
v 0.05040778 0.01196677 -0.00577672 0.77647059 0.86666667 0.97647059
v 0.05157191 0.01087278 -0.00577672 0.77647059 0.86666667 0.97647059
v 0.05155991 0.01092529 -0.00070884 0.77647059 0.86666667 0.97647059
v 0.05157791 0.01086414 0.00573107 0.77647059 0.86666667 0.97647059
v 0.05065981 0.01189233 0.00573107 0.77647059 0.86666667 0.97647059
v 0.05073182 0.01186242 -0.00002283 0.77647059 0.86666667 0.97647059
v 0.05065981 0.01189299 -0.00577672 0.77647059 0.86666667 0.97647059
v 0.05060580 0.01191559 -0.00577672 0.77647059 0.86666667 0.97647059
v 0.05151790 0.01105489 -0.00577672 0.77647059 0.86666667 0.97647059
v 0.05152391 0.01105489 -0.00070884 0.77647059 0.86666667 0.97647059
v 0.05152391 0.01105489 0.00573107 0.77647059 0.86666667 0.97647059
v 0.05085183 0.01180925 0.00573107 0.77647059 0.86666667 0.97647059
v 0.05085183 0.01180925 -0.00070884 0.77647059 0.86666667 0.97647059
v 0.05079783 0.01183251 -0.00577672 0.77647059 0.86666667 0.97647059
v 0.05149390 0.01110408 -0.00577672 0.77647059 0.86666667 0.97647059
v 0.05146390 0.01117586 -0.00070884 0.77647059 0.86666667 0.97647059
v 0.05140989 0.01128220 0.00573107 0.77647059 0.86666667 0.97647059
v 0.05106786 0.01166569 0.00573107 0.77647059 0.86666667 0.97647059
v 0.05095384 0.01174212 -0.00070884 0.77647059 0.86666667 0.97647059
v 0.05101385 0.01170158 -0.00577672 0.77647059 0.86666667 0.97647059
v 0.05084583 0.01180991 -0.00577672 0.77647059 0.86666667 0.97647059
v 0.05140389 0.01128220 -0.00577672 0.77647059 0.86666667 0.97647059
v 0.05140989 0.01128220 -0.00070884 0.77647059 0.86666667 0.97647059
v 0.05128988 0.01144370 0.00573107 0.77647059 0.86666667 0.97647059
v 0.05106786 0.01166569 -0.00070884 0.77647059 0.86666667 0.97647059
v 0.05110986 0.01162714 0.00573107 0.77647059 0.86666667 0.97647059
v 0.05106185 0.01166569 -0.00577672 0.77647059 0.86666667 0.97647059
v 0.05137389 0.01132673 -0.00577672 0.77647059 0.86666667 0.97647059
v 0.05125387 0.01148823 -0.00577672 0.77647059 0.86666667 0.97647059
v 0.05125387 0.01148823 -0.00070884 0.77647059 0.86666667 0.97647059
v 0.05125387 0.01148757 0.00573107 0.77647059 0.86666667 0.97647059
v 0.05115787 0.01158261 -0.00070884 0.77647059 0.86666667 0.97647059
v 0.05110386 0.01162780 -0.00577672 0.77647059 0.86666667 0.97647059
v 0.05121787 0.01152612 0.00573107 0.77647059 0.86666667 0.97647059
f 888 889 893
f 888 893 890
f 888 890 896
f 888 896 902
f 888 902 910
f 888 910 921
f 888 921 928
f 888 928 935
f 888 935 934
f 888 934 941
f 888 941 948
f 888 948 947
f 888 947 954
f 888 954 960
f 888 960 956
f 888 956 955
f 888 955 949
f 888 949 942
f 888 942 936
f 888 936 929
f 888 929 923
f 888 923 916
f 888 916 911
f 888 911 903
f 888 903 897
f 888 897 891
f 888 891 892
f 888 892 889
f 889 892 894
f 889 894 900
f 889 900 893
f 890 893 900
f 890 900 895
f 890 895 901
f 890 901 896
f 891 897 899
f 891 899 892
f 892 898 894
f 892 899 908
f 892 908 912
f 892 912 905
f 892 905 898
f 894 898 905
f 894 905 913
f 894 913 922
f 894 922 918
f 894 918 925
f 894 925 931
f 894 931 938
f 894 938 944
f 894 944 951
f 894 951 958
f 894 958 961
f 894 961 953
f 894 953 945
f 894 945 939
f 894 939 932
f 894 932 926
f 894 926 919
f 894 919 909
f 894 909 900
f 895 900 909
f 895 909 901
f 896 901 902
f 897 903 904
f 897 904 899
f 899 904 906
f 899 906 914
f 899 914 907
f 899 907 915
f 899 915 908
f 901 909 910
f 901 910 902
f 903 911 914
f 903 914 906
f 903 906 904
f 905 912 913
f 907 914 911
f 907 911 916
f 907 916 917
f 907 917 918
f 907 918 915
f 908 913 912
f 908 915 922
f 908 922 913
f 909 919 910
f 910 920 921
f 910 919 920
f 915 918 922
f 916 923 924
f 916 924 917
f 917 924 918
f 918 924 925
f 919 926 927
f 919 927 920
f 920 927 928
f 920 928 921
f 923 929 924
f 924 929 930
f 924 930 931
f 924 931 925
f 926 932 933
f 926 933 934
f 926 934 935
f 926 935 927
f 927 935 928
f 929 936 937
f 929 937 930
f 930 937 931
f 931 937 938
f 932 939 933
f 933 939 940
f 933 940 941
f 933 941 934
f 936 942 937
f 937 942 943
f 937 943 938
f 938 943 944
f 939 945 946
f 939 946 940
f 940 946 947
f 940 947 948
f 940 948 941
f 942 949 943
f 943 949 950
f 943 950 944
f 944 950 951
f 945 952 946
f 945 953 952
f 946 952 947
f 947 952 954
f 949 955 950
f 950 955 956
f 950 956 951
f 951 956 957
f 951 957 958
f 952 953 959
f 952 959 960
f 952 960 954
f 953 961 959
f 956 960 959
f 956 959 961
f 956 961 957
f 957 961 958

o geometry_7
v 0.05161644 -0.00572982 -0.00577672 0.79607843 0.45882353 0.78039216
v 0.05161644 -0.01056267 -0.00577672 0.79607843 0.45882353 0.78039216
v 0.05161644 -0.00572982 -0.01014630 0.79607843 0.45882353 0.78039216
v -0.00199923 -0.00572982 -0.00577672 0.79607843 0.45882353 0.78039216
v 0.05159780 -0.01075857 -0.00577672 0.79607843 0.45882353 0.78039216
v 0.05161644 -0.01056267 -0.01014630 0.79607843 0.45882353 0.78039216
v 0.05159780 -0.00572982 -0.01033148 0.79607843 0.45882353 0.78039216
v -0.00180043 -0.00572982 -0.00990820 0.79607843 0.45882353 0.78039216
v -0.01185259 -0.00574026 -0.00577672 0.79607843 0.45882353 0.78039216
v 0.05159159 -0.01081261 -0.00577672 0.79607843 0.45882353 0.78039216
v 0.05159159 -0.01081261 -0.01014630 0.79607843 0.45882353 0.78039216
v 0.05159159 -0.01080892 -0.01018795 0.79607843 0.45882353 0.78039216
v 0.05159159 -0.01079787 -0.01022848 0.79607843 0.45882353 0.78039216
v 0.05159159 -0.01077945 -0.01026619 0.79607843 0.45882353 0.78039216
v 0.05159159 -0.01075427 -0.01030052 0.79607843 0.45882353 0.78039216
v 0.05159159 -0.01072357 -0.01032979 0.79607843 0.45882353 0.78039216
v 0.05159159 -0.01068795 -0.01035400 0.79607843 0.45882353 0.78039216
v 0.05159159 -0.01064803 -0.01037144 0.79607843 0.45882353 0.78039216
v 0.05159159 -0.01060627 -0.01038270 0.79607843 0.45882353 0.78039216
v 0.05159159 -0.01056267 -0.01038608 0.79607843 0.45882353 0.78039216
v 0.05159159 -0.00572982 -0.01038608 0.79607843 0.45882353 0.78039216
v -0.00177558 -0.00572982 -0.01032304 0.79607843 0.45882353 0.78039216
v -0.01185259 -0.00594168 -0.01020652 0.79607843 0.45882353 0.78039216
v -0.01185259 -0.01200271 -0.00577672 0.79607843 0.45882353 0.78039216
v -0.00175073 -0.00572982 -0.01043843 0.79607843 0.45882353 0.78039216
v -0.00171966 -0.00572982 -0.01055213 0.79607843 0.45882353 0.78039216
v -0.00167618 -0.00572982 -0.01066245 0.79607843 0.45882353 0.78039216
v -0.00162026 -0.00572982 -0.01076883 0.79607843 0.45882353 0.78039216
v -0.00155813 -0.00572982 -0.01087127 0.79607843 0.45882353 0.78039216
v -0.00148358 -0.00572982 -0.01096809 0.79607843 0.45882353 0.78039216
v -0.00140903 -0.00572982 -0.01105477 0.79607843 0.45882353 0.78039216
v -0.00139660 -0.00572982 -0.01106603 0.79607843 0.45882353 0.78039216
v -0.00121644 -0.00572982 -0.01122082 0.79607843 0.45882353 0.78039216
v -0.00100520 -0.00572982 -0.01135197 0.79607843 0.45882353 0.78039216
v 0.05152325 -0.01105517 -0.00577672 0.79607843 0.45882353 0.78039216
v 0.05152325 -0.01105517 -0.01014630 0.79607843 0.45882353 0.78039216
v 0.05152325 -0.01104780 -0.01022848 0.79607843 0.45882353 0.78039216
v 0.05152325 -0.01102570 -0.01030784 0.79607843 0.45882353 0.78039216
v 0.05152325 -0.01098946 -0.01038270 0.79607843 0.45882353 0.78039216
v 0.05152325 -0.01093972 -0.01044968 0.79607843 0.45882353 0.78039216
v 0.05152325 -0.01087954 -0.01050822 0.79607843 0.45882353 0.78039216
v 0.05152325 -0.01080892 -0.01055550 0.79607843 0.45882353 0.78039216
v 0.05152325 -0.01073093 -0.01058984 0.79607843 0.45882353 0.78039216
v 0.05152325 -0.01064803 -0.01061123 0.79607843 0.45882353 0.78039216
v 0.05152325 -0.01056267 -0.01061855 0.79607843 0.45882353 0.78039216
v 0.05152325 -0.00572982 -0.01061855 0.79607843 0.45882353 0.78039216
v -0.01185259 -0.00595211 -0.01032304 0.79607843 0.45882353 0.78039216
v -0.00076912 -0.00572982 -0.01144822 0.79607843 0.45882353 0.78039216
v 0.05008811 -0.01200271 -0.00577672 0.79607843 0.45882353 0.78039216
v -0.01185259 -0.01200271 -0.01014630 0.79607843 0.45882353 0.78039216
v 0.05143627 -0.01123387 -0.00577672 0.79607843 0.45882353 0.78039216
v 0.05141142 -0.01128300 -0.01014630 0.79607843 0.45882353 0.78039216
v 0.05141142 -0.01127194 -0.01026619 0.79607843 0.45882353 0.78039216
v 0.05141142 -0.01123940 -0.01038270 0.79607843 0.45882353 0.78039216
v 0.05141142 -0.01118659 -0.01049134 0.79607843 0.45882353 0.78039216
v 0.05141142 -0.01111412 -0.01058984 0.79607843 0.45882353 0.78039216
v 0.05141142 -0.01102570 -0.01067483 0.79607843 0.45882353 0.78039216
v 0.05141142 -0.01092253 -0.01074407 0.79607843 0.45882353 0.78039216
v 0.05141142 -0.01080892 -0.01079472 0.79607843 0.45882353 0.78039216
v 0.05141142 -0.01068795 -0.01082624 0.79607843 0.45882353 0.78039216
v 0.05141142 -0.01056267 -0.01083638 0.79607843 0.45882353 0.78039216
v 0.05149840 -0.00572982 -0.01066864 0.79607843 0.45882353 0.78039216
v -0.01185259 -0.00597299 -0.01043843 0.79607843 0.45882353 0.78039216
v -0.00075048 -0.00572982 -0.01145272 0.79607843 0.45882353 0.78039216
v -0.00052061 -0.00572982 -0.01150676 0.79607843 0.45882353 0.78039216
v 0.05008811 -0.01200271 -0.01014630 0.79607843 0.45882353 0.78039216
v 0.05015645 -0.01199779 -0.00577672 0.79607843 0.45882353 0.78039216
v -0.01185259 -0.01200025 -0.01017725 0.79607843 0.45882353 0.78039216
v 0.05141142 -0.01128300 -0.00577672 0.79607843 0.45882353 0.78039216
v 0.05125610 -0.01148872 -0.01014630 0.79607843 0.45882353 0.78039216
v 0.05125610 -0.01147459 -0.01030052 0.79607843 0.45882353 0.78039216
v 0.05125610 -0.01143283 -0.01044968 0.79607843 0.45882353 0.78039216
v 0.05125610 -0.01136467 -0.01058984 0.79607843 0.45882353 0.78039216
v 0.05125610 -0.01127194 -0.01071649 0.79607843 0.45882353 0.78039216
v 0.05125610 -0.01115772 -0.01082624 0.79607843 0.45882353 0.78039216
v 0.05125610 -0.01102570 -0.01091462 0.79607843 0.45882353 0.78039216
v 0.05125610 -0.01087954 -0.01097991 0.79607843 0.45882353 0.78039216
v 0.05125610 -0.01072357 -0.01102044 0.79607843 0.45882353 0.78039216
v 0.05129338 -0.00572982 -0.01098835 0.79607843 0.45882353 0.78039216
v 0.05141142 -0.00572982 -0.01083638 0.79607843 0.45882353 0.78039216
v 0.05125610 -0.01056267 -0.01103338 0.79607843 0.45882353 0.78039216
v -0.01185259 -0.00598835 -0.01049471 0.79607843 0.45882353 0.78039216
v -0.00049576 -0.00572982 -0.01150901 0.79607843 0.45882353 0.78039216
v -0.01185259 -0.00630030 -0.01105927 0.79607843 0.45882353 0.78039216
v -0.01185259 -0.00626161 -0.01101368 0.79607843 0.45882353 0.78039216
v -0.01185259 -0.00622354 -0.01096809 0.79607843 0.45882353 0.78039216
v -0.01185259 -0.00615476 -0.01087127 0.79607843 0.45882353 0.78039216
v -0.01185259 -0.00609520 -0.01076883 0.79607843 0.45882353 0.78039216
v -0.01185259 -0.00604484 -0.01066245 0.79607843 0.45882353 0.78039216
v -0.01185259 -0.00600431 -0.01055213 0.79607843 0.45882353 0.78039216
v 0.02544851 -0.01199779 -0.01020652 0.79607843 0.45882353 0.78039216
v 0.05008811 -0.01198121 -0.01038608 0.79607843 0.45882353 0.78039216
v 0.05035526 -0.01198121 -0.01014630 0.79607843 0.45882353 0.78039216
v 0.05029934 -0.01198613 -0.00577672 0.79607843 0.45882353 0.78039216
v -0.01185259 -0.01199472 -0.01023861 0.79607843 0.45882353 0.78039216
v 0.05125610 -0.01148872 -0.00577672 0.79607843 0.45882353 0.78039216
v 0.05121882 -0.01152679 -0.00577672 0.79607843 0.45882353 0.78039216
v 0.05106972 -0.01166619 -0.01014630 0.79607843 0.45882353 0.78039216
v 0.05106972 -0.01164899 -0.01032979 0.79607843 0.45882353 0.78039216
v 0.05106972 -0.01159925 -0.01050822 0.79607843 0.45882353 0.78039216
v 0.05106972 -0.01151819 -0.01067483 0.79607843 0.45882353 0.78039216
v 0.05106972 -0.01140766 -0.01082624 0.79607843 0.45882353 0.78039216
v 0.05106972 -0.01127194 -0.01095627 0.79607843 0.45882353 0.78039216
v 0.05106972 -0.01111412 -0.01106209 0.79607843 0.45882353 0.78039216
v 0.05106972 -0.01093972 -0.01113976 0.79607843 0.45882353 0.78039216
v 0.05106972 -0.01075427 -0.01118761 0.79607843 0.45882353 0.78039216
v 0.05106972 -0.01056267 -0.01120393 0.79607843 0.45882353 0.78039216
v 0.05125610 -0.00572982 -0.01103338 0.79607843 0.45882353 0.78039216
v 0.05111321 -0.00572982 -0.01116509 0.79607843 0.45882353 0.78039216
v -0.00025968 -0.00572982 -0.01152702 0.79607843 0.45882353 0.78039216
v -0.01185259 -0.00647654 -0.01122082 0.79607843 0.45882353 0.78039216
v 0.02544851 -0.01198674 -0.01032641 0.79607843 0.45882353 0.78039216
v 0.00082133 -0.01199227 -0.01026619 0.79607843 0.45882353 0.78039216
v -0.01185259 -0.01198121 -0.01038608 0.79607843 0.45882353 0.78039216
v 0.03776831 -0.01197323 -0.01041535 0.79607843 0.45882353 0.78039216
v 0.05008811 -0.01191612 -0.01061855 0.79607843 0.45882353 0.78039216
v 0.05035526 -0.01189586 -0.01061123 0.79607843 0.45882353 0.78039216
v 0.05035526 -0.01195972 -0.01038270 0.79607843 0.45882353 0.78039216
v 0.05035526 -0.01198121 -0.00577672 0.79607843 0.45882353 0.78039216
v 0.05060998 -0.01189586 -0.01037144 0.79607843 0.45882353 0.78039216
v 0.05060998 -0.01191612 -0.01014630 0.79607843 0.45882353 0.78039216
v 0.05041117 -0.01196709 -0.00577672 0.79607843 0.45882353 0.78039216
v 0.05106972 -0.01166619 -0.00577672 0.79607843 0.45882353 0.78039216
v 0.05090819 -0.01177427 -0.00577672 0.79607843 0.45882353 0.78039216
v 0.05085227 -0.01180988 -0.01014630 0.79607843 0.45882353 0.78039216
v 0.05085227 -0.01179085 -0.01035400 0.79607843 0.45882353 0.78039216
v 0.05085227 -0.01173496 -0.01055550 0.79607843 0.45882353 0.78039216
v 0.05085227 -0.01164285 -0.01074407 0.79607843 0.45882353 0.78039216
v 0.05085227 -0.01151819 -0.01091462 0.79607843 0.45882353 0.78039216
v 0.05085227 -0.01136467 -0.01106209 0.79607843 0.45882353 0.78039216
v 0.05085227 -0.01118659 -0.01118142 0.79607843 0.45882353 0.78039216
v 0.05085227 -0.01098946 -0.01126979 0.79607843 0.45882353 0.78039216
v 0.05085227 -0.01077945 -0.01132382 0.79607843 0.45882353 0.78039216
v 0.05106972 -0.00572982 -0.01120393 0.79607843 0.45882353 0.78039216
v 0.05085227 -0.01056267 -0.01134183 0.79607843 0.45882353 0.78039216
v -0.01185259 -0.00738109 -0.01152702 0.79607843 0.45882353 0.78039216
v -0.01185259 -0.00725828 -0.01151689 0.79607843 0.45882353 0.78039216
v -0.01185259 -0.00713730 -0.01150676 0.79607843 0.45882353 0.78039216
v -0.01185259 -0.00701878 -0.01147749 0.79607843 0.45882353 0.78039216
v -0.01185259 -0.00693035 -0.01145554 0.79607843 0.45882353 0.78039216
v -0.01185259 -0.00690149 -0.01144822 0.79607843 0.45882353 0.78039216
v -0.01185259 -0.00667858 -0.01135197 0.79607843 0.45882353 0.78039216
v -0.01185259 -0.00650602 -0.01123996 0.79607843 0.45882353 0.78039216
v 0.05008811 -0.00572982 -0.01152702 0.79607843 0.45882353 0.78039216
v -0.01185259 -0.01195726 -0.01047220 0.79607843 0.45882353 0.78039216
v -0.01149847 -0.01197323 -0.01041535 0.79607843 0.45882353 0.78039216
v -0.01185259 -0.01192410 -0.01059040 0.79607843 0.45882353 0.78039216
v 0.01314113 -0.01194068 -0.01053130 0.79607843 0.45882353 0.78039216
v 0.03776831 -0.01182339 -0.01080936 0.79607843 0.45882353 0.78039216
v 0.05008811 -0.01180988 -0.01083638 0.79607843 0.45882353 0.78039216
v -0.01185259 -0.01191612 -0.01061855 0.79607843 0.45882353 0.78039216
v -0.01185259 -0.01190261 -0.01064669 0.79607843 0.45882353 0.78039216
v 0.00082133 -0.01186331 -0.01072774 0.79607843 0.45882353 0.78039216
v 0.05035526 -0.01179085 -0.01082624 0.79607843 0.45882353 0.78039216
v 0.05060998 -0.01173496 -0.01079472 0.79607843 0.45882353 0.78039216
v 0.05060998 -0.01183445 -0.01058984 0.79607843 0.45882353 0.78039216
v 0.05060998 -0.01191612 -0.00577672 0.79607843 0.45882353 0.78039216
v 0.05067210 -0.01188971 -0.00577672 0.79607843 0.45882353 0.78039216
v 0.05085227 -0.01180988 -0.00577672 0.79607843 0.45882353 0.78039216
v 0.05060998 -0.01159925 -0.01097991 0.79607843 0.45882353 0.78039216
v 0.05060998 -0.01143283 -0.01113976 0.79607843 0.45882353 0.78039216
v 0.05060998 -0.01123940 -0.01126979 0.79607843 0.45882353 0.78039216
v 0.05060998 -0.01102570 -0.01136548 0.79607843 0.45882353 0.78039216
v 0.05060998 -0.01079787 -0.01142401 0.79607843 0.45882353 0.78039216
v 0.05060998 -0.01056267 -0.01144372 0.79607843 0.45882353 0.78039216
v 0.05085227 -0.00572982 -0.01134183 0.79607843 0.45882353 0.78039216
v -0.01185259 -0.01056267 -0.01152702 0.79607843 0.45882353 0.78039216
v 0.05029313 -0.00572982 -0.01151070 0.79607843 0.45882353 0.78039216
v 0.05008811 -0.01056267 -0.01152702 0.79607843 0.45882353 0.78039216
v -0.01149847 -0.01182339 -0.01080936 0.79607843 0.45882353 0.78039216
v 0.02544851 -0.01177427 -0.01088591 0.79607843 0.45882353 0.78039216
v 0.05008811 -0.01166619 -0.01103338 0.79607843 0.45882353 0.78039216
v -0.01185259 -0.01180988 -0.01083638 0.79607843 0.45882353 0.78039216
v 0.05035526 -0.01164899 -0.01102044 0.79607843 0.45882353 0.78039216
v 0.05035526 -0.01147459 -0.01118761 0.79607843 0.45882353 0.78039216
v 0.05035526 -0.01127194 -0.01132382 0.79607843 0.45882353 0.78039216
v 0.05035526 -0.01104780 -0.01142401 0.79607843 0.45882353 0.78039216
v 0.05035526 -0.01080892 -0.01148537 0.79607843 0.45882353 0.78039216
v 0.05055407 -0.00572982 -0.01145779 0.79607843 0.45882353 0.78039216
v 0.05060998 -0.00572982 -0.01144372 0.79607843 0.45882353 0.78039216
v 0.05035526 -0.01056267 -0.01150563 0.79607843 0.45882353 0.78039216
v -0.01149847 -0.01065663 -0.01151914 0.79607843 0.45882353 0.78039216
v -0.01185259 -0.01071620 -0.01151407 0.79607843 0.45882353 0.78039216
v 0.05035526 -0.00572982 -0.01150563 0.79607843 0.45882353 0.78039216
v 0.05008811 -0.01081261 -0.01150563 0.79607843 0.45882353 0.78039216
v 0.03776831 -0.01065663 -0.01151914 0.79607843 0.45882353 0.78039216
v 0.03776831 -0.01168400 -0.01100918 0.79607843 0.45882353 0.78039216
v -0.01149847 -0.01179207 -0.01086114 0.79607843 0.45882353 0.78039216
v -0.01149847 -0.01172023 -0.01095965 0.79607843 0.45882353 0.78039216
v -0.01149847 -0.01168400 -0.01100918 0.79607843 0.45882353 0.78039216
v 0.03776831 -0.01164408 -0.01105477 0.79607843 0.45882353 0.78039216
v 0.05008811 -0.01148872 -0.01120393 0.79607843 0.45882353 0.78039216
v -0.01185259 -0.01166619 -0.01103338 0.79607843 0.45882353 0.78039216
v -0.01185259 -0.01175462 -0.01091236 0.79607843 0.45882353 0.78039216
v 0.05008811 -0.01128300 -0.01134183 0.79607843 0.45882353 0.78039216
v 0.05008811 -0.01105517 -0.01144372 0.79607843 0.45882353 0.78039216
v 0.02544851 -0.01074997 -0.01151126 0.79607843 0.45882353 0.78039216
v -0.01149847 -0.01078129 -0.01150845 0.79607843 0.45882353 0.78039216
v -0.01185259 -0.01078067 -0.01150845 0.79607843 0.45882353 0.78039216
v 0.02544851 -0.01087340 -0.01149043 0.79607843 0.45882353 0.78039216
v -0.01185259 -0.01084208 -0.01149831 0.79607843 0.45882353 0.78039216
v -0.01185259 -0.01081261 -0.01150563 0.79607843 0.45882353 0.78039216
v -0.01149847 -0.01164408 -0.01105477 0.79607843 0.45882353 0.78039216
v -0.01185259 -0.01148872 -0.01120393 0.79607843 0.45882353 0.78039216
v -0.01185259 -0.01164347 -0.01105533 0.79607843 0.45882353 0.78039216
v 0.03776831 -0.01125414 -0.01135478 0.79607843 0.45882353 0.78039216
v -0.01185259 -0.01128300 -0.01134183 0.79607843 0.45882353 0.78039216
v -0.01185259 -0.01119518 -0.01138124 0.79607843 0.45882353 0.78039216
v 0.01314113 -0.01119764 -0.01138011 0.79607843 0.45882353 0.78039216
v -0.01185259 -0.01105517 -0.01144372 0.79607843 0.45882353 0.78039216
f 962 963 967
f 962 967 964
f 962 964 968
f 962 968 982
f 962 982 1007
f 962 1007 1023
f 962 1023 1041
f 962 1041 1040
f 962 1040 1069
f 962 1069 1070
f 962 1070 1095
f 962 1095 1127
f 962 1127 1141
f 962 1141 1140
f 962 1140 1145
f 962 1145 1129
f 962 1129 1105
f 962 1105 1071
f 962 1071 1044
f 962 1044 1026
f 962 1026 1025
f 962 1025 1009
f 962 1009 995
f 962 995 994
f 962 994 993
f 962 993 992
f 962 992 991
f 962 991 990
f 962 990 989
f 962 989 988
f 962 988 987
f 962 987 986
f 962 986 983
f 962 983 969
f 962 969 965
f 962 965 970
f 962 970 985
f 962 985 1010
f 962 1010 1028
f 962 1028 1055
f 962 1055 1080
f 962 1080 1083
f 962 1083 1118
f 962 1118 1119
f 962 1119 1120
f 962 1120 1085
f 962 1085 1084
f 962 1084 1058
f 962 1058 1057
f 962 1057 1030
f 962 1030 1012
f 962 1012 996
f 962 996 971
f 962 971 966
f 962 966 963
f 963 966 967
f 964 967 968
f 965 969 970
f 966 971 972
f 966 972 967
f 967 972 973
f 967 973 974
f 967 974 975
f 967 975 976
f 967 976 977
f 967 977 978
f 967 978 979
f 967 979 980
f 967 980 981
f 967 981 968
f 968 981 982
f 969 983 970
f 970 984 1008
f 970 1008 1024
f 970 1024 1043
f 970 1043 1051
f 970 1051 1050
f 970 1050 1049
f 970 1049 1048
f 970 1048 1047
f 970 1047 1046
f 970 1046 1045
f 970 1045 1072
f 970 1072 1104
f 970 1104 1103
f 970 1103 1102
f 970 1102 1101
f 970 1101 1100
f 970 1100 1099
f 970 1099 1098
f 970 1098 1097
f 970 1097 1128
f 970 1128 1144
f 970 1144 1160
f 970 1160 1163
f 970 1163 1162
f 970 1162 1171
f 970 1171 1169
f 970 1169 1168
f 970 1168 1165
f 970 1165 1166
f 970 1166 1154
f 970 1154 1155
f 970 1155 1134
f 970 1134 1113
f 970 1113 1112
f 970 1112 1108
f 970 1108 1106
f 970 1106 1075
f 970 1075 1056
f 970 1056 1029
f 970 1029 1011
f 970 1011 985
f 970 983 986
f 970 986 987
f 970 987 988
f 970 988 989
f 970 989 990
f 970 990 991
f 970 991 992
f 970 992 993
f 970 993 994
f 970 994 995
f 970 995 984
f 971 996 997
f 971 997 972
f 972 997 973
f 973 997 998
f 973 998 974
f 974 998 999
f 974 999 1000
f 974 1000 975
f 975 1000 976
f 976 1000 1001
f 976 1001 1002
f 976 1002 977
f 977 1002 978
f 978 1002 1003
f 978 1003 1004
f 978 1004 979
f 979 1004 980
f 980 1004 1005
f 980 1005 1006
f 980 1006 981
f 981 1006 1007
f 981 1007 982
f 984 995 1009
f 984 1009 1008
f 985 1011 1027
f 985 1027 1010
f 996 1012 997
f 997 1012 1013
f 997 1013 998
f 998 1013 1014
f 998 1014 999
f 999 1014 1015
f 999 1015 1000
f 1000 1015 1016
f 1000 1016 1017
f 1000 1017 1001
f 1001 1017 1002
f 1002 1017 1018
f 1002 1018 1019
f 1002 1019 1003
f 1003 1019 1020
f 1003 1020 1004
f 1004 1020 1021
f 1004 1021 1005
f 1005 1021 1006
f 1006 1021 1022
f 1006 1022 1023
f 1006 1023 1007
f 1008 1009 1025
f 1008 1025 1026
f 1008 1026 1024
f 1010 1027 1028
f 1011 1029 1027
f 1012 1030 1013
f 1013 1030 1057
f 1013 1057 1031
f 1013 1031 1032
f 1013 1032 1014
f 1014 1032 1015
f 1015 1032 1033
f 1015 1033 1016
f 1016 1033 1034
f 1016 1034 1035
f 1016 1035 1017
f 1017 1035 1018
f 1018 1035 1036
f 1018 1036 1019
f 1019 1036 1037
f 1019 1037 1038
f 1019 1038 1020
f 1020 1038 1021
f 1021 1038 1039
f 1021 1039 1022
f 1022 1040 1041
f 1022 1041 1023
f 1022 1039 1042
f 1022 1042 1040
f 1024 1026 1043
f 1026 1044 1045
f 1026 1045 1046
f 1026 1046 1047
f 1026 1047 1048
f 1026 1048 1049
f 1026 1049 1050
f 1026 1050 1051
f 1026 1051 1043
f 1027 1052 1053
f 1027 1053 1054
f 1027 1054 1028
f 1027 1029 1052
f 1028 1054 1055
f 1029 1056 1052
f 1031 1057 1058
f 1031 1058 1059
f 1031 1059 1032
f 1032 1059 1060
f 1032 1060 1061
f 1032 1061 1033
f 1033 1061 1034
f 1034 1061 1062
f 1034 1062 1063
f 1034 1063 1035
f 1035 1063 1036
f 1036 1063 1064
f 1036 1064 1065
f 1036 1065 1037
f 1037 1065 1038
f 1038 1065 1066
f 1038 1066 1039
f 1039 1066 1067
f 1039 1067 1068
f 1039 1068 1042
f 1040 1042 1069
f 1042 1068 1070
f 1042 1070 1069
f 1044 1071 1072
f 1044 1072 1045
f 1052 1073 1053
f 1052 1056 1074
f 1052 1074 1075
f 1052 1075 1073
f 1053 1076 1077
f 1053 1077 1078
f 1053 1078 1079
f 1053 1079 1054
f 1053 1073 1075
f 1053 1075 1107
f 1053 1107 1076
f 1054 1080 1055
f 1054 1079 1081
f 1054 1081 1082
f 1054 1082 1083
f 1054 1083 1080
f 1056 1075 1074
f 1058 1084 1059
f 1059 1084 1085
f 1059 1085 1086
f 1059 1086 1087
f 1059 1087 1060
f 1060 1087 1088
f 1060 1088 1061
f 1061 1088 1062
f 1062 1088 1089
f 1062 1089 1063
f 1063 1089 1090
f 1063 1090 1091
f 1063 1091 1064
f 1064 1091 1065
f 1065 1091 1092
f 1065 1092 1093
f 1065 1093 1066
f 1066 1093 1067
f 1067 1093 1094
f 1067 1094 1068
f 1068 1095 1070
f 1068 1094 1096
f 1068 1096 1127
f 1068 1127 1095
f 1071 1097 1098
f 1071 1098 1099
f 1071 1099 1100
f 1071 1100 1101
f 1071 1101 1102
f 1071 1102 1103
f 1071 1103 1104
f 1071 1104 1072
f 1071 1105 1130
f 1071 1130 1128
f 1071 1128 1097
f 1075 1106 1107
f 1076 1107 1108
f 1076 1108 1109
f 1076 1109 1077
f 1077 1110 1111
f 1077 1111 1078
f 1077 1109 1108
f 1077 1108 1112
f 1077 1112 1113
f 1077 1113 1114
f 1077 1114 1110
f 1078 1115 1116
f 1078 1116 1117
f 1078 1117 1081
f 1078 1081 1079
f 1078 1111 1115
f 1081 1117 1088
f 1081 1088 1087
f 1081 1087 1086
f 1081 1086 1082
f 1082 1118 1083
f 1082 1086 1119
f 1082 1119 1118
f 1085 1120 1086
f 1086 1120 1119
f 1088 1117 1116
f 1088 1116 1089
f 1089 1116 1090
f 1090 1116 1121
f 1090 1121 1091
f 1091 1121 1122
f 1091 1122 1123
f 1091 1123 1092
f 1092 1123 1093
f 1093 1123 1124
f 1093 1124 1094
f 1094 1124 1125
f 1094 1125 1126
f 1094 1126 1096
f 1096 1126 1141
f 1096 1141 1127
f 1105 1129 1130
f 1106 1108 1107
f 1110 1114 1131
f 1110 1131 1134
f 1110 1134 1111
f 1111 1132 1133
f 1111 1133 1115
f 1111 1134 1149
f 1111 1149 1132
f 1113 1134 1131
f 1113 1131 1114
f 1115 1135 1116
f 1115 1133 1135
f 1116 1135 1121
f 1121 1135 1122
f 1122 1135 1136
f 1122 1136 1137
f 1122 1137 1123
f 1123 1137 1124
f 1124 1137 1138
f 1124 1138 1125
f 1125 1138 1139
f 1125 1139 1126
f 1126 1140 1141
f 1126 1139 1142
f 1126 1142 1140
f 1128 1143 1144
f 1128 1130 1147
f 1128 1147 1143
f 1129 1145 1142
f 1129 1142 1130
f 1130 1142 1139
f 1130 1139 1146
f 1130 1146 1147
f 1132 1148 1133
f 1132 1149 1150
f 1132 1150 1151
f 1132 1151 1148
f 1133 1152 1153
f 1133 1153 1135
f 1133 1148 1151
f 1133 1151 1154
f 1133 1154 1164
f 1133 1164 1152
f 1134 1155 1149
f 1135 1153 1136
f 1136 1153 1137
f 1137 1153 1156
f 1137 1156 1157
f 1137 1157 1138
f 1138 1157 1139
f 1139 1157 1146
f 1140 1142 1145
f 1143 1147 1158
f 1143 1158 1144
f 1144 1159 1160
f 1144 1158 1159
f 1146 1158 1147
f 1146 1157 1161
f 1146 1161 1162
f 1146 1162 1163
f 1146 1163 1159
f 1146 1159 1158
f 1149 1155 1150
f 1150 1155 1154
f 1150 1154 1151
f 1152 1164 1165
f 1152 1165 1153
f 1153 1165 1168
f 1153 1168 1156
f 1154 1166 1164
f 1156 1167 1157
f 1156 1168 1169
f 1156 1169 1167
f 1157 1167 1170
f 1157 1170 1169
f 1157 1169 1171
f 1157 1171 1161
f 1159 1163 1160
f 1161 1171 1162
f 1164 1166 1165
f 1167 1169 1170

o geometry_8
v -0.00946228 -0.00521605 0.00573107 0.11764706 0.63921569 0.14117647
v -0.00946228 -0.01200332 0.00573107 0.11764706 0.63921569 0.14117647
v -0.00946228 -0.00548647 -0.00021601 0.11764706 0.63921569 0.14117647
v -0.02118576 -0.00549511 -0.00040641 0.11764706 0.63921569 0.14117647
v -0.02118576 -0.00521605 0.00573107 0.11764706 0.63921569 0.14117647
v -0.00946228 -0.01200332 -0.00070903 0.11764706 0.63921569 0.14117647
v -0.02118576 -0.01200332 0.00573107 0.11764706 0.63921569 0.14117647
v -0.00946228 -0.00550906 -0.00070903 0.11764706 0.63921569 0.14117647
v -0.02118576 -0.00550906 -0.00070903 0.11764706 0.63921569 0.14117647
v -0.02118576 -0.01200332 -0.00070903 0.11764706 0.63921569 0.14117647
f 1172 1173 1177
f 1172 1177 1179
f 1172 1179 1174
f 1172 1174 1175
f 1172 1175 1176
f 1172 1176 1178
f 1172 1178 1173
f 1173 1178 1181
f 1173 1181 1177
f 1174 1179 1175
f 1175 1180 1181
f 1175 1181 1178
f 1175 1178 1176
f 1175 1179 1180
f 1177 1181 1180
f 1177 1180 1179

o geometry_9
v -0.02177030 0.00572982 -0.00577739 0.94117647 0.52156863 0.41176471
v -0.02152212 0.00507902 -0.00070966 0.94117647 0.52156863 0.41176471
v -0.02198030 0.00572982 -0.01020556 0.94117647 0.52156863 0.41176471
v -0.04938356 0.00572982 -0.00577739 0.94117647 0.52156863 0.41176471
v -0.02152212 -0.00549638 -0.00070966 0.94117647 0.52156863 0.41176471
v -0.02196393 -0.00573313 -0.00986990 0.94117647 0.52156863 0.41176471
v -0.04938356 0.00507902 -0.00070966 0.94117647 0.52156863 0.41176471
v -0.02198302 -0.00573313 -0.01020873 0.94117647 0.52156863 0.41176471
v -0.02199393 -0.00573313 -0.01032203 0.94117647 0.52156863 0.41176471
v -0.02199393 0.00572982 -0.01032521 0.94117647 0.52156863 0.41176471
v -0.04938356 0.00572982 -0.01123795 0.94117647 0.52156863 0.41176471
v -0.02177030 -0.00573313 -0.00577739 0.94117647 0.52156863 0.41176471
v -0.04938356 -0.00549638 -0.00070966 0.94117647 0.52156863 0.41176471
v -0.02201575 -0.00573313 -0.01044063 0.94117647 0.52156863 0.41176471
v -0.02201575 0.00572982 -0.01043745 0.94117647 0.52156863 0.41176471
v -0.04921992 0.00572982 -0.01134172 0.94117647 0.52156863 0.41176471
v -0.04938356 -0.00573313 -0.01123795 0.94117647 0.52156863 0.41176471
v -0.04938356 -0.00573313 -0.00577739 0.94117647 0.52156863 0.41176471
v -0.02204848 -0.00573313 -0.01055181 0.94117647 0.52156863 0.41176471
v -0.02204848 0.00572982 -0.01055392 0.94117647 0.52156863 0.41176471
v -0.04897993 0.00572982 -0.01144337 0.94117647 0.52156863 0.41176471
v -0.04921992 -0.00573313 -0.01134172 0.94117647 0.52156863 0.41176471
v -0.02209212 -0.00573313 -0.01066510 0.94117647 0.52156863 0.41176471
v -0.02209212 0.00572982 -0.01066193 0.94117647 0.52156863 0.41176471
v -0.04897993 -0.00573313 -0.01144337 0.94117647 0.52156863 0.41176471
v -0.04872357 0.00572982 -0.01150478 0.94117647 0.52156863 0.41176471
v -0.02214666 -0.00573313 -0.01076781 0.94117647 0.52156863 0.41176471
v -0.02214666 0.00572982 -0.01077099 0.94117647 0.52156863 0.41176471
v -0.04872357 -0.00573313 -0.01150478 0.94117647 0.52156863 0.41176471
v -0.04866084 0.00572982 -0.01151008 0.94117647 0.52156863 0.41176471
v -0.02220666 -0.00573313 -0.01086629 0.94117647 0.52156863 0.41176471
v -0.02220938 0.00572982 -0.01087052 0.94117647 0.52156863 0.41176471
v -0.04866084 -0.00573313 -0.01151008 0.94117647 0.52156863 0.41176471
v -0.04851630 0.00572982 -0.01152173 0.94117647 0.52156863 0.41176471
v -0.04845630 -0.00000054 -0.01152702 0.94117647 0.52156863 0.41176471
v -0.02228029 -0.00573313 -0.01096794 0.94117647 0.52156863 0.41176471
v -0.02228302 0.00572982 -0.01097112 0.94117647 0.52156863 0.41176471
v -0.04845630 -0.00573313 -0.01152702 0.94117647 0.52156863 0.41176471
v -0.04845630 0.00572982 -0.01152596 0.94117647 0.52156863 0.41176471
v -0.02350482 -0.00000054 -0.01152702 0.94117647 0.52156863 0.41176471
v -0.02236211 -0.00573313 -0.01105900 0.94117647 0.52156863 0.41176471
v -0.02236211 0.00572982 -0.01105900 0.94117647 0.52156863 0.41176471
v -0.02350482 -0.00573313 -0.01152702 0.94117647 0.52156863 0.41176471
v -0.02350482 0.00572982 -0.01152596 0.94117647 0.52156863 0.41176471
v -0.02327301 0.00572982 -0.01150796 0.94117647 0.52156863 0.41176471
v -0.02255029 -0.00573313 -0.01121995 0.94117647 0.52156863 0.41176471
v -0.02255847 0.00572982 -0.01122736 0.94117647 0.52156863 0.41176471
v -0.02327301 -0.00573313 -0.01150796 0.94117647 0.52156863 0.41176471
v -0.02324846 0.00572982 -0.01150584 0.94117647 0.52156863 0.41176471
v -0.02276301 -0.00573313 -0.01135125 0.94117647 0.52156863 0.41176471
v -0.02276301 0.00572982 -0.01135125 0.94117647 0.52156863 0.41176471
v -0.02324846 -0.00573313 -0.01150584 0.94117647 0.52156863 0.41176471
v -0.02299756 0.00572982 -0.01144761 0.94117647 0.52156863 0.41176471
v -0.02321846 -0.00573313 -0.01150055 0.94117647 0.52156863 0.41176471
v -0.02277938 0.00572982 -0.01135866 0.94117647 0.52156863 0.41176471
v -0.02299756 -0.00573313 -0.01144761 0.94117647 0.52156863 0.41176471
f 1182 1183 1184
f 1182 1184 1191
f 1182 1191 1196
f 1182 1196 1201
f 1182 1201 1205
f 1182 1205 1209
f 1182 1209 1213
f 1182 1213 1218
f 1182 1218 1223
f 1182 1223 1228
f 1182 1228 1232
f 1182 1232 1236
f 1182 1236 1234
f 1182 1234 1230
f 1182 1230 1226
f 1182 1226 1225
f 1182 1225 1220
f 1182 1220 1215
f 1182 1215 1211
f 1182 1211 1207
f 1182 1207 1202
f 1182 1202 1197
f 1182 1197 1192
f 1182 1192 1185
f 1182 1185 1188
f 1182 1188 1183
f 1183 1186 1187
f 1183 1187 1184
f 1183 1188 1194
f 1183 1194 1186
f 1184 1189 1190
f 1184 1190 1191
f 1184 1187 1189
f 1185 1192 1198
f 1185 1198 1199
f 1185 1199 1194
f 1185 1194 1188
f 1186 1193 1187
f 1186 1194 1199
f 1186 1199 1193
f 1187 1193 1199
f 1187 1199 1198
f 1187 1198 1203
f 1187 1203 1206
f 1187 1206 1210
f 1187 1210 1214
f 1187 1214 1219
f 1187 1219 1224
f 1187 1224 1229
f 1187 1229 1233
f 1187 1233 1235
f 1187 1235 1237
f 1187 1237 1231
f 1187 1231 1227
f 1187 1227 1222
f 1187 1222 1217
f 1187 1217 1212
f 1187 1212 1208
f 1187 1208 1204
f 1187 1204 1200
f 1187 1200 1195
f 1187 1195 1190
f 1187 1190 1189
f 1190 1195 1191
f 1191 1195 1196
f 1192 1197 1203
f 1192 1203 1198
f 1195 1200 1201
f 1195 1201 1196
f 1197 1202 1206
f 1197 1206 1203
f 1200 1204 1201
f 1201 1204 1205
f 1202 1207 1210
f 1202 1210 1206
f 1204 1208 1209
f 1204 1209 1205
f 1207 1211 1214
f 1207 1214 1210
f 1208 1212 1209
f 1209 1212 1213
f 1211 1215 1216
f 1211 1216 1219
f 1211 1219 1214
f 1212 1217 1213
f 1213 1217 1218
f 1215 1220 1216
f 1216 1220 1225
f 1216 1225 1221
f 1216 1221 1224
f 1216 1224 1219
f 1217 1222 1218
f 1218 1222 1223
f 1221 1225 1226
f 1221 1226 1229
f 1221 1229 1224
f 1222 1227 1228
f 1222 1228 1223
f 1226 1230 1233
f 1226 1233 1229
f 1227 1231 1228
f 1228 1231 1232
f 1230 1234 1235
f 1230 1235 1233
f 1231 1236 1232
f 1231 1237 1236
f 1234 1237 1235
f 1234 1236 1237

o geometry_10
v -0.00280468 0.01200332 0.01009813 0.26274510 0.77254902 0.45490196
v -0.00280468 0.01198209 0.01032880 0.26274510 0.77254902 0.45490196
v -0.00280468 0.01200332 0.00573107 0.26274510 0.77254902 0.45490196
v -0.04845344 0.01200332 0.01009813 0.26274510 0.77254902 0.45490196
v -0.02382354 0.01198688 0.01027817 0.26274510 0.77254902 0.45490196
v -0.00280468 0.01198072 0.01033724 0.26274510 0.77254902 0.45490196
v -0.04845344 0.01198072 0.01033724 0.26274510 0.77254902 0.45490196
v -0.00280468 0.00521597 0.00573107 0.26274510 0.77254902 0.45490196
v -0.04845344 0.01200332 0.00573107 0.26274510 0.77254902 0.45490196
v -0.04851271 0.01199853 0.00573107 0.26274510 0.77254902 0.45490196
v -0.04871789 0.01198072 0.01013976 0.26274510 0.77254902 0.45490196
v -0.04870421 0.01198072 0.01018027 0.26274510 0.77254902 0.45490196
v -0.04868141 0.01198072 0.01021797 0.26274510 0.77254902 0.45490196
v -0.04865861 0.01198072 0.01025229 0.26274510 0.77254902 0.45490196
v -0.04862670 0.01198072 0.01028098 0.26274510 0.77254902 0.45490196
v -0.04858566 0.01198072 0.01030517 0.26274510 0.77254902 0.45490196
v -0.04854919 0.01198072 0.01032261 0.26274510 0.77254902 0.45490196
v -0.04849904 0.01198072 0.01033443 0.26274510 0.77254902 0.45490196
v -0.00280468 0.01197866 0.01034624 0.26274510 0.77254902 0.45490196
v -0.04845344 0.01191633 0.01056961 0.26274510 0.77254902 0.45490196
v -0.03613849 0.01192455 0.01054147 0.26274510 0.77254902 0.45490196
v -0.01150402 0.01197318 0.01036706 0.26274510 0.77254902 0.45490196
v -0.00280468 0.00502075 0.01001767 0.26274510 0.77254902 0.45490196
v -0.02121555 0.00500568 0.00573107 0.26274510 0.77254902 0.45490196
v -0.04871789 0.01198072 0.00573107 0.26274510 0.77254902 0.45490196
v -0.04897777 0.01191633 0.01009813 0.26274510 0.77254902 0.45490196
v -0.04896865 0.01191633 0.01018027 0.26274510 0.77254902 0.45490196
v -0.04894586 0.01191633 0.01025960 0.26274510 0.77254902 0.45490196
v -0.04890938 0.01191633 0.01033443 0.26274510 0.77254902 0.45490196
v -0.04885467 0.01191633 0.01040082 0.26274510 0.77254902 0.45490196
v -0.04879084 0.01191633 0.01045989 0.26274510 0.77254902 0.45490196
v -0.04871789 0.01191633 0.01050659 0.26274510 0.77254902 0.45490196
v -0.04863582 0.01191633 0.01054147 0.26274510 0.77254902 0.45490196
v -0.04854919 0.01191633 0.01056285 0.26274510 0.77254902 0.45490196
v -0.00280468 0.01191838 0.01056173 0.26274510 0.77254902 0.45490196
v -0.04845344 0.01181016 0.01078790 0.26274510 0.77254902 0.45490196
v -0.00280468 0.01186701 0.01067144 0.26274510 0.77254902 0.45490196
v -0.01185966 0.01191633 0.01056961 0.26274510 0.77254902 0.45490196
v -0.00280468 0.00502007 0.01003737 0.26274510 0.77254902 0.45490196
v -0.02101038 0.00500568 0.01001317 0.26274510 0.77254902 0.45490196
v -0.04938356 0.00500568 0.00573107 0.26274510 0.77254902 0.45490196
v -0.04897777 0.01191633 0.00573107 0.26274510 0.77254902 0.45490196
v -0.04921486 0.01181016 0.01009813 0.26274510 0.77254902 0.45490196
v -0.04920574 0.01181016 0.01021797 0.26274510 0.77254902 0.45490196
v -0.04917383 0.01181016 0.01033443 0.26274510 0.77254902 0.45490196
v -0.04911456 0.01181016 0.01044302 0.26274510 0.77254902 0.45490196
v -0.04904161 0.01181016 0.01054147 0.26274510 0.77254902 0.45490196
v -0.04894586 0.01181016 0.01062643 0.26274510 0.77254902 0.45490196
v -0.04883643 0.01181016 0.01069507 0.26274510 0.77254902 0.45490196
v -0.04871789 0.01181016 0.01074683 0.26274510 0.77254902 0.45490196
v -0.04858566 0.01181016 0.01077778 0.26274510 0.77254902 0.45490196
v -0.00280468 0.01191564 0.01056961 0.26274510 0.77254902 0.45490196
v -0.04845344 0.01166632 0.01098538 0.26274510 0.77254902 0.45490196
v -0.01185966 0.01181016 0.01078790 0.26274510 0.77254902 0.45490196
v -0.00280468 0.01181358 0.01078059 0.26274510 0.77254902 0.45490196
v -0.00280468 0.01191222 0.01057804 0.26274510 0.77254902 0.45490196
v -0.00280468 0.00502007 0.01014933 0.26274510 0.77254902 0.45490196
v -0.02100582 0.00500568 0.01014933 0.26274510 0.77254902 0.45490196
v -0.04938356 0.00500568 0.01119074 0.26274510 0.77254902 0.45490196
v -0.04938356 0.01170262 0.00573107 0.26274510 0.77254902 0.45490196
v -0.04921486 0.01181016 0.00573107 0.26274510 0.77254902 0.45490196
v -0.04938356 0.01170262 0.01009813 0.26274510 0.77254902 0.45490196
v -0.04938356 0.01169303 0.01024554 0.26274510 0.77254902 0.45490196
v -0.04938356 0.01166632 0.01038957 0.26274510 0.77254902 0.45490196
v -0.04937900 0.01166632 0.01040082 0.26274510 0.77254902 0.45490196
v -0.04930605 0.01166632 0.01054147 0.26274510 0.77254902 0.45490196
v -0.04920574 0.01166632 0.01066806 0.26274510 0.77254902 0.45490196
v -0.04908264 0.01166632 0.01077778 0.26274510 0.77254902 0.45490196
v -0.04894586 0.01166632 0.01086667 0.26274510 0.77254902 0.45490196
v -0.04879084 0.01166632 0.01093137 0.26274510 0.77254902 0.45490196
v -0.04862670 0.01166632 0.01097188 0.26274510 0.77254902 0.45490196
v -0.04845344 0.01148754 0.01115586 0.26274510 0.77254902 0.45490196
v -0.01185510 0.01148822 0.01115586 0.26274510 0.77254902 0.45490196
v -0.01185966 0.01159782 0.01105121 0.26274510 0.77254902 0.45490196
v -0.01185966 0.01166632 0.01098538 0.26274510 0.77254902 0.45490196
v -0.00280468 0.01180947 0.01078790 0.26274510 0.77254902 0.45490196
v -0.00280468 0.00502897 0.01025960 0.26274510 0.77254902 0.45490196
v -0.02228246 0.00500568 0.01146080 0.26274510 0.77254902 0.45490196
v -0.02204537 0.00500568 0.01140735 0.26274510 0.77254902 0.45490196
v -0.02182196 0.00500568 0.01131958 0.26274510 0.77254902 0.45490196
v -0.02161223 0.00500568 0.01120030 0.26274510 0.77254902 0.45490196
v -0.02142985 0.00500568 0.01105233 0.26274510 0.77254902 0.45490196
v -0.02127483 0.00500568 0.01087736 0.26274510 0.77254902 0.45490196
v -0.02120644 0.00500568 0.01078565 0.26274510 0.77254902 0.45490196
v -0.02115172 0.00500568 0.01068551 0.26274510 0.77254902 0.45490196
v -0.02110613 0.00500568 0.01058423 0.26274510 0.77254902 0.45490196
v -0.02106510 0.00500568 0.01047846 0.26274510 0.77254902 0.45490196
v -0.02103774 0.00500568 0.01036987 0.26274510 0.77254902 0.45490196
v -0.02101494 0.00500568 0.01025960 0.26274510 0.77254902 0.45490196
v -0.04930605 0.00500568 0.01123912 0.26274510 0.77254902 0.45490196
v -0.04938356 0.01056215 0.01119074 0.26274510 0.77254902 0.45490196
v -0.04938356 0.01166221 0.01040194 0.26274510 0.77254902 0.45490196
v -0.04938356 0.01158343 0.01058086 0.26274510 0.77254902 0.45490196
v -0.04938356 0.01148754 0.01073895 0.26274510 0.77254902 0.45490196
v -0.04934708 0.01148754 0.01077778 0.26274510 0.77254902 0.45490196
v -0.04920574 0.01148754 0.01090830 0.26274510 0.77254902 0.45490196
v -0.04885467 0.01148754 0.01109172 0.26274510 0.77254902 0.45490196
v -0.04904161 0.01148754 0.01101351 0.26274510 0.77254902 0.45490196
v -0.04865861 0.01148754 0.01113954 0.26274510 0.77254902 0.45490196
v -0.04868141 0.01128205 0.01127569 0.26274510 0.77254902 0.45490196
v -0.04845344 0.01128205 0.01129314 0.26274510 0.77254902 0.45490196
v -0.03613849 0.01136013 0.01124194 0.26274510 0.77254902 0.45490196
v -0.00280468 0.01148822 0.01115586 0.26274510 0.77254902 0.45490196
v -0.00280468 0.01166563 0.01098538 0.26274510 0.77254902 0.45490196
v -0.00280468 0.00504678 0.01036987 0.26274510 0.77254902 0.45490196
v -0.02250131 0.00500568 0.01147655 0.26274510 0.77254902 0.45490196
v -0.04921486 0.00500568 0.01129314 0.26274510 0.77254902 0.45490196
v -0.04921486 0.01056215 0.01129314 0.26274510 0.77254902 0.45490196
v -0.04938356 0.01081285 0.01116542 0.26274510 0.77254902 0.45490196
v -0.04920574 0.01081285 0.01127569 0.26274510 0.77254902 0.45490196
v -0.04938356 0.01143617 0.01079972 0.26274510 0.77254902 0.45490196
v -0.04930605 0.01128205 0.01101351 0.26274510 0.77254902 0.45490196
v -0.04890938 0.01128205 0.01122168 0.26274510 0.77254902 0.45490196
v -0.04911456 0.01128205 0.01113335 0.26274510 0.77254902 0.45490196
v -0.04870421 0.01105532 0.01137528 0.26274510 0.77254902 0.45490196
v -0.04845344 0.01105532 0.01139553 0.26274510 0.77254902 0.45490196
v -0.00280468 0.01117725 0.01134096 0.26274510 0.77254902 0.45490196
v -0.00280468 0.01128205 0.01129314 0.26274510 0.77254902 0.45490196
v -0.01185966 0.01130808 0.01127682 0.26274510 0.77254902 0.45490196
v -0.00280468 0.01148069 0.01116092 0.26274510 0.77254902 0.45490196
v -0.00280468 0.00507418 0.01047846 0.26274510 0.77254902 0.45490196
v -0.02252866 0.00500568 0.01147824 0.26274510 0.77254902 0.45490196
v -0.04897777 0.00500568 0.01139553 0.26274510 0.77254902 0.45490196
v -0.04897777 0.01056215 0.01139553 0.26274510 0.77254902 0.45490196
v -0.04938356 0.01103546 0.01109566 0.26274510 0.77254902 0.45490196
v -0.04917383 0.01105532 0.01122168 0.26274510 0.77254902 0.45490196
v -0.04896865 0.01081285 0.01137528 0.26274510 0.77254902 0.45490196
v -0.04938356 0.01128205 0.01094487 0.26274510 0.77254902 0.45490196
v -0.04938356 0.01105532 0.01108890 0.26274510 0.77254902 0.45490196
v -0.04894586 0.01105532 0.01131620 0.26274510 0.77254902 0.45490196
v -0.04871789 0.01081285 0.01143717 0.26274510 0.77254902 0.45490196
v -0.04845344 0.01081285 0.01145686 0.26274510 0.77254902 0.45490196
v -0.03613849 0.01090326 0.01143435 0.26274510 0.77254902 0.45490196
v -0.01185510 0.01084230 0.01145011 0.26274510 0.77254902 0.45490196
v -0.01150402 0.01090395 0.01143435 0.26274510 0.77254902 0.45490196
v -0.01185966 0.01105532 0.01139553 0.26274510 0.77254902 0.45490196
v -0.00280468 0.01105464 0.01139553 0.26274510 0.77254902 0.45490196
v -0.00280468 0.00511048 0.01058423 0.26274510 0.77254902 0.45490196
v -0.02680083 0.00500568 0.01147880 0.26274510 0.77254902 0.45490196
v -0.00280468 0.00515569 0.01068663 0.26274510 0.77254902 0.45490196
v -0.00280468 0.00520980 0.01078565 0.26274510 0.77254902 0.45490196
v -0.00280468 0.00527214 0.01088017 0.26274510 0.77254902 0.45490196
v -0.00280468 0.00541529 0.01104840 0.26274510 0.77254902 0.45490196
v -0.00280468 0.00542214 0.01105627 0.26274510 0.77254902 0.45490196
v -0.00280468 0.00558585 0.01119580 0.26274510 0.77254902 0.45490196
v -0.00280468 0.00559407 0.01120199 0.26274510 0.77254902 0.45490196
v -0.00280468 0.00578792 0.01131958 0.26274510 0.77254902 0.45490196
v -0.00280468 0.00579682 0.01132352 0.26274510 0.77254902 0.45490196
v -0.00280468 0.00600163 0.01140735 0.26274510 0.77254902 0.45490196
v -0.00280468 0.00622698 0.01146080 0.26274510 0.77254902 0.45490196
v -0.00280468 0.00645919 0.01147880 0.26274510 0.77254902 0.45490196
v -0.04871789 0.00500568 0.01145686 0.26274510 0.77254902 0.45490196
v -0.04871789 0.01056215 0.01145686 0.26274510 0.77254902 0.45490196
v -0.04845344 0.01056215 0.01147880 0.26274510 0.77254902 0.45490196
v -0.02382354 0.01074914 0.01146305 0.26274510 0.77254902 0.45490196
v -0.00280468 0.01080326 0.01145855 0.26274510 0.77254902 0.45490196
v -0.00280468 0.01081285 0.01145686 0.26274510 0.77254902 0.45490196
v -0.00280468 0.01096011 0.01141973 0.26274510 0.77254902 0.45490196
v -0.04845344 0.00500568 0.01147880 0.26274510 0.77254902 0.45490196
v -0.00280468 0.01056215 0.01147880 0.26274510 0.77254902 0.45490196
v -0.04852639 0.00500568 0.01147317 0.26274510 0.77254902 0.45490196
v -0.00280468 0.01069640 0.01146755 0.26274510 0.77254902 0.45490196
f 1238 1239 1243
f 1238 1243 1256
f 1238 1256 1272
f 1238 1272 1289
f 1238 1289 1293
f 1238 1293 1274
f 1238 1274 1292
f 1238 1292 1313
f 1238 1313 1341
f 1238 1341 1340
f 1238 1340 1357
f 1238 1357 1355
f 1238 1355 1354
f 1238 1354 1374
f 1238 1374 1395
f 1238 1395 1394
f 1238 1394 1393
f 1238 1393 1399
f 1238 1399 1397
f 1238 1397 1388
f 1238 1388 1387
f 1238 1387 1386
f 1238 1386 1385
f 1238 1385 1384
f 1238 1384 1383
f 1238 1383 1382
f 1238 1382 1381
f 1238 1381 1380
f 1238 1380 1379
f 1238 1379 1378
f 1238 1378 1377
f 1238 1377 1375
f 1238 1375 1358
f 1238 1358 1342
f 1238 1342 1314
f 1238 1314 1294
f 1238 1294 1276
f 1238 1276 1260
f 1238 1260 1245
f 1238 1245 1240
f 1238 1240 1246
f 1238 1246 1241
f 1238 1241 1242
f 1238 1242 1239
f 1239 1242 1244
f 1239 1244 1243
f 1240 1245 1261
f 1240 1261 1278
f 1240 1278 1297
f 1240 1297 1298
f 1240 1298 1279
f 1240 1279 1262
f 1240 1262 1247
f 1240 1247 1246
f 1241 1246 1247
f 1241 1247 1248
f 1241 1248 1249
f 1241 1249 1250
f 1241 1250 1251
f 1241 1251 1252
f 1241 1252 1253
f 1241 1253 1254
f 1241 1254 1255
f 1241 1255 1244
f 1241 1244 1242
f 1243 1244 1256
f 1244 1255 1257
f 1244 1257 1258
f 1244 1258 1259
f 1244 1259 1256
f 1245 1260 1261
f 1247 1262 1248
f 1248 1262 1279
f 1248 1279 1263
f 1248 1263 1264
f 1248 1264 1265
f 1248 1265 1249
f 1249 1265 1266
f 1249 1266 1250
f 1250 1266 1251
f 1251 1266 1267
f 1251 1267 1268
f 1251 1268 1252
f 1252 1268 1269
f 1252 1269 1253
f 1253 1269 1254
f 1254 1269 1270
f 1254 1270 1271
f 1254 1271 1255
f 1255 1271 1257
f 1256 1259 1272
f 1257 1271 1273
f 1257 1273 1274
f 1257 1274 1275
f 1257 1275 1258
f 1258 1275 1259
f 1259 1275 1272
f 1260 1276 1261
f 1261 1277 1295
f 1261 1295 1326
f 1261 1326 1325
f 1261 1325 1324
f 1261 1324 1323
f 1261 1323 1322
f 1261 1322 1321
f 1261 1321 1320
f 1261 1320 1319
f 1261 1319 1318
f 1261 1318 1317
f 1261 1317 1316
f 1261 1316 1315
f 1261 1315 1343
f 1261 1343 1359
f 1261 1359 1376
f 1261 1376 1396
f 1261 1396 1398
f 1261 1398 1389
f 1261 1389 1360
f 1261 1360 1344
f 1261 1344 1327
f 1261 1327 1296
f 1261 1296 1278
f 1261 1276 1277
f 1263 1279 1298
f 1263 1298 1280
f 1263 1280 1281
f 1263 1281 1264
f 1264 1281 1282
f 1264 1282 1265
f 1265 1282 1266
f 1266 1282 1283
f 1266 1283 1284
f 1266 1284 1267
f 1267 1284 1268
f 1268 1284 1285
f 1268 1285 1269
f 1269 1285 1286
f 1269 1286 1287
f 1269 1287 1270
f 1270 1287 1271
f 1271 1287 1288
f 1271 1288 1273
f 1272 1275 1289
f 1273 1288 1290
f 1273 1290 1312
f 1273 1312 1291
f 1273 1291 1274
f 1274 1293 1275
f 1274 1291 1292
f 1275 1293 1289
f 1276 1294 1295
f 1276 1295 1277
f 1278 1296 1328
f 1278 1328 1346
f 1278 1346 1362
f 1278 1362 1366
f 1278 1366 1365
f 1278 1365 1348
f 1278 1348 1331
f 1278 1331 1330
f 1278 1330 1329
f 1278 1329 1301
f 1278 1301 1300
f 1278 1300 1299
f 1278 1299 1297
f 1280 1298 1297
f 1280 1297 1299
f 1280 1299 1281
f 1281 1299 1300
f 1281 1300 1282
f 1282 1300 1301
f 1282 1301 1302
f 1282 1302 1303
f 1282 1303 1283
f 1283 1303 1284
f 1284 1303 1304
f 1284 1304 1305
f 1284 1305 1285
f 1285 1305 1306
f 1285 1306 1286
f 1286 1306 1287
f 1287 1306 1307
f 1287 1307 1308
f 1287 1308 1288
f 1288 1308 1290
f 1290 1308 1309
f 1290 1309 1310
f 1290 1310 1311
f 1290 1311 1312
f 1291 1312 1341
f 1291 1341 1313
f 1291 1313 1292
f 1294 1314 1315
f 1294 1315 1316
f 1294 1316 1317
f 1294 1317 1318
f 1294 1318 1319
f 1294 1319 1320
f 1294 1320 1321
f 1294 1321 1322
f 1294 1322 1323
f 1294 1323 1324
f 1294 1324 1325
f 1294 1325 1326
f 1294 1326 1295
f 1296 1327 1328
f 1301 1329 1302
f 1302 1329 1303
f 1303 1329 1330
f 1303 1330 1304
f 1304 1330 1331
f 1304 1331 1332
f 1304 1332 1333
f 1304 1333 1305
f 1305 1333 1306
f 1306 1334 1307
f 1306 1333 1335
f 1306 1335 1334
f 1307 1334 1308
f 1308 1336 1309
f 1308 1334 1336
f 1309 1336 1337
f 1309 1337 1338
f 1309 1338 1339
f 1309 1339 1310
f 1310 1340 1311
f 1310 1339 1357
f 1310 1357 1340
f 1311 1340 1341
f 1311 1341 1312
f 1314 1342 1343
f 1314 1343 1315
f 1327 1344 1345
f 1327 1345 1328
f 1328 1345 1347
f 1328 1347 1346
f 1331 1348 1332
f 1332 1348 1333
f 1333 1348 1349
f 1333 1349 1335
f 1334 1335 1350
f 1334 1350 1336
f 1335 1349 1351
f 1335 1351 1350
f 1336 1350 1337
f 1337 1350 1352
f 1337 1352 1353
f 1337 1353 1338
f 1338 1353 1354
f 1338 1354 1355
f 1338 1355 1356
f 1338 1356 1339
f 1339 1356 1357
f 1342 1358 1343
f 1343 1358 1359
f 1344 1360 1361
f 1344 1361 1345
f 1345 1361 1347
f 1346 1347 1363
f 1346 1363 1362
f 1347 1361 1364
f 1347 1364 1363
f 1348 1365 1349
f 1349 1363 1351
f 1349 1365 1366
f 1349 1366 1363
f 1350 1367 1352
f 1350 1351 1363
f 1350 1363 1367
f 1352 1367 1368
f 1352 1368 1353
f 1353 1368 1369
f 1353 1369 1370
f 1353 1370 1371
f 1353 1371 1372
f 1353 1372 1373
f 1353 1373 1354
f 1354 1373 1374
f 1355 1357 1356
f 1358 1375 1359
f 1359 1375 1377
f 1359 1377 1378
f 1359 1378 1379
f 1359 1379 1380
f 1359 1380 1381
f 1359 1381 1382
f 1359 1382 1383
f 1359 1383 1384
f 1359 1384 1385
f 1359 1385 1386
f 1359 1386 1387
f 1359 1387 1388
f 1359 1388 1376
f 1360 1389 1390
f 1360 1390 1361
f 1361 1390 1368
f 1361 1368 1364
f 1362 1363 1366
f 1363 1364 1367
f 1364 1368 1367
f 1368 1390 1391
f 1368 1391 1369
f 1369 1391 1392
f 1369 1392 1393
f 1369 1393 1394
f 1369 1394 1371
f 1369 1371 1370
f 1371 1394 1395
f 1371 1395 1372
f 1372 1395 1374
f 1372 1374 1373
f 1376 1388 1397
f 1376 1397 1391
f 1376 1391 1396
f 1389 1398 1390
f 1390 1398 1391
f 1391 1398 1396
f 1391 1397 1399
f 1391 1399 1393
f 1391 1393 1392

o geometry_11
v -0.00959276 -0.01200265 -0.00577672 0.56470588 0.01568627 0.61568627
v -0.00959276 -0.01200265 -0.00070884 0.56470588 0.01568627 0.61568627
v -0.00959276 -0.00574050 -0.00577672 0.56470588 0.01568627 0.61568627
v 0.05008375 -0.01200265 -0.00577672 0.56470588 0.01568627 0.61568627
v -0.00959276 -0.00550957 -0.00070884 0.56470588 0.01568627 0.61568627
v -0.00946074 -0.01200265 0.00573107 0.56470588 0.01568627 0.61568627
v -0.00959276 -0.00554121 -0.00140498 0.56470588 0.01568627 0.61568627
v -0.00199593 -0.00512513 -0.00577672 0.56470588 0.01568627 0.61568627
v 0.05029377 -0.01198514 -0.00577672 0.56470588 0.01568627 0.61568627
v 0.05035377 -0.01198110 -0.00070884 0.56470588 0.01568627 0.61568627
v 0.05008375 -0.01200265 0.00573107 0.56470588 0.01568627 0.61568627
v -0.00946074 -0.00521602 0.00573107 0.56470588 0.01568627 0.61568627
v -0.00219995 -0.00512513 -0.00153114 0.56470588 0.01568627 0.61568627
v 0.05160791 -0.00512513 -0.00577672 0.56470588 0.01568627 0.61568627
v 0.05034778 -0.01198043 -0.00577672 0.56470588 0.01568627 0.61568627
v 0.05040778 -0.01196629 -0.00577672 0.56470588 0.01568627 0.61568627
v 0.05060580 -0.01191579 -0.00577672 0.56470588 0.01568627 0.61568627
v 0.05047379 -0.01195013 -0.00070884 0.56470588 0.01568627 0.61568627
v 0.05035377 -0.01198110 0.00573107 0.56470588 0.01568627 0.61568627
v -0.00254799 -0.00520996 0.00573107 0.56470588 0.01568627 0.61568627
v -0.00223595 -0.00512513 -0.00070884 0.56470588 0.01568627 0.61568627
v 0.05166792 -0.00512513 -0.00577222 0.56470588 0.01568627 0.61568627
v 0.05160791 -0.01056184 -0.00577672 0.56470588 0.01568627 0.61568627
v 0.05079783 -0.01183231 -0.00577672 0.56470588 0.01568627 0.61568627
v 0.05073182 -0.01186261 -0.00002283 0.56470588 0.01568627 0.61568627
v 0.05060580 -0.01191579 0.00573107 0.56470588 0.01568627 0.61568627
v 0.04909964 -0.00520996 0.00573107 0.56470588 0.01568627 0.61568627
v 0.05166792 -0.00512513 -0.00070884 0.56470588 0.01568627 0.61568627
v 0.05170992 -0.00520996 -0.00070884 0.56470588 0.01568627 0.61568627
v 0.05166792 -0.00959972 -0.00577222 0.56470588 0.01568627 0.61568627
v 0.05158991 -0.01075843 -0.00577672 0.56470588 0.01568627 0.61568627
v 0.05170992 -0.00959838 -0.00070884 0.56470588 0.01568627 0.61568627
v 0.05084583 -0.01180942 -0.00577672 0.56470588 0.01568627 0.61568627
v 0.05085183 -0.01180942 -0.00070884 0.56470588 0.01568627 0.61568627
v 0.05065981 -0.01189290 0.00573107 0.56470588 0.01568627 0.61568627
v 0.05085183 -0.01180942 0.00573107 0.56470588 0.01568627 0.61568627
v 0.05161391 -0.00958491 0.00573107 0.56470588 0.01568627 0.61568627
v 0.05161391 -0.00520996 0.00572656 0.56470588 0.01568627 0.61568627
v 0.05170992 -0.00520996 0.00572318 0.56470588 0.01568627 0.61568627
v 0.05160191 -0.01069582 -0.00070884 0.56470588 0.01568627 0.61568627
v 0.05158991 -0.01081230 -0.00070884 0.56470588 0.01568627 0.61568627
v 0.05158391 -0.01081230 -0.00577672 0.56470588 0.01568627 0.61568627
v 0.05170992 -0.00959838 0.00572318 0.56470588 0.01568627 0.61568627
v 0.05159591 -0.01075843 0.00573107 0.56470588 0.01568627 0.61568627
v 0.05089384 -0.01177845 -0.00577672 0.56470588 0.01568627 0.61568627
v 0.05101985 -0.01169631 -0.00577672 0.56470588 0.01568627 0.61568627
v 0.05095384 -0.01174209 -0.00070884 0.56470588 0.01568627 0.61568627
v 0.05106786 -0.01166601 0.00573107 0.56470588 0.01568627 0.61568627
v 0.05161391 -0.01056251 0.00573107 0.56470588 0.01568627 0.61568627
v 0.05158991 -0.01081230 0.00573107 0.56470588 0.01568627 0.61568627
v 0.05157791 -0.01086414 0.00573107 0.56470588 0.01568627 0.61568627
v 0.05155991 -0.01092541 -0.00070884 0.56470588 0.01568627 0.61568627
v 0.05157191 -0.01086481 -0.00577672 0.56470588 0.01568627 0.61568627
v 0.05106185 -0.01166534 -0.00577672 0.56470588 0.01568627 0.61568627
v 0.05106786 -0.01166601 -0.00070884 0.56470588 0.01568627 0.61568627
v 0.05115787 -0.01158252 -0.00070884 0.56470588 0.01568627 0.61568627
v 0.05110986 -0.01162696 0.00573107 0.56470588 0.01568627 0.61568627
v 0.05152391 -0.01105467 0.00573107 0.56470588 0.01568627 0.61568627
v 0.05152391 -0.01105467 -0.00070884 0.56470588 0.01568627 0.61568627
v 0.05153591 -0.01099475 -0.00577672 0.56470588 0.01568627 0.61568627
v 0.05110386 -0.01162696 -0.00577672 0.56470588 0.01568627 0.61568627
v 0.05125387 -0.01148759 -0.00577672 0.56470588 0.01568627 0.61568627
v 0.05121787 -0.01152597 0.00573107 0.56470588 0.01568627 0.61568627
v 0.05140989 -0.01128291 0.00573107 0.56470588 0.01568627 0.61568627
v 0.05146390 -0.01117654 -0.00070884 0.56470588 0.01568627 0.61568627
v 0.05149390 -0.01110382 -0.00577672 0.56470588 0.01568627 0.61568627
v 0.05151790 -0.01105467 -0.00577672 0.56470588 0.01568627 0.61568627
v 0.05137389 -0.01132668 -0.00577672 0.56470588 0.01568627 0.61568627
v 0.05140989 -0.01128291 -0.00070884 0.56470588 0.01568627 0.61568627
v 0.05133788 -0.01137852 -0.00070884 0.56470588 0.01568627 0.61568627
v 0.05128988 -0.01144383 0.00573107 0.56470588 0.01568627 0.61568627
v 0.05125387 -0.01148826 -0.00070884 0.56470588 0.01568627 0.61568627
v 0.05125387 -0.01148826 0.00573107 0.56470588 0.01568627 0.61568627
v 0.05143390 -0.01122569 -0.00577672 0.56470588 0.01568627 0.61568627
v 0.05140389 -0.01128224 -0.00577672 0.56470588 0.01568627 0.61568627
f 1400 1401 1404
f 1400 1404 1406
f 1400 1406 1402
f 1400 1402 1407
f 1400 1407 1413
f 1400 1413 1422
f 1400 1422 1430
f 1400 1430 1441
f 1400 1441 1452
f 1400 1452 1459
f 1400 1459 1466
f 1400 1466 1465
f 1400 1465 1473
f 1400 1473 1474
f 1400 1474 1467
f 1400 1467 1461
f 1400 1461 1460
f 1400 1460 1453
f 1400 1453 1445
f 1400 1445 1444
f 1400 1444 1432
f 1400 1432 1423
f 1400 1423 1416
f 1400 1416 1415
f 1400 1415 1414
f 1400 1414 1408
f 1400 1408 1403
f 1400 1403 1410
f 1400 1410 1405
f 1400 1405 1401
f 1401 1405 1411
f 1401 1411 1404
f 1402 1406 1407
f 1403 1408 1409
f 1403 1409 1418
f 1403 1418 1410
f 1404 1411 1407
f 1404 1407 1406
f 1405 1410 1418
f 1405 1418 1425
f 1405 1425 1434
f 1405 1434 1435
f 1405 1435 1447
f 1405 1447 1456
f 1405 1456 1462
f 1405 1462 1472
f 1405 1472 1470
f 1405 1470 1463
f 1405 1463 1457
f 1405 1457 1450
f 1405 1450 1449
f 1405 1449 1443
f 1405 1443 1448
f 1405 1448 1436
f 1405 1436 1426
f 1405 1426 1419
f 1405 1419 1411
f 1407 1411 1412
f 1407 1412 1420
f 1407 1420 1427
f 1407 1427 1421
f 1407 1421 1413
f 1408 1414 1409
f 1409 1415 1416
f 1409 1416 1417
f 1409 1417 1418
f 1409 1414 1415
f 1411 1419 1420
f 1411 1420 1412
f 1413 1421 1429
f 1413 1429 1422
f 1416 1423 1424
f 1416 1424 1425
f 1416 1425 1417
f 1417 1425 1418
f 1419 1426 1427
f 1419 1427 1420
f 1421 1427 1438
f 1421 1438 1428
f 1421 1428 1431
f 1421 1431 1429
f 1422 1429 1431
f 1422 1431 1430
f 1423 1432 1433
f 1423 1433 1424
f 1424 1434 1425
f 1424 1433 1435
f 1424 1435 1434
f 1426 1436 1437
f 1426 1437 1427
f 1427 1437 1438
f 1428 1438 1442
f 1428 1442 1431
f 1430 1431 1439
f 1430 1439 1440
f 1430 1440 1441
f 1431 1442 1443
f 1431 1443 1439
f 1432 1444 1433
f 1433 1444 1445
f 1433 1445 1446
f 1433 1446 1435
f 1435 1446 1447
f 1436 1448 1442
f 1436 1442 1438
f 1436 1438 1437
f 1439 1443 1440
f 1440 1449 1450
f 1440 1450 1451
f 1440 1451 1452
f 1440 1452 1441
f 1440 1443 1449
f 1442 1448 1443
f 1445 1453 1454
f 1445 1454 1446
f 1446 1454 1447
f 1447 1454 1455
f 1447 1455 1456
f 1450 1457 1458
f 1450 1458 1451
f 1451 1458 1459
f 1451 1459 1452
f 1453 1460 1454
f 1454 1460 1455
f 1455 1461 1462
f 1455 1462 1456
f 1455 1460 1461
f 1457 1463 1464
f 1457 1464 1458
f 1458 1464 1473
f 1458 1473 1465
f 1458 1465 1466
f 1458 1466 1459
f 1461 1467 1468
f 1461 1468 1469
f 1461 1469 1470
f 1461 1470 1471
f 1461 1471 1462
f 1462 1471 1472
f 1463 1470 1468
f 1463 1468 1464
f 1464 1468 1473
f 1467 1474 1468
f 1468 1470 1469
f 1468 1474 1473
f 1470 1472 1471

o geometry_12
v -0.02176803 -0.00573374 -0.00577672 0.61176471 0.61568627 0.94117647
v -0.01185627 -0.00573988 -0.00577672 0.61176471 0.61568627 0.94117647
v -0.02198110 -0.00573374 -0.01020877 0.61176471 0.61568627 0.94117647
v -0.04938356 -0.00573374 -0.00577672 0.61176471 0.61568627 0.94117647
v -0.01185627 -0.00591235 -0.00956429 0.61176471 0.61568627 0.94117647
v -0.02275994 -0.00573374 -0.01135197 0.61176471 0.61568627 0.94117647
v -0.02254686 -0.00573374 -0.01122082 0.61176471 0.61568627 0.94117647
v -0.02235950 -0.00573374 -0.01105927 0.61176471 0.61568627 0.94117647
v -0.02227868 -0.00573374 -0.01096809 0.61176471 0.61568627 0.94117647
v -0.02220887 -0.00573374 -0.01087409 0.61176471 0.61568627 0.94117647
v -0.02214275 -0.00573374 -0.01076883 0.61176471 0.61568627 0.94117647
v -0.02209132 -0.00573374 -0.01066526 0.61176471 0.61568627 0.94117647
v -0.02204723 -0.00573374 -0.01055213 0.61176471 0.61568627 0.94117647
v -0.02201417 -0.00573374 -0.01044124 0.61176471 0.61568627 0.94117647
v -0.02199212 -0.00573374 -0.01032304 0.61176471 0.61568627 0.94117647
v -0.01185627 -0.01200332 -0.00577672 0.61176471 0.61568627 0.94117647
v -0.04938356 -0.00573374 -0.01123883 0.61176471 0.61568627 0.94117647
v -0.04938356 -0.01170258 -0.00577672 0.61176471 0.61568627 0.94117647
v -0.01185627 -0.00594181 -0.01020652 0.61176471 0.61568627 0.94117647
v -0.02299873 -0.00573374 -0.01144822 0.61176471 0.61568627 0.94117647
v -0.01185627 -0.01200332 -0.01014630 0.61176471 0.61568627 0.94117647
v -0.04845778 -0.01200332 -0.00577672 0.61176471 0.61568627 0.94117647
v -0.04938356 -0.01056282 -0.01123883 0.61176471 0.61568627 0.94117647
v -0.04926968 -0.00573374 -0.01131031 0.61176471 0.61568627 0.94117647
v -0.04938356 -0.01170258 -0.01014630 0.61176471 0.61568627 0.94117647
v -0.04927335 -0.01177561 -0.00577672 0.61176471 0.61568627 0.94117647
v -0.01185627 -0.00595224 -0.01032304 0.61176471 0.61568627 0.94117647
v -0.02321915 -0.00573374 -0.01150057 0.61176471 0.61568627 0.94117647
v -0.01185627 -0.01198122 -0.01038608 0.61176471 0.61568627 0.94117647
v -0.04845778 -0.01200332 -0.01014630 0.61176471 0.61568627 0.94117647
v -0.02382165 -0.01199780 -0.01020652 0.61176471 0.61568627 0.94117647
v -0.04872228 -0.01198122 -0.00577672 0.61176471 0.61568627 0.94117647
v -0.04921824 -0.01056282 -0.01134183 0.61176471 0.61568627 0.94117647
v -0.04920722 -0.01068741 -0.01134183 0.61176471 0.61568627 0.94117647
v -0.04938356 -0.01071687 -0.01122982 0.61176471 0.61568627 0.94117647
v -0.04921824 -0.00573374 -0.01134183 0.61176471 0.61568627 0.94117647
v -0.04938356 -0.01169644 -0.01020483 0.61176471 0.61568627 0.94117647
v -0.04921824 -0.01180998 -0.01014630 0.61176471 0.61568627 0.94117647
v -0.04921824 -0.01180998 -0.00577672 0.61176471 0.61568627 0.94117647
v -0.01185627 -0.00597311 -0.01043843 0.61176471 0.61568627 0.94117647
v -0.02324854 -0.00573374 -0.01150676 0.61176471 0.61568627 0.94117647
v -0.01185627 -0.01195729 -0.01047220 0.61176471 0.61568627 0.94117647
v -0.02382165 -0.01198675 -0.01032641 0.61176471 0.61568627 0.94117647
v -0.04845778 -0.01198122 -0.01038608 0.61176471 0.61568627 0.94117647
v -0.03613971 -0.01197325 -0.01041535 0.61176471 0.61568627 0.94117647
v -0.04872228 -0.01198122 -0.01014630 0.61176471 0.61568627 0.94117647
v -0.04871861 -0.01195974 -0.01038608 0.61176471 0.61568627 0.94117647
v -0.04892434 -0.01193028 -0.00577672 0.61176471 0.61568627 0.94117647
v -0.04897945 -0.01056282 -0.01144372 0.61176471 0.61568627 0.94117647
v -0.04897210 -0.01064813 -0.01144372 0.61176471 0.61568627 0.94117647
v -0.04917416 -0.01080894 -0.01134183 0.61176471 0.61568627 0.94117647
v -0.04938356 -0.01086725 -0.01120393 0.61176471 0.61568627 0.94117647
v -0.04897945 -0.00573374 -0.01144372 0.61176471 0.61568627 0.94117647
v -0.04938356 -0.01167618 -0.01038608 0.61176471 0.61568627 0.94117647
v -0.04920722 -0.01179096 -0.01038608 0.61176471 0.61568627 0.94117647
v -0.04897945 -0.01191617 -0.01014630 0.61176471 0.61568627 0.94117647
v -0.04915946 -0.01183638 -0.00577672 0.61176471 0.61568627 0.94117647
v -0.01185627 -0.00600380 -0.01055213 0.61176471 0.61568627 0.94117647
v -0.02327426 -0.00573374 -0.01150901 0.61176471 0.61568627 0.94117647
v -0.01185627 -0.00602405 -0.01060672 0.61176471 0.61568627 0.94117647
v -0.01185627 -0.00604492 -0.01066245 0.61176471 0.61568627 0.94117647
v -0.01185627 -0.00609525 -0.01076883 0.61176471 0.61568627 0.94117647
v -0.01185627 -0.00615478 -0.01087127 0.61176471 0.61568627 0.94117647
v -0.01185627 -0.00622353 -0.01096809 0.61176471 0.61568627 0.94117647
v -0.01185627 -0.00626158 -0.01101368 0.61176471 0.61568627 0.94117647
v -0.01185627 -0.00630025 -0.01105927 0.61176471 0.61568627 0.94117647
v -0.01185627 -0.01192414 -0.01059040 0.61176471 0.61568627 0.94117647
v -0.04845778 -0.01191617 -0.01061855 0.61176471 0.61568627 0.94117647
v -0.04897210 -0.01189530 -0.01038608 0.61176471 0.61568627 0.94117647
v -0.04870759 -0.01189530 -0.01061855 0.61176471 0.61568627 0.94117647
v -0.04897945 -0.01191617 -0.00577672 0.61176471 0.61568627 0.94117647
v -0.04878106 -0.00573374 -0.01149156 0.61176471 0.61568627 0.94117647
v -0.04872228 -0.01056282 -0.01150563 0.61176471 0.61568627 0.94117647
v -0.04871861 -0.01060578 -0.01150563 0.61176471 0.61568627 0.94117647
v -0.04870759 -0.01064813 -0.01150563 0.61176471 0.61568627 0.94117647
v -0.04894638 -0.01073099 -0.01144372 0.61176471 0.61568627 0.94117647
v -0.04911905 -0.01092249 -0.01134183 0.61176471 0.61568627 0.94117647
v -0.04937988 -0.01087952 -0.01120393 0.61176471 0.61568627 0.94117647
v -0.04890965 -0.01080894 -0.01144372 0.61176471 0.61568627 0.94117647
v -0.04938356 -0.01088075 -0.01120055 0.61176471 0.61568627 0.94117647
v -0.04938356 -0.01160315 -0.01060053 0.61176471 0.61568627 0.94117647
v -0.04937988 -0.01159946 -0.01061855 0.61176471 0.61568627 0.94117647
v -0.04917416 -0.01173511 -0.01061855 0.61176471 0.61568627 0.94117647
v -0.04903088 -0.01189346 -0.00577672 0.61176471 0.61568627 0.94117647
v -0.02347632 -0.00573374 -0.01152477 0.61176471 0.61568627 0.94117647
v -0.01185627 -0.00647640 -0.01122082 0.61176471 0.61568627 0.94117647
v -0.01185627 -0.01191617 -0.01061855 0.61176471 0.61568627 0.94117647
v -0.04845778 -0.01180998 -0.01083638 0.61176471 0.61568627 0.94117647
v -0.03613971 -0.01182349 -0.01080936 0.61176471 0.61568627 0.94117647
v -0.02382165 -0.01188977 -0.01067314 0.61176471 0.61568627 0.94117647
v -0.01185627 -0.01190266 -0.01064669 0.61176471 0.61568627 0.94117647
v -0.04894638 -0.01183454 -0.01061855 0.61176471 0.61568627 0.94117647
v -0.04868555 -0.01179096 -0.01083638 0.61176471 0.61568627 0.94117647
v -0.04890965 -0.01173511 -0.01083638 0.61176471 0.61568627 0.94117647
v -0.04872228 -0.00573374 -0.01150563 0.61176471 0.61568627 0.94117647
v -0.04866351 -0.00573374 -0.01151070 0.61176471 0.61568627 0.94117647
v -0.04845778 -0.01056282 -0.01152702 0.61176471 0.61568627 0.94117647
v -0.04868555 -0.01068741 -0.01150563 0.61176471 0.61568627 0.94117647
v -0.04930641 -0.01102560 -0.01120393 0.61176471 0.61568627 0.94117647
v -0.04885821 -0.01087952 -0.01144372 0.61176471 0.61568627 0.94117647
v -0.04904190 -0.01102560 -0.01134183 0.61176471 0.61568627 0.94117647
v -0.04865983 -0.01072363 -0.01150563 0.61176471 0.61568627 0.94117647
v -0.04938356 -0.01099982 -0.01115215 0.61176471 0.61568627 0.94117647
v -0.04938356 -0.01159640 -0.01061855 0.61176471 0.61568627 0.94117647
v -0.04930641 -0.01151845 -0.01083638 0.61176471 0.61568627 0.94117647
v -0.04911905 -0.01164304 -0.01083638 0.61176471 0.61568627 0.94117647
v -0.02350571 -0.00573374 -0.01152702 0.61176471 0.61568627 0.94117647
v -0.01185627 -0.00650586 -0.01123996 0.61176471 0.61568627 0.94117647
v -0.04865983 -0.01164918 -0.01103338 0.61176471 0.61568627 0.94117647
v -0.04845778 -0.01166575 -0.01103338 0.61176471 0.61568627 0.94117647
v -0.03613971 -0.01168416 -0.01100918 0.61176471 0.61568627 0.94117647
v -0.03613971 -0.01179219 -0.01086114 0.61176471 0.61568627 0.94117647
v -0.01185627 -0.01180998 -0.01083638 0.61176471 0.61568627 0.94117647
v -0.04885821 -0.01159946 -0.01103338 0.61176471 0.61568627 0.94117647
v -0.04845778 -0.00573374 -0.01152702 0.61176471 0.61568627 0.94117647
v -0.04845778 -0.01081262 -0.01150563 0.61176471 0.61568627 0.94117647
v -0.04850186 -0.01080894 -0.01150563 0.61176471 0.61568627 0.94117647
v -0.04854962 -0.01079789 -0.01150563 0.61176471 0.61568627 0.94117647
v -0.04859003 -0.01077948 -0.01150563 0.61176471 0.61568627 0.94117647
v -0.04862677 -0.01075431 -0.01150563 0.61176471 0.61568627 0.94117647
v -0.01185627 -0.01056282 -0.01152702 0.61176471 0.61568627 0.94117647
v -0.02382165 -0.01075002 -0.01151126 0.61176471 0.61568627 0.94117647
v -0.04920722 -0.01115756 -0.01120393 0.61176471 0.61568627 0.94117647
v -0.04938356 -0.01106672 -0.01112457 0.61176471 0.61568627 0.94117647
v -0.04894638 -0.01111459 -0.01134183 0.61176471 0.61568627 0.94117647
v -0.04879209 -0.01094028 -0.01144372 0.61176471 0.61568627 0.94117647
v -0.04908599 -0.01127172 -0.01120393 0.61176471 0.61568627 0.94117647
v -0.04938356 -0.01149206 -0.01077052 0.61176471 0.61568627 0.94117647
v -0.04920722 -0.01140797 -0.01103338 0.61176471 0.61568627 0.94117647
v -0.04904190 -0.01151845 -0.01103338 0.61176471 0.61568627 0.94117647
v -0.04938356 -0.01144664 -0.01083638 0.61176471 0.61568627 0.94117647
v -0.04938356 -0.01129565 -0.01098329 0.61176471 0.61568627 0.94117647
v -0.01185627 -0.00667894 -0.01135197 0.61176471 0.61568627 0.94117647
v -0.01185627 -0.00690112 -0.01144822 0.61176471 0.61568627 0.94117647
v -0.01185627 -0.00701835 -0.01147749 0.61176471 0.61568627 0.94117647
v -0.01185627 -0.00713742 -0.01150676 0.61176471 0.61568627 0.94117647
v -0.01185627 -0.00725833 -0.01151689 0.61176471 0.61568627 0.94117647
v -0.01185627 -0.00738108 -0.01152702 0.61176471 0.61568627 0.94117647
v -0.04862677 -0.01147426 -0.01120393 0.61176471 0.61568627 0.94117647
v -0.04845778 -0.01148837 -0.01120393 0.61176471 0.61568627 0.94117647
v -0.03613971 -0.01155527 -0.01113976 0.61176471 0.61568627 0.94117647
v -0.02382165 -0.01162156 -0.01107616 0.61176471 0.61568627 0.94117647
v -0.01185627 -0.01166575 -0.01103338 0.61176471 0.61568627 0.94117647
v -0.01185627 -0.01168355 -0.01100974 0.61176471 0.61568627 0.94117647
v -0.01185627 -0.01175475 -0.01091236 0.61176471 0.61568627 0.94117647
v -0.04879209 -0.01143252 -0.01120393 0.61176471 0.61568627 0.94117647
v -0.04845778 -0.01105506 -0.01144372 0.61176471 0.61568627 0.94117647
v -0.04854962 -0.01104769 -0.01144372 0.61176471 0.61568627 0.94117647
v -0.01185627 -0.01081262 -0.01150563 0.61176471 0.61568627 0.94117647
v -0.01185627 -0.01084208 -0.01149831 0.61176471 0.61568627 0.94117647
v -0.02382165 -0.01087338 -0.01149043 0.61176471 0.61568627 0.94117647
v -0.04863779 -0.01102560 -0.01144372 0.61176471 0.61568627 0.94117647
v -0.04871861 -0.01098939 -0.01144372 0.61176471 0.61568627 0.94117647
v -0.01185627 -0.01071626 -0.01151407 0.61176471 0.61568627 0.94117647
v -0.01185627 -0.01078071 -0.01150845 0.61176471 0.61568627 0.94117647
v -0.04935050 -0.01127172 -0.01103338 0.61176471 0.61568627 0.94117647
v -0.04938356 -0.01123182 -0.01103338 0.61176471 0.61568627 0.94117647
v -0.04883984 -0.01118640 -0.01134183 0.61176471 0.61568627 0.94117647
v -0.04894638 -0.01136439 -0.01120393 0.61176471 0.61568627 0.94117647
v -0.04938356 -0.01126190 -0.01101030 0.61176471 0.61568627 0.94117647
v -0.04859003 -0.01127172 -0.01134183 0.61176471 0.61568627 0.94117647
v -0.04845778 -0.01128276 -0.01134183 0.61176471 0.61568627 0.94117647
v -0.03613971 -0.01141165 -0.01125572 0.61176471 0.61568627 0.94117647
v -0.01185627 -0.01148837 -0.01120393 0.61176471 0.61568627 0.94117647
v -0.02382165 -0.01153318 -0.01116115 0.61176471 0.61568627 0.94117647
v -0.01185627 -0.01159762 -0.01109924 0.61176471 0.61568627 0.94117647
v -0.04871861 -0.01123919 -0.01134183 0.61176471 0.61568627 0.94117647
v -0.03613971 -0.01125453 -0.01135478 0.61176471 0.61568627 0.94117647
v -0.01185627 -0.01105506 -0.01144372 0.61176471 0.61568627 0.94117647
v -0.01185627 -0.01102437 -0.01145160 0.61176471 0.61568627 0.94117647
v -0.01185627 -0.01128276 -0.01134183 0.61176471 0.61568627 0.94117647
v -0.02382165 -0.01133432 -0.01130750 0.61176471 0.61568627 0.94117647
v -0.01185627 -0.01135948 -0.01129061 0.61176471 0.61568627 0.94117647
v -0.01185627 -0.01141227 -0.01125515 0.61176471 0.61568627 0.94117647
v -0.01185627 -0.01119500 -0.01138124 0.61176471 0.61568627 0.94117647
f 1475 1476 1477
f 1475 1477 1489
f 1475 1489 1488
f 1475 1488 1487
f 1475 1487 1486
f 1475 1486 1485
f 1475 1485 1484
f 1475 1484 1483
f 1475 1483 1482
f 1475 1482 1481
f 1475 1481 1480
f 1475 1480 1494
f 1475 1494 1502
f 1475 1502 1515
f 1475 1515 1533
f 1475 1533 1559
f 1475 1559 1581
f 1475 1581 1589
f 1475 1589 1570
f 1475 1570 1569
f 1475 1569 1546
f 1475 1546 1527
f 1475 1527 1510
f 1475 1510 1498
f 1475 1498 1491
f 1475 1491 1478
f 1475 1478 1492
f 1475 1492 1500
f 1475 1500 1513
f 1475 1513 1531
f 1475 1531 1558
f 1475 1558 1545
f 1475 1545 1522
f 1475 1522 1506
f 1475 1506 1496
f 1475 1496 1490
f 1475 1490 1476
f 1476 1479 1480
f 1476 1480 1481
f 1476 1481 1482
f 1476 1482 1483
f 1476 1483 1484
f 1476 1484 1485
f 1476 1485 1486
f 1476 1486 1487
f 1476 1487 1488
f 1476 1488 1489
f 1476 1489 1477
f 1476 1490 1495
f 1476 1495 1503
f 1476 1503 1516
f 1476 1516 1541
f 1476 1541 1561
f 1476 1561 1565
f 1476 1565 1587
f 1476 1587 1619
f 1476 1619 1618
f 1476 1618 1617
f 1476 1617 1640
f 1476 1640 1638
f 1476 1638 1648
f 1476 1648 1647
f 1476 1647 1645
f 1476 1645 1649
f 1476 1649 1643
f 1476 1643 1644
f 1476 1644 1624
f 1476 1624 1623
f 1476 1623 1629
f 1476 1629 1628
f 1476 1628 1595
f 1476 1595 1612
f 1476 1612 1611
f 1476 1611 1610
f 1476 1610 1609
f 1476 1609 1608
f 1476 1608 1607
f 1476 1607 1582
f 1476 1582 1560
f 1476 1560 1540
f 1476 1540 1539
f 1476 1539 1538
f 1476 1538 1537
f 1476 1537 1536
f 1476 1536 1535
f 1476 1535 1534
f 1476 1534 1532
f 1476 1532 1514
f 1476 1514 1501
f 1476 1501 1493
f 1476 1493 1479
f 1478 1491 1497
f 1478 1497 1509
f 1478 1509 1526
f 1478 1526 1554
f 1478 1554 1577
f 1478 1577 1598
f 1478 1598 1631
f 1478 1631 1634
f 1478 1634 1606
f 1478 1606 1605
f 1478 1605 1602
f 1478 1602 1578
f 1478 1578 1555
f 1478 1555 1528
f 1478 1528 1511
f 1478 1511 1499
f 1478 1499 1492
f 1479 1493 1480
f 1480 1493 1494
f 1490 1496 1504
f 1490 1504 1495
f 1491 1498 1497
f 1492 1499 1500
f 1493 1501 1494
f 1494 1501 1502
f 1495 1504 1505
f 1495 1505 1517
f 1495 1517 1503
f 1496 1506 1520
f 1496 1520 1504
f 1497 1498 1507
f 1497 1507 1508
f 1497 1508 1509
f 1498 1510 1507
f 1499 1511 1512
f 1499 1512 1500
f 1500 1512 1513
f 1501 1514 1515
f 1501 1515 1502
f 1503 1517 1518
f 1503 1518 1519
f 1503 1519 1516
f 1504 1520 1521
f 1504 1521 1518
f 1504 1518 1517
f 1504 1517 1505
f 1506 1522 1520
f 1507 1510 1527
f 1507 1527 1523
f 1507 1523 1524
f 1507 1524 1508
f 1508 1525 1509
f 1508 1524 1525
f 1509 1525 1526
f 1511 1528 1529
f 1511 1529 1512
f 1512 1529 1530
f 1512 1530 1531
f 1512 1531 1513
f 1514 1532 1515
f 1515 1532 1534
f 1515 1534 1535
f 1515 1535 1536
f 1515 1536 1537
f 1515 1537 1538
f 1515 1538 1539
f 1515 1539 1540
f 1515 1540 1533
f 1516 1519 1541
f 1518 1521 1542
f 1518 1542 1519
f 1519 1542 1541
f 1520 1522 1530
f 1520 1530 1521
f 1521 1530 1543
f 1521 1543 1544
f 1521 1544 1542
f 1522 1545 1530
f 1523 1527 1546
f 1523 1546 1547
f 1523 1547 1548
f 1523 1548 1524
f 1524 1548 1549
f 1524 1549 1550
f 1524 1550 1525
f 1525 1551 1552
f 1525 1552 1526
f 1525 1550 1553
f 1525 1553 1551
f 1526 1552 1554
f 1528 1555 1556
f 1528 1556 1557
f 1528 1557 1529
f 1529 1557 1543
f 1529 1543 1530
f 1530 1545 1558
f 1530 1558 1531
f 1533 1540 1560
f 1533 1560 1559
f 1541 1542 1561
f 1542 1544 1567
f 1542 1567 1562
f 1542 1562 1563
f 1542 1563 1564
f 1542 1564 1565
f 1542 1565 1561
f 1543 1566 1544
f 1543 1557 1566
f 1544 1566 1568
f 1544 1568 1567
f 1546 1569 1547
f 1547 1569 1570
f 1547 1570 1571
f 1547 1571 1548
f 1548 1571 1549
f 1549 1572 1553
f 1549 1553 1550
f 1549 1571 1572
f 1551 1573 1552
f 1551 1553 1574
f 1551 1574 1575
f 1551 1575 1573
f 1552 1573 1554
f 1553 1572 1576
f 1553 1576 1574
f 1554 1573 1577
f 1555 1578 1556
f 1556 1579 1580
f 1556 1580 1557
f 1556 1578 1579
f 1557 1580 1568
f 1557 1568 1566
f 1559 1560 1581
f 1560 1582 1581
f 1562 1567 1583
f 1562 1583 1584
f 1562 1584 1585
f 1562 1585 1586
f 1562 1586 1587
f 1562 1587 1563
f 1563 1587 1565
f 1563 1565 1564
f 1567 1568 1583
f 1568 1588 1583
f 1568 1580 1588
f 1570 1589 1571
f 1571 1590 1591
f 1571 1591 1592
f 1571 1592 1593
f 1571 1593 1594
f 1571 1594 1576
f 1571 1576 1572
f 1571 1589 1581
f 1571 1581 1612
f 1571 1612 1595
f 1571 1595 1596
f 1571 1596 1590
f 1573 1575 1597
f 1573 1597 1598
f 1573 1598 1577
f 1574 1599 1575
f 1574 1576 1594
f 1574 1594 1600
f 1574 1600 1599
f 1575 1599 1601
f 1575 1601 1597
f 1578 1602 1579
f 1579 1603 1604
f 1579 1604 1580
f 1579 1602 1605
f 1579 1605 1606
f 1579 1606 1603
f 1580 1604 1588
f 1581 1582 1607
f 1581 1607 1608
f 1581 1608 1609
f 1581 1609 1610
f 1581 1610 1611
f 1581 1611 1612
f 1583 1588 1613
f 1583 1613 1614
f 1583 1614 1584
f 1584 1614 1615
f 1584 1615 1639
f 1584 1639 1616
f 1584 1616 1617
f 1584 1617 1585
f 1585 1617 1618
f 1585 1618 1619
f 1585 1619 1586
f 1586 1619 1587
f 1588 1604 1620
f 1588 1620 1613
f 1590 1621 1622
f 1590 1622 1591
f 1590 1596 1623
f 1590 1623 1624
f 1590 1624 1625
f 1590 1625 1621
f 1591 1622 1592
f 1592 1622 1626
f 1592 1626 1627
f 1592 1627 1593
f 1593 1627 1600
f 1593 1600 1594
f 1595 1628 1596
f 1596 1628 1629
f 1596 1629 1623
f 1597 1603 1630
f 1597 1630 1631
f 1597 1631 1598
f 1597 1601 1603
f 1599 1600 1632
f 1599 1632 1601
f 1600 1627 1632
f 1601 1632 1633
f 1601 1633 1604
f 1601 1604 1603
f 1603 1606 1630
f 1604 1633 1620
f 1606 1634 1630
f 1613 1635 1636
f 1613 1636 1614
f 1613 1620 1635
f 1614 1636 1637
f 1614 1637 1638
f 1614 1638 1639
f 1614 1639 1615
f 1616 1639 1640
f 1616 1640 1617
f 1620 1633 1632
f 1620 1632 1641
f 1620 1641 1635
f 1621 1642 1636
f 1621 1636 1622
f 1621 1625 1643
f 1621 1643 1642
f 1622 1636 1635
f 1622 1635 1626
f 1624 1644 1625
f 1625 1644 1643
f 1626 1641 1632
f 1626 1632 1627
f 1626 1635 1641
f 1630 1634 1631
f 1636 1642 1645
f 1636 1645 1646
f 1636 1646 1637
f 1637 1646 1647
f 1637 1647 1648
f 1637 1648 1638
f 1638 1640 1639
f 1642 1643 1649
f 1642 1649 1645
f 1645 1647 1646

o geometry_13
v -0.02121337 0.00521279 0.00572791 0.67843137 0.35686275 0.43529412
v -0.02121337 0.00268666 0.00573107 0.67843137 0.35686275 0.43529412
v -0.02118577 -0.00521529 0.00573107 0.67843137 0.35686275 0.43529412
v -0.02118577 -0.00547987 -0.00010442 0.67843137 0.35686275 0.43529412
v -0.02118577 -0.00550852 -0.00070903 0.67843137 0.35686275 0.43529412
v -0.02149214 0.00521279 -0.00008425 0.67843137 0.35686275 0.43529412
v -0.02283634 0.00521279 0.00573107 0.67843137 0.35686275 0.43529412
v -0.02118577 -0.01200332 0.00573107 0.67843137 0.35686275 0.43529412
v -0.02118577 -0.01200332 -0.00070903 0.67843137 0.35686275 0.43529412
v -0.02152250 0.00521279 -0.00070903 0.67843137 0.35686275 0.43529412
v -0.04938080 0.00521279 0.00573107 0.67843137 0.35686275 0.43529412
v -0.04845891 -0.01200332 0.00573107 0.67843137 0.35686275 0.43529412
v -0.04845891 -0.01200332 -0.00070903 0.67843137 0.35686275 0.43529412
v -0.04938080 0.00521279 -0.00070903 0.67843137 0.35686275 0.43529412
v -0.04938080 -0.01170167 0.00573107 0.67843137 0.35686275 0.43529412
v -0.04872388 -0.01198141 0.00573107 0.67843137 0.35686275 0.43529412
v -0.04872388 -0.01198141 -0.00070903 0.67843137 0.35686275 0.43529412
v -0.04938080 -0.01170167 -0.00070903 0.67843137 0.35686275 0.43529412
v -0.04933388 -0.01173537 -0.00070903 0.67843137 0.35686275 0.43529412
v -0.04926763 -0.01177919 0.00573107 0.67843137 0.35686275 0.43529412
v -0.04884257 -0.01195108 -0.00070903 0.67843137 0.35686275 0.43529412
v -0.04898058 -0.01191569 0.00573107 0.67843137 0.35686275 0.43529412
v -0.04922071 -0.01180952 -0.00070903 0.67843137 0.35686275 0.43529412
v -0.04922071 -0.01180952 0.00573107 0.67843137 0.35686275 0.43529412
v -0.04898058 -0.01191569 -0.00070903 0.67843137 0.35686275 0.43529412
v -0.04916827 -0.01183311 0.00573107 0.67843137 0.35686275 0.43529412
f 1650 1651 1652
f 1650 1652 1653
f 1650 1653 1654
f 1650 1654 1655
f 1650 1655 1659
f 1650 1659 1663
f 1650 1663 1660
f 1650 1660 1656
f 1650 1656 1651
f 1651 1656 1660
f 1651 1660 1664
f 1651 1664 1669
f 1651 1669 1673
f 1651 1673 1675
f 1651 1675 1671
f 1651 1671 1665
f 1651 1665 1661
f 1651 1661 1657
f 1651 1657 1652
f 1652 1657 1658
f 1652 1658 1654
f 1652 1654 1653
f 1654 1658 1662
f 1654 1662 1666
f 1654 1666 1670
f 1654 1670 1674
f 1654 1674 1672
f 1654 1672 1668
f 1654 1668 1667
f 1654 1667 1663
f 1654 1663 1659
f 1654 1659 1655
f 1657 1661 1662
f 1657 1662 1658
f 1660 1663 1667
f 1660 1667 1664
f 1661 1665 1666
f 1661 1666 1662
f 1664 1668 1669
f 1664 1667 1668
f 1665 1670 1666
f 1665 1671 1670
f 1668 1672 1669
f 1669 1672 1673
f 1670 1671 1674
f 1671 1675 1674
f 1672 1674 1675
f 1672 1675 1673

o geometry_14
v -0.02152298 -0.00549675 -0.00070966 0.69411765 0.05882353 0.66666667
v -0.00959275 -0.00550885 -0.00070966 0.69411765 0.05882353 0.66666667
v -0.02176837 -0.00549675 -0.00577672 0.69411765 0.05882353 0.66666667
v -0.04938356 -0.00549675 -0.00070966 0.69411765 0.05882353 0.66666667
v -0.00959275 -0.01200268 -0.00070966 0.69411765 0.05882353 0.66666667
v -0.00959275 -0.00574005 -0.00577672 0.69411765 0.05882353 0.66666667
v -0.04938356 -0.00549675 -0.00577672 0.69411765 0.05882353 0.66666667
v -0.04938356 -0.01170270 -0.00070966 0.69411765 0.05882353 0.66666667
v -0.00959275 -0.01200268 -0.00577672 0.69411765 0.05882353 0.66666667
v -0.04845656 -0.01200268 -0.00070966 0.69411765 0.05882353 0.66666667
v -0.04938356 -0.01170270 -0.00577672 0.69411765 0.05882353 0.66666667
v -0.04921997 -0.01180970 -0.00070966 0.69411765 0.05882353 0.66666667
v -0.04845656 -0.01200268 -0.00577672 0.69411765 0.05882353 0.66666667
v -0.04860067 -0.01199122 -0.00070966 0.69411765 0.05882353 0.66666667
v -0.04851498 -0.01199823 -0.00577672 0.69411765 0.05882353 0.66666667
v -0.04921997 -0.01180970 -0.00577672 0.69411765 0.05882353 0.66666667
v -0.04916155 -0.01183645 -0.00577672 0.69411765 0.05882353 0.66666667
v -0.04909144 -0.01186639 -0.00070966 0.69411765 0.05882353 0.66666667
v -0.04872142 -0.01198103 -0.00070966 0.69411765 0.05882353 0.66666667
v -0.04866689 -0.01198612 -0.00577672 0.69411765 0.05882353 0.66666667
v -0.04897849 -0.01191607 -0.00577672 0.69411765 0.05882353 0.66666667
v -0.04897849 -0.01191607 -0.00070966 0.69411765 0.05882353 0.66666667
v -0.04872142 -0.01198103 -0.00577672 0.69411765 0.05882353 0.66666667
v -0.04884216 -0.01195110 -0.00070966 0.69411765 0.05882353 0.66666667
v -0.04892395 -0.01193008 -0.00577672 0.69411765 0.05882353 0.66666667
f 1676 1677 1678
f 1676 1678 1682
f 1676 1682 1679
f 1676 1679 1683
f 1676 1683 1687
f 1676 1687 1693
f 1676 1693 1697
f 1676 1697 1699
f 1676 1699 1694
f 1676 1694 1689
f 1676 1689 1685
f 1676 1685 1680
f 1676 1680 1677
f 1677 1680 1684
f 1677 1684 1681
f 1677 1681 1678
f 1678 1681 1684
f 1678 1684 1688
f 1678 1688 1690
f 1678 1690 1695
f 1678 1695 1698
f 1678 1698 1700
f 1678 1700 1696
f 1678 1696 1692
f 1678 1692 1691
f 1678 1691 1686
f 1678 1686 1682
f 1679 1682 1686
f 1679 1686 1683
f 1680 1685 1688
f 1680 1688 1684
f 1683 1686 1691
f 1683 1691 1687
f 1685 1689 1690
f 1685 1690 1688
f 1687 1692 1693
f 1687 1691 1692
f 1689 1694 1695
f 1689 1695 1690
f 1692 1696 1697
f 1692 1697 1693
f 1694 1698 1695
f 1694 1699 1698
f 1696 1700 1699
f 1696 1699 1697
f 1698 1699 1700

o geometry_15
v 0.05008898 0.01200332 -0.00577672 0.67058824 0.20784314 0.12549020
v 0.05029894 0.01198596 -0.00577672 0.67058824 0.20784314 0.12549020
v 0.05008898 0.01200332 -0.01014630 0.67058824 0.20784314 0.12549020
v -0.00200745 0.01200332 -0.00577672 0.67058824 0.20784314 0.12549020
v 0.05035667 0.01198075 -0.00577672 0.67058824 0.20784314 0.12549020
v 0.05035667 0.01198075 -0.01014630 0.67058824 0.20784314 0.12549020
v 0.05008898 0.01198075 -0.01038608 0.67058824 0.20784314 0.12549020
v 0.03776955 0.01198943 -0.01029602 0.67058824 0.20784314 0.12549020
v -0.00200745 0.01199291 -0.01025943 0.67058824 0.20784314 0.12549020
v -0.00200745 0.01200332 -0.01014630 0.67058824 0.20784314 0.12549020
v -0.00200745 0.00573875 -0.00577672 0.67058824 0.20784314 0.12549020
v 0.05041967 0.01196513 -0.00577672 0.67058824 0.20784314 0.12549020
v 0.05055614 0.01193042 -0.00577672 0.67058824 0.20784314 0.12549020
v 0.05060863 0.01191479 -0.01014630 0.67058824 0.20784314 0.12549020
v 0.05060863 0.01189570 -0.01037144 0.67058824 0.20784314 0.12549020
v 0.05035667 0.01195819 -0.01038270 0.67058824 0.20784314 0.12549020
v 0.05035667 0.01189570 -0.01061123 0.67058824 0.20784314 0.12549020
v 0.05008898 0.01191479 -0.01061855 0.67058824 0.20784314 0.12549020
v 0.02545012 0.01193215 -0.01056057 0.67058824 0.20784314 0.12549020
v 0.02545012 0.01196513 -0.01044405 0.67058824 0.20784314 0.12549020
v -0.00200745 0.01197555 -0.01040578 0.67058824 0.20784314 0.12549020
v -0.00200745 0.01197902 -0.01039283 0.67058824 0.20784314 0.12549020
v -0.00200745 0.01198075 -0.01038608 0.67058824 0.20784314 0.12549020
v 0.01313595 0.01198943 -0.01029602 0.67058824 0.20784314 0.12549020
v -0.00199695 -0.00572982 -0.00577672 0.67058824 0.20784314 0.12549020
v -0.00200745 0.00594010 -0.01020765 0.67058824 0.20784314 0.12549020
v 0.05060863 0.01191479 -0.00577672 0.67058824 0.20784314 0.12549020
v 0.05067162 0.01188876 -0.00577672 0.67058824 0.20784314 0.12549020
v 0.05085009 0.01180891 -0.01014630 0.67058824 0.20784314 0.12549020
v 0.05060863 0.01183321 -0.01058984 0.67058824 0.20784314 0.12549020
v 0.05085009 0.01178981 -0.01035400 0.67058824 0.20784314 0.12549020
v 0.05085009 0.01173427 -0.01055550 0.67058824 0.20784314 0.12549020
v 0.05060863 0.01173427 -0.01079472 0.67058824 0.20784314 0.12549020
v 0.05035667 0.01178981 -0.01082624 0.67058824 0.20784314 0.12549020
v 0.05008898 0.01180891 -0.01083638 0.67058824 0.20784314 0.12549020
v 0.03776955 0.01190264 -0.01064556 0.67058824 0.20784314 0.12549020
v -0.00200745 0.01191826 -0.01061179 0.67058824 0.20784314 0.12549020
v 0.05161644 -0.00572982 -0.00577672 0.67058824 0.20784314 0.12549020
v -0.00200745 0.00595225 -0.01032585 0.67058824 0.20784314 0.12549020
v -0.00200745 0.00597308 -0.01044012 0.67058824 0.20784314 0.12549020
v -0.00200745 0.00600259 -0.01055213 0.67058824 0.20784314 0.12549020
v -0.00200745 0.00604425 -0.01066245 0.67058824 0.20784314 0.12549020
v -0.00200745 0.00609633 -0.01077277 0.67058824 0.20784314 0.12549020
v -0.00200745 0.00615534 -0.01087296 0.67058824 0.20784314 0.12549020
v -0.00200745 0.00622651 -0.01097259 0.67058824 0.20784314 0.12549020
v -0.00200745 0.00630462 -0.01106378 0.67058824 0.20784314 0.12549020
v -0.00200745 0.00647473 -0.01122082 0.67058824 0.20784314 0.12549020
v -0.00200745 0.00667782 -0.01135197 0.67058824 0.20784314 0.12549020
v -0.00178699 -0.00572982 -0.01020652 0.67058824 0.20784314 0.12549020
v 0.05079759 0.01183321 -0.00577672 0.67058824 0.20784314 0.12549020
v 0.05085009 0.01180891 -0.00577672 0.67058824 0.20784314 0.12549020
v 0.05101805 0.01170129 -0.00577672 0.67058824 0.20784314 0.12549020
v 0.05107054 0.01166484 -0.01014630 0.67058824 0.20784314 0.12549020
v 0.05107054 0.01164921 -0.01032979 0.67058824 0.20784314 0.12549020
v 0.05085009 0.01164227 -0.01074407 0.67058824 0.20784314 0.12549020
v 0.05107054 0.01159887 -0.01050822 0.67058824 0.20784314 0.12549020
v 0.05060863 0.01159887 -0.01097991 0.67058824 0.20784314 0.12549020
v 0.05035667 0.01164921 -0.01102044 0.67058824 0.20784314 0.12549020
v 0.03776955 0.01182279 -0.01080936 0.67058824 0.20784314 0.12549020
v 0.05008898 0.01166484 -0.01103338 0.67058824 0.20784314 0.12549020
v 0.03776955 0.01168393 -0.01100918 0.67058824 0.20784314 0.12549020
v 0.02545012 0.01177419 -0.01088591 0.67058824 0.20784314 0.12549020
v -0.00200745 0.01180544 -0.01084200 0.67058824 0.20784314 0.12549020
v 0.00081652 0.01180891 -0.01083638 0.67058824 0.20784314 0.12549020
v -0.00200745 0.01181932 -0.01081780 0.67058824 0.20784314 0.12549020
v 0.02545012 0.01183668 -0.01078178 0.67058824 0.20784314 0.12549020
v 0.01313595 0.01187661 -0.01070016 0.67058824 0.20784314 0.12549020
v 0.01313595 0.01190264 -0.01064556 0.67058824 0.20784314 0.12549020
v -0.00200745 0.01186619 -0.01072155 0.67058824 0.20784314 0.12549020
v 0.05161644 -0.00572982 -0.01014630 0.67058824 0.20784314 0.12549020
v 0.05161644 0.01056259 -0.00577672 0.67058824 0.20784314 0.12549020
v -0.00200745 0.00690001 -0.01144822 0.67058824 0.20784314 0.12549020
v -0.00177124 -0.00572982 -0.01032304 0.67058824 0.20784314 0.12549020
v -0.00200745 0.00713608 -0.01150676 0.67058824 0.20784314 0.12549020
v 0.05107054 0.01166484 -0.00577672 0.67058824 0.20784314 0.12549020
v 0.05111253 0.01162665 -0.00577672 0.67058824 0.20784314 0.12549020
v 0.05125951 0.01148778 -0.01014630 0.67058824 0.20784314 0.12549020
v 0.05125951 0.01147389 -0.01030052 0.67058824 0.20784314 0.12549020
v 0.05125951 0.01143224 -0.01044968 0.67058824 0.20784314 0.12549020
v 0.05085009 0.01151729 -0.01091462 0.67058824 0.20784314 0.12549020
v 0.05107054 0.01151729 -0.01067483 0.67058824 0.20784314 0.12549020
v 0.05107054 0.01140793 -0.01082624 0.67058824 0.20784314 0.12549020
v 0.05125951 0.01136454 -0.01058984 0.67058824 0.20784314 0.12549020
v 0.05060863 0.01143224 -0.01113976 0.67058824 0.20784314 0.12549020
v 0.05085009 0.01136454 -0.01106209 0.67058824 0.20784314 0.12549020
v 0.05035667 0.01147389 -0.01118761 0.67058824 0.20784314 0.12549020
v 0.05008898 0.01148778 -0.01120393 0.67058824 0.20784314 0.12549020
v 0.03776955 0.01164401 -0.01105477 0.67058824 0.20784314 0.12549020
v -0.00200745 0.01166484 -0.01103338 0.67058824 0.20784314 0.12549020
v 0.01313595 0.01168393 -0.01100918 0.67058824 0.20784314 0.12549020
v -0.00200745 0.01172559 -0.01095177 0.67058824 0.20784314 0.12549020
v -0.00200745 0.01181238 -0.01083019 0.67058824 0.20784314 0.12549020
v 0.05161644 0.01056259 -0.01014630 0.67058824 0.20784314 0.12549020
v 0.05159019 -0.00572982 -0.01038608 0.67058824 0.20784314 0.12549020
v 0.05161119 0.01061640 -0.00577672 0.67058824 0.20784314 0.12549020
v -0.00175024 -0.00572982 -0.01043843 0.67058824 0.20784314 0.12549020
v -0.00200745 0.00715170 -0.01150845 0.67058824 0.20784314 0.12549020
v -0.00162427 -0.00572982 -0.01076883 0.67058824 0.20784314 0.12549020
v -0.00167676 -0.00572982 -0.01066245 0.67058824 0.20784314 0.12549020
v -0.00171875 -0.00572982 -0.01055213 0.67058824 0.20784314 0.12549020
v 0.05125951 0.01148778 -0.00577672 0.67058824 0.20784314 0.12549020
v 0.05141172 0.01128295 -0.01014630 0.67058824 0.20784314 0.12549020
v 0.05141172 0.01127080 -0.01026619 0.67058824 0.20784314 0.12549020
v 0.05141172 0.01123956 -0.01038270 0.67058824 0.20784314 0.12549020
v 0.05125951 0.01127080 -0.01071649 0.67058824 0.20784314 0.12549020
v 0.05125951 0.01115798 -0.01082624 0.67058824 0.20784314 0.12549020
v 0.05107054 0.01127080 -0.01095627 0.67058824 0.20784314 0.12549020
v 0.05141172 0.01118575 -0.01049134 0.67058824 0.20784314 0.12549020
v 0.05141172 0.01111458 -0.01058984 0.67058824 0.20784314 0.12549020
v 0.05060863 0.01123956 -0.01126979 0.67058824 0.20784314 0.12549020
v 0.05085009 0.01118575 -0.01118142 0.67058824 0.20784314 0.12549020
v 0.05107054 0.01111458 -0.01106209 0.67058824 0.20784314 0.12549020
v 0.05035667 0.01127080 -0.01132382 0.67058824 0.20784314 0.12549020
v 0.05008898 0.01128295 -0.01134183 0.67058824 0.20784314 0.12549020
v 0.01313595 0.01141141 -0.01125572 0.67058824 0.20784314 0.12549020
v -0.00200745 0.01148778 -0.01120393 0.67058824 0.20784314 0.12549020
v -0.00200745 0.01150340 -0.01118930 0.67058824 0.20784314 0.12549020
v 0.02545012 0.01153291 -0.01116115 0.67058824 0.20784314 0.12549020
v 0.01313595 0.01164401 -0.01105477 0.67058824 0.20784314 0.12549020
v -0.00200745 0.01159193 -0.01110430 0.67058824 0.20784314 0.12549020
v 0.05159019 0.01056259 -0.01038608 0.67058824 0.20784314 0.12549020
v 0.05159019 0.01060599 -0.01038270 0.67058824 0.20784314 0.12549020
v 0.05159019 0.01064764 -0.01037144 0.67058824 0.20784314 0.12549020
v 0.05159019 0.01068757 -0.01035400 0.67058824 0.20784314 0.12549020
v 0.05159019 0.01072229 -0.01032979 0.67058824 0.20784314 0.12549020
v 0.05159019 0.01075353 -0.01030052 0.67058824 0.20784314 0.12549020
v 0.05159019 0.01077783 -0.01026619 0.67058824 0.20784314 0.12549020
v 0.05159019 0.01079693 -0.01022848 0.67058824 0.20784314 0.12549020
v 0.05159019 0.01080908 -0.01018795 0.67058824 0.20784314 0.12549020
v 0.05159019 0.01081255 -0.01014630 0.67058824 0.20784314 0.12549020
v 0.05153770 -0.00572982 -0.01056507 0.67058824 0.20784314 0.12549020
v 0.05155870 0.00000013 -0.01050203 0.67058824 0.20784314 0.12549020
v 0.05159019 0.01081255 -0.00577672 0.67058824 0.20784314 0.12549020
v -0.00200745 0.00737910 -0.01152646 0.67058824 0.20784314 0.12549020
v -0.00139856 -0.00572982 -0.01106603 0.67058824 0.20784314 0.12549020
v -0.00140906 -0.00572982 -0.01105477 0.67058824 0.20784314 0.12549020
v -0.00148779 -0.00572982 -0.01096809 0.67058824 0.20784314 0.12549020
v -0.00156128 -0.00572982 -0.01087127 0.67058824 0.20784314 0.12549020
v 0.05141172 0.01128295 -0.00577672 0.67058824 0.20784314 0.12549020
v 0.05149571 0.01111111 -0.00577672 0.67058824 0.20784314 0.12549020
v 0.05152195 0.01105383 -0.01014630 0.67058824 0.20784314 0.12549020
v 0.05152195 0.01104688 -0.01022848 0.67058824 0.20784314 0.12549020
v 0.05152195 0.01102432 -0.01030784 0.67058824 0.20784314 0.12549020
v 0.05152195 0.01098787 -0.01038270 0.67058824 0.20784314 0.12549020
v 0.05141172 0.01102432 -0.01067483 0.67058824 0.20784314 0.12549020
v 0.05141172 0.01092190 -0.01074407 0.67058824 0.20784314 0.12549020
v 0.05125951 0.01102432 -0.01091462 0.67058824 0.20784314 0.12549020
v 0.05152195 0.01093926 -0.01044968 0.67058824 0.20784314 0.12549020
v 0.05152195 0.01087851 -0.01050822 0.67058824 0.20784314 0.12549020
v 0.05060863 0.01102432 -0.01136548 0.67058824 0.20784314 0.12549020
v 0.05035667 0.01104688 -0.01142401 0.67058824 0.20784314 0.12549020
v 0.05085009 0.01098787 -0.01126979 0.67058824 0.20784314 0.12549020
v 0.05125951 0.01087851 -0.01097991 0.67058824 0.20784314 0.12549020
v 0.05107054 0.01093926 -0.01113976 0.67058824 0.20784314 0.12549020
v 0.05008898 0.01105383 -0.01144372 0.67058824 0.20784314 0.12549020
v 0.03776955 0.01108334 -0.01143077 0.67058824 0.20784314 0.12549020
v 0.01313595 0.01114062 -0.01140544 0.67058824 0.20784314 0.12549020
v -0.00200745 0.01128295 -0.01134183 0.67058824 0.20784314 0.12549020
v 0.05152195 0.01056259 -0.01061855 0.67058824 0.20784314 0.12549020
v 0.05152195 0.01064764 -0.01061123 0.67058824 0.20784314 0.12549020
v 0.05152195 0.01073096 -0.01058984 0.67058824 0.20784314 0.12549020
v 0.05152195 0.01080908 -0.01055550 0.67058824 0.20784314 0.12549020
v 0.05153770 0.01100175 -0.00577672 0.67058824 0.20784314 0.12549020
v 0.05157444 0.01087157 -0.00577672 0.67058824 0.20784314 0.12549020
v 0.05152195 -0.00572982 -0.01061855 0.67058824 0.20784314 0.12549020
v -0.00200745 0.01056259 -0.01152646 0.67058824 0.20784314 0.12549020
v -0.00025953 -0.00572982 -0.01152702 0.67058824 0.20784314 0.12549020
v -0.00049573 -0.00572982 -0.01150901 0.67058824 0.20784314 0.12549020
v -0.00052198 -0.00572982 -0.01150676 0.67058824 0.20784314 0.12549020
v -0.00076868 -0.00572982 -0.01144822 0.67058824 0.20784314 0.12549020
v -0.00098914 -0.00572982 -0.01135872 0.67058824 0.20784314 0.12549020
v -0.00100488 -0.00572982 -0.01135197 0.67058824 0.20784314 0.12549020
v -0.00122009 -0.00572982 -0.01122082 0.67058824 0.20784314 0.12549020
v 0.05152195 0.01105383 -0.00577672 0.67058824 0.20784314 0.12549020
v 0.05141172 0.01080908 -0.01079472 0.67058824 0.20784314 0.12549020
v 0.05060863 0.01079693 -0.01142401 0.67058824 0.20784314 0.12549020
v 0.05035667 0.01080908 -0.01148537 0.67058824 0.20784314 0.12549020
v 0.05085009 0.01077783 -0.01132382 0.67058824 0.20784314 0.12549020
v 0.05107054 0.01075353 -0.01118761 0.67058824 0.20784314 0.12549020
v 0.05125951 0.01072229 -0.01102044 0.67058824 0.20784314 0.12549020
v 0.05008898 0.01081255 -0.01150563 0.67058824 0.20784314 0.12549020
v 0.02545012 0.01087330 -0.01149043 0.67058824 0.20784314 0.12549020
v -0.00200745 0.01094100 -0.01147298 0.67058824 0.20784314 0.12549020
v -0.00200745 0.01105383 -0.01144372 0.67058824 0.20784314 0.12549020
v 0.01313595 0.01108334 -0.01143077 0.67058824 0.20784314 0.12549020
v -0.00200745 0.01114930 -0.01140150 0.67058824 0.20784314 0.12549020
v 0.05141172 0.01056259 -0.01083638 0.67058824 0.20784314 0.12549020
v 0.05141172 0.01068757 -0.01082624 0.67058824 0.20784314 0.12549020
v 0.05141172 -0.00572982 -0.01083638 0.67058824 0.20784314 0.12549020
v -0.00025953 0.00000013 -0.01152702 0.67058824 0.20784314 0.12549020
v -0.00200745 0.01069451 -0.01151576 0.67058824 0.20784314 0.12549020
v 0.01313595 0.01059383 -0.01152421 0.67058824 0.20784314 0.12549020
v 0.05008898 0.01056259 -0.01152646 0.67058824 0.20784314 0.12549020
v 0.05008898 -0.00572982 -0.01152702 0.67058824 0.20784314 0.12549020
v 0.05060863 0.01056259 -0.01144372 0.67058824 0.20784314 0.12549020
v 0.05035667 0.01056259 -0.01150563 0.67058824 0.20784314 0.12549020
v 0.05085009 0.01056259 -0.01134183 0.67058824 0.20784314 0.12549020
v 0.05107054 0.01056259 -0.01120393 0.67058824 0.20784314 0.12549020
v 0.05125951 0.01056259 -0.01103338 0.67058824 0.20784314 0.12549020
v 0.03776955 0.01059383 -0.01152421 0.67058824 0.20784314 0.12549020
v 0.02545012 0.01075006 -0.01151126 0.67058824 0.20784314 0.12549020
v -0.00200745 0.01081255 -0.01150563 0.67058824 0.20784314 0.12549020
v -0.00200745 0.01083338 -0.01150057 0.67058824 0.20784314 0.12549020
v 0.05125951 -0.00572982 -0.01103338 0.67058824 0.20784314 0.12549020
v 0.05008898 0.00000013 -0.01152702 0.67058824 0.20784314 0.12549020
v 0.01313595 0.01065632 -0.01151914 0.67058824 0.20784314 0.12549020
v 0.05029369 -0.00572982 -0.01151070 0.67058824 0.20784314 0.12549020
v 0.05079759 -0.00572982 -0.01136491 0.67058824 0.20784314 0.12549020
v 0.05066637 -0.00572982 -0.01142007 0.67058824 0.20784314 0.12549020
v 0.05060863 -0.00572982 -0.01144372 0.67058824 0.20784314 0.12549020
v 0.05041441 -0.00572982 -0.01149156 0.67058824 0.20784314 0.12549020
v 0.05035667 -0.00572982 -0.01150563 0.67058824 0.20784314 0.12549020
v 0.05090257 -0.00572982 -0.01131031 0.67058824 0.20784314 0.12549020
v 0.05085009 -0.00572982 -0.01134183 0.67058824 0.20784314 0.12549020
v 0.05116502 0.00000013 -0.01111894 0.67058824 0.20784314 0.12549020
v 0.05107054 -0.00572982 -0.01120393 0.67058824 0.20784314 0.12549020
f 1701 1702 1703
f 1701 1703 1710
f 1701 1710 1704
f 1701 1704 1711
f 1701 1711 1725
f 1701 1725 1738
f 1701 1738 1771
f 1701 1771 1795
f 1701 1795 1833
f 1701 1833 1864
f 1701 1864 1863
f 1701 1863 1874
f 1701 1874 1840
f 1701 1840 1839
f 1701 1839 1801
f 1701 1801 1776
f 1701 1776 1775
f 1701 1775 1752
f 1701 1752 1751
f 1701 1751 1750
f 1701 1750 1728
f 1701 1728 1727
f 1701 1727 1713
f 1701 1713 1712
f 1701 1712 1705
f 1701 1705 1702
f 1702 1705 1706
f 1702 1706 1703
f 1703 1706 1707
f 1703 1707 1708
f 1703 1708 1709
f 1703 1709 1710
f 1704 1710 1709
f 1704 1709 1723
f 1704 1723 1722
f 1704 1722 1721
f 1704 1721 1737
f 1704 1737 1769
f 1704 1769 1765
f 1704 1765 1792
f 1704 1792 1763
f 1704 1763 1791
f 1704 1791 1789
f 1704 1789 1820
f 1704 1820 1817
f 1704 1817 1816
f 1704 1816 1858
f 1704 1858 1886
f 1704 1886 1884
f 1704 1884 1883
f 1704 1883 1903
f 1704 1903 1902
f 1704 1902 1891
f 1704 1891 1866
f 1704 1866 1834
f 1704 1834 1797
f 1704 1797 1774
f 1704 1774 1772
f 1704 1772 1748
f 1704 1748 1747
f 1704 1747 1746
f 1704 1746 1745
f 1704 1745 1744
f 1704 1744 1743
f 1704 1743 1742
f 1704 1742 1741
f 1704 1741 1740
f 1704 1740 1739
f 1704 1739 1726
f 1704 1726 1711
f 1705 1712 1706
f 1706 1712 1713
f 1706 1713 1714
f 1706 1714 1715
f 1706 1715 1716
f 1706 1716 1707
f 1707 1716 1717
f 1707 1717 1718
f 1707 1718 1719
f 1707 1719 1720
f 1707 1720 1721
f 1707 1721 1722
f 1707 1722 1723
f 1707 1723 1724
f 1707 1724 1708
f 1708 1724 1709
f 1709 1724 1723
f 1711 1726 1725
f 1713 1727 1714
f 1714 1727 1728
f 1714 1728 1729
f 1714 1729 1715
f 1715 1730 1717
f 1715 1717 1716
f 1715 1729 1731
f 1715 1731 1732
f 1715 1732 1730
f 1717 1730 1733
f 1717 1733 1734
f 1717 1734 1735
f 1717 1735 1718
f 1718 1735 1736
f 1718 1736 1737
f 1718 1737 1719
f 1719 1737 1720
f 1720 1737 1721
f 1725 1726 1739
f 1725 1739 1740
f 1725 1740 1741
f 1725 1741 1742
f 1725 1742 1743
f 1725 1743 1744
f 1725 1744 1745
f 1725 1745 1746
f 1725 1746 1747
f 1725 1747 1748
f 1725 1748 1749
f 1725 1749 1773
f 1725 1773 1796
f 1725 1796 1800
f 1725 1800 1799
f 1725 1799 1798
f 1725 1798 1838
f 1725 1838 1837
f 1725 1837 1836
f 1725 1836 1835
f 1725 1835 1873
f 1725 1873 1872
f 1725 1872 1871
f 1725 1871 1870
f 1725 1870 1869
f 1725 1869 1868
f 1725 1868 1867
f 1725 1867 1894
f 1725 1894 1907
f 1725 1907 1912
f 1725 1912 1911
f 1725 1911 1910
f 1725 1910 1909
f 1725 1909 1908
f 1725 1908 1914
f 1725 1914 1913
f 1725 1913 1916
f 1725 1916 1904
f 1725 1904 1889
f 1725 1889 1865
f 1725 1865 1831
f 1725 1831 1794
f 1725 1794 1770
f 1725 1770 1738
f 1728 1750 1729
f 1729 1750 1751
f 1729 1751 1752
f 1729 1752 1753
f 1729 1753 1754
f 1729 1754 1731
f 1730 1732 1733
f 1731 1754 1732
f 1732 1755 1733
f 1732 1754 1756
f 1732 1756 1755
f 1733 1757 1758
f 1733 1758 1734
f 1733 1755 1757
f 1734 1758 1735
f 1735 1759 1736
f 1735 1758 1760
f 1735 1760 1761
f 1735 1761 1762
f 1735 1762 1763
f 1735 1763 1764
f 1735 1764 1792
f 1735 1792 1765
f 1735 1765 1759
f 1736 1759 1766
f 1736 1766 1767
f 1736 1767 1768
f 1736 1768 1737
f 1737 1768 1769
f 1738 1770 1793
f 1738 1793 1771
f 1748 1772 1749
f 1749 1772 1774
f 1749 1774 1773
f 1752 1775 1753
f 1753 1775 1776
f 1753 1776 1777
f 1753 1777 1754
f 1754 1777 1778
f 1754 1778 1779
f 1754 1779 1756
f 1755 1780 1757
f 1755 1756 1781
f 1755 1781 1782
f 1755 1782 1780
f 1756 1779 1783
f 1756 1783 1781
f 1757 1784 1758
f 1757 1780 1785
f 1757 1785 1784
f 1758 1784 1786
f 1758 1786 1787
f 1758 1787 1760
f 1759 1765 1766
f 1760 1787 1788
f 1760 1788 1819
f 1760 1819 1789
f 1760 1789 1790
f 1760 1790 1761
f 1761 1790 1762
f 1762 1790 1791
f 1762 1791 1763
f 1763 1792 1764
f 1765 1769 1767
f 1765 1767 1766
f 1767 1769 1768
f 1770 1794 1821
f 1770 1821 1793
f 1771 1793 1795
f 1773 1774 1796
f 1774 1797 1798
f 1774 1798 1799
f 1774 1799 1800
f 1774 1800 1796
f 1776 1801 1777
f 1777 1801 1839
f 1777 1839 1802
f 1777 1802 1778
f 1778 1802 1803
f 1778 1803 1804
f 1778 1804 1779
f 1779 1804 1783
f 1780 1782 1785
f 1781 1783 1782
f 1782 1783 1805
f 1782 1805 1806
f 1782 1806 1807
f 1782 1807 1785
f 1783 1804 1808
f 1783 1808 1809
f 1783 1809 1805
f 1784 1810 1786
f 1784 1785 1810
f 1785 1811 1810
f 1785 1807 1812
f 1785 1812 1811
f 1786 1810 1813
f 1786 1813 1814
f 1786 1814 1787
f 1787 1814 1815
f 1787 1815 1816
f 1787 1816 1817
f 1787 1817 1818
f 1787 1818 1788
f 1788 1818 1819
f 1789 1819 1820
f 1789 1791 1790
f 1793 1821 1822
f 1793 1822 1823
f 1793 1823 1824
f 1793 1824 1825
f 1793 1825 1826
f 1793 1826 1827
f 1793 1827 1828
f 1793 1828 1829
f 1793 1829 1830
f 1793 1830 1795
f 1794 1831 1832
f 1794 1832 1821
f 1795 1830 1833
f 1797 1834 1835
f 1797 1835 1836
f 1797 1836 1837
f 1797 1837 1838
f 1797 1838 1798
f 1802 1839 1840
f 1802 1840 1841
f 1802 1841 1842
f 1802 1842 1803
f 1803 1842 1804
f 1804 1842 1843
f 1804 1843 1844
f 1804 1844 1808
f 1805 1809 1806
f 1806 1809 1845
f 1806 1845 1846
f 1806 1846 1847
f 1806 1847 1812
f 1806 1812 1807
f 1808 1844 1809
f 1809 1844 1848
f 1809 1848 1849
f 1809 1849 1845
f 1810 1850 1851
f 1810 1851 1813
f 1810 1811 1852
f 1810 1852 1850
f 1811 1812 1852
f 1812 1847 1853
f 1812 1853 1854
f 1812 1854 1852
f 1813 1851 1814
f 1814 1851 1855
f 1814 1855 1856
f 1814 1856 1857
f 1814 1857 1858
f 1814 1858 1815
f 1815 1858 1816
f 1817 1820 1819
f 1817 1819 1818
f 1821 1832 1859
f 1821 1859 1822
f 1822 1859 1860
f 1822 1860 1861
f 1822 1861 1823
f 1823 1861 1824
f 1824 1861 1862
f 1824 1862 1849
f 1824 1849 1825
f 1825 1849 1826
f 1826 1849 1848
f 1826 1848 1844
f 1826 1844 1827
f 1827 1844 1828
f 1828 1844 1843
f 1828 1843 1829
f 1829 1843 1842
f 1829 1842 1841
f 1829 1841 1830
f 1830 1841 1863
f 1830 1863 1864
f 1830 1864 1833
f 1831 1865 1832
f 1832 1865 1859
f 1834 1866 1890
f 1834 1890 1867
f 1834 1867 1868
f 1834 1868 1869
f 1834 1869 1870
f 1834 1870 1871
f 1834 1871 1872
f 1834 1872 1873
f 1834 1873 1835
f 1840 1874 1841
f 1841 1874 1863
f 1845 1849 1862
f 1845 1862 1846
f 1846 1862 1875
f 1846 1875 1847
f 1847 1875 1853
f 1850 1876 1877
f 1850 1877 1851
f 1850 1852 1876
f 1851 1877 1855
f 1852 1878 1876
f 1852 1854 1879
f 1852 1879 1878
f 1853 1875 1888
f 1853 1888 1880
f 1853 1880 1854
f 1854 1880 1879
f 1855 1877 1881
f 1855 1881 1882
f 1855 1882 1883
f 1855 1883 1884
f 1855 1884 1885
f 1855 1885 1856
f 1856 1885 1857
f 1857 1885 1884
f 1857 1884 1886
f 1857 1886 1858
f 1859 1865 1889
f 1859 1889 1887
f 1859 1887 1888
f 1859 1888 1860
f 1860 1888 1861
f 1861 1888 1875
f 1861 1875 1862
f 1866 1891 1906
f 1866 1906 1892
f 1866 1892 1900
f 1866 1900 1893
f 1866 1893 1905
f 1866 1905 1890
f 1867 1890 1905
f 1867 1905 1894
f 1876 1895 1877
f 1876 1878 1895
f 1877 1895 1896
f 1877 1896 1893
f 1877 1893 1881
f 1878 1897 1895
f 1878 1879 1898
f 1878 1898 1897
f 1879 1880 1898
f 1880 1888 1887
f 1880 1887 1899
f 1880 1899 1898
f 1881 1893 1900
f 1881 1900 1901
f 1881 1901 1902
f 1881 1902 1903
f 1881 1903 1882
f 1882 1903 1883
f 1887 1889 1904
f 1887 1904 1899
f 1891 1902 1901
f 1891 1901 1906
f 1892 1906 1900
f 1893 1896 1905
f 1894 1905 1907
f 1895 1908 1909
f 1895 1909 1910
f 1895 1910 1911
f 1895 1911 1896
f 1895 1897 1908
f 1896 1911 1912
f 1896 1912 1907
f 1896 1907 1905
f 1897 1898 1913
f 1897 1913 1914
f 1897 1914 1908
f 1898 1899 1915
f 1898 1915 1916
f 1898 1916 1913
f 1899 1904 1915
f 1900 1906 1901
f 1904 1916 1915

o geometry_16
v -0.00199255 -0.00512416 -0.00577672 0.31372549 0.36078431 0.56862745
v -0.00223685 -0.00520910 -0.00070884 0.31372549 0.36078431 0.56862745
v -0.00226871 -0.00520910 -0.00008366 0.31372549 0.36078431 0.56862745
v -0.00224216 -0.00512416 -0.00070884 0.31372549 0.36078431 0.56862745
v -0.00199255 0.00550388 -0.00577672 0.31372549 0.36078431 0.56862745
v 0.05160902 -0.00512416 -0.00577672 0.31372549 0.36078431 0.56862745
v 0.05170462 -0.00520910 -0.00070884 0.31372549 0.36078431 0.56862745
v -0.00255018 -0.00520910 0.00573107 0.31372549 0.36078431 0.56862745
v -0.00224216 0.00550388 -0.00070884 0.31372549 0.36078431 0.56862745
v 0.04766312 0.00550388 -0.00577672 0.31372549 0.36078431 0.56862745
v 0.05160902 0.00000058 -0.00577672 0.31372549 0.36078431 0.56862745
v 0.05166744 -0.00512416 -0.00577222 0.31372549 0.36078431 0.56862745
v 0.05170462 0.00521236 -0.00070884 0.31372549 0.36078431 0.56862745
v 0.05170462 -0.00520910 0.00572318 0.31372549 0.36078431 0.56862745
v -0.00255018 0.00521236 0.00573107 0.31372549 0.36078431 0.56862745
v 0.04910234 -0.00520910 0.00573107 0.31372549 0.36078431 0.56862745
v 0.05166744 0.00550388 -0.00070884 0.31372549 0.36078431 0.56862745
v 0.05160902 0.00550388 -0.00577560 0.31372549 0.36078431 0.56862745
v 0.05166744 0.00550388 -0.00577222 0.31372549 0.36078431 0.56862745
v 0.05170462 0.00521236 0.00572318 0.31372549 0.36078431 0.56862745
v 0.05160902 0.00000163 0.00573107 0.31372549 0.36078431 0.56862745
v 0.05160902 -0.00520910 0.00572656 0.31372549 0.36078431 0.56862745
v 0.04910234 0.00521236 0.00573107 0.31372549 0.36078431 0.56862745
v 0.05160902 0.00521236 0.00572656 0.31372549 0.36078431 0.56862745
f 1917 1918 1919
f 1917 1919 1920
f 1917 1920 1925
f 1917 1925 1921
f 1917 1921 1926
f 1917 1926 1927
f 1917 1927 1922
f 1917 1922 1923
f 1917 1923 1918
f 1918 1923 1930
f 1918 1930 1938
f 1918 1938 1932
f 1918 1932 1924
f 1918 1924 1919
f 1919 1924 1920
f 1920 1924 1931
f 1920 1931 1925
f 1921 1925 1933
f 1921 1933 1935
f 1921 1935 1934
f 1921 1934 1926
f 1922 1927 1935
f 1922 1935 1928
f 1922 1928 1923
f 1923 1928 1935
f 1923 1935 1929
f 1923 1929 1936
f 1923 1936 1930
f 1924 1932 1937
f 1924 1937 1939
f 1924 1939 1931
f 1925 1931 1939
f 1925 1939 1933
f 1926 1934 1927
f 1927 1934 1935
f 1929 1935 1933
f 1929 1933 1936
f 1930 1937 1938
f 1930 1936 1937
f 1932 1938 1937
f 1933 1940 1936
f 1933 1939 1940
f 1936 1940 1937
f 1937 1940 1939

