{
  "6": [
    -6.445310873145047,
    16.05047594479748,
    7.27288795345998,
    6.287655740842351e-07,
    1.1023771174610077,
    -1.5707956221243955
  ],
  "1": [
    1.5236814293391427,
    11.762281064723751,
    -4.206874469931071,
    0.43251286319638876,
    -1.4294000494352588e-07,
    -3.1415923551373854
  ],
  "0": [
    -4.096318769218716,
    11.670621822645565,
    -4.153031244612433,
    0.4432829710322765,
    -1.2528207449236106e-07,
    -3.141592360027232
  ],
  "3": [
    -0.8862961275062671,
    14.931192657957043,
    0.6495846479421497,
    0.41282276507303284,
    1.1518003240063024e-07,
    -2.8028259322019273e-07
  ],
  "2": [
    6.7341464149504535,
    18.53489222099636,
    2.1172183823121715,
    1.245280846619933e-07,
    -0.3569948379765855,
    1.570795947221911
  ]
}