{
    "start_pose": [
        0.1125,
        -0.042892,
        0.539,
        0.0,
        0.0,
        0.0,
        1.0
    ],
    "goals": [
        [
            0.1125,
            -0.042892,
            0.554667,
            0.0,
            0.0,
            0.0,
            1.0
        ],
        [
            0.1125,
            -0.042892,
            0.601667,
            0.0,
            0.0,
            0.0,
            1.0
        ],
        [
            0.1125,
            -0.042892,
            0.68,
            0.0,
            0.0,
            0.0,
            1.0
        ],
        [
            0.100232,
            -0.034761,
            0.68,
            -0.04474,
            -0.04474,
            -0.04474,
            0.996993
        ],
        [
            0.069562,
            -0.014432,
            0.68,
            -0.15483,
            -0.15483,
            -0.15483,
            0.963371
        ],
        [
            0.029692,
            0.011996,
            0.68,
            -0.288675,
            -0.288675,
            -0.288675,
            0.866025
        ],
        [
            -0.010179,
            0.038423,
            0.68,
            -0.404271,
            -0.404271,
            -0.404271,
            0.71393
        ],
        [
            -0.040848,
            0.058752,
            0.68,
            -0.476126,
            -0.476126,
            -0.476126,
            0.565607
        ],
        [
            -0.053116,
            0.066884,
            0.68,
            -0.5,
            -0.5,
            -0.5,
            0.5
        ],
        [
            -0.053116,
            0.066884,
            0.624466,
            -0.5,
            -0.5,
            -0.5,
            0.5
        ],
        [
            -0.053116,
            0.066884,
            0.591146,
            -0.5,
            -0.5,
            -0.5,
            0.5
        ],
        [
            -0.053116,
            0.066884,
            0.580039,
            -0.5,
            -0.5,
            -0.5,
            0.5
        ]
    ]
}
