{
  "0": {
    "assembled_to_canonical_wxyz": [
      0.7071067811865475,
      0.0,
      0.7071067811865475,
      0.0
    ],
    "original_centroid": [
      -0.0268838,
      0.0268838,
      0.1015
    ],
    "canonical_extents": [
      0.030000000000000027,
      0.018000000000000002,
      0.018000000000000002
    ]
  },
  "1": {
    "assembled_to_canonical_wxyz": [
      0.5,
      -0.5,
      -0.5,
      0.5
    ],
    "original_centroid": [
      -0.0268838,
      0.0268838,
      0.049
    ],
    "canonical_extents": [
      0.095,
      0.0207846,
      0.018000000000000002
    ]
  },
  "2": {
    "assembled_to_canonical_wxyz": [
      0.0,
      0.7071067811865475,
      0.7071067811865475,
      0.0
    ],
    "original_centroid": [
      0.0,
      0.0,
      0.00825
    ],
    "canonical_extents": [
      0.075,
      0.075,
      0.0165
    ]
  },
  "3": {
    "assembled_to_canonical_wxyz": [
      0.5,
      -0.5,
      -0.5,
      0.5
    ],
    "original_centroid": [
      0.0268838,
      -0.0268838,
      0.049
    ],
    "canonical_extents": [
      0.095,
      0.0207846,
      0.018000000000000002
    ]
  },
  "4": {
    "assembled_to_canonical_wxyz": [
      0.7071067811865475,
      0.0,
      0.7071067811865475,
      0.0
    ],
    "original_centroid": [
      0.0268838,
      0.0268838,
      0.1015
    ],
    "canonical_extents": [
      0.030000000000000027,
      0.018000000000000002,
      0.018000000000000002
    ]
  },
  "5": {
    "assembled_to_canonical_wxyz": [
      0.5,
      -0.5,
      -0.5,
      0.5
    ],
    "original_centroid": [
      -0.0268838,
      -0.0268838,
      0.049
    ],
    "canonical_extents": [
      0.095,
      0.0207846,
      0.018000000000000002
    ]
  },
  "6": {
    "assembled_to_canonical_wxyz": [
      0.7071067811865475,
      0.0,
      0.7071067811865475,
      0.0
    ],
    "original_centroid": [
      0.0268838,
      -0.0268838,
      0.1015
    ],
    "canonical_extents": [
      0.030000000000000027,
      0.018000000000000002,
      0.018000000000000002
    ]
  },
  "7": {
    "assembled_to_canonical_wxyz": [
      0.5,
      -0.5,
      -0.5,
      0.5
    ],
    "original_centroid": [
      0.0268838,
      0.0268838,
      0.049
    ],
    "canonical_extents": [
      0.095,
      0.0207846,
      0.018000000000000002
    ]
  },
  "8": {
    "assembled_to_canonical_wxyz": [
      0.7071067811865475,
      0.0,
      0.7071067811865475,
      0.0
    ],
    "original_centroid": [
      -0.0268838,
      -0.0268838,
      0.1015
    ],
    "canonical_extents": [
      0.030000000000000027,
      0.018000000000000002,
      0.018000000000000002
    ]
  }
}