{
  "0": {
    "assembled_to_canonical_wxyz": [
      0.5000000000000001,
      0.5,
      0.4999999999999999,
      0.5
    ],
    "canonical_to_assembled_wxyz": [
      0.5000000000000001,
      -0.5,
      -0.4999999999999999,
      -0.5
    ],
    "original_centroid": [
      -0.026883810289148963,
      0.0268838011719728,
      0.10114189232130236
    ],
    "canonical_extents": [
      0.03000000000000002,
      0.01800000000000001,
      0.01800000000000001
    ],
    "assembled_extents": [
      0.018000000000000002,
      0.018000000000000002,
      0.030000000000000027
    ]
  },
  "1": {
    "assembled_to_canonical_wxyz": [
      0.5000000000000001,
      0.5,
      0.4999999999999999,
      0.5
    ],
    "canonical_to_assembled_wxyz": [
      0.5000000000000001,
      -0.5,
      -0.4999999999999999,
      -0.5
    ],
    "original_centroid": [
      -0.02688381902845063,
      0.026883801978367493,
      0.049580134641864455
    ],
    "canonical_extents": [
      0.095,
      0.020784600000000014,
      0.018000000000000016
    ],
    "assembled_extents": [
      0.0207846,
      0.018000000000000002,
      0.095
    ]
  },
  "2": {
    "assembled_to_canonical_wxyz": [
      1.0,
      0.0,
      0.0,
      0.0
    ],
    "canonical_to_assembled_wxyz": [
      1.0,
      -0.0,
      -0.0,
      -0.0
    ],
    "original_centroid": [
      1.8442608814509254e-17,
      1.3768345343061501e-17,
      0.007790807154331069
    ],
    "canonical_extents": [
      0.075,
      0.075,
      0.0165
    ],
    "assembled_extents": [
      0.075,
      0.075,
      0.0165
    ]
  },
  "3": {
    "assembled_to_canonical_wxyz": [
      0.5000000000000001,
      0.5,
      0.4999999999999999,
      0.5
    ],
    "canonical_to_assembled_wxyz": [
      0.5000000000000001,
      -0.5,
      -0.4999999999999999,
      -0.5
    ],
    "original_centroid": [
      0.026883819028450617,
      -0.026883801978367487,
      0.04958013464186444
    ],
    "canonical_extents": [
      0.095,
      0.020784600000000014,
      0.018000000000000016
    ],
    "assembled_extents": [
      0.0207846,
      0.018000000000000002,
      0.095
    ]
  },
  "4": {
    "assembled_to_canonical_wxyz": [
      0.5000000000000001,
      0.5,
      0.4999999999999999,
      0.5
    ],
    "canonical_to_assembled_wxyz": [
      0.5000000000000001,
      -0.5,
      -0.4999999999999999,
      -0.5
    ],
    "original_centroid": [
      0.02688380222901379,
      0.026883801640714668,
      0.10114189324367662
    ],
    "canonical_extents": [
      0.03000000000000002,
      0.01800000000000001,
      0.01800000000000001
    ],
    "assembled_extents": [
      0.018000000000000002,
      0.018000000000000002,
      0.030000000000000027
    ]
  },
  "5": {
    "assembled_to_canonical_wxyz": [
      0.5000000000000001,
      0.5,
      0.4999999999999999,
      0.5
    ],
    "canonical_to_assembled_wxyz": [
      0.5000000000000001,
      -0.5,
      -0.4999999999999999,
      -0.5
    ],
    "original_centroid": [
      -0.02688381902845062,
      -0.026883801978367487,
      0.049580134641864435
    ],
    "canonical_extents": [
      0.095,
      0.020784600000000014,
      0.018000000000000016
    ],
    "assembled_extents": [
      0.0207846,
      0.018000000000000002,
      0.095
    ]
  },
  "6": {
    "assembled_to_canonical_wxyz": [
      0.5000000000000001,
      0.5,
      0.4999999999999999,
      0.5
    ],
    "canonical_to_assembled_wxyz": [
      0.5000000000000001,
      -0.5,
      -0.4999999999999999,
      -0.5
    ],
    "original_centroid": [
      0.02688380155332119,
      -0.026883810072298852,
      0.10114189276586265
    ],
    "canonical_extents": [
      0.03000000000000002,
      0.01800000000000001,
      0.01800000000000001
    ],
    "assembled_extents": [
      0.018000000000000002,
      0.018000000000000002,
      0.030000000000000027
    ]
  },
  "7": {
    "assembled_to_canonical_wxyz": [
      0.5000000000000001,
      0.5,
      0.4999999999999999,
      0.5
    ],
    "canonical_to_assembled_wxyz": [
      0.5000000000000001,
      -0.5,
      -0.4999999999999999,
      -0.5
    ],
    "original_centroid": [
      0.026883819028450617,
      0.02688380197836749,
      0.049580134641864455
    ],
    "canonical_extents": [
      0.095,
      0.020784600000000014,
      0.018000000000000016
    ],
    "assembled_extents": [
      0.0207846,
      0.018000000000000002,
      0.095
    ]
  },
  "8": {
    "assembled_to_canonical_wxyz": [
      0.5000000000000001,
      0.5,
      0.4999999999999999,
      0.5
    ],
    "canonical_to_assembled_wxyz": [
      0.5000000000000001,
      -0.5,
      -0.4999999999999999,
      -0.5
    ],
    "original_centroid": [
      -0.026883810941473546,
      -0.026883810535325667,
      0.10114189185757916
    ],
    "canonical_extents": [
      0.03000000000000002,
      0.01800000000000001,
      0.01800000000000001
    ],
    "assembled_extents": [
      0.018000000000000002,
      0.018000000000000002,
      0.030000000000000027
    ]
  }
}