{
    "start_pose": [
        0.0725,
        0.130177,
        0.53825,
        0.0,
        0.0,
        0.0,
        1.0
    ],
    "goals": [
        [
            0.0725,
            0.130177,
            0.5855,
            0.0,
            0.0,
            0.0,
            1.0
        ],
        [
            0.0725,
            0.130177,
            0.63275,
            0.0,
            0.0,
            0.0,
            1.0
        ],
        [
            0.0725,
            0.130177,
            0.68,
            0.0,
            0.0,
            0.0,
            1.0
        ],
        [
            0.047083,
            0.115147,
            0.68,
            0.183013,
            0.183013,
            0.0,
            0.965926
        ],
        [
            0.021667,
            0.100118,
            0.68,
            0.353553,
            0.353553,
            0.0,
            0.866025
        ],
        [
            -0.00375,
            0.085088,
            0.68,
            0.5,
            0.5,
            0.0,
            0.707107
        ],
        [
            -0.029167,
            0.070059,
            0.68,
            0.612372,
            0.612372,
            0.0,
            0.5
        ],
        [
            -0.054583,
            0.055029,
            0.68,
            0.683013,
            0.683013,
            0.0,
            0.258819
        ],
        [
            -0.08,
            0.04,
            0.68,
            0.707107,
            0.707107,
            0.0,
            0.0
        ],
        [
            -0.08,
            0.04,
            0.63275,
            -0.707107,
            -0.707107,
            -0.0,
            0.0
        ],
        [
            -0.08,
            0.04,
            0.5855,
            -0.707107,
            -0.707107,
            -0.0,
            0.0
        ],
        [
            -0.08,
            0.04,
            0.53825,
            -0.707107,
            -0.707107,
            -0.0,
            0.0
        ]
    ]
}
