{
    "start_pose": [
        0.1025,
        -0.055047,
        0.539912,
        0.0,
        0.0,
        0.0,
        1.0
    ],
    "goals": [
        [
            0.1025,
            -0.055047,
            0.586608,
            0.0,
            0.0,
            0.0,
            1.0
        ],
        [
            0.1025,
            -0.055047,
            0.633304,
            0.0,
            0.0,
            0.0,
            1.0
        ],
        [
            0.1025,
            -0.055047,
            0.68,
            0.0,
            0.0,
            0.0,
            1.0
        ],
        [
            0.080417,
            -0.030872,
            0.68,
            0.100256,
            0.100256,
            -0.100256,
            0.984808
        ],
        [
            0.058333,
            -0.006698,
            0.68,
            0.197465,
            0.197465,
            -0.197465,
            0.939693
        ],
        [
            0.03625,
            0.017477,
            0.68,
            0.288675,
            0.288675,
            -0.288675,
            0.866025
        ],
        [
            0.014167,
            0.041651,
            0.68,
            0.371114,
            0.371114,
            -0.371114,
            0.766044
        ],
        [
            -0.007917,
            0.065826,
            0.68,
            0.442276,
            0.442276,
            -0.442276,
            0.642788
        ],
        [
            -0.03,
            0.09,
            0.68,
            0.5,
            0.5,
            -0.5,
            0.5
        ],
        [
            -0.03,
            0.09,
            0.635833,
            0.5,
            0.5,
            -0.5,
            0.5
        ],
        [
            -0.03,
            0.09,
            0.591667,
            0.5,
            0.5,
            -0.5,
            0.5
        ],
        [
            -0.03,
            0.09,
            0.5475,
            0.5,
            0.5,
            -0.5,
            0.5
        ]
    ]
}
