{
    "start_pose": [
        0.1125,
        0.048677,
        0.539,
        0.0,
        0.0,
        0.0,
        1.0
    ],
    "goals": [
        [
            0.1125,
            0.048677,
            0.554667,
            0.0,
            0.0,
            0.0,
            1.0
        ],
        [
            0.1125,
            0.048677,
            0.601667,
            0.0,
            0.0,
            0.0,
            1.0
        ],
        [
            0.1125,
            0.048677,
            0.68,
            0.0,
            0.0,
            0.0,
            1.0
        ],
        [
            0.096249,
            0.050026,
            0.68,
            -0.04474,
            -0.04474,
            -0.04474,
            0.996993
        ],
        [
            0.055623,
            0.053397,
            0.68,
            -0.15483,
            -0.15483,
            -0.15483,
            0.963371
        ],
        [
            0.002808,
            0.05778,
            0.68,
            -0.288675,
            -0.288675,
            -0.288675,
            0.866025
        ],
        [
            -0.050007,
            0.062163,
            0.68,
            -0.404271,
            -0.404271,
            -0.404271,
            0.71393
        ],
        [
            -0.090633,
            0.065535,
            0.68,
            -0.476126,
            -0.476126,
            -0.476126,
            0.565607
        ],
        [
            -0.106884,
            0.066884,
            0.68,
            -0.5,
            -0.5,
            -0.5,
            0.5
        ],
        [
            -0.106884,
            0.066884,
            0.624466,
            -0.5,
            -0.5,
            -0.5,
            0.5
        ],
        [
            -0.106884,
            0.066884,
            0.591146,
            -0.5,
            -0.5,
            -0.5,
            0.5
        ],
        [
            -0.106884,
            0.066884,
            0.580039,
            -0.5,
            -0.5,
            -0.5,
            0.5
        ]
    ]
}
