{
  "0": {
    "assembled_to_canonical_wxyz": [
      0.5,
      -0.5,
      -0.5,
      0.5
    ],
    "original_centroid": [
      -0.031221850000000002,
      9.66000000000005e-05,
      0.03825
    ],
    "canonical_extents": [
      0.0465,
      0.017654199999999995,
      0.01749724
    ]
  },
  "1": {
    "assembled_to_canonical_wxyz": [
      0.0,
      0.7071067811865475,
      0.7071067811865475,
      0.0
    ],
    "original_centroid": [
      -4.8949999999998994e-05,
      9.659999999999877e-05,
      0.0175
    ],
    "canonical_extents": [
      0.11999879999999999,
      0.1199988,
      0.035
    ]
  },
  "2": {
    "assembled_to_canonical_wxyz": [
      0.5,
      -0.5,
      -0.5,
      0.5
    ],
    "original_centroid": [
      -0.050048949999999995,
      -0.0499034,
      0.0175
    ],
    "canonical_extents": [
      0.035,
      0.02009459999999999,
      0.0200578
    ]
  },
  "3": {
    "assembled_to_canonical_wxyz": [
      0.5,
      -0.5,
      -0.5,
      0.5
    ],
    "original_centroid": [
      0.04995105,
      0.0500966,
      0.0175
    ],
    "canonical_extents": [
      0.035,
      0.0202904,
      0.019824599999999998
    ]
  },
  "4": {
    "assembled_to_canonical_wxyz": [
      0.5,
      -0.5,
      -0.5,
      0.5
    ],
    "original_centroid": [
      0.03112395,
      9.66000000000005e-05,
      0.03825
    ],
    "canonical_extents": [
      0.0465,
      0.017654200000000002,
      0.01749724
    ]
  },
  "5": {
    "assembled_to_canonical_wxyz": [
      0.7071067811865475,
      0.0,
      0.7071067811865475,
      0.0
    ],
    "original_centroid": [
      0.04995105,
      -0.0499034,
      0.0175
    ],
    "canonical_extents": [
      0.035,
      0.020481,
      0.01950679999999999
    ]
  },
  "6": {
    "assembled_to_canonical_wxyz": [
      0.7071067811865475,
      0.0,
      0.7071067811865475,
      0.0
    ],
    "original_centroid": [
      -0.05004895,
      0.050096600000000005,
      0.0175
    ],
    "canonical_extents": [
      0.035,
      0.02009459999999999,
      0.0200578
    ]
  }
}