{
  "0": {
    "assembled_to_canonical_wxyz": [
      0.5000000000000001,
      0.5,
      0.4999999999999999,
      0.5
    ],
    "canonical_to_assembled_wxyz": [
      0.5000000000000001,
      -0.5,
      -0.4999999999999999,
      -0.5
    ],
    "original_centroid": [
      -0.031022703873027347,
      9.659978686282189e-05,
      0.03767455970294797
    ],
    "canonical_extents": [
      0.0465,
      0.017654200000000005,
      0.017497240000000004
    ],
    "assembled_extents": [
      0.017654199999999995,
      0.01749724,
      0.0465
    ]
  },
  "1": {
    "assembled_to_canonical_wxyz": [
      1.0,
      0.0,
      0.0,
      0.0
    ],
    "canonical_to_assembled_wxyz": [
      1.0,
      -0.0,
      -0.0,
      -0.0
    ],
    "original_centroid": [
      -0.0004647221333673321,
      9.660025311202464e-05,
      0.021670821474238836
    ],
    "canonical_extents": [
      0.1199988,
      0.11999879999999999,
      0.035
    ],
    "assembled_extents": [
      0.1199988,
      0.11999879999999999,
      0.035
    ]
  },
  "2": {
    "assembled_to_canonical_wxyz": [
      0.5000000000000001,
      0.5,
      0.4999999999999999,
      0.5
    ],
    "canonical_to_assembled_wxyz": [
      0.5000000000000001,
      -0.5,
      -0.4999999999999999,
      -0.5
    ],
    "original_centroid": [
      -0.05004895001921454,
      -0.049903400066928894,
      0.02093078534852095
    ],
    "canonical_extents": [
      0.03500000000000001,
      0.020094600000000004,
      0.020057800000000008
    ],
    "assembled_extents": [
      0.02009459999999999,
      0.0200578,
      0.035
    ]
  },
  "3": {
    "assembled_to_canonical_wxyz": [
      0.5000000000000001,
      0.5,
      0.4999999999999999,
      0.5
    ],
    "canonical_to_assembled_wxyz": [
      0.5000000000000001,
      -0.5,
      -0.4999999999999999,
      -0.5
    ],
    "original_centroid": [
      0.049951049982668104,
      0.05009659992523025,
      0.020930776640104735
    ],
    "canonical_extents": [
      0.03500000000000001,
      0.020290400000000007,
      0.019824600000000005
    ],
    "assembled_extents": [
      0.0202904,
      0.019824599999999998,
      0.035
    ]
  },
  "4": {
    "assembled_to_canonical_wxyz": [
      0.5000000000000001,
      0.5,
      0.4999999999999999,
      0.5
    ],
    "canonical_to_assembled_wxyz": [
      0.5000000000000001,
      -0.5,
      -0.4999999999999999,
      -0.5
    ],
    "original_centroid": [
      0.030924803872883686,
      9.660021314922592e-05,
      0.0376745597040656
    ],
    "canonical_extents": [
      0.04650000000000001,
      0.017654200000000002,
      0.017497240000000004
    ],
    "assembled_extents": [
      0.017654200000000002,
      0.01749724,
      0.0465
    ]
  },
  "5": {
    "assembled_to_canonical_wxyz": [
      0.7071067811865476,
      0.0,
      0.7071067811865475,
      0.0
    ],
    "canonical_to_assembled_wxyz": [
      0.7071067811865476,
      -0.0,
      -0.7071067811865475,
      -0.0
    ],
    "original_centroid": [
      0.049951049899335714,
      -0.04990340010569047,
      0.020930795810704495
    ],
    "canonical_extents": [
      0.035,
      0.020481,
      0.019506800000000005
    ],
    "assembled_extents": [
      0.01950679999999999,
      0.020481,
      0.035
    ]
  },
  "6": {
    "assembled_to_canonical_wxyz": [
      0.7071067811865476,
      0.0,
      0.7071067811865475,
      0.0
    ],
    "canonical_to_assembled_wxyz": [
      0.7071067811865476,
      -0.0,
      -0.7071067811865475,
      -0.0
    ],
    "original_centroid": [
      -0.050048949987580124,
      0.050096599974694664,
      0.020930785299865574
    ],
    "canonical_extents": [
      0.035,
      0.020094599999999997,
      0.020057800000000008
    ],
    "assembled_extents": [
      0.0200578,
      0.02009459999999999,
      0.035
    ]
  }
}