# https://github.com/mikedh/trimesh

o geometry_0
v -0.04946233 0.00327876 0.01750980 0.81764706 1.07058823 0.90000000
v -0.04946233 0.00546843 0.01723683 0.81764706 1.07058823 0.90000000
v -0.06452991 0.00109284 0.01611624 0.81764706 1.07058823 0.90000000
v -0.06452991 -0.00109307 0.01611264 0.81764706 1.07058823 0.90000000
v -0.04946233 0.00109284 0.01749901 0.81764706 1.07058823 0.90000000
v -0.04946233 0.00576891 0.01715423 0.81764706 1.07058823 0.90000000
v -0.06575721 0.00463839 0.01540150 0.81764706 1.07058823 0.90000000
v -0.06452991 0.00327876 0.01581454 0.81764706 1.07058823 0.90000000
v -0.06594759 0.00327876 0.01556313 0.81764706 1.07058823 0.90000000
v -0.06610398 0.00109284 0.01571397 0.81764706 1.07058823 0.90000000
v -0.06610228 -0.00109307 0.01571039 0.81764706 1.07058823 0.90000000
v -0.06595099 -0.00327898 0.01556313 0.81764706 1.07058823 0.90000000
v -0.06452991 -0.00327898 0.01581454 0.81764706 1.07058823 0.90000000
v -0.04946233 -0.00109307 0.01727274 0.81764706 1.07058823 0.90000000
v -0.04946233 0.00738018 0.01666576 0.81764706 1.07058823 0.90000000
v -0.04946233 0.00768064 0.01655442 0.81764706 1.07058823 0.90000000
v -0.04946233 0.00952477 0.01572834 0.81764706 1.07058823 0.90000000
v -0.06452991 0.00586281 0.01503156 0.81764706 1.07058823 0.90000000
v -0.06452991 0.00765435 0.01418393 0.81764706 1.07058823 0.90000000
v -0.06582351 0.00898394 0.01328961 0.81764706 1.07058823 0.90000000
v -0.06607338 0.00765435 0.01364160 0.81764706 1.07058823 0.90000000
v -0.06618558 0.00540834 0.01431322 0.81764706 1.07058823 0.90000000
v -0.06654934 0.00327876 0.01421625 0.81764706 1.07058823 0.90000000
v -0.06670574 0.00109284 0.01421625 0.81764706 1.07058823 0.90000000
v -0.06670404 -0.00109307 0.01421625 0.81764706 1.07058823 0.90000000
v -0.06655275 -0.00327898 0.01421625 0.81764706 1.07058823 0.90000000
v -0.06618728 -0.00540856 0.01431322 0.81764706 1.07058823 0.90000000
v -0.06576062 -0.00463861 0.01540509 0.81764706 1.07058823 0.90000000
v -0.04946233 -0.00327898 0.01683456 0.81764706 1.07058823 0.90000000
v -0.04946233 0.00992665 0.01554158 0.81764706 1.07058823 0.90000000
v -0.06616518 0.00976515 0.01200740 0.81764706 1.07058823 0.90000000
v -0.04946233 0.01062150 0.01517163 0.81764706 1.07058823 0.90000000
v -0.04946233 0.01224027 0.01410492 0.81764706 1.07058823 0.90000000
v -0.04946233 0.01328815 0.01329321 0.81764706 1.07058823 0.90000000
v -0.06592550 0.01126374 0.01126393 0.81764706 1.07058823 0.90000000
v -0.06667513 0.00765435 0.01202895 0.81764706 1.07058823 0.90000000
v -0.06682812 0.00546843 0.01202895 0.81764706 1.07058823 0.90000000
v -0.06682812 -0.00546867 0.01202895 0.81764706 1.07058823 0.90000000
v -0.06667344 -0.00765457 0.01202895 0.81764706 1.07058823 0.90000000
v -0.06607169 -0.00765457 0.01363800 0.81764706 1.07058823 0.90000000
v -0.06582011 -0.00897665 0.01328602 0.81764706 1.07058823 0.90000000
v -0.06452991 -0.00765457 0.01417675 0.81764706 1.07058823 0.90000000
v -0.06452991 -0.00586304 0.01502798 0.81764706 1.07058823 0.90000000
v -0.06452991 -0.00477007 0.01545178 0.81764706 1.07058823 0.90000000
v -0.04946233 -0.00530716 0.01624554 0.81764706 1.07058823 0.90000000
v -0.06675164 0.00984027 0.00984164 0.81764706 1.07058823 0.90000000
v -0.06616518 0.01200741 0.00976263 0.81764706 1.07058823 0.90000000
v -0.04946233 0.01433981 0.01224086 0.81764706 1.07058823 0.90000000
v -0.04946233 0.01542150 0.01108794 0.81764706 1.07058823 0.90000000
v -0.06582520 0.01328815 0.00898324 0.81764706 1.07058823 0.90000000
v -0.06682812 0.01202994 0.00546702 0.81764706 1.07058823 0.90000000
v -0.06682812 -0.01203017 0.00546702 0.81764706 1.07058823 0.90000000
v -0.06674993 -0.00984049 0.00984164 0.81764706 1.07058823 0.90000000
v -0.06616177 -0.00976162 0.01200381 0.81764706 1.07058823 0.90000000
v -0.06592210 -0.01126022 0.01126033 0.81764706 1.07058823 0.90000000
v -0.06452991 -0.01018603 0.01251741 0.81764706 1.07058823 0.90000000
v -0.06452991 -0.00909308 0.01336504 0.81764706 1.07058823 0.90000000
v -0.04946233 -0.00545739 0.01618448 0.81764706 1.07058823 0.90000000
v -0.06667683 0.01202994 0.00765433 0.81764706 1.07058823 0.90000000
v -0.06607509 0.01364121 0.00765433 0.81764706 1.07058823 0.90000000
v -0.04946233 0.01607877 0.01010383 0.81764706 1.07058823 0.90000000
v -0.04946233 0.01703277 0.00850914 0.81764706 1.07058823 0.90000000
v -0.04946233 0.01775389 0.00716227 0.81764706 1.07058823 0.90000000
v -0.06576062 0.01540272 0.00464094 0.81764706 1.07058823 0.90000000
v -0.06670574 0.01421586 0.00109241 0.81764706 1.07058823 0.90000000
v -0.06682812 0.01202994 -0.00546592 0.81764706 1.07058823 0.90000000
v -0.06682812 -0.01203017 -0.00546592 0.81764706 1.07058823 0.90000000
v -0.06670574 -0.01421608 0.00109241 0.81764706 1.07058823 0.90000000
v -0.06655275 -0.01421608 0.00327970 0.81764706 1.07058823 0.90000000
v -0.06667344 -0.01203017 0.00765433 0.81764706 1.07058823 0.90000000
v -0.06616177 -0.01200389 0.00976263 0.81764706 1.07058823 0.90000000
v -0.06582011 -0.01328463 0.00897964 0.81764706 1.07058823 0.90000000
v -0.06452991 -0.01251468 0.01018644 0.81764706 1.07058823 0.90000000
v -0.06452991 -0.01142172 0.01142196 0.81764706 1.07058823 0.90000000
v -0.04946233 -0.00973158 0.01367033 0.81764706 1.07058823 0.90000000
v -0.04946233 -0.00949120 0.01385709 0.81764706 1.07058823 0.90000000
v -0.06618728 0.01431351 0.00540955 0.81764706 1.07058823 0.90000000
v -0.06655104 0.01421586 0.00327970 0.81764706 1.07058823 0.90000000
v -0.04946233 0.01826469 0.00572921 0.81764706 1.07058823 0.90000000
v -0.04946233 0.01833606 0.00546702 0.81764706 1.07058823 0.90000000
v -0.04946233 0.01880930 0.00361374 0.81764706 1.07058823 0.90000000
v -0.04946233 0.01887690 0.00326175 0.81764706 1.07058823 0.90000000
v -0.06595099 0.01556046 0.00327970 0.81764706 1.07058823 0.90000000
v -0.06670574 0.01421586 -0.00109131 0.81764706 1.07058823 0.90000000
v -0.06610398 0.01571445 0.00109241 0.81764706 1.07058823 0.90000000
v -0.06667683 0.01202994 -0.00765324 0.81764706 1.07058823 0.90000000
v -0.06675164 0.00984027 -0.00984056 0.81764706 1.07058823 0.90000000
v -0.06682812 0.00546843 -0.01202785 0.81764706 1.07058823 0.90000000
v -0.06667344 -0.01203017 -0.00765324 0.81764706 1.07058823 0.90000000
v -0.06655275 -0.01421608 -0.00327863 0.81764706 1.07058823 0.90000000
v -0.06670574 -0.01421608 -0.00109131 0.81764706 1.07058823 0.90000000
v -0.06682812 -0.00546867 -0.01202785 0.81764706 1.07058823 0.90000000
v -0.06674993 -0.00984049 -0.00984056 0.81764706 1.07058823 0.90000000
v -0.06610569 -0.01571468 0.00109241 0.81764706 1.07058823 0.90000000
v -0.06595099 -0.01556445 0.00327970 0.81764706 1.07058823 0.90000000
v -0.06618558 -0.01431374 0.00540597 0.81764706 1.07058823 0.90000000
v -0.06607169 -0.01363769 0.00765433 0.81764706 1.07058823 0.90000000
v -0.06575721 -0.01540295 0.00463375 0.81764706 1.07058823 0.90000000
v -0.06452991 -0.01417477 0.00765433 0.81764706 1.07058823 0.90000000
v -0.06452991 -0.01336726 0.00909099 0.81764706 1.07058823 0.90000000
v -0.04946233 -0.01171468 0.01169851 0.81764706 1.07058823 0.90000000
v -0.04946233 -0.01152689 0.01190683 0.81764706 1.07058823 0.90000000
v -0.04946233 0.01916985 0.00109241 0.81764706 1.07058823 0.90000000
v -0.06452991 0.01612010 0.00109241 0.81764706 1.07058823 0.90000000
v -0.06655104 0.01421586 -0.00327863 0.81764706 1.07058823 0.90000000
v -0.06610398 0.01571445 -0.00109131 0.81764706 1.07058823 0.90000000
v -0.06618728 0.01431351 -0.00540846 0.81764706 1.07058823 0.90000000
v -0.06607509 0.01364121 -0.00765324 0.81764706 1.07058823 0.90000000
v -0.06616518 0.01200741 -0.00976512 0.81764706 1.07058823 0.90000000
v -0.06616518 0.00976515 -0.01200990 0.81764706 1.07058823 0.90000000
v -0.06667513 0.00765435 -0.01202785 0.81764706 1.07058823 0.90000000
v -0.06670574 0.00109284 -0.01421517 0.81764706 1.07058823 0.90000000
v -0.06616177 -0.01200389 -0.00976154 0.81764706 1.07058823 0.90000000
v -0.06607169 -0.01363769 -0.00765324 0.81764706 1.07058823 0.90000000
v -0.06618558 -0.01431374 -0.00540487 0.81764706 1.07058823 0.90000000
v -0.06595099 -0.01556445 -0.00327863 0.81764706 1.07058823 0.90000000
v -0.06610569 -0.01571468 -0.00109131 0.81764706 1.07058823 0.90000000
v -0.06670404 -0.00109307 -0.01421517 0.81764706 1.07058823 0.90000000
v -0.06655275 -0.00327898 -0.01421517 0.81764706 1.07058823 0.90000000
v -0.06667344 -0.00765457 -0.01202785 0.81764706 1.07058823 0.90000000
v -0.06616177 -0.00976162 -0.01200632 0.81764706 1.07058823 0.90000000
v -0.05797014 -0.01874943 -0.00109131 0.81764706 1.07058823 0.90000000
v -0.05578242 -0.01918511 -0.00109131 0.81764706 1.07058823 0.90000000
v -0.06452991 -0.01502736 0.00585850 0.81764706 1.07058823 0.90000000
v -0.05578242 -0.01834004 0.00062549 0.81764706 1.07058823 0.90000000
v -0.04946233 -0.01355882 0.00912690 0.81764706 1.07058823 0.90000000
v -0.04946233 -0.01346491 0.00928853 0.81764706 1.07058823 0.90000000
v -0.04946233 -0.01279636 0.01025827 0.81764706 1.07058823 0.90000000
v -0.04946233 0.01918488 -0.00109131 0.81764706 1.07058823 0.90000000
v -0.06452991 0.01612010 -0.00109131 0.81764706 1.07058823 0.90000000
v -0.06595099 0.01556046 -0.00327863 0.81764706 1.07058823 0.90000000
v -0.06576062 0.01540272 -0.00463986 0.81764706 1.07058823 0.90000000
v -0.06582520 0.01328815 -0.00898215 0.81764706 1.07058823 0.90000000
v -0.06592550 0.01126374 -0.01126643 0.81764706 1.07058823 0.90000000
v -0.06582351 0.00898394 -0.01328853 0.81764706 1.07058823 0.90000000
v -0.06607338 0.00765435 -0.01364411 0.81764706 1.07058823 0.90000000
v -0.06618558 0.00540834 -0.01431573 0.81764706 1.07058823 0.90000000
v -0.06654934 0.00327876 -0.01421517 0.81764706 1.07058823 0.90000000
v -0.06610398 0.00109284 -0.01571289 0.81764706 1.07058823 0.90000000
v -0.06592210 -0.01126022 -0.01125926 0.81764706 1.07058823 0.90000000
v -0.06582011 -0.01328463 -0.00897855 0.81764706 1.07058823 0.90000000
v -0.06575721 -0.01540295 -0.00463268 0.81764706 1.07058823 0.90000000
v -0.06610228 -0.00109307 -0.01571289 0.81764706 1.07058823 0.90000000
v -0.06595099 -0.00327898 -0.01556204 0.81764706 1.07058823 0.90000000
v -0.06618728 -0.00540856 -0.01431215 0.81764706 1.07058823 0.90000000
v -0.06607169 -0.00765457 -0.01363692 0.81764706 1.07058823 0.90000000
v -0.06582011 -0.00897665 -0.01328493 0.81764706 1.07058823 0.90000000
v -0.05816733 -0.01821609 -0.00344744 0.81764706 1.07058823 0.90000000
v -0.05578242 -0.01899732 -0.00327863 0.81764706 1.07058823 0.90000000
v -0.05359470 -0.01829121 -0.00327863 0.81764706 1.07058823 0.90000000
v -0.05338392 -0.01816727 -0.00095842 0.81764706 1.07058823 0.90000000
v -0.04946233 -0.01592125 0.00303548 0.81764706 1.07058823 0.90000000
v -0.04946233 -0.01546680 0.00478820 0.81764706 1.07058823 0.90000000
v -0.04946233 -0.01504614 0.00588006 0.81764706 1.07058823 0.90000000
v -0.04946233 -0.01438885 0.00745320 0.81764706 1.07058823 0.90000000
v -0.04946233 -0.01429497 0.00765433 0.81764706 1.07058823 0.90000000
v -0.04946233 0.01892573 -0.00327863 0.81764706 1.07058823 0.90000000
v -0.05140696 0.01855765 -0.00327863 0.81764706 1.07058823 0.90000000
v -0.05140696 0.01817455 -0.00546592 0.81764706 1.07058823 0.90000000
v -0.05140696 0.01770507 -0.00706780 0.81764706 1.07058823 0.90000000
v -0.05140696 0.01726938 -0.00815967 0.81764706 1.07058823 0.90000000
v -0.05140696 0.01471539 -0.01237625 0.81764706 1.07058823 0.90000000
v -0.05284675 0.01339709 -0.01341783 0.81764706 1.07058823 0.90000000
v -0.05140696 0.01643183 -0.00984056 0.81764706 1.07058823 0.90000000
v -0.05140696 0.01556797 -0.01128079 0.81764706 1.07058823 0.90000000
v -0.05281616 0.01118863 -0.01550816 0.81764706 1.07058823 0.90000000
v -0.05312043 0.00715107 -0.01776012 0.81764706 1.07058823 0.90000000
v -0.06575721 0.00463839 -0.01540041 0.81764706 1.07058823 0.90000000
v -0.06594759 0.00327876 -0.01556204 0.81764706 1.07058823 0.90000000
v -0.05359470 0.00109284 -0.01912853 0.81764706 1.07058823 0.90000000
v -0.05359470 -0.00109307 -0.01917522 0.81764706 1.07058823 0.90000000
v -0.05578242 -0.01350999 -0.01349683 0.81764706 1.07058823 0.90000000
v -0.05578242 -0.01460295 -0.01235829 0.81764706 1.07058823 0.90000000
v -0.05695703 -0.01537665 -0.01101861 0.81764706 1.07058823 0.90000000
v -0.05718990 -0.01769027 -0.00697083 0.81764706 1.07058823 0.90000000
v -0.05763357 -0.01796820 -0.00546592 0.81764706 1.07058823 0.90000000
v -0.05359470 -0.00327898 -0.01895973 0.81764706 1.07058823 0.90000000
v -0.06576062 -0.00463861 -0.01540400 0.81764706 1.07058823 0.90000000
v -0.05507868 -0.00711374 -0.01771343 0.81764706 1.07058823 0.90000000
v -0.05521296 -0.01126773 -0.01555126 0.81764706 1.07058823 0.90000000
v -0.05578242 -0.01848651 -0.00546592 0.81764706 1.07058823 0.90000000
v -0.05415056 -0.01775037 -0.00717197 0.81764706 1.07058823 0.90000000
v -0.05349100 -0.01793064 -0.00534023 0.81764706 1.07058823 0.90000000
v -0.05246938 -0.01752501 -0.00452493 0.81764706 1.07058823 0.90000000
v -0.04946233 -0.01622172 -0.00134273 0.81764706 1.07058823 0.90000000
v -0.04946233 -0.01624050 -0.00107695 0.81764706 1.07058823 0.90000000
v -0.04946233 -0.01623300 0.00088050 0.81764706 1.07058823 0.90000000
v -0.04946233 0.01839615 -0.00546592 0.81764706 1.07058823 0.90000000
v -0.04946233 0.01777643 -0.00721866 0.81764706 1.07058823 0.90000000
v -0.04946233 0.01727315 -0.00831411 0.81764706 1.07058823 0.90000000
v -0.04966971 0.01556797 -0.01127361 0.81764706 1.07058823 0.90000000
v -0.05140696 0.01362243 -0.01363332 0.81764706 1.07058823 0.90000000
v -0.05140696 0.00984027 -0.01656051 0.81764706 1.07058823 0.90000000
v -0.05140696 0.01243558 -0.01472519 0.81764706 1.07058823 0.90000000
v -0.05140696 0.01134263 -0.01561231 0.81764706 1.07058823 0.90000000
v -0.05140696 0.00841680 -0.01735067 0.81764706 1.07058823 0.90000000
v -0.05140696 0.00732384 -0.01781759 0.81764706 1.07058823 0.90000000
v -0.05140696 0.00546843 -0.01843176 0.81764706 1.07058823 0.90000000
v -0.05359470 0.00327876 -0.01879092 0.81764706 1.07058823 0.90000000
v -0.05374769 0.00559989 -0.01807619 0.81764706 1.07058823 0.90000000
v -0.05140696 0.00327876 -0.01888789 0.81764706 1.07058823 0.90000000
v -0.05140696 0.00109284 -0.01906389 0.81764706 1.07058823 0.90000000
v -0.05140696 -0.00109307 -0.01895613 0.81764706 1.07058823 0.90000000
v -0.05359470 -0.01357008 -0.01357586 0.81764706 1.07058823 0.90000000
v -0.05359470 -0.01240952 -0.01466772 0.81764706 1.07058823 0.90000000
v -0.05398566 -0.01556820 -0.01128798 0.81764706 1.07058823 0.90000000
v -0.05578242 -0.01555318 -0.01126284 0.81764706 1.07058823 0.90000000
v -0.05578242 -0.01648087 -0.00984056 0.81764706 1.07058823 0.90000000
v -0.05578242 -0.01732971 -0.00842186 0.81764706 1.07058823 0.90000000
v -0.05578242 -0.01782924 -0.00732999 0.81764706 1.07058823 0.90000000
v -0.05140696 -0.00327898 -0.01858260 0.81764706 1.07058823 0.90000000
v -0.05359470 -0.00546867 -0.01847486 0.81764706 1.07058823 0.90000000
v -0.05359470 -0.00735036 -0.01783196 0.81764706 1.07058823 0.90000000
v -0.05359470 -0.00844332 -0.01735427 0.81764706 1.07058823 0.90000000
v -0.05359470 -0.01131655 -0.01559436 0.81764706 1.07058823 0.90000000
v -0.05359470 -0.00984049 -0.01654614 0.81764706 1.07058823 0.90000000
v -0.05339241 -0.01608276 -0.01004886 0.81764706 1.07058823 0.90000000
v -0.05252718 -0.01529778 -0.01091445 0.81764706 1.07058823 0.90000000
v -0.05349100 -0.01716069 -0.00780410 0.81764706 1.07058823 0.90000000
v -0.05269208 -0.01736727 -0.00598313 0.81764706 1.07058823 0.90000000
v -0.04946233 -0.01592125 -0.00349772 0.81764706 1.07058823 0.90000000
v -0.04946233 -0.01595882 -0.00327863 0.81764706 1.07058823 0.90000000
v -0.04946233 0.01576704 -0.01085698 0.81764706 1.07058823 0.90000000
v -0.04946233 0.01552290 -0.01121974 0.81764706 1.07058823 0.90000000
v -0.04965782 0.01351352 -0.01350402 0.81764706 1.07058823 0.90000000
v -0.04995699 0.01122620 -0.01551534 0.81764706 1.07058823 0.90000000
v -0.05005389 0.00698582 -0.01766314 0.81764706 1.07058823 0.90000000
v -0.04979211 0.00546843 -0.01787146 0.81764706 1.07058823 0.90000000
v -0.04963572 0.00327876 -0.01805823 0.81764706 1.07058823 0.90000000
v -0.04964931 0.00109284 -0.01810851 0.81764706 1.07058823 0.90000000
v -0.04977851 -0.00109307 -0.01801512 0.81764706 1.07058823 0.90000000
v -0.05001648 -0.00327898 -0.01778526 0.81764706 1.07058823 0.90000000
v -0.05230960 -0.01110999 -0.01545069 0.81764706 1.07058823 0.90000000
v -0.05230279 -0.01330717 -0.01332086 0.81764706 1.07058823 0.90000000
v -0.05339241 -0.01478699 -0.01202427 0.81764706 1.07058823 0.90000000
v -0.05021367 -0.00461609 -0.01759131 0.81764706 1.07058823 0.90000000
v -0.05136787 -0.00539355 -0.01796844 0.81764706 1.07058823 0.90000000
v -0.05207162 -0.00706116 -0.01772780 0.81764706 1.07058823 0.90000000
v -0.05217191 -0.01565835 -0.00945624 0.81764706 1.07058823 0.90000000
v -0.04946233 -0.01269872 -0.01065945 0.81764706 1.07058823 0.90000000
v -0.04946233 -0.01358511 -0.00940596 0.81764706 1.07058823 0.90000000
v -0.04946233 -0.01431750 -0.00794058 0.81764706 1.07058823 0.90000000
v -0.04946233 -0.01557197 -0.00484816 0.81764706 1.07058823 0.90000000
v -0.04946233 0.01375014 -0.01314486 0.81764706 1.07058823 0.90000000
v -0.04946233 0.01344966 -0.01344655 0.81764706 1.07058823 0.90000000
v -0.04946233 0.01092571 -0.01534653 0.81764706 1.07058823 0.90000000
v -0.04946233 0.01020084 -0.01572725 0.81764706 1.07058823 0.90000000
v -0.04946233 0.01173699 -0.01480779 0.81764706 1.07058823 0.90000000
v -0.04946233 0.00752666 -0.01699869 0.81764706 1.07058823 0.90000000
v -0.04946233 0.00632478 -0.01738659 0.81764706 1.07058823 0.90000000
v -0.04946233 0.00546843 -0.01762005 0.81764706 1.07058823 0.90000000
v -0.04946233 0.00327876 -0.01791456 0.81764706 1.07058823 0.90000000
v -0.04946233 0.00109284 -0.01793970 0.81764706 1.07058823 0.90000000
v -0.04946233 -0.00109307 -0.01772419 0.81764706 1.07058823 0.90000000
v -0.04946233 -0.00327898 -0.01727885 0.81764706 1.07058823 0.90000000
v -0.04946233 -0.01156444 -0.01209250 0.81764706 1.07058823 0.90000000
v -0.05136787 -0.00773721 -0.01686220 0.81764706 1.07058823 0.90000000
v -0.05151066 -0.00963768 -0.01577035 0.81764706 1.07058823 0.90000000
v -0.05029696 -0.00877008 -0.01532858 0.81764706 1.07058823 0.90000000
v -0.04946233 -0.00961890 -0.01396376 0.81764706 1.07058823 0.90000000
v -0.04946233 -0.00524331 -0.01659642 0.81764706 1.07058823 0.90000000
v -0.04946233 -0.00547994 -0.01648509 0.81764706 1.07058823 0.90000000
v -0.05061314 -0.00607712 -0.01726806 0.81764706 1.07058823 0.90000000
v -0.04946233 -0.00765457 -0.01529625 0.81764706 1.07058823 0.90000000
v -0.04946233 -0.00959261 -0.01398171 0.81764706 1.07058823 0.90000000
f 1 2 3
f 1 3 4
f 1 4 5
f 1 5 14
f 1 14 29
f 1 29 45
f 1 45 58
f 1 58 76
f 1 76 75
f 1 75 102
f 1 102 101
f 1 101 128
f 1 128 127
f 1 127 126
f 1 126 156
f 1 156 155
f 1 155 154
f 1 154 153
f 1 153 152
f 1 152 187
f 1 187 186
f 1 186 185
f 1 185 222
f 1 222 221
f 1 221 243
f 1 243 242
f 1 242 241
f 1 241 240
f 1 240 256
f 1 256 260
f 1 260 265
f 1 265 264
f 1 264 262
f 1 262 261
f 1 261 255
f 1 255 254
f 1 254 253
f 1 253 252
f 1 252 251
f 1 251 250
f 1 250 249
f 1 249 247
f 1 247 246
f 1 246 248
f 1 248 245
f 1 245 244
f 1 244 224
f 1 224 223
f 1 223 190
f 1 190 189
f 1 189 188
f 1 188 157
f 1 157 129
f 1 129 103
f 1 103 82
f 1 82 81
f 1 81 80
f 1 80 79
f 1 79 63
f 1 63 62
f 1 62 61
f 1 61 49
f 1 49 48
f 1 48 34
f 1 34 33
f 1 33 32
f 1 32 30
f 1 30 17
f 1 17 16
f 1 16 15
f 1 15 6
f 1 6 2
f 2 6 7
f 2 7 8
f 2 8 3
f 3 8 9
f 3 9 10
f 3 10 4
f 4 11 12
f 4 12 13
f 4 13 14
f 4 14 5
f 4 10 11
f 6 15 7
f 7 9 8
f 7 15 16
f 7 16 17
f 7 17 18
f 7 18 19
f 7 19 20
f 7 20 21
f 7 21 22
f 7 22 9
f 9 23 10
f 9 22 23
f 10 24 25
f 10 25 11
f 10 23 24
f 11 25 26
f 11 26 12
f 12 26 27
f 12 27 28
f 12 28 13
f 13 28 29
f 13 29 14
f 17 30 18
f 18 30 19
f 19 30 20
f 20 31 21
f 20 30 32
f 20 32 33
f 20 33 34
f 20 34 35
f 20 35 31
f 21 31 36
f 21 36 22
f 22 36 23
f 23 36 24
f 24 36 37
f 24 37 38
f 24 38 25
f 25 38 26
f 26 38 39
f 26 39 27
f 27 39 40
f 27 40 28
f 28 40 41
f 28 41 42
f 28 42 43
f 28 43 44
f 28 44 29
f 29 44 45
f 31 46 36
f 31 35 47
f 31 47 46
f 34 48 35
f 35 48 49
f 35 49 50
f 35 50 47
f 36 46 37
f 37 46 51
f 37 51 66
f 37 66 88
f 37 88 92
f 37 92 67
f 37 67 52
f 37 52 38
f 38 52 53
f 38 53 39
f 39 53 54
f 39 54 40
f 40 54 41
f 41 54 55
f 41 55 56
f 41 56 57
f 41 57 42
f 42 57 58
f 42 58 43
f 43 58 45
f 43 45 44
f 46 47 59
f 46 59 51
f 47 50 60
f 47 60 59
f 49 61 50
f 50 61 62
f 50 62 63
f 50 63 64
f 50 64 60
f 51 59 65
f 51 65 84
f 51 84 66
f 52 67 91
f 52 91 68
f 52 68 69
f 52 69 70
f 52 70 53
f 53 70 71
f 53 71 54
f 54 71 55
f 55 71 72
f 55 72 73
f 55 73 74
f 55 74 56
f 56 75 76
f 56 76 57
f 56 74 75
f 57 76 58
f 59 60 77
f 59 77 78
f 59 78 65
f 60 64 77
f 63 79 64
f 64 79 80
f 64 80 81
f 64 81 82
f 64 82 83
f 64 83 77
f 65 78 85
f 65 85 106
f 65 106 84
f 66 84 86
f 66 86 87
f 66 87 88
f 67 89 90
f 67 90 91
f 67 92 93
f 67 93 89
f 68 91 117
f 68 117 94
f 68 94 69
f 69 94 95
f 69 95 96
f 69 96 70
f 70 96 97
f 70 97 71
f 71 97 72
f 72 97 98
f 72 98 99
f 72 99 100
f 72 100 73
f 73 101 74
f 73 100 101
f 74 101 102
f 74 102 75
f 77 83 78
f 78 83 85
f 82 103 83
f 83 103 104
f 83 104 85
f 84 105 86
f 84 106 105
f 85 104 130
f 85 130 106
f 86 105 107
f 86 107 108
f 86 108 109
f 86 109 87
f 87 110 111
f 87 111 88
f 87 109 110
f 88 111 112
f 88 112 92
f 89 113 114
f 89 114 115
f 89 115 90
f 89 93 113
f 90 115 116
f 90 116 117
f 90 117 91
f 92 118 119
f 92 119 120
f 92 120 93
f 92 112 118
f 93 120 121
f 93 121 113
f 94 117 122
f 94 122 95
f 95 122 98
f 95 98 96
f 96 98 97
f 98 122 123
f 98 123 124
f 98 124 99
f 99 124 123
f 99 123 125
f 99 125 100
f 100 125 126
f 100 126 127
f 100 127 128
f 100 128 101
f 103 129 104
f 104 129 130
f 105 106 131
f 105 131 107
f 106 130 131
f 107 131 132
f 107 132 108
f 108 133 109
f 108 132 133
f 109 134 110
f 109 133 134
f 110 135 136
f 110 136 111
f 110 134 135
f 111 136 137
f 111 137 138
f 111 138 112
f 112 138 139
f 112 139 143
f 112 143 118
f 113 121 140
f 113 140 141
f 113 141 114
f 114 141 142
f 114 142 115
f 115 142 116
f 116 142 122
f 116 122 117
f 118 143 119
f 119 143 144
f 119 144 145
f 119 145 120
f 120 145 146
f 120 146 121
f 121 146 147
f 121 147 140
f 122 148 149
f 122 149 123
f 122 142 148
f 123 149 150
f 123 150 151
f 123 151 152
f 123 152 153
f 123 153 154
f 123 154 155
f 123 155 156
f 123 156 125
f 125 156 126
f 129 157 158
f 129 158 130
f 130 158 131
f 131 158 132
f 132 158 159
f 132 159 160
f 132 160 161
f 132 161 133
f 133 162 163
f 133 163 134
f 133 161 164
f 133 164 165
f 133 165 162
f 134 163 166
f 134 166 135
f 135 166 167
f 135 167 168
f 135 168 136
f 136 168 137
f 137 168 169
f 137 169 138
f 138 169 139
f 139 169 170
f 139 170 171
f 139 171 143
f 140 172 173
f 140 173 174
f 140 174 141
f 140 147 172
f 141 174 175
f 141 175 142
f 142 175 176
f 142 176 148
f 143 171 144
f 144 171 177
f 144 177 178
f 144 178 145
f 145 178 146
f 146 178 147
f 147 178 179
f 147 179 180
f 147 180 172
f 148 176 149
f 149 176 181
f 149 181 182
f 149 182 183
f 149 183 150
f 150 183 184
f 150 184 185
f 150 185 186
f 150 186 187
f 150 187 151
f 151 187 152
f 157 188 159
f 157 159 158
f 159 188 160
f 160 188 189
f 160 189 161
f 161 189 190
f 161 190 164
f 162 165 191
f 162 191 192
f 162 192 163
f 163 192 166
f 164 190 191
f 164 191 165
f 166 193 167
f 166 192 194
f 166 194 195
f 166 195 193
f 167 193 196
f 167 196 197
f 167 197 198
f 167 198 199
f 167 199 200
f 167 200 168
f 168 200 199
f 168 199 169
f 169 199 170
f 170 201 202
f 170 202 171
f 170 199 201
f 171 202 203
f 171 203 177
f 172 204 173
f 172 180 205
f 172 205 204
f 173 204 206
f 173 206 207
f 173 207 174
f 174 207 208
f 174 208 209
f 174 209 175
f 175 209 210
f 175 210 181
f 175 181 176
f 177 203 211
f 177 211 212
f 177 212 178
f 178 212 179
f 179 212 213
f 179 213 214
f 179 214 180
f 180 215 205
f 180 214 216
f 180 216 215
f 181 210 182
f 182 209 206
f 182 206 217
f 182 217 218
f 182 218 219
f 182 219 220
f 182 220 183
f 182 210 209
f 183 220 184
f 184 220 221
f 184 221 222
f 184 222 185
f 190 223 191
f 191 223 224
f 191 224 225
f 191 225 192
f 192 225 194
f 193 195 226
f 193 226 196
f 194 225 226
f 194 226 195
f 196 226 227
f 196 227 197
f 197 227 198
f 198 227 201
f 198 201 199
f 201 227 228
f 201 228 229
f 201 229 202
f 202 229 230
f 202 230 203
f 203 230 231
f 203 231 232
f 203 232 211
f 204 205 233
f 204 233 234
f 204 234 235
f 204 235 206
f 205 215 233
f 206 235 218
f 206 218 217
f 206 209 208
f 206 208 207
f 211 232 236
f 211 236 237
f 211 237 238
f 211 238 212
f 212 238 213
f 213 238 214
f 214 238 216
f 215 216 233
f 216 238 233
f 218 239 219
f 218 235 234
f 218 234 240
f 218 240 241
f 218 241 242
f 218 242 239
f 219 239 220
f 220 239 243
f 220 243 221
f 224 244 225
f 225 244 245
f 225 245 226
f 226 246 247
f 226 247 227
f 226 245 248
f 226 248 246
f 227 249 250
f 227 250 251
f 227 251 228
f 227 247 249
f 228 251 229
f 229 251 252
f 229 252 230
f 230 252 253
f 230 253 231
f 231 254 255
f 231 255 232
f 231 253 254
f 232 255 236
f 233 256 234
f 233 238 257
f 233 257 258
f 233 258 259
f 233 259 260
f 233 260 256
f 234 256 240
f 236 255 261
f 236 261 262
f 236 262 263
f 236 263 237
f 237 263 238
f 238 263 257
f 239 242 243
f 257 259 258
f 257 263 259
f 259 264 265
f 259 265 260
f 259 263 264
f 262 264 263

o geometry_1
v -0.04265586 -0.01922793 0.00109078 0.81176471 0.63529411 0.96470587
v -0.04046907 -0.01876760 0.00109078 0.81176471 0.63529411 0.96470587
v -0.04265586 -0.01899954 0.00327834 0.81176471 0.63529411 0.96470587
v -0.04438148 -0.01844286 0.00327834 0.81176471 0.63529411 0.96470587
v -0.04438148 -0.01853920 0.00109078 0.81176471 0.63529411 0.96470587
v -0.04265586 -0.01919938 -0.00109304 0.81176471 0.63529411 0.96470587
v -0.04046907 -0.01890319 -0.00109304 0.81176471 0.63529411 0.96470587
v -0.03939642 -0.01809315 0.00109078 0.81176471 0.63529411 0.96470587
v -0.03939642 -0.01785048 0.00255288 0.81176471 0.63529411 0.96470587
v -0.03939642 -0.01777911 0.00294351 0.81176471 0.63529411 0.96470587
v -0.04026947 -0.01821447 0.00344575 0.81176471 0.63529411 0.96470587
v -0.04081116 -0.01796825 0.00546588 0.81176471 0.63529411 0.96470587
v -0.03939642 -0.01826801 -0.00109304 0.81176471 0.63529411 0.96470587
v -0.04265586 -0.01848568 0.00546588 0.81176471 0.63529411 0.96470587
v -0.04428095 -0.01774699 0.00717351 0.81176471 0.63529411 0.96470587
v -0.04438148 -0.01777556 0.00689448 0.81176471 0.63529411 0.96470587
v -0.04438148 -0.01806459 0.00536544 0.81176471 0.63529411 0.96470587
v -0.04438148 -0.01839289 -0.00094050 0.81176471 0.63529411 0.96470587
v -0.04438148 -0.01813241 -0.00318013 0.81176471 0.63529411 0.96470587
v -0.04265586 -0.01890676 -0.00328057 0.81176471 0.63529411 0.96470587
v -0.04046907 -0.01876760 -0.00328057 0.81176471 0.63529411 0.96470587
v -0.03939642 -0.01821090 -0.00328057 0.81176471 0.63529411 0.96470587
v -0.03939642 -0.01746152 0.00429398 0.81176471 0.63529411 0.96470587
v -0.03940764 -0.01747223 0.00428281 0.81176471 0.63529411 0.96470587
v -0.04125769 -0.01768634 0.00696518 0.81176471 0.63529411 0.96470587
v -0.04265586 -0.01782551 0.00732604 0.81176471 0.63529411 0.96470587
v -0.04265586 -0.01732949 0.00841982 0.81176471 0.63529411 0.96470587
v -0.04438148 -0.01556664 0.01128818 0.81176471 0.63529411 0.96470587
v -0.04438148 -0.01765779 0.00727023 0.81176471 0.63529411 0.96470587
v -0.04438148 -0.01811812 -0.00328057 0.81176471 0.63529411 0.96470587
v -0.04404962 -0.01775057 -0.00546813 0.81176471 0.63529411 0.96470587
v -0.04265586 -0.01832509 -0.00546813 0.81176471 0.63529411 0.96470587
v -0.04046907 -0.01834294 -0.00546813 0.81176471 0.63529411 0.96470587
v -0.03939642 -0.01791115 -0.00546813 0.81176471 0.63529411 0.96470587
v -0.03939642 -0.01695480 0.00545472 0.81176471 0.63529411 0.96470587
v -0.03971753 -0.01721172 0.00546588 0.81176471 0.63529411 0.96470587
v -0.03939642 -0.01572009 0.00776132 0.81176471 0.63529411 0.96470587
v -0.04037683 -0.01650516 0.00776132 0.81176471 0.63529411 0.96470587
v -0.04105078 -0.01577362 0.00984098 0.81176471 0.63529411 0.96470587
v -0.04148901 -0.01537038 0.01101288 0.81176471 0.63529411 0.96470587
v -0.04265586 -0.01647662 0.00984098 0.81176471 0.63529411 0.96470587
v -0.04265586 -0.01554880 0.01125842 0.81176471 0.63529411 0.96470587
v -0.04438148 -0.01553453 0.01132537 0.81176471 0.63529411 0.96470587
v -0.04438148 -0.01801464 -0.00371214 0.81176471 0.63529411 0.96470587
v -0.04438148 -0.01761496 -0.00498449 0.81176471 0.63529411 0.96470587
v -0.04378804 -0.01752932 -0.00662514 0.81176471 0.63529411 0.96470587
v -0.04265586 -0.01772916 -0.00707902 0.81176471 0.63529411 0.96470587
v -0.04046907 -0.01777556 -0.00723156 0.81176471 0.63529411 0.96470587
v -0.03939642 -0.01761853 -0.00687813 0.81176471 0.63529411 0.96470587
v -0.03939642 -0.01505993 0.00862443 0.81176471 0.63529411 0.96470587
v -0.04265586 -0.01459959 0.01235219 0.81176471 0.63529411 0.96470587
v -0.03939642 -0.01414995 0.00978890 0.81176471 0.63529411 0.96470587
v -0.03939642 -0.01383592 0.01013116 0.81176471 0.63529411 0.96470587
v -0.04147682 -0.01321857 0.01321158 0.81176471 0.63529411 0.96470587
v -0.04265586 -0.01350405 0.01349061 0.81176471 0.63529411 0.96470587
v -0.04438148 -0.01355402 0.01355385 0.81176471 0.63529411 0.96470587
v -0.04438148 -0.01706186 -0.00617499 0.81176471 0.63529411 0.96470587
v -0.04438148 -0.01627679 -0.00748825 0.81176471 0.63529411 0.96470587
v -0.04438148 -0.01545246 -0.00884989 0.81176471 0.63529411 0.96470587
v -0.04403597 -0.01564515 -0.00922193 0.81176471 0.63529411 0.96470587
v -0.04346303 -0.01506349 -0.01068029 0.81176471 0.63529411 0.96470587
v -0.04270271 -0.01605911 -0.00990646 0.81176471 0.63529411 0.96470587
v -0.04265586 -0.01716534 -0.00817280 0.81176471 0.63529411 0.96470587
v -0.04046907 -0.01732949 -0.00832533 0.81176471 0.63529411 0.96470587
v -0.03939642 -0.01756145 -0.00701579 0.81176471 0.63529411 0.96470587
v -0.03939642 -0.01196247 0.01186110 0.81176471 0.63529411 0.96470587
v -0.03939642 -0.00950377 0.01382915 0.81176471 0.63529411 0.96470587
v -0.04176766 -0.01069921 0.01518706 0.81176471 0.63529411 0.96470587
v -0.04322586 -0.01126660 0.01555166 0.81176471 0.63529411 0.96470587
v -0.04438148 -0.01208022 0.01491549 0.81176471 0.63529411 0.96470587
v -0.04438148 -0.01498856 -0.00950840 0.81176471 0.63529411 0.96470587
v -0.04438148 -0.01447469 -0.01010364 0.81176471 0.63529411 0.96470587
v -0.04200484 -0.01554166 -0.01123833 0.81176471 0.63529411 0.96470587
v -0.04438148 -0.01342913 -0.01121229 0.81176471 0.63529411 0.96470587
v -0.04408574 -0.01360755 -0.01140202 0.81176471 0.63529411 0.96470587
v -0.04348450 -0.01279392 -0.01286040 0.81176471 0.63529411 0.96470587
v -0.04202632 -0.01346836 -0.01345192 0.81176471 0.63529411 0.96470587
v -0.04046907 -0.01652301 -0.00984323 0.81176471 0.63529411 0.96470587
v -0.03939642 -0.01549171 -0.01118997 0.81176471 0.63529411 0.96470587
v -0.03939642 -0.00876509 0.01423839 0.81176471 0.63529411 0.96470587
v -0.04135042 -0.00924327 0.01554422 0.81176471 0.63529411 0.96470587
v -0.04264073 -0.00777304 0.01701374 0.81176471 0.63529411 0.96470587
v -0.04256021 -0.00992129 0.01599066 0.81176471 0.63529411 0.96470587
v -0.04438148 -0.01129872 0.01558142 0.81176471 0.63529411 0.96470587
v -0.04336006 -0.00712002 0.01771316 0.81176471 0.63529411 0.96470587
v -0.04438148 -0.00803712 0.01747134 0.81176471 0.63529411 0.96470587
v -0.04438148 -0.00985705 0.01643709 0.81176471 0.63529411 0.96470587
v -0.04046907 -0.01472805 -0.01242140 0.81176471 0.63529411 0.96470587
v -0.04046907 -0.01560234 -0.01132763 0.81176471 0.63529411 0.96470587
v -0.04046907 -0.01363252 -0.01363422 0.81176471 0.63529411 0.96470587
v -0.04438148 -0.01293666 -0.01168477 0.81176471 0.63529411 0.96470587
v -0.04438148 -0.01226579 -0.01230980 0.81176471 0.63529411 0.96470587
v -0.04438148 -0.01110960 -0.01322499 0.81176471 0.63529411 0.96470587
v -0.04401448 -0.01133441 -0.01339240 0.81176471 0.63529411 0.96470587
v -0.04178232 -0.01114886 -0.01546089 0.81176471 0.63529411 0.96470587
v -0.04046907 -0.01242281 -0.01472799 0.81176471 0.63529411 0.96470587
v -0.03939642 -0.01532398 -0.01140202 0.81176471 0.63529411 0.96470587
v -0.03939642 -0.00511095 0.01577115 0.81176471 0.63529411 0.96470587
v -0.04300772 -0.00546780 0.01795871 0.81176471 0.63529411 0.96470587
v -0.04438148 -0.00546780 0.01834562 0.81176471 0.63529411 0.96470587
v -0.04438148 -0.00728417 0.01779129 0.81176471 0.63529411 0.96470587
v -0.03939642 -0.01351476 -0.01352632 0.81176471 0.63529411 0.96470587
v -0.03939642 -0.01127374 -0.01556507 0.81176471 0.63529411 0.96470587
v -0.04438148 -0.01017822 -0.01384628 0.81176471 0.63529411 0.96470587
v -0.04438148 -0.00978568 -0.01408067 0.81176471 0.63529411 0.96470587
v -0.04219908 -0.00984277 -0.01582920 0.81176471 0.63529411 0.96470587
v -0.04167398 -0.00679172 -0.01757775 0.81176471 0.63529411 0.96470587
v -0.04046907 -0.00830475 -0.01732478 0.81176471 0.63529411 0.96470587
v -0.04046907 -0.00984277 -0.01652118 0.81176471 0.63529411 0.96470587
v -0.04046907 -0.01133083 -0.01560226 0.81176471 0.63529411 0.96470587
v -0.03939642 -0.00440796 0.01594972 0.81176471 0.63529411 0.96470587
v -0.04281300 -0.00328030 0.01816704 0.81176471 0.63529411 0.96470587
v -0.04438148 -0.00328030 0.01878461 0.81176471 0.63529411 0.96470587
v -0.03939642 -0.00328030 0.01620643 0.81176471 0.63529411 0.96470587
v -0.03939642 -0.01080270 -0.01585897 0.81176471 0.63529411 0.96470587
v -0.04438148 -0.00831189 -0.01484332 0.81176471 0.63529411 0.96470587
v -0.04185795 -0.00546780 -0.01774145 0.81176471 0.63529411 0.96470587
v -0.04046907 -0.00328030 -0.01873478 0.81176471 0.63529411 0.96470587
v -0.04046907 -0.00546780 -0.01831438 0.81176471 0.63529411 0.96470587
v -0.04046907 -0.00721280 -0.01776748 0.81176471 0.63529411 0.96470587
v -0.04438148 -0.00799073 -0.01496982 0.81176471 0.63529411 0.96470587
v -0.04438148 -0.00584962 -0.01580688 0.81176471 0.63529411 0.96470587
v -0.04438148 -0.00542141 -0.01591477 0.81176471 0.63529411 0.96470587
v -0.03939642 -0.00825480 -0.01725780 0.81176471 0.63529411 0.96470587
v -0.03939642 -0.00715928 -0.01775260 0.81176471 0.63529411 0.96470587
v -0.04282130 -0.00109282 0.01823772 0.81176471 0.63529411 0.96470587
v -0.04438148 -0.00109282 0.01896692 0.81176471 0.63529411 0.96470587
v -0.03939642 -0.00220620 0.01635897 0.81176471 0.63529411 0.96470587
v -0.03939642 -0.00109282 0.01642593 0.81176471 0.63529411 0.96470587
v -0.04201851 -0.00328030 -0.01791630 0.81176471 0.63529411 0.96470587
v -0.04438148 -0.00381558 -0.01624961 0.81176471 0.63529411 0.96470587
v -0.04046907 -0.00109282 -0.01886871 0.81176471 0.63529411 0.96470587
v -0.03939642 -0.00109282 -0.01903984 0.81176471 0.63529411 0.96470587
v -0.03939642 -0.00328030 -0.01882405 0.81176471 0.63529411 0.96470587
v -0.03939642 -0.00546780 -0.01832926 0.81176471 0.63529411 0.96470587
v -0.04438148 0.00109110 0.01888506 0.81176471 0.63529411 0.96470587
v -0.03939642 -0.00002227 0.01642965 0.81176471 0.63529411 0.96470587
v -0.04201364 -0.00109282 -0.01794234 0.81176471 0.63529411 0.96470587
v -0.04438148 -0.00328030 -0.01630540 0.81176471 0.63529411 0.96470587
v -0.04438148 -0.00167450 -0.01642818 0.81176471 0.63529411 0.96470587
v -0.03939642 0.00109110 -0.01898031 0.81176471 0.63529411 0.96470587
v -0.04046907 0.00109110 -0.01873105 0.81176471 0.63529411 0.96470587
v -0.04438148 0.00327858 0.01855023 0.81176471 0.63529411 0.96470587
v -0.03939642 0.00109110 0.01635153 0.81176471 0.63529411 0.96470587
v -0.03939642 0.00216522 0.01622503 0.81176471 0.63529411 0.96470587
v -0.04438148 -0.00109282 -0.01643190 0.81176471 0.63529411 0.96470587
v -0.04438148 0.00050943 -0.01638354 0.81176471 0.63529411 0.96470587
v -0.04438148 0.00109110 -0.01635005 0.81176471 0.63529411 0.96470587
v -0.03939642 0.00333212 -0.01861944 0.81176471 0.63529411 0.96470587
v -0.04064914 0.00338921 -0.01819161 0.81176471 0.63529411 0.96470587
v -0.04008452 0.00546607 -0.01794978 0.81176471 0.63529411 0.96470587
v -0.03939642 0.00463104 -0.01835159 0.81176471 0.63529411 0.96470587
v -0.04438148 0.00330000 -0.01604127 0.81176471 0.63529411 0.96470587
v -0.04438148 0.00386025 0.01841629 0.81176471 0.63529411 0.96470587
v -0.03939642 0.00327858 0.01600926 0.81176471 0.63529411 0.96470587
v -0.04438148 0.00449544 -0.01573248 0.81176471 0.63529411 0.96470587
v -0.03965604 0.00693987 -0.01767449 0.81176471 0.63529411 0.96470587
v -0.03939642 0.00666151 -0.01782702 0.81176471 0.63529411 0.96470587
v -0.03939642 0.00546607 -0.01815069 0.81176471 0.63529411 0.96470587
v -0.04438148 0.00542325 0.01798103 0.81176471 0.63529411 0.96470587
v -0.04351183 0.00495220 0.01771689 0.81176471 0.63529411 0.96470587
v -0.03939642 0.00406722 0.01581581 0.81176471 0.63529411 0.96470587
v -0.04438148 0.00576584 -0.01525627 0.81176471 0.63529411 0.96470587
v -0.03939642 0.00701124 -0.01770425 0.81176471 0.63529411 0.96470587
v -0.04438148 0.00767140 -0.01434108 0.81176471 0.63529411 0.96470587
v -0.04438148 0.00881333 -0.01368258 0.81176471 0.63529411 0.96470587
v -0.03942960 0.01099368 -0.01535673 0.81176471 0.63529411 0.96470587
v -0.03939642 0.01095799 -0.01539021 0.81176471 0.63529411 0.96470587
v -0.04438148 0.00590500 0.01782849 0.81176471 0.63529411 0.96470587
v -0.04386711 0.00640817 0.01741926 0.81176471 0.63529411 0.96470587
v -0.03939642 0.00488440 0.01554422 0.81176471 0.63529411 0.96470587
v -0.04438148 0.00915589 -0.01344449 0.81176471 0.63529411 0.96470587
v -0.04438148 0.01001947 -0.01277483 0.81176471 0.63529411 0.96470587
v -0.04438148 0.01123634 -0.01169594 0.81176471 0.63529411 0.96470587
v -0.03944424 0.01319544 -0.01320267 0.81176471 0.63529411 0.96470587
v -0.03939642 0.01320615 -0.01321383 0.81176471 0.63529411 0.96470587
v -0.03939642 0.01100082 -0.01536045 0.81176471 0.63529411 0.96470587
v -0.04438148 0.00726460 0.01721836 0.81176471 0.63529411 0.96470587
v -0.03939642 0.00541968 0.01533216 0.81176471 0.63529411 0.96470587
v -0.03939642 0.00680070 0.01477040 0.81176471 0.63529411 0.96470587
v -0.03939642 0.00862419 0.01392216 0.81176471 0.63529411 0.96470587
v -0.04438148 0.01145758 -0.01146528 0.81176471 0.63529411 0.96470587
v -0.04438148 0.01232117 -0.01055752 0.81176471 0.63529411 0.96470587
v -0.04438148 0.01332747 -0.00940794 0.81176471 0.63529411 0.96470587
v -0.04438148 0.01349877 -0.00917729 0.81176471 0.63529411 0.96470587
v -0.04438148 0.01436591 -0.00792726 0.81176471 0.63529411 0.96470587
v -0.03939642 0.01497255 -0.01048311 0.81176471 0.63529411 0.96470587
v -0.04438148 0.00949848 0.01577861 0.81176471 0.63529411 0.96470587
v -0.03939642 0.00940926 0.01346455 0.81176471 0.63529411 0.96470587
v -0.04438148 0.01455504 -0.00759615 0.81176471 0.63529411 0.96470587
v -0.03939642 0.01537580 -0.00976509 0.81176471 0.63529411 0.96470587
v -0.04438148 0.01027641 0.01521682 0.81176471 0.63529411 0.96470587
v -0.03939642 0.01096870 0.01227778 0.81176471 0.63529411 0.96470587
v -0.04438148 0.01563273 -0.00551277 0.81176471 0.63529411 0.96470587
v -0.03939642 0.01557920 -0.00928517 0.81176471 0.63529411 0.96470587
v -0.04438148 0.01091874 0.01468482 0.81176471 0.63529411 0.96470587
v -0.03939642 0.01164315 0.01167881 0.81176471 0.63529411 0.96470587
v -0.04438148 0.01572908 -0.00526724 0.81176471 0.63529411 0.96470587
v -0.04438148 0.01637855 -0.00356705 0.81176471 0.63529411 0.96470587
v -0.03939642 0.01616800 -0.00768543 0.81176471 0.63529411 0.96470587
v -0.04438148 0.01169667 0.01390728 0.81176471 0.63529411 0.96470587
v -0.03939642 0.01324184 0.00998235 0.81176471 0.63529411 0.96470587
v -0.04438148 0.01245676 0.01310369 0.81176471 0.63529411 0.96470587
v -0.03939642 0.01689597 -0.00545325 0.81176471 0.63529411 0.96470587
v -0.04438148 0.01648560 -0.00314665 0.81176471 0.63529411 0.96470587
v -0.03939642 0.01370931 0.00938709 0.81176471 0.63529411 0.96470587
v -0.04438148 0.01310267 0.01235963 0.81176471 0.63529411 0.96470587
v -0.03939642 0.01701730 -0.00486171 0.81176471 0.63529411 0.96470587
v -0.04438148 0.01673182 -0.00109304 0.81176471 0.63529411 0.96470587
v -0.04438148 0.01392698 0.01126213 0.81176471 0.63529411 0.96470587
v -0.03939642 0.01575048 0.00577095 0.81176471 0.63529411 0.96470587
v -0.03939642 0.01720287 -0.00328057 0.81176471 0.63529411 0.96470587
v -0.03939642 0.01722785 -0.00290855 0.81176471 0.63529411 0.96470587
v -0.04438148 0.01678892 0.00088245 0.81176471 0.63529411 0.96470587
v -0.04438148 0.01466923 0.00984098 0.81176471 0.63529411 0.96470587
v -0.03939642 0.01600384 0.00521291 0.81176471 0.63529411 0.96470587
v -0.04438148 0.01467993 0.00981866 0.81176471 0.63529411 0.96470587
v -0.04438148 0.01679248 0.00109078 0.81176471 0.63529411 0.96470587
v -0.03939642 0.01720643 -0.00109304 0.81176471 0.63529411 0.96470587
v -0.03939642 0.01659622 0.00327834 0.81176471 0.63529411 0.96470587
v -0.04438148 0.01623223 0.00549936 0.81176471 0.63529411 0.96470587
v -0.04438148 0.01549356 0.00759390 0.81176471 0.63529411 0.96470587
v -0.04438148 0.01671397 0.00307000 0.81176471 0.63529411 0.96470587
v -0.03939642 0.01717788 -0.00070612 0.81176471 0.63529411 0.96470587
v -0.03939642 0.01699588 0.00109078 0.81176471 0.63529411 0.96470587
v -0.04438148 0.01668900 0.00327834 0.81176471 0.63529411 0.96470587
v -0.04438148 0.01627149 0.00533566 0.81176471 0.63529411 0.96470587
f 266 267 268
f 266 268 269
f 266 269 270
f 266 270 271
f 266 271 272
f 266 272 267
f 267 273 274
f 267 274 275
f 267 275 276
f 267 276 277
f 267 277 268
f 267 272 278
f 267 278 273
f 268 277 279
f 268 279 280
f 268 280 281
f 268 281 282
f 268 282 269
f 269 282 281
f 269 281 294
f 269 294 293
f 269 293 308
f 269 308 321
f 269 321 335
f 269 335 349
f 269 349 352
f 269 352 351
f 269 351 366
f 269 366 365
f 269 365 378
f 269 378 392
f 269 392 401
f 269 401 408
f 269 408 419
f 269 419 425
f 269 425 434
f 269 434 443
f 269 443 453
f 269 453 457
f 269 457 461
f 269 461 466
f 269 466 468
f 269 468 472
f 269 472 475
f 269 475 480
f 269 480 482
f 269 482 487
f 269 487 486
f 269 486 492
f 269 492 491
f 269 491 488
f 269 488 483
f 269 483 479
f 269 479 474
f 269 474 470
f 269 470 464
f 269 464 463
f 269 463 459
f 269 459 455
f 269 455 451
f 269 451 450
f 269 450 449
f 269 449 448
f 269 448 447
f 269 447 439
f 269 439 438
f 269 438 437
f 269 437 431
f 269 431 430
f 269 430 428
f 269 428 421
f 269 421 418
f 269 418 413
f 269 413 412
f 269 412 411
f 269 411 405
f 269 405 404
f 269 404 396
f 269 396 388
f 269 388 387
f 269 387 386
f 269 386 381
f 269 381 370
f 269 370 369
f 269 369 358
f 269 358 357
f 269 357 356
f 269 356 339
f 269 339 337
f 269 337 336
f 269 336 324
f 269 324 323
f 269 323 322
f 269 322 310
f 269 310 309
f 269 309 295
f 269 295 284
f 269 284 283
f 269 283 270
f 270 283 271
f 271 284 285
f 271 285 286
f 271 286 272
f 271 283 284
f 272 286 287
f 272 287 278
f 273 278 287
f 273 287 299
f 273 299 314
f 273 314 330
f 273 330 344
f 273 344 362
f 273 362 367
f 273 367 368
f 273 368 380
f 273 380 389
f 273 389 390
f 273 390 400
f 273 400 399
f 273 399 398
f 273 398 406
f 273 406 414
f 273 414 417
f 273 417 424
f 273 424 423
f 273 423 429
f 273 429 433
f 273 433 442
f 273 442 441
f 273 441 452
f 273 452 456
f 273 456 460
f 273 460 465
f 273 465 469
f 273 469 473
f 273 473 477
f 273 477 478
f 273 478 484
f 273 484 489
f 273 489 490
f 273 490 485
f 273 485 481
f 273 481 476
f 273 476 471
f 273 471 467
f 273 467 462
f 273 462 458
f 273 458 454
f 273 454 446
f 273 446 445
f 273 445 444
f 273 444 436
f 273 436 427
f 273 427 420
f 273 420 410
f 273 410 409
f 273 409 402
f 273 402 394
f 273 394 393
f 273 393 379
f 273 379 376
f 273 376 363
f 273 363 345
f 273 345 332
f 273 332 331
f 273 331 318
f 273 318 317
f 273 317 315
f 273 315 302
f 273 302 300
f 273 300 288
f 273 288 275
f 273 275 274
f 275 288 289
f 275 289 276
f 276 289 277
f 277 289 288
f 277 288 290
f 277 290 279
f 279 290 291
f 279 291 280
f 280 291 292
f 280 292 293
f 280 293 294
f 280 294 281
f 284 295 285
f 285 295 296
f 285 296 297
f 285 297 298
f 285 298 286
f 286 298 299
f 286 299 287
f 288 300 301
f 288 301 290
f 290 301 300
f 290 300 302
f 290 302 303
f 290 303 304
f 290 304 305
f 290 305 292
f 290 292 291
f 292 305 306
f 292 306 293
f 293 307 308
f 293 306 307
f 295 309 296
f 296 309 310
f 296 310 311
f 296 311 297
f 297 311 312
f 297 312 313
f 297 313 298
f 298 313 314
f 298 314 299
f 302 315 305
f 302 305 304
f 302 304 303
f 305 316 307
f 305 307 306
f 305 315 317
f 305 317 318
f 305 318 319
f 305 319 320
f 305 320 316
f 307 316 308
f 308 316 321
f 310 322 311
f 311 322 323
f 311 323 324
f 311 324 325
f 311 325 326
f 311 326 327
f 311 327 328
f 311 328 312
f 312 328 329
f 312 329 313
f 313 329 314
f 314 329 330
f 316 320 321
f 318 331 319
f 319 332 333
f 319 333 334
f 319 334 320
f 319 331 332
f 320 334 335
f 320 335 321
f 324 336 325
f 325 336 337
f 325 337 326
f 326 338 327
f 326 337 339
f 326 339 340
f 326 340 341
f 326 341 342
f 326 342 338
f 327 338 328
f 328 338 343
f 328 343 329
f 329 343 344
f 329 344 330
f 332 345 333
f 333 346 347
f 333 347 348
f 333 348 334
f 333 345 346
f 334 349 335
f 334 348 350
f 334 350 351
f 334 351 352
f 334 352 349
f 338 353 354
f 338 354 343
f 338 342 355
f 338 355 353
f 339 356 340
f 340 356 341
f 341 356 357
f 341 357 358
f 341 358 359
f 341 359 360
f 341 360 342
f 342 360 361
f 342 361 355
f 343 354 344
f 344 354 362
f 345 363 346
f 346 363 347
f 347 363 350
f 347 350 348
f 350 364 365
f 350 365 366
f 350 366 351
f 350 363 364
f 353 362 354
f 353 355 367
f 353 367 362
f 355 361 368
f 355 368 367
f 358 369 360
f 358 360 359
f 360 369 370
f 360 370 371
f 360 371 372
f 360 372 373
f 360 373 374
f 360 374 375
f 360 375 361
f 361 375 368
f 363 376 364
f 364 377 378
f 364 378 365
f 364 376 379
f 364 379 377
f 368 375 380
f 370 381 371
f 371 381 372
f 372 382 383
f 372 383 384
f 372 384 385
f 372 385 373
f 372 381 386
f 372 386 387
f 372 387 388
f 372 388 382
f 373 389 374
f 373 385 390
f 373 390 389
f 374 389 380
f 374 380 375
f 377 391 392
f 377 392 378
f 377 379 393
f 377 393 394
f 377 394 391
f 382 395 383
f 382 388 396
f 382 396 395
f 383 397 398
f 383 398 399
f 383 399 384
f 383 395 397
f 384 399 400
f 384 400 385
f 385 400 390
f 391 401 392
f 391 394 402
f 391 402 401
f 395 403 397
f 395 396 404
f 395 404 405
f 395 405 403
f 397 406 398
f 397 403 407
f 397 407 406
f 401 402 409
f 401 409 410
f 401 410 408
f 403 405 411
f 403 411 412
f 403 412 413
f 403 413 407
f 406 407 414
f 407 415 416
f 407 416 417
f 407 417 414
f 407 413 418
f 407 418 415
f 408 410 420
f 408 420 419
f 415 418 421
f 415 421 416
f 416 422 423
f 416 423 424
f 416 424 417
f 416 421 422
f 419 420 426
f 419 426 425
f 420 427 426
f 421 428 422
f 422 429 423
f 422 428 430
f 422 430 431
f 422 431 432
f 422 432 433
f 422 433 429
f 425 426 434
f 426 435 434
f 426 427 436
f 426 436 435
f 431 437 432
f 432 437 438
f 432 438 439
f 432 439 440
f 432 440 441
f 432 441 442
f 432 442 433
f 434 435 443
f 435 436 444
f 435 444 445
f 435 445 446
f 435 446 443
f 439 447 440
f 440 447 448
f 440 448 449
f 440 449 450
f 440 450 451
f 440 451 452
f 440 452 441
f 443 446 454
f 443 454 453
f 451 455 452
f 452 455 456
f 453 454 457
f 454 458 457
f 455 459 456
f 456 459 460
f 457 458 461
f 458 462 461
f 459 463 460
f 460 463 464
f 460 464 465
f 461 462 466
f 462 467 468
f 462 468 466
f 464 469 465
f 464 470 469
f 467 471 472
f 467 472 468
f 469 470 473
f 470 474 473
f 471 475 472
f 471 476 475
f 473 474 477
f 474 478 477
f 474 479 478
f 475 476 480
f 476 481 482
f 476 482 480
f 478 479 483
f 478 483 484
f 481 485 486
f 481 486 487
f 481 487 482
f 483 488 484
f 484 488 489
f 485 490 491
f 485 491 492
f 485 492 486
f 488 491 490
f 488 490 489

o geometry_2
v -0.03939592 -0.01826594 -0.00109138 0.65294118 1.33529412 1.44117646
v -0.03939592 -0.01821094 -0.00327828 0.65294118 1.33529412 1.44117646
v -0.03446268 -0.01637112 0.00053410 0.65294118 1.33529412 1.44117646
v -0.03446268 -0.01634913 0.00109183 0.65294118 1.33529412 1.44117646
v -0.03446268 -0.01625017 0.00272468 0.65294118 1.33529412 1.44117646
v -0.03939592 -0.01809368 0.00109183 0.65294118 1.33529412 1.44117646
v -0.03939592 -0.01791042 -0.00546518 0.65294118 1.33529412 1.44117646
v -0.03904149 -0.01776748 -0.00546518 0.65294118 1.33529412 1.44117646
v -0.03446268 -0.01620253 -0.00164912 0.65294118 1.33529412 1.44117646
v -0.03446268 -0.01616222 0.00327873 0.65294118 1.33529412 1.44117646
v -0.03939592 -0.01784812 0.00255222 0.65294118 1.33529412 1.44117646
v -0.03939592 -0.01761723 -0.00687785 0.65294118 1.33529412 1.44117646
v -0.03924092 -0.01759524 -0.00682647 0.65294118 1.33529412 1.44117646
v -0.03446268 -0.01579206 -0.00381767 0.65294118 1.33529412 1.44117646
v -0.03446268 -0.01589833 -0.00327828 0.65294118 1.33529412 1.44117646
v -0.03939592 -0.01777848 0.00294115 0.65294118 1.33529412 1.44117646
v -0.03446268 -0.01583970 0.00489689 0.65294118 1.33529412 1.44117646
v -0.03939592 -0.01755858 -0.00701727 0.65294118 1.33529412 1.44117646
v -0.03914096 -0.01546587 -0.01115989 0.65294118 1.33529412 1.44117646
v -0.03870732 -0.01583970 -0.00984263 0.65294118 1.33529412 1.44117646
v -0.03446268 -0.01435905 -0.00768141 0.65294118 1.33529412 1.44117646
v -0.03446268 -0.01499308 -0.00633846 0.65294118 1.33529412 1.44117646
v -0.03446268 -0.01551353 -0.00492579 0.65294118 1.33529412 1.44117646
v -0.03939592 -0.01746696 0.00427677 0.65294118 1.33529412 1.44117646
v -0.03446268 -0.01574440 0.00524913 0.65294118 1.33529412 1.44117646
v -0.03939592 -0.01549152 -0.01118925 0.65294118 1.33529412 1.44117646
v -0.03742572 -0.01289304 -0.01282943 0.65294118 1.33529412 1.44117646
v -0.03446268 -0.01241293 -0.01065354 0.65294118 1.33529412 1.44117646
v -0.03446268 -0.01347945 -0.00926288 0.65294118 1.33529412 1.44117646
v -0.03446268 -0.01410249 -0.00818044 0.65294118 1.33529412 1.44117646
v -0.03939592 -0.01532293 -0.01140207 0.65294118 1.33529412 1.44117646
v -0.03888407 -0.01346112 -0.01347522 0.65294118 1.33529412 1.44117646
v -0.03939592 -0.01745962 0.00429513 0.65294118 1.33529412 1.44117646
v -0.03446268 -0.01416480 0.00902116 0.65294118 1.33529412 1.44117646
v -0.03446268 -0.01159197 -0.01158554 0.65294118 1.33529412 1.44117646
v -0.03743924 -0.01071970 -0.01510437 0.65294118 1.33529412 1.44117646
v -0.03939592 -0.01351609 -0.01352658 0.65294118 1.33529412 1.44117646
v -0.03889758 -0.01124746 -0.01554835 0.65294118 1.33529412 1.44117646
v -0.03939592 -0.01695386 0.00545462 0.65294118 1.33529412 1.44117646
v -0.03446268 -0.01390458 0.00946881 0.65294118 1.33529412 1.44117646
v -0.03939592 -0.01572242 0.00776259 0.65294118 1.33529412 1.44117646
v -0.03446268 -0.01013697 -0.01295418 0.65294118 1.33529412 1.44117646
v -0.03446268 -0.00931602 -0.01363299 0.65294118 1.33529412 1.44117646
v -0.03821332 -0.00993173 -0.01608040 0.65294118 1.33529412 1.44117646
v -0.03713067 -0.00665523 -0.01754445 0.65294118 1.33529412 1.44117646
v -0.03687908 -0.00926104 -0.01566945 0.65294118 1.33529412 1.44117646
v -0.03939592 -0.01312761 -0.01388250 0.65294118 1.33529412 1.44117646
v -0.03939592 -0.01127312 -0.01556670 0.65294118 1.33529412 1.44117646
v -0.03939592 -0.01080401 -0.01585658 0.65294118 1.33529412 1.44117646
v -0.03828093 -0.00820185 -0.01718485 0.65294118 1.33529412 1.44117646
v -0.03446268 -0.01224801 0.01165203 0.65294118 1.33529412 1.44117646
v -0.03939592 -0.01505906 0.00862488 0.65294118 1.33529412 1.44117646
v -0.03446268 -0.00593690 -0.01551534 0.65294118 1.33529412 1.44117646
v -0.03828093 -0.00710968 -0.01773892 0.65294118 1.33529412 1.44117646
v -0.03828093 -0.00546777 -0.01834068 0.65294118 1.33529412 1.44117646
v -0.03685879 -0.00546777 -0.01776828 0.65294118 1.33529412 1.44117646
v -0.03446268 -0.00327977 -0.01666381 0.65294118 1.33529412 1.44117646
v -0.03446268 -0.00433528 -0.01625654 0.65294118 1.33529412 1.44117646
v -0.03446268 -0.00518924 -0.01591163 0.65294118 1.33529412 1.44117646
v -0.03939592 -0.00825316 -0.01725825 0.65294118 1.33529412 1.44117646
v -0.03939592 -0.01415014 0.00978804 0.65294118 1.33529412 1.44117646
v -0.03446268 -0.01197314 0.01196760 0.65294118 1.33529412 1.44117646
v -0.03939592 -0.00716100 -0.01775359 0.65294118 1.33529412 1.44117646
v -0.03939592 -0.00546777 -0.01832967 0.65294118 1.33529412 1.44117646
v -0.03828093 -0.00327977 -0.01892043 0.65294118 1.33529412 1.44117646
v -0.03643676 -0.00327977 -0.01809851 0.65294118 1.33529412 1.44117646
v -0.03446268 -0.00251379 -0.01683261 0.65294118 1.33529412 1.44117646
v -0.03939592 -0.01383495 0.01013295 0.65294118 1.33529412 1.44117646
v -0.03446268 -0.01003436 0.01391232 0.65294118 1.33529412 1.44117646
v -0.03939592 -0.00327977 -0.01882503 0.65294118 1.33529412 1.44117646
v -0.03828093 -0.00109176 -0.01921398 0.65294118 1.33529412 1.44117646
v -0.03594130 -0.00097449 -0.01814622 0.65294118 1.33529412 1.44117646
v -0.03446268 -0.00097449 -0.01714816 0.65294118 1.33529412 1.44117646
v -0.03939592 -0.01196214 0.01186119 0.65294118 1.33529412 1.44117646
v -0.03446268 -0.00977413 0.01414349 0.65294118 1.33529412 1.44117646
v -0.03939592 -0.00109176 -0.01903785 0.65294118 1.33529412 1.44117646
v -0.03828093 0.00109257 -0.01923966 0.65294118 1.33529412 1.44117646
v -0.03609390 0.00109257 -0.01841408 0.65294118 1.33529412 1.44117646
v -0.03446268 -0.00004358 -0.01720687 0.65294118 1.33529412 1.44117646
v -0.03939592 -0.00950294 0.01382791 0.65294118 1.33529412 1.44117646
v -0.03446268 -0.00750185 0.01582769 0.65294118 1.33529412 1.44117646
v -0.03939592 0.00109257 -0.01897914 0.65294118 1.33529412 1.44117646
v -0.03828093 0.00328057 -0.01899748 0.65294118 1.33529412 1.44117646
v -0.03609390 0.00328057 -0.01834068 0.65294118 1.33529412 1.44117646
v -0.03489679 0.00328057 -0.01759215 0.65294118 1.33529412 1.44117646
v -0.03446268 0.00240464 -0.01728761 0.65294118 1.33529412 1.44117646
v -0.03446268 0.00109257 -0.01727659 0.65294118 1.33529412 1.44117646
v -0.03939592 -0.00876627 0.01423888 0.65294118 1.33529412 1.44117646
v -0.03446268 -0.00546411 0.01683673 0.65294118 1.33529412 1.44117646
v -0.03939592 0.00333188 -0.01861955 0.65294118 1.33529412 1.44117646
v -0.03939592 0.00463296 -0.01835169 0.65294118 1.33529412 1.44117646
v -0.03828093 0.00546856 -0.01847645 0.65294118 1.33529412 1.44117646
v -0.03662991 0.00717646 -0.01774994 0.65294118 1.33529412 1.44117646
v -0.03597799 0.00539894 -0.01794807 0.65294118 1.33529412 1.44117646
v -0.03494749 0.00462563 -0.01754813 0.65294118 1.33529412 1.44117646
v -0.03446268 0.00328057 -0.01723990 0.65294118 1.33529412 1.44117646
v -0.03939592 -0.00511227 0.01576898 0.65294118 1.33529412 1.44117646
v -0.03446268 -0.00327977 0.01760361 0.65294118 1.33529412 1.44117646
v -0.03939592 0.00546856 -0.01814988 0.65294118 1.33529412 1.44117646
v -0.03939592 0.00666336 -0.01782699 0.65294118 1.33529412 1.44117646
v -0.03828093 0.00730840 -0.01781964 0.65294118 1.33529412 1.44117646
v -0.03828093 0.00840057 -0.01732062 0.65294118 1.33529412 1.44117646
v -0.03609390 0.00984091 -0.01629322 0.65294118 1.33529412 1.44117646
v -0.03597799 0.00780684 -0.01718485 0.65294118 1.33529412 1.44117646
v -0.03517204 0.00608429 -0.01739034 0.65294118 1.33529412 1.44117646
v -0.03446268 0.00500311 -0.01698672 0.65294118 1.33529412 1.44117646
v -0.03446268 0.00405755 -0.01718853 0.65294118 1.33529412 1.44117646
v -0.03939592 -0.00440492 0.01595244 0.65294118 1.33529412 1.44117646
v -0.03446268 -0.00163051 0.01795587 0.65294118 1.33529412 1.44117646
v -0.03939592 -0.00327977 0.01620929 0.65294118 1.33529412 1.44117646
v -0.03939592 0.00701154 -0.01770224 0.65294118 1.33529412 1.44117646
v -0.03939592 0.01095873 -0.01538691 0.65294118 1.33529412 1.44117646
v -0.03828093 0.00984091 -0.01645834 0.65294118 1.33529412 1.44117646
v -0.03609390 0.01120428 -0.01550800 0.65294118 1.33529412 1.44117646
v -0.03499628 0.01094040 -0.01531353 0.65294118 1.33529412 1.44117646
v -0.03473695 0.00984091 -0.01558872 0.65294118 1.33529412 1.44117646
v -0.03446268 0.00837491 -0.01589694 0.65294118 1.33529412 1.44117646
v -0.03446268 0.00766757 -0.01614279 0.65294118 1.33529412 1.44117646
v -0.03446268 0.00567381 -0.01681427 0.65294118 1.33529412 1.44117646
v -0.03446268 -0.00129334 0.01801091 0.65294118 1.33529412 1.44117646
v -0.03939592 -0.00220593 0.01635972 0.65294118 1.33529412 1.44117646
v -0.03446268 -0.00109176 0.01804026 0.65294118 1.33529412 1.44117646
v -0.03939592 0.01099905 -0.01536123 0.65294118 1.33529412 1.44117646
v -0.03828093 0.01124460 -0.01554102 0.65294118 1.33529412 1.44117646
v -0.03609390 0.01230012 -0.01467140 0.65294118 1.33529412 1.44117646
v -0.03446268 0.01181634 -0.01410267 0.65294118 1.33529412 1.44117646
v -0.03446268 0.01059224 -0.01490991 0.65294118 1.33529412 1.44117646
v -0.03478186 0.01333365 -0.01332111 0.65294118 1.33529412 1.44117646
v -0.03446268 0.00987390 -0.01527316 0.65294118 1.33529412 1.44117646
v -0.03446268 0.00944142 -0.01546029 0.65294118 1.33529412 1.44117646
v -0.03939592 -0.00109176 0.01642578 0.65294118 1.33529412 1.44117646
v -0.03446268 0.00109257 0.01824573 0.65294118 1.33529412 1.44117646
v -0.03828093 0.01347658 -0.01348989 0.65294118 1.33529412 1.44117646
v -0.03828093 0.01233677 -0.01458335 0.65294118 1.33529412 1.44117646
v -0.03939592 0.01320537 -0.01321470 0.65294118 1.33529412 1.44117646
v -0.03609390 0.01358286 -0.01357795 0.65294118 1.33529412 1.44117646
v -0.03446268 0.01306244 -0.01317433 0.65294118 1.33529412 1.44117646
v -0.03479442 0.01545934 -0.01112321 0.65294118 1.33529412 1.44117646
v -0.03446268 0.01481797 -0.01143876 0.65294118 1.33529412 1.44117646
v -0.03446268 0.01364151 -0.01266063 0.65294118 1.33529412 1.44117646
v -0.03939592 -0.00001793 0.01642944 0.65294118 1.33529412 1.44117646
v -0.03446268 0.00328057 0.01817603 0.65294118 1.33529412 1.44117646
v -0.03768165 0.01554731 -0.01126264 0.65294118 1.33529412 1.44117646
v -0.03609390 0.01467870 -0.01241480 0.65294118 1.33529412 1.44117646
v -0.03939592 0.01497556 -0.01048108 0.65294118 1.33529412 1.44117646
v -0.03914000 0.01515882 -0.01064620 0.65294118 1.33529412 1.44117646
v -0.03609390 0.01655517 -0.00984263 0.65294118 1.33529412 1.44117646
v -0.03609390 0.01736148 -0.00845196 0.65294118 1.33529412 1.44117646
v -0.03454139 0.01773163 -0.00708333 0.65294118 1.33529412 1.44117646
v -0.03446268 0.01764001 -0.00716039 0.65294118 1.33529412 1.44117646
v -0.03446268 0.01560594 -0.01051410 0.65294118 1.33529412 1.44117646
v -0.03446268 0.01529442 -0.01093241 0.65294118 1.33529412 1.44117646
v -0.03609390 0.01559862 -0.01132134 0.65294118 1.33529412 1.44117646
v -0.03939592 0.00109257 0.01635238 0.65294118 1.33529412 1.44117646
v -0.03446268 0.00548690 0.01787881 0.65294118 1.33529412 1.44117646
v -0.03939592 0.00216641 0.01622763 0.65294118 1.33529412 1.44117646
v -0.03835868 0.01596512 -0.00988665 0.65294118 1.33529412 1.44117646
v -0.03755464 0.01770599 -0.00710168 0.65294118 1.33529412 1.44117646
v -0.03939592 0.01537505 -0.00976557 0.65294118 1.33529412 1.44117646
v -0.03828237 0.01697666 -0.00775847 0.65294118 1.33529412 1.44117646
v -0.03609390 0.01783059 -0.00735852 0.65294118 1.33529412 1.44117646
v -0.03609390 0.01847198 -0.00546518 0.65294118 1.33529412 1.44117646
v -0.03446268 0.01871019 -0.00327828 0.65294118 1.33529412 1.44117646
v -0.03446268 0.01776096 -0.00689619 0.65294118 1.33529412 1.44117646
v -0.03446268 0.01770964 -0.00703195 0.65294118 1.33529412 1.44117646
v -0.03446268 0.00601832 0.01780542 0.65294118 1.33529412 1.44117646
v -0.03939592 0.00328057 0.01600748 0.65294118 1.33529412 1.44117646
v -0.03499724 0.00655341 0.01749720 0.65294118 1.33529412 1.44117646
v -0.03898498 0.01720755 -0.00546518 0.65294118 1.33529412 1.44117646
v -0.03789123 0.01794421 -0.00546518 0.65294118 1.33529412 1.44117646
v -0.03609390 0.01895942 -0.00327828 0.65294118 1.33529412 1.44117646
v -0.03939592 0.01558029 -0.00928489 0.65294118 1.33529412 1.44117646
v -0.03939592 0.01616669 -0.00768509 0.65294118 1.33529412 1.44117646
v -0.03446268 0.01903638 -0.00109138 0.65294118 1.33529412 1.44117646
v -0.03446268 0.00679530 0.01759627 0.65294118 1.33529412 1.44117646
v -0.03939592 0.00406488 0.01581668 0.65294118 1.33529412 1.44117646
v -0.03939592 0.00488583 0.01554147 0.65294118 1.33529412 1.44117646
v -0.03446268 0.00733039 0.01737978 0.65294118 1.33529412 1.44117646
v -0.03509286 0.01103936 0.01538370 0.65294118 1.33529412 1.44117646
v -0.03939592 0.00679896 0.01477092 0.65294118 1.33529412 1.44117646
v -0.03939592 0.00542093 0.01533232 0.65294118 1.33529412 1.44117646
v -0.03939592 0.01689602 -0.00545049 0.65294118 1.33529412 1.44117646
v -0.03939592 0.01701696 -0.00485975 0.65294118 1.33529412 1.44117646
v -0.03808245 0.01815312 -0.00327828 0.65294118 1.33529412 1.44117646
v -0.03609390 0.01916832 -0.00109138 0.65294118 1.33529412 1.44117646
v -0.03446268 0.01908768 0.00109183 0.65294118 1.33529412 1.44117646
v -0.03446268 0.00984091 0.01614692 0.65294118 1.33529412 1.44117646
v -0.03446268 0.01174303 0.01502410 0.65294118 1.33529412 1.44117646
v -0.03532029 0.01339962 0.01338393 0.65294118 1.33529412 1.44117646
v -0.03939592 0.01096972 0.01227582 0.65294118 1.33529412 1.44117646
v -0.03939592 0.00940843 0.01346466 0.65294118 1.33529412 1.44117646
v -0.03939592 0.00862413 0.01391965 0.65294118 1.33529412 1.44117646
v -0.03446268 0.01116397 0.01547543 0.65294118 1.33529412 1.44117646
v -0.03939592 0.01720389 -0.00327828 0.65294118 1.33529412 1.44117646
v -0.03939592 0.01722586 -0.00290768 0.65294118 1.33529412 1.44117646
v -0.03807135 0.01822275 -0.00109138 0.65294118 1.33529412 1.44117646
v -0.03609390 0.01909869 0.00109183 0.65294118 1.33529412 1.44117646
v -0.03446268 0.01886412 0.00327873 0.65294118 1.33529412 1.44117646
v -0.03446268 0.01353156 0.01352337 0.65294118 1.33529412 1.44117646
v -0.03529035 0.01549599 0.01117135 0.65294118 1.33529412 1.44117646
v -0.03939592 0.01324203 0.00998252 0.65294118 1.33529412 1.44117646
v -0.03939592 0.01164408 0.01167772 0.65294118 1.33529412 1.44117646
v -0.03939592 0.01720389 -0.00109138 0.65294118 1.33529412 1.44117646
v -0.03939592 0.01717822 -0.00070611 0.65294118 1.33529412 1.44117646
v -0.03791393 0.01814579 0.00109183 0.65294118 1.33529412 1.44117646
v -0.03609390 0.01875785 0.00327873 0.65294118 1.33529412 1.44117646
v -0.03446268 0.01835103 0.00549131 0.65294118 1.33529412 1.44117646
v -0.03446268 0.01419492 0.01280419 0.65294118 1.33529412 1.44117646
v -0.03446268 0.01556196 0.01126675 0.65294118 1.33529412 1.44117646
v -0.03446268 0.01613004 0.01037513 0.65294118 1.33529412 1.44117646
v -0.03557865 0.01775363 0.00713881 0.65294118 1.33529412 1.44117646
v -0.03622235 0.01706094 0.00778461 0.65294118 1.33529412 1.44117646
v -0.03604947 0.01592113 0.00976970 0.65294118 1.33529412 1.44117646
v -0.03939592 0.01370748 0.00938442 0.65294118 1.33529412 1.44117646
v -0.03939592 0.01699499 0.00109183 0.65294118 1.33529412 1.44117646
v -0.03939592 0.01659549 0.00327873 0.65294118 1.33529412 1.44117646
v -0.03765702 0.01793322 0.00327873 0.65294118 1.33529412 1.44117646
v -0.03740109 0.01769499 0.00489689 0.65294118 1.33529412 1.44117646
v -0.03622235 0.01806148 0.00556470 0.65294118 1.33529412 1.44117646
v -0.03446268 0.01821175 0.00602336 0.65294118 1.33529412 1.44117646
v -0.03446268 0.01728084 0.00826896 0.65294118 1.33529412 1.44117646
v -0.03446268 0.01779761 0.00726724 0.65294118 1.33529412 1.44117646
v -0.03703650 0.01739447 0.00635726 0.65294118 1.33529412 1.44117646
v -0.03733734 0.01548867 0.00899181 0.65294118 1.33529412 1.44117646
v -0.03939592 0.01575255 0.00577017 0.65294118 1.33529412 1.44117646
v -0.03939592 0.01600176 0.00521244 0.65294118 1.33529412 1.44117646
f 493 494 495
f 493 495 496
f 493 496 497
f 493 497 498
f 493 498 503
f 493 503 508
f 493 508 516
f 493 516 525
f 493 525 531
f 493 531 533
f 493 533 544
f 493 544 553
f 493 553 560
f 493 560 566
f 493 566 572
f 493 572 580
f 493 580 589
f 493 589 600
f 493 600 602
f 493 602 613
f 493 613 623
f 493 623 633
f 493 633 646
f 493 646 648
f 493 648 659
f 493 659 668
f 493 668 669
f 493 669 673
f 493 673 672
f 493 672 684
f 493 684 683
f 493 683 682
f 493 682 694
f 493 694 693
f 493 693 706
f 493 706 717
f 493 717 718
f 493 718 708
f 493 708 707
f 493 707 696
f 493 696 695
f 493 695 687
f 493 687 686
f 493 686 675
f 493 675 674
f 493 674 665
f 493 665 664
f 493 664 651
f 493 651 637
f 493 637 627
f 493 627 615
f 493 615 604
f 493 604 603
f 493 603 592
f 493 592 591
f 493 591 583
f 493 583 582
f 493 582 574
f 493 574 568
f 493 568 562
f 493 562 556
f 493 556 555
f 493 555 552
f 493 552 541
f 493 541 540
f 493 540 539
f 493 539 529
f 493 529 523
f 493 523 518
f 493 518 510
f 493 510 504
f 493 504 499
f 493 499 494
f 494 499 500
f 494 500 501
f 494 501 495
f 495 501 507
f 495 507 506
f 495 506 515
f 495 515 514
f 495 514 513
f 495 513 522
f 495 522 521
f 495 521 520
f 495 520 527
f 495 527 534
f 495 534 535
f 495 535 545
f 495 545 551
f 495 551 550
f 495 550 549
f 495 549 559
f 495 559 565
f 495 565 571
f 495 571 579
f 495 579 578
f 495 578 588
f 495 588 599
f 495 599 598
f 495 598 611
f 495 611 610
f 495 610 609
f 495 609 622
f 495 622 621
f 495 621 619
f 495 619 618
f 495 618 629
f 495 629 632
f 495 632 631
f 495 631 644
f 495 644 643
f 495 643 642
f 495 642 657
f 495 657 656
f 495 656 655
f 495 655 666
f 495 666 678
f 495 678 690
f 495 690 699
f 495 699 712
f 495 712 714
f 495 714 713
f 495 713 702
f 495 702 701
f 495 701 700
f 495 700 691
f 495 691 680
f 495 680 685
f 495 685 679
f 495 679 670
f 495 670 667
f 495 667 658
f 495 658 647
f 495 647 634
f 495 634 624
f 495 624 614
f 495 614 612
f 495 612 601
f 495 601 590
f 495 590 581
f 495 581 573
f 495 573 567
f 495 567 561
f 495 561 554
f 495 554 543
f 495 543 532
f 495 532 526
f 495 526 517
f 495 517 509
f 495 509 502
f 495 502 497
f 495 497 496
f 497 502 498
f 498 502 503
f 499 504 505
f 499 505 500
f 500 505 506
f 500 506 507
f 500 507 501
f 502 508 503
f 502 509 508
f 504 510 505
f 505 510 511
f 505 511 512
f 505 512 513
f 505 513 514
f 505 514 515
f 505 515 506
f 508 509 516
f 509 517 516
f 510 518 511
f 511 519 520
f 511 520 521
f 511 521 522
f 511 522 513
f 511 513 512
f 511 518 523
f 511 523 524
f 511 524 519
f 516 517 525
f 517 526 525
f 519 527 520
f 519 524 528
f 519 528 527
f 523 529 524
f 524 529 530
f 524 530 528
f 525 526 531
f 526 532 533
f 526 533 531
f 527 528 534
f 528 535 534
f 528 530 536
f 528 536 537
f 528 537 538
f 528 538 535
f 529 539 530
f 530 539 540
f 530 540 541
f 530 541 542
f 530 542 536
f 532 543 533
f 533 543 544
f 535 538 537
f 535 537 545
f 536 542 537
f 537 542 546
f 537 546 547
f 537 547 548
f 537 548 549
f 537 549 550
f 537 550 551
f 537 551 545
f 541 552 542
f 542 552 546
f 543 553 544
f 543 554 553
f 546 552 555
f 546 555 547
f 547 555 556
f 547 556 557
f 547 557 548
f 548 557 558
f 548 558 549
f 549 558 559
f 553 554 560
f 554 561 560
f 556 562 557
f 557 562 563
f 557 563 558
f 558 564 565
f 558 565 559
f 558 563 564
f 560 561 566
f 561 567 566
f 562 568 563
f 563 568 569
f 563 569 570
f 563 570 564
f 564 570 565
f 565 570 571
f 566 567 572
f 567 573 572
f 568 574 569
f 569 574 575
f 569 575 576
f 569 576 570
f 570 576 577
f 570 577 578
f 570 578 579
f 570 579 571
f 572 573 580
f 573 581 580
f 574 582 575
f 575 582 583
f 575 583 584
f 575 584 585
f 575 585 586
f 575 586 576
f 576 586 587
f 576 587 577
f 577 587 588
f 577 588 578
f 580 581 589
f 581 590 589
f 583 591 584
f 584 591 592
f 584 592 593
f 584 593 585
f 585 593 594
f 585 594 595
f 585 595 596
f 585 596 597
f 585 597 586
f 586 597 587
f 587 597 598
f 587 598 599
f 587 599 588
f 589 590 600
f 590 601 602
f 590 602 600
f 592 603 593
f 593 603 594
f 594 603 604
f 594 604 605
f 594 605 606
f 594 606 595
f 595 606 607
f 595 607 596
f 596 607 597
f 597 607 608
f 597 608 609
f 597 609 610
f 597 610 611
f 597 611 598
f 601 612 602
f 602 612 614
f 602 614 613
f 604 615 605
f 605 615 616
f 605 616 606
f 606 616 617
f 606 617 607
f 607 618 619
f 607 619 608
f 607 617 620
f 607 620 618
f 608 619 621
f 608 621 622
f 608 622 609
f 613 614 624
f 613 624 623
f 615 625 626
f 615 626 616
f 615 627 625
f 616 626 628
f 616 628 617
f 617 628 620
f 618 620 629
f 620 630 631
f 620 631 632
f 620 632 629
f 620 628 630
f 623 624 633
f 624 634 633
f 625 628 626
f 625 627 635
f 625 635 636
f 625 636 628
f 627 637 638
f 627 638 635
f 628 636 630
f 630 639 640
f 630 640 641
f 630 641 642
f 630 642 643
f 630 643 644
f 630 644 631
f 630 636 645
f 630 645 639
f 633 634 646
f 634 647 648
f 634 648 646
f 635 645 636
f 635 638 649
f 635 649 650
f 635 650 640
f 635 640 639
f 635 639 645
f 637 651 638
f 638 651 652
f 638 652 650
f 638 650 649
f 640 650 653
f 640 653 641
f 641 653 654
f 641 654 655
f 641 655 656
f 641 656 657
f 641 657 642
f 647 658 648
f 648 658 660
f 648 660 659
f 650 652 661
f 650 661 662
f 650 662 663
f 650 663 654
f 650 654 653
f 651 664 652
f 652 665 661
f 652 664 665
f 654 663 655
f 655 663 666
f 658 667 660
f 659 660 668
f 660 669 668
f 660 667 670
f 660 670 671
f 660 671 672
f 660 672 673
f 660 673 669
f 661 665 674
f 661 674 675
f 661 675 676
f 661 676 662
f 662 676 663
f 663 676 677
f 663 677 666
f 666 677 678
f 670 679 671
f 671 680 681
f 671 681 682
f 671 682 683
f 671 683 684
f 671 684 672
f 671 679 685
f 671 685 680
f 675 686 676
f 676 686 687
f 676 687 688
f 676 688 677
f 677 688 689
f 677 689 678
f 678 689 690
f 680 691 681
f 681 691 692
f 681 692 693
f 681 693 694
f 681 694 682
f 687 695 688
f 688 695 696
f 688 696 697
f 688 697 689
f 689 697 698
f 689 698 690
f 690 698 699
f 691 700 692
f 692 701 702
f 692 702 703
f 692 703 704
f 692 704 705
f 692 705 706
f 692 706 693
f 692 700 701
f 696 707 697
f 697 707 708
f 697 708 709
f 697 709 698
f 698 709 710
f 698 710 711
f 698 711 703
f 698 703 712
f 698 712 699
f 702 713 703
f 703 713 714
f 703 714 712
f 703 711 715
f 703 715 704
f 704 715 705
f 705 715 716
f 705 716 706
f 706 716 715
f 706 715 717
f 708 718 710
f 708 710 709
f 710 718 715
f 710 715 711
f 715 718 717

o geometry_3
v -0.03042309 -0.00109311 0.01979720 0.57058824 1.18235293 0.78823530
v -0.03042309 -0.00075803 0.01977904 0.57058824 1.18235293 0.78823530
v -0.03171888 0.00109241 0.01932888 0.57058824 1.18235293 0.78823530
v -0.03390593 0.00109241 0.01861371 0.57058824 1.18235293 0.78823530
v -0.03171888 -0.00109311 0.01934703 0.57058824 1.18235293 0.78823530
v -0.03171888 -0.00327861 0.01900941 0.57058824 1.18235293 0.78823530
v -0.03042309 -0.00546783 0.01904571 0.57058824 1.18235293 0.78823530
v -0.03042309 0.00109241 0.01963020 0.57058824 1.18235293 0.78823530
v -0.03390593 0.00327791 0.01849753 0.57058824 1.18235293 0.78823530
v -0.03446268 0.00109241 0.01824342 0.57058824 1.18235293 0.78823530
v -0.03412104 -0.00129415 0.01825068 0.57058824 1.18235293 0.78823530
v -0.03446268 0.00327791 0.01817807 0.57058824 1.18235293 0.78823530
v -0.03372087 -0.00327861 0.01816354 0.57058824 1.18235293 0.78823530
v -0.03328908 -0.00546783 0.01785134 0.57058824 1.18235293 0.78823530
v -0.03042309 -0.00763099 0.01854110 0.57058824 1.18235293 0.78823530
v -0.03042309 0.00500917 0.01904571 0.57058824 1.18235293 0.78823530
v -0.03412300 0.00567934 0.01800381 0.57058824 1.18235293 0.78823530
v -0.03446268 0.00602189 0.01780777 0.57058824 1.18235293 0.78823530
v -0.03446268 -0.00109311 0.01804011 0.57058824 1.18235293 0.78823530
v -0.03446268 -0.00129415 0.01801107 0.57058824 1.18235293 0.78823530
v -0.03446268 -0.00162924 0.01795299 0.57058824 1.18235293 0.78823530
v -0.03446268 -0.00327861 0.01760448 0.57058824 1.18235293 0.78823530
v -0.03446268 -0.00546411 0.01683847 0.57058824 1.18235293 0.78823530
v -0.03295929 -0.00678584 0.01760448 0.57058824 1.18235293 0.78823530
v -0.03042309 -0.00968993 0.01779326 0.57058824 1.18235293 0.78823530
v -0.03042309 0.00546712 0.01894407 0.57058824 1.18235293 0.78823530
v -0.03353818 0.00720957 0.01776420 0.57058824 1.18235293 0.78823530
v -0.03446268 0.00679259 0.01759358 0.57058824 1.18235293 0.78823530
v -0.03446268 -0.00750441 0.01582923 0.57058824 1.18235293 0.78823530
v -0.03321868 -0.00939207 0.01575300 0.57058824 1.18235293 0.78823530
v -0.03269081 -0.01085156 0.01523023 0.57058824 1.18235293 0.78823530
v -0.03042309 -0.01204668 0.01591636 0.57058824 1.18235293 0.78823530
v -0.03042309 0.00712395 0.01850480 0.57058824 1.18235293 0.78823530
v -0.03042309 0.00757073 0.01834869 0.57058824 1.18235293 0.78823530
v -0.03390593 0.00984186 0.01641372 0.57058824 1.18235293 0.78823530
v -0.03412300 0.00782389 0.01730679 0.57058824 1.18235293 0.78823530
v -0.03446268 0.00732871 0.01737939 0.57058824 1.18235293 0.78823530
v -0.03446268 -0.00977182 0.01414476 0.57058824 1.18235293 0.78823530
v -0.03446268 -0.01003245 0.01391241 0.57058824 1.18235293 0.78823530
v -0.03446268 -0.01197222 0.01196655 0.57058824 1.18235293 0.78823530
v -0.03270742 -0.01303706 0.01300121 0.57058824 1.18235293 0.78823530
v -0.03042309 -0.01423592 0.01378899 0.57058824 1.18235293 0.78823530
v -0.03042309 -0.01400880 0.01401043 0.57058824 1.18235293 0.78823530
v -0.03042309 0.01124178 0.01627940 0.57058824 1.18235293 0.78823530
v -0.03446268 0.00984186 0.01614870 0.57058824 1.18235293 0.78823530
v -0.03390593 0.01127156 0.01556059 0.57058824 1.18235293 0.78823530
v -0.03446268 0.01116359 0.01547709 0.57058824 1.18235293 0.78823530
v -0.03446268 -0.01224774 0.01165434 0.57058824 1.18235293 0.78823530
v -0.03446268 -0.01390455 0.00946888 0.57058824 1.18235293 0.78823530
v -0.03042309 -0.01618686 0.01137117 0.57058824 1.18235293 0.78823530
v -0.03042309 0.01165133 0.01600711 0.57058824 1.18235293 0.78823530
v -0.03390593 0.01236618 0.01470745 0.57058824 1.18235293 0.78823530
v -0.03446268 0.01174440 0.01502329 0.57058824 1.18235293 0.78823530
v -0.03446268 -0.01416518 0.00902235 0.57058824 1.18235293 0.78823530
v -0.03042309 -0.01812291 0.00736690 0.57058824 1.18235293 0.78823530
v -0.03042309 0.01384800 0.01385070 0.57058824 1.18235293 0.78823530
v -0.03390593 0.01361717 0.01361473 0.57058824 1.18235293 0.78823530
v -0.03446268 0.01353153 0.01352397 0.57058824 1.18235293 0.78823530
v -0.03446268 -0.01574752 0.00525042 0.57058824 1.18235293 0.78823530
v -0.03042309 -0.01827928 0.00691676 0.57058824 1.18235293 0.78823530
v -0.03042309 0.01621221 0.00983917 0.57058824 1.18235293 0.78823530
v -0.03390593 0.01655475 0.00984280 0.57058824 1.18235293 0.78823530
v -0.03390593 0.01560906 0.01133487 0.57058824 1.18235293 0.78823530
v -0.03390593 0.01471177 0.01242761 0.57058824 1.18235293 0.78823530
v -0.03446268 0.01419426 0.01280516 0.57058824 1.18235293 0.78823530
v -0.03446268 -0.01584060 0.00489465 0.57058824 1.18235293 0.78823530
v -0.03042309 -0.01860320 0.00546825 0.57058824 1.18235293 0.78823530
v -0.03042309 0.01687494 0.00766459 0.57058824 1.18235293 0.78823530
v -0.03253659 0.01767170 0.00700751 0.57058824 1.18235293 0.78823530
v -0.03390593 0.01782063 0.00733061 0.57058824 1.18235293 0.78823530
v -0.03390593 0.01734778 0.00842334 0.57058824 1.18235293 0.78823530
v -0.03446268 0.01612658 0.01037646 0.57058824 1.18235293 0.78823530
v -0.03446268 0.01556438 0.01126953 0.57058824 1.18235293 0.78823530
v -0.03446268 -0.01616452 0.00327915 0.57058824 1.18235293 0.78823530
v -0.03042309 -0.01870373 0.00479300 0.57058824 1.18235293 0.78823530
v -0.03446268 -0.01625016 0.00272371 0.57058824 1.18235293 0.78823530
v -0.03042309 0.01708716 0.00570058 0.57058824 1.18235293 0.78823530
v -0.03390593 0.01890034 0.00327915 0.57058824 1.18235293 0.78823530
v -0.03390593 0.01844240 0.00546825 0.57058824 1.18235293 0.78823530
v -0.03446268 0.01779828 0.00726526 0.57058824 1.18235293 0.78823530
v -0.03446268 0.01728077 0.00827087 0.57058824 1.18235293 0.78823530
v -0.03042309 -0.01887127 0.00327915 0.57058824 1.18235293 0.78823530
v -0.03446268 -0.01634695 0.00109731 0.57058824 1.18235293 0.78823530
v -0.03042309 0.01710578 0.00546825 0.57058824 1.18235293 0.78823530
v -0.03208227 0.01807752 0.00327915 0.57058824 1.18235293 0.78823530
v -0.03390593 0.01908277 0.00109731 0.57058824 1.18235293 0.78823530
v -0.03446268 0.01909023 0.00109731 0.57058824 1.18235293 0.78823530
v -0.03446268 0.01886683 0.00327915 0.57058824 1.18235293 0.78823530
v -0.03446268 0.01834932 0.00549003 0.57058824 1.18235293 0.78823530
v -0.03446268 0.01821156 0.00602368 0.57058824 1.18235293 0.78823530
v -0.03042309 -0.01894573 0.00109731 0.57058824 1.18235293 0.78823530
v -0.03446268 -0.01636929 0.00053824 0.57058824 1.18235293 0.78823530
v -0.03042309 0.01719885 0.00327915 0.57058824 1.18235293 0.78823530
v -0.03210164 0.01812964 0.00109731 0.57058824 1.18235293 0.78823530
v -0.03390593 0.01899342 -0.00109178 0.57058824 1.18235293 0.78823530
v -0.03446268 0.01903810 -0.00109178 0.57058824 1.18235293 0.78823530
v -0.03042309 -0.01881542 0.00066894 0.57058824 1.18235293 0.78823530
v -0.03446268 -0.01620176 -0.00164722 0.57058824 1.18235293 0.78823530
v -0.03446268 -0.01590018 -0.00328087 0.57058824 1.18235293 0.78823530
v -0.03446268 -0.01579220 -0.00381816 0.57058824 1.18235293 0.78823530
v -0.03446268 -0.01551297 -0.00492542 0.57058824 1.18235293 0.78823530
v -0.03042309 0.01716907 0.00109731 0.57058824 1.18235293 0.78823530
v -0.03042309 0.01703875 -0.00109178 0.57058824 1.18235293 0.78823530
v -0.03390593 0.01862483 -0.00328087 0.57058824 1.18235293 0.78823530
v -0.03446268 0.01871046 -0.00328087 0.57058824 1.18235293 0.78823530
v -0.03042309 0.01683771 -0.00328087 0.57058824 1.18235293 0.78823530
v -0.03042309 -0.01830908 -0.00080136 0.57058824 1.18235293 0.78823530
v -0.03446268 -0.01499172 -0.00633762 0.57058824 1.18235293 0.78823530
v -0.03384939 0.01798817 -0.00543003 0.57058824 1.18235293 0.78823530
v -0.03446268 0.01776105 -0.00689670 0.57058824 1.18235293 0.78823530
v -0.03042309 0.01633135 -0.00547723 0.57058824 1.18235293 0.78823530
v -0.03042309 -0.01817132 -0.00110267 0.57058824 1.18235293 0.78823530
v -0.03446268 -0.01436250 -0.00768084 0.57058824 1.18235293 0.78823530
v -0.03446268 0.01770893 -0.00703464 0.57058824 1.18235293 0.78823530
v -0.03042309 0.01409745 -0.00974287 0.57058824 1.18235293 0.78823530
v -0.03042309 -0.01601559 -0.00558977 0.57058824 1.18235293 0.78823530
v -0.03446268 -0.01410187 -0.00817821 0.57058824 1.18235293 0.78823530
v -0.03042309 -0.01392316 -0.00959040 0.57058824 1.18235293 0.78823530
v -0.03446268 0.01763819 -0.00715807 0.57058824 1.18235293 0.78823530
v -0.03446268 0.01481603 -0.01143825 0.57058824 1.18235293 0.78823530
v -0.03446268 0.01529259 -0.01093000 0.57058824 1.18235293 0.78823530
v -0.03446268 0.01560534 -0.01051251 0.57058824 1.18235293 0.78823530
v -0.03042309 0.01201620 -0.01192471 0.57058824 1.18235293 0.78823530
v -0.03446268 -0.01348011 -0.00926367 0.57058824 1.18235293 0.78823530
v -0.03446268 -0.01241155 -0.01065409 0.57058824 1.18235293 0.78823530
v -0.03042309 -0.01368489 -0.00988809 0.57058824 1.18235293 0.78823530
v -0.03446268 0.01364322 -0.01266168 0.57058824 1.18235293 0.78823530
v -0.03042309 0.00996472 -0.01375440 0.57058824 1.18235293 0.78823530
v -0.03446268 -0.01159246 -0.01158710 0.57058824 1.18235293 0.78823530
v -0.03042309 -0.01187170 -0.01187027 0.57058824 1.18235293 0.78823530
v -0.03446268 0.01306241 -0.01317355 0.57058824 1.18235293 0.78823530
v -0.03042309 0.00966687 -0.01396134 0.57058824 1.18235293 0.78823530
v -0.03446268 0.01178909 -0.01411745 0.57058824 1.18235293 0.78823530
v -0.03446268 0.01181514 -0.01409929 0.57058824 1.18235293 0.78823530
v -0.03446268 -0.01013670 -0.01295572 0.57058824 1.18235293 0.78823530
v -0.03042309 -0.00958940 -0.01392141 0.57058824 1.18235293 0.78823530
v -0.03446268 0.01059395 -0.01491249 0.57058824 1.18235293 0.78823530
v -0.03042309 0.00560861 -0.01602337 0.57058824 1.18235293 0.78823530
v -0.03446268 -0.00931760 -0.01363461 0.57058824 1.18235293 0.78823530
v -0.03042309 -0.00919473 -0.01415011 0.57058824 1.18235293 0.78823530
v -0.03446268 0.00987165 -0.01527552 0.57058824 1.18235293 0.78823530
v -0.03042309 0.00535543 -0.01613590 0.57058824 1.18235293 0.78823530
v -0.03446268 -0.00593695 -0.01551875 0.57058824 1.18235293 0.78823530
v -0.03042309 -0.00533753 -0.01612865 0.57058824 1.18235293 0.78823530
v -0.03446268 -0.00518860 -0.01591083 0.57058824 1.18235293 0.78823530
v -0.03446268 0.00944347 -0.01546066 0.57058824 1.18235293 0.78823530
v -0.03042309 0.00327791 -0.01659333 0.57058824 1.18235293 0.78823530
v -0.03446268 0.00500545 -0.01698542 0.57058824 1.18235293 0.78823530
v -0.03446268 0.00567563 -0.01681479 0.57058824 1.18235293 0.78823530
v -0.03446268 0.00766752 -0.01614317 0.57058824 1.18235293 0.78823530
v -0.03446268 0.00837494 -0.01589631 0.57058824 1.18235293 0.78823530
v -0.03446268 -0.00433599 -0.01625571 0.57058824 1.18235293 0.78823530
v -0.03446268 -0.00327861 -0.01666232 0.57058824 1.18235293 0.78823530
v -0.03042309 -0.00496521 -0.01622667 0.57058824 1.18235293 0.78823530
v -0.03446268 0.00327791 -0.01723953 0.57058824 1.18235293 0.78823530
v -0.03446268 0.00405605 -0.01718871 0.57058824 1.18235293 0.78823530
v -0.03042309 0.00109241 -0.01672039 0.57058824 1.18235293 0.78823530
v -0.03446268 -0.00251536 -0.01683294 0.57058824 1.18235293 0.78823530
v -0.03042309 -0.00327861 -0.01658970 0.57058824 1.18235293 0.78823530
v -0.03446268 0.00240296 -0.01729036 0.57058824 1.18235293 0.78823530
v -0.03042309 -0.00057558 -0.01672039 0.57058824 1.18235293 0.78823530
v -0.03446268 -0.00097396 -0.01714878 0.57058824 1.18235293 0.78823530
v -0.03042309 -0.00275364 -0.01664779 0.57058824 1.18235293 0.78823530
v -0.03042309 -0.00109311 -0.01671677 0.57058824 1.18235293 0.78823530
v -0.03446268 0.00109241 -0.01727583 0.57058824 1.18235293 0.78823530
v -0.03446268 -0.00004317 -0.01720686 0.57058824 1.18235293 0.78823530
f 719 720 721
f 719 721 722
f 719 722 723
f 719 723 724
f 719 724 725
f 719 725 733
f 719 733 743
f 719 743 750
f 719 750 761
f 719 761 760
f 719 760 768
f 719 768 773
f 719 773 778
f 719 778 785
f 719 785 793
f 719 793 800
f 719 800 809
f 719 809 815
f 719 815 825
f 719 825 830
f 719 830 834
f 719 834 836
f 719 836 844
f 719 844 848
f 719 848 854
f 719 854 858
f 719 858 862
f 719 862 872
f 719 872 877
f 719 877 881
f 719 881 882
f 719 882 879
f 719 879 875
f 719 875 865
f 719 865 860
f 719 860 856
f 719 856 850
f 719 850 846
f 719 846 841
f 719 841 833
f 719 833 829
f 719 829 824
f 719 824 821
f 719 821 820
f 719 820 811
f 719 811 802
f 719 802 795
f 719 795 786
f 719 786 779
f 719 779 774
f 719 774 769
f 719 769 762
f 719 762 752
f 719 752 751
f 719 751 744
f 719 744 734
f 719 734 726
f 719 726 720
f 720 726 721
f 721 726 727
f 721 727 722
f 722 728 729
f 722 729 723
f 722 727 730
f 722 730 728
f 723 729 731
f 723 731 724
f 724 731 732
f 724 732 725
f 725 732 733
f 726 734 727
f 727 734 735
f 727 735 736
f 727 736 730
f 728 730 736
f 728 736 746
f 728 746 755
f 728 755 763
f 728 763 765
f 728 765 771
f 728 771 776
f 728 776 783
f 728 783 791
f 728 791 790
f 728 790 799
f 728 799 798
f 728 798 808
f 728 808 807
f 728 807 806
f 728 806 805
f 728 805 814
f 728 814 823
f 728 823 828
f 728 828 832
f 728 832 837
f 728 837 840
f 728 840 839
f 728 839 838
f 728 838 845
f 728 845 849
f 728 849 852
f 728 852 851
f 728 851 855
f 728 855 859
f 728 859 864
f 728 864 869
f 728 869 868
f 728 868 867
f 728 867 866
f 728 866 874
f 728 874 873
f 728 873 878
f 728 878 883
f 728 883 884
f 728 884 880
f 728 880 876
f 728 876 871
f 728 871 870
f 728 870 863
f 728 863 861
f 728 861 857
f 728 857 853
f 728 853 847
f 728 847 843
f 728 843 842
f 728 842 835
f 728 835 831
f 728 831 826
f 728 826 819
f 728 819 818
f 728 818 817
f 728 817 816
f 728 816 810
f 728 810 801
f 728 801 794
f 728 794 792
f 728 792 784
f 728 784 777
f 728 777 772
f 728 772 767
f 728 767 766
f 728 766 758
f 728 758 757
f 728 757 756
f 728 756 747
f 728 747 741
f 728 741 740
f 728 740 739
f 728 739 738
f 728 738 737
f 728 737 729
f 729 737 738
f 729 738 739
f 729 739 731
f 731 740 732
f 731 739 740
f 732 740 741
f 732 741 742
f 732 742 733
f 733 742 743
f 734 744 735
f 735 744 745
f 735 745 736
f 736 745 746
f 741 747 742
f 742 747 748
f 742 748 743
f 743 749 750
f 743 748 749
f 744 751 745
f 745 751 752
f 745 752 753
f 745 753 754
f 745 754 746
f 746 754 755
f 747 756 748
f 748 756 749
f 749 756 757
f 749 757 758
f 749 758 759
f 749 759 760
f 749 760 761
f 749 761 750
f 752 762 753
f 753 763 754
f 753 762 764
f 753 764 765
f 753 765 763
f 754 763 755
f 758 766 759
f 759 766 767
f 759 767 768
f 759 768 760
f 762 769 764
f 764 769 770
f 764 770 765
f 765 770 771
f 767 772 768
f 768 772 773
f 769 774 775
f 769 775 770
f 770 775 776
f 770 776 771
f 772 777 773
f 773 777 778
f 774 779 780
f 774 780 781
f 774 781 782
f 774 782 775
f 775 782 776
f 776 782 783
f 777 784 778
f 778 784 785
f 779 786 787
f 779 787 788
f 779 788 789
f 779 789 780
f 780 790 791
f 780 791 781
f 780 789 790
f 781 791 782
f 782 791 783
f 784 792 785
f 785 792 794
f 785 794 793
f 786 795 796
f 786 796 797
f 786 797 787
f 787 797 788
f 788 797 798
f 788 798 789
f 789 798 799
f 789 799 790
f 793 794 800
f 794 801 800
f 795 802 803
f 795 803 796
f 796 803 804
f 796 804 805
f 796 805 806
f 796 806 797
f 797 806 807
f 797 807 808
f 797 808 798
f 800 801 810
f 800 810 809
f 802 811 803
f 803 812 804
f 803 811 812
f 804 813 814
f 804 814 805
f 804 812 813
f 809 810 816
f 809 816 817
f 809 817 818
f 809 818 819
f 809 819 815
f 811 820 812
f 812 820 821
f 812 821 813
f 813 822 823
f 813 823 814
f 813 821 824
f 813 824 822
f 815 819 825
f 819 826 825
f 822 827 828
f 822 828 823
f 822 824 829
f 822 829 827
f 825 826 830
f 826 831 830
f 827 829 828
f 828 829 832
f 829 833 832
f 830 831 834
f 831 835 836
f 831 836 834
f 832 833 837
f 833 838 839
f 833 839 840
f 833 840 837
f 833 841 838
f 835 842 836
f 836 842 843
f 836 843 844
f 838 841 845
f 841 846 845
f 843 847 844
f 844 847 848
f 845 846 849
f 846 850 851
f 846 851 852
f 846 852 849
f 847 853 848
f 848 853 854
f 850 855 851
f 850 856 855
f 853 857 854
f 854 857 858
f 855 856 859
f 856 860 859
f 857 861 858
f 858 861 863
f 858 863 862
f 859 860 864
f 860 865 866
f 860 866 867
f 860 867 868
f 860 868 869
f 860 869 864
f 862 863 870
f 862 870 871
f 862 871 872
f 865 873 874
f 865 874 866
f 865 875 873
f 871 876 872
f 872 876 877
f 873 875 878
f 875 879 878
f 876 880 877
f 877 880 881
f 878 879 882
f 878 882 883
f 880 884 881
f 881 884 883
f 881 883 882

o geometry_4
v -0.04484400 -0.00109233 0.01918260 0.84705882 1.38823530 0.10588236
v -0.04703082 -0.00109233 0.01895730 0.84705882 1.38823530 0.10588236
v -0.04484400 -0.00327906 0.01896456 0.84705882 1.38823530 0.10588236
v -0.04438197 -0.00327906 0.01878287 0.84705882 1.38823530 0.10588236
v -0.04438197 -0.00109233 0.01896456 0.84705882 1.38823530 0.10588236
v -0.04484400 0.00109070 0.01912446 0.84705882 1.38823530 0.10588236
v -0.04703082 0.00109070 0.01905905 0.84705882 1.38823530 0.10588236
v -0.04866012 -0.00109233 0.01801610 0.84705882 1.38823530 0.10588236
v -0.04842337 -0.00327906 0.01778717 0.84705882 1.38823530 0.10588236
v -0.04703082 -0.00327906 0.01858664 0.84705882 1.38823530 0.10588236
v -0.04878843 0.00109070 0.01810332 0.84705882 1.38823530 0.10588236
v -0.04484400 -0.00546577 0.01847399 0.84705882 1.38823530 0.10588236
v -0.04438197 -0.00546577 0.01834315 0.84705882 1.38823530 0.10588236
v -0.04438197 0.00109070 0.01888825 0.84705882 1.38823530 0.10588236
v -0.04484400 0.00328111 0.01879014 0.84705882 1.38823530 0.10588236
v -0.04703082 0.00328111 0.01888825 0.84705882 1.38823530 0.10588236
v -0.04880484 0.00328111 0.01805970 0.84705882 1.38823530 0.10588236
v -0.04946233 -0.00109233 0.01727477 0.84705882 1.38823530 0.10588236
v -0.04946233 -0.00313845 0.01686049 0.84705882 1.38823530 0.10588236
v -0.04946233 0.00109070 0.01750008 0.84705882 1.38823530 0.10588236
v -0.04946233 -0.00327906 0.01683143 0.84705882 1.38823530 0.10588236
v -0.04822195 -0.00461108 0.01759092 0.84705882 1.38823530 0.10588236
v -0.04706762 -0.00539178 0.01796886 0.84705882 1.38823530 0.10588236
v -0.04636338 -0.00706421 0.01772538 0.84705882 1.38823530 0.10588236
v -0.04946233 0.00328111 0.01751098 0.84705882 1.38823530 0.10588236
v -0.04484400 -0.00736020 0.01782714 0.84705882 1.38823530 0.10588236
v -0.04438197 -0.00728621 0.01779079 0.84705882 1.38823530 0.10588236
v -0.04438197 0.00328111 0.01855029 0.84705882 1.38823530 0.10588236
v -0.04438197 0.00385833 0.01841583 0.84705882 1.38823530 0.10588236
v -0.04438197 0.00542344 0.01797977 0.84705882 1.38823530 0.10588236
v -0.04469529 0.00559365 0.01807425 0.84705882 1.38823530 0.10588236
v -0.04532593 0.00714396 0.01775808 0.84705882 1.38823530 0.10588236
v -0.04703082 0.00546785 0.01843037 0.84705882 1.38823530 0.10588236
v -0.04837662 0.00697746 0.01765996 0.84705882 1.38823530 0.10588236
v -0.04864022 0.00546785 0.01787075 0.84705882 1.38823530 0.10588236
v -0.04946233 0.00546785 0.01723843 0.84705882 1.38823530 0.10588236
v -0.04946233 -0.00530669 0.01624636 0.84705882 1.38823530 0.10588236
v -0.04946233 -0.00545838 0.01618095 0.84705882 1.38823530 0.10588236
v -0.04782159 -0.00606889 0.01726388 0.84705882 1.38823530 0.10588236
v -0.04706762 -0.00773762 0.01686049 0.84705882 1.38823530 0.10588236
v -0.04612466 -0.01110836 0.01544688 0.84705882 1.38823530 0.10588236
v -0.04484400 -0.00984294 0.01655161 0.84705882 1.38823530 0.10588236
v -0.04484400 -0.00845172 0.01735836 0.84705882 1.38823530 0.10588236
v -0.04438197 -0.00803731 0.01747101 0.84705882 1.38823530 0.10588236
v -0.04438197 0.00590445 0.01782714 0.84705882 1.38823530 0.10588236
v -0.04703082 0.00731048 0.01781260 0.84705882 1.38823530 0.10588236
v -0.04438197 0.00726608 0.01721662 0.84705882 1.38823530 0.10588236
v -0.04469529 0.00778777 0.01709307 0.84705882 1.38823530 0.10588236
v -0.04562831 0.01118072 0.01550139 0.84705882 1.38823530 0.10588236
v -0.04703082 0.00984130 0.01655161 0.84705882 1.38823530 0.10588236
v -0.04703082 0.00840568 0.01734746 0.84705882 1.38823530 0.10588236
v -0.04946233 0.00577125 0.01715486 0.84705882 1.38823530 0.10588236
v -0.04847162 0.01121772 0.01551229 0.84705882 1.38823530 0.10588236
v -0.04920819 0.00970069 0.01582845 0.84705882 1.38823530 0.10588236
v -0.04915099 0.00768787 0.01679145 0.84705882 1.38823530 0.10588236
v -0.04946233 0.00768048 0.01655524 0.84705882 1.38823530 0.10588236
v -0.04946233 0.00738077 0.01666790 0.84705882 1.38823530 0.10588236
v -0.04946233 -0.00949143 0.01385884 0.84705882 1.38823530 0.10588236
v -0.04692440 -0.00963573 0.01577031 0.84705882 1.38823530 0.10588236
v -0.04484400 -0.01240707 0.01466559 0.84705882 1.38823530 0.10588236
v -0.04484400 -0.01131185 0.01559588 0.84705882 1.38823530 0.10588236
v -0.04946233 -0.00973193 0.01366987 0.84705882 1.38823530 0.10588236
v -0.04612964 -0.01329877 0.01331374 0.84705882 1.38823530 0.10588236
v -0.04484400 -0.01356517 0.01357176 0.84705882 1.38823530 0.10588236
v -0.04438197 -0.01130075 0.01558134 0.84705882 1.38823530 0.10588236
v -0.04438197 -0.00985773 0.01643532 0.84705882 1.38823530 0.10588236
v -0.04438197 0.00949719 0.01577757 0.84705882 1.38823530 0.10588236
v -0.04487733 0.00978950 0.01594110 0.84705882 1.38823530 0.10588236
v -0.04438197 0.01027791 0.01521795 0.84705882 1.38823530 0.10588236
v -0.04438197 0.01092171 0.01468738 0.84705882 1.38823530 0.10588236
v -0.04488130 0.01194663 0.01416047 0.84705882 1.38823530 0.10588236
v -0.04559300 0.01340075 0.01341551 0.84705882 1.38823530 0.10588236
v -0.04703082 0.01362275 0.01362627 0.84705882 1.38823530 0.10588236
v -0.04703082 0.01242393 0.01472010 0.84705882 1.38823530 0.10588236
v -0.04703082 0.01133241 0.01560678 0.84705882 1.38823530 0.10588236
v -0.04877451 0.01351545 0.01350272 0.84705882 1.38823530 0.10588236
v -0.04946233 0.01328975 0.01329195 0.84705882 1.38823530 0.10588236
v -0.04946233 0.01223892 0.01410595 0.84705882 1.38823530 0.10588236
v -0.04946233 0.01062201 0.01517070 0.84705882 1.38823530 0.10588236
v -0.04946233 0.00992640 0.01554136 0.84705882 1.38823530 0.10588236
v -0.04946233 0.00952310 0.01572671 0.84705882 1.38823530 0.10588236
v -0.04438197 -0.01208146 0.01491633 0.84705882 1.38823530 0.10588236
v -0.04438197 -0.01355408 0.01355360 0.84705882 1.38823530 0.10588236
v -0.04946233 -0.01152645 0.01190741 0.84705882 1.38823530 0.10588236
v -0.04946233 -0.01279557 0.01026122 0.84705882 1.38823530 0.10588236
v -0.04590184 -0.01529310 0.01090443 0.84705882 1.38823530 0.10588236
v -0.04504095 -0.01477880 0.01202368 0.84705882 1.38823530 0.10588236
v -0.04946233 -0.01171146 0.01170027 0.84705882 1.38823530 0.10588236
v -0.04444364 -0.01556690 0.01128963 0.84705882 1.38823530 0.10588236
v -0.04438197 -0.01553360 0.01132598 0.84705882 1.38823530 0.10588236
v -0.04438197 0.01169873 0.01390973 0.84705882 1.38823530 0.10588236
v -0.04497877 0.01405195 0.01182020 0.84705882 1.38823530 0.10588236
v -0.04582327 0.01539507 0.01106069 0.84705882 1.38823530 0.10588236
v -0.04703082 0.01471795 0.01237982 0.84705882 1.38823530 0.10588236
v -0.04438197 0.01245723 0.01310298 0.84705882 1.38823530 0.10588236
v -0.04438197 0.01310103 0.01235802 0.84705882 1.38823530 0.10588236
v -0.04876953 0.01556896 0.01127510 0.84705882 1.38823530 0.10588236
v -0.04946233 0.01542096 0.01108612 0.84705882 1.38823530 0.10588236
v -0.04946233 0.01434056 0.01223809 0.84705882 1.38823530 0.10588236
v -0.04946233 -0.01346527 0.00928731 0.84705882 1.38823530 0.10588236
v -0.04946233 -0.01355778 0.00912743 0.84705882 1.38823530 0.10588236
v -0.04946233 -0.01429409 0.00765567 0.84705882 1.38823530 0.10588236
v -0.04946233 -0.01439028 0.00745579 0.84705882 1.38823530 0.10588236
v -0.04946233 -0.01504520 0.00588230 0.84705882 1.38823530 0.10588236
v -0.04626243 -0.01565940 0.00944721 0.84705882 1.38823530 0.10588236
v -0.04494397 -0.01716162 0.00780465 0.84705882 1.38823530 0.10588236
v -0.04504095 -0.01608122 0.01004318 0.84705882 1.38823530 0.10588236
v -0.04438197 -0.01765743 0.00727047 0.84705882 1.38823530 0.10588236
v -0.04438197 -0.01556690 0.01128600 0.84705882 1.38823530 0.10588236
v -0.04438197 0.01392985 0.01126056 0.84705882 1.38823530 0.10588236
v -0.04549304 0.01572067 0.00984332 0.84705882 1.38823530 0.10588236
v -0.04592523 0.01750779 0.00659091 0.84705882 1.38823530 0.10588236
v -0.04703082 0.01727098 0.00816806 0.84705882 1.38823530 0.10588236
v -0.04703082 0.01643478 0.00984332 0.84705882 1.38823530 0.10588236
v -0.04703082 0.01556896 0.01128600 0.84705882 1.38823530 0.10588236
v -0.04921863 0.01727469 0.00833521 0.84705882 1.38823530 0.10588236
v -0.04938624 0.01616097 0.01002501 0.84705882 1.38823530 0.10588236
v -0.04946233 0.01607958 0.01010496 0.84705882 1.38823530 0.10588236
v -0.04946233 -0.01546700 0.00478846 0.84705882 1.38823530 0.10588236
v -0.04573971 -0.01737252 0.00596950 0.84705882 1.38823530 0.10588236
v -0.04438197 -0.01777582 0.00689616 0.84705882 1.38823530 0.10588236
v -0.04438197 0.01466985 0.00983967 0.84705882 1.38823530 0.10588236
v -0.04438197 0.01468095 0.00981788 0.84705882 1.38823530 0.10588236
v -0.04438197 0.01669008 0.00328036 0.84705882 1.38823530 0.10588236
v -0.04580537 0.01761879 0.00546801 0.84705882 1.38823530 0.10588236
v -0.04703082 0.01855860 0.00328036 0.84705882 1.38823530 0.10588236
v -0.04703082 0.01817381 0.00546801 0.84705882 1.38823530 0.10588236
v -0.04703082 0.01770759 0.00707422 0.84705882 1.38823530 0.10588236
v -0.04438197 0.01549497 0.00759388 0.84705882 1.38823530 0.10588236
v -0.04438197 0.01623127 0.00550072 0.84705882 1.38823530 0.10588236
v -0.04438197 0.01627197 0.00533720 0.84705882 1.38823530 0.10588236
v -0.04921863 0.01778899 0.00724138 0.84705882 1.38823530 0.10588236
v -0.04946233 0.01775569 0.00716145 0.84705882 1.38823530 0.10588236
v -0.04946233 0.01703418 0.00850965 0.84705882 1.38823530 0.10588236
v -0.04946233 -0.01551140 0.00462131 0.84705882 1.38823530 0.10588236
v -0.04946233 -0.01592211 0.00303690 0.84705882 1.38823530 0.10588236
v -0.04494397 -0.01792753 0.00532992 0.84705882 1.38823530 0.10588236
v -0.04438197 -0.01806443 0.00536264 0.84705882 1.38823530 0.10588236
v -0.04438197 0.01671228 0.00306960 0.84705882 1.38823530 0.10588236
v -0.04565865 0.01776309 0.00328036 0.84705882 1.38823530 0.10588236
v -0.04703082 0.01866590 0.00109272 0.84705882 1.38823530 0.10588236
v -0.04921863 0.01925792 0.00109272 0.84705882 1.38823530 0.10588236
v -0.04921863 0.01897671 0.00328036 0.84705882 1.38823530 0.10588236
v -0.04921863 0.01842169 0.00546801 0.84705882 1.38823530 0.10588236
v -0.04946233 0.01826630 0.00572603 0.84705882 1.38823530 0.10588236
v -0.04946233 -0.01623291 0.00088196 0.84705882 1.38823530 0.10588236
v -0.04484400 -0.01829383 0.00328036 0.84705882 1.38823530 0.10588236
v -0.04596551 -0.01752423 0.00450866 0.84705882 1.38823530 0.10588236
v -0.04438197 -0.01844184 0.00328036 0.84705882 1.38823530 0.10588236
v -0.04438197 0.01678998 0.00109272 0.84705882 1.38823530 0.10588236
v -0.04565716 0.01777050 0.00109272 0.84705882 1.38823530 0.10588236
v -0.04703082 0.01848461 -0.00109129 0.84705882 1.38823530 0.10588236
v -0.04921863 0.01924682 -0.00109129 0.84705882 1.38823530 0.10588236
v -0.04946233 0.01918391 -0.00109129 0.84705882 1.38823530 0.10588236
v -0.04946233 0.01916912 0.00109272 0.84705882 1.38823530 0.10588236
v -0.04946233 0.01887681 0.00325857 0.84705882 1.38823530 0.10588236
v -0.04946233 0.01880651 0.00361105 0.84705882 1.38823530 0.10588236
v -0.04946233 0.01833660 0.00546801 0.84705882 1.38823530 0.10588236
v -0.04946233 -0.01624031 -0.00107676 0.84705882 1.38823530 0.10588236
v -0.04484400 -0.01835673 0.00109272 0.84705882 1.38823530 0.10588236
v -0.04438197 -0.01854174 0.00109272 0.84705882 1.38823530 0.10588236
v -0.04438197 0.01678998 0.00088196 0.84705882 1.38823530 0.10588236
v -0.04438197 0.01673077 -0.00109129 0.84705882 1.38823530 0.10588236
v -0.04921863 0.01897301 -0.00327894 0.84705882 1.38823530 0.10588236
v -0.04438197 0.01648657 -0.00314811 0.84705882 1.38823530 0.10588236
v -0.04694081 0.01805169 -0.00309725 0.84705882 1.38823530 0.10588236
v -0.04946233 0.01892490 -0.00327894 0.84705882 1.38823530 0.10588236
v -0.04946233 -0.01622181 -0.00134203 0.84705882 1.38823530 0.10588236
v -0.04438197 -0.01839373 -0.00094230 0.84705882 1.38823530 0.10588236
v -0.04761469 0.01786670 -0.00546658 0.84705882 1.38823530 0.10588236
v -0.04921863 0.01842169 -0.00546658 0.84705882 1.38823530 0.10588236
v -0.04946233 0.01839581 -0.00546658 0.84705882 1.38823530 0.10588236
v -0.04438197 0.01637928 -0.00356602 0.84705882 1.38823530 0.10588236
v -0.04946233 -0.01595910 -0.00327894 0.84705882 1.38823530 0.10588236
v -0.04438197 -0.01813473 -0.00318082 0.84705882 1.38823530 0.10588236
v -0.04795937 0.01761508 -0.00681116 0.84705882 1.38823530 0.10588236
v -0.04921863 0.01778529 -0.00723633 0.84705882 1.38823530 0.10588236
v -0.04946233 0.01777790 -0.00721815 0.84705882 1.38823530 0.10588236
v -0.04438197 0.01563556 -0.00551382 0.84705882 1.38823530 0.10588236
v -0.04946233 -0.01592211 -0.00350061 0.84705882 1.38823530 0.10588236
v -0.04438197 -0.01811993 -0.00327894 0.84705882 1.38823530 0.10588236
v -0.04921863 0.01727098 -0.00833015 0.84705882 1.38823530 0.10588236
v -0.04438197 0.01455516 -0.00759609 0.84705882 1.38823530 0.10588236
v -0.04438197 0.01436645 -0.00792678 0.84705882 1.38823530 0.10588236
v -0.04821101 0.01525817 -0.01087756 0.84705882 1.38823530 0.10588236
v -0.04946233 0.01727098 -0.00831198 0.84705882 1.38823530 0.10588236
v -0.04946233 -0.01557060 -0.00484881 0.84705882 1.38823530 0.10588236
v -0.04438197 -0.01801634 -0.00371502 0.84705882 1.38823530 0.10588236
v -0.04905153 0.01615728 -0.01002722 0.84705882 1.38823530 0.10588236
v -0.04946233 0.01576507 -0.01085575 0.84705882 1.38823530 0.10588236
v -0.04438197 0.01350065 -0.00917686 0.84705882 1.38823530 0.10588236
v -0.04438197 0.01332673 -0.00940944 0.84705882 1.38823530 0.10588236
v -0.04438197 0.01232033 -0.01055777 0.84705882 1.38823530 0.10588236
v -0.04438197 0.01145822 -0.01146625 0.84705882 1.38823530 0.10588236
v -0.04438197 0.01123621 -0.01169883 0.84705882 1.38823530 0.10588236
v -0.04819858 0.01304184 -0.01306521 0.84705882 1.38823530 0.10588236
v -0.04946233 0.01345254 -0.01344678 0.84705882 1.38823530 0.10588236
v -0.04946233 0.01374855 -0.01314516 0.84705882 1.38823530 0.10588236
v -0.04946233 0.01552457 -0.01121916 0.84705882 1.38823530 0.10588236
v -0.04438197 -0.01761303 -0.00498690 0.84705882 1.38823530 0.10588236
v -0.04946233 -0.01431628 -0.00794131 0.84705882 1.38823530 0.10588236
v -0.04438197 0.01001890 -0.01277450 0.84705882 1.38823530 0.10588236
v -0.04438197 0.00915680 -0.01344678 0.84705882 1.38823530 0.10588236
v -0.04946233 0.01173572 -0.01480951 0.84705882 1.38823530 0.10588236
v -0.04438197 -0.01706172 -0.00617522 0.84705882 1.38823530 0.10588236
v -0.04946233 -0.01358367 -0.00940581 0.84705882 1.38823530 0.10588236
v -0.04438197 0.00881268 -0.01368298 0.84705882 1.38823530 0.10588236
v -0.04946233 0.01092542 -0.01534371 0.84705882 1.38823530 0.10588236
v -0.04438197 -0.01627731 -0.00748707 0.84705882 1.38823530 0.10588236
v -0.04946233 -0.01269936 -0.01065952 0.84705882 1.38823530 0.10588236
v -0.04438197 -0.01498969 -0.00950756 0.84705882 1.38823530 0.10588236
v -0.04438197 -0.01545221 -0.00884980 0.84705882 1.38823530 0.10588236
v -0.04438197 0.00767307 -0.01434074 0.84705882 1.38823530 0.10588236
v -0.04946233 0.01020021 -0.01572891 0.84705882 1.38823530 0.10588236
v -0.04946233 -0.01156346 -0.01209131 0.84705882 1.38823530 0.10588236
v -0.04438197 -0.01447539 -0.01010352 0.84705882 1.38823530 0.10588236
v -0.04438197 0.00576755 -0.01525649 0.84705882 1.38823530 0.10588236
v -0.04946233 0.00752506 -0.01699716 0.84705882 1.38823530 0.10588236
v -0.04946233 -0.00961724 -0.01396280 0.84705882 1.38823530 0.10588236
v -0.04438197 -0.01342827 -0.01121552 0.84705882 1.38823530 0.10588236
v -0.04438197 0.00449473 -0.01573254 0.84705882 1.38823530 0.10588236
v -0.04946233 0.00632626 -0.01738962 0.84705882 1.38823530 0.10588236
v -0.04946233 -0.00959504 -0.01398096 0.84705882 1.38823530 0.10588236
v -0.04438197 -0.01226646 -0.01230934 0.84705882 1.38823530 0.10588236
v -0.04438197 -0.01293617 -0.01168430 0.84705882 1.38823530 0.10588236
v -0.04438197 0.00329962 -0.01604142 0.84705882 1.38823530 0.10588236
v -0.04946233 0.00546785 -0.01761856 0.84705882 1.38823530 0.10588236
v -0.04946233 -0.00765621 -0.01529646 0.84705882 1.38823530 0.10588236
v -0.04438197 -0.01111205 -0.01322509 0.84705882 1.38823530 0.10588236
v -0.04438197 0.00109070 -0.01635032 0.84705882 1.38823530 0.10588236
v -0.04946233 0.00328111 -0.01791656 0.84705882 1.38823530 0.10588236
v -0.04946233 -0.00547687 -0.01648476 0.84705882 1.38823530 0.10588236
v -0.04438197 -0.00978744 -0.01407909 0.84705882 1.38823530 0.10588236
v -0.04438197 -0.01017965 -0.01384652 0.84705882 1.38823530 0.10588236
v -0.04438197 0.00050979 -0.01638302 0.84705882 1.38823530 0.10588236
v -0.04438197 -0.00109233 -0.01643389 0.84705882 1.38823530 0.10588236
v -0.04946233 0.00109070 -0.01794199 0.84705882 1.38823530 0.10588236
v -0.04946233 -0.00524377 -0.01659742 0.84705882 1.38823530 0.10588236
v -0.04438197 -0.00831111 -0.01484584 0.84705882 1.38823530 0.10588236
v -0.04438197 -0.00167694 -0.01643026 0.84705882 1.38823530 0.10588236
v -0.04438197 -0.00327906 -0.01630306 0.84705882 1.38823530 0.10588236
v -0.04946233 -0.00109233 -0.01772395 0.84705882 1.38823530 0.10588236
v -0.04946233 -0.00327906 -0.01727697 0.84705882 1.38823530 0.10588236
v -0.04438197 -0.00585059 -0.01580522 0.84705882 1.38823530 0.10588236
v -0.04438197 -0.00799291 -0.01497304 0.84705882 1.38823530 0.10588236
v -0.04438197 -0.00381556 -0.01624855 0.84705882 1.38823530 0.10588236
v -0.04946233 -0.00189894 -0.01756043 0.84705882 1.38823530 0.10588236
v -0.04438197 -0.00542137 -0.01591423 0.84705882 1.38823530 0.10588236
f 885 886 887
f 885 887 888
f 885 888 889
f 885 889 890
f 885 890 891
f 885 891 886
f 886 892 893
f 886 893 894
f 886 894 887
f 886 891 895
f 886 895 892
f 887 894 896
f 887 896 897
f 887 897 888
f 888 897 911
f 888 911 928
f 888 928 950
f 888 950 949
f 888 949 966
f 888 966 967
f 888 967 974
f 888 974 993
f 888 993 992
f 888 992 1005
f 888 1005 1022
f 888 1022 1033
f 888 1033 1045
f 888 1045 1053
f 888 1053 1059
f 888 1059 1065
f 888 1065 1072
f 888 1072 1084
f 888 1084 1089
f 888 1089 1093
f 888 1093 1096
f 888 1096 1095
f 888 1095 1100
f 888 1100 1104
f 888 1104 1109
f 888 1109 1108
f 888 1108 1113
f 888 1113 1118
f 888 1118 1117
f 888 1117 1123
f 888 1123 1129
f 888 1129 1128
f 888 1128 1132
f 888 1132 1130
f 888 1130 1125
f 888 1125 1124
f 888 1124 1120
f 888 1120 1119
f 888 1119 1114
f 888 1114 1110
f 888 1110 1105
f 888 1105 1101
f 888 1101 1097
f 888 1097 1091
f 888 1091 1087
f 888 1087 1086
f 888 1086 1079
f 888 1079 1078
f 888 1078 1077
f 888 1077 1076
f 888 1076 1075
f 888 1075 1068
f 888 1068 1067
f 888 1067 1063
f 888 1063 1057
f 888 1057 1049
f 888 1049 1047
f 888 1047 1046
f 888 1046 1034
f 888 1034 1023
f 888 1023 1008
f 888 1008 1015
f 888 1015 1014
f 888 1014 1013
f 888 1013 1007
f 888 1007 1006
f 888 1006 994
f 888 994 980
f 888 980 979
f 888 979 975
f 888 975 954
f 888 954 953
f 888 953 951
f 888 951 931
f 888 931 929
f 888 929 914
f 888 914 913
f 888 913 912
f 888 912 898
f 888 898 889
f 889 898 890
f 890 898 899
f 890 899 900
f 890 900 891
f 891 900 901
f 891 901 895
f 892 902 903
f 892 903 893
f 892 895 904
f 892 904 902
f 893 903 905
f 893 905 906
f 893 906 894
f 894 906 907
f 894 907 908
f 894 908 896
f 895 901 909
f 895 909 904
f 896 908 910
f 896 910 911
f 896 911 897
f 898 912 899
f 899 912 913
f 899 913 914
f 899 914 915
f 899 915 916
f 899 916 917
f 899 917 900
f 900 917 918
f 900 918 919
f 900 919 901
f 901 919 920
f 901 920 909
f 902 904 909
f 902 909 920
f 902 920 936
f 902 936 941
f 902 941 940
f 902 940 965
f 902 965 964
f 902 964 963
f 902 963 962
f 902 962 961
f 902 961 983
f 902 983 982
f 902 982 1002
f 902 1002 1018
f 902 1018 1017
f 902 1017 1029
f 902 1029 1042
f 902 1042 1041
f 902 1041 1040
f 902 1040 1039
f 902 1039 1038
f 902 1038 1051
f 902 1051 1056
f 902 1056 1062
f 902 1062 1070
f 902 1070 1074
f 902 1074 1083
f 902 1083 1082
f 902 1082 1081
f 902 1081 1088
f 902 1088 1092
f 902 1092 1098
f 902 1098 1102
f 902 1102 1106
f 902 1106 1111
f 902 1111 1115
f 902 1115 1121
f 902 1121 1126
f 902 1126 1131
f 902 1131 1127
f 902 1127 1122
f 902 1122 1116
f 902 1116 1112
f 902 1112 1107
f 902 1107 1103
f 902 1103 1099
f 902 1099 1094
f 902 1094 1090
f 902 1090 1085
f 902 1085 1071
f 902 1071 1064
f 902 1064 1058
f 902 1058 1052
f 902 1052 1043
f 902 1043 1030
f 902 1030 1020
f 902 1020 1019
f 902 1019 1003
f 902 1003 988
f 902 988 987
f 902 987 986
f 902 986 985
f 902 985 984
f 902 984 969
f 902 969 972
f 902 972 968
f 902 968 946
f 902 946 942
f 902 942 922
f 902 922 921
f 902 921 905
f 902 905 903
f 905 921 906
f 906 921 922
f 906 922 923
f 906 923 907
f 907 923 908
f 908 923 924
f 908 924 925
f 908 925 926
f 908 926 927
f 908 927 910
f 910 927 928
f 910 928 911
f 914 929 915
f 915 929 916
f 916 930 917
f 916 929 931
f 916 931 932
f 916 932 933
f 916 933 934
f 916 934 935
f 916 935 930
f 917 930 918
f 918 936 920
f 918 920 919
f 918 930 935
f 918 935 937
f 918 937 938
f 918 938 939
f 918 939 940
f 918 940 941
f 918 941 936
f 922 942 923
f 923 942 924
f 924 942 943
f 924 943 925
f 925 944 945
f 925 945 926
f 925 943 942
f 925 942 946
f 925 946 947
f 925 947 948
f 925 948 944
f 926 945 949
f 926 949 950
f 926 950 927
f 927 950 928
f 931 951 952
f 931 952 932
f 932 952 933
f 933 952 953
f 933 953 954
f 933 954 955
f 933 955 956
f 933 956 957
f 933 957 958
f 933 958 959
f 933 959 934
f 934 959 937
f 934 937 935
f 937 959 958
f 937 958 960
f 937 960 961
f 937 961 962
f 937 962 963
f 937 963 964
f 937 964 938
f 938 964 965
f 938 965 939
f 939 965 940
f 944 966 949
f 944 949 945
f 944 948 967
f 944 967 966
f 946 968 947
f 947 969 970
f 947 970 971
f 947 971 948
f 947 968 972
f 947 972 969
f 948 971 973
f 948 973 974
f 948 974 967
f 951 953 952
f 954 975 955
f 955 975 956
f 956 976 977
f 956 977 978
f 956 978 957
f 956 975 979
f 956 979 980
f 956 980 976
f 957 960 958
f 957 978 981
f 957 981 960
f 960 981 982
f 960 982 983
f 960 983 961
f 969 984 970
f 970 984 985
f 970 985 986
f 970 986 987
f 970 987 988
f 970 988 989
f 970 989 990
f 970 990 991
f 970 991 973
f 970 973 971
f 973 991 992
f 973 992 993
f 973 993 974
f 976 980 994
f 976 994 977
f 977 995 996
f 977 996 997
f 977 997 998
f 977 998 999
f 977 999 978
f 977 994 995
f 978 999 981
f 981 999 998
f 981 998 1000
f 981 1000 1001
f 981 1001 1002
f 981 1002 982
f 988 1003 1004
f 988 1004 990
f 988 990 989
f 990 1004 992
f 990 992 991
f 992 1004 1005
f 994 1006 995
f 995 1006 1007
f 995 1007 996
f 996 1008 1009
f 996 1009 1010
f 996 1010 1011
f 996 1011 1012
f 996 1012 997
f 996 1007 1013
f 996 1013 1014
f 996 1014 1015
f 996 1015 1008
f 997 1000 998
f 997 1012 1016
f 997 1016 1000
f 1000 1016 1017
f 1000 1017 1018
f 1000 1018 1002
f 1000 1002 1001
f 1003 1019 1004
f 1004 1020 1021
f 1004 1021 1005
f 1004 1019 1020
f 1005 1021 1022
f 1008 1023 1024
f 1008 1024 1009
f 1009 1024 1010
f 1010 1025 1026
f 1010 1026 1027
f 1010 1027 1011
f 1010 1024 1025
f 1011 1027 1028
f 1011 1028 1012
f 1012 1028 1016
f 1016 1028 1017
f 1017 1028 1029
f 1020 1030 1031
f 1020 1031 1032
f 1020 1032 1021
f 1021 1031 1033
f 1021 1033 1022
f 1021 1032 1031
f 1023 1034 1024
f 1024 1035 1025
f 1024 1034 1035
f 1025 1035 1036
f 1025 1036 1037
f 1025 1037 1026
f 1026 1038 1039
f 1026 1039 1027
f 1026 1037 1038
f 1027 1039 1040
f 1027 1040 1041
f 1027 1041 1042
f 1027 1042 1028
f 1028 1042 1029
f 1030 1043 1044
f 1030 1044 1031
f 1031 1044 1045
f 1031 1045 1033
f 1034 1046 1035
f 1035 1046 1047
f 1035 1047 1036
f 1036 1048 1037
f 1036 1047 1049
f 1036 1049 1050
f 1036 1050 1048
f 1037 1048 1051
f 1037 1051 1038
f 1043 1052 1044
f 1044 1053 1045
f 1044 1052 1053
f 1048 1050 1054
f 1048 1054 1055
f 1048 1055 1056
f 1048 1056 1051
f 1049 1054 1050
f 1049 1057 1054
f 1052 1058 1059
f 1052 1059 1053
f 1054 1057 1060
f 1054 1060 1055
f 1055 1060 1061
f 1055 1061 1062
f 1055 1062 1056
f 1057 1063 1060
f 1058 1064 1065
f 1058 1065 1059
f 1060 1066 1061
f 1060 1063 1067
f 1060 1067 1068
f 1060 1068 1069
f 1060 1069 1066
f 1061 1066 1070
f 1061 1070 1062
f 1064 1071 1072
f 1064 1072 1065
f 1066 1069 1073
f 1066 1073 1074
f 1066 1074 1070
f 1068 1075 1069
f 1069 1075 1076
f 1069 1076 1077
f 1069 1077 1078
f 1069 1078 1079
f 1069 1079 1080
f 1069 1080 1081
f 1069 1081 1082
f 1069 1082 1083
f 1069 1083 1073
f 1071 1084 1072
f 1071 1085 1084
f 1073 1083 1074
f 1079 1086 1080
f 1080 1086 1087
f 1080 1087 1088
f 1080 1088 1081
f 1084 1085 1089
f 1085 1090 1089
f 1087 1091 1088
f 1088 1091 1092
f 1089 1090 1093
f 1090 1094 1095
f 1090 1095 1096
f 1090 1096 1093
f 1091 1097 1092
f 1092 1097 1098
f 1094 1099 1095
f 1095 1099 1100
f 1097 1101 1098
f 1098 1101 1102
f 1099 1103 1104
f 1099 1104 1100
f 1101 1105 1102
f 1102 1105 1106
f 1103 1107 1108
f 1103 1108 1109
f 1103 1109 1104
f 1105 1110 1111
f 1105 1111 1106
f 1107 1112 1113
f 1107 1113 1108
f 1110 1114 1111
f 1111 1114 1115
f 1112 1116 1117
f 1112 1117 1118
f 1112 1118 1113
f 1114 1119 1115
f 1115 1119 1120
f 1115 1120 1121
f 1116 1122 1123
f 1116 1123 1117
f 1120 1124 1121
f 1121 1124 1125
f 1121 1125 1126
f 1122 1127 1128
f 1122 1128 1129
f 1122 1129 1123
f 1125 1130 1126
f 1126 1130 1131
f 1127 1131 1130
f 1127 1130 1132
f 1127 1132 1128

o geometry_5
v 0.03418812 -0.02364695 -0.02077942 0.12941177 0.02941176 1.24705882
v 0.03915633 -0.02347060 -0.00022157 0.12941177 0.02941176 1.24705882
v 0.03828410 -0.02331747 -0.00022157 0.12941177 0.02941176 1.24705882
v 0.03418812 -0.02183255 -0.00022157 0.12941177 0.02941176 1.24705882
v 0.03418812 -0.02278847 -0.02278831 0.12941177 0.02941176 1.24705882
v 0.04046948 -0.02370262 -0.02077942 0.12941177 0.02941176 1.24705882
v 0.04046948 -0.02369799 -0.00022157 0.12941177 0.02941176 1.24705882
v 0.03418812 0.02183379 -0.00022157 0.12941177 0.02941176 1.24705882
v 0.06234236 -0.02278847 -0.02278831 0.12941177 0.02941176 1.24705882
v 0.03418812 -0.02103903 -0.02353762 0.12941177 0.02941176 1.24705882
v 0.04046948 -0.02077916 -0.02370083 0.12941177 0.02941176 1.24705882
v 0.06234236 -0.02369799 -0.02077942 0.12941177 0.02941176 1.24705882
v 0.06234236 -0.02369799 -0.00022157 0.12941177 0.02941176 1.24705882
v 0.03828410 0.02331872 -0.00022157 0.12941177 0.02941176 1.24705882
v 0.03418812 0.02364819 -0.02077942 0.12941177 0.02941176 1.24705882
v 0.06234236 -0.02077916 -0.02370083 0.12941177 0.02941176 1.24705882
v 0.06453093 -0.02275134 -0.02275155 0.12941177 0.02941176 1.24705882
v 0.03418812 -0.02077916 -0.02364796 0.12941177 0.02941176 1.24705882
v 0.04046948 -0.01859352 -0.02370312 0.12941177 0.02941176 1.24705882
v 0.06453093 -0.02362838 -0.02077942 0.12941177 0.02941176 1.24705882
v 0.06453093 -0.02362838 -0.00022157 0.12941177 0.02941176 1.24705882
v 0.03959724 0.02355074 -0.00022157 0.12941177 0.02941176 1.24705882
v 0.03418812 0.02353682 -0.02103915 0.12941177 0.02941176 1.24705882
v 0.04046948 0.02370387 -0.00022157 0.12941177 0.02941176 1.24705882
v 0.04046948 0.02370387 -0.01859353 0.12941177 0.02941176 1.24705882
v 0.04046948 0.02369923 -0.02077942 0.12941177 0.02941176 1.24705882
v 0.06453093 -0.02077916 -0.02362957 0.12941177 0.02941176 1.24705882
v 0.06234236 -0.01859352 -0.02370312 0.12941177 0.02941176 1.24705882
v 0.06602300 -0.02243578 -0.02243434 0.12941177 0.02941176 1.24705882
v 0.03418812 0.02078041 -0.02364796 0.12941177 0.02941176 1.24705882
v 0.04046948 0.02078041 -0.02370312 0.12941177 0.02941176 1.24705882
v 0.06622428 -0.02271421 -0.02077942 0.12941177 0.02941176 1.24705882
v 0.06622428 -0.02271421 -0.00022157 0.12941177 0.02941176 1.24705882
v 0.03418812 0.02278508 -0.02278831 0.12941177 0.02941176 1.24705882
v 0.06234236 0.02370387 -0.00022157 0.12941177 0.02941176 1.24705882
v 0.06234236 0.02370387 -0.01859353 0.12941177 0.02941176 1.24705882
v 0.06234236 0.02369923 -0.02077942 0.12941177 0.02941176 1.24705882
v 0.06622428 -0.02077916 -0.02271707 0.12941177 0.02941176 1.24705882
v 0.06453093 0.02078041 -0.02362957 0.12941177 0.02941176 1.24705882
v 0.06234236 0.02078041 -0.02370312 0.12941177 0.02941176 1.24705882
v 0.06682492 -0.02077916 -0.02077942 0.12941177 0.02941176 1.24705882
v 0.03418812 0.02252985 -0.02289864 0.12941177 0.02941176 1.24705882
v 0.06682492 -0.02077916 -0.00022157 0.12941177 0.02941176 1.24705882
v 0.06234236 0.02278508 -0.02278831 0.12941177 0.02941176 1.24705882
v 0.06453093 0.02362964 -0.00022157 0.12941177 0.02941176 1.24705882
v 0.06453093 0.02362964 -0.02077942 0.12941177 0.02941176 1.24705882
v 0.06453093 0.02275258 -0.02275155 0.12941177 0.02941176 1.24705882
v 0.06622428 0.02078041 -0.02271707 0.12941177 0.02941176 1.24705882
v 0.06602300 0.02243240 -0.02243434 0.12941177 0.02941176 1.24705882
v 0.06682492 0.02078041 -0.02077942 0.12941177 0.02941176 1.24705882
v 0.06682492 0.02078041 -0.00022157 0.12941177 0.02941176 1.24705882
v 0.06555013 0.02308206 -0.00022157 0.12941177 0.02941176 1.24705882
v 0.06622428 0.02271546 -0.02077942 0.12941177 0.02941176 1.24705882
v 0.06646389 0.02194515 -0.00022157 0.12941177 0.02941176 1.24705882
v 0.06622428 0.02271546 -0.00022157 0.12941177 0.02941176 1.24705882
f 1133 1134 1135
f 1133 1135 1136
f 1133 1136 1140
f 1133 1140 1147
f 1133 1147 1155
f 1133 1155 1166
f 1133 1166 1174
f 1133 1174 1162
f 1133 1162 1150
f 1133 1150 1142
f 1133 1142 1137
f 1133 1137 1138
f 1133 1138 1139
f 1133 1139 1134
f 1134 1139 1145
f 1134 1145 1153
f 1134 1153 1165
f 1134 1165 1175
f 1134 1175 1183
f 1134 1183 1186
f 1134 1186 1187
f 1134 1187 1184
f 1134 1184 1177
f 1134 1177 1167
f 1134 1167 1156
f 1134 1156 1154
f 1134 1154 1146
f 1134 1146 1140
f 1134 1140 1136
f 1134 1136 1135
f 1137 1141 1138
f 1137 1142 1143
f 1137 1143 1148
f 1137 1148 1141
f 1138 1144 1145
f 1138 1145 1139
f 1138 1141 1144
f 1140 1146 1147
f 1141 1148 1149
f 1141 1149 1144
f 1142 1150 1143
f 1143 1150 1151
f 1143 1151 1160
f 1143 1160 1148
f 1144 1149 1152
f 1144 1152 1153
f 1144 1153 1145
f 1146 1154 1147
f 1147 1154 1156
f 1147 1156 1157
f 1147 1157 1158
f 1147 1158 1155
f 1148 1159 1149
f 1148 1160 1159
f 1149 1161 1152
f 1149 1159 1161
f 1150 1162 1163
f 1150 1163 1151
f 1151 1163 1172
f 1151 1172 1160
f 1152 1161 1164
f 1152 1164 1165
f 1152 1165 1153
f 1155 1158 1166
f 1156 1167 1168
f 1156 1168 1157
f 1157 1168 1169
f 1157 1169 1158
f 1158 1169 1176
f 1158 1176 1166
f 1159 1170 1161
f 1159 1160 1172
f 1159 1172 1171
f 1159 1171 1180
f 1159 1180 1170
f 1161 1170 1173
f 1161 1173 1164
f 1162 1174 1163
f 1163 1174 1166
f 1163 1166 1176
f 1163 1176 1172
f 1164 1173 1175
f 1164 1175 1165
f 1167 1177 1178
f 1167 1178 1168
f 1168 1178 1169
f 1169 1178 1179
f 1169 1179 1176
f 1170 1180 1182
f 1170 1182 1173
f 1171 1172 1179
f 1171 1179 1181
f 1171 1181 1180
f 1172 1176 1179
f 1173 1182 1183
f 1173 1183 1175
f 1177 1184 1178
f 1178 1184 1185
f 1178 1185 1181
f 1178 1181 1179
f 1180 1181 1182
f 1181 1185 1182
f 1182 1185 1186
f 1182 1186 1183
f 1184 1187 1185
f 1185 1187 1186

o geometry_6
v -0.03042309 -0.01850648 -0.00022157 1.16470589 1.30000001 1.46470589
v -0.03042309 -0.01830693 -0.00080308 1.16470589 1.30000001 1.46470589
v -0.02932650 -0.02078034 -0.02077942 1.16470589 1.30000001 1.46470589
v -0.02888021 -0.02263191 -0.02077942 1.16470589 1.30000001 1.46470589
v -0.02888338 -0.02263191 -0.00109500 1.16470589 1.30000001 1.46470589
v -0.02888338 -0.02263191 -0.00022157 1.16470589 1.30000001 1.46470589
v -0.03042309 0.01709110 -0.00022157 1.16470589 1.30000001 1.46470589
v -0.03042309 -0.01817235 -0.00110649 1.16470589 1.30000001 1.46470589
v -0.02888021 -0.02078034 -0.02263433 1.16470589 1.30000001 1.46470589
v -0.02873356 -0.02238132 -0.02238148 1.16470589 1.30000001 1.46470589
v -0.03042309 -0.01601450 -0.00559317 1.16470589 1.30000001 1.46470589
v -0.03042309 -0.01392162 -0.00959488 1.16470589 1.30000001 1.46470589
v -0.03042309 -0.01368495 -0.00989139 1.16470589 1.30000001 1.46470589
v -0.03042309 -0.01187050 -0.01187501 1.16470589 1.30000001 1.46470589
v -0.03042309 -0.00959199 -0.01392297 1.16470589 1.30000001 1.46470589
v -0.03042309 -0.00919755 -0.01415052 1.16470589 1.30000001 1.46470589
v -0.03042309 -0.00533663 -0.01613184 1.16470589 1.30000001 1.46470589
v -0.03042309 -0.00496537 -0.01622838 1.16470589 1.30000001 1.46470589
v -0.03042309 -0.00328086 -0.01658924 1.16470589 1.30000001 1.46470589
v -0.03042309 -0.00275184 -0.01664670 1.16470589 1.30000001 1.46470589
v -0.03042309 -0.00109053 -0.01671797 1.16470589 1.30000001 1.46470589
v -0.02734370 -0.02354610 -0.02077942 1.16470589 1.30000001 1.46470589
v -0.02826815 -0.02299851 -0.00022157 1.16470589 1.30000001 1.46470589
v -0.02888021 0.02263191 -0.00022157 1.16470589 1.30000001 1.46470589
v -0.02888021 0.02263191 -0.02077942 1.16470589 1.30000001 1.46470589
v -0.02932650 0.02078034 -0.02077942 1.16470589 1.30000001 1.46470589
v -0.03042309 0.01707719 -0.00045370 1.16470589 1.30000001 1.46470589
v -0.02734370 -0.02078034 -0.02354913 1.16470589 1.30000001 1.46470589
v -0.03042309 -0.00057543 -0.01672026 1.16470589 1.30000001 1.46470589
v -0.02888021 0.02078034 -0.02263433 1.16470589 1.30000001 1.46470589
v -0.02734370 -0.02271079 -0.02271017 1.16470589 1.30000001 1.46470589
v -0.02647024 -0.02361107 -0.00022157 1.16470589 1.30000001 1.46470589
v -0.02734370 -0.02354610 -0.00022157 1.16470589 1.30000001 1.46470589
v -0.02515368 -0.02369923 -0.02077942 1.16470589 1.30000001 1.46470589
v -0.02515368 -0.02370387 -0.01859353 1.16470589 1.30000001 1.46470589
v -0.02795574 0.02318414 -0.00022157 1.16470589 1.30000001 1.46470589
v -0.02734370 0.02354610 -0.02077942 1.16470589 1.30000001 1.46470589
v -0.02873356 0.02238132 -0.02238148 1.16470589 1.30000001 1.46470589
v -0.03042309 0.00109053 -0.01672026 1.16470589 1.30000001 1.46470589
v -0.03042309 0.00328086 -0.01659614 1.16470589 1.30000001 1.46470589
v -0.03042309 0.00535518 -0.01613874 1.16470589 1.30000001 1.46470589
v -0.03042309 0.00560577 -0.01602381 1.16470589 1.30000001 1.46470589
v -0.03042309 0.00966624 -0.01396204 1.16470589 1.30000001 1.46470589
v -0.03042309 0.00996324 -0.01375518 1.16470589 1.30000001 1.46470589
v -0.03042309 0.01201436 -0.01192786 1.16470589 1.30000001 1.46470589
v -0.03042309 0.01409796 -0.00974429 1.16470589 1.30000001 1.46470589
v -0.03042309 0.01633007 -0.00547826 1.16470589 1.30000001 1.46470589
v -0.03042309 0.01683588 -0.00328317 1.16470589 1.30000001 1.46470589
v -0.03042309 0.01690548 -0.00255225 1.16470589 1.30000001 1.46470589
v -0.03042309 0.01703542 -0.00109500 1.16470589 1.30000001 1.46470589
v -0.02515368 -0.02078034 -0.02370312 1.16470589 1.30000001 1.46470589
v -0.02734370 0.02078034 -0.02354913 1.16470589 1.30000001 1.46470589
v -0.02515368 -0.02278505 -0.02278831 1.16470589 1.30000001 1.46470589
v -0.02515368 -0.02370387 -0.00022157 1.16470589 1.30000001 1.46470589
v -0.00328229 -0.02369923 -0.02077942 1.16470589 1.30000001 1.46470589
v -0.00328229 -0.02370387 -0.01859353 1.16470589 1.30000001 1.46470589
v -0.02734370 0.02354610 -0.00022157 1.16470589 1.30000001 1.46470589
v -0.02515368 0.02369923 -0.02077942 1.16470589 1.30000001 1.46470589
v -0.02734370 0.02271079 -0.02271017 1.16470589 1.30000001 1.46470589
v -0.02515368 0.02370387 -0.01859353 1.16470589 1.30000001 1.46470589
v -0.00328229 -0.02078034 -0.02370312 1.16470589 1.30000001 1.46470589
v -0.02515368 0.02078034 -0.02370312 1.16470589 1.30000001 1.46470589
v 0.00214333 -0.02278505 -0.02278831 1.16470589 1.30000001 1.46470589
v -0.00328229 -0.02370387 -0.00022157 1.16470589 1.30000001 1.46470589
v -0.00109545 -0.02368067 -0.02077942 1.16470589 1.30000001 1.46470589
v 0.00214333 -0.02365282 -0.02077942 1.16470589 1.30000001 1.46470589
v -0.02515368 0.02370387 -0.00022157 1.16470589 1.30000001 1.46470589
v -0.02515368 0.02278505 -0.02278831 1.16470589 1.30000001 1.46470589
v -0.00328229 0.02369923 -0.02077942 1.16470589 1.30000001 1.46470589
v -0.00328229 0.02370387 -0.01859353 1.16470589 1.30000001 1.46470589
v 0.00214333 -0.02078034 -0.02365255 1.16470589 1.30000001 1.46470589
v 0.00214333 -0.02174093 -0.02323883 1.16470589 1.30000001 1.46470589
v -0.00328229 0.02078034 -0.02370312 1.16470589 1.30000001 1.46470589
v -0.00109545 -0.02348577 -0.00022157 1.16470589 1.30000001 1.46470589
v 0.00214333 -0.02184766 -0.00022157 1.16470589 1.30000001 1.46470589
v 0.00170661 -0.02213538 -0.00022157 1.16470589 1.30000001 1.46470589
v 0.00104673 -0.02256694 -0.00022157 1.16470589 1.30000001 1.46470589
v -0.00328229 0.02370387 -0.00022157 1.16470589 1.30000001 1.46470589
v 0.00214333 0.02278505 -0.02278831 1.16470589 1.30000001 1.46470589
v -0.00109545 0.02368531 -0.02077942 1.16470589 1.30000001 1.46470589
v 0.00214333 0.02078034 -0.02365255 1.16470589 1.30000001 1.46470589
v 0.00214333 0.02168060 -0.00022157 1.16470589 1.30000001 1.46470589
v -0.00109545 0.02348577 -0.00022157 1.16470589 1.30000001 1.46470589
v 0.00214333 0.02365282 -0.02077942 1.16470589 1.30000001 1.46470589
v 0.00214333 0.02323982 -0.02174250 1.16470589 1.30000001 1.46470589
v 0.00214333 0.02184766 -0.00022386 1.16470589 1.30000001 1.46470589
v 0.00214014 0.02184766 -0.00022157 1.16470589 1.30000001 1.46470589
v 0.00019240 0.02293354 -0.00022157 1.16470589 1.30000001 1.46470589
v 0.00104673 0.02256694 -0.00022157 1.16470589 1.30000001 1.46470589
v 0.00148346 0.02228386 -0.00022157 1.16470589 1.30000001 1.46470589
f 1188 1189 1190
f 1188 1190 1191
f 1188 1191 1192
f 1188 1192 1193
f 1188 1193 1210
f 1188 1210 1220
f 1188 1220 1219
f 1188 1219 1241
f 1188 1241 1251
f 1188 1251 1261
f 1188 1261 1264
f 1188 1264 1263
f 1188 1263 1262
f 1188 1262 1269
f 1188 1269 1274
f 1188 1274 1277
f 1188 1277 1276
f 1188 1276 1275
f 1188 1275 1270
f 1188 1270 1265
f 1188 1265 1254
f 1188 1254 1244
f 1188 1244 1223
f 1188 1223 1211
f 1188 1211 1194
f 1188 1194 1214
f 1188 1214 1237
f 1188 1237 1236
f 1188 1236 1235
f 1188 1235 1234
f 1188 1234 1233
f 1188 1233 1232
f 1188 1232 1231
f 1188 1231 1230
f 1188 1230 1229
f 1188 1229 1228
f 1188 1228 1227
f 1188 1227 1226
f 1188 1226 1216
f 1188 1216 1208
f 1188 1208 1207
f 1188 1207 1206
f 1188 1206 1205
f 1188 1205 1204
f 1188 1204 1203
f 1188 1203 1202
f 1188 1202 1201
f 1188 1201 1200
f 1188 1200 1199
f 1188 1199 1198
f 1188 1198 1195
f 1188 1195 1189
f 1189 1195 1190
f 1190 1196 1197
f 1190 1197 1191
f 1190 1195 1198
f 1190 1198 1199
f 1190 1199 1200
f 1190 1200 1201
f 1190 1201 1202
f 1190 1202 1203
f 1190 1203 1204
f 1190 1204 1205
f 1190 1205 1206
f 1190 1206 1207
f 1190 1207 1208
f 1190 1208 1196
f 1191 1197 1209
f 1191 1209 1210
f 1191 1210 1192
f 1192 1210 1193
f 1194 1211 1212
f 1194 1212 1213
f 1194 1213 1214
f 1196 1215 1197
f 1196 1208 1216
f 1196 1216 1226
f 1196 1226 1217
f 1196 1217 1239
f 1196 1239 1215
f 1197 1215 1218
f 1197 1218 1209
f 1209 1219 1220
f 1209 1220 1210
f 1209 1218 1221
f 1209 1221 1222
f 1209 1222 1219
f 1211 1223 1212
f 1212 1223 1224
f 1212 1224 1225
f 1212 1225 1213
f 1213 1225 1217
f 1213 1217 1226
f 1213 1226 1227
f 1213 1227 1228
f 1213 1228 1229
f 1213 1229 1230
f 1213 1230 1231
f 1213 1231 1232
f 1213 1232 1233
f 1213 1233 1234
f 1213 1234 1235
f 1213 1235 1236
f 1213 1236 1237
f 1213 1237 1214
f 1215 1238 1218
f 1215 1239 1249
f 1215 1249 1238
f 1217 1225 1239
f 1218 1240 1221
f 1218 1238 1240
f 1219 1222 1241
f 1221 1240 1250
f 1221 1250 1242
f 1221 1242 1243
f 1221 1243 1222
f 1222 1243 1251
f 1222 1251 1241
f 1223 1244 1224
f 1224 1245 1246
f 1224 1246 1225
f 1224 1244 1254
f 1224 1254 1247
f 1224 1247 1245
f 1225 1246 1239
f 1238 1248 1250
f 1238 1250 1240
f 1238 1249 1260
f 1238 1260 1248
f 1239 1246 1249
f 1242 1250 1252
f 1242 1252 1243
f 1243 1252 1253
f 1243 1253 1251
f 1245 1255 1246
f 1245 1247 1257
f 1245 1257 1256
f 1245 1256 1266
f 1245 1266 1255
f 1246 1255 1249
f 1247 1254 1265
f 1247 1265 1257
f 1248 1258 1259
f 1248 1259 1250
f 1248 1260 1268
f 1248 1268 1258
f 1249 1255 1266
f 1249 1266 1260
f 1250 1253 1252
f 1250 1259 1258
f 1250 1258 1268
f 1250 1268 1266
f 1250 1266 1272
f 1250 1272 1271
f 1250 1271 1273
f 1250 1273 1269
f 1250 1269 1262
f 1250 1262 1253
f 1251 1253 1261
f 1253 1262 1263
f 1253 1263 1264
f 1253 1264 1261
f 1256 1257 1267
f 1256 1267 1266
f 1257 1265 1267
f 1260 1266 1268
f 1265 1270 1271
f 1265 1271 1267
f 1266 1267 1272
f 1267 1271 1272
f 1269 1273 1274
f 1270 1275 1271
f 1271 1275 1276
f 1271 1276 1277
f 1271 1277 1273
f 1273 1277 1274

o geometry_7
v 0.03436569 -0.02364695 0.02078045 1.19411764 0.68823529 1.17058824
v 0.03436569 -0.02278847 0.02278744 1.19411764 0.68823529 1.17058824
v 0.03436569 -0.02183255 -0.00021923 1.19411764 0.68823529 1.17058824
v 0.03828367 -0.02331747 -0.00021923 1.19411764 0.68823529 1.17058824
v 0.03915435 -0.02347060 -0.00021923 1.19411764 0.68823529 1.17058824
v 0.04046988 -0.02369799 -0.00021923 1.19411764 0.68823529 1.17058824
v 0.04046988 -0.02370262 0.02078045 1.19411764 0.68823529 1.17058824
v 0.06234135 -0.02278847 0.02278744 1.19411764 0.68823529 1.17058824
v 0.04046988 -0.02077916 0.02370078 1.19411764 0.68823529 1.17058824
v 0.03436569 -0.02077916 0.02364926 1.19411764 0.68823529 1.17058824
v 0.03436569 0.02183379 -0.00021923 1.19411764 0.68823529 1.17058824
v 0.06234135 -0.02369799 -0.00021923 1.19411764 0.68823529 1.17058824
v 0.06234135 -0.02369799 0.02078045 1.19411764 0.68823529 1.17058824
v 0.06453072 -0.02275134 0.02275231 1.19411764 0.68823529 1.17058824
v 0.06234135 -0.02077916 0.02370078 1.19411764 0.68823529 1.17058824
v 0.04046988 -0.01859352 0.02370312 1.19411764 0.68823529 1.17058824
v 0.03436569 0.02078041 0.02364926 1.19411764 0.68823529 1.17058824
v 0.03436569 0.02364819 0.02078045 1.19411764 0.68823529 1.17058824
v 0.03828367 0.02331872 -0.00021923 1.19411764 0.68823529 1.17058824
v 0.06453072 -0.02362838 -0.00021923 1.19411764 0.68823529 1.17058824
v 0.06453072 -0.02362838 0.02078045 1.19411764 0.68823529 1.17058824
v 0.06602420 -0.02243578 0.02243616 1.19411764 0.68823529 1.17058824
v 0.06453072 -0.02077916 0.02363052 1.19411764 0.68823529 1.17058824
v 0.06234135 -0.01859352 0.02370312 1.19411764 0.68823529 1.17058824
v 0.04046988 0.02078041 0.02370312 1.19411764 0.68823529 1.17058824
v 0.03436569 0.02278508 0.02278744 1.19411764 0.68823529 1.17058824
v 0.03959920 0.02355074 -0.00021923 1.19411764 0.68823529 1.17058824
v 0.04046988 0.02369923 0.02078045 1.19411764 0.68823529 1.17058824
v 0.04046988 0.02370387 0.01859313 1.19411764 0.68823529 1.17058824
v 0.04046988 0.02370387 -0.00021923 1.19411764 0.68823529 1.17058824
v 0.06622438 -0.02271421 -0.00021923 1.19411764 0.68823529 1.17058824
v 0.06622438 -0.02271421 0.02078045 1.19411764 0.68823529 1.17058824
v 0.06682496 -0.02077916 0.02078045 1.19411764 0.68823529 1.17058824
v 0.06622438 -0.02077916 0.02271485 1.19411764 0.68823529 1.17058824
v 0.06453072 0.02078041 0.02363052 1.19411764 0.68823529 1.17058824
v 0.06234135 0.02078041 0.02370312 1.19411764 0.68823529 1.17058824
v 0.06234135 0.02278508 0.02278744 1.19411764 0.68823529 1.17058824
v 0.06234135 0.02369923 0.02078045 1.19411764 0.68823529 1.17058824
v 0.06234135 0.02370387 0.01859313 1.19411764 0.68823529 1.17058824
v 0.06234135 0.02370387 -0.00021923 1.19411764 0.68823529 1.17058824
v 0.06658664 -0.02154947 -0.00021923 1.19411764 0.68823529 1.17058824
v 0.06682496 -0.02077916 -0.00021923 1.19411764 0.68823529 1.17058824
v 0.06682496 0.02078041 0.02078045 1.19411764 0.68823529 1.17058824
v 0.06622438 0.02078041 0.02271485 1.19411764 0.68823529 1.17058824
v 0.06602420 0.02243240 0.02243616 1.19411764 0.68823529 1.17058824
v 0.06453072 0.02275258 0.02275231 1.19411764 0.68823529 1.17058824
v 0.06453072 0.02362964 0.02078045 1.19411764 0.68823529 1.17058824
v 0.06453072 0.02362964 -0.00021923 1.19411764 0.68823529 1.17058824
v 0.06682496 0.02078041 -0.00021923 1.19411764 0.68823529 1.17058824
v 0.06646587 0.02194515 -0.00021923 1.19411764 0.68823529 1.17058824
v 0.06622438 0.02271546 0.02078045 1.19411764 0.68823529 1.17058824
v 0.06554756 0.02308206 -0.00021923 1.19411764 0.68823529 1.17058824
v 0.06622438 0.02271546 -0.00021923 1.19411764 0.68823529 1.17058824
f 1278 1279 1287
f 1278 1287 1294
f 1278 1294 1303
f 1278 1303 1295
f 1278 1295 1288
f 1278 1288 1280
f 1278 1280 1281
f 1278 1281 1282
f 1278 1282 1283
f 1278 1283 1284
f 1278 1284 1279
f 1279 1284 1285
f 1279 1285 1292
f 1279 1292 1286
f 1279 1286 1287
f 1280 1288 1296
f 1280 1296 1304
f 1280 1304 1307
f 1280 1307 1317
f 1280 1317 1325
f 1280 1325 1329
f 1280 1329 1330
f 1280 1330 1327
f 1280 1327 1326
f 1280 1326 1319
f 1280 1319 1318
f 1280 1318 1308
f 1280 1308 1297
f 1280 1297 1289
f 1280 1289 1283
f 1280 1283 1282
f 1280 1282 1281
f 1283 1289 1284
f 1284 1289 1290
f 1284 1290 1285
f 1285 1291 1292
f 1285 1290 1291
f 1286 1292 1301
f 1286 1301 1293
f 1286 1293 1287
f 1287 1293 1302
f 1287 1302 1294
f 1288 1295 1296
f 1289 1297 1298
f 1289 1298 1290
f 1290 1298 1291
f 1291 1298 1299
f 1291 1299 1300
f 1291 1300 1292
f 1292 1300 1301
f 1293 1301 1313
f 1293 1313 1302
f 1294 1302 1303
f 1295 1304 1296
f 1295 1303 1305
f 1295 1305 1306
f 1295 1306 1307
f 1295 1307 1304
f 1297 1308 1309
f 1297 1309 1298
f 1298 1309 1299
f 1299 1309 1310
f 1299 1310 1311
f 1299 1311 1300
f 1300 1311 1321
f 1300 1321 1312
f 1300 1312 1313
f 1300 1313 1301
f 1302 1313 1314
f 1302 1314 1303
f 1303 1314 1315
f 1303 1315 1305
f 1305 1315 1316
f 1305 1316 1306
f 1306 1316 1317
f 1306 1317 1307
f 1308 1318 1309
f 1309 1318 1310
f 1310 1318 1319
f 1310 1319 1326
f 1310 1326 1320
f 1310 1320 1321
f 1310 1321 1311
f 1312 1321 1322
f 1312 1322 1323
f 1312 1323 1313
f 1313 1323 1314
f 1314 1323 1315
f 1315 1323 1324
f 1315 1324 1316
f 1316 1324 1325
f 1316 1325 1317
f 1320 1326 1327
f 1320 1327 1328
f 1320 1328 1322
f 1320 1322 1321
f 1322 1328 1324
f 1322 1324 1323
f 1324 1328 1329
f 1324 1329 1325
f 1327 1330 1328
f 1328 1330 1329

o geometry_8
v -0.03042309 -0.01894267 0.00109458 0.17647059 0.95882354 0.21176470
v -0.03042309 -0.01887307 0.00328189 0.17647059 0.95882354 0.21176470
v -0.03042309 -0.01881738 0.00066836 0.17647059 0.95882354 0.21176470
v -0.02888263 -0.02263191 -0.00021923 0.17647059 0.95882354 0.21176470
v -0.02888582 -0.02263191 0.00109458 0.17647059 0.95882354 0.21176470
v -0.02888263 -0.02263191 0.02078045 0.17647059 0.95882354 0.21176470
v -0.03042309 -0.01870137 0.00479709 0.17647059 0.95882354 0.21176470
v -0.03042309 -0.01850648 -0.00021923 0.17647059 0.95882354 0.21176470
v -0.02826708 -0.02299851 -0.00021923 0.17647059 0.95882354 0.21176470
v -0.02734216 -0.02354610 0.02078045 0.17647059 0.95882354 0.21176470
v -0.02873273 -0.02238132 0.02237995 0.17647059 0.95882354 0.21176470
v -0.02932594 -0.02078034 0.02078045 0.17647059 0.95882354 0.21176470
v -0.03042309 -0.01859928 0.00546921 0.17647059 0.95882354 0.21176470
v -0.03042309 0.01709110 -0.00021923 0.17647059 0.95882354 0.21176470
v -0.02734216 -0.02354610 -0.00021923 0.17647059 0.95882354 0.21176470
v -0.02734216 -0.02271079 0.02271017 0.17647059 0.95882354 0.21176470
v -0.02647148 -0.02361107 -0.00021923 0.17647059 0.95882354 0.21176470
v -0.02515427 -0.02370387 0.01859313 0.17647059 0.95882354 0.21176470
v -0.02515427 -0.02369923 0.02078045 0.17647059 0.95882354 0.21176470
v -0.02734216 -0.02078034 0.02354856 0.17647059 0.95882354 0.21176470
v -0.02888263 -0.02078034 0.02263523 0.17647059 0.95882354 0.21176470
v -0.03042309 -0.00546655 0.01904746 0.17647059 0.95882354 0.21176470
v -0.03042309 -0.00762905 0.01854162 0.17647059 0.95882354 0.21176470
v -0.03042309 -0.00968944 0.01779455 0.17647059 0.95882354 0.21176470
v -0.03042309 -0.01204685 0.01591871 0.17647059 0.95882354 0.21176470
v -0.03042309 -0.01423254 0.01379227 0.17647059 0.95882354 0.21176470
v -0.03042309 -0.01618620 0.01137310 0.17647059 0.95882354 0.21176470
v -0.03042309 -0.01812131 0.00737082 0.17647059 0.95882354 0.21176470
v -0.03042309 -0.01827909 0.00691884 0.17647059 0.95882354 0.21176470
v -0.03042309 0.01716536 0.00109458 0.17647059 0.95882354 0.21176470
v -0.02888263 0.02263191 -0.00021923 0.17647059 0.95882354 0.21176470
v -0.02515427 -0.02278505 0.02278744 0.17647059 0.95882354 0.21176470
v -0.02515427 -0.02078034 0.02370312 0.17647059 0.95882354 0.21176470
v -0.02515427 -0.02370387 -0.00021923 0.17647059 0.95882354 0.21176470
v -0.00328164 -0.02370387 0.01859313 0.17647059 0.95882354 0.21176470
v -0.00328164 -0.02369923 0.02078045 0.17647059 0.95882354 0.21176470
v -0.02889220 -0.00109053 0.02263523 0.17647059 0.95882354 0.21176470
v -0.02734216 0.02078034 0.02354856 0.17647059 0.95882354 0.21176470
v -0.03042309 -0.00109053 0.01979687 0.17647059 0.95882354 0.21176470
v -0.03042309 0.01717464 0.00148567 0.17647059 0.95882354 0.21176470
v -0.02888263 0.02263191 0.02078045 0.17647059 0.95882354 0.21176470
v -0.02795453 0.02318414 -0.00021923 0.17647059 0.95882354 0.21176470
v -0.03042309 0.01719784 0.00328189 0.17647059 0.95882354 0.21176470
v 0.00215622 -0.02278505 0.02278744 0.17647059 0.95882354 0.21176470
v -0.00328164 -0.02078034 0.02370312 0.17647059 0.95882354 0.21176470
v -0.02515427 0.02078034 0.02370312 0.17647059 0.95882354 0.21176470
v -0.00328164 -0.02370387 -0.00021923 0.17647059 0.95882354 0.21176470
v 0.00215622 -0.02365282 0.02078045 0.17647059 0.95882354 0.21176470
v -0.00109694 -0.02368067 0.02078045 0.17647059 0.95882354 0.21176470
v 0.00215622 -0.02323055 0.02175936 0.17647059 0.95882354 0.21176470
v -0.02889220 0.00109053 0.02263523 0.17647059 0.95882354 0.21176470
v -0.02734216 0.02271079 0.02271017 0.17647059 0.95882354 0.21176470
v -0.02873273 0.02238132 0.02237995 0.17647059 0.95882354 0.21176470
v -0.02888263 0.02078034 0.02263523 0.17647059 0.95882354 0.21176470
v -0.03042309 -0.00075641 0.01977813 0.17647059 0.95882354 0.21176470
v -0.02932594 0.02078034 0.02078045 0.17647059 0.95882354 0.21176470
v -0.02734216 0.02354610 0.02078045 0.17647059 0.95882354 0.21176470
v -0.03042309 0.01710502 0.00546921 0.17647059 0.95882354 0.21176470
v -0.02734216 0.02354610 -0.00021923 0.17647059 0.95882354 0.21176470
v 0.00215622 -0.02078034 0.02365161 0.17647059 0.95882354 0.21176470
v -0.00109694 -0.02078034 0.02368438 0.17647059 0.95882354 0.21176470
v -0.00328164 0.02078034 0.02370312 0.17647059 0.95882354 0.21176470
v -0.02515427 0.02278505 0.02278744 0.17647059 0.95882354 0.21176470
v -0.00109694 -0.02348577 -0.00021923 0.17647059 0.95882354 0.21176470
v 0.00104633 -0.02256694 -0.00021923 0.17647059 0.95882354 0.21176470
v 0.00215622 -0.02184766 -0.00021923 0.17647059 0.95882354 0.21176470
v -0.02515427 0.02369923 0.02078045 0.17647059 0.95882354 0.21176470
v -0.03042309 0.00500714 0.01904746 0.17647059 0.95882354 0.21176470
v -0.03042309 0.00109053 0.01963059 0.17647059 0.95882354 0.21176470
v -0.03042309 0.01708647 0.00570340 0.17647059 0.95882354 0.21176470
v -0.03042309 0.01687764 0.00766590 0.17647059 0.95882354 0.21176470
v -0.03042309 0.01620940 0.00984386 0.17647059 0.95882354 0.21176470
v -0.03042309 0.01384737 0.01385082 0.17647059 0.95882354 0.21176470
v -0.03042309 0.01165239 0.01601004 0.17647059 0.95882354 0.21176470
v -0.03042309 0.01123938 0.01627935 0.17647059 0.95882354 0.21176470
v -0.03042309 0.00756872 0.01834957 0.17647059 0.95882354 0.21176470
v -0.03042309 0.00712323 0.01850413 0.17647059 0.95882354 0.21176470
v -0.03042309 0.00546655 0.01894441 0.17647059 0.95882354 0.21176470
v -0.02515427 0.02370387 0.01859313 0.17647059 0.95882354 0.21176470
v -0.02515427 0.02370387 -0.00021923 0.17647059 0.95882354 0.21176470
v 0.00215622 0.02078034 0.02365161 0.17647059 0.95882354 0.21176470
v -0.00109694 0.02078034 0.02368438 0.17647059 0.95882354 0.21176470
v 0.00215622 0.02175950 0.02323241 0.17647059 0.95882354 0.21176470
v 0.00215622 0.02278505 0.02278744 0.17647059 0.95882354 0.21176470
v 0.00215622 0.02184766 -0.00021923 0.17647059 0.95882354 0.21176470
v -0.00328164 0.02369923 0.02078045 0.17647059 0.95882354 0.21176470
v -0.00328164 0.02370387 0.01859313 0.17647059 0.95882354 0.21176470
v -0.00328164 0.02370387 -0.00021923 0.17647059 0.95882354 0.21176470
v 0.00215622 0.02320734 0.02181089 0.17647059 0.95882354 0.21176470
v -0.00109694 0.02368531 0.02078045 0.17647059 0.95882354 0.21176470
v 0.00148326 0.02228386 -0.00021923 0.17647059 0.95882354 0.21176470
v 0.00215622 0.02365282 0.02078045 0.17647059 0.95882354 0.21176470
v -0.00109694 0.02348577 -0.00021923 0.17647059 0.95882354 0.21176470
v 0.00104633 0.02256694 -0.00021923 0.17647059 0.95882354 0.21176470
v 0.00019157 0.02293354 -0.00021923 0.17647059 0.95882354 0.21176470
f 1331 1332 1337
f 1331 1337 1343
f 1331 1343 1359
f 1331 1359 1358
f 1331 1358 1357
f 1331 1357 1356
f 1331 1356 1355
f 1331 1355 1354
f 1331 1354 1353
f 1331 1353 1352
f 1331 1352 1369
f 1331 1369 1385
f 1331 1385 1399
f 1331 1399 1398
f 1331 1398 1408
f 1331 1408 1407
f 1331 1407 1406
f 1331 1406 1405
f 1331 1405 1404
f 1331 1404 1403
f 1331 1403 1402
f 1331 1402 1401
f 1331 1401 1400
f 1331 1400 1388
f 1331 1388 1373
f 1331 1373 1370
f 1331 1370 1360
f 1331 1360 1344
f 1331 1344 1338
f 1331 1338 1333
f 1331 1333 1334
f 1331 1334 1335
f 1331 1335 1336
f 1331 1336 1332
f 1332 1336 1337
f 1333 1338 1334
f 1334 1339 1335
f 1334 1338 1344
f 1334 1344 1361
f 1334 1361 1372
f 1334 1372 1389
f 1334 1389 1410
f 1334 1410 1418
f 1334 1418 1423
f 1334 1423 1425
f 1334 1425 1424
f 1334 1424 1421
f 1334 1421 1415
f 1334 1415 1396
f 1334 1396 1395
f 1334 1395 1394
f 1334 1394 1377
f 1334 1377 1364
f 1334 1364 1347
f 1334 1347 1345
f 1334 1345 1339
f 1335 1339 1340
f 1335 1340 1336
f 1336 1340 1341
f 1336 1341 1342
f 1336 1342 1343
f 1336 1343 1337
f 1339 1345 1340
f 1340 1346 1341
f 1340 1345 1347
f 1340 1347 1348
f 1340 1348 1349
f 1340 1349 1346
f 1341 1350 1351
f 1341 1351 1342
f 1341 1346 1350
f 1342 1351 1352
f 1342 1352 1353
f 1342 1353 1354
f 1342 1354 1355
f 1342 1355 1356
f 1342 1356 1357
f 1342 1357 1358
f 1342 1358 1359
f 1342 1359 1343
f 1344 1360 1361
f 1346 1349 1362
f 1346 1362 1363
f 1346 1363 1350
f 1347 1364 1348
f 1348 1364 1377
f 1348 1377 1365
f 1348 1365 1366
f 1348 1366 1349
f 1349 1366 1374
f 1349 1374 1362
f 1350 1367 1351
f 1350 1363 1376
f 1350 1376 1368
f 1350 1368 1381
f 1350 1381 1367
f 1351 1367 1369
f 1351 1369 1352
f 1360 1370 1361
f 1361 1371 1372
f 1361 1370 1373
f 1361 1373 1371
f 1362 1374 1375
f 1362 1375 1363
f 1363 1375 1392
f 1363 1392 1376
f 1365 1377 1378
f 1365 1378 1379
f 1365 1379 1366
f 1366 1379 1380
f 1366 1380 1374
f 1367 1381 1369
f 1368 1376 1382
f 1368 1382 1383
f 1368 1383 1384
f 1368 1384 1381
f 1369 1381 1384
f 1369 1384 1385
f 1371 1386 1383
f 1371 1383 1387
f 1371 1387 1372
f 1371 1373 1388
f 1371 1388 1386
f 1372 1387 1389
f 1374 1380 1378
f 1374 1378 1396
f 1374 1396 1415
f 1374 1415 1422
f 1374 1422 1419
f 1374 1419 1414
f 1374 1414 1413
f 1374 1413 1411
f 1374 1411 1390
f 1374 1390 1391
f 1374 1391 1375
f 1375 1391 1412
f 1375 1412 1392
f 1376 1392 1414
f 1376 1414 1393
f 1376 1393 1382
f 1377 1394 1378
f 1378 1394 1395
f 1378 1395 1396
f 1378 1380 1379
f 1382 1393 1397
f 1382 1397 1387
f 1382 1387 1383
f 1383 1386 1384
f 1384 1386 1398
f 1384 1398 1399
f 1384 1399 1385
f 1386 1388 1400
f 1386 1400 1401
f 1386 1401 1402
f 1386 1402 1403
f 1386 1403 1404
f 1386 1404 1405
f 1386 1405 1406
f 1386 1406 1407
f 1386 1407 1408
f 1386 1408 1398
f 1387 1397 1409
f 1387 1409 1410
f 1387 1410 1389
f 1390 1411 1412
f 1390 1412 1391
f 1392 1412 1413
f 1392 1413 1414
f 1393 1414 1416
f 1393 1416 1397
f 1397 1416 1417
f 1397 1417 1409
f 1409 1417 1418
f 1409 1418 1410
f 1411 1413 1412
f 1414 1419 1420
f 1414 1420 1416
f 1415 1421 1422
f 1416 1420 1417
f 1417 1420 1418
f 1418 1420 1422
f 1418 1422 1423
f 1419 1422 1420
f 1421 1424 1422
f 1422 1424 1425
f 1422 1425 1423

o geometry_9
v 0.03436569 -0.02078079 0.02364725 1.41176470 0.78235294 0.61764706
v 0.02734233 -0.02078079 0.02364959 1.41176470 0.78235294 0.61764706
v 0.03436569 -0.02236723 0.02296962 1.41176470 0.78235294 0.61764706
v 0.03436569 -0.02032114 0.02352573 1.41176470 0.78235294 0.61764706
v 0.01819629 -0.02078079 0.02364959 1.41176470 0.78235294 0.61764706
v 0.01819629 -0.02278859 0.02278735 1.41176470 0.78235294 0.61764706
v 0.03436569 -0.02278859 0.02278735 1.41176470 0.78235294 0.61764706
v 0.03436569 -0.01805879 0.02274529 1.41176470 0.78235294 0.61764706
v 0.01819629 -0.01549797 0.02185037 1.41176470 0.78235294 0.61764706
v 0.01819629 -0.02364965 0.02078017 1.41176470 0.78235294 0.61764706
v 0.03436569 -0.02364883 0.02078017 1.41176470 0.78235294 0.61764706
v 0.03436569 -0.01549797 0.02185505 1.41176470 0.78235294 0.61764706
v 0.01819629 -0.01549797 -0.00021923 1.41176470 0.78235294 0.61764706
v 0.01819629 -0.02182778 -0.00021923 1.41176470 0.78235294 0.61764706
v 0.03436569 -0.02183656 -0.00021923 1.41176470 0.78235294 0.61764706
v 0.03436569 -0.01549797 -0.00021923 1.41176470 0.78235294 0.61764706
f 1426 1427 1428
f 1426 1428 1432
f 1426 1432 1436
f 1426 1436 1440
f 1426 1440 1441
f 1426 1441 1437
f 1426 1437 1433
f 1426 1433 1429
f 1426 1429 1427
f 1427 1429 1430
f 1427 1430 1428
f 1428 1430 1431
f 1428 1431 1432
f 1429 1433 1434
f 1429 1434 1430
f 1430 1434 1438
f 1430 1438 1439
f 1430 1439 1435
f 1430 1435 1431
f 1431 1435 1432
f 1432 1435 1436
f 1433 1437 1434
f 1434 1437 1441
f 1434 1441 1438
f 1435 1439 1440
f 1435 1440 1436
f 1438 1441 1440
f 1438 1440 1439

o geometry_10
v 0.01792869 -0.01502333 -0.00022157 0.39411765 1.15882353 0.68235294
v 0.00214333 -0.01502333 -0.00022157 0.39411765 1.15882353 0.68235294
v 0.01792869 -0.02182770 -0.00022157 0.39411765 1.15882353 0.68235294
v 0.01792869 -0.01502333 -0.02184192 0.39411765 1.15882353 0.68235294
v 0.00214333 -0.02185135 -0.00022157 0.39411765 1.15882353 0.68235294
v 0.00214333 -0.01502333 -0.02186027 0.39411765 1.15882353 0.68235294
v 0.01792869 -0.02364940 -0.02077993 0.39411765 1.15882353 0.68235294
v 0.01792869 -0.02078080 -0.02364934 0.39411765 1.15882353 0.68235294
v 0.00214333 -0.01964267 -0.02339245 0.39411765 1.15882353 0.68235294
v 0.00214333 -0.01726413 -0.02264471 0.39411765 1.15882353 0.68235294
v 0.00214333 -0.02365448 -0.02077993 0.39411765 1.15882353 0.68235294
v 0.01792869 -0.02278841 -0.02278692 0.39411765 1.15882353 0.68235294
v 0.00214333 -0.02078080 -0.02365393 0.39411765 1.15882353 0.68235294
v 0.00214333 -0.02278841 -0.02278692 0.39411765 1.15882353 0.68235294
v 0.00214333 -0.02174405 -0.02323878 0.39411765 1.15882353 0.68235294
f 1442 1443 1446
f 1442 1446 1444
f 1442 1444 1448
f 1442 1448 1453
f 1442 1453 1449
f 1442 1449 1445
f 1442 1445 1447
f 1442 1447 1443
f 1443 1447 1451
f 1443 1451 1450
f 1443 1450 1454
f 1443 1454 1456
f 1443 1456 1455
f 1443 1455 1452
f 1443 1452 1446
f 1444 1446 1448
f 1445 1449 1450
f 1445 1450 1451
f 1445 1451 1447
f 1446 1452 1448
f 1448 1452 1453
f 1449 1453 1454
f 1449 1454 1450
f 1452 1455 1453
f 1453 1455 1456
f 1453 1456 1454

o geometry_11
v 0.00215942 0.02077845 0.02365387 0.84705882 0.02352940 0.92352941
v 0.01819472 0.02077845 0.02364919 0.84705882 0.02352940 0.92352941
v 0.01819472 0.02242250 0.02294574 0.84705882 0.02352940 0.92352941
v 0.00215942 0.02175590 0.02323320 0.84705882 0.02352940 0.92352941
v 0.00215942 -0.01460410 0.02185200 0.84705882 0.02352940 0.92352941
v 0.01819472 -0.01460410 0.02183330 0.84705882 0.02352940 0.92352941
v 0.01819472 0.02278575 0.02278683 0.84705882 0.02352940 0.92352941
v 0.00215942 0.02278575 0.02278683 0.84705882 0.02352940 0.92352941
v 0.00215942 -0.01460410 -0.00021923 0.84705882 0.02352940 0.92352941
v 0.01819472 -0.01460410 -0.00021923 0.84705882 0.02352940 0.92352941
v 0.01819472 0.02348980 0.02114621 0.84705882 0.02352940 0.92352941
v 0.00215942 0.02365460 0.02077929 0.84705882 0.02352940 0.92352941
v 0.00215942 0.02184951 -0.00021923 0.84705882 0.02352940 0.92352941
v 0.01819472 0.02182704 -0.00021923 0.84705882 0.02352940 0.92352941
v 0.01819472 0.02364709 0.02077929 0.84705882 0.02352940 0.92352941
f 1457 1458 1459
f 1457 1459 1460
f 1457 1460 1464
f 1457 1464 1468
f 1457 1468 1469
f 1457 1469 1465
f 1457 1465 1461
f 1457 1461 1458
f 1458 1461 1462
f 1458 1462 1466
f 1458 1466 1470
f 1458 1470 1471
f 1458 1471 1467
f 1458 1467 1463
f 1458 1463 1459
f 1459 1463 1464
f 1459 1464 1460
f 1461 1465 1466
f 1461 1466 1462
f 1463 1467 1468
f 1463 1468 1464
f 1465 1469 1470
f 1465 1470 1466
f 1467 1471 1468
f 1468 1471 1469
f 1469 1471 1470

o geometry_12
v 0.03418812 0.01421968 -0.00022157 0.91764706 0.92352941 1.41176470
v 0.03418812 0.01421968 -0.02183331 0.91764706 0.92352941 1.41176470
v 0.01792869 0.01421968 -0.00022157 0.91764706 0.92352941 1.41176470
v 0.03418812 -0.02183328 -0.00022157 0.91764706 0.92352941 1.41176470
v 0.01792869 0.01421968 -0.02182644 0.91764706 0.92352941 1.41176470
v 0.03418812 -0.02078053 -0.02364729 0.91764706 0.92352941 1.41176470
v 0.01792869 -0.02078053 -0.02364729 0.91764706 0.92352941 1.41176470
v 0.01792869 -0.02182587 -0.00022157 0.91764706 0.92352941 1.41176470
v 0.01792869 -0.02364965 -0.02078070 0.91764706 0.92352941 1.41176470
v 0.03418812 -0.02364594 -0.02078070 0.91764706 0.92352941 1.41176470
v 0.03418812 -0.02278595 -0.02278731 0.91764706 0.92352941 1.41176470
v 0.01792869 -0.02217802 -0.02304875 0.91764706 0.92352941 1.41176470
v 0.01792869 -0.02278595 -0.02278731 0.91764706 0.92352941 1.41176470
v 0.03418812 -0.02289716 -0.02252817 0.91764706 0.92352941 1.41176470
f 1472 1473 1476
f 1472 1476 1474
f 1472 1474 1479
f 1472 1479 1475
f 1472 1475 1481
f 1472 1481 1485
f 1472 1485 1482
f 1472 1482 1477
f 1472 1477 1473
f 1473 1477 1478
f 1473 1478 1476
f 1474 1476 1478
f 1474 1478 1483
f 1474 1483 1484
f 1474 1484 1480
f 1474 1480 1479
f 1475 1479 1480
f 1475 1480 1481
f 1477 1482 1483
f 1477 1483 1478
f 1480 1484 1482
f 1480 1482 1485
f 1480 1485 1481
f 1482 1484 1483

o geometry_13
v 0.03171748 0.02078022 0.02364959 1.01764705 0.53529413 0.65294118
v 0.03436569 0.02078022 0.02364725 1.01764705 0.53529413 0.65294118
v 0.03436569 0.02120173 0.02346732 1.01764705 0.53529413 0.65294118
v 0.03436569 0.02278818 0.02278735 1.01764705 0.53529413 0.65294118
v 0.02952992 0.02078022 0.02364959 1.01764705 0.53529413 0.65294118
v 0.03436569 -0.01549718 0.02185505 1.01764705 0.53529413 0.65294118
v 0.03436569 0.02365036 0.02078019 1.01764705 0.53529413 0.65294118
v 0.01819629 0.02349325 0.02114704 1.01764705 0.53529413 0.65294118
v 0.01819629 0.02278818 0.02278735 1.01764705 0.53529413 0.65294118
v 0.01819629 0.02078022 0.02364725 1.01764705 0.53529413 0.65294118
v 0.01819629 -0.01549718 0.02185037 1.01764705 0.53529413 0.65294118
v 0.03436569 -0.01549718 -0.00021923 1.01764705 0.53529413 0.65294118
v 0.01819629 0.02364654 0.02078019 1.01764705 0.53529413 0.65294118
v 0.03436569 0.02183784 -0.00021923 1.01764705 0.53529413 0.65294118
v 0.01819629 -0.01549718 -0.00021923 1.01764705 0.53529413 0.65294118
v 0.01819629 0.02182635 -0.00021923 1.01764705 0.53529413 0.65294118
f 1486 1487 1488
f 1486 1488 1489
f 1486 1489 1494
f 1486 1494 1490
f 1486 1490 1491
f 1486 1491 1487
f 1487 1491 1497
f 1487 1497 1499
f 1487 1499 1492
f 1487 1492 1489
f 1487 1489 1488
f 1489 1492 1493
f 1489 1493 1494
f 1490 1494 1495
f 1490 1495 1491
f 1491 1496 1500
f 1491 1500 1497
f 1491 1495 1496
f 1492 1498 1493
f 1492 1499 1498
f 1493 1498 1501
f 1493 1501 1500
f 1493 1500 1496
f 1493 1496 1495
f 1493 1495 1494
f 1497 1500 1501
f 1497 1501 1499
f 1498 1499 1501

o geometry_14
v 0.00282784 0.02183361 -0.00022157 1.04117648 0.08823529 1.00000000
v 0.01792869 0.02182605 -0.00022157 1.04117648 0.08823529 1.00000000
v 0.00214333 0.02184876 -0.00022386 1.04117648 0.08823529 1.00000000
v 0.00214333 0.02168218 -0.00022157 1.04117648 0.08823529 1.00000000
v 0.01792869 0.02364708 -0.02077993 1.04117648 0.08823529 1.00000000
v 0.01792869 -0.01502248 -0.00022157 1.04117648 0.08823529 1.00000000
v 0.00214333 0.02365465 -0.02077993 1.04117648 0.08823529 1.00000000
v 0.00214333 -0.01502248 -0.00022157 1.04117648 0.08823529 1.00000000
v 0.01792869 0.02278767 -0.02278692 1.04117648 0.08823529 1.00000000
v 0.01792869 -0.01502248 -0.02184192 1.04117648 0.08823529 1.00000000
v 0.00214333 0.02278767 -0.02278692 1.04117648 0.08823529 1.00000000
v 0.00214333 -0.01502248 -0.02186027 1.04117648 0.08823529 1.00000000
v 0.01792869 0.02139066 -0.02338787 1.04117648 0.08823529 1.00000000
v 0.00214333 0.02078112 -0.02365393 1.04117648 0.08823529 1.00000000
v 0.01792869 0.02078112 -0.02364934 1.04117648 0.08823529 1.00000000
f 1502 1503 1504
f 1502 1504 1505
f 1502 1505 1509
f 1502 1509 1507
f 1502 1507 1503
f 1503 1506 1504
f 1503 1507 1511
f 1503 1511 1516
f 1503 1516 1514
f 1503 1514 1510
f 1503 1510 1506
f 1504 1506 1508
f 1504 1508 1512
f 1504 1512 1515
f 1504 1515 1513
f 1504 1513 1509
f 1504 1509 1505
f 1506 1510 1508
f 1507 1509 1513
f 1507 1513 1511
f 1508 1510 1512
f 1510 1514 1515
f 1510 1515 1512
f 1511 1513 1516
f 1513 1515 1516
f 1514 1516 1515

o geometry_15
v 0.03418812 0.02183366 -0.00022157 1.00588236 0.31176471 0.18823530
v 0.01859397 0.02182812 -0.00022157 1.00588236 0.31176471 0.18823530
v 0.03418812 0.01421968 -0.00022157 1.00588236 0.31176471 0.18823530
v 0.03418812 0.02364945 -0.02078070 1.00588236 0.31176471 0.18823530
v 0.01792869 0.02364945 -0.02078070 1.00588236 0.31176471 0.18823530
v 0.01792869 0.02182719 -0.00022157 1.00588236 0.31176471 0.18823530
v 0.01792869 0.01421968 -0.00022157 1.00588236 0.31176471 0.18823530
v 0.03418812 0.01421968 -0.02183331 1.00588236 0.31176471 0.18823530
v 0.03418812 0.02353868 -0.02103984 1.00588236 0.31176471 0.18823530
v 0.01792869 0.02278909 -0.02278731 1.00588236 0.31176471 0.18823530
v 0.01792869 0.01421968 -0.02182644 1.00588236 0.31176471 0.18823530
v 0.01792869 0.02078037 -0.02364729 1.00588236 0.31176471 0.18823530
v 0.03418812 0.02049881 -0.02357391 1.00588236 0.31176471 0.18823530
v 0.03418812 0.02278909 -0.02278731 1.00588236 0.31176471 0.18823530
v 0.03418812 0.02253062 -0.02289969 1.00588236 0.31176471 0.18823530
v 0.02953120 0.02078037 -0.02364959 1.00588236 0.31176471 0.18823530
v 0.01792869 0.02139147 -0.02338586 1.00588236 0.31176471 0.18823530
v 0.03171801 0.02078037 -0.02364959 1.00588236 0.31176471 0.18823530
v 0.03418812 0.02078037 -0.02364729 1.00588236 0.31176471 0.18823530
f 1517 1518 1522
f 1517 1522 1523
f 1517 1523 1519
f 1517 1519 1524
f 1517 1524 1529
f 1517 1529 1535
f 1517 1535 1531
f 1517 1531 1530
f 1517 1530 1525
f 1517 1525 1520
f 1517 1520 1521
f 1517 1521 1518
f 1518 1521 1522
f 1519 1523 1527
f 1519 1527 1524
f 1520 1525 1521
f 1521 1525 1526
f 1521 1526 1533
f 1521 1533 1528
f 1521 1528 1527
f 1521 1527 1523
f 1521 1523 1522
f 1524 1527 1528
f 1524 1528 1529
f 1525 1530 1526
f 1526 1530 1531
f 1526 1531 1532
f 1526 1532 1533
f 1528 1533 1532
f 1528 1532 1529
f 1529 1532 1534
f 1529 1534 1535
f 1531 1535 1534
f 1531 1534 1532

o geometry_16
v 0.01819472 -0.02078058 0.02364919 0.47058824 0.54117646 0.85294117
v 0.00215942 -0.02078058 0.02365387 0.47058824 0.54117646 0.85294117
v 0.01819472 -0.02278890 0.02278683 0.47058824 0.54117646 0.85294117
v 0.01819472 -0.01460410 0.02183330 0.47058824 0.54117646 0.85294117
v 0.00215942 -0.01460410 0.02185200 0.47058824 0.54117646 0.85294117
v 0.00215942 -0.02278890 0.02278683 0.47058824 0.54117646 0.85294117
v 0.00215942 -0.02323451 0.02175852 0.47058824 0.54117646 0.85294117
v 0.01819472 -0.02294570 0.02242224 0.47058824 0.54117646 0.85294117
v 0.01819472 -0.01460410 -0.00021923 0.47058824 0.54117646 0.85294117
v 0.00215942 -0.01460410 -0.00021923 0.47058824 0.54117646 0.85294117
v 0.00215942 -0.02365353 0.02077929 0.47058824 0.54117646 0.85294117
v 0.01819472 -0.02364911 0.02077929 0.47058824 0.54117646 0.85294117
v 0.01819472 -0.02182770 -0.00021923 0.47058824 0.54117646 0.85294117
v 0.00215942 -0.02185074 -0.00021923 0.47058824 0.54117646 0.85294117
f 1536 1537 1538
f 1536 1538 1543
f 1536 1543 1547
f 1536 1547 1548
f 1536 1548 1544
f 1536 1544 1539
f 1536 1539 1540
f 1536 1540 1537
f 1537 1541 1538
f 1537 1540 1545
f 1537 1545 1549
f 1537 1549 1546
f 1537 1546 1542
f 1537 1542 1541
f 1538 1541 1542
f 1538 1542 1543
f 1539 1544 1545
f 1539 1545 1540
f 1542 1546 1547
f 1542 1547 1543
f 1544 1548 1549
f 1544 1549 1545
f 1546 1549 1547
f 1547 1549 1548