{
    "start_pose": [
        0.090733,
        0.003709,
        0.536,
        0.0,
        0.0,
        0.0,
        1.0
    ],
    "goals": [
        [
            0.090733,
            0.003709,
            0.557556,
            0.0,
            0.0,
            0.0,
            1.0
        ],
        [
            0.090733,
            0.003709,
            0.622222,
            0.0,
            0.0,
            0.0,
            1.0
        ],
        [
            0.090733,
            0.003709,
            0.73,
            0.0,
            0.0,
            0.0,
            1.0
        ],
        [
            0.078089,
            0.013941,
            0.7161,
            0.0,
            0.0,
            -0.058145,
            0.998308
        ],
        [
            0.046479,
            0.039522,
            0.681351,
            0.0,
            0.0,
            -0.202218,
            0.979341
        ],
        [
            0.005386,
            0.072777,
            0.636176,
            0.0,
            0.0,
            -0.382683,
            0.92388
        ],
        [
            -0.035707,
            0.106032,
            0.591002,
            0.0,
            0.0,
            -0.549509,
            0.835488
        ],
        [
            -0.067317,
            0.131613,
            0.556252,
            0.0,
            0.0,
            -0.664796,
            0.747025
        ],
        [
            -0.079961,
            0.141845,
            0.542353,
            -0.0,
            -0.0,
            -0.707107,
            0.707107
        ],
        [
            -0.079961,
            0.097401,
            0.542353,
            -0.0,
            -0.0,
            -0.707107,
            0.707107
        ],
        [
            -0.079961,
            0.070734,
            0.542353,
            -0.0,
            -0.0,
            -0.707107,
            0.707107
        ],
        [
            -0.079961,
            0.061845,
            0.542353,
            -0.0,
            -0.0,
            -0.707107,
            0.707107
        ]
    ]
}
