{
    "start_pose": [
        0.135,
        0.08,
        0.54,
        0.0,
        0.0,
        0.0,
        1.0
    ],
    "goals": [
        [
            0.135,
            0.08,
            0.5900000000000001,
            0.0,
            0.0,
            0.0,
            1.0
        ],
        [
            0.135,
            0.08,
            0.64,
            0.0,
            0.0,
            0.0,
            1.0
        ],
        [
            0.135,
            0.08,
            0.6900000000000001,
            0.0,
            0.0,
            0.0,
            1.0
        ],
        [
            0.135,
            0.08,
            0.8150000000000001,
            0.0,
            -0.70710678,
            0.0,
            0.70710678
        ],
        [
            -0.05,
            0.08,
            0.8150000000000001,
            0.0,
            -0.70710678,
            0.0,
            0.70710678
        ],
        [
            -0.05,
            0.08,
            0.7250000000000001,
            0.0,
            -0.70710678,
            0.0,
            0.70710678
        ],
        [
            -0.05,
            0.08,
            0.666,
            0.0,
            -0.70710678,
            0.0,
            0.70710678
        ]
    ]
}
