{
    "start_pose": [
        0.1806,
        -0.01151,
        0.53635,
        0.0,
        0.0,
        0.0,
        1.0
    ],
    "goals": [
        [
            0.1806,
            -0.01151,
            0.552311,
            0.0,
            0.0,
            0.0,
            1.0
        ],
        [
            0.1806,
            -0.01151,
            0.600194,
            0.0,
            0.0,
            0.0,
            1.0
        ],
        [
            0.1806,
            -0.01151,
            0.68,
            0.0,
            0.0,
            0.0,
            1.0
        ],
        [
            0.164589,
            -0.007694,
            0.68,
            0.04474,
            -0.04474,
            -0.04474,
            0.996993
        ],
        [
            0.124561,
            0.001844,
            0.68,
            0.15483,
            -0.15483,
            -0.15483,
            0.963371
        ],
        [
            0.072525,
            0.014245,
            0.68,
            0.288675,
            -0.288675,
            -0.288675,
            0.866025
        ],
        [
            0.020489,
            0.026646,
            0.68,
            0.404271,
            -0.404271,
            -0.404271,
            0.71393
        ],
        [
            -0.019539,
            0.036184,
            0.68,
            0.476126,
            -0.476126,
            -0.476126,
            0.565607
        ],
        [
            -0.03555,
            0.04,
            0.68,
            0.5,
            -0.5,
            -0.5,
            0.5
        ],
        [
            -0.03555,
            0.04,
            0.636406,
            0.5,
            -0.5,
            -0.5,
            0.5
        ],
        [
            -0.03555,
            0.04,
            0.610249,
            0.5,
            -0.5,
            -0.5,
            0.5
        ],
        [
            -0.03555,
            0.04,
            0.60153,
            0.5,
            -0.5,
            -0.5,
            0.5
        ]
    ]
}
