{
    "start_pose": [
        0.1352,
        -0.0344,
        0.4579,
        -0.0,
        -0.214575,
        -0.976708,
        0.0
    ],
    "goals": [
        [
            -0.08,
            0.04,
            0.55,
            0.0,
            0.0,
            0.0,
            1.0
        ]
    ]
}