{
    "start_pose": [
        0.189806,
        -0.169916,
        0.54153,
        0.0,
        0.0,
        0.0,
        1.0
    ],
    "goals": [
        [
            0.189806,
            -0.169916,
            0.556916,
            0.0,
            0.0,
            0.0,
            1.0
        ],
        [
            0.189806,
            -0.169916,
            0.603072,
            0.0,
            0.0,
            0.0,
            1.0
        ],
        [
            0.189806,
            -0.169916,
            0.68,
            0.0,
            0.0,
            0.0,
            1.0
        ],
        [
            0.167297,
            -0.156128,
            0.68,
            -0.04474,
            -0.04474,
            -0.04474,
            0.996993
        ],
        [
            0.111026,
            -0.121657,
            0.68,
            -0.15483,
            -0.15483,
            -0.15483,
            0.963371
        ],
        [
            0.037874,
            -0.076845,
            0.68,
            -0.288675,
            -0.288675,
            -0.288675,
            0.866025
        ],
        [
            -0.035279,
            -0.032033,
            0.68,
            -0.404271,
            -0.404271,
            -0.404271,
            0.71393
        ],
        [
            -0.09155,
            0.002437,
            0.68,
            -0.476126,
            -0.476126,
            -0.476126,
            0.565607
        ],
        [
            -0.114059,
            0.016226,
            0.68,
            -0.5,
            -0.5,
            -0.5,
            0.5
        ],
        [
            -0.114059,
            0.016226,
            0.688402,
            -0.5,
            -0.5,
            -0.5,
            0.5
        ],
        [
            -0.114059,
            0.016226,
            0.693443,
            -0.5,
            -0.5,
            -0.5,
            0.5
        ],
        [
            -0.114059,
            0.016226,
            0.695124,
            -0.5,
            -0.5,
            -0.5,
            0.5
        ]
    ]
}
