{
  "0": {
    "assembled_to_canonical_wxyz": [
      0.5,
      -0.5,
      0.5,
      0.5
    ],
    "original_centroid": [
      -0.044450076807685465,
      -1.2735609867165166e-09,
      0.07112162971160758
    ],
    "canonical_extents": [
      0.0762,
      0.015239989999999981,
      0.012700020000000006
    ]
  },
  "1": {
    "assembled_to_canonical_wxyz": [
      0.5,
      -0.5,
      0.5,
      0.5
    ],
    "original_centroid": [
      0.04444991939139592,
      -1.105933303214425e-09,
      0.07112162962855789
    ],
    "canonical_extents": [
      0.0762,
      0.015239989999999981,
      0.012700020000000006
    ]
  },
  "2": {
    "assembled_to_canonical_wxyz": [
      0.7071067811865475,
      0.0,
      0.7071067811865475,
      0.0
    ],
    "original_centroid": [
      -0.04446351330411342,
      -1.2275138649585502e-09,
      0.03769172633829241
    ],
    "canonical_extents": [
      0.07619999,
      0.01200332,
      0.011502910000000005
    ]
  },
  "3": {
    "assembled_to_canonical_wxyz": [
      0.7071067811865475,
      0.0,
      0.7071067811865475,
      0.0
    ],
    "original_centroid": [
      0.04446336263359065,
      -2.1345830790498623e-09,
      0.037691726402405965
    ],
    "canonical_extents": [
      0.07619999,
      0.01200332,
      0.011502899999999996
    ]
  },
  "6": {
    "assembled_to_canonical_wxyz": [
      1.0,
      0.0,
      0.0,
      0.0
    ],
    "original_centroid": [
      -1.5377627646545102e-07,
      -1.888076928336033e-09,
      0.006332774746012301
    ],
    "canonical_extents": [
      0.1524,
      0.01778005,
      0.0127
    ]
  }
}