{
  "0": {
    "assembled_to_canonical_wxyz": [
      0.5000000000000001,
      -0.4999999999999999,
      0.5,
      0.5
    ],
    "canonical_to_assembled_wxyz": [
      0.5000000000000001,
      0.4999999999999999,
      -0.5,
      -0.5
    ],
    "original_centroid": [
      -0.044450077015395,
      -1.2135601740531174e-09,
      0.0711216302365409
    ],
    "canonical_extents": [
      0.0762000066,
      0.015239998000000022,
      0.012700021400000004
    ],
    "assembled_extents": [
      0.012700021400000011,
      0.0762000066,
      0.015239998000000005
    ]
  },
  "1": {
    "assembled_to_canonical_wxyz": [
      0.5000000000000001,
      -0.4999999999999999,
      0.5,
      0.5
    ],
    "canonical_to_assembled_wxyz": [
      0.5000000000000001,
      0.4999999999999999,
      -0.5,
      -0.5
    ],
    "original_centroid": [
      0.04444991927102305,
      -1.2222123413507724e-09,
      0.07112163018818034
    ],
    "canonical_extents": [
      0.0762000066,
      0.015239998000000022,
      0.012700021400000004
    ],
    "assembled_extents": [
      0.012700021400000011,
      0.0762000066,
      0.015239998000000005
    ]
  },
  "2": {
    "assembled_to_canonical_wxyz": [
      0.7071067811865476,
      0.0,
      0.7071067811865475,
      0.0
    ],
    "canonical_to_assembled_wxyz": [
      0.7071067811865476,
      -0.0,
      -0.7071067811865475,
      -0.0
    ],
    "original_centroid": [
      -0.04446351377644778,
      -8.401713108576888e-10,
      0.03769172687908832
    ],
    "canonical_extents": [
      0.07619999799999999,
      0.0120033237,
      0.011502903700000015
    ],
    "assembled_extents": [
      0.011502903700000011,
      0.0120033237,
      0.076199998
    ]
  },
  "3": {
    "assembled_to_canonical_wxyz": [
      0.7071067811865476,
      0.0,
      0.7071067811865475,
      0.0
    ],
    "canonical_to_assembled_wxyz": [
      0.7071067811865476,
      -0.0,
      -0.7071067811865475,
      -0.0
    ],
    "original_centroid": [
      0.04446336204747916,
      -1.662014581885171e-09,
      0.03769172686565803
    ],
    "canonical_extents": [
      0.076199998,
      0.012003323699999999,
      0.011502903800000009
    ],
    "assembled_extents": [
      0.011502903799999992,
      0.012003323699999999,
      0.076199998
    ]
  },
  "6": {
    "assembled_to_canonical_wxyz": [
      1.0,
      0.0,
      0.0,
      0.0
    ],
    "canonical_to_assembled_wxyz": [
      1.0,
      -0.0,
      -0.0,
      -0.0
    ],
    "original_centroid": [
      -1.5381780593887055e-07,
      -1.7639655221343036e-09,
      0.006332773524223786
    ],
    "canonical_extents": [
      0.1524000084,
      0.0177800494,
      0.0127
    ],
    "assembled_extents": [
      0.1524000084,
      0.0177800494,
      0.0127
    ]
  }
}