{
    "start_pose": [
        0.085,
        -0.02597,
        0.547474,
        0.0,
        0.0,
        0.0,
        1.0
    ],
    "goals": [
        [
            0.085,
            -0.02597,
            0.567755,
            0.0,
            0.0,
            0.0,
            1.0
        ],
        [
            0.085,
            -0.02597,
            0.628597,
            0.0,
            0.0,
            0.0,
            1.0
        ],
        [
            0.085,
            -0.02597,
            0.73,
            0.0,
            0.0,
            0.0,
            1.0
        ],
        [
            0.068452,
            -0.012972,
            0.719897,
            0.0,
            0.0,
            0.0,
            1.0
        ],
        [
            0.027084,
            0.019523,
            0.694641,
            0.0,
            0.0,
            0.0,
            1.0
        ],
        [
            -0.026696,
            0.061768,
            0.661808,
            0.0,
            0.0,
            0.0,
            1.0
        ],
        [
            -0.080475,
            0.104012,
            0.628974,
            0.0,
            0.0,
            0.0,
            1.0
        ],
        [
            -0.121844,
            0.136508,
            0.603718,
            0.0,
            0.0,
            0.0,
            1.0
        ],
        [
            -0.138392,
            0.149506,
            0.593615,
            -0.0,
            -0.0,
            -0.0,
            1.0
        ],
        [
            -0.138392,
            0.105061,
            0.593615,
            -0.0,
            -0.0,
            -0.0,
            1.0
        ],
        [
            -0.138392,
            0.078395,
            0.593615,
            -0.0,
            -0.0,
            -0.0,
            1.0
        ],
        [
            -0.138392,
            0.069506,
            0.593615,
            -0.0,
            -0.0,
            -0.0,
            1.0
        ]
    ]
}
