{
    "start_pose": [
        0.0894,
        0.02873,
        0.535751,
        0.0,
        0.0,
        0.0,
        1.0
    ],
    "goals": [
        [
            0.0894,
            0.02873,
            0.551779,
            0.0,
            0.0,
            0.0,
            1.0
        ],
        [
            0.0894,
            0.02873,
            0.599862,
            0.0,
            0.0,
            0.0,
            1.0
        ],
        [
            0.0894,
            0.02873,
            0.68,
            0.0,
            0.0,
            0.0,
            1.0
        ],
        [
            0.073558,
            0.029565,
            0.68,
            0.0,
            -0.058145,
            0.0,
            0.998308
        ],
        [
            0.033954,
            0.031652,
            0.68,
            0.0,
            -0.202218,
            0.0,
            0.979341
        ],
        [
            -0.017532,
            0.034365,
            0.68,
            0.0,
            -0.382683,
            0.0,
            0.92388
        ],
        [
            -0.069017,
            0.037078,
            0.68,
            0.0,
            -0.549509,
            0.0,
            0.835488
        ],
        [
            -0.108622,
            0.039165,
            0.68,
            0.0,
            -0.664796,
            0.0,
            0.747025
        ],
        [
            -0.124463,
            0.04,
            0.68,
            -0.0,
            -0.707107,
            -0.0,
            0.707107
        ],
        [
            -0.124463,
            0.04,
            0.617833,
            -0.0,
            -0.707107,
            -0.0,
            0.707107
        ],
        [
            -0.124463,
            0.04,
            0.580533,
            -0.0,
            -0.707107,
            -0.0,
            0.707107
        ],
        [
            -0.124463,
            0.04,
            0.5681,
            -0.0,
            -0.707107,
            -0.0,
            0.707107
        ]
    ]
}
