{
    "start_pose": [
        0.1873,
        0.0333,
        0.5212,
        0.125548,
        -0.125548,
        0.695872,
        0.695872
    ],
    "goals": [
        [
            -0.08,
            0.04,
            0.55,
            0.0,
            0.0,
            0.0,
            1.0
        ]
    ]
}