{
    "start_pose": [
        0.150733,
        0.013709,
        0.5415,
        0.0,
        0.0,
        0.0,
        1.0
    ],
    "goals": [
        [
            0.150733,
            0.013709,
            0.587667,
            0.0,
            0.0,
            0.0,
            1.0
        ],
        [
            0.150733,
            0.013709,
            0.633833,
            0.0,
            0.0,
            0.0,
            1.0
        ],
        [
            0.150733,
            0.013709,
            0.68,
            0.0,
            0.0,
            0.0,
            1.0
        ],
        [
            0.104997,
            0.018803,
            0.68,
            0.0,
            -0.130526,
            0.0,
            0.991445
        ],
        [
            0.059262,
            0.023897,
            0.68,
            0.0,
            -0.258819,
            0.0,
            0.965926
        ],
        [
            0.013526,
            0.028992,
            0.68,
            0.0,
            -0.382683,
            0.0,
            0.92388
        ],
        [
            -0.03221,
            0.034086,
            0.68,
            0.0,
            -0.5,
            0.0,
            0.866025
        ],
        [
            -0.077946,
            0.039181,
            0.68,
            0.0,
            -0.608761,
            0.0,
            0.793353
        ],
        [
            -0.123681,
            0.044275,
            0.68,
            0.0,
            -0.707107,
            0.0,
            0.707107
        ],
        [
            -0.123681,
            0.044275,
            0.6375,
            -0.0,
            -0.707107,
            -0.0,
            0.707107
        ],
        [
            -0.123681,
            0.044275,
            0.595,
            -0.0,
            -0.707107,
            -0.0,
            0.707107
        ],
        [
            -0.123681,
            0.044275,
            0.5525,
            -0.0,
            -0.707107,
            -0.0,
            0.707107
        ]
    ]
}
