# https://github.com/mikedh/trimesh
v -0.08593251 -0.01287813 -0.01763616
v -0.08596227 -0.01290792 -0.01754586
v -0.08598051 -0.01292613 -0.01744965
v -0.08601699 -0.01296261 -0.01725720
v -0.08603523 -0.01298085 -0.01716099
v -0.08604135 -0.01298697 -0.01706175
v -0.08605365 -0.01299927 -0.01686324
v -0.08605977 -0.01300539 -0.01676400
v -0.08584320 -0.01278882 -0.01790703
v -0.08580279 -0.01274844 -0.01798863
v -0.08587296 -0.01281861 -0.01781676
v -0.07556280 -0.02253453 -0.01790703
v -0.07525311 -0.02255889 -0.01790703
v -0.07525311 -0.02233035 -0.01823343
v -0.07579425 -0.02224464 -0.01823343
v -0.07552704 -0.02230878 -0.01823343
v -0.07615188 -0.02234313 -0.01790703
v -0.07641675 -0.02218080 -0.01790703
v -0.07586487 -0.02246202 -0.01790703
v -0.07592019 -0.02188842 -0.01851519
v -0.07570716 -0.02197665 -0.01851519
v -0.07548297 -0.02203050 -0.01851519
v -0.07525311 -0.02204859 -0.01851519
v -0.07611681 -0.02176797 -0.01851519
v -0.07629213 -0.02161821 -0.01851519
v -0.07592493 -0.02150388 -0.01874373
v -0.07560630 -0.02166624 -0.01874373
v -0.07525311 -0.02172216 -0.01874373
v -0.07543191 -0.02170809 -0.01874373
v -0.07577202 -0.02159760 -0.01874373
v -0.07604811 -0.02213949 -0.01823343
v -0.07628241 -0.02199591 -0.01823343
v -0.07649136 -0.02181744 -0.01823343
v -0.07665297 -0.02197905 -0.01790703
v -0.07591692 -0.02262216 -0.01754586
v -0.07558914 -0.02270088 -0.01754586
v -0.07525311 -0.02272731 -0.01754586
v -0.07622832 -0.02249319 -0.01754586
v -0.07651575 -0.02231706 -0.01754586
v -0.07684500 -0.02217105 -0.01716099
v -0.07686957 -0.02219562 -0.01676400
v -0.07594878 -0.02272026 -0.01716099
v -0.07627515 -0.02258508 -0.01716099
v -0.07560528 -0.02280273 -0.01716099
v -0.07525311 -0.02283045 -0.01716099
v -0.07595952 -0.02275329 -0.01676400
v -0.07629093 -0.02261601 -0.01676400
v -0.07561071 -0.02283702 -0.01676400
v -0.07525311 -0.02286516 -0.01676400
v -0.07657635 -0.02240049 -0.01716099
v -0.07659678 -0.02242860 -0.01676400
v -0.07677204 -0.02209812 -0.01754586
v -0.07549470 -0.02132277 -0.01891215
v -0.07560804 -0.02127582 -0.01891215
v -0.07525311 -0.02136102 -0.01891215
v -0.07537539 -0.02135142 -0.01891215
v -0.07571265 -0.02121171 -0.01891215
v -0.07580595 -0.02113203 -0.01891215
v -0.07606131 -0.02138739 -0.01874373
v -0.07525311 -0.02097615 -0.01901529
v -0.07537575 -0.02095671 -0.01901529
v -0.07531521 -0.02097123 -0.01901529
v -0.07543332 -0.02093286 -0.01901529
v -0.07548642 -0.02090031 -0.01901529
v -0.07553379 -0.02085987 -0.01901529
v -0.07525311 -0.02057916 -0.01905003
v -0.06366792 -0.02286516 -0.01613268
v -0.06079692 -0.02286516 -0.01550136
v -0.08548236 -0.01242798 -0.01851519
v -0.08542467 -0.01237026 -0.01857231
v -0.08530926 -0.01225488 -0.01868661
v -0.08525154 -0.01219716 -0.01874373
v -0.08568159 -0.01262721 -0.01823343
v -0.08563179 -0.01257741 -0.01830387
v -0.08572200 -0.01266762 -0.01815183
v -0.08553216 -0.01247778 -0.01844475
v -0.08518770 -0.01213332 -0.01878585
v -0.08506002 -0.01200564 -0.01887006
v -0.08499618 -0.01194180 -0.01891215
v -0.08492814 -0.01187376 -0.01893795
v -0.08479206 -0.01173768 -0.01898949
v -0.08472402 -0.01166964 -0.01901529
v -0.08465385 -0.01159947 -0.01902396
v -0.08451351 -0.01145913 -0.01904136
v -0.08605977 -0.01300539 -0.00838200
v -0.08605977 -0.01300539 -0.00000003
v -0.06079692 -0.02286516 -0.00711936
v -0.09503343 -0.00359862 -0.01790706
v -0.09467259 -0.00323775 -0.01851519
v -0.09431409 -0.00287925 -0.01882794
v -0.09455718 -0.00312234 -0.01862946
v -0.09444177 -0.00300696 -0.01874376
v -0.09487182 -0.00343698 -0.01823343
v -0.09477219 -0.00333738 -0.01837431
v -0.09495261 -0.00351780 -0.01807023
v -0.09509298 -0.00365814 -0.01772646
v -0.09515250 -0.00371769 -0.01754586
v -0.09518898 -0.00375414 -0.01735344
v -0.09522546 -0.00379062 -0.01716099
v -0.09523773 -0.00380289 -0.01696251
v -0.09525000 -0.00381516 -0.01676400
v -0.09418641 -0.00275157 -0.01891215
v -0.09405030 -0.00261549 -0.01896372
v -0.09391422 -0.00247941 -0.01901529
v -0.09377388 -0.00233907 -0.01903266
v -0.09363354 -0.00219873 -0.01905003
v -0.08444334 -0.01138893 -0.01905003
v -0.06542799 -0.01010166 -0.01905003
v -0.07536540 -0.00367731 -0.01905003
v -0.07605297 -0.00328035 -0.01905003
v -0.07572654 -0.00350892 -0.01905003
v -0.07633473 -0.00299859 -0.01905003
v -0.07498050 -0.00378045 -0.01905003
v -0.07458354 -0.00381516 -0.01905003
v -0.09525000 -0.00381516 -0.00000003
v -0.05643984 -0.02253033 -0.01794783
v -0.05643984 -0.02255889 -0.01790703
v -0.05643984 -0.02257995 -0.01786188
v -0.05643984 -0.02233035 -0.01823343
v -0.05643984 -0.02235891 -0.01819263
v -0.05643984 -0.02222469 -0.01833909
v -0.05643984 -0.02229513 -0.01826865
v -0.05643984 -0.02247321 -0.01802943
v -0.05643984 -0.02208381 -0.01847994
v -0.05643984 -0.02200779 -0.01854375
v -0.05643984 -0.02204859 -0.01851516
v -0.05643984 -0.02192619 -0.01860087
v -0.05643984 -0.02167704 -0.01876479
v -0.05643981 -0.02149647 -0.01884900
v -0.05643984 -0.02176296 -0.01871517
v -0.05643984 -0.02172216 -0.01874373
v -0.05643984 -0.02270625 -0.01759101
v -0.05643984 -0.02262204 -0.01777158
v -0.05643984 -0.02274018 -0.01749774
v -0.05643984 -0.02272731 -0.01754586
v -0.05643984 -0.02279175 -0.01730529
v -0.05643984 -0.02281755 -0.01720908
v -0.05643984 -0.02283045 -0.01716096
v -0.05643984 -0.02283477 -0.01711134
v -0.05643984 -0.02284347 -0.01701210
v -0.05643984 -0.02286084 -0.01681362
v -0.05643984 -0.02286516 -0.01676400
v -0.05643981 -0.02136102 -0.01891215
v -0.05643981 -0.02131293 -0.01892505
v -0.05643981 -0.02140617 -0.01889109
v -0.05643981 -0.02121669 -0.01895082
v -0.05643981 -0.02102424 -0.01900239
v -0.05643981 -0.02097615 -0.01901529
v -0.05643981 -0.02092653 -0.01901961
v -0.05643981 -0.02082726 -0.01902831
v -0.05643981 -0.02062878 -0.01904568
v -0.05643981 -0.02057916 -0.01905003
v -0.05208273 -0.02286516 -0.01550136
v -0.03762654 -0.02255889 -0.01790703
v -0.03762654 -0.02233035 -0.01823340
v -0.03762654 -0.02225991 -0.01830384
v -0.03762654 -0.02238750 -0.01815183
v -0.03762654 -0.02250177 -0.01798863
v -0.03762654 -0.02204859 -0.01851516
v -0.03762654 -0.02180376 -0.01868658
v -0.03762654 -0.02196699 -0.01857231
v -0.03762654 -0.02163189 -0.01878582
v -0.03762654 -0.02145132 -0.01887003
v -0.03762654 -0.02172216 -0.01874373
v -0.03762654 -0.02211903 -0.01844472
v -0.03762654 -0.02260101 -0.01781673
v -0.03762654 -0.02268519 -0.01763616
v -0.03762654 -0.02272731 -0.01754586
v -0.03762654 -0.02275308 -0.01744962
v -0.03762654 -0.02280465 -0.01725720
v -0.03762654 -0.02283045 -0.01716096
v -0.03762654 -0.02283912 -0.01706172
v -0.03762654 -0.02285649 -0.01686324
v -0.03762654 -0.02286516 -0.01676400
v -0.03762654 -0.02136102 -0.01891215
v -0.03762654 -0.02126481 -0.01893792
v -0.03762654 -0.02107236 -0.01898949
v -0.03762654 -0.02097615 -0.01901526
v -0.03762654 -0.02087691 -0.01902396
v -0.03762654 -0.02067840 -0.01904133
v -0.03762654 -0.02057916 -0.01905003
v -0.04049754 -0.02286516 -0.01487001
v -0.04634073 -0.02286516 -0.01423869
v -0.02891235 -0.02286516 -0.01423869
v -0.03188454 -0.02286516 -0.01297605
v -0.05627244 -0.01638816 -0.01905003
v -0.03729177 -0.01219716 -0.01905003
v -0.02400498 -0.02255889 -0.01790703
v -0.02400498 -0.02233035 -0.01823340
v -0.02400498 -0.02235103 -0.01820386
v -0.02400498 -0.02236680 -0.01818135
v -0.02400498 -0.02248109 -0.01801817
v -0.02400498 -0.02243971 -0.01807723
v -0.02400498 -0.02240818 -0.01812227
v -0.02400498 -0.02201905 -0.01853584
v -0.02400498 -0.02204859 -0.01851516
v -0.02400498 -0.02187837 -0.01863437
v -0.02400498 -0.02183332 -0.01866590
v -0.02400498 -0.02148401 -0.01885478
v -0.02400498 -0.02175170 -0.01872303
v -0.02400498 -0.02177422 -0.01870726
v -0.02400498 -0.02172216 -0.01874373
v -0.02400498 -0.02264673 -0.01771866
v -0.02400498 -0.02261624 -0.01778404
v -0.02400498 -0.02258576 -0.01784942
v -0.02400498 -0.02266996 -0.01766883
v -0.02400498 -0.02273663 -0.01751102
v -0.02400498 -0.02272731 -0.01754586
v -0.02400498 -0.02274374 -0.01748446
v -0.02400498 -0.02281399 -0.01722236
v -0.02400498 -0.02283045 -0.01716096
v -0.02400498 -0.02283358 -0.01712503
v -0.02400498 -0.02283597 -0.01709765
v -0.02400498 -0.02284227 -0.01702579
v -0.02400498 -0.02284855 -0.01695394
v -0.02400498 -0.02285334 -0.01689917
v -0.02400498 -0.02285964 -0.01682731
v -0.02400498 -0.02286203 -0.01679993
v -0.02400498 -0.02286516 -0.01676400
v -0.02400498 -0.02136102 -0.01891213
v -0.02400498 -0.02132620 -0.01892147
v -0.02400498 -0.02129965 -0.01892858
v -0.02400498 -0.02139371 -0.01889690
v -0.02400498 -0.02122997 -0.01894726
v -0.02400498 -0.02110720 -0.01898015
v -0.02400498 -0.02116031 -0.01896592
v -0.02400498 -0.02101097 -0.01900592
v -0.02400498 -0.02097615 -0.01901526
v -0.02400498 -0.02091284 -0.01902081
v -0.02400498 -0.02084096 -0.01902711
v -0.02400498 -0.02076911 -0.01903339
v -0.02400498 -0.02071433 -0.01903818
v -0.02400498 -0.02061509 -0.01904688
v -0.02400498 -0.02057916 -0.01905001
v -0.03188454 -0.02286516 -0.00459405
v -0.08605977 -0.01300539 0.00838197
v -0.07686957 -0.02219562 -0.00000000
v -0.07595952 -0.02275329 -0.00000000
v -0.07644384 -0.02252229 -0.00000000
v -0.07629093 -0.02261601 -0.00000000
v -0.07612521 -0.02268465 -0.00000000
v -0.07578513 -0.02279517 -0.00000000
v -0.07561071 -0.02283702 -0.00000000
v -0.07525311 -0.02286516 -0.00000000
v -0.07543191 -0.02285109 -0.00000000
v -0.07659678 -0.02242860 -0.00000000
v -0.07673316 -0.02231211 -0.00000000
v -0.06802503 -0.02286516 0.00482232
v -0.08605980 -0.01300539 0.01676397
v -0.08605365 -0.01299927 0.01686321
v -0.08604138 -0.01298697 0.01706172
v -0.08603523 -0.01298085 0.01716096
v -0.08601699 -0.01296261 0.01725717
v -0.08598051 -0.01292613 0.01744962
v -0.08596230 -0.01290792 0.01754583
v -0.08593251 -0.01287813 0.01763613
v -0.08587299 -0.01281861 0.01781670
v -0.08584323 -0.01278882 0.01790697
v -0.08580282 -0.01274844 0.01798857
v -0.06079692 -0.02286516 0.00964464
v -0.07686957 -0.02219562 0.01676397
v -0.07684500 -0.02217105 0.01716096
v -0.07595952 -0.02275329 0.01676397
v -0.07629093 -0.02261601 0.01676397
v -0.07561071 -0.02283702 0.01676397
v -0.07525311 -0.02286516 0.01676397
v -0.07594878 -0.02272026 0.01716096
v -0.07627515 -0.02258508 0.01716096
v -0.07560528 -0.02280273 0.01716096
v -0.07525311 -0.02283045 0.01716096
v -0.07659678 -0.02242860 0.01676397
v -0.07657638 -0.02240049 0.01716096
v -0.07591692 -0.02262216 0.01754583
v -0.07558914 -0.02270088 0.01754583
v -0.07525311 -0.02272731 0.01754583
v -0.07622835 -0.02249319 0.01754583
v -0.07651575 -0.02231706 0.01754583
v -0.07677207 -0.02209812 0.01754583
v -0.07556280 -0.02253453 0.01790697
v -0.07525311 -0.02255889 0.01790697
v -0.07615188 -0.02234313 0.01790697
v -0.07641678 -0.02218080 0.01790697
v -0.07586487 -0.02246202 0.01790697
v -0.07525311 -0.02233035 0.01823340
v -0.07579425 -0.02224464 0.01823340
v -0.07552704 -0.02230878 0.01823340
v -0.07665300 -0.02197905 0.01790697
v -0.07604811 -0.02213949 0.01823340
v -0.07628244 -0.02199591 0.01823340
v -0.07649139 -0.02181744 0.01823340
v -0.07592022 -0.02188842 0.01851516
v -0.07570719 -0.02197665 0.01851516
v -0.07548297 -0.02203050 0.01851516
v -0.07525311 -0.02204859 0.01851516
v -0.07611681 -0.02176797 0.01851516
v -0.07629216 -0.02161821 0.01851516
v -0.07592496 -0.02150388 0.01874373
v -0.07560630 -0.02166624 0.01874373
v -0.07525311 -0.02172216 0.01874373
v -0.07543191 -0.02170809 0.01874373
v -0.07577202 -0.02159760 0.01874373
v -0.07606134 -0.02138739 0.01874373
v -0.07549473 -0.02132277 0.01891212
v -0.07560807 -0.02127582 0.01891212
v -0.07525311 -0.02136102 0.01891212
v -0.07537542 -0.02135142 0.01891212
v -0.07571268 -0.02121171 0.01891212
v -0.07580598 -0.02113203 0.01891212
v -0.07525311 -0.02097615 0.01901526
v -0.07537578 -0.02095671 0.01901526
v -0.07531521 -0.02097123 0.01901526
v -0.07543332 -0.02093286 0.01901526
v -0.07553379 -0.02085987 0.01901526
v -0.07548645 -0.02090031 0.01901526
v -0.07525311 -0.02057916 0.01904997
v -0.06079692 -0.02286516 0.01550133
v -0.08572200 -0.01266762 0.01815180
v -0.08568159 -0.01262721 0.01823340
v -0.08563179 -0.01257741 0.01830384
v -0.08553219 -0.01247778 0.01844472
v -0.08548236 -0.01242798 0.01851516
v -0.08542467 -0.01237026 0.01857228
v -0.08530926 -0.01225488 0.01868658
v -0.08525157 -0.01219716 0.01874370
v -0.08518773 -0.01213332 0.01878582
v -0.08506002 -0.01200564 0.01887003
v -0.08499618 -0.01194180 0.01891212
v -0.08492814 -0.01187376 0.01893792
v -0.08479206 -0.01173768 0.01898949
v -0.08472402 -0.01166964 0.01901526
v -0.08465385 -0.01159947 0.01902393
v -0.08451351 -0.01145913 0.01904127
v -0.09525000 -0.00381516 0.01676397
v -0.09523773 -0.00380289 0.01696245
v -0.09522546 -0.00379062 0.01716096
v -0.09518898 -0.00375414 0.01735338
v -0.09515250 -0.00371769 0.01754583
v -0.09509298 -0.00365814 0.01772640
v -0.09503343 -0.00359862 0.01790697
v -0.09495264 -0.00351780 0.01807017
v -0.09487182 -0.00343698 0.01823340
v -0.09477222 -0.00333738 0.01837428
v -0.09467259 -0.00323775 0.01851516
v -0.09455718 -0.00312234 0.01862943
v -0.09444177 -0.00300696 0.01874370
v -0.09431409 -0.00287928 0.01882791
v -0.09418641 -0.00275157 0.01891212
v -0.09405033 -0.00261549 0.01896369
v -0.09391425 -0.00247941 0.01901526
v -0.09377391 -0.00233907 0.01903260
v -0.09363357 -0.00219873 0.01904994
v -0.08444334 -0.01138893 0.01904997
v -0.06559539 -0.01010166 0.01904997
v -0.07536543 -0.00367731 0.01904997
v -0.07605297 -0.00328035 0.01904997
v -0.07572657 -0.00350892 0.01904997
v -0.07498053 -0.00378045 0.01904997
v -0.07458357 -0.00381516 0.01904997
v -0.04634073 -0.02286516 0.00252531
v -0.03188454 -0.02286516 0.00711933
v -0.04634073 -0.02286516 0.01423866
v -0.03188457 -0.02286516 0.01297602
v -0.05643984 -0.02286516 0.01676400
v -0.05643984 -0.02286084 0.01681362
v -0.05643984 -0.02284347 0.01701210
v -0.05643984 -0.02283477 0.01711134
v -0.05643984 -0.02283045 0.01716096
v -0.05643984 -0.02281755 0.01720908
v -0.05643984 -0.02276598 0.01740150
v -0.05643984 -0.02274018 0.01749774
v -0.05643984 -0.02272731 0.01754586
v -0.05643984 -0.02270625 0.01759098
v -0.05643984 -0.02266416 0.01768128
v -0.05643984 -0.02257995 0.01786185
v -0.05643984 -0.02255889 0.01790697
v -0.05643984 -0.02253033 0.01794777
v -0.05643984 -0.02247321 0.01802940
v -0.05643984 -0.02235891 0.01819260
v -0.05643984 -0.02233035 0.01823340
v -0.05643984 -0.02229513 0.01826862
v -0.05643984 -0.02222469 0.01833906
v -0.05643984 -0.02208381 0.01847994
v -0.05643984 -0.02204859 0.01851516
v -0.05643984 -0.02200779 0.01854372
v -0.05643984 -0.02192619 0.01860087
v -0.05643984 -0.02176296 0.01871514
v -0.05643984 -0.02172216 0.01874373
v -0.05643984 -0.02167704 0.01876476
v -0.05643984 -0.02149647 0.01884897
v -0.05643984 -0.02140617 0.01889109
v -0.05643984 -0.02136102 0.01891212
v -0.05643984 -0.02131293 0.01892502
v -0.05643984 -0.02121669 0.01895082
v -0.05643984 -0.02102424 0.01900239
v -0.05643984 -0.02097615 0.01901526
v -0.05643984 -0.02092653 0.01901961
v -0.05643984 -0.02082726 0.01902828
v -0.05643984 -0.02062878 0.01904562
v -0.05643984 -0.02057916 0.01904997
v -0.03762657 -0.02286516 0.01676400
v -0.03762657 -0.02285649 0.01686324
v -0.03762657 -0.02283912 0.01706172
v -0.03762657 -0.02283045 0.01716096
v -0.03762657 -0.02280465 0.01725720
v -0.03762657 -0.02275308 0.01744962
v -0.03762657 -0.02272731 0.01754586
v -0.03762657 -0.02268519 0.01763613
v -0.03762657 -0.02260101 0.01781670
v -0.03762657 -0.02255889 0.01790697
v -0.03762657 -0.02250177 0.01798860
v -0.03762657 -0.02238750 0.01815180
v -0.03762657 -0.02233035 0.01823340
v -0.03762657 -0.02225991 0.01830384
v -0.03762657 -0.02211903 0.01844472
v -0.03762657 -0.02204859 0.01851516
v -0.03762657 -0.02196699 0.01857231
v -0.03762657 -0.02180376 0.01868658
v -0.03762657 -0.02172216 0.01874373
v -0.03762657 -0.02163189 0.01878582
v -0.03762657 -0.02145132 0.01887003
v -0.03762657 -0.02136102 0.01891215
v -0.03762657 -0.02126481 0.01893792
v -0.03762657 -0.02107236 0.01898949
v -0.03762657 -0.02097615 0.01901526
v -0.03762657 -0.02087691 0.01902396
v -0.03762657 -0.02067840 0.01904130
v -0.03762657 -0.02057916 0.01904997
v -0.05660724 -0.01638816 0.01904997
v -0.03796134 -0.01219716 0.01904997
v -0.02400498 -0.02286516 0.01676400
v -0.02400498 -0.02286203 0.01679993
v -0.02400498 -0.02285964 0.01682731
v -0.02400498 -0.02285334 0.01689917
v -0.02400498 -0.02284855 0.01695394
v -0.02400498 -0.02284227 0.01702579
v -0.02400498 -0.02283597 0.01709765
v -0.02400498 -0.02283358 0.01712503
v -0.02400498 -0.02283045 0.01716096
v -0.02400498 -0.02282111 0.01719580
v -0.02400498 -0.02279531 0.01729202
v -0.02400498 -0.02278108 0.01734512
v -0.02400498 -0.02276242 0.01741480
v -0.02400498 -0.02274374 0.01748446
v -0.02400498 -0.02273663 0.01751102
v -0.02400498 -0.02272731 0.01754586
v -0.02400498 -0.02271206 0.01757855
v -0.02400498 -0.02270044 0.01760346
v -0.02400498 -0.02266996 0.01766882
v -0.02400498 -0.02263947 0.01773420
v -0.02400498 -0.02261624 0.01778403
v -0.02400498 -0.02258576 0.01784939
v -0.02400498 -0.02255889 0.01790699
v -0.02400498 -0.02252245 0.01795906
v -0.02400498 -0.02240818 0.01812226
v -0.02400498 -0.02236680 0.01818136
v -0.02400498 -0.02233035 0.01823342
v -0.02400498 -0.02207409 0.01848968
v -0.02400498 -0.02204859 0.01851516
v -0.02400498 -0.02187837 0.01863437
v -0.02400498 -0.02177422 0.01870728
v -0.02400498 -0.02175170 0.01872305
v -0.02400498 -0.02172216 0.01874373
v -0.02400498 -0.02168949 0.01875898
v -0.02400498 -0.02136102 0.01891215
v -0.02400498 -0.02132620 0.01892149
v -0.02400498 -0.02122997 0.01894726
v -0.02400498 -0.02116031 0.01896594
v -0.02400498 -0.02110720 0.01898017
v -0.02400498 -0.02103752 0.01899883
v -0.02400498 -0.02101097 0.01900594
v -0.02400498 -0.02097615 0.01901528
v -0.02400498 -0.02094022 0.01901841
v -0.02400498 -0.02091284 0.01902081
v -0.02400498 -0.02084096 0.01902709
v -0.02400498 -0.02076911 0.01903339
v -0.02400498 -0.02057916 0.01904997
v -0.10422366 0.00559161 -0.01790706
v -0.10418325 0.00563202 -0.01798866
v -0.10431297 0.00550230 -0.01763616
v -0.10425342 0.00556185 -0.01781676
v -0.10434273 0.00547254 -0.01754586
v -0.10436097 0.00545430 -0.01744965
v -0.10439742 0.00541785 -0.01725720
v -0.10441566 0.00539961 -0.01716099
v -0.10442181 0.00539346 -0.01706175
v -0.10443408 0.00538119 -0.01686327
v -0.10444020 0.00537504 -0.01676400
v -0.10386279 0.00595248 -0.01851519
v -0.10380510 0.00601017 -0.01857234
v -0.10368969 0.00612558 -0.01868661
v -0.10363200 0.00618327 -0.01874376
v -0.10406205 0.00575322 -0.01823343
v -0.10401222 0.00580305 -0.01830387
v -0.10391262 0.00590265 -0.01844475
v -0.10410246 0.00571284 -0.01815183
v -0.10356816 0.00624711 -0.01878585
v -0.10344048 0.00637479 -0.01887006
v -0.10337664 0.00643863 -0.01891215
v -0.10330860 0.00650667 -0.01893795
v -0.10317249 0.00664275 -0.01898952
v -0.10310445 0.00671079 -0.01901529
v -0.10303428 0.00678099 -0.01902399
v -0.10289394 0.00692133 -0.01904136
v -0.10282377 0.00699150 -0.01905003
v -0.08552496 0.00619164 -0.01905003
v -0.10444020 0.00537504 -0.00838203
v -0.10444023 0.00537504 -0.00000003
v -0.11325228 0.01494345 -0.01823343
v -0.11341389 0.01478184 -0.01790706
v -0.11305302 0.01514271 -0.01851519
v -0.11320275 0.01531803 -0.01851519
v -0.11256687 0.01562886 -0.01891215
v -0.11282223 0.01537350 -0.01874376
v -0.11293869 0.01550988 -0.01874376
v -0.11332326 0.01551462 -0.01851519
v -0.11303241 0.01566282 -0.01874376
v -0.11343072 0.01515240 -0.01823343
v -0.11361561 0.01501806 -0.01790706
v -0.11377794 0.01528293 -0.01790706
v -0.11357430 0.01538670 -0.01823343
v -0.11367945 0.01564059 -0.01823343
v -0.11389683 0.01556994 -0.01790706
v -0.11353296 0.01466274 -0.01754589
v -0.11375187 0.01491909 -0.01754589
v -0.11360589 0.01458984 -0.01716099
v -0.11363043 0.01456527 -0.01676403
v -0.11383530 0.01485846 -0.01716099
v -0.11386341 0.01483806 -0.01676403
v -0.11392800 0.01520649 -0.01754589
v -0.11405700 0.01551789 -0.01754589
v -0.11401989 0.01515966 -0.01716099
v -0.11405082 0.01514388 -0.01676403
v -0.11415507 0.01548603 -0.01716099
v -0.11418813 0.01547532 -0.01676403
v -0.11264652 0.01572216 -0.01891215
v -0.11271063 0.01582674 -0.01891215
v -0.11275758 0.01594011 -0.01891215
v -0.11278623 0.01605942 -0.01891215
v -0.11341149 0.01572765 -0.01851519
v -0.11346531 0.01595187 -0.01851519
v -0.11310105 0.01582851 -0.01874376
v -0.11314290 0.01600293 -0.01874376
v -0.11279586 0.01618173 -0.01891215
v -0.11348340 0.01618173 -0.01851519
v -0.11315700 0.01618173 -0.01874376
v -0.11229468 0.01590102 -0.01901529
v -0.11233515 0.01594839 -0.01901529
v -0.11236770 0.01600152 -0.01901529
v -0.11239152 0.01605906 -0.01901529
v -0.11240607 0.01611963 -0.01901529
v -0.11241096 0.01618173 -0.01901529
v -0.11201400 0.01618173 -0.01905003
v -0.11374362 0.01590777 -0.01823343
v -0.11396937 0.01587204 -0.01790706
v -0.11376516 0.01618173 -0.01823343
v -0.11399373 0.01618173 -0.01790706
v -0.11413569 0.01584567 -0.01754589
v -0.11416212 0.01618173 -0.01754589
v -0.11423754 0.01582956 -0.01716099
v -0.11427186 0.01582410 -0.01676403
v -0.11426526 0.01618173 -0.01716099
v -0.11430000 0.01618173 -0.01676403
v -0.09471516 0.01538187 -0.01905003
v -0.09494373 0.01570827 -0.01905003
v -0.09511215 0.01606941 -0.01905003
v -0.09521526 0.01645431 -0.01905003
v -0.09525000 0.01685127 -0.01905003
v -0.11279586 0.02056881 -0.01891215
v -0.11348340 0.02056881 -0.01851519
v -0.11315700 0.02056881 -0.01874376
v -0.11241096 0.02056881 -0.01901529
v -0.11201400 0.02056881 -0.01905003
v -0.11376516 0.02056881 -0.01823343
v -0.11399373 0.02056881 -0.01790706
v -0.11279586 0.02094186 -0.01887954
v -0.11348340 0.02087292 -0.01848858
v -0.11315700 0.02091261 -0.01871367
v -0.11279586 0.02130354 -0.01878261
v -0.11315700 0.02124594 -0.01862436
v -0.11241096 0.02095974 -0.01898109
v -0.11201400 0.02096580 -0.01901529
v -0.11201400 0.02135067 -0.01891215
v -0.11241096 0.02133879 -0.01887954
v -0.11376516 0.02082399 -0.01821111
v -0.11399373 0.02076732 -0.01788966
v -0.11348340 0.02116776 -0.01840959
v -0.11376516 0.02107140 -0.01814481
v -0.11376516 0.02130354 -0.01803660
v -0.11416212 0.02056881 -0.01754589
v -0.11416212 0.02070459 -0.01753401
v -0.11426526 0.02056881 -0.01716099
v -0.11426526 0.02063775 -0.01715496
v -0.11426526 0.02070459 -0.01713705
v -0.11430000 0.02056881 -0.01676403
v -0.11399373 0.02095974 -0.01783812
v -0.11416212 0.02083626 -0.01749873
v -0.11416212 0.02095974 -0.01744113
v -0.11399373 0.02114034 -0.01775388
v -0.11399373 0.02130354 -0.01763964
v -0.11416212 0.02107140 -0.01736295
v -0.11416212 0.02116776 -0.01726659
v -0.11426526 0.02076732 -0.01710780
v -0.11426526 0.02082399 -0.01706811
v -0.11426526 0.02087292 -0.01701918
v -0.11426526 0.02091261 -0.01696251
v -0.11426526 0.02094186 -0.01689978
v -0.11426526 0.02095974 -0.01683297
v -0.11426526 0.02096580 -0.01676403
v -0.11416212 0.02124594 -0.01715496
v -0.11416212 0.02130354 -0.01703145
v -0.11416212 0.02133879 -0.01689978
v -0.11416212 0.02135067 -0.01676403
v -0.11315700 0.02155869 -0.01847853
v -0.11279586 0.02164290 -0.01862436
v -0.11241096 0.02169447 -0.01871367
v -0.11201400 0.02171184 -0.01874376
v -0.11241096 0.02201592 -0.01848858
v -0.11201400 0.02203824 -0.01851519
v -0.11348340 0.02144442 -0.01828059
v -0.11376516 0.02151336 -0.01788966
v -0.11348340 0.02169447 -0.01810548
v -0.11279586 0.02194962 -0.01840959
v -0.11315700 0.02184138 -0.01828059
v -0.11348340 0.02191029 -0.01788966
v -0.11315700 0.02208540 -0.01803660
v -0.11279586 0.02221440 -0.01814481
v -0.11241096 0.02229339 -0.01821111
v -0.11201400 0.02232000 -0.01823343
v -0.11241096 0.02251848 -0.01788966
v -0.11201400 0.02254857 -0.01790706
v -0.11376516 0.02169447 -0.01770858
v -0.11399373 0.02144442 -0.01749873
v -0.11399373 0.02155869 -0.01733553
v -0.11348340 0.02208540 -0.01763964
v -0.11376516 0.02184138 -0.01749873
v -0.11376516 0.02194962 -0.01726659
v -0.11399373 0.02164290 -0.01715496
v -0.11399373 0.02169447 -0.01696251
v -0.11399373 0.02171184 -0.01676403
v -0.11376516 0.02201592 -0.01701918
v -0.11376516 0.02203824 -0.01676403
v -0.11315700 0.02228334 -0.01775388
v -0.11279586 0.02242917 -0.01783812
v -0.11348340 0.02221440 -0.01736295
v -0.11315700 0.02242917 -0.01744113
v -0.11279586 0.02258742 -0.01749873
v -0.11241096 0.02268432 -0.01753401
v -0.11201400 0.02271696 -0.01754589
v -0.11348340 0.02229339 -0.01706811
v -0.11348340 0.02232000 -0.01676403
v -0.11315700 0.02251848 -0.01710780
v -0.11279586 0.02268432 -0.01713705
v -0.11315700 0.02254857 -0.01676403
v -0.11279586 0.02271696 -0.01676403
v -0.11241096 0.02278590 -0.01715496
v -0.11201400 0.02282010 -0.01716099
v -0.11241096 0.02282010 -0.01676403
v -0.11201400 0.02285481 -0.01676403
v -0.09525000 0.01837527 -0.01905003
v -0.09525000 0.02056881 -0.01905003
v -0.09525000 0.02076732 -0.01903266
v -0.09525000 0.02096580 -0.01901529
v -0.09525000 0.02115825 -0.01896372
v -0.09525000 0.02135067 -0.01891215
v -0.09525000 0.02153127 -0.01882794
v -0.09525000 0.02171184 -0.01874376
v -0.09525000 0.02187504 -0.01862946
v -0.09525000 0.02203824 -0.01851519
v -0.09525000 0.02217912 -0.01837431
v -0.09525000 0.02232000 -0.01823343
v -0.09525000 0.02243427 -0.01807023
v -0.09525000 0.02254857 -0.01790706
v -0.09525000 0.02263275 -0.01772646
v -0.09525000 0.02271696 -0.01754586
v -0.09525000 0.02276853 -0.01735344
v -0.09525000 0.02282010 -0.01716099
v -0.09525000 0.02283747 -0.01696251
v -0.09525000 0.02285481 -0.01676400
v -0.07620000 0.01356135 -0.01905003
v -0.07547769 0.01322454 -0.01905003
v -0.07685283 0.01401846 -0.01905003
v -0.07600152 0.01390512 -0.01901529
v -0.07534194 0.01359759 -0.01901529
v -0.07521030 0.01395927 -0.01891215
v -0.07580907 0.01423848 -0.01891215
v -0.07470792 0.01301829 -0.01905003
v -0.07391400 0.01294881 -0.01905003
v -0.07463898 0.01340922 -0.01901529
v -0.07391400 0.01334580 -0.01901529
v -0.07457214 0.01378827 -0.01891215
v -0.07391400 0.01373067 -0.01891215
v -0.07450944 0.01414392 -0.01874373
v -0.07391400 0.01409184 -0.01874373
v -0.07741635 0.01458201 -0.01905003
v -0.07711227 0.01483716 -0.01901529
v -0.07659765 0.01432257 -0.01901529
v -0.07635024 0.01461741 -0.01891215
v -0.07508676 0.01429863 -0.01874373
v -0.07562850 0.01455123 -0.01874373
v -0.07611810 0.01489407 -0.01874373
v -0.07546530 0.01483392 -0.01851519
v -0.07787346 0.01523481 -0.01905003
v -0.07681743 0.01508457 -0.01891215
v -0.07752966 0.01543332 -0.01901529
v -0.07719636 0.01562574 -0.01891215
v -0.07590831 0.01514412 -0.01851519
v -0.07654077 0.01531671 -0.01874373
v -0.07629072 0.01552653 -0.01851519
v -0.07532439 0.01507791 -0.01823343
v -0.07521012 0.01527585 -0.01790703
v -0.07607487 0.01570764 -0.01823343
v -0.07572717 0.01535994 -0.01823343
v -0.07558026 0.01553505 -0.01790703
v -0.07497513 0.01460535 -0.01851519
v -0.07445274 0.01446537 -0.01851519
v -0.07391400 0.01441824 -0.01851519
v -0.07440381 0.01474287 -0.01823343
v -0.07487877 0.01487013 -0.01823343
v -0.07391400 0.01470000 -0.01823343
v -0.07436415 0.01496793 -0.01790703
v -0.07391400 0.01492854 -0.01790703
v -0.07480059 0.01508490 -0.01790703
v -0.07512591 0.01542171 -0.01754586
v -0.07547202 0.01566405 -0.01754586
v -0.07507437 0.01551102 -0.01716099
v -0.07505697 0.01554108 -0.01676400
v -0.07433487 0.01513380 -0.01754586
v -0.07474299 0.01524315 -0.01754586
v -0.07391400 0.01509696 -0.01754586
v -0.07470771 0.01534005 -0.01716099
v -0.07431696 0.01523535 -0.01716099
v -0.07391400 0.01520010 -0.01716099
v -0.07431093 0.01526955 -0.01676400
v -0.07391400 0.01523481 -0.01676400
v -0.07469583 0.01537269 -0.01676400
v -0.07821027 0.01595709 -0.01905003
v -0.07688358 0.01580634 -0.01874373
v -0.07783725 0.01609287 -0.01901529
v -0.07747557 0.01622454 -0.01891215
v -0.07713621 0.01634802 -0.01874373
v -0.07660092 0.01596954 -0.01851519
v -0.07589979 0.01585455 -0.01790703
v -0.07635690 0.01611042 -0.01823343
v -0.07615896 0.01622469 -0.01790703
v -0.07841652 0.01672689 -0.01905003
v -0.07682949 0.01645968 -0.01851519
v -0.07802559 0.01679583 -0.01901529
v -0.07764654 0.01686267 -0.01891215
v -0.07729092 0.01692540 -0.01874373
v -0.07696944 0.01698207 -0.01851519
v -0.07656471 0.01655604 -0.01823343
v -0.07634994 0.01663422 -0.01790703
v -0.07669197 0.01703100 -0.01823343
v -0.07646688 0.01707069 -0.01790703
v -0.07577079 0.01596279 -0.01754586
v -0.07601313 0.01630890 -0.01754586
v -0.07540572 0.01574304 -0.01716099
v -0.07569177 0.01602909 -0.01716099
v -0.07538340 0.01576965 -0.01676400
v -0.07566516 0.01605141 -0.01676400
v -0.07592382 0.01636047 -0.01716099
v -0.07589373 0.01637784 -0.01676400
v -0.07619169 0.01669182 -0.01754586
v -0.07630104 0.01709994 -0.01754586
v -0.07609476 0.01672707 -0.01716099
v -0.07606212 0.01673895 -0.01676400
v -0.07619946 0.01711782 -0.01716099
v -0.07616526 0.01712388 -0.01676400
v -0.05942661 0.01523481 -0.01513539
v -0.05942661 0.01523481 -0.01001061
v -0.07848600 0.01752081 -0.01905003
v -0.07808904 0.01752081 -0.01901529
v -0.07770414 0.01752081 -0.01891215
v -0.07734300 0.01752081 -0.01874373
v -0.07701657 0.01752081 -0.01851519
v -0.07673481 0.01752081 -0.01823343
v -0.07650627 0.01752081 -0.01790703
v -0.07633785 0.01752081 -0.01754586
v -0.07623471 0.01752081 -0.01716099
v -0.07620000 0.01752081 -0.01676400
v -0.07848600 0.02056881 -0.01905003
v -0.07808904 0.02056881 -0.01901529
v -0.07770414 0.02056881 -0.01891215
v -0.07734300 0.02056881 -0.01874373
v -0.07701657 0.02056881 -0.01851519
v -0.07673481 0.02056881 -0.01823343
v -0.07650627 0.02056881 -0.01790703
v -0.07848600 0.02096580 -0.01901529
v -0.07809507 0.02096580 -0.01898109
v -0.07771602 0.02096580 -0.01887951
v -0.07736034 0.02096580 -0.01871367
v -0.07703892 0.02096580 -0.01848858
v -0.07848600 0.02135067 -0.01891215
v -0.07811298 0.02135067 -0.01887951
v -0.07775127 0.02135067 -0.01878261
v -0.07741191 0.02135067 -0.01862436
v -0.07710519 0.02135067 -0.01840956
v -0.07684041 0.02135067 -0.01814481
v -0.07676142 0.02096580 -0.01821108
v -0.07653633 0.02096580 -0.01788963
v -0.07633785 0.02056881 -0.01754586
v -0.07623471 0.02056881 -0.01716099
v -0.07620000 0.02056881 -0.01676400
v -0.07637049 0.02096580 -0.01753401
v -0.07662564 0.02135067 -0.01783809
v -0.07646739 0.02135067 -0.01749870
v -0.07626894 0.02096580 -0.01715493
v -0.07623471 0.02096580 -0.01676400
v -0.07637049 0.02135067 -0.01713705
v -0.07633785 0.02135067 -0.01676400
v -0.07848600 0.02171184 -0.01874373
v -0.07814220 0.02171184 -0.01871367
v -0.07780890 0.02171184 -0.01862436
v -0.07749612 0.02171184 -0.01847850
v -0.07848600 0.02203824 -0.01851519
v -0.07818189 0.02203824 -0.01848858
v -0.07721346 0.02171184 -0.01828059
v -0.07696941 0.02171184 -0.01803660
v -0.07788705 0.02203824 -0.01840956
v -0.07761039 0.02203824 -0.01828059
v -0.07736034 0.02203824 -0.01810548
v -0.07714452 0.02203824 -0.01788963
v -0.07848600 0.02232000 -0.01823343
v -0.07823082 0.02232000 -0.01821108
v -0.07798344 0.02232000 -0.01814481
v -0.07775127 0.02232000 -0.01803660
v -0.07754145 0.02232000 -0.01788963
v -0.07848600 0.02254857 -0.01790703
v -0.07828749 0.02254857 -0.01788963
v -0.07696941 0.02203824 -0.01763961
v -0.07684041 0.02203824 -0.01736295
v -0.07677147 0.02171184 -0.01775388
v -0.07662564 0.02171184 -0.01744113
v -0.07653633 0.02171184 -0.01710777
v -0.07650627 0.02171184 -0.01676400
v -0.07676142 0.02203824 -0.01706811
v -0.07673481 0.02203824 -0.01676400
v -0.07736034 0.02232000 -0.01770855
v -0.07721346 0.02232000 -0.01749870
v -0.07710519 0.02232000 -0.01726659
v -0.07809507 0.02254857 -0.01783809
v -0.07791450 0.02254857 -0.01775388
v -0.07775127 0.02254857 -0.01763961
v -0.07848600 0.02271696 -0.01754586
v -0.07835022 0.02271696 -0.01753401
v -0.07821858 0.02271696 -0.01749870
v -0.07809507 0.02271696 -0.01744113
v -0.07798344 0.02271696 -0.01736295
v -0.07788705 0.02271696 -0.01726659
v -0.07761039 0.02254857 -0.01749870
v -0.07749612 0.02254857 -0.01733553
v -0.07703892 0.02232000 -0.01701915
v -0.07701657 0.02232000 -0.01676400
v -0.07848600 0.02282010 -0.01716099
v -0.07841706 0.02282010 -0.01715493
v -0.07835022 0.02282010 -0.01713705
v -0.07780890 0.02271696 -0.01715493
v -0.07828749 0.02282010 -0.01710777
v -0.07823082 0.02282010 -0.01706811
v -0.07818189 0.02282010 -0.01701915
v -0.07775127 0.02271696 -0.01703142
v -0.07741191 0.02254857 -0.01715493
v -0.07814220 0.02282010 -0.01696248
v -0.07771602 0.02271696 -0.01689978
v -0.07811298 0.02282010 -0.01689978
v -0.07809507 0.02282010 -0.01683294
v -0.07848600 0.02285481 -0.01676400
v -0.07770414 0.02271696 -0.01676400
v -0.07808904 0.02282010 -0.01676400
v -0.07736034 0.02254857 -0.01696248
v -0.07734300 0.02254857 -0.01676400
v -0.11363043 0.01456527 -0.00000003
v -0.11374692 0.01470165 -0.00000003
v -0.11386341 0.01483806 -0.00000003
v -0.11395713 0.01499097 -0.00000003
v -0.11405082 0.01514388 -0.00000003
v -0.11411946 0.01530960 -0.00000003
v -0.11418813 0.01547532 -0.00000003
v -0.11422998 0.01564971 -0.00000003
v -0.11427186 0.01582410 -0.00000003
v -0.11428593 0.01600290 -0.00000003
v -0.11430000 0.01618173 -0.00000003
v -0.10363200 0.02285481 -0.00838203
v -0.08686800 0.02285481 -0.00838200
v -0.11430000 0.01837527 -0.00000003
v -0.11430000 0.02056881 -0.00000003
v -0.11428263 0.02076732 -0.00000003
v -0.11426526 0.02096580 -0.00000003
v -0.11421369 0.02115825 -0.00000003
v -0.11416212 0.02135067 -0.00000003
v -0.11407794 0.02153127 -0.00000003
v -0.11399373 0.02171184 -0.00000003
v -0.11387946 0.02187504 -0.00000003
v -0.11376519 0.02203824 -0.00000003
v -0.11362428 0.02217912 -0.00000003
v -0.11348340 0.02232000 -0.00000003
v -0.11332020 0.02243427 -0.00000003
v -0.11315700 0.02254857 -0.00000003
v -0.11297643 0.02263275 -0.00000003
v -0.11279586 0.02271696 -0.00000003
v -0.11260341 0.02276853 -0.00000003
v -0.11241096 0.02282010 -0.00000003
v -0.11221248 0.02283747 -0.00000003
v -0.11201400 0.02285481 -0.00000003
v -0.09525000 0.02285481 -0.00000003
v -0.06667032 0.01523481 -0.00500532
v -0.05560287 0.00037581 -0.01905003
v -0.03662223 0.00456681 -0.01905003
v -0.05526810 0.00875781 -0.01905003
v -0.05543550 0.01294881 -0.01905003
v -0.05543550 0.01299843 -0.01904568
v -0.05543550 0.01319694 -0.01902831
v -0.05543550 0.01329618 -0.01901961
v -0.05543550 0.01334580 -0.01901529
v -0.05543550 0.01339389 -0.01900239
v -0.05543550 0.01358634 -0.01895082
v -0.05543550 0.01368258 -0.01892505
v -0.05543550 0.01373067 -0.01891215
v -0.05543550 0.01377582 -0.01889109
v -0.05543550 0.01386612 -0.01884900
v -0.05543550 0.01404669 -0.01876479
v -0.05543550 0.01409184 -0.01874373
v -0.05543550 0.01413264 -0.01871517
v -0.05543550 0.01429584 -0.01860087
v -0.05543550 0.01437744 -0.01854375
v -0.05543550 0.01441824 -0.01851516
v -0.05543550 0.01445346 -0.01847994
v -0.05543550 0.01459434 -0.01833909
v -0.05543550 0.01466478 -0.01826865
v -0.05543550 0.01470000 -0.01823343
v -0.05543550 0.01472859 -0.01819263
v -0.05543550 0.01484286 -0.01802943
v -0.05543550 0.01489998 -0.01794783
v -0.05543550 0.01492854 -0.01790703
v -0.05543550 0.01494960 -0.01786188
v -0.05543550 0.01499172 -0.01777158
v -0.05543550 0.01507590 -0.01759101
v -0.05543550 0.01509696 -0.01754586
v -0.05543550 0.01510986 -0.01749774
v -0.05543550 0.01516143 -0.01730529
v -0.05543550 0.01518720 -0.01720908
v -0.05543550 0.01520010 -0.01716096
v -0.05543550 0.01520445 -0.01711134
v -0.05543550 0.01521312 -0.01701210
v -0.05543550 0.01523049 -0.01681362
v -0.05543550 0.01523481 -0.01676400
v -0.03695700 0.01294881 -0.01905003
v -0.03695700 0.01304805 -0.01904133
v -0.03695700 0.01324656 -0.01902396
v -0.03695700 0.01334580 -0.01901526
v -0.03695700 0.01344201 -0.01898949
v -0.03695700 0.01363446 -0.01893792
v -0.03695700 0.01373067 -0.01891215
v -0.03695700 0.01382097 -0.01887003
v -0.03695700 0.01400154 -0.01878582
v -0.03695700 0.01409184 -0.01874373
v -0.03695700 0.01417344 -0.01868658
v -0.03695700 0.01433664 -0.01857231
v -0.03695700 0.01441824 -0.01851516
v -0.03695700 0.01448868 -0.01844472
v -0.03695700 0.01462956 -0.01830384
v -0.03695700 0.01470000 -0.01823340
v -0.03695700 0.01475715 -0.01815183
v -0.03695700 0.01487142 -0.01798863
v -0.03695700 0.01492854 -0.01790703
v -0.03695700 0.01497066 -0.01781673
v -0.03695700 0.01505487 -0.01763616
v -0.03695700 0.01509696 -0.01754586
v -0.03695700 0.01512276 -0.01744962
v -0.03695700 0.01517433 -0.01725720
v -0.03695700 0.01520010 -0.01716096
v -0.03695700 0.01520877 -0.01706172
v -0.03695700 0.01522614 -0.01686324
v -0.03695700 0.01523481 -0.01676400
v -0.04493925 0.01523481 -0.01350675
v -0.03045189 0.01523481 -0.01187814
v -0.02400498 0.01294881 -0.01905001
v -0.02400498 0.01328134 -0.01902091
v -0.02400498 0.01334580 -0.01901526
v -0.02400498 0.01337951 -0.01900622
v -0.02400498 0.01347574 -0.01898045
v -0.02400498 0.01353330 -0.01896502
v -0.02400498 0.01360073 -0.01894696
v -0.02400498 0.01369696 -0.01892117
v -0.02400498 0.01366819 -0.01892888
v -0.02400498 0.01373067 -0.01891213
v -0.02400498 0.01376232 -0.01889739
v -0.02400498 0.01403319 -0.01877106
v -0.02400498 0.01406019 -0.01875847
v -0.02400498 0.01409184 -0.01874373
v -0.02400498 0.01414484 -0.01870660
v -0.02400498 0.01430804 -0.01859233
v -0.02400498 0.01438964 -0.01853518
v -0.02400498 0.01441824 -0.01851516
v -0.02400498 0.01470000 -0.01823340
v -0.02400498 0.01473713 -0.01818041
v -0.02400498 0.01481134 -0.01807440
v -0.02400498 0.01485140 -0.01801723
v -0.02400498 0.01489144 -0.01796003
v -0.02400498 0.01492854 -0.01790703
v -0.02400498 0.01504011 -0.01766779
v -0.02400498 0.01508220 -0.01757748
v -0.02400498 0.01509696 -0.01754586
v -0.02400498 0.01511372 -0.01748335
v -0.02400498 0.01513178 -0.01741589
v -0.02400498 0.01514720 -0.01735834
v -0.02400498 0.01516529 -0.01729091
v -0.02400498 0.01519106 -0.01719469
v -0.02400498 0.01520010 -0.01716096
v -0.02400498 0.01520315 -0.01712618
v -0.02400498 0.01521790 -0.01695738
v -0.02400498 0.01522309 -0.01689802
v -0.02400498 0.01522919 -0.01682846
v -0.02400498 0.01523178 -0.01679878
v -0.02400498 0.01523481 -0.01676400
v -0.02400498 0.01523481 -0.01274466
v -0.03045189 0.01523481 -0.00675336
v -0.04493925 0.01523481 -0.00325725
v -0.10444023 0.00537504 0.00838197
v -0.10444023 0.00537504 0.01676397
v -0.10443408 0.00538119 0.01686321
v -0.10442181 0.00539346 0.01706169
v -0.10441569 0.00539961 0.01716093
v -0.10439745 0.00541785 0.01725717
v -0.10436097 0.00545430 0.01744962
v -0.10434273 0.00547254 0.01754583
v -0.10431297 0.00550230 0.01763610
v -0.10425342 0.00556185 0.01781667
v -0.10422366 0.00559161 0.01790697
v -0.10418325 0.00563202 0.01798857
v -0.10410246 0.00571284 0.01815177
v -0.10406205 0.00575322 0.01823340
v -0.10401225 0.00580305 0.01830384
v -0.10391262 0.00590265 0.01844472
v -0.10386282 0.00595248 0.01851516
v -0.10380510 0.00601017 0.01857228
v -0.10368972 0.00612558 0.01868658
v -0.10363200 0.00618327 0.01874370
v -0.10356816 0.00624711 0.01878582
v -0.10344048 0.00637479 0.01887003
v -0.10337664 0.00643863 0.01891212
v -0.10330860 0.00650667 0.01893789
v -0.10317252 0.00664275 0.01898946
v -0.10310448 0.00671079 0.01901526
v -0.10303428 0.00678099 0.01902393
v -0.10289394 0.00692133 0.01904127
v -0.10282377 0.00699150 0.01904994
v -0.08524320 0.00590988 0.01904997
v -0.10363200 0.02285481 0.00838197
v -0.08686800 0.02285481 0.00838197
v -0.07505700 0.01554108 -0.00000000
v -0.07522020 0.01565538 -0.00000000
v -0.07450341 0.01532112 -0.00000000
v -0.07431096 0.01526955 -0.00000000
v -0.07411248 0.01525218 -0.00000000
v -0.07391400 0.01523481 -0.00000000
v -0.07469586 0.01537269 -0.00000000
v -0.07487643 0.01545690 -0.00000000
v -0.07538340 0.01576965 -0.00000000
v -0.07552428 0.01591053 -0.00000000
v -0.07566519 0.01605141 -0.00000000
v -0.07577946 0.01621464 -0.00000000
v -0.07589373 0.01637784 -0.00000000
v -0.07597794 0.01655841 -0.00000000
v -0.07606215 0.01673895 -0.00000000
v -0.07611369 0.01693143 -0.00000000
v -0.07616526 0.01712388 -0.00000000
v -0.05942664 0.01523481 0.00675336
v -0.07618263 0.01732236 -0.00000000
v -0.07620000 0.01752081 -0.00000000
v -0.07620000 0.01904481 -0.00000000
v -0.07620000 0.02056881 -0.00000000
v -0.07621737 0.02076732 -0.00000000
v -0.07623471 0.02096580 -0.00000000
v -0.07628628 0.02115825 -0.00000000
v -0.07633785 0.02135067 -0.00000000
v -0.07642206 0.02153127 -0.00000000
v -0.07650627 0.02171184 -0.00000000
v -0.07662054 0.02187504 -0.00000000
v -0.07673481 0.02203824 -0.00000000
v -0.07687569 0.02217912 -0.00000000
v -0.07701657 0.02232000 -0.00000000
v -0.07717980 0.02243427 -0.00000000
v -0.07848600 0.02285481 -0.00000000
v -0.07828752 0.02283747 -0.00000000
v -0.07770414 0.02271696 -0.00000000
v -0.07808904 0.02282010 -0.00000000
v -0.07789659 0.02276853 -0.00000000
v -0.07734300 0.02254857 -0.00000000
v -0.07752357 0.02263275 -0.00000000
v -0.11363043 0.01456527 0.01676397
v -0.11360589 0.01458984 0.01716093
v -0.11386341 0.01483806 0.01676397
v -0.11383530 0.01485846 0.01716093
v -0.11353296 0.01466274 0.01754583
v -0.11375190 0.01491909 0.01754583
v -0.11405082 0.01514388 0.01676397
v -0.11401992 0.01515966 0.01716093
v -0.11418813 0.01547532 0.01676397
v -0.11415507 0.01548603 0.01716093
v -0.11392800 0.01520649 0.01754583
v -0.11405700 0.01551789 0.01754583
v -0.11341389 0.01478184 0.01790697
v -0.11325228 0.01494345 0.01823340
v -0.11361564 0.01501806 0.01790697
v -0.11377794 0.01528293 0.01790697
v -0.11343075 0.01515240 0.01823340
v -0.11389683 0.01556994 0.01790697
v -0.11357433 0.01538670 0.01823340
v -0.11367948 0.01564059 0.01823340
v -0.11305305 0.01514271 0.01851513
v -0.11320278 0.01531803 0.01851513
v -0.11332326 0.01551462 0.01851513
v -0.11282223 0.01537350 0.01874370
v -0.11293872 0.01550988 0.01874370
v -0.11303241 0.01566282 0.01874370
v -0.11256687 0.01562886 0.01891212
v -0.11427186 0.01582410 0.01676397
v -0.11423754 0.01582956 0.01716093
v -0.11430000 0.01618173 0.01676397
v -0.11426526 0.01618173 0.01716093
v -0.11413569 0.01584567 0.01754583
v -0.11416212 0.01618173 0.01754583
v -0.11396937 0.01587204 0.01790697
v -0.11374362 0.01590777 0.01823340
v -0.11399373 0.01618173 0.01790697
v -0.11376519 0.01618173 0.01823340
v -0.11341149 0.01572765 0.01851513
v -0.11346534 0.01595187 0.01851513
v -0.11310105 0.01582851 0.01874370
v -0.11314293 0.01600293 0.01874370
v -0.11264652 0.01572216 0.01891212
v -0.11271063 0.01582674 0.01891212
v -0.11275761 0.01594011 0.01891212
v -0.11278623 0.01605942 0.01891212
v -0.11348340 0.01618173 0.01851513
v -0.11315700 0.01618173 0.01874370
v -0.11279586 0.01618173 0.01891212
v -0.11229468 0.01590102 0.01901526
v -0.11233515 0.01594839 0.01901526
v -0.11236770 0.01600152 0.01901526
v -0.11239152 0.01605906 0.01901526
v -0.11240607 0.01611963 0.01901526
v -0.11241096 0.01618173 0.01901526
v -0.11201400 0.01618173 0.01904994
v -0.09471519 0.01538187 0.01904994
v -0.09494373 0.01570827 0.01904994
v -0.09443343 0.01510011 0.01904994
v -0.09511215 0.01606941 0.01904994
v -0.09521526 0.01645431 0.01904994
v -0.09525000 0.01685127 0.01904994
v -0.11430000 0.02056881 0.01676397
v -0.11426526 0.02056881 0.01716093
v -0.11416212 0.02056881 0.01754583
v -0.11426526 0.02096580 0.01676397
v -0.11423106 0.02095974 0.01716093
v -0.11416212 0.02135067 0.01676397
v -0.11412948 0.02133879 0.01716093
v -0.11412948 0.02094186 0.01754583
v -0.11403258 0.02130354 0.01754583
v -0.11399373 0.02056881 0.01790697
v -0.11376519 0.02056881 0.01823340
v -0.11348340 0.02056881 0.01851513
v -0.11315700 0.02056881 0.01874370
v -0.11279586 0.02056881 0.01891212
v -0.11278398 0.02070459 0.01891212
v -0.11241096 0.02056881 0.01901526
v -0.11240493 0.02063775 0.01901526
v -0.11238702 0.02070459 0.01901526
v -0.11201400 0.02056881 0.01904994
v -0.11396364 0.02091261 0.01790697
v -0.11373855 0.02087292 0.01823340
v -0.11387436 0.02124594 0.01790697
v -0.11365959 0.02116776 0.01823340
v -0.11346108 0.02082399 0.01851513
v -0.11313963 0.02076732 0.01874370
v -0.11308809 0.02095974 0.01874370
v -0.11274870 0.02083626 0.01891212
v -0.11269110 0.02095974 0.01891212
v -0.11339481 0.02107140 0.01851513
v -0.11300388 0.02114034 0.01874370
v -0.11328654 0.02130354 0.01851513
v -0.11288961 0.02130354 0.01874370
v -0.11261295 0.02107140 0.01891212
v -0.11251656 0.02116776 0.01891212
v -0.11235780 0.02076732 0.01901526
v -0.11231808 0.02082399 0.01901526
v -0.11226918 0.02087292 0.01901526
v -0.11221248 0.02091261 0.01901526
v -0.11208291 0.02095974 0.01901526
v -0.11214975 0.02094186 0.01901526
v -0.11201400 0.02096580 0.01901526
v -0.11240493 0.02124594 0.01891212
v -0.11228142 0.02130354 0.01891212
v -0.11214975 0.02133879 0.01891212
v -0.11201400 0.02135067 0.01891212
v -0.11399373 0.02171184 0.01676397
v -0.11396364 0.02169447 0.01716093
v -0.11376519 0.02203824 0.01676397
v -0.11373855 0.02201592 0.01716093
v -0.11387436 0.02164290 0.01754583
v -0.11365959 0.02194962 0.01754583
v -0.11348340 0.02232000 0.01676397
v -0.11346108 0.02229339 0.01716093
v -0.11315700 0.02254857 0.01676397
v -0.11279586 0.02271696 0.01676397
v -0.11313963 0.02251848 0.01716093
v -0.11278398 0.02268432 0.01716093
v -0.11241096 0.02282010 0.01676397
v -0.11201400 0.02285481 0.01676397
v -0.11240493 0.02278590 0.01716093
v -0.11201400 0.02282010 0.01716093
v -0.11339481 0.02221440 0.01754583
v -0.11308809 0.02242917 0.01754583
v -0.11274870 0.02258742 0.01754583
v -0.11238702 0.02268432 0.01754583
v -0.11201400 0.02271696 0.01754583
v -0.11372850 0.02155869 0.01790697
v -0.11353059 0.02144442 0.01823340
v -0.11335548 0.02169447 0.01823340
v -0.11353059 0.02184138 0.01790697
v -0.11328654 0.02208540 0.01790697
v -0.11313963 0.02191029 0.01823340
v -0.11288961 0.02208540 0.01823340
v -0.11313963 0.02151336 0.01851513
v -0.11274870 0.02144442 0.01874370
v -0.11258550 0.02155869 0.01874370
v -0.11295852 0.02169447 0.01851513
v -0.11274870 0.02184138 0.01851513
v -0.11251656 0.02194962 0.01851513
v -0.11240493 0.02164290 0.01874370
v -0.11221248 0.02169447 0.01874370
v -0.11201400 0.02171184 0.01874370
v -0.11226918 0.02201592 0.01851513
v -0.11201400 0.02203824 0.01851513
v -0.11300388 0.02228334 0.01790697
v -0.11269110 0.02242917 0.01790697
v -0.11261295 0.02221440 0.01823340
v -0.11231808 0.02229339 0.01823340
v -0.11201400 0.02232000 0.01823340
v -0.11235780 0.02251848 0.01790697
v -0.11201400 0.02254857 0.01790697
v -0.09525000 0.01904481 0.01904994
v -0.09525000 0.02056881 0.01904994
v -0.09525000 0.02076732 0.01903260
v -0.09525000 0.02096580 0.01901526
v -0.09525000 0.02115825 0.01896369
v -0.09525000 0.02135067 0.01891212
v -0.09525000 0.02285481 0.01676397
v -0.09525000 0.02283747 0.01696245
v -0.09525000 0.02282010 0.01716096
v -0.09525000 0.02276853 0.01735338
v -0.09525000 0.02271696 0.01754583
v -0.09525000 0.02263275 0.01772640
v -0.09525000 0.02171184 0.01874370
v -0.09525000 0.02153127 0.01882791
v -0.09525000 0.02187504 0.01862943
v -0.09525000 0.02203824 0.01851516
v -0.09525000 0.02243427 0.01807017
v -0.09525000 0.02217912 0.01837428
v -0.09525000 0.02232000 0.01823340
v -0.09525000 0.02254857 0.01790697
v -0.07620000 0.01356135 0.01904997
v -0.07547772 0.01322454 0.01904997
v -0.07685283 0.01401846 0.01904997
v -0.07600152 0.01390512 0.01901526
v -0.07534194 0.01359759 0.01901526
v -0.07521030 0.01395927 0.01891212
v -0.07580907 0.01423848 0.01891212
v -0.07470792 0.01301829 0.01904997
v -0.07391400 0.01294881 0.01904997
v -0.07463898 0.01340922 0.01901526
v -0.07391400 0.01334580 0.01901526
v -0.07457217 0.01378827 0.01891212
v -0.07391400 0.01373067 0.01891212
v -0.07450944 0.01414392 0.01874373
v -0.07391400 0.01409184 0.01874373
v -0.07505700 0.01554108 0.01676397
v -0.07507437 0.01551102 0.01716096
v -0.07512594 0.01542171 0.01754583
v -0.07547205 0.01566405 0.01754583
v -0.07431096 0.01526955 0.01676397
v -0.07391400 0.01523481 0.01676397
v -0.07470774 0.01534005 0.01716096
v -0.07431699 0.01523535 0.01716096
v -0.07391400 0.01520010 0.01716096
v -0.07469586 0.01537269 0.01676397
v -0.07433490 0.01513380 0.01754583
v -0.07474302 0.01524315 0.01754583
v -0.07391400 0.01509696 0.01754583
v -0.07741638 0.01458201 0.01904997
v -0.07711227 0.01483716 0.01901526
v -0.07508679 0.01429863 0.01874373
v -0.07562850 0.01455123 0.01874373
v -0.07659768 0.01432257 0.01901526
v -0.07635027 0.01461741 0.01891212
v -0.07611813 0.01489407 0.01874373
v -0.07546530 0.01483392 0.01851516
v -0.07521015 0.01527585 0.01790697
v -0.07532442 0.01507791 0.01823340
v -0.07558029 0.01553505 0.01790697
v -0.07607487 0.01570764 0.01823340
v -0.07572720 0.01535994 0.01823340
v -0.07787346 0.01523481 0.01904997
v -0.07681743 0.01508457 0.01891212
v -0.07752969 0.01543332 0.01901526
v -0.07719636 0.01562574 0.01891212
v -0.07590831 0.01514412 0.01851516
v -0.07654077 0.01531671 0.01874373
v -0.07629072 0.01552653 0.01851516
v -0.07436415 0.01496793 0.01790697
v -0.07391400 0.01492854 0.01790697
v -0.07440384 0.01474287 0.01823340
v -0.07487877 0.01487013 0.01823340
v -0.07391400 0.01470000 0.01823340
v -0.07497516 0.01460535 0.01851516
v -0.07445277 0.01446537 0.01851516
v -0.07391400 0.01441824 0.01851516
v -0.07480062 0.01508490 0.01790697
v -0.07538343 0.01576965 0.01676397
v -0.07566519 0.01605141 0.01676397
v -0.07540575 0.01574304 0.01716096
v -0.07569180 0.01602909 0.01716096
v -0.07589373 0.01637784 0.01676397
v -0.07592382 0.01636047 0.01716096
v -0.07577079 0.01596279 0.01754583
v -0.07601313 0.01630890 0.01754583
v -0.07606215 0.01673895 0.01676397
v -0.07609479 0.01672707 0.01716096
v -0.07616529 0.01712388 0.01676397
v -0.07619946 0.01711782 0.01716096
v -0.07619169 0.01669182 0.01754583
v -0.07630104 0.01709994 0.01754583
v -0.07589979 0.01585455 0.01790697
v -0.07615896 0.01622469 0.01790697
v -0.07635690 0.01611042 0.01823340
v -0.07688361 0.01580634 0.01874373
v -0.07821030 0.01595709 0.01904997
v -0.07713621 0.01634802 0.01874373
v -0.07783725 0.01609287 0.01901526
v -0.07747557 0.01622454 0.01891212
v -0.07660092 0.01596954 0.01851516
v -0.07634994 0.01663422 0.01790697
v -0.07656471 0.01655604 0.01823340
v -0.07646688 0.01707069 0.01790697
v -0.07669197 0.01703100 0.01823340
v -0.07682949 0.01645968 0.01851516
v -0.07841655 0.01672689 0.01904997
v -0.07729092 0.01692540 0.01874373
v -0.07696944 0.01698207 0.01851516
v -0.07802562 0.01679583 0.01901526
v -0.07764654 0.01686267 0.01891212
v -0.05942664 0.01523481 0.01513536
v -0.07620000 0.01752081 0.01676397
v -0.07623474 0.01752081 0.01716096
v -0.07633785 0.01752081 0.01754583
v -0.07650627 0.01752081 0.01790697
v -0.07673484 0.01752081 0.01823340
v -0.07701657 0.01752081 0.01851516
v -0.07734300 0.01752081 0.01874373
v -0.07848600 0.01752081 0.01904997
v -0.07770414 0.01752081 0.01891212
v -0.07808904 0.01752081 0.01901526
v -0.07620000 0.02056881 0.01676397
v -0.07623474 0.02056881 0.01716096
v -0.07633785 0.02056881 0.01754583
v -0.07623474 0.02096580 0.01676397
v -0.07626894 0.02095974 0.01716096
v -0.07633785 0.02135067 0.01676397
v -0.07637049 0.02133879 0.01716096
v -0.07637049 0.02094186 0.01754583
v -0.07646742 0.02130354 0.01754583
v -0.07650627 0.02056881 0.01790697
v -0.07673484 0.02056881 0.01823340
v -0.07701657 0.02056881 0.01851516
v -0.07734300 0.02056881 0.01874373
v -0.07848600 0.02056881 0.01904997
v -0.07770414 0.02056881 0.01891212
v -0.07808904 0.02056881 0.01901526
v -0.07771602 0.02070459 0.01891212
v -0.07809507 0.02063775 0.01901526
v -0.07811298 0.02070459 0.01901526
v -0.07684044 0.02116776 0.01823340
v -0.07653636 0.02091261 0.01790697
v -0.07676142 0.02087292 0.01823340
v -0.07662567 0.02124594 0.01790697
v -0.07703892 0.02082399 0.01851516
v -0.07736037 0.02076732 0.01874373
v -0.07741194 0.02095974 0.01874373
v -0.07814223 0.02076732 0.01901526
v -0.07818192 0.02082399 0.01901526
v -0.07823085 0.02087292 0.01901526
v -0.07775130 0.02083626 0.01891212
v -0.07848600 0.02096580 0.01901526
v -0.07841706 0.02095974 0.01901526
v -0.07828752 0.02091261 0.01901526
v -0.07835022 0.02094186 0.01901526
v -0.07780890 0.02095974 0.01891212
v -0.07710519 0.02107140 0.01851516
v -0.07749612 0.02114034 0.01874373
v -0.07721346 0.02130354 0.01851516
v -0.07761042 0.02130354 0.01874373
v -0.07788705 0.02107140 0.01891212
v -0.07798344 0.02116776 0.01891212
v -0.07809507 0.02124594 0.01891212
v -0.07821861 0.02130354 0.01891212
v -0.07848600 0.02135067 0.01891212
v -0.07835022 0.02133879 0.01891212
v -0.07650627 0.02171184 0.01676397
v -0.07653636 0.02169447 0.01716096
v -0.07673484 0.02203824 0.01676397
v -0.07676142 0.02201592 0.01716096
v -0.07684044 0.02194962 0.01754583
v -0.07662567 0.02164290 0.01754583
v -0.07701657 0.02232000 0.01676397
v -0.07703892 0.02229339 0.01716096
v -0.07848600 0.02285481 0.01676397
v -0.07770414 0.02271696 0.01676397
v -0.07808904 0.02282010 0.01676397
v -0.07734300 0.02254857 0.01676397
v -0.07848600 0.02282010 0.01716096
v -0.07771602 0.02268432 0.01716096
v -0.07809507 0.02278590 0.01716096
v -0.07736037 0.02251848 0.01716096
v -0.07710519 0.02221440 0.01754583
v -0.07741194 0.02242917 0.01754583
v -0.07775130 0.02258742 0.01754583
v -0.07848600 0.02271696 0.01754583
v -0.07811298 0.02268432 0.01754583
v -0.07696944 0.02144442 0.01823340
v -0.07714452 0.02169447 0.01823340
v -0.07696944 0.02184138 0.01790697
v -0.07721346 0.02208540 0.01790697
v -0.07736037 0.02191029 0.01823340
v -0.07761042 0.02208540 0.01823340
v -0.07677150 0.02155869 0.01790697
v -0.07775130 0.02144442 0.01874373
v -0.07791450 0.02155869 0.01874373
v -0.07848600 0.02171184 0.01874373
v -0.07828752 0.02169447 0.01874373
v -0.07809507 0.02164290 0.01874373
v -0.07736037 0.02151336 0.01851516
v -0.07754148 0.02169447 0.01851516
v -0.07775130 0.02184138 0.01851516
v -0.07798344 0.02194962 0.01851516
v -0.07848600 0.02203824 0.01851516
v -0.07823085 0.02201592 0.01851516
v -0.07780890 0.02242917 0.01790697
v -0.07749612 0.02228334 0.01790697
v -0.07818192 0.02229339 0.01823340
v -0.07788705 0.02221440 0.01823340
v -0.07848600 0.02232000 0.01823340
v -0.07848600 0.02254857 0.01790697
v -0.07814223 0.02251848 0.01790697
v -0.05593767 0.00037581 0.01904997
v -0.03729177 0.00456681 0.01904997
v -0.05560290 0.00875781 0.01904997
v -0.03045189 0.01523481 0.00349614
v -0.04493925 0.01523481 0.01350675
v -0.03045189 0.01523481 0.01187814
v -0.02897475 0.01523481 0.01350675
v -0.05543550 0.01294881 0.01904997
v -0.05543550 0.01299843 0.01904562
v -0.05543550 0.01319694 0.01902828
v -0.05543550 0.01329618 0.01901961
v -0.05543550 0.01334580 0.01901526
v -0.05543550 0.01339389 0.01900239
v -0.05543550 0.01358634 0.01895082
v -0.05543550 0.01368258 0.01892502
v -0.05543550 0.01373067 0.01891212
v -0.05543550 0.01377582 0.01889109
v -0.05543550 0.01386612 0.01884897
v -0.05543550 0.01409184 0.01874373
v -0.05543550 0.01413264 0.01871514
v -0.05543550 0.01404669 0.01876476
v -0.05144439 0.01523481 0.01513536
v -0.05543550 0.01523481 0.01676400
v -0.05543550 0.01523049 0.01681362
v -0.05543550 0.01521312 0.01701210
v -0.05543550 0.01520445 0.01711134
v -0.05543550 0.01520010 0.01716096
v -0.05543550 0.01518720 0.01720908
v -0.05543550 0.01516143 0.01730529
v -0.05543550 0.01510986 0.01749774
v -0.05543550 0.01509696 0.01754586
v -0.05543550 0.01507590 0.01759098
v -0.05543550 0.01503381 0.01768128
v -0.05543550 0.01459434 0.01833906
v -0.05543550 0.01489998 0.01794777
v -0.05543550 0.01494960 0.01786185
v -0.05543550 0.01492854 0.01790697
v -0.05543550 0.01484286 0.01802940
v -0.05543550 0.01472859 0.01819260
v -0.05543550 0.01466478 0.01826862
v -0.05543550 0.01470000 0.01823340
v -0.05543550 0.01429584 0.01860087
v -0.05543550 0.01445346 0.01847994
v -0.05543550 0.01441824 0.01851516
v -0.05543550 0.01437744 0.01854372
v -0.03695700 0.01294881 0.01904997
v -0.03695700 0.01304805 0.01904130
v -0.03695700 0.01324656 0.01902396
v -0.03695700 0.01334580 0.01901526
v -0.03695700 0.01344201 0.01898949
v -0.03695700 0.01363446 0.01893792
v -0.03695700 0.01373067 0.01891215
v -0.03695700 0.01382097 0.01887003
v -0.03695700 0.01409184 0.01874373
v -0.03695700 0.01417344 0.01868658
v -0.03695700 0.01400154 0.01878582
v -0.03695700 0.01497066 0.01781670
v -0.03695700 0.01523481 0.01676400
v -0.03695700 0.01522614 0.01686324
v -0.03695700 0.01517433 0.01725720
v -0.03695700 0.01520877 0.01706172
v -0.03695700 0.01520010 0.01716096
v -0.03695700 0.01512276 0.01744962
v -0.03695700 0.01509696 0.01754586
v -0.03695700 0.01505487 0.01763613
v -0.03695700 0.01462956 0.01830384
v -0.03695700 0.01448868 0.01844472
v -0.03695700 0.01475715 0.01815180
v -0.03695700 0.01487142 0.01798860
v -0.03695700 0.01492854 0.01790697
v -0.03695700 0.01470000 0.01823340
v -0.03695700 0.01433664 0.01857231
v -0.03695700 0.01441824 0.01851516
v -0.02400498 0.01294881 0.01904997
v -0.02400498 0.01314220 0.01903309
v -0.02400498 0.01321178 0.01902699
v -0.02400498 0.01328134 0.01902091
v -0.02400498 0.01331102 0.01901831
v -0.02400498 0.01337951 0.01900624
v -0.02400498 0.01334580 0.01901528
v -0.02400498 0.01340828 0.01899853
v -0.02400498 0.01347574 0.01898047
v -0.02400498 0.01353330 0.01896504
v -0.02400498 0.01360073 0.01894696
v -0.02400498 0.01369696 0.01892119
v -0.02400498 0.01373067 0.01891215
v -0.02400498 0.01376232 0.01889739
v -0.02400498 0.01378932 0.01888479
v -0.02400498 0.01391589 0.01882577
v -0.02400498 0.01385262 0.01885529
v -0.02400498 0.01409184 0.01874373
v -0.02400498 0.01396989 0.01880058
v -0.02400498 0.01498542 0.01778507
v -0.02400498 0.01523481 0.01676400
v -0.02400498 0.01523178 0.01679878
v -0.02400498 0.01521182 0.01702694
v -0.02400498 0.01520315 0.01712618
v -0.02400498 0.01520010 0.01716096
v -0.02400498 0.01509696 0.01754586
v -0.02400498 0.01504011 0.01766778
v -0.02400498 0.01501061 0.01773107
v -0.02400498 0.01481134 0.01807439
v -0.02400498 0.01477717 0.01812320
v -0.02400498 0.01489144 0.01796000
v -0.02400498 0.01492854 0.01790699
v -0.02400498 0.01485140 0.01801720
v -0.02400498 0.01470000 0.01823342
v -0.02400498 0.01473713 0.01818042
v -0.02400498 0.01444293 0.01849049
v -0.02400498 0.01441824 0.01851516
v 0.02400498 -0.02255889 -0.01790700
v 0.02400498 -0.02257414 -0.01787431
v 0.02400498 -0.02233035 -0.01823340
v 0.02400498 -0.02235103 -0.01820386
v 0.02400498 -0.02218341 -0.01838034
v 0.02400498 -0.02207409 -0.01848965
v 0.02400498 -0.02201905 -0.01853583
v 0.02400498 -0.02199653 -0.01855160
v 0.02400498 -0.02204859 -0.01851515
v 0.02400498 -0.02183332 -0.01866587
v 0.02400498 -0.02193745 -0.01859298
v 0.02400498 -0.02168949 -0.01875895
v 0.02400498 -0.02172216 -0.01874370
v 0.02400498 -0.02270044 -0.01760344
v 0.02400498 -0.02264673 -0.01771865
v 0.02400498 -0.02261624 -0.01778403
v 0.02400498 -0.02258576 -0.01784939
v 0.02400498 -0.02273663 -0.01751099
v 0.02400498 -0.02272731 -0.01754583
v 0.02400498 -0.02274374 -0.01748444
v 0.02400498 -0.02276242 -0.01741478
v 0.02400498 -0.02277665 -0.01736167
v 0.02400498 -0.02279531 -0.01729201
v 0.02400498 -0.02283045 -0.01716095
v 0.02400498 -0.02283358 -0.01712500
v 0.02400498 -0.02283597 -0.01709762
v 0.02400498 -0.02284227 -0.01702576
v 0.02400498 -0.02284855 -0.01695391
v 0.02400498 -0.02285334 -0.01689914
v 0.02400498 -0.02285964 -0.01682728
v 0.02400498 -0.02286203 -0.01679990
v 0.02400498 -0.02286516 -0.01676397
v 0.02400498 -0.02136102 -0.01891212
v 0.02400498 -0.02132620 -0.01892146
v 0.02400498 -0.02122997 -0.01894723
v 0.02400498 -0.02110720 -0.01898014
v 0.02400498 -0.02116031 -0.01896591
v 0.02400498 -0.02103752 -0.01899880
v 0.02400498 -0.02097615 -0.01901526
v 0.02400498 -0.02094022 -0.01901841
v 0.02400498 -0.02084096 -0.01902708
v 0.02400498 -0.02076911 -0.01903338
v 0.02400498 -0.02071433 -0.01903817
v 0.02400498 -0.02064247 -0.01904445
v 0.02400498 -0.02057916 -0.01905000
v 0.03762657 -0.02255889 -0.01790700
v 0.03762657 -0.02233035 -0.01823340
v 0.03762657 -0.02225991 -0.01830384
v 0.03762657 -0.02238750 -0.01815180
v 0.03762657 -0.02250177 -0.01798860
v 0.03762657 -0.02204859 -0.01851513
v 0.03762657 -0.02180376 -0.01868655
v 0.03762657 -0.02196699 -0.01857228
v 0.03762657 -0.02163189 -0.01878582
v 0.03762657 -0.02145132 -0.01887000
v 0.03762657 -0.02172216 -0.01874370
v 0.03762657 -0.02211903 -0.01844469
v 0.03762657 -0.02260101 -0.01781670
v 0.03762657 -0.02268519 -0.01763613
v 0.03762657 -0.02272731 -0.01754583
v 0.03762657 -0.02275308 -0.01744962
v 0.03762657 -0.02280465 -0.01725717
v 0.03762657 -0.02283045 -0.01716093
v 0.03762657 -0.02283912 -0.01706169
v 0.03762657 -0.02285649 -0.01686321
v 0.03762657 -0.02286516 -0.01676397
v 0.03762657 -0.02136102 -0.01891212
v 0.03762657 -0.02126481 -0.01893789
v 0.03762657 -0.02107236 -0.01898946
v 0.03762657 -0.02097615 -0.01901526
v 0.03762657 -0.02087691 -0.01902393
v 0.03762657 -0.02067840 -0.01904130
v 0.03762657 -0.02057916 -0.01905000
v 0.05643984 -0.02253033 -0.01794780
v 0.05643984 -0.02255889 -0.01790700
v 0.05643984 -0.02257995 -0.01786185
v 0.05643984 -0.02233035 -0.01823337
v 0.05643984 -0.02235891 -0.01819257
v 0.05643984 -0.02222469 -0.01833903
v 0.05643984 -0.02229513 -0.01826859
v 0.05643984 -0.02247321 -0.01802940
v 0.05643984 -0.02208381 -0.01847991
v 0.05643984 -0.02200779 -0.01854372
v 0.05643984 -0.02204859 -0.01851513
v 0.05643984 -0.02192619 -0.01860084
v 0.05643984 -0.02167704 -0.01876476
v 0.05643984 -0.02149647 -0.01884894
v 0.05643984 -0.02176296 -0.01871514
v 0.05643984 -0.02172216 -0.01874370
v 0.05643984 -0.02270625 -0.01759098
v 0.05643984 -0.02262204 -0.01777155
v 0.05643984 -0.02274018 -0.01749771
v 0.05643984 -0.02272731 -0.01754583
v 0.05643984 -0.02279175 -0.01730526
v 0.05643984 -0.02281755 -0.01720905
v 0.05643984 -0.02283045 -0.01716093
v 0.05643984 -0.02283477 -0.01711131
v 0.05643984 -0.02284347 -0.01701207
v 0.05643984 -0.02286084 -0.01681359
v 0.05643984 -0.02286516 -0.01676397
v 0.05643984 -0.02136102 -0.01891212
v 0.05643984 -0.02131293 -0.01892499
v 0.05643984 -0.02140617 -0.01889106
v 0.05643984 -0.02121669 -0.01895079
v 0.05643984 -0.02102424 -0.01900236
v 0.05643984 -0.02097615 -0.01901523
v 0.05643984 -0.02092653 -0.01901958
v 0.05643984 -0.02082726 -0.01902828
v 0.05643984 -0.02062878 -0.01904565
v 0.05643984 -0.02057916 -0.01905000
v 0.03188457 -0.02286516 -0.01297602
v 0.04634076 -0.02286516 -0.01423866
v 0.03796134 -0.01219716 -0.01905000
v 0.05660724 -0.01638816 -0.01905000
v 0.03188457 -0.02286516 -0.00711933
v 0.04634073 -0.02286516 -0.00252528
v 0.06079692 -0.02286516 -0.01550130
v 0.07525311 -0.02255889 -0.01790700
v 0.07556283 -0.02253453 -0.01790700
v 0.07525311 -0.02233035 -0.01823337
v 0.07552707 -0.02230878 -0.01823337
v 0.07579425 -0.02224464 -0.01823337
v 0.07586490 -0.02246202 -0.01790700
v 0.07615191 -0.02234313 -0.01790700
v 0.07641678 -0.02218080 -0.01790700
v 0.07525311 -0.02204859 -0.01851513
v 0.07548297 -0.02203050 -0.01851513
v 0.07570719 -0.02197665 -0.01851513
v 0.07592022 -0.02188842 -0.01851513
v 0.07543191 -0.02170809 -0.01874370
v 0.07525311 -0.02172216 -0.01874370
v 0.07560633 -0.02166624 -0.01874370
v 0.07577202 -0.02159760 -0.01874370
v 0.07611681 -0.02176797 -0.01851513
v 0.07629216 -0.02161821 -0.01851513
v 0.07592496 -0.02150388 -0.01874370
v 0.07604814 -0.02213949 -0.01823337
v 0.07628244 -0.02199591 -0.01823337
v 0.07649139 -0.02181744 -0.01823337
v 0.07665300 -0.02197905 -0.01790700
v 0.07525311 -0.02272731 -0.01754580
v 0.07558917 -0.02270088 -0.01754580
v 0.07591692 -0.02262216 -0.01754580
v 0.07622835 -0.02249319 -0.01754580
v 0.07651575 -0.02231706 -0.01754580
v 0.07525311 -0.02283045 -0.01716093
v 0.07560528 -0.02280273 -0.01716093
v 0.07594881 -0.02272026 -0.01716093
v 0.07627518 -0.02258508 -0.01716093
v 0.07525311 -0.02286516 -0.01676397
v 0.07561074 -0.02283702 -0.01676397
v 0.07595952 -0.02275329 -0.01676394
v 0.07629093 -0.02261601 -0.01676394
v 0.07657638 -0.02240049 -0.01716093
v 0.07659681 -0.02242860 -0.01676394
v 0.07684500 -0.02217105 -0.01716093
v 0.07686957 -0.02219562 -0.01676394
v 0.07677207 -0.02209812 -0.01754580
v 0.07537542 -0.02135142 -0.01891209
v 0.07525311 -0.02136102 -0.01891209
v 0.07549473 -0.02132277 -0.01891209
v 0.07560807 -0.02127582 -0.01891209
v 0.07571268 -0.02121171 -0.01891209
v 0.07580598 -0.02113203 -0.01891209
v 0.07606134 -0.02138739 -0.01874370
v 0.07531521 -0.02097123 -0.01901523
v 0.07537578 -0.02095671 -0.01901523
v 0.07525311 -0.02097615 -0.01901523
v 0.07543332 -0.02093286 -0.01901523
v 0.07548645 -0.02090031 -0.01901523
v 0.07553382 -0.02085987 -0.01901523
v 0.07525311 -0.02057916 -0.01904997
v 0.06079692 -0.02286516 -0.00964461
v 0.08548236 -0.01242798 -0.01851513
v 0.08542467 -0.01237026 -0.01857228
v 0.08525157 -0.01219716 -0.01874370
v 0.08530926 -0.01225488 -0.01868655
v 0.08568162 -0.01262721 -0.01823337
v 0.08563179 -0.01257741 -0.01830381
v 0.08572200 -0.01266762 -0.01815177
v 0.08553219 -0.01247778 -0.01844469
v 0.08518773 -0.01213332 -0.01878579
v 0.08506005 -0.01200564 -0.01887000
v 0.08499621 -0.01194180 -0.01891209
v 0.08492817 -0.01187376 -0.01893789
v 0.08479206 -0.01173768 -0.01898946
v 0.08472402 -0.01166964 -0.01901523
v 0.08465385 -0.01159947 -0.01902393
v 0.08451351 -0.01145913 -0.01904130
v 0.08593254 -0.01287813 -0.01763610
v 0.08596230 -0.01290792 -0.01754580
v 0.08598054 -0.01292613 -0.01744959
v 0.08601699 -0.01296261 -0.01725714
v 0.08603523 -0.01298085 -0.01716093
v 0.08604138 -0.01298697 -0.01706169
v 0.08605365 -0.01299927 -0.01686318
v 0.08605980 -0.01300539 -0.01676394
v 0.08584323 -0.01278882 -0.01790700
v 0.08580282 -0.01274844 -0.01798857
v 0.08587299 -0.01281861 -0.01781670
v 0.06802503 -0.02286516 -0.00482229
v 0.08605977 -0.01300539 -0.00838197
v 0.06559539 -0.01010166 -0.01905000
v 0.08444334 -0.01138893 -0.01904997
v 0.07458357 -0.00381516 -0.01904997
v 0.07498053 -0.00378045 -0.01904997
v 0.07536543 -0.00367731 -0.01904997
v 0.07572657 -0.00350892 -0.01904997
v 0.07605297 -0.00328035 -0.01904997
v 0.09503346 -0.00359862 -0.01790697
v 0.09431412 -0.00287928 -0.01882788
v 0.09455718 -0.00312234 -0.01862940
v 0.09444180 -0.00300696 -0.01874367
v 0.09467259 -0.00323775 -0.01851513
v 0.09487185 -0.00343698 -0.01823337
v 0.09477222 -0.00333738 -0.01837425
v 0.09495264 -0.00351780 -0.01807017
v 0.09509298 -0.00365814 -0.01772640
v 0.09515253 -0.00371769 -0.01754580
v 0.09518898 -0.00375414 -0.01735335
v 0.09522546 -0.00379062 -0.01716093
v 0.09523773 -0.00380289 -0.01696242
v 0.09525000 -0.00381516 -0.01676394
v 0.09418641 -0.00275157 -0.01891209
v 0.09405033 -0.00261549 -0.01896366
v 0.09363357 -0.00219873 -0.01904997
v 0.09391425 -0.00247941 -0.01901523
v 0.09377391 -0.00233907 -0.01903260
v 0.03188454 -0.02286516 0.00459405
v 0.02400498 -0.02286516 0.01676401
v 0.02400498 -0.02286203 0.01679994
v 0.02400498 -0.02285964 0.01682732
v 0.02400498 -0.02284855 0.01695397
v 0.02400498 -0.02284227 0.01702582
v 0.02400498 -0.02283597 0.01709768
v 0.02400498 -0.02283358 0.01712506
v 0.02400498 -0.02283045 0.01716099
v 0.02400498 -0.02281399 0.01722236
v 0.02400498 -0.02274374 0.01748449
v 0.02400498 -0.02272731 0.01754587
v 0.02400498 -0.02270044 0.01760347
v 0.02400498 -0.02266996 0.01766885
v 0.02400498 -0.02263947 0.01773421
v 0.02400498 -0.02258576 0.01784940
v 0.02400498 -0.02257414 0.01787431
v 0.02400498 -0.02255889 0.01790700
v 0.02400498 -0.02252245 0.01795907
v 0.02400498 -0.02248109 0.01801815
v 0.02400498 -0.02240818 0.01812229
v 0.02400498 -0.02236680 0.01818137
v 0.02400498 -0.02235103 0.01820389
v 0.02400498 -0.02233035 0.01823343
v 0.02400498 -0.02204859 0.01851519
v 0.02400498 -0.02193745 0.01859302
v 0.02400498 -0.02187837 0.01863440
v 0.02400498 -0.02183332 0.01866593
v 0.02400498 -0.02177422 0.01870729
v 0.02400498 -0.02175170 0.01872306
v 0.02400498 -0.02172216 0.01874376
v 0.02400498 -0.02148401 0.01885481
v 0.02400498 -0.02139371 0.01889692
v 0.02400498 -0.02141863 0.01888531
v 0.02400498 -0.02136102 0.01891215
v 0.02400498 -0.02110720 0.01898018
v 0.02400498 -0.02101097 0.01900595
v 0.02400498 -0.02097615 0.01901529
v 0.02400498 -0.02094022 0.01901844
v 0.02400498 -0.02084096 0.01902711
v 0.02400498 -0.02071433 0.01903818
v 0.02400498 -0.02061509 0.01904685
v 0.02400498 -0.02057916 0.01905000
v 0.03188454 -0.02286516 0.01297602
v 0.02891238 -0.02286516 0.01423869
v 0.04634073 -0.02286516 0.01423869
v 0.04049754 -0.02286516 0.01487004
v 0.03762654 -0.02286516 0.01676403
v 0.03762654 -0.02285649 0.01686327
v 0.03762654 -0.02283912 0.01706175
v 0.03762654 -0.02283045 0.01716099
v 0.03762654 -0.02280465 0.01725720
v 0.03762654 -0.02275308 0.01744965
v 0.03762654 -0.02272731 0.01754589
v 0.03762654 -0.02268519 0.01763616
v 0.03762654 -0.02260101 0.01781673
v 0.03762654 -0.02255889 0.01790700
v 0.03762654 -0.02250177 0.01798863
v 0.03762654 -0.02238750 0.01815183
v 0.03762654 -0.02233035 0.01823343
v 0.03762654 -0.02225991 0.01830387
v 0.03762654 -0.02211903 0.01844475
v 0.03762654 -0.02204859 0.01851519
v 0.03762654 -0.02196699 0.01857234
v 0.03762654 -0.02180376 0.01868661
v 0.03762654 -0.02172216 0.01874376
v 0.03762654 -0.02163189 0.01878585
v 0.03762654 -0.02145132 0.01887006
v 0.03762654 -0.02136102 0.01891215
v 0.03762654 -0.02126481 0.01893795
v 0.03762654 -0.02107236 0.01898952
v 0.03762654 -0.02097615 0.01901529
v 0.03762654 -0.02087691 0.01902396
v 0.03762654 -0.02067840 0.01904133
v 0.03762654 -0.02057916 0.01905000
v 0.05208273 -0.02286516 0.01550136
v 0.05643984 -0.02286516 0.01676403
v 0.05643984 -0.02286084 0.01681365
v 0.05643984 -0.02284347 0.01701213
v 0.05643984 -0.02283477 0.01711137
v 0.05643984 -0.02283045 0.01716099
v 0.05643984 -0.02281755 0.01720911
v 0.05643984 -0.02276598 0.01740156
v 0.05643984 -0.02274018 0.01749777
v 0.05643984 -0.02272731 0.01754589
v 0.05643984 -0.02270625 0.01759104
v 0.05643984 -0.02266416 0.01768131
v 0.05643984 -0.02257995 0.01786188
v 0.05643984 -0.02255889 0.01790700
v 0.05643984 -0.02253033 0.01794783
v 0.05643984 -0.02247321 0.01802943
v 0.05643984 -0.02235891 0.01819263
v 0.05643984 -0.02233035 0.01823343
v 0.05643984 -0.02229513 0.01826865
v 0.05643984 -0.02222469 0.01833909
v 0.05643984 -0.02208381 0.01847997
v 0.05643984 -0.02204859 0.01851519
v 0.05643984 -0.02200779 0.01854378
v 0.05643984 -0.02192619 0.01860090
v 0.05643984 -0.02176296 0.01871520
v 0.05643984 -0.02172216 0.01874376
v 0.05643984 -0.02167704 0.01876482
v 0.05643984 -0.02149647 0.01884903
v 0.05643984 -0.02140617 0.01889112
v 0.05643984 -0.02136102 0.01891218
v 0.05643984 -0.02131293 0.01892505
v 0.05643984 -0.02121669 0.01895085
v 0.05643984 -0.02102424 0.01900242
v 0.05643984 -0.02097615 0.01901529
v 0.05643984 -0.02092653 0.01901964
v 0.05643984 -0.02082726 0.01902831
v 0.05643984 -0.02062878 0.01904568
v 0.05643984 -0.02057916 0.01905000
v 0.03729177 -0.01219716 0.01905000
v 0.05627244 -0.01638816 0.01905000
v 0.07543191 -0.02285109 0.00000003
v 0.07525311 -0.02286516 0.00000003
v 0.07561071 -0.02283702 0.00000003
v 0.07578513 -0.02279517 0.00000003
v 0.07595952 -0.02275329 0.00000003
v 0.07612524 -0.02268465 0.00000003
v 0.07629093 -0.02261601 0.00000003
v 0.07644387 -0.02252229 0.00000003
v 0.07659678 -0.02242860 0.00000003
v 0.07673316 -0.02231211 0.00000003
v 0.07686957 -0.02219562 0.00000003
v 0.06079692 -0.02286516 0.00711936
v 0.08605977 -0.01300539 0.00000003
v 0.08605977 -0.01300539 0.00838203
v 0.06079692 -0.02286516 0.01550136
v 0.06366792 -0.02286516 0.01613271
v 0.07525311 -0.02286516 0.01676403
v 0.07561071 -0.02283702 0.01676403
v 0.07595952 -0.02275329 0.01676403
v 0.07629093 -0.02261601 0.01676403
v 0.07525311 -0.02283045 0.01716099
v 0.07560528 -0.02280273 0.01716099
v 0.07594878 -0.02272026 0.01716099
v 0.07627515 -0.02258508 0.01716099
v 0.07659678 -0.02242860 0.01676403
v 0.07657635 -0.02240049 0.01716099
v 0.07686954 -0.02219562 0.01676403
v 0.07684500 -0.02217105 0.01716099
v 0.07525311 -0.02272731 0.01754589
v 0.07558914 -0.02270088 0.01754589
v 0.07591692 -0.02262216 0.01754589
v 0.07622835 -0.02249319 0.01754589
v 0.07651575 -0.02231706 0.01754589
v 0.07677207 -0.02209812 0.01754589
v 0.07525311 -0.02255889 0.01790703
v 0.07556280 -0.02253453 0.01790703
v 0.07586487 -0.02246202 0.01790703
v 0.07615188 -0.02234313 0.01790703
v 0.07641675 -0.02218080 0.01790703
v 0.07525311 -0.02233035 0.01823346
v 0.07552704 -0.02230878 0.01823346
v 0.07579425 -0.02224464 0.01823346
v 0.07665300 -0.02197905 0.01790703
v 0.07604811 -0.02213949 0.01823346
v 0.07628241 -0.02199591 0.01823346
v 0.07649136 -0.02181744 0.01823346
v 0.07525311 -0.02204859 0.01851522
v 0.07548297 -0.02203050 0.01851522
v 0.07570719 -0.02197665 0.01851522
v 0.07592019 -0.02188842 0.01851522
v 0.07543191 -0.02170809 0.01874376
v 0.07525311 -0.02172216 0.01874376
v 0.07560630 -0.02166624 0.01874376
v 0.07577202 -0.02159760 0.01874376
v 0.07611681 -0.02176797 0.01851522
v 0.07629213 -0.02161821 0.01851522
v 0.07592493 -0.02150388 0.01874376
v 0.07606134 -0.02138739 0.01874376
v 0.07537542 -0.02135142 0.01891218
v 0.07525311 -0.02136102 0.01891218
v 0.07549470 -0.02132277 0.01891218
v 0.07560807 -0.02127582 0.01891218
v 0.07571268 -0.02121171 0.01891218
v 0.07580595 -0.02113203 0.01891218
v 0.07531521 -0.02097123 0.01901532
v 0.07537578 -0.02095671 0.01901532
v 0.07525311 -0.02097615 0.01901532
v 0.07543332 -0.02093286 0.01901532
v 0.07553379 -0.02085987 0.01901532
v 0.07548642 -0.02090031 0.01901532
v 0.07525311 -0.02057916 0.01905000
v 0.08572200 -0.01266762 0.01815186
v 0.08568159 -0.01262721 0.01823346
v 0.08563179 -0.01257741 0.01830390
v 0.08553216 -0.01247778 0.01844478
v 0.08548236 -0.01242798 0.01851522
v 0.08542467 -0.01237026 0.01857234
v 0.08525154 -0.01219716 0.01874376
v 0.08530926 -0.01225488 0.01868664
v 0.08518770 -0.01213332 0.01878588
v 0.08506002 -0.01200564 0.01887009
v 0.08499618 -0.01194180 0.01891218
v 0.08492814 -0.01187376 0.01893795
v 0.08479206 -0.01173768 0.01898952
v 0.08472402 -0.01166964 0.01901532
v 0.08465385 -0.01159947 0.01902399
v 0.08451351 -0.01145913 0.01904133
v 0.08605977 -0.01300539 0.01676403
v 0.08605365 -0.01299927 0.01686327
v 0.08604135 -0.01298697 0.01706175
v 0.08603523 -0.01298085 0.01716102
v 0.08601699 -0.01296261 0.01725723
v 0.08598051 -0.01292613 0.01744968
v 0.08596230 -0.01290792 0.01754589
v 0.08593251 -0.01287813 0.01763619
v 0.08587299 -0.01281861 0.01781673
v 0.08584320 -0.01278882 0.01790703
v 0.08580282 -0.01274844 0.01798863
v 0.09525000 -0.00381516 0.00000003
v 0.06542799 -0.01010166 0.01905000
v 0.08444334 -0.01138893 0.01905000
v 0.07458354 -0.00381516 0.01905000
v 0.07498050 -0.00378045 0.01905000
v 0.07536540 -0.00367731 0.01905000
v 0.07572654 -0.00350892 0.01905000
v 0.07605297 -0.00328035 0.01905000
v 0.07633473 -0.00299859 0.01905000
v 0.09525000 -0.00381516 0.01676403
v 0.09523773 -0.00380289 0.01696251
v 0.09522543 -0.00379062 0.01716102
v 0.09518898 -0.00375414 0.01735344
v 0.09515253 -0.00371769 0.01754589
v 0.09509298 -0.00365814 0.01772646
v 0.09503343 -0.00359862 0.01790703
v 0.09495264 -0.00351780 0.01807023
v 0.09487182 -0.00343698 0.01823346
v 0.09477219 -0.00333738 0.01837434
v 0.09455718 -0.00312234 0.01862949
v 0.09444177 -0.00300696 0.01874376
v 0.09431409 -0.00287925 0.01882797
v 0.09467259 -0.00323775 0.01851522
v 0.09418641 -0.00275157 0.01891218
v 0.09405033 -0.00261549 0.01896375
v 0.09363354 -0.00219873 0.01905000
v 0.09391425 -0.00247941 0.01901532
v 0.09377391 -0.00233907 0.01903266
v 0.03729180 0.00456681 -0.01905000
v 0.05593767 0.00037581 -0.01905000
v 0.05560290 0.00875781 -0.01905000
v 0.02400498 0.01294881 -0.01905000
v 0.02400498 0.01334580 -0.01901526
v 0.02400498 0.01340828 -0.01899850
v 0.02400498 0.01347574 -0.01898044
v 0.02400498 0.01353330 -0.01896502
v 0.02400498 0.01360073 -0.01894693
v 0.02400498 0.01369696 -0.01892116
v 0.02400498 0.01373067 -0.01891212
v 0.02400498 0.01378932 -0.01888476
v 0.02400498 0.01385262 -0.01885526
v 0.02400498 0.01391589 -0.01882574
v 0.02400498 0.01409184 -0.01874370
v 0.02400498 0.01420204 -0.01866653
v 0.02400498 0.01425085 -0.01863236
v 0.02400498 0.01430804 -0.01859232
v 0.02400498 0.01441824 -0.01851515
v 0.02400498 0.01444293 -0.01849046
v 0.02400498 0.01455550 -0.01837790
v 0.02400498 0.01470000 -0.01823340
v 0.02400498 0.01492854 -0.01790700
v 0.02400498 0.01495590 -0.01784835
v 0.02400498 0.01498542 -0.01778507
v 0.02400498 0.01501492 -0.01772178
v 0.02400498 0.01504011 -0.01766778
v 0.02400498 0.01508220 -0.01757748
v 0.02400498 0.01509696 -0.01754583
v 0.02400498 0.01510600 -0.01751210
v 0.02400498 0.01511372 -0.01748333
v 0.02400498 0.01514720 -0.01735833
v 0.02400498 0.01516529 -0.01729090
v 0.02400498 0.01519106 -0.01719466
v 0.02400498 0.01520010 -0.01716095
v 0.02400498 0.01521790 -0.01695735
v 0.02400498 0.01522309 -0.01689799
v 0.02400498 0.01522919 -0.01682843
v 0.02400498 0.01523178 -0.01679875
v 0.02400498 0.01523481 -0.01676397
v 0.03695700 0.01294881 -0.01905000
v 0.03695700 0.01304805 -0.01904130
v 0.03695700 0.01324656 -0.01902393
v 0.03695700 0.01334580 -0.01901526
v 0.03695700 0.01344201 -0.01898946
v 0.03695700 0.01363446 -0.01893789
v 0.03695700 0.01373067 -0.01891212
v 0.03695700 0.01382097 -0.01887000
v 0.03695700 0.01400154 -0.01878582
v 0.03695700 0.01409184 -0.01874370
v 0.03695700 0.01417344 -0.01868655
v 0.03695700 0.01433664 -0.01857228
v 0.03695700 0.01441824 -0.01851513
v 0.03695700 0.01448868 -0.01844469
v 0.03695700 0.01462956 -0.01830384
v 0.03695700 0.01470000 -0.01823340
v 0.03695700 0.01475715 -0.01815180
v 0.03695700 0.01487142 -0.01798860
v 0.03695700 0.01492854 -0.01790700
v 0.03695700 0.01497066 -0.01781670
v 0.03695700 0.01505487 -0.01763613
v 0.03695700 0.01509696 -0.01754583
v 0.03695700 0.01512276 -0.01744962
v 0.03695700 0.01517433 -0.01725717
v 0.03695700 0.01520010 -0.01716093
v 0.03695700 0.01520877 -0.01706169
v 0.03695700 0.01522614 -0.01686321
v 0.03695700 0.01523481 -0.01676397
v 0.05543550 0.01294881 -0.01905000
v 0.05543550 0.01299843 -0.01904565
v 0.05543550 0.01319694 -0.01902828
v 0.05543550 0.01329618 -0.01901958
v 0.05543550 0.01334580 -0.01901523
v 0.05543550 0.01339389 -0.01900236
v 0.05543550 0.01358634 -0.01895079
v 0.05543550 0.01368258 -0.01892499
v 0.05543550 0.01373067 -0.01891212
v 0.05543550 0.01377582 -0.01889106
v 0.05543550 0.01386612 -0.01884894
v 0.05543550 0.01404669 -0.01876476
v 0.05543550 0.01409184 -0.01874370
v 0.05543550 0.01413264 -0.01871514
v 0.05543550 0.01429584 -0.01860084
v 0.05543550 0.01437744 -0.01854372
v 0.05543550 0.01441824 -0.01851513
v 0.05543550 0.01445346 -0.01847991
v 0.05543550 0.01459434 -0.01833903
v 0.05543550 0.01466478 -0.01826859
v 0.05543550 0.01470000 -0.01823337
v 0.05543550 0.01472859 -0.01819257
v 0.05543550 0.01484286 -0.01802940
v 0.05543550 0.01489998 -0.01794780
v 0.05543550 0.01492854 -0.01790700
v 0.05543550 0.01494960 -0.01786185
v 0.05543550 0.01499172 -0.01777155
v 0.05543550 0.01507590 -0.01759098
v 0.05543550 0.01509696 -0.01754583
v 0.05543550 0.01510986 -0.01749771
v 0.05543550 0.01516143 -0.01730526
v 0.05543550 0.01518720 -0.01720905
v 0.05543550 0.01520010 -0.01716093
v 0.05543550 0.01520445 -0.01711131
v 0.05543550 0.01521312 -0.01701207
v 0.05543550 0.01523049 -0.01681359
v 0.05543550 0.01523481 -0.01676397
v 0.05144439 0.01523481 -0.01513533
v 0.02897475 0.01523481 -0.01350672
v 0.03045189 0.01523481 -0.01187811
v 0.04493925 0.01523481 -0.01350672
v 0.03045189 0.01523481 -0.00349611
v 0.08524320 0.00590988 -0.01904997
v 0.10422366 0.00559161 -0.01790697
v 0.10418328 0.00563202 -0.01798857
v 0.10431297 0.00550230 -0.01763610
v 0.10425345 0.00556185 -0.01781670
v 0.10434276 0.00547254 -0.01754580
v 0.10436097 0.00545430 -0.01744959
v 0.10439745 0.00541785 -0.01725714
v 0.10441569 0.00539961 -0.01716093
v 0.10442181 0.00539346 -0.01706166
v 0.10443408 0.00538119 -0.01686318
v 0.10444023 0.00537504 -0.01676394
v 0.10356816 0.00624711 -0.01878579
v 0.10344048 0.00637479 -0.01887000
v 0.10330860 0.00650667 -0.01893789
v 0.10337664 0.00643863 -0.01891209
v 0.10310448 0.00671079 -0.01901523
v 0.10303431 0.00678099 -0.01902390
v 0.10317252 0.00664275 -0.01898943
v 0.10289397 0.00692133 -0.01904130
v 0.10282380 0.00699150 -0.01904997
v 0.10386282 0.00595248 -0.01851513
v 0.10380510 0.00601017 -0.01857225
v 0.10368972 0.00612558 -0.01868655
v 0.10363200 0.00618327 -0.01874367
v 0.10401225 0.00580305 -0.01830381
v 0.10406205 0.00575322 -0.01823337
v 0.10391262 0.00590265 -0.01844469
v 0.10410246 0.00571284 -0.01815177
v 0.10444023 0.00537504 -0.00838194
v 0.05942664 0.01523481 -0.01513533
v 0.07391400 0.01294881 -0.01904997
v 0.07470792 0.01301829 -0.01904997
v 0.07391400 0.01334580 -0.01901523
v 0.07463898 0.01340922 -0.01901523
v 0.07391400 0.01373067 -0.01891209
v 0.07457217 0.01378827 -0.01891209
v 0.07391400 0.01409184 -0.01874370
v 0.07450944 0.01414392 -0.01874370
v 0.07547772 0.01322454 -0.01904997
v 0.07620000 0.01356135 -0.01904997
v 0.07534197 0.01359759 -0.01901523
v 0.07600152 0.01390512 -0.01901523
v 0.07521030 0.01395927 -0.01891209
v 0.07580907 0.01423848 -0.01891209
v 0.07685283 0.01401846 -0.01904997
v 0.07391400 0.01441824 -0.01851513
v 0.07445277 0.01446537 -0.01851513
v 0.07497516 0.01460535 -0.01851513
v 0.07391400 0.01470000 -0.01823337
v 0.07440384 0.01474287 -0.01823337
v 0.07487880 0.01487013 -0.01823337
v 0.07391400 0.01492854 -0.01790700
v 0.07436415 0.01496793 -0.01790700
v 0.07480062 0.01508490 -0.01790700
v 0.07659768 0.01432257 -0.01901523
v 0.07635027 0.01461741 -0.01891209
v 0.07508679 0.01429863 -0.01874370
v 0.07562850 0.01455123 -0.01874370
v 0.07546530 0.01483392 -0.01851513
v 0.07611813 0.01489407 -0.01874370
v 0.07741635 0.01458201 -0.01904997
v 0.07711227 0.01483716 -0.01901523
v 0.07590831 0.01514412 -0.01851513
v 0.07654077 0.01531671 -0.01874370
v 0.07629072 0.01552653 -0.01851513
v 0.07681743 0.01508457 -0.01891209
v 0.07787349 0.01523481 -0.01904997
v 0.07752969 0.01543332 -0.01901523
v 0.07719636 0.01562574 -0.01891209
v 0.07532442 0.01507791 -0.01823337
v 0.07521015 0.01527585 -0.01790700
v 0.07572720 0.01535994 -0.01823337
v 0.07607487 0.01570764 -0.01823337
v 0.07558029 0.01553505 -0.01790700
v 0.07391400 0.01509696 -0.01754583
v 0.07433490 0.01513380 -0.01754583
v 0.07474302 0.01524315 -0.01754583
v 0.07391400 0.01520010 -0.01716093
v 0.07431699 0.01523535 -0.01716093
v 0.07470774 0.01534005 -0.01716093
v 0.07391400 0.01523481 -0.01676397
v 0.07431096 0.01526955 -0.01676397
v 0.07469586 0.01537269 -0.01676397
v 0.07512594 0.01542171 -0.01754580
v 0.07547205 0.01566405 -0.01754580
v 0.07507437 0.01551102 -0.01716093
v 0.07505700 0.01554108 -0.01676397
v 0.07660092 0.01596954 -0.01851513
v 0.07821027 0.01595709 -0.01904997
v 0.07688361 0.01580634 -0.01874370
v 0.07747557 0.01622454 -0.01891209
v 0.07783725 0.01609287 -0.01901523
v 0.07713621 0.01634802 -0.01874370
v 0.07589979 0.01585455 -0.01790700
v 0.07635690 0.01611042 -0.01823337
v 0.07615899 0.01622469 -0.01790700
v 0.07841655 0.01672689 -0.01904997
v 0.07682949 0.01645968 -0.01851513
v 0.07764657 0.01686267 -0.01891209
v 0.07802562 0.01679583 -0.01901523
v 0.07729092 0.01692540 -0.01874370
v 0.07696947 0.01698207 -0.01851513
v 0.07656471 0.01655604 -0.01823337
v 0.07634994 0.01663422 -0.01790700
v 0.07669197 0.01703100 -0.01823337
v 0.07646688 0.01707069 -0.01790700
v 0.07577079 0.01596279 -0.01754580
v 0.07601313 0.01630890 -0.01754580
v 0.07540575 0.01574304 -0.01716093
v 0.07569180 0.01602909 -0.01716093
v 0.07538343 0.01576965 -0.01676397
v 0.07566519 0.01605141 -0.01676397
v 0.07592382 0.01636047 -0.01716093
v 0.07589376 0.01637784 -0.01676394
v 0.07619169 0.01669182 -0.01754580
v 0.07630104 0.01709994 -0.01754580
v 0.07609479 0.01672707 -0.01716093
v 0.07606215 0.01673895 -0.01676394
v 0.07619949 0.01711782 -0.01716093
v 0.07616529 0.01712388 -0.01676394
v 0.07808904 0.01752081 -0.01901523
v 0.07770414 0.01752081 -0.01891209
v 0.07848600 0.01752081 -0.01904997
v 0.07734300 0.01752081 -0.01874370
v 0.07701660 0.01752081 -0.01851513
v 0.07673484 0.01752081 -0.01823337
v 0.07650627 0.01752081 -0.01790700
v 0.07633788 0.01752081 -0.01754580
v 0.07623474 0.01752081 -0.01716093
v 0.07620000 0.01752081 -0.01676394
v 0.07808904 0.02056881 -0.01901523
v 0.07770414 0.02056881 -0.01891209
v 0.07848600 0.02056881 -0.01904997
v 0.07734300 0.02056881 -0.01874370
v 0.07701660 0.02056881 -0.01851513
v 0.07673484 0.02056881 -0.01823337
v 0.07650627 0.02056881 -0.01790700
v 0.07809507 0.02096580 -0.01898103
v 0.07848600 0.02096580 -0.01901523
v 0.07771602 0.02096580 -0.01887945
v 0.07736037 0.02096580 -0.01871361
v 0.07703892 0.02096580 -0.01848852
v 0.07848600 0.02135067 -0.01891209
v 0.07811298 0.02135067 -0.01887945
v 0.07775130 0.02135067 -0.01878255
v 0.07741194 0.02135067 -0.01862430
v 0.07676142 0.02096580 -0.01821105
v 0.07653636 0.02096580 -0.01788960
v 0.07710522 0.02135067 -0.01840953
v 0.07684044 0.02135067 -0.01814475
v 0.07633788 0.02056881 -0.01754580
v 0.07623474 0.02056881 -0.01716093
v 0.07620000 0.02056881 -0.01676394
v 0.07637052 0.02096580 -0.01753395
v 0.07662567 0.02135067 -0.01783806
v 0.07646742 0.02135067 -0.01749867
v 0.07626894 0.02096580 -0.01715487
v 0.07623474 0.02096580 -0.01676394
v 0.07637052 0.02135067 -0.01713699
v 0.07633788 0.02135067 -0.01676394
v 0.07749615 0.02171184 -0.01847847
v 0.07780890 0.02171184 -0.01862430
v 0.07814223 0.02171184 -0.01871361
v 0.07848600 0.02171184 -0.01874370
v 0.07818192 0.02203824 -0.01848852
v 0.07848600 0.02203824 -0.01851513
v 0.07721346 0.02171184 -0.01828053
v 0.07696944 0.02171184 -0.01803654
v 0.07761042 0.02203824 -0.01828053
v 0.07788708 0.02203824 -0.01840953
v 0.07736037 0.02203824 -0.01810542
v 0.07714452 0.02203824 -0.01788960
v 0.07848600 0.02232000 -0.01823337
v 0.07823085 0.02232000 -0.01821105
v 0.07754148 0.02232000 -0.01788960
v 0.07798344 0.02232000 -0.01814475
v 0.07775130 0.02232000 -0.01803654
v 0.07828752 0.02254857 -0.01788960
v 0.07848600 0.02254857 -0.01790700
v 0.07677150 0.02171184 -0.01775382
v 0.07662567 0.02171184 -0.01744107
v 0.07696944 0.02203824 -0.01763955
v 0.07684044 0.02203824 -0.01736289
v 0.07653636 0.02171184 -0.01710774
v 0.07650627 0.02171184 -0.01676394
v 0.07676142 0.02203824 -0.01706805
v 0.07673484 0.02203824 -0.01676394
v 0.07736037 0.02232000 -0.01770849
v 0.07721346 0.02232000 -0.01749867
v 0.07710522 0.02232000 -0.01726653
v 0.07809507 0.02254857 -0.01783806
v 0.07791450 0.02254857 -0.01775382
v 0.07775130 0.02254857 -0.01763955
v 0.07761042 0.02254857 -0.01749867
v 0.07749615 0.02254857 -0.01733547
v 0.07809507 0.02271696 -0.01744107
v 0.07835025 0.02271696 -0.01753395
v 0.07821861 0.02271696 -0.01749867
v 0.07848600 0.02271696 -0.01754580
v 0.07798344 0.02271696 -0.01736289
v 0.07788708 0.02271696 -0.01726653
v 0.07703892 0.02232000 -0.01701912
v 0.07701660 0.02232000 -0.01676394
v 0.07741194 0.02254857 -0.01715487
v 0.07780890 0.02271696 -0.01715487
v 0.07835025 0.02282010 -0.01713699
v 0.07848600 0.02282010 -0.01716093
v 0.07841709 0.02282010 -0.01715487
v 0.07775130 0.02271696 -0.01703139
v 0.07828752 0.02282010 -0.01710774
v 0.07823085 0.02282010 -0.01706805
v 0.07818192 0.02282010 -0.01701912
v 0.07736037 0.02254857 -0.01696245
v 0.07734300 0.02254857 -0.01676394
v 0.07771602 0.02271696 -0.01689972
v 0.07811298 0.02282010 -0.01689972
v 0.07809507 0.02282010 -0.01683288
v 0.07814223 0.02282010 -0.01696245
v 0.07770414 0.02271696 -0.01676394
v 0.07808904 0.02282010 -0.01676394
v 0.07848600 0.02285481 -0.01676394
v 0.09443343 0.01510011 -0.01904997
v 0.09471519 0.01538187 -0.01904997
v 0.09494373 0.01570827 -0.01904997
v 0.09511215 0.01606941 -0.01904997
v 0.09521529 0.01645431 -0.01904997
v 0.09525000 0.01685127 -0.01904997
v 0.11325228 0.01494345 -0.01823337
v 0.11341389 0.01478184 -0.01790697
v 0.11305305 0.01514271 -0.01851513
v 0.11320278 0.01531803 -0.01851513
v 0.11256687 0.01562886 -0.01891209
v 0.11282223 0.01537350 -0.01874367
v 0.11293872 0.01550988 -0.01874367
v 0.11332326 0.01551462 -0.01851513
v 0.11303244 0.01566282 -0.01874367
v 0.11343075 0.01515240 -0.01823337
v 0.11361564 0.01501806 -0.01790697
v 0.11377797 0.01528293 -0.01790697
v 0.11357433 0.01538670 -0.01823337
v 0.11367948 0.01564059 -0.01823337
v 0.11389686 0.01556994 -0.01790697
v 0.11353299 0.01466274 -0.01754580
v 0.11375190 0.01491909 -0.01754580
v 0.11360589 0.01458984 -0.01716090
v 0.11363046 0.01456527 -0.01676394
v 0.11383533 0.01485846 -0.01716090
v 0.11386341 0.01483806 -0.01676394
v 0.11392800 0.01520649 -0.01754580
v 0.11405700 0.01551789 -0.01754580
v 0.11401992 0.01515966 -0.01716090
v 0.11405085 0.01514388 -0.01676394
v 0.11415510 0.01548603 -0.01716090
v 0.11418813 0.01547532 -0.01676394
v 0.11229471 0.01590102 -0.01901523
v 0.11233515 0.01594839 -0.01901523
v 0.11236770 0.01600152 -0.01901523
v 0.11239155 0.01605906 -0.01901523
v 0.11201400 0.01618173 -0.01904997
v 0.11240607 0.01611963 -0.01901523
v 0.11241096 0.01618173 -0.01901523
v 0.11264655 0.01572216 -0.01891209
v 0.11271063 0.01582674 -0.01891209
v 0.11275758 0.01594011 -0.01891209
v 0.11278623 0.01605942 -0.01891209
v 0.11310105 0.01582851 -0.01874367
v 0.11314293 0.01600293 -0.01874367
v 0.11341152 0.01572765 -0.01851513
v 0.11346534 0.01595187 -0.01851513
v 0.11279586 0.01618173 -0.01891209
v 0.11315700 0.01618173 -0.01874367
v 0.11348343 0.01618173 -0.01851513
v 0.11374362 0.01590777 -0.01823337
v 0.11396937 0.01587204 -0.01790697
v 0.11376519 0.01618173 -0.01823337
v 0.11399376 0.01618173 -0.01790697
v 0.11413569 0.01584567 -0.01754580
v 0.11416215 0.01618173 -0.01754580
v 0.11423757 0.01582956 -0.01716090
v 0.11427186 0.01582410 -0.01676394
v 0.11426529 0.01618173 -0.01716090
v 0.11430000 0.01618173 -0.01676394
v 0.09525000 0.01904481 -0.01904997
v 0.09525000 0.02056881 -0.01904997
v 0.09525000 0.02076732 -0.01903260
v 0.09525000 0.02096580 -0.01901523
v 0.09525000 0.02115825 -0.01896366
v 0.09525000 0.02135067 -0.01891209
v 0.09525000 0.02153127 -0.01882788
v 0.09525000 0.02171184 -0.01874367
v 0.09525000 0.02187504 -0.01862940
v 0.09525000 0.02203824 -0.01851513
v 0.09525000 0.02217912 -0.01837425
v 0.09525000 0.02232000 -0.01823337
v 0.09525000 0.02243427 -0.01807017
v 0.09525000 0.02254857 -0.01790697
v 0.09525000 0.02263275 -0.01772640
v 0.09525000 0.02271696 -0.01754580
v 0.09525000 0.02276853 -0.01735335
v 0.09525000 0.02282010 -0.01716093
v 0.09525000 0.02283747 -0.01696242
v 0.09525000 0.02285481 -0.01676394
v 0.11201400 0.02056881 -0.01904997
v 0.11241096 0.02056881 -0.01901523
v 0.11279586 0.02056881 -0.01891209
v 0.11315700 0.02056881 -0.01874367
v 0.11348343 0.02056881 -0.01851513
v 0.11376519 0.02056881 -0.01823337
v 0.11399376 0.02056881 -0.01790697
v 0.11201400 0.02096580 -0.01901523
v 0.11241096 0.02095974 -0.01898103
v 0.11201400 0.02135067 -0.01891209
v 0.11241096 0.02133879 -0.01887945
v 0.11279586 0.02094186 -0.01887945
v 0.11315700 0.02091261 -0.01871361
v 0.11348343 0.02087292 -0.01848852
v 0.11279586 0.02130354 -0.01878255
v 0.11315700 0.02124594 -0.01862430
v 0.11376519 0.02082399 -0.01821102
v 0.11399376 0.02076732 -0.01788957
v 0.11348343 0.02116776 -0.01840950
v 0.11376519 0.02107140 -0.01814475
v 0.11376519 0.02130354 -0.01803651
v 0.11416215 0.02056881 -0.01754580
v 0.11416215 0.02070459 -0.01753395
v 0.11426529 0.02056881 -0.01716090
v 0.11426529 0.02063775 -0.01715487
v 0.11426529 0.02070459 -0.01713696
v 0.11430000 0.02056881 -0.01676394
v 0.11399376 0.02095974 -0.01783803
v 0.11416215 0.02083626 -0.01749864
v 0.11416215 0.02095974 -0.01744107
v 0.11399376 0.02114034 -0.01775382
v 0.11399376 0.02130354 -0.01763955
v 0.11416215 0.02107140 -0.01736289
v 0.11416215 0.02116776 -0.01726653
v 0.11426529 0.02076732 -0.01710771
v 0.11426529 0.02082399 -0.01706802
v 0.11426529 0.02087292 -0.01701909
v 0.11426529 0.02091261 -0.01696242
v 0.11426529 0.02094186 -0.01689972
v 0.11426529 0.02095974 -0.01683288
v 0.11426529 0.02096580 -0.01676394
v 0.11416215 0.02124594 -0.01715487
v 0.11416215 0.02130354 -0.01703136
v 0.11416215 0.02133879 -0.01689972
v 0.11416215 0.02135067 -0.01676394
v 0.11201400 0.02171184 -0.01874367
v 0.11241096 0.02169447 -0.01871361
v 0.11201400 0.02203824 -0.01851513
v 0.11241096 0.02201592 -0.01848852
v 0.11315700 0.02155869 -0.01847844
v 0.11279586 0.02164290 -0.01862430
v 0.11348343 0.02144442 -0.01828050
v 0.11376519 0.02151336 -0.01788957
v 0.11348343 0.02169447 -0.01810542
v 0.11279586 0.02194962 -0.01840950
v 0.11315700 0.02184138 -0.01828050
v 0.11315700 0.02208540 -0.01803651
v 0.11348343 0.02191029 -0.01788957
v 0.11241096 0.02229339 -0.01821102
v 0.11201400 0.02232000 -0.01823337
v 0.11201400 0.02254857 -0.01790697
v 0.11241096 0.02251848 -0.01788957
v 0.11279586 0.02221440 -0.01814475
v 0.11376519 0.02169447 -0.01770849
v 0.11399376 0.02144442 -0.01749864
v 0.11399376 0.02155869 -0.01733547
v 0.11348343 0.02208540 -0.01763955
v 0.11376519 0.02184138 -0.01749864
v 0.11376519 0.02194962 -0.01726653
v 0.11399376 0.02164290 -0.01715487
v 0.11399376 0.02169447 -0.01696242
v 0.11399376 0.02171184 -0.01676394
v 0.11376519 0.02201592 -0.01701909
v 0.11376519 0.02203824 -0.01676394
v 0.11201400 0.02271696 -0.01754580
v 0.11241096 0.02268432 -0.01753395
v 0.11315700 0.02228334 -0.01775382
v 0.11279586 0.02242917 -0.01783803
v 0.11315700 0.02242917 -0.01744107
v 0.11348343 0.02221440 -0.01736289
v 0.11279586 0.02258742 -0.01749864
v 0.11201400 0.02282010 -0.01716093
v 0.11241096 0.02278590 -0.01715487
v 0.11201400 0.02285481 -0.01676394
v 0.11241096 0.02282010 -0.01676394
v 0.11348343 0.02229339 -0.01706802
v 0.11348343 0.02232000 -0.01676394
v 0.11315700 0.02251848 -0.01710771
v 0.11279586 0.02268432 -0.01713696
v 0.11315700 0.02254857 -0.01676394
v 0.11279586 0.02271696 -0.01676394
v 0.05942664 0.01523481 -0.00675333
v 0.08686800 0.02285481 -0.00838194
v 0.10363200 0.02285481 -0.00838194
v 0.03662223 0.00456681 0.01905000
v 0.05560290 0.00037581 0.01905000
v 0.05526810 0.00875781 0.01905000
v 0.04493925 0.01523481 0.00325728
v 0.03045189 0.01523481 0.00675339
v 0.02400498 0.01523481 0.01274469
v 0.02400498 0.01294881 0.01905000
v 0.02400498 0.01314220 0.01903309
v 0.02400498 0.01331102 0.01901834
v 0.02400498 0.01337951 0.01900625
v 0.02400498 0.01334580 0.01901529
v 0.02400498 0.01347574 0.01898048
v 0.02400498 0.01373067 0.01891215
v 0.02400498 0.01378932 0.01888482
v 0.02400498 0.01376232 0.01889741
v 0.02400498 0.01385262 0.01885530
v 0.02400498 0.01409184 0.01874376
v 0.02400498 0.01406019 0.01875850
v 0.02400498 0.01498542 0.01778508
v 0.02400498 0.01495590 0.01784836
v 0.02400498 0.01523481 0.01676401
v 0.02400498 0.01523178 0.01679879
v 0.02400498 0.01521182 0.01702697
v 0.02400498 0.01520315 0.01712621
v 0.02400498 0.01520010 0.01716099
v 0.02400498 0.01519106 0.01719470
v 0.02400498 0.01516529 0.01729093
v 0.02400498 0.01514720 0.01735836
v 0.02400498 0.01511372 0.01748338
v 0.02400498 0.01513178 0.01741592
v 0.02400498 0.01510600 0.01751216
v 0.02400498 0.01509696 0.01754587
v 0.02400498 0.01504011 0.01766781
v 0.02400498 0.01481134 0.01807442
v 0.02400498 0.01489144 0.01796001
v 0.02400498 0.01492854 0.01790700
v 0.02400498 0.01470000 0.01823343
v 0.02400498 0.01441824 0.01851519
v 0.03045189 0.01523481 0.01187814
v 0.04493925 0.01523481 0.01350678
v 0.03695700 0.01294881 0.01905000
v 0.03695700 0.01304805 0.01904133
v 0.03695700 0.01324656 0.01902396
v 0.03695700 0.01334580 0.01901529
v 0.03695700 0.01344201 0.01898952
v 0.03695700 0.01363446 0.01893795
v 0.03695700 0.01373067 0.01891215
v 0.03695700 0.01382097 0.01887006
v 0.03695700 0.01409184 0.01874376
v 0.03695700 0.01417344 0.01868661
v 0.03695700 0.01400154 0.01878585
v 0.03695700 0.01497066 0.01781673
v 0.03695700 0.01523481 0.01676403
v 0.03695700 0.01522614 0.01686327
v 0.03695700 0.01517433 0.01725720
v 0.03695700 0.01520877 0.01706175
v 0.03695700 0.01520010 0.01716099
v 0.03695700 0.01512276 0.01744965
v 0.03695700 0.01509696 0.01754589
v 0.03695700 0.01505487 0.01763616
v 0.03695700 0.01462956 0.01830387
v 0.03695700 0.01448868 0.01844475
v 0.03695700 0.01475715 0.01815183
v 0.03695700 0.01487142 0.01798863
v 0.03695700 0.01492854 0.01790700
v 0.03695700 0.01470000 0.01823343
v 0.03695700 0.01433664 0.01857234
v 0.03695700 0.01441824 0.01851519
v 0.05543550 0.01294881 0.01905000
v 0.05543550 0.01299843 0.01904568
v 0.05543550 0.01319694 0.01902831
v 0.05543550 0.01329618 0.01901964
v 0.05543550 0.01334580 0.01901529
v 0.05543550 0.01339389 0.01900242
v 0.05543550 0.01358634 0.01895085
v 0.05543550 0.01368258 0.01892505
v 0.05543550 0.01373067 0.01891218
v 0.05543550 0.01377582 0.01889112
v 0.05543550 0.01386612 0.01884903
v 0.05543550 0.01409184 0.01874376
v 0.05543550 0.01413264 0.01871520
v 0.05543550 0.01404669 0.01876482
v 0.05543550 0.01523481 0.01676403
v 0.05543550 0.01523049 0.01681365
v 0.05543550 0.01521312 0.01701213
v 0.05543550 0.01520445 0.01711137
v 0.05543550 0.01520010 0.01716099
v 0.05543550 0.01518720 0.01720911
v 0.05543550 0.01516143 0.01730532
v 0.05543550 0.01510986 0.01749777
v 0.05543550 0.01509696 0.01754589
v 0.05543550 0.01507590 0.01759104
v 0.05543550 0.01503381 0.01768131
v 0.05543550 0.01459434 0.01833909
v 0.05543550 0.01489998 0.01794783
v 0.05543550 0.01494960 0.01786188
v 0.05543550 0.01492854 0.01790700
v 0.05543550 0.01484286 0.01802943
v 0.05543550 0.01472859 0.01819263
v 0.05543550 0.01466478 0.01826865
v 0.05543550 0.01470000 0.01823343
v 0.05543550 0.01429584 0.01860090
v 0.05543550 0.01445346 0.01847997
v 0.05543550 0.01441824 0.01851519
v 0.05543550 0.01437744 0.01854378
v 0.10444023 0.00537504 0.00000006
v 0.10444023 0.00537504 0.00838203
v 0.08552496 0.00619164 0.01905000
v 0.10444023 0.00537504 0.01676403
v 0.10443408 0.00538119 0.01686327
v 0.10442181 0.00539346 0.01706178
v 0.10441566 0.00539961 0.01716102
v 0.10439742 0.00541785 0.01725723
v 0.10436097 0.00545430 0.01744968
v 0.10434273 0.00547254 0.01754589
v 0.10431297 0.00550230 0.01763619
v 0.10425342 0.00556185 0.01781676
v 0.10422366 0.00559161 0.01790703
v 0.10418325 0.00563202 0.01798863
v 0.10356816 0.00624711 0.01878588
v 0.10344048 0.00637479 0.01887009
v 0.10330860 0.00650667 0.01893798
v 0.10337664 0.00643863 0.01891218
v 0.10310448 0.00671079 0.01901532
v 0.10303428 0.00678099 0.01902399
v 0.10317252 0.00664275 0.01898955
v 0.10289394 0.00692133 0.01904133
v 0.10282377 0.00699150 0.01905003
v 0.10410246 0.00571284 0.01815186
v 0.10401225 0.00580305 0.01830390
v 0.10406205 0.00575322 0.01823346
v 0.10391262 0.00590265 0.01844478
v 0.10386279 0.00595248 0.01851522
v 0.10380510 0.00601017 0.01857234
v 0.10368969 0.00612558 0.01868664
v 0.10363200 0.00618327 0.01874379
v 0.07391400 0.01523481 0.00000003
v 0.07411248 0.01525218 0.00000003
v 0.07431096 0.01526955 0.00000003
v 0.07450341 0.01532112 0.00000003
v 0.07469586 0.01537269 0.00000003
v 0.07487643 0.01545690 0.00000003
v 0.07505700 0.01554108 0.00000003
v 0.07522020 0.01565538 0.00000003
v 0.07538343 0.01576965 0.00000003
v 0.07552431 0.01591053 0.00000003
v 0.07566519 0.01605141 0.00000003
v 0.07577946 0.01621464 0.00000003
v 0.07589373 0.01637784 0.00000003
v 0.07597794 0.01655841 0.00000003
v 0.07606215 0.01673895 0.00000003
v 0.07611372 0.01693143 0.00000003
v 0.07616526 0.01712388 0.00000003
v 0.06667032 0.01523481 0.00500535
v 0.07618263 0.01732236 0.00000003
v 0.07620000 0.01752081 0.00000003
v 0.07620000 0.01904481 0.00000003
v 0.07620000 0.02056881 0.00000003
v 0.07621737 0.02076732 0.00000003
v 0.07623474 0.02096580 0.00000003
v 0.07628631 0.02115825 0.00000003
v 0.07633788 0.02135067 0.00000003
v 0.07642206 0.02153127 0.00000003
v 0.07650627 0.02171184 0.00000003
v 0.07662054 0.02187504 0.00000003
v 0.07673481 0.02203824 0.00000003
v 0.07687572 0.02217912 0.00000003
v 0.07701660 0.02232000 0.00000003
v 0.07717980 0.02243427 0.00000003
v 0.07734300 0.02254857 0.00000003
v 0.07752357 0.02263275 0.00000003
v 0.07770414 0.02271696 0.00000003
v 0.07789659 0.02276853 0.00000003
v 0.07808904 0.02282010 0.00000003
v 0.07828752 0.02283747 0.00000003
v 0.07848600 0.02285481 0.00000003
v 0.11363046 0.01456527 0.00000006
v 0.11374692 0.01470165 0.00000006
v 0.11386341 0.01483806 0.00000006
v 0.11395713 0.01499097 0.00000006
v 0.11405085 0.01514388 0.00000006
v 0.11411949 0.01530960 0.00000006
v 0.11418813 0.01547532 0.00000006
v 0.11422998 0.01564971 0.00000006
v 0.11427186 0.01582410 0.00000006
v 0.11428593 0.01600290 0.00000006
v 0.11430000 0.01618173 0.00000006
v 0.09525000 0.02285481 0.00000003
v 0.11430000 0.01837527 0.00000006
v 0.11430000 0.02056881 0.00000006
v 0.11428263 0.02076732 0.00000006
v 0.11426526 0.02096580 0.00000006
v 0.11421372 0.02115825 0.00000006
v 0.11416215 0.02135067 0.00000006
v 0.11407794 0.02153127 0.00000006
v 0.11399373 0.02171184 0.00000006
v 0.11387946 0.02187504 0.00000006
v 0.11376519 0.02203824 0.00000006
v 0.11201400 0.02285481 0.00000006
v 0.11221248 0.02283747 0.00000006
v 0.11241096 0.02282010 0.00000006
v 0.11332020 0.02243427 0.00000006
v 0.11362431 0.02217912 0.00000006
v 0.11348343 0.02232000 0.00000006
v 0.11315700 0.02254857 0.00000006
v 0.11297643 0.02263275 0.00000006
v 0.11279586 0.02271696 0.00000006
v 0.11260341 0.02276853 0.00000006
v 0.08686800 0.02285481 0.00838203
v 0.10363200 0.02285481 0.00838203
v 0.05942664 0.01523481 0.01001064
v 0.05942664 0.01523481 0.01513539
v 0.07391400 0.01294881 0.01905000
v 0.07470792 0.01301829 0.01905000
v 0.07391400 0.01334580 0.01901532
v 0.07463898 0.01340922 0.01901532
v 0.07391400 0.01373067 0.01891218
v 0.07457214 0.01378827 0.01891218
v 0.07391400 0.01409184 0.01874376
v 0.07450944 0.01414392 0.01874376
v 0.07547772 0.01322454 0.01905000
v 0.07620000 0.01356135 0.01905000
v 0.07534194 0.01359759 0.01901532
v 0.07600152 0.01390512 0.01901532
v 0.07521030 0.01395927 0.01891218
v 0.07580907 0.01423848 0.01891218
v 0.07685283 0.01401846 0.01905000
v 0.07391400 0.01523481 0.01676403
v 0.07431096 0.01526955 0.01676403
v 0.07391400 0.01520010 0.01716099
v 0.07431699 0.01523535 0.01716099
v 0.07470774 0.01534005 0.01716099
v 0.07469586 0.01537269 0.01676403
v 0.07391400 0.01509696 0.01754589
v 0.07433490 0.01513380 0.01754589
v 0.07474302 0.01524315 0.01754589
v 0.07505700 0.01554108 0.01676403
v 0.07507437 0.01551102 0.01716099
v 0.07512594 0.01542171 0.01754589
v 0.07547202 0.01566405 0.01754589
v 0.07391400 0.01492854 0.01790703
v 0.07436415 0.01496793 0.01790703
v 0.07391400 0.01470000 0.01823346
v 0.07440384 0.01474287 0.01823346
v 0.07487877 0.01487013 0.01823346
v 0.07391400 0.01441824 0.01851519
v 0.07445277 0.01446537 0.01851519
v 0.07497513 0.01460535 0.01851522
v 0.07480059 0.01508490 0.01790703
v 0.07508679 0.01429863 0.01874376
v 0.07562850 0.01455123 0.01874376
v 0.07659765 0.01432257 0.01901532
v 0.07635027 0.01461741 0.01891218
v 0.07546530 0.01483392 0.01851522
v 0.07611810 0.01489407 0.01874376
v 0.07741635 0.01458201 0.01905000
v 0.07711227 0.01483716 0.01901532
v 0.07521012 0.01527585 0.01790703
v 0.07532442 0.01507791 0.01823346
v 0.07558026 0.01553505 0.01790703
v 0.07572717 0.01535994 0.01823346
v 0.07607487 0.01570764 0.01823346
v 0.07590831 0.01514412 0.01851522
v 0.07654077 0.01531671 0.01874376
v 0.07629072 0.01552653 0.01851522
v 0.07681740 0.01508457 0.01891218
v 0.07787346 0.01523481 0.01905000
v 0.07752969 0.01543332 0.01901532
v 0.07719636 0.01562574 0.01891218
v 0.07538340 0.01576965 0.01676403
v 0.07566516 0.01605141 0.01676403
v 0.07540572 0.01574304 0.01716099
v 0.07569177 0.01602909 0.01716099
v 0.07589373 0.01637784 0.01676403
v 0.07592382 0.01636047 0.01716099
v 0.07577079 0.01596279 0.01754589
v 0.07601313 0.01630890 0.01754589
v 0.07606215 0.01673895 0.01676403
v 0.07609476 0.01672707 0.01716099
v 0.07616526 0.01712388 0.01676403
v 0.07619946 0.01711782 0.01716099
v 0.07619169 0.01669182 0.01754589
v 0.07630104 0.01709994 0.01754589
v 0.07589979 0.01585455 0.01790703
v 0.07615896 0.01622469 0.01790703
v 0.07635690 0.01611042 0.01823346
v 0.07660092 0.01596954 0.01851522
v 0.07688361 0.01580634 0.01874376
v 0.07821027 0.01595709 0.01905000
v 0.07713621 0.01634802 0.01874376
v 0.07747557 0.01622454 0.01891218
v 0.07783725 0.01609287 0.01901532
v 0.07634994 0.01663422 0.01790703
v 0.07656471 0.01655604 0.01823346
v 0.07646688 0.01707069 0.01790703
v 0.07669197 0.01703100 0.01823346
v 0.07682949 0.01645968 0.01851522
v 0.07841655 0.01672689 0.01905000
v 0.07729089 0.01692540 0.01874376
v 0.07696944 0.01698207 0.01851522
v 0.07764657 0.01686267 0.01891218
v 0.07802562 0.01679583 0.01901532
v 0.07620000 0.01752081 0.01676403
v 0.07623471 0.01752081 0.01716099
v 0.07633785 0.01752081 0.01754589
v 0.07650627 0.01752081 0.01790703
v 0.07673481 0.01752081 0.01823346
v 0.07701657 0.01752081 0.01851522
v 0.07734300 0.01752081 0.01874376
v 0.07770414 0.01752081 0.01891218
v 0.07808904 0.01752081 0.01901532
v 0.07848600 0.01752081 0.01905000
v 0.07620000 0.02056881 0.01676403
v 0.07623471 0.02056881 0.01716099
v 0.07633785 0.02056881 0.01754589
v 0.07623471 0.02096580 0.01676403
v 0.07626894 0.02095974 0.01716099
v 0.07633785 0.02135067 0.01676403
v 0.07637049 0.02133879 0.01716099
v 0.07637049 0.02094186 0.01754589
v 0.07646742 0.02130354 0.01754589
v 0.07650627 0.02056881 0.01790703
v 0.07673481 0.02056881 0.01823346
v 0.07701657 0.02056881 0.01851522
v 0.07734300 0.02056881 0.01874376
v 0.07770414 0.02056881 0.01891218
v 0.07808904 0.02056881 0.01901532
v 0.07771602 0.02070459 0.01891218
v 0.07809507 0.02063775 0.01901532
v 0.07811298 0.02070459 0.01901532
v 0.07848600 0.02056881 0.01905000
v 0.07653633 0.02091261 0.01790703
v 0.07676142 0.02087292 0.01823346
v 0.07662567 0.02124594 0.01790703
v 0.07684044 0.02116776 0.01823346
v 0.07703892 0.02082399 0.01851522
v 0.07736037 0.02076732 0.01874376
v 0.07741194 0.02095974 0.01874376
v 0.07775130 0.02083626 0.01891218
v 0.07814223 0.02076732 0.01901532
v 0.07818192 0.02082399 0.01901532
v 0.07823085 0.02087292 0.01901532
v 0.07780887 0.02095974 0.01891218
v 0.07828752 0.02091261 0.01901532
v 0.07835022 0.02094186 0.01901532
v 0.07841706 0.02095974 0.01901532
v 0.07848600 0.02096580 0.01901532
v 0.07710519 0.02107140 0.01851522
v 0.07749612 0.02114034 0.01874376
v 0.07721346 0.02130354 0.01851522
v 0.07761042 0.02130354 0.01874376
v 0.07788705 0.02107140 0.01891218
v 0.07798344 0.02116776 0.01891218
v 0.07809507 0.02124594 0.01891218
v 0.07821858 0.02130354 0.01891218
v 0.07835022 0.02133879 0.01891218
v 0.07848600 0.02135067 0.01891218
v 0.07650627 0.02171184 0.01676403
v 0.07653633 0.02169447 0.01716099
v 0.07673481 0.02203824 0.01676403
v 0.07676142 0.02201592 0.01716099
v 0.07662567 0.02164290 0.01754589
v 0.07684044 0.02194962 0.01754589
v 0.07701657 0.02232000 0.01676403
v 0.07703892 0.02229339 0.01716099
v 0.07734300 0.02254857 0.01676403
v 0.07770414 0.02271696 0.01676403
v 0.07808904 0.02282010 0.01676403
v 0.07848600 0.02285481 0.01676403
v 0.07736037 0.02251848 0.01716099
v 0.07771602 0.02268432 0.01716099
v 0.07809507 0.02278590 0.01716099
v 0.07848600 0.02282010 0.01716099
v 0.07710519 0.02221440 0.01754589
v 0.07741194 0.02242917 0.01754589
v 0.07775130 0.02258742 0.01754589
v 0.07811298 0.02268432 0.01754589
v 0.07848600 0.02271696 0.01754589
v 0.07677150 0.02155869 0.01790703
v 0.07696944 0.02144442 0.01823346
v 0.07714452 0.02169447 0.01823346
v 0.07696944 0.02184138 0.01790703
v 0.07721346 0.02208540 0.01790703
v 0.07736037 0.02191029 0.01823346
v 0.07761042 0.02208540 0.01823346
v 0.07736037 0.02151336 0.01851522
v 0.07754148 0.02169447 0.01851522
v 0.07775130 0.02144442 0.01874376
v 0.07791450 0.02155869 0.01874376
v 0.07809507 0.02164290 0.01874376
v 0.07828752 0.02169447 0.01874376
v 0.07848600 0.02171184 0.01874376
v 0.07775130 0.02184138 0.01851522
v 0.07798344 0.02194962 0.01851522
v 0.07823085 0.02201592 0.01851522
v 0.07848600 0.02203824 0.01851522
v 0.07749612 0.02228334 0.01790703
v 0.07780887 0.02242917 0.01790703
v 0.07788705 0.02221440 0.01823346
v 0.07818192 0.02229339 0.01823346
v 0.07848600 0.02232000 0.01823346
v 0.07814223 0.02251848 0.01790703
v 0.07848600 0.02254857 0.01790703
v 0.09471516 0.01538187 0.01905003
v 0.09494373 0.01570827 0.01905003
v 0.09511212 0.01606941 0.01905003
v 0.09521526 0.01645431 0.01905003
v 0.09525000 0.01685127 0.01905003
v 0.11363043 0.01456527 0.01676403
v 0.11360589 0.01458984 0.01716102
v 0.11386341 0.01483806 0.01676403
v 0.11383533 0.01485846 0.01716102
v 0.11353296 0.01466274 0.01754589
v 0.11375187 0.01491909 0.01754589
v 0.11405082 0.01514388 0.01676403
v 0.11401989 0.01515966 0.01716102
v 0.11418813 0.01547532 0.01676403
v 0.11415507 0.01548603 0.01716102
v 0.11392800 0.01520649 0.01754589
v 0.11405700 0.01551789 0.01754589
v 0.11341389 0.01478184 0.01790703
v 0.11325228 0.01494345 0.01823346
v 0.11361564 0.01501806 0.01790703
v 0.11377794 0.01528293 0.01790703
v 0.11343072 0.01515240 0.01823346
v 0.11389683 0.01556994 0.01790703
v 0.11357430 0.01538670 0.01823346
v 0.11367948 0.01564059 0.01823346
v 0.11305302 0.01514271 0.01851522
v 0.11320278 0.01531803 0.01851522
v 0.11332326 0.01551462 0.01851522
v 0.11282223 0.01537350 0.01874379
v 0.11293869 0.01550988 0.01874379
v 0.11303241 0.01566282 0.01874379
v 0.11256687 0.01562886 0.01891218
v 0.11427186 0.01582410 0.01676403
v 0.11423754 0.01582956 0.01716102
v 0.11430000 0.01618173 0.01676403
v 0.11426526 0.01618173 0.01716102
v 0.11413569 0.01584567 0.01754589
v 0.11416212 0.01618173 0.01754589
v 0.11396937 0.01587204 0.01790703
v 0.11374362 0.01590777 0.01823346
v 0.11399373 0.01618173 0.01790703
v 0.11376519 0.01618173 0.01823346
v 0.11229468 0.01590102 0.01901532
v 0.11233515 0.01594839 0.01901532
v 0.11236770 0.01600152 0.01901532
v 0.11239152 0.01605906 0.01901532
v 0.11201400 0.01618173 0.01905003
v 0.11240607 0.01611963 0.01901532
v 0.11241096 0.01618173 0.01901532
v 0.11310105 0.01582851 0.01874379
v 0.11314293 0.01600293 0.01874379
v 0.11341149 0.01572765 0.01851522
v 0.11346531 0.01595187 0.01851522
v 0.11264652 0.01572216 0.01891218
v 0.11271063 0.01582674 0.01891218
v 0.11275758 0.01594011 0.01891218
v 0.11278623 0.01605942 0.01891218
v 0.11315700 0.01618173 0.01874379
v 0.11348340 0.01618173 0.01851522
v 0.11279586 0.01618173 0.01891218
v 0.09525000 0.01837527 0.01905003
v 0.09525000 0.02056881 0.01905003
v 0.09525000 0.02076732 0.01903266
v 0.09525000 0.02096580 0.01901532
v 0.09525000 0.02115825 0.01896375
v 0.09525000 0.02135067 0.01891218
v 0.09525000 0.02285481 0.01676403
v 0.09525000 0.02283747 0.01696251
v 0.09525000 0.02282010 0.01716102
v 0.09525000 0.02276853 0.01735344
v 0.09525000 0.02271696 0.01754589
v 0.09525000 0.02263275 0.01772646
v 0.09525000 0.02171184 0.01874376
v 0.09525000 0.02153127 0.01882797
v 0.09525000 0.02187504 0.01862949
v 0.09525000 0.02203824 0.01851522
v 0.09525000 0.02243427 0.01807023
v 0.09525000 0.02217912 0.01837434
v 0.09525000 0.02232000 0.01823346
v 0.09525000 0.02254857 0.01790703
v 0.11430000 0.02056881 0.01676403
v 0.11426526 0.02056881 0.01716102
v 0.11426526 0.02063775 0.01715496
v 0.11426526 0.02070459 0.01713708
v 0.11416212 0.02056881 0.01754589
v 0.11416212 0.02070459 0.01753401
v 0.11426526 0.02096580 0.01676403
v 0.11426526 0.02095974 0.01683297
v 0.11426526 0.02091261 0.01696254
v 0.11426526 0.02094186 0.01689981
v 0.11426526 0.02076732 0.01710783
v 0.11426526 0.02087292 0.01701921
v 0.11426526 0.02082399 0.01706814
v 0.11416212 0.02135067 0.01676403
v 0.11416212 0.02133879 0.01689981
v 0.11416212 0.02124594 0.01715496
v 0.11416212 0.02130354 0.01703148
v 0.11416212 0.02083626 0.01749876
v 0.11416212 0.02095974 0.01744116
v 0.11399373 0.02095974 0.01783809
v 0.11416212 0.02107140 0.01736298
v 0.11416212 0.02116776 0.01726662
v 0.11399373 0.02114034 0.01775391
v 0.11399373 0.02130354 0.01763964
v 0.11399373 0.02056881 0.01790703
v 0.11376519 0.02056881 0.01823346
v 0.11201400 0.02056881 0.01905003
v 0.11241096 0.02056881 0.01901532
v 0.11315700 0.02056881 0.01874379
v 0.11348340 0.02056881 0.01851522
v 0.11279586 0.02056881 0.01891218
v 0.11399373 0.02076732 0.01788969
v 0.11376519 0.02082399 0.01821114
v 0.11376519 0.02107140 0.01814484
v 0.11376519 0.02130354 0.01803657
v 0.11348340 0.02116776 0.01840962
v 0.11201400 0.02096580 0.01901532
v 0.11241096 0.02095974 0.01898112
v 0.11241096 0.02133879 0.01887954
v 0.11201400 0.02135067 0.01891218
v 0.11315700 0.02091261 0.01871370
v 0.11348340 0.02087292 0.01848861
v 0.11279586 0.02094186 0.01887954
v 0.11315700 0.02124594 0.01862439
v 0.11279586 0.02130354 0.01878264
v 0.11399373 0.02171184 0.01676403
v 0.11399373 0.02169447 0.01696254
v 0.11399373 0.02164290 0.01715496
v 0.11376519 0.02203824 0.01676403
v 0.11376519 0.02201592 0.01701921
v 0.11399373 0.02155869 0.01733556
v 0.11399373 0.02144442 0.01749876
v 0.11376519 0.02169447 0.01770855
v 0.11376519 0.02194962 0.01726662
v 0.11376519 0.02184138 0.01749876
v 0.11348340 0.02208540 0.01763964
v 0.11201400 0.02285481 0.01676403
v 0.11241096 0.02282010 0.01676403
v 0.11201400 0.02282010 0.01716102
v 0.11241096 0.02278590 0.01715496
v 0.11348340 0.02232000 0.01676403
v 0.11348340 0.02229339 0.01706814
v 0.11315700 0.02254857 0.01676403
v 0.11279586 0.02271696 0.01676403
v 0.11315700 0.02251848 0.01710783
v 0.11279586 0.02268432 0.01713708
v 0.11201400 0.02271696 0.01754589
v 0.11241096 0.02268432 0.01753401
v 0.11315700 0.02242917 0.01744116
v 0.11348340 0.02221440 0.01736298
v 0.11315700 0.02228334 0.01775391
v 0.11279586 0.02242917 0.01783809
v 0.11279586 0.02258742 0.01749876
v 0.11376519 0.02151336 0.01788969
v 0.11348340 0.02169447 0.01810551
v 0.11348340 0.02144442 0.01828062
v 0.11315700 0.02208540 0.01803657
v 0.11348340 0.02191029 0.01788969
v 0.11315700 0.02184138 0.01828062
v 0.11279586 0.02194962 0.01840962
v 0.11201400 0.02171184 0.01874379
v 0.11241096 0.02169447 0.01871370
v 0.11201400 0.02203824 0.01851522
v 0.11241096 0.02201592 0.01848861
v 0.11315700 0.02155869 0.01847856
v 0.11279586 0.02164290 0.01862439
v 0.11241096 0.02229339 0.01821111
v 0.11201400 0.02232000 0.01823346
v 0.11201400 0.02254857 0.01790703
v 0.11241096 0.02251848 0.01788969
v 0.11279586 0.02221440 0.01814484
f 15 22 16
f 14 16 23
f 15 19 17
f 15 17 31
f 17 18 31
f 12 19 16
f 15 16 19
f 12 14 13
f 12 16 14
f 22 29 28
f 21 29 22
f 20 27 21
f 22 28 23
f 27 56 29
f 27 30 53
f 27 53 56
f 26 54 30
f 28 29 55
f 29 56 55
f 24 26 30
f 20 24 30
f 24 25 26
f 25 59 26
f 20 30 27
f 21 27 29
f 20 31 32
f 20 32 24
f 24 32 33
f 15 21 22
f 15 31 21
f 20 21 31
f 16 22 23
f 18 34 32
f 18 32 31
f 32 34 33
f 24 33 25
f 19 35 38
f 12 13 36
f 12 35 19
f 12 36 35
f 13 37 36
f 35 43 38
f 35 42 43
f 36 37 44
f 36 44 42
f 37 45 44
f 35 36 42
f 17 19 38
f 17 38 39
f 17 39 18
f 18 39 52
f 38 50 39
f 38 43 50
f 39 40 52
f 39 50 40
f 42 47 43
f 44 45 48
f 42 44 46
f 42 46 47
f 43 47 51
f 44 48 46
f 45 49 48
f 43 51 50
f 40 50 41
f 41 50 51
f 18 52 34
f 30 54 53
f 26 59 57
f 26 57 54
f 53 54 61
f 54 57 63
f 57 58 64
f 53 62 56
f 55 56 60
f 53 61 62
f 56 62 60
f 57 59 58
f 54 63 61
f 57 64 63
f 58 65 64
f 60 62 66
f 61 66 62
f 61 63 66
f 63 64 66
f 64 65 66
f 25 33 74
f 33 34 75
f 11 34 52
f 3 52 40
f 7 40 41
f 25 71 59
f 58 59 78
f 58 80 65
f 65 83 66
f 14 23 121
f 13 14 123
f 23 28 127
f 28 55 129
f 13 133 37
f 37 136 45
f 45 140 49
f 55 60 146
f 60 66 150
f 13 123 116
f 13 117 118
f 13 116 117
f 14 119 120
f 14 122 119
f 14 121 122
f 14 120 123
f 23 127 125
f 23 126 124
f 23 125 126
f 28 130 127
f 28 129 128
f 28 128 131
f 28 131 130
f 23 124 121
f 13 118 133
f 37 133 132
f 37 135 134
f 37 132 135
f 37 134 136
f 45 136 137
f 45 137 138
f 45 138 139
f 45 139 140
f 49 140 141
f 49 141 142
f 55 143 145
f 55 144 143
f 55 146 144
f 55 145 129
f 60 147 146
f 60 148 147
f 60 149 148
f 60 150 149
f 66 151 150
f 66 152 151
f 49 67 68
f 49 142 67
f 67 142 153
f 67 153 68
f 66 186 152
f 47 239 51
f 46 241 47
f 46 48 242
f 48 49 245
f 41 51 247
f 49 68 87
f 10 75 34
f 9 10 34
f 9 34 11
f 1 11 52
f 1 52 2
f 2 52 3
f 3 40 4
f 4 40 5
f 5 40 6
f 6 40 7
f 7 41 8
f 25 69 70
f 25 76 69
f 25 70 71
f 59 72 77
f 59 71 72
f 25 74 76
f 33 73 74
f 33 75 73
f 59 77 78
f 58 78 79
f 58 79 80
f 65 80 81
f 65 81 82
f 65 82 83
f 66 83 84
f 66 84 107
f 66 107 112
f 66 114 108
f 66 108 186
f 8 41 85
f 41 247 237
f 46 238 241
f 47 241 240
f 47 240 239
f 48 245 243
f 48 243 242
f 46 242 238
f 49 244 245
f 51 239 246
f 51 246 247
f 41 237 85
f 49 87 244
f 87 248 244
f 85 237 86
f 69 89 70
f 69 76 89
f 9 88 10
f 9 11 88
f 73 75 93
f 73 93 74
f 74 94 76
f 10 95 75
f 72 92 77
f 77 90 78
f 70 91 71
f 71 92 72
f 79 102 80
f 78 102 79
f 80 103 81
f 81 104 82
f 82 104 83
f 1 2 97
f 1 96 11
f 2 3 97
f 3 4 98
f 5 6 99
f 4 5 99
f 6 7 100
f 7 8 101
f 83 105 84
f 84 106 107
f 74 93 94
f 10 88 95
f 75 95 93
f 71 91 92
f 70 89 91
f 77 92 90
f 78 90 102
f 80 102 103
f 76 94 89
f 3 98 97
f 11 96 88
f 1 97 96
f 4 99 98
f 6 100 99
f 7 101 100
f 8 85 101
f 81 103 104
f 83 104 105
f 84 105 106
f 89 489 91
f 93 95 495
f 88 478 95
f 89 94 494
f 93 493 94
f 99 100 485
f 100 101 486
f 97 98 482
f 88 96 480
f 96 97 479
f 98 99 483
f 66 109 113
f 66 110 111
f 66 111 109
f 66 112 110
f 66 113 114
f 108 907 186
f 106 112 107
f 108 114 907
f 85 115 101
f 85 86 115
f 101 115 506
f 117 154 118
f 116 154 117
f 119 155 120
f 119 122 155
f 121 156 122
f 120 157 123
f 116 123 158
f 124 126 159
f 125 159 126
f 127 130 160
f 125 127 161
f 128 129 162
f 129 145 163
f 128 164 131
f 130 131 164
f 121 124 165
f 118 166 133
f 132 133 167
f 134 135 168
f 132 168 135
f 134 169 136
f 136 170 137
f 137 171 138
f 138 171 139
f 139 172 140
f 140 173 141
f 141 174 142
f 143 175 145
f 143 144 175
f 144 146 176
f 146 147 177
f 147 148 178
f 148 149 178
f 149 150 179
f 150 151 180
f 151 152 181
f 116 158 154
f 118 154 166
f 120 155 157
f 121 165 156
f 122 156 155
f 123 157 158
f 124 159 165
f 125 161 159
f 127 160 161
f 128 162 164
f 129 163 162
f 130 164 160
f 132 167 168
f 133 166 167
f 134 168 169
f 136 169 170
f 137 170 171
f 139 171 172
f 140 172 173
f 141 173 174
f 144 176 175
f 145 175 163
f 146 177 176
f 147 178 177
f 149 179 178
f 150 180 179
f 151 181 180
f 68 153 183
f 142 174 153
f 153 174 182
f 153 182 183
f 152 186 181
f 154 158 188
f 155 190 157
f 159 189 165
f 156 165 189
f 155 156 189
f 157 193 158
f 159 161 195
f 160 197 161
f 162 202 164
f 162 163 202
f 160 164 200
f 167 208 168
f 166 203 167
f 154 205 166
f 168 209 169
f 169 210 170
f 170 210 171
f 171 213 172
f 172 215 173
f 173 217 174
f 175 176 222
f 163 175 199
f 176 177 226
f 177 178 225
f 178 179 228
f 179 180 231
f 180 181 233
f 182 184 183
f 174 219 184
f 174 184 182
f 181 187 234
f 68 183 87
f 183 184 185
f 183 185 235
f 181 186 187
f 158 192 188
f 154 188 205
f 155 189 190
f 157 190 191
f 158 193 192
f 157 191 194
f 157 194 193
f 159 195 196
f 160 201 198
f 160 198 197
f 161 197 195
f 163 199 202
f 160 200 201
f 164 202 200
f 159 196 189
f 167 206 208
f 166 205 204
f 166 204 203
f 167 203 206
f 168 207 209
f 168 208 207
f 169 209 210
f 171 210 211
f 171 212 213
f 171 211 212
f 172 213 214
f 172 214 215
f 173 215 216
f 173 216 217
f 174 217 218
f 174 218 219
f 175 220 223
f 175 221 220
f 175 222 221
f 176 224 222
f 175 223 199
f 176 226 224
f 177 225 226
f 178 227 225
f 178 228 227
f 179 229 228
f 179 230 229
f 179 231 230
f 180 232 231
f 180 233 232
f 181 234 233
f 87 183 359
f 183 235 359
f 185 430 235
f 184 219 430
f 184 430 185
f 186 907 187
f 187 908 234
f 187 907 908
f 908 947 234
f 87 260 248
f 237 247 261
f 238 263 241
f 240 241 264
f 239 240 264
f 243 245 265
f 242 243 265
f 238 242 263
f 244 266 245
f 239 271 246
f 246 271 247
f 244 248 266
f 236 237 261
f 86 237 236
f 239 264 271
f 241 263 264
f 242 265 263
f 245 266 265
f 247 271 261
f 248 260 266
f 260 316 266
f 263 268 264
f 265 266 269
f 263 265 267
f 264 268 272
f 263 267 268
f 265 269 267
f 266 270 269
f 264 272 271
f 261 271 262
f 262 271 272
f 267 276 268
f 267 273 276
f 269 270 274
f 267 269 273
f 269 274 273
f 270 275 274
f 274 275 279
f 273 274 283
f 274 279 283
f 275 280 279
f 268 277 272
f 268 276 277
f 262 272 278
f 272 277 278
f 276 282 277
f 273 281 276
f 273 283 281
f 276 281 282
f 277 282 287
f 277 287 278
f 281 283 288
f 283 285 288
f 281 289 282
f 281 288 289
f 279 285 283
f 279 286 285
f 279 280 286
f 280 284 286
f 285 286 292
f 284 293 286
f 282 290 287
f 282 289 290
f 285 291 288
f 289 296 290
f 288 295 289
f 288 291 295
f 289 295 296
f 286 293 292
f 285 292 291
f 284 294 293
f 292 293 298
f 291 292 301
f 293 294 300
f 293 300 298
f 294 299 300
f 291 297 295
f 295 302 296
f 295 297 302
f 292 298 301
f 291 301 297
f 298 300 303
f 297 301 307
f 298 304 301
f 299 306 300
f 299 305 306
f 300 306 303
f 297 308 302
f 301 304 307
f 298 303 304
f 297 307 308
f 303 312 304
f 304 314 307
f 305 311 306
f 303 306 310
f 306 311 310
f 305 309 311
f 307 313 308
f 304 312 314
f 307 314 313
f 303 310 312
f 310 311 315
f 309 315 311
f 310 315 312
f 313 314 315
f 312 315 314
f 250 261 262
f 254 262 278
f 257 278 287
f 287 290 317
f 290 296 319
f 296 302 323
f 302 308 326
f 308 313 329
f 313 315 331
f 266 316 363
f 266 365 270
f 270 369 275
f 275 373 280
f 280 377 284
f 284 381 294
f 294 385 299
f 299 389 305
f 305 393 309
f 309 397 315
f 266 363 364
f 266 364 365
f 270 365 366
f 270 366 367
f 270 367 368
f 270 368 369
f 275 369 370
f 275 370 371
f 275 371 372
f 275 372 373
f 280 373 374
f 280 374 375
f 280 375 376
f 280 376 377
f 284 377 378
f 284 378 379
f 284 379 380
f 284 380 381
f 294 381 382
f 294 382 383
f 294 383 384
f 294 384 385
f 299 385 386
f 299 387 388
f 299 386 387
f 299 388 389
f 305 389 390
f 305 390 391
f 305 391 392
f 305 392 393
f 309 393 394
f 309 394 395
f 309 395 396
f 309 396 397
f 315 397 398
f 315 398 399
f 315 399 428
f 236 261 249
f 249 261 250
f 250 262 251
f 251 262 252
f 252 262 253
f 253 262 254
f 254 278 255
f 255 278 256
f 256 278 257
f 257 287 258
f 258 287 259
f 259 287 317
f 290 318 317
f 290 319 318
f 296 320 319
f 296 321 320
f 296 322 321
f 296 323 322
f 302 324 323
f 302 325 324
f 302 326 325
f 308 327 326
f 308 328 327
f 308 329 328
f 313 330 329
f 313 331 330
f 315 332 331
f 315 352 332
f 315 355 352
f 315 353 358
f 315 428 353
f 86 236 115
f 115 236 333
f 115 333 1019
f 236 249 333
f 249 250 333
f 250 251 334
f 251 252 335
f 252 253 335
f 253 254 336
f 254 255 337
f 255 256 337
f 256 257 338
f 257 258 339
f 258 259 339
f 259 317 340
f 317 318 341
f 318 319 341
f 319 320 342
f 320 321 343
f 321 322 343
f 322 323 344
f 323 324 345
f 324 325 345
f 325 326 346
f 326 327 347
f 327 328 347
f 328 329 348
f 329 330 349
f 330 331 349
f 331 332 350
f 332 352 351
f 250 334 333
f 251 335 334
f 253 336 335
f 254 337 336
f 256 338 337
f 257 339 338
f 259 340 339
f 317 341 340
f 319 342 341
f 320 343 342
f 322 344 343
f 323 345 344
f 325 346 345
f 326 347 346
f 328 348 347
f 329 349 348
f 331 350 349
f 332 351 350
f 333 334 1021
f 334 335 1022
f 335 336 1024
f 336 337 1025
f 337 338 1027
f 338 339 1028
f 339 340 1030
f 340 341 1031
f 341 342 1033
f 342 343 1034
f 343 344 1036
f 315 357 354
f 315 356 355
f 315 354 356
f 315 358 357
f 353 428 1455
f 351 352 355
f 353 1455 358
f 87 359 260
f 235 360 359
f 260 359 361
f 235 430 360
f 359 360 361
f 260 361 316
f 360 362 361
f 360 430 362
f 316 361 363
f 361 400 363
f 363 400 364
f 364 401 365
f 365 402 366
f 366 403 367
f 367 403 368
f 368 404 369
f 369 405 370
f 370 406 371
f 371 406 372
f 372 407 373
f 373 408 374
f 374 409 375
f 375 409 376
f 376 410 377
f 377 411 378
f 378 412 379
f 379 412 380
f 380 413 381
f 381 414 382
f 382 415 383
f 383 415 384
f 384 416 385
f 385 417 386
f 387 418 388
f 386 418 387
f 388 419 389
f 389 420 390
f 390 421 391
f 391 421 392
f 392 422 393
f 393 423 394
f 394 424 395
f 395 424 396
f 396 425 397
f 397 426 398
f 398 427 399
f 364 400 401
f 365 401 402
f 366 402 403
f 368 403 404
f 369 404 405
f 370 405 406
f 372 406 407
f 373 407 408
f 374 408 409
f 376 409 410
f 377 410 411
f 378 411 412
f 380 412 413
f 381 413 414
f 382 414 415
f 384 415 416
f 385 416 417
f 386 417 418
f 388 418 419
f 389 419 420
f 390 420 421
f 392 421 422
f 393 422 423
f 394 423 424
f 396 424 425
f 397 425 426
f 398 426 427
f 399 427 428
f 361 362 400
f 362 430 400
f 400 432 401
f 401 434 402
f 402 436 403
f 403 440 404
f 404 441 405
f 405 443 406
f 406 446 407
f 407 449 408
f 408 451 409
f 409 453 410
f 410 454 411
f 411 455 412
f 412 457 413
f 413 457 414
f 414 457 415
f 415 459 416
f 416 459 417
f 417 460 418
f 418 464 419
f 419 464 420
f 420 464 421
f 421 466 422
f 422 467 423
f 423 469 424
f 424 472 425
f 425 475 426
f 426 476 427
f 427 429 428
f 400 430 431
f 400 431 432
f 401 432 433
f 401 433 434
f 402 434 435
f 402 435 436
f 403 436 437
f 403 437 438
f 403 438 439
f 403 439 440
f 404 440 441
f 405 441 442
f 405 442 443
f 406 443 444
f 406 444 445
f 406 445 446
f 407 446 447
f 407 447 448
f 407 448 449
f 408 449 450
f 408 450 451
f 409 451 452
f 409 452 453
f 410 453 454
f 411 454 455
f 412 455 456
f 412 456 457
f 415 457 458
f 415 458 459
f 417 459 460
f 418 460 461
f 418 462 463
f 418 461 462
f 418 463 464
f 421 464 465
f 421 465 466
f 422 466 467
f 423 467 468
f 423 468 469
f 424 469 470
f 424 470 471
f 424 471 472
f 425 472 473
f 425 473 474
f 425 474 475
f 426 475 476
f 428 429 1455
f 427 1528 429
f 429 1456 1455
f 427 476 1528
f 93 492 493
f 93 495 492
f 94 493 494
f 95 478 495
f 88 477 478
f 88 480 477
f 96 479 480
f 97 481 479
f 97 482 481
f 98 483 482
f 99 485 484
f 99 484 483
f 101 487 486
f 100 486 485
f 92 491 496
f 91 489 490
f 89 488 489
f 89 494 488
f 92 490 491
f 90 496 497
f 102 497 498
f 102 498 499
f 103 499 500
f 104 500 501
f 104 501 502
f 90 92 496
f 90 497 102
f 91 490 92
f 102 499 103
f 103 500 104
f 104 502 105
f 105 503 106
f 105 502 503
f 106 503 504
f 101 506 487
f 479 481 523
f 481 482 523
f 482 483 523
f 483 484 525
f 484 485 525
f 485 486 526
f 486 487 526
f 477 480 509
f 477 509 478
f 478 508 495
f 479 523 480
f 491 513 496
f 488 494 510
f 488 510 489
f 489 510 490
f 490 513 491
f 492 508 493
f 492 495 508
f 493 510 494
f 496 512 497
f 498 512 499
f 497 512 498
f 499 546 500
f 500 546 501
f 501 546 502
f 502 546 503
f 503 552 504
f 106 504 563
f 106 563 505
f 487 506 526
f 106 505 112
f 109 686 113
f 109 111 680
f 110 679 111
f 110 112 681
f 113 687 114
f 114 687 907
f 112 505 694
f 109 680 686
f 111 679 680
f 112 694 681
f 110 681 679
f 113 686 687
f 687 909 907
f 115 507 506
f 506 507 872
f 493 508 510
f 478 509 508
f 496 513 512
f 490 510 513
f 499 512 546
f 480 523 509
f 483 525 523
f 485 526 525
f 503 546 552
f 504 552 563
f 508 509 518
f 510 511 513
f 512 513 514
f 512 514 535
f 514 516 535
f 511 514 513
f 511 515 514
f 514 515 516
f 515 539 516
f 508 517 510
f 510 517 511
f 511 517 520
f 508 518 517
f 517 518 519
f 517 519 520
f 515 520 521
f 515 521 539
f 511 520 515
f 519 522 520
f 520 522 521
f 521 522 554
f 509 523 524
f 509 524 518
f 523 527 524
f 523 525 527
f 524 527 531
f 525 528 527
f 525 526 528
f 527 528 532
f 518 529 519
f 518 524 529
f 519 529 530
f 524 531 529
f 529 531 533
f 519 530 522
f 522 530 557
f 529 533 530
f 530 533 559
f 527 532 531
f 531 532 534
f 531 534 533
f 533 534 560
f 535 536 547
f 516 536 535
f 516 541 536
f 536 541 537
f 536 537 548
f 537 538 549
f 537 541 542
f 537 542 538
f 516 539 541
f 539 540 541
f 540 542 541
f 540 544 542
f 538 550 549
f 538 543 550
f 543 551 550
f 538 542 545
f 538 545 543
f 542 544 545
f 512 535 546
f 535 547 546
f 536 548 547
f 537 549 548
f 546 547 552
f 547 548 552
f 548 549 552
f 549 550 552
f 550 551 552
f 521 553 539
f 539 553 540
f 540 553 555
f 521 554 553
f 553 554 556
f 540 555 544
f 553 556 555
f 522 557 554
f 554 557 558
f 530 559 557
f 557 559 561
f 554 558 556
f 557 561 558
f 533 560 559
f 559 562 561
f 559 560 562
f 552 564 563
f 552 565 564
f 552 566 565
f 552 567 566
f 552 659 567
f 505 563 694
f 563 564 702
f 564 565 736
f 565 566 745
f 566 567 771
f 526 873 528
f 528 875 532
f 532 877 534
f 534 879 560
f 560 881 562
f 543 571 551
f 543 545 568
f 544 570 545
f 551 572 552
f 544 555 569
f 555 556 573
f 556 558 574
f 558 561 589
f 561 562 591
f 543 568 571
f 545 570 568
f 544 569 570
f 551 571 572
f 555 573 569
f 556 574 573
f 558 589 574
f 561 591 589
f 562 594 591
f 552 572 659
f 572 660 659
f 568 575 571
f 568 570 577
f 569 576 570
f 571 580 572
f 569 573 584
f 573 574 585
f 571 575 580
f 568 577 575
f 575 578 580
f 570 576 577
f 575 577 579
f 576 586 577
f 578 583 580
f 575 579 578
f 577 586 579
f 578 579 613
f 579 619 613
f 572 580 581
f 580 583 581
f 581 583 582
f 569 584 576
f 576 587 586
f 576 584 587
f 573 585 584
f 584 585 595
f 584 595 587
f 587 595 598
f 586 587 588
f 586 588 619
f 579 586 619
f 587 598 588
f 588 620 619
f 574 590 585
f 574 589 590
f 589 591 592
f 589 592 590
f 590 592 593
f 591 594 592
f 592 594 593
f 593 594 602
f 585 596 595
f 585 590 596
f 595 596 597
f 595 597 598
f 590 593 596
f 596 602 597
f 597 600 598
f 597 603 600
f 598 600 599
f 588 598 599
f 588 599 620
f 599 632 620
f 599 600 601
f 599 601 632
f 601 609 632
f 609 633 632
f 593 602 596
f 597 602 603
f 594 603 602
f 600 603 604
f 600 604 601
f 601 604 605
f 605 606 609
f 594 604 603
f 594 605 604
f 594 606 605
f 594 607 606
f 594 608 607
f 606 607 610
f 601 605 609
f 606 610 609
f 609 610 633
f 607 608 611
f 607 611 610
f 608 612 611
f 578 614 583
f 578 613 614
f 583 614 615
f 613 623 614
f 614 622 615
f 615 622 617
f 582 583 615
f 582 615 616
f 615 617 616
f 616 617 618
f 613 619 621
f 613 621 623
f 619 620 621
f 620 631 621
f 621 631 624
f 614 623 622
f 622 623 625
f 617 622 626
f 622 625 626
f 621 624 623
f 623 624 625
f 617 627 618
f 617 626 627
f 626 643 627
f 625 642 626
f 626 642 643
f 627 643 629
f 618 627 628
f 627 629 628
f 628 629 630
f 620 632 631
f 631 632 633
f 631 633 635
f 633 637 635
f 624 631 635
f 624 635 634
f 624 634 625
f 634 635 636
f 635 637 636
f 634 636 644
f 610 637 633
f 610 611 637
f 611 638 637
f 636 637 638
f 611 612 638
f 612 639 638
f 636 638 640
f 636 640 644
f 638 639 640
f 639 641 640
f 640 641 649
f 625 634 642
f 634 644 642
f 642 645 643
f 643 645 646
f 642 644 645
f 644 649 645
f 629 643 646
f 629 646 647
f 645 651 646
f 646 652 647
f 647 652 655
f 629 647 630
f 630 647 648
f 647 655 648
f 648 655 656
f 640 649 644
f 645 649 651
f 649 650 651
f 641 650 649
f 650 653 651
f 646 651 652
f 651 653 652
f 652 654 655
f 652 653 654
f 654 657 655
f 655 657 656
f 656 657 658
f 572 581 661
f 581 582 663
f 572 661 660
f 581 662 661
f 581 663 662
f 582 664 663
f 582 665 664
f 582 616 665
f 616 618 667
f 618 628 669
f 628 630 671
f 616 666 665
f 616 667 666
f 618 668 667
f 618 669 668
f 628 670 669
f 628 671 670
f 630 672 671
f 630 648 673
f 648 656 675
f 656 658 677
f 630 673 672
f 648 674 673
f 648 675 674
f 656 676 675
f 656 677 676
f 658 678 677
f 567 659 771
f 659 660 781
f 660 661 781
f 661 662 788
f 662 663 788
f 663 664 793
f 664 665 793
f 665 666 811
f 666 667 811
f 667 668 815
f 668 669 815
f 669 670 823
f 670 671 823
f 671 672 828
f 672 673 828
f 673 674 844
f 674 675 844
f 675 676 854
f 676 677 854
f 677 678 867
f 562 885 594
f 658 883 678
f 594 887 608
f 608 889 612
f 612 891 639
f 639 893 641
f 641 895 650
f 650 897 653
f 653 899 654
f 654 901 657
f 657 903 658
f 678 884 867
f 679 683 680
f 680 683 688
f 679 681 682
f 679 682 683
f 682 684 683
f 683 684 690
f 681 696 682
f 682 696 685
f 682 685 684
f 684 685 698
f 686 689 687
f 680 688 686
f 686 688 689
f 688 691 689
f 683 690 688
f 688 690 691
f 690 693 691
f 684 692 690
f 690 692 693
f 684 698 692
f 692 716 693
f 563 702 694
f 564 736 702
f 565 745 736
f 566 771 745
f 681 694 696
f 694 695 696
f 694 702 695
f 685 696 697
f 695 697 696
f 685 697 699
f 685 699 698
f 698 699 714
f 697 700 699
f 695 703 697
f 697 703 700
f 699 700 701
f 699 701 714
f 700 706 701
f 701 718 714
f 701 709 718
f 695 702 704
f 695 704 703
f 703 705 707
f 702 736 704
f 703 704 705
f 705 737 707
f 700 703 707
f 700 707 706
f 706 707 708
f 707 737 708
f 706 708 712
f 701 706 709
f 706 712 709
f 709 710 722
f 709 712 710
f 708 711 712
f 710 712 713
f 711 713 712
f 711 742 713
f 692 698 715
f 698 714 715
f 692 715 716
f 714 717 715
f 715 717 719
f 715 719 716
f 714 718 717
f 718 722 720
f 717 718 720
f 717 720 721
f 717 721 719
f 709 722 718
f 710 723 728
f 710 713 723
f 713 742 724
f 713 724 723
f 723 724 725
f 724 757 725
f 725 757 726
f 726 757 759
f 720 722 727
f 722 728 727
f 720 727 729
f 710 728 722
f 720 729 721
f 723 730 728
f 727 728 731
f 728 730 731
f 727 731 732
f 727 732 729
f 723 725 730
f 730 733 731
f 731 734 732
f 730 735 733
f 731 733 734
f 725 735 730
f 725 726 735
f 704 736 738
f 704 738 705
f 705 739 737
f 705 738 739
f 737 740 741
f 736 745 738
f 738 747 739
f 737 739 740
f 740 746 741
f 708 737 741
f 708 741 711
f 711 741 743
f 711 743 742
f 742 743 744
f 741 746 743
f 743 746 751
f 743 751 744
f 738 745 747
f 739 747 748
f 739 748 740
f 740 748 749
f 740 749 746
f 745 771 747
f 747 772 748
f 748 773 749
f 746 749 750
f 746 750 751
f 744 751 752
f 751 753 752
f 750 753 751
f 752 753 754
f 742 744 755
f 724 742 755
f 724 755 757
f 755 758 757
f 744 756 755
f 744 752 756
f 755 756 758
f 756 761 758
f 757 758 759
f 758 760 759
f 758 761 760
f 760 761 762
f 752 763 756
f 756 763 761
f 761 763 765
f 752 754 763
f 754 764 763
f 763 764 765
f 764 767 765
f 761 765 762
f 762 765 766
f 765 767 766
f 766 767 768
f 687 689 912
f 689 691 916
f 691 693 920
f 693 716 924
f 687 910 909
f 687 911 910
f 687 912 911
f 689 913 912
f 689 914 913
f 689 915 914
f 689 916 915
f 691 917 916
f 691 918 917
f 691 919 918
f 691 920 919
f 693 921 920
f 693 922 921
f 693 923 922
f 693 924 923
f 716 719 928
f 719 721 932
f 721 729 936
f 729 732 940
f 732 734 944
f 716 925 924
f 716 926 925
f 716 927 926
f 716 928 927
f 719 929 928
f 719 930 929
f 719 931 930
f 719 932 931
f 721 933 932
f 721 934 933
f 721 935 934
f 721 936 935
f 729 937 936
f 729 939 938
f 729 938 937
f 729 940 939
f 732 941 940
f 732 942 941
f 732 943 942
f 732 944 943
f 734 945 944
f 734 946 945
f 734 769 946
f 726 759 1052
f 733 735 1053
f 733 1055 734
f 726 1058 735
f 759 760 1060
f 760 762 1062
f 762 766 1064
f 766 768 1066
f 734 770 769
f 734 906 770
f 659 781 771
f 747 771 772
f 748 772 773
f 749 773 774
f 749 774 750
f 750 774 775
f 750 775 753
f 753 775 776
f 753 776 754
f 754 776 777
f 771 782 772
f 772 783 773
f 773 784 774
f 774 785 775
f 775 786 776
f 776 787 777
f 754 777 764
f 764 777 778
f 764 778 767
f 767 778 779
f 767 779 768
f 768 779 780
f 777 801 778
f 778 802 779
f 779 803 780
f 771 781 782
f 772 782 783
f 773 783 784
f 774 784 785
f 775 785 786
f 776 786 787
f 777 787 801
f 778 801 802
f 779 802 803
f 661 788 781
f 663 793 788
f 665 811 793
f 667 815 811
f 669 823 815
f 671 828 823
f 673 844 828
f 675 854 844
f 677 867 854
f 781 789 782
f 782 790 783
f 783 791 784
f 784 792 785
f 785 799 786
f 786 800 787
f 781 788 789
f 782 789 790
f 783 790 791
f 784 791 792
f 788 794 789
f 788 793 794
f 789 795 790
f 789 794 795
f 790 795 796
f 790 796 791
f 791 796 797
f 791 797 792
f 785 792 799
f 792 797 798
f 792 798 799
f 786 799 800
f 798 805 799
f 799 805 800
f 787 804 801
f 801 807 802
f 802 808 803
f 787 800 804
f 801 804 807
f 800 805 806
f 800 806 804
f 804 806 809
f 804 809 807
f 802 807 808
f 807 809 810
f 807 810 808
f 793 812 794
f 793 811 812
f 794 813 795
f 794 812 813
f 795 814 796
f 795 813 814
f 796 814 817
f 811 816 812
f 811 815 816
f 812 819 813
f 812 816 819
f 813 820 814
f 796 817 797
f 797 818 798
f 797 817 818
f 798 818 832
f 813 819 820
f 815 824 816
f 816 825 819
f 819 826 820
f 814 821 817
f 814 820 821
f 817 822 818
f 817 821 822
f 820 827 821
f 821 838 822
f 798 832 805
f 815 823 824
f 816 824 825
f 819 825 826
f 823 829 824
f 823 828 829
f 824 841 825
f 824 829 841
f 825 842 826
f 825 841 842
f 820 826 827
f 821 827 838
f 818 830 832
f 818 822 830
f 830 831 832
f 822 839 830
f 830 840 831
f 805 833 806
f 805 832 833
f 806 833 834
f 831 833 832
f 831 836 833
f 831 852 836
f 836 853 837
f 806 834 809
f 809 834 835
f 809 835 810
f 833 836 834
f 834 836 837
f 834 837 835
f 826 842 843
f 822 838 839
f 826 843 827
f 827 850 838
f 827 843 850
f 830 839 840
f 838 851 839
f 838 850 851
f 839 862 840
f 839 851 862
f 828 845 829
f 829 846 841
f 828 844 845
f 829 845 846
f 841 846 847
f 841 847 842
f 842 848 843
f 842 847 848
f 843 849 850
f 843 848 849
f 849 857 850
f 844 855 845
f 845 856 846
f 846 858 847
f 845 855 856
f 844 854 855
f 847 859 848
f 850 857 851
f 831 840 852
f 840 862 870
f 840 870 852
f 836 852 853
f 852 870 871
f 852 871 853
f 846 856 858
f 847 858 859
f 848 860 849
f 849 863 857
f 848 859 860
f 855 867 856
f 854 867 855
f 856 867 858
f 858 867 859
f 857 865 861
f 849 860 863
f 857 863 865
f 851 861 862
f 851 857 861
f 862 864 870
f 861 864 862
f 859 867 860
f 860 867 863
f 863 867 865
f 865 867 866
f 861 866 864
f 861 865 866
f 864 866 869
f 866 867 869
f 864 869 868
f 868 871 870
f 864 868 870
f 768 780 1069
f 780 803 1071
f 803 808 1073
f 808 810 1075
f 810 835 1077
f 835 837 1079
f 837 853 1081
f 853 871 1083
f 867 1085 869
f 868 869 1088
f 868 1090 871
f 506 872 526
f 526 872 873
f 528 873 874
f 528 874 875
f 532 875 876
f 532 876 877
f 534 877 878
f 534 878 879
f 560 879 880
f 560 880 881
f 562 881 882
f 562 882 885
f 594 885 886
f 658 904 883
f 594 886 887
f 608 887 888
f 608 888 889
f 612 889 890
f 612 890 891
f 639 891 892
f 639 892 893
f 641 893 894
f 641 894 895
f 650 895 896
f 650 896 897
f 653 897 898
f 653 898 899
f 654 899 900
f 654 900 901
f 657 901 902
f 657 902 903
f 658 903 904
f 678 883 905
f 678 905 884
f 883 904 905
f 884 905 1084
f 734 1056 906
f 726 1052 1051
f 733 1054 1055
f 733 1053 1054
f 734 1055 1056
f 735 1057 1053
f 735 1058 1057
f 726 1051 1058
f 759 1059 1052
f 759 1060 1059
f 760 1061 1060
f 760 1062 1061
f 762 1063 1062
f 762 1064 1063
f 766 1065 1064
f 766 1066 1065
f 768 1067 1066
f 770 906 1068
f 768 1069 1067
f 780 1070 1069
f 780 1071 1070
f 867 884 1084
f 803 1072 1071
f 803 1073 1072
f 808 1074 1073
f 808 1075 1074
f 810 1077 1076
f 810 1076 1075
f 835 1078 1077
f 835 1079 1078
f 837 1080 1079
f 837 1081 1080
f 853 1082 1081
f 853 1083 1082
f 867 1084 1085
f 869 1085 1087
f 868 1088 1086
f 869 1087 1088
f 871 1089 1083
f 871 1090 1089
f 868 1086 1090
f 907 909 908
f 908 909 947
f 947 977 234
f 909 910 947
f 910 911 947
f 911 912 948
f 912 913 949
f 913 914 950
f 914 915 950
f 915 916 951
f 916 917 952
f 917 918 953
f 918 919 953
f 919 920 954
f 920 921 955
f 921 922 956
f 922 923 956
f 923 924 957
f 911 948 947
f 912 949 948
f 913 950 949
f 915 951 950
f 916 952 951
f 917 953 952
f 919 954 953
f 920 955 954
f 921 956 955
f 923 957 956
f 924 958 957
f 924 925 958
f 925 926 959
f 926 927 959
f 927 928 960
f 928 929 961
f 929 930 962
f 930 931 962
f 931 932 963
f 932 933 964
f 933 934 965
f 934 935 965
f 925 959 958
f 927 960 959
f 928 961 960
f 929 962 961
f 931 963 962
f 932 964 963
f 933 965 964
f 935 966 965
f 935 936 966
f 936 937 967
f 938 939 968
f 937 938 968
f 939 940 969
f 940 941 970
f 941 942 971
f 942 943 971
f 943 944 972
f 944 945 973
f 945 946 974
f 936 967 966
f 937 968 967
f 939 969 968
f 940 970 969
f 941 971 970
f 943 972 971
f 944 973 972
f 945 974 973
f 769 975 946
f 946 975 974
f 947 948 977
f 948 949 977
f 949 950 978
f 950 951 980
f 951 952 982
f 952 953 985
f 953 954 987
f 954 955 987
f 955 956 988
f 956 957 990
f 957 958 991
f 958 959 992
f 959 960 994
f 960 961 994
f 961 962 994
f 962 963 995
f 963 964 997
f 964 965 999
f 965 966 1000
f 966 967 1000
f 967 968 1001
f 968 969 1004
f 969 970 1006
f 970 971 1008
f 971 972 1010
f 972 973 1011
f 973 974 1013
f 769 770 975
f 974 975 976
f 974 976 1016
f 975 1017 976
f 949 978 977
f 950 979 978
f 950 980 979
f 951 981 980
f 951 982 981
f 952 983 982
f 952 985 983
f 953 984 985
f 953 986 984
f 953 987 986
f 955 988 987
f 956 989 988
f 956 990 989
f 957 991 990
f 958 992 991
f 959 993 992
f 959 994 993
f 962 995 994
f 963 996 995
f 963 997 996
f 964 998 997
f 964 999 998
f 965 1000 999
f 967 1001 1000
f 968 1002 1001
f 968 1004 1003
f 968 1003 1002
f 969 1005 1004
f 969 1006 1005
f 970 1007 1006
f 970 1008 1007
f 971 1009 1008
f 971 1010 1009
f 972 1011 1010
f 973 1012 1011
f 973 1013 1012
f 974 1014 1013
f 974 1015 1014
f 974 1016 1015
f 976 1017 1016
f 770 1018 975
f 975 1018 1017
f 770 1068 1018
f 1017 1018 1458
f 1017 1458 1016
f 115 1019 507
f 507 1019 872
f 333 1020 1019
f 333 1021 1020
f 334 1022 1021
f 335 1023 1022
f 335 1024 1023
f 336 1025 1024
f 337 1026 1025
f 337 1027 1026
f 338 1028 1027
f 339 1029 1028
f 339 1030 1029
f 340 1031 1030
f 341 1032 1031
f 341 1033 1032
f 342 1034 1033
f 343 1035 1034
f 343 1036 1035
f 344 1037 1036
f 345 1038 1037
f 345 1039 1038
f 346 1040 1039
f 347 1041 1040
f 347 1042 1041
f 348 1043 1042
f 349 1044 1043
f 349 1045 1044
f 344 345 1037
f 345 346 1039
f 346 347 1040
f 347 348 1042
f 348 349 1043
f 349 350 1045
f 350 351 1046
f 350 1046 1045
f 351 1047 1046
f 1019 1020 1091
f 1020 1021 1091
f 1021 1022 1091
f 1022 1023 1092
f 1023 1024 1092
f 1024 1025 1095
f 1025 1026 1095
f 1026 1027 1095
f 1027 1028 1095
f 1028 1029 1103
f 1029 1030 1103
f 1030 1031 1104
f 1031 1032 1104
f 1032 1033 1104
f 1033 1034 1104
f 1034 1035 1111
f 1035 1036 1111
f 1036 1037 1114
f 1037 1038 1114
f 1038 1039 1114
f 1039 1040 1117
f 1040 1041 1117
f 1041 1042 1117
f 1042 1043 1139
f 1043 1044 1139
f 1044 1045 1139
f 1045 1046 1139
f 1046 1047 1145
f 351 1148 1047
f 351 1048 1148
f 351 355 1048
f 354 357 1270
f 354 1264 356
f 355 356 1263
f 357 358 1271
f 355 1265 1048
f 358 1455 1271
f 354 1270 1264
f 356 1264 1263
f 355 1263 1265
f 357 1271 1270
f 1271 1455 1457
f 872 1019 1091
f 872 1091 873
f 873 1093 874
f 874 1093 875
f 875 1097 876
f 876 1097 877
f 877 1099 878
f 878 1099 879
f 879 1118 880
f 880 1118 881
f 881 1120 882
f 882 1120 885
f 904 1049 905
f 905 1050 1084
f 885 1152 886
f 886 1152 887
f 887 1155 888
f 888 1155 889
f 889 1157 890
f 890 1157 891
f 891 1197 892
f 892 1197 893
f 893 1199 894
f 894 1199 895
f 895 1203 896
f 896 1203 897
f 897 1205 898
f 898 1205 899
f 899 1206 900
f 900 1206 901
f 901 1209 902
f 902 1209 903
f 903 1210 904
f 904 1210 1049
f 905 1049 1249
f 905 1249 1050
f 906 1056 1068
f 1051 1052 1278
f 1054 1282 1055
f 1053 1282 1054
f 1055 1283 1056
f 1053 1057 1287
f 1057 1058 1287
f 1051 1278 1058
f 1052 1059 1320
f 1059 1060 1320
f 1060 1061 1321
f 1061 1062 1321
f 1062 1063 1324
f 1063 1064 1324
f 1064 1065 1328
f 1065 1066 1328
f 1066 1067 1330
f 1056 1283 1068
f 1067 1069 1330
f 1069 1070 1354
f 1070 1071 1354
f 1071 1072 1364
f 1072 1073 1364
f 1073 1074 1367
f 1074 1075 1367
f 1076 1077 1369
f 1075 1076 1369
f 1077 1078 1409
f 1078 1079 1409
f 1079 1080 1411
f 1080 1081 1411
f 1081 1082 1415
f 1082 1083 1415
f 1084 1417 1085
f 1085 1419 1087
f 1086 1088 1418
f 1087 1419 1088
f 1083 1089 1420
f 1089 1090 1420
f 1086 1418 1090
f 1050 1417 1084
f 873 1091 1093
f 875 1093 1097
f 877 1097 1099
f 879 1099 1118
f 881 1118 1120
f 1022 1092 1091
f 1024 1095 1092
f 1028 1103 1095
f 1030 1104 1103
f 1034 1111 1104
f 1036 1114 1111
f 1039 1117 1114
f 1042 1139 1117
f 1046 1145 1139
f 1047 1148 1145
f 1091 1094 1093
f 1091 1092 1094
f 1093 1094 1098
f 1092 1096 1094
f 1092 1095 1096
f 1094 1096 1101
f 1095 1105 1096
f 1095 1103 1105
f 1093 1098 1097
f 1097 1098 1100
f 1097 1100 1099
f 1099 1119 1118
f 1099 1100 1119
f 1094 1101 1098
f 1098 1101 1102
f 1096 1106 1101
f 1096 1105 1106
f 1101 1106 1108
f 1098 1102 1100
f 1100 1102 1122
f 1101 1108 1102
f 1102 1108 1124
f 1103 1107 1105
f 1103 1104 1107
f 1105 1109 1106
f 1105 1107 1109
f 1107 1113 1109
f 1104 1112 1107
f 1104 1111 1112
f 1107 1112 1113
f 1106 1109 1110
f 1106 1110 1108
f 1108 1110 1125
f 1109 1128 1110
f 1109 1113 1128
f 1111 1115 1112
f 1111 1114 1115
f 1112 1116 1113
f 1112 1115 1116
f 1113 1130 1128
f 1113 1116 1130
f 1114 1132 1115
f 1114 1117 1132
f 1115 1133 1116
f 1115 1132 1133
f 1118 1121 1120
f 1118 1119 1121
f 1100 1122 1119
f 1119 1123 1121
f 1119 1122 1123
f 1102 1124 1122
f 1122 1124 1126
f 1122 1126 1123
f 1108 1125 1124
f 1124 1125 1127
f 1110 1128 1129
f 1110 1129 1125
f 1125 1129 1136
f 1124 1127 1126
f 1125 1136 1127
f 1128 1130 1131
f 1128 1131 1129
f 1129 1131 1137
f 1116 1134 1130
f 1116 1133 1134
f 1117 1140 1132
f 1132 1141 1133
f 1130 1135 1131
f 1130 1134 1135
f 1133 1142 1134
f 1134 1143 1135
f 1134 1142 1143
f 1129 1137 1136
f 1131 1138 1137
f 1131 1135 1138
f 1135 1144 1138
f 1135 1143 1144
f 1117 1139 1140
f 1132 1140 1141
f 1133 1141 1142
f 1139 1145 1140
f 1140 1145 1141
f 1141 1145 1142
f 1142 1145 1143
f 1143 1145 1144
f 1145 1148 1146
f 1145 1146 1147
f 1145 1147 1149
f 1145 1149 1150
f 1145 1150 1151
f 1146 1148 1291
f 1146 1304 1147
f 1147 1338 1149
f 1149 1348 1150
f 1150 1361 1151
f 885 1120 1152
f 887 1152 1155
f 889 1155 1157
f 891 1157 1197
f 893 1197 1199
f 895 1199 1203
f 897 1203 1205
f 899 1205 1206
f 901 1206 1209
f 903 1209 1210
f 1049 1210 1249
f 1050 1249 1417
f 1120 1121 1152
f 1121 1123 1153
f 1123 1126 1154
f 1126 1127 1161
f 1127 1136 1162
f 1136 1137 1163
f 1137 1138 1164
f 1138 1144 1165
f 1144 1145 1167
f 1121 1153 1152
f 1123 1154 1153
f 1126 1161 1154
f 1127 1162 1161
f 1136 1163 1162
f 1137 1164 1163
f 1138 1165 1164
f 1144 1167 1165
f 1145 1170 1167
f 1145 1151 1243
f 1145 1243 1170
f 1152 1153 1156
f 1153 1154 1159
f 1154 1161 1171
f 1152 1156 1155
f 1155 1158 1157
f 1155 1156 1158
f 1153 1159 1156
f 1156 1159 1160
f 1154 1171 1159
f 1159 1171 1173
f 1156 1160 1158
f 1159 1173 1160
f 1160 1173 1218
f 1161 1162 1172
f 1162 1163 1175
f 1163 1164 1176
f 1164 1166 1176
f 1164 1165 1166
f 1165 1167 1168
f 1165 1168 1166
f 1166 1168 1169
f 1167 1170 1168
f 1168 1170 1169
f 1169 1170 1186
f 1161 1172 1171
f 1171 1172 1174
f 1162 1175 1172
f 1172 1175 1180
f 1172 1180 1174
f 1171 1174 1173
f 1173 1174 1219
f 1173 1219 1218
f 1174 1180 1182
f 1174 1182 1219
f 1182 1225 1219
f 1163 1176 1175
f 1175 1176 1177
f 1175 1177 1180
f 1177 1181 1180
f 1176 1178 1177
f 1166 1178 1176
f 1166 1169 1178
f 1178 1186 1179
f 1177 1178 1179
f 1177 1179 1181
f 1179 1184 1181
f 1179 1187 1184
f 1180 1181 1182
f 1182 1183 1225
f 1181 1183 1182
f 1183 1226 1225
f 1181 1184 1183
f 1183 1184 1185
f 1183 1185 1226
f 1185 1193 1226
f 1193 1227 1226
f 1169 1186 1178
f 1170 1188 1187
f 1170 1187 1186
f 1170 1189 1188
f 1179 1186 1187
f 1170 1190 1191
f 1170 1191 1189
f 1170 1192 1190
f 1184 1187 1188
f 1184 1188 1185
f 1185 1188 1189
f 1190 1194 1191
f 1189 1191 1193
f 1185 1189 1193
f 1190 1192 1195
f 1191 1194 1193
f 1190 1195 1194
f 1192 1196 1195
f 1193 1194 1227
f 1157 1198 1197
f 1157 1158 1198
f 1197 1200 1199
f 1197 1198 1200
f 1199 1200 1204
f 1158 1201 1198
f 1158 1160 1201
f 1198 1201 1202
f 1160 1218 1201
f 1201 1218 1221
f 1198 1202 1200
f 1200 1202 1213
f 1201 1221 1202
f 1202 1221 1222
f 1202 1222 1213
f 1199 1204 1203
f 1203 1207 1205
f 1203 1204 1207
f 1205 1208 1206
f 1206 1211 1209
f 1205 1207 1208
f 1206 1208 1211
f 1209 1212 1210
f 1209 1211 1212
f 1200 1213 1204
f 1204 1213 1214
f 1204 1214 1207
f 1213 1236 1214
f 1213 1222 1236
f 1214 1237 1215
f 1214 1236 1237
f 1207 1215 1208
f 1207 1214 1215
f 1208 1215 1216
f 1208 1216 1211
f 1215 1237 1241
f 1211 1217 1212
f 1211 1216 1217
f 1215 1241 1216
f 1216 1242 1217
f 1216 1241 1242
f 1218 1219 1220
f 1218 1220 1221
f 1219 1225 1220
f 1220 1225 1228
f 1220 1228 1223
f 1220 1223 1221
f 1221 1223 1222
f 1222 1223 1224
f 1223 1228 1229
f 1223 1229 1224
f 1224 1229 1230
f 1224 1230 1238
f 1230 1234 1238
f 1234 1235 1239
f 1225 1226 1228
f 1226 1227 1228
f 1227 1229 1228
f 1227 1231 1229
f 1229 1231 1230
f 1230 1231 1232
f 1194 1231 1227
f 1194 1195 1231
f 1195 1196 1232
f 1195 1232 1231
f 1196 1233 1232
f 1230 1232 1234
f 1233 1235 1234
f 1232 1233 1234
f 1222 1224 1236
f 1224 1238 1236
f 1236 1238 1237
f 1237 1238 1239
f 1239 1240 1241
f 1237 1239 1241
f 1240 1242 1241
f 1234 1239 1238
f 1235 1240 1239
f 1170 1245 1192
f 1192 1247 1196
f 1170 1243 1244
f 1170 1244 1245
f 1192 1245 1246
f 1192 1246 1247
f 1196 1248 1256
f 1196 1247 1248
f 1210 1212 1250
f 1212 1217 1252
f 1217 1242 1254
f 1210 1250 1249
f 1212 1251 1250
f 1212 1252 1251
f 1217 1253 1252
f 1242 1262 1254
f 1217 1254 1253
f 1196 1256 1233
f 1233 1257 1235
f 1240 1259 1242
f 1235 1260 1240
f 1233 1255 1257
f 1233 1256 1255
f 1235 1257 1258
f 1235 1258 1260
f 1240 1260 1261
f 1240 1261 1259
f 1242 1259 1262
f 1151 1361 1243
f 1243 1377 1244
f 1244 1377 1245
f 1245 1394 1246
f 1246 1394 1247
f 1248 1407 1256
f 1247 1407 1248
f 1249 1250 1417
f 1250 1251 1421
f 1251 1252 1421
f 1252 1253 1428
f 1254 1262 1453
f 1253 1254 1428
f 1255 1439 1257
f 1255 1256 1439
f 1257 1446 1258
f 1258 1446 1260
f 1260 1452 1261
f 1259 1261 1452
f 1259 1453 1262
f 1052 1320 1278
f 1053 1287 1282
f 1055 1282 1283
f 1058 1278 1287
f 1060 1321 1320
f 1062 1324 1321
f 1064 1328 1324
f 1066 1330 1328
f 1068 1283 1353
f 1048 1265 1148
f 1264 1270 1267
f 1263 1264 1266
f 1264 1267 1266
f 1267 1272 1268
f 1266 1267 1269
f 1263 1295 1265
f 1263 1266 1295
f 1266 1269 1296
f 1266 1296 1295
f 1267 1268 1269
f 1268 1294 1269
f 1268 1293 1294
f 1270 1271 1272
f 1267 1270 1272
f 1271 1273 1272
f 1272 1273 1274
f 1268 1272 1274
f 1273 1275 1274
f 1274 1275 1276
f 1276 1277 1317
f 1274 1276 1293
f 1268 1274 1293
f 1275 1277 1276
f 1148 1265 1291
f 1146 1291 1304
f 1147 1304 1338
f 1149 1338 1348
f 1150 1348 1361
f 1278 1320 1279
f 1279 1320 1322
f 1280 1299 1319
f 1279 1322 1280
f 1280 1322 1281
f 1280 1281 1299
f 1281 1301 1299
f 1282 1287 1285
f 1282 1286 1283
f 1284 1285 1287
f 1282 1285 1286
f 1278 1284 1287
f 1278 1279 1284
f 1285 1288 1290
f 1284 1288 1285
f 1284 1289 1288
f 1285 1290 1286
f 1288 1289 1311
f 1289 1319 1311
f 1288 1311 1312
f 1280 1319 1289
f 1288 1312 1290
f 1279 1289 1284
f 1279 1280 1289
f 1300 1316 1314
f 1298 1316 1300
f 1265 1295 1292
f 1265 1292 1291
f 1292 1295 1305
f 1291 1292 1306
f 1293 1316 1298
f 1293 1298 1294
f 1269 1297 1296
f 1269 1294 1297
f 1294 1298 1308
f 1294 1308 1297
f 1295 1296 1305
f 1296 1297 1309
f 1299 1300 1314
f 1300 1301 1303
f 1299 1301 1300
f 1298 1300 1303
f 1298 1303 1308
f 1301 1334 1303
f 1302 1303 1334
f 1302 1308 1303
f 1302 1310 1308
f 1291 1306 1304
f 1292 1307 1306
f 1292 1305 1307
f 1304 1306 1340
f 1305 1337 1307
f 1297 1308 1310
f 1297 1310 1309
f 1296 1309 1305
f 1309 1310 1342
f 1309 1342 1337
f 1305 1309 1337
f 1313 1317 1318
f 1313 1318 1315
f 1311 1313 1315
f 1313 1319 1314
f 1311 1319 1313
f 1311 1315 1312
f 1313 1314 1317
f 1314 1316 1317
f 1276 1317 1316
f 1276 1316 1293
f 1277 1318 1317
f 1299 1314 1319
f 1320 1321 1322
f 1321 1323 1322
f 1321 1324 1323
f 1323 1324 1325
f 1281 1322 1323
f 1281 1323 1326
f 1281 1326 1301
f 1301 1326 1334
f 1326 1327 1334
f 1325 1327 1326
f 1323 1325 1326
f 1327 1335 1334
f 1327 1332 1335
f 1324 1328 1325
f 1325 1328 1329
f 1328 1330 1329
f 1329 1330 1331
f 1325 1329 1327
f 1327 1329 1332
f 1332 1343 1335
f 1329 1331 1332
f 1331 1333 1332
f 1332 1333 1343
f 1333 1345 1343
f 1302 1334 1335
f 1302 1335 1336
f 1310 1336 1342
f 1302 1336 1310
f 1335 1343 1336
f 1336 1344 1342
f 1342 1344 1347
f 1304 1340 1338
f 1306 1307 1341
f 1307 1339 1341
f 1307 1337 1339
f 1306 1341 1340
f 1337 1347 1339
f 1338 1340 1351
f 1340 1341 1352
f 1337 1342 1347
f 1346 1350 1347
f 1336 1343 1344
f 1343 1345 1344
f 1344 1346 1347
f 1344 1345 1346
f 1339 1347 1350
f 1339 1350 1349
f 1338 1351 1348
f 1340 1352 1351
f 1339 1349 1341
f 1341 1349 1352
f 1348 1351 1363
f 1351 1352 1362
f 1349 1360 1352
f 1271 1464 1273
f 1273 1468 1275
f 1275 1472 1277
f 1277 1496 1318
f 1271 1457 1462
f 1271 1462 1463
f 1271 1463 1464
f 1273 1464 1465
f 1273 1465 1466
f 1273 1466 1467
f 1273 1467 1468
f 1275 1468 1469
f 1275 1469 1470
f 1275 1470 1471
f 1275 1471 1472
f 1277 1475 1473
f 1277 1473 1474
f 1277 1474 1496
f 1277 1472 1475
f 1283 1476 1353
f 1283 1477 1476
f 1283 1286 1479
f 1286 1290 1483
f 1290 1312 1487
f 1315 1318 1488
f 1312 1315 1492
f 1312 1490 1487
f 1283 1478 1477
f 1283 1479 1478
f 1286 1480 1479
f 1286 1481 1480
f 1286 1482 1481
f 1286 1483 1482
f 1290 1484 1483
f 1290 1485 1484
f 1290 1486 1485
f 1290 1487 1486
f 1318 1497 1488
f 1315 1493 1492
f 1312 1492 1489
f 1312 1491 1490
f 1312 1489 1491
f 1315 1495 1493
f 1315 1488 1494
f 1315 1494 1495
f 1318 1496 1499
f 1318 1499 1498
f 1318 1498 1497
f 1069 1354 1330
f 1071 1364 1354
f 1073 1367 1364
f 1075 1369 1367
f 1077 1409 1369
f 1079 1411 1409
f 1081 1415 1411
f 1083 1420 1415
f 1085 1417 1419
f 1088 1419 1418
f 1090 1418 1420
f 1243 1361 1377
f 1330 1354 1331
f 1331 1354 1355
f 1331 1355 1333
f 1333 1355 1356
f 1333 1356 1345
f 1345 1356 1357
f 1354 1365 1355
f 1355 1366 1356
f 1356 1373 1357
f 1346 1358 1350
f 1350 1358 1359
f 1345 1357 1346
f 1346 1357 1358
f 1349 1350 1359
f 1349 1359 1360
f 1348 1363 1361
f 1351 1362 1363
f 1352 1360 1362
f 1358 1375 1359
f 1357 1374 1358
f 1359 1376 1360
f 1361 1363 1377
f 1362 1379 1363
f 1360 1378 1362
f 1354 1364 1365
f 1355 1365 1366
f 1356 1366 1373
f 1358 1374 1375
f 1357 1373 1374
f 1359 1375 1376
f 1363 1379 1377
f 1362 1378 1379
f 1360 1376 1378
f 1245 1377 1394
f 1247 1394 1407
f 1250 1421 1417
f 1252 1428 1421
f 1254 1453 1428
f 1256 1407 1439
f 1257 1439 1446
f 1259 1452 1453
f 1260 1446 1452
f 1364 1367 1365
f 1365 1368 1366
f 1366 1371 1373
f 1365 1367 1368
f 1367 1369 1368
f 1368 1369 1370
f 1366 1368 1371
f 1371 1384 1373
f 1371 1372 1384
f 1368 1370 1371
f 1370 1372 1371
f 1372 1386 1384
f 1372 1414 1386
f 1374 1385 1375
f 1373 1384 1374
f 1375 1387 1376
f 1377 1379 1381
f 1377 1381 1382
f 1377 1382 1390
f 1378 1380 1379
f 1379 1380 1381
f 1376 1388 1378
f 1378 1388 1380
f 1375 1385 1387
f 1383 1387 1385
f 1383 1399 1387
f 1383 1436 1430
f 1383 1430 1399
f 1399 1430 1401
f 1374 1384 1385
f 1384 1386 1385
f 1383 1385 1386
f 1383 1386 1436
f 1387 1399 1388
f 1376 1387 1388
f 1388 1399 1389
f 1377 1390 1391
f 1377 1391 1392
f 1377 1392 1396
f 1377 1396 1397
f 1377 1397 1395
f 1377 1395 1394
f 1380 1393 1381
f 1381 1393 1382
f 1382 1393 1398
f 1382 1398 1390
f 1390 1403 1391
f 1392 1405 1396
f 1396 1406 1397
f 1390 1398 1403
f 1391 1404 1392
f 1391 1403 1404
f 1380 1388 1389
f 1380 1389 1393
f 1389 1400 1393
f 1393 1400 1398
f 1389 1399 1401
f 1389 1401 1400
f 1400 1401 1442
f 1400 1442 1402
f 1398 1402 1403
f 1403 1437 1404
f 1396 1405 1406
f 1395 1397 1408
f 1394 1395 1407
f 1395 1408 1407
f 1397 1406 1408
f 1392 1404 1405
f 1405 1441 1406
f 1402 1437 1403
f 1404 1438 1405
f 1404 1437 1438
f 1398 1400 1402
f 1411 1415 1412
f 1369 1409 1370
f 1370 1409 1410
f 1409 1411 1410
f 1410 1411 1412
f 1413 1432 1436
f 1412 1416 1413
f 1413 1425 1432
f 1425 1433 1432
f 1370 1410 1372
f 1372 1410 1414
f 1386 1414 1436
f 1413 1436 1414
f 1410 1412 1414
f 1412 1413 1414
f 1415 1420 1416
f 1412 1415 1416
f 1416 1420 1424
f 1417 1423 1419
f 1418 1419 1422
f 1418 1424 1420
f 1417 1421 1423
f 1419 1423 1422
f 1418 1422 1424
f 1413 1416 1425
f 1416 1424 1425
f 1424 1426 1425
f 1425 1426 1433
f 1426 1449 1433
f 1426 1427 1449
f 1427 1448 1449
f 1421 1429 1423
f 1422 1423 1427
f 1421 1428 1429
f 1423 1429 1427
f 1422 1426 1424
f 1422 1427 1426
f 1428 1454 1429
f 1427 1429 1448
f 1428 1453 1454
f 1429 1454 1448
f 1430 1436 1432
f 1430 1432 1431
f 1401 1430 1431
f 1401 1431 1442
f 1431 1434 1442
f 1434 1443 1442
f 1431 1432 1433
f 1431 1433 1434
f 1433 1449 1434
f 1434 1449 1435
f 1446 1447 1452
f 1435 1451 1444
f 1444 1451 1445
f 1445 1450 1447
f 1434 1435 1443
f 1435 1444 1443
f 1438 1444 1445
f 1437 1444 1438
f 1438 1445 1441
f 1402 1442 1443
f 1402 1443 1437
f 1437 1443 1444
f 1407 1408 1439
f 1406 1440 1408
f 1408 1440 1439
f 1406 1441 1440
f 1405 1438 1441
f 1440 1447 1446
f 1441 1445 1447
f 1439 1440 1446
f 1440 1441 1447
f 1435 1448 1451
f 1450 1453 1452
f 1450 1454 1453
f 1448 1454 1451
f 1450 1451 1454
f 1435 1449 1448
f 1447 1450 1452
f 1445 1451 1450
f 1455 1456 1457
f 429 1528 1456
f 1456 1500 1457
f 1456 1528 1500
f 1018 1459 1458
f 1018 1068 1459
f 1458 1460 1016
f 1460 1461 1016
f 1461 1548 1016
f 1068 1353 1459
f 1458 1459 1460
f 1459 1476 1461
f 1459 1461 1460
f 1457 1500 1462
f 1462 1500 1463
f 1463 1501 1464
f 1464 1502 1465
f 1465 1503 1466
f 1466 1503 1467
f 1467 1504 1468
f 1468 1505 1469
f 1469 1506 1470
f 1470 1506 1471
f 1471 1507 1472
f 1473 1475 1508
f 1473 1508 1474
f 1474 1509 1496
f 1472 1510 1475
f 1463 1500 1501
f 1464 1501 1502
f 1465 1502 1503
f 1467 1503 1504
f 1468 1504 1505
f 1469 1505 1506
f 1471 1506 1507
f 1472 1507 1510
f 1474 1508 1509
f 1496 1509 1526
f 1475 1510 1508
f 1353 1476 1459
f 1476 1477 1512
f 1487 1490 1511
f 1477 1478 1512
f 1478 1479 1513
f 1482 1483 1514
f 1479 1480 1515
f 1480 1481 1516
f 1481 1482 1516
f 1483 1484 1517
f 1484 1485 1518
f 1485 1486 1518
f 1486 1487 1519
f 1478 1513 1512
f 1479 1515 1513
f 1480 1516 1515
f 1482 1514 1516
f 1483 1517 1514
f 1484 1518 1517
f 1486 1519 1518
f 1487 1511 1519
f 1488 1520 1494
f 1488 1497 1521
f 1492 1493 1522
f 1489 1492 1523
f 1490 1491 1524
f 1489 1524 1491
f 1493 1495 1525
f 1494 1525 1495
f 1496 1526 1499
f 1498 1499 1527
f 1497 1498 1527
f 1488 1521 1520
f 1489 1523 1524
f 1490 1524 1511
f 1492 1522 1523
f 1493 1525 1522
f 1494 1520 1525
f 1497 1527 1521
f 1499 1526 1527
f 1500 1529 1501
f 1501 1529 1502
f 1502 1531 1503
f 1503 1535 1504
f 1504 1537 1505
f 1505 1539 1506
f 1506 1542 1507
f 1507 1543 1510
f 1508 1564 1509
f 1508 1510 1545
f 1461 1476 1512
f 1461 1512 1548
f 1511 1524 1547
f 1512 1513 1549
f 1513 1515 1549
f 1515 1516 1551
f 1514 1552 1516
f 1514 1517 1552
f 1517 1518 1552
f 1518 1519 1553
f 1511 1555 1519
f 1521 1527 1561
f 1520 1521 1561
f 1522 1556 1523
f 1523 1559 1524
f 1520 1561 1525
f 1522 1525 1562
f 1509 1564 1526
f 1526 1564 1527
f 1500 1528 1529
f 1502 1529 1530
f 1502 1530 1531
f 1503 1531 1532
f 1503 1532 1534
f 1503 1533 1535
f 1503 1534 1533
f 1504 1535 1536
f 1504 1536 1537
f 1505 1537 1538
f 1505 1538 1539
f 1506 1539 1540
f 1506 1540 1541
f 1506 1541 1542
f 1507 1542 1544
f 1507 1544 1543
f 1508 1545 1564
f 1510 1543 1546
f 1510 1546 1545
f 1511 1547 1555
f 1512 1549 1548
f 1515 1550 1549
f 1515 1551 1550
f 1516 1552 1551
f 1518 1553 1552
f 1519 1554 1553
f 1519 1555 1554
f 1527 1563 1561
f 1522 1562 1557
f 1522 1557 1556
f 1523 1558 1559
f 1523 1560 1558
f 1524 1559 1547
f 1523 1556 1560
f 1525 1561 1562
f 1527 1564 1563
f 1610 1566 1565
f 1610 1581 1566
f 1611 1568 1567
f 1611 1567 1569
f 1610 1565 1568
f 1617 1571 1572
f 1615 1570 1573
f 1615 1573 1571
f 1617 1575 1574
f 1617 1572 1575
f 1620 1576 1597
f 1616 1574 1577
f 1620 1577 1576
f 1621 1569 1570
f 1624 1583 1578
f 1622 1580 1581
f 1622 1579 1580
f 1623 1578 1579
f 1624 1582 1583
f 1625 1584 1582
f 1625 1585 1584
f 1626 1587 1586
f 1625 1586 1585
f 1627 1588 1587
f 1627 1589 1588
f 1627 1590 1589
f 1628 1591 1590
f 1628 1592 1591
f 1629 1593 1592
f 1629 1594 1593
f 1630 1595 1594
f 1630 1596 1595
f 1631 1597 1598
f 1631 1598 1599
f 1632 1599 1601
f 1633 1601 1600
f 1633 1600 1602
f 1634 1602 1603
f 1634 1603 1604
f 1635 1604 1605
f 1635 1605 1606
f 1636 1607 1608
f 1636 1606 1607
f 1636 1608 1609
f 1611 1613 1568
f 1612 1569 1621
f 1611 1569 1612
f 1610 1568 1614
f 1613 1614 1568
f 1615 1621 1570
f 1615 1571 1617
f 1616 1617 1574
f 1618 1620 1597
f 1618 1597 1619
f 1616 1577 1620
f 1623 1624 1578
f 1622 1623 1579
f 1610 1622 1581
f 1624 1625 1582
f 1625 1626 1586
f 1626 1627 1587
f 1627 1628 1590
f 1628 1629 1592
f 1629 1630 1594
f 1631 1599 1632
f 1619 1597 1631
f 1632 1601 1633
f 1633 1602 1634
f 1634 1604 1635
f 1635 1606 1636
f 1636 1609 1637
f 1630 1675 1596
f 1630 1676 1675
f 1610 1614 1638
f 1610 1640 1622
f 1611 1642 1613
f 1612 1621 1643
f 1611 1612 1644
f 1613 1645 1614
f 1615 1646 1621
f 1615 1617 1647
f 1616 1649 1617
f 1618 1650 1620
f 1618 1619 1651
f 1616 1620 1652
f 1623 1654 1624
f 1622 1655 1623
f 1624 1656 1625
f 1625 1658 1626
f 1626 1659 1627
f 1627 1661 1628
f 1628 1662 1629
f 1629 1663 1630
f 1631 1632 1666
f 1619 1631 1667
f 1632 1633 1668
f 1633 1634 1669
f 1634 1635 1671
f 1635 1636 1672
f 1636 1637 1673
f 1610 1639 1640
f 1610 1638 1639
f 1611 1641 1642
f 1611 1644 1641
f 1612 1643 1644
f 1613 1642 1645
f 1614 1645 1638
f 1615 1648 1646
f 1615 1647 1648
f 1616 1652 1649
f 1617 1649 1647
f 1618 1651 1650
f 1619 1667 1651
f 1620 1650 1653
f 1620 1653 1652
f 1621 1646 1643
f 1622 1640 1655
f 1623 1655 1654
f 1624 1657 1656
f 1624 1654 1657
f 1625 1656 1658
f 1626 1658 1659
f 1627 1659 1660
f 1627 1660 1661
f 1628 1661 1662
f 1629 1662 1663
f 1630 1663 1664
f 1631 1665 1667
f 1631 1666 1665
f 1632 1668 1666
f 1633 1669 1668
f 1634 1670 1669
f 1634 1671 1670
f 1635 1672 1671
f 1636 1673 1672
f 1637 1674 1673
f 1630 1664 1676
f 1664 1681 1676
f 1637 1678 1674
f 1675 1679 1596
f 1675 1676 1679
f 1676 1681 1737
f 1637 1677 1678
f 1676 1680 1679
f 1679 1793 1596
f 1676 1737 1680
f 1679 1680 1793
f 1680 1737 1919
f 1637 1609 2037
f 1637 2037 1677
f 1677 2035 1678
f 1677 2034 2035
f 1638 1645 1682
f 1639 1682 1640
f 1638 1682 1639
f 1641 1684 1642
f 1641 1644 1684
f 1643 1684 1644
f 1642 1684 1645
f 1647 1649 1690
f 1646 1648 1690
f 1647 1690 1648
f 1649 1652 1695
f 1650 1651 1695
f 1650 1695 1653
f 1652 1653 1695
f 1643 1646 1690
f 1640 1682 1655
f 1654 1655 1705
f 1656 1657 1705
f 1654 1705 1657
f 1656 1705 1658
f 1658 1710 1659
f 1659 1710 1660
f 1660 1710 1661
f 1661 1710 1662
f 1662 1714 1663
f 1663 1714 1664
f 1665 1724 1667
f 1665 1666 1724
f 1666 1668 1724
f 1651 1667 1724
f 1668 1669 1732
f 1669 1670 1732
f 1670 1671 1732
f 1671 1672 1732
f 1672 1673 1736
f 1673 1674 1736
f 1643 1690 1684
f 1645 1684 1682
f 1649 1695 1690
f 1651 1724 1695
f 1655 1682 1705
f 1658 1705 1710
f 1662 1710 1714
f 1668 1732 1724
f 1672 1736 1732
f 1664 1714 1681
f 1674 1678 1736
f 1684 1691 1685
f 1685 1692 1686
f 1682 1685 1683
f 1682 1684 1685
f 1683 1685 1686
f 1683 1686 1687
f 1686 1701 1687
f 1687 1701 1688
f 1688 1701 1702
f 1688 1702 1689
f 1690 1695 1694
f 1691 1694 1696
f 1690 1694 1691
f 1691 1696 1692
f 1692 1697 1693
f 1694 1695 1723
f 1695 1724 1723
f 1694 1723 1725
f 1694 1725 1696
f 1696 1726 1697
f 1697 1727 1700
f 1692 1696 1697
f 1693 1697 1700
f 1693 1700 1698
f 1698 1700 1729
f 1698 1729 1699
f 1684 1690 1691
f 1685 1691 1692
f 1686 1692 1693
f 1686 1693 1701
f 1693 1698 1701
f 1698 1702 1701
f 1698 1699 1702
f 1699 1703 1702
f 1689 1702 1703
f 1689 1703 1704
f 1682 1683 1705
f 1683 1687 1706
f 1683 1706 1705
f 1687 1707 1706
f 1705 1706 1710
f 1706 1707 1711
f 1706 1711 1710
f 1707 1712 1711
f 1707 1708 1712
f 1708 1713 1712
f 1687 1688 1707
f 1688 1689 1708
f 1688 1708 1707
f 1689 1709 1708
f 1689 1704 1709
f 1708 1709 1713
f 1709 1718 1713
f 1709 1722 1718
f 1718 1722 1720
f 1710 1711 1714
f 1711 1712 1715
f 1712 1713 1716
f 1713 1718 1717
f 1711 1715 1714
f 1712 1716 1715
f 1713 1717 1716
f 1718 1720 1719
f 1717 1718 1719
f 1719 1720 1721
f 1704 1722 1709
f 1696 1725 1726
f 1697 1726 1727
f 1700 1727 1728
f 1723 1724 1730
f 1723 1731 1725
f 1723 1730 1731
f 1724 1732 1730
f 1725 1733 1726
f 1726 1734 1727
f 1700 1728 1729
f 1725 1731 1733
f 1726 1733 1734
f 1727 1734 1735
f 1727 1735 1728
f 1730 1736 1731
f 1730 1732 1736
f 1731 1736 1733
f 1734 1736 1735
f 1733 1736 1734
f 1735 1736 1752
f 1699 1743 1703
f 1703 1744 1704
f 1704 1764 1722
f 1720 1722 1757
f 1720 1760 1721
f 1699 1729 1741
f 1728 1747 1729
f 1728 1735 1750
f 1681 1714 1737
f 1714 1765 1737
f 1714 1715 1908
f 1715 1716 1911
f 1716 1717 1913
f 1717 1719 1915
f 1719 1721 1917
f 1678 1767 1736
f 1704 1744 1763
f 1704 1763 1762
f 1704 1762 1764
f 1722 1764 1754
f 1722 1754 1755
f 1722 1756 1757
f 1722 1755 1756
f 1720 1757 1758
f 1720 1758 1759
f 1720 1759 1760
f 1721 1760 1761
f 1729 1747 1746
f 1728 1748 1747
f 1728 1749 1748
f 1728 1750 1749
f 1735 1751 1750
f 1735 1752 1751
f 1736 1753 1752
f 1736 1768 1753
f 1699 1739 1738
f 1699 1738 1745
f 1699 1741 1739
f 1729 1746 1740
f 1729 1740 1741
f 1699 1745 1743
f 1703 1743 1742
f 1703 1742 1744
f 1736 1767 1769
f 1736 1773 1768
f 1721 1761 1766
f 1714 1909 1765
f 1714 1908 1909
f 1715 1910 1908
f 1715 1911 1910
f 1716 1912 1911
f 1716 1913 1912
f 1717 1914 1913
f 1717 1915 1914
f 1719 1916 1915
f 1719 1917 1916
f 1721 1918 1917
f 1721 1766 1918
f 1737 1765 1919
f 1766 1920 1918
f 1678 2035 1767
f 1736 1769 1770
f 1736 1770 1771
f 1736 1771 1772
f 1736 1772 1773
f 1767 2035 1769
f 1768 1773 1790
f 1738 1739 1778
f 1738 1778 1745
f 1762 1763 1774
f 1762 1774 1764
f 1742 1779 1744
f 1742 1743 1779
f 1743 1745 1780
f 1744 1781 1763
f 1740 1746 1777
f 1746 1747 1775
f 1740 1777 1741
f 1739 1741 1776
f 1748 1749 1788
f 1747 1748 1788
f 1749 1750 1789
f 1750 1751 1791
f 1751 1752 1791
f 1754 1783 1755
f 1754 1764 1782
f 1755 1783 1756
f 1756 1784 1757
f 1758 1785 1759
f 1757 1785 1758
f 1759 1786 1760
f 1760 1787 1761
f 1752 1753 1792
f 1753 1768 1790
f 1743 1780 1779
f 1763 1781 1774
f 1744 1779 1781
f 1749 1789 1788
f 1741 1777 1776
f 1739 1776 1778
f 1746 1775 1777
f 1747 1788 1775
f 1745 1778 1780
f 1756 1783 1784
f 1764 1774 1782
f 1754 1782 1783
f 1757 1784 1785
f 1759 1785 1786
f 1760 1786 1787
f 1761 1787 1766
f 1750 1791 1789
f 1752 1792 1791
f 1753 1790 1792
f 1776 2166 1778
f 1779 2172 1781
f 1774 1781 2146
f 1778 2171 1780
f 1779 1780 2169
f 1785 2153 1786
f 1786 2154 1787
f 1774 2148 1782
f 1782 2147 1783
f 1783 2150 1784
f 1784 2151 1785
f 1766 1787 2006
f 1766 2006 1920
f 1787 2173 2006
f 1836 1837 1596
f 1837 1794 1596
f 1793 1836 1596
f 1680 1838 1793
f 1680 1919 1838
f 1840 1795 1794
f 1840 1796 1795
f 1841 1797 1796
f 1842 1798 1797
f 1842 1799 1798
f 1843 1801 1800
f 1843 1800 1799
f 1843 1802 1801
f 1845 1803 1802
f 1846 1804 1803
f 1846 1805 1804
f 1847 1806 1805
f 1847 1807 1806
f 1848 1808 1807
f 1848 1809 1808
f 1849 1810 1809
f 1849 1811 1810
f 1850 1812 1811
f 1851 1813 1812
f 1851 1814 1813
f 1852 1816 1815
f 1852 1815 1814
f 1855 1817 1816
f 1856 1818 1817
f 1856 1819 1818
f 1857 1820 1819
f 1857 1821 1820
f 1857 1822 1821
f 1858 1823 1822
f 1860 1824 1823
f 1860 1826 1824
f 1861 1825 1826
f 1861 1827 1825
f 1863 1828 1827
f 1864 1829 1828
f 1864 1830 1829
f 1864 1831 1830
f 1865 1832 1831
f 1866 1833 1832
f 1866 1834 1833
f 1867 1835 1834
f 1793 1838 1836
f 1836 1838 1837
f 1838 1919 1922
f 1837 1839 1840
f 1837 1840 1794
f 1837 1838 1839
f 1840 1841 1796
f 1841 1842 1797
f 1842 1843 1799
f 1843 1844 1802
f 1844 1845 1802
f 1845 1846 1803
f 1846 1847 1805
f 1847 1848 1807
f 1848 1849 1809
f 1849 1850 1811
f 1850 1851 1812
f 1851 1852 1814
f 1852 1853 1816
f 1853 1854 1816
f 1854 1855 1816
f 1855 1856 1817
f 1856 1857 1819
f 1857 1858 1822
f 1858 1859 1823
f 1859 1860 1823
f 1860 1861 1826
f 1861 1862 1827
f 1862 1863 1827
f 1863 1864 1828
f 1864 1865 1831
f 1865 1866 1832
f 1866 1867 1834
f 1867 1906 1835
f 1838 1868 1839
f 1839 1868 1840
f 1840 1868 1869
f 1838 1922 1868
f 1840 1870 1841
f 1841 1871 1842
f 1842 1872 1843
f 1843 1874 1844
f 1844 1875 1845
f 1845 1876 1846
f 1846 1878 1847
f 1847 1879 1848
f 1848 1880 1849
f 1849 1882 1850
f 1850 1883 1851
f 1851 1884 1852
f 1852 1886 1853
f 1853 1887 1854
f 1854 1888 1855
f 1855 1890 1856
f 1856 1891 1857
f 1857 1892 1858
f 1858 1894 1859
f 1859 1895 1860
f 1860 1896 1861
f 1861 1898 1862
f 1862 1899 1863
f 1863 1900 1864
f 1864 1902 1865
f 1865 1903 1866
f 1866 1904 1867
f 1840 1869 1870
f 1841 1870 1871
f 1842 1871 1872
f 1843 1872 1873
f 1843 1873 1874
f 1844 1874 1875
f 1845 1875 1876
f 1846 1876 1877
f 1846 1877 1878
f 1847 1878 1879
f 1848 1879 1880
f 1849 1880 1881
f 1849 1881 1882
f 1850 1882 1883
f 1851 1883 1884
f 1852 1884 1885
f 1852 1885 1886
f 1853 1886 1887
f 1854 1887 1888
f 1855 1888 1889
f 1855 1889 1890
f 1856 1890 1891
f 1857 1891 1892
f 1858 1893 1894
f 1858 1892 1893
f 1859 1894 1895
f 1860 1895 1896
f 1861 1896 1897
f 1861 1897 1898
f 1862 1898 1899
f 1863 1899 1900
f 1864 1900 1901
f 1864 1901 1902
f 1865 1902 1903
f 1866 1903 1904
f 1867 1904 1905
f 1867 1905 1907
f 1867 1907 1906
f 1906 2541 1835
f 1906 1907 2542
f 2541 2581 1835
f 1906 2542 2541
f 1765 1909 1919
f 1909 1924 1919
f 1908 1924 1909
f 1908 1910 1925
f 1910 1911 1925
f 1911 1912 1926
f 1912 1913 1926
f 1913 1914 1927
f 1914 1915 1927
f 1915 1916 1932
f 1916 1917 1932
f 1917 1918 1934
f 1918 1921 1934
f 1918 1920 1921
f 1919 1924 1922
f 1908 1925 1924
f 1911 1926 1925
f 1913 1927 1926
f 1915 1932 1927
f 1917 1934 1932
f 1868 1922 1923
f 1868 1923 1869
f 1869 1923 1924
f 1922 1924 1923
f 1869 1924 1870
f 1870 1924 1871
f 1871 1928 1872
f 1872 1928 1873
f 1873 1928 1874
f 1874 1928 1875
f 1875 1936 1876
f 1876 1936 1877
f 1877 1936 1878
f 1878 1936 1879
f 1879 1942 1880
f 1880 1942 1881
f 1881 1942 1882
f 1882 1942 1883
f 1883 1947 1884
f 1884 1947 1885
f 1885 1947 1886
f 1886 1947 1887
f 1887 1954 1888
f 1888 1954 1889
f 1889 1954 1890
f 1890 1954 1891
f 1891 1959 1892
f 1893 1959 1894
f 1892 1959 1893
f 1894 1959 1895
f 1895 1967 1896
f 1896 1967 1897
f 1897 1967 1898
f 1898 1967 1899
f 1899 1974 1900
f 1900 1974 1901
f 1901 1974 1902
f 1902 1974 1903
f 1903 1978 1904
f 1904 1978 1905
f 1871 1924 1928
f 1875 1928 1936
f 1879 1936 1942
f 1883 1942 1947
f 1887 1947 1954
f 1891 1954 1959
f 1895 1959 1967
f 1899 1967 1974
f 1903 1974 1978
f 1905 1978 1907
f 1924 1925 1928
f 1925 1926 1929
f 1926 1927 1930
f 1927 1932 1931
f 1925 1929 1928
f 1926 1930 1929
f 1927 1931 1930
f 1932 1934 1933
f 1931 1932 1933
f 1933 1934 1935
f 1928 1929 1936
f 1929 1930 1937
f 1929 1937 1936
f 1930 1938 1937
f 1930 1931 1938
f 1931 1939 1938
f 1936 1937 1942
f 1937 1938 1943
f 1937 1943 1942
f 1938 1944 1943
f 1938 1939 1944
f 1931 1933 1939
f 1933 1940 1939
f 1933 1935 1940
f 1935 1941 1940
f 1939 1940 1945
f 1939 1945 1944
f 1940 1941 1946
f 1940 1946 1945
f 1941 1950 1946
f 1942 1943 1947
f 1943 1948 1947
f 1943 1944 1948
f 1944 1949 1948
f 1944 1945 1949
f 1945 1951 1949
f 1945 1946 1951
f 1947 1948 1954
f 1948 1949 1955
f 1946 1952 1951
f 1946 1950 1952
f 1950 1953 1952
f 1948 1955 1954
f 1949 1951 1956
f 1949 1956 1955
f 1951 1957 1956
f 1951 1952 1957
f 1952 1962 1957
f 1952 1953 1962
f 1953 1963 1962
f 1954 1955 1959
f 1955 1956 1958
f 1956 1957 1960
f 1955 1958 1959
f 1956 1960 1958
f 1957 1961 1960
f 1957 1962 1961
f 1962 1963 1964
f 1961 1962 1964
f 1963 1965 1964
f 1958 1967 1959
f 1958 1966 1967
f 1958 1960 1966
f 1960 1961 1968
f 1961 1964 1969
f 1960 1968 1966
f 1964 1965 1970
f 1961 1969 1968
f 1964 1970 1969
f 1965 1971 1970
f 1966 1968 1972
f 1966 1974 1967
f 1968 1973 1972
f 1966 1972 1974
f 1968 1969 1973
f 1969 1970 1975
f 1970 1971 1977
f 1969 1975 1973
f 1970 1977 1975
f 1971 1976 1977
f 1972 1978 1974
f 1972 1973 1978
f 1973 1975 1978
f 1975 1977 1978
f 1976 1978 1977
f 1976 1993 1978
f 1934 1996 1935
f 1935 1999 1941
f 1941 2003 1950
f 1950 1979 1953
f 1953 1981 1963
f 1963 1986 1965
f 1965 1987 1971
f 1971 1991 1976
f 1921 1995 1934
f 1907 1978 2007
f 1934 1995 1996
f 1935 1996 1997
f 1935 1997 1998
f 1935 1998 1999
f 1941 1999 2000
f 1941 2000 2001
f 1941 2001 2002
f 1941 2002 2003
f 1950 2003 2004
f 1950 2004 2005
f 1950 2005 1979
f 1971 1987 1988
f 1971 1988 1989
f 1971 1989 1990
f 1971 1990 1991
f 1976 1991 1992
f 1976 1992 1993
f 1978 1993 1994
f 1978 1994 2008
f 1953 1979 1980
f 1953 1980 1981
f 1963 1981 1982
f 1963 1982 1983
f 1963 1983 1984
f 1963 1984 1986
f 1965 1986 1985
f 1965 1985 1987
f 1978 2009 2007
f 1978 2008 2014
f 1920 2006 1921
f 1921 2006 2015
f 2006 2647 2015
f 1907 2007 2542
f 1978 2010 2009
f 1978 2011 2010
f 1978 2012 2011
f 1978 2013 2012
f 1978 2014 2013
f 2007 2009 2542
f 2008 2031 2014
f 1921 2015 1995
f 1995 2015 1996
f 1996 2016 1997
f 1997 2017 1998
f 1998 2017 1999
f 1999 2018 2000
f 2000 2019 2001
f 2001 2019 2002
f 2002 2020 2003
f 2003 2021 2004
f 2004 2021 2005
f 1979 2005 2022
f 1979 2023 1980
f 1980 2023 1981
f 1981 2024 1982
f 1982 2028 1983
f 1983 2028 1984
f 1985 1986 2026
f 1984 2025 1986
f 1985 2026 1987
f 1987 2027 1988
f 1988 2029 1989
f 1989 2029 1990
f 1990 2030 1991
f 1991 2032 1992
f 1992 2032 1993
f 1993 2033 1994
f 1994 2031 2008
f 1996 2015 2016
f 1997 2016 2017
f 1999 2017 2018
f 2000 2018 2019
f 2002 2019 2020
f 2003 2020 2021
f 2005 2021 2022
f 1979 2022 2023
f 1981 2023 2024
f 1982 2024 2028
f 1990 2029 2030
f 1984 2028 2025
f 1986 2025 2026
f 1987 2026 2027
f 1988 2027 2029
f 1991 2030 2032
f 1993 2032 2033
f 1994 2033 2031
f 2015 2650 2016
f 2016 2651 2017
f 2017 2653 2018
f 2019 2656 2020
f 2020 2657 2021
f 2018 2654 2019
f 2021 2659 2022
f 2022 2669 2023
f 2023 2670 2024
f 2024 2672 2028
f 2025 2028 2674
f 1677 2037 2034
f 2034 2036 2035
f 2034 2037 2074
f 2034 2074 2036
f 2074 2037 2038
f 2077 2038 2039
f 2078 2039 2040
f 2078 2040 2041
f 2079 2041 2042
f 2079 2042 2043
f 2080 2043 2044
f 2080 2044 2045
f 2081 2045 2046
f 2081 2046 2047
f 2082 2047 2048
f 2083 2048 2049
f 2084 2049 2050
f 2085 2050 2051
f 2085 2051 2052
f 2086 2052 2053
f 2086 2053 2054
f 2088 2054 2055
f 2089 2055 2056
f 2092 2056 2057
f 2093 2057 2058
f 2093 2058 2059
f 2094 2059 2060
f 2094 2060 2061
f 2095 2062 2063
f 2095 2061 2062
f 2096 2063 2064
f 2096 2064 2065
f 2097 2065 2066
f 2097 2066 2067
f 2098 2067 2068
f 2098 2068 2069
f 2100 2069 2070
f 2100 2070 2071
f 2101 2071 2072
f 2101 2072 2073
f 2074 2038 2075
f 2075 2038 2076
f 2076 2038 2077
f 2077 2039 2078
f 2078 2041 2079
f 2079 2043 2080
f 2080 2045 2081
f 2081 2047 2082
f 2082 2048 2083
f 2083 2049 2084
f 2084 2050 2085
f 2085 2052 2086
f 2086 2054 2087
f 2087 2054 2088
f 2088 2055 2089
f 2089 2056 2090
f 2090 2056 2091
f 2091 2056 2092
f 2092 2057 2093
f 2093 2059 2094
f 2094 2061 2095
f 2095 2063 2096
f 2096 2065 2097
f 2097 2067 2098
f 2098 2069 2099
f 2099 2069 2100
f 2100 2071 2101
f 2101 2073 2140
f 2101 2140 2139
f 2036 2074 2102
f 2074 2075 2103
f 2075 2076 2104
f 2076 2077 2105
f 2077 2078 2107
f 2078 2079 2108
f 2079 2080 2109
f 2080 2081 2111
f 2081 2082 2112
f 2082 2083 2113
f 2083 2084 2115
f 2084 2085 2116
f 2074 2103 2102
f 2075 2104 2103
f 2076 2105 2104
f 2077 2106 2105
f 2077 2107 2106
f 2078 2108 2107
f 2079 2109 2108
f 2080 2110 2109
f 2080 2111 2110
f 2081 2112 2111
f 2082 2113 2112
f 2083 2114 2113
f 2083 2115 2114
f 2084 2116 2115
f 2085 2086 2117
f 2086 2087 2119
f 2087 2088 2120
f 2088 2089 2121
f 2089 2090 2123
f 2090 2091 2124
f 2091 2092 2125
f 2092 2093 2127
f 2085 2117 2116
f 2086 2118 2117
f 2086 2119 2118
f 2087 2120 2119
f 2088 2121 2120
f 2089 2122 2121
f 2089 2123 2122
f 2090 2124 2123
f 2091 2125 2124
f 2092 2126 2125
f 2092 2127 2126
f 2093 2094 2128
f 2094 2095 2129
f 2095 2096 2131
f 2096 2097 2132
f 2097 2098 2133
f 2098 2099 2135
f 2099 2100 2136
f 2100 2101 2137
f 2093 2128 2127
f 2094 2129 2128
f 2095 2131 2130
f 2095 2130 2129
f 2096 2132 2131
f 2097 2133 2132
f 2098 2134 2133
f 2098 2135 2134
f 2099 2136 2135
f 2100 2137 2136
f 2101 2138 2137
f 2101 2139 2138
f 2139 2142 2174
f 2140 2141 2142
f 2139 2140 2142
f 2141 2143 2142
f 2142 2538 2174
f 2140 2073 2546
f 2140 2546 2141
f 2141 2546 2143
f 2142 2544 2538
f 2142 2143 2544
f 1769 2035 2175
f 1769 2175 1770
f 1770 2176 1771
f 1771 2183 1772
f 1772 2184 1773
f 1773 2144 1790
f 1773 2189 2144
f 2035 2036 2175
f 1770 2175 2176
f 1771 2176 2183
f 1772 2183 2184
f 1773 2184 2189
f 1775 1788 2157
f 1775 2156 1777
f 1776 1777 2167
f 1788 1789 2158
f 1789 1791 2162
f 1791 1792 2161
f 1790 2163 1792
f 1792 2163 2161
f 1790 2164 2163
f 1780 2171 2169
f 1779 2169 2170
f 1779 2170 2172
f 1781 2172 2146
f 1774 2146 2145
f 1774 2145 2148
f 1782 2148 2147
f 1783 2147 2149
f 1783 2149 2150
f 1784 2150 2151
f 1785 2151 2152
f 1785 2152 2153
f 1787 2154 2155
f 1786 2153 2154
f 1777 2156 2168
f 1776 2167 2166
f 1778 2166 2165
f 1778 2165 2171
f 1777 2168 2167
f 1775 2157 2156
f 1788 2159 2157
f 1788 2158 2159
f 1789 2162 2158
f 1791 2160 2162
f 1791 2161 2160
f 1787 2155 2173
f 1790 2144 2366
f 1790 2366 2164
f 2147 2387 2149
f 2149 2387 2150
f 2150 2387 2151
f 2151 2389 2152
f 2152 2389 2153
f 2153 2390 2154
f 2154 2390 2155
f 2156 2377 2168
f 2165 2374 2171
f 2165 2166 2374
f 2166 2167 2377
f 2167 2168 2377
f 2169 2372 2170
f 2170 2372 2172
f 2169 2171 2374
f 2156 2157 2377
f 2158 2376 2159
f 2157 2159 2376
f 2158 2162 2399
f 2160 2399 2162
f 2160 2161 2399
f 2161 2163 2399
f 2163 2164 2403
f 2145 2373 2148
f 2145 2146 2373
f 2146 2172 2372
f 2147 2148 2387
f 2155 2390 2173
f 2006 2173 2646
f 2173 2717 2646
f 2036 2102 2175
f 2102 2103 2175
f 2103 2104 2175
f 2104 2105 2177
f 2105 2106 2177
f 2106 2107 2177
f 2107 2108 2177
f 2108 2109 2179
f 2109 2110 2179
f 2110 2111 2179
f 2111 2112 2179
f 2112 2113 2181
f 2113 2114 2181
f 2114 2115 2181
f 2115 2116 2181
f 2104 2177 2175
f 2108 2179 2177
f 2112 2181 2179
f 2116 2190 2181
f 2116 2117 2190
f 2117 2118 2190
f 2118 2119 2190
f 2119 2120 2190
f 2120 2121 2193
f 2121 2122 2193
f 2122 2123 2193
f 2123 2124 2193
f 2124 2125 2196
f 2125 2126 2196
f 2126 2127 2196
f 2127 2128 2196
f 2128 2129 2219
f 2130 2131 2219
f 2129 2130 2219
f 2131 2132 2219
f 2132 2133 2222
f 2133 2134 2222
f 2134 2135 2222
f 2135 2136 2222
f 2136 2137 2225
f 2137 2138 2225
f 2120 2193 2190
f 2124 2196 2193
f 2128 2219 2196
f 2132 2222 2219
f 2136 2225 2222
f 2138 2139 2225
f 2139 2174 2225
f 2175 2178 2176
f 2175 2177 2178
f 2176 2178 2185
f 2177 2180 2178
f 2177 2179 2180
f 2178 2180 2187
f 2179 2182 2180
f 2179 2181 2182
f 2180 2201 2187
f 2180 2182 2201
f 2181 2191 2182
f 2176 2185 2183
f 2183 2186 2184
f 2178 2187 2185
f 2183 2185 2186
f 2185 2188 2186
f 2185 2187 2188
f 2187 2201 2202
f 2187 2202 2188
f 2184 2186 2199
f 2184 2199 2189
f 2186 2200 2199
f 2186 2188 2200
f 2144 2189 2366
f 2181 2190 2191
f 2182 2192 2201
f 2182 2191 2192
f 2190 2193 2194
f 2190 2194 2191
f 2191 2195 2192
f 2191 2194 2195
f 2193 2196 2197
f 2193 2197 2194
f 2194 2197 2198
f 2194 2198 2195
f 2195 2198 2215
f 2188 2202 2204
f 2188 2204 2200
f 2201 2203 2202
f 2192 2203 2201
f 2199 2200 2210
f 2200 2204 2208
f 2202 2207 2204
f 2202 2203 2207
f 2189 2199 2206
f 2189 2206 2205
f 2199 2210 2206
f 2205 2206 2212
f 2192 2214 2203
f 2192 2195 2214
f 2200 2208 2210
f 2204 2209 2208
f 2204 2207 2209
f 2208 2234 2210
f 2208 2232 2234
f 2208 2209 2232
f 2205 2212 2211
f 2206 2210 2213
f 2206 2213 2212
f 2210 2234 2213
f 2211 2212 2236
f 2203 2216 2207
f 2203 2214 2216
f 2195 2215 2214
f 2214 2215 2218
f 2214 2218 2216
f 2207 2216 2217
f 2207 2217 2209
f 2216 2218 2238
f 2216 2238 2217
f 2196 2219 2220
f 2196 2220 2197
f 2197 2221 2198
f 2197 2220 2221
f 2198 2221 2228
f 2219 2222 2223
f 2219 2223 2220
f 2220 2224 2221
f 2220 2223 2224
f 2221 2230 2228
f 2221 2224 2230
f 2222 2226 2223
f 2223 2227 2224
f 2222 2225 2226
f 2223 2226 2227
f 2224 2231 2230
f 2224 2227 2231
f 2198 2228 2215
f 2215 2229 2218
f 2215 2228 2229
f 2228 2253 2229
f 2228 2230 2253
f 2230 2255 2253
f 2230 2231 2255
f 2232 2242 2234
f 2212 2213 2235
f 2212 2235 2236
f 2213 2234 2237
f 2213 2237 2235
f 2211 2236 2233
f 2235 2243 2236
f 2233 2236 2244
f 2234 2242 2237
f 2209 2217 2239
f 2209 2239 2232
f 2217 2238 2240
f 2217 2240 2239
f 2232 2239 2247
f 2232 2247 2242
f 2239 2240 2248
f 2235 2237 2245
f 2235 2245 2243
f 2236 2243 2244
f 2233 2244 2241
f 2237 2242 2246
f 2237 2246 2245
f 2243 2245 2268
f 2243 2266 2244
f 2241 2244 2265
f 2242 2247 2249
f 2239 2248 2247
f 2247 2248 2250
f 2247 2250 2249
f 2242 2249 2246
f 2218 2251 2238
f 2218 2229 2251
f 2238 2251 2252
f 2229 2254 2251
f 2229 2253 2254
f 2238 2252 2240
f 2240 2252 2259
f 2251 2254 2257
f 2251 2257 2252
f 2253 2256 2254
f 2253 2255 2256
f 2254 2258 2257
f 2254 2256 2258
f 2240 2259 2248
f 2252 2261 2259
f 2252 2257 2261
f 2248 2260 2250
f 2248 2259 2260
f 2259 2261 2263
f 2259 2263 2260
f 2257 2262 2261
f 2257 2258 2262
f 2261 2264 2263
f 2261 2262 2264
f 2189 2205 2366
f 2205 2211 2367
f 2211 2233 2368
f 2233 2241 2369
f 2241 2267 2370
f 2174 2538 2225
f 2225 2678 2226
f 2226 2680 2227
f 2227 2682 2231
f 2231 2684 2255
f 2255 2686 2256
f 2256 2688 2258
f 2258 2690 2262
f 2262 2692 2264
f 2243 2268 2266
f 2244 2266 2265
f 2241 2265 2267
f 2245 2246 2269
f 2245 2269 2268
f 2249 2250 2271
f 2249 2271 2270
f 2246 2249 2270
f 2246 2270 2269
f 2266 2268 2276
f 2265 2266 2275
f 2265 2277 2267
f 2268 2269 2278
f 2270 2271 2280
f 2269 2270 2279
f 2250 2260 2272
f 2250 2272 2271
f 2260 2263 2273
f 2260 2273 2272
f 2263 2274 2273
f 2263 2264 2274
f 2271 2272 2281
f 2272 2273 2295
f 2273 2274 2296
f 2268 2278 2276
f 2266 2276 2275
f 2265 2275 2277
f 2269 2279 2278
f 2271 2281 2280
f 2270 2280 2279
f 2272 2295 2281
f 2273 2296 2295
f 2274 2297 2296
f 2267 2277 2427
f 2276 2278 2284
f 2275 2276 2282
f 2275 2283 2277
f 2278 2279 2285
f 2280 2281 2291
f 2279 2280 2286
f 2278 2285 2284
f 2276 2284 2282
f 2275 2282 2283
f 2279 2286 2285
f 2284 2285 2289
f 2282 2284 2288
f 2282 2287 2283
f 2282 2288 2287
f 2284 2289 2288
f 2285 2286 2290
f 2285 2290 2289
f 2286 2293 2290
f 2281 2292 2291
f 2291 2292 2294
f 2292 2299 2294
f 2280 2291 2286
f 2286 2291 2293
f 2291 2294 2293
f 2281 2295 2292
f 2295 2296 2298
f 2296 2297 2301
f 2292 2295 2298
f 2296 2301 2298
f 2292 2298 2299
f 2298 2300 2299
f 2298 2301 2300
f 2297 2302 2301
f 2300 2301 2303
f 2301 2302 2303
f 2302 2304 2303
f 2288 2289 2307
f 2287 2288 2308
f 2288 2307 2308
f 2289 2290 2306
f 2290 2293 2305
f 2290 2305 2306
f 2289 2306 2307
f 2306 2309 2307
f 2307 2310 2308
f 2305 2314 2306
f 2306 2314 2309
f 2307 2309 2310
f 2299 2324 2312
f 2293 2311 2305
f 2293 2294 2311
f 2294 2312 2311
f 2294 2299 2312
f 2305 2311 2313
f 2305 2313 2314
f 2311 2315 2313
f 2309 2314 2318
f 2309 2317 2310
f 2313 2320 2314
f 2311 2312 2315
f 2312 2316 2315
f 2312 2324 2316
f 2313 2315 2321
f 2315 2316 2319
f 2309 2318 2317
f 2314 2320 2318
f 2315 2319 2321
f 2313 2321 2320
f 2317 2318 2323
f 2318 2320 2322
f 2320 2321 2335
f 2319 2336 2321
f 2320 2335 2322
f 2321 2336 2335
f 2318 2322 2323
f 2299 2300 2324
f 2300 2325 2324
f 2300 2303 2325
f 2324 2325 2326
f 2325 2328 2327
f 2316 2324 2326
f 2316 2326 2332
f 2325 2327 2326
f 2326 2327 2333
f 2303 2328 2325
f 2303 2304 2328
f 2304 2329 2328
f 2327 2328 2330
f 2328 2329 2330
f 2329 2331 2330
f 2327 2330 2334
f 2330 2331 2346
f 2316 2332 2319
f 2326 2333 2332
f 2319 2332 2337
f 2332 2333 2338
f 2332 2338 2337
f 2319 2337 2336
f 2327 2334 2333
f 2333 2339 2338
f 2333 2334 2339
f 2322 2335 2341
f 2322 2343 2323
f 2335 2336 2342
f 2336 2337 2340
f 2336 2340 2342
f 2322 2341 2343
f 2335 2342 2341
f 2338 2339 2345
f 2337 2338 2344
f 2337 2344 2340
f 2338 2345 2344
f 2341 2351 2343
f 2340 2344 2354
f 2341 2342 2352
f 2340 2350 2342
f 2341 2352 2351
f 2330 2346 2334
f 2334 2346 2348
f 2334 2348 2339
f 2346 2357 2348
f 2331 2347 2346
f 2346 2347 2357
f 2347 2358 2357
f 2339 2348 2349
f 2348 2357 2353
f 2348 2353 2349
f 2339 2349 2345
f 2344 2345 2355
f 2345 2349 2356
f 2345 2356 2355
f 2342 2350 2352
f 2340 2354 2350
f 2344 2355 2354
f 2349 2353 2362
f 2349 2362 2356
f 2354 2355 2365
f 2351 2352 2365
f 2350 2365 2352
f 2350 2354 2365
f 2353 2357 2359
f 2357 2358 2359
f 2358 2363 2359
f 2353 2359 2360
f 2359 2363 2361
f 2353 2360 2362
f 2359 2361 2360
f 2355 2356 2365
f 2356 2362 2365
f 2360 2365 2362
f 2360 2361 2365
f 2361 2363 2364
f 2361 2364 2365
f 2277 2283 2429
f 2283 2287 2431
f 2287 2308 2433
f 2308 2310 2435
f 2310 2317 2437
f 2317 2323 2439
f 2323 2343 2441
f 2343 2351 2443
f 2351 2365 2445
f 2264 2695 2274
f 2274 2697 2297
f 2297 2699 2302
f 2302 2701 2304
f 2304 2703 2329
f 2329 2705 2331
f 2331 2707 2347
f 2347 2709 2358
f 2358 2711 2363
f 2363 2713 2364
f 2364 2715 2365
f 2205 2367 2366
f 2211 2368 2367
f 2233 2369 2368
f 2241 2370 2369
f 2267 2371 2370
f 2164 2366 2403
f 2169 2374 2372
f 2146 2372 2373
f 2157 2376 2377
f 2166 2377 2374
f 2158 2399 2376
f 2148 2373 2387
f 2151 2387 2389
f 2153 2389 2390
f 2163 2403 2399
f 2366 2367 2403
f 2367 2368 2403
f 2368 2369 2403
f 2369 2370 2403
f 2370 2371 2403
f 2372 2381 2373
f 2373 2381 2382
f 2374 2377 2378
f 2374 2378 2375
f 2376 2406 2377
f 2377 2406 2378
f 2378 2406 2407
f 2378 2407 2380
f 2375 2378 2380
f 2375 2380 2379
f 2379 2380 2410
f 2379 2410 2412
f 2372 2374 2375
f 2372 2375 2381
f 2375 2379 2381
f 2379 2384 2381
f 2381 2384 2382
f 2382 2384 2383
f 2379 2412 2384
f 2384 2412 2385
f 2383 2384 2385
f 2383 2385 2386
f 2385 2417 2386
f 2373 2382 2387
f 2382 2388 2387
f 2387 2388 2389
f 2388 2391 2389
f 2388 2393 2391
f 2389 2391 2390
f 2391 2395 2392
f 2390 2391 2392
f 2382 2383 2388
f 2383 2393 2388
f 2383 2386 2393
f 2391 2393 2395
f 2393 2394 2395
f 2386 2394 2393
f 2386 2418 2394
f 2394 2397 2395
f 2394 2421 2397
f 2395 2397 2396
f 2392 2395 2396
f 2397 2423 2398
f 2396 2397 2398
f 2398 2423 2424
f 2376 2399 2400
f 2400 2401 2406
f 2401 2402 2407
f 2399 2403 2400
f 2400 2403 2401
f 2401 2403 2402
f 2402 2403 2404
f 2403 2405 2404
f 2376 2400 2406
f 2401 2407 2406
f 2380 2407 2408
f 2380 2408 2410
f 2402 2408 2407
f 2402 2404 2408
f 2404 2409 2408
f 2408 2409 2410
f 2409 2411 2410
f 2410 2411 2412
f 2411 2415 2413
f 2411 2413 2412
f 2404 2405 2409
f 2405 2414 2409
f 2409 2414 2411
f 2411 2414 2415
f 2413 2415 2416
f 2385 2412 2413
f 2385 2413 2417
f 2413 2416 2417
f 2386 2417 2418
f 2417 2419 2418
f 2416 2419 2417
f 2418 2419 2420
f 2394 2418 2421
f 2418 2420 2421
f 2397 2421 2423
f 2421 2422 2423
f 2422 2425 2423
f 2420 2422 2421
f 2423 2425 2424
f 2424 2425 2426
f 2390 2392 2718
f 2392 2396 2720
f 2396 2398 2722
f 2398 2424 2724
f 2424 2426 2726
f 2267 2427 2371
f 2277 2428 2427
f 2277 2429 2428
f 2283 2430 2429
f 2283 2431 2430
f 2287 2432 2431
f 2287 2433 2432
f 2308 2434 2433
f 2308 2435 2434
f 2310 2436 2435
f 2310 2437 2436
f 2317 2438 2437
f 2317 2439 2438
f 2323 2440 2439
f 2323 2441 2440
f 2343 2442 2441
f 2343 2443 2442
f 2351 2444 2443
f 2351 2445 2444
f 2365 2446 2445
f 2371 2427 2403
f 2403 2427 2447
f 2403 2448 2405
f 2405 2449 2414
f 2414 2450 2415
f 2415 2451 2416
f 2416 2452 2419
f 2419 2453 2420
f 2420 2468 2422
f 2422 2470 2425
f 2425 2473 2426
f 2403 2447 2448
f 2405 2448 2449
f 2414 2449 2450
f 2415 2450 2451
f 2416 2451 2452
f 2419 2452 2453
f 2420 2453 2468
f 2422 2468 2470
f 2425 2470 2473
f 2427 2428 2447
f 2428 2429 2447
f 2429 2430 2454
f 2430 2431 2454
f 2431 2432 2456
f 2432 2433 2456
f 2429 2454 2447
f 2431 2456 2454
f 2433 2434 2492
f 2434 2435 2492
f 2435 2436 2494
f 2436 2437 2494
f 2437 2438 2506
f 2438 2439 2506
f 2439 2440 2507
f 2433 2492 2456
f 2435 2494 2492
f 2437 2506 2494
f 2439 2507 2506
f 2440 2441 2507
f 2441 2442 2521
f 2442 2443 2521
f 2443 2444 2528
f 2444 2445 2528
f 2445 2446 2530
f 2441 2521 2507
f 2443 2528 2521
f 2445 2530 2528
f 2447 2454 2448
f 2448 2455 2449
f 2449 2458 2450
f 2450 2459 2451
f 2451 2460 2452
f 2452 2463 2453
f 2448 2454 2455
f 2454 2456 2455
f 2455 2456 2457
f 2449 2455 2458
f 2450 2458 2459
f 2458 2461 2459
f 2451 2459 2460
f 2459 2462 2460
f 2455 2457 2458
f 2457 2461 2458
f 2459 2461 2462
f 2460 2462 2465
f 2461 2497 2462
f 2462 2496 2465
f 2452 2460 2463
f 2460 2465 2463
f 2463 2465 2466
f 2463 2466 2464
f 2453 2463 2464
f 2464 2466 2474
f 2465 2496 2498
f 2465 2498 2466
f 2466 2467 2474
f 2467 2477 2474
f 2466 2498 2467
f 2467 2499 2477
f 2453 2464 2468
f 2464 2469 2468
f 2468 2469 2470
f 2469 2471 2470
f 2470 2471 2473
f 2471 2472 2473
f 2472 2481 2473
f 2464 2474 2469
f 2469 2474 2475
f 2474 2477 2475
f 2475 2477 2476
f 2469 2475 2471
f 2472 2475 2476
f 2476 2479 2481
f 2476 2477 2478
f 2477 2499 2478
f 2476 2478 2479
f 2479 2511 2480
f 2478 2511 2479
f 2480 2511 2512
f 2471 2475 2472
f 2472 2476 2481
f 2479 2482 2481
f 2473 2481 2482
f 2480 2483 2482
f 2479 2480 2482
f 2483 2488 2484
f 2473 2482 2483
f 2473 2483 2484
f 2473 2484 2485
f 2473 2485 2486
f 2473 2486 2487
f 2484 2489 2485
f 2480 2488 2483
f 2484 2488 2489
f 2480 2512 2488
f 2488 2516 2489
f 2485 2490 2486
f 2485 2489 2490
f 2486 2490 2491
f 2486 2491 2487
f 2456 2492 2457
f 2457 2492 2493
f 2492 2494 2493
f 2493 2494 2495
f 2457 2493 2461
f 2461 2493 2497
f 2462 2497 2496
f 2496 2497 2501
f 2493 2495 2497
f 2495 2501 2497
f 2494 2506 2495
f 2496 2502 2498
f 2496 2501 2502
f 2498 2502 2500
f 2467 2498 2500
f 2467 2500 2499
f 2499 2500 2504
f 2495 2505 2501
f 2501 2509 2502
f 2500 2502 2503
f 2500 2503 2504
f 2502 2509 2503
f 2503 2523 2504
f 2495 2506 2505
f 2505 2506 2507
f 2505 2507 2508
f 2501 2505 2509
f 2503 2509 2524
f 2503 2524 2523
f 2505 2508 2509
f 2508 2524 2509
f 2478 2499 2510
f 2478 2510 2511
f 2499 2504 2510
f 2510 2514 2511
f 2511 2514 2512
f 2512 2514 2515
f 2504 2523 2513
f 2504 2513 2510
f 2510 2513 2514
f 2513 2526 2514
f 2514 2526 2515
f 2488 2512 2516
f 2489 2516 2517
f 2512 2515 2516
f 2489 2517 2490
f 2490 2517 2518
f 2490 2518 2491
f 2515 2519 2516
f 2516 2519 2517
f 2515 2532 2519
f 2517 2519 2520
f 2517 2520 2518
f 2519 2533 2520
f 2507 2521 2508
f 2508 2521 2522
f 2521 2528 2522
f 2522 2528 2529
f 2513 2523 2525
f 2523 2524 2527
f 2523 2527 2525
f 2513 2525 2526
f 2525 2534 2526
f 2508 2522 2524
f 2522 2527 2524
f 2525 2527 2535
f 2522 2529 2527
f 2528 2530 2529
f 2529 2530 2531
f 2526 2534 2532
f 2532 2534 2536
f 2515 2526 2532
f 2532 2536 2533
f 2519 2532 2533
f 2525 2535 2534
f 2534 2535 2537
f 2527 2529 2535
f 2529 2531 2535
f 2534 2537 2536
f 2531 2537 2535
f 2365 2539 2446
f 2426 2473 2729
f 2446 2540 2530
f 2473 2487 2731
f 2487 2491 2733
f 2491 2518 2735
f 2518 2520 2737
f 2530 2740 2531
f 2533 2536 2742
f 2520 2533 2743
f 2536 2537 2746
f 2531 2748 2537
f 2225 2538 2677
f 2225 2677 2678
f 2226 2678 2679
f 2226 2679 2680
f 2227 2680 2681
f 2227 2681 2682
f 2231 2682 2683
f 2231 2683 2684
f 2255 2684 2685
f 2255 2685 2686
f 2256 2686 2687
f 2256 2687 2688
f 2258 2688 2689
f 2258 2689 2690
f 2262 2690 2691
f 2262 2691 2692
f 2264 2692 2693
f 2538 2694 2677
f 2264 2693 2695
f 2274 2695 2696
f 2274 2696 2697
f 2365 2716 2539
f 2297 2697 2698
f 2297 2698 2699
f 2302 2699 2700
f 2302 2700 2701
f 2304 2701 2702
f 2304 2702 2703
f 2329 2703 2704
f 2329 2704 2705
f 2331 2705 2706
f 2331 2706 2707
f 2347 2707 2708
f 2347 2708 2709
f 2358 2709 2710
f 2358 2710 2711
f 2363 2711 2712
f 2363 2712 2713
f 2364 2713 2714
f 2364 2714 2715
f 2365 2715 2716
f 2173 2390 2717
f 2390 2718 2717
f 2392 2719 2718
f 2392 2720 2719
f 2396 2721 2720
f 2396 2722 2721
f 2398 2723 2722
f 2398 2724 2723
f 2424 2725 2724
f 2424 2726 2725
f 2426 2727 2726
f 2426 2729 2727
f 2446 2539 2728
f 2446 2728 2540
f 2473 2730 2729
f 2530 2540 2739
f 2473 2731 2730
f 2487 2732 2731
f 2487 2733 2732
f 2491 2734 2733
f 2491 2735 2734
f 2518 2736 2735
f 2518 2737 2736
f 2520 2738 2737
f 2520 2743 2738
f 2530 2739 2740
f 2531 2741 2748
f 2531 2740 2741
f 2533 2744 2743
f 2533 2742 2744
f 2536 2746 2745
f 2536 2745 2742
f 2537 2748 2747
f 2537 2747 2746
f 2539 2716 2728
f 2540 2728 2739
f 2581 2547 1835
f 2541 2542 2543
f 2541 2543 2581
f 2143 2546 2545
f 2143 2545 2544
f 2538 2544 2751
f 2544 2545 2580
f 2544 2580 2751
f 2545 2546 2579
f 2582 2548 2547
f 2583 2549 2548
f 2584 2551 2549
f 2584 2550 2551
f 2585 2552 2550
f 2587 2553 2552
f 2587 2555 2553
f 2587 2554 2555
f 2588 2556 2554
f 2589 2557 2558
f 2589 2558 2556
f 2593 2546 2561
f 2592 2560 2576
f 2592 2559 2560
f 2593 2561 2562
f 2593 2562 2563
f 2596 2563 2564
f 2597 2564 2565
f 2597 2565 2566
f 2597 2566 2567
f 2595 2567 2568
f 2598 2568 2570
f 2598 2570 2569
f 2598 2569 2571
f 2599 2571 2572
f 2599 2572 2573
f 2600 2573 2559
f 2606 2577 2578
f 2603 2574 2577
f 2604 2575 2574
f 2605 2576 2575
f 2608 2578 2557
f 2545 2579 2580
f 2579 2546 2593
f 2579 2593 2580
f 2580 2752 2751
f 2581 2582 2547
f 2582 2583 2548
f 2583 2584 2549
f 2584 2585 2550
f 2585 2586 2552
f 2586 2587 2552
f 2587 2588 2554
f 2588 2591 2556
f 2589 2590 2557
f 2590 2607 2557
f 2607 2608 2557
f 2589 2556 2591
f 2593 2563 2594
f 2594 2563 2596
f 2596 2564 2597
f 2595 2597 2567
f 2595 2568 2598
f 2598 2571 2599
f 2599 2573 2600
f 2592 2600 2559
f 2601 2578 2602
f 2601 2606 2578
f 2603 2604 2574
f 2604 2605 2575
f 2592 2576 2605
f 2603 2577 2606
f 2602 2578 2608
f 2543 2609 2581
f 2581 2610 2582
f 2582 2611 2583
f 2583 2612 2584
f 2584 2614 2585
f 2585 2615 2586
f 2586 2616 2587
f 2587 2618 2588
f 2588 2619 2591
f 2589 2621 2590
f 2590 2642 2607
f 2589 2591 2622
f 2581 2609 2610
f 2582 2610 2611
f 2583 2611 2612
f 2584 2612 2613
f 2584 2613 2614
f 2585 2614 2615
f 2586 2615 2616
f 2587 2616 2617
f 2587 2617 2618
f 2588 2618 2619
f 2589 2622 2620
f 2589 2620 2621
f 2590 2621 2642
f 2591 2619 2622
f 2580 2593 2623
f 2580 2623 2752
f 2593 2594 2624
f 2594 2596 2625
f 2596 2597 2626
f 2595 2628 2597
f 2595 2598 2629
f 2598 2599 2630
f 2599 2600 2632
f 2592 2633 2600
f 2592 2636 2633
f 2593 2624 2623
f 2594 2625 2624
f 2595 2629 2628
f 2596 2626 2625
f 2597 2627 2626
f 2597 2628 2627
f 2598 2630 2629
f 2599 2631 2630
f 2599 2632 2631
f 2600 2633 2632
f 2601 2602 2634
f 2604 2635 2605
f 2592 2605 2636
f 2603 2638 2604
f 2603 2606 2639
f 2601 2640 2606
f 2602 2608 2643
f 2607 2645 2608
f 2601 2634 2640
f 2602 2643 2634
f 2603 2639 2638
f 2604 2638 2635
f 2605 2637 2636
f 2605 2635 2637
f 2606 2641 2639
f 2606 2640 2641
f 2607 2642 2645
f 2608 2645 2644
f 2608 2644 2643
f 2006 2646 2647
f 2646 2717 2647
f 2009 2753 2542
f 2009 2010 2753
f 2010 2011 2754
f 2011 2012 2761
f 2012 2013 2762
f 2013 2014 2767
f 2014 2031 2648
f 2542 2753 2543
f 2010 2754 2753
f 2011 2761 2754
f 2012 2762 2761
f 2013 2767 2762
f 2014 2796 2767
f 2014 2648 2796
f 2015 2647 2649
f 2025 2675 2026
f 2027 2661 2029
f 2026 2660 2027
f 2029 2662 2030
f 2030 2666 2032
f 2032 2665 2033
f 2031 2033 2667
f 2033 2665 2667
f 2031 2667 2668
f 2015 2649 2650
f 2016 2650 2651
f 2017 2652 2653
f 2017 2651 2652
f 2018 2653 2654
f 2019 2654 2655
f 2019 2655 2656
f 2020 2656 2657
f 2021 2657 2658
f 2021 2658 2659
f 2022 2659 2669
f 2024 2670 2672
f 2023 2669 2671
f 2023 2671 2670
f 2028 2672 2673
f 2028 2673 2674
f 2025 2674 2675
f 2026 2675 2676
f 2026 2676 2660
f 2027 2660 2661
f 2029 2661 2663
f 2029 2663 2662
f 2030 2662 2666
f 2032 2666 2664
f 2032 2664 2665
f 2647 2949 2649
f 2031 2944 2648
f 2031 2668 2944
f 2649 2949 2650
f 2650 2949 2651
f 2651 2950 2652
f 2652 2950 2653
f 2653 2953 2654
f 2654 2953 2655
f 2655 2953 2656
f 2669 2962 2671
f 2670 2671 2962
f 2670 2969 2672
f 2672 2969 2673
f 2673 2969 2674
f 2674 2972 2675
f 2675 2972 2676
f 2660 2676 2972
f 2660 2975 2661
f 2661 2975 2663
f 2662 2663 2975
f 2662 2986 2666
f 2664 2666 2986
f 2664 2986 2665
f 2665 2986 2667
f 2667 2990 2668
f 2656 2953 2657
f 2657 2961 2658
f 2658 2961 2659
f 2659 2962 2669
f 2538 2751 2694
f 2677 2768 2678
f 2678 2769 2679
f 2679 2769 2680
f 2680 2773 2681
f 2681 2773 2682
f 2682 2777 2683
f 2683 2777 2684
f 2684 2810 2685
f 2685 2810 2686
f 2686 2811 2687
f 2687 2811 2688
f 2688 2814 2689
f 2689 2814 2690
f 2690 2818 2691
f 2691 2818 2692
f 2692 2820 2693
f 2677 2694 2768
f 2693 2820 2695
f 2695 2843 2696
f 2696 2843 2697
f 2697 2853 2698
f 2698 2853 2699
f 2699 2856 2700
f 2700 2856 2701
f 2701 2858 2702
f 2702 2858 2703
f 2703 2898 2704
f 2704 2898 2705
f 2705 2900 2706
f 2706 2900 2707
f 2707 2904 2708
f 2708 2904 2709
f 2709 2906 2710
f 2710 2906 2711
f 2711 2907 2712
f 2712 2907 2713
f 2713 2908 2714
f 2714 2908 2715
f 2715 2909 2716
f 2716 2909 2749
f 2647 2717 2949
f 2717 2718 2949
f 2718 2719 2951
f 2719 2720 2951
f 2720 2721 2955
f 2721 2722 2955
f 2722 2723 2957
f 2723 2724 2957
f 2724 2725 2976
f 2725 2726 2976
f 2726 2727 2978
f 2727 2729 2978
f 2716 2749 2728
f 2728 2750 2739
f 2728 2749 3010
f 2728 3010 2750
f 2729 2730 3024
f 2730 2731 3024
f 2731 2732 3030
f 2732 2733 3030
f 2733 2734 3037
f 2734 2735 3037
f 2735 2736 3069
f 2736 2737 3069
f 2737 2738 3072
f 2738 2743 3072
f 2739 3080 2740
f 2741 3081 2748
f 2740 3081 2741
f 2743 2744 3084
f 2742 3084 2744
f 2745 2746 3086
f 2742 2745 3086
f 2747 2748 3087
f 2746 2747 3087
f 2739 2750 3080
f 2694 2751 2768
f 2751 2752 2768
f 2678 2768 2769
f 2680 2769 2773
f 2682 2773 2777
f 2684 2777 2810
f 2686 2810 2811
f 2688 2811 2814
f 2690 2814 2818
f 2692 2818 2820
f 2543 2753 2609
f 2609 2753 2610
f 2610 2753 2611
f 2611 2755 2612
f 2612 2755 2613
f 2613 2755 2614
f 2614 2755 2615
f 2615 2757 2616
f 2616 2757 2617
f 2617 2757 2618
f 2618 2757 2619
f 2620 2622 2759
f 2620 2759 2621
f 2621 2759 2642
f 2619 2759 2622
f 2611 2753 2755
f 2615 2755 2757
f 2619 2757 2759
f 2642 2759 2786
f 2623 2768 2752
f 2633 2636 2781
f 2623 2624 2768
f 2624 2625 2768
f 2625 2626 2770
f 2626 2627 2770
f 2627 2628 2770
f 2628 2629 2770
f 2629 2630 2774
f 2630 2631 2774
f 2631 2632 2774
f 2632 2633 2774
f 2634 2643 2786
f 2638 2639 2783
f 2635 2638 2781
f 2636 2637 2781
f 2635 2781 2637
f 2639 2641 2783
f 2634 2783 2640
f 2640 2783 2641
f 2642 2786 2645
f 2644 2645 2786
f 2643 2644 2786
f 2625 2770 2768
f 2629 2774 2770
f 2633 2781 2774
f 2634 2786 2783
f 2638 2783 2781
f 2753 2754 2755
f 2754 2756 2755
f 2754 2761 2756
f 2755 2756 2757
f 2756 2758 2757
f 2756 2763 2758
f 2757 2758 2759
f 2759 2760 2786
f 2758 2760 2759
f 2758 2765 2760
f 2760 2765 2790
f 2756 2761 2763
f 2761 2762 2763
f 2762 2764 2763
f 2758 2763 2765
f 2763 2764 2765
f 2762 2767 2764
f 2764 2766 2765
f 2765 2766 2790
f 2764 2767 2792
f 2764 2792 2766
f 2768 2771 2769
f 2769 2772 2773
f 2768 2770 2771
f 2769 2771 2772
f 2773 2778 2777
f 2772 2778 2773
f 2770 2774 2775
f 2770 2775 2771
f 2771 2776 2772
f 2771 2775 2776
f 2772 2776 2779
f 2774 2781 2782
f 2774 2782 2775
f 2775 2789 2776
f 2775 2782 2789
f 2776 2789 2798
f 2772 2779 2778
f 2777 2812 2810
f 2777 2778 2812
f 2776 2798 2779
f 2778 2779 2780
f 2778 2780 2812
f 2779 2798 2800
f 2779 2800 2780
f 2780 2800 2824
f 2783 2786 2787
f 2783 2787 2784
f 2784 2787 2788
f 2781 2783 2784
f 2781 2784 2782
f 2782 2784 2785
f 2782 2785 2789
f 2784 2788 2785
f 2760 2787 2786
f 2787 2790 2788
f 2760 2790 2787
f 2785 2799 2789
f 2785 2788 2794
f 2785 2794 2799
f 2788 2790 2791
f 2766 2791 2790
f 2766 2792 2793
f 2766 2793 2791
f 2792 2797 2793
f 2788 2791 2794
f 2791 2795 2794
f 2794 2795 2803
f 2791 2793 2795
f 2793 2806 2795
f 2793 2797 2806
f 2767 2796 2792
f 2792 2796 2797
f 2796 2807 2797
f 2789 2799 2798
f 2798 2799 2801
f 2794 2803 2799
f 2799 2803 2801
f 2801 2803 2805
f 2798 2801 2800
f 2800 2801 2802
f 2800 2802 2824
f 2801 2805 2802
f 2795 2804 2803
f 2803 2804 2805
f 2795 2806 2804
f 2804 2828 2805
f 2797 2808 2806
f 2797 2807 2808
f 2804 2806 2809
f 2806 2808 2809
f 2804 2809 2828
f 2807 2829 2808
f 2810 2813 2811
f 2810 2812 2813
f 2811 2815 2814
f 2811 2813 2815
f 2780 2816 2812
f 2812 2816 2813
f 2780 2824 2816
f 2816 2824 2825
f 2813 2817 2815
f 2813 2816 2817
f 2816 2825 2817
f 2817 2825 2833
f 2814 2819 2818
f 2814 2815 2819
f 2818 2821 2820
f 2818 2819 2821
f 2815 2822 2819
f 2815 2817 2822
f 2817 2833 2822
f 2819 2822 2823
f 2819 2823 2821
f 2822 2835 2823
f 2822 2833 2835
f 2802 2826 2824
f 2824 2826 2825
f 2802 2805 2827
f 2802 2827 2826
f 2825 2826 2834
f 2826 2827 2837
f 2826 2837 2834
f 2805 2828 2827
f 2827 2828 2830
f 2809 2831 2828
f 2808 2832 2809
f 2809 2832 2831
f 2808 2829 2832
f 2827 2830 2837
f 2828 2831 2830
f 2831 2832 2842
f 2829 2838 2832
f 2825 2834 2833
f 2833 2834 2836
f 2834 2837 2840
f 2833 2836 2835
f 2834 2840 2836
f 2830 2839 2837
f 2830 2831 2841
f 2830 2841 2839
f 2832 2838 2842
f 2831 2842 2841
f 2837 2839 2840
f 2839 2841 2850
f 2841 2842 2851
f 2838 2852 2842
f 2796 2944 2807
f 2807 2945 2829
f 2829 2946 2838
f 2838 2947 2852
f 2695 2820 2843
f 2697 2843 2853
f 2699 2853 2856
f 2701 2856 2858
f 2703 2858 2898
f 2705 2898 2900
f 2707 2900 2904
f 2709 2904 2906
f 2711 2906 2907
f 2713 2907 2908
f 2715 2908 2909
f 2820 2844 2843
f 2820 2821 2844
f 2821 2823 2845
f 2821 2845 2844
f 2823 2835 2846
f 2823 2846 2845
f 2843 2844 2853
f 2844 2845 2854
f 2845 2846 2855
f 2835 2836 2847
f 2835 2847 2846
f 2836 2840 2848
f 2836 2848 2847
f 2839 2849 2840
f 2840 2849 2848
f 2839 2850 2849
f 2841 2851 2850
f 2842 2852 2851
f 2846 2847 2862
f 2847 2848 2863
f 2848 2849 2864
f 2849 2850 2865
f 2850 2851 2866
f 2851 2852 2867
f 2844 2854 2853
f 2845 2855 2854
f 2846 2862 2855
f 2847 2863 2862
f 2848 2864 2863
f 2849 2865 2864
f 2850 2866 2865
f 2851 2867 2866
f 2852 2871 2867
f 2852 3004 2871
f 2853 2854 2857
f 2854 2855 2860
f 2855 2862 2872
f 2853 2857 2856
f 2856 2859 2858
f 2856 2857 2859
f 2854 2860 2857
f 2857 2860 2861
f 2855 2872 2860
f 2860 2872 2874
f 2857 2861 2859
f 2860 2874 2861
f 2861 2874 2919
f 2862 2863 2873
f 2863 2864 2876
f 2864 2865 2877
f 2865 2866 2868
f 2865 2868 2877
f 2866 2867 2869
f 2866 2869 2868
f 2868 2869 2870
f 2867 2871 2869
f 2869 2871 2870
f 2870 2871 2880
f 2862 2873 2872
f 2872 2873 2875
f 2872 2875 2874
f 2874 2920 2919
f 2863 2876 2873
f 2873 2876 2888
f 2873 2888 2875
f 2874 2875 2920
f 2875 2888 2890
f 2875 2890 2920
f 2890 2926 2920
f 2864 2877 2876
f 2876 2877 2878
f 2876 2878 2888
f 2878 2889 2888
f 2868 2879 2877
f 2877 2879 2878
f 2878 2879 2883
f 2878 2883 2889
f 2868 2870 2879
f 2870 2880 2879
f 2879 2880 2883
f 2880 2881 2883
f 2871 2882 2881
f 2871 2881 2880
f 2871 2884 2882
f 2871 2887 2886
f 2871 2886 2885
f 2871 2885 2884
f 2883 2892 2889
f 2881 2892 2883
f 2881 2882 2892
f 2882 2893 2892
f 2882 2884 2893
f 2885 2886 2895
f 2884 2885 2894
f 2888 2889 2890
f 2890 2891 2926
f 2889 2891 2890
f 2891 2928 2926
f 2889 2892 2891
f 2891 2892 2893
f 2884 2894 2893
f 2886 2887 2896
f 2885 2895 2894
f 2886 2896 2895
f 2887 2897 2896
f 2891 2893 2928
f 2893 2894 2928
f 2894 2929 2928
f 2894 2895 2929
f 2858 2899 2898
f 2858 2859 2899
f 2898 2901 2900
f 2898 2899 2901
f 2900 2901 2905
f 2859 2902 2899
f 2859 2861 2902
f 2899 2902 2903
f 2861 2919 2902
f 2902 2919 2922
f 2899 2903 2901
f 2901 2903 2914
f 2902 2922 2903
f 2903 2922 2923
f 2903 2923 2914
f 2900 2905 2904
f 2904 2910 2906
f 2904 2905 2910
f 2906 2911 2907
f 2907 2912 2908
f 2908 2913 2909
f 2906 2910 2911
f 2907 2911 2912
f 2908 2912 2913
f 2901 2914 2905
f 2905 2914 2915
f 2905 2915 2910
f 2914 2937 2915
f 2914 2923 2937
f 2915 2938 2916
f 2915 2937 2938
f 2910 2916 2911
f 2910 2915 2916
f 2911 2916 2917
f 2911 2917 2912
f 2912 2918 2913
f 2912 2917 2918
f 2916 2942 2917
f 2917 2943 2918
f 2916 2938 2942
f 2917 2942 2943
f 2919 2920 2921
f 2919 2921 2922
f 2920 2926 2921
f 2921 2926 2927
f 2921 2927 2924
f 2921 2924 2922
f 2922 2924 2923
f 2923 2924 2925
f 2924 2927 2933
f 2924 2933 2925
f 2925 2933 2934
f 2925 2934 2939
f 2934 2935 2939
f 2935 2936 2940
f 2926 2928 2927
f 2927 2928 2929
f 2927 2929 2933
f 2929 2930 2933
f 2930 2931 2934
f 2895 2930 2929
f 2895 2896 2930
f 2896 2897 2931
f 2896 2931 2930
f 2897 2932 2931
f 2930 2934 2933
f 2931 2935 2934
f 2932 2936 2935
f 2931 2932 2935
f 2923 2925 2937
f 2925 2939 2937
f 2937 2939 2938
f 2938 2939 2940
f 2938 2940 2942
f 2940 2941 2942
f 2941 2943 2942
f 2935 2940 2939
f 2936 2941 2940
f 2871 3006 2887
f 2887 3008 2897
f 2909 2913 3011
f 2913 2918 3013
f 2918 2943 3015
f 2897 3017 2932
f 2932 3018 2936
f 2941 3020 2943
f 2936 3021 2941
f 2718 2951 2949
f 2720 2955 2951
f 2722 2957 2955
f 2724 2976 2957
f 2726 2978 2976
f 2648 2944 2796
f 2807 2944 2945
f 2829 2945 2946
f 2838 2946 2947
f 2852 2947 2948
f 2668 2990 2944
f 2651 2949 2950
f 2653 2950 2953
f 2657 2953 2961
f 2659 2961 2962
f 2670 2962 2969
f 2674 2969 2972
f 2660 2972 2975
f 2662 2975 2986
f 2667 2986 2990
f 2944 2990 2945
f 2945 2990 2946
f 2946 2990 2947
f 2947 2990 2948
f 2948 2990 3004
f 2949 2951 2950
f 2951 2955 2952
f 2950 2951 2952
f 2950 2952 2953
f 2952 2954 2953
f 2952 2956 2954
f 2953 2954 2961
f 2954 2963 2961
f 2955 2957 2956
f 2952 2955 2956
f 2957 2976 2958
f 2956 2957 2958
f 2954 2956 2959
f 2956 2958 2959
f 2954 2959 2963
f 2959 2964 2963
f 2959 2960 2964
f 2958 2960 2959
f 2958 2977 2960
f 2960 2966 2964
f 2960 2980 2966
f 2961 2963 2962
f 2962 2963 2965
f 2963 2964 2965
f 2964 2967 2965
f 2962 2965 2969
f 2965 2970 2969
f 2965 2967 2970
f 2964 2966 2967
f 2966 2968 2967
f 2966 2982 2968
f 2967 2971 2970
f 2967 2968 2971
f 2968 2995 2971
f 2969 2970 2972
f 2970 2971 2973
f 2970 2973 2972
f 2971 2995 2974
f 2971 2974 2973
f 2972 2973 2975
f 2973 2997 2975
f 2973 2974 2997
f 2976 2978 2977
f 2958 2976 2977
f 2977 2978 2979
f 2960 2977 2980
f 2977 2979 2980
f 2966 2980 2982
f 2980 2981 2982
f 2979 2981 2980
f 2981 2984 2982
f 2968 2982 2983
f 2982 2984 2983
f 2968 2983 2995
f 2983 2996 2995
f 2983 2985 2996
f 2983 2984 2985
f 2985 3002 2996
f 2975 2997 2986
f 2986 2997 2987
f 2987 2998 2988
f 2986 2987 2990
f 2987 2988 2990
f 2988 2999 2989
f 2988 2989 2990
f 2989 2991 2990
f 2990 2991 2992
f 2993 2995 2996
f 2974 2995 2993
f 2994 2996 3002
f 2993 2996 2994
f 2974 2993 2998
f 2974 2998 2997
f 2993 2999 2998
f 2987 2997 2998
f 2994 3000 2999
f 2993 2994 2999
f 2988 2998 2999
f 2989 2999 3000
f 2994 3002 3001
f 3000 3001 3003
f 2994 3001 3000
f 2991 3000 3003
f 2989 3000 2991
f 2991 3003 2992
f 2749 2909 3010
f 2729 3024 2978
f 2731 3030 3024
f 2733 3037 3030
f 2735 3069 3037
f 2737 3072 3069
f 2740 3080 3081
f 2742 3086 3084
f 2743 3084 3072
f 2746 3087 3086
f 2748 3081 3087
f 2750 3010 3080
f 2852 2948 3004
f 2871 3004 3005
f 2871 3005 3006
f 2887 3006 3007
f 2887 3007 3008
f 2897 3009 3017
f 2897 3008 3009
f 2909 3011 3010
f 2913 3012 3011
f 2913 3013 3012
f 2918 3014 3013
f 2943 3023 3015
f 2918 3015 3014
f 2932 3016 3018
f 2932 3017 3016
f 2936 3018 3019
f 2936 3019 3021
f 2941 3021 3022
f 2941 3022 3020
f 2943 3020 3023
f 2990 3050 3004
f 3004 3050 3005
f 2978 3025 2979
f 2979 3028 2981
f 2981 3048 2984
f 2984 3049 2985
f 2985 3053 3002
f 2990 2992 3050
f 3001 3002 3052
f 3001 3054 3003
f 2992 3003 3051
f 2978 3024 3025
f 2979 3025 3028
f 2981 3028 3048
f 2984 3048 3049
f 2985 3049 3053
f 2992 3051 3050
f 3002 3053 3052
f 3001 3052 3054
f 3003 3054 3051
f 3005 3050 3006
f 3006 3060 3007
f 3007 3060 3008
f 3009 3063 3017
f 3008 3063 3009
f 3006 3050 3060
f 3008 3060 3063
f 3010 3011 3080
f 3011 3012 3082
f 3012 3013 3082
f 3013 3014 3090
f 3015 3023 3112
f 3014 3015 3090
f 3011 3082 3080
f 3013 3090 3082
f 3015 3112 3090
f 3016 3104 3018
f 3016 3017 3104
f 3018 3106 3019
f 3019 3106 3021
f 3021 3111 3022
f 3020 3022 3111
f 3020 3112 3023
f 3017 3063 3104
f 3018 3104 3106
f 3020 3111 3112
f 3021 3106 3111
f 3024 3026 3025
f 3024 3027 3026
f 3024 3034 3027
f 3025 3026 3028
f 3026 3027 3029
f 3026 3029 3028
f 3028 3029 3048
f 3029 3055 3048
f 3024 3030 3031
f 3024 3035 3036
f 3024 3032 3035
f 3024 3031 3033
f 3024 3033 3032
f 3031 3040 3033
f 3024 3036 3034
f 3027 3034 3041
f 3034 3036 3042
f 3032 3033 3039
f 3032 3045 3035
f 3035 3044 3036
f 3035 3045 3044
f 3030 3037 3038
f 3030 3038 3031
f 3031 3038 3040
f 3033 3040 3039
f 3032 3039 3045
f 3039 3040 3074
f 3027 3041 3029
f 3034 3042 3041
f 3036 3044 3042
f 3042 3044 3046
f 3029 3041 3055
f 3041 3043 3055
f 3041 3042 3043
f 3042 3046 3043
f 3044 3045 3047
f 3039 3075 3045
f 3039 3074 3075
f 3045 3075 3047
f 3044 3047 3046
f 3047 3075 3097
f 3047 3097 3058
f 3046 3047 3058
f 3048 3055 3049
f 3049 3056 3053
f 3050 3051 3061
f 3052 3053 3065
f 3052 3064 3054
f 3051 3054 3066
f 3043 3056 3055
f 3049 3055 3056
f 3043 3046 3057
f 3043 3057 3056
f 3053 3056 3065
f 3056 3057 3065
f 3057 3059 3065
f 3046 3058 3057
f 3058 3097 3099
f 3059 3099 3067
f 3057 3058 3059
f 3058 3099 3059
f 3050 3061 3060
f 3060 3061 3062
f 3060 3062 3063
f 3052 3065 3064
f 3059 3064 3065
f 3064 3067 3066
f 3054 3064 3066
f 3051 3066 3061
f 3061 3066 3068
f 3059 3067 3064
f 3067 3099 3108
f 3067 3108 3068
f 3066 3067 3068
f 3061 3068 3062
f 3037 3070 3038
f 3037 3069 3070
f 3038 3071 3040
f 3038 3070 3071
f 3040 3071 3074
f 3070 3077 3071
f 3069 3072 3073
f 3069 3073 3070
f 3072 3085 3073
f 3070 3073 3077
f 3073 3093 3077
f 3074 3076 3075
f 3071 3078 3074
f 3074 3078 3076
f 3075 3076 3097
f 3071 3077 3078
f 3077 3079 3078
f 3077 3093 3079
f 3079 3100 3101
f 3076 3078 3101
f 3078 3079 3101
f 3080 3082 3081
f 3081 3082 3083
f 3084 3086 3088
f 3072 3084 3085
f 3084 3088 3085
f 3085 3088 3092
f 3073 3085 3093
f 3086 3087 3089
f 3081 3083 3087
f 3086 3089 3088
f 3088 3089 3096
f 3083 3089 3087
f 3083 3090 3091
f 3082 3090 3083
f 3090 3112 3091
f 3091 3112 3113
f 3085 3092 3093
f 3092 3094 3093
f 3079 3093 3094
f 3079 3094 3100
f 3092 3096 3095
f 3092 3095 3094
f 3089 3091 3096
f 3088 3096 3092
f 3083 3091 3089
f 3091 3113 3096
f 3095 3096 3113
f 3106 3107 3110
f 3097 3098 3099
f 3076 3098 3097
f 3076 3101 3098
f 3098 3108 3099
f 3098 3102 3108
f 3098 3101 3102
f 3100 3102 3101
f 3100 3103 3102
f 3102 3103 3109
f 3100 3114 3103
f 3103 3114 3107
f 3062 3105 3063
f 3063 3105 3104
f 3104 3107 3106
f 3104 3105 3107
f 3068 3108 3109
f 3062 3109 3105
f 3103 3105 3109
f 3102 3109 3108
f 3062 3068 3109
f 3103 3107 3105
f 3110 3113 3111
f 3111 3113 3112
f 3106 3110 3111
f 3094 3095 3114
f 3094 3114 3100
f 3095 3110 3114
f 3095 3113 3110
f 3107 3114 3110
f 198 1016 197
f 200 1016 201
f 198 201 1016
f 200 202 1016
f 202 199 1016
f 223 1016 199
f 223 220 1016
f 220 221 1016
f 222 1016 221
f 222 224 1016
f 224 226 1016
f 225 1016 226
f 227 1016 225
f 227 228 1016
f 229 1016 228
f 229 230 1016
f 230 231 1016
f 232 1016 231
f 233 1016 232
f 233 234 1016
f 203 204 1016
f 203 1016 206
f 208 206 1016
f 207 208 1016
f 210 209 1016
f 207 1016 209
f 210 1016 211
f 212 211 1016
f 212 1016 213
f 213 1016 214
f 215 214 1016
f 215 1016 216
f 217 216 1016
f 217 1016 218
f 218 1016 219
f 190 189 1016
f 190 1016 191
f 189 196 1016
f 188 192 1016
f 194 191 1016
f 194 1016 193
f 193 1016 192
f 205 188 1016
f 205 1016 204
f 195 1016 196
f 197 1016 195
f 219 1016 430
f 436 435 466
f 433 432 475
f 433 475 434
f 434 474 435
f 436 466 437
f 437 466 438
f 439 438 466
f 439 466 440
f 440 466 441
f 441 466 442
f 443 442 464
f 443 464 444
f 464 445 444
f 446 445 464
f 446 464 447
f 464 448 447
f 451 450 460
f 451 460 452
f 449 448 464
f 449 464 450
f 457 454 453
f 453 452 459
f 455 454 457
f 455 457 456
f 453 459 457
f 459 452 460
f 450 462 461
f 460 450 461
f 463 462 450
f 465 464 442
f 467 466 435
f 465 442 466
f 469 468 435
f 467 435 468
f 469 435 470
f 472 471 435
f 435 471 470
f 435 474 473
f 472 435 473
f 475 474 434
f 459 458 457
f 463 450 464
f 475 432 476
f 431 430 1528
f 431 1528 432
f 1528 476 432
f 234 977 1016
f 977 978 1016
f 978 979 1016
f 979 980 1016
f 980 981 1016
f 982 1016 981
f 982 983 1016
f 983 985 1016
f 984 1016 985
f 984 986 1016
f 986 987 1016
f 987 988 1016
f 989 1016 988
f 989 990 1016
f 991 1016 990
f 991 992 1016
f 993 1016 992
f 993 994 1016
f 994 995 1016
f 996 1016 995
f 997 1016 996
f 997 998 1016
f 998 999 1016
f 999 1000 1016
f 1001 1016 1000
f 1002 1016 1001
f 1002 1003 1016
f 1004 1016 1003
f 1004 1005 1016
f 1006 1016 1005
f 1006 1007 1016
f 1008 1016 1007
f 1008 1009 1016
f 1009 1010 1016
f 1010 1011 1016
f 1012 1016 1011
f 1012 1013 1016
f 1014 1016 1013
f 1014 1015 1016
f 430 1016 1548
f 430 1529 1528
f 430 1530 1529
f 430 1532 1531
f 430 1531 1530
f 430 1533 1534
f 430 1534 1532
f 430 1535 1533
f 430 1538 1537
f 430 1536 1535
f 430 1537 1536
f 430 1561 1563
f 430 1552 1553
f 430 1548 1549
f 430 1549 1550
f 430 1550 1551
f 430 1551 1552
f 430 1554 1555
f 430 1553 1554
f 430 1547 1559
f 430 1555 1547
f 430 1559 1558
f 430 1557 1562
f 430 1560 1556
f 430 1558 1560
f 430 1556 1557
f 430 1562 1561
f 430 1543 1544
f 430 1546 1543
f 430 1545 1546
f 430 1539 1538
f 430 1541 1540
f 430 1540 1539
f 430 1544 1542
f 430 1542 1541
f 430 1564 1545
f 430 1563 1564
f 1569 1568 1570
f 1571 1566 1572
f 1575 1572 1581
f 1567 1568 1569
f 1568 1566 1571
f 1581 1572 1566
f 1575 1581 1580
f 1574 1580 1579
f 1576 1579 1578
f 1565 1566 1568
f 1597 1578 1583
f 1597 1584 1585
f 1597 1583 1582
f 1597 1582 1584
f 1586 1599 1585
f 1586 1587 1599
f 1573 1570 1571
f 1568 1571 1570
f 1574 1575 1580
f 1577 1574 1579
f 1576 1577 1579
f 1576 1578 1597
f 1597 1585 1598
f 1598 1585 1599
f 1591 1601 1599
f 1591 1602 1600
f 1591 1600 1601
f 1591 1603 1602
f 1591 1604 1603
f 1591 1605 1604
f 1605 1592 1606
f 1606 1594 1607
f 1587 1588 1599
f 1590 1599 1589
f 1588 1589 1599
f 1590 1591 1599
f 1591 1592 1605
f 1593 1606 1592
f 1593 1594 1606
f 1608 1594 1609
f 1608 1607 1594
f 1609 1594 2037
f 1595 1596 2037
f 1595 2037 1594
f 1596 1794 2546
f 1794 1795 2546
f 1796 2546 1795
f 1797 2546 1796
f 1797 1798 2546
f 1798 1799 2546
f 1800 2546 1799
f 1800 1801 2546
f 1802 2546 1801
f 1802 1803 2546
f 1803 1804 2546
f 1805 2546 1804
f 1805 1806 2546
f 1806 1807 2546
f 1807 1808 2546
f 1809 1810 2546
f 1809 2546 1808
f 1811 2546 1810
f 1811 1812 2546
f 1813 2546 1812
f 1813 1814 2546
f 1815 1816 2546
f 1815 2546 1814
f 1816 1817 2546
f 1817 1818 2546
f 1818 1819 2546
f 1820 2546 1819
f 1820 1821 2546
f 1822 2546 1821
f 1823 2546 1822
f 1823 1824 2546
f 1824 1826 2546
f 1825 2546 1826
f 1825 1827 2546
f 1828 2546 1827
f 1829 2546 1828
f 1829 1830 2546
f 1830 1831 2546
f 1831 1832 2546
f 1833 2546 1832
f 1834 2546 1833
f 1834 1835 2546
f 1596 2038 2037
f 1596 2039 2038
f 1596 2040 2039
f 1596 2041 2040
f 1596 2042 2041
f 1596 2043 2042
f 1596 2044 2043
f 1596 2045 2044
f 1596 2046 2045
f 1596 2047 2046
f 1596 2048 2047
f 1596 2049 2048
f 1596 2050 2049
f 1596 2051 2050
f 1596 2052 2051
f 1596 2053 2052
f 1596 2054 2053
f 1596 2055 2054
f 1596 2056 2055
f 1596 2057 2056
f 1596 2058 2057
f 1596 2059 2058
f 1596 2060 2059
f 1596 2061 2060
f 1596 2063 2062
f 1596 2062 2061
f 1596 2064 2063
f 1596 2065 2064
f 1596 2066 2065
f 1596 2067 2066
f 1596 2068 2067
f 1596 2069 2068
f 1596 2070 2069
f 1596 2071 2070
f 1596 2072 2071
f 1596 2073 2072
f 1596 2546 2073
f 2546 1835 2547
f 2546 2547 2548
f 2546 2548 2549
f 2546 2549 2551
f 2546 2551 2550
f 2546 2550 2552
f 2546 2552 2553
f 2546 2553 2555
f 2546 2555 2554
f 2546 2562 2561
f 2546 2557 2578
f 2546 2574 2575
f 2546 2577 2574
f 2546 2578 2577
f 2546 2563 2562
f 2546 2564 2563
f 2546 2566 2565
f 2546 2565 2564
f 2546 2567 2566
f 2546 2570 2568
f 2546 2569 2570
f 2546 2571 2569
f 2546 2573 2572
f 2546 2572 2571
f 2546 2559 2573
f 2546 2568 2567
f 2546 2560 2559
f 2546 2576 2560
f 2546 2575 2576
f 2546 2556 2558
f 2546 2554 2556
f 2546 2558 2557