{
    "start_pose": [
        0.105,
        -0.034291,
        0.536,
        0.0,
        0.0,
        0.0,
        1.0
    ],
    "goals": [
        [
            0.105,
            -0.034291,
            0.584,
            0.0,
            0.0,
            0.0,
            1.0
        ],
        [
            0.105,
            -0.034291,
            0.632,
            0.0,
            0.0,
            0.0,
            1.0
        ],
        [
            0.105,
            -0.034291,
            0.68,
            0.0,
            0.0,
            0.0,
            1.0
        ],
        [
            0.077465,
            -0.023747,
            0.68,
            0.0,
            -0.130526,
            0.0,
            0.991445
        ],
        [
            0.04993,
            -0.013203,
            0.68,
            0.0,
            -0.258819,
            0.0,
            0.965926
        ],
        [
            0.022395,
            -0.00266,
            0.68,
            0.0,
            -0.382683,
            0.0,
            0.92388
        ],
        [
            -0.00514,
            0.007884,
            0.68,
            0.0,
            -0.5,
            0.0,
            0.866025
        ],
        [
            -0.032674,
            0.018428,
            0.68,
            0.0,
            -0.608761,
            0.0,
            0.793353
        ],
        [
            -0.060209,
            0.028972,
            0.68,
            0.0,
            -0.707107,
            0.0,
            0.707107
        ],
        [
            -0.060209,
            0.028972,
            0.639756,
            -0.0,
            -0.707107,
            -0.0,
            0.707107
        ],
        [
            -0.060209,
            0.028972,
            0.599511,
            -0.0,
            -0.707107,
            -0.0,
            0.707107
        ],
        [
            -0.060209,
            0.028972,
            0.559267,
            -0.0,
            -0.707107,
            -0.0,
            0.707107
        ]
    ]
}
