{
    "start_pose": [
        0.135,
        0.07024,
        0.53635,
        0.0,
        0.0,
        0.0,
        1.0
    ],
    "goals": [
        [
            0.135,
            0.07024,
            0.552311,
            0.0,
            0.0,
            0.0,
            1.0
        ],
        [
            0.135,
            0.07024,
            0.600194,
            0.0,
            0.0,
            0.0,
            1.0
        ],
        [
            0.135,
            0.07024,
            0.68,
            0.0,
            0.0,
            0.0,
            1.0
        ],
        [
            0.119074,
            0.068,
            0.68,
            0.0,
            0.0,
            0.0,
            1.0
        ],
        [
            0.079259,
            0.0624,
            0.68,
            0.0,
            0.0,
            0.0,
            1.0
        ],
        [
            0.0275,
            0.05512,
            0.68,
            0.0,
            0.0,
            0.0,
            1.0
        ],
        [
            -0.024259,
            0.04784,
            0.68,
            0.0,
            0.0,
            0.0,
            1.0
        ],
        [
            -0.064074,
            0.04224,
            0.68,
            0.0,
            0.0,
            0.0,
            1.0
        ],
        [
            -0.08,
            0.04,
            0.68,
            -0.0,
            -0.0,
            -0.0,
            1.0
        ],
        [
            -0.08,
            0.04,
            0.600412,
            -0.0,
            -0.0,
            -0.0,
            1.0
        ],
        [
            -0.08,
            0.04,
            0.552659,
            -0.0,
            -0.0,
            -0.0,
            1.0
        ],
        [
            -0.08,
            0.04,
            0.536741,
            -0.0,
            -0.0,
            -0.0,
            1.0
        ]
    ]
}
