{
    "start_pose": [
        0.0555,
        0.0085,
        0.5727,
        0.370312,
        0.370312,
        -0.602386,
        0.602386
    ],
    "goals": [
        [
            0.0555,
            0.0085,
            0.62,
            0.370312,
            0.370312,
            -0.602386,
            0.602386
        ],
        [
            0.0555,
            0.0085,
            0.66,
            0.370312,
            0.370312,
            -0.602386,
            0.602386
        ],
        [
            0.0555,
            0.0085,
            0.7,
            0.370312,
            0.370312,
            -0.602386,
            0.602386
        ],
        [
            0.0,
            0.02,
            0.7,
            0.25,
            0.25,
            -0.4,
            0.84
        ],
        [
            -0.05,
            0.03,
            0.7,
            0.0,
            0.0,
            0.0,
            1.0
        ],
        [
            -0.08,
            0.04,
            0.66,
            0.0,
            0.0,
            0.0,
            1.0
        ],
        [
            -0.08,
            0.04,
            0.62,
            0.0,
            0.0,
            0.0,
            1.0
        ],
        [
            -0.08,
            0.04,
            0.58,
            0.0,
            0.0,
            0.0,
            1.0
        ],
        [
            -0.08,
            0.04,
            0.56,
            0.0,
            0.0,
            0.0,
            1.0
        ],
        [
            -0.08,
            0.04,
            0.55,
            0.0,
            0.0,
            0.0,
            1.0
        ]
    ]
}