{
    "start_pose": [
        0.0555,
        0.0085,
        0.5727,
        0.370312,
        0.370312,
        -0.602386,
        0.602386
    ],
    "goals": [
        [
            -0.08,
            0.04,
            0.55,
            0.0,
            0.0,
            0.0,
            1.0
        ]
    ]
}