{
    "start_pose": [
        0.165,
        0.0115,
        0.539,
        0.0,
        0.0,
        0.0,
        1.0
    ],
    "goals": [
        [
            0.165,
            0.0115,
            0.586,
            0.0,
            0.0,
            0.0,
            1.0
        ],
        [
            0.165,
            0.0115,
            0.633,
            0.0,
            0.0,
            0.0,
            1.0
        ],
        [
            0.165,
            0.0115,
            0.68,
            0.0,
            0.0,
            0.0,
            1.0
        ],
        [
            0.128647,
            0.020731,
            0.68,
            0.100256,
            0.100256,
            -0.100256,
            0.984808
        ],
        [
            0.092295,
            0.029961,
            0.68,
            0.197465,
            0.197465,
            -0.197465,
            0.939693
        ],
        [
            0.055942,
            0.039192,
            0.68,
            0.288675,
            0.288675,
            -0.288675,
            0.866025
        ],
        [
            0.019589,
            0.048423,
            0.68,
            0.371114,
            0.371114,
            -0.371114,
            0.766044
        ],
        [
            -0.016764,
            0.057653,
            0.68,
            0.442276,
            0.442276,
            -0.442276,
            0.642788
        ],
        [
            -0.053116,
            0.066884,
            0.68,
            0.5,
            0.5,
            -0.5,
            0.5
        ],
        [
            -0.053116,
            0.066884,
            0.646333,
            0.5,
            0.5,
            -0.5,
            0.5
        ],
        [
            -0.053116,
            0.066884,
            0.612667,
            0.5,
            0.5,
            -0.5,
            0.5
        ],
        [
            -0.053116,
            0.066884,
            0.579,
            0.5,
            0.5,
            -0.5,
            0.5
        ]
    ]
}
