{
    "start_pose": [
        0.135,
        -0.07475,
        0.542501,
        0.0,
        0.0,
        0.0,
        1.0
    ],
    "goals": [
        [
            0.135,
            -0.07475,
            0.588334,
            0.0,
            0.0,
            0.0,
            1.0
        ],
        [
            0.135,
            -0.07475,
            0.634167,
            0.0,
            0.0,
            0.0,
            1.0
        ],
        [
            0.135,
            -0.07475,
            0.68,
            0.0,
            0.0,
            0.0,
            1.0
        ],
        [
            0.105833,
            -0.055583,
            0.68,
            0.100256,
            0.100256,
            -0.100256,
            0.984808
        ],
        [
            0.076667,
            -0.036416,
            0.68,
            0.197465,
            0.197465,
            -0.197465,
            0.939693
        ],
        [
            0.0475,
            -0.017248,
            0.68,
            0.288675,
            0.288675,
            -0.288675,
            0.866025
        ],
        [
            0.018333,
            0.001919,
            0.68,
            0.371114,
            0.371114,
            -0.371114,
            0.766044
        ],
        [
            -0.010833,
            0.021086,
            0.68,
            0.442276,
            0.442276,
            -0.442276,
            0.642788
        ],
        [
            -0.04,
            0.040253,
            0.68,
            0.5,
            0.5,
            -0.5,
            0.5
        ],
        [
            -0.04,
            0.040253,
            0.653333,
            0.5,
            0.5,
            -0.5,
            0.5
        ],
        [
            -0.04,
            0.040253,
            0.626667,
            0.5,
            0.5,
            -0.5,
            0.5
        ],
        [
            -0.04,
            0.040253,
            0.6,
            0.5,
            0.5,
            -0.5,
            0.5
        ]
    ]
}
