{
    "start_pose": [
        0.14075,
        -0.009759,
        0.540029,
        0.0,
        0.0,
        0.0,
        1.0
    ],
    "goals": [
        [
            0.14075,
            -0.009759,
            0.586686,
            0.0,
            0.0,
            0.0,
            1.0
        ],
        [
            0.14075,
            -0.009759,
            0.633343,
            0.0,
            0.0,
            0.0,
            1.0
        ],
        [
            0.14075,
            -0.009759,
            0.68,
            0.0,
            0.0,
            0.0,
            1.0
        ],
        [
            0.095625,
            0.006868,
            0.68,
            0.0,
            -0.130526,
            0.0,
            0.991445
        ],
        [
            0.0505,
            0.023494,
            0.68,
            0.0,
            -0.258819,
            0.0,
            0.965926
        ],
        [
            0.005375,
            0.040121,
            0.68,
            0.0,
            -0.382683,
            0.0,
            0.92388
        ],
        [
            -0.03975,
            0.056747,
            0.68,
            0.0,
            -0.5,
            0.0,
            0.866025
        ],
        [
            -0.084875,
            0.073374,
            0.68,
            0.0,
            -0.608761,
            0.0,
            0.793353
        ],
        [
            -0.13,
            0.09,
            0.68,
            0.0,
            -0.707107,
            0.0,
            0.707107
        ],
        [
            -0.13,
            0.09,
            0.635833,
            -0.0,
            -0.707107,
            -0.0,
            0.707107
        ],
        [
            -0.13,
            0.09,
            0.591667,
            -0.0,
            -0.707107,
            -0.0,
            0.707107
        ],
        [
            -0.13,
            0.09,
            0.5475,
            -0.0,
            -0.707107,
            -0.0,
            0.707107
        ]
    ]
}
