{
    "start_pose": [
        0.135,
        0.0575,
        0.555,
        0.0,
        0.0,
        0.0,
        1.0
    ],
    "goals": [
        [
            0.135,
            0.0575,
            0.596667,
            0.0,
            0.0,
            0.0,
            1.0
        ],
        [
            0.135,
            0.0575,
            0.638333,
            0.0,
            0.0,
            0.0,
            1.0
        ],
        [
            0.135,
            0.0575,
            0.68,
            0.0,
            0.0,
            0.0,
            1.0
        ],
        [
            0.098784,
            0.054583,
            0.68,
            0.130526,
            0.0,
            0.0,
            0.991445
        ],
        [
            0.062569,
            0.051667,
            0.68,
            0.258819,
            0.0,
            0.0,
            0.965926
        ],
        [
            0.026353,
            0.04875,
            0.68,
            0.382683,
            0.0,
            0.0,
            0.92388
        ],
        [
            -0.009863,
            0.045833,
            0.68,
            0.5,
            0.0,
            0.0,
            0.866025
        ],
        [
            -0.046078,
            0.042917,
            0.68,
            0.608761,
            0.0,
            0.0,
            0.793353
        ],
        [
            -0.082294,
            0.04,
            0.68,
            0.707107,
            0.0,
            0.0,
            0.707107
        ],
        [
            -0.082294,
            0.04,
            0.65699,
            0.707107,
            0.0,
            0.0,
            0.707107
        ],
        [
            -0.082294,
            0.04,
            0.63398,
            0.707107,
            0.0,
            0.0,
            0.707107
        ],
        [
            -0.082294,
            0.04,
            0.610971,
            0.707107,
            0.0,
            0.0,
            0.707107
        ]
    ]
}
