{
    "start_pose": [
        0.135,
        0.121569,
        0.53825,
        0.0,
        0.0,
        0.0,
        1.0
    ],
    "goals": [
        [
            0.135,
            0.121569,
            0.554,
            0.0,
            0.0,
            0.0,
            1.0
        ],
        [
            0.135,
            0.121569,
            0.60125,
            0.0,
            0.0,
            0.0,
            1.0
        ],
        [
            0.135,
            0.121569,
            0.68,
            0.0,
            0.0,
            0.0,
            1.0
        ],
        [
            0.119074,
            0.115527,
            0.68,
            0.0,
            0.0,
            0.0,
            1.0
        ],
        [
            0.079259,
            0.100422,
            0.68,
            0.0,
            0.0,
            0.0,
            1.0
        ],
        [
            0.0275,
            0.080785,
            0.68,
            0.0,
            0.0,
            0.0,
            1.0
        ],
        [
            -0.024259,
            0.061148,
            0.68,
            0.0,
            0.0,
            0.0,
            1.0
        ],
        [
            -0.064074,
            0.046042,
            0.68,
            0.0,
            0.0,
            0.0,
            1.0
        ],
        [
            -0.08,
            0.04,
            0.68,
            -0.0,
            -0.0,
            -0.0,
            1.0
        ],
        [
            -0.08,
            0.04,
            0.60125,
            -0.0,
            -0.0,
            -0.0,
            1.0
        ],
        [
            -0.08,
            0.04,
            0.554,
            -0.0,
            -0.0,
            -0.0,
            1.0
        ],
        [
            -0.08,
            0.04,
            0.53825,
            -0.0,
            -0.0,
            -0.0,
            1.0
        ]
    ]
}
