{"global_step": 65536, "_timestamp": 1772065147.8362534, "losses/cval_loss": 0.3457079231739044, "info/cval_lr": 9.999999747378752e-05, "performance/wallclock_fps": 1791.65234375, "performance/epoch_wallclock_time": 9.144631385803223, "performance/step_inference_rl_update_fps": 1845.056884765625, "performance/step_inference_fps": 2222.68603515625, "performance/step_fps": 2318.32177734375, "performance/rl_update_time": 1.5086815357208252, "performance/step_inference_time": 7.3712615966796875, "performance/step_time": 7.067180633544922, "performance/frames_vs_minutes": 81920, "losses/a_loss": 0.0020780637860298157, "losses/c_loss": 0.3736846148967743, "losses/entropy": 41.15687942504883, "info/last_lr": 9.999999747378752e-05, "info/lr_mul": 1.0, "info/e_clip": 0.10000000149011612, "info/kl": 0.011349715292453766, "info/epochs": 5.0, "losses/bounds_loss": 0.0, "cuda_profile/step/pre_physics": 107.20985412597656, "cuda_profile/step/simulate": 309.37652587890625, "cuda_profile/step/post_physics": 6638.7021484375, "cuda_profile/step/bookkeeping": 6.28982400894165, "_runtime": 158, "_step": 5, "rewards": 123.0750503540039, "shaped_rewards": 1.2307502031326294, "episode_lengths": 36.33333206176758, "auxiliary_stats/off_policy_contrib": 0.0, "auxiliary_stats/on_policy_contrib": 0.5442165732383728, "intr_rewards/entropy_block_0": 38.87724685668945, "intr_rewards/entropy_block_1": 38.87867736816406, "intr_rewards/entropy_block_2": 41.15297317504883, "intr_rewards/entropy_block_3": 41.146541595458984, "intr_rewards/entropy_block_4": 41.15150833129883, "intr_rewards/entropy_block_5": 41.1461296081543, "intr_rewards/entropy_block_6": 38.86778259277344, "intr_rewards/entropy_block_7": 41.16535568237305, "episode_cumulative/fingertip_delta_rew": 5.737056732177734, "episode_cumulative_min/fingertip_delta_rew_min": 0.0, "episode_cumulative_max/fingertip_delta_rew_max": 11.80582332611084, "episode_cumulative/hand_delta_penalty": 0.0, "episode_cumulative_min/hand_delta_penalty_min": 0.0, "episode_cumulative_max/hand_delta_penalty_max": 0.0, "episode_cumulative/lifting_rew": 5.866845607757568, "episode_cumulative_min/lifting_rew_min": 0.0, "episode_cumulative_max/lifting_rew_max": 10.297930717468262, "episode_cumulative/lift_bonus_rew": 100.0, "episode_cumulative_min/lift_bonus_rew_min": 0.0, "episode_cumulative_max/lift_bonus_rew_max": 300.0, "episode_cumulative/keypoint_rew": 16.85540771484375, "episode_cumulative_min/keypoint_rew_min": 0.0, "episode_cumulative_max/keypoint_rew_max": 50.56622314453125, "episode_cumulative/kuka_actions_penalty": -2.2392101287841797, "episode_cumulative_min/kuka_actions_penalty_min": -3.264829158782959, "episode_cumulative_max/kuka_actions_penalty_max": -1.3714523315429688, "episode_cumulative/hand_actions_penalty": -3.145055055618286, "episode_cumulative_min/hand_actions_penalty_min": -3.9886958599090576, "episode_cumulative_max/hand_actions_penalty_max": -2.080357074737549, "episode_cumulative/bonus_rew": 0.0, "episode_cumulative_min/bonus_rew_min": 0.0, "episode_cumulative_max/bonus_rew_max": 0.0, "episode_cumulative/object_lin_vel_penalty": 0.0, "episode_cumulative_min/object_lin_vel_penalty_min": 0.0, "episode_cumulative_max/object_lin_vel_penalty_max": 0.0, "episode_cumulative/object_ang_vel_penalty": 0.0, "episode_cumulative_min/object_ang_vel_penalty_min": 0.0, "episode_cumulative_max/object_ang_vel_penalty_max": 0.0, "episode_cumulative/total_reward": 123.0750503540039, "episode_cumulative_min/total_reward_min": 8.449751853942871, "episode_cumulative_max/total_reward_max": 347.11444091796875, "scalars/success_tolerance": 0.07500000298023224, "tyler_curriculum_scale": 0.0, "mean_successes": 0.0, "mean_success_ratio": 0.0, "minutes_elapsed_since_last_update": 2.636218547821045, "success_ratio": 0.0, "turn_off_palm_vel_obs_scale": 1.0, "turn_off_object_vel_obs_scale": 1.0, "turn_off_extra_obs_scale": 1.0, "reset/object_z_low": 0.8823529481887817, "successes": 0.0, "successes_median": 0.0, "successes_max": 0.0, "successes_per_block/block_0": 0.0, "successes_per_block/block_1": 0.0, "successes_per_block/block_2": 0.0, "successes_per_block/block_3": 0.0, "successes_per_block/block_4": 0.0, "successes_per_block/block_5": 0.0, "successes_per_block/block_6": 0.0, "successes_per_block/block_7": 0.0, "closest_keypoint_max_dist": 0.0, "closest_keypoint_max_dist_median": 0.0, "closest_keypoint_max_dist_max": 0.0, "closest_keypoint_max_dist_per_block/block_0": 0.0, "closest_keypoint_max_dist_per_block/block_1": 0.0, "closest_keypoint_max_dist_per_block/block_2": 0.0, "closest_keypoint_max_dist_per_block/block_3": 0.0, "closest_keypoint_max_dist_per_block/block_4": 0.0, "closest_keypoint_max_dist_per_block/block_5": 0.0, "closest_keypoint_max_dist_per_block/block_6": 0.0, "closest_keypoint_max_dist_per_block/block_7": 0.0, "true_objective_mean": 0.0, "true_objective_max": 0.0, "reset/hand_far_from_object": 0.11764705926179886, "performance/elapsed_minutes": 0.9312321186065674, "_wandb": {"runtime": 160}}