{
    "start_pose": [
        0.07,
        -0.009759,
        0.538749,
        0.0,
        0.0,
        0.0,
        1.0
    ],
    "goals": [
        [
            0.07,
            -0.009759,
            0.585832,
            0.0,
            0.0,
            0.0,
            1.0
        ],
        [
            0.07,
            -0.009759,
            0.632916,
            0.0,
            0.0,
            0.0,
            1.0
        ],
        [
            0.07,
            -0.009759,
            0.68,
            0.0,
            0.0,
            0.0,
            1.0
        ],
        [
            0.050195,
            -0.001466,
            0.68,
            0.100256,
            0.100256,
            -0.100256,
            0.984808
        ],
        [
            0.030391,
            0.006827,
            0.68,
            0.197465,
            0.197465,
            -0.197465,
            0.939693
        ],
        [
            0.010586,
            0.015121,
            0.68,
            0.288675,
            0.288675,
            -0.288675,
            0.866025
        ],
        [
            -0.009218,
            0.023414,
            0.68,
            0.371114,
            0.371114,
            -0.371114,
            0.766044
        ],
        [
            -0.029023,
            0.031707,
            0.68,
            0.442276,
            0.442276,
            -0.442276,
            0.642788
        ],
        [
            -0.048827,
            0.04,
            0.68,
            0.5,
            0.5,
            -0.5,
            0.5
        ],
        [
            -0.048827,
            0.04,
            0.64275,
            0.5,
            0.5,
            -0.5,
            0.5
        ],
        [
            -0.048827,
            0.04,
            0.6055,
            0.5,
            0.5,
            -0.5,
            0.5
        ],
        [
            -0.048827,
            0.04,
            0.56825,
            0.5,
            0.5,
            -0.5,
            0.5
        ]
    ]
}
