{
    "start_pose": [
        0.135,
        -0.065047,
        0.539912,
        0.0,
        0.0,
        0.0,
        1.0
    ],
    "goals": [
        [
            0.135,
            -0.065047,
            0.555478,
            0.0,
            0.0,
            0.0,
            1.0
        ],
        [
            0.135,
            -0.065047,
            0.602174,
            0.0,
            0.0,
            0.0,
            1.0
        ],
        [
            0.135,
            -0.065047,
            0.68,
            0.0,
            0.0,
            0.0,
            1.0
        ],
        [
            0.122782,
            -0.053562,
            0.68,
            -0.04474,
            -0.04474,
            -0.04474,
            0.996993
        ],
        [
            0.092238,
            -0.024849,
            0.68,
            -0.15483,
            -0.15483,
            -0.15483,
            0.963371
        ],
        [
            0.05253,
            0.012477,
            0.68,
            -0.288675,
            -0.288675,
            -0.288675,
            0.866025
        ],
        [
            0.012822,
            0.049803,
            0.68,
            -0.404271,
            -0.404271,
            -0.404271,
            0.71393
        ],
        [
            -0.017723,
            0.078515,
            0.68,
            -0.476126,
            -0.476126,
            -0.476126,
            0.565607
        ],
        [
            -0.029941,
            0.09,
            0.68,
            -0.5,
            -0.5,
            -0.5,
            0.5
        ],
        [
            -0.029941,
            0.09,
            0.606389,
            -0.5,
            -0.5,
            -0.5,
            0.5
        ],
        [
            -0.029941,
            0.09,
            0.562222,
            -0.5,
            -0.5,
            -0.5,
            0.5
        ],
        [
            -0.029941,
            0.09,
            0.5475,
            -0.5,
            -0.5,
            -0.5,
            0.5
        ]
    ]
}
