{
    "start_pose": [
        0.0725,
        0.0115,
        0.539,
        0.0,
        0.0,
        0.0,
        1.0
    ],
    "goals": [
        [
            0.0725,
            0.0115,
            0.586,
            0.0,
            0.0,
            0.0,
            1.0
        ],
        [
            0.0725,
            0.0115,
            0.633,
            0.0,
            0.0,
            0.0,
            1.0
        ],
        [
            0.0725,
            0.0115,
            0.68,
            0.0,
            0.0,
            0.0,
            1.0
        ],
        [
            0.042603,
            0.011769,
            0.68,
            0.0,
            -0.130526,
            0.0,
            0.991445
        ],
        [
            0.012705,
            0.012039,
            0.68,
            0.0,
            -0.258819,
            0.0,
            0.965926
        ],
        [
            -0.017192,
            0.012308,
            0.68,
            0.0,
            -0.382683,
            0.0,
            0.92388
        ],
        [
            -0.047089,
            0.012577,
            0.68,
            0.0,
            -0.5,
            0.0,
            0.866025
        ],
        [
            -0.076987,
            0.012847,
            0.68,
            0.0,
            -0.608761,
            0.0,
            0.793353
        ],
        [
            -0.106884,
            0.013116,
            0.68,
            0.0,
            -0.707107,
            0.0,
            0.707107
        ],
        [
            -0.106884,
            0.013116,
            0.663833,
            -0.0,
            -0.707107,
            -0.0,
            0.707107
        ],
        [
            -0.106884,
            0.013116,
            0.647667,
            -0.0,
            -0.707107,
            -0.0,
            0.707107
        ],
        [
            -0.106884,
            0.013116,
            0.6315,
            -0.0,
            -0.707107,
            -0.0,
            0.707107
        ]
    ]
}
