{
    "start_pose": [
        0.135,
        0.12,
        0.584462,
        0.0,
        0.0,
        0.0,
        1.0
    ],
    "goals": [
        [
            0.135,
            0.12,
            0.595077,
            0.0,
            0.0,
            0.0,
            1.0
        ],
        [
            0.135,
            0.12,
            0.626923,
            0.0,
            0.0,
            0.0,
            1.0
        ],
        [
            0.135,
            0.12,
            0.68,
            0.0,
            0.0,
            0.0,
            1.0
        ],
        [
            0.118344,
            0.114074,
            0.68,
            0.0,
            -0.058145,
            0.0,
            0.998308
        ],
        [
            0.076704,
            0.099259,
            0.68,
            0.0,
            -0.202218,
            0.0,
            0.979341
        ],
        [
            0.022573,
            0.079999,
            0.68,
            0.0,
            -0.382683,
            0.0,
            0.92388
        ],
        [
            -0.031559,
            0.06074,
            0.68,
            0.0,
            -0.549509,
            0.0,
            0.835488
        ],
        [
            -0.073199,
            0.045925,
            0.68,
            0.0,
            -0.664796,
            0.0,
            0.747025
        ],
        [
            -0.089855,
            0.039999,
            0.68,
            -0.0,
            -0.707107,
            -0.0,
            0.707107
        ],
        [
            -0.089855,
            0.039999,
            0.636572,
            -0.0,
            -0.707107,
            -0.0,
            0.707107
        ],
        [
            -0.089855,
            0.039999,
            0.610516,
            -0.0,
            -0.707107,
            -0.0,
            0.707107
        ],
        [
            -0.089855,
            0.039999,
            0.60183,
            -0.0,
            -0.707107,
            -0.0,
            0.707107
        ]
    ]
}
