{
    "start_pose": [
        0.14075,
        -0.019759,
        0.538749,
        0.0,
        0.0,
        0.0,
        1.0
    ],
    "goals": [
        [
            0.14075,
            -0.019759,
            0.554443,
            0.0,
            0.0,
            0.0,
            1.0
        ],
        [
            0.14075,
            -0.019759,
            0.601527,
            0.0,
            0.0,
            0.0,
            1.0
        ],
        [
            0.14075,
            -0.019759,
            0.68,
            0.0,
            0.0,
            0.0,
            1.0
        ],
        [
            0.126697,
            -0.015332,
            0.68,
            -0.04474,
            -0.04474,
            -0.04474,
            0.996993
        ],
        [
            0.091564,
            -0.004266,
            0.68,
            -0.15483,
            -0.15483,
            -0.15483,
            0.963371
        ],
        [
            0.045892,
            0.010121,
            0.68,
            -0.288675,
            -0.288675,
            -0.288675,
            0.866025
        ],
        [
            0.000219,
            0.024507,
            0.68,
            -0.404271,
            -0.404271,
            -0.404271,
            0.71393
        ],
        [
            -0.034914,
            0.035573,
            0.68,
            -0.476126,
            -0.476126,
            -0.476126,
            0.565607
        ],
        [
            -0.048967,
            0.04,
            0.68,
            -0.5,
            -0.5,
            -0.5,
            0.5
        ],
        [
            -0.048967,
            0.04,
            0.615691,
            -0.5,
            -0.5,
            -0.5,
            0.5
        ],
        [
            -0.048967,
            0.04,
            0.577106,
            -0.5,
            -0.5,
            -0.5,
            0.5
        ],
        [
            -0.048967,
            0.04,
            0.564244,
            -0.5,
            -0.5,
            -0.5,
            0.5
        ]
    ]
}
