{
  "0": {
    "assembled_to_canonical_wxyz": [
      0.5,
      -0.5,
      0.5,
      0.5
    ],
    "original_centroid": [
      5.999999999964367e-08,
      0.0,
      0.051908380000000004
    ],
    "canonical_extents": [
      0.08,
      0.049500039999999995,
      0.04272292
    ]
  },
  "1": {
    "assembled_to_canonical_wxyz": [
      0.5,
      -0.5,
      -0.5,
      0.5
    ],
    "original_centroid": [
      -0.04,
      0.0012658,
      0.07
    ],
    "canonical_extents": [
      0.07,
      0.028832799999999992,
      0.0250012
    ]
  },
  "2": {
    "assembled_to_canonical_wxyz": [
      0.7071067811865475,
      -0.7071067811865475,
      -0.0,
      -0.0
    ],
    "original_centroid": [
      0.0,
      0.001265800000000001,
      0.0325
    ],
    "canonical_extents": [
      0.16,
      0.065,
      0.04
    ]
  },
  "3": {
    "assembled_to_canonical_wxyz": [
      1.0,
      0.0,
      0.0,
      0.0
    ],
    "original_centroid": [
      0.0,
      0.001265800000000001,
      0.07807365
    ],
    "canonical_extents": [
      0.1,
      0.04,
      0.026147299999999984
    ]
  },
  "4": {
    "assembled_to_canonical_wxyz": [
      0.5,
      -0.5,
      -0.5,
      0.5
    ],
    "original_centroid": [
      0.04,
      0.0012658,
      0.07
    ],
    "canonical_extents": [
      0.07,
      0.028832799999999992,
      0.0250012
    ]
  }
}