{
  "0": {
    "assembled_to_canonical_wxyz": [
      0.5000000000000001,
      -0.4999999999999999,
      0.5,
      0.5
    ],
    "canonical_to_assembled_wxyz": [
      0.5000000000000001,
      0.4999999999999999,
      -0.5,
      -0.5
    ],
    "original_centroid": [
      5.357519444600309e-08,
      -1.6143537234733219e-18,
      0.0519083630418849
    ],
    "canonical_extents": [
      0.08000000000000002,
      0.04950004000000002,
      0.042722920000000005
    ],
    "assembled_extents": [
      0.04272292,
      0.08,
      0.049500039999999995
    ]
  },
  "1": {
    "assembled_to_canonical_wxyz": [
      0.5000000000000001,
      0.5,
      0.4999999999999999,
      0.5
    ],
    "canonical_to_assembled_wxyz": [
      0.5000000000000001,
      -0.5,
      -0.4999999999999999,
      -0.5
    ],
    "original_centroid": [
      -0.03999996231553934,
      0.0012657693598495398,
      0.08086564769519324
    ],
    "canonical_extents": [
      0.06999999999999999,
      0.0288328,
      0.0250012
    ],
    "assembled_extents": [
      0.028832799999999992,
      0.0250012,
      0.07
    ]
  },
  "2": {
    "assembled_to_canonical_wxyz": [
      0.7071067811865476,
      0.7071067811865475,
      0.0,
      0.0
    ],
    "canonical_to_assembled_wxyz": [
      0.7071067811865476,
      -0.7071067811865475,
      -0.0,
      -0.0
    ],
    "original_centroid": [
      1.533075071721482e-09,
      0.0012657968497858862,
      0.026403465785581608
    ],
    "canonical_extents": [
      0.16,
      0.065,
      0.040000000000000015
    ],
    "assembled_extents": [
      0.16,
      0.04,
      0.065
    ]
  },
  "3": {
    "assembled_to_canonical_wxyz": [
      1.0,
      0.0,
      0.0,
      0.0
    ],
    "canonical_to_assembled_wxyz": [
      1.0,
      -0.0,
      -0.0,
      -0.0
    ],
    "original_centroid": [
      5.360971583719754e-09,
      0.0012657981793669348,
      0.0757461121036857
    ],
    "canonical_extents": [
      0.1,
      0.04,
      0.0261473
    ],
    "assembled_extents": [
      0.1,
      0.04,
      0.026147299999999984
    ]
  },
  "4": {
    "assembled_to_canonical_wxyz": [
      0.5000000000000001,
      0.5,
      0.4999999999999999,
      0.5
    ],
    "canonical_to_assembled_wxyz": [
      0.5000000000000001,
      -0.5,
      -0.4999999999999999,
      -0.5
    ],
    "original_centroid": [
      0.040000037483384335,
      0.001265769271602523,
      0.08086564764246812
    ],
    "canonical_extents": [
      0.06999999999999999,
      0.0288328,
      0.025001200000000005
    ],
    "assembled_extents": [
      0.028832799999999992,
      0.0250012,
      0.07
    ]
  }
}