{
    "start_pose": [
        0.085,
        -0.015334,
        0.543074,
        0.0,
        0.0,
        0.0,
        1.0
    ],
    "goals": [
        [
            0.085,
            -0.015334,
            0.588716,
            0.0,
            0.0,
            0.0,
            1.0
        ],
        [
            0.085,
            -0.015334,
            0.634358,
            0.0,
            0.0,
            0.0,
            1.0
        ],
        [
            0.085,
            -0.015334,
            0.68,
            0.0,
            0.0,
            0.0,
            1.0
        ],
        [
            0.0575,
            -0.006069,
            0.68,
            0.0,
            0.0,
            0.0,
            1.0
        ],
        [
            0.03,
            0.003195,
            0.68,
            0.0,
            0.0,
            0.0,
            1.0
        ],
        [
            0.0025,
            0.01246,
            0.68,
            0.0,
            0.0,
            0.0,
            1.0
        ],
        [
            -0.025,
            0.021724,
            0.68,
            0.0,
            0.0,
            0.0,
            1.0
        ],
        [
            -0.0525,
            0.030989,
            0.68,
            0.0,
            0.0,
            0.0,
            1.0
        ],
        [
            -0.08,
            0.040253,
            0.68,
            0.0,
            0.0,
            0.0,
            1.0
        ],
        [
            -0.08,
            0.040253,
            0.656025,
            -0.0,
            -0.0,
            -0.0,
            1.0
        ],
        [
            -0.08,
            0.040253,
            0.632049,
            -0.0,
            -0.0,
            -0.0,
            1.0
        ],
        [
            -0.08,
            0.040253,
            0.608074,
            -0.0,
            -0.0,
            -0.0,
            1.0
        ]
    ]
}
