{
    "start_pose": [
        0.0894,
        -0.00151,
        0.535751,
        0.0,
        0.0,
        0.0,
        1.0
    ],
    "goals": [
        [
            0.0894,
            -0.00151,
            0.583834,
            0.0,
            0.0,
            0.0,
            1.0
        ],
        [
            0.0894,
            -0.00151,
            0.631917,
            0.0,
            0.0,
            0.0,
            1.0
        ],
        [
            0.0894,
            -0.00151,
            0.68,
            0.0,
            0.0,
            0.0,
            1.0
        ],
        [
            0.068577,
            0.005408,
            0.68,
            0.0,
            -0.130526,
            0.0,
            0.991445
        ],
        [
            0.047754,
            0.012327,
            0.68,
            0.0,
            -0.258819,
            0.0,
            0.965926
        ],
        [
            0.026932,
            0.019245,
            0.68,
            0.0,
            -0.382683,
            0.0,
            0.92388
        ],
        [
            0.006109,
            0.026163,
            0.68,
            0.0,
            -0.5,
            0.0,
            0.866025
        ],
        [
            -0.014714,
            0.033082,
            0.68,
            0.0,
            -0.608761,
            0.0,
            0.793353
        ],
        [
            -0.035537,
            0.04,
            0.68,
            0.0,
            -0.707107,
            0.0,
            0.707107
        ],
        [
            -0.035537,
            0.04,
            0.64257,
            -0.0,
            -0.707107,
            -0.0,
            0.707107
        ],
        [
            -0.035537,
            0.04,
            0.605139,
            -0.0,
            -0.707107,
            -0.0,
            0.707107
        ],
        [
            -0.035537,
            0.04,
            0.567709,
            -0.0,
            -0.707107,
            -0.0,
            0.707107
        ]
    ]
}
