{
    "start_pose": [
        0.135,
        0.054416,
        0.551361,
        0.0,
        0.0,
        0.0,
        1.0
    ],
    "goals": [
        [
            0.135,
            0.054416,
            0.594241,
            0.0,
            0.0,
            0.0,
            1.0
        ],
        [
            0.135,
            0.054416,
            0.63712,
            0.0,
            0.0,
            0.0,
            1.0
        ],
        [
            0.135,
            0.054416,
            0.68,
            0.0,
            0.0,
            0.0,
            1.0
        ],
        [
            0.099167,
            0.051845,
            0.68,
            0.100256,
            -0.100256,
            -0.100256,
            0.984808
        ],
        [
            0.063333,
            0.049273,
            0.68,
            0.197465,
            -0.197465,
            -0.197465,
            0.939693
        ],
        [
            0.0275,
            0.046702,
            0.68,
            0.288675,
            -0.288675,
            -0.288675,
            0.866025
        ],
        [
            -0.008333,
            0.04413,
            0.68,
            0.371114,
            -0.371114,
            -0.371114,
            0.766044
        ],
        [
            -0.044167,
            0.041559,
            0.68,
            0.442276,
            -0.442276,
            -0.442276,
            0.642788
        ],
        [
            -0.08,
            0.038987,
            0.68,
            0.5,
            -0.5,
            -0.5,
            0.5
        ],
        [
            -0.08,
            0.038987,
            0.647303,
            0.5,
            -0.5,
            -0.5,
            0.5
        ],
        [
            -0.08,
            0.038987,
            0.614606,
            0.5,
            -0.5,
            -0.5,
            0.5
        ],
        [
            -0.08,
            0.038987,
            0.581908,
            0.5,
            -0.5,
            -0.5,
            0.5
        ]
    ]
}
