{
    "start_pose": [
        0.195,
        0.003709,
        0.536,
        0.0,
        0.0,
        0.0,
        1.0
    ],
    "goals": [
        [
            0.195,
            0.003709,
            0.552,
            0.0,
            0.0,
            0.0,
            1.0
        ],
        [
            0.195,
            0.003709,
            0.6,
            0.0,
            0.0,
            0.0,
            1.0
        ],
        [
            0.195,
            0.003709,
            0.68,
            0.0,
            0.0,
            0.0,
            1.0
        ],
        [
            0.173166,
            0.00558,
            0.68,
            -0.04474,
            -0.04474,
            -0.04474,
            0.996993
        ],
        [
            0.118579,
            0.010258,
            0.68,
            -0.15483,
            -0.15483,
            -0.15483,
            0.963371
        ],
        [
            0.047617,
            0.016339,
            0.68,
            -0.288675,
            -0.288675,
            -0.288675,
            0.866025
        ],
        [
            -0.023345,
            0.02242,
            0.68,
            -0.404271,
            -0.404271,
            -0.404271,
            0.71393
        ],
        [
            -0.077931,
            0.027098,
            0.68,
            -0.476126,
            -0.476126,
            -0.476126,
            0.565607
        ],
        [
            -0.099766,
            0.028969,
            0.68,
            -0.5,
            -0.5,
            -0.5,
            0.5
        ],
        [
            -0.099766,
            0.028969,
            0.613154,
            -0.5,
            -0.5,
            -0.5,
            0.5
        ],
        [
            -0.099766,
            0.028969,
            0.573047,
            -0.5,
            -0.5,
            -0.5,
            0.5
        ],
        [
            -0.099766,
            0.028969,
            0.559677,
            -0.5,
            -0.5,
            -0.5,
            0.5
        ]
    ]
}
