{
    "start_pose": [
        0.0894,
        -0.01151,
        0.535751,
        0.0,
        0.0,
        0.0,
        1.0
    ],
    "goals": [
        [
            0.0894,
            -0.01151,
            0.551779,
            0.0,
            0.0,
            0.0,
            1.0
        ],
        [
            0.0894,
            -0.01151,
            0.599862,
            0.0,
            0.0,
            0.0,
            1.0
        ],
        [
            0.0894,
            -0.01151,
            0.68,
            0.0,
            0.0,
            0.0,
            1.0
        ],
        [
            0.080145,
            -0.007694,
            0.68,
            0.0,
            -0.058145,
            0.0,
            0.998308
        ],
        [
            0.057009,
            0.001844,
            0.68,
            0.0,
            -0.202218,
            0.0,
            0.979341
        ],
        [
            0.026932,
            0.014245,
            0.68,
            0.0,
            -0.382683,
            0.0,
            0.92388
        ],
        [
            -0.003146,
            0.026646,
            0.68,
            0.0,
            -0.549509,
            0.0,
            0.835488
        ],
        [
            -0.026282,
            0.036184,
            0.68,
            0.0,
            -0.664796,
            0.0,
            0.747025
        ],
        [
            -0.035537,
            0.04,
            0.68,
            -0.0,
            -0.707107,
            -0.0,
            0.707107
        ],
        [
            -0.035537,
            0.04,
            0.617833,
            -0.0,
            -0.707107,
            -0.0,
            0.707107
        ],
        [
            -0.035537,
            0.04,
            0.580533,
            -0.0,
            -0.707107,
            -0.0,
            0.707107
        ],
        [
            -0.035537,
            0.04,
            0.5681,
            -0.0,
            -0.707107,
            -0.0,
            0.707107
        ]
    ]
}
