{
    "start_pose": [
        0.1111,
        -0.0027,
        0.5065,
        0.204949,
        0.0,
        -0.0,
        0.978773
    ],
    "goals": [
        [
            -0.08,
            0.04,
            0.55,
            0.0,
            0.0,
            0.0,
            1.0
        ]
    ]
}