{
    "start_pose": [
        0.09675,
        0.085288,
        0.5475,
        0.0,
        0.0,
        0.0,
        1.0
    ],
    "goals": [
        [
            0.09675,
            0.085288,
            0.591667,
            0.0,
            0.0,
            0.0,
            1.0
        ],
        [
            0.09675,
            0.085288,
            0.635833,
            0.0,
            0.0,
            0.0,
            1.0
        ],
        [
            0.09675,
            0.085288,
            0.68,
            0.0,
            0.0,
            0.0,
            1.0
        ],
        [
            0.067292,
            0.07774,
            0.68,
            0.183013,
            0.183013,
            0.0,
            0.965926
        ],
        [
            0.037833,
            0.070192,
            0.68,
            0.353553,
            0.353553,
            0.0,
            0.866025
        ],
        [
            0.008375,
            0.062644,
            0.68,
            0.5,
            0.5,
            0.0,
            0.707107
        ],
        [
            -0.021083,
            0.055096,
            0.68,
            0.612372,
            0.612372,
            0.0,
            0.5
        ],
        [
            -0.050542,
            0.047548,
            0.68,
            0.683013,
            0.683013,
            0.0,
            0.258819
        ],
        [
            -0.08,
            0.04,
            0.68,
            0.707107,
            0.707107,
            0.0,
            0.0
        ],
        [
            -0.08,
            0.04,
            0.635833,
            -0.707107,
            -0.707107,
            -0.0,
            0.0
        ],
        [
            -0.08,
            0.04,
            0.591667,
            -0.707107,
            -0.707107,
            -0.0,
            0.0
        ],
        [
            -0.08,
            0.04,
            0.5475,
            -0.707107,
            -0.707107,
            -0.0,
            0.0
        ]
    ]
}
