{
    "start_pose": [
        0.21,
        0.013709,
        0.536,
        0.0,
        0.0,
        0.0,
        1.0
    ],
    "goals": [
        [
            0.21,
            0.013709,
            0.584,
            0.0,
            0.0,
            0.0,
            1.0
        ],
        [
            0.21,
            0.013709,
            0.632,
            0.0,
            0.0,
            0.0,
            1.0
        ],
        [
            0.21,
            0.013709,
            0.68,
            0.0,
            0.0,
            0.0,
            1.0
        ],
        [
            0.158377,
            0.016253,
            0.68,
            0.0,
            -0.130526,
            0.0,
            0.991445
        ],
        [
            0.106754,
            0.018797,
            0.68,
            0.0,
            -0.258819,
            0.0,
            0.965926
        ],
        [
            0.055131,
            0.02134,
            0.68,
            0.0,
            -0.382683,
            0.0,
            0.92388
        ],
        [
            0.003508,
            0.023884,
            0.68,
            0.0,
            -0.5,
            0.0,
            0.866025
        ],
        [
            -0.048115,
            0.026428,
            0.68,
            0.0,
            -0.608761,
            0.0,
            0.793353
        ],
        [
            -0.099738,
            0.028972,
            0.68,
            0.0,
            -0.707107,
            0.0,
            0.707107
        ],
        [
            -0.099738,
            0.028972,
            0.639756,
            -0.0,
            -0.707107,
            -0.0,
            0.707107
        ],
        [
            -0.099738,
            0.028972,
            0.599511,
            -0.0,
            -0.707107,
            -0.0,
            0.707107
        ],
        [
            -0.099738,
            0.028972,
            0.559267,
            -0.0,
            -0.707107,
            -0.0,
            0.707107
        ]
    ]
}
