{
    "start_pose": [
        0.135,
        0.078,
        0.5425,
        0.0,
        0.0,
        0.0,
        1.0
    ],
    "goals": [
        [
            0.135,
            0.078,
            0.557778,
            0.0,
            0.0,
            0.0,
            1.0
        ],
        [
            0.135,
            0.078,
            0.603611,
            0.0,
            0.0,
            0.0,
            1.0
        ],
        [
            0.135,
            0.078,
            0.68,
            0.0,
            0.0,
            0.0,
            1.0
        ],
        [
            0.119083,
            0.074563,
            0.68,
            0.0,
            0.0,
            0.0,
            1.0
        ],
        [
            0.079292,
            0.065971,
            0.68,
            0.0,
            0.0,
            0.0,
            1.0
        ],
        [
            0.027563,
            0.054801,
            0.68,
            0.0,
            0.0,
            0.0,
            1.0
        ],
        [
            -0.024165,
            0.043631,
            0.68,
            0.0,
            0.0,
            0.0,
            1.0
        ],
        [
            -0.063957,
            0.035039,
            0.68,
            0.0,
            0.0,
            0.0,
            1.0
        ],
        [
            -0.079873,
            0.031602,
            0.68,
            -0.0,
            -0.0,
            -0.0,
            1.0
        ],
        [
            -0.079873,
            0.031602,
            0.603611,
            -0.0,
            -0.0,
            -0.0,
            1.0
        ],
        [
            -0.079873,
            0.031602,
            0.557778,
            -0.0,
            -0.0,
            -0.0,
            1.0
        ],
        [
            -0.079873,
            0.031602,
            0.5425,
            -0.0,
            -0.0,
            -0.0,
            1.0
        ]
    ]
}
