{
    "start_pose": [
        0.0725,
        -0.034285,
        0.539,
        0.0,
        0.0,
        0.0,
        1.0
    ],
    "goals": [
        [
            0.0725,
            -0.034285,
            0.586,
            0.0,
            0.0,
            0.0,
            1.0
        ],
        [
            0.0725,
            -0.034285,
            0.633,
            0.0,
            0.0,
            0.0,
            1.0
        ],
        [
            0.0725,
            -0.034285,
            0.68,
            0.0,
            0.0,
            0.0,
            1.0
        ],
        [
            0.051564,
            -0.017423,
            0.68,
            0.0,
            -0.130526,
            0.0,
            0.991445
        ],
        [
            0.030628,
            -0.000562,
            0.68,
            0.0,
            -0.258819,
            0.0,
            0.965926
        ],
        [
            0.009692,
            0.0163,
            0.68,
            0.0,
            -0.382683,
            0.0,
            0.92388
        ],
        [
            -0.011244,
            0.033161,
            0.68,
            0.0,
            -0.5,
            0.0,
            0.866025
        ],
        [
            -0.03218,
            0.050022,
            0.68,
            0.0,
            -0.608761,
            0.0,
            0.793353
        ],
        [
            -0.053116,
            0.066884,
            0.68,
            0.0,
            -0.707107,
            0.0,
            0.707107
        ],
        [
            -0.053116,
            0.066884,
            0.663833,
            -0.0,
            -0.707107,
            -0.0,
            0.707107
        ],
        [
            -0.053116,
            0.066884,
            0.647667,
            -0.0,
            -0.707107,
            -0.0,
            0.707107
        ],
        [
            -0.053116,
            0.066884,
            0.6315,
            -0.0,
            -0.707107,
            -0.0,
            0.707107
        ]
    ]
}
