{
    "start_pose": [
        0.0925,
        -0.08475,
        0.542501,
        1.0,
        0.0,
        0.0,
        0.0
    ],
    "goals": [
        [
            0.0925,
            -0.08475,
            0.557778,
            1.0,
            0.0,
            0.0,
            0.0
        ],
        [
            0.0925,
            -0.08475,
            0.603611,
            1.0,
            0.0,
            0.0,
            0.0
        ],
        [
            0.0925,
            -0.08475,
            0.68,
            1.0,
            0.0,
            0.0,
            0.0
        ],
        [
            0.076759,
            -0.075491,
            0.68,
            0.996993,
            0.04474,
            0.04474,
            -0.04474
        ],
        [
            0.037407,
            -0.052342,
            0.68,
            0.963371,
            0.15483,
            0.15483,
            -0.15483
        ],
        [
            -0.01375,
            -0.022248,
            0.68,
            0.866025,
            0.288675,
            0.288675,
            -0.288675
        ],
        [
            -0.064907,
            0.007845,
            0.68,
            0.71393,
            0.404271,
            0.404271,
            -0.404271
        ],
        [
            -0.104259,
            0.030994,
            0.68,
            0.565607,
            0.476126,
            0.476126,
            -0.476126
        ],
        [
            -0.12,
            0.040253,
            0.68,
            -0.5,
            -0.5,
            -0.5,
            0.5
        ],
        [
            -0.12,
            0.040253,
            0.644979,
            -0.5,
            -0.5,
            -0.5,
            0.5
        ],
        [
            -0.12,
            0.040253,
            0.623966,
            -0.5,
            -0.5,
            -0.5,
            0.5
        ],
        [
            -0.12,
            0.040253,
            0.616962,
            -0.5,
            -0.5,
            -0.5,
            0.5
        ]
    ]
}
