{
    "start_pose": [
        0.135,
        -0.078677,
        0.539,
        0.0,
        0.0,
        0.0,
        1.0
    ],
    "goals": [
        [
            0.135,
            -0.078677,
            0.586,
            0.0,
            0.0,
            0.0,
            1.0
        ],
        [
            0.135,
            -0.078677,
            0.633,
            0.0,
            0.0,
            0.0,
            1.0
        ],
        [
            0.135,
            -0.078677,
            0.68,
            0.0,
            0.0,
            0.0,
            1.0
        ],
        [
            0.103647,
            -0.063378,
            0.68,
            0.0,
            -0.130526,
            0.0,
            0.991445
        ],
        [
            0.072295,
            -0.048079,
            0.68,
            0.0,
            -0.258819,
            0.0,
            0.965926
        ],
        [
            0.040942,
            -0.03278,
            0.68,
            0.0,
            -0.382683,
            0.0,
            0.92388
        ],
        [
            0.009589,
            -0.017482,
            0.68,
            0.0,
            -0.5,
            0.0,
            0.866025
        ],
        [
            -0.021764,
            -0.002183,
            0.68,
            0.0,
            -0.608761,
            0.0,
            0.793353
        ],
        [
            -0.053116,
            0.013116,
            0.68,
            0.0,
            -0.707107,
            0.0,
            0.707107
        ],
        [
            -0.053116,
            0.013116,
            0.663833,
            -0.0,
            -0.707107,
            -0.0,
            0.707107
        ],
        [
            -0.053116,
            0.013116,
            0.647667,
            -0.0,
            -0.707107,
            -0.0,
            0.707107
        ],
        [
            -0.053116,
            0.013116,
            0.6315,
            -0.0,
            -0.707107,
            -0.0,
            0.707107
        ]
    ]
}
