# https://github.com/mikedh/trimesh

o geometry_0
v -0.05120000 0.00932047 0.01269998 0.54509804 0.71372549 0.60000000
v -0.05120000 -0.01268607 0.01269998 0.54509804 0.71372549 0.60000000
v -0.05044221 0.00887190 0.01269998 0.54509804 0.71372549 0.60000000
v -0.05120000 0.00968109 0.01267512 0.54509804 0.71372549 0.60000000
v -0.05120000 -0.01304669 0.01267760 0.54509804 0.71372549 0.60000000
v -0.05044221 -0.01353924 0.01269252 0.54509804 0.71372549 0.60000000
v -0.05044221 -0.01345715 0.01269749 0.54509804 0.71372549 0.60000000
v -0.05044221 -0.00780452 0.01269998 0.54509804 0.71372549 0.60000000
v -0.05044221 0.00916215 0.01267512 0.54509804 0.71372549 0.60000000
v -0.05120000 0.01390884 0.01218034 0.54509804 0.71372549 0.60000000
v -0.05120000 -0.01306135 0.01267512 0.54509804 0.71372549 0.60000000
v -0.05044221 -0.01381777 0.01267512 0.54509804 0.71372549 0.60000000
v -0.05044221 0.00944654 0.01260799 0.54509804 0.71372549 0.60000000
v -0.05120000 0.01400852 0.01215548 0.54509804 0.71372549 0.60000000
v -0.05120000 -0.01342490 0.01260799 0.54509804 0.71372549 0.60000000
v -0.05053738 -0.01408750 0.01260799 0.54509804 0.71372549 0.60000000
v -0.05044221 -0.01399075 0.01264280 0.54509804 0.71372549 0.60000000
v -0.05044221 0.00971628 0.01249362 0.54509804 0.71372549 0.60000000
v -0.05091360 0.01395868 0.01169552 0.54509804 0.71372549 0.60000000
v -0.05102420 0.01394109 0.01193669 0.54509804 0.71372549 0.60000000
v -0.05117426 0.01391470 0.01215548 0.54509804 0.71372549 0.60000000
v -0.05108376 0.01416391 0.01193669 0.54509804 0.71372549 0.60000000
v -0.05120000 0.01411993 0.01211321 0.54509804 0.71372549 0.60000000
v -0.05120000 -0.01376499 0.01249362 0.54509804 0.71372549 0.60000000
v -0.05070761 -0.01425755 0.01249362 0.54509804 0.71372549 0.60000000
v -0.05047514 -0.01414027 0.01260799 0.54509804 0.71372549 0.60000000
v -0.05044221 -0.01409336 0.01262290 0.54509804 0.71372549 0.60000000
v -0.05044221 0.00974853 0.01247621 0.54509804 0.71372549 0.60000000
v -0.05084595 0.01397040 0.01143943 0.54509804 0.71372549 0.60000000
v -0.05091360 0.01422548 0.01143943 0.54509804 0.71372549 0.60000000
v -0.05097821 0.01420202 0.01169552 0.54509804 0.71372549 0.60000000
v -0.05044221 0.00998014 0.01234195 0.54509804 0.71372549 0.60000000
v -0.05118094 0.01437207 0.01193669 0.54509804 0.71372549 0.60000000
v -0.05120000 0.01436034 0.01196901 0.54509804 0.71372549 0.60000000
v -0.05120000 -0.01377086 0.01249113 0.54509804 0.71372549 0.60000000
v -0.05061667 -0.01433377 0.01249362 0.54509804 0.71372549 0.60000000
v -0.05120000 -0.01405818 0.01234941 0.54509804 0.71372549 0.60000000
v -0.05086138 -0.01441000 0.01234195 0.54509804 0.71372549 0.60000000
v -0.05074455 -0.01450969 0.01234195 0.54509804 0.71372549 0.60000000
v -0.05051468 -0.01439828 0.01249362 0.54509804 0.71372549 0.60000000
v -0.05044221 -0.01416079 0.01260799 0.54509804 0.71372549 0.60000000
v -0.05082311 0.01397627 0.01117588 0.54509804 0.71372549 0.60000000
v -0.05044221 0.01020883 0.01215548 0.54509804 0.71372549 0.60000000
v -0.05044221 0.01041113 0.01193669 0.54509804 0.71372549 0.60000000
v -0.05089187 0.01423134 0.01117588 0.54509804 0.71372549 0.60000000
v -0.05102420 0.01446296 0.01143943 0.54509804 0.71372549 0.60000000
v -0.05108376 0.01442777 0.01169552 0.54509804 0.71372549 0.60000000
v -0.05120000 0.01459196 0.01169552 0.54509804 0.71372549 0.60000000
v -0.05120000 0.01439846 0.01193669 0.54509804 0.71372549 0.60000000
v -0.05120000 -0.01407284 0.01234195 0.54509804 0.71372549 0.60000000
v -0.05099423 -0.01454487 0.01215548 0.54509804 0.71372549 0.60000000
v -0.05085493 -0.01466214 0.01215548 0.54509804 0.71372549 0.60000000
v -0.05061348 -0.01459178 0.01234195 0.54509804 0.71372549 0.60000000
v -0.05044221 -0.01455953 0.01240908 0.54509804 0.71372549 0.60000000
v -0.05044221 -0.01442759 0.01249362 0.54509804 0.71372549 0.60000000
v -0.05044221 -0.01425461 0.01256821 0.54509804 0.71372549 0.60000000
v -0.05082311 0.01397627 -0.01117592 0.54509804 0.71372549 0.60000000
v -0.05085745 0.01410527 -0.00000002 0.54509804 0.71372549 0.60000000
v -0.05044221 0.01056945 0.01169552 0.54509804 0.71372549 0.60000000
v -0.05044221 0.01065447 0.01147175 0.54509804 0.71372549 0.60000000
v -0.05044221 0.01066620 0.01143943 0.54509804 0.71372549 0.60000000
v -0.05044221 0.01069845 0.01117588 0.54509804 0.71372549 0.60000000
v -0.05089187 0.01423134 -0.01117592 0.54509804 0.71372549 0.60000000
v -0.05100417 0.01447175 0.01117588 0.54509804 0.71372549 0.60000000
v -0.05115653 0.01469164 0.01117588 0.54509804 0.71372549 0.60000000
v -0.05117426 0.01467698 0.01143943 0.54509804 0.71372549 0.60000000
v -0.05120000 0.01465353 0.01156374 0.54509804 0.71372549 0.60000000
v -0.05120000 -0.01433671 0.01215548 0.54509804 0.71372549 0.60000000
v -0.05120000 -0.01455366 0.01193669 0.54509804 0.71372549 0.60000000
v -0.05110194 -0.01465042 0.01193669 0.54509804 0.71372549 0.60000000
v -0.05094446 -0.01478528 0.01193669 0.54509804 0.71372549 0.60000000
v -0.05120000 -0.01433964 0.01215299 0.54509804 0.71372549 0.60000000
v -0.05069879 -0.01475889 0.01215548 0.54509804 0.71372549 0.60000000
v -0.05047151 -0.01465042 0.01234195 0.54509804 0.71372549 0.60000000
v -0.05052952 -0.01482926 0.01215548 0.54509804 0.71372549 0.60000000
v -0.05044221 -0.01465628 0.01234195 0.54509804 0.71372549 0.60000000
v -0.05084595 0.01397627 -0.01143449 0.54509804 0.71372549 0.60000000
v -0.05091360 0.01423134 -0.01142455 0.54509804 0.71372549 0.60000000
v -0.05044221 0.01069845 -0.01117592 0.54509804 0.71372549 0.60000000
v -0.05044221 0.01066620 -0.01143947 0.54509804 0.71372549 0.60000000
v -0.05044221 0.01056945 -0.01169556 0.54509804 0.71372549 0.60000000
v -0.05044221 0.01041113 -0.01193673 0.54509804 0.71372549 0.60000000
v -0.05100417 0.01447175 -0.01117592 0.54509804 0.71372549 0.60000000
v -0.05108035 0.01458316 -0.00000002 0.54509804 0.71372549 0.60000000
v -0.05115653 0.01469164 -0.01117592 0.54509804 0.71372549 0.60000000
v -0.05120000 0.01473562 -0.00000002 0.54509804 0.71372549 0.60000000
v -0.05120000 0.01473269 0.01117588 0.54509804 0.71372549 0.60000000
v -0.05120000 0.01470630 0.01139965 0.54509804 0.71372549 0.60000000
v -0.05120000 0.01470044 0.01143943 0.54509804 0.71372549 0.60000000
v -0.05120000 -0.01471198 0.01169552 0.54509804 0.71372549 0.60000000
v -0.05118131 -0.01472958 0.01169552 0.54509804 0.71372549 0.60000000
v -0.05101048 -0.01487617 0.01169552 0.54509804 0.71372549 0.60000000
v -0.05076792 -0.01489376 0.01193669 0.54509804 0.71372549 0.60000000
v -0.05044221 -0.01484978 0.01215548 0.54509804 0.71372549 0.60000000
v -0.05044221 -0.01470319 0.01229720 0.54509804 0.71372549 0.60000000
v -0.05057662 -0.01497292 0.01193669 0.54509804 0.71372549 0.60000000
v -0.05044221 -0.01500517 0.01193669 0.54509804 0.71372549 0.60000000
v -0.05091360 0.01397627 -0.01168810 0.54509804 0.71372549 0.60000000
v -0.05044221 0.01020883 -0.01215552 0.54509804 0.71372549 0.60000000
v -0.05044221 0.00998014 -0.01234199 0.54509804 0.71372549 0.60000000
v -0.05097821 0.01423134 -0.01166572 0.54509804 0.71372549 0.60000000
v -0.05102420 0.01447175 -0.01140466 0.54509804 0.71372549 0.60000000
v -0.05117426 0.01469164 -0.01137731 0.54509804 0.71372549 0.60000000
v -0.05120000 0.01473562 -0.01117592 0.54509804 0.71372549 0.60000000
v -0.05120000 -0.01475010 0.01159855 0.54509804 0.71372549 0.60000000
v -0.05105090 -0.01493188 0.01143943 0.54509804 0.71372549 0.60000000
v -0.05085003 -0.01505501 0.01143943 0.54509804 0.71372549 0.60000000
v -0.05081895 -0.01499344 0.01169552 0.54509804 0.71372549 0.60000000
v -0.05061133 -0.01508140 0.01169552 0.54509804 0.71372549 0.60000000
v -0.05044221 -0.01509019 0.01176016 0.54509804 0.71372549 0.60000000
v -0.05102420 0.01397627 -0.01192430 0.54509804 0.71372549 0.60000000
v -0.05108369 0.01423134 -0.01189197 0.54509804 0.71372549 0.60000000
v -0.05044221 0.00990098 -0.01238923 0.54509804 0.71372549 0.60000000
v -0.05044221 0.00971628 -0.01249366 0.54509804 0.71372549 0.60000000
v -0.05044221 0.00970162 -0.01250112 0.54509804 0.71372549 0.60000000
v -0.05118094 0.01447175 -0.01183479 0.54509804 0.71372549 0.60000000
v -0.05108369 0.01447175 -0.01162594 0.54509804 0.71372549 0.60000000
v -0.05120000 0.01465060 -0.01158367 0.54509804 0.71372549 0.60000000
v -0.05120000 0.01469164 -0.01147428 0.54509804 0.71372549 0.60000000
v -0.05120000 0.01471803 -0.01137234 0.54509804 0.71372549 0.60000000
v -0.05120000 -0.01480580 0.01143943 0.54509804 0.71372549 0.60000000
v -0.05106448 -0.01495240 0.01117588 0.54509804 0.71372549 0.60000000
v -0.05120000 -0.01481167 0.01139219 0.54509804 0.71372549 0.60000000
v -0.05086056 -0.01507554 0.01117588 0.54509804 0.71372549 0.60000000
v -0.05063255 -0.01514590 0.01143943 0.54509804 0.71372549 0.60000000
v -0.05044221 -0.01517815 0.01148667 0.54509804 0.71372549 0.60000000
v -0.05044221 -0.01511951 0.01169552 0.54509804 0.71372549 0.60000000
v -0.05117426 0.01397627 -0.01214060 0.54509804 0.71372549 0.60000000
v -0.05044221 0.00944654 -0.01260803 0.54509804 0.71372549 0.60000000
v -0.05120000 0.01423134 -0.01205607 0.54509804 0.71372549 0.60000000
v -0.05120000 0.01447175 -0.01186214 0.54509804 0.71372549 0.60000000
v -0.05120000 0.01410234 -0.01211823 0.54509804 0.71372549 0.60000000
v -0.05120000 0.01450400 -0.01182484 0.54509804 0.71372549 0.60000000
v -0.05106448 -0.01495240 -0.01117592 0.54509804 0.71372549 0.60000000
v -0.05120000 -0.01483512 0.01117588 0.54509804 0.71372549 0.60000000
v -0.05086056 -0.01507554 -0.01117592 0.54509804 0.71372549 0.60000000
v -0.05075019 -0.01512244 -0.00000002 0.54509804 0.71372549 0.60000000
v -0.05063974 -0.01516642 0.01117588 0.54509804 0.71372549 0.60000000
v -0.05044221 -0.01521040 0.01121566 0.54509804 0.71372549 0.60000000
v -0.05044221 -0.01518988 0.01143943 0.54509804 0.71372549 0.60000000
v -0.05120000 0.01397627 -0.01216547 0.54509804 0.71372549 0.60000000
v -0.05044221 0.00916215 -0.01267516 0.54509804 0.71372549 0.60000000
v -0.05120000 -0.01483512 -0.01117592 0.54509804 0.71372549 0.60000000
v -0.05120000 -0.01480580 -0.01143947 0.54509804 0.71372549 0.60000000
v -0.05105083 -0.01493188 -0.01143947 0.54509804 0.71372549 0.60000000
v -0.05085003 -0.01505501 -0.01143947 0.54509804 0.71372549 0.60000000
v -0.05063255 -0.01514590 -0.01143947 0.54509804 0.71372549 0.60000000
v -0.05063974 -0.01516642 -0.01117592 0.54509804 0.71372549 0.60000000
v -0.05044221 -0.01521626 0.00780446 0.54509804 0.71372549 0.60000000
v -0.05044221 -0.01521333 0.01117588 0.54509804 0.71372549 0.60000000
v -0.05120000 0.01371240 -0.01219779 0.54509804 0.71372549 0.60000000
v -0.05044221 0.00905367 -0.01268510 0.54509804 0.71372549 0.60000000
v -0.05120000 0.00968109 -0.01267516 0.54509804 0.71372549 0.60000000
v -0.05120000 -0.01475010 -0.01159859 0.54509804 0.71372549 0.60000000
v -0.05101048 -0.01487617 -0.01169556 0.54509804 0.71372549 0.60000000
v -0.05081895 -0.01499344 -0.01169556 0.54509804 0.71372549 0.60000000
v -0.05061133 -0.01508140 -0.01169556 0.54509804 0.71372549 0.60000000
v -0.05044221 -0.01518988 -0.01143947 0.54509804 0.71372549 0.60000000
v -0.05044221 -0.01519574 -0.01139720 0.54509804 0.71372549 0.60000000
v -0.05044221 -0.01521333 -0.01117592 0.54509804 0.71372549 0.60000000
v -0.05044221 -0.01521626 -0.00780450 0.54509804 0.71372549 0.60000000
v -0.05044221 0.00887190 -0.01270002 0.54509804 0.71372549 0.60000000
v -0.05120000 0.00932047 -0.01270002 0.54509804 0.71372549 0.60000000
v -0.05120000 -0.01471198 -0.01169556 0.54509804 0.71372549 0.60000000
v -0.05118131 -0.01472958 -0.01169556 0.54509804 0.71372549 0.60000000
v -0.05076792 -0.01489376 -0.01193673 0.54509804 0.71372549 0.60000000
v -0.05110194 -0.01465042 -0.01193673 0.54509804 0.71372549 0.60000000
v -0.05094446 -0.01478528 -0.01193673 0.54509804 0.71372549 0.60000000
v -0.05044221 -0.01511951 -0.01169556 0.54509804 0.71372549 0.60000000
v -0.05044221 -0.01513417 -0.01164334 0.54509804 0.71372549 0.60000000
v -0.05057662 -0.01497292 -0.01193673 0.54509804 0.71372549 0.60000000
v -0.05044221 -0.01500517 -0.01193673 0.54509804 0.71372549 0.60000000
v -0.05044221 -0.01503742 -0.01186960 0.54509804 0.71372549 0.60000000
v -0.05044221 -0.00927338 -0.01270002 0.54509804 0.71372549 0.60000000
v -0.05120000 -0.01268607 -0.01270002 0.54509804 0.71372549 0.60000000
v -0.05120000 -0.01455366 -0.01193673 0.54509804 0.71372549 0.60000000
v -0.05069879 -0.01475889 -0.01215552 0.54509804 0.71372549 0.60000000
v -0.05052952 -0.01482926 -0.01215552 0.54509804 0.71372549 0.60000000
v -0.05099423 -0.01454487 -0.01215552 0.54509804 0.71372549 0.60000000
v -0.05085493 -0.01466214 -0.01215552 0.54509804 0.71372549 0.60000000
v -0.05044221 -0.01484978 -0.01215552 0.54509804 0.71372549 0.60000000
v -0.05044221 -0.01345715 -0.01269753 0.54509804 0.71372549 0.60000000
v -0.05044221 -0.01353924 -0.01269256 0.54509804 0.71372549 0.60000000
v -0.05044221 -0.01382363 -0.01267516 0.54509804 0.71372549 0.60000000
v -0.05120000 -0.01304669 -0.01267764 0.54509804 0.71372549 0.60000000
v -0.05120000 -0.01433671 -0.01215552 0.54509804 0.71372549 0.60000000
v -0.05061348 -0.01459178 -0.01234199 0.54509804 0.71372549 0.60000000
v -0.05047151 -0.01465042 -0.01234199 0.54509804 0.71372549 0.60000000
v -0.05120000 -0.01407284 -0.01234199 0.54509804 0.71372549 0.60000000
v -0.05086138 -0.01441000 -0.01234199 0.54509804 0.71372549 0.60000000
v -0.05074455 -0.01450969 -0.01234199 0.54509804 0.71372549 0.60000000
v -0.05044221 -0.01465628 -0.01234199 0.54509804 0.71372549 0.60000000
v -0.05044221 -0.01401713 -0.01263786 0.54509804 0.71372549 0.60000000
v -0.05053730 -0.01408750 -0.01260803 0.54509804 0.71372549 0.60000000
v -0.05120000 -0.01342490 -0.01260803 0.54509804 0.71372549 0.60000000
v -0.05120000 -0.01306135 -0.01267516 0.54509804 0.71372549 0.60000000
v -0.05051468 -0.01439828 -0.01249366 0.54509804 0.71372549 0.60000000
v -0.05044221 -0.01455953 -0.01240912 0.54509804 0.71372549 0.60000000
v -0.05044221 -0.01462110 -0.01236686 0.54509804 0.71372549 0.60000000
v -0.05120000 -0.01405818 -0.01234945 0.54509804 0.71372549 0.60000000
v -0.05070761 -0.01425755 -0.01249366 0.54509804 0.71372549 0.60000000
v -0.05061667 -0.01433377 -0.01249366 0.54509804 0.71372549 0.60000000
v -0.05044221 -0.01409336 -0.01262294 0.54509804 0.71372549 0.60000000
v -0.05047514 -0.01414027 -0.01260803 0.54509804 0.71372549 0.60000000
v -0.05120000 -0.01376499 -0.01249366 0.54509804 0.71372549 0.60000000
v -0.05044221 -0.01442759 -0.01249366 0.54509804 0.71372549 0.60000000
v -0.05044221 -0.01416079 -0.01260803 0.54509804 0.71372549 0.60000000
v -0.05044221 -0.01432498 -0.01253841 0.54509804 0.71372549 0.60000000
v -0.05120000 -0.01377086 -0.01249117 0.54509804 0.71372549 0.60000000
f 1 2 8
f 1 8 3
f 1 3 4
f 1 4 10
f 1 10 14
f 1 14 23
f 1 23 34
f 1 34 49
f 1 49 48
f 1 48 67
f 1 67 89
f 1 89 88
f 1 88 87
f 1 87 86
f 1 86 104
f 1 104 120
f 1 120 119
f 1 119 118
f 1 118 133
f 1 133 131
f 1 131 130
f 1 130 132
f 1 132 141
f 1 141 151
f 1 151 153
f 1 153 163
f 1 163 175
f 1 175 185
f 1 185 196
f 1 196 195
f 1 195 205
f 1 205 209
f 1 209 200
f 1 200 189
f 1 189 186
f 1 186 176
f 1 176 164
f 1 164 154
f 1 154 144
f 1 144 143
f 1 143 135
f 1 135 123
f 1 123 121
f 1 121 105
f 1 105 90
f 1 90 69
f 1 69 72
f 1 72 68
f 1 68 50
f 1 50 37
f 1 37 35
f 1 35 24
f 1 24 15
f 1 15 11
f 1 11 5
f 1 5 2
f 2 5 6
f 2 6 7
f 2 7 8
f 3 8 7
f 3 7 6
f 3 6 12
f 3 12 17
f 3 17 27
f 3 27 41
f 3 41 56
f 3 56 55
f 3 55 54
f 3 54 76
f 3 76 95
f 3 95 94
f 3 94 97
f 3 97 110
f 3 110 127
f 3 127 126
f 3 126 140
f 3 140 139
f 3 139 150
f 3 150 149
f 3 149 161
f 3 161 160
f 3 160 159
f 3 159 158
f 3 158 170
f 3 170 169
f 3 169 173
f 3 173 172
f 3 172 181
f 3 181 192
f 3 192 199
f 3 199 198
f 3 198 206
f 3 206 208
f 3 208 207
f 3 207 203
f 3 203 193
f 3 193 184
f 3 184 183
f 3 183 182
f 3 182 174
f 3 174 162
f 3 162 152
f 3 152 142
f 3 142 129
f 3 129 115
f 3 115 114
f 3 114 113
f 3 113 100
f 3 100 99
f 3 99 82
f 3 82 81
f 3 81 80
f 3 80 79
f 3 79 62
f 3 62 61
f 3 61 60
f 3 60 59
f 3 59 44
f 3 44 43
f 3 43 32
f 3 32 28
f 3 28 18
f 3 18 13
f 3 13 9
f 3 9 4
f 4 9 10
f 5 11 12
f 5 12 6
f 9 13 10
f 10 13 14
f 11 15 16
f 11 16 12
f 12 16 17
f 13 18 19
f 13 19 20
f 13 20 21
f 13 21 14
f 14 22 23
f 14 21 22
f 15 24 25
f 15 25 16
f 16 25 26
f 16 26 27
f 16 27 17
f 18 28 19
f 19 29 30
f 19 30 31
f 19 31 20
f 19 28 32
f 19 32 29
f 20 31 22
f 20 22 21
f 22 31 33
f 22 33 34
f 22 34 23
f 24 35 25
f 25 36 26
f 25 35 37
f 25 37 38
f 25 38 39
f 25 39 36
f 26 36 40
f 26 40 41
f 26 41 27
f 29 42 30
f 29 32 43
f 29 43 44
f 29 44 42
f 30 42 45
f 30 45 46
f 30 46 31
f 31 46 47
f 31 47 33
f 33 47 48
f 33 48 49
f 33 49 34
f 36 39 40
f 37 50 38
f 38 51 39
f 38 50 51
f 39 51 52
f 39 52 53
f 39 53 40
f 40 53 54
f 40 54 55
f 40 55 56
f 40 56 41
f 42 57 58
f 42 58 45
f 42 44 59
f 42 59 60
f 42 60 61
f 42 61 62
f 42 62 79
f 42 79 57
f 45 58 63
f 45 63 83
f 45 83 64
f 45 64 46
f 46 64 65
f 46 65 66
f 46 66 47
f 47 66 48
f 48 66 67
f 50 68 51
f 51 69 70
f 51 70 71
f 51 71 52
f 51 68 72
f 51 72 69
f 52 71 73
f 52 73 53
f 53 74 54
f 53 73 75
f 53 75 74
f 54 74 76
f 57 77 78
f 57 78 63
f 57 63 58
f 57 79 80
f 57 80 81
f 57 81 82
f 57 82 77
f 63 78 83
f 64 83 84
f 64 84 65
f 65 85 104
f 65 104 86
f 65 86 87
f 65 87 88
f 65 88 66
f 65 84 85
f 66 88 89
f 66 89 67
f 69 90 70
f 70 90 91
f 70 91 92
f 70 92 71
f 71 92 93
f 71 93 73
f 73 93 75
f 74 75 94
f 74 94 95
f 74 95 76
f 75 93 96
f 75 96 97
f 75 97 94
f 77 98 78
f 77 82 99
f 77 99 100
f 77 100 98
f 78 101 102
f 78 102 83
f 78 98 101
f 83 102 85
f 83 85 84
f 85 102 103
f 85 103 104
f 90 105 91
f 91 105 92
f 92 106 107
f 92 107 108
f 92 108 93
f 92 105 106
f 93 108 109
f 93 109 96
f 96 109 97
f 97 109 110
f 98 111 112
f 98 112 101
f 98 100 113
f 98 113 114
f 98 114 115
f 98 115 111
f 101 112 116
f 101 116 117
f 101 117 102
f 102 118 119
f 102 119 103
f 102 117 118
f 103 120 104
f 103 119 120
f 105 121 106
f 106 122 107
f 106 121 123
f 106 123 122
f 107 122 124
f 107 124 125
f 107 125 109
f 107 109 108
f 109 125 126
f 109 126 127
f 109 127 110
f 111 128 112
f 111 115 129
f 111 129 128
f 112 130 131
f 112 131 116
f 112 128 132
f 112 132 130
f 116 131 133
f 116 133 117
f 117 133 118
f 122 134 136
f 122 136 124
f 122 123 135
f 122 135 143
f 122 143 134
f 124 136 137
f 124 137 138
f 124 138 125
f 125 138 139
f 125 139 140
f 125 140 126
f 128 141 132
f 128 129 141
f 129 142 141
f 134 143 144
f 134 144 145
f 134 145 146
f 134 146 136
f 136 147 148
f 136 148 137
f 136 146 147
f 137 148 138
f 138 148 161
f 138 161 149
f 138 149 150
f 138 150 139
f 141 142 151
f 142 152 153
f 142 153 151
f 144 154 145
f 145 155 146
f 145 154 155
f 146 155 156
f 146 156 157
f 146 157 147
f 147 157 158
f 147 158 159
f 147 159 148
f 148 159 160
f 148 160 161
f 152 162 153
f 153 162 163
f 154 164 165
f 154 165 155
f 155 166 156
f 155 165 167
f 155 167 168
f 155 168 166
f 156 166 157
f 157 169 170
f 157 170 158
f 157 166 171
f 157 171 172
f 157 172 173
f 157 173 169
f 162 174 175
f 162 175 163
f 164 176 167
f 164 167 165
f 166 168 177
f 166 177 178
f 166 178 171
f 167 176 179
f 167 179 168
f 168 179 180
f 168 180 177
f 171 178 172
f 172 178 181
f 174 182 175
f 175 182 183
f 175 183 184
f 175 184 185
f 176 186 179
f 177 180 187
f 177 187 178
f 178 187 188
f 178 188 181
f 179 186 189
f 179 189 190
f 179 190 191
f 179 191 180
f 180 191 187
f 181 188 192
f 184 193 194
f 184 194 195
f 184 195 196
f 184 196 185
f 187 191 197
f 187 197 198
f 187 198 188
f 188 198 199
f 188 199 192
f 189 200 190
f 190 200 201
f 190 201 191
f 191 201 202
f 191 202 197
f 193 203 194
f 194 203 204
f 194 204 201
f 194 201 195
f 195 201 205
f 197 206 198
f 197 202 204
f 197 204 207
f 197 207 208
f 197 208 206
f 200 209 201
f 201 209 205
f 201 204 202
f 203 207 204

o geometry_1
v -0.05043723 0.01069969 0.01117558 0.54117647 0.42352941 0.64313725
v -0.05043723 0.01069969 0.00529470 0.54117647 0.42352941 0.64313725
v -0.05043723 0.01066668 0.01144016 0.54117647 0.42352941 0.64313725
v 0.00049524 0.01013339 0.01143653 0.54117647 0.42352941 0.64313725
v 0.00049524 0.01015625 0.01117703 0.54117647 0.42352941 0.64313725
v -0.05043723 -0.01521551 0.00529470 0.54117647 0.42352941 0.64313725
v 0.00049524 0.01015625 0.00683360 0.54117647 0.42352941 0.64313725
v 0.00049524 0.01013593 0.00658860 0.54117647 0.42352941 0.64313725
v -0.01064358 0.01015625 0.00529470 0.54117647 0.42352941 0.64313725
v -0.05043723 0.01057018 0.01169676 0.54117647 0.42352941 0.64313725
v 0.00049524 0.01006482 0.01169531 0.54117647 0.42352941 0.64313725
v -0.05043723 -0.01521551 0.01117558 0.54117647 0.42352941 0.64313725
v -0.05042725 -0.01521804 0.00529470 0.54117647 0.42352941 0.64313725
v 0.00049524 0.01013339 0.00657700 0.54117647 0.42352941 0.64313725
v 0.00049524 0.01010546 0.00646174 0.54117647 0.42352941 0.64313725
v 0.00049524 0.01007752 0.00635011 0.54117647 0.42352941 0.64313725
v 0.00049524 0.00998102 0.00612395 0.54117647 0.42352941 0.64313725
v 0.00049524 0.00984897 0.00591592 0.54117647 0.42352941 0.64313725
v 0.00049524 0.00976263 0.00581878 0.54117647 0.42352941 0.64313725
v 0.00049524 0.00968391 0.00573252 0.54117647 0.42352941 0.64313725
v 0.00049524 0.00967629 0.00572455 0.54117647 0.42352941 0.64313725
v -0.01042420 0.01013847 0.00529470 0.54117647 0.42352941 0.64313725
v -0.05043723 0.01041019 0.01193742 0.54117647 0.42352941 0.64313725
v 0.00049524 0.00995055 0.01193669 0.54117647 0.42352941 0.64313725
v 0.00049524 0.01000642 0.01182071 0.54117647 0.42352941 0.64313725
v -0.05040232 -0.01522312 0.01117558 0.54117647 0.42352941 0.64313725
v -0.05040232 -0.01520027 0.01144016 0.54117647 0.42352941 0.64313725
v -0.05043723 -0.01519011 0.01144016 0.54117647 0.42352941 0.64313725
v -0.05040232 -0.01522312 0.00529470 0.54117647 0.42352941 0.64313725
v 0.00049524 0.00958487 0.00564989 0.54117647 0.42352941 0.64313725
v -0.01039927 0.01013593 0.00529470 0.54117647 0.42352941 0.64313725
v 0.00049524 0.00948837 0.00557378 0.54117647 0.42352941 0.64313725
v 0.00049524 0.00944012 0.00554261 0.54117647 0.42352941 0.64313725
v 0.00049524 0.00938933 0.00551216 0.54117647 0.42352941 0.64313725
v -0.05043723 0.01020957 0.01215488 0.54117647 0.42352941 0.64313725
v 0.00049524 0.00979564 0.01215778 0.54117647 0.42352941 0.64313725
v 0.00049524 0.00987690 0.01204542 0.54117647 0.42352941 0.64313725
v -0.05022781 -0.01523836 0.00529470 0.54117647 0.42352941 0.64313725
v -0.05016798 -0.01524344 0.01117558 0.54117647 0.42352941 0.64313725
v -0.05039235 -0.01513170 0.01169676 0.54117647 0.42352941 0.64313725
v -0.05043723 -0.01512154 0.01169676 0.54117647 0.42352941 0.64313725
v -0.05043723 -0.01517741 0.01148800 0.54117647 0.42352941 0.64313725
v -0.05016798 -0.01521804 0.01144016 0.54117647 0.42352941 0.64313725
v -0.05016798 -0.01514948 0.01169676 0.54117647 0.42352941 0.64313725
v -0.01017988 0.01008260 0.00529470 0.54117647 0.42352941 0.64313725
v 0.00049524 0.00933346 0.00548172 0.54117647 0.42352941 0.64313725
v 0.00049524 0.00928013 0.00545490 0.54117647 0.42352941 0.64313725
v 0.00049524 0.00922172 0.00542953 0.54117647 0.42352941 0.64313725
v 0.00049524 0.00916839 0.00540706 0.54117647 0.42352941 0.64313725
v 0.00049524 0.00910745 0.00538676 0.54117647 0.42352941 0.64313725
v 0.00049524 0.00905158 0.00536864 0.54117647 0.42352941 0.64313725
v 0.00049524 0.00893223 0.00533964 0.54117647 0.42352941 0.64313725
v 0.00049524 0.00886874 0.00532877 0.54117647 0.42352941 0.64313725
v 0.00049524 0.00881033 0.00532007 0.54117647 0.42352941 0.64313725
v 0.00049524 0.00880271 0.00531935 0.54117647 0.42352941 0.64313725
v 0.00049524 0.00874684 0.00531500 0.54117647 0.42352941 0.64313725
v 0.00049524 0.00868844 0.00531065 0.54117647 0.42352941 0.64313725
v -0.05043723 0.01015371 0.01220127 0.54117647 0.42352941 0.64313725
v 0.00049524 0.00960772 0.01234552 0.54117647 0.42352941 0.64313725
v 0.00049524 0.00970676 0.01224839 0.54117647 0.42352941 0.64313725
v -0.05016798 -0.01524344 0.00529470 0.54117647 0.42352941 0.64313725
v -0.00000336 -0.01524344 0.01117558 0.54117647 0.42352941 0.64313725
v -0.03762308 -0.01522312 0.01140754 0.54117647 0.42352941 0.64313725
v -0.05037241 -0.01502251 0.01193742 0.54117647 0.42352941 0.64313725
v -0.05043723 -0.01509107 0.01176127 0.54117647 0.42352941 0.64313725
v -0.02508318 -0.01520281 0.01150467 0.54117647 0.42352941 0.64313725
v -0.03762308 -0.01515964 0.01166487 0.54117647 0.42352941 0.64313725
v 0.00049524 -0.01522058 0.01143653 0.54117647 0.42352941 0.64313725
v -0.03762308 -0.01513678 0.01172721 0.54117647 0.42352941 0.64313725
v -0.05016798 -0.01503774 0.01193742 0.54117647 0.42352941 0.64313725
v 0.00049524 -0.01515202 0.01169314 0.54117647 0.42352941 0.64313725
v 0.00049524 -0.01514948 0.01170039 0.54117647 0.42352941 0.64313725
v -0.01015994 0.01007752 0.00529470 0.54117647 0.42352941 0.64313725
v 0.00049524 0.00856400 0.00531065 0.54117647 0.42352941 0.64313725
v -0.00912284 0.00868844 0.00529470 0.54117647 0.42352941 0.64313725
v -0.00913281 0.00881033 0.00529470 0.54117647 0.42352941 0.64313725
v -0.00915275 0.00893223 0.00529470 0.54117647 0.42352941 0.64313725
v -0.00918267 0.00905158 0.00529470 0.54117647 0.42352941 0.64313725
v -0.00921757 0.00916839 0.00529470 0.54117647 0.42352941 0.64313725
v -0.00926743 0.00928013 0.00529470 0.54117647 0.42352941 0.64313725
v -0.00932228 0.00938933 0.00529470 0.54117647 0.42352941 0.64313725
v -0.00939209 0.00949852 0.00529470 0.54117647 0.42352941 0.64313725
v -0.00955164 0.00969152 0.00529470 0.54117647 0.42352941 0.64313725
v -0.00972615 0.00984897 0.00529470 0.54117647 0.42352941 0.64313725
v -0.00993557 0.00998102 0.00529470 0.54117647 0.42352941 0.64313725
v -0.05043723 0.00998102 0.01234334 0.54117647 0.42352941 0.64313725
v 0.00049524 0.00939441 0.01249484 0.54117647 0.42352941 0.64313725
v -0.01162085 -0.01524344 0.00529470 0.54117647 0.42352941 0.64313725
v 0.00049524 -0.01524344 0.01113209 0.54117647 0.42352941 0.64313725
v 0.00049524 -0.01524090 0.01117703 0.54117647 0.42352941 0.64313725
v -0.05034748 -0.01487014 0.01215488 0.54117647 0.42352941 0.64313725
v -0.05043723 -0.01484982 0.01215488 0.54117647 0.42352941 0.64313725
v -0.05043723 -0.01493870 0.01203238 0.54117647 0.42352941 0.64313725
v -0.05043723 -0.01500473 0.01193742 0.54117647 0.42352941 0.64313725
v -0.05016798 -0.01488538 0.01215488 0.54117647 0.42352941 0.64313725
v -0.03762308 -0.01505298 0.01190770 0.54117647 0.42352941 0.64313725
v -0.03762308 -0.01501997 0.01196496 0.54117647 0.42352941 0.64313725
v -0.00000336 -0.01503774 0.01193742 0.54117647 0.42352941 0.64313725
v 0.00049524 -0.01503774 0.01193669 0.54117647 0.42352941 0.64313725
v -0.01254327 -0.01505298 0.01190770 0.54117647 0.42352941 0.64313725
v 0.00049524 -0.00260962 0.00579849 0.54117647 0.42352941 0.64313725
v -0.01025966 -0.01440542 0.00529470 0.54117647 0.42352941 0.64313725
v -0.01020980 -0.01428860 0.00529470 0.54117647 0.42352941 0.64313725
v -0.01016492 -0.01416671 0.00529470 0.54117647 0.42352941 0.64313725
v -0.01013002 -0.01403974 0.00529470 0.54117647 0.42352941 0.64313725
v -0.01011008 -0.01392292 0.00529470 0.54117647 0.42352941 0.64313725
v -0.01010011 -0.01379595 0.00529470 0.54117647 0.42352941 0.64313725
v -0.01001534 -0.01187357 0.00529470 0.54117647 0.42352941 0.64313725
v -0.00912284 0.00852845 0.00529470 0.54117647 0.42352941 0.64313725
v -0.05043723 0.00974993 0.01247672 0.54117647 0.42352941 0.64313725
v 0.00049524 0.00927251 0.01255211 0.54117647 0.42352941 0.64313725
v -0.05043723 0.00971692 0.01249557 0.54117647 0.42352941 0.64313725
v -0.01136158 -0.01522058 0.00529470 0.54117647 0.42352941 0.64313725
v 0.00049524 -0.01504790 0.00706629 0.54117647 0.42352941 0.64313725
v 0.00049524 -0.01510123 0.00718009 0.54117647 0.42352941 0.64313725
v 0.00049524 -0.01515456 0.00730187 0.54117647 0.42352941 0.64313725
v 0.00049524 -0.01519011 0.00743090 0.54117647 0.42352941 0.64313725
v 0.00049524 -0.01522058 0.00755195 0.54117647 0.42352941 0.64313725
v 0.00049524 -0.01524344 0.00780928 0.54117647 0.42352941 0.64313725
v -0.05031756 -0.01468476 0.01234334 0.54117647 0.42352941 0.64313725
v -0.05043723 -0.01465682 0.01234334 0.54117647 0.42352941 0.64313725
v -0.03762308 -0.01486252 0.01217880 0.54117647 0.42352941 0.64313725
v -0.05016798 -0.01469745 0.01234334 0.54117647 0.42352941 0.64313725
v -0.03762308 -0.01490569 0.01212806 0.54117647 0.42352941 0.64313725
v -0.01254327 -0.01488538 0.01215560 0.54117647 0.42352941 0.64313725
v -0.01254327 -0.01501997 0.01196496 0.54117647 0.42352941 0.64313725
v -0.00000336 -0.01488538 0.01215560 0.54117647 0.42352941 0.64313725
v 0.00049524 -0.01488538 0.01215415 0.54117647 0.42352941 0.64313725
v 0.00049524 -0.01378579 0.00628705 0.54117647 0.42352941 0.64313725
v -0.01032946 -0.01452731 0.00529470 0.54117647 0.42352941 0.64313725
v 0.00049524 0.00915570 0.01260575 0.54117647 0.42352941 0.64313725
v -0.05043723 0.00944520 0.01260792 0.54117647 0.42352941 0.64313725
v -0.01111227 -0.01515456 0.00529470 0.54117647 0.42352941 0.64313725
v 0.00049524 -0.01440542 0.00644870 0.54117647 0.42352941 0.64313725
v 0.00049524 -0.01451715 0.00651249 0.54117647 0.42352941 0.64313725
v 0.00049524 -0.01462127 0.00658135 0.54117647 0.42352941 0.64313725
v 0.00049524 -0.01472031 0.00666181 0.54117647 0.42352941 0.64313725
v 0.00049524 -0.01481935 0.00676257 0.54117647 0.42352941 0.64313725
v 0.00049524 -0.01490315 0.00685245 0.54117647 0.42352941 0.64313725
v 0.00049524 -0.01497426 0.00695538 0.54117647 0.42352941 0.64313725
v -0.05028764 -0.01447144 0.01249557 0.54117647 0.42352941 0.64313725
v -0.05043723 -0.01456032 0.01240931 0.54117647 0.42352941 0.64313725
v -0.05040232 -0.01444351 0.01249557 0.54117647 0.42352941 0.64313725
v -0.02508318 -0.01483967 0.01220200 0.54117647 0.42352941 0.64313725
v -0.02508318 -0.01474570 0.01229623 0.54117647 0.42352941 0.64313725
v -0.02508318 -0.01464413 0.01238104 0.54117647 0.42352941 0.64313725
v -0.01254327 -0.01456286 0.01243830 0.54117647 0.42352941 0.64313725
v -0.03762308 -0.01450700 0.01247672 0.54117647 0.42352941 0.64313725
v -0.05016798 -0.01447906 0.01249557 0.54117647 0.42352941 0.64313725
v -0.00000336 -0.01469745 0.01234334 0.54117647 0.42352941 0.64313725
v -0.01254327 -0.01490569 0.01212806 0.54117647 0.42352941 0.64313725
v 0.00049524 -0.01479142 0.01224839 0.54117647 0.42352941 0.64313725
v 0.00049524 -0.01384674 0.00629212 0.54117647 0.42352941 0.64313725
v -0.01046907 -0.01471523 0.00529470 0.54117647 0.42352941 0.64313725
v -0.01039428 -0.01462635 0.00529470 0.54117647 0.42352941 0.64313725
v -0.00000336 0.00915316 0.01260792 0.54117647 0.42352941 0.64313725
v 0.00049524 0.00914808 0.01260865 0.54117647 0.42352941 0.64313725
v -0.05043723 0.00916332 0.01267679 0.54117647 0.42352941 0.64313725
v -0.00000336 0.00889667 0.01267679 0.54117647 0.42352941 0.64313725
v 0.00049524 0.00902111 0.01264344 0.54117647 0.42352941 0.64313725
v -0.01087793 -0.01504790 0.00529470 0.54117647 0.42352941 0.64313725
v 0.00049524 -0.01403974 0.00631967 0.54117647 0.42352941 0.64313725
v 0.00049524 -0.01415909 0.00635084 0.54117647 0.42352941 0.64313725
v 0.00049524 -0.01423020 0.00637476 0.54117647 0.42352941 0.64313725
v 0.00049524 -0.01428860 0.00639578 0.54117647 0.42352941 0.64313725
v -0.05032753 -0.01421496 0.01260792 0.54117647 0.42352941 0.64313725
v -0.05016798 -0.01424035 0.01260792 0.54117647 0.42352941 0.64313725
v -0.05024775 -0.01423273 0.01260792 0.54117647 0.42352941 0.64313725
v -0.05043723 -0.01442827 0.01249557 0.54117647 0.42352941 0.64313725
v -0.05043723 -0.01425559 0.01257023 0.54117647 0.42352941 0.64313725
v 0.00049524 -0.01459080 0.01241873 0.54117647 0.42352941 0.64313725
v 0.00049524 -0.01448160 0.01249484 0.54117647 0.42352941 0.64313725
v -0.03762308 -0.01445113 0.01250934 0.54117647 0.42352941 0.64313725
v 0.00049524 -0.01469745 0.01234190 0.54117647 0.42352941 0.64313725
v 0.00049524 -0.01391276 0.00629792 0.54117647 0.42352941 0.64313725
v -0.01047904 -0.01472539 0.00529470 0.54117647 0.42352941 0.64313725
v -0.05043723 0.00887382 0.01269926 0.54117647 0.42352941 0.64313725
v 0.00049524 0.00863257 0.01269926 0.54117647 0.42352941 0.64313725
v -0.00000336 0.00876462 0.01268838 0.54117647 0.42352941 0.64313725
v 0.00049524 0.00889159 0.01267679 0.54117647 0.42352941 0.64313725
v -0.01066353 -0.01490315 0.00529470 0.54117647 0.42352941 0.64313725
v 0.00049524 -0.01398133 0.00630952 0.54117647 0.42352941 0.64313725
v -0.05020787 -0.01397879 0.01267679 0.54117647 0.42352941 0.64313725
v -0.05024775 -0.01396863 0.01267679 0.54117647 0.42352941 0.64313725
v -0.05028764 -0.01395339 0.01267679 0.54117647 0.42352941 0.64313725
v -0.05040232 -0.01418195 0.01260792 0.54117647 0.42352941 0.64313725
v -0.05016798 -0.01398387 0.01267679 0.54117647 0.42352941 0.64313725
v -0.02508318 -0.01442065 0.01252384 0.54117647 0.42352941 0.64313725
v -0.00000336 -0.01424035 0.01260792 0.54117647 0.42352941 0.64313725
v -0.05043723 -0.01415909 0.01260792 0.54117647 0.42352941 0.64313725
v 0.00049524 -0.01424289 0.01260575 0.54117647 0.42352941 0.64313725
v -0.05043723 -0.01344804 0.01269926 0.54117647 0.42352941 0.64313725
v 0.00049524 -0.00233028 0.01269998 0.54117647 0.42352941 0.64313725
v 0.00049524 0.00875954 0.01268838 0.54117647 0.42352941 0.64313725
v -0.05016798 -0.01371722 0.01269926 0.54117647 0.42352941 0.64313725
v -0.05032255 -0.01393308 0.01267679 0.54117647 0.42352941 0.64313725
v -0.03762308 -0.01388483 0.01268548 0.54117647 0.42352941 0.64313725
v -0.00000336 -0.01398387 0.01267679 0.54117647 0.42352941 0.64313725
v 0.00049524 -0.01423527 0.01260865 0.54117647 0.42352941 0.64313725
v 0.00049524 -0.01411338 0.01264199 0.54117647 0.42352941 0.64313725
v -0.05043723 -0.01409560 0.01262242 0.54117647 0.42352941 0.64313725
v -0.05043723 -0.01381880 0.01267679 0.54117647 0.42352941 0.64313725
v -0.05035246 -0.01390514 0.01267679 0.54117647 0.42352941 0.64313725
v 0.00049524 -0.00274929 0.01269998 0.54117647 0.42352941 0.64313725
v -0.02508318 -0.01378325 0.01269418 0.54117647 0.42352941 0.64313725
v -0.01254327 -0.01375024 0.01269708 0.54117647 0.42352941 0.64313725
v 0.00049524 -0.01371976 0.01269926 0.54117647 0.42352941 0.64313725
v -0.05043723 -0.01407529 0.01262677 0.54117647 0.42352941 0.64313725
v -0.01254327 -0.01388483 0.01268548 0.54117647 0.42352941 0.64313725
v 0.00049524 -0.01398387 0.01267606 0.54117647 0.42352941 0.64313725
v -0.00000336 -0.01384928 0.01268838 0.54117647 0.42352941 0.64313725
v -0.05043723 -0.01399149 0.01264344 0.54117647 0.42352941 0.64313725
f 210 211 215
f 210 215 221
f 210 221 237
f 210 237 251
f 210 251 250
f 210 250 274
f 210 274 303
f 210 303 302
f 210 302 301
f 210 301 330
f 210 330 351
f 210 351 378
f 210 378 379
f 210 379 399
f 210 399 410
f 210 410 417
f 210 417 421
f 210 421 411
f 210 411 401
f 210 401 386
f 210 386 367
f 210 367 341
f 210 341 321
f 210 321 319
f 210 319 295
f 210 295 267
f 210 267 244
f 210 244 232
f 210 232 219
f 210 219 212
f 210 212 213
f 210 213 214
f 210 214 216
f 210 216 211
f 211 216 217
f 211 217 218
f 211 218 231
f 211 231 240
f 211 240 254
f 211 254 282
f 211 282 294
f 211 294 293
f 211 293 292
f 211 292 291
f 211 291 290
f 211 290 289
f 211 289 288
f 211 288 287
f 211 287 286
f 211 286 285
f 211 285 284
f 211 284 318
f 211 318 317
f 211 317 316
f 211 316 315
f 211 315 314
f 211 314 313
f 211 313 312
f 211 312 311
f 211 311 339
f 211 339 364
f 211 364 363
f 211 363 385
f 211 385 390
f 211 390 370
f 211 370 342
f 211 342 322
f 211 322 297
f 211 297 270
f 211 270 247
f 211 247 238
f 211 238 222
f 211 222 215
f 212 219 220
f 212 220 213
f 213 220 234
f 213 234 233
f 213 233 246
f 213 246 245
f 213 245 269
f 213 269 268
f 213 268 296
f 213 296 320
f 213 320 340
f 213 340 366
f 213 366 369
f 213 369 389
f 213 389 403
f 213 403 387
f 213 387 402
f 213 402 413
f 213 413 416
f 213 416 419
f 213 419 409
f 213 409 408
f 213 408 400
f 213 400 381
f 213 381 380
f 213 380 383
f 213 383 361
f 213 361 337
f 213 337 308
f 213 308 281
f 213 281 280
f 213 280 277
f 213 277 299
f 213 299 298
f 213 298 328
f 213 328 327
f 213 327 326
f 213 326 325
f 213 325 324
f 213 324 323
f 213 323 349
f 213 349 348
f 213 348 347
f 213 347 346
f 213 346 345
f 213 345 344
f 213 344 343
f 213 343 374
f 213 374 373
f 213 373 372
f 213 372 371
f 213 371 391
f 213 391 384
f 213 384 362
f 213 362 338
f 213 338 310
f 213 310 283
f 213 283 266
f 213 266 265
f 213 265 264
f 213 264 263
f 213 263 262
f 213 262 261
f 213 261 260
f 213 260 259
f 213 259 258
f 213 258 257
f 213 257 256
f 213 256 255
f 213 255 243
f 213 243 242
f 213 242 241
f 213 241 239
f 213 239 230
f 213 230 229
f 213 229 228
f 213 228 227
f 213 227 226
f 213 226 225
f 213 225 224
f 213 224 223
f 213 223 217
f 213 217 216
f 213 216 214
f 215 222 221
f 217 223 218
f 218 223 224
f 218 224 225
f 218 225 226
f 218 226 227
f 218 227 228
f 218 228 229
f 218 229 230
f 218 230 231
f 219 232 233
f 219 233 234
f 219 234 220
f 221 222 235
f 221 235 236
f 221 236 237
f 222 238 235
f 230 239 231
f 231 239 241
f 231 241 242
f 231 242 243
f 231 243 240
f 232 244 245
f 232 245 246
f 232 246 233
f 235 247 248
f 235 248 236
f 235 238 247
f 236 249 250
f 236 250 251
f 236 251 237
f 236 248 252
f 236 252 253
f 236 253 249
f 240 243 255
f 240 255 256
f 240 256 257
f 240 257 258
f 240 258 259
f 240 259 260
f 240 260 261
f 240 261 262
f 240 262 263
f 240 263 264
f 240 264 265
f 240 265 266
f 240 266 254
f 244 267 268
f 244 268 269
f 244 269 245
f 247 270 248
f 248 271 277
f 248 277 272
f 248 272 252
f 248 270 297
f 248 297 328
f 248 328 298
f 248 298 271
f 249 273 274
f 249 274 250
f 249 253 273
f 252 275 276
f 252 276 253
f 252 272 277
f 252 277 275
f 253 278 305
f 253 305 279
f 253 279 273
f 253 276 280
f 253 280 281
f 253 281 278
f 254 266 282
f 266 283 318
f 266 318 284
f 266 284 285
f 266 285 286
f 266 286 287
f 266 287 288
f 266 288 289
f 266 289 290
f 266 290 291
f 266 291 292
f 266 292 293
f 266 293 294
f 266 294 282
f 267 295 268
f 268 295 296
f 271 298 299
f 271 299 277
f 273 300 301
f 273 301 302
f 273 302 303
f 273 303 274
f 273 279 304
f 273 304 300
f 275 277 280
f 275 280 276
f 278 281 305
f 279 306 333
f 279 333 304
f 279 305 309
f 279 309 307
f 279 307 335
f 279 335 306
f 281 308 307
f 281 307 309
f 281 309 305
f 283 310 311
f 283 311 312
f 283 312 313
f 283 313 314
f 283 314 315
f 283 315 316
f 283 316 317
f 283 317 318
f 295 319 296
f 296 319 321
f 296 321 320
f 297 322 323
f 297 323 324
f 297 324 325
f 297 325 326
f 297 326 327
f 297 327 328
f 300 329 301
f 300 304 332
f 300 332 329
f 301 329 330
f 304 331 332
f 304 333 334
f 304 334 331
f 306 335 360
f 306 360 333
f 307 308 336
f 307 336 335
f 308 337 336
f 310 338 311
f 311 338 339
f 320 321 340
f 321 341 340
f 322 342 343
f 322 343 344
f 322 344 345
f 322 345 346
f 322 346 347
f 322 347 348
f 322 348 349
f 322 349 323
f 329 350 330
f 329 332 350
f 330 350 352
f 330 352 351
f 331 334 336
f 331 336 353
f 331 353 354
f 331 354 332
f 332 355 356
f 332 356 357
f 332 357 358
f 332 358 350
f 332 354 359
f 332 359 380
f 332 380 355
f 333 360 336
f 333 336 334
f 335 336 360
f 336 337 361
f 336 361 359
f 336 359 354
f 336 354 353
f 338 362 363
f 338 363 364
f 338 364 339
f 340 341 365
f 340 365 366
f 341 367 368
f 341 368 369
f 341 369 366
f 341 366 365
f 342 370 371
f 342 371 372
f 342 372 373
f 342 373 374
f 342 374 343
f 350 375 352
f 350 358 376
f 350 376 377
f 350 377 375
f 351 352 378
f 352 375 379
f 352 379 378
f 355 380 356
f 356 380 381
f 356 381 357
f 357 381 358
f 358 382 376
f 358 381 382
f 359 361 383
f 359 383 380
f 362 384 363
f 363 384 385
f 367 386 387
f 367 387 388
f 367 388 368
f 368 388 403
f 368 403 389
f 368 389 369
f 370 390 384
f 370 384 391
f 370 391 371
f 375 377 392
f 375 392 393
f 375 393 394
f 375 394 395
f 375 395 379
f 376 396 377
f 376 382 397
f 376 397 398
f 376 398 407
f 376 407 396
f 377 396 392
f 379 395 399
f 381 400 398
f 381 398 397
f 381 397 382
f 384 390 385
f 386 401 413
f 386 413 402
f 386 402 387
f 387 403 388
f 392 396 404
f 392 404 393
f 393 404 394
f 394 405 395
f 394 404 405
f 395 405 399
f 396 406 404
f 396 407 418
f 396 418 406
f 398 400 408
f 398 408 409
f 398 409 407
f 399 405 410
f 401 411 412
f 401 412 404
f 401 404 413
f 404 412 405
f 404 406 414
f 404 414 415
f 404 415 416
f 404 416 413
f 405 412 417
f 405 417 410
f 406 418 415
f 406 415 414
f 407 409 419
f 407 419 416
f 407 416 420
f 407 420 415
f 407 415 418
f 411 421 412
f 412 421 417
f 415 420 416

o geometry_2
v 0.05212159 0.01059701 -0.01269998 0.43529412 0.89019608 0.96078431
v 0.05183049 0.01059701 -0.01267512 0.43529412 0.89019608 0.96078431
v 0.05232410 0.01371243 -0.01269998 0.43529412 0.89019608 0.96078431
v 0.07448373 0.01059701 -0.01269998 0.43529412 0.89019608 0.96078431
v 0.05154950 0.01059701 -0.01260799 0.43529412 0.89019608 0.96078431
v 0.05206084 0.01371243 -0.01267512 0.43529412 0.89019608 0.96078431
v 0.05206590 0.01397720 -0.01265274 0.43529412 0.89019608 0.96078431
v 0.05232410 0.01397720 -0.01267512 0.43529412 0.89019608 0.96078431
v 0.07467358 0.01371243 -0.01269998 0.43529412 0.89019608 0.96078431
v 0.07467358 0.01078820 -0.01269998 0.43529412 0.89019608 0.96078431
v 0.07486597 0.01059701 -0.01267512 0.43529412 0.89019608 0.96078431
v 0.05145078 0.01059701 -0.01256572 0.43529412 0.89019608 0.96078431
v 0.05180517 0.01371243 -0.01260799 0.43529412 0.89019608 0.96078431
v 0.05207603 0.01423334 -0.01258561 0.43529412 0.89019608 0.96078431
v 0.05232410 0.01423334 -0.01260799 0.43529412 0.89019608 0.96078431
v 0.05181276 0.01397720 -0.01258561 0.43529412 0.89019608 0.96078431
v 0.07467358 0.01397720 -0.01267512 0.43529412 0.89019608 0.96078431
v 0.07493938 0.01397311 -0.01265274 0.43529412 0.89019608 0.96078431
v 0.07493938 0.01371243 -0.01267512 0.43529412 0.89019608 0.96078431
v 0.07493938 0.01078820 -0.01267512 0.43529412 0.89019608 0.96078431
v 0.07493684 0.01074687 -0.01267512 0.43529412 0.89019608 0.96078431
v 0.07492672 0.01070645 -0.01267512 0.43529412 0.89019608 0.96078431
v 0.07491153 0.01066785 -0.01267512 0.43529412 0.89019608 0.96078431
v 0.07491406 0.01059701 -0.01266517 0.43529412 0.89019608 0.96078431
v 0.05128371 0.01059701 -0.01249362 0.43529412 0.89019608 0.96078431
v 0.05156216 0.01371243 -0.01249362 0.43529412 0.89019608 0.96078431
v 0.05157482 0.01397720 -0.01247373 0.43529412 0.89019608 0.96078431
v 0.05209628 0.01447449 -0.01247373 0.43529412 0.89019608 0.96078431
v 0.05183555 0.01423334 -0.01252097 0.43529412 0.89019608 0.96078431
v 0.05187352 0.01447449 -0.01241406 0.43529412 0.89019608 0.96078431
v 0.05232410 0.01447449 -0.01249362 0.43529412 0.89019608 0.96078431
v 0.06349758 0.01435414 -0.01255080 0.43529412 0.89019608 0.96078431
v 0.07467358 0.01423334 -0.01260799 0.43529412 0.89019608 0.96078431
v 0.07493938 0.01422562 -0.01258561 0.43529412 0.89019608 0.96078431
v 0.07519504 0.01396085 -0.01258561 0.43529412 0.89019608 0.96078431
v 0.07519504 0.01371243 -0.01260799 0.43529412 0.89019608 0.96078431
v 0.07519504 0.01078820 -0.01260799 0.43529412 0.89019608 0.96078431
v 0.07518998 0.01070645 -0.01260799 0.43529412 0.89019608 0.96078431
v 0.07516973 0.01062698 -0.01260799 0.43529412 0.89019608 0.96078431
v 0.07507607 0.01059701 -0.01262788 0.43529412 0.89019608 0.96078431
v 0.07497988 0.01059701 -0.01265025 0.43529412 0.89019608 0.96078431
v 0.07493684 0.01059701 -0.01266020 0.43529412 0.89019608 0.96078431
v 0.05103310 0.01059701 -0.01234195 0.43529412 0.89019608 0.96078431
v 0.05134446 0.01371243 -0.01234195 0.43529412 0.89019608 0.96078431
v 0.05135965 0.01397720 -0.01232455 0.43529412 0.89019608 0.96078431
v 0.05161026 0.01423334 -0.01241406 0.43529412 0.89019608 0.96078431
v 0.05140521 0.01423334 -0.01227234 0.43529412 0.89019608 0.96078431
v 0.05212159 0.01469202 -0.01232455 0.43529412 0.89019608 0.96078431
v 0.05166595 0.01447449 -0.01231709 0.43529412 0.89019608 0.96078431
v 0.05192668 0.01469202 -0.01227234 0.43529412 0.89019608 0.96078431
v 0.05232410 0.01469202 -0.01234195 0.43529412 0.89019608 0.96078431
v 0.06349758 0.01458303 -0.01241903 0.43529412 0.89019608 0.96078431
v 0.07467358 0.01447449 -0.01249362 0.43529412 0.89019608 0.96078431
v 0.07493938 0.01446268 -0.01247373 0.43529412 0.89019608 0.96078431
v 0.07519504 0.01420200 -0.01252097 0.43529412 0.89019608 0.96078431
v 0.07543553 0.01394132 -0.01247373 0.43529412 0.89019608 0.96078431
v 0.07543553 0.01371243 -0.01249362 0.43529412 0.89019608 0.96078431
v 0.07543553 0.01078820 -0.01249362 0.43529412 0.89019608 0.96078431
v 0.07542793 0.01066876 -0.01249362 0.43529412 0.89019608 0.96078431
v 0.07541021 0.01059701 -0.01249362 0.43529412 0.89019608 0.96078431
v 0.07515708 0.01059701 -0.01260799 0.43529412 0.89019608 0.96078431
v 0.07533933 0.01059701 -0.01252594 0.43529412 0.89019608 0.96078431
v 0.05080528 0.01059701 -0.01215548 0.43529412 0.89019608 0.96078431
v 0.05115714 0.01371243 -0.01215548 0.43529412 0.89019608 0.96078431
v 0.05117486 0.01397720 -0.01214056 0.43529412 0.89019608 0.96078431
v 0.05122802 0.01423334 -0.01209581 0.43529412 0.89019608 0.96078431
v 0.05147609 0.01447449 -0.01218532 0.43529412 0.89019608 0.96078431
v 0.05215450 0.01487958 -0.01214056 0.43529412 0.89019608 0.96078431
v 0.05232410 0.01487958 -0.01215548 0.43529412 0.89019608 0.96078431
v 0.05174189 0.01469202 -0.01218532 0.43529412 0.89019608 0.96078431
v 0.05183555 0.01487958 -0.01202371 0.43529412 0.89019608 0.96078431
v 0.05198996 0.01487958 -0.01209581 0.43529412 0.89019608 0.96078431
v 0.07467358 0.01469202 -0.01234195 0.43529412 0.89019608 0.96078431
v 0.07493938 0.01467703 -0.01232455 0.43529412 0.89019608 0.96078431
v 0.07519504 0.01463298 -0.01227234 0.43529412 0.89019608 0.96078431
v 0.07519504 0.01442816 -0.01241406 0.43529412 0.89019608 0.96078431
v 0.07543553 0.01437230 -0.01231709 0.43529412 0.89019608 0.96078431
v 0.07543553 0.01416385 -0.01241406 0.43529412 0.89019608 0.96078431
v 0.07565322 0.01411162 -0.01227234 0.43529412 0.89019608 0.96078431
v 0.07565322 0.01391498 -0.01232455 0.43529412 0.89019608 0.96078431
v 0.07565322 0.01371243 -0.01234195 0.43529412 0.89019608 0.96078431
v 0.07565322 0.01078820 -0.01234195 0.43529412 0.89019608 0.96078431
v 0.07564310 0.01063470 -0.01234195 0.43529412 0.89019608 0.96078431
v 0.07563297 0.01059701 -0.01234195 0.43529412 0.89019608 0.96078431
v 0.05062049 0.01059701 -0.01193669 0.43529412 0.89019608 0.96078431
v 0.05102551 0.01397720 -0.01192426 0.43529412 0.89019608 0.96078431
v 0.05108626 0.01423334 -0.01189193 0.43529412 0.89019608 0.96078431
v 0.05118245 0.01447449 -0.01183475 0.43529412 0.89019608 0.96078431
v 0.05131409 0.01447449 -0.01202371 0.43529412 0.89019608 0.96078431
v 0.05157482 0.01469202 -0.01206846 0.43529412 0.89019608 0.96078431
v 0.05206590 0.01503218 -0.01189193 0.43529412 0.89019608 0.96078431
v 0.05219247 0.01503218 -0.01192426 0.43529412 0.89019608 0.96078431
v 0.05232410 0.01503218 -0.01193669 0.43529412 0.89019608 0.96078431
v 0.07467358 0.01487958 -0.01215548 0.43529412 0.89019608 0.96078431
v 0.05183555 0.01503218 -0.01175767 0.43529412 0.89019608 0.96078431
v 0.05194440 0.01503218 -0.01183475 0.43529412 0.89019608 0.96078431
v 0.05169632 0.01487958 -0.01192426 0.43529412 0.89019608 0.96078431
v 0.07493938 0.01486187 -0.01214056 0.43529412 0.89019608 0.96078431
v 0.07519504 0.01480919 -0.01209581 0.43529412 0.89019608 0.96078431
v 0.07543553 0.01472336 -0.01202371 0.43529412 0.89019608 0.96078431
v 0.07543553 0.01456077 -0.01218532 0.43529412 0.89019608 0.96078431
v 0.07565322 0.01429601 -0.01218532 0.43529412 0.89019608 0.96078431
v 0.07584308 0.01420200 -0.01202371 0.43529412 0.89019608 0.96078431
v 0.07584308 0.01404759 -0.01209581 0.43529412 0.89019608 0.96078431
v 0.07584308 0.01388228 -0.01214056 0.43529412 0.89019608 0.96078431
v 0.07584308 0.01371243 -0.01215548 0.43529412 0.89019608 0.96078431
v 0.07584308 0.01078820 -0.01215548 0.43529412 0.89019608 0.96078431
v 0.07582789 0.01060518 -0.01215548 0.43529412 0.89019608 0.96078431
v 0.07582536 0.01059701 -0.01215548 0.43529412 0.89019608 0.96078431
v 0.05049392 0.01059701 -0.01173281 0.43529412 0.89019608 0.96078431
v 0.05091413 0.01397720 -0.01168806 0.43529412 0.89019608 0.96078431
v 0.05047114 0.01059701 -0.01169552 0.43529412 0.89019608 0.96078431
v 0.05097994 0.01423334 -0.01166568 0.43529412 0.89019608 0.96078431
v 0.05122802 0.01469202 -0.01157369 0.43529412 0.89019608 0.96078431
v 0.05131409 0.01469202 -0.01175767 0.43529412 0.89019608 0.96078431
v 0.05108626 0.01447449 -0.01162590 0.43529412 0.89019608 0.96078431
v 0.05143053 0.01469202 -0.01192426 0.43529412 0.89019608 0.96078431
v 0.05157482 0.01487958 -0.01180491 0.43529412 0.89019608 0.96078431
v 0.05214691 0.01514435 -0.01166568 0.43529412 0.89019608 0.96078431
v 0.05223550 0.01514435 -0.01168806 0.43529412 0.89019608 0.96078431
v 0.05232410 0.01514435 -0.01169552 0.43529412 0.89019608 0.96078431
v 0.06349758 0.01508849 -0.01181734 0.43529412 0.89019608 0.96078431
v 0.07467358 0.01503218 -0.01193669 0.43529412 0.89019608 0.96078431
v 0.05174189 0.01503218 -0.01166568 0.43529412 0.89019608 0.96078431
v 0.05198996 0.01514435 -0.01157369 0.43529412 0.89019608 0.96078431
v 0.05206590 0.01514435 -0.01162590 0.43529412 0.89019608 0.96078431
v 0.07493938 0.01501219 -0.01192426 0.43529412 0.89019608 0.96078431
v 0.07519504 0.01495270 -0.01189193 0.43529412 0.89019608 0.96078431
v 0.07543553 0.01485551 -0.01183475 0.43529412 0.89019608 0.96078431
v 0.07565322 0.01472336 -0.01175767 0.43529412 0.89019608 0.96078431
v 0.07565322 0.01460664 -0.01192426 0.43529412 0.89019608 0.96078431
v 0.07565322 0.01446268 -0.01206846 0.43529412 0.89019608 0.96078431
v 0.07584308 0.01434188 -0.01192426 0.43529412 0.89019608 0.96078431
v 0.07599496 0.01420200 -0.01175767 0.43529412 0.89019608 0.96078431
v 0.07599496 0.01409346 -0.01183475 0.43529412 0.89019608 0.96078431
v 0.07599496 0.01397311 -0.01189193 0.43529412 0.89019608 0.96078431
v 0.07599496 0.01384459 -0.01192426 0.43529412 0.89019608 0.96078431
v 0.07599496 0.01371243 -0.01193669 0.43529412 0.89019608 0.96078431
v 0.07599496 0.01078820 -0.01193669 0.43529412 0.89019608 0.96078431
v 0.07597977 0.01059701 -0.01193669 0.43529412 0.89019608 0.96078431
v 0.07587852 0.01059701 -0.01208089 0.43529412 0.89019608 0.96078431
v 0.05091413 0.01423334 -0.01142451 0.43529412 0.89019608 0.96078431
v 0.05040785 0.01059701 -0.01153391 0.43529412 0.89019608 0.96078431
v 0.05037241 0.01059701 -0.01143943 0.43529412 0.89019608 0.96078431
v 0.05084831 0.01397720 -0.01143445 0.43529412 0.89019608 0.96078431
v 0.05102551 0.01447449 -0.01140462 0.43529412 0.89019608 0.96078431
v 0.05117486 0.01469202 -0.01137727 0.43529412 0.89019608 0.96078431
v 0.05135965 0.01487958 -0.01134495 0.43529412 0.89019608 0.96078431
v 0.05140521 0.01487958 -0.01150904 0.43529412 0.89019608 0.96078431
v 0.05147609 0.01487958 -0.01166568 0.43529412 0.89019608 0.96078431
v 0.05219247 0.01521338 -0.01140462 0.43529412 0.89019608 0.96078431
v 0.05223550 0.01521338 -0.01142451 0.43529412 0.89019608 0.96078431
v 0.05227854 0.01521338 -0.01143445 0.43529412 0.89019608 0.96078431
v 0.05232410 0.01521338 -0.01143943 0.43529412 0.89019608 0.96078431
v 0.06349758 0.01517886 -0.01156871 0.43529412 0.89019608 0.96078431
v 0.07467358 0.01514435 -0.01169552 0.43529412 0.89019608 0.96078431
v 0.07493938 0.01512255 -0.01168806 0.43529412 0.89019608 0.96078431
v 0.05187352 0.01514435 -0.01143445 0.43529412 0.89019608 0.96078431
v 0.05192668 0.01514435 -0.01150904 0.43529412 0.89019608 0.96078431
v 0.05166595 0.01503218 -0.01155628 0.43529412 0.89019608 0.96078431
v 0.05212159 0.01521338 -0.01134495 0.43529412 0.89019608 0.96078431
v 0.05215450 0.01521338 -0.01137727 0.43529412 0.89019608 0.96078431
v 0.07519504 0.01505806 -0.01166568 0.43529412 0.89019608 0.96078431
v 0.07543553 0.01495270 -0.01162590 0.43529412 0.89019608 0.96078431
v 0.07565322 0.01480919 -0.01157369 0.43529412 0.89019608 0.96078431
v 0.07584308 0.01456077 -0.01166568 0.43529412 0.89019608 0.96078431
v 0.07584308 0.01446268 -0.01180491 0.43529412 0.89019608 0.96078431
v 0.07599496 0.01429601 -0.01166568 0.43529412 0.89019608 0.96078431
v 0.07610634 0.01404759 -0.01157369 0.43529412 0.89019608 0.96078431
v 0.07610634 0.01397311 -0.01162590 0.43529412 0.89019608 0.96078431
v 0.07610634 0.01389046 -0.01166568 0.43529412 0.89019608 0.96078431
v 0.07610634 0.01380281 -0.01168806 0.43529412 0.89019608 0.96078431
v 0.07610634 0.01371243 -0.01169552 0.43529412 0.89019608 0.96078431
v 0.07610634 0.01078820 -0.01169552 0.43529412 0.89019608 0.96078431
v 0.07607596 0.01059701 -0.01173281 0.43529412 0.89019608 0.96078431
v 0.05100526 0.01447449 -0.01117588 0.43529412 0.89019608 0.96078431
v 0.05082553 0.01397720 -0.01117588 0.43529412 0.89019608 0.96078431
v 0.05089388 0.01423334 -0.01117588 0.43529412 0.89019608 0.96078431
v 0.05034204 0.01059701 -0.01117588 0.43529412 0.89019608 0.96078431
v 0.05134446 0.01487958 -0.01117588 0.43529412 0.89019608 0.96078431
v 0.05115714 0.01469202 -0.01117588 0.43529412 0.89019608 0.96078431
v 0.05156216 0.01503218 -0.01117588 0.43529412 0.89019608 0.96078431
v 0.05157482 0.01503218 -0.01130765 0.43529412 0.89019608 0.96078431
v 0.05161026 0.01503218 -0.01143445 0.43529412 0.89019608 0.96078431
v 0.05232410 0.01523654 -0.01117588 0.43529412 0.89019608 0.96078431
v 0.07467358 0.01521338 -0.01143943 0.43529412 0.89019608 0.96078431
v 0.07493938 0.01519022 -0.01143445 0.43529412 0.89019608 0.96078431
v 0.07519504 0.01512255 -0.01142451 0.43529412 0.89019608 0.96078431
v 0.05183555 0.01514435 -0.01135241 0.43529412 0.89019608 0.96078431
v 0.05207603 0.01521338 -0.01126539 0.43529412 0.89019608 0.96078431
v 0.05209628 0.01521338 -0.01130765 0.43529412 0.89019608 0.96078431
v 0.07543553 0.01501219 -0.01140462 0.43529412 0.89019608 0.96078431
v 0.07565322 0.01486187 -0.01137727 0.43529412 0.89019608 0.96078431
v 0.07584308 0.01467703 -0.01134495 0.43529412 0.89019608 0.96078431
v 0.07584308 0.01463298 -0.01150904 0.43529412 0.89019608 0.96078431
v 0.07599496 0.01437230 -0.01155628 0.43529412 0.89019608 0.96078431
v 0.07610634 0.01416385 -0.01143445 0.43529412 0.89019608 0.96078431
v 0.07610634 0.01411162 -0.01150904 0.43529412 0.89019608 0.96078431
v 0.07617469 0.01391498 -0.01134495 0.43529412 0.89019608 0.96078431
v 0.07617469 0.01388228 -0.01137727 0.43529412 0.89019608 0.96078431
v 0.07617469 0.01384459 -0.01140462 0.43529412 0.89019608 0.96078431
v 0.07617469 0.01380281 -0.01142451 0.43529412 0.89019608 0.96078431
v 0.07617469 0.01375830 -0.01143445 0.43529412 0.89019608 0.96078431
v 0.07617469 0.01371243 -0.01143943 0.43529412 0.89019608 0.96078431
v 0.07609115 0.01059701 -0.01169552 0.43529412 0.89019608 0.96078431
v 0.07617469 0.01078820 -0.01143943 0.43529412 0.89019608 0.96078431
v 0.05100526 0.01447449 0.01117592 0.43529412 0.89019608 0.96078431
v 0.05094957 0.01435414 0.00000002 0.43529412 0.89019608 0.96078431
v 0.05082553 0.01397720 0.01117592 0.43529412 0.89019608 0.96078431
v 0.05085844 0.01410527 0.00000002 0.43529412 0.89019608 0.96078431
v 0.05033951 0.01059701 0.01117592 0.43529412 0.89019608 0.96078431
v 0.05089388 0.01423334 0.01117592 0.43529412 0.89019608 0.96078431
v 0.05134446 0.01487958 0.01117592 0.43529412 0.89019608 0.96078431
v 0.05125080 0.01478603 0.00000002 0.43529412 0.89019608 0.96078431
v 0.05115714 0.01469202 0.01117592 0.43529412 0.89019608 0.96078431
v 0.05156216 0.01503218 0.01117592 0.43529412 0.89019608 0.96078431
v 0.05168366 0.01508849 0.00000002 0.43529412 0.89019608 0.96078431
v 0.05180517 0.01514435 -0.01117588 0.43529412 0.89019608 0.96078431
v 0.05181276 0.01514435 -0.01126539 0.43529412 0.89019608 0.96078431
v 0.05206590 0.01521338 -0.01122063 0.43529412 0.89019608 0.96078431
v 0.05206084 0.01521338 -0.01117588 0.43529412 0.89019608 0.96078431
v 0.05232410 0.01523654 0.01117592 0.43529412 0.89019608 0.96078431
v 0.07467358 0.01523654 -0.01117588 0.43529412 0.89019608 0.96078431
v 0.07493938 0.01521338 -0.01117588 0.43529412 0.89019608 0.96078431
v 0.07519504 0.01514435 -0.01117588 0.43529412 0.89019608 0.96078431
v 0.07543553 0.01503218 -0.01117588 0.43529412 0.89019608 0.96078431
v 0.07565322 0.01487958 -0.01117588 0.43529412 0.89019608 0.96078431
v 0.07584308 0.01469202 -0.01117588 0.43529412 0.89019608 0.96078431
v 0.07599496 0.01447449 -0.01117588 0.43529412 0.89019608 0.96078431
v 0.07599496 0.01446268 -0.01130765 0.43529412 0.89019608 0.96078431
v 0.07599496 0.01442816 -0.01143445 0.43529412 0.89019608 0.96078431
v 0.07610634 0.01420200 -0.01135241 0.43529412 0.89019608 0.96078431
v 0.07617469 0.01394132 -0.01130765 0.43529412 0.89019608 0.96078431
v 0.07620000 0.01371243 -0.01117588 0.43529412 0.89019608 0.96078431
v 0.07615950 0.01059701 -0.01143943 0.43529412 0.89019608 0.96078431
v 0.07620000 0.01078820 -0.01117588 0.43529412 0.89019608 0.96078431
v 0.05091413 0.01422562 0.01143947 0.43529412 0.89019608 0.96078431
v 0.05102551 0.01446268 0.01143947 0.43529412 0.89019608 0.96078431
v 0.05117486 0.01467703 0.01143947 0.43529412 0.89019608 0.96078431
v 0.05084831 0.01397311 0.01143947 0.43529412 0.89019608 0.96078431
v 0.05037241 0.01059701 0.01143947 0.43529412 0.89019608 0.96078431
v 0.05135965 0.01486187 0.01143947 0.43529412 0.89019608 0.96078431
v 0.05157482 0.01501219 0.01143947 0.43529412 0.89019608 0.96078431
v 0.05181276 0.01512255 0.01143947 0.43529412 0.89019608 0.96078431
v 0.05180517 0.01514435 0.01117592 0.43529412 0.89019608 0.96078431
v 0.05193174 0.01517886 0.00000002 0.43529412 0.89019608 0.96078431
v 0.05206084 0.01521338 0.01117592 0.43529412 0.89019608 0.96078431
v 0.05232410 0.01521338 0.01143947 0.43529412 0.89019608 0.96078431
v 0.07467358 0.01523654 0.01117592 0.43529412 0.89019608 0.96078431
v 0.07493938 0.01521338 0.01117592 0.43529412 0.89019608 0.96078431
v 0.07506848 0.01517886 0.00000002 0.43529412 0.89019608 0.96078431
v 0.07519504 0.01514435 0.01117592 0.43529412 0.89019608 0.96078431
v 0.07531655 0.01508849 0.00000002 0.43529412 0.89019608 0.96078431
v 0.07543553 0.01503218 0.01117592 0.43529412 0.89019608 0.96078431
v 0.07565322 0.01487958 0.01117592 0.43529412 0.89019608 0.96078431
v 0.07574942 0.01478603 0.00000002 0.43529412 0.89019608 0.96078431
v 0.07584308 0.01469202 0.01117592 0.43529412 0.89019608 0.96078431
v 0.07599496 0.01447449 0.01117592 0.43529412 0.89019608 0.96078431
v 0.07605065 0.01435414 0.00000002 0.43529412 0.89019608 0.96078431
v 0.07610634 0.01423334 -0.01117588 0.43529412 0.89019608 0.96078431
v 0.07610634 0.01422562 -0.01126539 0.43529412 0.89019608 0.96078431
v 0.07617469 0.01397311 -0.01122063 0.43529412 0.89019608 0.96078431
v 0.07617469 0.01396085 -0.01126539 0.43529412 0.89019608 0.96078431
v 0.07620000 0.01371243 0.01117592 0.43529412 0.89019608 0.96078431
v 0.07617469 0.01397720 -0.01117588 0.43529412 0.89019608 0.96078431
v 0.07618481 0.01059701 -0.01117588 0.43529412 0.89019608 0.96078431
v 0.07620000 0.01078820 0.01117592 0.43529412 0.89019608 0.96078431
v 0.05091413 0.01396085 0.01169556 0.43529412 0.89019608 0.96078431
v 0.05097994 0.01420200 0.01169556 0.43529412 0.89019608 0.96078431
v 0.05108626 0.01442816 0.01169556 0.43529412 0.89019608 0.96078431
v 0.05122802 0.01463298 0.01169556 0.43529412 0.89019608 0.96078431
v 0.05044076 0.01059701 0.01161848 0.43529412 0.89019608 0.96078431
v 0.05140521 0.01480919 0.01169556 0.43529412 0.89019608 0.96078431
v 0.05161026 0.01495270 0.01169556 0.43529412 0.89019608 0.96078431
v 0.05183555 0.01505806 0.01169556 0.43529412 0.89019608 0.96078431
v 0.05207603 0.01512255 0.01169556 0.43529412 0.89019608 0.96078431
v 0.05206590 0.01519022 0.01143947 0.43529412 0.89019608 0.96078431
v 0.05232410 0.01514435 0.01169556 0.43529412 0.89019608 0.96078431
v 0.06349758 0.01517886 0.01156875 0.43529412 0.89019608 0.96078431
v 0.07467358 0.01521338 0.01143947 0.43529412 0.89019608 0.96078431
v 0.07493938 0.01519022 0.01143449 0.43529412 0.89019608 0.96078431
v 0.07519504 0.01512255 0.01142455 0.43529412 0.89019608 0.96078431
v 0.07543553 0.01501219 0.01140466 0.43529412 0.89019608 0.96078431
v 0.07565322 0.01486187 0.01137731 0.43529412 0.89019608 0.96078431
v 0.07584308 0.01467703 0.01134499 0.43529412 0.89019608 0.96078431
v 0.07599496 0.01446268 0.01130769 0.43529412 0.89019608 0.96078431
v 0.07610634 0.01422562 0.01126543 0.43529412 0.89019608 0.96078431
v 0.07610634 0.01423334 0.01117592 0.43529412 0.89019608 0.96078431
v 0.07614178 0.01410527 0.00000002 0.43529412 0.89019608 0.96078431
v 0.07617469 0.01391498 0.01134499 0.43529412 0.89019608 0.96078431
v 0.07617469 0.01388228 0.01137731 0.43529412 0.89019608 0.96078431
v 0.07617469 0.01384459 0.01140466 0.43529412 0.89019608 0.96078431
v 0.07617469 0.01380281 0.01142455 0.43529412 0.89019608 0.96078431
v 0.07617469 0.01375830 0.01143449 0.43529412 0.89019608 0.96078431
v 0.07617469 0.01371243 0.01143947 0.43529412 0.89019608 0.96078431
v 0.07617469 0.01397720 0.01117592 0.43529412 0.89019608 0.96078431
v 0.07617469 0.01397311 0.01122067 0.43529412 0.89019608 0.96078431
v 0.07617469 0.01396085 0.01126543 0.43529412 0.89019608 0.96078431
v 0.07617469 0.01394132 0.01130769 0.43529412 0.89019608 0.96078431
v 0.07618481 0.01059701 0.01117592 0.43529412 0.89019608 0.96078431
v 0.07617469 0.01078820 0.01143947 0.43529412 0.89019608 0.96078431
v 0.07616456 0.01059701 0.01138974 0.43529412 0.89019608 0.96078431
v 0.05102551 0.01394132 0.01193673 0.43529412 0.89019608 0.96078431
v 0.05047114 0.01059701 0.01169556 0.43529412 0.89019608 0.96078431
v 0.05108626 0.01416385 0.01193673 0.43529412 0.89019608 0.96078431
v 0.05118245 0.01437230 0.01193673 0.43529412 0.89019608 0.96078431
v 0.05131409 0.01456077 0.01193673 0.43529412 0.89019608 0.96078431
v 0.05147609 0.01472336 0.01193673 0.43529412 0.89019608 0.96078431
v 0.05166595 0.01485551 0.01193673 0.43529412 0.89019608 0.96078431
v 0.05187352 0.01495270 0.01193673 0.43529412 0.89019608 0.96078431
v 0.05209628 0.01501219 0.01193673 0.43529412 0.89019608 0.96078431
v 0.05232410 0.01503218 0.01193673 0.43529412 0.89019608 0.96078431
v 0.06349758 0.01508849 0.01181738 0.43529412 0.89019608 0.96078431
v 0.07467358 0.01514435 0.01169556 0.43529412 0.89019608 0.96078431
v 0.07493938 0.01512255 0.01168810 0.43529412 0.89019608 0.96078431
v 0.07519504 0.01505806 0.01166572 0.43529412 0.89019608 0.96078431
v 0.07543553 0.01495270 0.01162594 0.43529412 0.89019608 0.96078431
v 0.07565322 0.01480919 0.01157373 0.43529412 0.89019608 0.96078431
v 0.07584308 0.01463298 0.01150908 0.43529412 0.89019608 0.96078431
v 0.07599496 0.01442816 0.01143449 0.43529412 0.89019608 0.96078431
v 0.07610634 0.01420200 0.01135245 0.43529412 0.89019608 0.96078431
v 0.07610634 0.01411162 0.01150908 0.43529412 0.89019608 0.96078431
v 0.07610634 0.01404759 0.01157373 0.43529412 0.89019608 0.96078431
v 0.07610634 0.01397311 0.01162594 0.43529412 0.89019608 0.96078431
v 0.07610634 0.01389046 0.01166572 0.43529412 0.89019608 0.96078431
v 0.07610634 0.01380281 0.01168810 0.43529412 0.89019608 0.96078431
v 0.07610634 0.01371243 0.01169556 0.43529412 0.89019608 0.96078431
v 0.07610634 0.01416385 0.01143449 0.43529412 0.89019608 0.96078431
v 0.07610634 0.01078820 0.01169556 0.43529412 0.89019608 0.96078431
v 0.07610128 0.01059701 0.01165826 0.43529412 0.89019608 0.96078431
v 0.07615950 0.01059701 0.01143947 0.43529412 0.89019608 0.96078431
v 0.05117486 0.01391498 0.01215552 0.43529412 0.89019608 0.96078431
v 0.05122802 0.01411162 0.01215552 0.43529412 0.89019608 0.96078431
v 0.05062049 0.01059701 0.01193673 0.43529412 0.89019608 0.96078431
v 0.05131409 0.01429601 0.01215552 0.43529412 0.89019608 0.96078431
v 0.05143053 0.01446268 0.01215552 0.43529412 0.89019608 0.96078431
v 0.05157482 0.01460664 0.01215552 0.43529412 0.89019608 0.96078431
v 0.05174189 0.01472336 0.01215552 0.43529412 0.89019608 0.96078431
v 0.05192668 0.01480919 0.01215552 0.43529412 0.89019608 0.96078431
v 0.05212159 0.01486187 0.01215552 0.43529412 0.89019608 0.96078431
v 0.05232410 0.01487958 0.01215552 0.43529412 0.89019608 0.96078431
v 0.07467358 0.01503218 0.01193673 0.43529412 0.89019608 0.96078431
v 0.07493938 0.01501219 0.01192430 0.43529412 0.89019608 0.96078431
v 0.07519504 0.01495270 0.01189197 0.43529412 0.89019608 0.96078431
v 0.07543553 0.01485551 0.01183479 0.43529412 0.89019608 0.96078431
v 0.07565322 0.01472336 0.01175771 0.43529412 0.89019608 0.96078431
v 0.07584308 0.01456077 0.01166572 0.43529412 0.89019608 0.96078431
v 0.07599496 0.01437230 0.01155632 0.43529412 0.89019608 0.96078431
v 0.07599496 0.01429601 0.01166572 0.43529412 0.89019608 0.96078431
v 0.07599496 0.01420200 0.01175771 0.43529412 0.89019608 0.96078431
v 0.07599496 0.01409346 0.01183479 0.43529412 0.89019608 0.96078431
v 0.07599496 0.01397311 0.01189197 0.43529412 0.89019608 0.96078431
v 0.07599496 0.01384459 0.01192430 0.43529412 0.89019608 0.96078431
v 0.07599496 0.01371243 0.01193673 0.43529412 0.89019608 0.96078431
v 0.07599496 0.01078820 0.01193673 0.43529412 0.89019608 0.96078431
v 0.07609115 0.01059701 0.01169556 0.43529412 0.89019608 0.96078431
v 0.05135965 0.01388228 0.01234199 0.43529412 0.89019608 0.96078431
v 0.05080528 0.01059701 0.01215552 0.43529412 0.89019608 0.96078431
v 0.05140521 0.01404759 0.01234199 0.43529412 0.89019608 0.96078431
v 0.05147609 0.01420200 0.01234199 0.43529412 0.89019608 0.96078431
v 0.05157482 0.01434188 0.01234199 0.43529412 0.89019608 0.96078431
v 0.05169632 0.01446268 0.01234199 0.43529412 0.89019608 0.96078431
v 0.05183555 0.01456077 0.01234199 0.43529412 0.89019608 0.96078431
v 0.05198996 0.01463298 0.01234199 0.43529412 0.89019608 0.96078431
v 0.05215450 0.01467703 0.01234199 0.43529412 0.89019608 0.96078431
v 0.05232410 0.01469202 0.01234199 0.43529412 0.89019608 0.96078431
v 0.07467358 0.01487958 0.01215552 0.43529412 0.89019608 0.96078431
v 0.07493938 0.01486187 0.01214060 0.43529412 0.89019608 0.96078431
v 0.07519504 0.01480919 0.01209585 0.43529412 0.89019608 0.96078431
v 0.07543553 0.01472336 0.01202375 0.43529412 0.89019608 0.96078431
v 0.07565322 0.01460664 0.01192430 0.43529412 0.89019608 0.96078431
v 0.07584308 0.01446268 0.01180495 0.43529412 0.89019608 0.96078431
v 0.07584308 0.01434188 0.01192430 0.43529412 0.89019608 0.96078431
v 0.07584308 0.01420200 0.01202375 0.43529412 0.89019608 0.96078431
v 0.07584308 0.01404759 0.01209585 0.43529412 0.89019608 0.96078431
v 0.07584308 0.01388228 0.01214060 0.43529412 0.89019608 0.96078431
v 0.07584308 0.01371243 0.01215552 0.43529412 0.89019608 0.96078431
v 0.07584308 0.01078820 0.01215552 0.43529412 0.89019608 0.96078431
v 0.07597977 0.01059701 0.01193673 0.43529412 0.89019608 0.96078431
v 0.05103310 0.01059701 0.01234199 0.43529412 0.89019608 0.96078431
v 0.05157482 0.01384459 0.01249366 0.43529412 0.89019608 0.96078431
v 0.05161026 0.01397311 0.01249366 0.43529412 0.89019608 0.96078431
v 0.05166595 0.01409346 0.01249366 0.43529412 0.89019608 0.96078431
v 0.05174189 0.01420200 0.01249366 0.43529412 0.89019608 0.96078431
v 0.05183555 0.01429601 0.01249366 0.43529412 0.89019608 0.96078431
v 0.05194440 0.01437230 0.01249366 0.43529412 0.89019608 0.96078431
v 0.05206590 0.01442816 0.01249366 0.43529412 0.89019608 0.96078431
v 0.05219247 0.01446268 0.01249366 0.43529412 0.89019608 0.96078431
v 0.05232410 0.01447449 0.01249366 0.43529412 0.89019608 0.96078431
v 0.06349758 0.01458303 0.01241907 0.43529412 0.89019608 0.96078431
v 0.07467358 0.01469202 0.01234199 0.43529412 0.89019608 0.96078431
v 0.07493938 0.01467703 0.01232459 0.43529412 0.89019608 0.96078431
v 0.07519504 0.01463298 0.01227238 0.43529412 0.89019608 0.96078431
v 0.07543553 0.01456077 0.01218536 0.43529412 0.89019608 0.96078431
v 0.07565322 0.01446268 0.01206850 0.43529412 0.89019608 0.96078431
v 0.07565322 0.01429601 0.01218536 0.43529412 0.89019608 0.96078431
v 0.07565322 0.01411162 0.01227238 0.43529412 0.89019608 0.96078431
v 0.07565322 0.01391498 0.01232459 0.43529412 0.89019608 0.96078431
v 0.07565322 0.01371243 0.01234199 0.43529412 0.89019608 0.96078431
v 0.07565322 0.01078820 0.01234199 0.43529412 0.89019608 0.96078431
v 0.07564310 0.01063470 0.01234199 0.43529412 0.89019608 0.96078431
v 0.07582789 0.01060518 0.01215552 0.43529412 0.89019608 0.96078431
v 0.07587852 0.01059701 0.01208093 0.43529412 0.89019608 0.96078431
v 0.05128371 0.01059701 0.01249366 0.43529412 0.89019608 0.96078431
v 0.05156216 0.01371243 0.01249366 0.43529412 0.89019608 0.96078431
v 0.05181276 0.01380281 0.01260803 0.43529412 0.89019608 0.96078431
v 0.05183555 0.01389046 0.01260803 0.43529412 0.89019608 0.96078431
v 0.05187352 0.01397311 0.01260803 0.43529412 0.89019608 0.96078431
v 0.05192668 0.01404759 0.01260803 0.43529412 0.89019608 0.96078431
v 0.05198996 0.01411162 0.01260803 0.43529412 0.89019608 0.96078431
v 0.05206590 0.01416385 0.01260803 0.43529412 0.89019608 0.96078431
v 0.05214691 0.01420200 0.01260803 0.43529412 0.89019608 0.96078431
v 0.05223550 0.01422562 0.01260803 0.43529412 0.89019608 0.96078431
v 0.05232410 0.01423334 0.01260803 0.43529412 0.89019608 0.96078431
v 0.06349758 0.01435414 0.01255084 0.43529412 0.89019608 0.96078431
v 0.07467358 0.01447449 0.01249366 0.43529412 0.89019608 0.96078431
v 0.07493938 0.01446268 0.01247377 0.43529412 0.89019608 0.96078431
v 0.07519504 0.01442816 0.01241410 0.43529412 0.89019608 0.96078431
v 0.07543553 0.01437230 0.01231713 0.43529412 0.89019608 0.96078431
v 0.07543553 0.01416385 0.01241410 0.43529412 0.89019608 0.96078431
v 0.07543553 0.01394132 0.01247377 0.43529412 0.89019608 0.96078431
v 0.07543553 0.01371243 0.01249366 0.43529412 0.89019608 0.96078431
v 0.07543553 0.01078820 0.01249366 0.43529412 0.89019608 0.96078431
v 0.07542793 0.01066876 0.01249366 0.43529412 0.89019608 0.96078431
v 0.07553172 0.01059701 0.01241161 0.43529412 0.89019608 0.96078431
v 0.07563297 0.01059701 0.01234199 0.43529412 0.89019608 0.96078431
v 0.07581270 0.01059701 0.01216795 0.43529412 0.89019608 0.96078431
v 0.07582536 0.01059701 0.01215552 0.43529412 0.89019608 0.96078431
v 0.05154950 0.01059701 0.01260803 0.43529412 0.89019608 0.96078431
v 0.05180517 0.01371243 0.01260803 0.43529412 0.89019608 0.96078431
v 0.05206084 0.01371243 0.01267516 0.43529412 0.89019608 0.96078431
v 0.05206590 0.01375830 0.01267516 0.43529412 0.89019608 0.96078431
v 0.05207603 0.01380281 0.01267516 0.43529412 0.89019608 0.96078431
v 0.05209628 0.01384459 0.01267516 0.43529412 0.89019608 0.96078431
v 0.05212159 0.01388228 0.01267516 0.43529412 0.89019608 0.96078431
v 0.05215450 0.01391498 0.01267516 0.43529412 0.89019608 0.96078431
v 0.05219247 0.01394132 0.01267516 0.43529412 0.89019608 0.96078431
v 0.05223550 0.01396085 0.01267516 0.43529412 0.89019608 0.96078431
v 0.05227854 0.01397311 0.01267516 0.43529412 0.89019608 0.96078431
v 0.05232410 0.01397720 0.01267516 0.43529412 0.89019608 0.96078431
v 0.07467358 0.01423334 0.01260803 0.43529412 0.89019608 0.96078431
v 0.07493938 0.01422562 0.01258565 0.43529412 0.89019608 0.96078431
v 0.07519504 0.01420200 0.01252101 0.43529412 0.89019608 0.96078431
v 0.07519504 0.01396085 0.01258565 0.43529412 0.89019608 0.96078431
v 0.07519504 0.01371243 0.01260803 0.43529412 0.89019608 0.96078431
v 0.07519504 0.01078820 0.01260803 0.43529412 0.89019608 0.96078431
v 0.07518998 0.01070645 0.01260803 0.43529412 0.89019608 0.96078431
v 0.07541021 0.01059701 0.01249366 0.43529412 0.89019608 0.96078431
v 0.05171151 0.01059701 0.01264781 0.43529412 0.89019608 0.96078431
v 0.05232410 0.01371243 0.01269753 0.43529412 0.89019608 0.96078431
v 0.05183049 0.01059701 0.01267516 0.43529412 0.89019608 0.96078431
v 0.06349758 0.01371243 0.01270002 0.43529412 0.89019608 0.96078431
v 0.07467358 0.01397720 0.01267516 0.43529412 0.89019608 0.96078431
v 0.07493938 0.01397311 0.01265278 0.43529412 0.89019608 0.96078431
v 0.07493938 0.01371243 0.01267516 0.43529412 0.89019608 0.96078431
v 0.07493938 0.01078820 0.01267516 0.43529412 0.89019608 0.96078431
v 0.07493684 0.01074687 0.01267516 0.43529412 0.89019608 0.96078431
v 0.07492672 0.01070645 0.01267516 0.43529412 0.89019608 0.96078431
v 0.07516973 0.01062698 0.01260803 0.43529412 0.89019608 0.96078431
v 0.07515708 0.01059701 0.01260803 0.43529412 0.89019608 0.96078431
v 0.05208869 0.01059701 0.01269505 0.43529412 0.89019608 0.96078431
v 0.05212159 0.01059701 0.01269753 0.43529412 0.89019608 0.96078431
v 0.07467358 0.01371243 0.01270002 0.43529412 0.89019608 0.96078431
v 0.06335329 0.01059701 0.01270002 0.43529412 0.89019608 0.96078431
v 0.07467358 0.01078820 0.01270002 0.43529412 0.89019608 0.96078431
v 0.07491153 0.01066785 0.01267516 0.43529412 0.89019608 0.96078431
v 0.07493684 0.01059701 0.01266024 0.43529412 0.89019608 0.96078431
v 0.07054745 0.01059701 0.01270002 0.43529412 0.89019608 0.96078431
v 0.07448626 0.01059701 0.01269753 0.43529412 0.89019608 0.96078431
v 0.07486597 0.01059701 0.01267516 0.43529412 0.89019608 0.96078431
f 422 423 424
f 422 424 430
f 422 430 431
f 422 431 425
f 422 425 432
f 422 432 445
f 422 445 463
f 422 463 462
f 422 462 461
f 422 461 482
f 422 482 483
f 422 483 481
f 422 481 505
f 422 505 530
f 422 530 562
f 422 562 561
f 422 561 596
f 422 596 626
f 422 626 656
f 422 656 687
f 422 687 721
f 422 721 723
f 422 723 752
f 422 752 751
f 422 751 777
f 422 777 800
f 422 800 824
f 422 824 849
f 422 849 848
f 422 848 847
f 422 847 846
f 422 846 869
f 422 869 881
f 422 881 888
f 422 888 891
f 422 891 890
f 422 890 889
f 422 889 885
f 422 885 883
f 422 883 882
f 422 882 872
f 422 872 870
f 422 870 850
f 422 850 825
f 422 825 801
f 422 801 779
f 422 779 755
f 422 755 725
f 422 725 693
f 422 693 662
f 422 662 632
f 422 632 600
f 422 600 565
f 422 565 564
f 422 564 533
f 422 533 531
f 422 531 506
f 422 506 484
f 422 484 464
f 422 464 446
f 422 446 433
f 422 433 426
f 422 426 423
f 423 426 427
f 423 427 424
f 424 427 428
f 424 428 429
f 424 429 438
f 424 438 430
f 425 431 432
f 426 433 434
f 426 434 427
f 427 434 428
f 428 435 436
f 428 436 429
f 428 434 437
f 428 437 435
f 429 436 454
f 429 454 438
f 430 438 439
f 430 439 440
f 430 440 441
f 430 441 431
f 431 441 442
f 431 442 443
f 431 443 444
f 431 444 432
f 432 444 445
f 433 446 434
f 434 446 447
f 434 447 448
f 434 448 437
f 435 449 436
f 435 437 450
f 435 450 451
f 435 451 449
f 436 449 452
f 436 452 453
f 436 453 454
f 437 448 450
f 438 454 439
f 439 455 456
f 439 456 457
f 439 457 440
f 439 454 455
f 440 457 458
f 440 458 441
f 441 458 442
f 442 458 459
f 442 459 443
f 443 459 460
f 443 460 444
f 444 460 461
f 444 461 462
f 444 462 463
f 444 463 445
f 446 464 447
f 447 464 465
f 447 465 466
f 447 466 448
f 448 467 450
f 448 466 468
f 448 468 467
f 449 469 452
f 449 451 471
f 449 471 469
f 450 467 470
f 450 470 451
f 451 470 471
f 452 469 472
f 452 472 473
f 452 473 474
f 452 474 453
f 453 474 454
f 454 474 475
f 454 475 455
f 455 475 476
f 455 476 456
f 456 476 477
f 456 477 457
f 457 477 478
f 457 478 479
f 457 479 458
f 458 479 459
f 459 479 480
f 459 480 481
f 459 481 460
f 460 482 461
f 460 481 483
f 460 483 482
f 464 484 465
f 465 484 485
f 465 485 466
f 466 485 486
f 466 486 468
f 467 468 470
f 468 486 487
f 468 487 488
f 468 488 470
f 469 489 490
f 469 490 472
f 469 471 489
f 470 488 491
f 470 491 471
f 471 491 492
f 471 492 493
f 471 493 489
f 472 490 515
f 472 515 494
f 472 494 473
f 473 494 474
f 474 494 495
f 474 495 475
f 475 495 496
f 475 496 497
f 475 497 476
f 476 497 498
f 476 498 499
f 476 499 477
f 477 499 500
f 477 500 501
f 477 501 478
f 478 501 502
f 478 502 503
f 478 503 479
f 479 503 480
f 480 503 504
f 480 504 481
f 481 504 505
f 484 506 485
f 485 506 486
f 486 507 508
f 486 508 487
f 486 506 507
f 487 508 509
f 487 509 510
f 487 510 488
f 488 511 491
f 488 510 511
f 489 493 512
f 489 512 513
f 489 513 514
f 489 514 490
f 490 514 544
f 490 544 515
f 491 511 492
f 492 516 517
f 492 517 512
f 492 512 493
f 492 511 518
f 492 518 516
f 494 515 495
f 495 519 496
f 495 515 519
f 496 519 520
f 496 520 521
f 496 521 522
f 496 522 498
f 496 498 497
f 498 522 523
f 498 523 500
f 498 500 499
f 500 523 524
f 500 524 525
f 500 525 526
f 500 526 501
f 501 526 527
f 501 527 502
f 502 527 528
f 502 528 503
f 503 528 504
f 504 528 529
f 504 529 505
f 505 529 530
f 506 531 507
f 507 532 508
f 507 531 533
f 507 533 532
f 508 532 534
f 508 534 509
f 509 535 536
f 509 536 510
f 509 534 537
f 509 537 535
f 510 536 538
f 510 538 511
f 511 538 539
f 511 539 518
f 512 540 513
f 512 517 540
f 513 540 541
f 513 541 514
f 514 541 542
f 514 542 543
f 514 543 544
f 515 544 519
f 516 518 539
f 516 539 545
f 516 545 546
f 516 546 517
f 517 546 547
f 517 547 540
f 519 548 549
f 519 549 520
f 519 544 548
f 520 549 521
f 521 550 551
f 521 551 552
f 521 552 553
f 521 553 522
f 521 549 550
f 522 553 523
f 523 553 524
f 524 554 555
f 524 555 556
f 524 556 557
f 524 557 525
f 524 553 554
f 525 557 526
f 526 557 558
f 526 558 559
f 526 559 527
f 527 559 560
f 527 560 528
f 528 560 561
f 528 561 529
f 529 561 562
f 529 562 530
f 532 563 534
f 532 533 564
f 532 564 565
f 532 565 566
f 532 566 563
f 534 563 567
f 534 567 537
f 535 537 567
f 535 567 568
f 535 568 569
f 535 569 570
f 535 570 571
f 535 571 536
f 536 571 538
f 538 571 539
f 539 571 545
f 540 572 573
f 540 573 541
f 540 547 572
f 541 573 574
f 541 574 575
f 541 575 542
f 542 575 576
f 542 576 577
f 542 577 543
f 543 577 544
f 544 577 578
f 544 578 548
f 545 579 580
f 545 580 546
f 545 571 581
f 545 581 579
f 546 580 582
f 546 582 583
f 546 583 572
f 546 572 547
f 548 578 549
f 549 578 584
f 549 584 550
f 550 585 586
f 550 586 551
f 550 584 585
f 551 586 587
f 551 587 552
f 552 587 588
f 552 588 553
f 553 588 554
f 554 588 589
f 554 589 555
f 555 589 590
f 555 590 556
f 556 590 591
f 556 591 592
f 556 592 557
f 557 592 593
f 557 593 558
f 558 593 559
f 559 593 594
f 559 594 595
f 559 595 560
f 560 595 596
f 560 596 561
f 563 597 567
f 563 566 598
f 563 598 599
f 563 599 597
f 565 600 566
f 566 600 598
f 567 597 568
f 568 601 569
f 568 597 602
f 568 602 601
f 569 601 603
f 569 603 604
f 569 604 570
f 570 604 605
f 570 605 571
f 571 605 581
f 572 583 606
f 572 606 573
f 573 606 574
f 574 606 575
f 575 606 644
f 575 644 607
f 575 607 576
f 576 607 577
f 577 607 578
f 578 608 609
f 578 609 584
f 578 607 608
f 579 581 610
f 579 610 611
f 579 611 612
f 579 612 582
f 579 582 580
f 581 605 610
f 582 612 606
f 582 606 583
f 584 609 613
f 584 613 585
f 585 613 586
f 586 614 615
f 586 615 616
f 586 616 587
f 586 613 614
f 587 616 617
f 587 617 589
f 587 589 588
f 589 617 618
f 589 618 619
f 589 619 590
f 590 619 620
f 590 620 621
f 590 621 622
f 590 622 591
f 591 622 592
f 592 622 623
f 592 623 593
f 593 623 624
f 593 624 625
f 593 625 594
f 594 625 627
f 594 627 595
f 595 626 596
f 595 627 656
f 595 656 626
f 597 628 636
f 597 636 602
f 597 599 629
f 597 629 628
f 598 630 631
f 598 631 599
f 598 600 632
f 598 632 630
f 599 631 633
f 599 633 629
f 601 634 637
f 601 637 603
f 601 602 635
f 601 635 634
f 602 636 635
f 603 637 638
f 603 638 639
f 603 639 640
f 603 640 604
f 604 640 610
f 604 610 605
f 606 612 611
f 606 611 641
f 606 641 642
f 606 642 668
f 606 668 643
f 606 643 670
f 606 670 644
f 607 644 645
f 607 645 608
f 608 645 609
f 609 646 613
f 609 645 646
f 610 640 611
f 611 640 641
f 613 647 648
f 613 648 614
f 613 646 647
f 614 648 649
f 614 649 615
f 615 649 650
f 615 650 651
f 615 651 616
f 616 651 652
f 616 652 617
f 617 652 653
f 617 653 618
f 618 653 654
f 618 654 619
f 619 654 620
f 620 654 655
f 620 655 621
f 621 655 622
f 622 655 623
f 623 655 624
f 624 655 625
f 625 655 657
f 625 657 627
f 627 657 687
f 627 687 656
f 628 629 633
f 628 633 658
f 628 658 659
f 628 659 660
f 628 660 636
f 630 661 658
f 630 658 633
f 630 633 631
f 630 632 661
f 632 662 661
f 634 635 636
f 634 636 660
f 634 660 663
f 634 663 637
f 637 664 665
f 637 665 666
f 637 666 638
f 637 663 664
f 638 666 639
f 639 666 667
f 639 667 642
f 639 642 640
f 640 642 641
f 642 667 668
f 643 668 669
f 643 669 701
f 643 701 670
f 644 670 671
f 644 671 645
f 645 671 672
f 645 672 646
f 646 672 673
f 646 673 674
f 646 674 647
f 647 674 675
f 647 675 676
f 647 676 648
f 648 676 677
f 648 677 649
f 649 677 678
f 649 678 679
f 649 679 650
f 650 679 680
f 650 680 681
f 650 681 682
f 650 682 651
f 651 682 653
f 651 653 652
f 653 682 683
f 653 683 684
f 653 684 654
f 654 684 655
f 655 685 688
f 655 688 657
f 655 684 683
f 655 683 686
f 655 686 717
f 655 717 685
f 657 688 721
f 657 721 687
f 658 689 690
f 658 690 659
f 658 661 689
f 659 690 691
f 659 691 692
f 659 692 660
f 660 692 663
f 661 662 689
f 662 693 689
f 663 692 694
f 663 694 695
f 663 695 664
f 664 695 696
f 664 696 665
f 665 696 697
f 665 697 698
f 665 698 668
f 665 668 666
f 666 668 667
f 668 698 669
f 669 698 697
f 669 697 699
f 669 699 700
f 669 700 701
f 670 701 671
f 671 702 703
f 671 703 673
f 671 673 672
f 671 701 702
f 673 703 704
f 673 704 675
f 673 675 674
f 675 704 676
f 676 705 678
f 676 678 677
f 676 704 705
f 678 705 706
f 678 706 679
f 679 707 708
f 679 708 709
f 679 709 680
f 679 706 707
f 680 709 681
f 681 709 710
f 681 710 686
f 681 686 682
f 682 686 683
f 685 711 712
f 685 712 713
f 685 713 714
f 685 714 715
f 685 715 716
f 685 716 722
f 685 722 688
f 685 717 718
f 685 718 719
f 685 719 720
f 685 720 711
f 686 710 717
f 688 722 723
f 688 723 721
f 689 724 690
f 689 693 725
f 689 725 724
f 690 724 726
f 690 726 727
f 690 727 691
f 691 727 692
f 692 727 728
f 692 728 729
f 692 729 694
f 694 729 695
f 695 729 730
f 695 730 731
f 695 731 696
f 696 731 697
f 697 732 699
f 697 731 732
f 699 732 733
f 699 733 734
f 699 734 735
f 699 735 700
f 700 735 701
f 701 735 736
f 701 736 702
f 702 736 703
f 703 736 737
f 703 737 704
f 704 737 738
f 704 738 739
f 704 739 705
f 705 739 706
f 706 739 740
f 706 740 707
f 707 740 741
f 707 741 742
f 707 742 708
f 708 742 718
f 708 718 717
f 708 717 709
f 709 717 710
f 711 720 743
f 711 743 744
f 711 744 712
f 712 744 713
f 713 744 745
f 713 745 746
f 713 746 714
f 714 746 747
f 714 747 715
f 715 747 716
f 716 747 748
f 716 748 750
f 716 750 722
f 718 742 719
f 719 742 720
f 720 742 749
f 720 749 743
f 722 750 751
f 722 751 752
f 722 752 723
f 724 753 754
f 724 754 726
f 724 725 755
f 724 755 753
f 726 754 727
f 727 754 756
f 727 756 728
f 728 756 757
f 728 757 729
f 729 757 758
f 729 758 759
f 729 759 730
f 730 759 731
f 731 760 761
f 731 761 732
f 731 759 760
f 732 761 733
f 733 761 762
f 733 762 788
f 733 788 763
f 733 763 734
f 734 763 735
f 735 763 736
f 736 764 765
f 736 765 737
f 736 763 764
f 737 765 766
f 737 766 738
f 738 766 739
f 739 766 767
f 739 767 768
f 739 768 740
f 740 768 769
f 740 769 741
f 741 769 742
f 742 769 749
f 743 749 770
f 743 770 744
f 744 770 771
f 744 771 772
f 744 772 745
f 745 772 746
f 746 772 773
f 746 773 747
f 747 773 774
f 747 774 775
f 747 775 748
f 748 775 776
f 748 776 750
f 749 769 770
f 750 776 800
f 750 800 777
f 750 777 751
f 753 778 754
f 753 755 779
f 753 779 778
f 754 778 780
f 754 780 781
f 754 781 756
f 756 781 757
f 757 781 782
f 757 782 758
f 758 782 783
f 758 783 784
f 758 784 759
f 759 784 785
f 759 785 760
f 760 785 761
f 761 786 787
f 761 787 762
f 761 785 786
f 762 787 812
f 762 812 788
f 763 788 789
f 763 789 764
f 764 789 765
f 765 789 790
f 765 790 791
f 765 791 766
f 766 791 767
f 767 791 792
f 767 792 768
f 768 792 793
f 768 793 770
f 768 770 769
f 770 793 794
f 770 794 771
f 771 794 795
f 771 795 772
f 772 795 773
f 773 795 796
f 773 796 797
f 773 797 774
f 774 797 775
f 775 797 798
f 775 798 799
f 775 799 776
f 776 799 800
f 778 779 801
f 778 801 802
f 778 802 780
f 780 802 803
f 780 803 781
f 781 803 804
f 781 804 805
f 781 805 782
f 782 805 806
f 782 806 783
f 783 806 784
f 784 806 807
f 784 807 785
f 785 807 808
f 785 808 809
f 785 809 786
f 786 809 810
f 786 810 787
f 787 810 811
f 787 811 812
f 788 812 813
f 788 813 789
f 789 813 814
f 789 814 790
f 790 814 791
f 791 814 815
f 791 815 816
f 791 816 792
f 792 816 793
f 793 816 794
f 794 816 795
f 795 816 817
f 795 817 818
f 795 818 796
f 796 818 797
f 797 818 819
f 797 819 798
f 798 819 820
f 798 820 821
f 798 821 799
f 799 821 822
f 799 822 823
f 799 823 800
f 800 823 824
f 801 825 826
f 801 826 802
f 802 826 827
f 802 827 828
f 802 828 803
f 803 828 829
f 803 829 804
f 804 829 805
f 805 829 830
f 805 830 831
f 805 831 806
f 806 831 807
f 807 831 832
f 807 832 833
f 807 833 808
f 808 833 809
f 809 834 810
f 809 833 834
f 810 834 835
f 810 835 836
f 810 836 837
f 810 837 811
f 811 837 812
f 812 837 813
f 813 838 814
f 813 837 838
f 814 838 839
f 814 839 840
f 814 840 815
f 815 840 817
f 815 817 816
f 817 840 818
f 818 840 841
f 818 841 842
f 818 842 819
f 819 842 843
f 819 843 820
f 820 843 844
f 820 844 821
f 821 844 845
f 821 845 822
f 822 846 847
f 822 847 823
f 822 845 846
f 823 848 849
f 823 849 824
f 823 847 848
f 825 850 851
f 825 851 827
f 825 827 826
f 827 851 852
f 827 852 853
f 827 853 854
f 827 854 828
f 828 854 829
f 829 854 855
f 829 855 856
f 829 856 830
f 830 856 831
f 831 856 857
f 831 857 858
f 831 858 832
f 832 858 833
f 833 858 859
f 833 859 860
f 833 860 834
f 834 860 861
f 834 861 835
f 835 861 874
f 835 874 862
f 835 862 836
f 836 862 837
f 837 862 838
f 838 863 864
f 838 864 839
f 838 862 863
f 839 864 840
f 840 864 841
f 841 864 842
f 842 864 865
f 842 865 866
f 842 866 843
f 843 866 867
f 843 867 844
f 844 867 868
f 844 868 845
f 845 868 869
f 845 869 846
f 850 870 852
f 850 852 851
f 852 871 853
f 852 870 872
f 852 872 871
f 853 871 854
f 854 871 855
f 855 871 856
f 856 871 857
f 857 871 858
f 858 871 859
f 859 871 860
f 860 871 861
f 861 871 873
f 861 873 884
f 861 884 874
f 862 874 875
f 862 875 863
f 863 875 865
f 863 865 864
f 865 875 866
f 866 875 876
f 866 876 877
f 866 877 867
f 867 877 878
f 867 878 868
f 868 878 879
f 868 879 880
f 868 880 869
f 869 880 881
f 871 872 882
f 871 882 883
f 871 883 873
f 873 883 885
f 873 885 889
f 873 889 886
f 873 886 884
f 874 884 875
f 875 884 876
f 876 884 886
f 876 886 877
f 877 886 878
f 878 886 879
f 879 886 887
f 879 887 880
f 880 887 881
f 881 887 888
f 886 889 890
f 886 890 891
f 886 891 887
f 887 891 888

o geometry_3
v 0.04729758 0.01015654 0.01117560 0.38039216 0.78823529 0.52549020
v 0.02463400 0.01013914 0.01137421 0.38039216 0.78823529 0.52549020
v 0.04729758 0.01013416 0.01142423 0.38039216 0.78823529 0.52549020
v 0.04729758 0.01015654 0.00529545 0.38039216 0.78823529 0.52549020
v 0.01231952 0.01015654 0.01117560 0.38039216 0.78823529 0.52549020
v 0.01231952 0.01014162 0.01134087 0.38039216 0.78823529 0.52549020
v 0.00049524 0.01013168 0.01144452 0.38039216 0.78823529 0.52549020
v 0.04729758 0.01013168 0.01144525 0.38039216 0.78823529 0.52549020
v 0.04729758 -0.01524344 0.00529545 0.38039216 0.78823529 0.52549020
v 0.01064736 0.01015654 0.00529545 0.38039216 0.78823529 0.52549020
v 0.00049524 0.01015654 0.01097336 0.38039216 0.78823529 0.52549020
v 0.00049524 0.01015405 0.01117705 0.38039216 0.78823529 0.52549020
v 0.00049524 0.01014411 0.01130390 0.38039216 0.78823529 0.52549020
v 0.00049524 0.01009935 0.01156703 0.38039216 0.78823529 0.52549020
v 0.04729758 0.01012919 0.01145540 0.38039216 0.78823529 0.52549020
v 0.04729758 -0.01524344 0.01117560 0.38039216 0.78823529 0.52549020
v 0.01162317 -0.01524344 0.00529545 0.38039216 0.78823529 0.52549020
v 0.01061529 0.01015405 0.00529545 0.38039216 0.78823529 0.52549020
v 0.00049524 0.00984824 0.00591594 0.38039216 0.78823529 0.52549020
v 0.00049524 0.00991040 0.00601379 0.38039216 0.78823529 0.52549020
v 0.00049524 0.00998001 0.00612397 0.38039216 0.78823529 0.52549020
v 0.00049524 0.01007698 0.00635013 0.38039216 0.78823529 0.52549020
v 0.00049524 0.01013665 0.00658862 0.38039216 0.78823529 0.52549020
v 0.00049524 0.01015654 0.00683362 0.38039216 0.78823529 0.52549020
v 0.00049524 0.01006455 0.01169533 0.38039216 0.78823529 0.52549020
v 0.01231952 0.01006455 0.01169678 0.38039216 0.78823529 0.52549020
v 0.03695305 0.01006455 0.01169678 0.38039216 0.78823529 0.52549020
v 0.04729758 0.01006206 0.01170185 0.38039216 0.78823529 0.52549020
v 0.04729758 -0.01522106 0.01141770 0.38039216 0.78823529 0.52549020
v 0.02508296 -0.01522604 0.01137421 0.38039216 0.78823529 0.52549020
v 0.01254401 -0.01524344 0.01117560 0.38039216 0.78823529 0.52549020
v 0.00049524 -0.01524344 0.00780930 0.38039216 0.78823529 0.52549020
v 0.00049524 -0.01522106 0.00755197 0.38039216 0.78823529 0.52549020
v 0.00049524 -0.01515642 0.00730189 0.38039216 0.78823529 0.52549020
v 0.01136204 -0.01522106 0.00529545 0.38039216 0.78823529 0.52549020
v 0.01039997 0.01013665 0.00529545 0.38039216 0.78823529 0.52549020
v 0.00049524 0.00984078 0.00590651 0.38039216 0.78823529 0.52549020
v 0.00049524 0.00995266 0.01193671 0.38039216 0.78823529 0.52549020
v 0.03695305 0.01002228 0.01178739 0.38039216 0.78823529 0.52549020
v 0.04729758 0.00996261 0.01191352 0.38039216 0.78823529 0.52549020
v 0.04729758 -0.01521858 0.01144017 0.38039216 0.78823529 0.52549020
v 0.01254401 -0.01521858 0.01144017 0.38039216 0.78823529 0.52549020
v 0.00049524 -0.01521858 0.01143655 0.38039216 0.78823529 0.52549020
v 0.01254401 -0.01522852 0.01134087 0.38039216 0.78823529 0.52549020
v 0.00049524 -0.01523101 0.01130390 0.38039216 0.78823529 0.52549020
v 0.00049524 -0.01524095 0.01117705 0.38039216 0.78823529 0.52549020
v 0.00049524 -0.01524344 0.01113210 0.38039216 0.78823529 0.52549020
v 0.00049524 -0.01504951 0.00706630 0.38039216 0.78823529 0.52549020
v 0.01111465 -0.01515642 0.00529545 0.38039216 0.78823529 0.52549020
v 0.00049524 -0.01497492 0.00695540 0.38039216 0.78823529 0.52549020
v 0.00049524 -0.01490530 0.00685247 0.38039216 0.78823529 0.52549020
v 0.00049524 -0.01472132 0.00666183 0.38039216 0.78823529 0.52549020
v 0.00049524 -0.01467408 0.00662341 0.38039216 0.78823529 0.52549020
v 0.00049524 -0.01461938 0.00658137 0.38039216 0.78823529 0.52549020
v 0.00049524 -0.01456966 0.00654657 0.38039216 0.78823529 0.52549020
v 0.00049524 -0.01451744 0.00651250 0.38039216 0.78823529 0.52549020
v 0.00049524 -0.01440556 0.00644872 0.38039216 0.78823529 0.52549020
v 0.01016174 0.01007698 0.00529545 0.38039216 0.78823529 0.52549020
v 0.00049524 0.00868714 0.00531067 0.38039216 0.78823529 0.52549020
v 0.00049524 0.00874681 0.00531502 0.38039216 0.78823529 0.52549020
v 0.00049524 0.00880400 0.00531937 0.38039216 0.78823529 0.52549020
v 0.00049524 0.00881145 0.00532009 0.38039216 0.78823529 0.52549020
v 0.00049524 0.00886864 0.00532879 0.38039216 0.78823529 0.52549020
v 0.00049524 0.00893080 0.00533966 0.38039216 0.78823529 0.52549020
v 0.00049524 0.00898798 0.00535344 0.38039216 0.78823529 0.52549020
v 0.00049524 0.00905014 0.00536866 0.38039216 0.78823529 0.52549020
v 0.00049524 0.00910732 0.00538678 0.38039216 0.78823529 0.52549020
v 0.00049524 0.00916700 0.00540708 0.38039216 0.78823529 0.52549020
v 0.00049524 0.00922169 0.00542955 0.38039216 0.78823529 0.52549020
v 0.00049524 0.00928137 0.00545492 0.38039216 0.78823529 0.52549020
v 0.00049524 0.00933358 0.00548174 0.38039216 0.78823529 0.52549020
v 0.00049524 0.00939076 0.00551218 0.38039216 0.78823529 0.52549020
v 0.00049524 0.00944049 0.00554263 0.38039216 0.78823529 0.52549020
v 0.00049524 0.00948773 0.00557380 0.38039216 0.78823529 0.52549020
v 0.00049524 0.00958469 0.00564991 0.38039216 0.78823529 0.52549020
v 0.00049524 0.00968414 0.00573254 0.38039216 0.78823529 0.52549020
v 0.00049524 0.00979603 0.01215780 0.38039216 0.78823529 0.52549020
v 0.01231952 0.00981840 0.01212808 0.38039216 0.78823529 0.52549020
v 0.03695305 0.00981840 0.01212808 0.38039216 0.78823529 0.52549020
v 0.03695305 0.00993277 0.01196498 0.38039216 0.78823529 0.52549020
v 0.04729758 0.00994272 0.01195048 0.38039216 0.78823529 0.52549020
v 0.04729758 0.00995266 0.01193309 0.38039216 0.78823529 0.52549020
v 0.04729758 -0.01515145 0.01169678 0.38039216 0.78823529 0.52549020
v 0.03762650 -0.01521112 0.01147207 0.38039216 0.78823529 0.52549020
v 0.01254401 -0.01521112 0.01147207 0.38039216 0.78823529 0.52549020
v 0.00049524 -0.01518626 0.01156485 0.38039216 0.78823529 0.52549020
v 0.01087642 -0.01504951 0.00529545 0.38039216 0.78823529 0.52549020
v 0.00049524 -0.01428870 0.00639580 0.38039216 0.78823529 0.52549020
v 0.00049524 -0.01422903 0.00637478 0.38039216 0.78823529 0.52549020
v 0.00049524 -0.01415942 0.00635086 0.38039216 0.78823529 0.52549020
v 0.01014342 0.01006952 0.00529545 0.38039216 0.78823529 0.52549020
v 0.00993726 0.00998001 0.00529545 0.38039216 0.78823529 0.52549020
v 0.00972652 0.00984824 0.00529545 0.38039216 0.78823529 0.52549020
v 0.00971736 0.00984078 0.00529545 0.38039216 0.78823529 0.52549020
v 0.00954327 0.00968414 0.00529545 0.38039216 0.78823529 0.52549020
v 0.00938751 0.00949270 0.00529545 0.38039216 0.78823529 0.52549020
v 0.00932337 0.00939076 0.00529545 0.38039216 0.78823529 0.52549020
v 0.00926839 0.00927888 0.00529545 0.38039216 0.78823529 0.52549020
v 0.00921800 0.00916700 0.00529545 0.38039216 0.78823529 0.52549020
v 0.00918135 0.00905014 0.00529545 0.38039216 0.78823529 0.52549020
v 0.00914928 0.00893080 0.00529545 0.38039216 0.78823529 0.52549020
v 0.00913095 0.00880897 0.00529545 0.38039216 0.78823529 0.52549020
v 0.00912179 0.00868714 0.00529545 0.38039216 0.78823529 0.52549020
v 0.00049524 0.00856531 0.00531067 0.38039216 0.78823529 0.52549020
v 0.00049524 0.00970652 0.01224840 0.38039216 0.78823529 0.52549020
v 0.01231952 0.00977614 0.01217882 0.38039216 0.78823529 0.52549020
v 0.04729758 0.00979603 0.01215925 0.38039216 0.78823529 0.52549020
v 0.01231952 0.00979851 0.01215490 0.38039216 0.78823529 0.52549020
v 0.04729758 -0.01504205 0.01193091 0.38039216 0.78823529 0.52549020
v 0.03762650 -0.01510918 0.01178739 0.38039216 0.78823529 0.52549020
v 0.00049524 -0.01503956 0.01193671 0.38039216 0.78823529 0.52549020
v 0.01254401 -0.01515145 0.01169678 0.38039216 0.78823529 0.52549020
v 0.00049524 -0.01515145 0.01169315 0.38039216 0.78823529 0.52549020
v 0.01066568 -0.01490530 0.00529545 0.38039216 0.78823529 0.52549020
v 0.00049524 -0.01404007 0.00631969 0.38039216 0.78823529 0.52549020
v 0.00049524 -0.01391327 0.00629794 0.38039216 0.78823529 0.52549020
v 0.00912179 0.00853548 0.00529545 0.38039216 0.78823529 0.52549020
v 0.01009760 -0.01378399 0.00529545 0.38039216 0.78823529 0.52549020
v 0.01010677 -0.01390333 0.00529545 0.38039216 0.78823529 0.52549020
v 0.01012967 -0.01404007 0.00529545 0.38039216 0.78823529 0.52549020
v 0.01016632 -0.01417682 0.00529545 0.38039216 0.78823529 0.52549020
v 0.01020755 -0.01428870 0.00529545 0.38039216 0.78823529 0.52549020
v 0.00049524 -0.00260809 0.00579851 0.38039216 0.78823529 0.52549020
v 0.00049524 0.00960707 0.01234554 0.38039216 0.78823529 0.52549020
v 0.01231952 0.00961204 0.01234336 0.38039216 0.78823529 0.52549020
v 0.03695305 0.00961204 0.01234336 0.38039216 0.78823529 0.52549020
v 0.04729758 0.00962945 0.01232452 0.38039216 0.78823529 0.52549020
v 0.04729758 -0.01502465 0.01195628 0.38039216 0.78823529 0.52549020
v 0.03762650 -0.01501967 0.01196498 0.38039216 0.78823529 0.52549020
v 0.01254401 -0.01490530 0.01212808 0.38039216 0.78823529 0.52549020
v 0.00049524 -0.01488541 0.01215417 0.38039216 0.78823529 0.52549020
v 0.00049524 -0.01514896 0.01170040 0.38039216 0.78823529 0.52549020
v 0.03762650 -0.01490530 0.01212808 0.38039216 0.78823529 0.52549020
v 0.01047785 -0.01472629 0.00529545 0.38039216 0.78823529 0.52549020
v 0.00049524 -0.01384614 0.00629214 0.38039216 0.78823529 0.52549020
v 0.01039539 -0.01462435 0.00529545 0.38039216 0.78823529 0.52549020
v 0.01026253 -0.01440556 0.00529545 0.38039216 0.78823529 0.52549020
v 0.00049524 -0.01378399 0.00628707 0.38039216 0.78823529 0.52549020
v 0.00049524 0.00939325 0.01249486 0.38039216 0.78823529 0.52549020
v 0.01231952 0.00942060 0.01247674 0.38039216 0.78823529 0.52549020
v 0.04729758 0.00939822 0.01249269 0.38039216 0.78823529 0.52549020
v 0.04729758 0.00960707 0.01234626 0.38039216 0.78823529 0.52549020
v 0.04729758 -0.01490779 0.01212445 0.38039216 0.78823529 0.52549020
v 0.01254401 -0.01488541 0.01215490 0.38039216 0.78823529 0.52549020
v 0.04729758 -0.01489039 0.01214910 0.38039216 0.78823529 0.52549020
v 0.00049524 -0.01479342 0.01224840 0.38039216 0.78823529 0.52549020
v 0.01254401 -0.01486304 0.01217882 0.38039216 0.78823529 0.52549020
v 0.01032209 -0.01451744 0.00529545 0.38039216 0.78823529 0.52549020
v 0.00049524 0.00927142 0.01255213 0.38039216 0.78823529 0.52549020
v 0.01231952 0.00924407 0.01256590 0.38039216 0.78823529 0.52549020
v 0.01231952 0.00939325 0.01249559 0.38039216 0.78823529 0.52549020
v 0.03695305 0.00939325 0.01249559 0.38039216 0.78823529 0.52549020
v 0.04729758 0.00938828 0.01249776 0.38039216 0.78823529 0.52549020
v 0.04729758 -0.01488044 0.01216070 0.38039216 0.78823529 0.52549020
v 0.04729758 -0.01487050 0.01217157 0.38039216 0.78823529 0.52549020
v 0.00049524 -0.01469894 0.01234191 0.38039216 0.78823529 0.52549020
v 0.01254401 -0.01469894 0.01234336 0.38039216 0.78823529 0.52549020
v 0.00049524 0.00915705 0.01260577 0.38039216 0.78823529 0.52549020
v 0.03695305 0.00924407 0.01256590 0.38039216 0.78823529 0.52549020
v 0.02463400 0.00933358 0.01252386 0.38039216 0.78823529 0.52549020
v 0.04729758 0.00915705 0.01260577 0.38039216 0.78823529 0.52549020
v 0.04729758 -0.01470391 0.01233756 0.38039216 0.78823529 0.52549020
v 0.03762650 -0.01469894 0.01234336 0.38039216 0.78823529 0.52549020
v 0.00049524 -0.01458954 0.01241875 0.38039216 0.78823529 0.52549020
v 0.04729758 -0.01448761 0.01249124 0.38039216 0.78823529 0.52549020
v 0.01254401 -0.01450750 0.01247674 0.38039216 0.78823529 0.52549020
v 0.00049524 0.00914959 0.01260867 0.38039216 0.78823529 0.52549020
v 0.01231952 0.00915208 0.01260794 0.38039216 0.78823529 0.52549020
v 0.03695305 0.00915208 0.01260794 0.38039216 0.78823529 0.52549020
v 0.04729758 0.00914710 0.01260939 0.38039216 0.78823529 0.52549020
v 0.04729758 -0.01469148 0.01234771 0.38039216 0.78823529 0.52549020
v 0.04729758 -0.01451247 0.01247384 0.38039216 0.78823529 0.52549020
v 0.00049524 -0.01448015 0.01249486 0.38039216 0.78823529 0.52549020
v 0.04729758 -0.01447269 0.01249849 0.38039216 0.78823529 0.52549020
v 0.03762650 -0.01448015 0.01249559 0.38039216 0.78823529 0.52549020
v 0.01254401 -0.01448015 0.01249559 0.38039216 0.78823529 0.52549020
v 0.00049524 0.00902030 0.01264346 0.38039216 0.78823529 0.52549020
v 0.03695305 0.00889599 0.01267680 0.38039216 0.78823529 0.52549020
v 0.04729758 0.00890096 0.01267535 0.38039216 0.78823529 0.52549020
v 0.00049524 -0.01436329 0.01254995 0.38039216 0.78823529 0.52549020
v 0.04729758 -0.01444534 0.01251153 0.38039216 0.78823529 0.52549020
v 0.03762650 -0.01433097 0.01256590 0.38039216 0.78823529 0.52549020
v 0.02508296 -0.01442048 0.01252386 0.38039216 0.78823529 0.52549020
v 0.01254401 -0.01433097 0.01256590 0.38039216 0.78823529 0.52549020
v 0.00049524 0.00889102 0.01267680 0.38039216 0.78823529 0.52549020
v 0.01231952 0.00889599 0.01267680 0.38039216 0.78823529 0.52549020
v 0.04729758 0.00888107 0.01267825 0.38039216 0.78823529 0.52549020
v 0.00049524 -0.01424395 0.01260577 0.38039216 0.78823529 0.52549020
v 0.04729758 -0.01423898 0.01260794 0.38039216 0.78823529 0.52549020
v 0.00049524 0.00875924 0.01268840 0.38039216 0.78823529 0.52549020
v 0.01231952 0.00886367 0.01267970 0.38039216 0.78823529 0.52549020
v 0.04729758 0.00863244 0.01270000 0.38039216 0.78823529 0.52549020
v 0.01231952 0.00863244 0.01270000 0.38039216 0.78823529 0.52549020
v 0.00049524 -0.01423649 0.01260867 0.38039216 0.78823529 0.52549020
v 0.01254401 -0.01423898 0.01260794 0.38039216 0.78823529 0.52549020
v 0.04729758 -0.01398289 0.01267680 0.38039216 0.78823529 0.52549020
v 0.00049524 0.00863244 0.01269927 0.38039216 0.78823529 0.52549020
v 0.04729758 -0.01371934 0.01270000 0.38039216 0.78823529 0.52549020
v 0.01198509 0.00024866 0.01270000 0.38039216 0.78823529 0.52549020
v 0.00049524 -0.01411218 0.01264201 0.38039216 0.78823529 0.52549020
v 0.01254401 -0.01398289 0.01267680 0.38039216 0.78823529 0.52549020
v 0.04729758 -0.01397543 0.01267753 0.38039216 0.78823529 0.52549020
v 0.00049524 -0.01371934 0.01269927 0.38039216 0.78823529 0.52549020
v 0.01254401 -0.01371934 0.01270000 0.38039216 0.78823529 0.52549020
v 0.00049524 -0.01398289 0.01267608 0.38039216 0.78823529 0.52549020
v 0.01254401 -0.01395057 0.01267970 0.38039216 0.78823529 0.52549020
f 892 893 894
f 892 894 899
f 892 899 906
f 892 906 919
f 892 919 931
f 892 931 973
f 892 973 972
f 892 972 998
f 892 998 1018
f 892 1018 1033
f 892 1033 1032
f 892 1032 1044
f 892 1044 1052
f 892 1052 1061
f 892 1061 1070
f 892 1070 1078
f 892 1078 1083
f 892 1083 1089
f 892 1089 1093
f 892 1093 1087
f 892 1087 1080
f 892 1080 1072
f 892 1072 1065
f 892 1065 1056
f 892 1056 1063
f 892 1063 1062
f 892 1062 1053
f 892 1053 1046
f 892 1046 1045
f 892 1045 1036
f 892 1036 1034
f 892 1034 1019
f 892 1019 1000
f 892 1000 974
f 892 974 932
f 892 932 920
f 892 920 907
f 892 907 900
f 892 900 895
f 892 895 901
f 892 901 915
f 892 915 902
f 892 902 896
f 892 896 893
f 893 896 897
f 893 897 898
f 893 898 894
f 894 898 899
f 895 900 908
f 895 908 926
f 895 926 940
f 895 940 978
f 895 978 1005
f 895 1005 1025
f 895 1025 1027
f 895 1027 1039
f 895 1039 1028
f 895 1028 1013
f 895 1013 1012
f 895 1012 1011
f 895 1011 1010
f 895 1010 1009
f 895 1009 1008
f 895 1008 994
f 895 994 993
f 895 993 992
f 895 992 991
f 895 991 990
f 895 990 989
f 895 989 988
f 895 988 987
f 895 987 986
f 895 986 985
f 895 985 984
f 895 984 983
f 895 983 982
f 895 982 949
f 895 949 927
f 895 927 909
f 895 909 901
f 896 902 903
f 896 903 904
f 896 904 898
f 896 898 897
f 898 904 903
f 898 903 902
f 898 902 915
f 898 915 914
f 898 914 913
f 898 913 912
f 898 912 911
f 898 911 910
f 898 910 928
f 898 928 967
f 898 967 966
f 898 966 965
f 898 965 964
f 898 964 963
f 898 963 962
f 898 962 961
f 898 961 960
f 898 960 959
f 898 959 958
f 898 958 957
f 898 957 956
f 898 956 955
f 898 955 954
f 898 954 953
f 898 953 952
f 898 952 951
f 898 951 950
f 898 950 995
f 898 995 1014
f 898 1014 1029
f 898 1029 1026
f 898 1026 1007
f 898 1007 1006
f 898 1006 981
f 898 981 980
f 898 980 979
f 898 979 948
f 898 948 947
f 898 947 946
f 898 946 945
f 898 945 944
f 898 944 943
f 898 943 942
f 898 942 941
f 898 941 939
f 898 939 925
f 898 925 924
f 898 924 923
f 898 923 938
f 898 938 937
f 898 937 936
f 898 936 934
f 898 934 977
f 898 977 1004
f 898 1004 1023
f 898 1023 1002
f 898 1002 1022
f 898 1022 1037
f 898 1037 1047
f 898 1047 1055
f 898 1055 1064
f 898 1064 1071
f 898 1071 1079
f 898 1079 1085
f 898 1085 1091
f 898 1091 1096
f 898 1096 1094
f 898 1094 1088
f 898 1088 1081
f 898 1081 1076
f 898 1076 1068
f 898 1068 1058
f 898 1058 1049
f 898 1049 1040
f 898 1040 1030
f 898 1030 1015
f 898 1015 996
f 898 996 968
f 898 968 929
f 898 929 916
f 898 916 905
f 898 905 906
f 898 906 899
f 900 907 922
f 900 922 938
f 900 938 923
f 900 923 908
f 901 909 910
f 901 910 911
f 901 911 912
f 901 912 913
f 901 913 914
f 901 914 915
f 905 916 917
f 905 917 918
f 905 918 906
f 906 918 919
f 907 920 921
f 907 921 922
f 908 923 924
f 908 924 925
f 908 925 926
f 909 927 928
f 909 928 910
f 916 929 917
f 917 929 918
f 918 930 919
f 918 929 930
f 919 930 931
f 920 932 921
f 921 932 933
f 921 933 934
f 921 934 935
f 921 935 922
f 922 935 936
f 922 936 937
f 922 937 938
f 925 939 926
f 926 939 941
f 926 941 942
f 926 942 943
f 926 943 944
f 926 944 945
f 926 945 946
f 926 946 947
f 926 947 948
f 926 948 940
f 927 949 950
f 927 950 951
f 927 951 952
f 927 952 953
f 927 953 954
f 927 954 955
f 927 955 956
f 927 956 957
f 927 957 958
f 927 958 959
f 927 959 960
f 927 960 961
f 927 961 962
f 927 962 963
f 927 963 964
f 927 964 965
f 927 965 966
f 927 966 967
f 927 967 928
f 929 968 969
f 929 969 970
f 929 970 971
f 929 971 972
f 929 972 973
f 929 973 931
f 929 931 930
f 932 974 975
f 932 975 976
f 932 976 933
f 933 976 934
f 934 936 935
f 934 976 977
f 940 948 979
f 940 979 980
f 940 980 981
f 940 981 978
f 949 982 950
f 950 982 983
f 950 983 984
f 950 984 985
f 950 985 986
f 950 986 987
f 950 987 988
f 950 988 989
f 950 989 990
f 950 990 991
f 950 991 992
f 950 992 993
f 950 993 994
f 950 994 1008
f 950 1008 995
f 968 996 997
f 968 997 998
f 968 998 999
f 968 999 969
f 969 999 998
f 969 998 970
f 970 998 972
f 970 972 971
f 974 1000 1001
f 974 1001 1002
f 974 1002 1003
f 974 1003 976
f 974 976 975
f 976 1003 977
f 977 1003 1004
f 978 981 1006
f 978 1006 1007
f 978 1007 1005
f 995 1008 1009
f 995 1009 1010
f 995 1010 1011
f 995 1011 1012
f 995 1012 1013
f 995 1013 1014
f 996 1015 1016
f 996 1016 997
f 997 1016 998
f 998 1017 1018
f 998 1016 1017
f 1000 1019 1020
f 1000 1020 1002
f 1000 1002 1001
f 1002 1021 1022
f 1002 1023 1003
f 1002 1020 1024
f 1002 1024 1021
f 1003 1023 1004
f 1005 1007 1025
f 1007 1026 1027
f 1007 1027 1025
f 1013 1028 1029
f 1013 1029 1014
f 1015 1030 1016
f 1016 1030 1031
f 1016 1031 1032
f 1016 1032 1017
f 1017 1032 1033
f 1017 1033 1018
f 1019 1034 1020
f 1020 1034 1024
f 1021 1035 1022
f 1021 1024 1036
f 1021 1036 1035
f 1022 1035 1038
f 1022 1038 1037
f 1024 1034 1036
f 1026 1029 1027
f 1027 1029 1039
f 1028 1039 1029
f 1030 1040 1041
f 1030 1041 1042
f 1030 1042 1031
f 1031 1042 1032
f 1032 1043 1044
f 1032 1042 1043
f 1035 1036 1045
f 1035 1045 1046
f 1035 1046 1038
f 1037 1038 1048
f 1037 1048 1047
f 1038 1046 1048
f 1040 1049 1041
f 1041 1049 1052
f 1041 1052 1050
f 1041 1050 1051
f 1041 1051 1042
f 1042 1051 1043
f 1043 1051 1050
f 1043 1050 1044
f 1044 1050 1052
f 1046 1053 1054
f 1046 1054 1048
f 1047 1048 1055
f 1048 1054 1063
f 1048 1063 1056
f 1048 1056 1057
f 1048 1057 1055
f 1049 1058 1059
f 1049 1059 1060
f 1049 1060 1052
f 1052 1060 1061
f 1053 1062 1054
f 1054 1062 1063
f 1055 1057 1064
f 1056 1065 1066
f 1056 1066 1067
f 1056 1067 1057
f 1057 1067 1064
f 1058 1068 1061
f 1058 1061 1060
f 1058 1060 1059
f 1061 1069 1070
f 1061 1068 1069
f 1064 1067 1071
f 1065 1072 1066
f 1066 1072 1073
f 1066 1073 1074
f 1066 1074 1067
f 1067 1074 1075
f 1067 1075 1071
f 1068 1076 1077
f 1068 1077 1069
f 1069 1078 1070
f 1069 1077 1078
f 1071 1075 1079
f 1072 1080 1073
f 1073 1080 1079
f 1073 1079 1075
f 1073 1075 1074
f 1076 1081 1082
f 1076 1082 1077
f 1077 1082 1078
f 1078 1082 1084
f 1078 1084 1083
f 1079 1080 1086
f 1079 1086 1085
f 1080 1087 1085
f 1080 1085 1086
f 1081 1088 1084
f 1081 1084 1082
f 1083 1084 1090
f 1083 1090 1095
f 1083 1095 1089
f 1084 1088 1090
f 1085 1087 1092
f 1085 1092 1091
f 1087 1093 1092
f 1088 1094 1090
f 1089 1095 1093
f 1090 1094 1095
f 1091 1092 1096
f 1092 1093 1097
f 1092 1097 1096
f 1093 1095 1097
f 1094 1096 1097
f 1094 1097 1095

o geometry_4
v 0.07618216 0.01059448 0.01117592 0.56470588 0.92549020 0.07058824
v 0.07618216 0.01059448 -0.01117589 0.56470588 0.92549020 0.07058824
v 0.07616519 0.01059448 0.01138974 0.56470588 0.92549020 0.07058824
v 0.07617933 0.01054895 0.01117592 0.56470588 0.92549020 0.07058824
v 0.07617933 0.01059448 -0.01122810 0.56470588 0.92549020 0.07058824
v 0.07617933 0.01054895 -0.01117589 0.56470588 0.92549020 0.07058824
v 0.07615954 0.01059448 0.01143947 0.56470588 0.92549020 0.07058824
v 0.07615671 0.01055148 0.01143947 0.56470588 0.92549020 0.07058824
v 0.07610299 0.01032383 0.01143947 0.56470588 0.92549020 0.07058824
v 0.07612278 0.01031624 0.01117592 0.56470588 0.92549020 0.07058824
v 0.07615671 0.01055148 -0.01143944 0.56470588 0.92549020 0.07058824
v 0.07615954 0.01059448 -0.01143944 0.56470588 0.92549020 0.07058824
v 0.07612278 0.01031624 -0.01117589 0.56470588 0.92549020 0.07058824
v 0.07610299 0.01032383 -0.01143944 0.56470588 0.92549020 0.07058824
v 0.07610299 0.01059448 0.01165826 0.56470588 0.92549020 0.07058824
v 0.07608885 0.01056159 0.01169555 0.56470588 0.92549020 0.07058824
v 0.07603795 0.01034406 0.01169555 0.56470588 0.92549020 0.07058824
v 0.07601250 0.01010630 0.01143947 0.56470588 0.92549020 0.07058824
v 0.07603229 0.01009365 0.01117592 0.56470588 0.92549020 0.07058824
v 0.07614823 0.01059448 -0.01148668 0.56470588 0.92549020 0.07058824
v 0.07603795 0.01034406 -0.01169552 0.56470588 0.92549020 0.07058824
v 0.07608885 0.01056159 -0.01169552 0.56470588 0.92549020 0.07058824
v 0.07603229 0.01009365 -0.01117589 0.56470588 0.92549020 0.07058824
v 0.07601250 0.01010630 -0.01143944 0.56470588 0.92549020 0.07058824
v 0.07609168 0.01059448 0.01169555 0.56470588 0.92549020 0.07058824
v 0.07597857 0.01057930 0.01193673 0.56470588 0.92549020 0.07058824
v 0.07593050 0.01037948 0.01193673 0.56470588 0.92549020 0.07058824
v 0.07585132 0.01018724 0.01193673 0.56470588 0.92549020 0.07058824
v 0.07595029 0.01013665 0.01169555 0.56470588 0.92549020 0.07058824
v 0.07583436 0.00994442 0.01169555 0.56470588 0.92549020 0.07058824
v 0.07588808 0.00990395 0.01143947 0.56470588 0.92549020 0.07058824
v 0.07590788 0.00989130 0.01117592 0.56470588 0.92549020 0.07058824
v 0.07609168 0.01059448 -0.01169552 0.56470588 0.92549020 0.07058824
v 0.07595029 0.01013665 -0.01169552 0.56470588 0.92549020 0.07058824
v 0.07585132 0.01018724 -0.01193670 0.56470588 0.92549020 0.07058824
v 0.07593050 0.01037948 -0.01193670 0.56470588 0.92549020 0.07058824
v 0.07597857 0.01057930 -0.01193670 0.56470588 0.92549020 0.07058824
v 0.07607471 0.01059448 -0.01173282 0.56470588 0.92549020 0.07058824
v 0.07590788 0.00989130 -0.01117589 0.56470588 0.92549020 0.07058824
v 0.07588808 0.00990395 -0.01143944 0.56470588 0.92549020 0.07058824
v 0.07583436 0.00994442 -0.01169552 0.56470588 0.92549020 0.07058824
v 0.07598705 0.01059448 0.01191932 0.56470588 0.92549020 0.07058824
v 0.07597857 0.01059448 0.01193673 0.56470588 0.92549020 0.07058824
v 0.07587960 0.01059448 0.01208093 0.56470588 0.92549020 0.07058824
v 0.07578629 0.01042501 0.01215552 0.56470588 0.92549020 0.07058824
v 0.07571559 0.01025554 0.01215552 0.56470588 0.92549020 0.07058824
v 0.07574104 0.01001018 0.01193673 0.56470588 0.92549020 0.07058824
v 0.07560814 0.00985336 0.01193673 0.56470588 0.92549020 0.07058824
v 0.07568732 0.00977495 0.01169555 0.56470588 0.92549020 0.07058824
v 0.07573539 0.00972436 0.01143947 0.56470588 0.92549020 0.07058824
v 0.07575236 0.00970918 0.01117592 0.56470588 0.92549020 0.07058824
v 0.07574104 0.01001018 -0.01193670 0.56470588 0.92549020 0.07058824
v 0.07571559 0.01025554 -0.01215549 0.56470588 0.92549020 0.07058824
v 0.07578629 0.01042501 -0.01215549 0.56470588 0.92549020 0.07058824
v 0.07587960 0.01059448 -0.01208090 0.56470588 0.92549020 0.07058824
v 0.07596726 0.01059448 -0.01195410 0.56470588 0.92549020 0.07058824
v 0.07597857 0.01059448 -0.01193670 0.56470588 0.92549020 0.07058824
v 0.07575236 0.00970918 -0.01117589 0.56470588 0.92549020 0.07058824
v 0.07573539 0.00972436 -0.01143944 0.56470588 0.92549020 0.07058824
v 0.07568732 0.00977495 -0.01169552 0.56470588 0.92549020 0.07058824
v 0.07560814 0.00985336 -0.01193670 0.56470588 0.92549020 0.07058824
v 0.07582588 0.01059448 0.01215552 0.56470588 0.92549020 0.07058824
v 0.07563359 0.01059448 0.01234199 0.56470588 0.92549020 0.07058824
v 0.07560532 0.01048318 0.01234199 0.56470588 0.92549020 0.07058824
v 0.07554876 0.01034154 0.01234199 0.56470588 0.92549020 0.07058824
v 0.07561946 0.01010124 0.01215552 0.56470588 0.92549020 0.07058824
v 0.06955978 0.00364619 0.01169555 0.56470588 0.92549020 0.07058824
v 0.07550069 0.00996212 0.01215552 0.56470588 0.92549020 0.07058824
v 0.06945515 0.00375242 0.01199142 0.56470588 0.92549020 0.07058824
v 0.05723116 -0.00852533 0.01193673 0.56470588 0.92549020 0.07058824
v 0.05725095 -0.00854556 0.01187706 0.56470588 0.92549020 0.07058824
v 0.06962198 0.00358548 0.01124056 0.56470588 0.92549020 0.07058824
v 0.05734710 -0.00864168 0.01150411 0.56470588 0.92549020 0.07058824
v 0.05123086 -0.01478056 0.01143947 0.56470588 0.92549020 0.07058824
v 0.05737537 -0.00866951 0.01117592 0.56470588 0.92549020 0.07058824
v 0.07561946 0.01010124 -0.01215549 0.56470588 0.92549020 0.07058824
v 0.07554876 0.01034154 -0.01234196 0.56470588 0.92549020 0.07058824
v 0.07560532 0.01048318 -0.01234196 0.56470588 0.92549020 0.07058824
v 0.07563359 0.01059448 -0.01234196 0.56470588 0.92549020 0.07058824
v 0.07582588 0.01059448 -0.01215549 0.56470588 0.92549020 0.07058824
v 0.06962198 0.00358548 -0.01124053 0.56470588 0.92549020 0.07058824
v 0.05737537 -0.00866951 -0.01117589 0.56470588 0.92549020 0.07058824
v 0.06955978 0.00364619 -0.01169552 0.56470588 0.92549020 0.07058824
v 0.05123086 -0.01478056 -0.01143944 0.56470588 0.92549020 0.07058824
v 0.05734710 -0.00864168 -0.01150408 0.56470588 0.92549020 0.07058824
v 0.06945515 0.00375242 -0.01199139 0.56470588 0.92549020 0.07058824
v 0.07550069 0.00996212 -0.01215549 0.56470588 0.92549020 0.07058824
v 0.05725095 -0.00854556 -0.01187702 0.56470588 0.92549020 0.07058824
v 0.05723116 -0.00852533 -0.01193670 0.56470588 0.92549020 0.07058824
v 0.07553180 0.01059448 0.01241161 0.56470588 0.92549020 0.07058824
v 0.07539890 0.01055148 0.01249366 0.56470588 0.92549020 0.07058824
v 0.07535366 0.01044018 0.01249366 0.56470588 0.92549020 0.07058824
v 0.07529145 0.01033901 0.01249366 0.56470588 0.92549020 0.07058824
v 0.07546676 0.01021001 0.01234199 0.56470588 0.92549020 0.07058824
v 0.07536779 0.01009365 0.01234199 0.56470588 0.92549020 0.07058824
v 0.05731034 -0.00860374 0.01169555 0.56470588 0.92549020 0.07058824
v 0.06937315 0.00383337 0.01215552 0.56470588 0.92549020 0.07058824
v 0.05712371 -0.00841656 0.01215552 0.56470588 0.92549020 0.07058824
v 0.05110362 -0.01465156 0.01193673 0.56470588 0.92549020 0.07058824
v 0.05118279 -0.01472997 0.01169555 0.56470588 0.92549020 0.07058824
v 0.05101313 -0.01487668 0.01169555 0.56470588 0.92549020 0.07058824
v 0.05105272 -0.01493232 0.01143947 0.56470588 0.92549020 0.07058824
v 0.05106686 -0.01495003 0.01117592 0.56470588 0.92549020 0.07058824
v 0.05124783 -0.01479573 0.01117592 0.56470588 0.92549020 0.07058824
v 0.07536779 0.01009365 -0.01234196 0.56470588 0.92549020 0.07058824
v 0.07546676 0.01021001 -0.01234196 0.56470588 0.92549020 0.07058824
v 0.07529145 0.01033901 -0.01249363 0.56470588 0.92549020 0.07058824
v 0.07535366 0.01044018 -0.01249363 0.56470588 0.92549020 0.07058824
v 0.07539890 0.01055148 -0.01249363 0.56470588 0.92549020 0.07058824
v 0.07541021 0.01059448 -0.01249363 0.56470588 0.92549020 0.07058824
v 0.05124783 -0.01479573 -0.01117589 0.56470588 0.92549020 0.07058824
v 0.05731034 -0.00860374 -0.01169552 0.56470588 0.92549020 0.07058824
v 0.05106686 -0.01495003 -0.01117589 0.56470588 0.92549020 0.07058824
v 0.05105272 -0.01493232 -0.01143944 0.56470588 0.92549020 0.07058824
v 0.05101313 -0.01487668 -0.01169552 0.56470588 0.92549020 0.07058824
v 0.05118279 -0.01472997 -0.01169552 0.56470588 0.92549020 0.07058824
v 0.06937315 0.00383337 -0.01215549 0.56470588 0.92549020 0.07058824
v 0.05712371 -0.00841656 -0.01215549 0.56470588 0.92549020 0.07058824
v 0.05110362 -0.01465156 -0.01193670 0.56470588 0.92549020 0.07058824
v 0.07541021 0.01059448 0.01249366 0.56470588 0.92549020 0.07058824
v 0.07526317 0.01059448 0.01256079 0.56470588 0.92549020 0.07058824
v 0.07515855 0.01059448 0.01260803 0.56470588 0.92549020 0.07058824
v 0.07513875 0.01054895 0.01260803 0.56470588 0.92549020 0.07058824
v 0.07509634 0.01048065 0.01260803 0.56470588 0.92549020 0.07058824
v 0.07504261 0.01041742 0.01260803 0.56470588 0.92549020 0.07058824
v 0.07521227 0.01024795 0.01249366 0.56470588 0.92549020 0.07058824
v 0.06912431 0.00408125 0.01245636 0.56470588 0.92549020 0.07058824
v 0.06303636 -0.00208292 0.01241907 0.56470588 0.92549020 0.07058824
v 0.05699081 -0.00828503 0.01234199 0.56470588 0.92549020 0.07058824
v 0.05099616 -0.01454279 0.01215552 0.56470588 0.92549020 0.07058824
v 0.05085761 -0.01466168 0.01215552 0.56470588 0.92549020 0.07058824
v 0.05094527 -0.01478562 0.01193673 0.56470588 0.92549020 0.07058824
v 0.05076995 -0.01489438 0.01193673 0.56470588 0.92549020 0.07058824
v 0.05082085 -0.01499303 0.01169555 0.56470588 0.92549020 0.07058824
v 0.05085195 -0.01505626 0.01143947 0.56470588 0.92549020 0.07058824
v 0.05086326 -0.01507650 0.01117592 0.56470588 0.92549020 0.07058824
v 0.05115734 -0.01487415 0.00000002 0.56470588 0.92549020 0.07058824
v 0.06912431 0.00408125 -0.01245633 0.56470588 0.92549020 0.07058824
v 0.07521227 0.01024795 -0.01249363 0.56470588 0.92549020 0.07058824
v 0.05699081 -0.00828503 -0.01234196 0.56470588 0.92549020 0.07058824
v 0.06303636 -0.00208292 -0.01241904 0.56470588 0.92549020 0.07058824
v 0.07504261 0.01041742 -0.01260800 0.56470588 0.92549020 0.07058824
v 0.07509634 0.01048065 -0.01260800 0.56470588 0.92549020 0.07058824
v 0.07513875 0.01054895 -0.01260800 0.56470588 0.92549020 0.07058824
v 0.07515855 0.01059448 -0.01260800 0.56470588 0.92549020 0.07058824
v 0.07526317 0.01059448 -0.01256076 0.56470588 0.92549020 0.07058824
v 0.07533952 0.01059448 -0.01252595 0.56470588 0.92549020 0.07058824
v 0.05086326 -0.01507650 -0.01117589 0.56470588 0.92549020 0.07058824
v 0.05085195 -0.01505626 -0.01143944 0.56470588 0.92549020 0.07058824
v 0.05082085 -0.01499303 -0.01169552 0.56470588 0.92549020 0.07058824
v 0.05076995 -0.01489438 -0.01193670 0.56470588 0.92549020 0.07058824
v 0.05094527 -0.01478562 -0.01193670 0.56470588 0.92549020 0.07058824
v 0.05099616 -0.01454279 -0.01215549 0.56470588 0.92549020 0.07058824
v 0.05085761 -0.01466168 -0.01215549 0.56470588 0.92549020 0.07058824
v 0.07493799 0.01059448 0.01266024 0.56470588 0.92549020 0.07058824
v 0.06904514 0.00416472 0.01252349 0.56470588 0.92549020 0.07058824
v 0.07486447 0.01059448 0.01267516 0.56470588 0.92549020 0.07058824
v 0.05053808 -0.01408750 0.01260803 0.56470588 0.92549020 0.07058824
v 0.06908755 0.00412172 0.01249366 0.56470588 0.92549020 0.07058824
v 0.06296001 -0.00200704 0.01249366 0.56470588 0.92549020 0.07058824
v 0.05687488 -0.00816868 0.01245636 0.56470588 0.92549020 0.07058824
v 0.05086326 -0.01441126 0.01234199 0.56470588 0.92549020 0.07058824
v 0.05074733 -0.01450991 0.01234199 0.56470588 0.92549020 0.07058824
v 0.05061443 -0.01459085 0.01234199 0.56470588 0.92549020 0.07058824
v 0.05069926 -0.01475779 0.01215552 0.56470588 0.92549020 0.07058824
v 0.05052960 -0.01482862 0.01215552 0.56470588 0.92549020 0.07058824
v 0.05057767 -0.01497279 0.01193673 0.56470588 0.92549020 0.07058824
v 0.05061160 -0.01507903 0.01169555 0.56470588 0.92549020 0.07058824
v 0.05063422 -0.01514479 0.01143947 0.56470588 0.92549020 0.07058824
v 0.05063988 -0.01516756 0.01117592 0.56470588 0.92549020 0.07058824
v 0.05075298 -0.01512203 0.00000002 0.56470588 0.92549020 0.07058824
v 0.06908755 0.00412172 -0.01249363 0.56470588 0.92549020 0.07058824
v 0.05687488 -0.00816868 -0.01245633 0.56470588 0.92549020 0.07058824
v 0.06296001 -0.00200704 -0.01249363 0.56470588 0.92549020 0.07058824
v 0.06904514 0.00416472 -0.01252346 0.56470588 0.92549020 0.07058824
v 0.05086326 -0.01441126 -0.01234196 0.56470588 0.92549020 0.07058824
v 0.07486447 0.01059448 -0.01267513 0.56470588 0.92549020 0.07058824
v 0.07491537 0.01059448 -0.01266518 0.56470588 0.92549020 0.07058824
v 0.05053808 -0.01408750 -0.01260800 0.56470588 0.92549020 0.07058824
v 0.07493799 0.01059448 -0.01266021 0.56470588 0.92549020 0.07058824
v 0.07507654 0.01059448 -0.01262789 0.56470588 0.92549020 0.07058824
v 0.05063988 -0.01516756 -0.01117589 0.56470588 0.92549020 0.07058824
v 0.05063422 -0.01514479 -0.01143944 0.56470588 0.92549020 0.07058824
v 0.05061160 -0.01507903 -0.01169552 0.56470588 0.92549020 0.07058824
v 0.05057767 -0.01497279 -0.01193670 0.56470588 0.92549020 0.07058824
v 0.05052960 -0.01482862 -0.01215549 0.56470588 0.92549020 0.07058824
v 0.05069926 -0.01475779 -0.01215549 0.56470588 0.92549020 0.07058824
v 0.05061443 -0.01459085 -0.01234196 0.56470588 0.92549020 0.07058824
v 0.05074733 -0.01450991 -0.01234196 0.56470588 0.92549020 0.07058824
v 0.05679287 -0.00808774 0.01252349 0.56470588 0.92549020 0.07058824
v 0.07448556 0.01059448 0.01269753 0.56470588 0.92549020 0.07058824
v 0.06854747 0.00466048 0.01270002 0.56470588 0.92549020 0.07058824
v 0.06868885 0.00451884 0.01268262 0.56470588 0.92549020 0.07058824
v 0.05643659 -0.00773109 0.01268262 0.56470588 0.92549020 0.07058824
v 0.05035711 -0.01390538 0.01267516 0.56470588 0.92549020 0.07058824
v 0.05032601 -0.01393321 0.01267516 0.56470588 0.92549020 0.07058824
v 0.05047587 -0.01414062 0.01260803 0.56470588 0.92549020 0.07058824
v 0.05061726 -0.01433538 0.01249366 0.56470588 0.92549020 0.07058824
v 0.05070774 -0.01425697 0.01249366 0.56470588 0.92549020 0.07058824
v 0.05683529 -0.00813074 0.01249366 0.56470588 0.92549020 0.07058824
v 0.05051546 -0.01439609 0.01249366 0.56470588 0.92549020 0.07058824
v 0.05040518 -0.01444415 0.01249366 0.56470588 0.92549020 0.07058824
v 0.05047305 -0.01464903 0.01234199 0.56470588 0.92549020 0.07058824
v 0.05032318 -0.01468697 0.01234199 0.56470588 0.92549020 0.07058824
v 0.05035146 -0.01487162 0.01215552 0.56470588 0.92549020 0.07058824
v 0.05037691 -0.01502085 0.01193673 0.56470588 0.92549020 0.07058824
v 0.05039387 -0.01513215 0.01169555 0.56470588 0.92549020 0.07058824
v 0.05040518 -0.01520044 0.01143947 0.56470588 0.92549020 0.07058824
v 0.05040801 -0.01522320 0.01117592 0.56470588 0.92549020 0.07058824
v 0.05070774 -0.01425697 -0.01249363 0.56470588 0.92549020 0.07058824
v 0.05683529 -0.00813074 -0.01249363 0.56470588 0.92549020 0.07058824
v 0.05679287 -0.00808774 -0.01252346 0.56470588 0.92549020 0.07058824
v 0.05061726 -0.01433538 -0.01249363 0.56470588 0.92549020 0.07058824
v 0.05643659 -0.00773109 -0.01268258 0.56470588 0.92549020 0.07058824
v 0.06868885 0.00451884 -0.01268258 0.56470588 0.92549020 0.07058824
v 0.07448273 0.01059448 -0.01269750 0.56470588 0.92549020 0.07058824
v 0.05035711 -0.01390538 -0.01267513 0.56470588 0.92549020 0.07058824
v 0.05047587 -0.01414062 -0.01260800 0.56470588 0.92549020 0.07058824
v 0.05032601 -0.01393321 -0.01267513 0.56470588 0.92549020 0.07058824
v 0.05040801 -0.01522320 -0.01117589 0.56470588 0.92549020 0.07058824
v 0.05040518 -0.01520044 -0.01143944 0.56470588 0.92549020 0.07058824
v 0.05039387 -0.01513215 -0.01169552 0.56470588 0.92549020 0.07058824
v 0.05037691 -0.01502085 -0.01193670 0.56470588 0.92549020 0.07058824
v 0.05035146 -0.01487162 -0.01215549 0.56470588 0.92549020 0.07058824
v 0.05047305 -0.01464903 -0.01234196 0.56470588 0.92549020 0.07058824
v 0.05032318 -0.01468697 -0.01234196 0.56470588 0.92549020 0.07058824
v 0.05040518 -0.01444415 -0.01249363 0.56470588 0.92549020 0.07058824
v 0.05051546 -0.01439609 -0.01249363 0.56470588 0.92549020 0.07058824
v 0.07054663 0.01059448 0.01270002 0.56470588 0.92549020 0.07058824
v 0.06314098 0.01025301 0.01270002 0.56470588 0.92549020 0.07058824
v 0.04729758 -0.01372579 0.01269753 0.56470588 0.92549020 0.07058824
v 0.05017049 -0.01371821 0.01269753 0.56470588 0.92549020 0.07058824
v 0.05028925 -0.01395344 0.01267516 0.56470588 0.92549020 0.07058824
v 0.05040801 -0.01418362 0.01260803 0.56470588 0.92549020 0.07058824
v 0.05033166 -0.01421397 0.01260803 0.56470588 0.92549020 0.07058824
v 0.05025249 -0.01423421 0.01260803 0.56470588 0.92549020 0.07058824
v 0.05028925 -0.01447197 0.01249366 0.56470588 0.92549020 0.07058824
v 0.05017049 -0.01469709 0.01234199 0.56470588 0.92549020 0.07058824
v 0.05017049 -0.01488679 0.01215552 0.56470588 0.92549020 0.07058824
v 0.05017049 -0.01503856 0.01193673 0.56470588 0.92549020 0.07058824
v 0.05017049 -0.01514985 0.01169555 0.56470588 0.92549020 0.07058824
v 0.05017049 -0.01521815 0.01143947 0.56470588 0.92549020 0.07058824
v 0.05017049 -0.01524091 0.01117592 0.56470588 0.92549020 0.07058824
v 0.05028925 -0.01523332 0.00000002 0.56470588 0.92549020 0.07058824
v 0.05040801 -0.01418362 -0.01260800 0.56470588 0.92549020 0.07058824
v 0.05629803 -0.00759198 -0.01269750 0.56470588 0.92549020 0.07058824
v 0.05017049 -0.01371821 -0.01269750 0.56470588 0.92549020 0.07058824
v 0.06859554 0.00461242 -0.01269253 0.56470588 0.92549020 0.07058824
v 0.04729758 -0.01060450 -0.01269999 0.56470588 0.92549020 0.07058824
v 0.04729758 -0.00423798 -0.01269999 0.56470588 0.92549020 0.07058824
v 0.05212157 0.01059448 -0.01269750 0.56470588 0.92549020 0.07058824
v 0.05028925 -0.01395344 -0.01267513 0.56470588 0.92549020 0.07058824
v 0.05017049 -0.01524091 -0.01117589 0.56470588 0.92549020 0.07058824
v 0.05017049 -0.01521815 -0.01143944 0.56470588 0.92549020 0.07058824
v 0.05017049 -0.01514985 -0.01169552 0.56470588 0.92549020 0.07058824
v 0.05017049 -0.01503856 -0.01193670 0.56470588 0.92549020 0.07058824
v 0.05017049 -0.01488679 -0.01215549 0.56470588 0.92549020 0.07058824
v 0.05017049 -0.01469709 -0.01234196 0.56470588 0.92549020 0.07058824
v 0.05028925 -0.01447197 -0.01249363 0.56470588 0.92549020 0.07058824
v 0.05025249 -0.01423421 -0.01260800 0.56470588 0.92549020 0.07058824
v 0.05033166 -0.01421397 -0.01260800 0.56470588 0.92549020 0.07058824
v 0.06335305 0.01059448 0.01270002 0.56470588 0.92549020 0.07058824
v 0.04729758 0.00865695 0.01269753 0.56470588 0.92549020 0.07058824
v 0.04729758 -0.01375615 0.01269505 0.56470588 0.92549020 0.07058824
v 0.05017049 -0.01398379 0.01267516 0.56470588 0.92549020 0.07058824
v 0.05021290 -0.01397874 0.01267516 0.56470588 0.92549020 0.07058824
v 0.05025249 -0.01396862 0.01267516 0.56470588 0.92549020 0.07058824
v 0.05017049 -0.01423926 0.01260803 0.56470588 0.92549020 0.07058824
v 0.05017049 -0.01447956 0.01249366 0.56470588 0.92549020 0.07058824
v 0.04729758 -0.01451244 0.01247377 0.56470588 0.92549020 0.07058824
v 0.04729758 -0.01469203 0.01234697 0.56470588 0.92549020 0.07058824
v 0.04729758 -0.01472491 0.01231464 0.56470588 0.92549020 0.07058824
v 0.04729758 -0.01487921 0.01216049 0.56470588 0.92549020 0.07058824
v 0.04729758 -0.01488932 0.01214806 0.56470588 0.92549020 0.07058824
v 0.04729758 -0.01502591 0.01195662 0.56470588 0.92549020 0.07058824
v 0.04729758 -0.01503856 0.01193673 0.56470588 0.92549020 0.07058824
v 0.04729758 -0.01514732 0.01170301 0.56470588 0.92549020 0.07058824
v 0.04729758 -0.01515744 0.01167318 0.56470588 0.92549020 0.07058824
v 0.04729758 -0.01521815 0.01144693 0.56470588 0.92549020 0.07058824
v 0.04729758 -0.01522068 0.01143201 0.56470588 0.92549020 0.07058824
v 0.04729758 -0.01524091 0.01118338 0.56470588 0.92549020 0.07058824
v 0.05025249 -0.01396862 -0.01267513 0.56470588 0.92549020 0.07058824
v 0.05021290 -0.01397874 -0.01267513 0.56470588 0.92549020 0.07058824
v 0.05017049 -0.01398379 -0.01267513 0.56470588 0.92549020 0.07058824
v 0.04729758 -0.01375615 -0.01269502 0.56470588 0.92549020 0.07058824
v 0.04729758 -0.01372579 -0.01269750 0.56470588 0.92549020 0.07058824
v 0.04729758 0.00865695 -0.01269750 0.56470588 0.92549020 0.07058824
v 0.05183032 0.01059448 -0.01267513 0.56470588 0.92549020 0.07058824
v 0.04729758 0.00887954 -0.01267761 0.56470588 0.92549020 0.07058824
v 0.04729758 0.00890230 -0.01267513 0.56470588 0.92549020 0.07058824
v 0.04729758 -0.01524091 -0.01118335 0.56470588 0.92549020 0.07058824
v 0.04729758 -0.01522068 -0.01143198 0.56470588 0.92549020 0.07058824
v 0.04729758 -0.01521815 -0.01144689 0.56470588 0.92549020 0.07058824
v 0.04729758 -0.01515238 -0.01168807 0.56470588 0.92549020 0.07058824
v 0.04729758 -0.01514732 -0.01170298 0.56470588 0.92549020 0.07058824
v 0.04729758 -0.01504868 -0.01191681 0.56470588 0.92549020 0.07058824
v 0.04729758 -0.01503350 -0.01194415 0.56470588 0.92549020 0.07058824
v 0.04729758 -0.01502591 -0.01195659 0.56470588 0.92549020 0.07058824
v 0.04729758 -0.01488679 -0.01215549 0.56470588 0.92549020 0.07058824
v 0.05017049 -0.01447956 -0.01249363 0.56470588 0.92549020 0.07058824
v 0.04729758 -0.01469203 -0.01234693 0.56470588 0.92549020 0.07058824
v 0.04729758 -0.01451244 -0.01247374 0.56470588 0.92549020 0.07058824
v 0.05017049 -0.01423926 -0.01260800 0.56470588 0.92549020 0.07058824
v 0.05212157 0.01059448 0.01269753 0.56470588 0.92549020 0.07058824
v 0.04729758 0.00887954 0.01267764 0.56470588 0.92549020 0.07058824
v 0.04729758 -0.01396103 0.01267764 0.56470588 0.92549020 0.07058824
v 0.04729758 -0.01398379 0.01267516 0.56470588 0.92549020 0.07058824
v 0.04729758 -0.01423926 0.01260803 0.56470588 0.92549020 0.07058824
v 0.04729758 -0.01447450 0.01249863 0.56470588 0.92549020 0.07058824
v 0.04729758 -0.01448715 0.01249117 0.56470588 0.92549020 0.07058824
v 0.04729758 -0.01398379 -0.01267513 0.56470588 0.92549020 0.07058824
v 0.04729758 -0.01396103 -0.01267761 0.56470588 0.92549020 0.07058824
v 0.05155039 0.01059448 -0.01260800 0.56470588 0.92549020 0.07058824
v 0.04729758 0.00915777 -0.01260551 0.56470588 0.92549020 0.07058824
v 0.04729758 0.00937024 -0.01250606 0.56470588 0.92549020 0.07058824
v 0.04729758 0.00939807 -0.01249114 0.56470588 0.92549020 0.07058824
v 0.04729758 0.00959789 -0.01235191 0.56470588 0.92549020 0.07058824
v 0.04729758 0.00961560 -0.01233948 0.56470588 0.92549020 0.07058824
v 0.04729758 -0.01448715 -0.01249114 0.56470588 0.92549020 0.07058824
v 0.04729758 -0.01447450 -0.01249860 0.56470588 0.92549020 0.07058824
v 0.04729758 -0.01423926 -0.01260800 0.56470588 0.92549020 0.07058824
v 0.05208764 0.01059448 0.01269505 0.56470588 0.92549020 0.07058824
v 0.04729758 0.00890230 0.01267516 0.56470588 0.92549020 0.07058824
v 0.05145142 0.01059448 -0.01256573 0.56470588 0.92549020 0.07058824
v 0.04729758 0.00963077 -0.01232456 0.56470588 0.92549020 0.07058824
v 0.04729758 0.00980277 -0.01215052 0.56470588 0.92549020 0.07058824
v 0.04729758 0.00995454 -0.01193172 0.56470588 0.92549020 0.07058824
v 0.05183032 0.01059448 0.01267516 0.56470588 0.92549020 0.07058824
v 0.04729758 0.00915777 0.01260554 0.56470588 0.92549020 0.07058824
v 0.05128459 0.01059448 -0.01249363 0.56470588 0.92549020 0.07058824
v 0.04729758 0.01005318 -0.01172039 0.56470588 0.92549020 0.07058824
v 0.05171156 0.01059448 0.01264781 0.56470588 0.92549020 0.07058824
v 0.04729758 0.00961560 0.01233951 0.56470588 0.92549020 0.07058824
v 0.04729758 0.00959789 0.01235194 0.56470588 0.92549020 0.07058824
v 0.04729758 0.00939807 0.01249117 0.56470588 0.92549020 0.07058824
v 0.04729758 0.00937024 0.01250609 0.56470588 0.92549020 0.07058824
v 0.05103292 0.01059448 -0.01234196 0.56470588 0.92549020 0.07058824
v 0.04729758 0.01006583 -0.01169055 0.56470588 0.92549020 0.07058824
v 0.05155039 0.01059448 0.01260803 0.56470588 0.92549020 0.07058824
v 0.04729758 0.00963077 0.01232459 0.56470588 0.92549020 0.07058824
v 0.05080671 0.01059448 -0.01215549 0.56470588 0.92549020 0.07058824
v 0.04729758 0.01012907 -0.01145435 0.56470588 0.92549020 0.07058824
v 0.04729758 0.01013159 -0.01144441 0.56470588 0.92549020 0.07058824
v 0.05134114 0.01059448 0.01251852 0.56470588 0.92549020 0.07058824
v 0.04729758 0.00995454 0.01193175 0.56470588 0.92549020 0.07058824
v 0.04729758 0.00980277 0.01215055 0.56470588 0.92549020 0.07058824
v 0.05062008 0.01059448 -0.01193670 0.56470588 0.92549020 0.07058824
v 0.04729758 0.01013412 -0.01142452 0.56470588 0.92549020 0.07058824
v 0.05128459 0.01059448 0.01249366 0.56470588 0.92549020 0.07058824
v 0.04729758 0.01006583 0.01169058 0.56470588 0.92549020 0.07058824
v 0.05047022 0.01059448 -0.01169552 0.56470588 0.92549020 0.07058824
v 0.04729758 0.01015436 -0.01118086 0.56470588 0.92549020 0.07058824
v 0.05103292 0.01059448 0.01234199 0.56470588 0.92549020 0.07058824
v 0.04729758 0.01012907 0.01145439 0.56470588 0.92549020 0.07058824
v 0.05040801 0.01059448 -0.01153392 0.56470588 0.92549020 0.07058824
v 0.04729758 0.01015436 0.01117592 0.56470588 0.92549020 0.07058824
v 0.05034015 0.01059448 -0.01117589 0.56470588 0.92549020 0.07058824
v 0.05037408 0.01059448 -0.01143944 0.56470588 0.92549020 0.07058824
v 0.05080671 0.01059448 0.01215552 0.56470588 0.92549020 0.07058824
v 0.04729758 0.01013159 0.01144444 0.56470588 0.92549020 0.07058824
v 0.04729758 0.01013412 0.01142455 0.56470588 0.92549020 0.07058824
v 0.05047022 0.01059448 0.01169555 0.56470588 0.92549020 0.07058824
v 0.05037408 0.01059448 0.01143947 0.56470588 0.92549020 0.07058824
v 0.05034015 0.01059448 0.01117592 0.56470588 0.92549020 0.07058824
v 0.05062008 0.01059448 0.01193673 0.56470588 0.92549020 0.07058824
f 1098 1099 1102
f 1098 1102 1109
f 1098 1109 1117
f 1098 1117 1130
f 1098 1130 1135
f 1098 1135 1154
f 1098 1154 1153
f 1098 1153 1152
f 1098 1152 1177
f 1098 1177 1176
f 1098 1176 1207
f 1098 1207 1244
f 1098 1244 1243
f 1098 1243 1242
f 1098 1242 1278
f 1098 1278 1277
f 1098 1277 1275
f 1098 1275 1274
f 1098 1274 1313
f 1098 1313 1348
f 1098 1348 1385
f 1098 1385 1410
f 1098 1410 1421
f 1098 1421 1427
f 1098 1427 1434
f 1098 1434 1438
f 1098 1438 1444
f 1098 1444 1448
f 1098 1448 1452
f 1098 1452 1455
f 1098 1455 1454
f 1098 1454 1461
f 1098 1461 1460
f 1098 1460 1459
f 1098 1459 1462
f 1098 1462 1456
f 1098 1456 1450
f 1098 1450 1446
f 1098 1446 1441
f 1098 1441 1436
f 1098 1436 1429
f 1098 1429 1425
f 1098 1425 1419
f 1098 1419 1401
f 1098 1401 1359
f 1098 1359 1326
f 1098 1326 1288
f 1098 1288 1254
f 1098 1254 1252
f 1098 1252 1219
f 1098 1219 1218
f 1098 1218 1217
f 1098 1217 1187
f 1098 1187 1160
f 1098 1160 1159
f 1098 1159 1141
f 1098 1141 1140
f 1098 1140 1139
f 1098 1139 1122
f 1098 1122 1112
f 1098 1112 1104
f 1098 1104 1100
f 1098 1100 1101
f 1098 1101 1103
f 1098 1103 1099
f 1099 1103 1102
f 1100 1104 1105
f 1100 1105 1101
f 1101 1105 1106
f 1101 1106 1107
f 1101 1107 1110
f 1101 1110 1103
f 1102 1103 1108
f 1102 1108 1109
f 1103 1110 1111
f 1103 1111 1108
f 1104 1112 1105
f 1105 1112 1113
f 1105 1113 1114
f 1105 1114 1106
f 1106 1114 1115
f 1106 1115 1116
f 1106 1116 1107
f 1107 1116 1120
f 1107 1120 1110
f 1108 1117 1109
f 1108 1111 1118
f 1108 1118 1119
f 1108 1119 1117
f 1110 1120 1111
f 1111 1120 1121
f 1111 1121 1118
f 1112 1122 1113
f 1113 1123 1114
f 1113 1122 1123
f 1114 1123 1124
f 1114 1124 1125
f 1114 1125 1126
f 1114 1126 1115
f 1115 1126 1127
f 1115 1127 1128
f 1115 1128 1129
f 1115 1129 1116
f 1116 1129 1136
f 1116 1136 1120
f 1117 1119 1130
f 1118 1121 1131
f 1118 1131 1132
f 1118 1132 1133
f 1118 1133 1134
f 1118 1134 1119
f 1119 1134 1135
f 1119 1135 1130
f 1120 1136 1137
f 1120 1137 1121
f 1121 1137 1138
f 1121 1138 1131
f 1122 1139 1123
f 1123 1140 1141
f 1123 1141 1142
f 1123 1142 1124
f 1123 1139 1140
f 1124 1142 1125
f 1125 1142 1143
f 1125 1143 1144
f 1125 1144 1127
f 1125 1127 1126
f 1127 1144 1145
f 1127 1145 1146
f 1127 1146 1147
f 1127 1147 1128
f 1128 1147 1129
f 1129 1147 1148
f 1129 1148 1155
f 1129 1155 1136
f 1131 1138 1132
f 1132 1138 1149
f 1132 1149 1150
f 1132 1150 1151
f 1132 1151 1133
f 1133 1151 1134
f 1134 1151 1152
f 1134 1152 1153
f 1134 1153 1154
f 1134 1154 1135
f 1136 1155 1156
f 1136 1156 1137
f 1137 1156 1138
f 1138 1156 1157
f 1138 1157 1158
f 1138 1158 1149
f 1141 1159 1142
f 1142 1159 1160
f 1142 1160 1161
f 1142 1161 1162
f 1142 1162 1143
f 1143 1162 1163
f 1143 1163 1144
f 1144 1163 1145
f 1145 1164 1146
f 1145 1163 1165
f 1145 1165 1166
f 1145 1166 1167
f 1145 1167 1168
f 1145 1168 1164
f 1146 1164 1147
f 1147 1169 1148
f 1147 1164 1170
f 1147 1170 1171
f 1147 1171 1169
f 1148 1169 1172
f 1148 1172 1179
f 1148 1179 1155
f 1149 1158 1173
f 1149 1173 1150
f 1150 1173 1174
f 1150 1174 1151
f 1151 1174 1175
f 1151 1175 1176
f 1151 1176 1177
f 1151 1177 1152
f 1155 1178 1156
f 1155 1179 1178
f 1156 1180 1157
f 1156 1178 1181
f 1156 1181 1182
f 1156 1182 1180
f 1157 1180 1158
f 1158 1183 1184
f 1158 1184 1173
f 1158 1180 1185
f 1158 1185 1186
f 1158 1186 1183
f 1160 1187 1161
f 1161 1187 1188
f 1161 1188 1162
f 1162 1188 1189
f 1162 1189 1190
f 1162 1190 1191
f 1162 1191 1163
f 1163 1191 1192
f 1163 1192 1165
f 1164 1168 1193
f 1164 1193 1170
f 1165 1192 1194
f 1165 1194 1166
f 1166 1194 1195
f 1166 1195 1167
f 1167 1195 1227
f 1167 1227 1196
f 1167 1196 1168
f 1168 1196 1197
f 1168 1197 1193
f 1169 1171 1172
f 1170 1193 1197
f 1170 1197 1171
f 1171 1197 1198
f 1171 1198 1199
f 1171 1199 1200
f 1171 1200 1201
f 1171 1201 1172
f 1172 1201 1208
f 1172 1208 1179
f 1173 1184 1202
f 1173 1202 1203
f 1173 1203 1174
f 1174 1203 1204
f 1174 1204 1205
f 1174 1205 1206
f 1174 1206 1175
f 1175 1206 1207
f 1175 1207 1176
f 1178 1179 1181
f 1179 1208 1181
f 1180 1182 1209
f 1180 1209 1185
f 1181 1208 1210
f 1181 1210 1211
f 1181 1211 1212
f 1181 1212 1213
f 1181 1213 1182
f 1182 1213 1209
f 1183 1214 1184
f 1183 1186 1215
f 1183 1215 1214
f 1184 1214 1202
f 1185 1209 1213
f 1185 1213 1216
f 1185 1216 1186
f 1186 1216 1250
f 1186 1250 1215
f 1187 1217 1188
f 1188 1217 1218
f 1188 1218 1219
f 1188 1219 1189
f 1189 1219 1220
f 1189 1220 1190
f 1190 1220 1221
f 1190 1221 1222
f 1190 1222 1223
f 1190 1223 1192
f 1190 1192 1191
f 1192 1223 1224
f 1192 1224 1225
f 1192 1225 1226
f 1192 1226 1194
f 1194 1226 1195
f 1195 1226 1259
f 1195 1259 1227
f 1196 1227 1228
f 1196 1228 1229
f 1196 1229 1198
f 1196 1198 1197
f 1198 1229 1230
f 1198 1230 1231
f 1198 1231 1232
f 1198 1232 1199
f 1199 1232 1233
f 1199 1233 1200
f 1200 1234 1201
f 1200 1233 1245
f 1200 1245 1210
f 1200 1210 1234
f 1201 1234 1208
f 1202 1235 1236
f 1202 1236 1204
f 1202 1204 1203
f 1202 1214 1237
f 1202 1237 1238
f 1202 1238 1235
f 1204 1236 1239
f 1204 1239 1240
f 1204 1240 1241
f 1204 1241 1205
f 1205 1241 1242
f 1205 1242 1206
f 1206 1242 1243
f 1206 1243 1244
f 1206 1244 1207
f 1208 1234 1210
f 1210 1245 1211
f 1211 1245 1246
f 1211 1246 1212
f 1212 1246 1247
f 1212 1247 1248
f 1212 1248 1249
f 1212 1249 1216
f 1212 1216 1213
f 1214 1215 1237
f 1215 1250 1273
f 1215 1273 1237
f 1216 1249 1251
f 1216 1251 1250
f 1219 1252 1220
f 1220 1252 1221
f 1221 1252 1222
f 1222 1253 1223
f 1222 1252 1254
f 1222 1254 1255
f 1222 1255 1287
f 1222 1287 1253
f 1223 1253 1256
f 1223 1256 1224
f 1224 1256 1257
f 1224 1257 1258
f 1224 1258 1225
f 1225 1258 1226
f 1226 1258 1259
f 1227 1259 1228
f 1228 1259 1260
f 1228 1260 1261
f 1228 1261 1262
f 1228 1262 1230
f 1228 1230 1229
f 1230 1262 1263
f 1230 1263 1264
f 1230 1264 1265
f 1230 1265 1231
f 1231 1265 1232
f 1232 1265 1266
f 1232 1266 1267
f 1232 1267 1233
f 1233 1267 1268
f 1233 1268 1245
f 1235 1269 1236
f 1235 1238 1270
f 1235 1270 1271
f 1235 1271 1269
f 1236 1269 1272
f 1236 1272 1239
f 1237 1273 1270
f 1237 1270 1238
f 1239 1274 1275
f 1239 1275 1240
f 1239 1272 1309
f 1239 1309 1276
f 1239 1276 1274
f 1240 1275 1277
f 1240 1277 1241
f 1241 1277 1278
f 1241 1278 1242
f 1245 1268 1279
f 1245 1279 1246
f 1246 1279 1280
f 1246 1280 1281
f 1246 1281 1247
f 1247 1281 1248
f 1248 1251 1249
f 1248 1281 1282
f 1248 1282 1283
f 1248 1283 1284
f 1248 1284 1251
f 1250 1251 1273
f 1251 1284 1285
f 1251 1285 1286
f 1251 1286 1273
f 1253 1287 1257
f 1253 1257 1256
f 1254 1288 1289
f 1254 1289 1290
f 1254 1290 1291
f 1254 1291 1292
f 1254 1292 1255
f 1255 1292 1293
f 1255 1293 1294
f 1255 1294 1295
f 1255 1295 1296
f 1255 1296 1287
f 1257 1287 1297
f 1257 1297 1258
f 1258 1297 1296
f 1258 1296 1259
f 1259 1296 1295
f 1259 1295 1260
f 1260 1295 1261
f 1261 1295 1298
f 1261 1298 1299
f 1261 1299 1300
f 1261 1300 1263
f 1261 1263 1262
f 1263 1300 1301
f 1263 1301 1302
f 1263 1302 1264
f 1264 1302 1303
f 1264 1303 1304
f 1264 1304 1265
f 1265 1304 1266
f 1266 1304 1305
f 1266 1305 1267
f 1267 1305 1306
f 1267 1306 1317
f 1267 1317 1279
f 1267 1279 1268
f 1269 1271 1272
f 1270 1273 1307
f 1270 1307 1308
f 1270 1308 1271
f 1271 1308 1309
f 1271 1309 1272
f 1273 1286 1310
f 1273 1310 1307
f 1274 1311 1312
f 1274 1312 1313
f 1274 1276 1314
f 1274 1314 1311
f 1276 1307 1310
f 1276 1310 1315
f 1276 1315 1316
f 1276 1316 1314
f 1276 1309 1307
f 1279 1317 1318
f 1279 1318 1280
f 1280 1318 1319
f 1280 1319 1281
f 1281 1319 1282
f 1282 1319 1320
f 1282 1320 1321
f 1282 1321 1283
f 1283 1322 1285
f 1283 1285 1284
f 1283 1321 1323
f 1283 1323 1322
f 1285 1322 1324
f 1285 1324 1325
f 1285 1325 1310
f 1285 1310 1286
f 1287 1296 1297
f 1288 1326 1289
f 1289 1291 1290
f 1289 1326 1359
f 1289 1359 1327
f 1289 1327 1328
f 1289 1328 1329
f 1289 1329 1291
f 1291 1329 1292
f 1292 1329 1293
f 1293 1330 1331
f 1293 1331 1294
f 1293 1329 1330
f 1294 1331 1295
f 1295 1331 1298
f 1298 1331 1299
f 1299 1331 1332
f 1299 1332 1333
f 1299 1333 1334
f 1299 1334 1301
f 1299 1301 1300
f 1301 1334 1335
f 1301 1335 1336
f 1301 1336 1302
f 1302 1336 1337
f 1302 1337 1303
f 1303 1337 1304
f 1304 1337 1338
f 1304 1338 1305
f 1305 1338 1339
f 1305 1339 1306
f 1306 1339 1340
f 1306 1340 1341
f 1306 1341 1317
f 1307 1309 1308
f 1310 1325 1342
f 1310 1342 1315
f 1311 1343 1312
f 1311 1314 1344
f 1311 1344 1343
f 1312 1345 1313
f 1312 1343 1345
f 1313 1345 1343
f 1313 1343 1346
f 1313 1346 1347
f 1313 1347 1348
f 1314 1316 1344
f 1315 1342 1316
f 1316 1342 1349
f 1316 1349 1344
f 1317 1341 1350
f 1317 1350 1351
f 1317 1351 1318
f 1318 1351 1352
f 1318 1352 1319
f 1319 1352 1353
f 1319 1353 1320
f 1320 1353 1321
f 1321 1353 1354
f 1321 1354 1323
f 1322 1323 1324
f 1323 1354 1355
f 1323 1355 1356
f 1323 1356 1324
f 1324 1356 1357
f 1324 1357 1358
f 1324 1358 1342
f 1324 1342 1325
f 1327 1359 1360
f 1327 1360 1328
f 1328 1360 1402
f 1328 1402 1420
f 1328 1420 1426
f 1328 1426 1433
f 1328 1433 1432
f 1328 1432 1431
f 1328 1431 1430
f 1328 1430 1437
f 1328 1437 1443
f 1328 1443 1442
f 1328 1442 1447
f 1328 1447 1451
f 1328 1451 1457
f 1328 1457 1458
f 1328 1458 1453
f 1328 1453 1449
f 1328 1449 1445
f 1328 1445 1440
f 1328 1440 1439
f 1328 1439 1435
f 1328 1435 1428
f 1328 1428 1424
f 1328 1424 1423
f 1328 1423 1422
f 1328 1422 1415
f 1328 1415 1414
f 1328 1414 1413
f 1328 1413 1412
f 1328 1412 1411
f 1328 1411 1387
f 1328 1387 1386
f 1328 1386 1384
f 1328 1384 1347
f 1328 1347 1346
f 1328 1346 1383
f 1328 1383 1382
f 1328 1382 1409
f 1328 1409 1408
f 1328 1408 1418
f 1328 1418 1417
f 1328 1417 1416
f 1328 1416 1399
f 1328 1399 1398
f 1328 1398 1396
f 1328 1396 1395
f 1328 1395 1394
f 1328 1394 1393
f 1328 1393 1392
f 1328 1392 1391
f 1328 1391 1390
f 1328 1390 1389
f 1328 1389 1388
f 1328 1388 1378
f 1328 1378 1377
f 1328 1377 1376
f 1328 1376 1375
f 1328 1375 1374
f 1328 1374 1373
f 1328 1373 1372
f 1328 1372 1371
f 1328 1371 1370
f 1328 1370 1369
f 1328 1369 1368
f 1328 1368 1367
f 1328 1367 1407
f 1328 1407 1406
f 1328 1406 1405
f 1328 1405 1404
f 1328 1404 1403
f 1328 1403 1361
f 1328 1361 1329
f 1329 1361 1362
f 1329 1362 1363
f 1329 1363 1364
f 1329 1364 1330
f 1330 1364 1331
f 1331 1364 1332
f 1332 1364 1363
f 1332 1363 1333
f 1333 1363 1362
f 1333 1362 1365
f 1333 1365 1366
f 1333 1366 1334
f 1334 1366 1335
f 1335 1366 1367
f 1335 1367 1368
f 1335 1368 1369
f 1335 1369 1336
f 1336 1369 1370
f 1336 1370 1371
f 1336 1371 1372
f 1336 1372 1337
f 1337 1372 1373
f 1337 1373 1374
f 1337 1374 1338
f 1338 1374 1375
f 1338 1375 1376
f 1338 1376 1339
f 1339 1376 1377
f 1339 1377 1340
f 1340 1350 1341
f 1340 1377 1378
f 1340 1378 1388
f 1340 1388 1350
f 1342 1358 1379
f 1342 1379 1349
f 1343 1344 1346
f 1344 1349 1379
f 1344 1379 1380
f 1344 1380 1381
f 1344 1381 1382
f 1344 1382 1383
f 1344 1383 1346
f 1347 1384 1348
f 1348 1384 1386
f 1348 1386 1387
f 1348 1387 1385
f 1350 1388 1389
f 1350 1389 1351
f 1351 1389 1390
f 1351 1390 1352
f 1352 1390 1391
f 1352 1391 1392
f 1352 1392 1393
f 1352 1393 1353
f 1353 1393 1394
f 1353 1394 1395
f 1353 1395 1354
f 1354 1395 1396
f 1354 1396 1398
f 1354 1398 1355
f 1355 1397 1356
f 1355 1398 1399
f 1355 1399 1397
f 1356 1397 1357
f 1357 1397 1400
f 1357 1400 1381
f 1357 1381 1380
f 1357 1380 1379
f 1357 1379 1358
f 1359 1401 1360
f 1360 1401 1402
f 1361 1403 1362
f 1362 1403 1404
f 1362 1404 1405
f 1362 1405 1365
f 1365 1405 1406
f 1365 1406 1366
f 1366 1406 1407
f 1366 1407 1367
f 1381 1400 1418
f 1381 1418 1408
f 1381 1408 1409
f 1381 1409 1382
f 1385 1387 1411
f 1385 1411 1412
f 1385 1412 1413
f 1385 1413 1414
f 1385 1414 1415
f 1385 1415 1410
f 1397 1399 1416
f 1397 1416 1417
f 1397 1417 1400
f 1400 1417 1418
f 1401 1419 1420
f 1401 1420 1402
f 1410 1415 1422
f 1410 1422 1423
f 1410 1423 1424
f 1410 1424 1421
f 1419 1425 1420
f 1420 1425 1426
f 1421 1424 1427
f 1424 1428 1427
f 1425 1429 1430
f 1425 1430 1431
f 1425 1431 1432
f 1425 1432 1433
f 1425 1433 1426
f 1427 1428 1435
f 1427 1435 1434
f 1429 1436 1430
f 1430 1436 1437
f 1434 1435 1439
f 1434 1439 1440
f 1434 1440 1438
f 1436 1441 1442
f 1436 1442 1443
f 1436 1443 1437
f 1438 1440 1444
f 1440 1445 1444
f 1441 1446 1442
f 1442 1446 1447
f 1444 1445 1448
f 1445 1449 1448
f 1446 1450 1447
f 1447 1450 1451
f 1448 1449 1452
f 1449 1453 1461
f 1449 1461 1454
f 1449 1454 1455
f 1449 1455 1452
f 1450 1456 1457
f 1450 1457 1451
f 1453 1458 1459
f 1453 1459 1460
f 1453 1460 1461
f 1456 1462 1457
f 1457 1462 1458
f 1458 1462 1459

o geometry_5
v 0.04729758 0.01015654 0.00529472 0.08627451 0.01960784 0.83137255
v 0.04729758 -0.01524344 0.00529472 0.08627451 0.01960784 0.83137255
v 0.04729758 0.01015654 -0.00530041 0.08627451 0.01960784 0.83137255
v 0.01064475 0.01015654 0.00529472 0.08627451 0.01960784 0.83137255
v 0.04729758 -0.01524344 -0.00530041 0.08627451 0.01960784 0.83137255
v 0.01162012 -0.01524344 0.00529472 0.08627451 0.01960784 0.83137255
v 0.01064475 0.01015654 -0.00530041 0.08627451 0.01960784 0.83137255
v 0.01039811 0.01013665 0.00529472 0.08627451 0.01960784 0.83137255
v 0.01162012 -0.01524344 -0.00530041 0.08627451 0.01960784 0.83137255
v 0.01136226 -0.01522106 0.00529472 0.08627451 0.01960784 0.83137255
v 0.01039811 0.01013665 -0.00530041 0.08627451 0.01960784 0.83137255
v 0.01018136 0.01008195 -0.00530041 0.08627451 0.01960784 0.83137255
v 0.01016267 0.01007698 0.00529472 0.08627451 0.01960784 0.83137255
v 0.01136226 -0.01522106 -0.00530041 0.08627451 0.01960784 0.83137255
v 0.01111188 -0.01515642 0.00529472 0.08627451 0.01960784 0.83137255
v 0.01016267 0.01007698 -0.00530041 0.08627451 0.01960784 0.83137255
v 0.01014399 0.01006952 0.00529472 0.08627451 0.01960784 0.83137255
v 0.01111188 -0.01515642 -0.00530041 0.08627451 0.01960784 0.83137255
v 0.01087645 -0.01504951 0.00529472 0.08627451 0.01960784 0.83137255
v 0.00993471 0.00998001 -0.00530041 0.08627451 0.01960784 0.83137255
v 0.00993471 0.00998001 0.00529472 0.08627451 0.01960784 0.83137255
v 0.01087645 -0.01504951 -0.00530041 0.08627451 0.01960784 0.83137255
v 0.01066343 -0.01490530 0.00529472 0.08627451 0.01960784 0.83137255
v 0.00973665 0.00985570 -0.00530041 0.08627451 0.01960784 0.83137255
v 0.00972918 0.00984824 0.00529472 0.08627451 0.01960784 0.83137255
v 0.01066343 -0.01490530 -0.00530041 0.08627451 0.01960784 0.83137255
v 0.01047658 -0.01472629 0.00529472 0.08627451 0.01960784 0.83137255
v 0.00954980 0.00969160 -0.00530041 0.08627451 0.01960784 0.83137255
v 0.00971796 0.00984078 0.00529472 0.08627451 0.01960784 0.83137255
v 0.01047658 -0.01472629 -0.00530041 0.08627451 0.01960784 0.83137255
v 0.01039437 -0.01462435 0.00529472 0.08627451 0.01960784 0.83137255
v 0.00954233 0.00968414 0.00529472 0.08627451 0.01960784 0.83137255
v 0.00954233 0.00968414 -0.00530041 0.08627451 0.01960784 0.83137255
v 0.01039437 -0.01462435 -0.00530041 0.08627451 0.01960784 0.83137255
v 0.01031589 -0.01450750 0.00529472 0.08627451 0.01960784 0.83137255
v 0.00938911 0.00949518 -0.00530041 0.08627451 0.01960784 0.83137255
v 0.00938911 0.00949270 0.00529472 0.08627451 0.01960784 0.83137255
v 0.01032337 -0.01451744 -0.00530041 0.08627451 0.01960784 0.83137255
v 0.01025983 -0.01440556 0.00529472 0.08627451 0.01960784 0.83137255
v 0.01025983 -0.01440556 -0.00530041 0.08627451 0.01960784 0.83137255
v 0.00932184 0.00939076 0.00529472 0.08627451 0.01960784 0.83137255
v 0.00932184 0.00938828 -0.00530041 0.08627451 0.01960784 0.83137255
v 0.01020752 -0.01428870 0.00529472 0.08627451 0.01960784 0.83137255
v 0.01021125 -0.01429865 -0.00530041 0.08627451 0.01960784 0.83137255
v 0.00926578 0.00928137 -0.00530041 0.08627451 0.01960784 0.83137255
v 0.00926578 0.00927888 0.00529472 0.08627451 0.01960784 0.83137255
v 0.01020752 -0.01428870 -0.00530041 0.08627451 0.01960784 0.83137255
v 0.01016267 -0.01416688 0.00529472 0.08627451 0.01960784 0.83137255
v 0.00921720 0.00916700 -0.00530041 0.08627451 0.01960784 0.83137255
v 0.00921720 0.00916700 0.00529472 0.08627451 0.01960784 0.83137255
v 0.01016267 -0.01416688 -0.00530041 0.08627451 0.01960784 0.83137255
v 0.01012904 -0.01403013 0.00529472 0.08627451 0.01960784 0.83137255
v 0.01013278 -0.01405002 -0.00530041 0.08627451 0.01960784 0.83137255
v 0.00917983 0.00905014 -0.00530041 0.08627451 0.01960784 0.83137255
v 0.00917983 0.00905014 0.00529472 0.08627451 0.01960784 0.83137255
v 0.01010662 -0.01390333 0.00529472 0.08627451 0.01960784 0.83137255
v 0.01011035 -0.01392322 -0.00530041 0.08627451 0.01960784 0.83137255
v 0.00914994 0.00893080 -0.00530041 0.08627451 0.01960784 0.83137255
v 0.00914994 0.00893080 0.00529472 0.08627451 0.01960784 0.83137255
v 0.01009914 -0.01378399 0.00529472 0.08627451 0.01960784 0.83137255
v 0.01009914 -0.01379393 -0.00530041 0.08627451 0.01960784 0.83137255
v 0.00913125 0.00881145 -0.00530041 0.08627451 0.01960784 0.83137255
v 0.00913125 0.00880897 0.00529472 0.08627451 0.01960784 0.83137255
v 0.01009167 -0.01364475 -0.00530041 0.08627451 0.01960784 0.83137255
v 0.00960959 -0.00260809 0.00529472 0.08627451 0.01960784 0.83137255
v 0.00912378 0.00868714 -0.00530041 0.08627451 0.01960784 0.83137255
v 0.00912004 0.00868714 0.00529472 0.08627451 0.01960784 0.83137255
v 0.00960959 -0.00260809 -0.00530041 0.08627451 0.01960784 0.83137255
v 0.00912378 0.00853548 0.00529472 0.08627451 0.01960784 0.83137255
v 0.00912378 0.00854045 -0.00530041 0.08627451 0.01960784 0.83137255
f 1463 1464 1467
f 1463 1467 1465
f 1463 1465 1469
f 1463 1469 1466
f 1463 1466 1470
f 1463 1470 1475
f 1463 1475 1479
f 1463 1479 1483
f 1463 1483 1487
f 1463 1487 1491
f 1463 1491 1494
f 1463 1494 1499
f 1463 1499 1503
f 1463 1503 1508
f 1463 1508 1512
f 1463 1512 1517
f 1463 1517 1521
f 1463 1521 1525
f 1463 1525 1529
f 1463 1529 1531
f 1463 1531 1527
f 1463 1527 1522
f 1463 1522 1518
f 1463 1518 1514
f 1463 1514 1510
f 1463 1510 1505
f 1463 1505 1501
f 1463 1501 1497
f 1463 1497 1493
f 1463 1493 1489
f 1463 1489 1485
f 1463 1485 1481
f 1463 1481 1477
f 1463 1477 1472
f 1463 1472 1468
f 1463 1468 1464
f 1464 1468 1471
f 1464 1471 1467
f 1465 1467 1471
f 1465 1471 1476
f 1465 1476 1480
f 1465 1480 1484
f 1465 1484 1488
f 1465 1488 1492
f 1465 1492 1496
f 1465 1496 1500
f 1465 1500 1502
f 1465 1502 1506
f 1465 1506 1509
f 1465 1509 1513
f 1465 1513 1515
f 1465 1515 1519
f 1465 1519 1523
f 1465 1523 1526
f 1465 1526 1530
f 1465 1530 1532
f 1465 1532 1528
f 1465 1528 1524
f 1465 1524 1520
f 1465 1520 1516
f 1465 1516 1511
f 1465 1511 1507
f 1465 1507 1504
f 1465 1504 1498
f 1465 1498 1495
f 1465 1495 1490
f 1465 1490 1486
f 1465 1486 1482
f 1465 1482 1478
f 1465 1478 1474
f 1465 1474 1473
f 1465 1473 1469
f 1466 1469 1473
f 1466 1473 1470
f 1468 1472 1476
f 1468 1476 1471
f 1470 1473 1474
f 1470 1474 1475
f 1472 1477 1480
f 1472 1480 1476
f 1474 1478 1475
f 1475 1478 1479
f 1477 1481 1484
f 1477 1484 1480
f 1478 1482 1479
f 1479 1482 1483
f 1481 1485 1488
f 1481 1488 1484
f 1482 1486 1483
f 1483 1486 1487
f 1485 1489 1492
f 1485 1492 1488
f 1486 1490 1491
f 1486 1491 1487
f 1489 1493 1496
f 1489 1496 1492
f 1490 1494 1491
f 1490 1495 1494
f 1493 1497 1496
f 1494 1495 1498
f 1494 1498 1499
f 1496 1497 1500
f 1497 1501 1502
f 1497 1502 1500
f 1498 1503 1499
f 1498 1504 1503
f 1501 1505 1506
f 1501 1506 1502
f 1503 1504 1507
f 1503 1507 1508
f 1505 1509 1506
f 1505 1510 1513
f 1505 1513 1509
f 1507 1511 1512
f 1507 1512 1508
f 1510 1514 1515
f 1510 1515 1513
f 1511 1516 1517
f 1511 1517 1512
f 1514 1518 1519
f 1514 1519 1515
f 1516 1520 1521
f 1516 1521 1517
f 1518 1522 1523
f 1518 1523 1519
f 1520 1524 1521
f 1521 1524 1525
f 1522 1526 1523
f 1522 1527 1526
f 1524 1528 1529
f 1524 1529 1525
f 1526 1527 1530
f 1527 1531 1530
f 1528 1532 1529
f 1529 1532 1531
f 1530 1531 1532

o geometry_6
v -0.05044221 0.01069970 -0.00530043 0.77647059 0.86666667 0.97647059
v -0.05044221 -0.01521550 -0.00530043 0.77647059 0.86666667 0.97647059
v -0.05044221 0.01069716 0.00529470 0.77647059 0.86666667 0.97647059
v -0.01064495 0.01015626 0.00529470 0.77647059 0.86666667 0.97647059
v -0.01064495 0.01015626 -0.00530043 0.77647059 0.86666667 0.97647059
v -0.05044221 -0.01521550 0.00529470 0.77647059 0.86666667 0.97647059
v -0.05040580 -0.01522312 -0.00530043 0.77647059 0.86666667 0.97647059
v -0.01042248 0.01013848 0.00529470 0.77647059 0.86666667 0.97647059
v -0.01061259 0.01015371 -0.00530043 0.77647059 0.86666667 0.97647059
v -0.05040580 -0.01522312 0.00529470 0.77647059 0.86666667 0.97647059
v -0.05022783 -0.01523836 -0.00530043 0.77647059 0.86666667 0.97647059
v -0.01039821 0.01013594 0.00529470 0.77647059 0.86666667 0.97647059
v -0.01039821 0.01013594 -0.00530043 0.77647059 0.86666667 0.97647059
v -0.05022783 -0.01523836 0.00529470 0.77647059 0.86666667 0.97647059
v -0.05016716 -0.01524344 -0.00530043 0.77647059 0.86666667 0.97647059
v -0.01015957 0.01007753 0.00529470 0.77647059 0.86666667 0.97647059
v -0.01015957 0.01007753 -0.00530043 0.77647059 0.86666667 0.97647059
v -0.05016716 -0.01524344 0.00529470 0.77647059 0.86666667 0.97647059
v -0.01161976 -0.01524344 -0.00530043 0.77647059 0.86666667 0.97647059
v -0.00993710 0.00998103 0.00529470 0.77647059 0.86666667 0.97647059
v -0.00993710 0.00998103 -0.00530043 0.77647059 0.86666667 0.97647059
v -0.01161976 -0.01524344 0.00529470 0.77647059 0.86666667 0.97647059
v -0.01136493 -0.01522058 -0.00530043 0.77647059 0.86666667 0.97647059
v -0.00972677 0.00984898 0.00529470 0.77647059 0.86666667 0.97647059
v -0.00972677 0.00984898 -0.00530043 0.77647059 0.86666667 0.97647059
v -0.01136493 -0.01522058 0.00529470 0.77647059 0.86666667 0.97647059
v -0.01114651 -0.01516472 -0.00530043 0.77647059 0.86666667 0.97647059
v -0.01132448 -0.01521043 0.00529470 0.77647059 0.86666667 0.97647059
v -0.00955284 0.00969153 0.00529470 0.77647059 0.86666667 0.97647059
v -0.00953666 0.00967884 -0.00530043 0.77647059 0.86666667 0.97647059
v -0.01111415 -0.01515456 -0.00530043 0.77647059 0.86666667 0.97647059
v -0.01111415 -0.01515456 0.00529470 0.77647059 0.86666667 0.97647059
v -0.00954475 0.00968391 0.00529470 0.77647059 0.86666667 0.97647059
v -0.00939105 0.00949853 0.00529470 0.77647059 0.86666667 0.97647059
v -0.00938700 0.00949092 -0.00530043 0.77647059 0.86666667 0.97647059
v -0.01090787 -0.01506314 -0.00530043 0.77647059 0.86666667 0.97647059
v -0.01087955 -0.01504790 0.00529470 0.77647059 0.86666667 0.97647059
v -0.00932228 0.00938934 0.00529470 0.77647059 0.86666667 0.97647059
v -0.00932228 0.00938934 -0.00530043 0.77647059 0.86666667 0.97647059
v -0.01087955 -0.01504790 -0.00530043 0.77647059 0.86666667 0.97647059
v -0.01085124 -0.01503012 0.00529470 0.77647059 0.86666667 0.97647059
v -0.00926566 0.00928014 0.00529470 0.77647059 0.86666667 0.97647059
v -0.00926566 0.00928014 -0.00530043 0.77647059 0.86666667 0.97647059
v -0.01068944 -0.01492093 -0.00530043 0.77647059 0.86666667 0.97647059
v -0.01066517 -0.01490315 0.00529470 0.77647059 0.86666667 0.97647059
v -0.00921712 0.00916840 0.00529470 0.77647059 0.86666667 0.97647059
v -0.00921712 0.00916840 -0.00530043 0.77647059 0.86666667 0.97647059
v -0.01066517 -0.01490315 -0.00530043 0.77647059 0.86666667 0.97647059
v -0.01064091 -0.01488284 0.00529470 0.77647059 0.86666667 0.97647059
v -0.00918071 0.00905159 0.00529470 0.77647059 0.86666667 0.97647059
v -0.00918071 0.00905159 -0.00530043 0.77647059 0.86666667 0.97647059
v -0.01049529 -0.01474317 -0.00530043 0.77647059 0.86666667 0.97647059
v -0.01047911 -0.01472539 0.00529470 0.77647059 0.86666667 0.97647059
v -0.00915240 0.00893223 0.00529470 0.77647059 0.86666667 0.97647059
v -0.00915240 0.00893223 -0.00530043 0.77647059 0.86666667 0.97647059
v -0.01047911 -0.01472539 -0.00530043 0.77647059 0.86666667 0.97647059
v -0.01040226 -0.01463397 -0.00530043 0.77647059 0.86666667 0.97647059
v -0.01039821 -0.01462635 0.00529470 0.77647059 0.86666667 0.97647059
v -0.00913218 0.00881034 0.00529470 0.77647059 0.86666667 0.97647059
v -0.00913218 0.00881034 -0.00530043 0.77647059 0.86666667 0.97647059
v -0.01032945 -0.01452731 0.00529470 0.77647059 0.86666667 0.97647059
v -0.01032541 -0.01451715 -0.00530043 0.77647059 0.86666667 0.97647059
v -0.00912004 0.00868845 0.00529470 0.77647059 0.86666667 0.97647059
v -0.00912004 0.00868845 -0.00530043 0.77647059 0.86666667 0.97647059
v -0.01031732 -0.01450700 0.00529470 0.77647059 0.86666667 0.97647059
v -0.01026473 -0.01441557 -0.00530043 0.77647059 0.86666667 0.97647059
v -0.00912409 0.00852846 0.00529470 0.77647059 0.86666667 0.97647059
v -0.00912409 0.00854624 -0.00530043 0.77647059 0.86666667 0.97647059
v -0.01026069 -0.01440542 0.00529470 0.77647059 0.86666667 0.97647059
v -0.01021215 -0.01429876 0.00529470 0.77647059 0.86666667 0.97647059
v -0.01020811 -0.01428860 -0.00530043 0.77647059 0.86666667 0.97647059
v -0.00960947 -0.00260962 0.00529470 0.77647059 0.86666667 0.97647059
v -0.00960947 -0.00260962 -0.00530043 0.77647059 0.86666667 0.97647059
v -0.01020811 -0.01428860 0.00529470 0.77647059 0.86666667 0.97647059
v -0.01020406 -0.01427844 -0.00530043 0.77647059 0.86666667 0.97647059
v -0.01001395 -0.01187357 0.00529470 0.77647059 0.86666667 0.97647059
v -0.01002609 -0.01215799 -0.00530043 0.77647059 0.86666667 0.97647059
v -0.01016361 -0.01416671 0.00529470 0.77647059 0.86666667 0.97647059
v -0.01015957 -0.01415655 -0.00530043 0.77647059 0.86666667 0.97647059
v -0.01009890 -0.01379595 0.00529470 0.77647059 0.86666667 0.97647059
v -0.01009081 -0.01362072 -0.00530043 0.77647059 0.86666667 0.97647059
v -0.01013126 -0.01403973 0.00529470 0.77647059 0.86666667 0.97647059
v -0.01013126 -0.01403973 -0.00530043 0.77647059 0.86666667 0.97647059
v -0.01010699 -0.01390260 -0.00530043 0.77647059 0.86666667 0.97647059
v -0.01009890 -0.01378579 -0.00530043 0.77647059 0.86666667 0.97647059
v -0.01011103 -0.01392292 0.00529470 0.77647059 0.86666667 0.97647059
f 1533 1534 1538
f 1533 1538 1535
f 1533 1535 1536
f 1533 1536 1537
f 1533 1537 1541
f 1533 1541 1545
f 1533 1545 1549
f 1533 1549 1553
f 1533 1553 1557
f 1533 1557 1562
f 1533 1562 1567
f 1533 1567 1571
f 1533 1571 1575
f 1533 1575 1579
f 1533 1579 1583
f 1533 1583 1587
f 1533 1587 1592
f 1533 1592 1596
f 1533 1596 1600
f 1533 1600 1605
f 1533 1605 1609
f 1533 1609 1613
f 1533 1613 1617
f 1533 1617 1616
f 1533 1616 1615
f 1533 1615 1611
f 1533 1611 1607
f 1533 1607 1603
f 1533 1603 1598
f 1533 1598 1594
f 1533 1594 1589
f 1533 1589 1588
f 1533 1588 1584
f 1533 1584 1580
f 1533 1580 1576
f 1533 1576 1572
f 1533 1572 1568
f 1533 1568 1563
f 1533 1563 1559
f 1533 1559 1555
f 1533 1555 1551
f 1533 1551 1547
f 1533 1547 1543
f 1533 1543 1539
f 1533 1539 1534
f 1534 1539 1542
f 1534 1542 1538
f 1535 1538 1542
f 1535 1542 1546
f 1535 1546 1550
f 1535 1550 1554
f 1535 1554 1558
f 1535 1558 1560
f 1535 1560 1564
f 1535 1564 1569
f 1535 1569 1573
f 1535 1573 1577
f 1535 1577 1581
f 1535 1581 1585
f 1535 1585 1590
f 1535 1590 1593
f 1535 1593 1597
f 1535 1597 1601
f 1535 1601 1602
f 1535 1602 1606
f 1535 1606 1610
f 1535 1610 1614
f 1535 1614 1618
f 1535 1618 1612
f 1535 1612 1608
f 1535 1608 1604
f 1535 1604 1599
f 1535 1599 1595
f 1535 1595 1591
f 1535 1591 1586
f 1535 1586 1582
f 1535 1582 1578
f 1535 1578 1574
f 1535 1574 1570
f 1535 1570 1566
f 1535 1566 1565
f 1535 1565 1561
f 1535 1561 1556
f 1535 1556 1552
f 1535 1552 1548
f 1535 1548 1544
f 1535 1544 1540
f 1535 1540 1536
f 1536 1540 1541
f 1536 1541 1537
f 1539 1543 1546
f 1539 1546 1542
f 1540 1544 1545
f 1540 1545 1541
f 1543 1547 1550
f 1543 1550 1546
f 1544 1548 1549
f 1544 1549 1545
f 1547 1551 1554
f 1547 1554 1550
f 1548 1552 1553
f 1548 1553 1549
f 1551 1555 1558
f 1551 1558 1554
f 1552 1556 1557
f 1552 1557 1553
f 1555 1559 1560
f 1555 1560 1558
f 1556 1561 1562
f 1556 1562 1557
f 1559 1563 1564
f 1559 1564 1560
f 1561 1565 1562
f 1562 1565 1566
f 1562 1566 1567
f 1563 1568 1564
f 1564 1568 1569
f 1566 1570 1571
f 1566 1571 1567
f 1568 1572 1569
f 1569 1572 1573
f 1570 1574 1575
f 1570 1575 1571
f 1572 1576 1573
f 1573 1576 1577
f 1574 1578 1579
f 1574 1579 1575
f 1576 1580 1577
f 1577 1580 1581
f 1578 1582 1583
f 1578 1583 1579
f 1580 1584 1581
f 1581 1584 1585
f 1582 1586 1587
f 1582 1587 1583
f 1584 1588 1585
f 1585 1589 1590
f 1585 1588 1589
f 1586 1591 1592
f 1586 1592 1587
f 1589 1593 1590
f 1589 1594 1593
f 1591 1595 1596
f 1591 1596 1592
f 1593 1594 1598
f 1593 1598 1597
f 1595 1599 1596
f 1596 1599 1600
f 1597 1598 1601
f 1598 1602 1601
f 1598 1603 1602
f 1599 1604 1605
f 1599 1605 1600
f 1602 1603 1607
f 1602 1607 1606
f 1604 1608 1609
f 1604 1609 1605
f 1606 1607 1611
f 1606 1611 1610
f 1608 1612 1609
f 1609 1612 1613
f 1610 1611 1614
f 1611 1615 1614
f 1612 1616 1617
f 1612 1617 1613
f 1612 1618 1616
f 1614 1615 1616
f 1614 1616 1618

o geometry_7
v -0.05043723 0.01069971 -0.01102903 0.79607843 0.45882353 0.78039216
v -0.05043723 0.01069971 -0.01117534 0.79607843 0.45882353 0.78039216
v -0.05043723 0.01069717 -0.00530115 0.79607843 0.45882353 0.78039216
v 0.00049524 0.01015626 -0.00683308 0.79607843 0.45882353 0.78039216
v -0.05043723 0.01066670 -0.01144044 0.79607843 0.45882353 0.78039216
v 0.00049524 0.01015626 -0.01117679 0.79607843 0.45882353 0.78039216
v 0.00049524 0.01013341 -0.01143609 0.79607843 0.45882353 0.78039216
v -0.05043723 -0.01521550 -0.00530115 0.79607843 0.45882353 0.78039216
v -0.01064358 0.01015626 -0.00530115 0.79607843 0.45882353 0.78039216
v 0.00049524 0.01013595 -0.00658826 0.79607843 0.45882353 0.78039216
v 0.00049524 0.01014611 -0.00670632 0.79607843 0.45882353 0.78039216
v -0.05043723 0.01057020 -0.01169684 0.79607843 0.45882353 0.78039216
v 0.00049524 0.01009786 -0.01157226 0.79607843 0.45882353 0.78039216
v 0.00049524 0.01006230 -0.01169829 0.79607843 0.45882353 0.78039216
v -0.05040232 -0.01522312 -0.00530115 0.79607843 0.45882353 0.78039216
v -0.05043723 -0.01521550 -0.01117534 0.79607843 0.45882353 0.78039216
v -0.01039927 0.01013595 -0.00530115 0.79607843 0.45882353 0.78039216
v 0.00049524 0.00968392 -0.00573212 0.79607843 0.45882353 0.78039216
v 0.00049524 0.00984899 -0.00591609 0.79607843 0.45882353 0.78039216
v 0.00049524 0.00991756 -0.00602402 0.79607843 0.45882353 0.78039216
v 0.00049524 0.00998104 -0.00612397 0.79607843 0.45882353 0.78039216
v 0.00049524 0.01007754 -0.00634996 0.79607843 0.45882353 0.78039216
v 0.00049524 0.01010802 -0.00647309 0.79607843 0.45882353 0.78039216
v -0.05043723 0.01049909 -0.01180477 0.79607843 0.45882353 0.78039216
v 0.00049524 0.00995311 -0.01193370 0.79607843 0.45882353 0.78039216
v -0.05022781 -0.01523836 -0.00530115 0.79607843 0.45882353 0.78039216
v -0.05040232 -0.01522312 -0.01117534 0.79607843 0.45882353 0.78039216
v -0.05043723 -0.01519519 -0.01139698 0.79607843 0.45882353 0.78039216
v -0.05040232 -0.01520027 -0.01144044 0.79607843 0.45882353 0.78039216
v -0.01015994 0.01007754 -0.00530115 0.79607843 0.45882353 0.78039216
v 0.00049524 0.00868845 -0.00531057 0.79607843 0.45882353 0.78039216
v 0.00049524 0.00874686 -0.00531491 0.79607843 0.45882353 0.78039216
v 0.00049524 0.00881035 -0.00531998 0.79607843 0.45882353 0.78039216
v 0.00049524 0.00892463 -0.00533809 0.79607843 0.45882353 0.78039216
v 0.00049524 0.00893224 -0.00533954 0.79607843 0.45882353 0.78039216
v 0.00049524 0.00905160 -0.00536851 0.79607843 0.45882353 0.78039216
v 0.00049524 0.00910747 -0.00538662 0.79607843 0.45882353 0.78039216
v 0.00049524 0.00916080 -0.00540473 0.79607843 0.45882353 0.78039216
v 0.00049524 0.00922174 -0.00542935 0.79607843 0.45882353 0.78039216
v 0.00049524 0.00927507 -0.00545253 0.79607843 0.45882353 0.78039216
v 0.00049524 0.00933348 -0.00548151 0.79607843 0.45882353 0.78039216
v 0.00049524 0.00938427 -0.00550903 0.79607843 0.45882353 0.78039216
v 0.00049524 0.00944014 -0.00554307 0.79607843 0.45882353 0.78039216
v 0.00049524 0.00948839 -0.00557422 0.79607843 0.45882353 0.78039216
v 0.00049524 0.00959504 -0.00565824 0.79607843 0.45882353 0.78039216
v -0.05043723 0.01041021 -0.01193732 0.79607843 0.45882353 0.78039216
v 0.00049524 0.00979566 -0.01215823 0.79607843 0.45882353 0.78039216
v -0.05016798 -0.01524344 -0.01117534 0.79607843 0.45882353 0.78039216
v -0.05016798 -0.01524344 -0.00530115 0.79607843 0.45882353 0.78039216
v -0.05043723 -0.01519011 -0.01144044 0.79607843 0.45882353 0.78039216
v -0.05043723 -0.01512154 -0.01169684 0.79607843 0.45882353 0.78039216
v -0.05039235 -0.01513170 -0.01169684 0.79607843 0.45882353 0.78039216
v -0.05016798 -0.01514948 -0.01169684 0.79607843 0.45882353 0.78039216
v -0.05016798 -0.01521804 -0.01144044 0.79607843 0.45882353 0.78039216
v -0.00993557 0.00998104 -0.00530115 0.79607843 0.45882353 0.78039216
v 0.00049524 0.00856402 -0.00531057 0.79607843 0.45882353 0.78039216
v -0.00972615 0.00984899 -0.00530115 0.79607843 0.45882353 0.78039216
v -0.00953668 0.00967885 -0.00530115 0.79607843 0.45882353 0.78039216
v -0.00938710 0.00949092 -0.00530115 0.79607843 0.45882353 0.78039216
v -0.00932228 0.00938935 -0.00530115 0.79607843 0.45882353 0.78039216
v -0.00926743 0.00928015 -0.00530115 0.79607843 0.45882353 0.78039216
v -0.00921757 0.00916841 -0.00530115 0.79607843 0.45882353 0.78039216
v -0.00918267 0.00905160 -0.00530115 0.79607843 0.45882353 0.78039216
v -0.00915275 0.00893224 -0.00530115 0.79607843 0.45882353 0.78039216
v -0.00913281 0.00881035 -0.00530115 0.79607843 0.45882353 0.78039216
v -0.00912284 0.00868845 -0.00530115 0.79607843 0.45882353 0.78039216
v -0.05043723 0.01020959 -0.01215534 0.79607843 0.45882353 0.78039216
v 0.00049524 0.00960774 -0.01234511 0.79607843 0.45882353 0.78039216
v -0.03762308 -0.01522312 -0.01140712 0.79607843 0.45882353 0.78039216
v -0.00000336 -0.01524344 -0.01117534 0.79607843 0.45882353 0.78039216
v -0.01162085 -0.01524344 -0.00530115 0.79607843 0.45882353 0.78039216
v -0.05043723 -0.01500473 -0.01193732 0.79607843 0.45882353 0.78039216
v -0.05037241 -0.01502251 -0.01193732 0.79607843 0.45882353 0.78039216
v -0.03762308 -0.01515964 -0.01166497 0.79607843 0.45882353 0.78039216
v -0.05016798 -0.01503774 -0.01193732 0.79607843 0.45882353 0.78039216
v -0.03762308 -0.01513678 -0.01172727 0.79607843 0.45882353 0.78039216
v 0.00049524 -0.01514948 -0.01169829 0.79607843 0.45882353 0.78039216
v -0.02508318 -0.01520281 -0.01150418 0.79607843 0.45882353 0.78039216
v 0.00049524 -0.01522058 -0.01143609 0.79607843 0.45882353 0.78039216
v 0.00049524 -0.01320933 -0.00626159 0.79607843 0.45882353 0.78039216
v -0.00912284 0.00854624 -0.00530115 0.79607843 0.45882353 0.78039216
v -0.01009013 -0.01362072 -0.00530115 0.79607843 0.45882353 0.78039216
v -0.01010011 -0.01378579 -0.00530115 0.79607843 0.45882353 0.78039216
v -0.01011008 -0.01391276 -0.00530115 0.79607843 0.45882353 0.78039216
v -0.01013002 -0.01403973 -0.00530115 0.79607843 0.45882353 0.78039216
v -0.01015994 -0.01415655 -0.00530115 0.79607843 0.45882353 0.78039216
v -0.01020481 -0.01427844 -0.00530115 0.79607843 0.45882353 0.78039216
v -0.01025467 -0.01439526 -0.00530115 0.79607843 0.45882353 0.78039216
v -0.05043723 0.01007754 -0.01226398 0.79607843 0.45882353 0.78039216
v 0.00049524 0.00949854 -0.01242188 0.79607843 0.45882353 0.78039216
v -0.05043723 0.00998104 -0.01234293 0.79607843 0.45882353 0.78039216
v 0.00049524 -0.01523074 -0.01130934 0.79607843 0.45882353 0.78039216
v 0.00049524 -0.01524090 -0.01117679 0.79607843 0.45882353 0.78039216
v 0.00049524 -0.01524344 -0.01103192 0.79607843 0.45882353 0.78039216
v 0.00049524 -0.01524344 -0.00780945 0.79607843 0.45882353 0.78039216
v 0.00049524 -0.01522058 -0.00755159 0.79607843 0.45882353 0.78039216
v 0.00049524 -0.01521804 -0.00754073 0.79607843 0.45882353 0.78039216
v 0.00049524 -0.01515456 -0.00730171 0.79607843 0.45882353 0.78039216
v 0.00049524 -0.01509869 -0.00717785 0.79607843 0.45882353 0.78039216
v 0.00049524 -0.01504790 -0.00706630 0.79607843 0.45882353 0.78039216
v -0.01136158 -0.01522058 -0.00530115 0.79607843 0.45882353 0.78039216
v -0.05043723 -0.01491331 -0.01206769 0.79607843 0.45882353 0.78039216
v -0.05043723 -0.01484982 -0.01215534 0.79607843 0.45882353 0.78039216
v -0.05034748 -0.01487014 -0.01215534 0.79607843 0.45882353 0.78039216
v -0.05016798 -0.01488538 -0.01215534 0.79607843 0.45882353 0.78039216
v -0.01254327 -0.01515964 -0.01166497 0.79607843 0.45882353 0.78039216
v -0.03762308 -0.01505298 -0.01190762 0.79607843 0.45882353 0.78039216
v -0.03762308 -0.01501997 -0.01196484 0.79607843 0.45882353 0.78039216
v 0.00049524 -0.01504028 -0.01193442 0.79607843 0.45882353 0.78039216
v -0.01254327 -0.01513678 -0.01172727 0.79607843 0.45882353 0.78039216
v -0.00000336 -0.01518503 -0.01156864 0.79607843 0.45882353 0.78039216
v 0.00049524 -0.01378579 -0.00628694 0.79607843 0.45882353 0.78039216
v -0.01026464 -0.01441557 -0.00530115 0.79607843 0.45882353 0.78039216
v 0.00049524 0.00939189 -0.01249576 0.79607843 0.45882353 0.78039216
v -0.05043723 0.00971694 -0.01249576 0.79607843 0.45882353 0.78039216
v 0.00049524 -0.01504282 -0.00705689 0.79607843 0.45882353 0.78039216
v -0.01114717 -0.01516471 -0.00530115 0.79607843 0.45882353 0.78039216
v 0.00049524 -0.01490315 -0.00685263 0.79607843 0.45882353 0.78039216
v 0.00049524 -0.01489553 -0.00684394 0.79607843 0.45882353 0.78039216
v 0.00049524 -0.01472539 -0.00666576 0.79607843 0.45882353 0.78039216
v 0.00049524 -0.01462635 -0.00658464 0.79607843 0.45882353 0.78039216
v 0.00049524 -0.01451715 -0.00651220 0.79607843 0.45882353 0.78039216
v 0.00049524 -0.01445874 -0.00647889 0.79607843 0.45882353 0.78039216
v 0.00049524 -0.01440542 -0.00644919 0.79607843 0.45882353 0.78039216
v -0.05043723 -0.01465682 -0.01234293 0.79607843 0.45882353 0.78039216
v -0.05031756 -0.01468476 -0.01234293 0.79607843 0.45882353 0.78039216
v -0.03762308 -0.01490569 -0.01212781 0.79607843 0.45882353 0.78039216
v -0.05016798 -0.01469745 -0.01234293 0.79607843 0.45882353 0.78039216
v -0.02508318 -0.01483966 -0.01220242 0.79607843 0.45882353 0.78039216
v -0.00000336 -0.01488538 -0.01215534 0.79607843 0.45882353 0.78039216
v -0.01254327 -0.01505298 -0.01190762 0.79607843 0.45882353 0.78039216
v -0.01254327 -0.01501997 -0.01196484 0.79607843 0.45882353 0.78039216
v 0.00049524 -0.01495902 -0.01204959 0.79607843 0.45882353 0.78039216
v -0.01254327 -0.01490569 -0.01212781 0.79607843 0.45882353 0.78039216
v 0.00049524 -0.01391276 -0.00629781 0.79607843 0.45882353 0.78039216
v -0.01032448 -0.01451715 -0.00530115 0.79607843 0.45882353 0.78039216
v -0.01039428 -0.01462635 -0.00530115 0.79607843 0.45882353 0.78039216
v -0.01047904 -0.01472539 -0.00530115 0.79607843 0.45882353 0.78039216
v 0.00049524 0.00927253 -0.01255226 0.79607843 0.45882353 0.78039216
v -0.05043723 0.00944521 -0.01260803 0.79607843 0.45882353 0.78039216
v 0.00049524 0.00915572 -0.01260586 0.79607843 0.45882353 0.78039216
v -0.01111227 -0.01515456 -0.00530115 0.79607843 0.45882353 0.78039216
v 0.00049524 -0.01428860 -0.00639559 0.79607843 0.45882353 0.78039216
v -0.05043723 -0.01462127 -0.01236756 0.79607843 0.45882353 0.78039216
v -0.05028764 -0.01447144 -0.01249576 0.79607843 0.45882353 0.78039216
v -0.02508318 -0.01474570 -0.01229585 0.79607843 0.45882353 0.78039216
v -0.05016798 -0.01447906 -0.01249576 0.79607843 0.45882353 0.78039216
v -0.02508318 -0.01464413 -0.01238132 0.79607843 0.45882353 0.78039216
v -0.00000336 -0.01469745 -0.01234293 0.79607843 0.45882353 0.78039216
v -0.00000336 -0.01479141 -0.01224950 0.79607843 0.45882353 0.78039216
v 0.00049524 -0.01488538 -0.01215389 0.79607843 0.45882353 0.78039216
v 0.00049524 -0.01398133 -0.00630940 0.79607843 0.45882353 0.78039216
v -0.01066353 -0.01490315 -0.00530115 0.79607843 0.45882353 0.78039216
v -0.01068846 -0.01492093 -0.00530115 0.79607843 0.45882353 0.78039216
v -0.01087793 -0.01504790 -0.00530115 0.79607843 0.45882353 0.78039216
v -0.05043723 0.00928523 -0.01264714 0.79607843 0.45882353 0.78039216
v -0.00000336 0.00915318 -0.01260803 0.79607843 0.45882353 0.78039216
v 0.00049524 0.00914810 -0.01260876 0.79607843 0.45882353 0.78039216
v 0.00049524 0.00902112 -0.01264280 0.79607843 0.45882353 0.78039216
v 0.00049524 0.00889161 -0.01267684 0.79607843 0.45882353 0.78039216
v -0.01090784 -0.01506314 -0.00530115 0.79607843 0.45882353 0.78039216
v 0.00049524 -0.01416671 -0.00635286 0.79607843 0.45882353 0.78039216
v 0.00049524 -0.01403973 -0.00631954 0.79607843 0.45882353 0.78039216
v -0.05043723 -0.01456032 -0.01240957 0.79607843 0.45882353 0.78039216
v -0.05040232 -0.01444351 -0.01249576 0.79607843 0.45882353 0.78039216
v -0.05032753 -0.01421496 -0.01260803 0.79607843 0.45882353 0.78039216
v -0.05024775 -0.01423273 -0.01260803 0.79607843 0.45882353 0.78039216
v -0.05016798 -0.01424035 -0.01260803 0.79607843 0.45882353 0.78039216
v -0.01254327 -0.01456286 -0.01243854 0.79607843 0.45882353 0.78039216
v -0.03762308 -0.01445113 -0.01250952 0.79607843 0.45882353 0.78039216
v 0.00049524 -0.01447906 -0.01249576 0.79607843 0.45882353 0.78039216
v 0.00049524 -0.01459080 -0.01241826 0.79607843 0.45882353 0.78039216
v 0.00049524 -0.01469745 -0.01234221 0.79607843 0.45882353 0.78039216
v -0.05043723 0.00916334 -0.01267684 0.79607843 0.45882353 0.78039216
v 0.00049524 0.00875956 -0.01268843 0.79607843 0.45882353 0.78039216
v -0.05043723 -0.01442827 -0.01249576 0.79607843 0.45882353 0.78039216
v -0.05028764 -0.01395339 -0.01267684 0.79607843 0.45882353 0.78039216
v -0.05024775 -0.01396863 -0.01267684 0.79607843 0.45882353 0.78039216
v -0.05020787 -0.01397879 -0.01267684 0.79607843 0.45882353 0.78039216
v -0.05040232 -0.01418194 -0.01260803 0.79607843 0.45882353 0.78039216
v -0.05016798 -0.01398387 -0.01267684 0.79607843 0.45882353 0.78039216
v -0.00000336 -0.01424035 -0.01260803 0.79607843 0.45882353 0.78039216
v -0.01254327 -0.01445113 -0.01250952 0.79607843 0.45882353 0.78039216
v 0.00049524 -0.01424289 -0.01260586 0.79607843 0.45882353 0.78039216
v -0.05043723 0.00887384 -0.01270002 0.79607843 0.45882353 0.78039216
v 0.00049524 0.00863259 -0.01269929 0.79607843 0.45882353 0.78039216
v -0.05043723 -0.01425559 -0.01256964 0.79607843 0.45882353 0.78039216
v -0.05032255 -0.01393308 -0.01267684 0.79607843 0.45882353 0.78039216
v -0.05016798 -0.01371722 -0.01270002 0.79607843 0.45882353 0.78039216
v -0.05043723 -0.01420988 -0.01258847 0.79607843 0.45882353 0.78039216
v -0.05043723 -0.01415909 -0.01260803 0.79607843 0.45882353 0.78039216
v -0.03762308 -0.01388483 -0.01268553 0.79607843 0.45882353 0.78039216
v -0.03762308 -0.01398387 -0.01267684 0.79607843 0.45882353 0.78039216
v 0.00049524 -0.01411338 -0.01264207 0.79607843 0.45882353 0.78039216
v 0.00049524 -0.01423527 -0.01260876 0.79607843 0.45882353 0.78039216
v -0.02463942 0.00863005 -0.01270002 0.79607843 0.45882353 0.78039216
v -0.05043723 -0.00927316 -0.01270002 0.79607843 0.45882353 0.78039216
v 0.00049524 -0.01371976 -0.01269929 0.79607843 0.45882353 0.78039216
v -0.02441505 0.00304323 -0.01270002 0.79607843 0.45882353 0.78039216
v -0.05043723 -0.01409560 -0.01262252 0.79607843 0.45882353 0.78039216
v -0.05043723 -0.01401688 -0.01263845 0.79607843 0.45882353 0.78039216
v -0.05035246 -0.01390514 -0.01267684 0.79607843 0.45882353 0.78039216
v -0.05043723 -0.01344804 -0.01269929 0.79607843 0.45882353 0.78039216
v -0.02508318 -0.01371722 -0.01270002 0.79607843 0.45882353 0.78039216
v -0.01254327 -0.01388483 -0.01268553 0.79607843 0.45882353 0.78039216
v -0.01254327 -0.01395085 -0.01267974 0.79607843 0.45882353 0.78039216
v 0.00049524 -0.01398387 -0.01267612 0.79607843 0.45882353 0.78039216
v -0.05043723 -0.01399148 -0.01264352 0.79607843 0.45882353 0.78039216
v -0.05043723 -0.01382388 -0.01267612 0.79607843 0.45882353 0.78039216
f 1619 1620 1623
f 1619 1623 1630
f 1619 1630 1642
f 1619 1642 1664
f 1619 1664 1685
f 1619 1685 1707
f 1619 1707 1709
f 1619 1709 1733
f 1619 1733 1758
f 1619 1758 1774
f 1619 1774 1792
f 1619 1792 1803
f 1619 1803 1815
f 1619 1815 1821
f 1619 1821 1827
f 1619 1827 1826
f 1619 1826 1819
f 1619 1819 1818
f 1619 1818 1809
f 1619 1809 1808
f 1619 1808 1805
f 1619 1805 1794
f 1619 1794 1782
f 1619 1782 1762
f 1619 1762 1743
f 1619 1743 1721
f 1619 1721 1720
f 1619 1720 1690
f 1619 1690 1669
f 1619 1669 1668
f 1619 1668 1646
f 1619 1646 1634
f 1619 1634 1626
f 1619 1626 1621
f 1619 1621 1622
f 1619 1622 1624
f 1619 1624 1620
f 1620 1624 1625
f 1620 1625 1623
f 1621 1626 1633
f 1621 1633 1644
f 1621 1644 1667
f 1621 1667 1689
f 1621 1689 1719
f 1621 1719 1735
f 1621 1735 1760
f 1621 1760 1779
f 1621 1779 1773
f 1621 1773 1772
f 1621 1772 1771
f 1621 1771 1756
f 1621 1756 1755
f 1621 1755 1754
f 1621 1754 1731
f 1621 1731 1706
f 1621 1706 1705
f 1621 1705 1704
f 1621 1704 1703
f 1621 1703 1702
f 1621 1702 1701
f 1621 1701 1700
f 1621 1700 1699
f 1621 1699 1684
f 1621 1684 1683
f 1621 1683 1682
f 1621 1682 1681
f 1621 1681 1680
f 1621 1680 1679
f 1621 1679 1678
f 1621 1678 1677
f 1621 1677 1676
f 1621 1676 1675
f 1621 1675 1673
f 1621 1673 1648
f 1621 1648 1635
f 1621 1635 1627
f 1621 1627 1628
f 1621 1628 1629
f 1621 1629 1622
f 1622 1629 1628
f 1622 1628 1641
f 1622 1641 1640
f 1622 1640 1639
f 1622 1639 1638
f 1622 1638 1637
f 1622 1637 1636
f 1622 1636 1663
f 1622 1663 1662
f 1622 1662 1661
f 1622 1661 1660
f 1622 1660 1659
f 1622 1659 1658
f 1622 1658 1657
f 1622 1657 1656
f 1622 1656 1655
f 1622 1655 1654
f 1622 1654 1653
f 1622 1653 1652
f 1622 1652 1651
f 1622 1651 1650
f 1622 1650 1649
f 1622 1649 1674
f 1622 1674 1698
f 1622 1698 1730
f 1622 1730 1753
f 1622 1753 1770
f 1622 1770 1781
f 1622 1781 1780
f 1622 1780 1761
f 1622 1761 1742
f 1622 1742 1741
f 1622 1741 1740
f 1622 1740 1739
f 1622 1739 1738
f 1622 1738 1737
f 1622 1737 1736
f 1622 1736 1734
f 1622 1734 1718
f 1622 1718 1717
f 1622 1717 1716
f 1622 1716 1715
f 1622 1715 1714
f 1622 1714 1713
f 1622 1713 1712
f 1622 1712 1711
f 1622 1711 1710
f 1622 1710 1697
f 1622 1697 1695
f 1622 1695 1727
f 1622 1727 1751
f 1622 1751 1769
f 1622 1769 1791
f 1622 1791 1790
f 1622 1790 1789
f 1622 1789 1802
f 1622 1802 1813
f 1622 1813 1812
f 1622 1812 1825
f 1622 1825 1816
f 1622 1816 1804
f 1622 1804 1793
f 1622 1793 1778
f 1622 1778 1777
f 1622 1777 1776
f 1622 1776 1759
f 1622 1759 1757
f 1622 1757 1732
f 1622 1732 1708
f 1622 1708 1686
f 1622 1686 1665
f 1622 1665 1643
f 1622 1643 1632
f 1622 1632 1631
f 1622 1631 1625
f 1622 1625 1624
f 1623 1625 1631
f 1623 1631 1632
f 1623 1632 1630
f 1626 1634 1645
f 1626 1645 1633
f 1627 1635 1636
f 1627 1636 1637
f 1627 1637 1638
f 1627 1638 1639
f 1627 1639 1640
f 1627 1640 1641
f 1627 1641 1628
f 1630 1632 1643
f 1630 1643 1642
f 1633 1645 1644
f 1634 1646 1647
f 1634 1647 1645
f 1635 1648 1649
f 1635 1649 1650
f 1635 1650 1651
f 1635 1651 1652
f 1635 1652 1653
f 1635 1653 1654
f 1635 1654 1655
f 1635 1655 1656
f 1635 1656 1657
f 1635 1657 1658
f 1635 1658 1659
f 1635 1659 1660
f 1635 1660 1661
f 1635 1661 1662
f 1635 1662 1663
f 1635 1663 1636
f 1642 1643 1664
f 1643 1665 1664
f 1644 1666 1667
f 1644 1645 1666
f 1645 1647 1666
f 1646 1668 1647
f 1647 1668 1669
f 1647 1669 1670
f 1647 1670 1671
f 1647 1671 1672
f 1647 1672 1666
f 1648 1673 1649
f 1649 1673 1675
f 1649 1675 1676
f 1649 1676 1677
f 1649 1677 1678
f 1649 1678 1679
f 1649 1679 1680
f 1649 1680 1681
f 1649 1681 1682
f 1649 1682 1683
f 1649 1683 1684
f 1649 1684 1699
f 1649 1699 1674
f 1664 1665 1685
f 1665 1686 1685
f 1666 1672 1687
f 1666 1687 1697
f 1666 1697 1688
f 1666 1688 1712
f 1666 1712 1713
f 1666 1713 1689
f 1666 1689 1667
f 1669 1690 1691
f 1669 1691 1670
f 1670 1691 1671
f 1671 1692 1672
f 1671 1691 1693
f 1671 1693 1725
f 1671 1725 1694
f 1671 1694 1695
f 1671 1695 1692
f 1672 1692 1696
f 1672 1696 1697
f 1672 1697 1687
f 1674 1699 1700
f 1674 1700 1701
f 1674 1701 1702
f 1674 1702 1703
f 1674 1703 1704
f 1674 1704 1705
f 1674 1705 1706
f 1674 1706 1698
f 1685 1686 1707
f 1686 1708 1709
f 1686 1709 1707
f 1688 1697 1710
f 1688 1710 1711
f 1688 1711 1712
f 1689 1713 1714
f 1689 1714 1715
f 1689 1715 1716
f 1689 1716 1717
f 1689 1717 1718
f 1689 1718 1719
f 1690 1720 1691
f 1691 1720 1721
f 1691 1721 1722
f 1691 1722 1723
f 1691 1723 1693
f 1692 1695 1724
f 1692 1724 1696
f 1693 1723 1726
f 1693 1726 1727
f 1693 1727 1725
f 1694 1725 1749
f 1694 1749 1728
f 1694 1728 1695
f 1695 1697 1729
f 1695 1729 1724
f 1695 1728 1727
f 1696 1724 1697
f 1697 1724 1729
f 1698 1706 1730
f 1706 1731 1730
f 1708 1732 1709
f 1709 1732 1733
f 1718 1734 1719
f 1719 1734 1736
f 1719 1736 1737
f 1719 1737 1738
f 1719 1738 1739
f 1719 1739 1740
f 1719 1740 1741
f 1719 1741 1742
f 1719 1742 1735
f 1721 1743 1744
f 1721 1744 1722
f 1722 1744 1746
f 1722 1746 1723
f 1723 1745 1726
f 1723 1746 1747
f 1723 1747 1748
f 1723 1748 1752
f 1723 1752 1745
f 1725 1727 1749
f 1726 1745 1752
f 1726 1752 1750
f 1726 1750 1727
f 1727 1748 1751
f 1727 1728 1749
f 1727 1750 1752
f 1727 1752 1748
f 1730 1731 1754
f 1730 1754 1755
f 1730 1755 1756
f 1730 1756 1753
f 1732 1757 1733
f 1733 1757 1759
f 1733 1759 1758
f 1735 1742 1761
f 1735 1761 1760
f 1743 1762 1763
f 1743 1763 1744
f 1744 1763 1746
f 1746 1764 1747
f 1746 1763 1765
f 1746 1765 1766
f 1746 1766 1767
f 1746 1767 1764
f 1747 1764 1767
f 1747 1767 1768
f 1747 1768 1748
f 1748 1768 1791
f 1748 1791 1769
f 1748 1769 1751
f 1753 1756 1771
f 1753 1771 1772
f 1753 1772 1773
f 1753 1773 1770
f 1758 1759 1775
f 1758 1775 1776
f 1758 1776 1777
f 1758 1777 1778
f 1758 1778 1774
f 1759 1776 1775
f 1760 1761 1780
f 1760 1780 1781
f 1760 1781 1779
f 1762 1782 1763
f 1763 1782 1783
f 1763 1783 1784
f 1763 1784 1785
f 1763 1785 1786
f 1763 1786 1765
f 1765 1787 1766
f 1765 1786 1788
f 1765 1788 1801
f 1765 1801 1789
f 1765 1789 1787
f 1766 1787 1767
f 1767 1790 1791
f 1767 1791 1768
f 1767 1787 1790
f 1770 1773 1781
f 1773 1779 1781
f 1774 1778 1792
f 1778 1793 1792
f 1782 1794 1783
f 1783 1794 1784
f 1784 1795 1796
f 1784 1796 1797
f 1784 1797 1785
f 1784 1794 1798
f 1784 1798 1795
f 1785 1797 1799
f 1785 1799 1786
f 1786 1799 1811
f 1786 1811 1800
f 1786 1800 1801
f 1786 1801 1788
f 1787 1789 1790
f 1789 1800 1802
f 1789 1801 1800
f 1792 1793 1804
f 1792 1804 1803
f 1794 1805 1798
f 1795 1798 1806
f 1795 1806 1807
f 1795 1807 1796
f 1796 1807 1797
f 1797 1807 1799
f 1798 1805 1808
f 1798 1808 1809
f 1798 1809 1806
f 1799 1807 1810
f 1799 1810 1823
f 1799 1823 1824
f 1799 1824 1811
f 1800 1812 1813
f 1800 1813 1802
f 1800 1811 1812
f 1803 1814 1817
f 1803 1817 1822
f 1803 1822 1807
f 1803 1807 1815
f 1803 1804 1814
f 1804 1816 1817
f 1804 1817 1814
f 1806 1809 1818
f 1806 1818 1819
f 1806 1819 1820
f 1806 1820 1807
f 1807 1820 1821
f 1807 1821 1815
f 1807 1822 1823
f 1807 1823 1810
f 1811 1824 1825
f 1811 1825 1812
f 1816 1825 1824
f 1816 1824 1823
f 1816 1823 1822
f 1816 1822 1817
f 1819 1826 1820
f 1820 1826 1827
f 1820 1827 1821

o geometry_8
v 0.04729758 0.01015654 -0.00530041 0.11764706 0.63921569 0.14117647
v 0.04729758 -0.01524344 -0.00530041 0.11764706 0.63921569 0.14117647
v 0.04729758 0.01015654 -0.01103190 0.11764706 0.63921569 0.14117647
v 0.01064736 0.01015654 -0.00530041 0.11764706 0.63921569 0.14117647
v 0.04729758 -0.01524344 -0.01117532 0.11764706 0.63921569 0.14117647
v 0.01162317 -0.01524344 -0.00530041 0.11764706 0.63921569 0.14117647
v 0.04729758 0.01015405 -0.01120212 0.11764706 0.63921569 0.14117647
v 0.03695305 0.01015654 -0.01117532 0.11764706 0.63921569 0.14117647
v 0.00049524 0.01015654 -0.00683306 0.11764706 0.63921569 0.14117647
v 0.00049524 0.01013665 -0.00658824 0.11764706 0.63921569 0.14117647
v 0.00049524 0.01007698 -0.00634994 0.11764706 0.63921569 0.14117647
v 0.00049524 0.01002725 -0.00623260 0.11764706 0.63921569 0.14117647
v 0.00049524 0.00998001 -0.00612395 0.11764706 0.63921569 0.14117647
v 0.00049524 0.00991786 -0.00602400 0.11764706 0.63921569 0.14117647
v 0.00049524 0.00984824 -0.00591607 0.11764706 0.63921569 0.14117647
v 0.01039997 0.01013665 -0.00530041 0.11764706 0.63921569 0.14117647
v 0.02508296 -0.01522604 -0.01137378 0.11764706 0.63921569 0.14117647
v 0.03762650 -0.01522852 -0.01134119 0.11764706 0.63921569 0.14117647
v 0.04729758 -0.01522106 -0.01141724 0.11764706 0.63921569 0.14117647
v 0.01254401 -0.01524344 -0.01117532 0.11764706 0.63921569 0.14117647
v 0.01136204 -0.01522106 -0.00530041 0.11764706 0.63921569 0.14117647
v 0.00049524 -0.01515642 -0.00730169 0.11764706 0.63921569 0.14117647
v 0.00049524 -0.01521858 -0.00754071 0.11764706 0.63921569 0.14117647
v 0.00049524 -0.01522106 -0.00755158 0.11764706 0.63921569 0.14117647
v 0.00049524 -0.01524344 -0.00780943 0.11764706 0.63921569 0.14117647
v 0.04729758 0.01013416 -0.01142448 0.11764706 0.63921569 0.14117647
v 0.02463400 0.01013914 -0.01137378 0.11764706 0.63921569 0.14117647
v 0.01231952 0.01015654 -0.01117532 0.11764706 0.63921569 0.14117647
v 0.00049524 0.01015654 -0.01112027 0.11764706 0.63921569 0.14117647
v 0.00049524 0.00977116 -0.00582843 0.11764706 0.63921569 0.14117647
v 0.01018007 0.01008195 -0.00530041 0.11764706 0.63921569 0.14117647
v 0.00049524 0.00968414 -0.00573282 0.11764706 0.63921569 0.14117647
v 0.00049524 0.00959464 -0.00565822 0.11764706 0.63921569 0.14117647
v 0.00049524 0.00948773 -0.00557420 0.11764706 0.63921569 0.14117647
v 0.00049524 0.00944049 -0.00554305 0.11764706 0.63921569 0.14117647
v 0.00049524 0.00938579 -0.00550901 0.11764706 0.63921569 0.14117647
v 0.00049524 0.00933358 -0.00548149 0.11764706 0.63921569 0.14117647
v 0.00049524 0.00927639 -0.00545251 0.11764706 0.63921569 0.14117647
v 0.00049524 0.00922169 -0.00542934 0.11764706 0.63921569 0.14117647
v 0.00049524 0.00916202 -0.00540471 0.11764706 0.63921569 0.14117647
v 0.00049524 0.00910732 -0.00538660 0.11764706 0.63921569 0.14117647
v 0.00049524 0.00905014 -0.00536849 0.11764706 0.63921569 0.14117647
v 0.00049524 0.00904517 -0.00536704 0.11764706 0.63921569 0.14117647
v 0.00049524 0.00892582 -0.00533807 0.11764706 0.63921569 0.14117647
v 0.00049524 0.00881145 -0.00531996 0.11764706 0.63921569 0.14117647
v 0.00049524 0.00874681 -0.00531489 0.11764706 0.63921569 0.14117647
v 0.00049524 0.00868714 -0.00531055 0.11764706 0.63921569 0.14117647
v 0.04729758 -0.01521858 -0.01144042 0.11764706 0.63921569 0.14117647
v 0.00049524 -0.01523101 -0.01130932 0.11764706 0.63921569 0.14117647
v 0.00049524 -0.01521858 -0.01144404 0.11764706 0.63921569 0.14117647
v 0.00049524 -0.01524344 -0.01103190 0.11764706 0.63921569 0.14117647
v 0.00049524 -0.01524095 -0.01117677 0.11764706 0.63921569 0.14117647
v 0.01111465 -0.01515642 -0.00530041 0.11764706 0.63921569 0.14117647
v 0.00049524 -0.01451744 -0.00651219 0.11764706 0.63921569 0.14117647
v 0.00049524 -0.01457463 -0.00654985 0.11764706 0.63921569 0.14117647
v 0.00049524 -0.01462435 -0.00658462 0.11764706 0.63921569 0.14117647
v 0.00049524 -0.01472629 -0.00666574 0.11764706 0.63921569 0.14117647
v 0.00049524 -0.01490530 -0.00685261 0.11764706 0.63921569 0.14117647
v 0.00049524 -0.01504951 -0.00706629 0.11764706 0.63921569 0.14117647
v 0.04729758 0.01013168 -0.01144549 0.11764706 0.63921569 0.14117647
v 0.00049524 0.01013168 -0.01144404 0.11764706 0.63921569 0.14117647
v 0.00049524 0.01014411 -0.01130932 0.11764706 0.63921569 0.14117647
v 0.00049524 0.01015405 -0.01117677 0.11764706 0.63921569 0.14117647
v 0.01016174 0.01007698 -0.00530041 0.11764706 0.63921569 0.14117647
v 0.00049524 0.00856531 -0.00531055 0.11764706 0.63921569 0.14117647
v 0.00912179 0.00868714 -0.00530041 0.11764706 0.63921569 0.14117647
v 0.00913095 0.00881145 -0.00530041 0.11764706 0.63921569 0.14117647
v 0.00914928 0.00893080 -0.00530041 0.11764706 0.63921569 0.14117647
v 0.00918135 0.00905014 -0.00530041 0.11764706 0.63921569 0.14117647
v 0.00921800 0.00916700 -0.00530041 0.11764706 0.63921569 0.14117647
v 0.00926839 0.00928137 -0.00530041 0.11764706 0.63921569 0.14117647
v 0.00932337 0.00938828 -0.00530041 0.11764706 0.63921569 0.14117647
v 0.00938751 0.00949518 -0.00530041 0.11764706 0.63921569 0.14117647
v 0.00954327 0.00968414 -0.00530041 0.11764706 0.63921569 0.14117647
v 0.00972652 0.00984824 -0.00530041 0.11764706 0.63921569 0.14117647
v 0.00993726 0.00998001 -0.00530041 0.11764706 0.63921569 0.14117647
v 0.00995100 0.00998747 -0.00530041 0.11764706 0.63921569 0.14117647
v 0.04729758 -0.01521360 -0.01146215 0.11764706 0.63921569 0.14117647
v 0.00049524 -0.01518377 -0.01157224 0.11764706 0.63921569 0.14117647
v 0.01254401 -0.01515145 -0.01169683 0.11764706 0.63921569 0.14117647
v 0.01254401 -0.01521112 -0.01147229 0.11764706 0.63921569 0.14117647
v 0.03762650 -0.01521112 -0.01147229 0.11764706 0.63921569 0.14117647
v 0.01087642 -0.01504951 -0.00530041 0.11764706 0.63921569 0.14117647
v 0.00049524 -0.01416688 -0.00635284 0.11764706 0.63921569 0.14117647
v 0.00049524 -0.01428870 -0.00639557 0.11764706 0.63921569 0.14117647
v 0.00049524 -0.01440556 -0.00644917 0.11764706 0.63921569 0.14117647
v 0.04729758 0.01012919 -0.01145563 0.11764706 0.63921569 0.14117647
v 0.01231952 0.01006455 -0.01169683 0.11764706 0.63921569 0.14117647
v 0.00049524 0.01009687 -0.01157224 0.11764706 0.63921569 0.14117647
v 0.00049524 -0.01320965 -0.00626157 0.11764706 0.63921569 0.14117647
v 0.01020755 -0.01428870 -0.00530041 0.11764706 0.63921569 0.14117647
v 0.01020297 -0.01427627 -0.00530041 0.11764706 0.63921569 0.14117647
v 0.01016632 -0.01416688 -0.00530041 0.11764706 0.63921569 0.14117647
v 0.01012967 -0.01404007 -0.00530041 0.11764706 0.63921569 0.14117647
v 0.01011135 -0.01392322 -0.00530041 0.11764706 0.63921569 0.14117647
v 0.01009760 -0.01379393 -0.00530041 0.11764706 0.63921569 0.14117647
v 0.00912179 0.00854045 -0.00530041 0.11764706 0.63921569 0.14117647
v 0.04729758 -0.01515145 -0.01169683 0.11764706 0.63921569 0.14117647
v 0.00049524 -0.01514896 -0.01169827 0.11764706 0.63921569 0.14117647
v 0.01254401 -0.01510918 -0.01178736 0.11764706 0.63921569 0.14117647
v 0.00049524 -0.01509675 -0.01181344 0.11764706 0.63921569 0.14117647
v 0.01066568 -0.01490530 -0.00530041 0.11764706 0.63921569 0.14117647
v 0.00049524 -0.01391327 -0.00629779 0.11764706 0.63921569 0.14117647
v 0.00049524 -0.01404007 -0.00631952 0.11764706 0.63921569 0.14117647
v 0.00049524 -0.01410720 -0.00633690 0.11764706 0.63921569 0.14117647
v 0.04729758 0.01006206 -0.01170190 0.11764706 0.63921569 0.14117647
v 0.03695305 0.01006455 -0.01169683 0.11764706 0.63921569 0.14117647
v 0.01231952 0.01002228 -0.01178736 0.11764706 0.63921569 0.14117647
v 0.00049524 0.01000736 -0.01181851 0.11764706 0.63921569 0.14117647
v 0.00049524 0.01006206 -0.01169827 0.11764706 0.63921569 0.14117647
v 0.00049524 -0.01378399 -0.00628692 0.11764706 0.63921569 0.14117647
v 0.01021214 -0.01429865 -0.00530041 0.11764706 0.63921569 0.14117647
v 0.04729758 -0.01504205 -0.01193078 0.11764706 0.63921569 0.14117647
v 0.00049524 -0.01503956 -0.01193440 0.11764706 0.63921569 0.14117647
v 0.01047785 -0.01472629 -0.00530041 0.11764706 0.63921569 0.14117647
v 0.01039539 -0.01462435 -0.00530041 0.11764706 0.63921569 0.14117647
v 0.04729758 0.00995764 -0.01192281 0.11764706 0.63921569 0.14117647
v 0.02463400 0.00998001 -0.01187718 0.11764706 0.63921569 0.14117647
v 0.00049524 0.00995266 -0.01193368 0.11764706 0.63921569 0.14117647
v 0.01032209 -0.01451744 -0.00530041 0.11764706 0.63921569 0.14117647
v 0.01026711 -0.01441550 -0.00530041 0.11764706 0.63921569 0.14117647
v 0.04729758 -0.01503459 -0.01194382 0.11764706 0.63921569 0.14117647
v 0.00049524 -0.01496000 -0.01204957 0.11764706 0.63921569 0.14117647
v 0.01254401 -0.01501967 -0.01196482 0.11764706 0.63921569 0.14117647
v 0.04729758 0.00995266 -0.01193295 0.11764706 0.63921569 0.14117647
v 0.01231952 0.00993277 -0.01196482 0.11764706 0.63921569 0.14117647
v 0.00049524 0.00987310 -0.01204957 0.11764706 0.63921569 0.14117647
v 0.04729758 0.00994769 -0.01194237 0.11764706 0.63921569 0.14117647
v 0.04729758 0.00994272 -0.01195106 0.11764706 0.63921569 0.14117647
v 0.03762650 -0.01490530 -0.01212779 0.11764706 0.63921569 0.14117647
v 0.04729758 -0.01490779 -0.01212417 0.11764706 0.63921569 0.14117647
v 0.01254401 -0.01490530 -0.01212779 0.11764706 0.63921569 0.14117647
v 0.00049524 -0.01488541 -0.01215387 0.11764706 0.63921569 0.14117647
v 0.01231952 0.00981840 -0.01212779 0.11764706 0.63921569 0.14117647
v 0.00049524 0.00979603 -0.01215821 0.11764706 0.63921569 0.14117647
v 0.04729758 0.00979603 -0.01215894 0.11764706 0.63921569 0.14117647
v 0.03695305 0.00981840 -0.01212779 0.11764706 0.63921569 0.14117647
v 0.04729758 -0.01488541 -0.01215532 0.11764706 0.63921569 0.14117647
v 0.01254401 -0.01488541 -0.01215532 0.11764706 0.63921569 0.14117647
v 0.00049524 -0.01479342 -0.01224803 0.11764706 0.63921569 0.14117647
v 0.01254401 -0.01486304 -0.01217849 0.11764706 0.63921569 0.14117647
v 0.01231952 0.00979851 -0.01215532 0.11764706 0.63921569 0.14117647
v 0.00049524 0.00960707 -0.01234509 0.11764706 0.63921569 0.14117647
v 0.01231952 0.00977614 -0.01217849 0.11764706 0.63921569 0.14117647
v 0.01231952 0.00961204 -0.01234291 0.11764706 0.63921569 0.14117647
v 0.04729758 0.00961453 -0.01233929 0.11764706 0.63921569 0.14117647
v 0.03695305 0.00961204 -0.01234291 0.11764706 0.63921569 0.14117647
v 0.04729758 -0.01487050 -0.01217125 0.11764706 0.63921569 0.14117647
v 0.00049524 -0.01469894 -0.01234219 0.11764706 0.63921569 0.14117647
v 0.01254401 -0.01469894 -0.01234291 0.11764706 0.63921569 0.14117647
v 0.00049524 0.00939325 -0.01249574 0.11764706 0.63921569 0.14117647
v 0.01231952 0.00958469 -0.01236247 0.11764706 0.63921569 0.14117647
v 0.04729758 0.00960707 -0.01234581 0.11764706 0.63921569 0.14117647
v 0.03695305 0.00958469 -0.01236247 0.11764706 0.63921569 0.14117647
v 0.03762650 -0.01469894 -0.01234291 0.11764706 0.63921569 0.14117647
v 0.04729758 -0.01470391 -0.01233784 0.11764706 0.63921569 0.14117647
v 0.00049524 -0.01448015 -0.01249574 0.11764706 0.63921569 0.14117647
v 0.01254401 -0.01467159 -0.01236247 0.11764706 0.63921569 0.14117647
v 0.01231952 0.00930374 -0.01253775 0.11764706 0.63921569 0.14117647
v 0.00049524 0.00915705 -0.01260584 0.11764706 0.63921569 0.14117647
v 0.03695305 0.00939325 -0.01249574 0.11764706 0.63921569 0.14117647
v 0.04729758 0.00939822 -0.01249212 0.11764706 0.63921569 0.14117647
v 0.03762650 -0.01467159 -0.01236247 0.11764706 0.63921569 0.14117647
v 0.04729758 -0.01469148 -0.01234726 0.11764706 0.63921569 0.14117647
v 0.00049524 -0.01424395 -0.01260584 0.11764706 0.63921569 0.14117647
v 0.01254401 -0.01439064 -0.01253775 0.11764706 0.63921569 0.14117647
v 0.03762650 -0.01448015 -0.01249574 0.11764706 0.63921569 0.14117647
v 0.04729758 -0.01448761 -0.01249140 0.11764706 0.63921569 0.14117647
v 0.03695305 0.00924407 -0.01256528 0.11764706 0.63921569 0.14117647
v 0.03695305 0.00915208 -0.01260801 0.11764706 0.63921569 0.14117647
v 0.00049524 0.00914959 -0.01260874 0.11764706 0.63921569 0.14117647
v 0.01231952 0.00915208 -0.01260801 0.11764706 0.63921569 0.14117647
v 0.04729758 0.00938828 -0.01249792 0.11764706 0.63921569 0.14117647
v 0.00049524 -0.01423649 -0.01260874 0.11764706 0.63921569 0.14117647
v 0.01254401 -0.01423898 -0.01260801 0.11764706 0.63921569 0.14117647
v 0.04729758 -0.01423898 -0.01260801 0.11764706 0.63921569 0.14117647
v 0.03762650 -0.01433097 -0.01256528 0.11764706 0.63921569 0.14117647
v 0.04729758 -0.01444534 -0.01251168 0.11764706 0.63921569 0.14117647
v 0.04729758 -0.01447269 -0.01249864 0.11764706 0.63921569 0.14117647
v 0.04729758 0.00916700 -0.01260077 0.11764706 0.63921569 0.14117647
v 0.04729758 0.00915705 -0.01260512 0.11764706 0.63921569 0.14117647
v 0.04729758 0.00914710 -0.01260874 0.11764706 0.63921569 0.14117647
v 0.04729758 0.00913716 -0.01261163 0.11764706 0.63921569 0.14117647
v 0.04729758 0.00890096 -0.01267537 0.11764706 0.63921569 0.14117647
v 0.03695305 0.00892831 -0.01266813 0.11764706 0.63921569 0.14117647
v 0.00049524 0.00889102 -0.01267682 0.11764706 0.63921569 0.14117647
v 0.02463400 0.00889599 -0.01267682 0.11764706 0.63921569 0.14117647
v 0.01231952 0.00889599 -0.01267682 0.11764706 0.63921569 0.14117647
v 0.00049524 -0.01411218 -0.01264205 0.11764706 0.63921569 0.14117647
v 0.01254401 -0.01398289 -0.01267682 0.11764706 0.63921569 0.14117647
v 0.02508296 -0.01398289 -0.01267682 0.11764706 0.63921569 0.14117647
v 0.03762650 -0.01401521 -0.01266813 0.11764706 0.63921569 0.14117647
v 0.04729758 -0.01402018 -0.01266668 0.11764706 0.63921569 0.14117647
v 0.04729758 0.00889102 -0.01267682 0.11764706 0.63921569 0.14117647
v 0.00049524 0.00875924 -0.01268841 0.11764706 0.63921569 0.14117647
v 0.01231952 0.00886367 -0.01267972 0.11764706 0.63921569 0.14117647
v 0.03695305 0.00886367 -0.01267972 0.11764706 0.63921569 0.14117647
v 0.00049524 -0.01398289 -0.01267610 0.11764706 0.63921569 0.14117647
v 0.01254401 -0.01395057 -0.01267972 0.11764706 0.63921569 0.14117647
v 0.03762650 -0.01395057 -0.01267972 0.11764706 0.63921569 0.14117647
v 0.04729758 -0.01398289 -0.01267610 0.11764706 0.63921569 0.14117647
v 0.04729758 -0.01399035 -0.01267465 0.11764706 0.63921569 0.14117647
v 0.04729758 0.00863244 -0.01269928 0.11764706 0.63921569 0.14117647
v 0.00049524 0.00863244 -0.01269928 0.11764706 0.63921569 0.14117647
v 0.01231952 0.00872941 -0.01269131 0.11764706 0.63921569 0.14117647
v 0.03695305 0.00879654 -0.01268551 0.11764706 0.63921569 0.14117647
v 0.00049524 -0.01371934 -0.01269928 0.11764706 0.63921569 0.14117647
v 0.01254401 -0.01381631 -0.01269131 0.11764706 0.63921569 0.14117647
v 0.04729758 -0.01372680 -0.01269928 0.11764706 0.63921569 0.14117647
v 0.04729758 -0.01396051 -0.01267827 0.11764706 0.63921569 0.14117647
f 1828 1829 1832
f 1828 1832 1846
f 1828 1846 1875
f 1828 1875 1905
f 1828 1905 1925
f 1828 1925 1940
f 1828 1940 1949
f 1828 1949 1958
f 1828 1958 1965
f 1828 1965 1975
f 1828 1975 1983
f 1828 1983 1991
f 1828 1991 1995
f 1828 1995 2006
f 1828 2006 2005
f 1828 2005 2003
f 1828 2003 2020
f 1828 2020 2029
f 1828 2029 2028
f 1828 2028 2037
f 1828 2037 2036
f 1828 2036 2030
f 1828 2030 2021
f 1828 2021 2011
f 1828 2011 2010
f 1828 2010 2009
f 1828 2009 2008
f 1828 2008 2007
f 1828 2007 2000
f 1828 2000 1989
f 1828 1989 1980
f 1828 1980 1973
f 1828 1973 1963
f 1828 1963 1956
f 1828 1956 1955
f 1828 1955 1952
f 1828 1952 1944
f 1828 1944 1933
f 1828 1933 1914
f 1828 1914 1887
f 1828 1887 1853
f 1828 1853 1834
f 1828 1834 1830
f 1828 1830 1835
f 1828 1835 1855
f 1828 1855 1856
f 1828 1856 1836
f 1828 1836 1831
f 1828 1831 1843
f 1828 1843 1858
f 1828 1858 1891
f 1828 1891 1904
f 1828 1904 1903
f 1828 1903 1902
f 1828 1902 1901
f 1828 1901 1900
f 1828 1900 1899
f 1828 1899 1898
f 1828 1898 1897
f 1828 1897 1896
f 1828 1896 1895
f 1828 1895 1894
f 1828 1894 1893
f 1828 1893 1924
f 1828 1924 1923
f 1828 1923 1922
f 1828 1922 1921
f 1828 1921 1920
f 1828 1920 1919
f 1828 1919 1918
f 1828 1918 1939
f 1828 1939 1948
f 1828 1948 1947
f 1828 1947 1943
f 1828 1943 1942
f 1828 1942 1929
f 1828 1929 1910
f 1828 1910 1880
f 1828 1880 1848
f 1828 1848 1833
f 1828 1833 1829
f 1829 1833 1852
f 1829 1852 1878
f 1829 1878 1847
f 1829 1847 1832
f 1830 1834 1835
f 1831 1836 1837
f 1831 1837 1838
f 1831 1838 1839
f 1831 1839 1840
f 1831 1840 1841
f 1831 1841 1842
f 1831 1842 1843
f 1832 1844 1845
f 1832 1845 1846
f 1832 1847 1844
f 1833 1848 1849
f 1833 1849 1850
f 1833 1850 1851
f 1833 1851 1852
f 1834 1853 1854
f 1834 1854 1835
f 1835 1854 1855
f 1836 1856 1890
f 1836 1890 1889
f 1836 1889 1888
f 1836 1888 1916
f 1836 1916 1937
f 1836 1937 1936
f 1836 1936 1946
f 1836 1946 1954
f 1836 1954 1962
f 1836 1962 1970
f 1836 1970 1978
f 1836 1978 1987
f 1836 1987 1998
f 1836 1998 2013
f 1836 2013 2022
f 1836 2022 2031
f 1836 2031 2034
f 1836 2034 2025
f 1836 2025 2016
f 1836 2016 2001
f 1836 2001 1992
f 1836 1992 1984
f 1836 1984 1976
f 1836 1976 1967
f 1836 1967 1960
f 1836 1960 1950
f 1836 1950 1941
f 1836 1941 1928
f 1836 1928 1926
f 1836 1926 1906
f 1836 1906 1877
f 1836 1877 1876
f 1836 1876 1879
f 1836 1879 1878
f 1836 1878 1852
f 1836 1852 1851
f 1836 1851 1850
f 1836 1850 1849
f 1836 1849 1886
f 1836 1886 1885
f 1836 1885 1884
f 1836 1884 1883
f 1836 1883 1882
f 1836 1882 1881
f 1836 1881 1913
f 1836 1913 1912
f 1836 1912 1911
f 1836 1911 1932
f 1836 1932 1931
f 1836 1931 1930
f 1836 1930 1938
f 1836 1938 1917
f 1836 1917 1892
f 1836 1892 1874
f 1836 1874 1873
f 1836 1873 1872
f 1836 1872 1871
f 1836 1871 1870
f 1836 1870 1869
f 1836 1869 1868
f 1836 1868 1867
f 1836 1867 1866
f 1836 1866 1865
f 1836 1865 1864
f 1836 1864 1863
f 1836 1863 1862
f 1836 1862 1861
f 1836 1861 1860
f 1836 1860 1859
f 1836 1859 1857
f 1836 1857 1842
f 1836 1842 1841
f 1836 1841 1840
f 1836 1840 1839
f 1836 1839 1838
f 1836 1838 1837
f 1842 1857 1843
f 1843 1857 1859
f 1843 1859 1860
f 1843 1860 1861
f 1843 1861 1862
f 1843 1862 1863
f 1843 1863 1864
f 1843 1864 1865
f 1843 1865 1866
f 1843 1866 1867
f 1843 1867 1868
f 1843 1868 1869
f 1843 1869 1870
f 1843 1870 1871
f 1843 1871 1872
f 1843 1872 1873
f 1843 1873 1874
f 1843 1874 1858
f 1844 1875 1846
f 1844 1846 1845
f 1844 1847 1876
f 1844 1876 1877
f 1844 1877 1875
f 1847 1878 1879
f 1847 1879 1876
f 1848 1880 1881
f 1848 1881 1882
f 1848 1882 1883
f 1848 1883 1884
f 1848 1884 1885
f 1848 1885 1886
f 1848 1886 1849
f 1853 1887 1888
f 1853 1888 1854
f 1854 1888 1889
f 1854 1889 1855
f 1855 1889 1890
f 1855 1890 1856
f 1858 1874 1891
f 1874 1892 1924
f 1874 1924 1893
f 1874 1893 1894
f 1874 1894 1895
f 1874 1895 1896
f 1874 1896 1897
f 1874 1897 1898
f 1874 1898 1899
f 1874 1899 1900
f 1874 1900 1901
f 1874 1901 1902
f 1874 1902 1903
f 1874 1903 1904
f 1874 1904 1891
f 1875 1877 1905
f 1877 1906 1907
f 1877 1907 1908
f 1877 1908 1909
f 1877 1909 1905
f 1880 1910 1911
f 1880 1911 1912
f 1880 1912 1913
f 1880 1913 1881
f 1887 1914 1888
f 1888 1915 1916
f 1888 1914 1915
f 1892 1917 1918
f 1892 1918 1919
f 1892 1919 1920
f 1892 1920 1921
f 1892 1921 1922
f 1892 1922 1923
f 1892 1923 1924
f 1905 1909 1925
f 1906 1926 1907
f 1907 1927 1925
f 1907 1925 1909
f 1907 1909 1908
f 1907 1926 1928
f 1907 1928 1927
f 1910 1929 1930
f 1910 1930 1931
f 1910 1931 1932
f 1910 1932 1911
f 1914 1933 1934
f 1914 1934 1915
f 1915 1935 1936
f 1915 1936 1937
f 1915 1937 1916
f 1915 1934 1935
f 1917 1938 1918
f 1918 1938 1939
f 1925 1927 1940
f 1927 1928 1940
f 1928 1941 1940
f 1929 1942 1930
f 1930 1942 1943
f 1930 1943 1938
f 1933 1944 1945
f 1933 1945 1934
f 1934 1945 1935
f 1935 1945 1936
f 1936 1945 1946
f 1938 1943 1947
f 1938 1947 1948
f 1938 1948 1939
f 1940 1941 1949
f 1941 1950 1951
f 1941 1951 1949
f 1944 1952 1946
f 1944 1946 1945
f 1946 1953 1954
f 1946 1952 1955
f 1946 1955 1956
f 1946 1956 1953
f 1949 1957 1958
f 1949 1951 1959
f 1949 1959 1957
f 1950 1960 1959
f 1950 1959 1951
f 1953 1961 1954
f 1953 1956 1961
f 1954 1961 1962
f 1956 1963 1964
f 1956 1964 1961
f 1957 1965 1958
f 1957 1959 1966
f 1957 1966 1965
f 1959 1960 1966
f 1960 1967 1968
f 1960 1968 1966
f 1961 1969 1962
f 1961 1964 1963
f 1961 1963 1969
f 1962 1969 1963
f 1962 1963 1971
f 1962 1971 1972
f 1962 1972 1970
f 1963 1973 1974
f 1963 1974 1972
f 1963 1972 1971
f 1965 1966 1975
f 1966 1968 1975
f 1967 1976 1977
f 1967 1977 1968
f 1968 1977 1975
f 1970 1972 1979
f 1970 1979 1978
f 1972 1974 1981
f 1972 1981 1979
f 1973 1980 1974
f 1974 1980 1981
f 1975 1977 1982
f 1975 1982 1983
f 1976 1984 1985
f 1976 1985 1977
f 1977 1985 1990
f 1977 1990 1982
f 1978 1986 1987
f 1978 1979 1981
f 1978 1981 1988
f 1978 1988 1986
f 1980 1989 1981
f 1981 1989 1988
f 1982 1990 1991
f 1982 1991 1983
f 1984 1992 1993
f 1984 1993 1994
f 1984 1994 1995
f 1984 1995 1985
f 1985 1995 1990
f 1986 1988 1996
f 1986 1996 1997
f 1986 1997 1987
f 1987 1997 1999
f 1987 1999 1998
f 1988 1989 2000
f 1988 2000 1996
f 1990 1995 1991
f 1992 2001 2002
f 1992 2002 2003
f 1992 2003 1993
f 1993 2003 2004
f 1993 2004 1994
f 1994 2004 2003
f 1994 2003 2005
f 1994 2005 2006
f 1994 2006 1995
f 1996 2000 2007
f 1996 2007 1997
f 1997 2007 2008
f 1997 2008 2009
f 1997 2009 2010
f 1997 2010 2011
f 1997 2011 2012
f 1997 2012 1998
f 1997 1998 1999
f 1998 2012 2014
f 1998 2014 2015
f 1998 2015 2013
f 2001 2016 2017
f 2001 2017 2018
f 2001 2018 2019
f 2001 2019 2003
f 2001 2003 2002
f 2003 2019 2020
f 2011 2021 2014
f 2011 2014 2012
f 2013 2015 2023
f 2013 2023 2022
f 2014 2021 2024
f 2014 2024 2023
f 2014 2023 2015
f 2016 2025 2017
f 2017 2026 2027
f 2017 2027 2018
f 2017 2025 2026
f 2018 2027 2028
f 2018 2028 2029
f 2018 2029 2019
f 2019 2029 2020
f 2021 2030 2024
f 2022 2023 2032
f 2022 2032 2031
f 2023 2024 2033
f 2023 2033 2032
f 2024 2030 2033
f 2025 2034 2026
f 2026 2034 2035
f 2026 2035 2036
f 2026 2036 2027
f 2027 2036 2037
f 2027 2037 2028
f 2030 2036 2034
f 2030 2034 2031
f 2030 2031 2032
f 2030 2032 2033
f 2034 2036 2035