# https://github.com/mikedh/trimesh
v -0.07312499 -0.02585022 -0.01846134
v -0.07312499 -0.02587274 -0.01844065
v -0.07312499 -0.02636715 -0.01783940
v -0.07312499 -0.02637364 -0.01782829
v -0.07312499 -0.02635146 -0.01786461
v -0.07312499 -0.02613216 -0.01818162
v -0.07312499 -0.02614458 -0.01816387
v -0.07312499 -0.02598091 -0.01833333
v -0.07312499 -0.02619840 -0.01808606
v -0.07312499 -0.02548995 -0.01870749
v -0.07312499 -0.02547157 -0.01871624
v -0.07312499 -0.02571191 -0.01855897
v -0.07312499 -0.02579012 -0.01850426
v -0.07312499 -0.02580043 -0.01849690
v -0.07312499 -0.02583364 -0.01847316
v -0.07312499 -0.02554215 -0.01867764
v -0.07312499 -0.02551083 -0.01869630
v -0.07312499 -0.02537438 -0.01876174
v -0.07312499 -0.02516100 -0.01886037
v -0.07312499 -0.02502852 -0.01889586
v -0.07312499 -0.02518710 -0.01884918
v -0.06983039 -0.02635146 -0.01786461
v -0.06983039 -0.02548995 -0.01870749
v -0.06983039 -0.02551083 -0.01869630
v -0.07312499 -0.02647100 -0.01761883
v -0.07312499 -0.02644678 -0.01767149
v -0.07312499 -0.02653311 -0.01747393
v -0.07312499 -0.02652069 -0.01750943
v -0.07312499 -0.02653549 -0.01746652
v -0.07312499 -0.02661005 -0.01719461
v -0.07312499 -0.02663340 -0.01710753
v -0.07312499 -0.02663663 -0.01707754
v -0.07312499 -0.02664857 -0.01693531
v -0.07312499 -0.02665609 -0.01684247
v -0.07312499 -0.02666472 -0.01672997
v -0.07312499 -0.02494853 -0.01891717
v -0.07312499 -0.02481117 -0.01895361
v -0.07312499 -0.02475375 -0.01896480
v -0.07312499 -0.02477463 -0.01896108
v -0.07312499 -0.02471721 -0.01896855
v -0.07312499 -0.02460649 -0.01897841
v -0.07312499 -0.02458193 -0.01898058
v -0.07312499 -0.02437782 -0.01899837
v -0.06983039 -0.02481117 -0.01895361
v -0.06983039 -0.02471721 -0.01896855
v -0.06983039 -0.02459190 -0.01897971
v -0.05569145 -0.02585022 -0.01846134
v -0.05552039 -0.02590242 -0.01840911
v -0.05550860 -0.02586957 -0.01844268
v -0.05552039 -0.02637234 -0.01783107
v -0.05550860 -0.02637336 -0.01783107
v -0.05550860 -0.02631966 -0.01791309
v -0.05552039 -0.02634624 -0.01787208
v -0.05550860 -0.02634777 -0.01787208
v -0.05569145 -0.02613216 -0.01818162
v -0.05550860 -0.02611506 -0.01819653
v -0.05552039 -0.02614782 -0.01815924
v -0.05550860 -0.02614833 -0.01815924
v -0.05552039 -0.02600685 -0.01830471
v -0.05550860 -0.02601024 -0.01830471
v -0.05550860 -0.02620584 -0.01807719
v -0.05552039 -0.02545863 -0.01872240
v -0.05550860 -0.02545914 -0.01872240
v -0.05569145 -0.02578755 -0.01850610
v -0.05552039 -0.02582931 -0.01847625
v -0.05550860 -0.02583123 -0.01847625
v -0.05552039 -0.02554215 -0.01867764
v -0.05550860 -0.02554482 -0.01867764
v -0.05550860 -0.02550390 -0.01870002
v -0.05552039 -0.02516100 -0.01886037
v -0.05550860 -0.02516379 -0.01886037
v -0.05552039 -0.02518710 -0.01884918
v -0.05552039 -0.02651853 -0.01751406
v -0.05550860 -0.02649993 -0.01755882
v -0.05552039 -0.02645586 -0.01765203
v -0.05550860 -0.02653062 -0.01749168
v -0.05552039 -0.02653419 -0.01746930
v -0.05550860 -0.02653701 -0.01746930
v -0.05550860 -0.02656386 -0.01737234
v -0.05552039 -0.02663340 -0.01710753
v -0.05550860 -0.02663418 -0.01710753
v -0.05552039 -0.02666472 -0.01673460
v -0.05550860 -0.02666616 -0.01673460
v -0.05550860 -0.02666745 -0.01669731
v -0.05552039 -0.02499393 -0.01890513
v -0.05550860 -0.02499627 -0.01890513
v -0.05569145 -0.02489472 -0.01893123
v -0.05552039 -0.02475375 -0.01896480
v -0.05550860 -0.02475462 -0.01896480
v -0.05552039 -0.02477463 -0.01896108
v -0.05550860 -0.02478021 -0.01896108
v -0.05552039 -0.02445615 -0.01899090
v -0.05550860 -0.02445672 -0.01899090
v -0.05552039 -0.02440392 -0.01899465
v -0.05550860 -0.02440683 -0.01899465
v -0.05569145 -0.02437782 -0.01899837
v -0.05552039 -0.02423685 -0.01899837
v -0.05550860 -0.02423808 -0.01899837
v -0.05550860 -0.01596543 -0.01899837
v -0.05550860 -0.01559847 -0.01896855
v -0.05550860 -0.01524045 -0.01887903
v -0.05550860 -0.01492464 -0.01874478
v -0.05550860 -0.01488372 -0.01872240
v -0.05550860 -0.01460754 -0.01854711
v -0.05550860 -0.01457685 -0.01852473
v -0.05550860 -0.01432497 -0.01830096
v -0.05550860 -0.01408713 -0.01801380
v -0.05550860 -0.01398612 -0.01785342
v -0.05550860 -0.01389789 -0.01768560
v -0.05550860 -0.01382631 -0.01751778
v -0.05550860 -0.01376877 -0.01733877
v -0.05550860 -0.01372401 -0.01715976
v -0.05550860 -0.01369587 -0.01697700
v -0.05550860 -0.01368180 -0.01679427
v -0.05550860 -0.01368180 -0.01661154
v -0.05550860 -0.01368564 -0.01651455
v -0.04696899 -0.02583888 -0.01847253
v -0.04696899 -0.02635290 -0.01786836
v -0.04696899 -0.02612274 -0.01819281
v -0.04696899 -0.02624166 -0.01802871
v -0.04696899 -0.02538882 -0.01875597
v -0.04696899 -0.02651016 -0.01754016
v -0.04696899 -0.02641299 -0.01774902
v -0.04696899 -0.02657025 -0.01734996
v -0.04696899 -0.02663547 -0.01710009
v -0.04696899 -0.02663802 -0.01707399
v -0.04696899 -0.02665977 -0.01682412
v -0.04696899 -0.02476230 -0.01896480
v -0.04696899 -0.02478786 -0.01896108
v -0.04696899 -0.02459352 -0.01897971
v -0.04696899 -0.02666871 -0.01606704
v -0.04151886 -0.02585295 -0.01846134
v -0.04151886 -0.02636313 -0.01785342
v -0.04151886 -0.02610867 -0.01820772
v -0.04151886 -0.02613426 -0.01818162
v -0.04151886 -0.02591433 -0.01840167
v -0.04151886 -0.02551539 -0.01869630
v -0.04151886 -0.02516505 -0.01886037
v -0.04151886 -0.02653191 -0.01749168
v -0.04151886 -0.02662524 -0.01714485
v -0.04151886 -0.02661246 -0.01719333
v -0.04151886 -0.02663163 -0.01711872
v -0.04151886 -0.02666871 -0.01672341
v -0.04151886 -0.02481600 -0.01895361
v -0.04151886 -0.02438382 -0.01899837
v -0.03895151 -0.01360764 -0.01830471
v -0.03895970 -0.01360764 -0.01830471
v -0.03920171 -0.01360764 -0.01801380
v -0.03920054 -0.01360764 -0.01801380
v -0.03929963 -0.01360764 -0.01784970
v -0.03930155 -0.01360764 -0.01784970
v -0.03836921 -0.01360764 -0.01874478
v -0.03838583 -0.01360764 -0.01873359
v -0.03839252 -0.01360764 -0.01873359
v -0.03804860 -0.01360764 -0.01887903
v -0.03805841 -0.01360764 -0.01887903
v -0.03867956 -0.01360764 -0.01855083
v -0.03868001 -0.01360764 -0.01855083
v -0.03768962 -0.01360764 -0.01896855
v -0.03770105 -0.01360764 -0.01896855
v -0.03731975 -0.01360764 -0.01899837
v -0.03732809 -0.01360764 -0.01899837
v -0.03946279 -0.01360764 -0.01751778
v -0.03946472 -0.01360764 -0.01751778
v -0.03938666 -0.01360764 -0.01768560
v -0.03938702 -0.01360764 -0.01768560
v -0.03951718 -0.01360764 -0.01734249
v -0.03951908 -0.01360764 -0.01734249
v -0.03956573 -0.01360764 -0.01716348
v -0.03956069 -0.01360764 -0.01716348
v -0.03959336 -0.01360764 -0.01698075
v -0.03959682 -0.01360764 -0.01698075
v -0.03960422 -0.01360764 -0.01679427
v -0.03960455 -0.01360764 -0.01679427
v -0.03960422 -0.01360764 -0.01651455
v -0.03960455 -0.01360764 -0.01651455
v -0.02737679 -0.02468046 -0.01897227
v -0.01323473 -0.02629920 -0.01794666
v -0.07312499 -0.02666472 0.01683323
v -0.07312499 -0.02665609 0.01694573
v -0.07312499 -0.02664857 0.01703857
v -0.07312499 -0.02663663 0.01718080
v -0.07312499 -0.02663340 0.01721079
v -0.07312499 -0.02660854 0.01730542
v -0.07312499 -0.02658692 0.01738496
v -0.07312499 -0.02653311 0.01757719
v -0.07312499 -0.02652069 0.01761269
v -0.07312499 -0.02647100 0.01772209
v -0.07312499 -0.02644678 0.01777475
v -0.07312499 -0.02637364 0.01793155
v -0.07312499 -0.02634754 0.01797628
v -0.07312499 -0.02630191 0.01804238
v -0.07312499 -0.02613216 0.01828488
v -0.07312499 -0.02598091 0.01843659
v -0.07312499 -0.02596043 0.01845707
v -0.07312499 -0.02587274 0.01854391
v -0.07312499 -0.02585022 0.01856460
v -0.07312499 -0.02583364 0.01857642
v -0.07312499 -0.02580043 0.01860016
v -0.07312499 -0.02579012 0.01860752
v -0.07312499 -0.02571191 0.01866223
v -0.07312499 -0.02554215 0.01878090
v -0.07312499 -0.02551083 0.01879956
v -0.07312499 -0.02548995 0.01881075
v -0.07312499 -0.02543108 0.01883878
v -0.07312499 -0.02534195 0.01888043
v -0.07312499 -0.02518710 0.01895244
v -0.07312499 -0.02516100 0.01896363
v -0.06983039 -0.02551083 0.01879956
v -0.06983039 -0.02548995 0.01881075
v -0.07312499 -0.02481117 0.01905687
v -0.07312499 -0.02477463 0.01906434
v -0.07312499 -0.02475375 0.01906806
v -0.07312499 -0.02471721 0.01907181
v -0.07312499 -0.02460649 0.01908167
v -0.07312499 -0.02458193 0.01908384
v -0.07312499 -0.02437782 0.01910163
v -0.06983039 -0.02481117 0.01905687
v -0.06983039 -0.02471721 0.01907181
v -0.06983039 -0.02459190 0.01908297
v -0.05550860 -0.02666745 0.01680057
v -0.05552039 -0.02666472 0.01683786
v -0.05550860 -0.02666616 0.01683786
v -0.05552039 -0.02663340 0.01721079
v -0.05550860 -0.02663418 0.01721079
v -0.05552039 -0.02660205 0.01733013
v -0.05550860 -0.02657664 0.01742712
v -0.05552039 -0.02653419 0.01757256
v -0.05550860 -0.02653701 0.01757256
v -0.05550860 -0.02653062 0.01759494
v -0.05552039 -0.02651853 0.01761732
v -0.05550860 -0.02649993 0.01766208
v -0.05552039 -0.02645586 0.01775529
v -0.05552039 -0.02637234 0.01793433
v -0.05550860 -0.02637336 0.01793433
v -0.05552039 -0.02634624 0.01797906
v -0.05550860 -0.02634777 0.01797906
v -0.05552039 -0.02614782 0.01826250
v -0.05550860 -0.02614833 0.01826250
v -0.05569145 -0.02613216 0.01828488
v -0.05552039 -0.02607993 0.01833711
v -0.05550860 -0.02608182 0.01833711
v -0.05569145 -0.02585022 0.01856460
v -0.05552039 -0.02590242 0.01851237
v -0.05550860 -0.02590539 0.01851237
v -0.05550860 -0.02586957 0.01854594
v -0.05552039 -0.02582931 0.01857951
v -0.05550860 -0.02583123 0.01857951
v -0.05569145 -0.02578755 0.01860936
v -0.05552039 -0.02554215 0.01878090
v -0.05550860 -0.02554482 0.01878090
v -0.05550860 -0.02550390 0.01880328
v -0.05552039 -0.02545863 0.01882566
v -0.05550860 -0.02545914 0.01882566
v -0.05552039 -0.02541162 0.01884804
v -0.05550860 -0.02541183 0.01884804
v -0.05552039 -0.02518710 0.01895244
v -0.05550860 -0.02518551 0.01895244
v -0.05569145 -0.02516100 0.01896363
v -0.05550860 -0.02514078 0.01896738
v -0.05552039 -0.02508792 0.01898229
v -0.05550860 -0.02509218 0.01898229
v -0.05550860 -0.02490039 0.01903449
v -0.05552039 -0.02489472 0.01903449
v -0.05552039 -0.02477463 0.01906434
v -0.05550860 -0.02478021 0.01906434
v -0.05552039 -0.02475375 0.01906806
v -0.05550860 -0.02475462 0.01906806
v -0.05552039 -0.02445615 0.01909416
v -0.05550860 -0.02445672 0.01909416
v -0.05552039 -0.02440392 0.01909791
v -0.05550860 -0.02440683 0.01909791
v -0.05569145 -0.02437782 0.01910163
v -0.05552039 -0.02432040 0.01910163
v -0.05550860 -0.02432118 0.01910163
v -0.05550860 -0.01742943 0.01910163
v -0.05550860 -0.01704456 0.01906806
v -0.05550860 -0.01514583 0.01691244
v -0.05550860 -0.01516374 0.01710639
v -0.05550860 -0.01516755 0.01713621
v -0.05550860 -0.01519569 0.01729659
v -0.05550860 -0.01524429 0.01748679
v -0.05550860 -0.01531587 0.01768443
v -0.05550860 -0.01530309 0.01765089
v -0.05550860 -0.01539003 0.01784481
v -0.05550860 -0.01666866 0.01897110
v -0.05550860 -0.01631577 0.01881075
v -0.05550860 -0.01635540 0.01882938
v -0.05550860 -0.01599612 0.01859442
v -0.05550860 -0.01547571 0.01799772
v -0.05550860 -0.01549362 0.01802754
v -0.05550860 -0.01559463 0.01817301
v -0.05550860 -0.01561635 0.01820283
v -0.05550860 -0.01571610 0.01832592
v -0.04696899 -0.02666871 0.01682295
v -0.04696899 -0.02663292 0.01721826
v -0.04696899 -0.02656131 0.01748679
v -0.04696899 -0.02653575 0.01758003
v -0.04696899 -0.02651784 0.01762476
v -0.04696899 -0.02646798 0.01773291
v -0.04696899 -0.02637081 0.01794177
v -0.04696899 -0.02624166 0.01813197
v -0.04696899 -0.02614449 0.01826997
v -0.04696899 -0.02586447 0.01855341
v -0.04696899 -0.02578518 0.01861308
v -0.04696899 -0.02567907 0.01868766
v -0.04696899 -0.02554098 0.01878462
v -0.04696899 -0.02518041 0.01895619
v -0.04696899 -0.02483007 0.01905315
v -0.04696899 -0.02459352 0.01908297
v -0.04151886 -0.02666871 0.01682667
v -0.04151886 -0.02663547 0.01719960
v -0.04151886 -0.02663802 0.01717350
v -0.04151886 -0.02662524 0.01724811
v -0.04151886 -0.02661246 0.01729659
v -0.04151886 -0.02653191 0.01759494
v -0.04151886 -0.02652678 0.01760613
v -0.04151886 -0.02636313 0.01795668
v -0.04151886 -0.02610867 0.01831098
v -0.04151886 -0.02613426 0.01828488
v -0.04151886 -0.02591433 0.01850493
v -0.04151886 -0.02585295 0.01856460
v -0.04151886 -0.02551539 0.01879956
v -0.04151886 -0.02516505 0.01896363
v -0.04151886 -0.02481600 0.01905687
v -0.04151886 -0.02438382 0.01910163
v -0.03814649 -0.01360764 0.01693482
v -0.03815165 -0.01360764 0.01693482
v -0.03813614 -0.01360764 0.01711758
v -0.03812474 -0.01360764 0.01711758
v -0.03809210 -0.01360764 0.01728912
v -0.03810506 -0.01360764 0.01728912
v -0.03809729 -0.01360764 0.01731897
v -0.03803771 -0.01360764 0.01750542
v -0.03804290 -0.01360764 0.01750542
v -0.03797246 -0.01360764 0.01768818
v -0.03798074 -0.01360764 0.01768818
v -0.03788543 -0.01360764 0.01786347
v -0.03789527 -0.01360764 0.01786347
v -0.03780203 -0.01360764 0.01803501
v -0.03767873 -0.01360764 0.01819539
v -0.03768548 -0.01360764 0.01819539
v -0.03755906 -0.01360764 0.01834455
v -0.03756119 -0.01360764 0.01834455
v -0.03729797 -0.01360764 0.01859442
v -0.03730478 -0.01360764 0.01859442
v -0.03700955 -0.01360764 0.01879209
v -0.03697163 -0.01360764 0.01881075
v -0.03697847 -0.01360764 0.01881075
v -0.03661265 -0.01360764 0.01897110
v -0.03662885 -0.01360764 0.01897110
v -0.02737679 -0.02468046 0.01907553
v -0.03624275 -0.01360764 0.01906806
v -0.03621014 -0.01360764 0.01907181
v -0.03624815 -0.01360764 0.01906806
v -0.03620930 -0.01360764 0.01907181
v -0.03586202 -0.01360764 0.01910163
v -0.03586745 -0.01360764 0.01910163
v -0.01323473 -0.02629920 0.01804992
v -0.05545196 0.01407651 -0.01799889
v -0.05544341 0.01407810 -0.01799889
v -0.05545196 0.01398252 -0.01784970
v -0.05544341 0.01398273 -0.01784970
v -0.05545196 0.01456728 -0.01852101
v -0.05544341 0.01457400 -0.01852101
v -0.05545196 0.01489623 -0.01873359
v -0.05544341 0.01490079 -0.01873359
v -0.05545196 0.01430100 -0.01827858
v -0.05544341 0.01430316 -0.01827858
v -0.05545196 0.01389375 -0.01768188
v -0.05544341 0.01389627 -0.01768188
v -0.05545196 0.01382067 -0.01751406
v -0.05544341 0.01382634 -0.01751406
v -0.05545196 0.01376322 -0.01733877
v -0.05544341 0.01376787 -0.01733877
v -0.05545196 0.01372146 -0.01715976
v -0.05544341 0.01372461 -0.01715976
v -0.05545196 0.01369014 -0.01698075
v -0.05544341 0.01369539 -0.01698075
v -0.05545196 0.01367967 -0.01679427
v -0.05544341 0.01368012 -0.01679427
v -0.05545196 0.01523562 -0.01887903
v -0.05544341 0.01524030 -0.01887903
v -0.05545196 0.01559064 -0.01896855
v -0.05544341 0.01559760 -0.01896855
v -0.05545196 0.01596135 -0.01899837
v -0.05544341 0.01596507 -0.01899837
v -0.05545196 0.01367967 -0.01661154
v -0.05544341 0.01368138 -0.01661154
v -0.05544341 0.01369029 -0.01640640
v -0.07312499 0.02437797 -0.01899837
v -0.07312499 0.02458210 -0.01898058
v -0.07312499 0.02460459 -0.01897855
v -0.07312499 0.02475390 -0.01896480
v -0.07312499 0.02477478 -0.01896108
v -0.07312499 0.02481132 -0.01895361
v -0.07312499 0.02481820 -0.01895188
v -0.06983898 0.02459205 -0.01897971
v -0.06983898 0.02481132 -0.01895361
v -0.07312499 0.02508068 -0.01888221
v -0.07312499 0.02516115 -0.01886037
v -0.07312499 0.02551098 -0.01869630
v -0.07312499 0.02554230 -0.01867764
v -0.07312499 0.02571205 -0.01855898
v -0.07312499 0.02580058 -0.01849690
v -0.07312499 0.02579027 -0.01850426
v -0.07312499 0.02583380 -0.01847315
v -0.07312499 0.02586081 -0.01845387
v -0.07312499 0.02587112 -0.01844369
v -0.07312499 0.02613231 -0.01818162
v -0.07312499 0.02610913 -0.01820553
v -0.07312499 0.02636205 -0.01785342
v -0.06983898 0.02551098 -0.01869630
v -0.06983898 0.02586081 -0.01845387
v -0.07312499 0.02643914 -0.01768820
v -0.07312499 0.02644448 -0.01767659
v -0.07312499 0.02652912 -0.01749168
v -0.07312499 0.02653956 -0.01745811
v -0.07312499 0.02654743 -0.01743001
v -0.07312499 0.02656717 -0.01735645
v -0.07312499 0.02663355 -0.01710753
v -0.07312499 0.02664182 -0.01701003
v -0.07312499 0.02665836 -0.01681206
v -0.07312499 0.02666487 -0.01672995
v -0.06983898 0.02644035 -0.01768560
v -0.06983898 0.02653956 -0.01745811
v -0.05545196 0.02427354 -0.01899837
v -0.05569145 0.02437797 -0.01899837
v -0.05544341 0.02427450 -0.01899837
v -0.05545196 0.02440407 -0.01899465
v -0.05544341 0.02440800 -0.01899465
v -0.05545196 0.02445108 -0.01899090
v -0.05544341 0.02445759 -0.01899090
v -0.05545196 0.02475390 -0.01896480
v -0.05544341 0.02475513 -0.01896480
v -0.05545196 0.02477478 -0.01896108
v -0.05544341 0.02478057 -0.01896108
v -0.05545196 0.02484789 -0.01894242
v -0.05544341 0.02485176 -0.01894242
v -0.05545196 0.02508807 -0.01887903
v -0.05544341 0.02509335 -0.01887903
v -0.05569145 0.02516115 -0.01886037
v -0.05545196 0.02514027 -0.01886412
v -0.05545196 0.02518203 -0.01884918
v -0.05544341 0.02518746 -0.01884918
v -0.05545196 0.02545353 -0.01872240
v -0.05544341 0.02545956 -0.01872240
v -0.05545196 0.02550054 -0.01870002
v -0.05544341 0.02550408 -0.01870002
v -0.05545196 0.02554230 -0.01867764
v -0.05544341 0.02554602 -0.01867764
v -0.05569145 0.02578770 -0.01850610
v -0.05545196 0.02582946 -0.01847625
v -0.05544341 0.02583213 -0.01847625
v -0.05569145 0.02585037 -0.01846134
v -0.05544341 0.02587026 -0.01844268
v -0.05545196 0.02590257 -0.01840911
v -0.05544341 0.02597709 -0.01833825
v -0.05569145 0.02613231 -0.01818162
v -0.05545196 0.02608008 -0.01823385
v -0.05544341 0.02608260 -0.01823385
v -0.05544341 0.02611695 -0.01819653
v -0.05545196 0.02614275 -0.01815924
v -0.05544341 0.02614872 -0.01815924
v -0.05544341 0.02626317 -0.01799889
v -0.05545196 0.02634636 -0.01787580
v -0.05544341 0.02634837 -0.01787580
v -0.05569145 0.02636205 -0.01785342
v -0.05544341 0.02637378 -0.01783107
v -0.05545196 0.02641425 -0.01774155
v -0.05544341 0.02645772 -0.01765203
v -0.05544341 0.02652129 -0.01751406
v -0.05545196 0.02652912 -0.01749168
v -0.05544341 0.02653146 -0.01749168
v -0.05544341 0.02653782 -0.01746930
v -0.05569145 0.02655000 -0.01742082
v -0.05545196 0.02663355 -0.01710753
v -0.05544341 0.02663445 -0.01710753
v -0.05544341 0.02663700 -0.01708143
v -0.05545196 0.02664399 -0.01698447
v -0.05544341 0.02664591 -0.01698447
v -0.05545196 0.02666487 -0.01673460
v -0.05544341 0.02666751 -0.01673460
v -0.05544341 0.02666880 -0.01669356
v -0.03964496 0.01408065 -0.01800633
v -0.03964340 0.01408128 -0.01800633
v -0.03964496 0.01398147 -0.01784598
v -0.03964340 0.01397877 -0.01784598
v -0.03964340 0.01458198 -0.01853592
v -0.03964340 0.01489740 -0.01873359
v -0.03964496 0.01492494 -0.01874478
v -0.03964496 0.01490079 -0.01873359
v -0.03964496 0.01458798 -0.01853592
v -0.03964496 0.01431333 -0.01828977
v -0.03964340 0.01430994 -0.01828977
v -0.03964496 0.01389756 -0.01768560
v -0.03964340 0.01389597 -0.01768560
v -0.03964496 0.01382508 -0.01751406
v -0.03964340 0.01382502 -0.01751406
v -0.03964496 0.01376787 -0.01733877
v -0.03964340 0.01376589 -0.01733877
v -0.03964496 0.01372335 -0.01715976
v -0.03964340 0.01372251 -0.01715976
v -0.03964496 0.01369539 -0.01697700
v -0.03964340 0.01369491 -0.01697700
v -0.03964496 0.01368138 -0.01679427
v -0.03964340 0.01367913 -0.01679427
v -0.03964496 0.01524030 -0.01887903
v -0.03964340 0.01523646 -0.01887903
v -0.03964496 0.01526952 -0.01888650
v -0.03964496 0.01559760 -0.01896855
v -0.03964340 0.01559130 -0.01896855
v -0.03964496 0.01596507 -0.01899837
v -0.03964340 0.01596192 -0.01899837
v -0.03964496 0.01368138 -0.01661154
v -0.03964340 0.01367913 -0.01661154
v -0.04153642 0.02438385 -0.01899837
v -0.04153642 0.02466867 -0.01897227
v -0.04153642 0.02474370 -0.01896480
v -0.04153642 0.02478057 -0.01896108
v -0.04153642 0.02481618 -0.01895361
v -0.04153642 0.02516583 -0.01886037
v -0.04153642 0.02555748 -0.01867017
v -0.04153642 0.02586138 -0.01845387
v -0.04153642 0.02585247 -0.01846134
v -0.04153642 0.02591478 -0.01840167
v -0.04153642 0.02613474 -0.01818162
v -0.04153642 0.02636361 -0.01785342
v -0.04153642 0.02640051 -0.01777512
v -0.04153642 0.02653527 -0.01748049
v -0.04153642 0.02653146 -0.01749168
v -0.04153642 0.02654163 -0.01745811
v -0.04153642 0.02662557 -0.01714485
v -0.04153642 0.02663190 -0.01711872
v -0.04153642 0.02663445 -0.01710753
v -0.04153642 0.02663826 -0.01707024
v -0.04153642 0.02663574 -0.01709634
v -0.04153642 0.02666244 -0.01679799
v -0.04153642 0.02666880 -0.01672341
v -0.03964496 0.02438385 -0.01899837
v -0.03964340 0.02437938 -0.01899837
v -0.03964496 0.02462799 -0.01897599
v -0.03964340 0.02462382 -0.01897599
v -0.03964496 0.02473479 -0.01896480
v -0.03964496 0.02476911 -0.01896108
v -0.03964340 0.02476968 -0.01896108
v -0.03964496 0.02481108 -0.01895361
v -0.03964340 0.02480913 -0.01895361
v -0.03964496 0.02507937 -0.01888275
v -0.03964496 0.02512134 -0.01887156
v -0.03964496 0.02515440 -0.01886037
v -0.03964340 0.02515212 -0.01886037
v -0.03964340 0.02512059 -0.01887156
v -0.03964496 0.02519508 -0.01884546
v -0.03964340 0.02519154 -0.01884546
v -0.03964496 0.02548500 -0.01871121
v -0.03964340 0.02548332 -0.01871121
v -0.03964496 0.02551677 -0.01869630
v -0.03964340 0.02551485 -0.01869630
v -0.03964496 0.02559942 -0.01864035
v -0.03964340 0.02559765 -0.01864035
v -0.03964496 0.02577999 -0.01851354
v -0.03964340 0.02577900 -0.01851354
v -0.03964496 0.02584356 -0.01846878
v -0.03964340 0.02584209 -0.01846878
v -0.03964496 0.02587536 -0.01843896
v -0.03964340 0.02587362 -0.01843896
v -0.03964496 0.02600760 -0.01830843
v -0.03964340 0.02600373 -0.01830843
v -0.03964496 0.02612712 -0.01818909
v -0.03964340 0.02612202 -0.01818909
v -0.03964496 0.02618562 -0.01810704
v -0.03964340 0.02618508 -0.01810704
v -0.03964496 0.02631276 -0.01792803
v -0.03964340 0.02631126 -0.01792803
v -0.03964496 0.02635725 -0.01786089
v -0.03964340 0.02635461 -0.01786089
v -0.03964496 0.02637633 -0.01782360
v -0.03964340 0.02637432 -0.01782360
v -0.03964496 0.02642847 -0.01771545
v -0.03964340 0.02642559 -0.01771545
v -0.03964496 0.02649459 -0.01757373
v -0.03964496 0.02652639 -0.01750287
v -0.03964340 0.02652414 -0.01750287
v -0.03964496 0.02654037 -0.01746183
v -0.03964340 0.02653599 -0.01746183
v -0.03964496 0.02657850 -0.01732011
v -0.03964340 0.02661090 -0.01719333
v -0.03964496 0.02663190 -0.01711872
v -0.03964340 0.02663061 -0.01711872
v -0.03964496 0.02663700 -0.01707399
v -0.03964496 0.02665098 -0.01692852
v -0.03964340 0.02665032 -0.01692852
v -0.03964496 0.02666880 -0.01671969
v -0.03964340 0.02666610 -0.01671969
v -0.03964340 0.02667003 -0.01580223
v -0.02738315 0.02467902 -0.01897227
v -0.02738315 0.02477757 -0.01896108
v -0.02738315 0.02516394 -0.01886037
v -0.02738315 0.02613384 -0.01818162
v -0.02738315 0.02636250 -0.01785342
v -0.02738315 0.02653203 -0.01749168
v -0.02738315 0.02667003 -0.01671222
v -0.01323488 0.02481306 -0.01895361
v -0.01323488 0.02591304 -0.01840167
v -0.01323488 0.02640981 -0.01775274
v -0.01323488 0.02663454 -0.01709634
v -0.03964340 0.01440852 0.00014859
v -0.05544341 0.01503174 0.01432047
v -0.05545196 0.01514163 0.01691244
v -0.05544341 0.01514493 0.01691244
v -0.05544341 0.01516017 0.01709145
v -0.05545196 0.01515729 0.01712130
v -0.05545196 0.01518861 0.01729659
v -0.05544341 0.01519452 0.01729659
v -0.05545196 0.01523562 0.01746813
v -0.05544341 0.01524918 0.01750170
v -0.05544341 0.01523901 0.01746813
v -0.05545196 0.01530348 0.01766952
v -0.05544341 0.01530894 0.01766952
v -0.05545196 0.01538181 0.01784481
v -0.05544341 0.01538904 0.01784481
v -0.05545196 0.01548102 0.01801263
v -0.05544341 0.01548315 0.01801263
v -0.05545196 0.01557498 0.01815807
v -0.05544341 0.01558107 0.01815807
v -0.05544341 0.01560393 0.01818792
v -0.05545196 0.01571073 0.01832592
v -0.05544341 0.01571457 0.01832592
v -0.05545196 0.01598745 0.01859442
v -0.05544341 0.01599429 0.01859442
v -0.05545196 0.01631118 0.01881075
v -0.05544341 0.01631472 0.01881075
v -0.05545196 0.01666623 0.01897110
v -0.05544341 0.01666821 0.01897110
v -0.05545196 0.01704216 0.01906806
v -0.05544341 0.01704330 0.01906806
v -0.05545196 0.01742331 0.01910163
v -0.05544341 0.01742859 0.01910163
v -0.07312499 0.02437797 0.01910163
v -0.07312499 0.02458210 0.01908384
v -0.07312499 0.02460459 0.01908182
v -0.07312499 0.02477478 0.01906434
v -0.07312499 0.02475390 0.01906806
v -0.07312499 0.02481132 0.01905687
v -0.07312499 0.02481820 0.01905514
v -0.06983898 0.02459205 0.01908297
v -0.06983898 0.02481132 0.01905687
v -0.07312499 0.02666487 0.01683321
v -0.07312499 0.02665836 0.01691533
v -0.07312499 0.02664182 0.01711329
v -0.07312499 0.02663355 0.01721079
v -0.07312499 0.02660871 0.01730534
v -0.07312499 0.02654571 0.01753940
v -0.07312499 0.02653956 0.01756137
v -0.07312499 0.02652912 0.01759494
v -0.07312499 0.02643914 0.01779146
v -0.07312499 0.02644448 0.01777985
v -0.06983898 0.02653956 0.01756137
v -0.06983898 0.02644035 0.01778886
v -0.07312499 0.02507992 0.01898568
v -0.07312499 0.02516115 0.01896363
v -0.07312499 0.02551098 0.01879956
v -0.07312499 0.02554230 0.01878090
v -0.07312499 0.02583380 0.01857641
v -0.07312499 0.02579027 0.01860752
v -0.07312499 0.02580058 0.01860016
v -0.07312499 0.02571205 0.01866224
v -0.07312499 0.02613231 0.01828488
v -0.07312499 0.02610913 0.01830879
v -0.07312499 0.02636205 0.01795668
v -0.07312499 0.02586081 0.01855713
v -0.07312499 0.02587112 0.01854694
v -0.06983898 0.02551098 0.01879956
v -0.06983898 0.02586081 0.01855713
v -0.05569145 0.02437797 0.01910163
v -0.05545196 0.02429964 0.01910163
v -0.05544341 0.02429994 0.01910163
v -0.05545196 0.02440407 0.01909791
v -0.05544341 0.02440800 0.01909791
v -0.05545196 0.02445108 0.01909416
v -0.05544341 0.02445759 0.01909416
v -0.05545196 0.02477478 0.01906434
v -0.05544341 0.02478057 0.01906434
v -0.05545196 0.02475390 0.01906806
v -0.05544341 0.02475642 0.01906806
v -0.05545196 0.02484789 0.01904568
v -0.05544341 0.02485176 0.01904568
v -0.05544341 0.02666880 0.01679682
v -0.05545196 0.02666487 0.01683786
v -0.05544341 0.02666751 0.01683786
v -0.05545196 0.02664399 0.01708773
v -0.05544341 0.02664591 0.01708773
v -0.05544341 0.02663700 0.01718469
v -0.05545196 0.02663355 0.01721079
v -0.05544341 0.02663445 0.01721079
v -0.05545196 0.02660220 0.01733013
v -0.05544341 0.02657724 0.01742712
v -0.05569145 0.02655000 0.01752408
v -0.05569145 0.02652912 0.01759494
v -0.05545196 0.02653434 0.01757256
v -0.05544341 0.02653782 0.01757256
v -0.05544341 0.02645772 0.01775529
v -0.05545196 0.02641425 0.01784481
v -0.05545196 0.02651868 0.01761732
v -0.05544341 0.02652129 0.01761732
v -0.05545196 0.02516115 0.01896363
v -0.05544341 0.02516457 0.01896363
v -0.05545196 0.02550054 0.01880328
v -0.05544341 0.02550408 0.01880328
v -0.05545196 0.02554230 0.01878090
v -0.05544341 0.02554731 0.01878090
v -0.05545196 0.02582946 0.01857951
v -0.05544341 0.02583213 0.01857951
v -0.05569145 0.02578770 0.01860936
v -0.05545196 0.02545353 0.01882566
v -0.05544341 0.02545956 0.01882566
v -0.05544341 0.02597709 0.01844151
v -0.05545196 0.02614275 0.01826250
v -0.05544341 0.02614872 0.01826250
v -0.05569145 0.02613231 0.01828488
v -0.05545196 0.02608008 0.01833711
v -0.05544341 0.02608260 0.01833711
v -0.05544341 0.02611695 0.01829979
v -0.05545196 0.02634636 0.01797534
v -0.05544341 0.02634837 0.01797534
v -0.05569145 0.02636205 0.01795668
v -0.05544341 0.02637378 0.01793433
v -0.05545196 0.02625762 0.01810215
v -0.05544341 0.02626317 0.01810215
v -0.05569145 0.02585037 0.01856460
v -0.05544341 0.02587026 0.01854594
v -0.05545196 0.02590257 0.01851237
v -0.03964496 0.01514493 0.01691244
v -0.03964340 0.01514184 0.01691244
v -0.03964340 0.01515762 0.01710639
v -0.03964496 0.01516146 0.01710639
v -0.03964496 0.01519833 0.01731150
v -0.03964496 0.01519197 0.01728165
v -0.03964340 0.01518915 0.01728165
v -0.03964496 0.01524411 0.01748679
v -0.03964340 0.01524042 0.01748679
v -0.03964496 0.01530258 0.01765089
v -0.03964340 0.01531137 0.01768443
v -0.03964496 0.01531659 0.01768443
v -0.03964496 0.01539795 0.01785972
v -0.03964340 0.01539417 0.01785972
v -0.03964496 0.01549332 0.01802754
v -0.03964340 0.01548879 0.01802754
v -0.03964496 0.01559376 0.01817673
v -0.03964340 0.01559130 0.01817673
v -0.03964496 0.01571457 0.01832592
v -0.03964340 0.01570959 0.01832592
v -0.03964340 0.01598952 0.01859442
v -0.03964496 0.01599429 0.01859442
v -0.03964496 0.01631472 0.01881075
v -0.03964340 0.01631280 0.01881075
v -0.03964340 0.01661244 0.01894872
v -0.03964496 0.01661862 0.01894872
v -0.03964496 0.01666821 0.01897110
v -0.03964340 0.01666368 0.01897110
v -0.03964340 0.01698303 0.01905315
v -0.03964496 0.01704330 0.01906806
v -0.03964340 0.01704219 0.01906806
v -0.03964496 0.01742859 0.01910163
v -0.03964340 0.01742463 0.01910163
v -0.03964496 0.02205951 0.01910163
v -0.03964340 0.02205717 0.01910163
v -0.04153642 0.02438385 0.01910163
v -0.04153642 0.02478057 0.01906434
v -0.04153642 0.02481618 0.01905687
v -0.04153642 0.02666880 0.01682667
v -0.04153642 0.02666244 0.01690125
v -0.04153642 0.02663574 0.01719960
v -0.04153642 0.02663826 0.01717350
v -0.04153642 0.02663190 0.01722198
v -0.04153642 0.02663445 0.01721079
v -0.04153642 0.02662557 0.01724811
v -0.04153642 0.02654163 0.01756137
v -0.04153642 0.02653146 0.01759494
v -0.04153642 0.02653527 0.01758375
v -0.04153642 0.02640051 0.01787838
v -0.04153642 0.02516583 0.01896363
v -0.04153642 0.02551551 0.01879956
v -0.04153642 0.02555748 0.01877343
v -0.04153642 0.02582196 0.01858698
v -0.04153642 0.02549262 0.01881075
v -0.04153642 0.02591478 0.01850493
v -0.04153642 0.02613474 0.01828488
v -0.04153642 0.02635599 0.01796787
v -0.04153642 0.02636361 0.01795668
v -0.04153642 0.02585247 0.01856460
v -0.04153642 0.02586138 0.01855713
v -0.03964496 0.02439402 0.01909791
v -0.03964340 0.02439120 0.01909791
v -0.03964496 0.02462799 0.01907925
v -0.03964340 0.02462382 0.01907925
v -0.03964496 0.02479074 0.01906062
v -0.03964340 0.02478942 0.01906062
v -0.03964496 0.02474751 0.01906806
v -0.03964340 0.02474604 0.01906806
v -0.03964496 0.02482506 0.01905315
v -0.03964340 0.02482095 0.01905315
v -0.03964496 0.02666880 0.01681548
v -0.03964340 0.02667003 0.01681548
v -0.03964496 0.02665098 0.01703178
v -0.03964496 0.02663574 0.01719960
v -0.03964340 0.02663454 0.01719960
v -0.03964496 0.02662683 0.01724064
v -0.03964340 0.02661090 0.01729659
v -0.03964496 0.02659503 0.01735998
v -0.03964496 0.02656578 0.01746813
v -0.03964496 0.02653401 0.01758375
v -0.03964340 0.02653203 0.01758375
v -0.03964496 0.02642847 0.01781871
v -0.03964496 0.02649459 0.01767699
v -0.03964496 0.02651748 0.01762476
v -0.03964340 0.02651628 0.01762476
v -0.03964496 0.02507937 0.01898601
v -0.03964340 0.02507721 0.01898601
v -0.03964496 0.02513406 0.01897110
v -0.03964340 0.02513241 0.01897110
v -0.03964496 0.02517474 0.01895619
v -0.03964340 0.02517183 0.01895619
v -0.03964496 0.02530443 0.01889652
v -0.03964340 0.02530194 0.01889652
v -0.03964496 0.02553585 0.01878837
v -0.03964340 0.02553456 0.01878837
v -0.03964496 0.02577999 0.01861680
v -0.03964340 0.02577900 0.01861680
v -0.03964496 0.02582577 0.01858323
v -0.03964496 0.02567445 0.01869138
v -0.03964496 0.02549772 0.01880700
v -0.03964340 0.02549514 0.01880700
v -0.03964496 0.02594655 0.01847136
v -0.03964496 0.02614110 0.01827369
v -0.03964340 0.02613777 0.01827369
v -0.03964496 0.02611185 0.01830726
v -0.03964340 0.02611017 0.01830726
v -0.03964340 0.02618508 0.01821030
v -0.03964496 0.02616018 0.01824759
v -0.03964340 0.02615748 0.01824759
v -0.03964496 0.02634456 0.01798281
v -0.03964496 0.02631276 0.01803129
v -0.03964340 0.02631126 0.01803129
v -0.03964496 0.02636745 0.01794549
v -0.03964496 0.02638269 0.01791567
v -0.03964340 0.02636646 0.01794549
v -0.03964496 0.02586009 0.01855713
v -0.03964340 0.02585784 0.01855713
v -0.02738315 0.02437938 0.01910163
v -0.02738315 0.02467902 0.01907553
v -0.02738315 0.02477757 0.01906434
v -0.02738315 0.02653203 0.01759494
v -0.02738315 0.02516394 0.01896363
v -0.02738315 0.02613384 0.01828488
v -0.02738315 0.02636250 0.01795668
v -0.02738315 0.02584998 0.01856460
v -0.01323488 0.02481306 0.01905687
v -0.01323488 0.02663061 0.01722198
v -0.01323488 0.02640981 0.01785600
v -0.01323488 0.02551485 0.01879956
v -0.01323488 0.02591304 0.01850493
v 0.00087469 -0.02554737 -0.01867764
v 0.00087469 -0.02653830 -0.01746930
v 0.01502764 -0.02610867 -0.01820772
v 0.01502764 -0.02591433 -0.01840167
v 0.01502764 -0.02580180 -0.01849863
v 0.01502764 -0.02661246 -0.01719333
v 0.02916970 -0.02585295 -0.01846134
v 0.02916970 -0.02616366 -0.01814061
v 0.02916970 -0.02581203 -0.01849116
v 0.02916970 -0.02653191 -0.01749168
v 0.02916970 -0.02663931 -0.01705905
v 0.03972184 -0.02589516 -0.01842030
v 0.03972184 -0.02634012 -0.01788699
v 0.03973273 -0.02616879 -0.01813314
v 0.03972184 -0.02534919 -0.01877460
v 0.03972184 -0.02638869 -0.01780122
v 0.03972184 -0.02658432 -0.01729773
v 0.03972184 -0.02487354 -0.01893870
v 0.03973273 -0.02472138 -0.01896855
v 0.03972184 -0.02438382 -0.01899837
v 0.04332262 -0.02586063 -0.01845387
v 0.04332262 -0.02585169 -0.01846134
v 0.04332262 -0.02613426 -0.01818162
v 0.04332262 -0.02603709 -0.01827858
v 0.04332262 -0.02582100 -0.01848372
v 0.04332262 -0.02516505 -0.01886037
v 0.04332262 -0.02662524 -0.01714485
v 0.04332262 -0.02663163 -0.01711872
v 0.04332262 -0.02663547 -0.01709634
v 0.04332262 -0.02663802 -0.01707024
v 0.04332262 -0.02666232 -0.01679799
v 0.04332262 -0.02666871 -0.01672341
v 0.04332262 -0.02481600 -0.01895361
v 0.04332262 -0.02478021 -0.01896108
v 0.04332262 -0.02459481 -0.01897971
v 0.04332262 -0.02438256 -0.01899837
v 0.03972184 -0.02667000 -0.01592904
v 0.03740473 -0.01360764 -0.01899837
v 0.03740671 -0.01360764 -0.01899837
v 0.03776371 -0.01360764 -0.01896855
v 0.03777964 -0.01360764 -0.01896855
v 0.03811183 -0.01360764 -0.01888275
v 0.03811372 -0.01360764 -0.01888275
v 0.03814447 -0.01360764 -0.01887156
v 0.03815257 -0.01360764 -0.01887156
v 0.03845992 -0.01360764 -0.01874103
v 0.03845560 -0.01360764 -0.01874103
v 0.03848668 -0.01360764 -0.01872612
v 0.03877540 -0.01360764 -0.01854339
v 0.03877414 -0.01360764 -0.01854339
v 0.03904738 -0.01360764 -0.01829724
v 0.03905383 -0.01360764 -0.01829724
v 0.03927583 -0.01360764 -0.01801008
v 0.03928693 -0.01360764 -0.01801008
v 0.03937372 -0.01360764 -0.01785342
v 0.03938794 -0.01360764 -0.01785342
v 0.03946075 -0.01360764 -0.01768935
v 0.03947338 -0.01360764 -0.01768935
v 0.03953692 -0.01360764 -0.01751778
v 0.03955108 -0.01360764 -0.01751778
v 0.03960217 -0.01360764 -0.01734249
v 0.03960547 -0.01360764 -0.01734249
v 0.03963481 -0.01360764 -0.01716348
v 0.03965209 -0.01360764 -0.01716348
v 0.03966745 -0.01360764 -0.01698075
v 0.03968317 -0.01360764 -0.01698075
v 0.03968920 -0.01360764 -0.01679427
v 0.03969871 -0.01360764 -0.01679427
v 0.03968920 -0.01360764 -0.01652574
v 0.03969094 -0.01360764 -0.01652574
v 0.05562622 -0.02590494 -0.01840539
v 0.05562622 -0.02590923 -0.01840539
v 0.05562622 -0.02586840 -0.01843896
v 0.05562622 -0.02587341 -0.01843896
v 0.05562622 -0.02635917 -0.01785342
v 0.05562622 -0.02636313 -0.01785342
v 0.05562622 -0.02637483 -0.01782732
v 0.05562622 -0.02637591 -0.01782732
v 0.05562622 -0.02615034 -0.01815552
v 0.05562622 -0.02610996 -0.01820400
v 0.05562622 -0.02613465 -0.01817790
v 0.05562622 -0.02613552 -0.01817790
v 0.05562622 -0.02600415 -0.01830843
v 0.05562622 -0.02600640 -0.01830843
v 0.05562622 -0.02623269 -0.01803990
v 0.05562622 -0.02570592 -0.01856577
v 0.05562622 -0.02582142 -0.01847997
v 0.05562622 -0.02582484 -0.01847997
v 0.05562622 -0.02552436 -0.01869255
v 0.05562622 -0.02552382 -0.01869255
v 0.05562622 -0.02523144 -0.01882683
v 0.05562622 -0.02523666 -0.01882683
v 0.05562622 -0.02516358 -0.01885665
v 0.05562622 -0.02516634 -0.01885665
v 0.05562622 -0.02513223 -0.01886784
v 0.05562622 -0.02513181 -0.01886784
v 0.05562622 -0.02505000 -0.01889022
v 0.05747692 -0.02584752 -0.01846134
v 0.05747692 -0.02635917 -0.01785342
v 0.05747692 -0.02613465 -0.01818162
v 0.05747692 -0.02600937 -0.01830471
v 0.05747692 -0.02583186 -0.01847625
v 0.05747692 -0.02515836 -0.01886037
v 0.05747692 -0.02518446 -0.01884918
v 0.05562622 -0.02652624 -0.01749540
v 0.05562622 -0.02653062 -0.01749540
v 0.05562622 -0.02655234 -0.01741710
v 0.05562622 -0.02660349 -0.01722315
v 0.05562622 -0.02663064 -0.01710753
v 0.05562622 -0.02663418 -0.01710753
v 0.05562622 -0.02664111 -0.01702923
v 0.05562622 -0.02664186 -0.01702923
v 0.05562622 -0.02666721 -0.01671222
v 0.05562622 -0.02666871 -0.01671222
v 0.05747692 -0.02652102 -0.01751406
v 0.05747692 -0.02653668 -0.01746930
v 0.05747692 -0.02663064 -0.01710753
v 0.05747692 -0.02662542 -0.01712991
v 0.05747692 -0.02663589 -0.01708143
v 0.05747692 -0.02666721 -0.01673460
v 0.05562622 -0.02485554 -0.01894242
v 0.05562622 -0.02485563 -0.01894242
v 0.05562622 -0.02474589 -0.01896480
v 0.05562622 -0.02475078 -0.01896480
v 0.05562622 -0.02477199 -0.01896108
v 0.05562622 -0.02477892 -0.01896108
v 0.05562622 -0.02450052 -0.01898718
v 0.05562622 -0.02450145 -0.01898718
v 0.05562622 -0.02440653 -0.01899465
v 0.05562622 -0.02440812 -0.01899465
v 0.05562622 -0.02404629 -0.01899837
v 0.05562622 -0.02404884 -0.01899837
v 0.05747692 -0.02475111 -0.01896480
v 0.05747692 -0.02477721 -0.01896108
v 0.05747692 -0.02450574 -0.01898718
v 0.05747692 -0.02438043 -0.01899837
v 0.06438337 -0.02586318 -0.01845015
v 0.06439003 -0.02586435 -0.01845015
v 0.06439003 -0.02625891 -0.01800261
v 0.06438337 -0.02637483 -0.01782360
v 0.06439003 -0.02637474 -0.01782360
v 0.06438337 -0.02630694 -0.01793175
v 0.06438337 -0.02634873 -0.01786836
v 0.06439003 -0.02635056 -0.01786836
v 0.06439003 -0.02616600 -0.01813314
v 0.06438337 -0.02611899 -0.01819281
v 0.06439003 -0.02612019 -0.01819281
v 0.06439003 -0.02614437 -0.01816299
v 0.06439003 -0.02596236 -0.01835319
v 0.06438337 -0.02603025 -0.01828233
v 0.06439003 -0.02603235 -0.01828233
v 0.06438337 -0.02622342 -0.01805109
v 0.06439003 -0.02577399 -0.01851726
v 0.06439003 -0.02583636 -0.01847253
v 0.06438337 -0.02557080 -0.01865898
v 0.06439003 -0.02557161 -0.01865898
v 0.06438337 -0.02550294 -0.01870002
v 0.06439003 -0.02550795 -0.01870002
v 0.06439003 -0.02539596 -0.01875222
v 0.06438337 -0.02525754 -0.01881564
v 0.06439003 -0.02525976 -0.01881564
v 0.06438337 -0.02512179 -0.01887156
v 0.06438337 -0.02514267 -0.01886412
v 0.06439003 -0.02512230 -0.01887156
v 0.06439003 -0.02514522 -0.01886412
v 0.06438337 -0.02518968 -0.01884546
v 0.06439003 -0.02519232 -0.01884546
v 0.06439003 -0.02647020 -0.01762221
v 0.06439003 -0.02652237 -0.01751031
v 0.06439003 -0.02638620 -0.01780122
v 0.06438337 -0.02653146 -0.01748796
v 0.06439003 -0.02653128 -0.01748796
v 0.06439003 -0.02654529 -0.01743945
v 0.06438337 -0.02658888 -0.01727163
v 0.06439003 -0.02658984 -0.01727163
v 0.06438337 -0.02662542 -0.01712619
v 0.06439003 -0.02662803 -0.01712619
v 0.06438337 -0.02663589 -0.01707771
v 0.06439003 -0.02663439 -0.01710009
v 0.06438337 -0.02666721 -0.01673088
v 0.06439003 -0.02666493 -0.01675326
v 0.06439003 -0.02666622 -0.01673088
v 0.06439003 -0.02488047 -0.01893498
v 0.06438337 -0.02480853 -0.01895361
v 0.06439003 -0.02480919 -0.01895361
v 0.06438337 -0.02477199 -0.01896108
v 0.06439003 -0.02477355 -0.01896108
v 0.06438337 -0.02471979 -0.01896855
v 0.06439003 -0.02472264 -0.01896855
v 0.06438337 -0.02454750 -0.01898346
v 0.06439003 -0.02454954 -0.01898346
v 0.06438337 -0.02439609 -0.01899465
v 0.06439003 -0.02440062 -0.01899465
v 0.07163140 -0.02585163 -0.01846134
v 0.07163140 -0.02586054 -0.01845387
v 0.07312500 -0.02586958 -0.01844522
v 0.07312500 -0.02586057 -0.01845387
v 0.07312500 -0.02585167 -0.01846134
v 0.07312500 -0.02586622 -0.01844851
v 0.07312500 -0.02586400 -0.01845066
v 0.07312500 -0.02586032 -0.01845408
v 0.07312500 -0.02585129 -0.01846162
v 0.07163140 -0.02636202 -0.01785342
v 0.07163140 -0.02632638 -0.01790565
v 0.07163140 -0.02613291 -0.01818162
v 0.07312500 -0.02626302 -0.01799696
v 0.07312500 -0.02636428 -0.01784873
v 0.07312500 -0.02636206 -0.01785342
v 0.07312500 -0.02636276 -0.01785194
v 0.07312500 -0.02632743 -0.01790416
v 0.07312500 -0.02632588 -0.01790642
v 0.07312500 -0.02613320 -0.01818127
v 0.07312500 -0.02613227 -0.01818231
v 0.07312500 -0.02613294 -0.01818162
v 0.07312500 -0.02598240 -0.01833328
v 0.07312500 -0.02595320 -0.01836250
v 0.07312500 -0.02624773 -0.01801880
v 0.07163140 -0.02580072 -0.01849863
v 0.07163140 -0.02555634 -0.01867017
v 0.07163140 -0.02551434 -0.01869630
v 0.07163140 -0.02516430 -0.01886037
v 0.07312500 -0.02550586 -0.01870104
v 0.07312500 -0.02546108 -0.01872197
v 0.07312500 -0.02580134 -0.01849821
v 0.07312500 -0.02580061 -0.01849874
v 0.07312500 -0.02583610 -0.01847291
v 0.07312500 -0.02556322 -0.01866537
v 0.07312500 -0.02555598 -0.01867043
v 0.07312500 -0.02555960 -0.01866790
v 0.07312500 -0.02551546 -0.01869564
v 0.07312500 -0.02550900 -0.01869951
v 0.07312500 -0.02551437 -0.01869630
v 0.07312500 -0.02516433 -0.01886037
v 0.07163140 -0.02644092 -0.01768560
v 0.07163140 -0.02653002 -0.01749168
v 0.07163140 -0.02653383 -0.01748049
v 0.07163140 -0.02654019 -0.01745811
v 0.07312500 -0.02651957 -0.01751688
v 0.07312500 -0.02652237 -0.01751069
v 0.07312500 -0.02651041 -0.01753660
v 0.07312500 -0.02644092 -0.01768571
v 0.07312500 -0.02653165 -0.01748741
v 0.07312500 -0.02652359 -0.01750776
v 0.07312500 -0.02653005 -0.01749168
v 0.07312500 -0.02653128 -0.01748847
v 0.07312500 -0.02653386 -0.01748049
v 0.07312500 -0.02654022 -0.01745811
v 0.07312500 -0.02654477 -0.01744200
v 0.07312500 -0.02655627 -0.01739912
v 0.07163140 -0.02661783 -0.01716720
v 0.07163140 -0.02663058 -0.01711872
v 0.07163140 -0.02663313 -0.01710753
v 0.07163140 -0.02666877 -0.01671222
v 0.07312500 -0.02661803 -0.01716661
v 0.07312500 -0.02663316 -0.01710753
v 0.07312500 -0.02663439 -0.01710111
v 0.07312500 -0.02663045 -0.01711941
v 0.07312500 -0.02663061 -0.01711872
v 0.07312500 -0.02663457 -0.01710009
v 0.07312500 -0.02666860 -0.01671449
v 0.07312500 -0.02666880 -0.01671222
v 0.07163140 -0.02481555 -0.01895361
v 0.07163140 -0.02477865 -0.01896108
v 0.07163140 -0.02438154 -0.01899837
v 0.07312500 -0.02481558 -0.01895361
v 0.07312500 -0.02481531 -0.01895368
v 0.07312500 -0.02477911 -0.01896101
v 0.07312500 -0.02477827 -0.01896115
v 0.07312500 -0.02472624 -0.01896817
v 0.07312500 -0.02471647 -0.01896910
v 0.07312500 -0.02472264 -0.01896855
v 0.07312500 -0.02467612 -0.01897263
v 0.07312500 -0.02438157 -0.01899837
v 0.06439003 -0.02666877 -0.01619757
v 0.07312500 -0.02666891 -0.01625524
v 0.06438337 -0.02307519 -0.01899837
v 0.06439003 -0.02307564 -0.01899837
v 0.05562622 -0.01596543 -0.01899837
v 0.05562622 -0.01559847 -0.01896855
v 0.05562622 -0.01524045 -0.01887903
v 0.05562622 -0.01487859 -0.01871865
v 0.05562622 -0.01457430 -0.01852473
v 0.05562622 -0.01430451 -0.01827858
v 0.05562622 -0.01407945 -0.01800261
v 0.05562622 -0.01398357 -0.01784970
v 0.05562622 -0.01389663 -0.01768188
v 0.05562622 -0.01382502 -0.01751406
v 0.05562622 -0.01376877 -0.01733877
v 0.05562622 -0.01372530 -0.01715976
v 0.05562622 -0.01369587 -0.01698075
v 0.05562622 -0.01368054 -0.01679427
v 0.05562622 -0.01368180 -0.01660035
v 0.06438421 -0.01366446 -0.01899837
v 0.06439003 -0.01366839 -0.01899837
v 0.07312500 -0.01366839 -0.01899837
v 0.07312500 -0.01366446 -0.01899837
v 0.00087469 -0.02653830 0.01757256
v 0.00087469 -0.02643729 0.01780005
v 0.00087469 -0.02554737 0.01878090
v 0.00087469 -0.02475591 0.01906806
v 0.01502764 -0.02661246 0.01729659
v 0.01502764 -0.02610867 0.01831098
v 0.01502764 -0.02591433 0.01850493
v 0.01502764 -0.02580180 0.01860189
v 0.02916970 -0.02663931 0.01716231
v 0.02916970 -0.02653191 0.01759494
v 0.02916970 -0.02616366 0.01824387
v 0.02916970 -0.02585295 0.01856460
v 0.02916970 -0.02581203 0.01859442
v 0.02916970 -0.02438382 0.01910163
v 0.03592525 -0.01360764 0.01910163
v 0.03594604 -0.01360764 0.01910163
v 0.03631687 -0.01360764 0.01906806
v 0.03628423 -0.01360764 0.01907181
v 0.03629566 -0.01360764 0.01907181
v 0.03632674 -0.01360764 0.01906806
v 0.03972184 -0.02667000 0.01681548
v 0.03972184 -0.02655876 0.01749798
v 0.03972184 -0.02638869 0.01790448
v 0.03973273 -0.02616879 0.01823640
v 0.03972184 -0.02589516 0.01852356
v 0.03972184 -0.02550135 0.01880700
v 0.03973273 -0.02550135 0.01880700
v 0.03972184 -0.02487354 0.01904196
v 0.03973273 -0.02472138 0.01907181
v 0.03972184 -0.02472138 0.01907181
v 0.04332262 -0.02663802 0.01717350
v 0.04332262 -0.02663547 0.01719960
v 0.04332262 -0.02663163 0.01722198
v 0.04332262 -0.02662524 0.01724811
v 0.04332262 -0.02613426 0.01828488
v 0.04332262 -0.02585169 0.01856460
v 0.04332262 -0.02586063 0.01855713
v 0.04332262 -0.02582100 0.01858698
v 0.04332262 -0.02516505 0.01896363
v 0.04332262 -0.02481600 0.01905687
v 0.04332262 -0.02478021 0.01906434
v 0.04332262 -0.02459481 0.01908297
v 0.04332262 -0.02438256 0.01910163
v 0.03829675 -0.01360764 0.01529013
v 0.03823027 -0.01360764 0.01692363
v 0.03819886 -0.01360764 0.01710639
v 0.03821473 -0.01360764 0.01710639
v 0.03817708 -0.01360764 0.01729659
v 0.03817588 -0.01360764 0.01729659
v 0.03812269 -0.01360764 0.01748679
v 0.03812926 -0.01360764 0.01748679
v 0.03805744 -0.01360764 0.01766952
v 0.03806710 -0.01360764 0.01766952
v 0.03798127 -0.01360764 0.01784481
v 0.03798943 -0.01360764 0.01784481
v 0.03765493 -0.01360764 0.01832592
v 0.03766309 -0.01360764 0.01832592
v 0.03787249 -0.01360764 0.01802382
v 0.03788065 -0.01360764 0.01802382
v 0.03777460 -0.01360764 0.01817301
v 0.03777964 -0.01360764 0.01817301
v 0.03737209 -0.01360764 0.01859442
v 0.03738340 -0.01360764 0.01859442
v 0.03705661 -0.01360764 0.01881075
v 0.03700270 -0.01360764 0.01883685
v 0.03705709 -0.01360764 0.01881075
v 0.03669763 -0.01360764 0.01897110
v 0.03670744 -0.01360764 0.01897110
v 0.05562622 -0.02666871 0.01681548
v 0.05562622 -0.02666721 0.01684158
v 0.05562622 -0.02666745 0.01684158
v 0.05562622 -0.02664954 0.01704672
v 0.05562622 -0.02664111 0.01713249
v 0.05562622 -0.02664186 0.01713249
v 0.05562622 -0.02663064 0.01721079
v 0.05562622 -0.02663418 0.01721079
v 0.05562622 -0.02662653 0.01724064
v 0.05562622 -0.02660976 0.01728912
v 0.05562622 -0.02661372 0.01728912
v 0.05562622 -0.02657793 0.01742337
v 0.05562622 -0.02652624 0.01759866
v 0.05562622 -0.02653062 0.01759866
v 0.05747692 -0.02653668 0.01757256
v 0.05747692 -0.02652102 0.01761732
v 0.05562622 -0.02637483 0.01793058
v 0.05562622 -0.02637591 0.01793058
v 0.05562622 -0.02635917 0.01795668
v 0.05562622 -0.02636313 0.01795668
v 0.05562622 -0.02634777 0.01797906
v 0.05562622 -0.02615034 0.01825878
v 0.05562622 -0.02613465 0.01828116
v 0.05562622 -0.02613552 0.01828116
v 0.05562622 -0.02610996 0.01830726
v 0.05562622 -0.02596758 0.01844898
v 0.05562622 -0.02597058 0.01844898
v 0.05562622 -0.02590494 0.01850865
v 0.05562622 -0.02590923 0.01850865
v 0.05562622 -0.02586840 0.01854222
v 0.05562622 -0.02587341 0.01854222
v 0.05562622 -0.02582664 0.01857951
v 0.05562622 -0.02582994 0.01857951
v 0.05562622 -0.02570592 0.01866903
v 0.05562622 -0.02552436 0.01879581
v 0.05562622 -0.02552382 0.01879581
v 0.05562622 -0.02518968 0.01894872
v 0.05562622 -0.02519448 0.01894872
v 0.05562622 -0.02516358 0.01895991
v 0.05562622 -0.02516634 0.01895991
v 0.05562622 -0.02504349 0.01899348
v 0.05562622 -0.02505000 0.01899348
v 0.05747692 -0.02635917 0.01795668
v 0.05747692 -0.02613465 0.01828488
v 0.05747692 -0.02584752 0.01856460
v 0.05747692 -0.02583186 0.01857951
v 0.05747692 -0.02518446 0.01895244
v 0.05747692 -0.02515836 0.01896363
v 0.05562622 -0.02494002 0.01902330
v 0.05562622 -0.02485554 0.01904568
v 0.05562622 -0.02485563 0.01904568
v 0.05562622 -0.02477199 0.01906434
v 0.05562622 -0.02477892 0.01906434
v 0.05562622 -0.02474589 0.01906806
v 0.05562622 -0.02475078 0.01906806
v 0.05562622 -0.02450052 0.01909044
v 0.05562622 -0.02450145 0.01909044
v 0.05562622 -0.02441175 0.01909791
v 0.05562622 -0.02441580 0.01909791
v 0.05747692 -0.02477721 0.01906434
v 0.05747692 -0.02475111 0.01906806
v 0.05747692 -0.02450574 0.01909044
v 0.05747692 -0.02438043 0.01910163
v 0.05562622 -0.02286114 0.01910163
v 0.05562622 -0.02286483 0.01910163
v 0.06439003 -0.02666877 0.01630083
v 0.07312500 -0.02666891 0.01635850
v 0.06438337 -0.02666721 0.01683414
v 0.06439003 -0.02666622 0.01683414
v 0.06439003 -0.02666493 0.01685652
v 0.06439003 -0.02665602 0.01695720
v 0.06439003 -0.02663820 0.01715487
v 0.06439003 -0.02663565 0.01718097
v 0.06438337 -0.02663064 0.01721826
v 0.06439003 -0.02663184 0.01721826
v 0.06439003 -0.02661912 0.01726674
v 0.06438337 -0.02657322 0.01743456
v 0.06439003 -0.02654148 0.01755390
v 0.06438337 -0.02652624 0.01760238
v 0.06439003 -0.02652747 0.01760238
v 0.06439003 -0.02653512 0.01757628
v 0.06439003 -0.02651220 0.01763595
v 0.06438337 -0.02638527 0.01790448
v 0.06439003 -0.02638620 0.01790448
v 0.06439003 -0.02635818 0.01796043
v 0.06438337 -0.02635395 0.01796043
v 0.06438337 -0.02630694 0.01803501
v 0.06439003 -0.02625891 0.01810587
v 0.06438337 -0.02622342 0.01815435
v 0.06439003 -0.02616600 0.01823640
v 0.06438337 -0.02613990 0.01826625
v 0.06439003 -0.02614437 0.01826625
v 0.06438337 -0.02610333 0.01831473
v 0.06439003 -0.02610237 0.01831473
v 0.06439003 -0.02603235 0.01838559
v 0.06438337 -0.02586318 0.01855341
v 0.06439003 -0.02586435 0.01855341
v 0.06439003 -0.02581599 0.01859070
v 0.06439003 -0.02577399 0.01862052
v 0.06438337 -0.02557080 0.01876224
v 0.06439003 -0.02557161 0.01876224
v 0.06438337 -0.02553948 0.01878090
v 0.06439003 -0.02554107 0.01878090
v 0.06438337 -0.02549250 0.01880700
v 0.06439003 -0.02547360 0.01881819
v 0.06439003 -0.02549652 0.01880700
v 0.06438337 -0.02547159 0.01881819
v 0.06438337 -0.02524710 0.01892262
v 0.06439003 -0.02524959 0.01892262
v 0.06438337 -0.02517924 0.01895244
v 0.06439003 -0.02518086 0.01895244
v 0.06438337 -0.02512179 0.01897482
v 0.06438337 -0.02514267 0.01896738
v 0.06439003 -0.02512230 0.01897482
v 0.06439003 -0.02514522 0.01896738
v 0.06439003 -0.02488047 0.01903824
v 0.06438337 -0.02480853 0.01905687
v 0.06439003 -0.02480919 0.01905687
v 0.06438337 -0.02477199 0.01906434
v 0.06439003 -0.02477355 0.01906434
v 0.06438337 -0.02471979 0.01907181
v 0.06439003 -0.02472264 0.01907181
v 0.06438337 -0.02454750 0.01908672
v 0.06439003 -0.02454954 0.01908672
v 0.06438337 -0.02439609 0.01909791
v 0.06439003 -0.02440062 0.01909791
v 0.06438337 -0.02392098 0.01910163
v 0.06439003 -0.02392332 0.01910163
v 0.07163140 -0.02666877 0.01681548
v 0.07163140 -0.02663439 0.01719960
v 0.07163140 -0.02663694 0.01717350
v 0.07163140 -0.02663313 0.01721079
v 0.07163140 -0.02662422 0.01724811
v 0.07312500 -0.02666822 0.01682209
v 0.07312500 -0.02666860 0.01681774
v 0.07312500 -0.02666880 0.01681548
v 0.07312500 -0.02665509 0.01697034
v 0.07312500 -0.02663697 0.01717350
v 0.07312500 -0.02663730 0.01716988
v 0.07312500 -0.02663442 0.01719960
v 0.07312500 -0.02663316 0.01721079
v 0.07312500 -0.02663097 0.01722235
v 0.07312500 -0.02663219 0.01721724
v 0.07312500 -0.02663197 0.01721826
v 0.07312500 -0.02662425 0.01724811
v 0.07312500 -0.02661999 0.01726419
v 0.07312500 -0.02660849 0.01730707
v 0.07163140 -0.02653383 0.01758375
v 0.07163140 -0.02644092 0.01778886
v 0.07312500 -0.02652392 0.01761060
v 0.07312500 -0.02653383 0.01758386
v 0.07312500 -0.02652840 0.01760019
v 0.07312500 -0.02653386 0.01758375
v 0.07312500 -0.02653403 0.01758316
v 0.07312500 -0.02652760 0.01760238
v 0.07312500 -0.02652799 0.01760136
v 0.07312500 -0.02651089 0.01763924
v 0.07312500 -0.02650122 0.01765995
v 0.07312500 -0.02643958 0.01779181
v 0.07312500 -0.02644069 0.01778945
v 0.07163140 -0.02636202 0.01795668
v 0.07163140 -0.02632638 0.01800891
v 0.07163140 -0.02613291 0.01828488
v 0.07312500 -0.02636206 0.01795668
v 0.07312500 -0.02636276 0.01795520
v 0.07312500 -0.02632588 0.01800968
v 0.07312500 -0.02632743 0.01800742
v 0.07312500 -0.02626302 0.01810022
v 0.07312500 -0.02624773 0.01812206
v 0.07312500 -0.02613227 0.01828557
v 0.07312500 -0.02613294 0.01828488
v 0.07312500 -0.02613320 0.01828453
v 0.07312500 -0.02604281 0.01837538
v 0.07312500 -0.02601291 0.01840530
v 0.07163140 -0.02585163 0.01856460
v 0.07163140 -0.02586054 0.01855713
v 0.07312500 -0.02586400 0.01855392
v 0.07312500 -0.02586032 0.01855734
v 0.07312500 -0.02585129 0.01856488
v 0.07312500 -0.02586958 0.01854848
v 0.07312500 -0.02586622 0.01855177
v 0.07312500 -0.02586057 0.01855713
v 0.07312500 -0.02585167 0.01856460
v 0.07163140 -0.02580072 0.01860189
v 0.07163140 -0.02555634 0.01877343
v 0.07163140 -0.02551434 0.01879956
v 0.07163140 -0.02549142 0.01881075
v 0.07163140 -0.02516430 0.01896363
v 0.07312500 -0.02580061 0.01860200
v 0.07312500 -0.02581779 0.01858957
v 0.07312500 -0.02580134 0.01860147
v 0.07312500 -0.02555598 0.01877369
v 0.07312500 -0.02555960 0.01877116
v 0.07312500 -0.02556322 0.01876863
v 0.07312500 -0.02551437 0.01879956
v 0.07312500 -0.02551546 0.01879890
v 0.07312500 -0.02549145 0.01881075
v 0.07312500 -0.02516433 0.01896363
v 0.07163140 -0.02481555 0.01905687
v 0.07163140 -0.02477865 0.01906434
v 0.07163140 -0.02438154 0.01910163
v 0.07312500 -0.02481531 0.01905694
v 0.07312500 -0.02481558 0.01905687
v 0.07312500 -0.02477868 0.01906434
v 0.07312500 -0.02477911 0.01906427
v 0.07312500 -0.02477780 0.01906447
v 0.07312500 -0.02472824 0.01907115
v 0.07312500 -0.02472212 0.01907181
v 0.07312500 -0.02471647 0.01907236
v 0.07312500 -0.02467612 0.01907589
v 0.07312500 -0.02438157 0.01910163
v 0.05562622 -0.01742943 0.01910163
v 0.05562622 -0.01704330 0.01906806
v 0.05562622 -0.01514583 0.01691244
v 0.05562622 -0.01516116 0.01709145
v 0.05562622 -0.01519314 0.01728165
v 0.05562622 -0.01523916 0.01746813
v 0.05562622 -0.01524939 0.01750170
v 0.05562622 -0.01530948 0.01766952
v 0.05562622 -0.01539003 0.01784481
v 0.05562622 -0.01666866 0.01897110
v 0.05562622 -0.01631577 0.01881075
v 0.05562622 -0.01599483 0.01859442
v 0.05562622 -0.01548465 0.01801635
v 0.05562622 -0.01558185 0.01815807
v 0.05562622 -0.01560612 0.01819164
v 0.05562622 -0.01571481 0.01832592
v 0.06438421 -0.01366446 0.01910163
v 0.06439003 -0.01366839 0.01910163
v 0.07312500 -0.01366839 0.01910163
v 0.07312500 -0.01366446 0.01910163
v 0.00089005 0.02475393 -0.01896480
v 0.00089005 0.02489979 -0.01893123
v 0.00089005 0.02554638 -0.01867764
v 0.00089005 0.02579082 -0.01850610
v 0.01503055 0.02551485 -0.01869630
v 0.01503055 0.02591304 -0.01840167
v 0.01503055 0.02663061 -0.01711872
v 0.01503055 0.02663454 -0.01709634
v 0.02917882 0.02437938 -0.01899837
v 0.02917882 0.02588544 -0.01842777
v 0.02917882 0.02613384 -0.01818162
v 0.02917882 0.02636250 -0.01785342
v 0.02917882 0.02653203 -0.01749168
v 0.02917882 0.02667003 -0.01671222
v 0.03973756 0.01408062 -0.01800633
v 0.03972202 0.01408128 -0.01800633
v 0.03973756 0.01398525 -0.01785342
v 0.03972202 0.01398273 -0.01785342
v 0.03972202 0.01489740 -0.01873359
v 0.03973756 0.01490076 -0.01873359
v 0.03973756 0.01458924 -0.01853592
v 0.03972202 0.01458594 -0.01853592
v 0.03973756 0.01431330 -0.01828977
v 0.03972202 0.01430994 -0.01828977
v 0.03973756 0.01389624 -0.01768188
v 0.03972202 0.01389204 -0.01768188
v 0.03973756 0.01382631 -0.01751406
v 0.03972202 0.01382502 -0.01751406
v 0.03973756 0.01376784 -0.01734249
v 0.03972202 0.01376589 -0.01734249
v 0.03973756 0.01372458 -0.01715976
v 0.03972202 0.01372251 -0.01715976
v 0.03973756 0.01369536 -0.01698075
v 0.03972202 0.01369491 -0.01698075
v 0.03973756 0.01368135 -0.01679427
v 0.03972202 0.01367913 -0.01679427
v 0.03972202 0.01520886 -0.01886784
v 0.03973756 0.01521102 -0.01886784
v 0.03973756 0.01524024 -0.01887903
v 0.03972202 0.01523646 -0.01887903
v 0.03973756 0.01559754 -0.01896855
v 0.03972202 0.01559130 -0.01896855
v 0.03973756 0.01596501 -0.01899837
v 0.03972202 0.01596192 -0.01899837
v 0.03973756 0.01368135 -0.01661154
v 0.03972202 0.01367913 -0.01661154
v 0.03973756 0.01368390 -0.01653693
v 0.03973756 0.02352297 -0.01899837
v 0.03972202 0.02351988 -0.01899837
v 0.03973756 0.02442321 -0.01899465
v 0.03972202 0.02442273 -0.01899465
v 0.03973756 0.02472204 -0.01896855
v 0.03972202 0.02471844 -0.01896855
v 0.03973756 0.02478942 -0.01896108
v 0.03972202 0.02478942 -0.01896108
v 0.03973756 0.02516580 -0.01886037
v 0.03972202 0.02516394 -0.01886037
v 0.03973756 0.02550147 -0.01870374
v 0.03972202 0.02549907 -0.01870374
v 0.03973756 0.02554980 -0.01867392
v 0.03972202 0.02554638 -0.01867392
v 0.03973756 0.02562609 -0.01862169
v 0.03972202 0.02573562 -0.01854339
v 0.03973756 0.02584479 -0.01846878
v 0.03972202 0.02584209 -0.01846878
v 0.03973756 0.02595159 -0.01836438
v 0.03972202 0.02594853 -0.01836438
v 0.03973756 0.02609274 -0.01822266
v 0.03972202 0.02609046 -0.01822266
v 0.03973756 0.02612835 -0.01818534
v 0.03972202 0.02612595 -0.01818534
v 0.03973756 0.02616903 -0.01813314
v 0.03972202 0.02616537 -0.01813314
v 0.03973756 0.02631906 -0.01791684
v 0.03972202 0.02631519 -0.01791684
v 0.03973756 0.02634705 -0.01787580
v 0.03972202 0.02634279 -0.01787580
v 0.03973756 0.02637501 -0.01782732
v 0.03972202 0.02637432 -0.01782732
v 0.03973756 0.02640426 -0.01776765
v 0.03972202 0.02640192 -0.01776765
v 0.03973756 0.02651487 -0.01752897
v 0.03973756 0.02652759 -0.01749912
v 0.03972202 0.02652414 -0.01749912
v 0.03973756 0.02653905 -0.01746558
v 0.03972202 0.02653599 -0.01746558
v 0.03973756 0.02656320 -0.01737606
v 0.03973756 0.02663442 -0.01710753
v 0.03973756 0.02662806 -0.01713366
v 0.03972202 0.02663061 -0.01710753
v 0.03973756 0.02663694 -0.01708143
v 0.03973756 0.02664585 -0.01698819
v 0.03972202 0.02664243 -0.01698819
v 0.03972202 0.02666214 -0.01678680
v 0.03973756 0.02666748 -0.01673832
v 0.03973756 0.02666874 -0.01671222
v 0.03972202 0.02666610 -0.01671222
v 0.04333180 0.02438379 -0.01899837
v 0.04333180 0.02459487 -0.01897971
v 0.04333180 0.02516580 -0.01886037
v 0.04333180 0.02551545 -0.01869630
v 0.04333180 0.02555742 -0.01867017
v 0.04333180 0.02586132 -0.01845387
v 0.04333180 0.02591472 -0.01840167
v 0.04333180 0.02613471 -0.01818162
v 0.04333180 0.02627076 -0.01798770
v 0.04333180 0.02635593 -0.01786461
v 0.04333180 0.02636358 -0.01785342
v 0.04333180 0.02653140 -0.01749168
v 0.04333180 0.02653524 -0.01748049
v 0.04333180 0.02654160 -0.01745811
v 0.04333180 0.02662551 -0.01714485
v 0.04333180 0.02663187 -0.01711872
v 0.04333180 0.02663823 -0.01707024
v 0.04333180 0.02663568 -0.01709634
v 0.04333180 0.02666238 -0.01679799
v 0.04333180 0.02666874 -0.01672341
v 0.05562622 0.01408698 -0.01801380
v 0.05562622 0.01398270 -0.01784970
v 0.05562622 0.01492236 -0.01874478
v 0.05562622 0.01460577 -0.01854711
v 0.05562622 0.01432476 -0.01830096
v 0.05562622 0.01389753 -0.01768560
v 0.05562622 0.01382631 -0.01751778
v 0.05562622 0.01376784 -0.01734249
v 0.05562622 0.01372458 -0.01716348
v 0.05562622 0.01369536 -0.01698075
v 0.05562622 0.01368135 -0.01679427
v 0.05562622 0.01524024 -0.01887903
v 0.05562622 0.01526823 -0.01888650
v 0.05562622 0.01559754 -0.01896855
v 0.05562622 0.01596501 -0.01899837
v 0.05562622 0.01368135 -0.01661154
v 0.06438421 0.01366419 -0.01899837
v 0.06439003 0.01366938 -0.01899837
v 0.07312500 0.01366419 -0.01899837
v 0.07312500 0.01366906 -0.01899837
v 0.07312500 0.01366906 -0.01899461
v 0.07312500 0.01366905 -0.01890841
v 0.05562622 0.02281695 -0.01899837
v 0.05562622 0.02281728 -0.01899837
v 0.05562622 0.02441454 -0.01899465
v 0.05562622 0.02441685 -0.01899465
v 0.05562622 0.02450205 -0.01898718
v 0.05562622 0.02474868 -0.01896480
v 0.05562622 0.02475126 -0.01896480
v 0.05562622 0.02477481 -0.01896108
v 0.05562622 0.02477925 -0.01896108
v 0.05562622 0.02480613 -0.01895361
v 0.05562622 0.02481231 -0.01895361
v 0.05562622 0.02499408 -0.01890513
v 0.05562622 0.02499795 -0.01890513
v 0.05747692 0.02437800 -0.01899837
v 0.05747692 0.02475390 -0.01896480
v 0.05747692 0.02490009 -0.01893123
v 0.05562622 0.02513505 -0.01886784
v 0.05562622 0.02513655 -0.01886784
v 0.05562622 0.02516115 -0.01886037
v 0.05562622 0.02516325 -0.01886037
v 0.05562622 0.02523423 -0.01882683
v 0.05562622 0.02523699 -0.01882683
v 0.05562622 0.02536416 -0.01876716
v 0.05562622 0.02552661 -0.01868883
v 0.05562622 0.02555106 -0.01867392
v 0.05562622 0.02552817 -0.01868883
v 0.05562622 0.02570412 -0.01856577
v 0.05562622 0.02570619 -0.01856577
v 0.05562622 0.02582571 -0.01847997
v 0.05562622 0.02585031 -0.01846134
v 0.05562622 0.02585115 -0.01846134
v 0.05562622 0.02587659 -0.01843896
v 0.05562622 0.02607480 -0.01823757
v 0.05562622 0.02607876 -0.01823757
v 0.05562622 0.02611137 -0.01820028
v 0.05562622 0.02611308 -0.01820028
v 0.05562622 0.02614791 -0.01815552
v 0.05562622 0.02615121 -0.01815552
v 0.05562622 0.02618046 -0.01811448
v 0.05562622 0.02634630 -0.01787580
v 0.05562622 0.02634831 -0.01787580
v 0.05562622 0.02636196 -0.01785342
v 0.05562622 0.02636358 -0.01785342
v 0.05562622 0.02637630 -0.01782732
v 0.05747692 0.02516115 -0.01886037
v 0.05747692 0.02613225 -0.01818162
v 0.05747692 0.02636196 -0.01785342
v 0.05562622 0.02652903 -0.01749540
v 0.05562622 0.02653140 -0.01749540
v 0.05562622 0.02663346 -0.01710753
v 0.05562622 0.02663442 -0.01710753
v 0.05562622 0.02662806 -0.01713366
v 0.05562622 0.02664204 -0.01702923
v 0.05562622 0.02664966 -0.01694346
v 0.05562622 0.02666478 -0.01673832
v 0.05562622 0.02666748 -0.01673832
v 0.05562622 0.02666874 -0.01671222
v 0.05747692 0.02654991 -0.01742082
v 0.05747692 0.02663346 -0.01710753
v 0.05747692 0.02667000 -0.01671222
v 0.05562622 0.02667000 -0.01657422
v 0.06438337 0.02381415 -0.01899837
v 0.06439003 0.02382015 -0.01899837
v 0.06438337 0.02439888 -0.01899465
v 0.06439003 0.02440182 -0.01899465
v 0.06438337 0.02454507 -0.01898346
v 0.06439003 0.02455074 -0.01898346
v 0.06438337 0.02472258 -0.01896855
v 0.06439003 0.02472387 -0.01896855
v 0.06439003 0.02477478 -0.01896108
v 0.06438337 0.02479569 -0.01895736
v 0.06439003 0.02479896 -0.01895736
v 0.06439003 0.02487150 -0.01893870
v 0.06438337 0.02494188 -0.01892004
v 0.06439003 0.02494278 -0.01892004
v 0.06438337 0.02515593 -0.01886037
v 0.06438337 0.02513505 -0.01886784
v 0.06439003 0.02513499 -0.01886784
v 0.06439003 0.02515917 -0.01886037
v 0.06438337 0.02519247 -0.01884546
v 0.06439003 0.02519352 -0.01884546
v 0.06439003 0.02526099 -0.01881564
v 0.06438337 0.02539608 -0.01875222
v 0.06439003 0.02539719 -0.01875222
v 0.06438337 0.02548485 -0.01870749
v 0.06439003 0.02548755 -0.01870749
v 0.06438337 0.02553705 -0.01867764
v 0.06439003 0.02554227 -0.01867764
v 0.06438337 0.02556837 -0.01865898
v 0.06439003 0.02557284 -0.01865898
v 0.06439003 0.02577522 -0.01851726
v 0.06438337 0.02581377 -0.01848744
v 0.06439003 0.02581722 -0.01848744
v 0.06438337 0.02586597 -0.01845015
v 0.06439003 0.02586558 -0.01845015
v 0.06438337 0.02611659 -0.01819281
v 0.06439003 0.02612142 -0.01819281
v 0.06438337 0.02614269 -0.01816299
v 0.06439003 0.02614431 -0.01816299
v 0.06439003 0.02616597 -0.01813314
v 0.06439003 0.02625888 -0.01800261
v 0.06438337 0.02635674 -0.01785717
v 0.06439003 0.02635815 -0.01785717
v 0.06439003 0.02638617 -0.01780122
v 0.06439003 0.02651217 -0.01753269
v 0.06438337 0.02652381 -0.01749912
v 0.06439003 0.02652744 -0.01749912
v 0.06438337 0.02654469 -0.01743945
v 0.06439003 0.02654526 -0.01743945
v 0.06439003 0.02658981 -0.01727163
v 0.06438337 0.02662302 -0.01714857
v 0.06438337 0.02662824 -0.01712619
v 0.06439003 0.02662800 -0.01712619
v 0.06438337 0.02663346 -0.01710009
v 0.06439003 0.02663436 -0.01710009
v 0.06438337 0.02666478 -0.01673088
v 0.06439003 0.02666490 -0.01675326
v 0.06439003 0.02666619 -0.01673088
v 0.07163140 0.02438274 -0.01899837
v 0.07163140 0.02477985 -0.01896108
v 0.07312500 0.02438274 -0.01899837
v 0.07312500 0.02466386 -0.01897380
v 0.07312500 0.02471751 -0.01896910
v 0.07312500 0.02472946 -0.01896789
v 0.07312500 0.02472300 -0.01896855
v 0.07312500 0.02477900 -0.01896121
v 0.07312500 0.02477985 -0.01896108
v 0.07312500 0.02478028 -0.01896101
v 0.07312500 0.02479935 -0.01895736
v 0.07312500 0.02486456 -0.01894058
v 0.07312500 0.02492865 -0.01892381
v 0.07312500 0.02493539 -0.01892201
v 0.07312500 0.02498196 -0.01890954
v 0.07163140 0.02516553 -0.01886037
v 0.07163140 0.02551554 -0.01869630
v 0.07163140 0.02555754 -0.01867017
v 0.07163140 0.02580195 -0.01849863
v 0.07312500 0.02516553 -0.01886037
v 0.07312500 0.02535644 -0.01877124
v 0.07312500 0.02540362 -0.01874921
v 0.07312500 0.02541026 -0.01874610
v 0.07312500 0.02551494 -0.01869660
v 0.07312500 0.02551666 -0.01869564
v 0.07312500 0.02551554 -0.01869630
v 0.07312500 0.02555718 -0.01867043
v 0.07312500 0.02579729 -0.01850191
v 0.07312500 0.02580180 -0.01849874
v 0.07163140 0.02585286 -0.01846134
v 0.07163140 0.02586177 -0.01845387
v 0.07312500 0.02585286 -0.01846134
v 0.07312500 0.02586815 -0.01844764
v 0.07312500 0.02586177 -0.01845387
v 0.07163140 0.02610741 -0.01820772
v 0.07163140 0.02613288 -0.01818162
v 0.07163140 0.02632761 -0.01790565
v 0.07163140 0.02636199 -0.01785342
v 0.07312500 0.02610279 -0.01821237
v 0.07312500 0.02613262 -0.01818190
v 0.07312500 0.02610763 -0.01820751
v 0.07312500 0.02613288 -0.01818162
v 0.07312500 0.02613352 -0.01818075
v 0.07312500 0.02613314 -0.01818127
v 0.07312500 0.02632459 -0.01790999
v 0.07312500 0.02632708 -0.01790642
v 0.07312500 0.02632804 -0.01790502
v 0.07312500 0.02636177 -0.01785377
v 0.07312500 0.02636218 -0.01785307
v 0.07312500 0.02636199 -0.01785342
v 0.07163140 0.02644218 -0.01768560
v 0.07163140 0.02653380 -0.01748049
v 0.07163140 0.02654016 -0.01745811
v 0.07312500 0.02644086 -0.01768841
v 0.07312500 0.02644392 -0.01768187
v 0.07312500 0.02644191 -0.01768619
v 0.07312500 0.02651086 -0.01753598
v 0.07312500 0.02652389 -0.01750734
v 0.07312500 0.02653383 -0.01748049
v 0.07312500 0.02652796 -0.01749810
v 0.07312500 0.02652849 -0.01749657
v 0.07312500 0.02654387 -0.01744507
v 0.07312500 0.02654003 -0.01745870
v 0.07312500 0.02655218 -0.01741426
v 0.07312500 0.02655624 -0.01739912
v 0.07163140 0.02661783 -0.01716720
v 0.07163140 0.02663055 -0.01711872
v 0.07163140 0.02663310 -0.01710753
v 0.07163140 0.02666874 -0.01671222
v 0.07312500 0.02661803 -0.01716661
v 0.07312500 0.02663436 -0.01710111
v 0.07312500 0.02663042 -0.01711941
v 0.07312500 0.02663313 -0.01710753
v 0.07312500 0.02663065 -0.01711842
v 0.07312500 0.02663660 -0.01707709
v 0.07312500 0.02666819 -0.01671883
v 0.07312500 0.02666857 -0.01671449
v 0.07312500 0.02666874 -0.01671222
v 0.07312500 0.02666872 -0.01671264
v 0.06438337 0.02667000 -0.01619757
v 0.06439003 0.02666874 -0.01619757
v 0.00089005 0.02475393 0.01906806
v 0.00089005 0.02489979 0.01903449
v 0.00089005 0.02554638 0.01878090
v 0.00089005 0.02579082 0.01860936
v 0.01503055 0.02481306 0.01905687
v 0.01503055 0.02663454 0.01719960
v 0.01503055 0.02663061 0.01722198
v 0.01503055 0.02551485 0.01879956
v 0.01503055 0.02591304 0.01850493
v 0.02917882 0.02482488 0.01905315
v 0.02917882 0.02667003 0.01681548
v 0.02917882 0.02653203 0.01759494
v 0.02917882 0.02613384 0.01828488
v 0.02917882 0.02636250 0.01795668
v 0.02917882 0.02588544 0.01853103
v 0.03972202 0.01440852 0.00014859
v 0.03973756 0.01514490 0.01691244
v 0.03972202 0.01514184 0.01691244
v 0.03973756 0.01516014 0.01709145
v 0.03973756 0.01516395 0.01712130
v 0.03972202 0.01516155 0.01712130
v 0.03973756 0.01519449 0.01729659
v 0.03972202 0.01519311 0.01729659
v 0.03973756 0.01524024 0.01746813
v 0.03972202 0.01523646 0.01746813
v 0.03973756 0.01530255 0.01765089
v 0.03972202 0.01529955 0.01765089
v 0.03973756 0.01538139 0.01782990
v 0.03972202 0.01537839 0.01782990
v 0.03972202 0.01546908 0.01799772
v 0.03973756 0.01547421 0.01799772
v 0.03973756 0.01558101 0.01815807
v 0.03972202 0.01557948 0.01815807
v 0.03973756 0.01570182 0.01831098
v 0.03972202 0.01569774 0.01831098
v 0.03973756 0.01574250 0.01835202
v 0.03972202 0.01573719 0.01835202
v 0.03972202 0.01598952 0.01859442
v 0.03973756 0.01599426 0.01859442
v 0.03973756 0.01631469 0.01881075
v 0.03972202 0.01631280 0.01881075
v 0.03973756 0.01666818 0.01897110
v 0.03972202 0.01666368 0.01897110
v 0.03973756 0.01704327 0.01906806
v 0.03972202 0.01704219 0.01906806
v 0.03973756 0.01742856 0.01910163
v 0.03972202 0.01742463 0.01910163
v 0.03973756 0.02438379 0.01910163
v 0.03972202 0.02437938 0.01910163
v 0.03973756 0.02472204 0.01907181
v 0.03972202 0.02471844 0.01907181
v 0.03973756 0.02478051 0.01906434
v 0.03972202 0.02477757 0.01906434
v 0.03973756 0.02475255 0.01906806
v 0.03972202 0.02474997 0.01906806
v 0.03973756 0.02485554 0.01904568
v 0.03972202 0.02485248 0.01904568
v 0.03973756 0.02496999 0.01901586
v 0.03973756 0.02666874 0.01682295
v 0.03972202 0.02666610 0.01682295
v 0.03972202 0.02666214 0.01689006
v 0.03972202 0.02665032 0.01703553
v 0.03973756 0.02664585 0.01709145
v 0.03973756 0.02663694 0.01718469
v 0.03973756 0.02662806 0.01723692
v 0.03973756 0.02663442 0.01721079
v 0.03972202 0.02663061 0.01721079
v 0.03973756 0.02661024 0.01730403
v 0.03972202 0.02660694 0.01730403
v 0.03973756 0.02656830 0.01746069
v 0.03972202 0.02655570 0.01749798
v 0.03973756 0.02653905 0.01756884
v 0.03972202 0.02653599 0.01756884
v 0.03973756 0.02652759 0.01760238
v 0.03972202 0.02652414 0.01760238
v 0.03973756 0.02640426 0.01787091
v 0.03972202 0.02640192 0.01787091
v 0.03973756 0.02651487 0.01763223
v 0.03972202 0.02501019 0.01900467
v 0.03973756 0.02516580 0.01896363
v 0.03972202 0.02516394 0.01896363
v 0.03973756 0.02534889 0.01887786
v 0.03973756 0.02551800 0.01879581
v 0.03972202 0.02551485 0.01879581
v 0.03973756 0.02554980 0.01877718
v 0.03972202 0.02554638 0.01877718
v 0.03973756 0.02560575 0.01873989
v 0.03972202 0.02560158 0.01873989
v 0.03973756 0.02549004 0.01881075
v 0.03972202 0.02548725 0.01881075
v 0.03973756 0.02623641 0.01813944
v 0.03972202 0.02623635 0.01813944
v 0.03973756 0.02602281 0.01839678
v 0.03973756 0.02595159 0.01846764
v 0.03972202 0.02594853 0.01846764
v 0.03973756 0.02609274 0.01832592
v 0.03973756 0.02612835 0.01828860
v 0.03972202 0.02612595 0.01828860
v 0.03973756 0.02616903 0.01823640
v 0.03972202 0.02616537 0.01823640
v 0.03972202 0.02604711 0.01837065
v 0.03973756 0.02635722 0.01796415
v 0.03972202 0.02635461 0.01796415
v 0.03973756 0.02631906 0.01802010
v 0.03973756 0.02637501 0.01793058
v 0.03972202 0.02637432 0.01793058
v 0.03973756 0.02584479 0.01857204
v 0.03973756 0.02587275 0.01854594
v 0.03972202 0.02584209 0.01857204
v 0.04333180 0.02438379 0.01910163
v 0.04333180 0.02459487 0.01908297
v 0.04333180 0.02478051 0.01906434
v 0.04333180 0.02481612 0.01905687
v 0.04333180 0.02666874 0.01682667
v 0.04333180 0.02666238 0.01690125
v 0.04333180 0.02663568 0.01719960
v 0.04333180 0.02663823 0.01717350
v 0.04333180 0.02663187 0.01722198
v 0.04333180 0.02662551 0.01724811
v 0.04333180 0.02654160 0.01756137
v 0.04333180 0.02653524 0.01758375
v 0.04333180 0.02653140 0.01759494
v 0.04333180 0.02516580 0.01896363
v 0.04333180 0.02551545 0.01879956
v 0.04333180 0.02555742 0.01877343
v 0.04333180 0.02549256 0.01881075
v 0.04333180 0.02591472 0.01850493
v 0.04333180 0.02613471 0.01828488
v 0.04333180 0.02635593 0.01796787
v 0.04333180 0.02636358 0.01795668
v 0.04333180 0.02627076 0.01809096
v 0.04333180 0.02586132 0.01855713
v 0.05562622 0.01514490 0.01691244
v 0.05562622 0.01516269 0.01710639
v 0.05562622 0.01519830 0.01731150
v 0.05562622 0.01519194 0.01728165
v 0.05562622 0.01524408 0.01748304
v 0.05562622 0.01530765 0.01766580
v 0.05562622 0.01538775 0.01784481
v 0.05562622 0.01548183 0.01801263
v 0.05562622 0.01559118 0.01817301
v 0.05562622 0.01571199 0.01832217
v 0.05562622 0.01599426 0.01859442
v 0.05562622 0.01631469 0.01881075
v 0.05562622 0.01661859 0.01894872
v 0.05562622 0.01666818 0.01897110
v 0.05562622 0.01704327 0.01906806
v 0.05562622 0.01742856 0.01910163
v 0.07312500 0.01366905 0.01447612
v 0.06438421 0.01366419 0.01910163
v 0.06439003 0.01366938 0.01910163
v 0.07312500 0.01366906 0.01900410
v 0.07312500 0.01366419 0.01910163
v 0.07312500 0.01366907 0.01909795
v 0.07312500 0.01366907 0.01910163
v 0.05562622 0.02286393 0.01910163
v 0.05562622 0.02286561 0.01910163
v 0.05562622 0.02667000 0.01667748
v 0.05562622 0.02440932 0.01909791
v 0.05562622 0.02440923 0.01909791
v 0.05562622 0.02449809 0.01909044
v 0.05562622 0.02450205 0.01909044
v 0.05562622 0.02477481 0.01906434
v 0.05562622 0.02477925 0.01906434
v 0.05562622 0.02474868 0.01906806
v 0.05562622 0.02475126 0.01906806
v 0.05562622 0.02489487 0.01903449
v 0.05562622 0.02489622 0.01903449
v 0.05562622 0.02495232 0.01901958
v 0.05562622 0.02495346 0.01901958
v 0.05747692 0.02437800 0.01910163
v 0.05747692 0.02475390 0.01906806
v 0.05747692 0.02490009 0.01903449
v 0.05562622 0.02666874 0.01681548
v 0.05562622 0.02666478 0.01684533
v 0.05562622 0.02664204 0.01713249
v 0.05562622 0.02663346 0.01721079
v 0.05562622 0.02662677 0.01724064
v 0.05562622 0.02663442 0.01721079
v 0.05562622 0.02661258 0.01728912
v 0.05562622 0.02661405 0.01728912
v 0.05562622 0.02657847 0.01742337
v 0.05562622 0.02652903 0.01759866
v 0.05562622 0.02653140 0.01759866
v 0.05747692 0.02667000 0.01681548
v 0.05562622 0.02513505 0.01897110
v 0.05562622 0.02513655 0.01897110
v 0.05562622 0.02516115 0.01896363
v 0.05562622 0.02516325 0.01896363
v 0.05562622 0.02523423 0.01893009
v 0.05562622 0.02523699 0.01893009
v 0.05562622 0.02536416 0.01887042
v 0.05562622 0.02552661 0.01879209
v 0.05562622 0.02552817 0.01879209
v 0.05562622 0.02555106 0.01877718
v 0.05562622 0.02582421 0.01858323
v 0.05562622 0.02582571 0.01858323
v 0.05562622 0.02566758 0.01869513
v 0.05562622 0.02570619 0.01866903
v 0.05562622 0.02623386 0.01814316
v 0.05562622 0.02614791 0.01825878
v 0.05562622 0.02607480 0.01834083
v 0.05562622 0.02607876 0.01834083
v 0.05562622 0.02611137 0.01830354
v 0.05562622 0.02611308 0.01830354
v 0.05562622 0.02615121 0.01825878
v 0.05562622 0.02637630 0.01793058
v 0.05562622 0.02636196 0.01795668
v 0.05562622 0.02636358 0.01795668
v 0.05562622 0.02587119 0.01854594
v 0.05562622 0.02587149 0.01854594
v 0.05747692 0.02516115 0.01896363
v 0.05747692 0.02613225 0.01828488
v 0.05747692 0.02636196 0.01795668
v 0.05747692 0.02585031 0.01856460
v 0.06438337 0.02667000 0.01630083
v 0.06439003 0.02666874 0.01630083
v 0.06438337 0.02391855 0.01910163
v 0.06439003 0.02392452 0.01910163
v 0.06438337 0.02439888 0.01909791
v 0.06439003 0.02440182 0.01909791
v 0.06438337 0.02454507 0.01908672
v 0.06439003 0.02455074 0.01908672
v 0.06438337 0.02472258 0.01907181
v 0.06439003 0.02472387 0.01907181
v 0.06439003 0.02477478 0.01906434
v 0.06438337 0.02479569 0.01906062
v 0.06439003 0.02479896 0.01906062
v 0.06439003 0.02487150 0.01904196
v 0.06438337 0.02494188 0.01902330
v 0.06439003 0.02494278 0.01902330
v 0.06438337 0.02666478 0.01683414
v 0.06439003 0.02666619 0.01683414
v 0.06439003 0.02666490 0.01685652
v 0.06439003 0.02665599 0.01695720
v 0.06439003 0.02663817 0.01715487
v 0.06439003 0.02663562 0.01718097
v 0.06438337 0.02663346 0.01721826
v 0.06439003 0.02663181 0.01721826
v 0.06439003 0.02661909 0.01726674
v 0.06439003 0.02654145 0.01755390
v 0.06438337 0.02653425 0.01757628
v 0.06439003 0.02653509 0.01757628
v 0.06438337 0.02638284 0.01790448
v 0.06439003 0.02638617 0.01790448
v 0.06438337 0.02651859 0.01761357
v 0.06439003 0.02652234 0.01761357
v 0.06439003 0.02647017 0.01772547
v 0.06438337 0.02519247 0.01894872
v 0.06439003 0.02519352 0.01894872
v 0.06438337 0.02513505 0.01897110
v 0.06438337 0.02515593 0.01896363
v 0.06439003 0.02513499 0.01897110
v 0.06439003 0.02515917 0.01896363
v 0.06439003 0.02526099 0.01891890
v 0.06438337 0.02539608 0.01885548
v 0.06439003 0.02539719 0.01885548
v 0.06438337 0.02550573 0.01880328
v 0.06439003 0.02550918 0.01880328
v 0.06438337 0.02556837 0.01876224
v 0.06439003 0.02557284 0.01876224
v 0.06438337 0.02583465 0.01857579
v 0.06438337 0.02577201 0.01862052
v 0.06439003 0.02577522 0.01862052
v 0.06439003 0.02598012 0.01843779
v 0.06438337 0.02614269 0.01826625
v 0.06439003 0.02614431 0.01826625
v 0.06438337 0.02611659 0.01829607
v 0.06439003 0.02612142 0.01829607
v 0.06439003 0.02616597 0.01823640
v 0.06438337 0.02634630 0.01797162
v 0.06439003 0.02635053 0.01797162
v 0.06438337 0.02630454 0.01803501
v 0.06439003 0.02637471 0.01792686
v 0.06439003 0.02625888 0.01810587
v 0.06438337 0.02588163 0.01853475
v 0.06439003 0.02588211 0.01853475
v 0.06439003 0.02583756 0.01857579
v 0.07163140 0.02438274 0.01910163
v 0.07163140 0.02477985 0.01906434
v 0.07312500 0.02438274 0.01910163
v 0.07312500 0.02466386 0.01907706
v 0.07312500 0.02472946 0.01907115
v 0.07312500 0.02472734 0.01907143
v 0.07312500 0.02471751 0.01907236
v 0.07312500 0.02472361 0.01907181
v 0.07312500 0.02478028 0.01906427
v 0.07312500 0.02477944 0.01906441
v 0.07312500 0.02477900 0.01906447
v 0.07312500 0.02479935 0.01906062
v 0.07312500 0.02486456 0.01904384
v 0.07312500 0.02493539 0.01902527
v 0.07312500 0.02492865 0.01902707
v 0.07312500 0.02498196 0.01901280
v 0.07163140 0.02666874 0.01681548
v 0.07163140 0.02663436 0.01719960
v 0.07163140 0.02663691 0.01717350
v 0.07163140 0.02663310 0.01721079
v 0.07163140 0.02662419 0.01724811
v 0.07312500 0.02666874 0.01681548
v 0.07312500 0.02666872 0.01681590
v 0.07312500 0.02666857 0.01681774
v 0.07312500 0.02666867 0.01681653
v 0.07312500 0.02665355 0.01698681
v 0.07312500 0.02663694 0.01717350
v 0.07312500 0.02663446 0.01719891
v 0.07312500 0.02663436 0.01719990
v 0.07312500 0.02663216 0.01721724
v 0.07312500 0.02663313 0.01721079
v 0.07312500 0.02663094 0.01722235
v 0.07312500 0.02661517 0.01728207
v 0.07312500 0.02662422 0.01724811
v 0.07312500 0.02661996 0.01726419
v 0.07163140 0.02652999 0.01759494
v 0.07163140 0.02653380 0.01758375
v 0.07163140 0.02644218 0.01778886
v 0.07312500 0.02653547 0.01757767
v 0.07312500 0.02652356 0.01761102
v 0.07312500 0.02653012 0.01759464
v 0.07312500 0.02653383 0.01758375
v 0.07312500 0.02653002 0.01759494
v 0.07312500 0.02644392 0.01778513
v 0.07312500 0.02644103 0.01779132
v 0.07312500 0.02651954 0.01762014
v 0.07163140 0.02516553 0.01896363
v 0.07163140 0.02551554 0.01879956
v 0.07163140 0.02555754 0.01877343
v 0.07163140 0.02580195 0.01860189
v 0.07312500 0.02516553 0.01896363
v 0.07312500 0.02551666 0.01879890
v 0.07312500 0.02551075 0.01880237
v 0.07312500 0.02555718 0.01877369
v 0.07312500 0.02580255 0.01860147
v 0.07312500 0.02579729 0.01860517
v 0.07312500 0.02580180 0.01860200
v 0.07312500 0.02544873 0.01883149
v 0.07312500 0.02550692 0.01880430
v 0.07163140 0.02610741 0.01831098
v 0.07163140 0.02613288 0.01828488
v 0.07163140 0.02632761 0.01800891
v 0.07163140 0.02636199 0.01795668
v 0.07312500 0.02613352 0.01828401
v 0.07312500 0.02610763 0.01831077
v 0.07312500 0.02610279 0.01831563
v 0.07312500 0.02613314 0.01828453
v 0.07312500 0.02613288 0.01828488
v 0.07312500 0.02613262 0.01828516
v 0.07312500 0.02632804 0.01800828
v 0.07312500 0.02632459 0.01801324
v 0.07312500 0.02632708 0.01800968
v 0.07312500 0.02636235 0.01795598
v 0.07312500 0.02636199 0.01795668
v 0.07312500 0.02636177 0.01795703
v 0.07163140 0.02585286 0.01856460
v 0.07163140 0.02586177 0.01855713
v 0.07312500 0.02586233 0.01855658
v 0.07312500 0.02585286 0.01856460
v 0.07312500 0.02583718 0.01857617
v 0.07312500 0.02586177 0.01855713
v 0.07312500 0.02585250 0.01856488
f 22 5 9
f 22 3 5
f 23 10 11
f 24 17 10
f 23 24 10
f 44 36 37
f 44 37 39
f 45 40 41
f 46 41 42
f 46 42 43
f 45 41 46
f 47 8 2
f 47 2 1
f 47 1 15
f 50 4 3
f 57 9 7
f 55 6 8
f 55 7 6
f 62 11 18
f 64 12 16
f 64 14 13
f 64 15 14
f 64 13 12
f 67 16 17
f 72 18 21
f 72 21 19
f 70 19 20
f 22 50 3
f 22 9 57
f 23 11 62
f 24 67 17
f 23 62 24
f 73 28 25
f 75 26 4
f 75 25 26
f 77 27 28
f 77 29 27
f 77 30 29
f 80 31 30
f 80 32 31
f 80 33 32
f 82 34 33
f 82 35 34
f 85 20 36
f 90 39 38
f 88 38 40
f 44 85 36
f 44 39 90
f 45 88 40
f 46 43 96
f 45 46 88
f 47 15 65
f 55 57 7
f 47 55 8
f 22 57 53
f 22 53 50
f 64 65 15
f 64 16 67
f 62 18 72
f 70 72 19
f 70 20 85
f 24 62 67
f 73 25 75
f 50 75 4
f 73 77 28
f 77 80 30
f 80 82 33
f 88 90 38
f 44 87 85
f 44 90 87
f 46 96 88
f 48 47 65
f 55 59 57
f 48 55 47
f 48 59 55
f 64 67 65
f 58 61 98
f 56 98 60
f 56 58 98
f 66 98 68
f 63 69 98
f 68 98 69
f 49 60 98
f 49 98 66
f 52 54 98
f 51 98 54
f 51 74 98
f 52 98 61
f 74 76 98
f 76 78 98
f 78 79 98
f 79 81 98
f 81 83 98
f 83 84 98
f 63 98 71
f 85 87 90
f 71 98 86
f 86 98 91
f 89 91 98
f 88 96 92
f 89 98 93
f 92 96 94
f 94 96 97
f 93 98 95
f 98 100 99
f 98 101 100
f 98 102 101
f 98 103 102
f 98 104 103
f 98 105 104
f 98 106 105
f 98 107 106
f 98 108 107
f 98 109 108
f 98 110 109
f 98 111 110
f 98 112 111
f 98 113 112
f 98 114 113
f 98 115 114
f 98 116 115
f 49 66 117
f 51 54 118
f 52 118 54
f 52 61 118
f 56 119 58
f 56 60 119
f 58 120 61
f 66 68 117
f 63 71 121
f 49 136 60
f 63 137 69
f 68 69 137
f 74 122 76
f 51 122 74
f 81 127 83
f 76 139 78
f 78 139 79
f 79 141 81
f 83 143 84
f 71 86 129
f 86 91 129
f 89 128 91
f 89 93 130
f 93 95 145
f 95 98 145
f 49 117 132
f 61 120 118
f 51 118 133
f 51 133 123
f 58 135 120
f 60 134 119
f 58 119 135
f 63 121 137
f 71 138 121
f 71 129 138
f 49 132 136
f 60 136 134
f 51 123 122
f 76 122 139
f 79 139 124
f 79 124 141
f 81 125 126
f 81 126 127
f 83 127 143
f 81 141 140
f 81 140 142
f 91 128 129
f 89 130 128
f 93 145 130
f 84 143 131
f 119 134 135
f 126 143 127
f 128 130 145
f 129 144 138
f 128 145 177
f 98 99 161
f 99 100 161
f 100 101 161
f 101 102 161
f 102 103 161
f 103 104 161
f 104 105 161
f 105 106 161
f 106 107 159
f 107 108 159
f 108 109 159
f 109 110 159
f 110 111 159
f 111 112 159
f 112 113 159
f 113 114 159
f 114 115 175
f 106 159 161
f 114 155 159
f 114 153 155
f 114 157 153
f 114 146 157
f 114 150 148
f 114 165 150
f 114 163 165
f 114 167 163
f 114 148 146
f 114 170 167
f 114 171 170
f 114 173 171
f 114 175 173
f 155 153 161
f 153 157 161
f 161 157 146
f 161 146 148
f 159 155 161
f 161 148 150
f 161 150 165
f 161 165 163
f 161 163 167
f 161 167 170
f 161 170 171
f 161 171 173
f 161 173 175
f 82 222 35
f 84 221 98
f 98 278 116
f 84 131 295
f 115 116 336
f 115 327 175
f 161 175 327
f 96 43 391
f 48 368 59
f 57 59 368
f 53 57 360
f 50 53 360
f 65 67 364
f 62 366 67
f 62 72 366
f 70 366 72
f 48 65 368
f 50 370 75
f 73 75 370
f 77 374 80
f 73 372 77
f 80 378 82
f 70 85 382
f 85 90 382
f 88 384 90
f 88 92 384
f 92 94 386
f 94 97 386
f 96 391 97
f 154 158 514
f 158 147 514
f 147 149 514
f 151 166 514
f 151 514 149
f 166 164 514
f 164 168 514
f 168 169 514
f 156 152 514
f 160 156 514
f 152 154 514
f 160 514 162
f 174 176 516
f 169 172 514
f 172 174 512
f 82 380 222
f 118 120 178
f 68 864 117
f 68 137 864
f 124 139 865
f 124 865 141
f 134 866 135
f 134 136 866
f 117 870 132
f 120 135 871
f 125 874 126
f 98 883 145
f 98 161 901
f 121 138 878
f 122 123 879
f 123 133 879
f 81 973 125
f 126 894 143
f 81 142 973
f 128 897 129
f 129 881 144
f 138 144 881
f 132 884 136
f 118 939 133
f 120 871 178
f 121 952 137
f 117 864 868
f 140 141 890
f 140 890 142
f 122 969 139
f 128 177 882
f 145 883 177
f 143 900 131
f 141 865 869
f 136 867 866
f 118 178 939
f 117 868 872
f 139 873 865
f 158 929 147
f 160 929 156
f 152 929 154
f 156 929 152
f 160 162 929
f 154 929 158
f 147 929 149
f 151 149 929
f 151 929 166
f 166 929 164
f 164 929 168
f 169 929 172
f 172 929 174
f 168 929 169
f 174 929 176
f 131 900 295
f 176 929 328
f 222 179 35
f 98 221 223
f 98 223 225
f 98 225 227
f 98 227 229
f 98 229 230
f 98 230 232
f 98 232 235
f 98 235 237
f 98 237 239
f 98 239 242
f 98 242 245
f 98 245 246
f 98 246 248
f 98 248 251
f 98 251 252
f 98 252 254
f 98 254 256
f 98 256 258
f 98 258 260
f 98 260 262
f 98 262 263
f 98 263 266
f 98 266 268
f 98 268 270
f 98 270 272
f 98 272 275
f 98 275 276
f 98 290 285
f 98 291 290
f 98 289 294
f 98 292 291
f 98 294 293
f 98 293 292
f 98 276 277
f 98 277 286
f 98 286 288
f 98 288 287
f 98 287 289
f 98 279 278
f 98 280 279
f 98 281 280
f 98 284 282
f 98 282 281
f 98 283 284
f 98 285 283
f 84 295 221
f 116 278 336
f 115 330 327
f 115 331 330
f 115 334 331
f 115 336 334
f 161 327 330
f 161 330 331
f 161 331 334
f 161 334 336
f 161 336 338
f 161 338 341
f 161 341 343
f 161 343 345
f 161 345 348
f 161 348 350
f 161 350 353
f 161 353 354
f 209 203 202
f 210 204 203
f 209 210 203
f 218 211 208
f 218 212 211
f 219 214 213
f 219 215 214
f 220 216 215
f 220 217 216
f 219 220 215
f 222 180 179
f 222 181 180
f 224 182 181
f 224 183 182
f 224 184 183
f 226 185 184
f 228 186 185
f 228 187 186
f 231 188 187
f 233 189 188
f 234 190 189
f 236 191 190
f 236 192 191
f 240 193 192
f 240 194 193
f 240 195 194
f 243 196 195
f 243 197 196
f 243 198 197
f 249 200 199
f 249 199 198
f 249 201 200
f 249 202 201
f 253 205 204
f 255 206 205
f 257 207 206
f 259 208 207
f 209 202 250
f 210 253 204
f 218 208 259
f 209 250 210
f 267 213 212
f 218 265 212
f 219 213 267
f 220 273 217
f 219 267 220
f 222 224 181
f 224 226 184
f 226 228 185
f 228 231 187
f 231 233 188
f 233 234 189
f 234 236 190
f 236 238 192
f 238 240 192
f 240 241 195
f 241 243 195
f 243 247 198
f 247 249 198
f 249 250 202
f 253 255 205
f 255 257 206
f 257 259 207
f 210 250 253
f 265 267 212
f 273 274 217
f 218 259 264
f 218 264 265
f 220 267 273
f 238 241 240
f 241 244 243
f 244 247 243
f 247 250 249
f 257 261 259
f 259 261 264
f 267 269 273
f 269 271 273
f 271 274 273
f 221 295 223
f 223 295 225
f 225 296 227
f 227 297 229
f 229 298 230
f 230 299 232
f 232 300 235
f 235 301 237
f 237 302 239
f 245 304 246
f 246 304 248
f 248 305 251
f 251 307 252
f 256 308 258
f 239 320 242
f 242 321 245
f 252 323 254
f 254 323 256
f 258 324 260
f 260 324 262
f 262 324 263
f 263 309 266
f 268 310 270
f 270 326 272
f 272 326 275
f 225 295 311
f 227 296 315
f 229 297 298
f 232 299 300
f 300 301 235
f 227 315 297
f 230 316 299
f 230 298 316
f 225 311 313
f 225 313 312
f 239 302 303
f 237 301 318
f 239 303 320
f 245 321 304
f 248 304 322
f 251 305 306
f 251 306 307
f 248 322 305
f 252 307 323
f 256 324 308
f 258 308 324
f 242 320 319
f 242 319 321
f 266 309 325
f 270 310 326
f 297 316 298
f 299 317 300
f 296 314 315
f 299 316 317
f 302 320 303
f 268 352 310
f 237 359 302
f 310 352 326
f 266 1163 268
f 276 357 277
f 277 357 286
f 287 288 357
f 286 357 288
f 289 353 294
f 287 354 289
f 278 279 343
f 279 280 345
f 280 281 348
f 282 284 350
f 281 282 350
f 283 350 284
f 283 285 350
f 285 290 353
f 291 292 353
f 292 293 353
f 290 291 353
f 293 294 353
f 278 338 336
f 278 341 338
f 278 343 341
f 279 345 343
f 285 353 350
f 289 354 353
f 287 357 354
f 280 348 345
f 281 350 348
f 176 328 753
f 274 638 217
f 222 613 224
f 224 614 226
f 226 616 228
f 228 619 231
f 231 621 233
f 233 621 234
f 234 621 236
f 236 625 238
f 238 628 241
f 241 628 244
f 244 630 247
f 247 630 250
f 253 632 255
f 250 632 253
f 255 632 257
f 257 634 261
f 261 634 264
f 264 636 265
f 265 636 267
f 267 638 269
f 269 638 271
f 271 638 274
f 328 329 757
f 329 332 761
f 332 333 764
f 333 335 764
f 335 337 764
f 337 339 764
f 339 340 764
f 340 342 764
f 342 344 764
f 344 346 764
f 346 347 766
f 347 349 766
f 349 351 766
f 351 355 766
f 355 356 766
f 356 358 766
f 161 354 357
f 929 329 328
f 929 332 329
f 929 333 332
f 929 335 333
f 929 337 335
f 929 339 337
f 161 357 1174
f 929 340 339
f 929 342 340
f 929 344 342
f 929 346 344
f 929 347 346
f 929 349 347
f 929 351 349
f 929 355 351
f 929 356 355
f 929 358 356
f 300 1161 301
f 297 1160 316
f 300 317 1161
f 305 1162 306
f 306 1162 307
f 305 322 1167
f 302 1170 320
f 256 323 1185
f 256 1185 324
f 263 1187 309
f 263 324 1187
f 275 326 1174
f 275 1174 276
f 276 1174 357
f 311 1168 313
f 312 313 1168
f 295 1180 311
f 297 315 1181
f 225 1235 296
f 296 1193 314
f 225 312 1235
f 237 318 1247
f 304 321 1196
f 304 1196 322
f 266 325 1200
f 309 1187 325
f 268 1189 352
f 314 1193 315
f 319 320 1194
f 301 1247 318
f 302 359 1170
f 307 1262 323
f 305 1167 1162
f 326 352 1173
f 316 1241 317
f 319 1254 321
f 268 1163 1189
f 316 1160 1169
f 297 1181 1160
f 301 1161 1182
f 237 1247 359
f 266 1200 1163
f 358 1175 851
f 57 368 360
f 50 360 362
f 65 364 368
f 70 382 366
f 67 366 364
f 73 370 372
f 77 372 374
f 50 362 370
f 80 374 376
f 80 376 378
f 82 378 380
f 90 384 382
f 92 386 384
f 97 391 386
f 174 486 495
f 174 488 486
f 174 497 488
f 174 501 499
f 174 499 497
f 174 516 507
f 174 503 501
f 174 505 503
f 174 507 505
f 174 495 489
f 174 489 490
f 174 490 509
f 174 509 512
f 172 512 514
f 176 608 516
f 222 380 388
f 398 391 392
f 398 392 393
f 398 393 394
f 399 396 397
f 399 395 396
f 399 397 400
f 413 402 403
f 414 408 409
f 414 409 411
f 425 412 415
f 425 415 416
f 425 416 417
f 426 418 419
f 434 394 395
f 398 428 391
f 398 394 434
f 399 436 395
f 442 400 401
f 442 401 402
f 452 403 404
f 452 404 406
f 452 406 405
f 452 405 407
f 455 407 408
f 459 411 410
f 459 410 412
f 399 400 442
f 413 442 402
f 413 403 450
f 414 455 408
f 414 411 459
f 473 417 418
f 476 419 420
f 476 420 421
f 477 421 422
f 480 422 423
f 482 423 424
f 425 468 412
f 425 417 473
f 426 419 476
f 426 473 418
f 386 391 427
f 427 391 428
f 434 395 436
f 398 434 428
f 399 442 438
f 399 438 436
f 450 403 452
f 452 407 453
f 413 446 442
f 413 448 446
f 413 450 448
f 453 407 455
f 459 412 466
f 466 412 468
f 414 460 455
f 414 459 460
f 425 470 468
f 425 473 470
f 426 476 473
f 476 421 477
f 477 422 480
f 480 423 482
f 427 428 430
f 428 432 430
f 428 434 432
f 438 442 440
f 440 442 443
f 443 442 444
f 442 446 444
f 450 452 453
f 453 455 457
f 455 460 457
f 460 459 463
f 459 466 463
f 466 468 470
f 473 476 477
f 361 369 485
f 361 485 363
f 365 493 369
f 365 367 493
f 375 502 377
f 363 496 371
f 371 498 373
f 373 498 375
f 377 502 379
f 379 504 381
f 381 515 389
f 367 383 491
f 383 385 510
f 385 387 513
f 389 515 390
f 363 485 487
f 367 491 492
f 367 492 493
f 369 494 485
f 369 493 494
f 363 487 496
f 371 496 498
f 375 498 500
f 375 500 502
f 379 502 504
f 381 504 506
f 381 506 515
f 383 508 491
f 383 510 508
f 385 511 510
f 385 513 511
f 387 540 513
f 387 429 517
f 429 431 517
f 431 433 517
f 433 435 517
f 435 437 520
f 437 439 521
f 439 441 521
f 441 445 522
f 445 447 522
f 451 454 523
f 454 456 524
f 456 458 526
f 458 461 526
f 461 462 527
f 462 464 527
f 464 465 527
f 467 469 528
f 469 471 529
f 474 475 532
f 475 478 533
f 478 479 536
f 479 481 536
f 481 483 538
f 483 484 539
f 435 519 518
f 435 520 519
f 437 521 520
f 447 449 558
f 449 451 558
f 465 467 574
f 441 522 521
f 454 524 525
f 456 526 524
f 461 527 526
f 469 529 528
f 471 472 582
f 472 474 582
f 474 532 530
f 474 530 531
f 475 533 532
f 478 537 535
f 478 534 533
f 478 536 537
f 483 539 538
f 387 517 540
f 435 540 517
f 435 518 542
f 435 542 540
f 447 556 522
f 447 558 556
f 451 523 558
f 454 564 523
f 454 525 564
f 465 574 527
f 467 528 574
f 471 580 529
f 474 531 582
f 471 582 580
f 478 589 534
f 478 535 589
f 481 592 536
f 481 538 592
f 518 519 542
f 519 520 542
f 520 521 547
f 520 544 542
f 520 545 544
f 520 547 545
f 521 549 547
f 521 522 550
f 521 550 549
f 522 551 550
f 522 554 551
f 522 556 554
f 523 560 558
f 523 562 560
f 523 564 562
f 524 564 525
f 524 526 566
f 524 566 564
f 526 527 570
f 566 526 568
f 526 570 568
f 527 572 570
f 527 574 572
f 528 576 574
f 528 578 576
f 528 529 580
f 528 580 578
f 582 531 583
f 530 585 531
f 530 532 585
f 532 533 587
f 531 585 583
f 532 587 585
f 533 534 589
f 535 537 591
f 536 591 537
f 587 533 589
f 535 591 589
f 536 592 591
f 538 539 594
f 592 538 594
f 375 377 639
f 377 379 639
f 379 381 639
f 381 389 639
f 365 639 367
f 383 639 385
f 367 639 383
f 385 639 387
f 361 639 369
f 363 371 639
f 361 363 639
f 371 373 639
f 365 369 639
f 373 375 639
f 362 690 370
f 360 690 362
f 370 690 372
f 372 690 374
f 374 690 376
f 376 690 378
f 378 690 380
f 380 690 388
f 364 366 690
f 364 690 368
f 366 382 690
f 382 384 690
f 360 368 690
f 384 386 690
f 387 639 429
f 389 390 639
f 482 424 649
f 386 427 690
f 429 639 431
f 431 639 433
f 433 639 435
f 435 639 437
f 437 639 439
f 439 639 441
f 441 639 445
f 445 639 447
f 447 639 449
f 449 639 451
f 451 639 454
f 454 639 456
f 456 639 458
f 458 639 461
f 461 639 462
f 462 639 464
f 464 639 465
f 465 639 467
f 467 639 469
f 469 639 471
f 471 639 472
f 474 639 475
f 472 639 474
f 475 639 478
f 478 639 479
f 479 639 481
f 481 639 483
f 483 639 484
f 427 430 690
f 430 432 690
f 432 434 690
f 434 436 690
f 436 438 690
f 438 440 690
f 440 443 690
f 443 444 690
f 444 446 690
f 446 448 690
f 448 450 690
f 450 453 690
f 453 457 690
f 457 460 690
f 460 463 690
f 463 466 690
f 466 470 690
f 470 473 690
f 473 477 690
f 477 480 690
f 480 482 690
f 390 515 734
f 487 767 496
f 496 767 498
f 498 767 500
f 500 767 502
f 502 767 504
f 504 767 506
f 506 767 515
f 493 767 494
f 492 767 493
f 491 767 492
f 491 508 767
f 508 510 767
f 510 511 767
f 511 513 767
f 488 497 805
f 486 488 805
f 499 501 805
f 497 499 805
f 485 494 767
f 485 767 487
f 501 503 805
f 503 505 805
f 505 507 805
f 507 516 805
f 489 805 490
f 489 495 805
f 490 805 509
f 509 805 512
f 486 805 495
f 512 805 514
f 513 540 767
f 514 805 541
f 484 804 539
f 540 542 767
f 542 544 767
f 544 545 767
f 545 547 767
f 547 549 767
f 549 550 767
f 550 551 767
f 551 554 767
f 554 556 767
f 556 558 767
f 558 560 767
f 560 562 767
f 562 564 767
f 564 566 767
f 566 568 767
f 568 570 767
f 570 572 767
f 572 574 767
f 574 576 767
f 576 578 767
f 578 580 767
f 580 582 767
f 541 805 543
f 543 805 546
f 546 805 548
f 548 805 553
f 552 805 555
f 552 553 805
f 555 805 557
f 559 805 561
f 557 805 559
f 561 805 563
f 563 805 565
f 565 805 567
f 567 805 569
f 569 805 571
f 571 805 573
f 573 805 575
f 575 805 577
f 577 805 579
f 579 805 581
f 581 805 584
f 584 805 586
f 586 805 588
f 582 583 767
f 583 585 767
f 585 587 767
f 587 589 767
f 589 591 767
f 591 592 767
f 592 594 767
f 539 804 594
f 588 805 590
f 590 805 593
f 593 805 595
f 595 805 596
f 162 514 1507
f 541 543 597
f 543 546 597
f 546 548 598
f 552 599 553
f 552 555 599
f 555 557 599
f 567 569 600
f 569 571 600
f 571 573 600
f 573 575 600
f 575 577 601
f 577 579 601
f 579 581 601
f 581 584 602
f 584 586 602
f 586 588 602
f 593 595 603
f 546 598 597
f 548 553 604
f 581 602 601
f 590 593 607
f 595 596 603
f 559 561 1461
f 561 563 1461
f 563 565 1462
f 567 600 605
f 553 599 1460
f 557 559 1463
f 565 567 1464
f 601 602 606
f 588 590 1465
f 514 541 1507
f 597 598 1459
f 553 1460 604
f 588 1465 602
f 563 1462 1461
f 567 605 1464
f 575 1469 600
f 575 601 1470
f 590 607 1466
f 593 1466 607
f 593 603 1472
f 541 597 1509
f 548 1513 598
f 557 1515 599
f 559 1461 1463
f 548 604 1513
f 600 1469 605
f 601 606 1470
f 602 1471 606
f 590 1466 1465
f 596 1807 603
f 222 388 610
f 176 735 608
f 176 736 735
f 176 740 736
f 176 742 740
f 176 744 742
f 176 747 744
f 176 749 747
f 176 751 749
f 176 753 751
f 222 610 613
f 224 613 614
f 226 614 616
f 228 616 619
f 231 619 621
f 236 621 623
f 236 623 625
f 238 625 628
f 244 628 630
f 250 630 632
f 257 632 634
f 264 634 636
f 267 636 638
f 638 677 217
f 676 640 217
f 677 676 217
f 328 754 753
f 328 757 754
f 329 758 757
f 329 761 758
f 332 762 761
f 332 764 762
f 346 766 764
f 390 609 639
f 388 690 610
f 482 649 690
f 484 639 689
f 516 608 805
f 390 734 609
f 515 767 734
f 484 689 804
f 594 804 767
f 609 611 639
f 611 612 639
f 612 615 639
f 615 618 639
f 617 639 618
f 617 620 639
f 620 622 639
f 622 624 639
f 624 626 639
f 626 627 639
f 627 629 639
f 629 631 639
f 631 633 639
f 633 635 639
f 635 637 639
f 610 690 613
f 613 690 614
f 614 690 616
f 616 690 619
f 619 690 621
f 621 690 623
f 623 690 625
f 625 690 628
f 628 690 630
f 630 690 632
f 632 690 634
f 647 641 640
f 647 642 641
f 647 644 642
f 648 645 643
f 648 646 645
f 648 661 646
f 659 655 656
f 659 654 655
f 660 658 657
f 660 657 671
f 660 656 658
f 674 663 662
f 675 670 673
f 675 673 672
f 675 672 665
f 683 643 644
f 647 640 676
f 647 685 644
f 648 643 683
f 690 649 650
f 692 650 651
f 695 651 652
f 695 652 653
f 699 653 654
f 659 699 654
f 659 656 700
f 660 671 704
f 660 700 656
f 707 662 661
f 711 664 663
f 715 666 668
f 715 667 666
f 715 665 667
f 715 668 664
f 721 669 670
f 727 671 669
f 648 707 661
f 674 662 707
f 674 711 663
f 675 721 670
f 675 665 731
f 634 690 636
f 636 690 638
f 639 678 680
f 639 680 682
f 639 682 686
f 639 686 684
f 639 684 688
f 639 688 708
f 638 690 677
f 639 720 730
f 639 708 717
f 639 717 710
f 639 710 712
f 639 732 718
f 639 714 732
f 639 723 724
f 639 724 720
f 639 718 723
f 639 712 714
f 683 644 685
f 647 676 685
f 648 683 687
f 648 687 707
f 690 650 692
f 692 651 695
f 695 653 697
f 697 653 699
f 659 700 699
f 660 704 700
f 711 715 664
f 713 665 715
f 674 707 716
f 674 709 711
f 674 716 709
f 721 727 669
f 704 671 727
f 675 731 722
f 675 722 721
f 713 731 665
f 639 691 689
f 639 693 691
f 639 694 693
f 639 696 694
f 639 702 698
f 639 706 702
f 639 703 706
f 639 698 696
f 639 728 703
f 639 726 728
f 639 730 726
f 677 679 676
f 676 679 681
f 676 681 685
f 690 692 695
f 690 695 697
f 690 697 701
f 690 722 733
f 690 705 704
f 690 701 705
f 697 699 701
f 699 700 701
f 690 704 725
f 701 700 705
f 690 729 719
f 690 725 729
f 690 719 722
f 700 704 705
f 677 690 679
f 679 690 681
f 681 690 685
f 683 685 690
f 683 690 687
f 687 690 707
f 690 716 707
f 711 713 715
f 690 709 716
f 690 711 709
f 690 713 711
f 690 733 713
f 721 729 727
f 722 731 733
f 719 721 722
f 719 729 721
f 725 727 729
f 704 727 725
f 713 733 731
f 608 735 805
f 609 734 611
f 611 737 612
f 612 737 615
f 615 738 618
f 617 618 741
f 617 741 620
f 620 745 622
f 622 746 624
f 624 748 626
f 626 750 627
f 627 750 629
f 629 752 631
f 631 755 633
f 633 759 635
f 635 763 637
f 637 765 639
f 611 734 737
f 615 737 739
f 615 739 738
f 618 738 741
f 620 741 743
f 620 743 745
f 622 745 746
f 624 746 748
f 626 748 750
f 629 750 752
f 631 752 755
f 633 755 756
f 633 756 759
f 635 759 760
f 635 760 763
f 637 763 765
f 639 765 767
f 734 767 737
f 737 767 739
f 738 739 767
f 738 767 741
f 741 767 743
f 743 767 745
f 745 767 746
f 746 767 748
f 748 767 750
f 750 767 752
f 752 767 755
f 755 767 756
f 756 767 759
f 735 736 805
f 736 740 805
f 740 742 805
f 742 744 805
f 744 747 805
f 747 749 805
f 749 751 805
f 751 753 805
f 759 767 760
f 760 767 763
f 763 767 765
f 753 754 805
f 754 757 805
f 757 758 805
f 758 761 805
f 639 767 678
f 678 769 680
f 680 769 682
f 682 769 686
f 684 686 770
f 684 771 688
f 688 771 708
f 689 691 772
f 691 693 773
f 693 694 775
f 694 696 775
f 696 698 778
f 698 702 779
f 702 706 780
f 703 728 782
f 708 783 717
f 710 784 712
f 710 717 784
f 718 788 723
f 720 724 789
f 723 789 724
f 720 789 730
f 726 730 791
f 726 791 728
f 714 793 732
f 718 732 793
f 684 770 771
f 703 816 706
f 691 773 772
f 696 774 775
f 696 778 776
f 696 776 777
f 698 779 778
f 702 781 779
f 702 780 781
f 712 829 714
f 708 771 783
f 717 783 787
f 714 786 792
f 717 787 784
f 718 793 788
f 723 788 789
f 730 790 791
f 728 791 782
f 714 792 793
f 761 762 805
f 762 764 805
f 764 766 805
f 766 768 805
f 767 769 678
f 686 769 796
f 686 800 770
f 686 796 800
f 689 772 804
f 693 806 773
f 693 775 806
f 696 807 774
f 696 777 807
f 703 782 815
f 706 816 780
f 703 815 816
f 712 784 827
f 712 827 785
f 712 785 832
f 714 829 786
f 712 832 829
f 730 789 844
f 730 844 790
f 767 794 769
f 767 796 794
f 767 800 796
f 767 802 798
f 767 798 800
f 767 819 802
f 767 821 819
f 767 823 821
f 768 795 805
f 767 816 815
f 767 815 847
f 767 847 846
f 767 846 843
f 767 844 841
f 767 843 844
f 769 794 796
f 770 798 771
f 770 800 798
f 771 798 802
f 771 802 819
f 767 829 832
f 767 849 831
f 767 831 829
f 767 833 825
f 767 827 833
f 767 825 823
f 767 832 827
f 767 841 836
f 767 836 838
f 767 838 835
f 767 835 849
f 767 804 806
f 767 809 811
f 767 806 807
f 767 807 809
f 772 773 806
f 772 806 804
f 774 807 775
f 776 778 809
f 776 809 777
f 775 807 806
f 777 809 807
f 778 811 809
f 805 810 808
f 805 814 810
f 778 779 811
f 780 813 781
f 779 781 813
f 779 812 811
f 779 813 812
f 780 817 813
f 782 791 815
f 815 791 847
f 780 816 817
f 805 850 839
f 805 845 848
f 805 848 818
f 805 818 814
f 805 842 840
f 805 840 845
f 805 839 837
f 805 837 842
f 767 811 812
f 767 812 813
f 767 813 817
f 767 817 816
f 795 797 805
f 797 801 805
f 799 805 801
f 805 826 834
f 799 803 805
f 803 820 805
f 805 820 822
f 805 822 824
f 805 824 826
f 771 819 783
f 783 833 787
f 783 819 821
f 783 821 823
f 783 823 825
f 783 825 833
f 786 829 792
f 784 833 827
f 785 827 832
f 829 831 792
f 784 787 833
f 789 841 844
f 788 838 789
f 788 835 838
f 789 836 841
f 789 838 836
f 790 844 791
f 791 844 843
f 791 846 847
f 791 843 846
f 805 834 828
f 805 828 830
f 805 830 850
f 788 793 849
f 792 849 793
f 831 849 792
f 788 849 835
f 358 851 766
f 596 805 1807
f 766 851 768
f 768 851 795
f 795 851 797
f 797 852 801
f 799 801 853
f 799 853 803
f 810 814 854
f 814 818 854
f 818 848 854
f 822 855 824
f 820 855 822
f 824 855 826
f 826 855 834
f 830 858 850
f 840 856 845
f 837 856 842
f 837 839 856
f 840 842 856
f 845 857 848
f 797 851 852
f 803 859 820
f 808 810 860
f 848 857 854
f 828 834 862
f 839 850 863
f 803 853 859
f 820 859 855
f 834 855 862
f 828 1799 830
f 839 863 856
f 801 852 1797
f 801 1797 853
f 854 857 861
f 830 1800 858
f 810 854 1803
f 850 858 1805
f 855 859 1798
f 805 808 1858
f 808 860 1803
f 810 1803 860
f 828 862 1804
f 830 1799 1800
f 845 1810 857
f 850 1805 863
f 851 1845 852
f 855 1804 862
f 828 1804 1799
f 845 856 1888
f 853 1849 859
f 808 1803 1802
f 854 861 1808
f 856 863 1809
f 857 1810 861
f 117 872 870
f 136 884 867
f 135 866 886
f 137 952 864
f 141 869 890
f 125 892 874
f 126 874 894
f 132 870 884
f 135 886 871
f 98 899 883
f 129 896 881
f 129 897 896
f 138 889 878
f 138 881 889
f 133 939 879
f 121 878 952
f 139 969 873
f 142 890 891
f 143 894 895
f 122 879 969
f 125 973 892
f 98 995 899
f 128 882 987
f 128 989 897
f 143 895 900
f 98 901 1141
f 161 903 901
f 161 905 903
f 161 907 905
f 161 909 907
f 161 912 909
f 161 914 912
f 161 916 914
f 162 902 929
f 161 918 916
f 161 920 918
f 161 922 920
f 161 924 922
f 161 926 924
f 161 928 926
f 161 930 928
f 161 932 930
f 178 871 877
f 178 877 876
f 865 880 869
f 142 891 973
f 177 898 882
f 177 883 898
f 128 987 989
f 866 867 875
f 864 949 868
f 178 876 939
f 98 1141 995
f 865 873 969
f 867 884 875
f 866 875 886
f 868 949 872
f 870 872 888
f 865 969 880
f 869 880 890
f 161 1203 932
f 162 1507 902
f 870 888 885
f 870 885 884
f 871 886 877
f 864 952 949
f 874 892 893
f 875 887 886
f 872 949 888
f 876 877 939
f 874 893 975
f 874 975 894
f 883 899 898
f 875 884 935
f 884 885 951
f 877 886 948
f 875 935 887
f 886 887 935
f 878 889 955
f 885 888 951
f 880 969 890
f 890 973 891
f 892 973 893
f 894 975 895
f 881 985 889
f 881 896 985
f 882 898 987
f 896 897 989
f 898 899 991
f 884 951 937
f 884 937 935
f 877 948 939
f 879 939 941
f 886 945 948
f 886 943 945
f 886 947 943
f 886 935 947
f 878 955 952
f 888 949 951
f 889 960 959
f 889 959 957
f 889 985 960
f 889 957 955
f 879 941 969
f 890 969 971
f 890 971 973
f 893 973 975
f 895 975 977
f 896 989 985
f 898 991 987
f 899 993 991
f 899 995 993
f 895 977 900
f 902 904 929
f 904 906 929
f 908 929 906
f 908 910 929
f 910 911 929
f 911 913 929
f 913 915 929
f 915 917 929
f 917 919 929
f 919 921 929
f 921 923 929
f 923 925 929
f 925 927 929
f 929 931 933
f 901 903 1146
f 903 905 1154
f 905 907 1154
f 907 909 1154
f 909 912 1154
f 912 914 1154
f 914 916 1154
f 916 918 1154
f 918 920 1154
f 920 922 1154
f 922 924 1154
f 924 926 1154
f 926 928 1154
f 928 930 1154
f 930 932 1154
f 901 1142 1141
f 901 1143 1142
f 901 1144 1143
f 901 1145 1144
f 901 1146 1145
f 903 1147 1146
f 903 1148 1147
f 903 1149 1148
f 903 1150 1149
f 903 1151 1150
f 903 1152 1151
f 903 1153 1152
f 903 1154 1153
f 936 950 965
f 934 936 965
f 934 965 961
f 941 987 969
f 969 987 971
f 938 962 940
f 944 946 963
f 942 944 963
f 934 964 946
f 946 964 963
f 938 942 963
f 943 987 945
f 935 987 947
f 937 951 987
f 949 987 951
f 935 937 987
f 943 947 987
f 949 952 987
f 957 959 987
f 955 957 987
f 952 955 987
f 950 953 965
f 953 954 967
f 956 958 966
f 954 956 967
f 956 966 967
f 939 948 987
f 945 987 948
f 939 987 941
f 934 961 1000
f 938 963 1005
f 940 962 1003
f 938 1005 962
f 934 1000 964
f 953 1018 965
f 958 984 1025
f 953 967 1023
f 958 1025 966
f 971 987 973
f 973 987 975
f 975 987 977
f 940 978 968
f 968 979 970
f 970 981 972
f 968 978 979
f 972 982 974
f 972 981 980
f 972 980 982
f 974 983 976
f 940 1003 978
f 970 979 1034
f 970 1037 981
f 974 982 1041
f 974 1043 983
f 959 960 987
f 960 985 987
f 985 989 987
f 987 991 993
f 987 993 995
f 984 988 997
f 986 996 988
f 988 996 997
f 986 998 996
f 986 990 998
f 990 992 999
f 992 994 999
f 990 999 998
f 984 997 1047
f 961 965 1000
f 963 964 1000
f 966 1029 967
f 953 1023 1020
f 953 1020 1018
f 962 1006 1003
f 962 1005 1006
f 963 1009 1015
f 963 1013 1009
f 963 1000 1013
f 963 1015 1005
f 965 1018 1000
f 966 1026 1029
f 966 1025 1026
f 967 1029 1023
f 978 1034 979
f 970 1034 1037
f 980 981 1039
f 980 1041 982
f 974 1041 1043
f 1003 1034 978
f 981 1037 1039
f 980 1039 1041
f 996 1051 997
f 996 998 1051
f 998 999 1051
f 984 1047 1025
f 997 1051 1049
f 997 1049 1047
f 999 1053 1051
f 999 1055 1053
f 999 1139 1055
f 987 995 1141
f 1010 1011 1140
f 1008 1140 1011
f 1010 1140 1014
f 1012 1014 1140
f 1002 1007 1140
f 1004 1140 1007
f 1004 1033 1140
f 1031 1140 1033
f 1002 1140 1008
f 1031 1032 1140
f 1032 1035 1140
f 1035 1036 1140
f 1036 1038 1140
f 1001 1017 1057
f 1004 1007 1066
f 1004 1066 1033
f 1002 1066 1007
f 1002 1008 1068
f 1010 1014 1068
f 1008 1011 1068
f 1010 1068 1011
f 1012 1068 1014
f 1001 1079 1012
f 1016 1019 1082
f 1016 1081 1017
f 1019 1021 1082
f 1021 1022 1084
f 1022 1024 1084
f 1028 1084 1030
f 1027 1084 1028
f 1024 1030 1084
f 1038 1040 1140
f 1040 1042 1140
f 1042 1044 1140
f 1044 1045 1140
f 1045 1137 1140
f 1031 1097 1032
f 1031 1033 1097
f 1032 1098 1035
f 1035 1099 1036
f 1036 1113 1038
f 1038 1113 1040
f 1040 1114 1042
f 1042 1116 1044
f 1044 1116 1045
f 1016 1140 1019
f 1019 1140 1021
f 1021 1140 1022
f 1001 1140 1017
f 1001 1012 1140
f 1016 1017 1140
f 1022 1140 1024
f 1024 1140 1030
f 1027 1028 1140
f 1028 1030 1140
f 1027 1140 1046
f 1046 1140 1048
f 1050 1140 1052
f 1048 1140 1050
f 1052 1140 1054
f 1054 1140 1056
f 1027 1046 1125
f 1048 1050 1125
f 1046 1048 1125
f 1050 1052 1126
f 1052 1054 1127
f 1054 1056 1127
f 1056 1140 1127
f 1001 1057 1058
f 1001 1058 1063
f 1017 1089 1057
f 1001 1059 1079
f 1001 1062 1059
f 1001 1063 1062
f 1002 1067 1066
f 1002 1069 1067
f 1002 1080 1069
f 1012 1078 1068
f 1012 1079 1078
f 1002 1068 1080
f 1021 1083 1082
f 1021 1086 1085
f 1016 1082 1088
f 1016 1088 1081
f 1017 1081 1089
f 1021 1094 1083
f 1021 1085 1094
f 1021 1084 1086
f 1027 1096 1084
f 1027 1125 1096
f 1057 1064 1058
f 1058 1060 1063
f 1057 1061 1064
f 1057 1089 1065
f 1058 1064 1060
f 1057 1065 1061
f 1066 1067 1073
f 1066 1071 1072
f 1066 1072 1070
f 1067 1074 1073
f 1067 1069 1074
f 1066 1073 1071
f 1068 1075 1080
f 1068 1076 1077
f 1068 1077 1075
f 1068 1078 1076
f 1082 1083 1093
f 1082 1090 1088
f 1081 1087 1089
f 1081 1088 1087
f 1082 1093 1091
f 1082 1091 1092
f 1082 1092 1090
f 1083 1094 1095
f 1083 1095 1093
f 1084 1096 1086
f 1033 1066 1097
f 1036 1099 1100
f 1032 1097 1103
f 1032 1103 1101
f 1032 1101 1102
f 1035 1105 1099
f 1032 1106 1098
f 1035 1098 1108
f 1036 1100 1111
f 1035 1108 1105
f 1032 1102 1106
f 1036 1111 1112
f 1036 1112 1113
f 1040 1113 1114
f 1042 1114 1115
f 1042 1115 1119
f 1042 1119 1122
f 1042 1122 1116
f 1066 1070 1097
f 1097 1104 1103
f 1097 1070 1104
f 1099 1110 1100
f 1099 1105 1109
f 1098 1106 1107
f 1098 1107 1108
f 1099 1109 1110
f 1100 1110 1111
f 1113 1112 1117
f 1113 1120 1114
f 1114 1118 1115
f 1113 1117 1120
f 1115 1118 1119
f 1114 1120 1121
f 1114 1121 1118
f 1116 1122 1123
f 1116 1123 1124
f 1050 1126 1125
f 1052 1132 1126
f 1052 1127 1135
f 1052 1135 1133
f 1052 1133 1134
f 1052 1134 1132
f 1127 1140 1136
f 1125 1126 1130
f 1125 1128 1096
f 1125 1130 1129
f 1125 1129 1128
f 1126 1132 1131
f 1126 1131 1130
f 1127 1136 1135
f 1045 1116 1137
f 1116 1138 1137
f 1116 1124 1138
f 1140 1157 1136
f 987 1141 1142
f 987 1142 1143
f 987 1143 1144
f 987 1144 1145
f 987 1145 1146
f 987 1146 1147
f 987 1147 1148
f 987 1148 1149
f 987 1149 1150
f 987 1150 1151
f 987 1151 1152
f 987 1152 1153
f 987 1153 1154
f 987 1154 1155
f 1157 1158 1136
f 977 1180 900
f 929 933 1204
f 1154 932 1203
f 1154 1211 1155
f 977 987 1228
f 976 983 1295
f 983 1043 1295
f 1137 1293 1140
f 1137 1138 1294
f 987 1155 1441
f 1140 1456 1157
f 1157 1456 1158
f 1156 1159 1458
f 902 1502 904
f 904 1502 906
f 908 906 1502
f 908 1502 910
f 910 1502 911
f 911 1502 913
f 913 1502 915
f 915 1502 917
f 917 1502 919
f 919 1502 921
f 921 1502 923
f 923 1502 925
f 925 1502 927
f 927 1502 929
f 929 1500 931
f 994 1611 999
f 999 1611 1139
f 1156 1592 1159
f 931 1831 933
f 940 968 1952
f 968 970 1952
f 970 972 1952
f 972 974 1952
f 974 976 1952
f 936 1952 950
f 934 1952 936
f 950 1952 953
f 953 1952 954
f 954 1952 956
f 956 1952 958
f 958 1952 984
f 986 988 1952
f 984 1952 988
f 986 1952 990
f 990 1952 992
f 992 1952 994
f 942 1952 944
f 938 1952 942
f 944 1952 946
f 934 946 1952
f 938 940 1952
f 1000 1018 2014
f 1026 2014 1029
f 1025 2014 1026
f 1018 1020 2014
f 1020 1023 2014
f 1023 1029 2014
f 1025 1047 2014
f 1047 1049 2014
f 1049 1051 2014
f 1051 1053 2014
f 1053 1055 2014
f 1003 1006 2014
f 1003 2014 1034
f 1009 1013 2014
f 1005 1015 2014
f 1009 2014 1015
f 1000 2014 1013
f 1005 2014 1006
f 1034 2014 1037
f 1037 2014 1039
f 1039 2014 1041
f 1041 2014 1043
f 1055 1139 2014
f 900 1180 295
f 161 1205 1203
f 161 1207 1205
f 161 1209 1207
f 161 1211 1209
f 161 1213 1211
f 161 1217 1213
f 161 1219 1217
f 161 1215 1219
f 161 1221 1215
f 161 1223 1221
f 161 1226 1223
f 161 1174 1177
f 161 1176 1226
f 161 1177 1176
f 929 1175 358
f 315 1164 1181
f 322 1171 1167
f 307 1162 1262
f 315 1193 1164
f 317 1241 1161
f 311 1180 1168
f 319 1194 1165
f 321 1166 1196
f 326 1173 1174
f 312 1168 1191
f 296 1192 1193
f 319 1165 1254
f 321 1254 1166
f 320 1170 1194
f 322 1196 1171
f 324 1185 1186
f 316 1169 1241
f 296 1235 1192
f 324 1186 1198
f 324 1198 1187
f 301 1182 1245
f 323 1262 1185
f 325 1187 1199
f 325 1199 1200
f 352 1201 1173
f 312 1191 1235
f 359 1183 1170
f 301 1245 1247
f 352 1189 1201
f 1160 1181 1169
f 1162 1167 1261
f 1167 1171 1172
f 359 1248 1183
f 1164 1193 1181
f 1161 1241 1182
f 359 1247 1248
f 1166 1184 1196
f 1167 1172 1261
f 1171 1197 1172
f 1163 1282 1189
f 1163 1200 1282
f 1173 1202 1174
f 977 1228 1180
f 929 1204 1206
f 929 1206 1208
f 929 1208 1210
f 929 1210 1212
f 929 1214 1218
f 929 1212 1214
f 929 1218 1220
f 929 1220 1216
f 929 1227 1179
f 929 1178 1175
f 929 1179 1178
f 929 1216 1222
f 929 1225 1224
f 929 1222 1225
f 929 1224 1227
f 1154 1203 1205
f 1154 1207 1209
f 1154 1205 1207
f 1154 1209 1211
f 1155 1211 1213
f 1155 1213 1441
f 1140 1293 1296
f 987 1230 1228
f 987 1231 1230
f 987 1233 1231
f 987 1235 1233
f 987 1236 1235
f 987 1238 1236
f 987 1239 1238
f 987 1241 1239
f 987 1245 1241
f 987 1248 1247
f 987 1247 1245
f 987 1251 1248
f 987 1252 1251
f 987 1254 1252
f 987 1256 1254
f 976 1295 1229
f 987 1258 1256
f 987 1260 1258
f 987 1261 1260
f 987 1262 1261
f 987 1265 1262
f 987 1267 1265
f 987 1269 1267
f 987 1276 1269
f 987 1278 1276
f 987 1280 1278
f 987 1282 1280
f 987 1284 1282
f 987 1286 1284
f 987 1292 1286
f 987 1439 1292
f 1140 1296 1297
f 1140 1297 1298
f 1140 1298 1299
f 1140 1299 1300
f 1140 1300 1302
f 1140 1302 1303
f 1140 1303 1305
f 1140 1305 1308
f 1140 1308 1307
f 1140 1307 1309
f 1140 1309 1311
f 1140 1311 1312
f 1140 1312 1315
f 1140 1315 1317
f 1140 1317 1319
f 1140 1319 1321
f 1140 1321 1322
f 1137 1294 1293
f 1140 1322 1324
f 1140 1324 1325
f 1140 1325 1326
f 1140 1326 1328
f 1140 1328 1330
f 1140 1330 1333
f 1140 1333 1332
f 1140 1332 1336
f 1140 1336 1338
f 1140 1338 1342
f 1140 1342 1341
f 1140 1341 1343
f 1140 1343 1345
f 1140 1345 1347
f 1140 1347 1349
f 1140 1349 1351
f 1140 1351 1353
f 1140 1353 1355
f 1140 1355 1456
f 987 1441 1442
f 987 1442 1443
f 987 1443 1444
f 987 1444 1445
f 987 1445 1446
f 987 1454 1450
f 987 1446 1447
f 987 1447 1451
f 987 1453 1454
f 987 1451 1452
f 987 1452 1453
f 987 1440 1439
f 987 1449 1448
f 987 1448 1440
f 987 1450 1449
f 1156 1458 1455
f 1456 1457 1158
f 1168 1190 1191
f 1166 1254 1184
f 1170 1183 1194
f 1165 1194 1254
f 1171 1195 1197
f 1171 1196 1195
f 1162 1261 1262
f 1173 1201 1202
f 1188 1201 1189
f 1168 1180 1231
f 1168 1233 1190
f 1169 1181 1241
f 1172 1197 1261
f 1185 1262 1186
f 1188 1189 1282
f 1202 1292 1174
f 1168 1231 1233
f 1190 1233 1191
f 1192 1235 1193
f 1181 1193 1239
f 1183 1251 1194
f 1184 1254 1196
f 1195 1196 1260
f 1186 1262 1198
f 1195 1260 1197
f 1187 1198 1276
f 1187 1278 1199
f 1188 1282 1201
f 1199 1280 1200
f 1201 1284 1202
f 1180 1228 1230
f 1180 1230 1231
f 1191 1233 1235
f 1193 1235 1236
f 1193 1236 1238
f 1181 1239 1241
f 1182 1241 1245
f 1193 1238 1239
f 1183 1248 1251
f 1194 1251 1252
f 1194 1252 1254
f 1196 1254 1256
f 1196 1256 1258
f 1196 1258 1260
f 1197 1260 1261
f 1198 1262 1265
f 1198 1265 1267
f 1198 1267 1269
f 1198 1269 1276
f 1187 1276 1278
f 1199 1278 1280
f 1200 1280 1282
f 1201 1282 1284
f 1202 1284 1286
f 1202 1286 1292
f 1213 1217 1441
f 1217 1219 1441
f 1219 1215 1441
f 1176 1447 1226
f 1176 1177 1450
f 1174 1449 1177
f 1221 1223 1442
f 1223 1226 1443
f 1215 1221 1442
f 1292 1439 1174
f 1439 1440 1174
f 1440 1448 1174
f 1174 1448 1449
f 1176 1450 1454
f 1177 1449 1450
f 1215 1442 1441
f 1223 1443 1442
f 1226 1444 1443
f 1226 1445 1444
f 1226 1446 1445
f 1226 1447 1446
f 1176 1451 1447
f 1176 1453 1452
f 1176 1452 1451
f 1176 1454 1453
f 1234 1242 1237
f 1237 1242 1240
f 1240 1242 1243
f 1240 1243 1244
f 1229 1295 1232
f 1232 1301 1234
f 1234 1301 1242
f 1244 1243 1310
f 1244 1270 1246
f 1246 1271 1249
f 1249 1271 1250
f 1250 1271 1253
f 1253 1273 1255
f 1255 1273 1257
f 1257 1273 1259
f 1253 1272 1273
f 1259 1273 1263
f 1263 1274 1264
f 1264 1275 1266
f 1266 1275 1268
f 1268 1275 1277
f 1264 1274 1275
f 1244 1313 1270
f 1246 1270 1314
f 1246 1314 1271
f 1253 1271 1323
f 1253 1323 1272
f 1263 1273 1327
f 1263 1335 1274
f 1277 1275 1339
f 1277 1287 1279
f 1279 1287 1281
f 1281 1288 1283
f 1281 1287 1288
f 1283 1290 1285
f 1283 1288 1289
f 1283 1289 1290
f 1285 1290 1291
f 1277 1344 1287
f 1232 1295 1301
f 1242 1306 1243
f 1242 1301 1304
f 1242 1304 1306
f 1243 1306 1310
f 1244 1310 1313
f 1272 1323 1273
f 1274 1337 1275
f 1263 1327 1329
f 1263 1329 1331
f 1263 1331 1334
f 1263 1334 1335
f 1270 1313 1314
f 1271 1314 1316
f 1271 1316 1318
f 1271 1318 1320
f 1271 1320 1323
f 1273 1323 1327
f 1274 1335 1337
f 1275 1337 1340
f 1275 1340 1339
f 1287 1348 1288
f 1288 1348 1289
f 1289 1348 1290
f 1277 1339 1344
f 1287 1344 1346
f 1287 1346 1348
f 1290 1348 1350
f 1290 1350 1352
f 1290 1352 1354
f 1293 1356 1296
f 1293 1294 1356
f 1356 1294 1363
f 1296 1356 1297
f 1297 1364 1298
f 1298 1358 1299
f 1300 1357 1302
f 1299 1358 1300
f 1302 1360 1303
f 1303 1375 1305
f 1305 1375 1308
f 1307 1308 1375
f 1309 1376 1311
f 1307 1377 1309
f 1311 1388 1312
f 1312 1388 1315
f 1315 1390 1317
f 1317 1390 1319
f 1319 1390 1321
f 1321 1390 1322
f 1322 1401 1324
f 1324 1402 1325
f 1325 1411 1326
f 1326 1412 1328
f 1328 1413 1330
f 1330 1413 1333
f 1332 1333 1413
f 1332 1415 1336
f 1336 1415 1338
f 1338 1415 1342
f 1341 1342 1415
f 1341 1426 1343
f 1345 1426 1347
f 1343 1426 1345
f 1347 1427 1349
f 1349 1428 1351
f 1351 1428 1353
f 1353 1428 1355
f 1300 1358 1357
f 1302 1357 1359
f 1297 1356 1364
f 1298 1364 1358
f 1302 1359 1370
f 1302 1369 1360
f 1303 1360 1373
f 1302 1370 1371
f 1302 1371 1369
f 1303 1373 1374
f 1311 1376 1388
f 1303 1374 1375
f 1307 1375 1379
f 1307 1379 1383
f 1307 1382 1377
f 1307 1383 1382
f 1309 1385 1376
f 1309 1377 1384
f 1309 1384 1385
f 1356 1362 1361
f 1356 1363 1362
f 1356 1361 1364
f 1357 1358 1367
f 1357 1368 1359
f 1358 1364 1366
f 1358 1365 1367
f 1358 1366 1365
f 1357 1367 1368
f 1359 1368 1370
f 1360 1369 1372
f 1360 1372 1373
f 1375 1374 1381
f 1375 1378 1379
f 1375 1380 1378
f 1375 1381 1380
f 1376 1386 1388
f 1376 1385 1387
f 1376 1387 1386
f 1388 1386 1392
f 1315 1388 1389
f 1315 1389 1395
f 1315 1395 1396
f 1315 1396 1390
f 1322 1390 1400
f 1322 1400 1401
f 1324 1401 1407
f 1324 1403 1402
f 1324 1404 1403
f 1324 1407 1408
f 1324 1408 1404
f 1328 1412 1413
f 1332 1413 1414
f 1332 1414 1415
f 1325 1402 1417
f 1325 1417 1411
f 1326 1411 1421
f 1326 1421 1412
f 1341 1415 1430
f 1388 1394 1389
f 1388 1392 1391
f 1388 1391 1394
f 1389 1394 1393
f 1389 1393 1395
f 1390 1396 1399
f 1390 1397 1400
f 1390 1398 1397
f 1390 1399 1398
f 1402 1403 1405
f 1403 1404 1409
f 1402 1405 1410
f 1402 1406 1417
f 1403 1409 1405
f 1402 1410 1406
f 1412 1423 1413
f 1411 1417 1418
f 1411 1418 1416
f 1411 1416 1421
f 1412 1419 1423
f 1412 1420 1419
f 1412 1421 1420
f 1413 1422 1424
f 1413 1423 1422
f 1413 1424 1414
f 1414 1425 1415
f 1414 1424 1425
f 1415 1425 1430
f 1347 1426 1427
f 1341 1430 1426
f 1349 1427 1434
f 1349 1437 1428
f 1349 1434 1435
f 1349 1435 1436
f 1349 1436 1437
f 1426 1432 1427
f 1426 1429 1432
f 1426 1430 1429
f 1427 1431 1433
f 1427 1432 1431
f 1427 1433 1434
f 1428 1437 1438
f 1355 1428 1456
f 1428 1438 1457
f 1428 1457 1456
f 933 1831 1204
f 976 1229 1952
f 1043 2014 1295
f 1156 1455 1946
f 1204 1837 1206
f 1206 1839 1208
f 1208 1839 1210
f 1210 1841 1212
f 1212 1841 1214
f 1214 1841 1218
f 1218 1841 1220
f 1216 1841 1222
f 1220 1841 1216
f 1175 1178 1843
f 1178 1179 1843
f 1179 1227 1843
f 1224 1225 1843
f 1222 1843 1225
f 1224 1843 1227
f 1229 1232 1952
f 1232 1234 1952
f 1234 1237 1952
f 1237 1240 1952
f 1240 1244 1952
f 1244 1246 1952
f 1246 1249 1952
f 1249 1250 1952
f 1250 1253 1952
f 1253 1255 1952
f 1255 1257 1952
f 1257 1259 1952
f 1259 1263 1952
f 1263 1264 1952
f 1264 1266 1952
f 1266 1268 1952
f 1268 1277 1952
f 1277 1279 1952
f 1279 1281 1952
f 1281 1283 1952
f 1283 1285 1952
f 1285 1291 1952
f 1291 1290 1967
f 1290 1354 1967
f 1295 2014 1301
f 1301 2014 1304
f 1304 2014 1306
f 1306 2014 1310
f 1310 2014 1313
f 1313 2014 1314
f 1314 2014 1316
f 1316 2014 1318
f 1318 2014 1320
f 1320 2014 1323
f 1323 2014 1327
f 1327 2014 1329
f 1331 2014 1334
f 1329 2014 1331
f 1334 2014 1335
f 1335 2014 1337
f 1339 1340 2014
f 1337 2014 1340
f 1339 2014 1344
f 1344 2014 1346
f 1346 2014 1348
f 1348 2014 1350
f 1350 2014 1352
f 1352 2014 1354
f 1455 1458 1949
f 597 1459 1511
f 598 1513 1459
f 599 1513 1460
f 565 1523 1462
f 593 1472 1466
f 604 1460 1513
f 557 1463 1517
f 565 1464 1523
f 575 1470 1469
f 602 1465 1471
f 541 1467 1507
f 541 1509 1467
f 605 1469 1464
f 557 1517 1515
f 597 1511 1509
f 1461 1462 1523
f 599 1515 1513
f 606 1471 1470
f 1461 1519 1463
f 1459 1513 1511
f 1461 1521 1519
f 1461 1523 1521
f 1465 1466 1548
f 1464 1468 1523
f 1464 1525 1468
f 1464 1469 1525
f 1463 1519 1517
f 1465 1548 1471
f 1466 1472 1552
f 1466 1551 1548
f 1466 1552 1551
f 1467 1509 1507
f 1469 1470 1531
f 1468 1525 1523
f 1469 1527 1525
f 1469 1529 1527
f 1469 1531 1529
f 1470 1533 1531
f 1470 1535 1533
f 1470 1537 1535
f 1470 1471 1537
f 1537 1471 1539
f 1471 1542 1539
f 1471 1544 1542
f 1471 1548 1544
f 1472 1555 1552
f 603 1807 1472
f 1472 1807 1555
f 931 1482 1474
f 931 1474 1476
f 931 1476 1484
f 931 1486 1488
f 931 1484 1486
f 931 1494 1504
f 931 1488 1490
f 931 1490 1492
f 931 1492 1494
f 931 1480 1482
f 931 1477 1480
f 931 1495 1477
f 931 1498 1495
f 931 1500 1498
f 929 1502 1500
f 931 1504 1812
f 902 1507 1502
f 1592 1594 1159
f 994 1598 1611
f 1139 1611 1659
f 1156 1946 1592
f 994 1952 1598
f 1139 1659 2014
f 1473 1481 1576
f 1473 1577 1475
f 1478 1579 1479
f 1479 1580 1481
f 1487 1584 1489
f 1475 1581 1483
f 1483 1582 1485
f 1485 1582 1487
f 1489 1584 1491
f 1491 1586 1493
f 1493 1591 1503
f 1478 1496 1578
f 1496 1497 1587
f 1497 1499 1588
f 1499 1501 1590
f 1503 1591 1505
f 1473 1576 1577
f 1479 1579 1580
f 1478 1578 1579
f 1481 1580 1576
f 1475 1577 1581
f 1483 1581 1582
f 1487 1582 1583
f 1487 1583 1584
f 1491 1584 1585
f 1491 1585 1586
f 1493 1586 1591
f 1496 1587 1578
f 1497 1588 1587
f 1499 1589 1588
f 1499 1590 1589
f 1501 1599 1590
f 1501 1506 1556
f 1506 1508 1556
f 1508 1510 1556
f 1512 1514 1558
f 1514 1516 1558
f 1516 1518 1559
f 1518 1520 1560
f 1520 1522 1560
f 1522 1524 1562
f 1524 1526 1563
f 1526 1528 1563
f 1528 1530 1563
f 1530 1532 1564
f 1532 1534 1566
f 1534 1536 1566
f 1536 1538 1566
f 1540 1541 1567
f 1541 1543 1567
f 1543 1545 1569
f 1545 1547 1570
f 1546 1570 1547
f 1546 1549 1572
f 1549 1550 1572
f 1550 1553 1574
f 1553 1554 1575
f 1510 1557 1556
f 1510 1512 1604
f 1518 1560 1559
f 1522 1562 1561
f 1524 1563 1562
f 1532 1565 1564
f 1532 1566 1565
f 1543 1568 1567
f 1543 1569 1568
f 1545 1570 1569
f 1546 1571 1570
f 1546 1572 1573
f 1538 1540 1646
f 1501 1556 1599
f 1510 1604 1557
f 1512 1558 1610
f 1556 1557 1602
f 1516 1619 1558
f 1516 1559 1623
f 1522 1625 1560
f 1559 1560 1623
f 1522 1561 1628
f 1561 1562 1629
f 1530 1638 1563
f 1530 1564 1638
f 1538 1641 1566
f 1562 1563 1631
f 1564 1565 1638
f 1565 1566 1640
f 1540 1567 1646
f 1567 1568 1646
f 1568 1569 1646
f 1569 1570 1646
f 1546 1648 1571
f 1546 1573 1648
f 1550 1650 1572
f 1550 1574 1651
f 1553 1653 1574
f 1553 1575 1653
f 1570 1571 1648
f 1572 1650 1573
f 1599 1556 1601
f 1512 1606 1604
f 1512 1608 1606
f 1512 1610 1608
f 1556 1602 1601
f 1557 1604 1602
f 1516 1620 1619
f 1516 1623 1620
f 1522 1626 1625
f 1610 1558 1615
f 1558 1617 1615
f 1558 1619 1617
f 1560 1622 1623
f 1560 1625 1622
f 1522 1628 1626
f 1561 1629 1628
f 1562 1631 1629
f 1563 1633 1631
f 1563 1635 1633
f 1563 1636 1635
f 1563 1638 1636
f 1565 1640 1638
f 1566 1641 1640
f 1538 1646 1641
f 1570 1649 1646
f 1550 1651 1650
f 1570 1648 1649
f 1573 1650 1648
f 1574 1653 1651
f 1575 1654 1653
f 1593 1595 1596
f 1593 1596 1597
f 1593 1716 1595
f 1598 1600 1611
f 1600 1612 1611
f 1600 1603 1612
f 1603 1605 1612
f 1607 1609 1613
f 1605 1607 1668
f 1605 1668 1612
f 1607 1613 1668
f 1614 1671 1613
f 1609 1614 1613
f 1614 1616 1642
f 1616 1618 1642
f 1627 1630 1643
f 1630 1632 1643
f 1632 1634 1643
f 1634 1637 1643
f 1637 1639 1644
f 1637 1644 1643
f 1618 1621 1680
f 1614 1642 1674
f 1618 1680 1642
f 1621 1624 1686
f 1624 1627 1691
f 1627 1643 1691
f 1639 1645 1644
f 1645 1647 1655
f 1647 1657 1656
f 1647 1652 1657
f 1652 1658 1657
f 1645 1703 1644
f 1645 1655 1705
f 1647 1708 1655
f 1647 1656 1708
f 1611 1612 1665
f 1611 1661 1659
f 1611 1663 1661
f 1611 1665 1663
f 1612 1668 1665
f 1613 1671 1668
f 1614 1674 1671
f 1621 1682 1680
f 1621 1684 1682
f 1621 1686 1684
f 1624 1689 1686
f 1624 1691 1689
f 1643 1644 1695
f 1642 1673 1674
f 1642 1677 1673
f 1642 1680 1677
f 1643 1693 1691
f 1643 1695 1693
f 1644 1699 1695
f 1645 1705 1703
f 1656 1657 1711
f 1644 1703 1699
f 1655 1708 1705
f 1656 1711 1709
f 1656 1709 1708
f 1657 1713 1711
f 1657 1795 1713
f 1593 1662 1660
f 1593 1664 1662
f 1593 1666 1664
f 1593 1669 1667
f 1593 1667 1666
f 1593 1670 1669
f 1593 1672 1670
f 1593 1675 1672
f 1593 1678 1676
f 1593 1676 1675
f 1593 1679 1678
f 1593 1681 1679
f 1593 1683 1681
f 1593 1687 1685
f 1593 1685 1683
f 1593 1660 1716
f 1593 1688 1687
f 1593 1690 1688
f 1593 1692 1690
f 1593 1694 1692
f 1593 1696 1694
f 1593 1697 1696
f 1593 1698 1697
f 1593 1700 1698
f 1593 1701 1700
f 1593 1702 1701
f 1593 1704 1702
f 1593 1706 1704
f 1593 1707 1706
f 1593 1710 1707
f 1593 1712 1710
f 1593 1714 1712
f 1593 1715 1714
f 1593 1796 1715
f 1716 1718 1595
f 1660 1662 1716
f 1662 1664 1716
f 1664 1666 1716
f 1666 1667 1717
f 1667 1669 1717
f 1669 1670 1727
f 1670 1672 1728
f 1672 1675 1731
f 1675 1676 1731
f 1676 1678 1731
f 1678 1679 1731
f 1679 1681 1731
f 1681 1683 1732
f 1683 1685 1732
f 1685 1687 1732
f 1687 1688 1733
f 1688 1690 1734
f 1690 1692 1745
f 1692 1694 1750
f 1694 1696 1751
f 1696 1697 1751
f 1697 1698 1751
f 1698 1700 1752
f 1700 1701 1753
f 1701 1702 1766
f 1702 1704 1773
f 1704 1706 1767
f 1706 1707 1781
f 1707 1710 1782
f 1710 1712 1782
f 1712 1714 1784
f 1714 1715 1784
f 1666 1719 1716
f 1666 1717 1721
f 1669 1726 1717
f 1666 1720 1719
f 1666 1721 1722
f 1666 1722 1720
f 1669 1727 1726
f 1670 1728 1727
f 1672 1729 1728
f 1672 1730 1729
f 1716 1719 1718
f 1717 1723 1721
f 1717 1726 1725
f 1717 1724 1723
f 1717 1725 1724
f 1687 1733 1732
f 1688 1734 1733
f 1690 1745 1734
f 1672 1731 1730
f 1681 1736 1731
f 1681 1737 1736
f 1681 1738 1737
f 1681 1732 1738
f 1692 1746 1745
f 1692 1749 1746
f 1692 1748 1749
f 1694 1751 1750
f 1698 1752 1751
f 1700 1753 1752
f 1692 1750 1748
f 1731 1735 1730
f 1731 1736 1735
f 1732 1739 1738
f 1732 1733 1740
f 1733 1734 1742
f 1734 1745 1744
f 1732 1740 1741
f 1732 1741 1739
f 1733 1742 1740
f 1734 1743 1742
f 1734 1744 1743
f 1745 1747 1744
f 1745 1746 1747
f 1746 1749 1747
f 1750 1751 1755
f 1750 1754 1748
f 1750 1755 1756
f 1750 1756 1754
f 1751 1757 1755
f 1751 1758 1759
f 1751 1759 1757
f 1751 1752 1758
f 1752 1753 1762
f 1752 1760 1758
f 1752 1761 1760
f 1752 1762 1761
f 1753 1763 1762
f 1753 1764 1765
f 1753 1765 1763
f 1701 1766 1753
f 1706 1768 1767
f 1702 1772 1766
f 1702 1773 1772
f 1704 1767 1776
f 1706 1777 1768
f 1704 1775 1773
f 1704 1776 1775
f 1706 1779 1777
f 1706 1780 1779
f 1706 1781 1780
f 1707 1782 1781
f 1712 1783 1782
f 1712 1786 1783
f 1712 1790 1786
f 1712 1784 1790
f 1753 1766 1769
f 1753 1769 1764
f 1766 1770 1771
f 1766 1771 1769
f 1766 1772 1770
f 1767 1768 1778
f 1767 1774 1776
f 1767 1778 1774
f 1768 1777 1778
f 1781 1785 1780
f 1781 1782 1787
f 1782 1783 1789
f 1781 1787 1785
f 1783 1786 1788
f 1783 1788 1789
f 1782 1789 1787
f 1784 1791 1790
f 1784 1792 1791
f 1784 1793 1794
f 1784 1794 1792
f 1715 1796 1784
f 1487 1489 1842
f 1489 1491 1842
f 1491 1493 1842
f 1493 1503 1842
f 1479 1481 1842
f 1478 1479 1842
f 1496 1842 1497
f 1497 1842 1499
f 1478 1842 1496
f 1499 1842 1501
f 1473 1842 1481
f 1475 1483 1842
f 1473 1475 1842
f 1483 1485 1842
f 1485 1487 1842
f 1474 1858 1476
f 1484 1858 1486
f 1486 1858 1488
f 1476 1858 1484
f 1488 1858 1490
f 1490 1858 1492
f 1492 1858 1494
f 1494 1858 1504
f 1480 1858 1482
f 1477 1858 1480
f 1477 1495 1858
f 1495 1498 1858
f 1498 1500 1858
f 1474 1482 1858
f 1501 1842 1506
f 1500 1502 1858
f 1505 1591 1929
f 1503 1505 1842
f 1502 1507 1858
f 1506 1842 1508
f 1508 1842 1510
f 1510 1842 1512
f 1512 1842 1514
f 1514 1842 1516
f 1516 1842 1518
f 1518 1842 1520
f 1520 1842 1522
f 1522 1842 1524
f 1524 1842 1526
f 1526 1842 1528
f 1528 1842 1530
f 1530 1842 1532
f 1507 1509 1858
f 1534 1842 1536
f 1532 1842 1534
f 1536 1842 1538
f 1538 1842 1540
f 1540 1842 1541
f 1541 1842 1543
f 1543 1842 1545
f 1545 1842 1547
f 1546 1547 1842
f 1546 1842 1549
f 1549 1842 1550
f 1550 1842 1553
f 1553 1842 1554
f 1509 1511 1858
f 1511 1513 1858
f 1513 1515 1858
f 1515 1517 1858
f 1517 1519 1858
f 1519 1521 1858
f 1521 1523 1858
f 1523 1525 1858
f 1525 1527 1858
f 1527 1529 1858
f 1529 1531 1858
f 1531 1533 1858
f 1533 1535 1858
f 1535 1537 1858
f 1537 1539 1858
f 1539 1542 1858
f 1542 1544 1858
f 1544 1548 1858
f 1548 1551 1858
f 1551 1552 1858
f 1552 1555 1858
f 1554 1970 1575
f 1575 1970 1654
f 1579 1953 1580
f 1578 1953 1579
f 1587 1588 1953
f 1588 1589 1953
f 1578 1587 1953
f 1589 1590 1953
f 1581 1953 1582
f 1576 1953 1577
f 1577 1953 1581
f 1576 1580 1953
f 1582 1953 1583
f 1584 1953 1585
f 1583 1953 1584
f 1585 1953 1586
f 1586 1953 1591
f 1593 1597 1945
f 1592 1946 1594
f 1590 1599 1953
f 1598 1952 1600
f 1599 1601 1953
f 1601 1602 1953
f 1600 1952 1603
f 1602 1604 1953
f 1603 1952 1605
f 1604 1606 1953
f 1605 1952 1607
f 1606 1608 1953
f 1607 1952 1609
f 1608 1610 1953
f 1609 1952 1614
f 1610 1615 1953
f 1614 1952 1616
f 1615 1617 1953
f 1616 1952 1618
f 1617 1619 1953
f 1619 1620 1953
f 1618 1952 1621
f 1620 1623 1953
f 1622 1953 1623
f 1621 1952 1624
f 1622 1625 1953
f 1625 1626 1953
f 1624 1952 1627
f 1626 1628 1953
f 1628 1629 1953
f 1627 1952 1630
f 1629 1631 1953
f 1630 1952 1632
f 1631 1633 1953
f 1632 1952 1634
f 1633 1635 1953
f 1635 1636 1953
f 1634 1952 1637
f 1636 1638 1953
f 1637 1952 1639
f 1638 1640 1953
f 1640 1641 1953
f 1639 1952 1645
f 1641 1646 1953
f 1645 1952 1647
f 1646 1649 1953
f 1648 1953 1649
f 1648 1650 1953
f 1650 1651 1953
f 1647 1952 1652
f 1651 1653 1953
f 1653 1654 1953
f 1652 1952 1658
f 1658 1981 1657
f 1657 1981 1795
f 1593 2013 1796
f 1659 1661 2014
f 1661 1663 2014
f 1663 1665 2014
f 1665 1668 2014
f 1668 1671 2014
f 1671 1674 2014
f 1673 2014 1674
f 1673 1677 2014
f 1677 1680 2014
f 1680 1682 2014
f 1682 1684 2014
f 1684 1686 2014
f 1686 1689 2014
f 1689 1691 2014
f 1691 1693 2014
f 1693 1695 2014
f 1695 1699 2014
f 1699 1703 2014
f 1703 1705 2014
f 1705 1708 2014
f 1708 1709 2014
f 1709 1711 2014
f 1711 1713 2014
f 1784 1796 2013
f 1784 2091 1793
f 1713 1795 2014
f 1175 1843 851
f 1555 1807 1856
f 859 1801 1798
f 852 1847 1797
f 853 1797 1849
f 855 1798 1877
f 858 1800 1905
f 808 1802 1858
f 854 1808 1803
f 855 1877 1804
f 858 1905 1805
f 851 1843 1845
f 805 1858 1807
f 845 1888 1810
f 863 1805 1809
f 859 1849 1801
f 852 1845 1847
f 861 1810 1808
f 1799 1905 1800
f 856 1809 1888
f 1798 1801 1875
f 1799 1804 1882
f 1797 1847 1851
f 1797 1851 1849
f 1802 1803 1863
f 1798 1875 1877
f 1799 1882 1884
f 1799 1884 1905
f 1801 1849 1806
f 1801 1806 1853
f 1801 1853 1875
f 1803 1808 1865
f 1802 1863 1858
f 1803 1865 1863
f 1805 1897 1809
f 1805 1811 1897
f 1805 1905 1811
f 1804 1877 1886
f 1804 1886 1880
f 1804 1880 1882
f 1806 1849 1853
f 1808 1810 1902
f 1807 1857 1856
f 1807 1858 1857
f 1808 1867 1865
f 1808 1869 1867
f 1808 1871 1869
f 1808 1902 1873
f 1808 1873 1871
f 1811 1891 1897
f 1809 1894 1896
f 1809 1897 1894
f 1809 1896 1888
f 1810 1888 1899
f 1810 1899 1902
f 1811 1905 1891
f 931 1812 1814
f 931 1814 1817
f 931 1817 1819
f 931 1819 1821
f 931 1821 1823
f 931 1823 1825
f 931 1825 1826
f 931 1826 1829
f 931 1829 1831
f 1204 1831 1833
f 1204 1833 1834
f 1204 1834 1837
f 1206 1837 1839
f 1210 1839 1841
f 1222 1841 1843
f 1455 1949 1946
f 1291 1967 1952
f 1354 2014 1967
f 1504 1858 1812
f 1505 1813 1842
f 1505 1929 1813
f 1554 1842 1855
f 1555 1856 1858
f 1554 1855 1970
f 1591 1953 1929
f 1593 1945 1947
f 1946 1949 1594
f 1593 1947 2015
f 1593 2029 2013
f 1658 1954 1981
f 1658 1952 1954
f 1654 1970 1953
f 1795 1981 2012
f 1593 2015 2017
f 1593 2017 2019
f 1593 2019 2021
f 1593 2022 2024
f 1593 2024 2025
f 1593 2021 2022
f 1593 2025 2027
f 1593 2027 2049
f 1593 2046 2051
f 1593 2051 2053
f 1593 2053 2055
f 1593 2055 2057
f 1593 2049 2050
f 1593 2050 2046
f 1593 2030 2029
f 1593 2031 2030
f 1593 2032 2031
f 1593 2037 2036
f 1593 2043 2039
f 1593 2039 2037
f 1593 2035 2033
f 1593 2033 2032
f 1593 2036 2035
f 1593 2073 2061
f 1593 2065 2063
f 1593 2066 2071
f 1593 2063 2066
f 1593 2061 2065
f 1593 2041 2044
f 1593 2044 2043
f 1593 2070 2041
f 1593 2068 2070
f 1593 2071 2068
f 1593 2060 2074
f 1593 2057 2060
f 1593 2074 2073
f 1795 2012 2014
f 1784 2013 2091
f 2091 2096 1793
f 1812 1858 1814
f 1813 1815 1842
f 1815 1816 1842
f 1816 1818 1842
f 1818 1820 1842
f 1820 1822 1842
f 1822 1824 1842
f 1824 1827 1842
f 1827 1828 1842
f 1828 1830 1842
f 1830 1832 1842
f 1832 1835 1842
f 1835 1836 1842
f 1813 1929 1815
f 1815 1930 1816
f 1816 1932 1818
f 1818 1933 1820
f 1820 1933 1822
f 1822 1934 1824
f 1824 1935 1827
f 1827 1936 1828
f 1828 1937 1830
f 1830 1938 1832
f 1832 1939 1835
f 1835 1939 1836
f 1836 1941 1838
f 1836 1838 1842
f 1838 1840 1842
f 1814 1858 1817
f 1817 1858 1819
f 1819 1858 1821
f 1821 1858 1823
f 1823 1858 1825
f 1825 1858 1826
f 1826 1858 1829
f 1829 1858 1831
f 1831 1858 1833
f 1833 1858 1834
f 1834 1858 1837
f 1837 1858 1839
f 1838 1943 1840
f 1840 1944 1842
f 1815 1929 1930
f 1816 1930 1932
f 1818 1932 1931
f 1818 1931 1933
f 1822 1933 1934
f 1824 1934 1935
f 1827 1935 1936
f 1828 1936 1937
f 1830 1937 1938
f 1832 1938 1939
f 1836 1939 1940
f 1836 1940 1941
f 1838 1941 1942
f 1838 1942 1943
f 1840 1943 1944
f 1842 1944 1953
f 1839 1858 1841
f 1841 1858 1843
f 1842 1844 1846
f 1842 1846 1850
f 1842 1850 1848
f 1842 1848 1852
f 1842 1852 1854
f 1843 1858 1845
f 1842 1887 1900
f 1842 1895 1887
f 1842 1854 1876
f 1842 1876 1878
f 1842 1878 1885
f 1842 1885 1879
f 1842 1881 1883
f 1842 1879 1881
f 1842 1904 1890
f 1842 1903 1904
f 1842 1892 1893
f 1842 1889 1892
f 1842 1893 1895
f 1842 1890 1889
f 1842 1883 1903
f 1842 1953 1844
f 1842 1859 1855
f 1842 1860 1859
f 1842 1862 1860
f 1842 1861 1862
f 1842 1864 1861
f 1842 1866 1864
f 1842 1868 1866
f 1842 1874 1870
f 1842 1870 1868
f 1842 1872 1874
f 1842 1898 1901
f 1842 1901 1872
f 1842 1900 1898
f 1844 1906 1846
f 1848 1850 1908
f 1848 1909 1852
f 1852 1909 1854
f 1854 1909 1876
f 1856 1857 1858
f 1858 1863 1865
f 1858 1865 1867
f 1855 1859 1910
f 1859 1860 1913
f 1860 1862 1912
f 1861 1915 1862
f 1861 1864 1915
f 1858 1867 1869
f 1858 1869 1871
f 1858 1871 1873
f 1858 1873 1902
f 1858 1902 1899
f 1858 1899 1888
f 1858 1888 1896
f 1858 1894 1897
f 1858 1896 1894
f 1864 1866 1916
f 1866 1868 1916
f 1870 1874 1918
f 1868 1870 1917
f 1845 1858 1847
f 1849 1851 1858
f 1847 1858 1851
f 1858 1877 1875
f 1849 1858 1853
f 1853 1858 1875
f 1858 1886 1877
f 1876 1922 1878
f 1879 1885 1920
f 1881 1921 1883
f 1879 1920 1881
f 1878 1922 1885
f 1858 1884 1882
f 1858 1882 1880
f 1858 1905 1884
f 1858 1891 1905
f 1858 1897 1891
f 1858 1880 1886
f 1887 1895 1927
f 1890 1904 1923
f 1889 1890 1923
f 1893 1924 1895
f 1889 1924 1892
f 1892 1924 1893
f 1898 1900 1925
f 1872 1901 1926
f 1898 1926 1901
f 1887 1927 1900
f 1903 1928 1904
f 1846 1906 1907
f 1848 1908 1909
f 1846 1962 1850
f 1859 1911 1910
f 1860 1912 1913
f 1862 1915 1914
f 1864 1916 1915
f 1868 1917 1916
f 1870 1918 1917
f 1872 1980 1874
f 1876 1909 1919
f 1876 1919 1922
f 1881 1920 1921
f 1885 1922 1920
f 1889 1923 1924
f 1900 1927 1925
f 1898 1925 1926
f 1904 1928 1923
f 1883 1995 1903
f 1953 1906 1844
f 1846 1907 1962
f 1850 1962 1908
f 1906 1958 1907
f 1908 1960 1909
f 1855 1910 1970
f 1859 1972 1911
f 1859 1913 1972
f 1862 1975 1912
f 1862 1914 1975
f 1910 1911 1972
f 1912 1975 1913
f 1914 1915 1975
f 1874 1980 1918
f 1915 1916 1978
f 1917 1918 1980
f 1916 1917 1980
f 1883 1921 1995
f 1909 1983 1919
f 1919 1987 1922
f 1920 1922 1990
f 1920 1990 1921
f 1895 1996 1927
f 1895 1924 1996
f 1872 1926 2003
f 1923 1999 1924
f 1925 1927 2005
f 1925 2005 1926
f 1903 2007 1928
f 1923 1928 2007
f 1953 1956 1906
f 1906 1956 1958
f 1907 1958 1962
f 1908 1962 1960
f 1909 1960 1964
f 1909 1964 1966
f 1909 1966 1983
f 1910 1972 1970
f 1913 1975 1972
f 1915 1974 1975
f 1915 1977 1974
f 1872 2003 1980
f 1915 1978 1977
f 1916 1980 1978
f 1903 1995 1993
f 1919 1985 1987
f 1919 1983 1985
f 1922 1987 1988
f 1921 1990 1991
f 1921 1991 1995
f 1922 1988 1990
f 1923 2007 1999
f 1924 2001 2002
f 1924 1999 2001
f 1924 2002 1996
f 1926 2005 2003
f 1927 1996 2005
f 1903 1993 2007
f 1929 1953 1930
f 1930 1953 1932
f 1931 1932 1953
f 1931 1953 1933
f 1933 1953 1934
f 1934 1953 1935
f 1935 1953 1936
f 1936 1953 1937
f 1937 1953 1938
f 1938 1953 1939
f 1939 1953 1940
f 1940 1953 1941
f 1941 1953 1942
f 1942 1953 1943
f 1943 1953 1944
f 1947 1945 1948
f 1947 1948 1950
f 1947 1950 1951
f 1947 1951 2077
f 2012 1981 2028
f 1952 1955 1957
f 1953 1958 1956
f 1952 1957 1961
f 1953 1962 1958
f 1952 1961 1959
f 1953 1960 1962
f 1952 1967 1955
f 1952 1959 1963
f 1953 1964 1960
f 1952 1963 1965
f 1953 1966 1964
f 1952 1965 1982
f 1953 1983 1966
f 1952 1986 1989
f 1953 1990 1988
f 1952 1982 1984
f 1952 1984 1986
f 1953 1987 1985
f 1953 1985 1983
f 1953 1988 1987
f 1952 1994 1992
f 1953 1993 1995
f 1952 1992 2006
f 1953 2007 1993
f 1952 2006 1998
f 1953 1999 2007
f 1952 1989 1994
f 1953 1991 1990
f 1953 1995 1991
f 1955 1967 1957
f 1957 1967 1961
f 1959 1961 1968
f 1959 1969 1963
f 1965 1969 1982
f 1963 1969 1965
f 1961 1967 1968
f 1959 1968 2023
f 1959 2023 1969
f 1982 1969 2026
f 1952 1971 1954
f 1953 1970 1972
f 1952 1973 1971
f 1953 1972 1975
f 1952 1976 1973
f 1953 1975 1974
f 1953 1974 1977
f 1954 1971 1981
f 1971 1973 1981
f 1979 2004 2010
f 1973 1976 2034
f 1973 2034 1981
f 1976 1979 2034
f 1979 2010 2042
f 1953 1977 1978
f 1952 1979 1976
f 1953 1978 1980
f 1953 2003 2005
f 1953 1996 2002
f 1953 2005 1996
f 1952 1997 2004
f 1952 2004 1979
f 1953 1980 2003
f 1952 2000 1997
f 1953 2002 2001
f 1952 1998 2000
f 1953 2001 1999
f 1984 2008 1986
f 1992 1994 2011
f 1997 2009 2004
f 1998 2006 2009
f 1997 2000 2009
f 1998 2009 2000
f 2004 2009 2010
f 1992 2011 2006
f 1982 2047 1984
f 1986 2052 1989
f 1984 2047 2008
f 1986 2008 2052
f 1989 2056 1994
f 1994 2058 2011
f 2006 2072 2009
f 2006 2011 2072
f 1967 2020 1968
f 1967 2014 2016
f 1967 2016 2018
f 1967 2018 2020
f 1968 2020 2023
f 1969 2023 2026
f 1979 2038 2034
f 1979 2042 2038
f 1981 2034 2028
f 2040 2042 2010
f 1982 2026 2047
f 1989 2054 2056
f 1994 2059 2058
f 1994 2056 2059
f 1989 2052 2054
f 2009 2069 2010
f 2008 2047 2048
f 2008 2048 2045
f 2008 2045 2052
f 2009 2062 2069
f 2009 2072 2064
f 2009 2064 2062
f 2010 2069 2067
f 2040 2010 2067
f 2011 2058 2072
f 1947 2075 2015
f 1947 2077 2075
f 2013 2029 2091
f 2014 2018 2016
f 2014 2020 2018
f 2014 2023 2020
f 2014 2026 2023
f 2014 2047 2026
f 2014 2048 2047
f 2014 2045 2048
f 2014 2054 2052
f 2014 2056 2054
f 2014 2052 2045
f 2015 2075 2017
f 2017 2075 2019
f 2019 2075 2021
f 2022 2076 2024
f 2021 2076 2022
f 2024 2087 2025
f 2025 2089 2027
f 2012 2028 2014
f 2014 2028 2034
f 2029 2030 2091
f 2030 2031 2091
f 2031 2032 2093
f 2033 2035 2092
f 2032 2033 2092
f 2035 2036 2095
f 2036 2037 2111
f 2037 2039 2111
f 2039 2043 2111
f 2041 2112 2044
f 2043 2044 2112
f 2014 2042 2040
f 2014 2034 2038
f 2014 2038 2042
f 2014 2040 2067
f 2014 2067 2069
f 2014 2069 2062
f 2014 2058 2059
f 2014 2064 2072
f 2014 2062 2064
f 2014 2072 2058
f 2014 2059 2056
f 2046 2121 2051
f 2027 2121 2049
f 2049 2121 2050
f 2046 2050 2121
f 2051 2121 2053
f 2053 2121 2055
f 2055 2123 2057
f 2060 2124 2074
f 2057 2123 2060
f 2063 2135 2066
f 2063 2065 2135
f 2061 2134 2065
f 2066 2135 2071
f 2068 2071 2136
f 2041 2070 2137
f 2068 2137 2070
f 2073 2074 2151
f 2061 2073 2151
f 2021 2075 2078
f 2024 2076 2086
f 2021 2079 2076
f 2021 2078 2081
f 2021 2080 2079
f 2021 2081 2082
f 2021 2082 2080
f 2024 2086 2087
f 2025 2087 2089
f 2027 2089 2088
f 2027 2088 2090
f 2075 2077 2078
f 2076 2083 2086
f 2076 2085 2084
f 2076 2084 2083
f 2076 2079 2085
f 2032 2092 2093
f 2035 2094 2092
f 2031 2098 2091
f 2031 2100 2098
f 2031 2093 2100
f 2035 2095 2106
f 2035 2104 2094
f 2036 2109 2095
f 2035 2106 2104
f 2036 2107 2109
f 2043 2110 2111
f 2041 2137 2112
f 2036 2111 2107
f 2043 2114 2110
f 2043 2112 2120
f 2043 2120 2114
f 2091 2097 2096
f 2091 2098 2099
f 2091 2099 2097
f 2092 2102 2093
f 2092 2094 2103
f 2093 2101 2100
f 2093 2102 2101
f 2092 2103 2102
f 2095 2108 2106
f 2094 2104 2105
f 2094 2105 2103
f 2095 2109 2108
f 2110 2115 2111
f 2111 2113 2107
f 2110 2114 2117
f 2111 2115 2116
f 2111 2116 2113
f 2110 2117 2115
f 2112 2137 2119
f 2112 2119 2118
f 2137 2147 2119
f 2112 2118 2120
f 2055 2122 2123
f 2060 2123 2124
f 2027 2090 2121
f 2055 2121 2132
f 2055 2126 2122
f 2055 2127 2126
f 2055 2133 2127
f 2074 2124 2154
f 2055 2132 2133
f 2071 2135 2136
f 2061 2151 2134
f 2065 2134 2135
f 2068 2136 2137
f 2074 2150 2151
f 2074 2154 2150
f 2121 2090 2125
f 2121 2125 2132
f 2122 2126 2123
f 2123 2130 2124
f 2123 2126 2128
f 2124 2129 2154
f 2124 2130 2131
f 2124 2131 2129
f 2123 2128 2130
f 2135 2138 2145
f 2134 2151 2140
f 2134 2143 2135
f 2151 2152 2140
f 2134 2139 2143
f 2134 2140 2139
f 2135 2141 2138
f 2135 2142 2141
f 2135 2143 2142
f 2136 2144 2137
f 2135 2145 2136
f 2137 2144 2149
f 2136 2145 2146
f 2136 2146 2144
f 2137 2148 2147
f 2137 2149 2148
f 2150 2155 2151
f 2150 2153 2155
f 2150 2154 2156
f 2151 2155 2152
f 2150 2156 2153
f 30 217 29
f 30 31 217
f 31 32 217
f 33 217 32
f 34 217 33
f 34 35 217
f 9 5 217
f 8 6 217
f 7 217 6
f 7 9 217
f 26 217 4
f 3 217 5
f 3 4 217
f 26 25 217
f 25 28 217
f 27 217 28
f 27 29 217
f 8 662 2
f 10 17 664
f 10 664 11
f 18 664 21
f 18 11 664
f 1 664 15
f 13 664 12
f 13 14 664
f 15 664 14
f 12 664 16
f 1 2 664
f 17 16 664
f 19 21 664
f 19 664 20
f 36 20 664
f 36 664 37
f 39 37 664
f 38 39 664
f 40 38 664
f 41 40 664
f 42 41 664
f 42 664 43
f 35 179 180
f 35 180 181
f 35 181 182
f 35 182 183
f 35 183 184
f 35 184 185
f 35 185 186
f 35 186 187
f 35 187 188
f 35 188 189
f 35 189 190
f 35 190 191
f 35 191 192
f 35 192 193
f 35 193 194
f 35 194 195
f 35 195 196
f 35 198 199
f 35 197 198
f 35 196 197
f 35 200 201
f 35 199 200
f 35 201 202
f 35 202 203
f 35 203 204
f 35 204 205
f 35 205 206
f 35 206 207
f 35 207 208
f 35 208 211
f 35 213 214
f 35 212 213
f 35 211 212
f 35 214 215
f 35 215 216
f 35 216 217
f 8 217 640
f 43 664 391
f 392 391 649
f 393 392 649
f 393 649 394
f 395 394 649
f 396 395 649
f 396 649 397
f 397 649 400
f 401 400 649
f 402 401 649
f 403 402 649
f 403 649 404
f 406 404 649
f 405 406 649
f 405 649 407
f 407 649 408
f 408 649 409
f 409 649 411
f 410 411 649
f 412 410 649
f 415 412 649
f 415 649 416
f 416 649 417
f 418 417 649
f 419 418 649
f 420 419 649
f 420 649 421
f 421 649 422
f 422 649 423
f 424 423 649
f 8 644 643
f 8 645 646
f 8 643 645
f 8 646 661
f 8 661 662
f 2 662 663
f 8 640 641
f 8 641 642
f 8 642 644
f 2 663 664
f 391 655 654
f 391 656 655
f 391 658 656
f 391 657 658
f 391 671 657
f 391 669 671
f 391 673 670
f 391 670 669
f 391 650 649
f 391 651 650
f 391 652 651
f 391 653 652
f 391 654 653
f 391 664 668
f 391 668 666
f 391 666 667
f 391 667 665
f 391 665 672
f 391 672 673
f 1090 1158 1088
f 1078 1158 1076
f 1075 1077 1158
f 1076 1158 1077
f 1059 1062 1158
f 1062 1063 1158
f 1060 1158 1063
f 1060 1064 1158
f 1061 1158 1064
f 1061 1065 1158
f 1089 1158 1065
f 1059 1158 1079
f 1078 1079 1158
f 1087 1088 1158
f 1089 1087 1158
f 1073 1074 1158
f 1070 1072 1158
f 1071 1158 1072
f 1073 1158 1071
f 1104 1070 1158
f 1104 1158 1103
f 1110 1158 1111
f 1110 1109 1158
f 1105 1158 1109
f 1105 1108 1158
f 1107 1158 1108
f 1106 1158 1107
f 1106 1102 1158
f 1101 1158 1102
f 1103 1158 1101
f 1112 1111 1158
f 1112 1158 1117
f 1069 1080 1158
f 1075 1158 1080
f 1069 1158 1074
f 1118 1158 1119
f 1118 1121 1158
f 1120 1158 1121
f 1117 1158 1120
f 1122 1119 1158
f 1122 1158 1123
f 1123 1158 1124
f 1124 1158 1138
f 1090 1092 1158
f 1091 1158 1092
f 1093 1158 1091
f 1093 1095 1158
f 1094 1158 1095
f 1094 1085 1158
f 1085 1086 1158
f 1096 1158 1086
f 1128 1158 1096
f 1128 1129 1158
f 1130 1158 1129
f 1130 1131 1158
f 1132 1158 1131
f 1132 1134 1158
f 1133 1158 1134
f 1135 1158 1133
f 1136 1158 1135
f 1138 1158 1294
f 1458 1159 1594
f 1294 1158 1363
f 1361 1362 1158
f 1362 1363 1158
f 1364 1361 1158
f 1364 1158 1366
f 1369 1371 1158
f 1370 1158 1371
f 1368 1158 1370
f 1368 1367 1158
f 1365 1158 1367
f 1365 1366 1158
f 1372 1158 1373
f 1369 1158 1372
f 1374 1373 1158
f 1374 1158 1381
f 1378 1158 1379
f 1378 1380 1158
f 1380 1381 1158
f 1377 1382 1158
f 1382 1383 1158
f 1379 1158 1383
f 1385 1384 1158
f 1377 1158 1384
f 1385 1158 1387
f 1386 1387 1158
f 1386 1158 1392
f 1391 1158 1394
f 1391 1392 1158
f 1393 1394 1158
f 1393 1158 1395
f 1396 1395 1158
f 1396 1158 1399
f 1397 1158 1400
f 1397 1398 1158
f 1398 1399 1158
f 1401 1400 1158
f 1401 1158 1407
f 1405 1158 1410
f 1405 1409 1158
f 1404 1158 1409
f 1404 1408 1158
f 1407 1158 1408
f 1406 1158 1417
f 1406 1410 1158
f 1416 1418 1158
f 1417 1158 1418
f 1416 1158 1421
f 1420 1421 1158
f 1419 1420 1158
f 1419 1158 1423
f 1422 1423 1158
f 1422 1158 1424
f 1424 1158 1425
f 1425 1158 1430
f 1429 1430 1158
f 1429 1158 1432
f 1431 1432 1158
f 1433 1431 1158
f 1433 1158 1434
f 1434 1158 1435
f 1435 1158 1436
f 1437 1436 1158
f 1437 1158 1438
f 1438 1158 1457
f 1596 1718 1597
f 1718 1596 1595
f 1597 1718 1945
f 1718 1719 1945
f 1721 1945 1722
f 1720 1722 1945
f 1719 1720 1945
f 1726 1945 1725
f 1724 1725 1945
f 1723 1724 1945
f 1723 1945 1721
f 1727 1945 1726
f 1730 1945 1729
f 1728 1729 1945
f 1727 1728 1945
f 1735 1945 1730
f 1735 1736 1945
f 1737 1738 1945
f 1736 1737 1945
f 1739 1945 1738
f 1742 1945 1740
f 1740 1945 1741
f 1739 1741 1945
f 1743 1945 1742
f 1743 1744 1945
f 1747 1945 1744
f 1747 1749 1945
f 1749 1748 1945
f 1754 1945 1748
f 1754 1756 1945
f 1755 1945 1756
f 1755 1757 1945
f 1757 1759 1945
f 1758 1945 1759
f 1758 1760 1945
f 1760 1761 1945
f 1761 1762 1945
f 1763 1945 1762
f 1763 1765 1945
f 1764 1945 1765
f 1769 1945 1764
f 1769 1771 1945
f 1770 1945 1771
f 1772 1945 1770
f 1773 1945 1772
f 1773 1775 1945
f 1775 1776 1945
f 1774 1945 1776
f 1774 1778 1945
f 1777 1945 1778
f 1777 1779 1945
f 1779 1780 1945
f 1785 1945 1780
f 1785 1787 1945
f 1787 1789 1945
f 1788 1945 1789
f 1786 1945 1788
f 1786 1790 1945
f 1791 1945 1790
f 1791 1792 1945
f 1792 1794 1945
f 1793 1945 1794
f 1949 1458 1594
f 2096 1945 1793
f 1945 2077 1948
f 1950 2077 1951
f 1948 2077 1950
f 1945 2096 2097
f 1945 2097 2099
f 1945 2099 2098
f 1945 2098 2100
f 1945 2100 2101
f 1945 2101 2102
f 1945 2102 2103
f 1945 2103 2105
f 1945 2105 2104
f 1945 2104 2106
f 1945 2106 2108
f 1945 2108 2109
f 1945 2109 2107
f 1945 2107 2113
f 1945 2117 2114
f 1945 2114 2120
f 1945 2113 2116
f 1945 2116 2115
f 1945 2115 2117
f 1945 2118 2119
f 1945 2120 2118
f 2077 1945 2078
f 2079 2080 1945
f 1945 2080 2082
f 1945 2082 2081
f 1945 2081 2078
f 1945 2086 2083
f 1945 2083 2084
f 1945 2084 2085
f 2079 1945 2085
f 1945 2087 2086
f 2090 2088 1945
f 1945 2088 2089
f 1945 2089 2087
f 2125 1945 2132
f 2090 1945 2125
f 1945 2127 2133
f 1945 2133 2132
f 1945 2128 2126
f 2126 2127 1945
f 1945 2138 2141
f 1945 2141 2142
f 1945 2142 2143
f 1945 2145 2138
f 1945 2154 2129
f 1945 2129 2131
f 1945 2131 2130
f 1945 2130 2128
f 1945 2152 2155
f 1945 2155 2153
f 1945 2153 2156
f 1945 2156 2154
f 1945 2143 2139
f 1945 2139 2140
f 1945 2140 2152
f 1945 2119 2147
f 1945 2147 2148
f 1945 2148 2149
f 1945 2149 2144
f 1945 2144 2146
f 1945 2146 2145