{
    "start_pose": [
        0.189766,
        -0.112595,
        0.541523,
        0.0,
        0.0,
        0.0,
        1.0
    ],
    "goals": [
        [
            0.189766,
            -0.112595,
            0.556909,
            0.0,
            0.0,
            0.0,
            1.0
        ],
        [
            0.189766,
            -0.112595,
            0.603068,
            0.0,
            0.0,
            0.0,
            1.0
        ],
        [
            0.189766,
            -0.112595,
            0.68,
            0.0,
            0.0,
            0.0,
            1.0
        ],
        [
            0.169897,
            -0.097773,
            0.68,
            -0.04474,
            -0.04474,
            -0.04474,
            0.996993
        ],
        [
            0.120224,
            -0.060718,
            0.68,
            -0.15483,
            -0.15483,
            -0.15483,
            0.963371
        ],
        [
            0.055648,
            -0.012547,
            0.68,
            -0.288675,
            -0.288675,
            -0.288675,
            0.866025
        ],
        [
            -0.008928,
            0.035624,
            0.68,
            -0.404271,
            -0.404271,
            -0.404271,
            0.71393
        ],
        [
            -0.058601,
            0.072678,
            0.68,
            -0.476126,
            -0.476126,
            -0.476126,
            0.565607
        ],
        [
            -0.07847,
            0.0875,
            0.68,
            -0.5,
            -0.5,
            -0.5,
            0.5
        ],
        [
            -0.07847,
            0.0875,
            0.676987,
            -0.5,
            -0.5,
            -0.5,
            0.5
        ],
        [
            -0.07847,
            0.0875,
            0.67518,
            -0.5,
            -0.5,
            -0.5,
            0.5
        ],
        [
            -0.07847,
            0.0875,
            0.674577,
            -0.5,
            -0.5,
            -0.5,
            0.5
        ]
    ]
}
