{
    "start_pose": [
        0.19,
        0.002892,
        0.539,
        0.0,
        0.0,
        0.0,
        1.0
    ],
    "goals": [
        [
            0.19,
            0.002892,
            0.554667,
            0.0,
            0.0,
            0.0,
            1.0
        ],
        [
            0.19,
            0.002892,
            0.601667,
            0.0,
            0.0,
            0.0,
            1.0
        ],
        [
            0.19,
            0.002892,
            0.68,
            0.0,
            0.0,
            0.0,
            1.0
        ],
        [
            0.168009,
            0.00365,
            0.68,
            -0.04474,
            -0.04474,
            -0.04474,
            0.996993
        ],
        [
            0.11303,
            0.005543,
            0.68,
            -0.15483,
            -0.15483,
            -0.15483,
            0.963371
        ],
        [
            0.041558,
            0.008004,
            0.68,
            -0.288675,
            -0.288675,
            -0.288675,
            0.866025
        ],
        [
            -0.029914,
            0.010466,
            0.68,
            -0.404271,
            -0.404271,
            -0.404271,
            0.71393
        ],
        [
            -0.084892,
            0.012359,
            0.68,
            -0.476126,
            -0.476126,
            -0.476126,
            0.565607
        ],
        [
            -0.106884,
            0.013116,
            0.68,
            -0.5,
            -0.5,
            -0.5,
            0.5
        ],
        [
            -0.106884,
            0.013116,
            0.653112,
            -0.5,
            -0.5,
            -0.5,
            0.5
        ],
        [
            -0.106884,
            0.013116,
            0.636979,
            -0.5,
            -0.5,
            -0.5,
            0.5
        ],
        [
            -0.106884,
            0.013116,
            0.631601,
            -0.5,
            -0.5,
            -0.5,
            0.5
        ]
    ]
}
