{
    "start_pose": [
        0.135,
        -0.025334,
        0.543074,
        0.0,
        0.0,
        0.0,
        1.0
    ],
    "goals": [
        [
            0.135,
            -0.025334,
            0.558288,
            0.0,
            0.0,
            0.0,
            1.0
        ],
        [
            0.135,
            -0.025334,
            0.60393,
            0.0,
            0.0,
            0.0,
            1.0
        ],
        [
            0.135,
            -0.025334,
            0.68,
            0.0,
            0.0,
            0.0,
            1.0
        ],
        [
            0.119074,
            -0.020475,
            0.68,
            0.0,
            0.0,
            0.0,
            1.0
        ],
        [
            0.079259,
            -0.00833,
            0.68,
            0.0,
            0.0,
            0.0,
            1.0
        ],
        [
            0.0275,
            0.00746,
            0.68,
            0.0,
            0.0,
            0.0,
            1.0
        ],
        [
            -0.024259,
            0.023249,
            0.68,
            0.0,
            0.0,
            0.0,
            1.0
        ],
        [
            -0.064074,
            0.035395,
            0.68,
            0.0,
            0.0,
            0.0,
            1.0
        ],
        [
            -0.08,
            0.040253,
            0.68,
            -0.0,
            -0.0,
            -0.0,
            1.0
        ],
        [
            -0.08,
            0.040253,
            0.642135,
            -0.0,
            -0.0,
            -0.0,
            1.0
        ],
        [
            -0.08,
            0.040253,
            0.619416,
            -0.0,
            -0.0,
            -0.0,
            1.0
        ],
        [
            -0.08,
            0.040253,
            0.611843,
            -0.0,
            -0.0,
            -0.0,
            1.0
        ]
    ]
}
