{
  "mode": "train",
  "tol_min_mm": 0.5,
  "tol_max_mm": 1.0,
  "tolerance_pool_m": [
    0.0005009499727748334,
    0.0005051228799857199,
    0.0005057609523646533,
    0.0005099117988720536,
    0.0005117764230817556,
    0.0005144039168953896,
    0.000518358196131885,
    0.0005207157810218632,
    0.0005299820331856608,
    0.0005324629601091146,
    0.0005379318608902395,
    0.0005414622137323022,
    0.000544983078725636,
    0.0005490831099450588,
    0.00055430963402614,
    0.0005548922345042229,
    0.0005647387588396668,
    0.0005737575120292604,
    0.0005741562927141786,
    0.0005852632457390428,
    0.0005866785650141537,
    0.0005902383127249777,
    0.0006028147763572633,
    0.0006150161498226225,
    0.0006154492730274796,
    0.0006199578056111932,
    0.0006249745492823422,
    0.0006311772158369422,
    0.0006319626700133085,
    0.0006407329929061234,
    0.0006439900025725365,
    0.0006523316842503846,
    0.0006547070806846023,
    0.0006559323519468307,
    0.000661838857922703,
    0.00066649034852162,
    0.0006702109822072089,
    0.0006713926559314132,
    0.0006784794968552887,
    0.0006831808132119477,
    0.000687792431563139,
    0.0007001982303336263,
    0.0007058447226881981,
    0.0007070557330735028,
    0.0007196434889920056,
    0.0007216204539872706,
    0.0007277229451574385,
    0.0007288152119144797,
    0.000743049313314259,
    0.0007475968450307846,
    0.0007548699504695833,
    0.0007613521302118897,
    0.0007659834227524698,
    0.0007685513119213283,
    0.0007701370632275939,
    0.0007733043166808784,
    0.0007775253616273403,
    0.0007830571266822517,
    0.0007848339155316353,
    0.0007958808564580977,
    0.0007966372650116682,
    0.0008041530381888151,
    0.0008057737722992897,
    0.000818550237454474,
    0.0008244410855695605,
    0.0008287535747513175,
    0.0008290301775559783,
    0.0008291215053759515,
    0.0008319009211845696,
    0.0008454133640043437,
    0.0008620154694654047,
    0.0008628001087345183,
    0.0008683353662490845,
    0.0008785950485616922,
    0.0008801696822047234,
    0.0008841566159389913,
    0.0008904732530936599,
    0.0009058878058567643,
    0.000909521069843322,
    0.0009098118171095848,
    0.0009179479093290865,
    0.0009262591484002769,
    0.0009265466942451894,
    0.000926764274481684,
    0.0009413189836777747,
    0.00095076096476987,
    0.0009509384981356561,
    0.0009539989987388253,
    0.0009553117561154068,
    0.0009559933096170425,
    0.0009606701787561178,
    0.0009652293520048261,
    0.0009690147126093507,
    0.0009707759018056095,
    0.000978013384155929,
    0.00098120654001832,
    0.000986803905107081,
    0.000987050007097423,
    0.0009966068901121616,
    0.0009980679024010897
  ],
  "tolerance_pool_mm": [
    0.5009499788284302,
    0.5051229000091553,
    0.5057609677314758,
    0.5099117755889893,
    0.5117764472961426,
    0.5144039392471313,
    0.5183581709861755,
    0.5207157731056213,
    0.5299820303916931,
    0.5324629545211792,
    0.5379318594932556,
    0.541462242603302,
    0.5449830889701843,
    0.5490831136703491,
    0.554309606552124,
    0.5548922419548035,
    0.5647387504577637,
    0.573757529258728,
    0.5741562843322754,
    0.5852632522583008,
    0.5866785645484924,
    0.5902383327484131,
    0.602814793586731,
    0.6150161623954773,
    0.6154492497444153,
    0.6199578046798706,
    0.6249745488166809,
    0.6311771869659424,
    0.6319626569747925,
    0.640733003616333,
    0.6439899802207947,
    0.6523317098617554,
    0.6547070741653442,
    0.6559323668479919,
    0.6618388295173645,
    0.666490375995636,
    0.6702109575271606,
    0.6713926792144775,
    0.6784794926643372,
    0.6831808090209961,
    0.6877924203872681,
    0.700198233127594,
    0.7058447003364563,
    0.7070557475090027,
    0.7196434736251831,
    0.7216204404830933,
    0.7277229428291321,
    0.7288151979446411,
    0.7430493235588074,
    0.7475968599319458,
    0.7548699378967285,
    0.7613521218299866,
    0.7659834027290344,
    0.7685512900352478,
    0.7701370716094971,
    0.7733043432235718,
    0.7775253653526306,
    0.7830571532249451,
    0.7848339080810547,
    0.7958808541297913,
    0.796637237071991,
    0.8041530251502991,
    0.8057737946510315,
    0.8185502290725708,
    0.8244410753250122,
    0.8287535905838013,
    0.8290301561355591,
    0.8291215300559998,
    0.8319008946418762,
    0.8454133868217468,
    0.8620154857635498,
    0.862800121307373,
    0.8683353662490845,
    0.8785950541496277,
    0.880169689655304,
    0.8841566443443298,
    0.8904732465744019,
    0.9058877825737,
    0.9095210433006287,
    0.909811794757843,
    0.9179478883743286,
    0.9262591600418091,
    0.9265466928482056,
    0.9267642498016357,
    0.9413189888000488,
    0.9507609605789185,
    0.9509385228157043,
    0.9539989829063416,
    0.9553117752075195,
    0.9559932947158813,
    0.9606701731681824,
    0.965229332447052,
    0.9690147042274475,
    0.9707759022712708,
    0.9780133962631226,
    0.9812065362930298,
    0.9868038892745972,
    0.9870499968528748,
    0.9966068863868713,
    0.9980679154396057
  ]
}
