{
    "start_pose": [
        0.0894,
        0.03873,
        0.535751,
        0.0,
        0.0,
        0.0,
        1.0
    ],
    "goals": [
        [
            0.0894,
            0.03873,
            0.583834,
            0.0,
            0.0,
            0.0,
            1.0
        ],
        [
            0.0894,
            0.03873,
            0.631917,
            0.0,
            0.0,
            0.0,
            1.0
        ],
        [
            0.0894,
            0.03873,
            0.68,
            0.0,
            0.0,
            0.0,
            1.0
        ],
        [
            0.053756,
            0.038942,
            0.68,
            0.0,
            -0.130526,
            0.0,
            0.991445
        ],
        [
            0.018112,
            0.039153,
            0.68,
            0.0,
            -0.258819,
            0.0,
            0.965926
        ],
        [
            -0.017532,
            0.039365,
            0.68,
            0.0,
            -0.382683,
            0.0,
            0.92388
        ],
        [
            -0.053176,
            0.039577,
            0.68,
            0.0,
            -0.5,
            0.0,
            0.866025
        ],
        [
            -0.08882,
            0.039788,
            0.68,
            0.0,
            -0.608761,
            0.0,
            0.793353
        ],
        [
            -0.124463,
            0.04,
            0.68,
            0.0,
            -0.707107,
            0.0,
            0.707107
        ],
        [
            -0.124463,
            0.04,
            0.64257,
            -0.0,
            -0.707107,
            -0.0,
            0.707107
        ],
        [
            -0.124463,
            0.04,
            0.605139,
            -0.0,
            -0.707107,
            -0.0,
            0.707107
        ],
        [
            -0.124463,
            0.04,
            0.567709,
            -0.0,
            -0.707107,
            -0.0,
            0.707107
        ]
    ]
}
