{
    "start_pose": [
        0.135,
        0.088,
        0.5425,
        0.0,
        0.0,
        0.0,
        1.0
    ],
    "goals": [
        [
            0.135,
            0.088,
            0.588333,
            0.0,
            0.0,
            0.0,
            1.0
        ],
        [
            0.135,
            0.088,
            0.634167,
            0.0,
            0.0,
            0.0,
            1.0
        ],
        [
            0.135,
            0.088,
            0.68,
            0.0,
            0.0,
            0.0,
            1.0
        ],
        [
            0.099171,
            0.077896,
            0.68,
            0.0,
            0.0,
            0.0,
            1.0
        ],
        [
            0.063342,
            0.067793,
            0.68,
            0.0,
            0.0,
            0.0,
            1.0
        ],
        [
            0.027513,
            0.057689,
            0.68,
            0.0,
            0.0,
            0.0,
            1.0
        ],
        [
            -0.008316,
            0.047585,
            0.68,
            0.0,
            0.0,
            0.0,
            1.0
        ],
        [
            -0.044145,
            0.037482,
            0.68,
            0.0,
            0.0,
            0.0,
            1.0
        ],
        [
            -0.079973,
            0.027378,
            0.68,
            0.0,
            0.0,
            0.0,
            1.0
        ],
        [
            -0.079973,
            0.027378,
            0.634167,
            -0.0,
            -0.0,
            -0.0,
            1.0
        ],
        [
            -0.079973,
            0.027378,
            0.588333,
            -0.0,
            -0.0,
            -0.0,
            1.0
        ],
        [
            -0.079973,
            0.027378,
            0.5425,
            -0.0,
            -0.0,
            -0.0,
            1.0
        ]
    ]
}
