{
    "start_pose": [
        0.150733,
        0.003709,
        0.5415,
        0.0,
        0.0,
        0.0,
        1.0
    ],
    "goals": [
        [
            0.150733,
            0.003709,
            0.556889,
            0.0,
            0.0,
            0.0,
            1.0
        ],
        [
            0.150733,
            0.003709,
            0.603056,
            0.0,
            0.0,
            0.0,
            1.0
        ],
        [
            0.150733,
            0.003709,
            0.68,
            0.0,
            0.0,
            0.0,
            1.0
        ],
        [
            0.130404,
            0.006713,
            0.68,
            0.0,
            -0.058145,
            0.0,
            0.998308
        ],
        [
            0.079581,
            0.014225,
            0.68,
            0.0,
            -0.202218,
            0.0,
            0.979341
        ],
        [
            0.013512,
            0.02399,
            0.68,
            0.0,
            -0.382683,
            0.0,
            0.92388
        ],
        [
            -0.052558,
            0.033756,
            0.68,
            0.0,
            -0.549509,
            0.0,
            0.835488
        ],
        [
            -0.103381,
            0.041267,
            0.68,
            0.0,
            -0.664796,
            0.0,
            0.747025
        ],
        [
            -0.12371,
            0.044272,
            0.68,
            -0.0,
            -0.707107,
            -0.0,
            0.707107
        ],
        [
            -0.12371,
            0.044272,
            0.609663,
            -0.0,
            -0.707107,
            -0.0,
            0.707107
        ],
        [
            -0.12371,
            0.044272,
            0.56746,
            -0.0,
            -0.707107,
            -0.0,
            0.707107
        ],
        [
            -0.12371,
            0.044272,
            0.553393,
            -0.0,
            -0.707107,
            -0.0,
            0.707107
        ]
    ]
}
