# https://github.com/mikedh/trimesh

o geometry_0
v 0.07512381 0.01800498 -0.00859698 1.63529412 2.14117647 1.80000000
v 0.07512381 0.01800498 -0.01514643 1.63529412 2.14117647 1.80000000
v -0.00419127 0.01800498 -0.00859698 1.63529412 2.14117647 1.80000000
v 0.07553127 0.01796973 -0.00859698 1.63529412 2.14117647 1.80000000
v 0.07553127 0.01796973 -0.01514643 1.63529412 2.14117647 1.80000000
v 0.07553127 0.01793802 -0.01550169 1.63529412 2.14117647 1.80000000
v 0.07512381 0.01796973 -0.01550676 1.63529412 2.14117647 1.80000000
v 0.03818253 0.01798032 -0.01541730 1.63529412 2.14117647 1.80000000
v -0.00419127 0.01800498 -0.01514643 1.63529412 2.14117647 1.80000000
v -0.00419127 -0.01800498 -0.00859698 1.63529412 2.14117647 1.80000000
v 0.07591473 0.01787457 -0.00859698 1.63529412 2.14117647 1.80000000
v 0.07591473 0.01787457 -0.01514643 1.63529412 2.14117647 1.80000000
v 0.07591473 0.01784283 -0.01548399 1.63529412 2.14117647 1.80000000
v 0.07553127 0.01784283 -0.01584432 1.63529412 2.14117647 1.80000000
v 0.07512381 0.01787457 -0.01585530 1.63529412 2.14117647 1.80000000
v 0.05665317 0.01795917 -0.01554981 1.63529412 2.14117647 1.80000000
v -0.00419127 0.01797327 -0.01549410 1.63529412 2.14117647 1.80000000
v 0.07512381 -0.01800498 -0.00859698 1.63529412 2.14117647 1.80000000
v -0.00419127 -0.01800498 -0.01403502 1.63529412 2.14117647 1.80000000
v 0.07599462 0.01783932 -0.00859698 1.63529412 2.14117647 1.80000000
v 0.07627422 0.01771242 -0.01514643 1.63529412 2.14117647 1.80000000
v 0.07627422 0.01768422 -0.01545867 1.63529412 2.14117647 1.80000000
v 0.07591473 0.01775118 -0.01581309 1.63529412 2.14117647 1.80000000
v 0.07553127 0.01768422 -0.01616667 1.63529412 2.14117647 1.80000000
v 0.07512381 0.01771242 -0.01618272 1.63529412 2.14117647 1.80000000
v 0.03818253 0.01775472 -0.01610001 1.63529412 2.14117647 1.80000000
v -0.00419127 0.01787457 -0.01585530 1.63529412 2.14117647 1.80000000
v -0.00419127 0.01788513 -0.01581732 1.63529412 2.14117647 1.80000000
v 0.01971189 0.01795917 -0.01554981 1.63529412 2.14117647 1.80000000
v 0.07553127 -0.01796973 -0.00859698 1.63529412 2.14117647 1.80000000
v 0.07512381 -0.01800498 -0.01514643 1.63529412 2.14117647 1.80000000
v -0.00419127 -0.01800147 -0.01516077 1.63529412 2.14117647 1.80000000
v 0.00112941 -0.01800498 -0.01512618 1.63529412 2.14117647 1.80000000
v 0.07627422 0.01771242 -0.00859698 1.63529412 2.14117647 1.80000000
v 0.07634613 0.01766658 -0.00859698 1.63529412 2.14117647 1.80000000
v 0.07660179 0.01749741 -0.01514643 1.63529412 2.14117647 1.80000000
v 0.07660179 0.01747272 -0.01542153 1.63529412 2.14117647 1.80000000
v 0.07627422 0.01759962 -0.01576077 1.63529412 2.14117647 1.80000000
v 0.07660179 0.01739871 -0.01568988 1.63529412 2.14117647 1.80000000
v 0.07591473 0.01759962 -0.01611942 1.63529412 2.14117647 1.80000000
v 0.07627422 0.01746216 -0.01604262 1.63529412 2.14117647 1.80000000
v 0.07591473 0.01739871 -0.01639791 1.63529412 2.14117647 1.80000000
v 0.07553127 0.01747272 -0.01645782 1.63529412 2.14117647 1.80000000
v 0.07512381 0.01749741 -0.01647723 1.63529412 2.14117647 1.80000000
v 0.05665317 0.01768773 -0.01621986 1.63529412 2.14117647 1.80000000
v 0.00123327 0.01771242 -0.01618272 1.63529412 2.14117647 1.80000000
v -0.00419127 0.01771947 -0.01617006 1.63529412 2.14117647 1.80000000
v 0.07553127 -0.01796973 -0.01514643 1.63529412 2.14117647 1.80000000
v 0.07591473 -0.01787457 -0.00859698 1.63529412 2.14117647 1.80000000
v 0.07512381 -0.01796973 -0.01550676 1.63529412 2.14117647 1.80000000
v 0.07520370 -0.01796973 -0.01550169 1.63529412 2.14117647 1.80000000
v 0.07526763 -0.01796973 -0.01548399 1.63529412 2.14117647 1.80000000
v 0.07533153 -0.01796973 -0.01545867 1.63529412 2.14117647 1.80000000
v 0.07538745 -0.01796973 -0.01542153 1.63529412 2.14117647 1.80000000
v 0.07543539 -0.01796973 -0.01537848 1.63529412 2.14117647 1.80000000
v 0.07546734 -0.01796973 -0.01532700 1.63529412 2.14117647 1.80000000
v 0.07549929 -0.01796973 -0.01526964 1.63529412 2.14117647 1.80000000
v 0.07552326 -0.01796973 -0.01520886 1.63529412 2.14117647 1.80000000
v 0.00123327 -0.01800498 -0.01514643 1.63529412 2.14117647 1.80000000
v 0.03818253 -0.01798032 -0.01541730 1.63529412 2.14117647 1.80000000
v -0.00419127 -0.01798737 -0.01533966 1.63529412 2.14117647 1.80000000
v 0.07660179 0.01749741 -0.00859698 1.63529412 2.14117647 1.80000000
v 0.07682547 0.01728942 -0.00859698 1.63529412 2.14117647 1.80000000
v 0.07688139 0.01723305 -0.01514643 1.63529412 2.14117647 1.80000000
v 0.07688139 0.01721190 -0.01537848 1.63529412 2.14117647 1.80000000
v 0.07660179 0.01727532 -0.01593969 1.63529412 2.14117647 1.80000000
v 0.07688139 0.01714845 -0.01560213 1.63529412 2.14117647 1.80000000
v 0.07688139 0.01704621 -0.01581309 1.63529412 2.14117647 1.80000000
v 0.07627422 0.01727532 -0.01630002 1.63529412 2.14117647 1.80000000
v 0.07591473 0.01714845 -0.01663758 1.63529412 2.14117647 1.80000000
v 0.07553127 0.01721190 -0.01670931 1.63529412 2.14117647 1.80000000
v 0.07627422 0.01704621 -0.01652112 1.63529412 2.14117647 1.80000000
v 0.05665317 0.01752561 -0.01644096 1.63529412 2.14117647 1.80000000
v 0.07512381 0.01723305 -0.01673208 1.63529412 2.14117647 1.80000000
v 0.05665317 0.01746567 -0.01650930 1.63529412 2.14117647 1.80000000
v -0.00419127 0.01749741 -0.01647723 1.63529412 2.14117647 1.80000000
v 0.01971189 0.01768773 -0.01621986 1.63529412 2.14117647 1.80000000
v -0.00419127 0.01769127 -0.01621395 1.63529412 2.14117647 1.80000000
v -0.00419127 0.01770537 -0.01619283 1.63529412 2.14117647 1.80000000
v 0.07590675 -0.01787457 -0.01526964 1.63529412 2.14117647 1.80000000
v 0.07591473 -0.01787457 -0.01514643 1.63529412 2.14117647 1.80000000
v 0.07599462 -0.01783932 -0.00859698 1.63529412 2.14117647 1.80000000
v 0.05665317 -0.01795917 -0.01554981 1.63529412 2.14117647 1.80000000
v 0.07512381 -0.01787457 -0.01585530 1.63529412 2.14117647 1.80000000
v -0.00419127 -0.01797327 -0.01549326 1.63529412 2.14117647 1.80000000
v 0.07526763 -0.01787457 -0.01584432 1.63529412 2.14117647 1.80000000
v 0.07539546 -0.01787457 -0.01581309 1.63529412 2.14117647 1.80000000
v 0.07552326 -0.01787457 -0.01576077 1.63529412 2.14117647 1.80000000
v 0.07563513 -0.01787457 -0.01568988 1.63529412 2.14117647 1.80000000
v 0.07573098 -0.01787457 -0.01560213 1.63529412 2.14117647 1.80000000
v 0.07581087 -0.01787457 -0.01550169 1.63529412 2.14117647 1.80000000
v 0.07586679 -0.01787457 -0.01538946 1.63529412 2.14117647 1.80000000
v 0.07688139 0.01723305 -0.00859698 1.63529412 2.14117647 1.80000000
v 0.07706514 0.01698981 -0.00859698 1.63529412 2.14117647 1.80000000
v 0.07710510 0.01692285 -0.01514643 1.63529412 2.14117647 1.80000000
v 0.07710510 0.01690521 -0.01532700 1.63529412 2.14117647 1.80000000
v 0.07710510 0.01685940 -0.01550169 1.63529412 2.14117647 1.80000000
v 0.07660179 0.01710966 -0.01616667 1.63529412 2.14117647 1.80000000
v 0.07688139 0.01690521 -0.01600296 1.63529412 2.14117647 1.80000000
v 0.07710510 0.01677834 -0.01566456 1.63529412 2.14117647 1.80000000
v 0.07710510 0.01666905 -0.01581309 1.63529412 2.14117647 1.80000000
v 0.07591473 0.01685940 -0.01683252 1.63529412 2.14117647 1.80000000
v 0.07553127 0.01690521 -0.01691268 1.63529412 2.14117647 1.80000000
v 0.07512381 0.01692285 -0.01694052 1.63529412 2.14117647 1.80000000
v 0.07627422 0.01677834 -0.01670001 1.63529412 2.14117647 1.80000000
v 0.07660179 0.01690521 -0.01636248 1.63529412 2.14117647 1.80000000
v 0.07660179 0.01666905 -0.01652112 1.63529412 2.14117647 1.80000000
v 0.01971189 0.01752561 -0.01644096 1.63529412 2.14117647 1.80000000
v 0.00112941 0.01707795 -0.01683759 1.63529412 2.14117647 1.80000000
v 0.00112941 0.01723305 -0.01673208 1.63529412 2.14117647 1.80000000
v -0.00419127 0.01735641 -0.01661478 1.63529412 2.14117647 1.80000000
v 0.01971189 0.01746567 -0.01650930 1.63529412 2.14117647 1.80000000
v -0.00419127 0.01761372 -0.01631943 1.63529412 2.14117647 1.80000000
v 0.00112941 0.01760667 -0.01633041 1.63529412 2.14117647 1.80000000
v 0.07620234 -0.01771242 -0.01550169 1.63529412 2.14117647 1.80000000
v 0.07625826 -0.01771242 -0.01532700 1.63529412 2.14117647 1.80000000
v 0.07627422 -0.01771242 -0.01514643 1.63529412 2.14117647 1.80000000
v 0.07627422 -0.01771242 -0.00859698 1.63529412 2.14117647 1.80000000
v 0.01971189 -0.01795917 -0.01554981 1.63529412 2.14117647 1.80000000
v 0.07512381 -0.01771242 -0.01618272 1.63529412 2.14117647 1.80000000
v 0.00123327 -0.01787457 -0.01585530 1.63529412 2.14117647 1.80000000
v -0.00419127 -0.01785693 -0.01589157 1.63529412 2.14117647 1.80000000
v -0.00419127 -0.01780053 -0.01600719 1.63529412 2.14117647 1.80000000
v 0.03818253 -0.01775472 -0.01610001 1.63529412 2.14117647 1.80000000
v -0.00419127 -0.01786752 -0.01586796 1.63529412 2.14117647 1.80000000
v 0.07533153 -0.01771242 -0.01616667 1.63529412 2.14117647 1.80000000
v 0.07552326 -0.01771242 -0.01611942 1.63529412 2.14117647 1.80000000
v 0.07569903 -0.01771242 -0.01604262 1.63529412 2.14117647 1.80000000
v 0.07586679 -0.01771242 -0.01593969 1.63529412 2.14117647 1.80000000
v 0.07601061 -0.01771242 -0.01581309 1.63529412 2.14117647 1.80000000
v 0.07612245 -0.01771242 -0.01566456 1.63529412 2.14117647 1.80000000
v 0.07710510 0.01692285 -0.00859698 1.63529412 2.14117647 1.80000000
v 0.07714506 0.01684884 -0.00859698 1.63529412 2.14117647 1.80000000
v 0.07728084 0.01658094 -0.01514643 1.63529412 2.14117647 1.80000000
v 0.07728084 0.01657035 -0.01526964 1.63529412 2.14117647 1.80000000
v 0.07728084 0.01653864 -0.01538946 1.63529412 2.14117647 1.80000000
v 0.07688139 0.01673604 -0.01616667 1.63529412 2.14117647 1.80000000
v 0.07710510 0.01653864 -0.01593969 1.63529412 2.14117647 1.80000000
v 0.07728084 0.01648224 -0.01550169 1.63529412 2.14117647 1.80000000
v 0.07728084 0.01640823 -0.01560213 1.63529412 2.14117647 1.80000000
v 0.07591473 0.01653864 -0.01697598 1.63529412 2.14117647 1.80000000
v 0.07553127 0.01657035 -0.01706289 1.63529412 2.14117647 1.80000000
v 0.07627422 0.01648224 -0.01683252 1.63529412 2.14117647 1.80000000
v 0.07512381 0.01658094 -0.01709328 1.63529412 2.14117647 1.80000000
v 0.05665317 0.01679595 -0.01699791 1.63529412 2.14117647 1.80000000
v 0.00112941 0.01692285 -0.01694052 1.63529412 2.14117647 1.80000000
v 0.07688139 0.01653864 -0.01630002 1.63529412 2.14117647 1.80000000
v 0.07660179 0.01640823 -0.01663758 1.63529412 2.14117647 1.80000000
v -0.00419127 0.01708851 -0.01682913 1.63529412 2.14117647 1.80000000
v -0.00419127 0.01719780 -0.01675572 1.63529412 2.14117647 1.80000000
v -0.00419127 0.01724010 -0.01672365 1.63529412 2.14117647 1.80000000
v -0.00419127 0.01726125 -0.01670508 1.63529412 2.14117647 1.80000000
v 0.07650591 -0.01749741 -0.01560213 1.63529412 2.14117647 1.80000000
v 0.07657782 -0.01749741 -0.01537848 1.63529412 2.14117647 1.80000000
v 0.07660179 -0.01749741 -0.01514643 1.63529412 2.14117647 1.80000000
v 0.07634613 -0.01766658 -0.00859698 1.63529412 2.14117647 1.80000000
v 0.05665317 -0.01768773 -0.01621986 1.63529412 2.14117647 1.80000000
v 0.07512381 -0.01749741 -0.01647723 1.63529412 2.14117647 1.80000000
v 0.07538745 -0.01749741 -0.01645782 1.63529412 2.14117647 1.80000000
v -0.00419127 -0.01771947 -0.01617006 1.63529412 2.14117647 1.80000000
v -0.00419127 -0.01771242 -0.01618272 1.63529412 2.14117647 1.80000000
v 0.07563513 -0.01749741 -0.01639791 1.63529412 2.14117647 1.80000000
v 0.07586679 -0.01749741 -0.01630002 1.63529412 2.14117647 1.80000000
v 0.07607451 -0.01749741 -0.01616667 1.63529412 2.14117647 1.80000000
v 0.07625826 -0.01749741 -0.01600296 1.63529412 2.14117647 1.80000000
v 0.07640205 -0.01749741 -0.01581309 1.63529412 2.14117647 1.80000000
v 0.07728084 0.01658094 -0.00859698 1.63529412 2.14117647 1.80000000
v 0.07730481 0.01650339 -0.00859698 1.63529412 2.14117647 1.80000000
v 0.07738470 0.01621788 -0.01514643 1.63529412 2.14117647 1.80000000
v 0.07738470 0.01621083 -0.01520886 1.63529412 2.14117647 1.80000000
v 0.07738470 0.01619673 -0.01526964 1.63529412 2.14117647 1.80000000
v 0.07738470 0.01616853 -0.01532700 1.63529412 2.14117647 1.80000000
v 0.07710510 0.01638354 -0.01604262 1.63529412 2.14117647 1.80000000
v 0.07728084 0.01631658 -0.01568988 1.63529412 2.14117647 1.80000000
v 0.07728084 0.01621083 -0.01576077 1.63529412 2.14117647 1.80000000
v 0.07738470 0.01612977 -0.01537848 1.63529412 2.14117647 1.80000000
v 0.07591473 0.01619673 -0.01706289 1.63529412 2.14117647 1.80000000
v 0.07553127 0.01621083 -0.01715571 1.63529412 2.14117647 1.80000000
v 0.07627422 0.01616853 -0.01691268 1.63529412 2.14117647 1.80000000
v 0.07660179 0.01612977 -0.01670931 1.63529412 2.14117647 1.80000000
v 0.07512381 0.01621788 -0.01718610 1.63529412 2.14117647 1.80000000
v 0.05665317 0.01635534 -0.01715151 1.63529412 2.14117647 1.80000000
v 0.00123327 0.01640118 -0.01713969 1.63529412 2.14117647 1.80000000
v -0.00419127 0.01658094 -0.01709328 1.63529412 2.14117647 1.80000000
v -0.00419127 0.01659504 -0.01708737 1.63529412 2.14117647 1.80000000
v 0.01971189 0.01679595 -0.01699791 1.63529412 2.14117647 1.80000000
v 0.00123327 0.01675365 -0.01701648 1.63529412 2.14117647 1.80000000
v -0.00419127 0.01676424 -0.01701141 1.63529412 2.14117647 1.80000000
v -0.00419127 0.01690875 -0.01694643 1.63529412 2.14117647 1.80000000
v -0.00419127 0.01693341 -0.01693209 1.63529412 2.14117647 1.80000000
v 0.07688139 0.01631658 -0.01639791 1.63529412 2.14117647 1.80000000
v 0.07710510 0.01621083 -0.01611942 1.63529412 2.14117647 1.80000000
v 0.07677756 -0.01723305 -0.01568988 1.63529412 2.14117647 1.80000000
v 0.07684944 -0.01723305 -0.01542153 1.63529412 2.14117647 1.80000000
v 0.07688139 -0.01723305 -0.01514643 1.63529412 2.14117647 1.80000000
v 0.07682547 -0.01728942 -0.00859698 1.63529412 2.14117647 1.80000000
v 0.07660179 -0.01749741 -0.00859698 1.63529412 2.14117647 1.80000000
v 0.05665317 -0.01752561 -0.01644096 1.63529412 2.14117647 1.80000000
v 0.01971189 -0.01768773 -0.01621986 1.63529412 2.14117647 1.80000000
v -0.00419127 -0.01752207 -0.01644600 1.63529412 2.14117647 1.80000000
v 0.05665317 -0.01746567 -0.01650930 1.63529412 2.14117647 1.80000000
v 0.07512381 -0.01723305 -0.01673379 1.63529412 2.14117647 1.80000000
v 0.00112941 -0.01749741 -0.01647723 1.63529412 2.14117647 1.80000000
v 0.07543539 -0.01723305 -0.01670931 1.63529412 2.14117647 1.80000000
v -0.00419127 -0.01759962 -0.01633968 1.63529412 2.14117647 1.80000000
v 0.07573098 -0.01723305 -0.01663758 1.63529412 2.14117647 1.80000000
v 0.07601061 -0.01723305 -0.01652112 1.63529412 2.14117647 1.80000000
v 0.07625826 -0.01723305 -0.01636248 1.63529412 2.14117647 1.80000000
v 0.07647396 -0.01723305 -0.01616667 1.63529412 2.14117647 1.80000000
v 0.07664172 -0.01723305 -0.01593969 1.63529412 2.14117647 1.80000000
v 0.07738470 0.01621788 -0.00859698 1.63529412 2.14117647 1.80000000
v 0.07742466 0.01584423 -0.01514643 1.63529412 2.14117647 1.80000000
v 0.07728084 0.01609452 -0.01581309 1.63529412 2.14117647 1.80000000
v 0.07738470 0.01608393 -0.01542153 1.63529412 2.14117647 1.80000000
v 0.07738470 0.01603107 -0.01545867 1.63529412 2.14117647 1.80000000
v 0.07591473 0.01584423 -0.01709328 1.63529412 2.14117647 1.80000000
v 0.07553127 0.01584423 -0.01718610 1.63529412 2.14117647 1.80000000
v 0.07512381 0.01584423 -0.01721817 1.63529412 2.14117647 1.80000000
v 0.07627422 0.01584423 -0.01694052 1.63529412 2.14117647 1.80000000
v 0.07660179 0.01584423 -0.01673208 1.63529412 2.14117647 1.80000000
v 0.07688139 0.01608393 -0.01645782 1.63529412 2.14117647 1.80000000
v 0.07688139 0.01584423 -0.01647723 1.63529412 2.14117647 1.80000000
v 0.05665317 0.01617204 -0.01719033 1.63529412 2.14117647 1.80000000
v -0.00419127 0.01621788 -0.01718610 1.63529412 2.14117647 1.80000000
v -0.00419127 0.01623198 -0.01718274 1.63529412 2.14117647 1.80000000
v 0.00112941 0.01640118 -0.01713969 1.63529412 2.14117647 1.80000000
v -0.00419127 0.01643994 -0.01712955 1.63529412 2.14117647 1.80000000
v 0.07710510 0.01603107 -0.01616667 1.63529412 2.14117647 1.80000000
v 0.07684944 -0.01692285 -0.01604262 1.63529412 2.14117647 1.80000000
v 0.07699326 -0.01692285 -0.01576077 1.63529412 2.14117647 1.80000000
v 0.07707315 -0.01692285 -0.01545867 1.63529412 2.14117647 1.80000000
v 0.07710510 -0.01692285 -0.01514643 1.63529412 2.14117647 1.80000000
v 0.07706514 -0.01698981 -0.00859698 1.63529412 2.14117647 1.80000000
v 0.07688139 -0.01723305 -0.00859698 1.63529412 2.14117647 1.80000000
v 0.00123327 -0.01760667 -0.01633041 1.63529412 2.14117647 1.80000000
v -0.00419127 -0.01748682 -0.01648737 1.63529412 2.14117647 1.80000000
v 0.01971189 -0.01746567 -0.01650930 1.63529412 2.14117647 1.80000000
v 0.07512381 -0.01692285 -0.01694052 1.63529412 2.14117647 1.80000000
v 0.00123327 -0.01723305 -0.01673379 1.63529412 2.14117647 1.80000000
v 0.00112941 -0.01707795 -0.01683759 1.63529412 2.14117647 1.80000000
v 0.07546734 -0.01692285 -0.01691268 1.63529412 2.14117647 1.80000000
v 0.07581087 -0.01692285 -0.01683252 1.63529412 2.14117647 1.80000000
v 0.07612245 -0.01692285 -0.01670001 1.63529412 2.14117647 1.80000000
v 0.07640205 -0.01692285 -0.01652112 1.63529412 2.14117647 1.80000000
v 0.07664172 -0.01692285 -0.01630002 1.63529412 2.14117647 1.80000000
v 0.07742466 0.01584423 -0.00859698 1.63529412 2.14117647 1.80000000
v 0.07742466 -0.01584423 -0.01514643 1.63529412 2.14117647 1.80000000
v 0.07738470 0.01584423 -0.01550676 1.63529412 2.14117647 1.80000000
v 0.07738470 0.01590768 -0.01550169 1.63529412 2.14117647 1.80000000
v 0.07738470 0.01597113 -0.01548399 1.63529412 2.14117647 1.80000000
v 0.07728084 0.01597113 -0.01584432 1.63529412 2.14117647 1.80000000
v 0.07591473 -0.01584423 -0.01709328 1.63529412 2.14117647 1.80000000
v 0.07553127 -0.01584423 -0.01718610 1.63529412 2.14117647 1.80000000
v 0.03818253 0.01612272 -0.01719453 1.63529412 2.14117647 1.80000000
v 0.07512381 -0.01584423 -0.01721817 1.63529412 2.14117647 1.80000000
v 0.00123327 0.01584423 -0.01721817 1.63529412 2.14117647 1.80000000
v 0.07627422 -0.01584423 -0.01694052 1.63529412 2.14117647 1.80000000
v 0.07660179 0.00000000 -0.01673379 1.63529412 2.14117647 1.80000000
v 0.07710510 0.01584423 -0.01618272 1.63529412 2.14117647 1.80000000
v 0.07688139 -0.01584423 -0.01647723 1.63529412 2.14117647 1.80000000
v 0.01971189 0.01617204 -0.01719033 1.63529412 2.14117647 1.80000000
v -0.00419127 0.01617909 -0.01718949 1.63529412 2.14117647 1.80000000
v 0.07728084 0.01584423 -0.01585530 1.63529412 2.14117647 1.80000000
v 0.07677756 -0.01658094 -0.01639791 1.63529412 2.14117647 1.80000000
v 0.07699326 -0.01658094 -0.01611942 1.63529412 2.14117647 1.80000000
v 0.07715304 -0.01658094 -0.01581309 1.63529412 2.14117647 1.80000000
v 0.07724889 -0.01658094 -0.01548399 1.63529412 2.14117647 1.80000000
v 0.07710510 -0.01692285 -0.00859698 1.63529412 2.14117647 1.80000000
v 0.07728084 -0.01658094 -0.01514643 1.63529412 2.14117647 1.80000000
v 0.07714506 -0.01684884 -0.00859698 1.63529412 2.14117647 1.80000000
v -0.00419127 -0.01739517 -0.01657680 1.63529412 2.14117647 1.80000000
v 0.01971189 -0.01679595 -0.01699791 1.63529412 2.14117647 1.80000000
v 0.07512381 -0.01658094 -0.01709328 1.63529412 2.14117647 1.80000000
v 0.07549929 -0.01658094 -0.01706289 1.63529412 2.14117647 1.80000000
v -0.00419127 -0.01692285 -0.01694052 1.63529412 2.14117647 1.80000000
v -0.00419127 -0.01726125 -0.01670592 1.63529412 2.14117647 1.80000000
v -0.00419127 -0.01721895 -0.01674138 1.63529412 2.14117647 1.80000000
v -0.00419127 -0.01708851 -0.01682913 1.63529412 2.14117647 1.80000000
v 0.07586679 -0.01658094 -0.01697598 1.63529412 2.14117647 1.80000000
v 0.07620234 -0.01658094 -0.01683252 1.63529412 2.14117647 1.80000000
v 0.07650591 -0.01658094 -0.01663758 1.63529412 2.14117647 1.80000000
v 0.07742466 -0.01584423 -0.00859698 1.63529412 2.14117647 1.80000000
v 0.07738470 -0.01621788 -0.01514643 1.63529412 2.14117647 1.80000000
v 0.07738470 -0.01584423 -0.01550676 1.63529412 2.14117647 1.80000000
v 0.07590675 -0.01621788 -0.01706289 1.63529412 2.14117647 1.80000000
v 0.07552326 -0.01621788 -0.01715571 1.63529412 2.14117647 1.80000000
v 0.07512381 -0.01621788 -0.01718610 1.63529412 2.14117647 1.80000000
v 0.05665317 -0.01617204 -0.01719033 1.63529412 2.14117647 1.80000000
v 0.03818253 -0.01612272 -0.01719453 1.63529412 2.14117647 1.80000000
v 0.00123327 -0.01584423 -0.01721817 1.63529412 2.14117647 1.80000000
v -0.00419127 0.01061688 -0.01721817 1.63529412 2.14117647 1.80000000
v -0.00419127 0.01585482 -0.01721649 1.63529412 2.14117647 1.80000000
v 0.07625826 -0.01621788 -0.01691268 1.63529412 2.14117647 1.80000000
v 0.07660179 -0.01584423 -0.01673379 1.63529412 2.14117647 1.80000000
v 0.07710510 -0.01584423 -0.01618272 1.63529412 2.14117647 1.80000000
v 0.07707315 -0.01621788 -0.01616667 1.63529412 2.14117647 1.80000000
v 0.07684944 -0.01621788 -0.01645782 1.63529412 2.14117647 1.80000000
v 0.07657782 -0.01621788 -0.01670931 1.63529412 2.14117647 1.80000000
v 0.07728084 -0.01584423 -0.01585530 1.63529412 2.14117647 1.80000000
v 0.07724889 -0.01621788 -0.01584432 1.63529412 2.14117647 1.80000000
v 0.07734477 -0.01621788 -0.01550169 1.63529412 2.14117647 1.80000000
v 0.07728084 -0.01658094 -0.00859698 1.63529412 2.14117647 1.80000000
v 0.07730481 -0.01650339 -0.00859698 1.63529412 2.14117647 1.80000000
v 0.00112941 -0.01675365 -0.01701648 1.63529412 2.14117647 1.80000000
v -0.00419127 -0.01659504 -0.01708737 1.63529412 2.14117647 1.80000000
v 0.05665317 -0.01635534 -0.01715151 1.63529412 2.14117647 1.80000000
v -0.00419127 -0.01658094 -0.01709328 1.63529412 2.14117647 1.80000000
v 0.00123327 -0.01640118 -0.01713969 1.63529412 2.14117647 1.80000000
v 0.07738470 -0.01621788 -0.00859698 1.63529412 2.14117647 1.80000000
v -0.00419127 -0.01623198 -0.01718274 1.63529412 2.14117647 1.80000000
v -0.00419127 -0.01621788 -0.01718610 1.63529412 2.14117647 1.80000000
v 0.01971189 -0.01617204 -0.01719033 1.63529412 2.14117647 1.80000000
v -0.00419127 -0.01606983 -0.01719876 1.63529412 2.14117647 1.80000000
v -0.00419127 -0.01585833 -0.01721649 1.63529412 2.14117647 1.80000000
v -0.00419127 -0.01061688 -0.01721817 1.63529412 2.14117647 1.80000000
v 0.00112941 -0.01640118 -0.01713969 1.63529412 2.14117647 1.80000000
v -0.00419127 -0.01643994 -0.01712955 1.63529412 2.14117647 1.80000000
f 1 2 9
f 1 9 3
f 1 3 10
f 1 10 18
f 1 18 30
f 1 30 49
f 1 49 82
f 1 82 118
f 1 118 156
f 1 156 197
f 1 197 196
f 1 196 234
f 1 234 233
f 1 233 268
f 1 268 270
f 1 270 302
f 1 302 303
f 1 303 309
f 1 309 282
f 1 282 246
f 1 246 211
f 1 211 168
f 1 168 167
f 1 167 133
f 1 133 132
f 1 132 94
f 1 94 93
f 1 93 63
f 1 63 62
f 1 62 35
f 1 35 34
f 1 34 20
f 1 20 11
f 1 11 4
f 1 4 5
f 1 5 2
f 2 5 6
f 2 6 7
f 2 7 8
f 2 8 9
f 3 9 17
f 3 17 28
f 3 28 27
f 3 27 47
f 3 47 79
f 3 79 78
f 3 78 113
f 3 113 76
f 3 76 111
f 3 111 152
f 3 152 151
f 3 151 150
f 3 150 149
f 3 149 190
f 3 190 189
f 3 189 188
f 3 188 185
f 3 185 184
f 3 184 227
f 3 227 225
f 3 225 224
f 3 224 262
f 3 262 292
f 3 292 291
f 3 291 315
f 3 315 314
f 3 314 313
f 3 313 311
f 3 311 310
f 3 310 317
f 3 317 307
f 3 307 305
f 3 305 275
f 3 275 278
f 3 278 277
f 3 277 276
f 3 276 271
f 3 271 236
f 3 236 200
f 3 200 205
f 3 205 161
f 3 161 160
f 3 160 123
f 3 123 122
f 3 122 125
f 3 125 85
f 3 85 61
f 3 61 32
f 3 32 19
f 3 19 10
f 4 11 12
f 4 12 5
f 5 12 6
f 6 12 13
f 6 13 14
f 6 14 15
f 6 15 7
f 7 15 16
f 7 16 17
f 7 17 8
f 8 17 9
f 10 19 33
f 10 33 59
f 10 59 31
f 10 31 18
f 11 20 12
f 12 20 21
f 12 21 22
f 12 22 13
f 13 23 14
f 13 22 23
f 14 23 24
f 14 24 15
f 15 24 25
f 15 25 26
f 15 26 27
f 15 27 28
f 15 28 16
f 16 28 29
f 16 29 17
f 17 29 28
f 18 31 48
f 18 48 30
f 19 32 33
f 20 34 21
f 21 34 35
f 21 35 36
f 21 36 37
f 21 37 22
f 22 38 23
f 22 37 39
f 22 39 38
f 23 40 24
f 23 38 41
f 23 41 40
f 24 40 42
f 24 42 43
f 24 43 25
f 25 43 44
f 25 44 45
f 25 45 77
f 25 77 46
f 25 46 47
f 25 47 26
f 26 47 27
f 30 48 81
f 30 81 49
f 31 50 51
f 31 51 52
f 31 52 53
f 31 53 54
f 31 54 55
f 31 55 56
f 31 56 57
f 31 57 58
f 31 58 48
f 31 59 60
f 31 60 50
f 32 61 59
f 32 59 33
f 35 62 36
f 36 62 63
f 36 63 64
f 36 64 37
f 37 64 65
f 37 65 39
f 38 39 41
f 39 66 41
f 39 65 67
f 39 67 68
f 39 68 66
f 40 41 42
f 41 69 42
f 41 66 69
f 42 70 71
f 42 71 43
f 42 69 72
f 42 72 70
f 43 71 44
f 44 73 45
f 44 71 74
f 44 74 75
f 44 75 112
f 44 112 76
f 44 76 108
f 44 108 73
f 45 73 108
f 45 108 114
f 45 114 77
f 46 77 78
f 46 78 79
f 46 79 47
f 48 58 80
f 48 80 81
f 49 81 82
f 50 83 84
f 50 84 51
f 50 60 85
f 50 85 83
f 51 86 87
f 51 87 52
f 51 84 86
f 52 87 53
f 53 87 88
f 53 88 89
f 53 89 54
f 54 89 55
f 55 89 90
f 55 90 91
f 55 91 56
f 56 91 57
f 57 91 92
f 57 92 58
f 58 92 80
f 59 61 60
f 60 61 85
f 63 93 64
f 64 93 94
f 64 94 95
f 64 95 65
f 65 95 96
f 65 96 97
f 65 97 67
f 66 98 69
f 66 68 98
f 67 97 68
f 68 99 98
f 68 97 100
f 68 100 101
f 68 101 99
f 69 98 72
f 70 102 71
f 70 72 102
f 71 102 103
f 71 103 104
f 71 104 74
f 72 105 102
f 72 98 106
f 72 106 107
f 72 107 105
f 74 104 109
f 74 109 110
f 74 110 111
f 74 111 75
f 75 111 112
f 76 113 114
f 76 114 108
f 76 112 111
f 77 114 78
f 78 114 113
f 80 92 115
f 80 115 116
f 80 116 117
f 80 117 81
f 81 117 82
f 82 117 118
f 83 85 119
f 83 119 121
f 83 121 84
f 84 120 86
f 84 121 122
f 84 122 123
f 84 123 124
f 84 124 120
f 85 125 121
f 85 121 119
f 86 126 87
f 86 120 126
f 87 126 127
f 87 127 88
f 88 127 128
f 88 128 129
f 88 129 89
f 89 129 130
f 89 130 90
f 90 130 91
f 91 130 131
f 91 131 92
f 92 131 115
f 94 132 95
f 95 132 133
f 95 133 134
f 95 134 135
f 95 135 96
f 96 135 97
f 97 135 136
f 97 136 100
f 98 99 137
f 98 137 106
f 99 101 138
f 99 138 137
f 100 136 139
f 100 139 101
f 101 139 140
f 101 140 138
f 102 141 142
f 102 142 103
f 102 105 143
f 102 143 141
f 103 142 104
f 104 142 144
f 104 144 145
f 104 145 186
f 104 186 146
f 104 146 109
f 105 107 143
f 106 137 147
f 106 147 107
f 107 148 143
f 107 147 148
f 109 146 190
f 109 190 149
f 109 149 150
f 109 150 110
f 110 150 151
f 110 151 152
f 110 152 111
f 115 131 153
f 115 153 154
f 115 154 116
f 116 154 155
f 116 155 117
f 117 156 118
f 117 155 156
f 120 157 158
f 120 158 159
f 120 159 126
f 120 124 160
f 120 160 161
f 120 161 199
f 120 199 157
f 121 125 122
f 123 160 124
f 126 159 162
f 126 162 127
f 127 162 163
f 127 163 128
f 128 163 129
f 129 163 164
f 129 164 130
f 130 164 165
f 130 165 166
f 130 166 131
f 131 166 153
f 133 167 134
f 134 167 168
f 134 168 169
f 134 169 135
f 135 169 170
f 135 170 171
f 135 171 136
f 136 171 172
f 136 172 139
f 137 138 147
f 138 173 147
f 138 140 174
f 138 174 175
f 138 175 173
f 139 172 140
f 140 172 176
f 140 176 174
f 141 177 178
f 141 178 142
f 141 143 179
f 141 179 177
f 142 178 144
f 143 148 180
f 143 180 179
f 144 178 181
f 144 181 182
f 144 182 183
f 144 183 226
f 144 226 184
f 144 184 185
f 144 185 145
f 145 185 186
f 146 186 187
f 146 187 185
f 146 185 188
f 146 188 189
f 146 189 190
f 147 191 148
f 147 173 192
f 147 192 191
f 148 191 180
f 153 166 193
f 153 193 154
f 154 193 194
f 154 194 195
f 154 195 155
f 155 195 196
f 155 196 197
f 155 197 156
f 157 198 158
f 157 199 200
f 157 200 198
f 158 201 202
f 158 202 159
f 158 198 200
f 158 200 203
f 158 203 237
f 158 237 201
f 159 204 162
f 159 202 204
f 161 205 199
f 162 206 207
f 162 207 163
f 162 204 206
f 163 207 208
f 163 208 164
f 164 208 165
f 165 208 209
f 165 209 166
f 166 209 210
f 166 210 193
f 168 211 169
f 169 211 246
f 169 246 212
f 169 212 170
f 170 212 171
f 171 212 172
f 172 212 176
f 173 175 213
f 173 213 192
f 174 176 214
f 174 214 215
f 174 215 175
f 175 215 213
f 176 212 214
f 177 179 216
f 177 216 178
f 178 216 217
f 178 217 218
f 178 218 181
f 179 219 216
f 179 180 219
f 180 220 219
f 180 191 221
f 180 221 222
f 180 222 220
f 181 218 223
f 181 223 261
f 181 261 224
f 181 224 225
f 181 225 182
f 182 226 183
f 182 225 226
f 184 226 227
f 185 187 186
f 191 192 228
f 191 228 221
f 192 213 228
f 193 210 229
f 193 229 230
f 193 230 194
f 194 230 231
f 194 231 195
f 195 231 232
f 195 232 233
f 195 233 234
f 195 234 196
f 199 235 200
f 199 205 235
f 200 236 203
f 200 235 205
f 201 237 239
f 201 239 202
f 202 238 204
f 202 239 240
f 202 240 238
f 203 236 237
f 204 238 241
f 204 241 242
f 204 242 206
f 206 242 207
f 207 243 244
f 207 244 208
f 207 242 243
f 208 244 209
f 209 244 245
f 209 245 229
f 209 229 210
f 212 246 282
f 212 282 247
f 212 247 284
f 212 284 248
f 212 248 249
f 212 249 250
f 212 250 215
f 212 215 214
f 213 215 250
f 213 250 249
f 213 249 251
f 213 251 228
f 216 252 253
f 216 253 217
f 216 219 257
f 216 257 252
f 217 253 255
f 217 255 218
f 218 254 223
f 218 255 290
f 218 290 315
f 218 315 291
f 218 291 256
f 218 256 254
f 219 220 258
f 219 258 294
f 219 294 257
f 220 222 258
f 221 228 259
f 221 259 222
f 222 259 295
f 222 295 260
f 222 260 294
f 222 294 258
f 223 254 261
f 224 261 262
f 225 227 226
f 228 251 263
f 228 263 259
f 229 245 264
f 229 264 265
f 229 265 266
f 229 266 230
f 230 266 267
f 230 267 231
f 231 267 232
f 232 268 233
f 232 267 269
f 232 269 270
f 232 270 268
f 236 271 237
f 237 271 239
f 238 272 273
f 238 273 274
f 238 274 241
f 238 240 275
f 238 275 272
f 239 271 276
f 239 276 277
f 239 277 278
f 239 278 275
f 239 275 240
f 241 274 242
f 242 274 279
f 242 279 243
f 243 279 280
f 243 280 244
f 244 281 264
f 244 264 245
f 244 280 281
f 247 282 309
f 247 309 283
f 247 283 284
f 248 284 299
f 248 299 263
f 248 263 249
f 249 263 251
f 252 285 286
f 252 286 253
f 252 257 285
f 253 286 255
f 254 256 261
f 255 286 287
f 255 287 288
f 255 288 289
f 255 289 290
f 256 291 292
f 256 292 262
f 256 262 261
f 257 293 285
f 257 294 293
f 259 263 299
f 259 299 295
f 260 295 296
f 260 296 297
f 260 297 298
f 260 298 294
f 264 297 265
f 264 281 298
f 264 298 297
f 265 297 296
f 265 296 300
f 265 300 266
f 266 300 267
f 267 300 301
f 267 301 283
f 267 283 269
f 269 302 270
f 269 283 303
f 269 303 302
f 272 275 304
f 272 304 305
f 272 305 273
f 273 306 287
f 273 287 286
f 273 286 274
f 273 305 307
f 273 307 316
f 273 316 308
f 273 308 306
f 274 286 279
f 275 305 304
f 279 286 285
f 279 285 293
f 279 293 280
f 280 293 298
f 280 298 281
f 283 309 303
f 283 301 284
f 284 301 300
f 284 300 299
f 287 306 310
f 287 310 311
f 287 311 312
f 287 312 288
f 288 312 289
f 289 312 290
f 290 312 311
f 290 311 313
f 290 313 314
f 290 314 315
f 293 294 298
f 295 299 300
f 295 300 296
f 306 308 316
f 306 316 310
f 307 317 316
f 310 316 317

o geometry_1
v 0.07513341 0.01800498 0.01521942 1.62352941 1.27058823 1.92941175
v 0.03817410 0.01798032 0.01548936 1.62352941 1.27058823 1.92941175
v 0.05665377 0.01798383 0.01544466 1.62352941 1.27058823 1.92941175
v 0.07513341 0.01796973 0.01557879 1.62352941 1.27058823 1.92941175
v 0.07553496 0.01793802 0.01557375 1.62352941 1.27058823 1.92941175
v 0.07553496 0.01796973 0.01521942 1.62352941 1.27058823 1.92941175
v 0.07513341 0.01800498 0.00867282 1.62352941 1.27058823 1.92941175
v 0.00123057 0.01800498 0.01521942 1.62352941 1.27058823 1.92941175
v -0.00301338 0.01798737 0.01541007 1.62352941 1.27058823 1.92941175
v -0.00301338 0.01797327 0.01554843 1.62352941 1.27058823 1.92941175
v 0.00123057 0.01796973 0.01557879 1.62352941 1.27058823 1.92941175
v 0.05665377 0.01795917 0.01562268 1.62352941 1.27058823 1.92941175
v 0.07513341 0.01787457 0.01592805 1.62352941 1.27058823 1.92941175
v 0.07553496 0.01784283 0.01591710 1.62352941 1.27058823 1.92941175
v 0.07591290 0.01784283 0.01555770 1.62352941 1.27058823 1.92941175
v 0.07591290 0.01787457 0.01521942 1.62352941 1.27058823 1.92941175
v 0.07553496 0.01796973 0.00867282 1.62352941 1.27058823 1.92941175
v -0.00301338 0.01800498 0.00867282 1.62352941 1.27058823 1.92941175
v -0.00301338 0.01800498 0.01434879 1.62352941 1.27058823 1.92941175
v -0.00301338 0.01800147 0.01522953 1.62352941 1.27058823 1.92941175
v -0.00301338 0.01799088 0.01536873 1.62352941 1.27058823 1.92941175
v -0.00301338 0.01796622 0.01558893 1.62352941 1.27058823 1.92941175
v -0.00301338 0.01792038 0.01576356 1.62352941 1.27058823 1.92941175
v 0.01971021 0.01795917 0.01562268 1.62352941 1.27058823 1.92941175
v 0.03817410 0.01775472 0.01617273 1.62352941 1.27058823 1.92941175
v 0.05665377 0.01773357 0.01621404 1.62352941 1.27058823 1.92941175
v 0.07513341 0.01771242 0.01625454 1.62352941 1.27058823 1.92941175
v 0.07553496 0.01768422 0.01623936 1.62352941 1.27058823 1.92941175
v 0.00123057 0.01787457 0.01592805 1.62352941 1.27058823 1.92941175
v -0.00301338 0.01771947 0.01624527 1.62352941 1.27058823 1.92941175
v 0.07591290 0.01775118 0.01588503 1.62352941 1.27058823 1.92941175
v 0.07627509 0.01768422 0.01553070 1.62352941 1.27058823 1.92941175
v 0.07591290 0.01787457 0.00867282 1.62352941 1.27058823 1.92941175
v 0.07627509 0.01771242 0.01521942 1.62352941 1.27058823 1.92941175
v -0.00301338 -0.01800498 0.00867282 1.62352941 1.27058823 1.92941175
v -0.00301338 0.01788162 0.01589769 1.62352941 1.27058823 1.92941175
v 0.05665377 0.01768773 0.01629168 1.62352941 1.27058823 1.92941175
v 0.07513341 0.01749741 0.01655067 1.62352941 1.27058823 1.92941175
v -0.00301338 0.01770888 0.01626300 1.62352941 1.27058823 1.92941175
v 0.07553496 0.01747272 0.01653042 1.62352941 1.27058823 1.92941175
v 0.07591290 0.01739871 0.01647051 1.62352941 1.27058823 1.92941175
v 0.07591290 0.01759962 0.01619211 1.62352941 1.27058823 1.92941175
v -0.00301338 0.01787457 0.01591794 1.62352941 1.27058823 1.92941175
v -0.00301338 0.01786752 0.01593735 1.62352941 1.27058823 1.92941175
v -0.00301338 0.01778997 0.01610100 1.62352941 1.27058823 1.92941175
v 0.07627509 0.01746216 0.01611618 1.62352941 1.27058823 1.92941175
v 0.07627509 0.01759962 0.01583274 1.62352941 1.27058823 1.92941175
v 0.07660578 0.01739871 0.01576188 1.62352941 1.27058823 1.92941175
v 0.07660578 0.01747272 0.01549527 1.62352941 1.27058823 1.92941175
v 0.07627509 0.01771242 0.00867282 1.62352941 1.27058823 1.92941175
v 0.07634595 0.01766658 0.00867282 1.62352941 1.27058823 1.92941175
v 0.07660578 0.01749741 0.01521942 1.62352941 1.27058823 1.92941175
v -0.00301338 -0.01800498 0.01521942 1.62352941 1.27058823 1.92941175
v 0.07513341 -0.01800498 0.00867282 1.62352941 1.27058823 1.92941175
v 0.05665377 0.01752561 0.01651353 1.62352941 1.27058823 1.92941175
v 0.00123057 0.01760667 0.01640304 1.62352941 1.27058823 1.92941175
v 0.05665377 0.01746567 0.01658271 1.62352941 1.27058823 1.92941175
v 0.07513341 0.01723305 0.01680543 1.62352941 1.27058823 1.92941175
v 0.07553496 0.01721190 0.01678182 1.62352941 1.27058823 1.92941175
v -0.00301338 0.01750446 0.01654224 1.62352941 1.27058823 1.92941175
v 0.00123057 0.01749741 0.01655067 1.62352941 1.27058823 1.92941175
v -0.00301338 0.01747626 0.01657260 1.62352941 1.27058823 1.92941175
v 0.07627509 0.01704621 0.01659285 1.62352941 1.27058823 1.92941175
v 0.07627509 0.01727532 0.01637181 1.62352941 1.27058823 1.92941175
v 0.07591290 0.01714845 0.01671012 1.62352941 1.27058823 1.92941175
v 0.07660578 0.01710966 0.01623936 1.62352941 1.27058823 1.92941175
v 0.07660578 0.01727532 0.01601244 1.62352941 1.27058823 1.92941175
v 0.07688925 0.01704621 0.01588503 1.62352941 1.27058823 1.92941175
v 0.07688925 0.01714845 0.01567497 1.62352941 1.27058823 1.92941175
v 0.07688925 0.01721190 0.01545057 1.62352941 1.27058823 1.92941175
v 0.07688925 0.01723305 0.01521942 1.62352941 1.27058823 1.92941175
v 0.07660578 0.01749741 0.00867282 1.62352941 1.27058823 1.92941175
v 0.07666878 0.01744101 0.00867282 1.62352941 1.27058823 1.92941175
v 0.07513341 -0.01800498 0.01521942 1.62352941 1.27058823 1.92941175
v 0.03817410 -0.01798032 0.01548936 1.62352941 1.27058823 1.92941175
v -0.00301338 -0.01798737 0.01540923 1.62352941 1.27058823 1.92941175
v 0.07553496 -0.01796973 0.00867282 1.62352941 1.27058823 1.92941175
v 0.01971021 0.01752561 0.01651353 1.62352941 1.27058823 1.92941175
v 0.03817410 0.01715550 0.01685775 1.62352941 1.27058823 1.92941175
v 0.07513341 0.01692285 0.01701297 1.62352941 1.27058823 1.92941175
v -0.00301338 0.01723305 0.01680543 1.62352941 1.27058823 1.92941175
v 0.07553496 0.01690521 0.01698513 1.62352941 1.27058823 1.92941175
v 0.07591290 0.01685940 0.01690500 1.62352941 1.27058823 1.92941175
v 0.07627509 0.01677834 0.01677255 1.62352941 1.27058823 1.92941175
v 0.07660578 0.01666905 0.01659285 1.62352941 1.27058823 1.92941175
v 0.07660578 0.01690521 0.01643424 1.62352941 1.27058823 1.92941175
v 0.07688925 0.01673604 0.01623936 1.62352941 1.27058823 1.92941175
v 0.07688925 0.01690521 0.01607484 1.62352941 1.27058823 1.92941175
v 0.07711758 0.01666905 0.01588503 1.62352941 1.27058823 1.92941175
v 0.07711758 0.01677834 0.01573740 1.62352941 1.27058823 1.92941175
v 0.07711758 0.01685940 0.01557375 1.62352941 1.27058823 1.92941175
v 0.07711758 0.01690521 0.01539912 1.62352941 1.27058823 1.92941175
v 0.07711758 0.01692285 0.01521942 1.62352941 1.27058823 1.92941175
v 0.07688925 0.01723305 0.00867282 1.62352941 1.27058823 1.92941175
v 0.07553496 -0.01796973 0.01521942 1.62352941 1.27058823 1.92941175
v 0.07553496 -0.01793802 0.01557375 1.62352941 1.27058823 1.92941175
v 0.07513341 -0.01796973 0.01557879 1.62352941 1.27058823 1.92941175
v 0.05665377 -0.01798383 0.01544466 1.62352941 1.27058823 1.92941175
v -0.00301338 -0.01796973 0.01557879 1.62352941 1.27058823 1.92941175
v -0.00301338 -0.01797327 0.01554843 1.62352941 1.27058823 1.92941175
v 0.07583418 -0.01789572 0.00867282 1.62352941 1.27058823 1.92941175
v -0.00301338 0.01692285 0.01701297 1.62352941 1.27058823 1.92941175
v 0.05665377 0.01662324 0.01714626 1.62352941 1.27058823 1.92941175
v 0.07513341 0.01658094 0.01716483 1.62352941 1.27058823 1.92941175
v 0.07553496 0.01657035 0.01713531 1.62352941 1.27058823 1.92941175
v 0.00123057 0.01675365 0.01708890 1.62352941 1.27058823 1.92941175
v 0.07591290 0.01653864 0.01704756 1.62352941 1.27058823 1.92941175
v 0.07627509 0.01648224 0.01690500 1.62352941 1.27058823 1.92941175
v 0.07660578 0.01640823 0.01671012 1.62352941 1.27058823 1.92941175
v 0.07688925 0.01653864 0.01637181 1.62352941 1.27058823 1.92941175
v 0.07711758 0.01653864 0.01601244 1.62352941 1.27058823 1.92941175
v 0.07728294 0.01640823 0.01567497 1.62352941 1.27058823 1.92941175
v 0.07728294 0.01648224 0.01557375 1.62352941 1.27058823 1.92941175
v 0.07728294 0.01653864 0.01546152 1.62352941 1.27058823 1.92941175
v 0.07728294 0.01657035 0.01534257 1.62352941 1.27058823 1.92941175
v 0.07711758 0.01692285 0.00867282 1.62352941 1.27058823 1.92941175
v 0.07728294 0.01658094 0.01521942 1.62352941 1.27058823 1.92941175
v 0.07591290 -0.01787457 0.01521942 1.62352941 1.27058823 1.92941175
v 0.07591290 -0.01784283 0.01555770 1.62352941 1.27058823 1.92941175
v 0.07553496 -0.01784283 0.01591710 1.62352941 1.27058823 1.92941175
v 0.07513341 -0.01787457 0.01592805 1.62352941 1.27058823 1.92941175
v 0.05665377 -0.01795917 0.01562268 1.62352941 1.27058823 1.92941175
v 0.01971021 -0.01795917 0.01562268 1.62352941 1.27058823 1.92941175
v -0.00301338 -0.01792038 0.01576356 1.62352941 1.27058823 1.92941175
v 0.07591290 -0.01787457 0.00867282 1.62352941 1.27058823 1.92941175
v -0.00301338 0.01689465 0.01702563 1.62352941 1.27058823 1.92941175
v -0.00301338 0.01659150 0.01716060 1.62352941 1.27058823 1.92941175
v 0.05665377 0.01635534 0.01722387 1.62352941 1.27058823 1.92941175
v 0.07513341 0.01621788 0.01725846 1.62352941 1.27058823 1.92941175
v 0.00123057 0.01658094 0.01716483 1.62352941 1.27058823 1.92941175
v -0.00301338 0.01657035 0.01716819 1.62352941 1.27058823 1.92941175
v 0.07553496 0.01621083 0.01722726 1.62352941 1.27058823 1.92941175
v 0.07591290 0.01619673 0.01713531 1.62352941 1.27058823 1.92941175
v 0.07627509 0.01616853 0.01698513 1.62352941 1.27058823 1.92941175
v 0.07660578 0.01612977 0.01678182 1.62352941 1.27058823 1.92941175
v 0.07688925 0.01631658 0.01647051 1.62352941 1.27058823 1.92941175
v 0.07711758 0.01638354 0.01611618 1.62352941 1.27058823 1.92941175
v 0.07728294 0.01621083 0.01583274 1.62352941 1.27058823 1.92941175
v 0.07728294 0.01631658 0.01576188 1.62352941 1.27058823 1.92941175
v 0.07738530 0.01608393 0.01549527 1.62352941 1.27058823 1.92941175
v 0.07738530 0.01612977 0.01545057 1.62352941 1.27058823 1.92941175
v 0.07738530 0.01616853 0.01539912 1.62352941 1.27058823 1.92941175
v 0.07738530 0.01619673 0.01534257 1.62352941 1.27058823 1.92941175
v 0.07738530 0.01621083 0.01528185 1.62352941 1.27058823 1.92941175
v 0.07738530 0.01621788 0.01521942 1.62352941 1.27058823 1.92941175
v 0.07728294 0.01658094 0.00867282 1.62352941 1.27058823 1.92941175
v 0.07730655 0.01650339 0.00867282 1.62352941 1.27058823 1.92941175
v 0.07627509 -0.01771242 0.01521942 1.62352941 1.27058823 1.92941175
v 0.07627509 -0.01768422 0.01553070 1.62352941 1.27058823 1.92941175
v 0.07591290 -0.01775118 0.01588503 1.62352941 1.27058823 1.92941175
v 0.07553496 -0.01768422 0.01623936 1.62352941 1.27058823 1.92941175
v 0.07513341 -0.01771242 0.01625454 1.62352941 1.27058823 1.92941175
v 0.05665377 -0.01773357 0.01621404 1.62352941 1.27058823 1.92941175
v 0.03817410 -0.01775472 0.01617273 1.62352941 1.27058823 1.92941175
v -0.00301338 -0.01778997 0.01610100 1.62352941 1.27058823 1.92941175
v 0.00123057 -0.01787457 0.01592805 1.62352941 1.27058823 1.92941175
v -0.00301338 -0.01788162 0.01589769 1.62352941 1.27058823 1.92941175
v 0.07627509 -0.01771242 0.00867282 1.62352941 1.27058823 1.92941175
v 0.03817410 0.01630953 0.01723569 1.62352941 1.27058823 1.92941175
v -0.00301338 0.01641174 0.01720953 1.62352941 1.27058823 1.92941175
v 0.05665377 0.01617204 0.01726269 1.62352941 1.27058823 1.92941175
v 0.07513341 0.01584423 0.01729053 1.62352941 1.27058823 1.92941175
v -0.00301338 0.01624959 0.01725087 1.62352941 1.27058823 1.92941175
v 0.00123057 0.01621788 0.01725846 1.62352941 1.27058823 1.92941175
v 0.07553496 0.01584423 0.01725846 1.62352941 1.27058823 1.92941175
v 0.07591290 0.01584423 0.01716483 1.62352941 1.27058823 1.92941175
v 0.07627509 0.01584423 0.01701297 1.62352941 1.27058823 1.92941175
v 0.07660578 0.01584423 0.01680543 1.62352941 1.27058823 1.92941175
v 0.07688925 0.01584423 0.01655067 1.62352941 1.27058823 1.92941175
v 0.07688925 0.01608393 0.01653042 1.62352941 1.27058823 1.92941175
v 0.07711758 0.01603107 0.01623936 1.62352941 1.27058823 1.92941175
v 0.07711758 0.01621083 0.01619211 1.62352941 1.27058823 1.92941175
v 0.07728294 0.01609452 0.01588503 1.62352941 1.27058823 1.92941175
v 0.07738530 0.01597113 0.01555770 1.62352941 1.27058823 1.92941175
v 0.07738530 0.01603107 0.01553070 1.62352941 1.27058823 1.92941175
v 0.07742466 0.01584423 0.01521942 1.62352941 1.27058823 1.92941175
v 0.07738530 0.01621788 0.00867282 1.62352941 1.27058823 1.92941175
v 0.07741677 0.01592178 0.00867282 1.62352941 1.27058823 1.92941175
v 0.07634595 -0.01766658 0.00867282 1.62352941 1.27058823 1.92941175
v 0.07660578 -0.01749741 0.01521942 1.62352941 1.27058823 1.92941175
v 0.07660578 -0.01747272 0.01549527 1.62352941 1.27058823 1.92941175
v 0.07660578 -0.01739871 0.01576188 1.62352941 1.27058823 1.92941175
v 0.07627509 -0.01759962 0.01583274 1.62352941 1.27058823 1.92941175
v 0.07627509 -0.01746216 0.01611618 1.62352941 1.27058823 1.92941175
v 0.07591290 -0.01759962 0.01619211 1.62352941 1.27058823 1.92941175
v 0.07591290 -0.01739871 0.01647051 1.62352941 1.27058823 1.92941175
v 0.07553496 -0.01747272 0.01653042 1.62352941 1.27058823 1.92941175
v 0.07513341 -0.01749741 0.01655067 1.62352941 1.27058823 1.92941175
v 0.05665377 -0.01768773 0.01629168 1.62352941 1.27058823 1.92941175
v -0.00301338 -0.01771242 0.01625454 1.62352941 1.27058823 1.92941175
v 0.01971021 -0.01773357 0.01621404 1.62352941 1.27058823 1.92941175
v -0.00301338 -0.01772652 0.01622670 1.62352941 1.27058823 1.92941175
v -0.00301338 -0.01786752 0.01593735 1.62352941 1.27058823 1.92941175
v -0.00301338 -0.01787457 0.01591794 1.62352941 1.27058823 1.92941175
v 0.01971021 0.01617204 0.01726269 1.62352941 1.27058823 1.92941175
v 0.03817410 0.01612272 0.01726692 1.62352941 1.27058823 1.92941175
v 0.07513341 -0.01584423 0.01729053 1.62352941 1.27058823 1.92941175
v -0.00301338 0.01584423 0.01729053 1.62352941 1.27058823 1.92941175
v -0.00301338 0.01622844 0.01725594 1.62352941 1.27058823 1.92941175
v -0.00301338 0.01620729 0.01725933 1.62352941 1.27058823 1.92941175
v -0.00301338 0.01604163 0.01727367 1.62352941 1.27058823 1.92941175
v 0.07553496 -0.01584423 0.01725846 1.62352941 1.27058823 1.92941175
v 0.07572393 0.00000000 0.01721208 1.62352941 1.27058823 1.92941175
v 0.07591290 -0.01584423 0.01716483 1.62352941 1.27058823 1.92941175
v 0.07627509 -0.01584423 0.01701297 1.62352941 1.27058823 1.92941175
v 0.07660578 -0.01584423 0.01680543 1.62352941 1.27058823 1.92941175
v 0.07688925 -0.01584423 0.01655067 1.62352941 1.27058823 1.92941175
v 0.07711758 0.01584423 0.01625454 1.62352941 1.27058823 1.92941175
v 0.07728294 0.01584423 0.01592805 1.62352941 1.27058823 1.92941175
v 0.07728294 0.01597113 0.01591710 1.62352941 1.27058823 1.92941175
v 0.07738530 0.01590768 0.01557375 1.62352941 1.27058823 1.92941175
v 0.07742466 -0.01584423 0.01521942 1.62352941 1.27058823 1.92941175
v 0.07742466 0.01584423 0.00867282 1.62352941 1.27058823 1.92941175
v 0.07738530 0.01584423 0.01557879 1.62352941 1.27058823 1.92941175
v 0.07660578 -0.01749741 0.00867282 1.62352941 1.27058823 1.92941175
v 0.07666878 -0.01744101 0.00867282 1.62352941 1.27058823 1.92941175
v 0.07688925 -0.01723305 0.01521942 1.62352941 1.27058823 1.92941175
v 0.07688925 -0.01721190 0.01545057 1.62352941 1.27058823 1.92941175
v 0.07688925 -0.01714845 0.01567497 1.62352941 1.27058823 1.92941175
v 0.07688925 -0.01704621 0.01588503 1.62352941 1.27058823 1.92941175
v 0.07660578 -0.01727532 0.01601244 1.62352941 1.27058823 1.92941175
v 0.07660578 -0.01710966 0.01623936 1.62352941 1.27058823 1.92941175
v 0.07627509 -0.01727532 0.01637181 1.62352941 1.27058823 1.92941175
v 0.07627509 -0.01704621 0.01659285 1.62352941 1.27058823 1.92941175
v 0.07591290 -0.01714845 0.01671012 1.62352941 1.27058823 1.92941175
v 0.07553496 -0.01721190 0.01678182 1.62352941 1.27058823 1.92941175
v 0.05665377 -0.01752561 0.01651353 1.62352941 1.27058823 1.92941175
v 0.07513341 -0.01723305 0.01680543 1.62352941 1.27058823 1.92941175
v 0.05665377 -0.01746567 0.01658271 1.62352941 1.27058823 1.92941175
v -0.00301338 -0.01747626 0.01657260 1.62352941 1.27058823 1.92941175
v 0.00123057 -0.01749741 0.01655067 1.62352941 1.27058823 1.92941175
v -0.00301338 -0.01750446 0.01654224 1.62352941 1.27058823 1.92941175
v 0.00123057 -0.01760667 0.01640304 1.62352941 1.27058823 1.92941175
v 0.01971021 -0.01768773 0.01629168 1.62352941 1.27058823 1.92941175
v -0.00301338 -0.01759962 0.01641147 1.62352941 1.27058823 1.92941175
v 0.05665377 -0.01617204 0.01726269 1.62352941 1.27058823 1.92941175
v 0.07513341 -0.01621788 0.01725846 1.62352941 1.27058823 1.92941175
v 0.07553496 -0.01621083 0.01722726 1.62352941 1.27058823 1.92941175
v 0.00123057 -0.01584423 0.01729053 1.62352941 1.27058823 1.92941175
v 0.03817410 -0.01612272 0.01726692 1.62352941 1.27058823 1.92941175
v -0.00301338 -0.01180827 0.01729053 1.62352941 1.27058823 1.92941175
v 0.07591290 -0.01619673 0.01713531 1.62352941 1.27058823 1.92941175
v 0.07627509 -0.01616853 0.01698513 1.62352941 1.27058823 1.92941175
v 0.07660578 -0.01612977 0.01678182 1.62352941 1.27058823 1.92941175
v 0.07688925 -0.01608393 0.01653042 1.62352941 1.27058823 1.92941175
v 0.07711758 -0.01603107 0.01623936 1.62352941 1.27058823 1.92941175
v 0.07711758 -0.01584423 0.01625454 1.62352941 1.27058823 1.92941175
v 0.07728294 -0.01584423 0.01592805 1.62352941 1.27058823 1.92941175
v 0.07733805 0.00000000 0.01575342 1.62352941 1.27058823 1.92941175
v 0.07741677 -0.01592178 0.00867282 1.62352941 1.27058823 1.92941175
v 0.07742466 -0.01584423 0.00867282 1.62352941 1.27058823 1.92941175
v 0.07738530 -0.01584423 0.01557879 1.62352941 1.27058823 1.92941175
v 0.07738530 -0.01590768 0.01557375 1.62352941 1.27058823 1.92941175
v 0.07738530 -0.01597113 0.01555770 1.62352941 1.27058823 1.92941175
v 0.07738530 -0.01603107 0.01553070 1.62352941 1.27058823 1.92941175
v 0.07738530 -0.01608393 0.01549527 1.62352941 1.27058823 1.92941175
v 0.07738530 -0.01612977 0.01545057 1.62352941 1.27058823 1.92941175
v 0.07738530 -0.01616853 0.01539912 1.62352941 1.27058823 1.92941175
v 0.07738530 -0.01619673 0.01534257 1.62352941 1.27058823 1.92941175
v 0.07738530 -0.01621083 0.01528185 1.62352941 1.27058823 1.92941175
v 0.07738530 -0.01621788 0.01521942 1.62352941 1.27058823 1.92941175
v 0.07688925 -0.01723305 0.00867282 1.62352941 1.27058823 1.92941175
v 0.07711758 -0.01692285 0.01521942 1.62352941 1.27058823 1.92941175
v 0.07711758 -0.01690521 0.01539912 1.62352941 1.27058823 1.92941175
v 0.07711758 -0.01685940 0.01557375 1.62352941 1.27058823 1.92941175
v 0.07688925 -0.01690521 0.01607484 1.62352941 1.27058823 1.92941175
v 0.07711758 -0.01677834 0.01573740 1.62352941 1.27058823 1.92941175
v 0.07711758 -0.01666905 0.01588503 1.62352941 1.27058823 1.92941175
v 0.07688925 -0.01673604 0.01623936 1.62352941 1.27058823 1.92941175
v 0.07660578 -0.01690521 0.01643424 1.62352941 1.27058823 1.92941175
v 0.07660578 -0.01666905 0.01659285 1.62352941 1.27058823 1.92941175
v 0.07627509 -0.01677834 0.01677255 1.62352941 1.27058823 1.92941175
v 0.07591290 -0.01685940 0.01690416 1.62352941 1.27058823 1.92941175
v 0.07553496 -0.01690521 0.01698513 1.62352941 1.27058823 1.92941175
v 0.07513341 -0.01692285 0.01701297 1.62352941 1.27058823 1.92941175
v 0.01971021 -0.01752561 0.01651353 1.62352941 1.27058823 1.92941175
v 0.03817410 -0.01715550 0.01685775 1.62352941 1.27058823 1.92941175
v 0.00123057 -0.01723305 0.01680543 1.62352941 1.27058823 1.92941175
v -0.00301338 -0.01724010 0.01679868 1.62352941 1.27058823 1.92941175
v 0.01971021 -0.01617204 0.01726269 1.62352941 1.27058823 1.92941175
v 0.05665377 -0.01635534 0.01722387 1.62352941 1.27058823 1.92941175
v 0.07513341 -0.01658094 0.01716483 1.62352941 1.27058823 1.92941175
v 0.07553496 -0.01657035 0.01713531 1.62352941 1.27058823 1.92941175
v -0.00301338 -0.01621788 0.01725846 1.62352941 1.27058823 1.92941175
v -0.00301338 -0.01624959 0.01725087 1.62352941 1.27058823 1.92941175
v -0.00301338 -0.01585482 0.01728885 1.62352941 1.27058823 1.92941175
v -0.00301338 -0.01587597 0.01728717 1.62352941 1.27058823 1.92941175
v -0.00301338 -0.01606278 0.01727196 1.62352941 1.27058823 1.92941175
v 0.07591290 -0.01653864 0.01704756 1.62352941 1.27058823 1.92941175
v 0.07627509 -0.01648224 0.01690416 1.62352941 1.27058823 1.92941175
v 0.07660578 -0.01640823 0.01671012 1.62352941 1.27058823 1.92941175
v 0.07688925 -0.01631658 0.01647051 1.62352941 1.27058823 1.92941175
v 0.07711758 -0.01621083 0.01619211 1.62352941 1.27058823 1.92941175
v 0.07728294 -0.01609452 0.01588503 1.62352941 1.27058823 1.92941175
v 0.07728294 -0.01597113 0.01591710 1.62352941 1.27058823 1.92941175
v 0.07738530 -0.01621788 0.00867282 1.62352941 1.27058823 1.92941175
v 0.07728294 -0.01621083 0.01583274 1.62352941 1.27058823 1.92941175
v 0.07728294 -0.01631658 0.01576188 1.62352941 1.27058823 1.92941175
v 0.07728294 -0.01640823 0.01567497 1.62352941 1.27058823 1.92941175
v 0.07728294 -0.01648224 0.01557375 1.62352941 1.27058823 1.92941175
v 0.07728294 -0.01653864 0.01546152 1.62352941 1.27058823 1.92941175
v 0.07728294 -0.01657035 0.01534257 1.62352941 1.27058823 1.92941175
v 0.07728294 -0.01658094 0.01521942 1.62352941 1.27058823 1.92941175
v 0.07730655 -0.01650339 0.00867282 1.62352941 1.27058823 1.92941175
v 0.07711758 -0.01692285 0.00867282 1.62352941 1.27058823 1.92941175
v 0.07711758 -0.01653864 0.01601244 1.62352941 1.27058823 1.92941175
v 0.07688925 -0.01653864 0.01637181 1.62352941 1.27058823 1.92941175
v -0.00301338 -0.01661265 0.01715217 1.62352941 1.27058823 1.92941175
v -0.00301338 -0.01692285 0.01701297 1.62352941 1.27058823 1.92941175
v -0.00301338 -0.01722246 0.01681134 1.62352941 1.27058823 1.92941175
v -0.00301338 -0.01641174 0.01720953 1.62352941 1.27058823 1.92941175
v -0.00301338 -0.01657035 0.01716819 1.62352941 1.27058823 1.92941175
v 0.00123057 -0.01658094 0.01716483 1.62352941 1.27058823 1.92941175
v 0.07711758 -0.01638354 0.01611618 1.62352941 1.27058823 1.92941175
v 0.07728294 -0.01658094 0.00867282 1.62352941 1.27058823 1.92941175
v -0.00301338 -0.01659150 0.01716060 1.62352941 1.27058823 1.92941175
f 318 319 320
f 318 320 321
f 318 321 322
f 318 322 323
f 318 323 334
f 318 334 324
f 318 324 335
f 318 335 336
f 318 336 325
f 318 325 319
f 319 321 320
f 319 325 326
f 319 326 327
f 319 327 328
f 319 328 321
f 321 329 330
f 321 330 322
f 321 328 341
f 321 341 329
f 322 330 331
f 322 331 332
f 322 332 333
f 322 333 323
f 323 333 350
f 323 350 334
f 324 334 350
f 324 350 367
f 324 367 368
f 324 368 389
f 324 389 390
f 324 390 411
f 324 411 433
f 324 433 463
f 324 463 464
f 324 464 494
f 324 494 495
f 324 495 530
f 324 530 568
f 324 568 567
f 324 567 613
f 324 613 621
f 324 621 632
f 324 632 622
f 324 622 579
f 324 579 533
f 324 533 532
f 324 532 496
f 324 496 475
f 324 475 442
f 324 442 418
f 324 418 394
f 324 394 371
f 324 371 352
f 324 352 335
f 325 336 337
f 325 337 338
f 325 338 326
f 326 338 337
f 326 337 336
f 326 336 335
f 326 335 352
f 326 352 370
f 326 370 393
f 326 393 417
f 326 417 416
f 326 416 441
f 326 441 474
f 326 474 511
f 326 511 510
f 326 510 472
f 326 472 509
f 326 509 507
f 326 507 552
f 326 552 549
f 326 549 547
f 326 547 596
f 326 596 627
f 326 627 626
f 326 626 625
f 326 625 633
f 326 633 629
f 326 629 628
f 326 628 602
f 326 602 601
f 326 601 605
f 326 605 604
f 326 604 603
f 326 603 558
f 326 558 515
f 326 515 518
f 326 518 517
f 326 517 516
f 326 516 480
f 326 480 477
f 326 477 448
f 326 448 444
f 326 444 443
f 326 443 419
f 326 419 398
f 326 398 379
f 326 379 377
f 326 377 356
f 326 356 347
f 326 347 362
f 326 362 361
f 326 361 360
f 326 360 353
f 326 353 340
f 326 340 339
f 326 339 327
f 327 339 328
f 328 339 340
f 328 340 341
f 329 341 340
f 329 340 330
f 330 342 343
f 330 343 344
f 330 344 345
f 330 345 331
f 330 340 346
f 330 346 347
f 330 347 342
f 331 345 348
f 331 348 332
f 332 348 349
f 332 349 333
f 333 349 351
f 333 351 367
f 333 367 350
f 340 353 346
f 342 347 343
f 343 347 344
f 344 354 355
f 344 355 345
f 344 347 356
f 344 356 354
f 345 355 357
f 345 357 358
f 345 358 359
f 345 359 348
f 346 353 360
f 346 360 361
f 346 361 362
f 346 362 347
f 348 359 363
f 348 363 364
f 348 364 349
f 349 364 365
f 349 365 366
f 349 366 351
f 351 368 367
f 351 366 369
f 351 369 368
f 352 371 391
f 352 391 370
f 354 372 355
f 354 356 373
f 354 373 372
f 355 374 375
f 355 375 376
f 355 376 357
f 355 372 377
f 355 377 378
f 355 378 379
f 355 379 374
f 356 377 373
f 357 376 358
f 358 380 381
f 358 381 363
f 358 363 359
f 358 376 382
f 358 382 380
f 363 381 383
f 363 383 384
f 363 384 365
f 363 365 364
f 365 384 385
f 365 385 386
f 365 386 387
f 365 387 366
f 366 387 388
f 366 388 369
f 368 369 389
f 369 390 389
f 369 388 390
f 370 391 392
f 370 392 393
f 371 394 412
f 371 412 391
f 372 373 395
f 372 395 377
f 373 377 395
f 374 379 398
f 374 398 375
f 375 396 397
f 375 397 376
f 375 398 396
f 376 399 400
f 376 400 382
f 376 397 399
f 377 379 378
f 380 382 400
f 380 400 401
f 380 401 402
f 380 402 403
f 380 403 383
f 380 383 381
f 383 403 404
f 383 404 405
f 383 405 385
f 383 385 384
f 385 405 406
f 385 406 407
f 385 407 408
f 385 408 386
f 386 408 387
f 387 408 409
f 387 409 410
f 387 410 388
f 388 411 390
f 388 410 433
f 388 433 411
f 391 412 413
f 391 413 414
f 391 414 415
f 391 415 392
f 392 416 417
f 392 417 393
f 392 415 414
f 392 414 416
f 394 418 412
f 396 398 419
f 396 419 397
f 397 420 421
f 397 421 422
f 397 422 399
f 397 419 443
f 397 443 423
f 397 423 420
f 399 422 400
f 400 424 425
f 400 425 401
f 400 422 424
f 401 425 426
f 401 426 402
f 402 426 427
f 402 427 404
f 402 404 403
f 404 427 428
f 404 428 405
f 405 428 406
f 406 428 429
f 406 429 407
f 407 429 430
f 407 430 431
f 407 431 408
f 408 431 432
f 408 432 409
f 409 432 410
f 410 432 434
f 410 434 463
f 410 463 433
f 412 418 435
f 412 435 413
f 413 435 436
f 413 436 437
f 413 437 438
f 413 438 414
f 414 438 439
f 414 439 440
f 414 440 416
f 416 440 441
f 418 442 435
f 420 423 444
f 420 444 421
f 421 445 446
f 421 446 422
f 421 444 447
f 421 447 448
f 421 448 445
f 422 449 450
f 422 450 424
f 422 446 449
f 423 443 444
f 424 450 425
f 425 451 452
f 425 452 426
f 425 450 451
f 426 452 453
f 426 453 427
f 427 453 454
f 427 454 428
f 428 454 455
f 428 455 456
f 428 456 429
f 429 456 457
f 429 457 458
f 429 458 459
f 429 459 430
f 430 459 431
f 431 459 460
f 431 460 432
f 432 460 461
f 432 461 462
f 432 462 434
f 434 462 464
f 434 464 463
f 435 442 475
f 435 475 465
f 435 465 466
f 435 466 436
f 436 466 467
f 436 467 437
f 437 467 468
f 437 468 438
f 438 468 469
f 438 469 470
f 438 470 471
f 438 471 472
f 438 472 473
f 438 473 441
f 438 441 439
f 439 441 440
f 441 473 474
f 444 448 447
f 445 476 446
f 445 448 477
f 445 477 476
f 446 478 479
f 446 479 449
f 446 476 480
f 446 480 516
f 446 516 481
f 446 481 512
f 446 512 478
f 449 482 450
f 449 479 482
f 450 483 484
f 450 484 451
f 450 482 483
f 451 484 452
f 452 484 485
f 452 485 486
f 452 486 487
f 452 487 453
f 453 487 488
f 453 488 489
f 453 489 454
f 454 489 490
f 454 490 455
f 455 490 491
f 455 491 492
f 455 492 457
f 455 457 456
f 457 492 493
f 457 493 458
f 458 493 459
f 459 493 460
f 460 493 461
f 461 493 462
f 462 494 464
f 462 493 495
f 462 495 494
f 465 475 496
f 465 496 497
f 465 497 498
f 465 498 466
f 466 498 499
f 466 499 500
f 466 500 467
f 467 500 501
f 467 501 502
f 467 502 468
f 468 502 503
f 468 503 504
f 468 504 505
f 468 505 469
f 469 505 506
f 469 506 551
f 469 551 507
f 469 507 508
f 469 508 470
f 470 508 471
f 471 508 472
f 472 508 509
f 472 510 473
f 473 510 511
f 473 511 474
f 476 477 480
f 478 512 513
f 478 513 479
f 479 514 519
f 479 519 482
f 479 513 515
f 479 515 558
f 479 558 556
f 479 556 514
f 481 516 517
f 481 517 518
f 481 518 512
f 482 519 520
f 482 520 483
f 483 520 521
f 483 521 522
f 483 522 484
f 484 522 523
f 484 523 485
f 485 523 524
f 485 524 486
f 486 524 564
f 486 564 525
f 486 525 488
f 486 488 487
f 488 525 526
f 488 526 527
f 488 527 490
f 488 490 489
f 490 527 491
f 491 528 493
f 491 493 492
f 491 527 528
f 493 529 568
f 493 568 530
f 493 530 495
f 493 528 531
f 493 531 569
f 493 569 529
f 496 532 497
f 497 532 533
f 497 533 534
f 497 534 498
f 498 534 535
f 498 535 499
f 499 535 536
f 499 536 537
f 499 537 538
f 499 538 501
f 499 501 500
f 501 538 539
f 501 539 540
f 501 540 503
f 501 503 502
f 503 540 541
f 503 541 542
f 503 542 543
f 503 543 504
f 504 543 505
f 505 544 506
f 505 543 545
f 505 545 546
f 505 546 547
f 505 547 548
f 505 548 549
f 505 549 544
f 506 544 550
f 506 550 551
f 507 551 550
f 507 550 552
f 507 509 508
f 512 518 515
f 512 515 513
f 514 553 554
f 514 554 555
f 514 555 519
f 514 556 557
f 514 557 553
f 519 555 559
f 519 559 521
f 519 521 520
f 521 559 522
f 522 560 561
f 522 561 523
f 522 559 560
f 523 561 524
f 524 561 562
f 524 562 563
f 524 563 564
f 525 564 565
f 525 565 526
f 526 565 566
f 526 566 531
f 526 531 528
f 526 528 527
f 529 567 568
f 529 569 570
f 529 570 571
f 529 571 572
f 529 572 573
f 529 573 574
f 529 574 575
f 529 575 576
f 529 576 577
f 529 577 578
f 529 578 567
f 531 566 569
f 533 579 534
f 534 580 535
f 534 579 622
f 534 622 580
f 535 580 581
f 535 581 582
f 535 582 536
f 536 582 537
f 537 583 539
f 537 539 538
f 537 582 584
f 537 584 585
f 537 585 583
f 539 583 586
f 539 586 587
f 539 587 541
f 539 541 540
f 541 587 588
f 541 588 589
f 541 589 590
f 541 590 542
f 542 590 543
f 543 590 591
f 543 591 592
f 543 592 545
f 544 549 593
f 544 593 550
f 545 592 594
f 545 594 595
f 545 595 596
f 545 596 547
f 545 547 546
f 547 549 548
f 549 552 550
f 549 550 593
f 553 557 597
f 553 597 601
f 553 601 554
f 554 598 599
f 554 599 600
f 554 600 555
f 554 601 602
f 554 602 598
f 555 600 559
f 556 558 603
f 556 603 604
f 556 604 605
f 556 605 557
f 557 605 597
f 559 606 560
f 559 600 606
f 560 607 608
f 560 608 561
f 560 606 607
f 561 609 562
f 561 608 609
f 562 609 563
f 563 609 610
f 563 610 611
f 563 611 612
f 563 612 565
f 563 565 564
f 565 612 570
f 565 570 569
f 565 569 566
f 567 578 613
f 570 612 571
f 571 612 611
f 571 611 614
f 571 614 572
f 572 614 615
f 572 615 573
f 573 615 616
f 573 616 574
f 574 616 575
f 575 616 617
f 575 617 618
f 575 618 576
f 576 618 619
f 576 619 577
f 577 619 578
f 578 619 620
f 578 620 621
f 578 621 613
f 580 620 619
f 580 619 581
f 580 622 632
f 580 632 620
f 581 619 582
f 582 619 618
f 582 618 584
f 583 585 623
f 583 623 586
f 584 618 617
f 584 617 616
f 584 616 585
f 585 616 623
f 586 624 588
f 586 588 587
f 586 623 624
f 588 624 608
f 588 608 589
f 589 608 607
f 589 607 606
f 589 606 590
f 590 606 600
f 590 600 591
f 591 600 592
f 592 600 599
f 592 599 625
f 592 625 626
f 592 626 594
f 594 626 595
f 595 626 627
f 595 627 596
f 597 605 601
f 598 602 628
f 598 628 629
f 598 629 599
f 599 629 630
f 599 630 633
f 599 633 625
f 608 624 609
f 609 624 631
f 609 631 610
f 610 631 611
f 611 631 614
f 614 631 623
f 614 623 615
f 615 623 616
f 620 632 621
f 623 631 624
f 629 633 630

o geometry_2
v -0.07505637 0.01440081 0.00866028 1.30588236 2.67058824 2.88235293
v -0.07505637 -0.01440081 0.00866028 1.30588236 2.67058824 2.88235293
v -0.07505637 0.01440081 0.00093126 1.30588236 2.67058824 2.88235293
v -0.11088336 0.01292070 0.00724074 1.30588236 2.67058824 2.88235293
v -0.10190709 0.00608961 0.00759690 1.30588236 2.67058824 2.88235293
v -0.09656673 -0.01351272 0.00093126 1.30588236 2.67058824 2.88235293
v -0.07505637 -0.01440081 0.00093126 1.30588236 2.67058824 2.88235293
v -0.11088336 -0.01292070 0.00724074 1.30588236 2.67058824 2.88235293
v -0.07516800 0.00015507 -0.00858360 1.30588236 2.67058824 2.88235293
v -0.07516800 0.01439517 -0.00858189 1.30588236 2.67058824 2.88235293
v -0.11088336 0.01292070 0.00093126 1.30588236 2.67058824 2.88235293
v -0.11096898 0.01291506 0.00093126 1.30588236 2.67058824 2.88235293
v -0.11107689 0.01290378 0.00722724 1.30588236 2.67058824 2.88235293
v -0.07516800 -0.01439517 -0.00858360 1.30588236 2.67058824 2.88235293
v -0.11088336 -0.01292070 0.00093126 1.30588236 2.67058824 2.88235293
v -0.11107689 -0.01290378 0.00722724 1.30588236 2.67058824 2.88235293
v -0.11096898 -0.01291506 0.00093126 1.30588236 2.67058824 2.88235293
v -0.11088336 0.01291788 -0.00716910 1.30588236 2.67058824 2.88235293
v -0.09293823 0.01365933 -0.00787971 1.30588236 2.67058824 2.88235293
v -0.11107689 0.01290378 -0.00715392 1.30588236 2.67058824 2.88235293
v -0.11116248 0.01289250 0.00093126 1.30588236 2.67058824 2.88235293
v -0.11126670 0.01287276 0.00719685 1.30588236 2.67058824 2.88235293
v -0.11117364 -0.00001410 0.00721203 1.30588236 2.67058824 2.88235293
v -0.11088336 -0.01291788 -0.00716910 1.30588236 2.67058824 2.88235293
v -0.11126670 -0.01287276 0.00719685 1.30588236 2.67058824 2.88235293
v -0.11116248 -0.01289250 0.00093126 1.30588236 2.67058824 2.88235293
v -0.11107689 -0.01290378 -0.00715392 1.30588236 2.67058824 2.88235293
v -0.11127042 0.01287276 -0.00712353 1.30588236 2.67058824 2.88235293
v -0.11127042 0.01287276 0.00092958 1.30588236 2.67058824 2.88235293
v -0.11145648 0.01282764 0.00715296 1.30588236 2.67058824 2.88235293
v -0.11136345 -0.00002256 0.00717492 1.30588236 2.67058824 2.88235293
v -0.11145648 -0.01282764 0.00715296 1.30588236 2.67058824 2.88235293
v -0.11127042 -0.01287276 0.00092958 1.30588236 2.67058824 2.88235293
v -0.11127042 -0.01287276 -0.00712353 1.30588236 2.67058824 2.88235293
v -0.11145648 0.01282764 0.00093126 1.30588236 2.67058824 2.88235293
v -0.11135229 0.01285302 0.00092958 1.30588236 2.67058824 2.88235293
v -0.11145648 0.01282482 -0.00708132 1.30588236 2.67058824 2.88235293
v -0.11164257 0.01276563 0.00092958 1.30588236 2.67058824 2.88235293
v -0.11163885 0.01276563 0.00709389 1.30588236 2.67058824 2.88235293
v -0.11145648 -0.01282764 0.00093126 1.30588236 2.67058824 2.88235293
v -0.11163885 -0.01276563 0.00709389 1.30588236 2.67058824 2.88235293
v -0.11164257 -0.01276563 0.00092958 1.30588236 2.67058824 2.88235293
v -0.11145648 -0.01282482 -0.00708132 1.30588236 2.67058824 2.88235293
v -0.11164257 0.01276563 -0.00702225 1.30588236 2.67058824 2.88235293
v -0.11173932 0.01272333 0.00093126 1.30588236 2.67058824 2.88235293
v -0.11181375 0.01268952 0.00702132 1.30588236 2.67058824 2.88235293
v -0.11172816 -0.00003666 0.00705843 1.30588236 2.67058824 2.88235293
v -0.11164257 -0.01276563 -0.00702225 1.30588236 2.67058824 2.88235293
v -0.11181375 -0.01268952 0.00702132 1.30588236 2.67058824 2.88235293
v -0.11172072 -0.01273179 0.00092958 1.30588236 2.67058824 2.88235293
v -0.11181375 0.01268952 -0.00694968 1.30588236 2.67058824 2.88235293
v -0.11198493 0.01260210 0.00693522 1.30588236 2.67058824 2.88235293
v -0.11181375 -0.01268952 -0.00694968 1.30588236 2.67058824 2.88235293
v -0.11198493 -0.01260210 0.00693522 1.30588236 2.67058824 2.88235293
v -0.11198493 0.01260210 0.00093126 1.30588236 2.67058824 2.88235293
v -0.11198493 0.01259928 -0.00686358 1.30588236 2.67058824 2.88235293
v -0.11214498 0.01249779 0.00683733 1.30588236 2.67058824 2.88235293
v -0.11198493 -0.01260210 0.00093126 1.30588236 2.67058824 2.88235293
v -0.11198493 -0.01259928 -0.00686358 1.30588236 2.67058824 2.88235293
v -0.11214498 -0.01249779 0.00683733 1.30588236 2.67058824 2.88235293
v -0.11205564 -0.01255701 0.00093126 1.30588236 2.67058824 2.88235293
v -0.11214498 0.01249779 -0.00676401 1.30588236 2.67058824 2.88235293
v -0.11206680 0.00004794 -0.00681465 1.30588236 2.67058824 2.88235293
v -0.11229756 0.01238220 0.00092958 1.30588236 2.67058824 2.88235293
v -0.11229384 0.01238220 0.00672762 1.30588236 2.67058824 2.88235293
v -0.11214498 -0.01249779 -0.00676401 1.30588236 2.67058824 2.88235293
v -0.11229384 -0.01238220 0.00672762 1.30588236 2.67058824 2.88235293
v -0.11229756 -0.01238220 0.00092958 1.30588236 2.67058824 2.88235293
v -0.11229756 0.01238220 -0.00665430 1.30588236 2.67058824 2.88235293
v -0.11256549 0.01211721 0.00092958 1.30588236 2.67058824 2.88235293
v -0.11256177 0.01211721 0.00647442 1.30588236 2.67058824 2.88235293
v -0.11229756 -0.01238220 -0.00665430 1.30588236 2.67058824 2.88235293
v -0.11256177 0.00000000 0.00647442 1.30588236 2.67058824 2.88235293
v -0.11256177 -0.01211721 0.00647274 1.30588236 2.67058824 2.88235293
v -0.11256549 -0.01211721 0.00092958 1.30588236 2.67058824 2.88235293
v -0.11256549 0.01211721 -0.00640110 1.30588236 2.67058824 2.88235293
v -0.11278134 0.01181553 0.00618240 1.30588236 2.67058824 2.88235293
v -0.11256549 -0.01211721 -0.00640110 1.30588236 2.67058824 2.88235293
v -0.11278134 -0.01181553 0.00618240 1.30588236 2.67058824 2.88235293
v -0.11278134 0.01181271 -0.00611076 1.30588236 2.67058824 2.88235293
v -0.11278134 0.01181553 0.00093126 1.30588236 2.67058824 2.88235293
v -0.11294136 0.01148004 0.00092958 1.30588236 2.67058824 2.88235293
v -0.11293764 0.01148004 0.00586170 1.30588236 2.67058824 2.88235293
v -0.11278134 -0.01181553 0.00093126 1.30588236 2.67058824 2.88235293
v -0.11278134 -0.01181271 -0.00611076 1.30588236 2.67058824 2.88235293
v -0.11293764 -0.01148004 0.00586170 1.30588236 2.67058824 2.88235293
v -0.11287809 -0.01161819 0.00092958 1.30588236 2.67058824 2.88235293
v -0.11286321 0.00016353 -0.00595041 1.30588236 2.67058824 2.88235293
v -0.11294136 0.01148004 -0.00579006 1.30588236 2.67058824 2.88235293
v -0.11298603 0.01132497 0.00092958 1.30588236 2.67058824 2.88235293
v -0.11303814 0.01112763 0.00552411 1.30588236 2.67058824 2.88235293
v -0.11298975 -0.00017478 0.00569292 1.30588236 2.67058824 2.88235293
v -0.11294136 -0.01148004 -0.00579006 1.30588236 2.67058824 2.88235293
v -0.11303814 -0.01112763 0.00552411 1.30588236 2.67058824 2.88235293
v -0.11294136 -0.01148004 0.00092958 1.30588236 2.67058824 2.88235293
v -0.11299347 0.00017199 -0.00561960 1.30588236 2.67058824 2.88235293
v -0.11304186 0.01112481 -0.00545079 1.30588236 2.67058824 2.88235293
v -0.11304186 0.01112481 0.00092958 1.30588236 2.67058824 2.88235293
v -0.11307162 0.01076112 0.00517302 1.30588236 2.67058824 2.88235293
v -0.11304186 -0.01112481 -0.00545079 1.30588236 2.67058824 2.88235293
v -0.11307162 -0.01076112 0.00517302 1.30588236 2.67058824 2.88235293
v -0.11304186 -0.01112481 0.00092958 1.30588236 2.67058824 2.88235293
v -0.11307162 0.01076112 -0.00509970 1.30588236 2.67058824 2.88235293
v -0.11307162 -0.01076112 -0.00509970 1.30588236 2.67058824 2.88235293
f 634 635 640
f 634 640 636
f 634 636 644
f 634 644 637
f 634 637 638
f 634 638 635
f 635 639 640
f 635 638 641
f 635 641 639
f 636 640 647
f 636 647 642
f 636 642 643
f 636 643 644
f 637 644 645
f 637 645 646
f 637 646 649
f 637 649 641
f 637 641 638
f 639 647 640
f 639 641 648
f 639 648 647
f 641 649 650
f 641 650 648
f 642 647 657
f 642 657 651
f 642 651 652
f 642 652 643
f 643 652 651
f 643 651 644
f 644 651 645
f 645 653 646
f 645 651 653
f 646 653 654
f 646 654 655
f 646 655 656
f 646 656 649
f 647 648 657
f 648 650 657
f 649 656 658
f 649 658 659
f 649 659 660
f 649 660 650
f 650 660 657
f 651 657 660
f 651 660 653
f 653 660 667
f 653 667 661
f 653 661 654
f 654 661 662
f 654 662 655
f 655 658 656
f 655 662 663
f 655 663 664
f 655 664 658
f 658 664 665
f 658 665 666
f 658 666 659
f 659 666 667
f 659 667 660
f 661 668 669
f 661 669 662
f 661 667 676
f 661 676 670
f 661 670 668
f 662 669 663
f 663 669 668
f 663 668 677
f 663 677 671
f 663 671 672
f 663 672 674
f 663 674 665
f 663 665 664
f 665 673 667
f 665 667 666
f 665 674 675
f 665 675 681
f 665 681 673
f 667 673 676
f 668 670 677
f 670 676 681
f 670 681 677
f 671 677 678
f 671 678 679
f 671 679 672
f 672 679 680
f 672 680 674
f 673 681 676
f 674 680 682
f 674 682 683
f 674 683 675
f 675 683 681
f 677 681 686
f 677 686 684
f 677 684 678
f 678 684 679
f 679 684 688
f 679 688 685
f 679 685 687
f 679 687 682
f 679 682 680
f 681 683 686
f 682 686 683
f 682 687 691
f 682 691 686
f 684 686 692
f 684 692 689
f 684 689 688
f 685 688 695
f 685 695 690
f 685 690 693
f 685 693 687
f 686 691 692
f 687 693 694
f 687 694 691
f 688 689 695
f 689 692 696
f 689 696 695
f 690 695 702
f 690 702 697
f 690 697 698
f 690 698 700
f 690 700 693
f 691 694 699
f 691 699 692
f 692 699 696
f 693 699 694
f 693 700 701
f 693 701 705
f 693 705 699
f 695 696 699
f 695 699 705
f 695 705 702
f 697 702 709
f 697 709 703
f 697 703 698
f 698 703 704
f 698 704 706
f 698 706 700
f 700 706 707
f 700 707 708
f 700 708 701
f 701 708 711
f 701 711 705
f 702 705 711
f 702 711 709
f 703 709 714
f 703 714 710
f 703 710 704
f 704 710 712
f 704 712 706
f 706 712 707
f 707 712 708
f 708 712 717
f 708 717 711
f 709 711 718
f 709 718 713
f 709 713 714
f 710 714 722
f 710 722 715
f 710 715 716
f 710 716 719
f 710 719 712
f 711 717 718
f 712 719 720
f 712 720 717
f 713 718 721
f 713 721 722
f 713 722 714
f 715 722 723
f 715 723 716
f 716 723 724
f 716 724 725
f 716 725 719
f 717 720 718
f 718 720 726
f 718 726 721
f 719 725 727
f 719 727 728
f 719 728 720
f 720 728 726
f 721 726 722
f 722 726 729
f 722 729 730
f 722 730 723
f 723 730 731
f 723 731 724
f 724 731 732
f 724 732 734
f 724 734 727
f 724 727 725
f 726 728 735
f 726 735 733
f 726 733 729
f 727 734 735
f 727 735 728
f 729 733 730
f 730 733 737
f 730 737 736
f 730 736 732
f 730 732 731
f 732 736 737
f 732 737 734
f 733 735 734
f 733 734 737

o geometry_3
v 0.07753350 0.01439667 0.00865905 1.14117648 2.36470587 1.57647060
v 0.07762272 0.01439385 0.00093075 1.14117648 2.36470587 1.57647060
v 0.07753350 0.01439667 0.00093075 1.14117648 2.36470587 1.57647060
v 0.07753350 -0.01439667 0.00865905 1.14117648 2.36470587 1.57647060
v 0.11333448 0.01291698 0.00724131 1.14117648 2.36470587 1.57647060
v 0.11333448 0.01291980 0.00093075 1.14117648 2.36470587 1.57647060
v 0.07762272 0.01439385 -0.00858153 1.14117648 2.36470587 1.57647060
v 0.07753350 -0.01439667 0.00093075 1.14117648 2.36470587 1.57647060
v 0.07762272 0.00014655 -0.00858321 1.14117648 2.36470587 1.57647060
v 0.07762272 -0.01439385 0.00093075 1.14117648 2.36470587 1.57647060
v 0.11333448 -0.01291980 0.00093075 1.14117648 2.36470587 1.57647060
v 0.11333448 -0.01291698 0.00724131 1.14117648 2.36470587 1.57647060
v 0.11352786 0.01290291 0.00722613 1.14117648 2.36470587 1.57647060
v 0.11333448 0.01291980 -0.00716886 1.14117648 2.36470587 1.57647060
v 0.08640564 0.00682629 -0.00823554 1.14117648 2.36470587 1.57647060
v 0.07762272 -0.01439385 -0.00858321 1.14117648 2.36470587 1.57647060
v 0.11333448 -0.01291980 -0.00716886 1.14117648 2.36470587 1.57647060
v 0.11352786 -0.01290291 0.00722613 1.14117648 2.36470587 1.57647060
v 0.11371749 0.01287189 0.00719742 1.14117648 2.36470587 1.57647060
v 0.11363568 0.01288599 0.00093075 1.14117648 2.36470587 1.57647060
v 0.11352786 0.01290291 -0.00715536 1.14117648 2.36470587 1.57647060
v 0.08640564 -0.00756756 -0.00823554 1.14117648 2.36470587 1.57647060
v 0.11352786 -0.01290291 -0.00715536 1.14117648 2.36470587 1.57647060
v 0.11363568 -0.01288599 0.00093075 1.14117648 2.36470587 1.57647060
v 0.11371749 -0.01287189 0.00719742 1.14117648 2.36470587 1.57647060
v 0.11390340 0.01282398 0.00715356 1.14117648 2.36470587 1.57647060
v 0.11380302 0.01285218 0.00093075 1.14117648 2.36470587 1.57647060
v 0.11372121 0.01287189 0.00093075 1.14117648 2.36470587 1.57647060
v 0.11372121 0.01287189 -0.00712497 1.14117648 2.36470587 1.57647060
v 0.11372121 -0.01287189 -0.00712497 1.14117648 2.36470587 1.57647060
v 0.11372121 -0.01287189 0.00093075 1.14117648 2.36470587 1.57647060
v 0.11380302 -0.01285218 0.00093075 1.14117648 2.36470587 1.57647060
v 0.11390340 -0.01282398 0.00715356 1.14117648 2.36470587 1.57647060
v 0.11408934 0.01276479 0.00709446 1.14117648 2.36470587 1.57647060
v 0.11398521 0.01279860 0.00093075 1.14117648 2.36470587 1.57647060
v 0.11390340 0.01282398 -0.00707943 1.14117648 2.36470587 1.57647060
v 0.11390340 -0.01282398 -0.00707943 1.14117648 2.36470587 1.57647060
v 0.11398521 -0.01279860 0.00093075 1.14117648 2.36470587 1.57647060
v 0.11408934 -0.01276479 0.00709446 1.14117648 2.36470587 1.57647060
v 0.11408934 0.01276479 -0.00702204 1.14117648 2.36470587 1.57647060
v 0.11426409 0.01268871 0.00702189 1.14117648 2.36470587 1.57647060
v 0.11408934 -0.01276479 -0.00702204 1.14117648 2.36470587 1.57647060
v 0.11426409 -0.01268871 0.00702189 1.14117648 2.36470587 1.57647060
v 0.11426409 0.01268871 -0.00694947 1.14117648 2.36470587 1.57647060
v 0.11443515 0.01259850 0.00693582 1.14117648 2.36470587 1.57647060
v 0.11426409 -0.01268871 -0.00694947 1.14117648 2.36470587 1.57647060
v 0.11443515 -0.01259850 0.00693582 1.14117648 2.36470587 1.57647060
v 0.11443515 0.01259850 -0.00686337 1.14117648 2.36470587 1.57647060
v 0.11459505 0.01249704 0.00683793 1.14117648 2.36470587 1.57647060
v 0.11443515 -0.01259850 -0.00686337 1.14117648 2.36470587 1.57647060
v 0.11459505 -0.01249704 0.00683793 1.14117648 2.36470587 1.57647060
v 0.11459505 0.01249704 -0.00676380 1.14117648 2.36470587 1.57647060
v 0.11474376 0.01238148 0.00672654 1.14117648 2.36470587 1.57647060
v 0.11474748 0.01238148 0.00093075 1.14117648 2.36470587 1.57647060
v 0.11459505 -0.01249704 -0.00676380 1.14117648 2.36470587 1.57647060
v 0.11474376 -0.01238148 0.00672654 1.14117648 2.36470587 1.57647060
v 0.11474748 -0.01238148 0.00093075 1.14117648 2.36470587 1.57647060
v 0.11474748 0.01238148 -0.00665409 1.14117648 2.36470587 1.57647060
v 0.11501151 0.01211655 0.00647337 1.14117648 2.36470587 1.57647060
v 0.11501523 0.01211655 0.00093075 1.14117648 2.36470587 1.57647060
v 0.11474748 -0.01238148 -0.00665409 1.14117648 2.36470587 1.57647060
v 0.11501523 -0.01211655 0.00093075 1.14117648 2.36470587 1.57647060
v 0.11501151 -0.01211655 0.00647337 1.14117648 2.36470587 1.57647060
v 0.11501523 0.01211655 -0.00640092 1.14117648 2.36470587 1.57647060
v 0.11523090 0.01181214 0.00618309 1.14117648 2.36470587 1.57647060
v 0.11514165 0.01193898 0.00093075 1.14117648 2.36470587 1.57647060
v 0.11501523 -0.01211655 -0.00640092 1.14117648 2.36470587 1.57647060
v 0.11511189 -0.01198407 0.00093075 1.14117648 2.36470587 1.57647060
v 0.11523090 -0.01181214 0.00618309 1.14117648 2.36470587 1.57647060
v 0.11523090 0.01181214 -0.00610896 1.14117648 2.36470587 1.57647060
v 0.11538705 0.01147959 0.00586239 1.14117648 2.36470587 1.57647060
v 0.11532756 0.01161768 0.00093075 1.14117648 2.36470587 1.57647060
v 0.11523090 -0.01181214 -0.00610896 1.14117648 2.36470587 1.57647060
v 0.11530155 -0.01166559 0.00093075 1.14117648 2.36470587 1.57647060
v 0.11539077 -0.01147959 0.00093075 1.14117648 2.36470587 1.57647060
v 0.11538705 -0.01147959 0.00586239 1.14117648 2.36470587 1.57647060
v 0.11539077 0.01147959 -0.00578997 1.14117648 2.36470587 1.57647060
v 0.11531268 -0.00016347 -0.00595029 1.14117648 2.36470587 1.57647060
v 0.11543913 0.00017475 0.00569364 1.14117648 2.36470587 1.57647060
v 0.11548746 0.01112445 0.00552315 1.14117648 2.36470587 1.57647060
v 0.11549118 0.01112445 0.00093075 1.14117648 2.36470587 1.57647060
v 0.11539077 0.01147959 0.00093075 1.14117648 2.36470587 1.57647060
v 0.11539077 -0.01147959 -0.00578997 1.14117648 2.36470587 1.57647060
v 0.11543541 -0.01132455 0.00093075 1.14117648 2.36470587 1.57647060
v 0.11548746 -0.01112445 0.00552315 1.14117648 2.36470587 1.57647060
v 0.11549118 0.01112445 -0.00545073 1.14117648 2.36470587 1.57647060
v 0.11544285 -0.00017193 -0.00561948 1.14117648 2.36470587 1.57647060
v 0.11551719 0.01076088 0.00517380 1.14117648 2.36470587 1.57647060
v 0.11550975 0.01090461 0.00093075 1.14117648 2.36470587 1.57647060
v 0.11549118 -0.01112445 -0.00545073 1.14117648 2.36470587 1.57647060
v 0.11549118 -0.01112445 0.00093075 1.14117648 2.36470587 1.57647060
v 0.11552091 -0.01076088 0.00093075 1.14117648 2.36470587 1.57647060
v 0.11551719 -0.01076088 0.00517380 1.14117648 2.36470587 1.57647060
v 0.11552091 0.01076088 -0.00510135 1.14117648 2.36470587 1.57647060
v 0.11552091 0.01076088 0.00093075 1.14117648 2.36470587 1.57647060
v 0.11552091 -0.01076088 -0.00510135 1.14117648 2.36470587 1.57647060
f 738 739 744
f 738 744 740
f 738 740 745
f 738 745 741
f 738 741 749
f 738 749 742
f 738 742 743
f 738 743 739
f 739 743 751
f 739 751 744
f 740 744 746
f 740 746 753
f 740 753 745
f 741 745 753
f 741 753 747
f 741 747 748
f 741 748 749
f 742 750 743
f 742 749 755
f 742 755 750
f 743 750 758
f 743 758 751
f 744 752 746
f 744 751 752
f 746 752 759
f 746 759 753
f 747 753 754
f 747 754 748
f 748 754 760
f 748 760 755
f 748 755 749
f 750 756 757
f 750 757 758
f 750 755 762
f 750 762 756
f 751 758 760
f 751 760 754
f 751 754 759
f 751 759 752
f 753 759 754
f 755 760 761
f 755 761 762
f 756 762 770
f 756 770 763
f 756 763 764
f 756 764 765
f 756 765 757
f 757 765 766
f 757 766 758
f 758 766 767
f 758 767 760
f 760 767 761
f 761 768 762
f 761 767 768
f 762 768 769
f 762 769 770
f 763 770 776
f 763 776 771
f 763 771 772
f 763 772 773
f 763 773 764
f 764 766 765
f 764 773 766
f 766 773 774
f 766 774 767
f 767 774 769
f 767 769 768
f 769 774 770
f 770 774 775
f 770 775 776
f 771 777 772
f 771 776 780
f 771 780 778
f 771 778 781
f 771 781 777
f 772 777 773
f 773 777 779
f 773 779 774
f 774 779 775
f 775 779 776
f 776 779 783
f 776 783 780
f 777 781 783
f 777 783 779
f 778 780 784
f 778 784 782
f 778 782 785
f 778 785 781
f 780 783 787
f 780 787 784
f 781 785 787
f 781 787 783
f 782 784 788
f 782 788 786
f 782 786 789
f 782 789 785
f 784 787 792
f 784 792 788
f 785 789 792
f 785 792 787
f 786 788 793
f 786 793 790
f 786 790 791
f 786 791 795
f 786 795 789
f 788 792 798
f 788 798 794
f 788 794 793
f 789 795 798
f 789 798 792
f 790 793 800
f 790 800 796
f 790 796 797
f 790 797 791
f 791 797 801
f 791 801 795
f 793 794 799
f 793 799 800
f 794 798 804
f 794 804 799
f 795 801 804
f 795 804 798
f 796 800 806
f 796 806 802
f 796 802 797
f 797 803 801
f 797 802 803
f 799 805 800
f 799 804 805
f 800 805 806
f 801 803 807
f 801 807 810
f 801 810 804
f 802 808 809
f 802 809 807
f 802 807 803
f 802 806 813
f 802 813 808
f 804 810 805
f 805 810 806
f 806 811 812
f 806 812 813
f 806 810 811
f 807 809 814
f 807 814 815
f 807 815 810
f 808 816 817
f 808 817 818
f 808 818 819
f 808 819 809
f 808 813 816
f 809 819 814
f 810 815 820
f 810 820 811
f 811 820 812
f 812 820 821
f 812 821 813
f 813 821 822
f 813 822 816
f 814 819 818
f 814 818 823
f 814 823 824
f 814 824 820
f 814 820 815
f 816 822 817
f 817 822 830
f 817 830 825
f 817 825 826
f 817 826 818
f 818 826 823
f 820 824 827
f 820 827 821
f 821 828 822
f 821 827 828
f 822 828 829
f 822 829 830
f 823 826 831
f 823 831 833
f 823 833 827
f 823 827 824
f 825 830 829
f 825 829 832
f 825 832 826
f 826 832 831
f 827 833 829
f 827 829 828
f 829 833 831
f 829 831 832

o geometry_4
v -0.07496937 -0.01584351 -0.00859605 1.69411764 2.77647060 0.21176472
v -0.07514883 -0.01439619 -0.00858084 1.69411764 2.77647060 0.21176472
v -0.07496937 -0.00780093 -0.00859605 1.69411764 2.77647060 0.21176472
v -0.07492452 -0.01621908 -0.00859605 1.69411764 2.77647060 0.21176472
v -0.07514883 -0.00780093 -0.00858084 1.69411764 2.77647060 0.21176472
v -0.07514883 -0.01439619 0.00093042 1.69411764 2.77647060 0.21176472
v -0.03180756 -0.00780093 -0.00859605 1.69411764 2.77647060 0.21176472
v -0.07490955 -0.01629798 -0.00859605 1.69411764 2.77647060 0.21176472
v -0.07492452 -0.01621908 0.00093042 1.69411764 2.77647060 0.21176472
v -0.07514883 -0.00780093 0.00093042 1.69411764 2.77647060 0.21176472
v -0.07504416 -0.01439919 0.00865845 1.69411764 2.77647060 0.21176472
v -0.07492452 -0.01621707 0.00867198 1.69411764 2.77647060 0.21176472
v -0.07495443 -0.01584252 0.00867198 1.69411764 2.77647060 0.21176472
v 0.07760748 -0.00781191 0.00093042 1.69411764 2.77647060 0.21176472
v 0.07760748 -0.00781191 -0.00858084 1.69411764 2.77647060 0.21176472
v 0.07739808 -0.00781191 -0.00859605 1.69411764 2.77647060 0.21176472
v -0.03225624 -0.00780093 0.00093042 1.69411764 2.77647060 0.21176472
v -0.07478991 -0.01665657 -0.00859605 1.69411764 2.77647060 0.21176472
v -0.07481982 -0.01658163 0.00093042 1.69411764 2.77647060 0.21176472
v -0.07481982 -0.01658163 0.00867198 1.69411764 2.77647060 0.21176472
v -0.07490955 -0.01629597 0.00867198 1.69411764 2.77647060 0.21176472
v -0.07504416 -0.00823740 0.00865845 1.69411764 2.77647060 0.21176472
v -0.07495443 -0.00823740 0.00867198 1.69411764 2.77647060 0.21176472
v 0.07741305 -0.00823740 0.00867198 1.69411764 2.77647060 0.21176472
v 0.07753269 -0.00823740 0.00865677 1.69411764 2.77647060 0.21176472
v 0.07760748 -0.01439421 0.00093042 1.69411764 2.77647060 0.21176472
v 0.07760748 -0.01439421 -0.00858084 1.69411764 2.77647060 0.21176472
v 0.07739808 -0.01592442 -0.00859605 1.69411764 2.77647060 0.21176472
v -0.07470018 -0.01685034 -0.00859605 1.69411764 2.77647060 0.21176472
v -0.07478991 -0.01665555 0.00867198 1.69411764 2.77647060 0.21176472
v 0.07741305 -0.01584252 0.00867198 1.69411764 2.77647060 0.21176472
v 0.07753269 -0.01439820 0.00865677 1.69411764 2.77647060 0.21176472
v 0.07738314 -0.01613715 0.00867198 1.69411764 2.77647060 0.21176472
v 0.07738314 -0.01621707 0.00093042 1.69411764 2.77647060 0.21176472
v 0.07738314 -0.01621707 -0.00859605 1.69411764 2.77647060 0.21176472
v -0.07465530 -0.01692324 -0.00859605 1.69411764 2.77647060 0.21176472
v -0.07465530 -0.01692324 0.00867198 1.69411764 2.77647060 0.21176472
v 0.07736817 -0.01621707 0.00867198 1.69411764 2.77647060 0.21176472
v 0.07735323 -0.01629597 0.00867198 1.69411764 2.77647060 0.21176472
v 0.07727844 -0.01658163 0.00867198 1.69411764 2.77647060 0.21176472
v 0.07727844 -0.01658163 0.00093042 1.69411764 2.77647060 0.21176472
v 0.07726350 -0.01658265 -0.00859605 1.69411764 2.77647060 0.21176472
v -0.07455063 -0.01706808 0.00093042 1.69411764 2.77647060 0.21176472
v -0.07443099 -0.01723287 -0.00859605 1.69411764 2.77647060 0.21176472
v -0.07443099 -0.01723287 0.00093042 1.69411764 2.77647060 0.21176472
v -0.07447584 -0.01716495 0.00867198 1.69411764 2.77647060 0.21176472
v 0.07714386 -0.01684932 0.00867198 1.69411764 2.77647060 0.21176472
v 0.07711392 -0.01692324 0.00093042 1.69411764 2.77647060 0.21176472
v 0.07711392 -0.01692324 -0.00859605 1.69411764 2.77647060 0.21176472
v -0.07414683 -0.01749756 -0.00859605 1.69411764 2.77647060 0.21176472
v -0.07428141 -0.01737372 0.00093042 1.69411764 2.77647060 0.21176472
v -0.07414683 -0.01749756 0.00867198 1.69411764 2.77647060 0.21176472
v -0.07420665 -0.01744065 0.00867198 1.69411764 2.77647060 0.21176472
v -0.07441602 -0.01723089 0.00867198 1.69411764 2.77647060 0.21176472
v 0.07709898 -0.01692324 0.00867198 1.69411764 2.77647060 0.21176472
v 0.07705410 -0.01698918 0.00867198 1.69411764 2.77647060 0.21176472
v 0.07687464 -0.01723089 0.00867198 1.69411764 2.77647060 0.21176472
v 0.07687464 -0.01723188 0.00093042 1.69411764 2.77647060 0.21176472
v 0.07687464 -0.01723188 -0.00859605 1.69411764 2.77647060 0.21176472
v -0.07389258 -0.01766838 -0.00859605 1.69411764 2.77647060 0.21176472
v -0.07381779 -0.01771533 0.00093042 1.69411764 2.77647060 0.21176472
v -0.07381779 -0.01771332 0.00867198 1.69411764 2.77647060 0.21176472
v 0.07659048 -0.01749756 0.00867198 1.69411764 2.77647060 0.21176472
v 0.07672509 -0.01737273 0.00093042 1.69411764 2.77647060 0.21176472
v 0.07681482 -0.01728981 -0.00859605 1.69411764 2.77647060 0.21176472
v -0.07381779 -0.01771533 -0.00859605 1.69411764 2.77647060 0.21176472
v -0.07374303 -0.01774827 0.00867198 1.69411764 2.77647060 0.21176472
v -0.07365330 -0.01779024 0.00093042 1.69411764 2.77647060 0.21176472
v 0.07653066 -0.01754451 0.00867198 1.69411764 2.77647060 0.21176472
v 0.07659048 -0.01749756 -0.00859605 1.69411764 2.77647060 0.21176472
v -0.07345887 -0.01787412 -0.00859605 1.69411764 2.77647060 0.21176472
v -0.07345887 -0.01787412 0.00093042 1.69411764 2.77647060 0.21176472
v -0.07344390 -0.01787214 0.00867198 1.69411764 2.77647060 0.21176472
v 0.07633623 -0.01766736 0.00867198 1.69411764 2.77647060 0.21176472
v 0.07627641 -0.01771332 0.00093042 1.69411764 2.77647060 0.21176472
v 0.07635120 -0.01766838 -0.00859605 1.69411764 2.77647060 0.21176472
v -0.07315974 -0.01795005 -0.00859605 1.69411764 2.77647060 0.21176472
v -0.07326444 -0.01792608 0.00093042 1.69411764 2.77647060 0.21176472
v -0.07307001 -0.01797003 0.00867198 1.69411764 2.77647060 0.21176472
v 0.07626147 -0.01771332 0.00867198 1.69411764 2.77647060 0.21176472
v 0.07627641 -0.01771332 -0.00859605 1.69411764 2.77647060 0.21176472
v 0.07618668 -0.01774827 0.00867198 1.69411764 2.77647060 0.21176472
v 0.07608201 -0.01779921 0.00093042 1.69411764 2.77647060 0.21176472
v 0.07620165 -0.01774827 -0.00859605 1.69411764 2.77647060 0.21176472
v -0.07307001 -0.01797003 0.00093042 1.69411764 2.77647060 0.21176472
v -0.07305507 -0.01797201 -0.00859605 1.69411764 2.77647060 0.21176472
v -0.07305507 -0.01797201 0.00093042 1.69411764 2.77647060 0.21176472
v -0.07266621 -0.01800498 0.00867198 1.69411764 2.77647060 0.21176472
v 0.07590252 -0.01787214 0.00867198 1.69411764 2.77647060 0.21176472
v 0.07599225 -0.01784016 -0.00859605 1.69411764 2.77647060 0.21176472
v -0.07299525 -0.01797801 -0.00859605 1.69411764 2.77647060 0.21176472
v -0.07268118 -0.01800399 0.00093042 1.69411764 2.77647060 0.21176472
v -0.07266621 -0.01800498 0.00093042 1.69411764 2.77647060 0.21176472
v 0.07512483 -0.01800498 0.00867198 1.69411764 2.77647060 0.21176472
v 0.07582776 -0.01789311 0.00867198 1.69411764 2.77647060 0.21176472
v 0.07590252 -0.01787412 0.00093042 1.69411764 2.77647060 0.21176472
v 0.07590252 -0.01787412 -0.00859605 1.69411764 2.77647060 0.21176472
v -0.07268118 -0.01800399 -0.00859605 1.69411764 2.77647060 0.21176472
v -0.01783905 -0.01800498 -0.00859605 1.69411764 2.77647060 0.21176472
v 0.07512483 -0.01800498 -0.00859605 1.69411764 2.77647060 0.21176472
v 0.07551369 -0.01797201 0.00093042 1.69411764 2.77647060 0.21176472
v 0.07551369 -0.01797003 0.00867198 1.69411764 2.77647060 0.21176472
v 0.07570812 -0.01792608 0.00093042 1.69411764 2.77647060 0.21176472
v 0.07551369 -0.01797201 -0.00859605 1.69411764 2.77647060 0.21176472
f 834 835 838
f 834 838 836
f 834 836 840
f 834 840 849
f 834 849 861
f 834 861 868
f 834 868 875
f 834 875 882
f 834 882 892
f 834 892 898
f 834 898 903
f 834 903 909
f 834 909 914
f 834 914 917
f 834 917 923
f 834 923 930
f 834 930 937
f 834 937 933
f 834 933 932
f 834 932 931
f 834 931 924
f 834 924 919
f 834 919 910
f 834 910 904
f 834 904 899
f 834 899 893
f 834 893 883
f 834 883 877
f 834 877 869
f 834 869 862
f 834 862 851
f 834 851 841
f 834 841 837
f 834 837 835
f 835 837 842
f 835 842 839
f 835 839 843
f 835 843 838
f 836 838 843
f 836 843 850
f 836 850 840
f 837 841 842
f 839 844 855
f 839 855 843
f 839 842 845
f 839 845 846
f 839 846 844
f 840 847 848
f 840 848 849
f 840 850 847
f 841 851 852
f 841 852 853
f 841 853 854
f 841 854 842
f 842 854 845
f 843 855 856
f 843 856 857
f 843 857 850
f 844 846 856
f 844 856 855
f 845 854 853
f 845 853 863
f 845 863 870
f 845 870 879
f 845 879 887
f 845 887 886
f 845 886 885
f 845 885 895
f 845 895 900
f 845 900 906
f 845 906 912
f 845 912 921
f 845 921 927
f 845 927 935
f 845 935 928
f 845 928 922
f 845 922 915
f 845 915 913
f 845 913 907
f 845 907 902
f 845 902 896
f 845 896 890
f 845 890 889
f 845 889 888
f 845 888 880
f 845 880 873
f 845 873 872
f 845 872 871
f 845 871 866
f 845 866 864
f 845 864 857
f 845 857 856
f 845 856 846
f 847 857 858
f 847 858 865
f 847 865 859
f 847 859 860
f 847 860 848
f 847 850 857
f 848 860 861
f 848 861 849
f 851 862 863
f 851 863 853
f 851 853 852
f 857 864 865
f 857 865 858
f 859 865 864
f 859 864 866
f 859 866 867
f 859 867 868
f 859 868 860
f 860 868 861
f 862 869 870
f 862 870 863
f 866 871 867
f 867 871 872
f 867 872 873
f 867 873 874
f 867 874 868
f 868 874 875
f 869 876 870
f 869 877 876
f 870 876 878
f 870 878 879
f 873 880 881
f 873 881 882
f 873 882 874
f 874 882 875
f 876 877 878
f 877 883 884
f 877 884 878
f 878 884 885
f 878 885 886
f 878 886 887
f 878 887 879
f 880 888 881
f 881 888 889
f 881 889 890
f 881 890 891
f 881 891 892
f 881 892 882
f 883 893 885
f 883 885 884
f 885 893 894
f 885 894 895
f 890 896 897
f 890 897 898
f 890 898 891
f 891 898 892
f 893 899 894
f 894 900 895
f 894 899 901
f 894 901 900
f 896 902 903
f 896 903 898
f 896 898 897
f 899 904 901
f 900 901 905
f 900 905 906
f 901 904 905
f 902 907 908
f 902 908 909
f 902 909 903
f 904 910 911
f 904 911 905
f 905 911 906
f 906 911 912
f 907 913 908
f 908 914 909
f 908 913 915
f 908 915 916
f 908 916 917
f 908 917 914
f 910 918 912
f 910 912 911
f 910 919 918
f 912 918 919
f 912 919 920
f 912 920 921
f 915 922 916
f 916 923 917
f 916 922 923
f 919 924 920
f 920 924 921
f 921 924 925
f 921 925 931
f 921 931 926
f 921 926 932
f 921 932 933
f 921 933 927
f 922 928 929
f 922 929 923
f 923 929 930
f 924 931 925
f 926 931 932
f 927 933 937
f 927 937 934
f 927 934 935
f 928 935 936
f 928 936 929
f 929 936 930
f 930 936 937
f 934 937 936
f 934 936 935

o geometry_5
v -0.03265473 -0.00860433 0.00867282 0.25882353 0.05882352 2.49411765
v -0.03297171 -0.00860433 0.01530969 0.25882353 0.05882352 2.49411765
v -0.00302043 -0.00860985 0.00867282 0.25882353 0.05882352 2.49411765
v -0.07497534 -0.00860433 0.00867282 0.25882353 0.05882352 2.49411765
v -0.03299283 -0.00860433 0.01548177 0.25882353 0.05882352 2.49411765
v -0.00302043 -0.00889785 0.01499163 0.25882353 0.05882352 2.49411765
v -0.00302043 -0.01800498 0.00867282 0.25882353 0.05882352 2.49411765
v -0.03302100 -0.00860433 0.01565811 0.25882353 0.05882352 2.49411765
v -0.03307032 -0.00860433 0.01582431 0.25882353 0.05882352 2.49411765
v -0.03313371 -0.00860433 0.01599303 0.25882353 0.05882352 2.49411765
v -0.03321120 -0.00860433 0.01614825 0.25882353 0.05882352 2.49411765
v -0.03330981 -0.00860433 0.01630686 0.25882353 0.05882352 2.49411765
v -0.03341547 -0.00860433 0.01644606 0.25882353 0.05882352 2.49411765
v -0.03354228 -0.00860433 0.01658862 0.25882353 0.05882352 2.49411765
v -0.03382404 -0.00860433 0.01683159 0.25882353 0.05882352 2.49411765
v -0.03383811 -0.00860433 0.01684257 0.25882353 0.05882352 2.49411765
v -0.03414102 -0.00860433 0.01702731 0.25882353 0.05882352 2.49411765
v -0.03449322 -0.00860433 0.01717158 0.25882353 0.05882352 2.49411765
v -0.07497534 -0.01584438 0.00867282 0.25882353 0.05882352 2.49411765
v -0.07497534 -0.00860433 0.01521942 0.25882353 0.05882352 2.49411765
v -0.00302043 -0.00891258 0.01531221 0.25882353 0.05882352 2.49411765
v -0.00302043 -0.01800498 0.01521942 0.25882353 0.05882352 2.49411765
v -0.07268604 -0.01800498 0.00867282 0.25882353 0.05882352 2.49411765
v -0.03487359 -0.00860433 0.01726017 0.25882353 0.05882352 2.49411765
v -0.07497534 -0.01584438 0.01521942 0.25882353 0.05882352 2.49411765
v -0.07494012 -0.01621890 0.00867282 0.25882353 0.05882352 2.49411765
v -0.07494012 -0.00860433 0.01557879 0.25882353 0.05882352 2.49411765
v -0.00302043 -0.00892824 0.01548516 0.25882353 0.05882352 2.49411765
v -0.00302043 -0.01798749 0.01540923 0.25882353 0.05882352 2.49411765
v -0.03573297 -0.01799670 0.01530969 0.25882353 0.05882352 2.49411765
v -0.07268604 -0.01800498 0.01521942 0.25882353 0.05882352 2.49411765
v -0.07299597 -0.01797921 0.00867282 0.25882353 0.05882352 2.49411765
v -0.03490881 -0.00860433 0.01726353 0.25882353 0.05882352 2.49411765
v -0.00302043 -0.00896043 0.01565979 0.25882353 0.05882352 2.49411765
v -0.07494012 -0.01621890 0.01521942 0.25882353 0.05882352 2.49411765
v -0.07494012 -0.01584438 0.01557879 0.25882353 0.05882352 2.49411765
v -0.07483446 -0.01658328 0.00867282 0.25882353 0.05882352 2.49411765
v -0.07483446 -0.00860433 0.01592805 0.25882353 0.05882352 2.49411765
v -0.00302043 -0.01797186 0.01557879 0.25882353 0.05882352 2.49411765
v -0.03573297 -0.01798014 0.01548936 0.25882353 0.05882352 2.49411765
v -0.07268604 -0.01797186 0.01557879 0.25882353 0.05882352 2.49411765
v -0.07275645 -0.01797186 0.01557375 0.25882353 0.05882352 2.49411765
v -0.07281987 -0.01797186 0.01555770 0.25882353 0.05882352 2.49411765
v -0.07288326 -0.01797186 0.01553070 0.25882353 0.05882352 2.49411765
v -0.07293960 -0.01797186 0.01549527 0.25882353 0.05882352 2.49411765
v -0.07298892 -0.01797186 0.01545057 0.25882353 0.05882352 2.49411765
v -0.07303119 -0.01797186 0.01539912 0.25882353 0.05882352 2.49411765
v -0.07305936 -0.01797186 0.01534257 0.25882353 0.05882352 2.49411765
v -0.07307346 -0.01797186 0.01528185 0.25882353 0.05882352 2.49411765
v -0.07308048 -0.01797186 0.01521942 0.25882353 0.05882352 2.49411765
v -0.07308048 -0.01797186 0.00867282 0.25882353 0.05882352 2.49411765
v -0.03525399 -0.00860433 0.01729053 0.25882353 0.05882352 2.49411765
v -0.00302043 -0.00906717 0.01599303 0.25882353 0.05882352 2.49411765
v -0.00302043 -0.00900645 0.01582767 0.25882353 0.05882352 2.49411765
v -0.07483446 -0.01658328 0.01521942 0.25882353 0.05882352 2.49411765
v -0.07490490 -0.01621890 0.01557375 0.25882353 0.05882352 2.49411765
v -0.07483446 -0.01584438 0.01592805 0.25882353 0.05882352 2.49411765
v -0.07479924 -0.01665690 0.00867282 0.25882353 0.05882352 2.49411765
v -0.07466541 -0.00860433 0.01625454 0.25882353 0.05882352 2.49411765
v -0.00302043 -0.01792032 0.01576356 0.25882353 0.05882352 2.49411765
v -0.01725645 -0.01795989 0.01562268 0.25882353 0.05882352 2.49411765
v -0.05420949 -0.01795989 0.01562268 0.25882353 0.05882352 2.49411765
v -0.07268604 -0.01787430 0.01592805 0.25882353 0.05882352 2.49411765
v -0.07281987 -0.01787430 0.01591710 0.25882353 0.05882352 2.49411765
v -0.07295370 -0.01787430 0.01588503 0.25882353 0.05882352 2.49411765
v -0.07307346 -0.01787430 0.01583274 0.25882353 0.05882352 2.49411765
v -0.07318614 -0.01787430 0.01576188 0.25882353 0.05882352 2.49411765
v -0.07328478 -0.01787430 0.01567497 0.25882353 0.05882352 2.49411765
v -0.07336227 -0.01787430 0.01557375 0.25882353 0.05882352 2.49411765
v -0.07341861 -0.01787430 0.01546152 0.25882353 0.05882352 2.49411765
v -0.07345383 -0.01787430 0.01534257 0.25882353 0.05882352 2.49411765
v -0.07346790 -0.01787430 0.01521942 0.25882353 0.05882352 2.49411765
v -0.07316502 -0.01795068 0.00867282 0.25882353 0.05882352 2.49411765
v -0.00302043 -0.01107135 0.01729053 0.25882353 0.05882352 2.49411765
v -0.00302043 -0.01072995 0.01726269 0.25882353 0.05882352 2.49411765
v -0.00302043 -0.01070604 0.01726017 0.25882353 0.05882352 2.49411765
v -0.00302043 -0.01039134 0.01718169 0.25882353 0.05882352 2.49411765
v -0.00302043 -0.01037109 0.01717665 0.25882353 0.05882352 2.49411765
v -0.00302043 -0.01035177 0.01717158 0.25882353 0.05882352 2.49411765
v -0.00302043 -0.01003338 0.01703406 0.25882353 0.05882352 2.49411765
v -0.00302043 -0.01001865 0.01702731 0.25882353 0.05882352 2.49411765
v -0.00302043 -0.00972603 0.01683834 0.25882353 0.05882352 2.49411765
v -0.00302043 -0.00945825 0.01659537 0.25882353 0.05882352 2.49411765
v -0.00302043 -0.00933495 0.01645197 0.25882353 0.05882352 2.49411765
v -0.00302043 -0.00923466 0.01630938 0.25882353 0.05882352 2.49411765
v -0.00302043 -0.00914262 0.01615332 0.25882353 0.05882352 2.49411765
v -0.07268604 -0.00860433 0.01729053 0.25882353 0.05882352 2.49411765
v -0.07466541 -0.01692468 0.01521942 0.25882353 0.05882352 2.49411765
v -0.07463721 -0.01692468 0.01553070 0.25882353 0.05882352 2.49411765
v -0.07479924 -0.01658328 0.01555770 0.25882353 0.05882352 2.49411765
v -0.07470768 -0.01658328 0.01588503 0.25882353 0.05882352 2.49411765
v -0.07479924 -0.01621890 0.01591710 0.25882353 0.05882352 2.49411765
v -0.07463721 -0.01621890 0.01623936 0.25882353 0.05882352 2.49411765
v -0.07466541 -0.01584438 0.01625454 0.25882353 0.05882352 2.49411765
v -0.07466541 -0.01692468 0.00867282 0.25882353 0.05882352 2.49411765
v -0.07461609 -0.00860433 0.01632204 0.25882353 0.05882352 2.49411765
v -0.00302043 -0.01787706 0.01591794 0.25882353 0.05882352 2.49411765
v -0.01725645 -0.01791111 0.01579731 0.25882353 0.05882352 2.49411765
v -0.05420949 -0.01791111 0.01579731 0.25882353 0.05882352 2.49411765
v -0.03573297 -0.01783473 0.01600989 0.25882353 0.05882352 2.49411765
v -0.05420949 -0.01773537 0.01621404 0.25882353 0.05882352 2.49411765
v -0.07268604 -0.01771512 0.01625454 0.25882353 0.05882352 2.49411765
v -0.07288326 -0.01771512 0.01623936 0.25882353 0.05882352 2.49411765
v -0.01725645 -0.01787430 0.01592805 0.25882353 0.05882352 2.49411765
v -0.07307346 -0.01771512 0.01619211 0.25882353 0.05882352 2.49411765
v -0.07325658 -0.01771512 0.01611618 0.25882353 0.05882352 2.49411765
v -0.07341861 -0.01771512 0.01601244 0.25882353 0.05882352 2.49411765
v -0.07355949 -0.01771512 0.01588503 0.25882353 0.05882352 2.49411765
v -0.07367220 -0.01771512 0.01573740 0.25882353 0.05882352 2.49411765
v -0.07375671 -0.01771512 0.01557375 0.25882353 0.05882352 2.49411765
v -0.07381308 -0.01771512 0.01539912 0.25882353 0.05882352 2.49411765
v -0.07382715 -0.01771512 0.01521942 0.25882353 0.05882352 2.49411765
v -0.07354539 -0.01784028 0.00867282 0.25882353 0.05882352 2.49411765
v -0.07346790 -0.01787430 0.00867282 0.25882353 0.05882352 2.49411765
v -0.00302043 -0.01181211 0.01729053 0.25882353 0.05882352 2.49411765
v -0.07298892 -0.00860433 0.01726608 0.25882353 0.05882352 2.49411765
v -0.07268604 -0.01584438 0.01729053 0.25882353 0.05882352 2.49411765
v -0.07448931 -0.01716576 0.00867282 0.25882353 0.05882352 2.49411765
v -0.07443999 -0.01723293 0.01521942 0.25882353 0.05882352 2.49411765
v -0.07454565 -0.01692468 0.01583274 0.25882353 0.05882352 2.49411765
v -0.07441182 -0.01723293 0.01549527 0.25882353 0.05882352 2.49411765
v -0.07433433 -0.01723293 0.01576188 0.25882353 0.05882352 2.49411765
v -0.07439772 -0.01692468 0.01611618 0.25882353 0.05882352 2.49411765
v -0.07454565 -0.01658328 0.01619211 0.25882353 0.05882352 2.49411765
v -0.07433433 -0.01658328 0.01647051 0.25882353 0.05882352 2.49411765
v -0.07441182 -0.01621890 0.01653042 0.25882353 0.05882352 2.49411765
v -0.07443999 -0.01584438 0.01655067 0.25882353 0.05882352 2.49411765
v -0.07443999 -0.00860433 0.01655067 0.25882353 0.05882352 2.49411765
v -0.00302043 -0.01786971 0.01593735 0.25882353 0.05882352 2.49411765
v -0.01725645 -0.01773537 0.01621404 0.25882353 0.05882352 2.49411765
v -0.05420949 -0.01768842 0.01629168 0.25882353 0.05882352 2.49411765
v -0.05420949 -0.01752648 0.01651353 0.25882353 0.05882352 2.49411765
v -0.07268604 -0.01749888 0.01655067 0.25882353 0.05882352 2.49411765
v -0.00302043 -0.01771512 0.01625454 0.25882353 0.05882352 2.49411765
v -0.07293960 -0.01749888 0.01653042 0.25882353 0.05882352 2.49411765
v -0.07318614 -0.01749888 0.01647051 0.25882353 0.05882352 2.49411765
v -0.07341861 -0.01749888 0.01637181 0.25882353 0.05882352 2.49411765
v -0.07362993 -0.01749888 0.01623936 0.25882353 0.05882352 2.49411765
v -0.07381308 -0.01749888 0.01607484 0.25882353 0.05882352 2.49411765
v -0.07396098 -0.01749888 0.01588503 0.25882353 0.05882352 2.49411765
v -0.07406667 -0.01749888 0.01567497 0.25882353 0.05882352 2.49411765
v -0.07413006 -0.01749888 0.01545057 0.25882353 0.05882352 2.49411765
v -0.07415823 -0.01749888 0.01521942 0.25882353 0.05882352 2.49411765
v -0.07382715 -0.01771512 0.00867282 0.25882353 0.05882352 2.49411765
v -0.07408779 -0.01754580 0.00867282 0.25882353 0.05882352 2.49411765
v -0.01725645 -0.01584438 0.01729053 0.25882353 0.05882352 2.49411765
v -0.00302043 -0.01585449 0.01728885 0.25882353 0.05882352 2.49411765
v -0.07308048 -0.00860433 0.01725846 0.25882353 0.05882352 2.49411765
v -0.07308048 -0.01584438 0.01725846 0.25882353 0.05882352 2.49411765
v -0.07307346 -0.01621890 0.01722726 0.25882353 0.05882352 2.49411765
v -0.07268604 -0.01621890 0.01725846 0.25882353 0.05882352 2.49411765
v -0.03573297 -0.01612503 0.01726692 0.25882353 0.05882352 2.49411765
v -0.07443999 -0.01723293 0.00867282 0.25882353 0.05882352 2.49411765
v -0.07420050 -0.01723293 0.01601244 0.25882353 0.05882352 2.49411765
v -0.07420050 -0.01692468 0.01637181 0.25882353 0.05882352 2.49411765
v -0.07396098 -0.01692468 0.01659285 0.25882353 0.05882352 2.49411765
v -0.07406667 -0.01658328 0.01671012 0.25882353 0.05882352 2.49411765
v -0.07413006 -0.01621890 0.01678182 0.25882353 0.05882352 2.49411765
v -0.07415823 -0.01584438 0.01680543 0.25882353 0.05882352 2.49411765
v -0.07415823 -0.00860433 0.01680543 0.25882353 0.05882352 2.49411765
v -0.00302043 -0.01772892 0.01622670 0.25882353 0.05882352 2.49411765
v -0.01725645 -0.01768842 0.01629168 0.25882353 0.05882352 2.49411765
v -0.00302043 -0.01760103 0.01641147 0.25882353 0.05882352 2.49411765
v -0.01725645 -0.01752648 0.01651353 0.25882353 0.05882352 2.49411765
v -0.00302043 -0.01750533 0.01654224 0.25882353 0.05882352 2.49411765
v -0.05420949 -0.01746576 0.01658271 0.25882353 0.05882352 2.49411765
v -0.07268604 -0.01723293 0.01680543 0.25882353 0.05882352 2.49411765
v -0.07298892 -0.01723293 0.01678182 0.25882353 0.05882352 2.49411765
v -0.01725645 -0.01749888 0.01655067 0.25882353 0.05882352 2.49411765
v -0.07328478 -0.01723293 0.01671012 0.25882353 0.05882352 2.49411765
v -0.07355949 -0.01723293 0.01659285 0.25882353 0.05882352 2.49411765
v -0.07381308 -0.01723293 0.01643424 0.25882353 0.05882352 2.49411765
v -0.07402440 -0.01723293 0.01623936 0.25882353 0.05882352 2.49411765
v -0.07415823 -0.01749888 0.00867282 0.25882353 0.05882352 2.49411765
v -0.01725645 -0.01598424 0.01727871 0.25882353 0.05882352 2.49411765
v -0.00302043 -0.01606338 0.01727196 0.25882353 0.05882352 2.49411765
v -0.00302043 -0.01587657 0.01728717 0.25882353 0.05882352 2.49411765
v -0.07317207 -0.00860433 0.01723737 0.25882353 0.05882352 2.49411765
v -0.07346790 -0.01584438 0.01716483 0.25882353 0.05882352 2.49411765
v -0.07305936 -0.01658328 0.01713531 0.25882353 0.05882352 2.49411765
v -0.07345383 -0.01621890 0.01713531 0.25882353 0.05882352 2.49411765
v -0.07268604 -0.01658328 0.01716483 0.25882353 0.05882352 2.49411765
v -0.05420949 -0.01635600 0.01722387 0.25882353 0.05882352 2.49411765
v -0.00302043 -0.01625019 0.01725087 0.25882353 0.05882352 2.49411765
v -0.00302043 -0.01621890 0.01725846 0.25882353 0.05882352 2.49411765
v -0.01725645 -0.01617195 0.01726269 0.25882353 0.05882352 2.49411765
v -0.07367220 -0.01692468 0.01677255 0.25882353 0.05882352 2.49411765
v -0.07375671 -0.01658328 0.01690416 0.25882353 0.05882352 2.49411765
v -0.07381308 -0.01621890 0.01698513 0.25882353 0.05882352 2.49411765
v -0.07382715 -0.01584438 0.01701297 0.25882353 0.05882352 2.49411765
v -0.07390464 -0.00860433 0.01696572 0.25882353 0.05882352 2.49411765
v -0.00302043 -0.01749150 0.01655742 0.25882353 0.05882352 2.49411765
v -0.01725645 -0.01746576 0.01658271 0.25882353 0.05882352 2.49411765
v -0.00302043 -0.01734336 0.01669998 0.25882353 0.05882352 2.49411765
v -0.00302043 -0.01724031 0.01679868 0.25882353 0.05882352 2.49411765
v -0.07268604 -0.01692468 0.01701297 0.25882353 0.05882352 2.49411765
v -0.01725645 -0.01723293 0.01680543 0.25882353 0.05882352 2.49411765
v -0.03573297 -0.01715565 0.01685775 0.25882353 0.05882352 2.49411765
v -0.07303119 -0.01692468 0.01698513 0.25882353 0.05882352 2.49411765
v -0.00302043 -0.01747587 0.01657260 0.25882353 0.05882352 2.49411765
v -0.07336227 -0.01692468 0.01690416 0.25882353 0.05882352 2.49411765
v -0.07346790 -0.00860433 0.01716483 0.25882353 0.05882352 2.49411765
v -0.07355244 -0.00860433 0.01713024 0.25882353 0.05882352 2.49411765
v -0.07374969 -0.00860433 0.01704756 0.25882353 0.05882352 2.49411765
v -0.07341861 -0.01658328 0.01704756 0.25882353 0.05882352 2.49411765
v -0.05420949 -0.01671120 0.01710831 0.25882353 0.05882352 2.49411765
v -0.05420949 -0.01662561 0.01714626 0.25882353 0.05882352 2.49411765
v -0.01725645 -0.01658328 0.01716483 0.25882353 0.05882352 2.49411765
v -0.00302043 -0.01657224 0.01716819 0.25882353 0.05882352 2.49411765
v -0.01725645 -0.01635600 0.01722387 0.25882353 0.05882352 2.49411765
v -0.07382715 -0.00860433 0.01701297 0.25882353 0.05882352 2.49411765
v -0.00302043 -0.01722375 0.01681134 0.25882353 0.05882352 2.49411765
v -0.00302043 -0.01692468 0.01701297 0.25882353 0.05882352 2.49411765
v -0.01725645 -0.01719429 0.01683159 0.25882353 0.05882352 2.49411765
v -0.00302043 -0.01707006 0.01691511 0.25882353 0.05882352 2.49411765
v -0.01725645 -0.01671120 0.01710831 0.25882353 0.05882352 2.49411765
v -0.01725645 -0.01662561 0.01714626 0.25882353 0.05882352 2.49411765
v -0.00302043 -0.01661181 0.01715217 0.25882353 0.05882352 2.49411765
v -0.00302043 -0.01659249 0.01716060 0.25882353 0.05882352 2.49411765
v -0.00302043 -0.01720626 0.01682316 0.25882353 0.05882352 2.49411765
v -0.00302043 -0.01678296 0.01707624 0.25882353 0.05882352 2.49411765
f 938 939 940
f 938 940 944
f 938 944 960
f 938 960 969
f 938 969 988
f 938 988 1010
f 938 1010 1051
f 938 1051 1050
f 938 1050 1081
f 938 1081 1082
f 938 1082 1111
f 938 1111 1090
f 938 1090 1055
f 938 1055 1032
f 938 1032 995
f 938 995 974
f 938 974 963
f 938 963 956
f 938 956 941
f 938 941 957
f 938 957 964
f 938 964 975
f 938 975 996
f 938 996 1033
f 938 1033 1065
f 938 1065 1097
f 938 1097 1128
f 938 1128 1148
f 938 1148 1141
f 938 1141 1140
f 938 1140 1139
f 938 1139 1115
f 938 1115 1085
f 938 1085 1053
f 938 1053 1024
f 938 1024 989
f 938 989 970
f 938 970 961
f 938 961 955
f 938 955 954
f 938 954 953
f 938 953 952
f 938 952 951
f 938 951 950
f 938 950 949
f 938 949 948
f 938 948 947
f 938 947 946
f 938 946 945
f 938 945 942
f 938 942 939
f 939 942 940
f 940 943 958
f 940 958 965
f 940 965 971
f 940 971 991
f 940 991 990
f 940 990 1023
f 940 1023 1022
f 940 1022 1021
f 940 1021 1020
f 940 1020 1019
f 940 1019 1018
f 940 1018 1017
f 940 1017 1016
f 940 1016 1015
f 940 1015 1014
f 940 1014 1013
f 940 1013 1012
f 940 1012 1011
f 940 1011 1052
f 940 1052 1084
f 940 1084 1114
f 940 1114 1113
f 940 1113 1122
f 940 1122 1121
f 940 1121 1146
f 940 1146 1156
f 940 1156 1155
f 940 1155 1158
f 940 1158 1150
f 940 1150 1152
f 940 1152 1157
f 940 1157 1149
f 940 1149 1132
f 940 1132 1131
f 940 1131 1137
f 940 1137 1129
f 940 1129 1102
f 940 1102 1100
f 940 1100 1071
f 940 1071 1098
f 940 1098 1066
f 940 1066 1034
f 940 1034 997
f 940 997 976
f 940 976 966
f 940 966 959
f 940 959 944
f 940 942 945
f 940 945 946
f 940 946 947
f 940 947 948
f 940 948 949
f 940 949 950
f 940 950 951
f 940 951 952
f 940 952 953
f 940 953 954
f 940 954 955
f 940 955 943
f 941 956 962
f 941 962 957
f 943 955 958
f 944 959 968
f 944 968 960
f 955 961 958
f 956 963 972
f 956 972 962
f 957 962 973
f 957 973 964
f 958 961 965
f 959 966 967
f 959 967 968
f 960 968 969
f 961 970 971
f 961 971 965
f 962 972 973
f 963 974 992
f 963 992 972
f 964 973 994
f 964 994 975
f 966 976 977
f 966 977 967
f 967 977 978
f 967 978 968
f 968 978 979
f 968 979 980
f 968 980 981
f 968 981 982
f 968 982 983
f 968 983 984
f 968 984 985
f 968 985 986
f 968 986 987
f 968 987 969
f 969 987 988
f 970 989 990
f 970 990 991
f 970 991 971
f 972 992 993
f 972 993 973
f 973 993 994
f 974 995 992
f 975 994 1031
f 975 1031 996
f 976 997 998
f 976 998 999
f 976 999 978
f 976 978 977
f 978 999 1036
f 978 1036 1000
f 978 1000 979
f 979 1000 1001
f 979 1001 1002
f 979 1002 980
f 980 1002 981
f 981 1002 1003
f 981 1003 1004
f 981 1004 982
f 982 1004 1005
f 982 1005 983
f 983 1005 984
f 984 1005 1006
f 984 1006 1007
f 984 1007 985
f 985 1007 1008
f 985 1008 986
f 986 1008 1009
f 986 1009 987
f 987 1010 988
f 987 1009 1010
f 989 1011 1012
f 989 1012 1013
f 989 1013 1014
f 989 1014 1015
f 989 1015 1016
f 989 1016 1017
f 989 1017 1018
f 989 1018 1019
f 989 1019 1020
f 989 1020 1021
f 989 1021 1022
f 989 1022 1023
f 989 1023 990
f 989 1024 1054
f 989 1054 1083
f 989 1083 1052
f 989 1052 1011
f 992 995 1025
f 992 1025 1026
f 992 1026 1027
f 992 1027 993
f 993 1027 1028
f 993 1028 1029
f 993 1029 994
f 994 1029 1030
f 994 1030 1031
f 995 1032 1025
f 996 1031 1033
f 997 1034 1035
f 997 1035 998
f 998 1035 1036
f 998 1036 999
f 1000 1037 1038
f 1000 1038 1039
f 1000 1039 1040
f 1000 1040 1001
f 1000 1036 1035
f 1000 1035 1041
f 1000 1041 1037
f 1001 1040 1002
f 1002 1040 1042
f 1002 1042 1043
f 1002 1043 1003
f 1003 1043 1004
f 1004 1043 1044
f 1004 1044 1005
f 1005 1044 1045
f 1005 1045 1006
f 1006 1045 1046
f 1006 1046 1047
f 1006 1047 1007
f 1007 1047 1048
f 1007 1048 1008
f 1008 1048 1009
f 1009 1048 1049
f 1009 1049 1050
f 1009 1050 1051
f 1009 1051 1010
f 1024 1053 1054
f 1025 1032 1055
f 1025 1055 1056
f 1025 1056 1026
f 1026 1057 1028
f 1026 1028 1027
f 1026 1056 1058
f 1026 1058 1059
f 1026 1059 1057
f 1028 1057 1060
f 1028 1060 1061
f 1028 1061 1030
f 1028 1030 1029
f 1030 1061 1062
f 1030 1062 1063
f 1030 1063 1064
f 1030 1064 1031
f 1031 1064 1033
f 1033 1064 1065
f 1034 1066 1041
f 1034 1041 1035
f 1037 1041 1066
f 1037 1066 1067
f 1037 1067 1038
f 1038 1067 1071
f 1038 1071 1039
f 1039 1068 1069
f 1039 1069 1070
f 1039 1070 1040
f 1039 1071 1099
f 1039 1099 1068
f 1040 1072 1073
f 1040 1073 1042
f 1040 1070 1072
f 1042 1073 1043
f 1043 1074 1075
f 1043 1075 1044
f 1043 1073 1074
f 1044 1075 1076
f 1044 1076 1045
f 1045 1076 1077
f 1045 1077 1046
f 1046 1077 1047
f 1047 1077 1078
f 1047 1078 1048
f 1048 1078 1079
f 1048 1079 1080
f 1048 1080 1049
f 1049 1081 1050
f 1049 1080 1082
f 1049 1082 1081
f 1052 1083 1084
f 1053 1085 1086
f 1053 1086 1054
f 1054 1086 1087
f 1054 1087 1088
f 1054 1088 1089
f 1054 1089 1083
f 1055 1090 1056
f 1056 1080 1058
f 1056 1090 1111
f 1056 1111 1080
f 1057 1059 1060
f 1058 1080 1079
f 1058 1079 1078
f 1058 1078 1059
f 1059 1078 1077
f 1059 1077 1091
f 1059 1091 1060
f 1060 1091 1092
f 1060 1092 1062
f 1060 1062 1061
f 1062 1092 1093
f 1062 1093 1094
f 1062 1094 1063
f 1063 1094 1095
f 1063 1095 1096
f 1063 1096 1064
f 1064 1096 1097
f 1064 1097 1065
f 1066 1098 1067
f 1067 1098 1071
f 1068 1099 1100
f 1068 1100 1069
f 1069 1100 1101
f 1069 1101 1102
f 1069 1102 1070
f 1070 1103 1104
f 1070 1104 1105
f 1070 1105 1072
f 1070 1102 1106
f 1070 1106 1130
f 1070 1130 1103
f 1071 1100 1099
f 1072 1105 1107
f 1072 1107 1073
f 1073 1107 1074
f 1074 1107 1108
f 1074 1108 1109
f 1074 1109 1075
f 1075 1109 1076
f 1076 1109 1110
f 1076 1110 1077
f 1077 1110 1091
f 1080 1111 1082
f 1083 1089 1112
f 1083 1112 1113
f 1083 1113 1114
f 1083 1114 1084
f 1085 1115 1086
f 1086 1115 1116
f 1086 1116 1087
f 1087 1117 1088
f 1087 1116 1118
f 1087 1118 1117
f 1088 1117 1119
f 1088 1119 1120
f 1088 1120 1121
f 1088 1121 1122
f 1088 1122 1123
f 1088 1123 1089
f 1089 1123 1113
f 1089 1113 1112
f 1091 1110 1092
f 1092 1110 1093
f 1093 1110 1109
f 1093 1109 1108
f 1093 1108 1124
f 1093 1124 1125
f 1093 1125 1094
f 1094 1125 1126
f 1094 1126 1095
f 1095 1126 1096
f 1096 1126 1127
f 1096 1127 1128
f 1096 1128 1097
f 1100 1102 1101
f 1102 1129 1106
f 1103 1130 1131
f 1103 1131 1132
f 1103 1132 1104
f 1104 1133 1105
f 1104 1132 1134
f 1104 1134 1151
f 1104 1151 1135
f 1104 1135 1133
f 1105 1133 1136
f 1105 1136 1107
f 1106 1129 1137
f 1106 1137 1130
f 1107 1138 1124
f 1107 1124 1108
f 1107 1136 1138
f 1113 1123 1122
f 1115 1139 1116
f 1116 1139 1140
f 1116 1140 1141
f 1116 1141 1127
f 1116 1127 1126
f 1116 1126 1118
f 1117 1136 1133
f 1117 1133 1119
f 1117 1118 1142
f 1117 1142 1136
f 1118 1126 1142
f 1119 1133 1143
f 1119 1143 1144
f 1119 1144 1154
f 1119 1154 1145
f 1119 1145 1146
f 1119 1146 1120
f 1120 1146 1147
f 1120 1147 1121
f 1121 1147 1146
f 1124 1138 1125
f 1125 1138 1142
f 1125 1142 1126
f 1127 1141 1148
f 1127 1148 1128
f 1130 1137 1131
f 1132 1149 1134
f 1133 1135 1150
f 1133 1150 1153
f 1133 1153 1143
f 1134 1149 1151
f 1135 1151 1152
f 1135 1152 1150
f 1136 1142 1138
f 1143 1153 1154
f 1143 1154 1144
f 1145 1154 1155
f 1145 1155 1156
f 1145 1156 1146
f 1149 1157 1151
f 1150 1158 1153
f 1151 1157 1152
f 1153 1158 1155
f 1153 1155 1154

o geometry_6
v -0.07496862 -0.00780087 -0.00859605 2.32941177 2.60000001 2.92941177
v -0.07497288 -0.00860433 0.00867159 2.32941177 2.60000001 2.92941177
v -0.07516380 -0.00780087 -0.00858084 2.32941177 2.60000001 2.92941177
v -0.07496862 0.00781656 -0.00859605 2.32941177 2.60000001 2.92941177
v -0.03181746 -0.00780087 -0.00859605 2.32941177 2.60000001 2.92941177
v -0.07497288 -0.00860433 0.01521630 2.32941177 2.60000001 2.92941177
v -0.03266181 -0.00860433 0.00867159 2.32941177 2.60000001 2.92941177
v -0.07516380 -0.00780087 0.00093093 2.32941177 2.60000001 2.92941177
v -0.07516380 0.00781656 -0.00858084 2.32941177 2.60000001 2.92941177
v -0.07497288 0.00860316 0.00867159 2.32941177 2.60000001 2.92941177
v -0.03181746 0.00781656 -0.00859605 2.32941177 2.60000001 2.92941177
v -0.03295032 0.00860316 0.01473741 2.32941177 2.60000001 2.92941177
v -0.03295458 -0.00860433 0.01482105 2.32941177 2.60000001 2.92941177
v -0.03228417 -0.00823545 0.00097905 2.32941177 2.60000001 2.92941177
v -0.07496439 -0.00860433 0.01529991 2.32941177 2.60000001 2.92941177
v -0.07497288 0.00860316 0.01521630 2.32941177 2.60000001 2.92941177
v -0.07516380 0.00781656 0.00093093 2.32941177 2.60000001 2.92941177
v -0.03266181 0.00860316 0.00867159 2.32941177 2.60000001 2.92941177
v -0.03297153 0.00860316 0.01515804 2.32941177 2.60000001 2.92941177
v -0.03298002 -0.00860433 0.01530753 2.32941177 2.60000001 2.92941177
v -0.07493469 -0.00860433 0.01557864 2.32941177 2.60000001 2.92941177
v -0.07496439 0.00860316 0.01529991 2.32941177 2.60000001 2.92941177
v -0.03298002 0.00860316 0.01530753 2.32941177 2.60000001 2.92941177
v -0.03299274 0.00860316 0.01548234 2.32941177 2.60000001 2.92941177
v -0.03299274 -0.00860433 0.01547982 2.32941177 2.60000001 2.92941177
v -0.07493469 0.00860316 0.01557864 2.32941177 2.60000001 2.92941177
v -0.07485408 -0.00860433 0.01584720 2.32941177 2.60000001 2.92941177
v -0.07488375 -0.00000057 0.01575093 2.32941177 2.60000001 2.92941177
v -0.03302670 -0.00860433 0.01565466 2.32941177 2.60000001 2.92941177
v -0.03302670 0.00860316 0.01565211 2.32941177 2.60000001 2.92941177
v -0.07485408 0.00860316 0.01584720 2.32941177 2.60000001 2.92941177
v -0.07482861 -0.00860433 0.01592577 2.32941177 2.60000001 2.92941177
v -0.03307338 -0.00860433 0.01582188 2.32941177 2.60000001 2.92941177
v -0.03307761 0.00860316 0.01582440 2.32941177 2.60000001 2.92941177
v -0.07482861 0.00860316 0.01592577 2.32941177 2.60000001 2.92941177
v -0.07466736 -0.00860433 0.01625262 2.32941177 2.60000001 2.92941177
v -0.03313701 0.00860316 0.01598658 2.32941177 2.60000001 2.92941177
v -0.03313701 -0.00860433 0.01599165 2.32941177 2.60000001 2.92941177
v -0.07466736 0.00860316 0.01625262 2.32941177 2.60000001 2.92941177
v -0.07448493 -0.00860433 0.01648065 2.32941177 2.60000001 2.92941177
v -0.03321765 0.00860316 0.01615128 2.32941177 2.60000001 2.92941177
v -0.03321765 -0.00860433 0.01614621 2.32941177 2.60000001 2.92941177
v -0.07448493 0.00860316 0.01648065 2.32941177 2.60000001 2.92941177
v -0.07442976 -0.00860433 0.01654908 2.32941177 2.60000001 2.92941177
v -0.03331098 -0.00860433 0.01630329 2.32941177 2.60000001 2.92941177
v -0.03331098 0.00860316 0.01630077 2.32941177 2.60000001 2.92941177
v -0.07442976 0.00860316 0.01654908 2.32941177 2.60000001 2.92941177
v -0.07437036 -0.00860433 0.01660734 2.32941177 2.60000001 2.92941177
v -0.03342555 0.00860316 0.01645026 2.32941177 2.60000001 2.92941177
v -0.03342129 -0.00860433 0.01644264 2.32941177 2.60000001 2.92941177
v -0.07437036 0.00860316 0.01660734 2.32941177 2.60000001 2.92941177
v -0.07414974 -0.00860433 0.01680498 2.32941177 2.60000001 2.92941177
v -0.03354009 0.00860316 0.01657947 2.32941177 2.60000001 2.92941177
v -0.03354435 -0.00860433 0.01658706 2.32941177 2.60000001 2.92941177
v -0.07414974 0.00860316 0.01680498 2.32941177 2.60000001 2.92941177
v -0.07390365 -0.00860433 0.01696461 2.32941177 2.60000001 2.92941177
v -0.03382863 0.00860316 0.01683033 2.32941177 2.60000001 2.92941177
v -0.03382863 -0.00860433 0.01683033 2.32941177 2.60000001 2.92941177
v -0.07390365 0.00860316 0.01696461 2.32941177 2.60000001 2.92941177
v -0.07382727 -0.00860433 0.01701021 2.32941177 2.60000001 2.92941177
v -0.03414684 0.00860316 0.01702542 2.32941177 2.60000001 2.92941177
v -0.03414684 -0.00860433 0.01702542 2.32941177 2.60000001 2.92941177
v -0.07382727 0.00860316 0.01701021 2.32941177 2.60000001 2.92941177
v -0.07374240 -0.00860433 0.01704570 2.32941177 2.60000001 2.92941177
v -0.03449901 0.00860316 0.01716984 2.32941177 2.60000001 2.92941177
v -0.03449901 -0.00860433 0.01716984 2.32941177 2.60000001 2.92941177
v -0.07374240 0.00860316 0.01704570 2.32941177 2.60000001 2.92941177
v -0.07346238 -0.00860433 0.01716225 2.32941177 2.60000001 2.92941177
v -0.03487665 0.00860316 0.01725852 2.32941177 2.60000001 2.92941177
v -0.03487665 -0.00860433 0.01725852 2.32941177 2.60000001 2.92941177
v -0.07346238 0.00860316 0.01716225 2.32941177 2.60000001 2.92941177
v -0.07337751 -0.00860433 0.01718505 2.32941177 2.60000001 2.92941177
v -0.03525852 0.00860316 0.01728894 2.32941177 2.60000001 2.92941177
v -0.03525852 -0.00860433 0.01728894 2.32941177 2.60000001 2.92941177
v -0.07337751 0.00860316 0.01718505 2.32941177 2.60000001 2.92941177
v -0.07316961 -0.00860433 0.01723572 2.32941177 2.60000001 2.92941177
v -0.07268589 0.00860316 0.01728894 2.32941177 2.60000001 2.92941177
v -0.07268589 -0.00860433 0.01728894 2.32941177 2.60000001 2.92941177
v -0.07316961 0.00860316 0.01723572 2.32941177 2.60000001 2.92941177
v -0.07308474 -0.00860433 0.01725600 2.32941177 2.60000001 2.92941177
v -0.07308474 0.00860316 0.01725600 2.32941177 2.60000001 2.92941177
f 1159 1160 1161
f 1159 1161 1167
f 1159 1167 1162
f 1159 1162 1169
f 1159 1169 1163
f 1159 1163 1165
f 1159 1165 1160
f 1160 1164 1166
f 1160 1166 1161
f 1160 1165 1171
f 1160 1171 1178
f 1160 1178 1183
f 1160 1183 1187
f 1160 1187 1191
f 1160 1191 1196
f 1160 1196 1200
f 1160 1200 1203
f 1160 1203 1208
f 1160 1208 1212
f 1160 1212 1216
f 1160 1216 1220
f 1160 1220 1224
f 1160 1224 1228
f 1160 1228 1232
f 1160 1232 1236
f 1160 1236 1238
f 1160 1238 1234
f 1160 1234 1230
f 1160 1230 1226
f 1160 1226 1222
f 1160 1222 1218
f 1160 1218 1214
f 1160 1214 1210
f 1160 1210 1206
f 1160 1206 1202
f 1160 1202 1198
f 1160 1198 1194
f 1160 1194 1190
f 1160 1190 1185
f 1160 1185 1179
f 1160 1179 1173
f 1160 1173 1164
f 1161 1166 1175
f 1161 1175 1167
f 1162 1167 1168
f 1162 1168 1176
f 1162 1176 1169
f 1163 1169 1170
f 1163 1170 1171
f 1163 1171 1172
f 1163 1172 1165
f 1164 1173 1180
f 1164 1180 1174
f 1164 1174 1175
f 1164 1175 1166
f 1165 1172 1171
f 1167 1175 1174
f 1167 1174 1168
f 1168 1174 1180
f 1168 1180 1184
f 1168 1184 1189
f 1168 1189 1193
f 1168 1193 1197
f 1168 1197 1201
f 1168 1201 1205
f 1168 1205 1209
f 1168 1209 1213
f 1168 1213 1217
f 1168 1217 1221
f 1168 1221 1225
f 1168 1225 1229
f 1168 1229 1233
f 1168 1233 1237
f 1168 1237 1239
f 1168 1239 1235
f 1168 1235 1231
f 1168 1231 1227
f 1168 1227 1223
f 1168 1223 1219
f 1168 1219 1215
f 1168 1215 1211
f 1168 1211 1207
f 1168 1207 1204
f 1168 1204 1199
f 1168 1199 1195
f 1168 1195 1192
f 1168 1192 1188
f 1168 1188 1182
f 1168 1182 1181
f 1168 1181 1177
f 1168 1177 1170
f 1168 1170 1176
f 1169 1176 1170
f 1170 1177 1171
f 1171 1177 1178
f 1173 1179 1184
f 1173 1184 1180
f 1177 1181 1178
f 1178 1181 1182
f 1178 1182 1183
f 1179 1185 1186
f 1179 1186 1184
f 1182 1187 1183
f 1182 1188 1187
f 1184 1186 1189
f 1185 1190 1193
f 1185 1193 1189
f 1185 1189 1186
f 1187 1188 1191
f 1188 1192 1191
f 1190 1194 1197
f 1190 1197 1193
f 1191 1192 1195
f 1191 1195 1196
f 1194 1198 1201
f 1194 1201 1197
f 1195 1199 1196
f 1196 1199 1200
f 1198 1202 1205
f 1198 1205 1201
f 1199 1203 1200
f 1199 1204 1203
f 1202 1206 1209
f 1202 1209 1205
f 1203 1204 1207
f 1203 1207 1208
f 1206 1210 1213
f 1206 1213 1209
f 1207 1211 1212
f 1207 1212 1208
f 1210 1214 1217
f 1210 1217 1213
f 1211 1215 1212
f 1212 1215 1216
f 1214 1218 1221
f 1214 1221 1217
f 1215 1219 1220
f 1215 1220 1216
f 1218 1222 1225
f 1218 1225 1221
f 1219 1223 1224
f 1219 1224 1220
f 1222 1226 1229
f 1222 1229 1225
f 1223 1227 1228
f 1223 1228 1224
f 1226 1230 1233
f 1226 1233 1229
f 1227 1231 1232
f 1227 1232 1228
f 1230 1234 1237
f 1230 1237 1233
f 1231 1235 1236
f 1231 1236 1232
f 1234 1238 1239
f 1234 1239 1237
f 1235 1239 1238
f 1235 1238 1236

o geometry_7
v -0.00419127 0.01800498 -0.00859698 2.38823529 1.37647059 2.34117648
v -0.00419127 0.00782310 -0.00859698 2.38823529 1.37647059 2.34117648
v -0.00419127 0.01800498 -0.01514727 2.38823529 1.37647059 2.34117648
v -0.07268886 0.01800498 -0.00859698 2.38823529 1.37647059 2.34117648
v -0.00419127 0.00753132 -0.01500213 2.38823529 1.37647059 2.34117648
v -0.03182310 0.00750975 -0.00859698 2.38823529 1.37647059 2.34117648
v -0.00419127 0.01797210 -0.01550676 2.38823529 1.37647059 2.34117648
v -0.01725888 0.01799265 -0.01528230 2.38823529 1.37647059 2.34117648
v -0.07268886 0.01800498 -0.01514727 2.38823529 1.37647059 2.34117648
v -0.07308378 0.01797210 -0.00859698 2.38823529 1.37647059 2.34117648
v -0.00419127 0.00752928 -0.01505697 2.38823529 1.37647059 2.34117648
v -0.03151131 0.00750975 -0.01501476 2.38823529 1.37647059 2.34117648
v -0.00419127 0.00752826 -0.01522407 2.38823529 1.37647059 2.34117648
v -0.07497534 0.00750975 -0.00859698 2.38823529 1.37647059 2.34117648
v -0.01725888 0.01797621 -0.01546203 2.38823529 1.37647059 2.34117648
v -0.00419127 0.01793409 -0.01564263 2.38823529 1.37647059 2.34117648
v -0.01725888 0.01788684 -0.01581225 2.38823529 1.37647059 2.34117648
v -0.07268886 0.01797210 -0.01550676 2.38823529 1.37647059 2.34117648
v -0.03573786 0.01798032 -0.01541730 2.38823529 1.37647059 2.34117648
v -0.07308378 0.01797210 -0.01514727 2.38823529 1.37647059 2.34117648
v -0.07346487 0.01787451 -0.00859698 2.38823529 1.37647059 2.34117648
v -0.03151131 0.00750975 -0.01522407 2.38823529 1.37647059 2.34117648
v -0.00419127 0.00754263 -0.01539114 2.38823529 1.37647059 2.34117648
v -0.03152517 0.00750975 -0.01539030 2.38823529 1.37647059 2.34117648
v -0.03155289 0.00750975 -0.01555656 2.38823529 1.37647059 2.34117648
v -0.03159447 0.00750975 -0.01571772 2.38823529 1.37647059 2.34117648
v -0.03165681 0.00750975 -0.01587807 2.38823529 1.37647059 2.34117648
v -0.03172611 0.00750975 -0.01603083 2.38823529 1.37647059 2.34117648
v -0.03181617 0.00750975 -0.01618104 2.38823529 1.37647059 2.34117648
v -0.03191319 0.00750975 -0.01632618 2.38823529 1.37647059 2.34117648
v -0.03215568 0.00750975 -0.01658694 2.38823529 1.37647059 2.34117648
v -0.03241899 0.00750975 -0.01680045 2.38823529 1.37647059 2.34117648
v -0.03243285 0.00750975 -0.01680972 2.38823529 1.37647059 2.34117648
v -0.03273078 0.00750975 -0.01697934 2.38823529 1.37647059 2.34117648
v -0.03275157 0.00750975 -0.01698864 2.38823529 1.37647059 2.34117648
v -0.03307029 0.00750975 -0.01711101 2.38823529 1.37647059 2.34117648
v -0.03342366 0.00750975 -0.01719117 2.38823529 1.37647059 2.34117648
v -0.07497534 0.01584348 -0.00859698 2.38823529 1.37647059 2.34117648
v -0.07497534 0.00750975 -0.01514727 2.38823529 1.37647059 2.34117648
v -0.00419127 0.01787451 -0.01585530 2.38823529 1.37647059 2.34117648
v -0.05420988 0.01788684 -0.01581225 2.38823529 1.37647059 2.34117648
v -0.07268886 0.01787451 -0.01585530 2.38823529 1.37647059 2.34117648
v -0.07305609 0.01784370 -0.01585530 2.38823529 1.37647059 2.34117648
v -0.07307688 0.01793922 -0.01550676 2.38823529 1.37647059 2.34117648
v -0.07345794 0.01784370 -0.01550676 2.38823529 1.37647059 2.34117648
v -0.07346487 0.01787451 -0.01514727 2.38823529 1.37647059 2.34117648
v -0.07354803 0.01783959 -0.00859698 2.38823529 1.37647059 2.34117648
v -0.00419127 0.00756933 -0.01555572 2.38823529 1.37647059 2.34117648
v -0.03379089 0.00750975 -0.01721817 2.38823529 1.37647059 2.34117648
v -0.07497534 0.01584348 -0.01514727 2.38823529 1.37647059 2.34117648
v -0.07494762 0.01613832 -0.00859698 2.38823529 1.37647059 2.34117648
v -0.07494762 0.00750975 -0.01541226 2.38823529 1.37647059 2.34117648
v -0.00419127 0.01772145 -0.01617006 2.38823529 1.37647059 2.34117648
v -0.07268886 0.01771527 -0.01618272 2.38823529 1.37647059 2.34117648
v -0.07302837 0.01768650 -0.01618272 2.38823529 1.37647059 2.34117648
v -0.07342329 0.01775124 -0.01585530 2.38823529 1.37647059 2.34117648
v -0.07376280 0.01760226 -0.01585530 2.38823529 1.37647059 2.34117648
v -0.07381131 0.01768650 -0.01550676 2.38823529 1.37647059 2.34117648
v -0.07383210 0.01771527 -0.01514727 2.38823529 1.37647059 2.34117648
v -0.07383210 0.01771527 -0.00859698 2.38823529 1.37647059 2.34117648
v -0.00419127 0.00761043 -0.01571772 2.38823529 1.37647059 2.34117648
v -0.00419127 0.00968769 -0.01721817 2.38823529 1.37647059 2.34117648
v -0.00419127 0.00936204 -0.01719285 2.38823529 1.37647059 2.34117648
v -0.00419127 0.00934047 -0.01719117 2.38823529 1.37647059 2.34117648
v -0.00419127 0.00903741 -0.01711944 2.38823529 1.37647059 2.34117648
v -0.00419127 0.00900246 -0.01711101 2.38823529 1.37647059 2.34117648
v -0.00419127 0.00870864 -0.01699116 2.38823529 1.37647059 2.34117648
v -0.00419127 0.00868194 -0.01697934 2.38823529 1.37647059 2.34117648
v -0.00419127 0.00839736 -0.01680636 2.38823529 1.37647059 2.34117648
v -0.00419127 0.00813336 -0.01658442 2.38823529 1.37647059 2.34117648
v -0.00419127 0.00791043 -0.01632450 2.38823529 1.37647059 2.34117648
v -0.00419127 0.00781386 -0.01617849 2.38823529 1.37647059 2.34117648
v -0.00419127 0.00773370 -0.01603083 2.38823529 1.37647059 2.34117648
v -0.00419127 0.00766590 -0.01587639 2.38823529 1.37647059 2.34117648
v -0.07268886 0.00750975 -0.01721817 2.38823529 1.37647059 2.34117648
v -0.07493376 0.01621947 -0.01514727 2.38823529 1.37647059 2.34117648
v -0.07490604 0.01621332 -0.01550676 2.38823529 1.37647059 2.34117648
v -0.07493376 0.01584348 -0.01550676 2.38823529 1.37647059 2.34117648
v -0.07493376 0.01621947 -0.00859698 2.38823529 1.37647059 2.34117648
v -0.07493376 0.00750975 -0.01550676 2.38823529 1.37647059 2.34117648
v -0.00419127 0.01770705 -0.01619283 2.38823529 1.37647059 2.34117648
v -0.01725888 0.01771527 -0.01618272 2.38823529 1.37647059 2.34117648
v -0.05420988 0.01752624 -0.01644096 2.38823529 1.37647059 2.34117648
v -0.07268886 0.01749849 -0.01647807 2.38823529 1.37647059 2.34117648
v -0.07298679 0.01747386 -0.01647807 2.38823529 1.37647059 2.34117648
v -0.00419127 0.01759917 -0.01634136 2.38823529 1.37647059 2.34117648
v -0.07328472 0.01739886 -0.01647807 2.38823529 1.37647059 2.34117648
v -0.07336095 0.01760226 -0.01618272 2.38823529 1.37647059 2.34117648
v -0.07395681 0.01727763 -0.01618272 2.38823529 1.37647059 2.34117648
v -0.07406769 0.01739886 -0.01585530 2.38823529 1.37647059 2.34117648
v -0.07367274 0.01746459 -0.01618272 2.38823529 1.37647059 2.34117648
v -0.07413003 0.01747386 -0.01550676 2.38823529 1.37647059 2.34117648
v -0.07415775 0.01749849 -0.01514727 2.38823529 1.37647059 2.34117648
v -0.07415775 0.01749849 -0.00859698 2.38823529 1.37647059 2.34117648
v -0.00419127 0.01061949 -0.01721817 2.38823529 1.37647059 2.34117648
v -0.07308378 0.00750975 -0.01718610 2.38823529 1.37647059 2.34117648
v -0.07268886 0.01584348 -0.01721817 2.38823529 1.37647059 2.34117648
v -0.07491297 0.01629756 -0.00859698 2.38823529 1.37647059 2.34117648
v -0.07483677 0.01658316 -0.01514727 2.38823529 1.37647059 2.34117648
v -0.07480212 0.01657185 -0.01550676 2.38823529 1.37647059 2.34117648
v -0.07470513 0.01653795 -0.01585530 2.38823529 1.37647059 2.34117648
v -0.07480212 0.01619688 -0.01585530 2.38823529 1.37647059 2.34117648
v -0.07483677 0.01584348 -0.01585530 2.38823529 1.37647059 2.34117648
v -0.07491297 0.00750975 -0.01559874 2.38823529 1.37647059 2.34117648
v -0.00419127 0.01761459 -0.01632027 2.38823529 1.37647059 2.34117648
v -0.01725888 0.01752624 -0.01644096 2.38823529 1.37647059 2.34117648
v -0.03573786 0.01743276 -0.01654221 2.38823529 1.37647059 2.34117648
v -0.05420988 0.01726632 -0.01670172 2.38823529 1.37647059 2.34117648
v -0.07268886 0.01723242 -0.01673292 2.38823529 1.37647059 2.34117648
v -0.07293828 0.01721187 -0.01673292 2.38823529 1.37647059 2.34117648
v -0.00419127 0.01749849 -0.01647807 2.38823529 1.37647059 2.34117648
v -0.07318773 0.01714920 -0.01673292 2.38823529 1.37647059 2.34117648
v -0.07342329 0.01704648 -0.01673292 2.38823529 1.37647059 2.34117648
v -0.07356186 0.01727763 -0.01647807 2.38823529 1.37647059 2.34117648
v -0.07402611 0.01690779 -0.01647807 2.38823529 1.37647059 2.34117648
v -0.07419933 0.01704648 -0.01618272 2.38823529 1.37647059 2.34117648
v -0.07433097 0.01714920 -0.01585530 2.38823529 1.37647059 2.34117648
v -0.07381131 0.01711224 -0.01647807 2.38823529 1.37647059 2.34117648
v -0.07440717 0.01721187 -0.01550676 2.38823529 1.37647059 2.34117648
v -0.07443489 0.01723242 -0.01514727 2.38823529 1.37647059 2.34117648
v -0.07437945 0.01728996 -0.00859698 2.38823529 1.37647059 2.34117648
v -0.00419127 0.01584450 -0.01721733 2.38823529 1.37647059 2.34117648
v -0.01725888 0.01584348 -0.01721817 2.38823529 1.37647059 2.34117648
v -0.07308378 0.01584348 -0.01718610 2.38823529 1.37647059 2.34117648
v -0.07336788 0.00750975 -0.01711776 2.38823529 1.37647059 2.34117648
v -0.07307688 0.01590921 -0.01718610 2.38823529 1.37647059 2.34117648
v -0.07305609 0.01597188 -0.01718610 2.38823529 1.37647059 2.34117648
v -0.07302837 0.01603149 -0.01718610 2.38823529 1.37647059 2.34117648
v -0.07298679 0.01608489 -0.01718610 2.38823529 1.37647059 2.34117648
v -0.07293828 0.01613112 -0.01718610 2.38823529 1.37647059 2.34117648
v -0.07288287 0.01616913 -0.01718610 2.38823529 1.37647059 2.34117648
v -0.07282050 0.01619688 -0.01718610 2.38823529 1.37647059 2.34117648
v -0.07275813 0.01621332 -0.01718610 2.38823529 1.37647059 2.34117648
v -0.07268886 0.01621947 -0.01718610 2.38823529 1.37647059 2.34117648
v -0.03573786 0.01612497 -0.01719453 2.38823529 1.37647059 2.34117648
v -0.00419127 0.01604484 -0.01720128 2.38823529 1.37647059 2.34117648
v -0.07483677 0.01658316 -0.00859698 2.38823529 1.37647059 2.34117648
v -0.07470513 0.01685025 -0.00859698 2.38823529 1.37647059 2.34117648
v -0.07466355 0.01692423 -0.01514727 2.38823529 1.37647059 2.34117648
v -0.07463583 0.01690779 -0.01550676 2.38823529 1.37647059 2.34117648
v -0.07454577 0.01685949 -0.01585530 2.38823529 1.37647059 2.34117648
v -0.07440027 0.01677936 -0.01618272 2.38823529 1.37647059 2.34117648
v -0.07454577 0.01648350 -0.01618272 2.38823529 1.37647059 2.34117648
v -0.07463583 0.01616913 -0.01618272 2.38823529 1.37647059 2.34117648
v -0.07483677 0.00750975 -0.01585530 2.38823529 1.37647059 2.34117648
v -0.07486449 0.00750975 -0.01576329 2.38823529 1.37647059 2.34117648
v -0.07466355 0.01584348 -0.01618272 2.38823529 1.37647059 2.34117648
v -0.07471206 0.00750975 -0.01609665 2.38823529 1.37647059 2.34117648
v -0.01725888 0.01746564 -0.01651014 2.38823529 1.37647059 2.34117648
v -0.00419127 0.01737624 -0.01659621 2.38823529 1.37647059 2.34117648
v -0.01725888 0.01726632 -0.01670172 2.38823529 1.37647059 2.34117648
v -0.00419127 0.01724271 -0.01672365 2.38823529 1.37647059 2.34117648
v -0.05420988 0.01719441 -0.01675908 2.38823529 1.37647059 2.34117648
v -0.07268886 0.01692423 -0.01694052 2.38823529 1.37647059 2.34117648
v -0.01725888 0.01723242 -0.01673292 2.38823529 1.37647059 2.34117648
v -0.00419127 0.01722216 -0.01674054 2.38823529 1.37647059 2.34117648
v -0.07288287 0.01690779 -0.01694052 2.38823529 1.37647059 2.34117648
v -0.07307688 0.01685949 -0.01694052 2.38823529 1.37647059 2.34117648
v -0.07325700 0.01677936 -0.01694052 2.38823529 1.37647059 2.34117648
v -0.07342329 0.01667151 -0.01694052 2.38823529 1.37647059 2.34117648
v -0.07363116 0.01690779 -0.01673292 2.38823529 1.37647059 2.34117648
v -0.07381131 0.01673622 -0.01673292 2.38823529 1.37647059 2.34117648
v -0.07395681 0.01653795 -0.01673292 2.38823529 1.37647059 2.34117648
v -0.07419933 0.01667151 -0.01647807 2.38823529 1.37647059 2.34117648
v -0.07461504 0.01699101 -0.00859698 2.38823529 1.37647059 2.34117648
v -0.07443489 0.01723242 -0.00859698 2.38823529 1.37647059 2.34117648
v -0.00419127 0.01585785 -0.01721649 2.38823529 1.37647059 2.34117648
v -0.07346487 0.01584348 -0.01709328 2.38823529 1.37647059 2.34117648
v -0.07345794 0.01597188 -0.01709328 2.38823529 1.37647059 2.34117648
v -0.07346487 0.00750975 -0.01709328 2.38823529 1.37647059 2.34117648
v -0.07342329 0.01609620 -0.01709328 2.38823529 1.37647059 2.34117648
v -0.07336095 0.01621332 -0.01709328 2.38823529 1.37647059 2.34117648
v -0.07328472 0.01631913 -0.01709328 2.38823529 1.37647059 2.34117648
v -0.07318773 0.01640952 -0.01709328 2.38823529 1.37647059 2.34117648
v -0.07307688 0.01648350 -0.01709328 2.38823529 1.37647059 2.34117648
v -0.07295214 0.01653795 -0.01709328 2.38823529 1.37647059 2.34117648
v -0.07282050 0.01657185 -0.01709328 2.38823529 1.37647059 2.34117648
v -0.07268886 0.01658316 -0.01709328 2.38823529 1.37647059 2.34117648
v -0.03573786 0.01630989 -0.01716333 2.38823529 1.37647059 2.34117648
v -0.00419127 0.01621947 -0.01718610 2.38823529 1.37647059 2.34117648
v -0.01725888 0.01617222 -0.01719033 2.38823529 1.37647059 2.34117648
v -0.07466355 0.01692423 -0.00859698 2.38823529 1.37647059 2.34117648
v -0.07433097 0.01640952 -0.01647807 2.38823529 1.37647059 2.34117648
v -0.07440717 0.01613112 -0.01647807 2.38823529 1.37647059 2.34117648
v -0.07443489 0.01584348 -0.01647807 2.38823529 1.37647059 2.34117648
v -0.07460811 0.00750975 -0.01626036 2.38823529 1.37647059 2.34117648
v -0.07466355 0.00750975 -0.01618272 2.38823529 1.37647059 2.34117648
v -0.00419127 0.01726221 -0.01670508 2.38823529 1.37647059 2.34117648
v -0.00419127 0.01708962 -0.01682997 2.38823529 1.37647059 2.34117648
v -0.01725888 0.01692423 -0.01694052 2.38823529 1.37647059 2.34117648
v -0.07356186 0.01653795 -0.01694052 2.38823529 1.37647059 2.34117648
v -0.07406769 0.01631913 -0.01673292 2.38823529 1.37647059 2.34117648
v -0.07367274 0.01638384 -0.01694052 2.38823529 1.37647059 2.34117648
v -0.07376280 0.01621332 -0.01694052 2.38823529 1.37647059 2.34117648
v -0.07383210 0.01584348 -0.01694052 2.38823529 1.37647059 2.34117648
v -0.07381131 0.01603149 -0.01694052 2.38823529 1.37647059 2.34117648
v -0.07383210 0.00750975 -0.01694052 2.38823529 1.37647059 2.34117648
v -0.00419127 0.01658316 -0.01709328 2.38823529 1.37647059 2.34117648
v -0.00419127 0.01644138 -0.01712955 2.38823529 1.37647059 2.34117648
v -0.00419127 0.01625955 -0.01717599 2.38823529 1.37647059 2.34117648
v -0.07413003 0.01608489 -0.01673292 2.38823529 1.37647059 2.34117648
v -0.07415775 0.01584348 -0.01673292 2.38823529 1.37647059 2.34117648
v -0.07436562 0.00750975 -0.01654560 2.38823529 1.37647059 2.34117648
v -0.07443489 0.00750975 -0.01647807 2.38823529 1.37647059 2.34117648
v -0.07449726 0.00750975 -0.01640043 2.38823529 1.37647059 2.34117648
v -0.00419127 0.01693449 -0.01693293 2.38823529 1.37647059 2.34117648
v -0.00419127 0.01691088 -0.01694643 2.38823529 1.37647059 2.34117648
v -0.07415775 0.00750975 -0.01673292 2.38823529 1.37647059 2.34117648
f 1240 1241 1244
f 1240 1244 1250
f 1240 1250 1252
f 1240 1252 1262
f 1240 1262 1287
f 1240 1287 1300
f 1240 1300 1313
f 1240 1313 1312
f 1240 1312 1311
f 1240 1311 1310
f 1240 1310 1309
f 1240 1309 1308
f 1240 1308 1307
f 1240 1307 1306
f 1240 1306 1305
f 1240 1305 1304
f 1240 1304 1303
f 1240 1303 1302
f 1240 1302 1301
f 1240 1301 1334
f 1240 1334 1361
f 1240 1361 1406
f 1240 1406 1375
f 1240 1375 1419
f 1240 1419 1439
f 1240 1439 1438
f 1240 1438 1437
f 1240 1437 1446
f 1240 1446 1445
f 1240 1445 1428
f 1240 1428 1395
f 1240 1395 1391
f 1240 1391 1427
f 1240 1427 1389
f 1240 1389 1350
f 1240 1350 1325
f 1240 1325 1344
f 1240 1344 1320
f 1240 1320 1292
f 1240 1292 1279
f 1240 1279 1255
f 1240 1255 1246
f 1240 1246 1242
f 1240 1242 1248
f 1240 1248 1243
f 1240 1243 1249
f 1240 1249 1260
f 1240 1260 1286
f 1240 1286 1299
f 1240 1299 1333
f 1240 1333 1360
f 1240 1360 1405
f 1240 1405 1404
f 1240 1404 1421
f 1240 1421 1377
f 1240 1377 1376
f 1240 1376 1337
f 1240 1337 1318
f 1240 1318 1290
f 1240 1290 1277
f 1240 1277 1253
f 1240 1253 1245
f 1240 1245 1241
f 1241 1245 1244
f 1242 1246 1254
f 1242 1254 1247
f 1242 1247 1258
f 1242 1258 1248
f 1243 1248 1259
f 1243 1259 1249
f 1244 1245 1250
f 1245 1251 1252
f 1245 1252 1250
f 1245 1253 1278
f 1245 1278 1291
f 1245 1291 1319
f 1245 1319 1343
f 1245 1343 1385
f 1245 1385 1384
f 1245 1384 1387
f 1245 1387 1426
f 1245 1426 1425
f 1245 1425 1444
f 1245 1444 1443
f 1245 1443 1442
f 1245 1442 1447
f 1245 1447 1436
f 1245 1436 1409
f 1245 1409 1364
f 1245 1364 1335
f 1245 1335 1314
f 1245 1314 1288
f 1245 1288 1276
f 1245 1276 1275
f 1245 1275 1274
f 1245 1274 1273
f 1245 1273 1272
f 1245 1272 1271
f 1245 1271 1270
f 1245 1270 1269
f 1245 1269 1268
f 1245 1268 1267
f 1245 1267 1266
f 1245 1266 1265
f 1245 1265 1264
f 1245 1264 1263
f 1245 1263 1261
f 1245 1261 1251
f 1246 1255 1256
f 1246 1256 1280
f 1246 1280 1257
f 1246 1257 1258
f 1246 1258 1254
f 1247 1254 1258
f 1248 1257 1259
f 1248 1258 1257
f 1249 1259 1285
f 1249 1285 1260
f 1251 1261 1252
f 1252 1261 1263
f 1252 1263 1264
f 1252 1264 1265
f 1252 1265 1266
f 1252 1266 1267
f 1252 1267 1268
f 1252 1268 1269
f 1252 1269 1270
f 1252 1270 1271
f 1252 1271 1272
f 1252 1272 1273
f 1252 1273 1274
f 1252 1274 1275
f 1252 1275 1276
f 1252 1276 1262
f 1253 1277 1289
f 1253 1289 1278
f 1255 1279 1256
f 1256 1279 1281
f 1256 1281 1280
f 1257 1280 1281
f 1257 1281 1282
f 1257 1282 1283
f 1257 1283 1259
f 1259 1283 1284
f 1259 1284 1285
f 1260 1285 1286
f 1262 1276 1288
f 1262 1288 1287
f 1277 1290 1289
f 1278 1289 1291
f 1279 1292 1281
f 1281 1293 1282
f 1281 1292 1293
f 1282 1293 1294
f 1282 1294 1295
f 1282 1295 1284
f 1282 1284 1283
f 1284 1295 1296
f 1284 1296 1297
f 1284 1297 1298
f 1284 1298 1285
f 1285 1298 1286
f 1286 1298 1299
f 1287 1288 1300
f 1288 1301 1302
f 1288 1302 1303
f 1288 1303 1304
f 1288 1304 1305
f 1288 1305 1306
f 1288 1306 1307
f 1288 1307 1308
f 1288 1308 1309
f 1288 1309 1310
f 1288 1310 1311
f 1288 1311 1312
f 1288 1312 1313
f 1288 1313 1300
f 1288 1314 1336
f 1288 1336 1362
f 1288 1362 1334
f 1288 1334 1301
f 1289 1290 1315
f 1289 1315 1316
f 1289 1316 1317
f 1289 1317 1291
f 1290 1318 1315
f 1291 1317 1319
f 1292 1320 1321
f 1292 1321 1293
f 1293 1322 1323
f 1293 1323 1324
f 1293 1324 1294
f 1293 1321 1325
f 1293 1325 1322
f 1294 1324 1326
f 1294 1326 1327
f 1294 1327 1295
f 1295 1327 1296
f 1296 1328 1329
f 1296 1329 1331
f 1296 1331 1297
f 1296 1327 1330
f 1296 1330 1328
f 1297 1331 1332
f 1297 1332 1298
f 1298 1332 1333
f 1298 1333 1299
f 1314 1335 1363
f 1314 1363 1336
f 1315 1318 1337
f 1315 1337 1338
f 1315 1338 1316
f 1316 1338 1339
f 1316 1339 1340
f 1316 1340 1341
f 1316 1341 1342
f 1316 1342 1317
f 1317 1342 1343
f 1317 1343 1319
f 1320 1344 1321
f 1321 1344 1325
f 1322 1325 1345
f 1322 1345 1350
f 1322 1350 1323
f 1323 1346 1347
f 1323 1347 1348
f 1323 1348 1349
f 1323 1349 1324
f 1323 1350 1388
f 1323 1388 1346
f 1324 1349 1351
f 1324 1351 1326
f 1325 1350 1345
f 1326 1351 1352
f 1326 1352 1353
f 1326 1353 1327
f 1327 1353 1330
f 1328 1354 1355
f 1328 1355 1356
f 1328 1356 1329
f 1328 1330 1353
f 1328 1353 1357
f 1328 1357 1354
f 1329 1356 1358
f 1329 1358 1331
f 1331 1358 1332
f 1332 1358 1359
f 1332 1359 1360
f 1332 1360 1333
f 1334 1362 1361
f 1335 1364 1363
f 1336 1363 1365
f 1336 1365 1366
f 1336 1366 1367
f 1336 1367 1368
f 1336 1368 1369
f 1336 1369 1370
f 1336 1370 1371
f 1336 1371 1372
f 1336 1372 1373
f 1336 1373 1374
f 1336 1374 1375
f 1336 1375 1362
f 1337 1376 1338
f 1338 1376 1377
f 1338 1377 1378
f 1338 1378 1379
f 1338 1379 1339
f 1339 1379 1340
f 1340 1379 1380
f 1340 1380 1381
f 1340 1381 1382
f 1340 1382 1383
f 1340 1383 1341
f 1341 1383 1342
f 1342 1384 1385
f 1342 1385 1343
f 1342 1383 1386
f 1342 1386 1387
f 1342 1387 1384
f 1346 1388 1389
f 1346 1389 1390
f 1346 1390 1347
f 1347 1390 1391
f 1347 1391 1348
f 1348 1392 1393
f 1348 1393 1349
f 1348 1391 1394
f 1348 1394 1395
f 1348 1395 1392
f 1349 1396 1397
f 1349 1397 1351
f 1349 1393 1396
f 1350 1389 1388
f 1351 1397 1352
f 1352 1397 1398
f 1352 1398 1399
f 1352 1399 1400
f 1352 1400 1357
f 1352 1357 1353
f 1354 1357 1400
f 1354 1400 1401
f 1354 1401 1402
f 1354 1402 1403
f 1354 1403 1381
f 1354 1381 1355
f 1355 1381 1356
f 1356 1381 1380
f 1356 1380 1379
f 1356 1379 1358
f 1358 1379 1359
f 1359 1379 1378
f 1359 1378 1404
f 1359 1404 1405
f 1359 1405 1360
f 1361 1362 1406
f 1362 1375 1406
f 1363 1364 1407
f 1363 1407 1408
f 1363 1408 1365
f 1364 1409 1407
f 1365 1408 1410
f 1365 1410 1366
f 1366 1410 1367
f 1367 1410 1411
f 1367 1411 1412
f 1367 1412 1368
f 1368 1412 1369
f 1369 1412 1413
f 1369 1413 1370
f 1370 1413 1414
f 1370 1414 1371
f 1371 1414 1415
f 1371 1415 1372
f 1372 1416 1373
f 1372 1415 1416
f 1373 1416 1417
f 1373 1417 1418
f 1373 1418 1419
f 1373 1419 1420
f 1373 1420 1374
f 1374 1420 1375
f 1375 1420 1419
f 1377 1421 1378
f 1378 1421 1404
f 1381 1403 1422
f 1381 1422 1382
f 1382 1422 1383
f 1383 1422 1423
f 1383 1423 1424
f 1383 1424 1386
f 1386 1424 1425
f 1386 1425 1426
f 1386 1426 1387
f 1389 1427 1390
f 1390 1427 1391
f 1391 1395 1394
f 1392 1395 1428
f 1392 1428 1393
f 1393 1417 1396
f 1393 1428 1429
f 1393 1429 1437
f 1393 1437 1417
f 1396 1416 1397
f 1396 1417 1416
f 1397 1416 1415
f 1397 1415 1414
f 1397 1414 1398
f 1398 1414 1399
f 1399 1414 1413
f 1399 1413 1412
f 1399 1412 1430
f 1399 1430 1401
f 1399 1401 1400
f 1401 1430 1402
f 1402 1431 1403
f 1402 1430 1432
f 1402 1432 1433
f 1402 1433 1431
f 1403 1431 1422
f 1407 1409 1436
f 1407 1436 1434
f 1407 1434 1408
f 1408 1434 1435
f 1408 1435 1433
f 1408 1433 1410
f 1410 1433 1432
f 1410 1432 1411
f 1411 1432 1430
f 1411 1430 1412
f 1417 1437 1418
f 1418 1437 1438
f 1418 1438 1439
f 1418 1439 1419
f 1422 1431 1423
f 1423 1431 1440
f 1423 1440 1441
f 1423 1441 1424
f 1424 1442 1443
f 1424 1443 1444
f 1424 1444 1425
f 1424 1441 1442
f 1428 1445 1429
f 1429 1445 1446
f 1429 1446 1437
f 1431 1433 1435
f 1431 1435 1440
f 1434 1436 1447
f 1434 1447 1441
f 1434 1441 1435
f 1435 1441 1440
f 1441 1447 1442

o geometry_8
v -0.07496937 0.00781950 -0.00859605 0.35294118 1.91764707 0.42352941
v -0.07516380 0.00781950 -0.00858252 0.35294118 1.91764707 0.42352941
v -0.07496937 0.01584315 -0.00859605 0.35294118 1.91764707 0.42352941
v -0.00382566 0.00779451 -0.00859605 0.35294118 1.91764707 0.42352941
v -0.07516380 0.01439493 -0.00858252 0.35294118 1.91764707 0.42352941
v -0.07516380 0.00781950 0.00093042 0.35294118 1.91764707 0.42352941
v -0.07492452 0.01621794 -0.00859605 0.35294118 1.91764707 0.42352941
v 0.07741305 0.00779451 -0.00859605 0.35294118 1.91764707 0.42352941
v -0.00340692 0.00779451 0.00012417 0.35294118 1.91764707 0.42352941
v -0.07516380 0.01439493 0.00093042 0.35294118 1.91764707 0.42352941
v -0.07493946 0.01613799 0.00867198 0.35294118 1.91764707 0.42352941
v -0.07496937 0.00825228 0.00867198 0.35294118 1.91764707 0.42352941
v -0.07504416 0.00825228 0.00865845 0.35294118 1.91764707 0.42352941
v -0.00336204 0.00779451 0.00093042 0.35294118 1.91764707 0.42352941
v -0.07492452 0.01621896 0.00093042 0.35294118 1.91764707 0.42352941
v -0.07490955 0.01629690 -0.00859605 0.35294118 1.91764707 0.42352941
v 0.07741305 0.01592412 -0.00859605 0.35294118 1.91764707 0.42352941
v 0.07762242 0.00779451 -0.00858252 0.35294118 1.91764707 0.42352941
v -0.07504416 0.01439994 0.00865845 0.35294118 1.91764707 0.42352941
v -0.07496937 0.01584414 0.00867198 0.35294118 1.91764707 0.42352941
v -0.07492452 0.01621896 0.00867198 0.35294118 1.91764707 0.42352941
v -0.00298815 0.00825126 0.00867198 0.35294118 1.91764707 0.42352941
v 0.07762242 0.00779451 0.00093042 0.35294118 1.91764707 0.42352941
v -0.07490955 0.01629690 0.00867198 0.35294118 1.91764707 0.42352941
v -0.07487964 0.01639884 0.00003627 0.35294118 1.91764707 0.42352941
v -0.07481982 0.01658175 -0.00859605 0.35294118 1.91764707 0.42352941
v 0.07738314 0.01621794 -0.00859605 0.35294118 1.91764707 0.42352941
v 0.07762242 0.01439493 -0.00858252 0.35294118 1.91764707 0.42352941
v 0.07741305 0.00825126 0.00867198 0.35294118 1.91764707 0.42352941
v 0.07762242 0.01439493 0.00093042 0.35294118 1.91764707 0.42352941
v 0.07751772 0.00825126 0.00865677 0.35294118 1.91764707 0.42352941
v -0.07481982 0.01658274 0.00867198 0.35294118 1.91764707 0.42352941
v -0.07481982 0.01658274 0.00093042 0.35294118 1.91764707 0.42352941
v -0.07478991 0.01665570 -0.00859605 0.35294118 1.91764707 0.42352941
v 0.07738314 0.01621794 0.00093042 0.35294118 1.91764707 0.42352941
v 0.07727844 0.01658175 -0.00859605 0.35294118 1.91764707 0.42352941
v 0.07741305 0.01584315 0.00867198 0.35294118 1.91764707 0.42352941
v 0.07738314 0.01613799 0.00867198 0.35294118 1.91764707 0.42352941
v 0.07751772 0.01439694 0.00865677 0.35294118 1.91764707 0.42352941
v -0.07478991 0.01665570 0.00867198 0.35294118 1.91764707 0.42352941
v -0.07470018 0.01684860 -0.00859605 0.35294118 1.91764707 0.42352941
v 0.07727844 0.01658175 0.00093042 0.35294118 1.91764707 0.42352941
v 0.07735323 0.01629690 0.00867198 0.35294118 1.91764707 0.42352941
v 0.07736817 0.01621794 0.00867198 0.35294118 1.91764707 0.42352941
v 0.07711392 0.01692258 -0.00859605 0.35294118 1.91764707 0.42352941
v -0.07465530 0.01692357 0.00867198 0.35294118 1.91764707 0.42352941
v -0.07465530 0.01692357 0.00093042 0.35294118 1.91764707 0.42352941
v -0.07465530 0.01692258 -0.00859605 0.35294118 1.91764707 0.42352941
v 0.07711392 0.01692258 0.00093042 0.35294118 1.91764707 0.42352941
v 0.07714386 0.01685061 0.00867198 0.35294118 1.91764707 0.42352941
v 0.07726350 0.01658274 0.00867198 0.35294118 1.91764707 0.42352941
v 0.07699428 0.01708548 0.00093042 0.35294118 1.91764707 0.42352941
v 0.07687464 0.01723140 -0.00859605 0.35294118 1.91764707 0.42352941
v -0.07443099 0.01723140 0.00867198 0.35294118 1.91764707 0.42352941
v -0.07461045 0.01698954 -0.00859605 0.35294118 1.91764707 0.42352941
v 0.07705410 0.01698954 0.00867198 0.35294118 1.91764707 0.42352941
v 0.07709898 0.01692258 0.00867198 0.35294118 1.91764707 0.42352941
v 0.07687464 0.01723239 0.00093042 0.35294118 1.91764707 0.42352941
v 0.07687464 0.01723239 0.00867198 0.35294118 1.91764707 0.42352941
v 0.07681482 0.01728936 -0.00859605 0.35294118 1.91764707 0.42352941
v -0.07443099 0.01723140 -0.00859605 0.35294118 1.91764707 0.42352941
v -0.07414683 0.01749825 0.00867198 0.35294118 1.91764707 0.42352941
v -0.07428141 0.01737333 0.00093042 0.35294118 1.91764707 0.42352941
v 0.07659048 0.01749825 0.00867198 0.35294118 1.91764707 0.42352941
v 0.07659048 0.01749825 -0.00859605 0.35294118 1.91764707 0.42352941
v -0.07414683 0.01749825 -0.00859605 0.35294118 1.91764707 0.42352941
v -0.07381779 0.01771314 0.00867198 0.35294118 1.91764707 0.42352941
v -0.07398231 0.01761120 0.00093042 0.35294118 1.91764707 0.42352941
v 0.07635120 0.01766715 -0.00859605 0.35294118 1.91764707 0.42352941
v 0.07627641 0.01771413 0.00093042 0.35294118 1.91764707 0.42352941
v 0.07633623 0.01766715 0.00867198 0.35294118 1.91764707 0.42352941
v -0.07389258 0.01766616 -0.00859605 0.35294118 1.91764707 0.42352941
v -0.07374303 0.01774812 0.00867198 0.35294118 1.91764707 0.42352941
v -0.07381779 0.01771314 -0.00859605 0.35294118 1.91764707 0.42352941
v 0.07627641 0.01771413 -0.00859605 0.35294118 1.91764707 0.42352941
v 0.07609695 0.01779408 0.00003627 0.35294118 1.91764707 0.42352941
v 0.07590252 0.01787406 0.00867198 0.35294118 1.91764707 0.42352941
v 0.07618668 0.01774812 0.00867198 0.35294118 1.91764707 0.42352941
v 0.07626147 0.01771413 0.00867198 0.35294118 1.91764707 0.42352941
v -0.07345887 0.01787304 -0.00859605 0.35294118 1.91764707 0.42352941
v -0.07345887 0.01787304 0.00867198 0.35294118 1.91764707 0.42352941
v 0.07599225 0.01783806 -0.00859605 0.35294118 1.91764707 0.42352941
v 0.07590252 0.01787406 0.00093042 0.35294118 1.91764707 0.42352941
v 0.07582776 0.01789503 0.00867198 0.35294118 1.91764707 0.42352941
v -0.07326444 0.01792503 0.00093042 0.35294118 1.91764707 0.42352941
v -0.07307001 0.01797099 -0.00859605 0.35294118 1.91764707 0.42352941
v -0.07315974 0.01795002 0.00867198 0.35294118 1.91764707 0.42352941
v 0.07590252 0.01787304 -0.00859605 0.35294118 1.91764707 0.42352941
v 0.07570812 0.01792503 0.00093042 0.35294118 1.91764707 0.42352941
v 0.07552863 0.01797000 0.00093042 0.35294118 1.91764707 0.42352941
v 0.07551369 0.01797000 0.00867198 0.35294118 1.91764707 0.42352941
v -0.07307001 0.01797099 0.00867198 0.35294118 1.91764707 0.42352941
v -0.07298028 0.01797900 0.00867198 0.35294118 1.91764707 0.42352941
v -0.07268118 0.01800498 0.00093042 0.35294118 1.91764707 0.42352941
v -0.07268118 0.01800399 -0.00859605 0.35294118 1.91764707 0.42352941
v 0.07552863 0.01797000 -0.00859605 0.35294118 1.91764707 0.42352941
v 0.07512483 0.01800498 0.00867198 0.35294118 1.91764707 0.42352941
v 0.07542396 0.01797900 0.00867198 0.35294118 1.91764707 0.42352941
v -0.07268118 0.01800498 0.00867198 0.35294118 1.91764707 0.42352941
v -0.01783905 0.01800498 -0.00859605 0.35294118 1.91764707 0.42352941
v 0.07512483 0.01800498 -0.00859605 0.35294118 1.91764707 0.42352941
f 1448 1449 1452
f 1448 1452 1450
f 1448 1450 1454
f 1448 1454 1463
f 1448 1463 1473
f 1448 1473 1481
f 1448 1481 1488
f 1448 1488 1495
f 1448 1495 1502
f 1448 1502 1508
f 1448 1508 1513
f 1448 1513 1519
f 1448 1519 1521
f 1448 1521 1527
f 1448 1527 1533
f 1448 1533 1542
f 1448 1542 1547
f 1448 1547 1548
f 1448 1548 1543
f 1448 1543 1535
f 1448 1535 1529
f 1448 1529 1522
f 1448 1522 1516
f 1448 1516 1512
f 1448 1512 1507
f 1448 1507 1500
f 1448 1500 1492
f 1448 1492 1483
f 1448 1483 1474
f 1448 1474 1464
f 1448 1464 1455
f 1448 1455 1451
f 1448 1451 1449
f 1449 1451 1453
f 1449 1453 1457
f 1449 1457 1452
f 1450 1452 1454
f 1451 1455 1465
f 1451 1465 1470
f 1451 1470 1461
f 1451 1461 1456
f 1451 1456 1453
f 1452 1457 1458
f 1452 1458 1454
f 1453 1459 1460
f 1453 1460 1466
f 1453 1466 1457
f 1453 1456 1461
f 1453 1461 1459
f 1454 1462 1463
f 1454 1458 1462
f 1455 1464 1475
f 1455 1475 1465
f 1457 1466 1467
f 1457 1467 1458
f 1458 1467 1459
f 1458 1459 1469
f 1458 1469 1476
f 1458 1476 1484
f 1458 1484 1485
f 1458 1485 1491
f 1458 1491 1490
f 1458 1490 1498
f 1458 1498 1497
f 1458 1497 1504
f 1458 1504 1503
f 1458 1503 1506
f 1458 1506 1511
f 1458 1511 1518
f 1458 1518 1526
f 1458 1526 1525
f 1458 1525 1524
f 1458 1524 1531
f 1458 1531 1538
f 1458 1538 1545
f 1458 1545 1544
f 1458 1544 1546
f 1458 1546 1540
f 1458 1540 1539
f 1458 1539 1534
f 1458 1534 1528
f 1458 1528 1520
f 1458 1520 1514
f 1458 1514 1509
f 1458 1509 1501
f 1458 1501 1493
f 1458 1493 1487
f 1458 1487 1479
f 1458 1479 1471
f 1458 1471 1468
f 1458 1468 1462
f 1459 1467 1466
f 1459 1466 1460
f 1459 1461 1469
f 1461 1470 1476
f 1461 1476 1469
f 1462 1468 1471
f 1462 1471 1463
f 1463 1471 1472
f 1463 1472 1473
f 1464 1474 1475
f 1465 1475 1477
f 1465 1477 1470
f 1470 1477 1486
f 1470 1486 1478
f 1470 1478 1476
f 1471 1479 1472
f 1472 1479 1480
f 1472 1480 1473
f 1473 1480 1481
f 1474 1482 1477
f 1474 1477 1475
f 1474 1483 1489
f 1474 1489 1482
f 1476 1478 1486
f 1476 1486 1484
f 1477 1482 1485
f 1477 1485 1484
f 1477 1484 1486
f 1479 1487 1481
f 1479 1481 1480
f 1481 1487 1488
f 1482 1489 1490
f 1482 1490 1491
f 1482 1491 1485
f 1483 1492 1496
f 1483 1496 1489
f 1487 1493 1488
f 1488 1493 1494
f 1488 1494 1495
f 1489 1496 1497
f 1489 1497 1498
f 1489 1498 1490
f 1492 1499 1496
f 1492 1500 1499
f 1493 1501 1502
f 1493 1502 1494
f 1494 1502 1495
f 1496 1499 1503
f 1496 1503 1504
f 1496 1504 1497
f 1499 1500 1505
f 1499 1505 1506
f 1499 1506 1503
f 1500 1507 1505
f 1501 1508 1502
f 1501 1509 1510
f 1501 1510 1508
f 1505 1507 1506
f 1506 1507 1511
f 1507 1512 1511
f 1508 1510 1513
f 1509 1514 1515
f 1509 1515 1513
f 1509 1513 1510
f 1511 1512 1516
f 1511 1516 1517
f 1511 1517 1518
f 1513 1515 1519
f 1514 1520 1521
f 1514 1521 1515
f 1515 1521 1519
f 1516 1522 1517
f 1517 1522 1523
f 1517 1523 1524
f 1517 1524 1525
f 1517 1525 1526
f 1517 1526 1518
f 1520 1527 1521
f 1520 1528 1527
f 1522 1529 1523
f 1523 1529 1524
f 1524 1529 1530
f 1524 1530 1531
f 1527 1528 1532
f 1527 1532 1533
f 1528 1534 1532
f 1529 1535 1530
f 1530 1535 1531
f 1531 1535 1536
f 1531 1536 1543
f 1531 1543 1537
f 1531 1537 1538
f 1532 1534 1533
f 1533 1534 1539
f 1533 1539 1540
f 1533 1540 1541
f 1533 1541 1542
f 1535 1543 1536
f 1537 1543 1548
f 1537 1548 1544
f 1537 1544 1545
f 1537 1545 1538
f 1540 1546 1541
f 1541 1546 1544
f 1541 1544 1548
f 1541 1548 1547
f 1541 1547 1542

o geometry_9
v -0.00382530 -0.00780969 -0.00859605 2.82352941 1.56470589 1.23529413
v -0.00337089 -0.00823575 0.00093042 2.82352941 1.56470589 1.23529413
v -0.00382530 0.00779271 -0.00856563 2.82352941 1.56470589 1.23529413
v -0.00382530 0.00779271 -0.00859605 2.82352941 1.56470589 1.23529413
v 0.07741515 -0.00780969 -0.00859605 2.82352941 1.56470589 1.23529413
v -0.00301218 -0.00823575 0.00828321 2.82352941 1.56470589 1.23529413
v -0.00337089 0.00825102 0.00093042 2.82352941 1.56470589 1.23529413
v 0.07752678 -0.00823575 0.00093042 2.82352941 1.56470589 1.23529413
v 0.07741515 0.00779271 -0.00859605 2.82352941 1.56470589 1.23529413
v 0.07761444 -0.00780969 -0.00858252 2.82352941 1.56470589 1.23529413
v -0.00298824 -0.00823575 0.00867198 2.82352941 1.56470589 1.23529413
v -0.00298824 0.00825102 0.00867198 2.82352941 1.56470589 1.23529413
v 0.07752678 0.00825102 0.00093042 2.82352941 1.56470589 1.23529413
v 0.07752678 -0.00823575 0.00865677 2.82352941 1.56470589 1.23529413
v 0.07761444 0.00779271 -0.00858252 2.82352941 1.56470589 1.23529413
v 0.07761444 -0.00780969 0.00093042 2.82352941 1.56470589 1.23529413
v 0.07741515 -0.00823575 0.00867198 2.82352941 1.56470589 1.23529413
v 0.07741515 0.00825102 0.00867198 2.82352941 1.56470589 1.23529413
v 0.07752678 0.00825102 0.00865677 2.82352941 1.56470589 1.23529413
v 0.07761444 0.00779271 0.00093042 2.82352941 1.56470589 1.23529413
f 1549 1550 1551
f 1549 1551 1552
f 1549 1552 1557
f 1549 1557 1553
f 1549 1553 1556
f 1549 1556 1550
f 1550 1554 1555
f 1550 1555 1551
f 1550 1556 1562
f 1550 1562 1565
f 1550 1565 1559
f 1550 1559 1554
f 1551 1555 1552
f 1552 1555 1561
f 1552 1561 1557
f 1553 1557 1563
f 1553 1563 1558
f 1553 1558 1556
f 1554 1559 1560
f 1554 1560 1555
f 1555 1560 1566
f 1555 1566 1567
f 1555 1567 1561
f 1556 1558 1564
f 1556 1564 1562
f 1557 1561 1563
f 1558 1563 1568
f 1558 1568 1564
f 1559 1565 1566
f 1559 1566 1560
f 1561 1567 1568
f 1561 1568 1563
f 1562 1564 1568
f 1562 1568 1567
f 1562 1567 1566
f 1562 1566 1565

o geometry_10
v -0.00302043 0.01800498 0.01434879 0.78823530 2.31764706 1.36470588
v -0.00302043 0.01800498 0.00867282 0.78823530 2.31764706 1.36470588
v -0.01725645 0.01800498 0.01521942 0.78823530 2.31764706 1.36470588
v -0.00302043 0.01800315 0.01522953 0.78823530 2.31764706 1.36470588
v -0.00302043 0.00861054 0.00867282 0.78823530 2.31764706 1.36470588
v -0.07268604 0.01800498 0.00867282 0.78823530 2.31764706 1.36470588
v -0.00302043 0.01798749 0.01541007 0.78823530 2.31764706 1.36470588
v -0.00302043 0.01799118 0.01536873 0.78823530 2.31764706 1.36470588
v -0.07268604 0.01800498 0.01521942 0.78823530 2.31764706 1.36470588
v -0.00302043 0.00889674 0.01495956 0.78823530 2.31764706 1.36470588
v -0.03449322 0.00860316 0.01717158 0.78823530 2.31764706 1.36470588
v -0.03414102 0.00860316 0.01702731 0.78823530 2.31764706 1.36470588
v -0.03382404 0.00860316 0.01683159 0.78823530 2.31764706 1.36470588
v -0.03380289 0.00860316 0.01681725 0.78823530 2.31764706 1.36470588
v -0.03353523 0.00860316 0.01658187 0.78823530 2.31764706 1.36470588
v -0.03342252 0.00860316 0.01645197 0.78823530 2.31764706 1.36470588
v -0.03330981 0.00860316 0.01630095 0.78823530 2.31764706 1.36470588
v -0.03321825 0.00860316 0.01615332 0.78823530 2.31764706 1.36470588
v -0.03313371 0.00860316 0.01598880 0.78823530 2.31764706 1.36470588
v -0.03307032 0.00860316 0.01582767 0.78823530 2.31764706 1.36470588
v -0.03302100 0.00860316 0.01565472 0.78823530 2.31764706 1.36470588
v -0.03299283 0.00860316 0.01548516 0.78823530 2.31764706 1.36470588
v -0.03297171 0.00860316 0.01530969 0.78823530 2.31764706 1.36470588
v -0.03294354 0.00860316 0.01473939 0.78823530 2.31764706 1.36470588
v -0.03265473 0.00860316 0.00867282 0.78823530 2.31764706 1.36470588
v -0.07299597 0.01797921 0.00867282 0.78823530 2.31764706 1.36470588
v -0.01725645 0.01797186 0.01557879 0.78823530 2.31764706 1.36470588
v -0.00302043 0.01797276 0.01556868 0.78823530 2.31764706 1.36470588
v -0.07268604 0.01797186 0.01557879 0.78823530 2.31764706 1.36470588
v -0.07308048 0.01797186 0.01521942 0.78823530 2.31764706 1.36470588
v -0.07307346 0.01793964 0.01557879 0.78823530 2.31764706 1.36470588
v -0.00302043 0.00890595 0.01516119 0.78823530 2.31764706 1.36470588
v -0.03483132 0.00860316 0.01725171 0.78823530 2.31764706 1.36470588
v -0.00302043 0.00891330 0.01531389 0.78823530 2.31764706 1.36470588
v -0.07497534 0.00860316 0.00867282 0.78823530 2.31764706 1.36470588
v -0.07308048 0.01797186 0.00867282 0.78823530 2.31764706 1.36470588
v -0.00302043 0.01796910 0.01558893 0.78823530 2.31764706 1.36470588
v -0.07268604 0.01787430 0.01592805 0.78823530 2.31764706 1.36470588
v -0.05420949 0.01795989 0.01562268 0.78823530 2.31764706 1.36470588
v -0.07316502 0.01795068 0.00867282 0.78823530 2.31764706 1.36470588
v -0.07346790 0.01787430 0.01521942 0.78823530 2.31764706 1.36470588
v -0.07305936 0.01784301 0.01592805 0.78823530 2.31764706 1.36470588
v -0.07345383 0.01784301 0.01557879 0.78823530 2.31764706 1.36470588
v -0.07341861 0.01775190 0.01592805 0.78823530 2.31764706 1.36470588
v -0.03487359 0.00860316 0.01726017 0.78823530 2.31764706 1.36470588
v -0.00302043 0.00892896 0.01548852 0.78823530 2.31764706 1.36470588
v -0.07497534 0.00860316 0.01521942 0.78823530 2.31764706 1.36470588
v -0.07497534 0.01584411 0.00867282 0.78823530 2.31764706 1.36470588
v -0.01725645 0.01795989 0.01562268 0.78823530 2.31764706 1.36470588
v -0.00302043 0.01792032 0.01576356 0.78823530 2.31764706 1.36470588
v -0.05420949 0.01791111 0.01579731 0.78823530 2.31764706 1.36470588
v -0.07303119 0.01768656 0.01625454 0.78823530 2.31764706 1.36470588
v -0.07268604 0.01771509 0.01625454 0.78823530 2.31764706 1.36470588
v -0.05420949 0.01773534 0.01621404 0.78823530 2.31764706 1.36470588
v -0.03573297 0.01783473 0.01600989 0.78823530 2.31764706 1.36470588
v -0.01725645 0.01787430 0.01592805 0.78823530 2.31764706 1.36470588
v -0.07346790 0.01787430 0.00867282 0.78823530 2.31764706 1.36470588
v -0.07354539 0.01784025 0.00867282 0.78823530 2.31764706 1.36470588
v -0.07382715 0.01771509 0.01521942 0.78823530 2.31764706 1.36470588
v -0.07381308 0.01768656 0.01557879 0.78823530 2.31764706 1.36470588
v -0.07375671 0.01760190 0.01592805 0.78823530 2.31764706 1.36470588
v -0.07367220 0.01746477 0.01625454 0.78823530 2.31764706 1.36470588
v -0.07336227 0.01760190 0.01625454 0.78823530 2.31764706 1.36470588
v -0.03490881 0.00860316 0.01726353 0.78823530 2.31764706 1.36470588
v -0.00302043 0.00896115 0.01566231 0.78823530 2.31764706 1.36470588
v -0.07494012 0.00860316 0.01557879 0.78823530 2.31764706 1.36470588
v -0.07497534 0.01584411 0.01521942 0.78823530 2.31764706 1.36470588
v -0.07494012 0.01621866 0.00867282 0.78823530 2.31764706 1.36470588
v -0.01725645 0.01791111 0.01579731 0.78823530 2.31764706 1.36470588
v -0.00302043 0.01787706 0.01591794 0.78823530 2.31764706 1.36470588
v -0.07298892 0.01747398 0.01655067 0.78823530 2.31764706 1.36470588
v -0.07328478 0.01739943 0.01655067 0.78823530 2.31764706 1.36470588
v -0.07268604 0.01749882 0.01655067 0.78823530 2.31764706 1.36470588
v -0.05420949 0.01752642 0.01651353 0.78823530 2.31764706 1.36470588
v -0.05420949 0.01768839 0.01629168 0.78823530 2.31764706 1.36470588
v -0.01725645 0.01771509 0.01625454 0.78823530 2.31764706 1.36470588
v -0.01725645 0.01773534 0.01621404 0.78823530 2.31764706 1.36470588
v -0.00302043 0.01786968 0.01593735 0.78823530 2.31764706 1.36470588
v -0.07382715 0.01771509 0.00867282 0.78823530 2.31764706 1.36470588
v -0.07408779 0.01754574 0.00867282 0.78823530 2.31764706 1.36470588
v -0.07415823 0.01749882 0.01521942 0.78823530 2.31764706 1.36470588
v -0.07413006 0.01747398 0.01557879 0.78823530 2.31764706 1.36470588
v -0.07406667 0.01739943 0.01592805 0.78823530 2.31764706 1.36470588
v -0.07396098 0.01727703 0.01625454 0.78823530 2.31764706 1.36470588
v -0.07355949 0.01727703 0.01655067 0.78823530 2.31764706 1.36470588
v -0.03525399 0.00860316 0.01729053 0.78823530 2.31764706 1.36470588
v -0.00302043 0.00900810 0.01583274 0.78823530 2.31764706 1.36470588
v -0.00302043 0.00906975 0.01599894 0.78823530 2.31764706 1.36470588
v -0.07483446 0.00860316 0.01592805 0.78823530 2.31764706 1.36470588
v -0.07494012 0.01584411 0.01557879 0.78823530 2.31764706 1.36470588
v -0.07494012 0.01621866 0.01521942 0.78823530 2.31764706 1.36470588
v -0.07483446 0.01658310 0.00867282 0.78823530 2.31764706 1.36470588
v -0.07293960 0.01721169 0.01680543 0.78823530 2.31764706 1.36470588
v -0.07268604 0.01723284 0.01680543 0.78823530 2.31764706 1.36470588
v -0.07341861 0.01704696 0.01680543 0.78823530 2.31764706 1.36470588
v -0.07318614 0.01714911 0.01680543 0.78823530 2.31764706 1.36470588
v -0.05420949 0.01746567 0.01658271 0.78823530 2.31764706 1.36470588
v -0.01725645 0.01749882 0.01655067 0.78823530 2.31764706 1.36470588
v -0.00302043 0.01750524 0.01654224 0.78823530 2.31764706 1.36470588
v -0.01725645 0.01752642 0.01651353 0.78823530 2.31764706 1.36470588
v -0.00302043 0.01760097 0.01641147 0.78823530 2.31764706 1.36470588
v -0.01725645 0.01768839 0.01629168 0.78823530 2.31764706 1.36470588
v -0.00302043 0.01770864 0.01626300 0.78823530 2.31764706 1.36470588
v -0.00302043 0.01771968 0.01624527 0.78823530 2.31764706 1.36470588
v -0.00302043 0.01772889 0.01622670 0.78823530 2.31764706 1.36470588
v -0.07415823 0.01749882 0.00867282 0.78823530 2.31764706 1.36470588
v -0.07443999 0.01723284 0.01521942 0.78823530 2.31764706 1.36470588
v -0.07441182 0.01721169 0.01557879 0.78823530 2.31764706 1.36470588
v -0.07433433 0.01714911 0.01592805 0.78823530 2.31764706 1.36470588
v -0.07420050 0.01704696 0.01625454 0.78823530 2.31764706 1.36470588
v -0.07381308 0.01711137 0.01655067 0.78823530 2.31764706 1.36470588
v -0.00302043 0.00914616 0.01615923 0.78823530 2.31764706 1.36470588
v -0.00302043 0.00923634 0.01631277 0.78823530 2.31764706 1.36470588
v -0.00302043 0.00933756 0.01645533 0.78823530 2.31764706 1.36470588
v -0.00302043 0.00945813 0.01659537 0.78823530 2.31764706 1.36470588
v -0.00302043 0.00970476 0.01682232 0.78823530 2.31764706 1.36470588
v -0.00302043 0.00972594 0.01683834 0.78823530 2.31764706 1.36470588
v -0.00302043 0.01000386 0.01701804 0.78823530 2.31764706 1.36470588
v -0.00302043 0.01001859 0.01702731 0.78823530 2.31764706 1.36470588
v -0.00302043 0.01033335 0.01716399 0.78823530 2.31764706 1.36470588
v -0.00302043 0.01035174 0.01717158 0.78823530 2.31764706 1.36470588
v -0.00302043 0.01070607 0.01726017 0.78823530 2.31764706 1.36470588
v -0.00302043 0.01073091 0.01726269 0.78823530 2.31764706 1.36470588
v -0.00302043 0.01107141 0.01729053 0.78823530 2.31764706 1.36470588
v -0.07268604 0.00860316 0.01729053 0.78823530 2.31764706 1.36470588
v -0.07466541 0.00860316 0.01625454 0.78823530 2.31764706 1.36470588
v -0.07483446 0.01584411 0.01592805 0.78823530 2.31764706 1.36470588
v -0.07490490 0.01621314 0.01557879 0.78823530 2.31764706 1.36470588
v -0.07483446 0.01658310 0.01521942 0.78823530 2.31764706 1.36470588
v -0.07479924 0.01665675 0.00867282 0.78823530 2.31764706 1.36470588
v -0.07288326 0.01690797 0.01701297 0.78823530 2.31764706 1.36470588
v -0.07268604 0.01692453 0.01701297 0.78823530 2.31764706 1.36470588
v -0.03573297 0.01729911 0.01674216 0.78823530 2.31764706 1.36470588
v -0.03573297 0.01715553 0.01685775 0.78823530 2.31764706 1.36470588
v -0.00302043 0.01723284 0.01680543 0.78823530 2.31764706 1.36470588
v -0.07325658 0.01677915 0.01701297 0.78823530 2.31764706 1.36470588
v -0.07362993 0.01690797 0.01680543 0.78823530 2.31764706 1.36470588
v -0.07307346 0.01685919 0.01701297 0.78823530 2.31764706 1.36470588
v -0.00302043 0.01734327 0.01669998 0.78823530 2.31764706 1.36470588
v -0.01725645 0.01746567 0.01658271 0.78823530 2.31764706 1.36470588
v -0.00302043 0.01747581 0.01657260 0.78823530 2.31764706 1.36470588
v -0.00302043 0.01749144 0.01655742 0.78823530 2.31764706 1.36470588
v -0.07443999 0.01723284 0.00867282 0.78823530 2.31764706 1.36470588
v -0.07448931 0.01716657 0.00867282 0.78823530 2.31764706 1.36470588
v -0.07466541 0.01692453 0.01521942 0.78823530 2.31764706 1.36470588
v -0.07463721 0.01690797 0.01557879 0.78823530 2.31764706 1.36470588
v -0.07454565 0.01685919 0.01592805 0.78823530 2.31764706 1.36470588
v -0.07439772 0.01677915 0.01625454 0.78823530 2.31764706 1.36470588
v -0.07420050 0.01667145 0.01655067 0.78823530 2.31764706 1.36470588
v -0.07402440 0.01690797 0.01655067 0.78823530 2.31764706 1.36470588
v -0.07381308 0.01673679 0.01680543 0.78823530 2.31764706 1.36470588
v -0.00302043 0.01584411 0.01729053 0.78823530 2.31764706 1.36470588
v -0.07268604 0.01584411 0.01729053 0.78823530 2.31764706 1.36470588
v -0.07298892 0.00860316 0.01726608 0.78823530 2.31764706 1.36470588
v -0.07461609 0.00860316 0.01632204 0.78823530 2.31764706 1.36470588
v -0.07466541 0.01584411 0.01625454 0.78823530 2.31764706 1.36470588
v -0.07463721 0.01616898 0.01625454 0.78823530 2.31764706 1.36470588
v -0.07479924 0.01619658 0.01592805 0.78823530 2.31764706 1.36470588
v -0.07470768 0.01653801 0.01592805 0.78823530 2.31764706 1.36470588
v -0.07479924 0.01657206 0.01557879 0.78823530 2.31764706 1.36470588
v -0.07466541 0.01692453 0.00867282 0.78823530 2.31764706 1.36470588
v -0.07295370 0.01653801 0.01716483 0.78823530 2.31764706 1.36470588
v -0.07281987 0.01657206 0.01716483 0.78823530 2.31764706 1.36470588
v -0.07268604 0.01658310 0.01716483 0.78823530 2.31764706 1.36470588
v -0.05420949 0.01662546 0.01714626 0.78823530 2.31764706 1.36470588
v -0.01725645 0.01671102 0.01710831 0.78823530 2.31764706 1.36470588
v -0.00302043 0.01692453 0.01701297 0.78823530 2.31764706 1.36470588
v -0.00302043 0.01706994 0.01691511 0.78823530 2.31764706 1.36470588
v -0.01725645 0.01719420 0.01683159 0.78823530 2.31764706 1.36470588
v -0.07341861 0.01667145 0.01701297 0.78823530 2.31764706 1.36470588
v -0.07318614 0.01641009 0.01716483 0.78823530 2.31764706 1.36470588
v -0.07307346 0.01648371 0.01716483 0.78823530 2.31764706 1.36470588
v -0.07433433 0.01641009 0.01655067 0.78823530 2.31764706 1.36470588
v -0.07454565 0.01648371 0.01625454 0.78823530 2.31764706 1.36470588
v -0.07396098 0.01653801 0.01680543 0.78823530 2.31764706 1.36470588
v -0.07355949 0.01653801 0.01701297 0.78823530 2.31764706 1.36470588
v -0.00302043 0.01604196 0.01727367 0.78823530 2.31764706 1.36470588
v -0.01725645 0.01598490 0.01727871 0.78823530 2.31764706 1.36470588
v -0.03573297 0.01612572 0.01726692 0.78823530 2.31764706 1.36470588
v -0.05420949 0.01617267 0.01726269 0.78823530 2.31764706 1.36470588
v -0.07268604 0.01621866 0.01725846 0.78823530 2.31764706 1.36470588
v -0.07275645 0.01621314 0.01725846 0.78823530 2.31764706 1.36470588
v -0.07281987 0.01619658 0.01725846 0.78823530 2.31764706 1.36470588
v -0.07288326 0.01616898 0.01725846 0.78823530 2.31764706 1.36470588
v -0.07293960 0.01613124 0.01725846 0.78823530 2.31764706 1.36470588
v -0.07298892 0.01608522 0.01725846 0.78823530 2.31764706 1.36470588
v -0.07303119 0.01603185 0.01725846 0.78823530 2.31764706 1.36470588
v -0.07305936 0.01597203 0.01725846 0.78823530 2.31764706 1.36470588
v -0.07307346 0.01590945 0.01725846 0.78823530 2.31764706 1.36470588
v -0.07308048 0.01584411 0.01725846 0.78823530 2.31764706 1.36470588
v -0.07308048 0.00860316 0.01725846 0.78823530 2.31764706 1.36470588
v -0.07443999 0.00860316 0.01655067 0.78823530 2.31764706 1.36470588
v -0.07443999 0.01584411 0.01655067 0.78823530 2.31764706 1.36470588
v -0.07441182 0.01613124 0.01655067 0.78823530 2.31764706 1.36470588
v -0.05420949 0.01635579 0.01722387 0.78823530 2.31764706 1.36470588
v -0.00302043 0.01657206 0.01716819 0.78823530 2.31764706 1.36470588
v -0.01725645 0.01658310 0.01716483 0.78823530 2.31764706 1.36470588
v -0.01725645 0.01662546 0.01714626 0.78823530 2.31764706 1.36470588
v -0.00302043 0.01672392 0.01710240 0.78823530 2.31764706 1.36470588
v -0.07328478 0.01631898 0.01716483 0.78823530 2.31764706 1.36470588
v -0.07406667 0.01631898 0.01680543 0.78823530 2.31764706 1.36470588
v -0.07375671 0.01621314 0.01701297 0.78823530 2.31764706 1.36470588
v -0.07367220 0.01638432 0.01701297 0.78823530 2.31764706 1.36470588
v -0.00302043 0.01620855 0.01725933 0.78823530 2.31764706 1.36470588
v -0.01725645 0.01617267 0.01726269 0.78823530 2.31764706 1.36470588
v -0.03573297 0.01630977 0.01723569 0.78823530 2.31764706 1.36470588
v -0.01725645 0.01621866 0.01725846 0.78823530 2.31764706 1.36470588
v -0.00302043 0.01622973 0.01725594 0.78823530 2.31764706 1.36470588
v -0.00302043 0.01624995 0.01725087 0.78823530 2.31764706 1.36470588
v -0.07336227 0.01621314 0.01716483 0.78823530 2.31764706 1.36470588
v -0.07341861 0.01609626 0.01716483 0.78823530 2.31764706 1.36470588
v -0.07345383 0.01597203 0.01716483 0.78823530 2.31764706 1.36470588
v -0.07346790 0.01584411 0.01716483 0.78823530 2.31764706 1.36470588
v -0.07317207 0.00860316 0.01723737 0.78823530 2.31764706 1.36470588
v -0.07415823 0.00860316 0.01680543 0.78823530 2.31764706 1.36470588
v -0.07415823 0.01584411 0.01680543 0.78823530 2.31764706 1.36470588
v -0.07413006 0.01608522 0.01680543 0.78823530 2.31764706 1.36470588
v -0.01725645 0.01635579 0.01722387 0.78823530 2.31764706 1.36470588
v -0.00302043 0.01659231 0.01716060 0.78823530 2.31764706 1.36470588
v -0.07381308 0.01603185 0.01701297 0.78823530 2.31764706 1.36470588
v -0.07382715 0.01584411 0.01701297 0.78823530 2.31764706 1.36470588
v -0.07374969 0.00860316 0.01704756 0.78823530 2.31764706 1.36470588
v -0.07355244 0.00860316 0.01713024 0.78823530 2.31764706 1.36470588
v -0.07346790 0.00860316 0.01716483 0.78823530 2.31764706 1.36470588
v -0.07390464 0.00860316 0.01696572 0.78823530 2.31764706 1.36470588
v -0.07382715 0.00860316 0.01701297 0.78823530 2.31764706 1.36470588
f 1569 1570 1574
f 1569 1574 1577
f 1569 1577 1571
f 1569 1571 1572
f 1569 1572 1576
f 1569 1576 1575
f 1569 1575 1596
f 1569 1596 1605
f 1569 1605 1618
f 1569 1618 1638
f 1569 1638 1646
f 1569 1646 1673
f 1569 1673 1672
f 1569 1672 1671
f 1569 1671 1669
f 1569 1669 1667
f 1569 1667 1710
f 1569 1710 1709
f 1569 1709 1707
f 1569 1707 1703
f 1569 1703 1736
f 1569 1736 1735
f 1569 1735 1767
f 1569 1767 1787
f 1569 1787 1764
f 1569 1764 1777
f 1569 1777 1776
f 1569 1776 1772
f 1569 1772 1745
f 1569 1745 1720
f 1569 1720 1692
f 1569 1692 1691
f 1569 1691 1690
f 1569 1690 1689
f 1569 1689 1688
f 1569 1688 1687
f 1569 1687 1686
f 1569 1686 1685
f 1569 1685 1684
f 1569 1684 1683
f 1569 1683 1682
f 1569 1682 1681
f 1569 1681 1680
f 1569 1680 1656
f 1569 1656 1655
f 1569 1655 1633
f 1569 1633 1614
f 1569 1614 1602
f 1569 1602 1600
f 1569 1600 1578
f 1569 1578 1573
f 1569 1573 1570
f 1570 1573 1593
f 1570 1593 1603
f 1570 1603 1616
f 1570 1616 1636
f 1570 1636 1660
f 1570 1660 1698
f 1570 1698 1729
f 1570 1729 1712
f 1570 1712 1711
f 1570 1711 1674
f 1570 1674 1648
f 1570 1648 1647
f 1570 1647 1626
f 1570 1626 1625
f 1570 1625 1608
f 1570 1608 1604
f 1570 1604 1594
f 1570 1594 1574
f 1571 1575 1576
f 1571 1576 1572
f 1571 1577 1575
f 1573 1578 1579
f 1573 1579 1580
f 1573 1580 1581
f 1573 1581 1582
f 1573 1582 1583
f 1573 1583 1584
f 1573 1584 1585
f 1573 1585 1586
f 1573 1586 1587
f 1573 1587 1588
f 1573 1588 1589
f 1573 1589 1590
f 1573 1590 1591
f 1573 1591 1592
f 1573 1592 1593
f 1574 1594 1577
f 1575 1595 1596
f 1575 1577 1597
f 1575 1597 1595
f 1577 1594 1598
f 1577 1598 1599
f 1577 1599 1597
f 1578 1600 1579
f 1579 1601 1613
f 1579 1613 1632
f 1579 1632 1654
f 1579 1654 1693
f 1579 1693 1722
f 1579 1722 1759
f 1579 1759 1782
f 1579 1782 1792
f 1579 1792 1791
f 1579 1791 1790
f 1579 1790 1794
f 1579 1794 1793
f 1579 1793 1783
f 1579 1783 1760
f 1579 1760 1723
f 1579 1723 1694
f 1579 1694 1657
f 1579 1657 1634
f 1579 1634 1615
f 1579 1615 1603
f 1579 1603 1593
f 1579 1593 1592
f 1579 1592 1591
f 1579 1591 1590
f 1579 1590 1589
f 1579 1589 1588
f 1579 1588 1587
f 1579 1587 1586
f 1579 1586 1585
f 1579 1585 1584
f 1579 1584 1583
f 1579 1583 1582
f 1579 1582 1581
f 1579 1581 1580
f 1579 1600 1602
f 1579 1602 1601
f 1594 1604 1598
f 1595 1605 1596
f 1595 1597 1607
f 1595 1607 1617
f 1595 1617 1605
f 1597 1599 1606
f 1597 1606 1619
f 1597 1619 1607
f 1598 1604 1608
f 1598 1608 1609
f 1598 1609 1599
f 1599 1610 1606
f 1599 1609 1611
f 1599 1611 1612
f 1599 1612 1610
f 1601 1602 1613
f 1602 1614 1613
f 1603 1615 1635
f 1603 1635 1616
f 1605 1617 1637
f 1605 1637 1618
f 1606 1610 1620
f 1606 1620 1621
f 1606 1621 1622
f 1606 1622 1623
f 1606 1623 1624
f 1606 1624 1637
f 1606 1637 1619
f 1607 1619 1637
f 1607 1637 1617
f 1608 1625 1609
f 1609 1625 1626
f 1609 1626 1627
f 1609 1627 1628
f 1609 1628 1611
f 1610 1612 1620
f 1611 1628 1612
f 1612 1628 1629
f 1612 1629 1630
f 1612 1630 1631
f 1612 1631 1620
f 1613 1614 1633
f 1613 1633 1632
f 1615 1634 1658
f 1615 1658 1635
f 1616 1635 1659
f 1616 1659 1636
f 1618 1637 1638
f 1620 1639 1621
f 1620 1631 1640
f 1620 1640 1639
f 1621 1639 1641
f 1621 1641 1642
f 1621 1642 1643
f 1621 1643 1670
f 1621 1670 1644
f 1621 1644 1645
f 1621 1645 1622
f 1622 1645 1623
f 1623 1645 1646
f 1623 1646 1624
f 1624 1646 1638
f 1624 1638 1637
f 1626 1647 1627
f 1627 1647 1648
f 1627 1648 1649
f 1627 1649 1628
f 1628 1649 1650
f 1628 1650 1651
f 1628 1651 1629
f 1629 1651 1652
f 1629 1652 1630
f 1630 1653 1640
f 1630 1640 1631
f 1630 1652 1653
f 1632 1633 1655
f 1632 1655 1656
f 1632 1656 1654
f 1634 1657 1695
f 1634 1695 1658
f 1635 1658 1659
f 1636 1659 1697
f 1636 1697 1660
f 1639 1661 1662
f 1639 1662 1641
f 1639 1640 1661
f 1640 1653 1663
f 1640 1663 1664
f 1640 1664 1661
f 1641 1662 1665
f 1641 1665 1708
f 1641 1708 1666
f 1641 1666 1667
f 1641 1667 1642
f 1642 1667 1668
f 1642 1668 1669
f 1642 1669 1643
f 1643 1669 1670
f 1644 1670 1671
f 1644 1671 1672
f 1644 1672 1645
f 1645 1672 1673
f 1645 1673 1646
f 1648 1674 1649
f 1649 1674 1711
f 1649 1711 1675
f 1649 1675 1676
f 1649 1676 1650
f 1650 1676 1651
f 1651 1676 1677
f 1651 1677 1652
f 1652 1677 1678
f 1652 1678 1679
f 1652 1679 1653
f 1653 1679 1663
f 1654 1656 1680
f 1654 1680 1681
f 1654 1681 1682
f 1654 1682 1683
f 1654 1683 1684
f 1654 1684 1685
f 1654 1685 1686
f 1654 1686 1687
f 1654 1687 1688
f 1654 1688 1689
f 1654 1689 1690
f 1654 1690 1691
f 1654 1691 1692
f 1654 1692 1720
f 1654 1720 1721
f 1654 1721 1693
f 1657 1694 1724
f 1657 1724 1695
f 1658 1695 1696
f 1658 1696 1659
f 1659 1696 1697
f 1660 1697 1698
f 1661 1664 1699
f 1661 1699 1700
f 1661 1700 1662
f 1662 1701 1665
f 1662 1700 1702
f 1662 1702 1737
f 1662 1737 1703
f 1662 1703 1707
f 1662 1707 1701
f 1663 1704 1664
f 1663 1679 1705
f 1663 1705 1704
f 1664 1706 1699
f 1664 1704 1706
f 1665 1701 1707
f 1665 1707 1708
f 1666 1708 1709
f 1666 1709 1710
f 1666 1710 1667
f 1667 1669 1668
f 1669 1671 1670
f 1675 1711 1712
f 1675 1712 1713
f 1675 1713 1714
f 1675 1714 1676
f 1676 1714 1677
f 1677 1714 1715
f 1677 1715 1716
f 1677 1716 1678
f 1678 1717 1718
f 1678 1718 1679
f 1678 1716 1717
f 1679 1718 1719
f 1679 1719 1705
f 1693 1721 1722
f 1694 1723 1724
f 1695 1724 1725
f 1695 1725 1726
f 1695 1726 1696
f 1696 1726 1727
f 1696 1727 1728
f 1696 1728 1697
f 1697 1728 1714
f 1697 1714 1713
f 1697 1713 1698
f 1698 1713 1729
f 1699 1706 1730
f 1699 1730 1731
f 1699 1731 1700
f 1700 1731 1732
f 1700 1732 1733
f 1700 1733 1734
f 1700 1734 1735
f 1700 1735 1702
f 1702 1735 1736
f 1702 1736 1737
f 1703 1737 1736
f 1704 1705 1738
f 1704 1738 1739
f 1704 1739 1740
f 1704 1740 1730
f 1704 1730 1706
f 1705 1719 1738
f 1707 1709 1708
f 1712 1729 1713
f 1714 1728 1727
f 1714 1727 1715
f 1715 1727 1716
f 1716 1741 1717
f 1716 1727 1742
f 1716 1742 1741
f 1717 1743 1719
f 1717 1719 1718
f 1717 1741 1743
f 1719 1743 1744
f 1719 1744 1738
f 1720 1745 1746
f 1720 1746 1747
f 1720 1747 1721
f 1721 1747 1748
f 1721 1748 1749
f 1721 1749 1750
f 1721 1750 1751
f 1721 1751 1752
f 1721 1752 1753
f 1721 1753 1754
f 1721 1754 1755
f 1721 1755 1756
f 1721 1756 1757
f 1721 1757 1758
f 1721 1758 1722
f 1722 1758 1759
f 1723 1760 1761
f 1723 1761 1724
f 1724 1761 1725
f 1725 1742 1727
f 1725 1727 1726
f 1725 1761 1762
f 1725 1762 1741
f 1725 1741 1742
f 1730 1752 1751
f 1730 1751 1750
f 1730 1750 1731
f 1730 1740 1752
f 1731 1750 1732
f 1732 1750 1749
f 1732 1749 1763
f 1732 1763 1764
f 1732 1764 1765
f 1732 1765 1766
f 1732 1766 1733
f 1733 1766 1734
f 1734 1766 1767
f 1734 1767 1735
f 1738 1768 1739
f 1738 1744 1768
f 1739 1768 1753
f 1739 1753 1752
f 1739 1752 1740
f 1741 1762 1769
f 1741 1769 1743
f 1743 1770 1771
f 1743 1771 1744
f 1743 1769 1770
f 1744 1771 1768
f 1745 1772 1773
f 1745 1773 1746
f 1746 1773 1747
f 1747 1773 1748
f 1748 1773 1775
f 1748 1775 1749
f 1749 1774 1763
f 1749 1775 1776
f 1749 1776 1777
f 1749 1777 1774
f 1753 1768 1754
f 1754 1768 1755
f 1755 1768 1778
f 1755 1778 1779
f 1755 1779 1756
f 1756 1779 1780
f 1756 1780 1757
f 1757 1780 1781
f 1757 1781 1758
f 1758 1782 1759
f 1758 1781 1782
f 1760 1783 1784
f 1760 1784 1761
f 1761 1784 1762
f 1762 1784 1785
f 1762 1785 1769
f 1763 1774 1786
f 1763 1786 1764
f 1764 1786 1777
f 1764 1787 1765
f 1765 1787 1766
f 1766 1787 1767
f 1768 1771 1778
f 1769 1785 1788
f 1769 1788 1770
f 1770 1788 1779
f 1770 1779 1778
f 1770 1778 1771
f 1772 1776 1775
f 1772 1775 1773
f 1774 1777 1786
f 1779 1788 1780
f 1780 1788 1781
f 1781 1788 1789
f 1781 1789 1790
f 1781 1790 1791
f 1781 1791 1792
f 1781 1792 1782
f 1783 1793 1784
f 1784 1793 1789
f 1784 1789 1788
f 1784 1788 1785
f 1789 1793 1794
f 1789 1794 1790

o geometry_11
v -0.03150786 0.00750975 -0.01505697 1.69411764 0.04705881 1.84705881
v -0.03146955 -0.00782256 -0.00859698 1.69411764 0.04705881 1.84705881
v -0.03146955 -0.00752784 -0.01503924 1.69411764 0.04705881 1.84705881
v -0.03150786 0.00750975 -0.01522407 1.69411764 0.04705881 1.84705881
v -0.03181875 0.00750975 -0.00859698 1.69411764 0.04705881 1.84705881
v -0.03146955 -0.01800498 -0.00859698 1.69411764 0.04705881 1.84705881
v -0.03146955 -0.00752784 -0.01522407 1.69411764 0.04705881 1.84705881
v -0.03146955 -0.00754035 -0.01539114 1.69411764 0.04705881 1.84705881
v -0.03146955 -0.00756780 -0.01555572 1.69411764 0.04705881 1.84705881
v -0.03146955 -0.00761028 -0.01571859 1.69411764 0.04705881 1.84705881
v -0.03146955 -0.00766521 -0.01587723 1.69411764 0.04705881 1.84705881
v -0.03146955 -0.00773265 -0.01603167 1.69411764 0.04705881 1.84705881
v -0.03146955 -0.00781257 -0.01618020 1.69411764 0.04705881 1.84705881
v -0.03146955 -0.00791247 -0.01632786 1.69411764 0.04705881 1.84705881
v -0.03146955 -0.00812475 -0.01657935 1.69411764 0.04705881 1.84705881
v -0.03146955 -0.00838452 -0.01680129 1.69411764 0.04705881 1.84705881
v -0.03146955 -0.00867921 -0.01697934 1.69411764 0.04705881 1.84705881
v -0.03146955 -0.00900138 -0.01711101 1.69411764 0.04705881 1.84705881
v -0.03146955 -0.00903636 -0.01711944 1.69411764 0.04705881 1.84705881
v -0.03146955 -0.00933855 -0.01719117 1.69411764 0.04705881 1.84705881
v -0.03152064 0.00750975 -0.01539030 1.69411764 0.04705881 1.84705881
v -0.07497108 0.00750975 -0.00859698 1.69411764 0.04705881 1.84705881
v -0.03146955 -0.01800498 -0.01427130 1.69411764 0.04705881 1.84705881
v -0.07268847 -0.01800498 -0.00859698 1.69411764 0.04705881 1.84705881
v -0.03146955 -0.00938103 -0.01719453 1.69411764 0.04705881 1.84705881
v -0.03215091 0.00750975 -0.01658694 1.69411764 0.04705881 1.84705881
v -0.03191244 0.00750975 -0.01632618 1.69411764 0.04705881 1.84705881
v -0.03181023 0.00750975 -0.01618104 1.69411764 0.04705881 1.84705881
v -0.03172506 0.00750975 -0.01603083 1.69411764 0.04705881 1.84705881
v -0.03165267 0.00750975 -0.01587807 1.69411764 0.04705881 1.84705881
v -0.03159303 0.00750975 -0.01571772 1.69411764 0.04705881 1.84705881
v -0.03155046 0.00750975 -0.01555656 1.69411764 0.04705881 1.84705881
v -0.07497108 0.00750975 -0.01514727 1.69411764 0.04705881 1.84705881
v -0.07497108 -0.01584213 -0.00859698 1.69411764 0.04705881 1.84705881
v -0.03146955 -0.01800249 -0.01515738 1.69411764 0.04705881 1.84705881
v -0.03573240 -0.01800498 -0.01514727 1.69411764 0.04705881 1.84705881
v -0.07277364 -0.01799748 -0.00859698 1.69411764 0.04705881 1.84705881
v -0.07268847 -0.01800498 -0.01514727 1.69411764 0.04705881 1.84705881
v -0.03146955 -0.00968571 -0.01721817 1.69411764 0.04705881 1.84705881
v -0.03241494 0.00750975 -0.01680045 1.69411764 0.04705881 1.84705881
v -0.07496256 0.00750975 -0.01524177 1.69411764 0.04705881 1.84705881
v -0.07497108 -0.01584213 -0.01514727 1.69411764 0.04705881 1.84705881
v -0.07496682 -0.01592454 -0.00859698 1.69411764 0.04705881 1.84705881
v -0.03146955 -0.01799748 -0.01522659 1.69411764 0.04705881 1.84705881
v -0.03573240 -0.01797999 -0.01541730 1.69411764 0.04705881 1.84705881
v -0.07308453 -0.01797000 -0.00859698 1.69411764 0.04705881 1.84705881
v -0.07308453 -0.01797000 -0.01514727 1.69411764 0.04705881 1.84705881
v -0.07308027 -0.01797000 -0.01520970 1.69411764 0.04705881 1.84705881
v -0.07305897 -0.01797000 -0.01527048 1.69411764 0.04705881 1.84705881
v -0.07302918 -0.01797000 -0.01532700 1.69411764 0.04705881 1.84705881
v -0.07299084 -0.01797000 -0.01537848 1.69411764 0.04705881 1.84705881
v -0.07294398 -0.01797000 -0.01542237 1.69411764 0.04705881 1.84705881
v -0.07288437 -0.01797000 -0.01545867 1.69411764 0.04705881 1.84705881
v -0.07282476 -0.01797000 -0.01548483 1.69411764 0.04705881 1.84705881
v -0.07275660 -0.01797000 -0.01550169 1.69411764 0.04705881 1.84705881
v -0.07268847 -0.01797000 -0.01550676 1.69411764 0.04705881 1.84705881
v -0.03146955 -0.01797252 -0.01549665 1.69411764 0.04705881 1.84705881
v -0.03146955 -0.01506789 -0.01721817 1.69411764 0.04705881 1.84705881
v -0.03379047 0.00750975 -0.01721817 1.69411764 0.04705881 1.84705881
v -0.03345831 0.00750975 -0.01719369 1.69411764 0.04705881 1.84705881
v -0.03342423 0.00750975 -0.01719117 1.69411764 0.04705881 1.84705881
v -0.03306651 0.00750975 -0.01711101 1.69411764 0.04705881 1.84705881
v -0.03272583 0.00750975 -0.01697934 1.69411764 0.04705881 1.84705881
v -0.07493700 0.00750975 -0.01550676 1.69411764 0.04705881 1.84705881
v -0.07493700 -0.01584213 -0.01550676 1.69411764 0.04705881 1.84705881
v -0.07493700 -0.01621926 -0.01514727 1.69411764 0.04705881 1.84705881
v -0.07494552 -0.01613682 -0.00859698 1.69411764 0.04705881 1.84705881
v -0.07316544 -0.01795002 -0.00859698 1.69411764 0.04705881 1.84705881
v -0.07338690 -0.01789509 -0.00859698 1.69411764 0.04705881 1.84705881
v -0.07346781 -0.01787262 -0.01514727 1.69411764 0.04705881 1.84705881
v -0.07345929 -0.01787262 -0.01527048 1.69411764 0.04705881 1.84705881
v -0.07342095 -0.01787262 -0.01538946 1.69411764 0.04705881 1.84705881
v -0.07336560 -0.01787262 -0.01550169 1.69411764 0.04705881 1.84705881
v -0.07328469 -0.01787262 -0.01560213 1.69411764 0.04705881 1.84705881
v -0.07319100 -0.01787262 -0.01568988 1.69411764 0.04705881 1.84705881
v -0.07308027 -0.01787262 -0.01576077 1.69411764 0.04705881 1.84705881
v -0.07295250 -0.01787262 -0.01581309 1.69411764 0.04705881 1.84705881
v -0.07268847 -0.01787262 -0.01585530 1.69411764 0.04705881 1.84705881
v -0.07282476 -0.01787262 -0.01584432 1.69411764 0.04705881 1.84705881
v -0.03573240 -0.01794753 -0.01559367 1.69411764 0.04705881 1.84705881
v -0.03146955 -0.01796751 -0.01551690 1.69411764 0.04705881 1.84705881
v -0.03146955 -0.01585461 -0.01721649 1.69411764 0.04705881 1.84705881
v -0.03573240 -0.01584213 -0.01721817 1.69411764 0.04705881 1.84705881
v -0.07268847 0.00750975 -0.01721817 1.69411764 0.04705881 1.84705881
v -0.07491147 0.00750975 -0.01559874 1.69411764 0.04705881 1.84705881
v -0.07486461 0.00750975 -0.01576329 1.69411764 0.04705881 1.84705881
v -0.07483482 -0.01584213 -0.01585530 1.69411764 0.04705881 1.84705881
v -0.07490295 -0.01621926 -0.01550169 1.69411764 0.04705881 1.84705881
v -0.07493700 -0.01621926 -0.00859698 1.69411764 0.04705881 1.84705881
v -0.07483482 -0.01658139 -0.01514727 1.69411764 0.04705881 1.84705881
v -0.07491573 -0.01629666 -0.00859698 1.69411764 0.04705881 1.84705881
v -0.07346781 -0.01787262 -0.00859698 1.69411764 0.04705881 1.84705881
v -0.07354872 -0.01784013 -0.00859698 1.69411764 0.04705881 1.84705881
v -0.07382979 -0.01771527 -0.01514727 1.69411764 0.04705881 1.84705881
v -0.07381275 -0.01771527 -0.01532700 1.69411764 0.04705881 1.84705881
v -0.07376163 -0.01771527 -0.01550169 1.69411764 0.04705881 1.84705881
v -0.07367646 -0.01771527 -0.01566456 1.69411764 0.04705881 1.84705881
v -0.07356150 -0.01771527 -0.01581309 1.69411764 0.04705881 1.84705881
v -0.07342095 -0.01771527 -0.01594053 1.69411764 0.04705881 1.84705881
v -0.07325913 -0.01771527 -0.01604349 1.69411764 0.04705881 1.84705881
v -0.07308027 -0.01771527 -0.01612026 1.69411764 0.04705881 1.84705881
v -0.07268847 -0.01771527 -0.01618272 1.69411764 0.04705881 1.84705881
v -0.03146955 -0.01783014 -0.01594644 1.69411764 0.04705881 1.84705881
v -0.03573240 -0.01787262 -0.01585530 1.69411764 0.04705881 1.84705881
v -0.03146955 -0.01789509 -0.01577850 1.69411764 0.04705881 1.84705881
v -0.07288437 -0.01771527 -0.01616667 1.69411764 0.04705881 1.84705881
v -0.03146955 -0.01795002 -0.01558356 1.69411764 0.04705881 1.84705881
v -0.03146955 -0.01596951 -0.01720719 1.69411764 0.04705881 1.84705881
v -0.03146955 -0.01611435 -0.01719540 1.69411764 0.04705881 1.84705881
v -0.05421042 -0.01598448 -0.01720635 1.69411764 0.04705881 1.84705881
v -0.07268847 -0.01584213 -0.01721817 1.69411764 0.04705881 1.84705881
v -0.07308453 0.00750975 -0.01718610 1.69411764 0.04705881 1.84705881
v -0.07483482 0.00750975 -0.01585530 1.69411764 0.04705881 1.84705881
v -0.07479222 0.00750975 -0.01594137 1.69411764 0.04705881 1.84705881
v -0.07466871 -0.01584213 -0.01618272 1.69411764 0.04705881 1.84705881
v -0.07463892 -0.01621926 -0.01616667 1.69411764 0.04705881 1.84705881
v -0.07480074 -0.01621926 -0.01584432 1.69411764 0.04705881 1.84705881
v -0.07470705 -0.01658139 -0.01581309 1.69411764 0.04705881 1.84705881
v -0.07480074 -0.01658139 -0.01548483 1.69411764 0.04705881 1.84705881
v -0.07463892 -0.01692354 -0.01545867 1.69411764 0.04705881 1.84705881
v -0.07466871 -0.01692354 -0.01514727 1.69411764 0.04705881 1.84705881
v -0.07480074 -0.01665633 -0.00859698 1.69411764 0.04705881 1.84705881
v -0.07483482 -0.01658139 -0.00859698 1.69411764 0.04705881 1.84705881
v -0.07382979 -0.01771527 -0.00859698 1.69411764 0.04705881 1.84705881
v -0.07390218 -0.01766781 -0.00859698 1.69411764 0.04705881 1.84705881
v -0.07415769 -0.01749798 -0.01514727 1.69411764 0.04705881 1.84705881
v -0.07413639 -0.01749798 -0.01537848 1.69411764 0.04705881 1.84705881
v -0.07406826 -0.01749798 -0.01560213 1.69411764 0.04705881 1.84705881
v -0.07396179 -0.01749798 -0.01581309 1.69411764 0.04705881 1.84705881
v -0.07381275 -0.01749798 -0.01600296 1.69411764 0.04705881 1.84705881
v -0.07362963 -0.01749798 -0.01616667 1.69411764 0.04705881 1.84705881
v -0.07342095 -0.01749798 -0.01630002 1.69411764 0.04705881 1.84705881
v -0.07319100 -0.01749798 -0.01639791 1.69411764 0.04705881 1.84705881
v -0.07294398 -0.01749798 -0.01645782 1.69411764 0.04705881 1.84705881
v -0.07268847 -0.01749798 -0.01647807 1.69411764 0.04705881 1.84705881
v -0.05421042 -0.01758039 -0.01636752 1.69411764 0.04705881 1.84705881
v -0.03573240 -0.01771527 -0.01618272 1.69411764 0.04705881 1.84705881
v -0.03573240 -0.01775523 -0.01610085 1.69411764 0.04705881 1.84705881
v -0.03146955 -0.01775022 -0.01611015 1.69411764 0.04705881 1.84705881
v -0.03146955 -0.01786761 -0.01586457 1.69411764 0.04705881 1.84705881
v -0.03146955 -0.01787511 -0.01584516 1.69411764 0.04705881 1.84705881
v -0.03146955 -0.01620675 -0.01718694 1.69411764 0.04705881 1.84705881
v -0.03573240 -0.01621926 -0.01718610 1.69411764 0.04705881 1.84705881
v -0.03573240 -0.01612434 -0.01719453 1.69411764 0.04705881 1.84705881
v -0.07268847 -0.01621926 -0.01718610 1.69411764 0.04705881 1.84705881
v -0.07308027 -0.01621926 -0.01715571 1.69411764 0.04705881 1.84705881
v -0.07308453 -0.01584213 -0.01718610 1.69411764 0.04705881 1.84705881
v -0.07318674 0.00750975 -0.01716162 1.69411764 0.04705881 1.84705881
v -0.07466871 0.00750975 -0.01618272 1.69411764 0.04705881 1.84705881
v -0.07443876 -0.01584213 -0.01647807 1.69411764 0.04705881 1.84705881
v -0.07441320 -0.01621926 -0.01645782 1.69411764 0.04705881 1.84705881
v -0.07454949 -0.01658139 -0.01612026 1.69411764 0.04705881 1.84705881
v -0.07454949 -0.01692354 -0.01576077 1.69411764 0.04705881 1.84705881
v -0.07441320 -0.01723074 -0.01542237 1.69411764 0.04705881 1.84705881
v -0.07466871 -0.01692354 -0.00859698 1.69411764 0.04705881 1.84705881
v -0.07443876 -0.01723074 -0.01514727 1.69411764 0.04705881 1.84705881
v -0.07415769 -0.01749798 -0.00859698 1.69411764 0.04705881 1.84705881
v -0.07437915 -0.01728819 -0.00859698 1.69411764 0.04705881 1.84705881
v -0.07433229 -0.01723074 -0.01568988 1.69411764 0.04705881 1.84705881
v -0.07420455 -0.01723074 -0.01594053 1.69411764 0.04705881 1.84705881
v -0.07402992 -0.01723074 -0.01616667 1.69411764 0.04705881 1.84705881
v -0.07381275 -0.01723074 -0.01636248 1.69411764 0.04705881 1.84705881
v -0.07356150 -0.01723074 -0.01652112 1.69411764 0.04705881 1.84705881
v -0.07299084 -0.01723074 -0.01670931 1.69411764 0.04705881 1.84705881
v -0.07328469 -0.01723074 -0.01663758 1.69411764 0.04705881 1.84705881
v -0.07268847 -0.01723074 -0.01673379 1.69411764 0.04705881 1.84705881
v -0.05421042 -0.01726572 -0.01670172 1.69411764 0.04705881 1.84705881
v -0.05421042 -0.01746552 -0.01651014 1.69411764 0.04705881 1.84705881
v -0.03146955 -0.01749048 -0.01648566 1.69411764 0.04705881 1.84705881
v -0.03573240 -0.01749798 -0.01647807 1.69411764 0.04705881 1.84705881
v -0.03146955 -0.01750548 -0.01646964 1.69411764 0.04705881 1.84705881
v -0.03146955 -0.01770777 -0.01619115 1.69411764 0.04705881 1.84705881
v -0.03146955 -0.01771776 -0.01617342 1.69411764 0.04705881 1.84705881
v -0.03146955 -0.01622925 -0.01718358 1.69411764 0.04705881 1.84705881
v -0.07268847 -0.01658139 -0.01709328 1.69411764 0.04705881 1.84705881
v -0.03573240 -0.01630917 -0.01716333 1.69411764 0.04705881 1.84705881
v -0.07305897 -0.01658139 -0.01706373 1.69411764 0.04705881 1.84705881
v -0.07342095 -0.01658139 -0.01697598 1.69411764 0.04705881 1.84705881
v -0.07345929 -0.01621926 -0.01706373 1.69411764 0.04705881 1.84705881
v -0.07346781 -0.01584213 -0.01709328 1.69411764 0.04705881 1.84705881
v -0.07336986 0.00750975 -0.01711776 1.69411764 0.04705881 1.84705881
v -0.07443876 0.00750975 -0.01647807 1.69411764 0.04705881 1.84705881
v -0.07436637 0.00750975 -0.01654560 1.69411764 0.04705881 1.84705881
v -0.07415769 -0.01584213 -0.01673379 1.69411764 0.04705881 1.84705881
v -0.07413639 -0.01621926 -0.01670931 1.69411764 0.04705881 1.84705881
v -0.07433229 -0.01658139 -0.01639791 1.69411764 0.04705881 1.84705881
v -0.07420455 -0.01692354 -0.01630002 1.69411764 0.04705881 1.84705881
v -0.07440042 -0.01692354 -0.01604349 1.69411764 0.04705881 1.84705881
v -0.07443876 -0.01723074 -0.00859698 1.69411764 0.04705881 1.84705881
v -0.07396179 -0.01692354 -0.01652112 1.69411764 0.04705881 1.84705881
v -0.07367646 -0.01692354 -0.01670001 1.69411764 0.04705881 1.84705881
v -0.07336560 -0.01692354 -0.01683252 1.69411764 0.04705881 1.84705881
v -0.07302918 -0.01692354 -0.01691352 1.69411764 0.04705881 1.84705881
v -0.07268847 -0.01692354 -0.01694052 1.69411764 0.04705881 1.84705881
v -0.03573240 -0.01715583 -0.01678524 1.69411764 0.04705881 1.84705881
v -0.03146955 -0.01722324 -0.01673970 1.69411764 0.04705881 1.84705881
v -0.03146955 -0.01724073 -0.01672617 1.69411764 0.04705881 1.84705881
v -0.03146955 -0.01744053 -0.01653462 1.69411764 0.04705881 1.84705881
v -0.03146955 -0.01629918 -0.01716585 1.69411764 0.04705881 1.84705881
v -0.03573240 -0.01658139 -0.01709328 1.69411764 0.04705881 1.84705881
v -0.03146955 -0.01665882 -0.01705953 1.69411764 0.04705881 1.84705881
v -0.05421042 -0.01671126 -0.01703589 1.69411764 0.04705881 1.84705881
v -0.07376163 -0.01658139 -0.01683252 1.69411764 0.04705881 1.84705881
v -0.07381275 -0.01621926 -0.01691352 1.69411764 0.04705881 1.84705881
v -0.07382979 -0.01584213 -0.01694052 1.69411764 0.04705881 1.84705881
v -0.07356573 0.00750975 -0.01705278 1.69411764 0.04705881 1.84705881
v -0.07346781 0.00750975 -0.01709328 1.69411764 0.04705881 1.84705881
v -0.07415769 -0.00000030 -0.01673379 1.69411764 0.04705881 1.84705881
v -0.07415769 0.00750975 -0.01673292 1.69411764 0.04705881 1.84705881
v -0.07407252 0.00750975 -0.01678779 1.69411764 0.04705881 1.84705881
v -0.07406826 -0.01658139 -0.01663758 1.69411764 0.04705881 1.84705881
v -0.03146955 -0.01684863 -0.01697430 1.69411764 0.04705881 1.84705881
v -0.03573240 -0.01692354 -0.01694052 1.69411764 0.04705881 1.84705881
v -0.03146955 -0.01693353 -0.01693461 1.69411764 0.04705881 1.84705881
v -0.03146955 -0.01657140 -0.01709580 1.69411764 0.04705881 1.84705881
v -0.03146955 -0.01659138 -0.01708821 1.69411764 0.04705881 1.84705881
v -0.07382979 0.00750975 -0.01694052 1.69411764 0.04705881 1.84705881
v -0.03146955 -0.01691355 -0.01694475 1.69411764 0.04705881 1.84705881
f 1795 1796 1797
f 1795 1797 1801
f 1795 1801 1798
f 1795 1798 1815
f 1795 1815 1826
f 1795 1826 1825
f 1795 1825 1824
f 1795 1824 1823
f 1795 1823 1822
f 1795 1822 1821
f 1795 1821 1820
f 1795 1820 1834
f 1795 1834 1857
f 1795 1857 1856
f 1795 1856 1855
f 1795 1855 1854
f 1795 1854 1853
f 1795 1853 1878
f 1795 1878 1906
f 1795 1906 1942
f 1795 1942 1975
f 1795 1975 2001
f 1795 2001 2000
f 1795 2000 2011
f 1795 2011 2004
f 1795 2004 2003
f 1795 2003 1977
f 1795 1977 1976
f 1795 1976 1943
f 1795 1943 1908
f 1795 1908 1907
f 1795 1907 1880
f 1795 1880 1879
f 1795 1879 1858
f 1795 1858 1835
f 1795 1835 1827
f 1795 1827 1816
f 1795 1816 1799
f 1795 1799 1796
f 1796 1799 1816
f 1796 1816 1828
f 1796 1828 1837
f 1796 1837 1861
f 1796 1861 1883
f 1796 1883 1885
f 1796 1885 1917
f 1796 1917 1916
f 1796 1916 1949
f 1796 1949 1983
f 1796 1983 1952
f 1796 1952 1951
f 1796 1951 1919
f 1796 1919 1918
f 1796 1918 1887
f 1796 1887 1886
f 1796 1886 1863
f 1796 1863 1862
f 1796 1862 1840
f 1796 1840 1831
f 1796 1831 1818
f 1796 1818 1800
f 1796 1800 1817
f 1796 1817 1829
f 1796 1829 1838
f 1796 1838 1851
f 1796 1851 1875
f 1796 1875 1901
f 1796 1901 1899
f 1796 1899 1935
f 1796 1935 1934
f 1796 1934 1897
f 1796 1897 1933
f 1796 1933 1967
f 1796 1967 1966
f 1796 1966 1965
f 1796 1965 1963
f 1796 1963 1992
f 1796 1992 1991
f 1796 1991 1990
f 1796 1990 2008
f 1796 2008 2012
f 1796 2012 2006
f 1796 2006 1995
f 1796 1995 2010
f 1796 2010 2009
f 1796 2009 1993
f 1796 1993 1968
f 1796 1968 1936
f 1796 1936 1903
f 1796 1903 1902
f 1796 1902 1876
f 1796 1876 1852
f 1796 1852 1833
f 1796 1833 1819
f 1796 1819 1814
f 1796 1814 1813
f 1796 1813 1812
f 1796 1812 1811
f 1796 1811 1810
f 1796 1810 1809
f 1796 1809 1808
f 1796 1808 1807
f 1796 1807 1806
f 1796 1806 1805
f 1796 1805 1804
f 1796 1804 1803
f 1796 1803 1802
f 1796 1802 1801
f 1796 1801 1797
f 1798 1801 1802
f 1798 1802 1803
f 1798 1803 1804
f 1798 1804 1805
f 1798 1805 1806
f 1798 1806 1807
f 1798 1807 1808
f 1798 1808 1809
f 1798 1809 1810
f 1798 1810 1811
f 1798 1811 1812
f 1798 1812 1813
f 1798 1813 1814
f 1798 1814 1815
f 1800 1818 1832
f 1800 1832 1830
f 1800 1830 1817
f 1814 1819 1820
f 1814 1820 1821
f 1814 1821 1822
f 1814 1822 1823
f 1814 1823 1824
f 1814 1824 1825
f 1814 1825 1826
f 1814 1826 1815
f 1816 1827 1836
f 1816 1836 1828
f 1817 1830 1829
f 1818 1831 1832
f 1819 1833 1820
f 1820 1833 1834
f 1827 1835 1836
f 1828 1836 1837
f 1829 1830 1838
f 1830 1839 1851
f 1830 1851 1838
f 1830 1832 1839
f 1831 1840 1841
f 1831 1841 1832
f 1832 1841 1842
f 1832 1842 1843
f 1832 1843 1844
f 1832 1844 1845
f 1832 1845 1846
f 1832 1846 1847
f 1832 1847 1848
f 1832 1848 1849
f 1832 1849 1850
f 1832 1850 1851
f 1832 1851 1839
f 1833 1852 1877
f 1833 1877 1905
f 1833 1905 1878
f 1833 1878 1853
f 1833 1853 1854
f 1833 1854 1855
f 1833 1855 1856
f 1833 1856 1857
f 1833 1857 1834
f 1835 1858 1859
f 1835 1859 1836
f 1836 1859 1860
f 1836 1860 1837
f 1837 1860 1861
f 1840 1862 1841
f 1841 1862 1863
f 1841 1863 1864
f 1841 1864 1842
f 1842 1864 1865
f 1842 1865 1866
f 1842 1866 1843
f 1843 1866 1867
f 1843 1867 1844
f 1844 1867 1845
f 1845 1867 1868
f 1845 1868 1869
f 1845 1869 1846
f 1846 1869 1870
f 1846 1870 1847
f 1847 1870 1848
f 1848 1870 1871
f 1848 1871 1849
f 1849 1872 1850
f 1849 1871 1873
f 1849 1873 1872
f 1850 1872 1874
f 1850 1874 1875
f 1850 1875 1851
f 1852 1876 1877
f 1858 1879 1859
f 1859 1879 1880
f 1859 1880 1881
f 1859 1881 1882
f 1859 1882 1860
f 1860 1883 1861
f 1860 1882 1884
f 1860 1884 1885
f 1860 1885 1883
f 1863 1886 1864
f 1864 1886 1887
f 1864 1887 1888
f 1864 1888 1865
f 1865 1888 1889
f 1865 1889 1890
f 1865 1890 1866
f 1866 1890 1867
f 1867 1890 1891
f 1867 1891 1892
f 1867 1892 1868
f 1868 1892 1869
f 1869 1892 1893
f 1869 1893 1870
f 1870 1893 1894
f 1870 1894 1895
f 1870 1895 1871
f 1871 1895 1873
f 1872 1873 1896
f 1872 1896 1897
f 1872 1897 1898
f 1872 1898 1899
f 1872 1899 1874
f 1873 1900 1896
f 1873 1895 1900
f 1874 1899 1901
f 1874 1901 1875
f 1876 1902 1877
f 1877 1902 1903
f 1877 1903 1904
f 1877 1904 1905
f 1878 1905 1941
f 1878 1941 1906
f 1880 1907 1881
f 1881 1907 1908
f 1881 1908 1909
f 1881 1909 1910
f 1881 1910 1911
f 1881 1911 1882
f 1882 1911 1912
f 1882 1912 1913
f 1882 1913 1884
f 1884 1913 1914
f 1884 1914 1915
f 1884 1915 1916
f 1884 1916 1917
f 1884 1917 1885
f 1887 1918 1888
f 1888 1918 1919
f 1888 1919 1920
f 1888 1920 1921
f 1888 1921 1889
f 1889 1921 1890
f 1890 1921 1922
f 1890 1922 1923
f 1890 1923 1891
f 1891 1923 1892
f 1892 1923 1924
f 1892 1924 1893
f 1893 1924 1925
f 1893 1925 1926
f 1893 1926 1894
f 1894 1926 1895
f 1895 1926 1927
f 1895 1927 1928
f 1895 1928 1900
f 1896 1900 1928
f 1896 1928 1929
f 1896 1929 1930
f 1896 1930 1931
f 1896 1931 1932
f 1896 1932 1897
f 1897 1934 1898
f 1897 1932 1931
f 1897 1931 1933
f 1898 1934 1935
f 1898 1935 1899
f 1903 1936 1937
f 1903 1937 1938
f 1903 1938 1904
f 1904 1938 1939
f 1904 1939 1905
f 1905 1939 1940
f 1905 1940 1941
f 1906 1941 1942
f 1908 1943 1909
f 1909 1943 1976
f 1909 1976 1944
f 1909 1944 1945
f 1909 1945 1910
f 1910 1912 1911
f 1910 1945 1946
f 1910 1946 1912
f 1912 1946 1947
f 1912 1947 1914
f 1912 1914 1913
f 1914 1947 1948
f 1914 1948 1915
f 1915 1949 1916
f 1915 1948 1950
f 1915 1950 1983
f 1915 1983 1949
f 1919 1951 1920
f 1920 1951 1952
f 1920 1952 1950
f 1920 1950 1921
f 1921 1950 1948
f 1921 1948 1953
f 1921 1953 1922
f 1922 1953 1923
f 1923 1953 1954
f 1923 1954 1955
f 1923 1955 1924
f 1924 1955 1956
f 1924 1956 1925
f 1925 1956 1926
f 1926 1956 1957
f 1926 1957 1927
f 1927 1958 1928
f 1927 1957 1959
f 1927 1959 1958
f 1928 1960 1929
f 1928 1958 1960
f 1929 1960 1961
f 1929 1961 1962
f 1929 1962 1963
f 1929 1963 1964
f 1929 1964 1965
f 1929 1965 1930
f 1930 1965 1931
f 1931 1965 1966
f 1931 1966 1967
f 1931 1967 1933
f 1936 1968 1937
f 1937 1968 1993
f 1937 1993 1970
f 1937 1970 1939
f 1937 1939 1938
f 1939 1969 1940
f 1939 1970 1969
f 1940 1969 1971
f 1940 1971 1972
f 1940 1972 1973
f 1940 1973 1974
f 1940 1974 1941
f 1941 1974 1975
f 1941 1975 1942
f 1944 1976 1977
f 1944 1977 1978
f 1944 1978 1945
f 1945 1978 1979
f 1945 1979 1980
f 1945 1980 1946
f 1946 1980 1981
f 1946 1981 1982
f 1946 1982 1947
f 1947 1982 1954
f 1947 1954 1953
f 1947 1953 1948
f 1950 1952 1983
f 1954 1982 1981
f 1954 1981 1955
f 1955 1984 1956
f 1955 1981 1984
f 1956 1984 1957
f 1957 1985 1986
f 1957 1986 1959
f 1957 1984 1985
f 1958 1959 1986
f 1958 1986 1987
f 1958 1987 1960
f 1960 1987 1988
f 1960 1988 1989
f 1960 1989 1990
f 1960 1990 1991
f 1960 1991 1961
f 1961 1991 1992
f 1961 1992 1962
f 1962 1992 1963
f 1963 1965 1964
f 1969 1988 1987
f 1969 1987 1971
f 1969 1970 1994
f 1969 1994 1995
f 1969 1995 1996
f 1969 1996 1988
f 1970 1993 2009
f 1970 2009 1994
f 1971 1987 1986
f 1971 1986 1972
f 1972 1986 1997
f 1972 1997 1973
f 1973 1997 1998
f 1973 1998 1999
f 1973 1999 1974
f 1974 2000 2001
f 1974 2001 1975
f 1974 1999 2000
f 1977 2002 1978
f 1977 2003 2002
f 1978 2002 2004
f 1978 2004 1999
f 1978 1999 1998
f 1978 1998 1979
f 1979 1998 1997
f 1979 1997 2005
f 1979 2005 1980
f 1980 2005 1984
f 1980 1984 1981
f 1984 2005 1997
f 1984 1997 1985
f 1985 1997 1986
f 1988 1996 1995
f 1988 1995 2006
f 1988 2006 2007
f 1988 2007 2008
f 1988 2008 1989
f 1989 2008 1990
f 1994 2009 2010
f 1994 2010 1995
f 1999 2004 2011
f 1999 2011 2000
f 2002 2003 2004
f 2006 2012 2007
f 2007 2012 2008

o geometry_12
v -0.01782774 -0.00752814 -0.01522407 1.83529413 1.84705881 2.82352941
v -0.03146955 -0.00752814 -0.01522407 1.83529413 1.84705881 2.82352941
v -0.00419127 -0.00752916 -0.01505697 1.83529413 1.84705881 2.82352941
v -0.00419127 -0.00752916 -0.01522407 1.83529413 1.84705881 2.82352941
v -0.00419127 -0.00754251 -0.01539114 1.83529413 1.84705881 2.82352941
v -0.03146955 -0.00754251 -0.01539114 1.83529413 1.84705881 2.82352941
v -0.03146955 -0.00752916 -0.01505697 1.83529413 1.84705881 2.82352941
v -0.00419127 -0.00753123 -0.01500801 1.83529413 1.84705881 2.82352941
v -0.00419127 -0.00757020 -0.01555656 1.83529413 1.84705881 2.82352941
v -0.01782774 -0.00756915 -0.01555572 1.83529413 1.84705881 2.82352941
v -0.03146955 -0.00757020 -0.01555572 1.83529413 1.84705881 2.82352941
v -0.03146955 -0.00782349 -0.00859698 1.83529413 1.84705881 2.82352941
v -0.00419127 -0.00782349 -0.00859698 1.83529413 1.84705881 2.82352941
v -0.00419127 -0.00761121 -0.01571943 1.83529413 1.84705881 2.82352941
v -0.03146955 -0.00761121 -0.01571859 1.83529413 1.84705881 2.82352941
v -0.03146955 -0.01800498 -0.00859698 1.83529413 1.84705881 2.82352941
v -0.00419127 -0.01800498 -0.00859698 1.83529413 1.84705881 2.82352941
v -0.00419127 -0.00766659 -0.01587891 1.83529413 1.84705881 2.82352941
v -0.01785177 -0.00763788 -0.01579707 1.83529413 1.84705881 2.82352941
v -0.03146955 -0.00766659 -0.01587723 1.83529413 1.84705881 2.82352941
v -0.03146955 -0.01800498 -0.01427130 1.83529413 1.84705881 2.82352941
v -0.00419127 -0.01800498 -0.01403502 1.83529413 1.84705881 2.82352941
v -0.00419127 -0.00773529 -0.01603335 1.83529413 1.84705881 2.82352941
v -0.01782774 -0.00773325 -0.01603083 1.83529413 1.84705881 2.82352941
v -0.01782774 -0.00766557 -0.01587639 1.83529413 1.84705881 2.82352941
v -0.03146955 -0.00773427 -0.01603167 1.83529413 1.84705881 2.82352941
v -0.03146955 -0.01800396 -0.01515738 1.83529413 1.84705881 2.82352941
v -0.01725633 -0.01800498 -0.01514727 1.83529413 1.84705881 2.82352941
v -0.00419127 -0.01800396 -0.01514727 1.83529413 1.84705881 2.82352941
v -0.00419127 -0.00781632 -0.01618188 1.83529413 1.84705881 2.82352941
v -0.01782774 -0.00781425 -0.01617849 1.83529413 1.84705881 2.82352941
v -0.03146955 -0.00781530 -0.01618020 1.83529413 1.84705881 2.82352941
v -0.03146955 -0.01799574 -0.01524768 1.83529413 1.84705881 2.82352941
v -0.01725633 -0.01799268 -0.01528230 1.83529413 1.84705881 2.82352941
v -0.00419127 -0.01797216 -0.01550592 1.83529413 1.84705881 2.82352941
v -0.00419127 -0.01798959 -0.01531350 1.83529413 1.84705881 2.82352941
v -0.00419127 -0.01800294 -0.01516077 1.83529413 1.84705881 2.82352941
v -0.00419127 -0.00791067 -0.01632450 1.83529413 1.84705881 2.82352941
v -0.01787313 -0.00786042 -0.01624938 1.83529413 1.84705881 2.82352941
v -0.01782774 -0.00790758 -0.01632027 1.83529413 1.84705881 2.82352941
v -0.03146955 -0.00791373 -0.01632786 1.83529413 1.84705881 2.82352941
v -0.03146955 -0.01797933 -0.01542744 1.83529413 1.84705881 2.82352941
v -0.01725633 -0.01797627 -0.01546203 1.83529413 1.84705881 2.82352941
v -0.01725633 -0.01795986 -0.01555065 1.83529413 1.84705881 2.82352941
v -0.00419127 -0.01792704 -0.01566795 1.83529413 1.84705881 2.82352941
v -0.03146955 -0.01797216 -0.01549665 1.83529413 1.84705881 2.82352941
v -0.03146955 -0.01796910 -0.01551690 1.83529413 1.84705881 2.82352941
v -0.00419127 -0.00812193 -0.01657260 1.83529413 1.84705881 2.82352941
v -0.01782774 -0.00812706 -0.01657935 1.83529413 1.84705881 2.82352941
v -0.03146955 -0.00812706 -0.01657935 1.83529413 1.84705881 2.82352941
v -0.00419127 -0.01788498 -0.01581816 1.83529413 1.84705881 2.82352941
v -0.03146955 -0.01790139 -0.01575825 1.83529413 1.84705881 2.82352941
v -0.00419127 -0.00813321 -0.01658442 1.83529413 1.84705881 2.82352941
v -0.01782774 -0.00838755 -0.01680129 1.83529413 1.84705881 2.82352941
v -0.03146955 -0.00838755 -0.01680129 1.83529413 1.84705881 2.82352941
v -0.00419127 -0.01787781 -0.01584348 1.83529413 1.84705881 2.82352941
v -0.03146955 -0.01787679 -0.01584516 1.83529413 1.84705881 2.82352941
v -0.00419127 -0.00837933 -0.01679370 1.83529413 1.84705881 2.82352941
v -0.00419127 -0.00839676 -0.01680720 1.83529413 1.84705881 2.82352941
v -0.03146955 -0.00868185 -0.01697934 1.83529413 1.84705881 2.82352941
v -0.00419127 -0.01787370 -0.01585614 1.83529413 1.84705881 2.82352941
v -0.03146955 -0.01786962 -0.01586457 1.83529413 1.84705881 2.82352941
v -0.01725633 -0.01787370 -0.01585530 1.83529413 1.84705881 2.82352941
v -0.00419127 -0.00868185 -0.01697934 1.83529413 1.84705881 2.82352941
v -0.03146955 -0.00869520 -0.01698525 1.83529413 1.84705881 2.82352941
v -0.00419127 -0.01786857 -0.01586796 1.83529413 1.84705881 2.82352941
v -0.03146955 -0.01775988 -0.01609158 1.83529413 1.84705881 2.82352941
v -0.00419127 -0.00869520 -0.01698525 1.83529413 1.84705881 2.82352941
v -0.03146955 -0.00900183 -0.01711101 1.83529413 1.84705881 2.82352941
v -0.00419127 -0.01777731 -0.01605528 1.83529413 1.84705881 2.82352941
v -0.03146955 -0.01771989 -0.01617342 1.83529413 1.84705881 2.82352941
v -0.00419127 -0.01772091 -0.01617090 1.83529413 1.84705881 2.82352941
v -0.00419127 -0.00900183 -0.01711101 1.83529413 1.84705881 2.82352941
v -0.03146955 -0.00901926 -0.01711521 1.83529413 1.84705881 2.82352941
v -0.03146955 -0.01770861 -0.01619115 1.83529413 1.84705881 2.82352941
v -0.01725633 -0.01771476 -0.01618272 1.83529413 1.84705881 2.82352941
v -0.00419127 -0.01771476 -0.01618272 1.83529413 1.84705881 2.82352941
v -0.00419127 -0.00931872 -0.01718610 1.83529413 1.84705881 2.82352941
v -0.03146955 -0.00934026 -0.01719117 1.83529413 1.84705881 2.82352941
v -0.03146955 -0.01766757 -0.01624770 1.83529413 1.84705881 2.82352941
v -0.01725633 -0.01768809 -0.01621986 1.83529413 1.84705881 2.82352941
v -0.00419127 -0.01761528 -0.01631943 1.83529413 1.84705881 2.82352941
v -0.00419127 -0.00934026 -0.01719117 1.83529413 1.84705881 2.82352941
v -0.03146955 -0.00936180 -0.01719285 1.83529413 1.84705881 2.82352941
v -0.03146955 -0.01765527 -0.01626459 1.83529413 1.84705881 2.82352941
v -0.01725633 -0.01758042 -0.01636752 1.83529413 1.84705881 2.82352941
v -0.00419127 -0.01750761 -0.01646712 1.83529413 1.84705881 2.82352941
v -0.00419127 -0.00968790 -0.01721817 1.83529413 1.84705881 2.82352941
v -0.03146955 -0.00968790 -0.01721817 1.83529413 1.84705881 2.82352941
v -0.03146955 -0.01750554 -0.01646964 1.83529413 1.84705881 2.82352941
v -0.01725633 -0.01749939 -0.01647807 1.83529413 1.84705881 2.82352941
v -0.00419127 -0.01749015 -0.01648737 1.83529413 1.84705881 2.82352941
v -0.00419127 -0.01062012 -0.01721817 1.83529413 1.84705881 2.82352941
v -0.03146955 -0.01506888 -0.01721817 1.83529413 1.84705881 2.82352941
v -0.03146955 -0.01749120 -0.01648566 1.83529413 1.84705881 2.82352941
v -0.00419127 -0.01737633 -0.01659621 1.83529413 1.84705881 2.82352941
v -0.01725633 -0.01723275 -0.01673379 1.83529413 1.84705881 2.82352941
v -0.00419127 -0.01584417 -0.01721733 1.83529413 1.84705881 2.82352941
v -0.01725633 -0.01584417 -0.01721817 1.83529413 1.84705881 2.82352941
v -0.03146955 -0.01585443 -0.01721649 1.83529413 1.84705881 2.82352941
v -0.03146955 -0.01729122 -0.01667724 1.83529413 1.84705881 2.82352941
v -0.00419127 -0.01726146 -0.01670592 1.83529413 1.84705881 2.82352941
v -0.00419127 -0.01722147 -0.01674138 1.83529413 1.84705881 2.82352941
v -0.00419127 -0.01724199 -0.01672449 1.83529413 1.84705881 2.82352941
v -0.03146955 -0.01723992 -0.01672617 1.83529413 1.84705881 2.82352941
v -0.03146955 -0.01722351 -0.01673970 1.83529413 1.84705881 2.82352941
v -0.03146955 -0.01699278 -0.01689495 1.83529413 1.84705881 2.82352941
v -0.00419127 -0.01585752 -0.01721649 1.83529413 1.84705881 2.82352941
v -0.00419127 -0.01607289 -0.01719876 1.83529413 1.84705881 2.82352941
v -0.01725633 -0.01598469 -0.01720635 1.83529413 1.84705881 2.82352941
v -0.03146955 -0.01611492 -0.01719540 1.83529413 1.84705881 2.82352941
v -0.03146955 -0.01597032 -0.01720719 1.83529413 1.84705881 2.82352941
v -0.00419127 -0.01708917 -0.01682997 1.83529413 1.84705881 2.82352941
v -0.03146955 -0.01693329 -0.01693461 1.83529413 1.84705881 2.82352941
v -0.00419127 -0.01692408 -0.01694052 1.83529413 1.84705881 2.82352941
v -0.00419127 -0.01621953 -0.01718610 1.83529413 1.84705881 2.82352941
v -0.01725633 -0.01617234 -0.01719033 1.83529413 1.84705881 2.82352941
v -0.03146955 -0.01620825 -0.01718694 1.83529413 1.84705881 2.82352941
v -0.01725633 -0.01621953 -0.01718610 1.83529413 1.84705881 2.82352941
v -0.03146955 -0.01691484 -0.01694475 1.83529413 1.84705881 2.82352941
v -0.01725633 -0.01692408 -0.01694052 1.83529413 1.84705881 2.82352941
v -0.00419127 -0.01658256 -0.01709328 1.83529413 1.84705881 2.82352941
v -0.03146955 -0.01665846 -0.01705953 1.83529413 1.84705881 2.82352941
v -0.00419127 -0.01625952 -0.01717599 1.83529413 1.84705881 2.82352941
v -0.03146955 -0.01622979 -0.01718358 1.83529413 1.84705881 2.82352941
v -0.01725633 -0.01658256 -0.01709328 1.83529413 1.84705881 2.82352941
v -0.01725633 -0.01635591 -0.01715151 1.83529413 1.84705881 2.82352941
v -0.00419127 -0.01638873 -0.01714305 1.83529413 1.84705881 2.82352941
v -0.03146955 -0.01659282 -0.01708821 1.83529413 1.84705881 2.82352941
v -0.03146955 -0.01629951 -0.01716585 1.83529413 1.84705881 2.82352941
v -0.03146955 -0.01657230 -0.01709580 1.83529413 1.84705881 2.82352941
f 2013 2014 2019
f 2013 2019 2015
f 2013 2015 2016
f 2013 2016 2017
f 2013 2017 2018
f 2013 2018 2014
f 2014 2018 2023
f 2014 2023 2027
f 2014 2027 2032
f 2014 2032 2038
f 2014 2038 2044
f 2014 2044 2053
f 2014 2053 2062
f 2014 2062 2067
f 2014 2067 2072
f 2014 2072 2077
f 2014 2077 2081
f 2014 2081 2086
f 2014 2086 2091
f 2014 2091 2096
f 2014 2096 2101
f 2014 2101 2106
f 2014 2106 2112
f 2014 2112 2124
f 2014 2124 2123
f 2014 2123 2130
f 2014 2130 2137
f 2014 2137 2142
f 2014 2142 2143
f 2014 2143 2141
f 2014 2141 2135
f 2014 2135 2132
f 2014 2132 2126
f 2014 2126 2119
f 2014 2119 2118
f 2014 2118 2117
f 2014 2117 2113
f 2014 2113 2107
f 2014 2107 2102
f 2014 2102 2097
f 2014 2097 2092
f 2014 2092 2087
f 2014 2087 2083
f 2014 2083 2079
f 2014 2079 2074
f 2014 2074 2069
f 2014 2069 2064
f 2014 2064 2059
f 2014 2059 2058
f 2014 2058 2054
f 2014 2054 2045
f 2014 2045 2039
f 2014 2039 2033
f 2014 2033 2028
f 2014 2028 2024
f 2014 2024 2019
f 2015 2020 2025
f 2015 2025 2029
f 2015 2029 2034
f 2015 2034 2041
f 2015 2041 2049
f 2015 2049 2048
f 2015 2048 2047
f 2015 2047 2057
f 2015 2057 2063
f 2015 2063 2068
f 2015 2068 2073
f 2015 2073 2078
f 2015 2078 2082
f 2015 2082 2084
f 2015 2084 2089
f 2015 2089 2094
f 2015 2094 2099
f 2015 2099 2104
f 2015 2104 2108
f 2015 2108 2114
f 2015 2114 2116
f 2015 2116 2115
f 2015 2115 2125
f 2015 2125 2127
f 2015 2127 2134
f 2015 2134 2140
f 2015 2140 2136
f 2015 2136 2128
f 2015 2128 2121
f 2015 2121 2120
f 2015 2120 2110
f 2015 2110 2105
f 2015 2105 2100
f 2015 2100 2095
f 2015 2095 2090
f 2015 2090 2085
f 2015 2085 2080
f 2015 2080 2076
f 2015 2076 2071
f 2015 2071 2070
f 2015 2070 2065
f 2015 2065 2060
f 2015 2060 2050
f 2015 2050 2042
f 2015 2042 2035
f 2015 2035 2030
f 2015 2030 2026
f 2015 2026 2021
f 2015 2021 2017
f 2015 2017 2016
f 2015 2019 2020
f 2017 2021 2022
f 2017 2022 2018
f 2018 2022 2023
f 2019 2024 2020
f 2020 2024 2025
f 2021 2026 2022
f 2022 2027 2023
f 2022 2026 2027
f 2024 2028 2029
f 2024 2029 2025
f 2026 2030 2031
f 2026 2031 2027
f 2027 2031 2032
f 2028 2033 2040
f 2028 2040 2034
f 2028 2034 2029
f 2030 2035 2036
f 2030 2036 2037
f 2030 2037 2031
f 2031 2037 2032
f 2032 2037 2036
f 2032 2036 2038
f 2033 2039 2040
f 2034 2040 2041
f 2035 2042 2036
f 2036 2043 2044
f 2036 2044 2038
f 2036 2042 2043
f 2039 2045 2040
f 2040 2045 2046
f 2040 2046 2047
f 2040 2047 2048
f 2040 2048 2049
f 2040 2049 2041
f 2042 2050 2051
f 2042 2051 2044
f 2042 2044 2043
f 2044 2051 2052
f 2044 2052 2053
f 2045 2054 2055
f 2045 2055 2046
f 2046 2055 2047
f 2047 2056 2057
f 2047 2055 2058
f 2047 2058 2059
f 2047 2059 2056
f 2050 2060 2061
f 2050 2061 2062
f 2050 2062 2053
f 2050 2053 2052
f 2050 2052 2051
f 2054 2058 2055
f 2056 2063 2057
f 2056 2059 2064
f 2056 2064 2063
f 2060 2065 2061
f 2061 2066 2067
f 2061 2067 2062
f 2061 2065 2066
f 2063 2064 2069
f 2063 2069 2068
f 2065 2070 2066
f 2066 2070 2071
f 2066 2071 2067
f 2067 2071 2072
f 2068 2069 2073
f 2069 2074 2075
f 2069 2075 2073
f 2071 2076 2072
f 2072 2076 2080
f 2072 2080 2077
f 2073 2075 2074
f 2073 2074 2078
f 2074 2079 2078
f 2077 2080 2085
f 2077 2085 2081
f 2078 2079 2082
f 2079 2083 2084
f 2079 2084 2082
f 2081 2085 2086
f 2083 2087 2088
f 2083 2088 2089
f 2083 2089 2084
f 2085 2090 2086
f 2086 2090 2091
f 2087 2092 2093
f 2087 2093 2088
f 2088 2093 2089
f 2089 2093 2094
f 2090 2095 2091
f 2091 2095 2096
f 2092 2097 2098
f 2092 2098 2093
f 2093 2098 2099
f 2093 2099 2094
f 2095 2100 2096
f 2096 2100 2101
f 2097 2102 2098
f 2098 2102 2099
f 2099 2102 2103
f 2099 2103 2104
f 2100 2105 2111
f 2100 2111 2106
f 2100 2106 2101
f 2102 2107 2103
f 2103 2107 2104
f 2104 2107 2109
f 2104 2109 2108
f 2105 2110 2111
f 2106 2111 2112
f 2107 2113 2109
f 2108 2109 2114
f 2109 2115 2116
f 2109 2116 2114
f 2109 2113 2117
f 2109 2117 2118
f 2109 2118 2119
f 2109 2119 2115
f 2110 2120 2111
f 2111 2120 2121
f 2111 2121 2122
f 2111 2122 2123
f 2111 2123 2124
f 2111 2124 2112
f 2115 2119 2125
f 2119 2126 2127
f 2119 2127 2125
f 2121 2128 2129
f 2121 2129 2123
f 2121 2123 2122
f 2123 2129 2131
f 2123 2131 2130
f 2126 2132 2133
f 2126 2133 2127
f 2127 2133 2132
f 2127 2132 2135
f 2127 2135 2134
f 2128 2136 2137
f 2128 2137 2131
f 2128 2131 2129
f 2130 2131 2137
f 2134 2138 2139
f 2134 2139 2140
f 2134 2135 2138
f 2135 2141 2138
f 2136 2140 2139
f 2136 2139 2137
f 2137 2139 2142
f 2138 2141 2143
f 2138 2143 2139
f 2139 2143 2142