# https://github.com/mikedh/trimesh
v -0.04845956 -0.01166634 -0.01098572
v -0.04862968 -0.01166634 -0.01097224
v -0.04894938 -0.01166634 -0.01086684
v -0.04908924 -0.01166634 -0.01077814
v -0.04859188 -0.01181034 -0.01077814
v -0.04845956 -0.01181034 -0.01078862
v -0.04879462 -0.01166634 -0.01093222
v -0.04866230 -0.01148880 -0.01113980
v -0.04845956 -0.01148880 -0.01115586
v -0.04891098 -0.01128312 -0.01122178
v -0.04911948 -0.01128312 -0.01113372
v -0.04868876 -0.01128312 -0.01127570
v -0.04845956 -0.01128312 -0.01129386
v -0.04947060 -0.01128312 -0.01086684
v -0.04904330 -0.01148880 -0.01101420
v -0.04885886 -0.01148880 -0.01109208
v -0.04921000 -0.01148880 -0.01090846
v -0.04935388 -0.01148880 -0.01077814
v -0.04930794 -0.01128312 -0.01101420
v -0.04872018 -0.01191646 -0.01050732
v -0.04855008 -0.01191646 -0.01056336
v -0.04863784 -0.01191646 -0.01054208
v -0.04845956 -0.01191646 -0.01057056
v -0.04879462 -0.01191646 -0.01046010
v -0.04885886 -0.01191646 -0.01040192
v -0.04894938 -0.01181034 -0.01062716
v -0.04921000 -0.01166634 -0.01066876
v -0.04872018 -0.01181034 -0.01074698
v -0.04884056 -0.01181034 -0.01069616
v -0.04904330 -0.01181034 -0.01054208
v -0.04911948 -0.01181034 -0.01044354
v -0.04930794 -0.01166634 -0.01054208
v -0.04938010 -0.01166634 -0.01040192
v -0.04942430 -0.01166634 -0.01025252
v -0.04943918 -0.01166634 -0.01009844
v -0.04891098 -0.01191646 -0.01033450
v -0.04894938 -0.01191646 -0.01025992
v -0.04855008 -0.01198144 -0.01032370
v -0.04845956 -0.01198144 -0.01033814
v -0.04850552 -0.01198144 -0.01033450
v -0.04866230 -0.01198144 -0.01025252
v -0.04859188 -0.01198144 -0.01030604
v -0.04862968 -0.01198144 -0.01028206
v -0.04897288 -0.01191646 -0.01018044
v -0.04898080 -0.01191646 -0.01009844
v -0.04868876 -0.01198144 -0.01021830
v -0.04870824 -0.01198144 -0.01018044
v -0.04872018 -0.01198144 -0.01014008
v -0.04872420 -0.01198144 -0.01009844
v -0.04845956 -0.01200332 -0.01009844
v -0.04917562 -0.01181034 -0.01033450
v -0.04921000 -0.01181034 -0.01021830
v -0.04922156 -0.01181034 -0.01009844
v -0.04947060 -0.01148880 -0.01062716
v -0.04955662 -0.01148880 -0.01046010
v -0.04960256 -0.01128312 -0.01069616
v -0.04969980 -0.01128312 -0.01050732
v -0.04960928 -0.01148880 -0.01028206
v -0.04962702 -0.01148880 -0.01009844
v -0.04975934 -0.01128312 -0.01030604
v -0.04977938 -0.01128312 -0.01009844
v -0.04894938 -0.01105556 -0.01131734
v -0.04845956 -0.01105556 -0.01139556
v -0.04870824 -0.01105556 -0.01137584
v -0.04917562 -0.01105556 -0.01122178
v -0.04955662 -0.01105556 -0.01093220
v -0.04938010 -0.01105556 -0.01109208
v -0.04942430 -0.01081304 -0.01113980
v -0.04943918 -0.01056292 -0.01115586
v -0.04897288 -0.01081304 -0.01137584
v -0.04872018 -0.01081304 -0.01143718
v -0.04845956 -0.01081304 -0.01145784
v -0.04921000 -0.01081304 -0.01127570
v -0.04898080 -0.01056292 -0.01139556
v -0.04872420 -0.01056292 -0.01145784
v -0.04845956 -0.01056292 -0.01147878
v -0.04922156 -0.01056292 -0.01129386
v -0.04960928 -0.01081304 -0.01097224
v -0.04975934 -0.01081304 -0.01077814
v -0.04962702 -0.01056292 -0.01098572
v -0.04977938 -0.01056292 -0.01078862
v -0.04969980 -0.01105556 -0.01074698
v -0.04980530 -0.01105556 -0.01054208
v -0.04986990 -0.01105556 -0.01032370
v -0.04989166 -0.01105556 -0.01009844
v -0.04986990 -0.01081304 -0.01056336
v -0.04989166 -0.01056292 -0.01057056
v -0.04993762 -0.01081304 -0.01033450
v -0.04996042 -0.01081304 -0.01009844
v -0.04996042 -0.01056292 -0.01033814
v -0.04998356 -0.01056292 -0.01009844
v -0.03614056 -0.01182360 -0.01076136
v -0.03614056 -0.01168434 -0.01096108
v -0.03614056 -0.01166634 -0.01098572
v -0.03614056 -0.01164414 -0.01100698
v -0.03614056 -0.01179234 -0.01081326
v -0.03614056 -0.01181034 -0.01078862
v -0.03614056 -0.01172034 -0.01091180
v -0.03614056 -0.01148880 -0.01115586
v -0.03614056 -0.01151098 -0.01113458
v -0.03614056 -0.01146308 -0.01117310
v -0.03614056 -0.01125468 -0.01130658
v -0.03614056 -0.01141166 -0.01120760
v -0.03614056 -0.01130882 -0.01127662
v -0.03614056 -0.01128312 -0.01129386
v -0.03614056 -0.01155536 -0.01109206
v -0.03614056 -0.01187666 -0.01065232
v -0.03614056 -0.01190320 -0.01059782
v -0.03614056 -0.01191646 -0.01057056
v -0.03614056 -0.01192458 -0.01054150
v -0.03614056 -0.01194082 -0.01048340
v -0.03614056 -0.01197332 -0.01036720
v -0.03614056 -0.01198144 -0.01033814
v -0.03614056 -0.01198418 -0.01030818
v -0.03614056 -0.01198964 -0.01024826
v -0.03614056 -0.01200058 -0.01012840
v -0.03614056 -0.01200332 -0.01009844
v -0.03614056 -0.01114090 -0.01135742
v -0.03614056 -0.01108400 -0.01138284
v -0.03614056 -0.01105556 -0.01139556
v -0.03614056 -0.01102524 -0.01140334
v -0.03614056 -0.01090398 -0.01143448
v -0.03614056 -0.01084336 -0.01145004
v -0.03614056 -0.01081304 -0.01145784
v -0.03614056 -0.01078178 -0.01146044
v -0.03614056 -0.01065672 -0.01147092
v -0.03614056 -0.01059418 -0.01147616
v -0.03614056 -0.01056292 -0.01147878
v -0.03665482 -0.00953674 -0.01147878
v -0.04998356 -0.00960266 -0.00572736
v -0.03614056 -0.01200332 -0.00756780
v -0.03549306 -0.00851054 -0.01147878
v -0.04197632 -0.00630764 -0.01147878
v -0.02382156 -0.01166634 -0.01098572
v -0.02382156 -0.01177434 -0.01083790
v -0.02382156 -0.01181034 -0.01078862
v -0.02382156 -0.01170234 -0.01093644
v -0.02382156 -0.01148880 -0.01115586
v -0.02382156 -0.01143738 -0.01119036
v -0.02382156 -0.01133454 -0.01125936
v -0.02382156 -0.01128312 -0.01129386
v -0.02382156 -0.01162194 -0.01102826
v -0.02382156 -0.01153318 -0.01111332
v -0.02382156 -0.01183686 -0.01073410
v -0.02382156 -0.01188992 -0.01062508
v -0.02382156 -0.01191646 -0.01057056
v -0.02382156 -0.01193270 -0.01051246
v -0.02382156 -0.01196520 -0.01039626
v -0.02382156 -0.01198144 -0.01033814
v -0.02382156 -0.01198690 -0.01027822
v -0.02382156 -0.01199784 -0.01015838
v -0.02382156 -0.01200332 -0.01009844
v -0.02382156 -0.01122622 -0.01131928
v -0.02382156 -0.01111246 -0.01137014
v -0.02382156 -0.01105556 -0.01139556
v -0.02382156 -0.01099494 -0.01141112
v -0.02382156 -0.01087368 -0.01144226
v -0.02382156 -0.01081304 -0.01145784
v -0.02382156 -0.01075052 -0.01146306
v -0.02382156 -0.01062546 -0.01147354
v -0.02382156 -0.01056292 -0.01147878
v -0.02485006 -0.00851054 -0.01147878
v -0.02252658 -0.00645816 -0.01147878
v -0.02228160 -0.00622664 -0.01146084
v -0.05038356 -0.00958615 -0.00571154
v -0.05038356 -0.00926530 -0.00571154
v -0.04230006 -0.01200332 -0.00377186
v -0.04943918 -0.01166634 0.00002410
v -0.04898080 -0.01191646 0.00002410
v -0.04910118 -0.01186340 0.00002410
v -0.04872420 -0.01198144 0.00002410
v -0.04885250 -0.01194896 0.00002410
v -0.04859188 -0.01199238 0.00002410
v -0.04845956 -0.01200332 0.00002410
v -0.04922156 -0.01181034 0.00002410
v -0.04933036 -0.01173834 0.00002410
v -0.04953310 -0.01157756 0.00002410
v -0.04962702 -0.01148880 0.00002410
v -0.04970320 -0.01138596 0.00002410
v -0.04977938 -0.01128312 0.00002410
v -0.04983552 -0.01116934 0.00002410
v -0.04989166 -0.01105556 0.00002410
v -0.04992604 -0.01093430 0.00002410
v -0.04996042 -0.01081304 0.00002410
v -0.04997198 -0.01068798 0.00002410
v -0.04998356 -0.01056292 0.00002410
v -0.04998356 -0.01008280 -0.00216144
v -0.02382156 -0.01200332 -0.00503718
v -0.03549306 -0.00205238 -0.01147878
v -0.02204300 -0.00600112 -0.01140746
v -0.02181698 -0.00578750 -0.01132004
v -0.02160940 -0.00559130 -0.01120086
v -0.02142568 -0.00541768 -0.01105298
v -0.02127060 -0.00527110 -0.01088030
v -0.02120508 -0.00520918 -0.01078602
v -0.02114818 -0.00515540 -0.01068726
v -0.02110024 -0.00511010 -0.01058468
v -0.02106160 -0.00507356 -0.01047892
v -0.02103250 -0.00504606 -0.01037068
v -0.02101314 -0.00502776 -0.01026070
v -0.02100362 -0.00501876 -0.01014964
v -0.02100402 -0.00501914 -0.01003824
v -0.05038356 -0.00030435 -0.00571154
v -0.01150256 -0.01182360 -0.01076136
v -0.01150256 -0.01168434 -0.01096108
v -0.01150256 -0.01166634 -0.01098572
v -0.01150256 -0.01164414 -0.01100698
v -0.01150256 -0.01175634 -0.01086254
v -0.01150256 -0.01179234 -0.01081326
v -0.01150256 -0.01181034 -0.01078862
v -0.01150256 -0.01172034 -0.01091180
v -0.01150256 -0.01148880 -0.01115586
v -0.01150256 -0.01151098 -0.01113458
v -0.01150256 -0.01146308 -0.01117310
v -0.01150256 -0.01125468 -0.01130658
v -0.01150256 -0.01136024 -0.01124212
v -0.01150256 -0.01141166 -0.01120760
v -0.01150256 -0.01130882 -0.01127662
v -0.01150256 -0.01128312 -0.01129386
v -0.01150256 -0.01159976 -0.01104952
v -0.01150256 -0.01155536 -0.01109206
v -0.01150256 -0.01185014 -0.01070684
v -0.01150256 -0.01187666 -0.01065232
v -0.01150256 -0.01190320 -0.01059782
v -0.01150256 -0.01191646 -0.01057056
v -0.01150256 -0.01192458 -0.01054150
v -0.01150256 -0.01195708 -0.01042530
v -0.01150256 -0.01194082 -0.01048340
v -0.01150256 -0.01197332 -0.01036720
v -0.01150256 -0.01198144 -0.01033814
v -0.01150256 -0.01198418 -0.01030818
v -0.01150256 -0.01198964 -0.01024826
v -0.01150256 -0.01199512 -0.01018834
v -0.01150256 -0.01200058 -0.01012840
v -0.01150256 -0.01200332 -0.01009844
v -0.01150256 -0.01119778 -0.01133200
v -0.01150256 -0.01114090 -0.01135742
v -0.01150256 -0.01108400 -0.01138284
v -0.01150256 -0.01105556 -0.01139556
v -0.01150256 -0.01102524 -0.01140334
v -0.01150256 -0.01096462 -0.01141890
v -0.01150256 -0.01090398 -0.01143448
v -0.01150256 -0.01084336 -0.01145004
v -0.01150256 -0.01081304 -0.01145784
v -0.01150256 -0.01078178 -0.01146044
v -0.01150256 -0.01071924 -0.01146568
v -0.01150256 -0.01065672 -0.01147092
v -0.01150256 -0.01059418 -0.01147616
v -0.01150256 -0.01056292 -0.01147878
v -0.01150256 -0.01200332 -0.00756780
v -0.01253106 -0.00851054 -0.01147878
v -0.01304532 -0.00748436 -0.01147878
v -0.01188356 -0.00645816 -0.01147878
v -0.01176108 -0.00634240 -0.01146982
v -0.01188356 -0.00622664 -0.01146084
v -0.01176426 -0.00611388 -0.01143416
v 0.00081644 -0.01166634 -0.01098572
v 0.00081644 -0.01173834 -0.01088716
v 0.00081644 -0.01181034 -0.01078862
v 0.00081644 -0.01148880 -0.01115586
v 0.00081644 -0.01138596 -0.01122486
v 0.00081644 -0.01128312 -0.01129386
v 0.00081644 -0.01157756 -0.01107078
v 0.00081644 -0.01186340 -0.01067958
v 0.00081644 -0.01191646 -0.01057056
v 0.00081644 -0.01194894 -0.01045436
v 0.00081644 -0.01198144 -0.01033814
v 0.00081644 -0.01199238 -0.01021830
v 0.00081644 -0.01200332 -0.01009844
v 0.00081644 -0.01116934 -0.01134472
v 0.00081644 -0.01105556 -0.01139556
v 0.00081644 -0.01093430 -0.01142670
v 0.00081644 -0.01081304 -0.01145784
v 0.00081644 -0.01068798 -0.01146830
v 0.00081644 -0.01056292 -0.01147878
v 0.01313544 -0.01182360 -0.01076136
v 0.01313544 -0.01168434 -0.01096108
v 0.01313544 -0.01166634 -0.01098572
v 0.01313544 -0.01164414 -0.01100698
v 0.01313544 -0.01175634 -0.01086254
v 0.01313544 -0.01179234 -0.01081326
v 0.01313544 -0.01181034 -0.01078862
v 0.01313544 -0.01172034 -0.01091180
v 0.01313544 -0.01148880 -0.01115586
v 0.01313544 -0.01151098 -0.01113458
v 0.01313544 -0.01146308 -0.01117310
v 0.01313544 -0.01125468 -0.01130658
v 0.01313544 -0.01136024 -0.01124212
v 0.01313544 -0.01141166 -0.01120760
v 0.01313544 -0.01130882 -0.01127662
v 0.01313544 -0.01128312 -0.01129386
v 0.01313544 -0.01159976 -0.01104952
v 0.01313544 -0.01155536 -0.01109206
v 0.01313544 -0.01185014 -0.01070684
v 0.01313544 -0.01187666 -0.01065232
v 0.01313544 -0.01190320 -0.01059782
v 0.01313544 -0.01191646 -0.01057056
v 0.01313544 -0.01192458 -0.01054150
v 0.01313544 -0.01195708 -0.01042530
v 0.01313544 -0.01194082 -0.01048340
v 0.01313544 -0.01197332 -0.01036720
v 0.01313544 -0.01198144 -0.01033814
v 0.01313544 -0.01198418 -0.01030818
v 0.01313544 -0.01198964 -0.01024826
v 0.01313544 -0.01199512 -0.01018834
v 0.01313544 -0.01200058 -0.01012840
v 0.01313544 -0.01200332 -0.01009844
v 0.01313544 -0.01119778 -0.01133200
v 0.01313544 -0.01114090 -0.01135742
v 0.01313544 -0.01108400 -0.01138284
v 0.01313544 -0.01105556 -0.01139556
v 0.01313544 -0.01102524 -0.01140334
v 0.01313544 -0.01096462 -0.01141890
v 0.01313544 -0.01090398 -0.01143448
v 0.01313544 -0.01084336 -0.01145004
v 0.01313544 -0.01081304 -0.01145784
v 0.01313544 -0.01078178 -0.01146044
v 0.01313544 -0.01071924 -0.01146568
v 0.01313544 -0.01065672 -0.01147092
v 0.01313544 -0.01059418 -0.01147616
v 0.01313544 -0.01056292 -0.01147878
v 0.01262118 -0.00953674 -0.01147878
v 0.01313544 -0.01200332 -0.00756780
v -0.00124056 -0.00645816 -0.01147878
v -0.00148554 -0.00622664 -0.01146084
v 0.01159268 -0.00748436 -0.01147878
v -0.01150256 -0.01200332 -0.00250654
v 0.00081644 -0.01200332 0.00002410
v 0.01313544 -0.01200332 -0.00250654
v -0.01188356 -0.00600112 -0.01140746
v -0.01177056 -0.00589430 -0.01136376
v -0.01188356 -0.00578750 -0.01132004
v -0.01177978 -0.00568940 -0.01126044
v -0.01188356 -0.00559130 -0.01120086
v -0.01179170 -0.00550448 -0.01112692
v -0.01188356 -0.00541768 -0.01105298
v -0.01180602 -0.00534438 -0.01096664
v -0.01188356 -0.00527110 -0.01088030
v -0.01191632 -0.00524014 -0.01083316
v -0.01188356 -0.00520918 -0.01078602
v -0.01191202 -0.00518228 -0.01073664
v -0.01188356 -0.00515540 -0.01068726
v -0.01190754 -0.00513274 -0.01063596
v -0.01188356 -0.00511010 -0.01058468
v -0.01190288 -0.00509184 -0.01053180
v -0.01188356 -0.00507356 -0.01047892
v -0.01189812 -0.00505982 -0.01042480
v -0.01188356 -0.00504606 -0.01037068
v -0.01189326 -0.00503690 -0.01031568
v -0.01188356 -0.00502776 -0.01026070
v -0.01187880 -0.00502326 -0.01020516
v -0.01188356 -0.00501876 -0.01014964
v -0.01188336 -0.00501896 -0.01009394
v -0.01188356 -0.00501914 -0.01003824
v -0.00261896 -0.00515540 -0.01068726
v -0.00266688 -0.00511010 -0.01058468
v -0.00270552 -0.00507356 -0.01047892
v -0.00273464 -0.00504606 -0.01037068
v -0.00275400 -0.00502776 -0.01026070
v -0.00276352 -0.00501876 -0.01014964
v -0.00276312 -0.00501914 -0.01003824
v -0.00172414 -0.00600112 -0.01140746
v -0.00195016 -0.00578750 -0.01132004
v -0.00215772 -0.00559130 -0.01120086
v -0.00234144 -0.00541768 -0.01105298
v -0.00249654 -0.00527110 -0.01088030
v -0.00256204 -0.00520918 -0.01078602
v 0.01159268 -0.00220290 -0.01147878
v -0.03614056 -0.01200332 0.00255474
v -0.05038356 -0.00958615 0.00575974
v -0.04998356 -0.00960266 0.00577556
v -0.02382156 -0.01200332 0.00508538
v -0.03614056 -0.01200332 0.00761602
v -0.04943918 -0.01166634 0.01014666
v -0.04942430 -0.01166634 0.01030072
v -0.04898080 -0.01191646 0.01014666
v -0.04897288 -0.01191646 0.01022864
v -0.04872420 -0.01198144 0.01014666
v -0.04845956 -0.01200332 0.01014666
v -0.04872018 -0.01198144 0.01018828
v -0.04870824 -0.01198144 0.01022864
v -0.04868876 -0.01198144 0.01026650
v -0.04894938 -0.01191646 0.01030814
v -0.04891098 -0.01191646 0.01038270
v -0.04866230 -0.01198144 0.01030072
v -0.04862968 -0.01198144 0.01033028
v -0.04859188 -0.01198144 0.01035424
v -0.04855008 -0.01198144 0.01037190
v -0.04845956 -0.01198144 0.01038636
v -0.04850552 -0.01198144 0.01038270
v -0.04922156 -0.01181034 0.01014666
v -0.04921000 -0.01181034 0.01026650
v -0.04917562 -0.01181034 0.01038270
v -0.04885886 -0.01191646 0.01045012
v -0.04879462 -0.01191646 0.01050830
v -0.04872018 -0.01191646 0.01055552
v -0.04863784 -0.01191646 0.01059030
v -0.04855008 -0.01191646 0.01061160
v -0.04845956 -0.01191646 0.01061876
v -0.04911948 -0.01181034 0.01049176
v -0.04904330 -0.01181034 0.01059030
v -0.04938010 -0.01166634 0.01045012
v -0.04930794 -0.01166634 0.01059030
v -0.04894938 -0.01181034 0.01067538
v -0.04921000 -0.01166634 0.01071700
v -0.04884056 -0.01181034 0.01074436
v -0.04872018 -0.01181034 0.01079522
v -0.04962702 -0.01148880 0.01014666
v -0.04960928 -0.01148880 0.01033028
v -0.04977938 -0.01128312 0.01014666
v -0.04975934 -0.01128312 0.01035424
v -0.04955662 -0.01148880 0.01050830
v -0.04947060 -0.01148880 0.01067538
v -0.04969980 -0.01128312 0.01055552
v -0.04960256 -0.01128312 0.01074436
v -0.04908924 -0.01166634 0.01082634
v -0.04894938 -0.01166634 0.01091508
v -0.04859188 -0.01181034 0.01082634
v -0.04845956 -0.01181034 0.01083684
v -0.04879462 -0.01166634 0.01098042
v -0.04862968 -0.01166634 0.01102044
v -0.04845956 -0.01166634 0.01103392
v -0.04947060 -0.01128312 0.01091508
v -0.04935388 -0.01148880 0.01082634
v -0.04921000 -0.01148880 0.01095668
v -0.04904330 -0.01148880 0.01106240
v -0.04885886 -0.01148880 0.01114030
v -0.04930794 -0.01128312 0.01106240
v -0.04866230 -0.01148880 0.01118800
v -0.04845956 -0.01148880 0.01120406
v -0.04911948 -0.01128312 0.01118192
v -0.04891098 -0.01128312 0.01126998
v -0.04868876 -0.01128312 0.01132392
v -0.04845956 -0.01128312 0.01134208
v -0.04989166 -0.01105558 0.01014666
v -0.04986990 -0.01105558 0.01037190
v -0.04980530 -0.01105558 0.01059030
v -0.04969980 -0.01105558 0.01079522
v -0.04996042 -0.01081304 0.01014666
v -0.04993762 -0.01081304 0.01038270
v -0.04998356 -0.01056294 0.01014666
v -0.04996042 -0.01056294 0.01038636
v -0.04986990 -0.01081304 0.01061160
v -0.04989166 -0.01056294 0.01061876
v -0.04955662 -0.01105558 0.01098042
v -0.04938010 -0.01105558 0.01114030
v -0.04917562 -0.01105558 0.01126998
v -0.04894938 -0.01105558 0.01136554
v -0.04870824 -0.01105558 0.01142406
v -0.04845956 -0.01105558 0.01144376
v -0.04975934 -0.01081304 0.01082634
v -0.04960928 -0.01081304 0.01102044
v -0.04977938 -0.01056294 0.01083684
v -0.04962702 -0.01056294 0.01103392
v -0.04942430 -0.01081304 0.01118800
v -0.04943918 -0.01056294 0.01120406
v -0.04921000 -0.01081304 0.01132392
v -0.04897288 -0.01081304 0.01142406
v -0.04872018 -0.01081304 0.01148540
v -0.04845956 -0.01081304 0.01150604
v -0.04922156 -0.01056294 0.01134208
v -0.04898080 -0.01056294 0.01144376
v -0.04872420 -0.01056294 0.01150604
v -0.04845956 -0.01056294 0.01152702
v -0.03614056 -0.01200332 0.01014666
v -0.03614056 -0.01200060 0.01017662
v -0.03614056 -0.01198966 0.01029646
v -0.03614056 -0.01198418 0.01035640
v -0.03614056 -0.01198144 0.01038636
v -0.03614056 -0.01197332 0.01041540
v -0.03614056 -0.01194084 0.01053160
v -0.03614056 -0.01192458 0.01058972
v -0.03614056 -0.01191646 0.01061876
v -0.03614056 -0.01190320 0.01064602
v -0.03614056 -0.01185014 0.01075506
v -0.03614056 -0.01182362 0.01080958
v -0.03614056 -0.01181034 0.01083684
v -0.03614056 -0.01179234 0.01086148
v -0.03614056 -0.01172034 0.01096002
v -0.03614056 -0.01168434 0.01100930
v -0.03614056 -0.01166634 0.01103392
v -0.03614056 -0.01164414 0.01105520
v -0.03614056 -0.01159976 0.01109772
v -0.03614056 -0.01151100 0.01118280
v -0.03614056 -0.01148880 0.01120406
v -0.03614056 -0.01146310 0.01122132
v -0.03614056 -0.01141168 0.01125582
v -0.03614056 -0.01130884 0.01132482
v -0.03614056 -0.01128312 0.01134208
v -0.03614056 -0.01125468 0.01135478
v -0.03614056 -0.01114090 0.01140562
v -0.03614056 -0.01108402 0.01143106
v -0.03614056 -0.01105558 0.01144376
v -0.03614056 -0.01102526 0.01145154
v -0.03614056 -0.01090400 0.01148268
v -0.03614056 -0.01084336 0.01149826
v -0.03614056 -0.01081304 0.01150604
v -0.03614056 -0.01078178 0.01150866
v -0.03614056 -0.01065672 0.01151916
v -0.03614056 -0.01059420 0.01152440
v -0.03614056 -0.01056294 0.01152702
v -0.03641084 -0.00976734 0.01152702
v -0.03598102 -0.00897174 0.01152702
v -0.02382156 -0.01200332 0.01014666
v -0.02382156 -0.01199786 0.01020658
v -0.02382156 -0.01198692 0.01032644
v -0.02382156 -0.01198144 0.01038636
v -0.02382156 -0.01196520 0.01044446
v -0.02382156 -0.01193270 0.01056066
v -0.02382156 -0.01191646 0.01061876
v -0.02382156 -0.01188994 0.01067328
v -0.02382156 -0.01183688 0.01078232
v -0.02382156 -0.01181034 0.01083684
v -0.02382156 -0.01177434 0.01088612
v -0.02382156 -0.01170234 0.01098466
v -0.02382156 -0.01166634 0.01103392
v -0.02382156 -0.01162196 0.01107646
v -0.02382156 -0.01153318 0.01116152
v -0.02382156 -0.01148880 0.01120406
v -0.02382156 -0.01143738 0.01123856
v -0.02382156 -0.01133454 0.01130756
v -0.02382156 -0.01128312 0.01134208
v -0.02382156 -0.01122624 0.01136750
v -0.02382156 -0.01111246 0.01141834
v -0.02382156 -0.01105558 0.01144376
v -0.02382156 -0.01099494 0.01145934
v -0.02382156 -0.01087368 0.01149046
v -0.02382156 -0.01081304 0.01150604
v -0.02382156 -0.01075052 0.01151128
v -0.02382156 -0.01062546 0.01152178
v -0.02382156 -0.01056294 0.01152702
v -0.02436212 -0.00897174 0.01152702
v -0.02350248 -0.00738056 0.01152702
v -0.02324512 -0.00713730 0.01150720
v -0.02299516 -0.00690104 0.01144826
v -0.02275976 -0.00667856 0.01135200
v -0.02254570 -0.00647626 0.01122108
v -0.02204572 -0.00600370 0.01055214
v -0.02208890 -0.00604452 0.01066252
v -0.02214224 -0.00609494 0.01076916
v -0.02227784 -0.00622310 0.01096826
v -0.02235912 -0.00629990 0.01105930
v -0.02220538 -0.00615460 0.01087132
v -0.02149198 -0.00548034 0.00008432
v -0.04222030 -0.00448588 0.01152702
v -0.04998356 -0.00048014 0.00796112
v -0.02197992 -0.00594152 0.01020688
v -0.02199104 -0.00595202 0.01032354
v -0.02201302 -0.00597280 0.01043888
v -0.02974176 -0.00289468 0.01152702
v -0.01150256 -0.01200332 0.00255474
v 0.01313544 -0.01200332 0.00255474
v -0.01150256 -0.01200332 0.00761602
v -0.01150256 -0.01200332 0.01014666
v -0.01150256 -0.01200060 0.01017662
v -0.01150256 -0.01199512 0.01023654
v -0.01150256 -0.01198966 0.01029646
v -0.01150256 -0.01198418 0.01035640
v -0.01150256 -0.01198144 0.01038636
v -0.01150256 -0.01197332 0.01041540
v -0.01150256 -0.01195708 0.01047350
v -0.01150256 -0.01194084 0.01053160
v -0.01150256 -0.01192458 0.01058972
v -0.01150256 -0.01191646 0.01061876
v -0.01150256 -0.01190320 0.01064602
v -0.01150256 -0.01187666 0.01070054
v -0.01150256 -0.01185014 0.01075506
v -0.01150256 -0.01182362 0.01080958
v -0.01150256 -0.01181034 0.01083684
v -0.01150256 -0.01179234 0.01086148
v -0.01150256 -0.01175634 0.01091076
v -0.01150256 -0.01172034 0.01096002
v -0.01150256 -0.01168434 0.01100930
v -0.01150256 -0.01166634 0.01103392
v -0.01150256 -0.01164414 0.01105520
v -0.01150256 -0.01159976 0.01109772
v -0.01150256 -0.01155538 0.01114026
v -0.01150256 -0.01151100 0.01118280
v -0.01150256 -0.01148880 0.01120406
v -0.01150256 -0.01146310 0.01122132
v -0.01150256 -0.01141168 0.01125582
v -0.01150256 -0.01136026 0.01129032
v -0.01150256 -0.01130884 0.01132482
v -0.01150256 -0.01128312 0.01134208
v -0.01150256 -0.01125468 0.01135478
v -0.01150256 -0.01119780 0.01138020
v -0.01150256 -0.01114090 0.01140562
v -0.01150256 -0.01108402 0.01143106
v -0.01150256 -0.01105558 0.01144376
v -0.01150256 -0.01102526 0.01145154
v -0.01150256 -0.01096462 0.01146712
v -0.01150256 -0.01090400 0.01148268
v -0.01150256 -0.01084336 0.01149826
v -0.01150256 -0.01081304 0.01150604
v -0.01150256 -0.01078178 0.01150866
v -0.01150256 -0.01071926 0.01151390
v -0.01150256 -0.01065672 0.01151916
v -0.01150256 -0.01059420 0.01152440
v -0.01150256 -0.01056294 0.01152702
v -0.01204312 -0.00897174 0.01152702
v -0.01231338 -0.00817614 0.01152702
v -0.01188356 -0.00738056 0.01152702
v -0.01201224 -0.00725892 0.01151710
v -0.01188356 -0.00713730 0.01150720
v -0.01200856 -0.00701918 0.01147774
v -0.01188356 -0.00690104 0.01144826
v -0.01200126 -0.00678980 0.01140014
v -0.01188356 -0.00600370 0.01055214
v -0.01186198 -0.00602410 0.01060734
v -0.01185690 -0.00606972 0.01071584
v -0.01188356 -0.00604452 0.01066252
v -0.01188356 -0.00609494 0.01076916
v -0.01197686 -0.00638808 0.01114020
v -0.01199060 -0.00657740 0.01128654
v -0.01188356 -0.00667856 0.01135200
v -0.01188356 -0.00647626 0.01122108
v -0.01188356 -0.00622310 0.01096826
v -0.01188356 -0.00629990 0.01105930
v -0.01192420 -0.00626150 0.01101378
v -0.01188356 -0.00615460 0.01087132
v -0.01191514 -0.00612476 0.01082024
v -0.01184734 -0.00618884 0.01091978
v 0.01313544 -0.01200332 0.00761602
v 0.00081644 -0.01200332 0.01014666
v 0.00081644 -0.01199238 0.01026650
v 0.00081644 -0.01198144 0.01038636
v 0.00081644 -0.01194896 0.01050256
v 0.00081644 -0.01191646 0.01061876
v 0.00081644 -0.01186340 0.01072780
v 0.00081644 -0.01181034 0.01083684
v 0.00081644 -0.01173834 0.01093538
v 0.00081644 -0.01166634 0.01103392
v 0.00081644 -0.01157756 0.01111900
v 0.00081644 -0.01148880 0.01120406
v 0.00081644 -0.01138596 0.01127306
v 0.00081644 -0.01128312 0.01134208
v 0.00081644 -0.01116934 0.01139292
v 0.00081644 -0.01105558 0.01144376
v 0.00081644 -0.01093430 0.01147490
v 0.00081644 -0.01081304 0.01150604
v 0.00081644 -0.01068798 0.01151652
v 0.00081644 -0.01056294 0.01152702
v 0.01313544 -0.01200332 0.01014666
v 0.01313544 -0.01200060 0.01017662
v 0.01313544 -0.01199512 0.01023654
v 0.01313544 -0.01198966 0.01029646
v 0.01313544 -0.01198418 0.01035640
v 0.01313544 -0.01198144 0.01038636
v 0.01313544 -0.01197332 0.01041540
v 0.01313544 -0.01195708 0.01047350
v 0.01313544 -0.01194084 0.01053160
v 0.01313544 -0.01192458 0.01058972
v 0.01313544 -0.01191646 0.01061876
v 0.01313544 -0.01190320 0.01064602
v 0.01313544 -0.01187666 0.01070054
v 0.01313544 -0.01185014 0.01075506
v 0.01313544 -0.01182362 0.01080958
v 0.01313544 -0.01181034 0.01083684
v 0.01313544 -0.01179234 0.01086148
v 0.01313544 -0.01175634 0.01091076
v 0.01313544 -0.01172034 0.01096002
v 0.01313544 -0.01168434 0.01100930
v 0.01313544 -0.01166634 0.01103392
v 0.01313544 -0.01164414 0.01105520
v 0.01313544 -0.01159976 0.01109772
v 0.01313544 -0.01155538 0.01114026
v 0.01313544 -0.01151100 0.01118280
v 0.01313544 -0.01148880 0.01120406
v 0.01313544 -0.01146310 0.01122132
v 0.01313544 -0.01141168 0.01125582
v 0.01313544 -0.01136026 0.01129032
v 0.01313544 -0.01130884 0.01132482
v 0.01313544 -0.01128312 0.01134208
v 0.01313544 -0.01125468 0.01135478
v 0.01313544 -0.01119780 0.01138020
v 0.01313544 -0.01114090 0.01140562
v 0.01313544 -0.01108402 0.01143106
v 0.01313544 -0.01105558 0.01144376
v 0.01313544 -0.01102526 0.01145154
v 0.01313544 -0.01096462 0.01146712
v 0.01313544 -0.01090400 0.01148268
v 0.01313544 -0.01084336 0.01149826
v 0.01313544 -0.01081304 0.01150604
v 0.01313544 -0.01078178 0.01150866
v 0.01313544 -0.01071926 0.01151390
v 0.01313544 -0.01065672 0.01151916
v 0.01313544 -0.01059420 0.01152440
v 0.01313544 -0.01056294 0.01152702
v 0.01286516 -0.00976734 0.01152702
v -0.00077198 -0.00690104 0.01144826
v -0.00026466 -0.00738056 0.01152702
v -0.00052202 -0.00713730 0.01150720
v -0.00172142 -0.00600370 0.01055214
v -0.00167824 -0.00604452 0.01066252
v -0.00162490 -0.00609494 0.01076916
v -0.00100738 -0.00667856 0.01135200
v -0.00122144 -0.00647626 0.01122108
v -0.00148930 -0.00622310 0.01096826
v -0.00140802 -0.00629990 0.01105930
v -0.00156176 -0.00615460 0.01087132
v 0.01232462 -0.00817614 0.01152702
v -0.01237152 -0.00548034 0.00008432
v -0.00707936 -0.00571092 0.00514560
v -0.00227516 -0.00548034 0.00008432
v -0.00227516 -0.00046118 0.00008432
v -0.01188356 -0.00594152 0.01020688
v -0.01187802 -0.00594676 0.01026520
v -0.01188356 -0.00595202 0.01032354
v -0.01189456 -0.00596240 0.01038120
v -0.01188356 -0.00597280 0.01043888
v -0.01186722 -0.00598826 0.01049552
v -0.00178720 -0.00594152 0.01020688
v -0.00177610 -0.00595202 0.01032354
v -0.00175410 -0.00597280 0.01043888
v 0.01232462 -0.00448588 0.01152702
v -0.00039334 -0.00012162 0.01151712
v 0.00602998 -0.00224294 0.01152702
v -0.04943918 0.00000000 -0.01115586
v -0.04898080 0.00000000 -0.01139556
v -0.04910118 0.00000000 -0.01134470
v -0.04872420 0.00000000 -0.01145782
v -0.04885250 0.00000000 -0.01142670
v -0.04859188 0.00000000 -0.01146830
v -0.04845956 0.00000000 -0.01147878
v -0.04922156 0.00000000 -0.01129386
v -0.04933036 0.00000000 -0.01122486
v -0.04953310 0.00000000 -0.01107078
v -0.04962702 0.00000000 -0.01098572
v -0.04970320 0.00000000 -0.01088716
v -0.04977938 0.00000000 -0.01078862
v -0.04983552 0.00000000 -0.01067958
v -0.04989166 0.00000000 -0.01057056
v -0.04992604 0.00000000 -0.01045434
v -0.04996042 0.00000000 -0.01033814
v -0.04997198 0.00000000 -0.01021830
v -0.04998356 0.00000000 -0.01009844
v -0.04998356 0.00048014 -0.00791290
v -0.04998356 0.00000000 -0.00572736
v -0.04197632 0.00425528 -0.01147878
v -0.02900982 0.00220290 -0.01147878
v -0.02120508 0.00520918 -0.01078602
v -0.02114818 0.00515538 -0.01068726
v -0.02110024 0.00511010 -0.01058468
v -0.02106160 0.00507356 -0.01047892
v -0.02103250 0.00504606 -0.01037068
v -0.02101314 0.00502774 -0.01026070
v -0.02100362 0.00501876 -0.01014964
v -0.02160940 0.00559132 -0.01120084
v -0.02142568 0.00541768 -0.01105296
v -0.02127060 0.00527110 -0.01088030
v -0.02181698 0.00578750 -0.01132004
v -0.02204300 0.00600112 -0.01140746
v -0.02100402 0.00501914 -0.01003824
v -0.05038356 0.00001651 -0.00571154
v -0.03549306 0.00851054 -0.01147878
v -0.04943918 0.01056292 -0.01115584
v -0.04942430 0.01072370 -0.01115584
v -0.04898080 0.01056292 -0.01139554
v -0.04897288 0.01064846 -0.01139554
v -0.04872420 0.01056292 -0.01145782
v -0.04845956 0.01056292 -0.01147878
v -0.04872018 0.01060636 -0.01145782
v -0.04870824 0.01064846 -0.01145782
v -0.04868876 0.01068798 -0.01145782
v -0.04922156 0.01056292 -0.01129386
v -0.04921000 0.01068798 -0.01129386
v -0.04894938 0.01073142 -0.01139554
v -0.04891098 0.01080924 -0.01139554
v -0.04866230 0.01072370 -0.01145782
v -0.04862968 0.01075452 -0.01145782
v -0.04859188 0.01077954 -0.01145782
v -0.04855008 0.01079796 -0.01145782
v -0.04845956 0.01081304 -0.01145782
v -0.04850552 0.01080924 -0.01145782
v -0.04917562 0.01080924 -0.01129386
v -0.04962702 0.01056292 -0.01098572
v -0.04977938 0.01056292 -0.01078860
v -0.04960928 0.01075452 -0.01098572
v -0.04975934 0.01077954 -0.01078860
v -0.04885886 0.01087958 -0.01139554
v -0.04879462 0.01094032 -0.01139554
v -0.04872018 0.01098956 -0.01139554
v -0.04863784 0.01102586 -0.01139554
v -0.04855008 0.01104808 -0.01139554
v -0.04845956 0.01105556 -0.01139554
v -0.04911948 0.01092302 -0.01129386
v -0.04938010 0.01087958 -0.01115584
v -0.04904330 0.01102586 -0.01129386
v -0.04930794 0.01102586 -0.01115584
v -0.04894938 0.01111462 -0.01129386
v -0.04921000 0.01115806 -0.01115584
v -0.04884056 0.01118664 -0.01129386
v -0.04872018 0.01123968 -0.01129386
v -0.04955662 0.01094032 -0.01098572
v -0.04969980 0.01098956 -0.01078860
v -0.04947060 0.01111462 -0.01098572
v -0.04960256 0.01118664 -0.01078860
v -0.04989166 0.01056292 -0.01057054
v -0.04986990 0.01079796 -0.01057054
v -0.04996042 0.01056292 -0.01033814
v -0.04998356 0.01056292 -0.01009844
v -0.04993762 0.01080924 -0.01033814
v -0.04996042 0.01081304 -0.01009844
v -0.04980530 0.01102586 -0.01057054
v -0.04969980 0.01123968 -0.01057054
v -0.04986990 0.01104808 -0.01033814
v -0.04989166 0.01105556 -0.01009844
v -0.04908924 0.01127218 -0.01115584
v -0.04894938 0.01136476 -0.01115584
v -0.04859188 0.01127218 -0.01129386
v -0.04845956 0.01128312 -0.01129386
v -0.04879462 0.01143296 -0.01115584
v -0.04862968 0.01147472 -0.01115584
v -0.04845956 0.01148880 -0.01115584
v -0.04947060 0.01136474 -0.01078860
v -0.04935388 0.01127218 -0.01098572
v -0.04921000 0.01140818 -0.01098572
v -0.04904330 0.01151850 -0.01098572
v -0.04885886 0.01159978 -0.01098572
v -0.04930794 0.01151850 -0.01078860
v -0.04866230 0.01164956 -0.01098572
v -0.04845956 0.01166634 -0.01098572
v -0.04911948 0.01164322 -0.01078860
v -0.04891098 0.01173512 -0.01078860
v -0.04868876 0.01179138 -0.01078860
v -0.04845956 0.01181034 -0.01078860
v -0.04955662 0.01143296 -0.01057054
v -0.04938010 0.01159978 -0.01057054
v -0.04975934 0.01127218 -0.01033814
v -0.04977938 0.01128312 -0.01009844
v -0.04960928 0.01147472 -0.01033814
v -0.04962702 0.01148880 -0.01009844
v -0.04917562 0.01173512 -0.01057054
v -0.04894938 0.01183482 -0.01057054
v -0.04870824 0.01189588 -0.01057054
v -0.04845956 0.01191646 -0.01057054
v -0.04942430 0.01164956 -0.01033814
v -0.04943918 0.01166632 -0.01009844
v -0.04921000 0.01179138 -0.01033814
v -0.04922156 0.01181034 -0.01009844
v -0.04897288 0.01189588 -0.01033814
v -0.04872018 0.01195988 -0.01033814
v -0.04845956 0.01198144 -0.01033814
v -0.04898080 0.01191646 -0.01009844
v -0.04872420 0.01198144 -0.01009844
v -0.04845956 0.01200332 -0.01009844
v -0.03665482 0.00953674 -0.01147878
v -0.03614056 0.01056292 -0.01147878
v -0.03614056 0.01059418 -0.01147616
v -0.03614056 0.01071926 -0.01146568
v -0.03614056 0.01078178 -0.01146044
v -0.03614056 0.01081304 -0.01145782
v -0.03614056 0.01084336 -0.01145004
v -0.03614056 0.01090400 -0.01143448
v -0.03614056 0.01102526 -0.01140334
v -0.03614056 0.01105556 -0.01139554
v -0.03614056 0.01108402 -0.01138284
v -0.03614056 0.01119780 -0.01133200
v -0.03614056 0.01125468 -0.01130656
v -0.03614056 0.01128312 -0.01129386
v -0.03614056 0.01130884 -0.01127660
v -0.03614056 0.01141166 -0.01120760
v -0.03614056 0.01146308 -0.01117310
v -0.03614056 0.01148880 -0.01115584
v -0.03614056 0.01151098 -0.01113458
v -0.03614056 0.01155536 -0.01109204
v -0.03614056 0.01164414 -0.01100698
v -0.03614056 0.01166634 -0.01098572
v -0.03614056 0.01168434 -0.01096108
v -0.03614056 0.01175634 -0.01086252
v -0.03614056 0.01179234 -0.01081324
v -0.03614056 0.01181034 -0.01078860
v -0.03614056 0.01182360 -0.01076136
v -0.03614056 0.01185014 -0.01070684
v -0.03614056 0.01190320 -0.01059780
v -0.03614056 0.01191646 -0.01057054
v -0.03614056 0.01192458 -0.01054150
v -0.03614056 0.01194082 -0.01048340
v -0.03614056 0.01197332 -0.01036720
v -0.03614056 0.01198144 -0.01033814
v -0.03614056 0.01198418 -0.01030818
v -0.03614056 0.01199512 -0.01018832
v -0.03614056 0.01200058 -0.01012840
v -0.03614056 0.01200332 -0.01009844
v -0.04998356 0.00960266 -0.00572734
v -0.03614056 0.01200332 -0.00756780
v -0.02252658 0.00645818 -0.01147878
v -0.02228160 0.00622664 -0.01146084
v -0.02485006 0.00851054 -0.01147878
v -0.02382156 0.01056292 -0.01147878
v -0.02382156 0.01062546 -0.01147354
v -0.02382156 0.01075052 -0.01146306
v -0.02382156 0.01081304 -0.01145782
v -0.02382156 0.01087368 -0.01144226
v -0.02382156 0.01099494 -0.01141112
v -0.02382156 0.01105556 -0.01139554
v -0.02382156 0.01111246 -0.01137012
v -0.02382156 0.01122624 -0.01131928
v -0.02382156 0.01128312 -0.01129386
v -0.02382156 0.01133454 -0.01125936
v -0.02382156 0.01143738 -0.01119034
v -0.02382156 0.01148880 -0.01115584
v -0.02382156 0.01153318 -0.01111332
v -0.02382156 0.01162194 -0.01102824
v -0.02382156 0.01166634 -0.01098572
v -0.02382156 0.01170234 -0.01093644
v -0.02382156 0.01177434 -0.01083788
v -0.02382156 0.01181034 -0.01078860
v -0.02382156 0.01183688 -0.01073410
v -0.02382156 0.01188992 -0.01062506
v -0.02382156 0.01191646 -0.01057054
v -0.02382156 0.01193270 -0.01051244
v -0.02382156 0.01196520 -0.01039624
v -0.02382156 0.01198144 -0.01033814
v -0.02382156 0.01198690 -0.01027822
v -0.02382156 0.01199786 -0.01015836
v -0.02382156 0.01200332 -0.01009844
v -0.05038356 0.00929831 -0.00571152
v -0.05038356 0.00958615 -0.00571152
v -0.05038356 0.00958615 -0.00551935
v -0.04230006 0.01200332 -0.00377184
v -0.02382156 0.01200332 -0.00503716
v -0.01191632 0.00524014 -0.01083316
v -0.01188356 0.00520918 -0.01078602
v -0.01186902 0.00505982 -0.01042480
v -0.01188356 0.00515538 -0.01068726
v -0.01188356 0.00511010 -0.01058468
v -0.01185960 0.00513274 -0.01063596
v -0.01185512 0.00518228 -0.01073664
v -0.01186424 0.00509182 -0.01053180
v -0.01188356 0.00507356 -0.01047892
v -0.01188356 0.00504606 -0.01037068
v -0.01187388 0.00503690 -0.01031568
v -0.01188356 0.00502774 -0.01026070
v -0.01188832 0.00502326 -0.01020516
v -0.01188356 0.00501876 -0.01014964
v -0.01188376 0.00501894 -0.01009394
v -0.01197542 0.00550450 -0.01112690
v -0.01188356 0.00559132 -0.01120084
v -0.01196110 0.00534438 -0.01096664
v -0.01188356 0.00541768 -0.01105296
v -0.01188356 0.00527110 -0.01088030
v -0.01188356 0.00578750 -0.01132004
v -0.01198736 0.00568940 -0.01126044
v -0.01199658 0.00589432 -0.01136376
v -0.01188356 0.00600112 -0.01140746
v -0.01188356 0.00501914 -0.01003824
v -0.00261896 0.00515538 -0.01068726
v -0.00266688 0.00511010 -0.01058468
v -0.00270552 0.00507356 -0.01047892
v -0.00273464 0.00504606 -0.01037068
v -0.00275400 0.00502774 -0.01026070
v -0.00276352 0.00501876 -0.01014964
v -0.00276312 0.00501914 -0.01003824
v 0.00517606 0.00212764 -0.01147878
v -0.00256204 0.00520918 -0.01078602
v -0.00215772 0.00559132 -0.01120084
v -0.00234144 0.00541768 -0.01105296
v -0.00249654 0.00527110 -0.01088030
v -0.00195016 0.00578750 -0.01132004
v -0.00172414 0.00600112 -0.01140746
v 0.01159268 0.00425528 -0.01147878
v -0.01200286 0.00611388 -0.01143416
v -0.01188356 0.00622664 -0.01146084
v -0.01200606 0.00634240 -0.01146980
v -0.01188356 0.00645818 -0.01147878
v -0.01304532 0.00748436 -0.01147878
v -0.01253106 0.00851054 -0.01147878
v -0.01150256 0.01056292 -0.01147878
v -0.01150256 0.01059418 -0.01147616
v -0.01150256 0.01065672 -0.01147092
v -0.01150256 0.01071926 -0.01146568
v -0.01150256 0.01078178 -0.01146044
v -0.01150256 0.01081304 -0.01145782
v -0.01150256 0.01084336 -0.01145004
v -0.01150256 0.01090400 -0.01143448
v -0.01150256 0.01096462 -0.01141890
v -0.01150256 0.01102526 -0.01140334
v -0.01150256 0.01105556 -0.01139554
v -0.01150256 0.01108402 -0.01138284
v -0.01150256 0.01114090 -0.01135742
v -0.01150256 0.01119780 -0.01133200
v -0.01150256 0.01125468 -0.01130656
v -0.01150256 0.01128312 -0.01129386
v -0.01150256 0.01130884 -0.01127660
v -0.01150256 0.01136024 -0.01124210
v -0.01150256 0.01141166 -0.01120760
v -0.01150256 0.01146308 -0.01117310
v -0.01150256 0.01148880 -0.01115584
v -0.01150256 0.01151098 -0.01113458
v -0.01150256 0.01155536 -0.01109204
v -0.01150256 0.01159976 -0.01104952
v -0.01150256 0.01164414 -0.01100698
v -0.01150256 0.01166634 -0.01098572
v -0.01150256 0.01168434 -0.01096108
v -0.01150256 0.01172034 -0.01091180
v -0.01150256 0.01175634 -0.01086252
v -0.01150256 0.01179234 -0.01081324
v -0.01150256 0.01181034 -0.01078860
v -0.01150256 0.01182360 -0.01076136
v -0.01150256 0.01185014 -0.01070684
v -0.01150256 0.01187666 -0.01065232
v -0.01150256 0.01190320 -0.01059780
v -0.01150256 0.01191646 -0.01057054
v -0.01150256 0.01192458 -0.01054150
v -0.01150256 0.01194082 -0.01048340
v -0.01150256 0.01195706 -0.01042530
v -0.01150256 0.01197332 -0.01036720
v -0.01150256 0.01198144 -0.01033814
v -0.01150256 0.01198418 -0.01030818
v -0.01150256 0.01198964 -0.01024826
v -0.01150256 0.01199512 -0.01018832
v -0.01150256 0.01200058 -0.01012840
v -0.01150256 0.01200332 -0.01009844
v -0.01150256 0.01200332 -0.00756780
v -0.00148554 0.00622664 -0.01146084
v -0.00124056 0.00645818 -0.01147878
v 0.01159268 0.00748436 -0.01147878
v 0.00081644 0.01056292 -0.01147878
v 0.00081644 0.01068798 -0.01146830
v 0.00081644 0.01081304 -0.01145782
v 0.00081644 0.01093430 -0.01142668
v 0.00081644 0.01105556 -0.01139554
v 0.00081644 0.01116934 -0.01134470
v 0.00081644 0.01128312 -0.01129386
v 0.00081644 0.01138596 -0.01122486
v 0.00081644 0.01148880 -0.01115584
v 0.00081644 0.01157756 -0.01107078
v 0.00081644 0.01166634 -0.01098572
v 0.00081644 0.01173834 -0.01088716
v 0.00081644 0.01181034 -0.01078860
v 0.00081644 0.01186340 -0.01067958
v 0.00081644 0.01191646 -0.01057054
v 0.00081644 0.01194894 -0.01045434
v 0.00081644 0.01198144 -0.01033814
v 0.00081644 0.01199238 -0.01021830
v 0.00081644 0.01200332 -0.01009844
v 0.01262118 0.00953674 -0.01147878
v 0.01313544 0.01056292 -0.01147878
v 0.01313544 0.01059418 -0.01147616
v 0.01313544 0.01065672 -0.01147092
v 0.01313544 0.01071926 -0.01146568
v 0.01313544 0.01078178 -0.01146044
v 0.01313544 0.01081304 -0.01145782
v 0.01313544 0.01084336 -0.01145004
v 0.01313544 0.01090400 -0.01143448
v 0.01313544 0.01096462 -0.01141890
v 0.01313544 0.01102526 -0.01140334
v 0.01313544 0.01105556 -0.01139554
v 0.01313544 0.01108402 -0.01138284
v 0.01313544 0.01114090 -0.01135742
v 0.01313544 0.01119780 -0.01133200
v 0.01313544 0.01125468 -0.01130656
v 0.01313544 0.01128312 -0.01129386
v 0.01313544 0.01130884 -0.01127660
v 0.01313544 0.01136024 -0.01124210
v 0.01313544 0.01141166 -0.01120760
v 0.01313544 0.01146308 -0.01117310
v 0.01313544 0.01148880 -0.01115584
v 0.01313544 0.01151098 -0.01113458
v 0.01313544 0.01155536 -0.01109204
v 0.01313544 0.01159976 -0.01104952
v 0.01313544 0.01164414 -0.01100698
v 0.01313544 0.01166634 -0.01098572
v 0.01313544 0.01168434 -0.01096108
v 0.01313544 0.01172034 -0.01091180
v 0.01313544 0.01175634 -0.01086252
v 0.01313544 0.01179234 -0.01081324
v 0.01313544 0.01181034 -0.01078860
v 0.01313544 0.01182360 -0.01076136
v 0.01313544 0.01185014 -0.01070684
v 0.01313544 0.01187666 -0.01065232
v 0.01313544 0.01190320 -0.01059780
v 0.01313544 0.01191646 -0.01057054
v 0.01313544 0.01192458 -0.01054150
v 0.01313544 0.01194082 -0.01048340
v 0.01313544 0.01195706 -0.01042530
v 0.01313544 0.01197332 -0.01036720
v 0.01313544 0.01198144 -0.01033814
v 0.01313544 0.01198418 -0.01030818
v 0.01313544 0.01198964 -0.01024826
v 0.01313544 0.01199512 -0.01018832
v 0.01313544 0.01200058 -0.01012840
v 0.01313544 0.01200332 -0.01009844
v 0.01313544 0.01200332 -0.00756780
v -0.01150256 0.01200332 -0.00250652
v 0.01313544 0.01200332 -0.00250652
v -0.04998356 0.00000000 0.00577556
v -0.02149198 0.00046118 0.00008432
v -0.02149198 0.00548032 0.00008432
v -0.04998356 0.00000000 0.01014666
v -0.04997198 0.00000000 0.01026650
v -0.04996042 0.00000000 0.01038636
v -0.04992604 0.00000000 0.01050256
v -0.04989166 0.00000000 0.01061876
v -0.04983552 0.00000000 0.01072780
v -0.04977938 0.00000000 0.01083686
v -0.04970320 0.00000000 0.01093540
v -0.04962702 0.00000000 0.01103394
v -0.04953310 0.00000000 0.01111900
v -0.04943918 0.00000000 0.01120406
v -0.04933036 0.00000000 0.01127306
v -0.04922156 0.00000000 0.01134208
v -0.04910118 0.00000000 0.01139292
v -0.04898080 0.00000000 0.01144376
v -0.04885250 0.00000000 0.01147490
v -0.04872420 0.00000000 0.01150604
v -0.04859188 0.00000000 0.01151654
v -0.04845956 0.00000000 0.01152702
v -0.03598102 0.00159118 0.01152702
v -0.02350248 0.00000000 0.01152702
v -0.02337380 0.00012162 0.01151712
v -0.02197992 0.00594150 0.01020688
v -0.02199104 0.00595200 0.01032354
v -0.02201302 0.00597278 0.01043888
v -0.04998356 0.01008278 0.00220966
v -0.04998356 0.01056292 0.00002412
v -0.04997198 0.01068798 0.00002412
v -0.04996042 0.01081304 0.00002412
v -0.04992604 0.01093430 0.00002412
v -0.04989166 0.01105556 0.00002412
v -0.04983552 0.01116934 0.00002412
v -0.04977938 0.01128312 0.00002412
v -0.04970320 0.01138596 0.00002412
v -0.04962702 0.01148878 0.00002412
v -0.04953310 0.01157756 0.00002412
v -0.04943918 0.01166632 0.00002412
v -0.04933036 0.01173834 0.00002412
v -0.04922156 0.01181034 0.00002412
v -0.04910118 0.01186340 0.00002412
v -0.04898080 0.01191646 0.00002412
v -0.04885250 0.01194894 0.00002412
v -0.04872420 0.01198144 0.00002412
v -0.04859188 0.01199238 0.00002412
v -0.04845956 0.01200332 0.00002412
v -0.03614056 0.01200332 0.00255474
v -0.05038356 0.00958615 0.00575974
v -0.04998356 0.00960266 0.00577556
v -0.02382156 0.01200332 0.00508538
v -0.04222030 0.00607704 0.01152702
v -0.03598102 0.00897172 0.01152702
v -0.03614056 0.01200332 0.00761602
v -0.04998356 0.01056292 0.01014666
v -0.04996042 0.01056292 0.01038636
v -0.04996042 0.01081304 0.01014666
v -0.04993762 0.01080924 0.01038636
v -0.04989166 0.01056292 0.01061876
v -0.04986990 0.01079796 0.01061876
v -0.04989166 0.01105556 0.01014666
v -0.04986990 0.01104808 0.01038636
v -0.04980530 0.01102584 0.01061876
v -0.04969980 0.01123968 0.01061876
v -0.04977938 0.01056292 0.01083686
v -0.04962702 0.01056292 0.01103394
v -0.04975934 0.01077954 0.01083686
v -0.04960928 0.01075452 0.01103394
v -0.04943918 0.01056292 0.01120406
v -0.04942430 0.01072368 0.01120406
v -0.04922156 0.01056292 0.01134208
v -0.04921000 0.01068798 0.01134208
v -0.04898080 0.01056292 0.01144376
v -0.04897288 0.01064846 0.01144376
v -0.04872420 0.01056292 0.01150604
v -0.04845956 0.01056292 0.01152702
v -0.04872018 0.01060634 0.01150604
v -0.04870824 0.01064846 0.01150604
v -0.04868876 0.01068798 0.01150604
v -0.04917562 0.01080924 0.01134208
v -0.04894938 0.01073142 0.01144376
v -0.04891098 0.01080924 0.01144376
v -0.04866230 0.01072368 0.01150604
v -0.04862968 0.01075452 0.01150604
v -0.04859188 0.01077954 0.01150604
v -0.04855008 0.01079796 0.01150604
v -0.04850552 0.01080924 0.01150604
v -0.04845956 0.01081304 0.01150604
v -0.04969980 0.01098956 0.01083686
v -0.04955662 0.01094030 0.01103394
v -0.04960256 0.01118662 0.01083686
v -0.04947060 0.01111462 0.01103394
v -0.04938010 0.01087958 0.01120406
v -0.04911948 0.01092302 0.01134208
v -0.04930794 0.01102584 0.01120406
v -0.04904330 0.01102584 0.01134208
v -0.04885886 0.01087958 0.01144376
v -0.04879462 0.01094030 0.01144376
v -0.04872018 0.01098956 0.01144376
v -0.04863784 0.01102584 0.01144376
v -0.04855008 0.01104808 0.01144376
v -0.04845956 0.01105556 0.01144376
v -0.04921000 0.01115806 0.01120406
v -0.04894938 0.01111462 0.01134208
v -0.04884056 0.01118662 0.01134208
v -0.04872018 0.01123968 0.01134208
v -0.04977938 0.01128312 0.01014666
v -0.04975934 0.01127216 0.01038636
v -0.04962702 0.01148878 0.01014666
v -0.04960928 0.01147472 0.01038636
v -0.04955662 0.01143294 0.01061876
v -0.04938010 0.01159978 0.01061876
v -0.04943918 0.01166632 0.01014666
v -0.04942430 0.01164956 0.01038636
v -0.04922156 0.01181034 0.01014666
v -0.04921000 0.01179138 0.01038636
v -0.04898080 0.01191644 0.01014666
v -0.04872420 0.01198144 0.01014666
v -0.04845956 0.01200332 0.01014666
v -0.04897288 0.01189588 0.01038636
v -0.04872018 0.01195988 0.01038636
v -0.04845956 0.01198144 0.01038636
v -0.04917562 0.01173510 0.01061876
v -0.04894938 0.01183482 0.01061876
v -0.04870824 0.01189588 0.01061876
v -0.04845956 0.01191644 0.01061876
v -0.04947060 0.01136474 0.01083686
v -0.04935388 0.01127216 0.01103394
v -0.04921000 0.01140818 0.01103394
v -0.04930794 0.01151850 0.01083686
v -0.04904330 0.01151850 0.01103394
v -0.04885886 0.01159978 0.01103394
v -0.04908924 0.01127216 0.01120406
v -0.04894938 0.01136474 0.01120406
v -0.04859188 0.01127216 0.01134208
v -0.04845956 0.01128312 0.01134208
v -0.04879462 0.01143294 0.01120406
v -0.04862968 0.01147472 0.01120406
v -0.04845956 0.01148878 0.01120406
v -0.04911948 0.01164322 0.01083686
v -0.04891098 0.01173510 0.01083686
v -0.04868876 0.01179138 0.01083686
v -0.04845956 0.01181034 0.01083686
v -0.04866230 0.01164956 0.01103394
v -0.04845956 0.01166632 0.01103394
v -0.03641084 0.00976732 0.01152702
v -0.03614056 0.01056292 0.01152702
v -0.03614056 0.01059418 0.01152440
v -0.03614056 0.01071924 0.01151392
v -0.03614056 0.01078178 0.01150866
v -0.03614056 0.01081304 0.01150604
v -0.03614056 0.01084336 0.01149826
v -0.03614056 0.01090398 0.01148270
v -0.03614056 0.01102524 0.01145156
v -0.03614056 0.01105556 0.01144376
v -0.03614056 0.01108400 0.01143106
v -0.03614056 0.01119778 0.01138022
v -0.03614056 0.01200332 0.01014666
v -0.03614056 0.01200058 0.01017662
v -0.03614056 0.01198964 0.01029648
v -0.03614056 0.01198416 0.01035640
v -0.03614056 0.01198144 0.01038636
v -0.03614056 0.01197330 0.01041542
v -0.03614056 0.01194082 0.01053162
v -0.03614056 0.01192458 0.01058972
v -0.03614056 0.01191644 0.01061876
v -0.03614056 0.01190318 0.01064604
v -0.03614056 0.01185012 0.01075508
v -0.03614056 0.01159974 0.01109774
v -0.03614056 0.01128312 0.01134208
v -0.03614056 0.01130882 0.01132482
v -0.03614056 0.01141166 0.01125582
v -0.03614056 0.01125468 0.01135480
v -0.03614056 0.01146308 0.01122132
v -0.03614056 0.01151098 0.01118280
v -0.03614056 0.01148878 0.01120406
v -0.03614056 0.01172032 0.01096004
v -0.03614056 0.01181034 0.01083686
v -0.03614056 0.01179234 0.01086150
v -0.03614056 0.01164414 0.01105520
v -0.03614056 0.01166632 0.01103394
v -0.03614056 0.01168432 0.01100930
v -0.03614056 0.01182360 0.01080960
v -0.02254570 0.00647624 0.01122110
v -0.02275976 0.00667856 0.01135200
v -0.02299516 0.00690104 0.01144828
v -0.02324512 0.00713730 0.01150720
v -0.02350248 0.00738054 0.01152702
v -0.02204572 0.00600370 0.01055216
v -0.02208890 0.00604450 0.01066252
v -0.02214224 0.00609492 0.01076916
v -0.02220538 0.00615458 0.01087132
v -0.02227784 0.00622308 0.01096826
v -0.02235912 0.00629990 0.01105932
v -0.02436212 0.00897172 0.01152702
v -0.02382156 0.01056292 0.01152702
v -0.02382156 0.01062544 0.01152178
v -0.02382156 0.01075050 0.01151128
v -0.02382156 0.01081304 0.01150604
v -0.02382156 0.01087368 0.01149048
v -0.02382156 0.01099494 0.01145934
v -0.02382156 0.01105556 0.01144376
v -0.02382156 0.01111246 0.01141834
v -0.02382156 0.01122622 0.01136750
v -0.02382156 0.01200332 0.01014666
v -0.02382156 0.01199784 0.01020658
v -0.02382156 0.01198690 0.01032644
v -0.02382156 0.01198144 0.01038636
v -0.02382156 0.01196518 0.01044446
v -0.02382156 0.01193270 0.01056066
v -0.02382156 0.01191644 0.01061876
v -0.02382156 0.01188992 0.01067330
v -0.02382156 0.01183686 0.01078234
v -0.02382156 0.01153316 0.01116154
v -0.02382156 0.01162194 0.01107646
v -0.02382156 0.01128312 0.01134208
v -0.02382156 0.01133454 0.01130758
v -0.02382156 0.01143736 0.01123858
v -0.02382156 0.01148878 0.01120406
v -0.02382156 0.01170232 0.01098466
v -0.02382156 0.01181034 0.01083686
v -0.02382156 0.01177434 0.01088612
v -0.02382156 0.01166632 0.01103394
v -0.01139562 0.00548032 0.00008432
v -0.01668778 0.00571092 0.00514560
v -0.00227516 0.00548032 0.00008432
v -0.01188356 0.00594150 0.01020688
v -0.01188912 0.00594676 0.01026522
v -0.01188356 0.00595200 0.01032354
v -0.01189456 0.00596240 0.01038120
v -0.01188356 0.00597278 0.01043888
v -0.01189992 0.00598824 0.01049552
v -0.00026466 0.00000000 0.01152702
v 0.01232462 0.00289466 0.01152702
v -0.00178720 0.00594150 0.01020688
v -0.00177610 0.00595200 0.01032354
v -0.00175410 0.00597278 0.01043888
v -0.01150256 0.01200332 0.00255474
v 0.00081644 0.01200332 0.00002412
v 0.01313544 0.01200332 0.00255474
v -0.01188356 0.00600370 0.01055216
v -0.01190516 0.00602410 0.01060734
v -0.01188356 0.00604450 0.01066252
v -0.01191024 0.00606970 0.01071584
v -0.01188356 0.00609492 0.01076916
v -0.01191514 0.00612476 0.01082024
v -0.01188356 0.00615458 0.01087132
v -0.01191980 0.00618882 0.01091980
v -0.01188356 0.00622308 0.01096826
v -0.01184292 0.00626148 0.01101378
v -0.01188356 0.00629990 0.01105932
v -0.01179028 0.00638806 0.01114020
v -0.01188356 0.00647624 0.01122110
v -0.01177654 0.00657740 0.01128654
v -0.01188356 0.00667856 0.01135200
v -0.01176586 0.00678980 0.01140014
v -0.01188356 0.00690104 0.01144828
v -0.01175858 0.00701916 0.01147774
v -0.01188356 0.00713730 0.01150720
v -0.01175488 0.00725892 0.01151712
v -0.01188356 0.00738054 0.01152702
v -0.01231338 0.00817612 0.01152702
v -0.01204312 0.00897172 0.01152702
v -0.01150256 0.01200332 0.00761602
v -0.01150256 0.01056292 0.01152702
v -0.01150256 0.01059418 0.01152440
v -0.01150256 0.01065672 0.01151916
v -0.01150256 0.01071924 0.01151392
v -0.01150256 0.01078178 0.01150866
v -0.01150256 0.01081304 0.01150604
v -0.01150256 0.01084336 0.01149826
v -0.01150256 0.01090398 0.01148270
v -0.01150256 0.01096462 0.01146712
v -0.01150256 0.01102524 0.01145156
v -0.01150256 0.01105556 0.01144376
v -0.01150256 0.01108400 0.01143106
v -0.01150256 0.01114090 0.01140564
v -0.01150256 0.01119778 0.01138022
v -0.01150256 0.01200332 0.01014666
v -0.01150256 0.01200058 0.01017662
v -0.01150256 0.01199510 0.01023654
v -0.01150256 0.01198964 0.01029648
v -0.01150256 0.01198416 0.01035640
v -0.01150256 0.01198144 0.01038636
v -0.01150256 0.01197330 0.01041542
v -0.01150256 0.01194082 0.01053162
v -0.01150256 0.01195706 0.01047352
v -0.01150256 0.01192458 0.01058972
v -0.01150256 0.01191644 0.01061876
v -0.01150256 0.01190318 0.01064604
v -0.01150256 0.01187666 0.01070056
v -0.01150256 0.01185012 0.01075508
v -0.01150256 0.01155536 0.01114026
v -0.01150256 0.01159974 0.01109774
v -0.01150256 0.01128312 0.01134208
v -0.01150256 0.01130882 0.01132482
v -0.01150256 0.01141166 0.01125582
v -0.01150256 0.01136024 0.01129032
v -0.01150256 0.01125468 0.01135480
v -0.01150256 0.01146308 0.01122132
v -0.01150256 0.01151098 0.01118280
v -0.01150256 0.01148878 0.01120406
v -0.01150256 0.01172032 0.01096004
v -0.01150256 0.01181034 0.01083686
v -0.01150256 0.01179234 0.01086150
v -0.01150256 0.01175634 0.01091076
v -0.01150256 0.01164414 0.01105520
v -0.01150256 0.01166632 0.01103394
v -0.01150256 0.01168432 0.01100930
v -0.01150256 0.01182360 0.01080960
v -0.00172142 0.00600370 0.01055216
v -0.00167824 0.00604450 0.01066252
v -0.00162490 0.00609492 0.01076916
v -0.00156176 0.00615458 0.01087132
v -0.00148930 0.00622308 0.01096826
v -0.00140802 0.00629990 0.01105932
v -0.00122144 0.00647624 0.01122110
v -0.00100738 0.00667856 0.01135200
v -0.00077198 0.00690104 0.01144828
v -0.00052202 0.00713730 0.01150720
v -0.00026466 0.00738054 0.01152702
v 0.01232462 0.00817612 0.01152702
v 0.01313544 0.01200332 0.00761602
v 0.00081644 0.01056292 0.01152702
v 0.00081644 0.01068798 0.01151654
v 0.00081644 0.01081304 0.01150604
v 0.00081644 0.01093430 0.01147490
v 0.00081644 0.01105556 0.01144376
v 0.00081644 0.01116934 0.01139292
v 0.00081644 0.01200332 0.01014666
v 0.00081644 0.01199238 0.01026652
v 0.00081644 0.01198144 0.01038636
v 0.00081644 0.01194894 0.01050256
v 0.00081644 0.01191644 0.01061876
v 0.00081644 0.01186340 0.01072782
v 0.00081644 0.01157756 0.01111900
v 0.00081644 0.01128312 0.01134208
v 0.00081644 0.01138594 0.01127308
v 0.00081644 0.01148878 0.01120406
v 0.00081644 0.01181034 0.01083686
v 0.00081644 0.01173834 0.01093540
v 0.00081644 0.01166632 0.01103394
v 0.01286516 0.00976732 0.01152702
v 0.01313544 0.01056292 0.01152702
v 0.01313544 0.01059418 0.01152440
v 0.01313544 0.01065672 0.01151916
v 0.01313544 0.01071924 0.01151392
v 0.01313544 0.01078178 0.01150866
v 0.01313544 0.01081304 0.01150604
v 0.01313544 0.01084336 0.01149826
v 0.01313544 0.01090398 0.01148270
v 0.01313544 0.01096462 0.01146712
v 0.01313544 0.01102524 0.01145156
v 0.01313544 0.01105556 0.01144376
v 0.01313544 0.01108400 0.01143106
v 0.01313544 0.01114090 0.01140564
v 0.01313544 0.01119778 0.01138022
v 0.01313544 0.01200332 0.01014666
v 0.01313544 0.01200058 0.01017662
v 0.01313544 0.01199510 0.01023654
v 0.01313544 0.01198964 0.01029648
v 0.01313544 0.01198416 0.01035640
v 0.01313544 0.01198144 0.01038636
v 0.01313544 0.01197330 0.01041542
v 0.01313544 0.01194082 0.01053162
v 0.01313544 0.01195706 0.01047352
v 0.01313544 0.01192458 0.01058972
v 0.01313544 0.01191644 0.01061876
v 0.01313544 0.01190318 0.01064604
v 0.01313544 0.01187666 0.01070056
v 0.01313544 0.01185012 0.01075508
v 0.01313544 0.01155536 0.01114026
v 0.01313544 0.01159974 0.01109774
v 0.01313544 0.01128312 0.01134208
v 0.01313544 0.01130882 0.01132482
v 0.01313544 0.01141166 0.01125582
v 0.01313544 0.01136024 0.01129032
v 0.01313544 0.01125468 0.01135480
v 0.01313544 0.01146308 0.01122132
v 0.01313544 0.01151098 0.01118280
v 0.01313544 0.01148878 0.01120406
v 0.01313544 0.01172032 0.01096004
v 0.01313544 0.01181034 0.01083686
v 0.01313544 0.01179234 0.01086150
v 0.01313544 0.01175634 0.01091076
v 0.01313544 0.01164414 0.01105520
v 0.01313544 0.01166632 0.01103394
v 0.01313544 0.01168432 0.01100930
v 0.01313544 0.01182360 0.01080960
v 0.02545444 -0.01166634 -0.01098572
v 0.02545444 -0.01177434 -0.01083790
v 0.02545444 -0.01181034 -0.01078862
v 0.02545444 -0.01170234 -0.01093644
v 0.02545444 -0.01148880 -0.01115586
v 0.02545444 -0.01143738 -0.01119036
v 0.02545444 -0.01133454 -0.01125936
v 0.02545444 -0.01128312 -0.01129386
v 0.02545444 -0.01162194 -0.01102826
v 0.02545444 -0.01153318 -0.01111332
v 0.02545444 -0.01183686 -0.01073410
v 0.02545444 -0.01188992 -0.01062508
v 0.02545444 -0.01191646 -0.01057056
v 0.02545444 -0.01193270 -0.01051246
v 0.02545444 -0.01196520 -0.01039626
v 0.02545444 -0.01198144 -0.01033814
v 0.02545444 -0.01198690 -0.01027822
v 0.02545444 -0.01199784 -0.01015838
v 0.02545444 -0.01200332 -0.01009844
v 0.02545444 -0.01122622 -0.01131928
v 0.02545444 -0.01111246 -0.01137014
v 0.02545444 -0.01105556 -0.01139556
v 0.02545444 -0.01099494 -0.01141112
v 0.02545444 -0.01087368 -0.01144226
v 0.02545444 -0.01081304 -0.01145784
v 0.02545444 -0.01075052 -0.01146306
v 0.02545444 -0.01062546 -0.01147354
v 0.02545444 -0.01056292 -0.01147878
v 0.02442594 -0.00851054 -0.01147878
v 0.03777344 -0.01182360 -0.01076136
v 0.03777344 -0.01168434 -0.01096108
v 0.03777344 -0.01166634 -0.01098572
v 0.03777344 -0.01164414 -0.01100698
v 0.03777344 -0.01179234 -0.01081326
v 0.03777344 -0.01181034 -0.01078862
v 0.03777344 -0.01172034 -0.01091180
v 0.03777344 -0.01148880 -0.01115586
v 0.03777344 -0.01151098 -0.01113458
v 0.03777344 -0.01146308 -0.01117310
v 0.03777344 -0.01125468 -0.01130658
v 0.03777344 -0.01141166 -0.01120760
v 0.03777344 -0.01130882 -0.01127662
v 0.03777344 -0.01128312 -0.01129386
v 0.03777344 -0.01155536 -0.01109206
v 0.03777344 -0.01187666 -0.01065232
v 0.03777344 -0.01190320 -0.01059782
v 0.03777344 -0.01191646 -0.01057056
v 0.03777344 -0.01192458 -0.01054150
v 0.03777344 -0.01194082 -0.01048340
v 0.03777344 -0.01197332 -0.01036720
v 0.03777344 -0.01198144 -0.01033814
v 0.03777344 -0.01198418 -0.01030818
v 0.03777344 -0.01198964 -0.01024826
v 0.03777344 -0.01200058 -0.01012840
v 0.03777344 -0.01200332 -0.01009844
v 0.03777344 -0.01114090 -0.01135742
v 0.03777344 -0.01108400 -0.01138284
v 0.03777344 -0.01105556 -0.01139556
v 0.03777344 -0.01102524 -0.01140334
v 0.03777344 -0.01090398 -0.01143448
v 0.03777344 -0.01084336 -0.01145004
v 0.03777344 -0.01081304 -0.01145784
v 0.03777344 -0.01078178 -0.01146044
v 0.03777344 -0.01065672 -0.01147092
v 0.03777344 -0.01059418 -0.01147616
v 0.03777344 -0.01056292 -0.01147878
v 0.03725918 -0.00953674 -0.01147878
v 0.03777344 -0.01200332 -0.00756780
v 0.02545444 -0.01200332 -0.00503718
v 0.03777344 -0.01200332 -0.00250654
v 0.03725918 -0.00425528 -0.01147878
v 0.05009244 -0.01166634 -0.01098572
v 0.05009244 -0.01181034 -0.01078862
v 0.05026254 -0.01166634 -0.01097224
v 0.05022476 -0.01181034 -0.01077814
v 0.05042748 -0.01166634 -0.01093222
v 0.05058224 -0.01166634 -0.01086684
v 0.05072210 -0.01166634 -0.01077814
v 0.05009244 -0.01148880 -0.01115586
v 0.05009244 -0.01128312 -0.01129386
v 0.05029516 -0.01148880 -0.01113980
v 0.05032162 -0.01128312 -0.01127570
v 0.05054384 -0.01128312 -0.01122178
v 0.05075234 -0.01128312 -0.01113372
v 0.05049172 -0.01148880 -0.01109208
v 0.05067616 -0.01148880 -0.01101420
v 0.05084286 -0.01148880 -0.01090846
v 0.05098676 -0.01148880 -0.01077814
v 0.05094080 -0.01128312 -0.01101420
v 0.05110348 -0.01128312 -0.01086684
v 0.05009244 -0.01191646 -0.01057056
v 0.05018294 -0.01191646 -0.01056336
v 0.05027070 -0.01191646 -0.01054208
v 0.05035306 -0.01191646 -0.01050732
v 0.05042748 -0.01191646 -0.01046010
v 0.05049172 -0.01191646 -0.01040192
v 0.05035306 -0.01181034 -0.01074698
v 0.05047342 -0.01181034 -0.01069616
v 0.05058224 -0.01181034 -0.01062716
v 0.05084286 -0.01166634 -0.01066876
v 0.05067616 -0.01181034 -0.01054208
v 0.05075234 -0.01181034 -0.01044354
v 0.05094080 -0.01166634 -0.01054208
v 0.05101296 -0.01166634 -0.01040192
v 0.05009244 -0.01198144 -0.01033814
v 0.05013838 -0.01198144 -0.01033450
v 0.05009244 -0.01200332 -0.01009844
v 0.05018294 -0.01198144 -0.01032370
v 0.05054384 -0.01191646 -0.01033450
v 0.05022476 -0.01198144 -0.01030604
v 0.05026254 -0.01198144 -0.01028206
v 0.05029516 -0.01198144 -0.01025252
v 0.05058224 -0.01191646 -0.01025992
v 0.05032162 -0.01198144 -0.01021830
v 0.05034112 -0.01198144 -0.01018044
v 0.05035306 -0.01198144 -0.01014008
v 0.05060576 -0.01191646 -0.01018044
v 0.05035708 -0.01198144 -0.01009844
v 0.05061368 -0.01191646 -0.01009844
v 0.05080848 -0.01181034 -0.01033450
v 0.05105716 -0.01166634 -0.01025252
v 0.05084286 -0.01181034 -0.01021830
v 0.05085444 -0.01181034 -0.01009844
v 0.05107204 -0.01166634 -0.01009844
v 0.05110348 -0.01148880 -0.01062716
v 0.05118948 -0.01148880 -0.01046010
v 0.05123544 -0.01128312 -0.01069616
v 0.05133266 -0.01128312 -0.01050732
v 0.05124216 -0.01148880 -0.01028206
v 0.05125988 -0.01148880 -0.01009844
v 0.05139220 -0.01128312 -0.01030604
v 0.05141226 -0.01128312 -0.01009844
v 0.05009244 -0.01105556 -0.01139556
v 0.05034112 -0.01105556 -0.01137584
v 0.05058224 -0.01105556 -0.01131734
v 0.05080848 -0.01105556 -0.01122178
v 0.05101296 -0.01105556 -0.01109208
v 0.05009244 -0.01081304 -0.01145784
v 0.05009244 -0.01056292 -0.01147878
v 0.05035306 -0.01081304 -0.01143718
v 0.05060576 -0.01081304 -0.01137584
v 0.05084286 -0.01081304 -0.01127570
v 0.05105716 -0.01081304 -0.01113980
v 0.05035708 -0.01056292 -0.01145784
v 0.05061368 -0.01056292 -0.01139556
v 0.05085444 -0.01056292 -0.01129386
v 0.05107204 -0.01056292 -0.01115586
v 0.05118948 -0.01105556 -0.01093220
v 0.05124216 -0.01081304 -0.01097224
v 0.05139220 -0.01081304 -0.01077814
v 0.05125988 -0.01056292 -0.01098572
v 0.05141226 -0.01056292 -0.01078862
v 0.05133266 -0.01105556 -0.01074698
v 0.05143816 -0.01105556 -0.01054208
v 0.05150276 -0.01105556 -0.01032370
v 0.05152452 -0.01105556 -0.01009844
v 0.05150276 -0.01081304 -0.01056336
v 0.05152452 -0.01056292 -0.01057056
v 0.05157048 -0.01081304 -0.01033450
v 0.05159328 -0.01081304 -0.01009844
v 0.05159328 -0.01056292 -0.01033814
v 0.05161644 -0.01056292 -0.01009844
v 0.05161644 -0.00960266 -0.00572736
v 0.05009244 -0.01200332 0.00002410
v 0.05022476 -0.01199238 0.00002410
v 0.05035708 -0.01198144 0.00002410
v 0.05048538 -0.01194896 0.00002410
v 0.05061368 -0.01191646 0.00002410
v 0.05073406 -0.01186340 0.00002410
v 0.05085444 -0.01181034 0.00002410
v 0.05096324 -0.01173834 0.00002410
v 0.05107204 -0.01166634 0.00002410
v 0.05116596 -0.01157756 0.00002410
v 0.05125988 -0.01148880 0.00002410
v 0.05133608 -0.01138596 0.00002410
v 0.05141226 -0.01128312 0.00002410
v 0.05146840 -0.01116934 0.00002410
v 0.05152452 -0.01105556 0.00002410
v 0.05155890 -0.01093430 0.00002410
v 0.05159328 -0.01081304 0.00002410
v 0.05160486 -0.01068798 0.00002410
v 0.05161644 -0.01056292 0.00002410
v 0.05161644 -0.01008280 -0.00216144
v 0.06358768 -0.00910866 -0.00525394
v 0.07555890 -0.00861466 -0.00478054
v 0.07568770 -0.00860414 -0.00477048
v 0.07581508 -0.00858338 -0.00475054
v 0.07594012 -0.00855246 -0.00472094
v 0.07606196 -0.00851166 -0.00468184
v 0.07617970 -0.00846124 -0.00463352
v 0.07629250 -0.00840156 -0.00457632
v 0.07639954 -0.00833308 -0.00451070
v 0.07650006 -0.00825626 -0.00443708
v 0.07667866 -0.00807992 -0.00426810
v 0.07682320 -0.00787760 -0.00407420
v 0.07692952 -0.00765512 -0.00386100
v 0.07699454 -0.00741886 -0.00363460
v 0.07701642 -0.00717562 -0.00340150
v 0.05161644 -0.00048014 -0.00791290
v 0.05760206 -0.00504832 -0.00549064
v 0.06358768 -0.00049400 -0.00525394
v 0.07562330 -0.00000526 -0.00477550
v 0.07575138 -0.00001038 -0.00476050
v 0.07612082 -0.00002522 -0.00465768
v 0.07623610 -0.00002984 -0.00460492
v 0.07658936 -0.00008818 -0.00435258
v 0.07675092 -0.00010116 -0.00417114
v 0.07687636 -0.00011124 -0.00396760
v 0.07696204 -0.00011814 -0.00374780
v 0.07700548 -0.00012162 -0.00351804
v 0.02545444 -0.01200332 0.00508538
v 0.04393294 -0.01200332 0.00382006
v 0.02545444 -0.01200332 0.01014666
v 0.02545444 -0.01199786 0.01020658
v 0.02545444 -0.01198692 0.01032644
v 0.02545444 -0.01198144 0.01038636
v 0.02545444 -0.01196520 0.01044446
v 0.02545444 -0.01193270 0.01056066
v 0.02545444 -0.01191646 0.01061876
v 0.02545444 -0.01188994 0.01067328
v 0.02545444 -0.01183688 0.01078232
v 0.02545444 -0.01181034 0.01083684
v 0.02545444 -0.01177434 0.01088612
v 0.02545444 -0.01170234 0.01098466
v 0.02545444 -0.01166634 0.01103392
v 0.02545444 -0.01162196 0.01107646
v 0.02545444 -0.01153318 0.01116152
v 0.02545444 -0.01148880 0.01120406
v 0.02545444 -0.01143738 0.01123856
v 0.02545444 -0.01133454 0.01130756
v 0.02545444 -0.01128312 0.01134208
v 0.02545444 -0.01122624 0.01136750
v 0.02545444 -0.01111246 0.01141834
v 0.02545444 -0.01105558 0.01144376
v 0.02545444 -0.01099494 0.01145934
v 0.02545444 -0.01087368 0.01149046
v 0.02545444 -0.01081304 0.01150604
v 0.02545444 -0.01075052 0.01151128
v 0.02545444 -0.01062546 0.01152178
v 0.02545444 -0.01056294 0.01152702
v 0.02491390 -0.00897174 0.01152702
v 0.03777344 -0.01200332 0.00761602
v 0.03777344 -0.01200332 0.01014666
v 0.03777344 -0.01200060 0.01017662
v 0.03777344 -0.01198966 0.01029646
v 0.03777344 -0.01198418 0.01035640
v 0.03777344 -0.01198144 0.01038636
v 0.03777344 -0.01197332 0.01041540
v 0.03777344 -0.01194084 0.01053160
v 0.03777344 -0.01192458 0.01058972
v 0.03777344 -0.01191646 0.01061876
v 0.03777344 -0.01190320 0.01064602
v 0.03777344 -0.01185014 0.01075506
v 0.03777344 -0.01182362 0.01080958
v 0.03777344 -0.01181034 0.01083684
v 0.03777344 -0.01179234 0.01086148
v 0.03777344 -0.01172034 0.01096002
v 0.03777344 -0.01168434 0.01100930
v 0.03777344 -0.01166634 0.01103392
v 0.03777344 -0.01164414 0.01105520
v 0.03777344 -0.01159976 0.01109772
v 0.03777344 -0.01151100 0.01118280
v 0.03777344 -0.01148880 0.01120406
v 0.03777344 -0.01146310 0.01122132
v 0.03777344 -0.01141168 0.01125582
v 0.03777344 -0.01130884 0.01132482
v 0.03777344 -0.01128312 0.01134208
v 0.03777344 -0.01125468 0.01135478
v 0.03777344 -0.01114090 0.01140562
v 0.03777344 -0.01108402 0.01143106
v 0.03777344 -0.01105558 0.01144376
v 0.03777344 -0.01102526 0.01145154
v 0.03777344 -0.01090400 0.01148268
v 0.03777344 -0.01084336 0.01149826
v 0.03777344 -0.01081304 0.01150604
v 0.03777344 -0.01078178 0.01150866
v 0.03777344 -0.01065672 0.01151916
v 0.03777344 -0.01059420 0.01152440
v 0.03777344 -0.01056294 0.01152702
v 0.03750316 -0.00976734 0.01152702
v 0.03750316 -0.00607706 0.01152702
v 0.02491390 -0.00159120 0.01152702
v 0.04379780 -0.00303854 0.01152702
v 0.05161644 -0.00960266 0.00577556
v 0.06358768 -0.00910866 0.00049752
v 0.06358768 -0.00910866 0.00530216
v 0.07667866 -0.00807992 0.00431630
v 0.07682320 -0.00787760 0.00412244
v 0.07692952 -0.00765512 0.00390922
v 0.07617970 -0.00846124 0.00468172
v 0.07650006 -0.00825628 0.00448530
v 0.07629250 -0.00840158 0.00462454
v 0.07639954 -0.00833308 0.00455892
v 0.07594012 -0.00855248 0.00476916
v 0.07555890 -0.00861466 0.00482874
v 0.07568770 -0.00860416 0.00481868
v 0.07581508 -0.00858338 0.00479876
v 0.07606196 -0.00851166 0.00473004
v 0.07701642 -0.00717562 0.00344970
v 0.07699454 -0.00741886 0.00368280
v 0.05009244 -0.01200332 0.01014666
v 0.05009244 -0.01198144 0.01038636
v 0.05035708 -0.01198144 0.01014666
v 0.05061368 -0.01191646 0.01014666
v 0.05035708 -0.01195990 0.01038270
v 0.05061368 -0.01189590 0.01037190
v 0.05085444 -0.01181034 0.01014666
v 0.05107204 -0.01166634 0.01014666
v 0.05085444 -0.01179140 0.01035424
v 0.05107204 -0.01164958 0.01033028
v 0.05009244 -0.01191646 0.01061876
v 0.05035708 -0.01189590 0.01061160
v 0.05061368 -0.01183484 0.01059030
v 0.05085444 -0.01173512 0.01055552
v 0.05061368 -0.01173512 0.01079522
v 0.05085444 -0.01164322 0.01074436
v 0.05107204 -0.01159980 0.01050830
v 0.05107204 -0.01151850 0.01067538
v 0.05125988 -0.01148880 0.01014666
v 0.05125988 -0.01147474 0.01030072
v 0.05141226 -0.01128312 0.01014666
v 0.05141226 -0.01127218 0.01026650
v 0.05125988 -0.01143296 0.01045012
v 0.05125988 -0.01136476 0.01059030
v 0.05125988 -0.01127218 0.01071700
v 0.05009244 -0.01181034 0.01083684
v 0.05009244 -0.01166634 0.01103392
v 0.05035708 -0.01179140 0.01082634
v 0.05035708 -0.01164958 0.01102044
v 0.05061368 -0.01159980 0.01098042
v 0.05085444 -0.01151850 0.01091508
v 0.05107204 -0.01140818 0.01082634
v 0.05107204 -0.01127218 0.01095668
v 0.05061368 -0.01143296 0.01114030
v 0.05085444 -0.01136476 0.01106240
v 0.05009244 -0.01148880 0.01120406
v 0.05009244 -0.01128312 0.01134208
v 0.05035708 -0.01147474 0.01118800
v 0.05035708 -0.01127218 0.01132392
v 0.05141226 -0.01123970 0.01038270
v 0.05152452 -0.01105558 0.01014666
v 0.05152452 -0.01104808 0.01022864
v 0.05152452 -0.01102586 0.01030814
v 0.05152452 -0.01098958 0.01038270
v 0.05141226 -0.01118664 0.01049176
v 0.05141226 -0.01111464 0.01059030
v 0.05152452 -0.01094032 0.01045012
v 0.05152452 -0.01087960 0.01050830
v 0.05141226 -0.01102586 0.01067538
v 0.05141226 -0.01092302 0.01074436
v 0.05159328 -0.01081304 0.01014666
v 0.05159328 -0.01080926 0.01018828
v 0.05159328 -0.01079796 0.01022864
v 0.05159328 -0.01077954 0.01026650
v 0.05159328 -0.01075454 0.01030072
v 0.05159328 -0.01072370 0.01033028
v 0.05161644 -0.01056294 0.01014666
v 0.05159328 -0.01068800 0.01035424
v 0.05159328 -0.01064848 0.01037190
v 0.05159328 -0.01060636 0.01038270
v 0.05159328 -0.01056294 0.01038636
v 0.05152452 -0.01080926 0.01055552
v 0.05152452 -0.01073142 0.01059030
v 0.05141226 -0.01080926 0.01079522
v 0.05152452 -0.01064848 0.01061160
v 0.05152452 -0.01056294 0.01061876
v 0.05107204 -0.01111464 0.01106240
v 0.05107204 -0.01094032 0.01114030
v 0.05009244 -0.01105558 0.01144376
v 0.05061368 -0.01123970 0.01126998
v 0.05085444 -0.01118664 0.01118192
v 0.05085444 -0.01098958 0.01126998
v 0.05035708 -0.01104808 0.01142406
v 0.05061368 -0.01102586 0.01136554
v 0.05009244 -0.01081304 0.01150604
v 0.05009244 -0.01056294 0.01152702
v 0.05107204 -0.01075454 0.01118800
v 0.05085444 -0.01077954 0.01132392
v 0.05061368 -0.01079796 0.01142406
v 0.05035708 -0.01080926 0.01148540
v 0.05107204 -0.01056294 0.01120406
v 0.05085444 -0.01056294 0.01134208
v 0.05035708 -0.01056294 0.01150604
v 0.05061368 -0.01056294 0.01144376
v 0.05125988 -0.01115806 0.01082634
v 0.05125988 -0.01102586 0.01091508
v 0.05125988 -0.01087960 0.01098042
v 0.05125988 -0.01072370 0.01102044
v 0.05141226 -0.01068800 0.01082634
v 0.05141226 -0.01056294 0.01083684
v 0.05125988 -0.01056294 0.01103392
v 0.05760206 -0.00455432 0.00553886
v 0.06957330 -0.00406032 0.00506546
v 0.07644980 -0.00003842 0.00452212
v 0.07623610 -0.00002984 0.00465314
v 0.07562330 -0.00000526 0.00482372
v 0.07575138 -0.00001040 0.00480872
v 0.07612082 -0.00002522 0.00470588
v 0.02442594 0.00205238 -0.01147878
v 0.04367580 0.00315382 -0.01147878
v 0.02442594 0.00851054 -0.01147878
v 0.02545444 0.01056292 -0.01147878
v 0.02545444 0.01062546 -0.01147354
v 0.02545444 0.01075052 -0.01146306
v 0.02545444 0.01081304 -0.01145782
v 0.02545444 0.01087368 -0.01144226
v 0.02545444 0.01099494 -0.01141112
v 0.02545444 0.01105556 -0.01139554
v 0.02545444 0.01111246 -0.01137012
v 0.02545444 0.01122624 -0.01131928
v 0.02545444 0.01128312 -0.01129386
v 0.02545444 0.01133454 -0.01125936
v 0.02545444 0.01143738 -0.01119034
v 0.02545444 0.01148880 -0.01115584
v 0.02545444 0.01153318 -0.01111332
v 0.02545444 0.01162194 -0.01102824
v 0.02545444 0.01166634 -0.01098572
v 0.02545444 0.01170234 -0.01093644
v 0.02545444 0.01177434 -0.01083788
v 0.02545444 0.01181034 -0.01078860
v 0.02545444 0.01183688 -0.01073410
v 0.02545444 0.01188992 -0.01062506
v 0.02545444 0.01191646 -0.01057054
v 0.02545444 0.01193270 -0.01051244
v 0.02545444 0.01196520 -0.01039624
v 0.02545444 0.01198144 -0.01033814
v 0.02545444 0.01198690 -0.01027822
v 0.02545444 0.01199786 -0.01015836
v 0.02545444 0.01200332 -0.01009844
v 0.03725918 0.00630766 -0.01147878
v 0.03725918 0.00953674 -0.01147878
v 0.03777344 0.01056292 -0.01147878
v 0.03777344 0.01059418 -0.01147616
v 0.03777344 0.01071926 -0.01146568
v 0.03777344 0.01078178 -0.01146044
v 0.03777344 0.01081304 -0.01145782
v 0.03777344 0.01084336 -0.01145004
v 0.03777344 0.01090400 -0.01143448
v 0.03777344 0.01102526 -0.01140334
v 0.03777344 0.01105556 -0.01139554
v 0.03777344 0.01108402 -0.01138284
v 0.03777344 0.01119780 -0.01133200
v 0.03777344 0.01125468 -0.01130656
v 0.03777344 0.01128312 -0.01129386
v 0.03777344 0.01130884 -0.01127660
v 0.03777344 0.01141166 -0.01120760
v 0.03777344 0.01146308 -0.01117310
v 0.03777344 0.01148880 -0.01115584
v 0.03777344 0.01151098 -0.01113458
v 0.03777344 0.01155536 -0.01109204
v 0.03777344 0.01164414 -0.01100698
v 0.03777344 0.01166634 -0.01098572
v 0.03777344 0.01168434 -0.01096108
v 0.03777344 0.01175634 -0.01086252
v 0.03777344 0.01179234 -0.01081324
v 0.03777344 0.01181034 -0.01078860
v 0.03777344 0.01182360 -0.01076136
v 0.03777344 0.01185014 -0.01070684
v 0.03777344 0.01190320 -0.01059780
v 0.03777344 0.01191646 -0.01057054
v 0.03777344 0.01192458 -0.01054150
v 0.03777344 0.01194082 -0.01048340
v 0.03777344 0.01197332 -0.01036720
v 0.03777344 0.01198144 -0.01033814
v 0.03777344 0.01198418 -0.01030818
v 0.03777344 0.01199512 -0.01018832
v 0.03777344 0.01200058 -0.01012840
v 0.03777344 0.01200332 -0.01009844
v 0.03777344 0.01200332 -0.00756780
v 0.02545444 0.01200332 -0.00503716
v 0.03777344 0.01200332 -0.00250652
v 0.05009244 0.00000000 -0.01147878
v 0.05022476 0.00000000 -0.01146830
v 0.05035708 0.00000000 -0.01145782
v 0.05048538 0.00000000 -0.01142670
v 0.05061368 0.00000000 -0.01139556
v 0.05073406 0.00000000 -0.01134470
v 0.05085444 0.00000000 -0.01129386
v 0.05096324 0.00000000 -0.01122486
v 0.05107204 0.00000000 -0.01115586
v 0.05116596 0.00000000 -0.01107078
v 0.05125988 0.00000000 -0.01098572
v 0.05133608 0.00000000 -0.01088716
v 0.05141226 0.00000000 -0.01078862
v 0.05146840 0.00000000 -0.01067958
v 0.05152452 0.00000000 -0.01057056
v 0.05155890 0.00000000 -0.01045434
v 0.05159328 0.00000000 -0.01033814
v 0.05160486 0.00000000 -0.01021830
v 0.05161644 0.00000000 -0.01009844
v 0.05161644 0.00000000 -0.00572736
v 0.05760206 0.00455432 -0.00549064
v 0.07555890 0.00000000 -0.00478054
v 0.07568770 0.00000000 -0.00477048
v 0.07581508 0.00000000 -0.00475054
v 0.07587760 0.00001546 -0.00473574
v 0.07594012 0.00000000 -0.00472094
v 0.07600104 0.00002040 -0.00470138
v 0.07606196 0.00000000 -0.00468182
v 0.07617970 0.00000000 -0.00463352
v 0.07629250 0.00000000 -0.00457632
v 0.07634602 0.00003424 -0.00454352
v 0.07639954 0.00000000 -0.00451070
v 0.07644980 0.00003840 -0.00447388
v 0.07650006 0.00000000 -0.00443706
v 0.07667866 0.00000000 -0.00426810
v 0.07682320 0.00000000 -0.00407420
v 0.07692952 0.00000000 -0.00386100
v 0.07699454 0.00000000 -0.00363460
v 0.07701642 0.00000000 0.00002410
v 0.06957330 0.00406032 -0.00501724
v 0.05009244 0.01056292 -0.01147878
v 0.05009244 0.01081304 -0.01145782
v 0.05035708 0.01056292 -0.01145782
v 0.05061368 0.01056292 -0.01139554
v 0.05085444 0.01056292 -0.01129386
v 0.05107204 0.01056292 -0.01115584
v 0.05035708 0.01080924 -0.01143718
v 0.05061368 0.01079796 -0.01137584
v 0.05085444 0.01077954 -0.01127570
v 0.05107204 0.01075452 -0.01113978
v 0.05009244 0.01105556 -0.01139554
v 0.05035708 0.01104808 -0.01137584
v 0.05061368 0.01102586 -0.01131732
v 0.05085444 0.01098956 -0.01122178
v 0.05061368 0.01123968 -0.01122178
v 0.05085444 0.01118664 -0.01113370
v 0.05107204 0.01094032 -0.01109208
v 0.05107204 0.01111462 -0.01101418
v 0.05125988 0.01056292 -0.01098572
v 0.05141226 0.01056292 -0.01078860
v 0.05141226 0.01068798 -0.01077814
v 0.05125988 0.01072370 -0.01097222
v 0.05125988 0.01087958 -0.01093220
v 0.05125988 0.01102586 -0.01086684
v 0.05125988 0.01115806 -0.01077814
v 0.05152452 0.01056292 -0.01057054
v 0.05152452 0.01064846 -0.01056336
v 0.05141226 0.01080924 -0.01074698
v 0.05152452 0.01073142 -0.01054208
v 0.05152452 0.01080924 -0.01050730
v 0.05159328 0.01056292 -0.01033814
v 0.05159328 0.01060636 -0.01033450
v 0.05159328 0.01064846 -0.01032368
v 0.05159328 0.01068798 -0.01030602
v 0.05161644 0.01056292 -0.01009844
v 0.05159328 0.01072370 -0.01028206
v 0.05159328 0.01075452 -0.01025252
v 0.05159328 0.01077954 -0.01021830
v 0.05159328 0.01079796 -0.01018042
v 0.05159328 0.01080924 -0.01014006
v 0.05159328 0.01081304 -0.01009844
v 0.05141226 0.01092302 -0.01069614
v 0.05141226 0.01102586 -0.01062716
v 0.05152452 0.01087958 -0.01046010
v 0.05152452 0.01094032 -0.01040192
v 0.05141226 0.01111462 -0.01054208
v 0.05141226 0.01118664 -0.01044354
v 0.05152452 0.01098956 -0.01033450
v 0.05152452 0.01102586 -0.01025992
v 0.05152452 0.01104808 -0.01018042
v 0.05152452 0.01105556 -0.01009844
v 0.05141226 0.01123968 -0.01033450
v 0.05009244 0.01128312 -0.01129386
v 0.05009244 0.01148880 -0.01115584
v 0.05035708 0.01127218 -0.01127570
v 0.05035708 0.01147472 -0.01113978
v 0.05061368 0.01143296 -0.01109208
v 0.05085444 0.01136476 -0.01101418
v 0.05107204 0.01127218 -0.01090846
v 0.05107204 0.01140818 -0.01077814
v 0.05061368 0.01159978 -0.01093220
v 0.05085444 0.01151850 -0.01086684
v 0.05009244 0.01166634 -0.01098572
v 0.05009244 0.01181034 -0.01078860
v 0.05035708 0.01164956 -0.01097222
v 0.05035708 0.01179138 -0.01077814
v 0.05107204 0.01151850 -0.01062716
v 0.05107204 0.01159978 -0.01046010
v 0.05009244 0.01191646 -0.01057054
v 0.05061368 0.01173512 -0.01074698
v 0.05085444 0.01164322 -0.01069614
v 0.05085444 0.01173512 -0.01050730
v 0.05035708 0.01189588 -0.01056336
v 0.05061368 0.01183482 -0.01054208
v 0.05009244 0.01198144 -0.01033814
v 0.05009244 0.01200332 -0.01009844
v 0.05107204 0.01164956 -0.01028206
v 0.05085444 0.01179138 -0.01030602
v 0.05107204 0.01166632 -0.01009844
v 0.05085444 0.01181034 -0.01009844
v 0.05061368 0.01189588 -0.01032368
v 0.05035708 0.01195988 -0.01033450
v 0.05035708 0.01198144 -0.01009844
v 0.05061368 0.01191646 -0.01009844
v 0.05125988 0.01127218 -0.01066876
v 0.05125988 0.01136474 -0.01054208
v 0.05125988 0.01143296 -0.01040190
v 0.05141226 0.01127218 -0.01021830
v 0.05141226 0.01128312 -0.01009844
v 0.05125988 0.01147472 -0.01025252
v 0.05125988 0.01148880 -0.01009844
v 0.05161644 0.00960266 -0.00572734
v 0.05161644 0.01008278 -0.00216144
v 0.07699454 0.00741886 -0.00363460
v 0.07701642 0.00717562 -0.00340150
v 0.07555890 0.00861464 -0.00478054
v 0.07568770 0.00860414 -0.00477048
v 0.07581508 0.00858338 -0.00475054
v 0.07594012 0.00855246 -0.00472094
v 0.07606196 0.00851166 -0.00468182
v 0.07639954 0.00833308 -0.00451070
v 0.07629250 0.00840156 -0.00457632
v 0.07650006 0.00825626 -0.00443706
v 0.07617970 0.00846124 -0.00463352
v 0.07692952 0.00765512 -0.00386100
v 0.07682320 0.00787760 -0.00407420
v 0.07667866 0.00807992 -0.00426810
v 0.06358768 0.00910866 -0.00525394
v 0.06358768 0.00910864 -0.00044930
v 0.03750316 0.00448586 0.01152702
v 0.02545444 0.01200332 0.00508538
v 0.04393294 0.01200332 0.00382006
v 0.02491390 0.00897172 0.01152702
v 0.02545444 0.01056292 0.01152702
v 0.02545444 0.01062544 0.01152178
v 0.02545444 0.01075050 0.01151128
v 0.02545444 0.01081304 0.01150604
v 0.02545444 0.01087368 0.01149048
v 0.02545444 0.01099494 0.01145934
v 0.02545444 0.01105556 0.01144376
v 0.02545444 0.01111246 0.01141834
v 0.02545444 0.01122622 0.01136750
v 0.02545444 0.01200332 0.01014666
v 0.02545444 0.01199784 0.01020658
v 0.02545444 0.01198690 0.01032644
v 0.02545444 0.01198144 0.01038636
v 0.02545444 0.01196518 0.01044446
v 0.02545444 0.01193270 0.01056066
v 0.02545444 0.01191644 0.01061876
v 0.02545444 0.01188992 0.01067330
v 0.02545444 0.01183686 0.01078234
v 0.02545444 0.01153316 0.01116154
v 0.02545444 0.01162194 0.01107646
v 0.02545444 0.01128312 0.01134208
v 0.02545444 0.01133454 0.01130758
v 0.02545444 0.01143736 0.01123858
v 0.02545444 0.01148878 0.01120406
v 0.02545444 0.01170232 0.01098466
v 0.02545444 0.01181034 0.01083686
v 0.02545444 0.01177434 0.01088612
v 0.02545444 0.01166632 0.01103394
v 0.03777344 0.01200332 0.00761602
v 0.03750316 0.00976732 0.01152702
v 0.03777344 0.01056292 0.01152702
v 0.03777344 0.01059418 0.01152440
v 0.03777344 0.01071924 0.01151392
v 0.03777344 0.01078178 0.01150866
v 0.03777344 0.01081304 0.01150604
v 0.03777344 0.01084336 0.01149826
v 0.03777344 0.01090398 0.01148270
v 0.03777344 0.01102524 0.01145156
v 0.03777344 0.01105556 0.01144376
v 0.03777344 0.01108400 0.01143106
v 0.03777344 0.01119778 0.01138022
v 0.03777344 0.01200332 0.01014666
v 0.03777344 0.01200058 0.01017662
v 0.03777344 0.01198964 0.01029648
v 0.03777344 0.01198416 0.01035640
v 0.03777344 0.01198144 0.01038636
v 0.03777344 0.01197330 0.01041542
v 0.03777344 0.01194082 0.01053162
v 0.03777344 0.01192458 0.01058972
v 0.03777344 0.01191644 0.01061876
v 0.03777344 0.01190318 0.01064604
v 0.03777344 0.01185012 0.01075508
v 0.03777344 0.01159974 0.01109774
v 0.03777344 0.01128312 0.01134208
v 0.03777344 0.01130882 0.01132482
v 0.03777344 0.01141166 0.01125582
v 0.03777344 0.01125468 0.01135480
v 0.03777344 0.01146308 0.01122132
v 0.03777344 0.01151098 0.01118280
v 0.03777344 0.01148878 0.01120406
v 0.03777344 0.01172032 0.01096004
v 0.03777344 0.01181034 0.01083686
v 0.03777344 0.01179234 0.01086150
v 0.03777344 0.01164414 0.01105520
v 0.03777344 0.01166632 0.01103394
v 0.03777344 0.01168432 0.01100930
v 0.03777344 0.01182360 0.01080960
v 0.05161644 0.00000000 0.00577556
v 0.05760206 0.00504832 0.00553886
v 0.06358768 0.00049400 0.00530216
v 0.07700548 0.00012162 0.00356626
v 0.07699454 0.00000000 0.00368280
v 0.07696204 0.00011812 0.00379602
v 0.07692952 0.00000000 0.00390922
v 0.07682320 0.00000000 0.00412244
v 0.07687636 0.00011124 0.00401582
v 0.07667866 0.00000000 0.00431632
v 0.07675092 0.00010116 0.00421938
v 0.07650006 0.00000000 0.00448530
v 0.07658936 0.00008816 0.00440082
v 0.07639954 0.00000000 0.00455892
v 0.07634602 0.00003424 0.00459172
v 0.07617970 0.00000000 0.00468172
v 0.07629250 0.00000000 0.00462454
v 0.07587760 0.00001544 0.00478396
v 0.07600104 0.00002040 0.00474960
v 0.07594012 0.00000000 0.00476916
v 0.07555890 0.00000000 0.00482874
v 0.07568770 0.00000000 0.00481868
v 0.07581508 0.00000000 0.00479876
v 0.07606196 0.00000000 0.00473004
v 0.05161644 0.00048012 0.00796112
v 0.05161644 0.00000000 0.01014666
v 0.05160486 0.00000000 0.01026650
v 0.05159328 0.00000000 0.01038636
v 0.05155890 0.00000000 0.01050256
v 0.05152452 0.00000000 0.01061876
v 0.05146840 0.00000000 0.01072780
v 0.05009244 0.00000000 0.01152702
v 0.05107204 0.00000000 0.01120406
v 0.05085444 0.00000000 0.01134208
v 0.05096324 0.00000000 0.01127306
v 0.05022476 0.00000000 0.01151654
v 0.05035708 0.00000000 0.01150604
v 0.05048538 0.00000000 0.01147490
v 0.05061368 0.00000000 0.01144376
v 0.05073406 0.00000000 0.01139292
v 0.05141226 0.00000000 0.01083686
v 0.05133608 0.00000000 0.01093540
v 0.05125988 0.00000000 0.01103394
v 0.05116596 0.00000000 0.01111900
v 0.05161644 0.01056292 0.00002412
v 0.05160486 0.01068798 0.00002412
v 0.05159328 0.01081304 0.00002412
v 0.05155890 0.01093430 0.00002412
v 0.05152452 0.01105556 0.00002412
v 0.05146840 0.01116934 0.00002412
v 0.05009244 0.01200332 0.00002412
v 0.05107204 0.01166632 0.00002412
v 0.05085444 0.01181034 0.00002412
v 0.05096324 0.01173834 0.00002412
v 0.05022476 0.01199238 0.00002412
v 0.05035708 0.01198144 0.00002412
v 0.05048538 0.01194894 0.00002412
v 0.05061368 0.01191646 0.00002412
v 0.05073406 0.01186340 0.00002412
v 0.05141226 0.01128312 0.00002412
v 0.05133608 0.01138596 0.00002412
v 0.05125988 0.01148878 0.00002412
v 0.05116596 0.01157756 0.00002412
v 0.05161644 0.00960266 0.00577556
v 0.07701642 0.00717562 0.00344972
v 0.07699454 0.00741886 0.00368282
v 0.07692952 0.00765512 0.00390922
v 0.07682320 0.00787760 0.00412244
v 0.07667866 0.00807992 0.00431632
v 0.07650006 0.00825626 0.00448532
v 0.07639954 0.00833308 0.00455892
v 0.07629250 0.00840156 0.00462454
v 0.07617970 0.00846124 0.00468172
v 0.07594012 0.00855246 0.00476916
v 0.07555890 0.00861464 0.00482876
v 0.07568770 0.00860414 0.00481870
v 0.07581508 0.00858336 0.00479876
v 0.07606196 0.00851166 0.00473004
v 0.06358768 0.00910864 0.00530216
v 0.05161644 0.01056292 0.01014666
v 0.05159328 0.01056292 0.01038636
v 0.05159328 0.01068798 0.01035424
v 0.05159328 0.01060634 0.01038272
v 0.05159328 0.01064846 0.01037190
v 0.05159328 0.01077954 0.01026652
v 0.05159328 0.01081304 0.01014666
v 0.05159328 0.01080924 0.01018828
v 0.05159328 0.01079796 0.01022864
v 0.05159328 0.01072368 0.01033028
v 0.05159328 0.01075452 0.01030074
v 0.05152452 0.01056292 0.01061876
v 0.05152452 0.01064846 0.01061160
v 0.05152452 0.01073142 0.01059030
v 0.05152452 0.01080924 0.01055552
v 0.05141226 0.01080924 0.01079522
v 0.05152452 0.01105556 0.01014666
v 0.05152452 0.01104808 0.01022864
v 0.05152452 0.01102584 0.01030814
v 0.05152452 0.01098956 0.01038272
v 0.05141226 0.01123968 0.01038272
v 0.05152452 0.01087958 0.01050832
v 0.05152452 0.01094030 0.01045014
v 0.05141226 0.01092302 0.01074436
v 0.05141226 0.01102584 0.01067538
v 0.05141226 0.01111462 0.01059030
v 0.05141226 0.01118662 0.01049176
v 0.05009244 0.01056292 0.01152702
v 0.05009244 0.01081304 0.01150604
v 0.05107204 0.01056292 0.01120406
v 0.05085444 0.01056292 0.01134208
v 0.05035708 0.01056292 0.01150604
v 0.05061368 0.01056292 0.01144376
v 0.05107204 0.01075452 0.01118800
v 0.05085444 0.01077954 0.01132392
v 0.05061368 0.01079796 0.01142406
v 0.05035708 0.01080924 0.01148540
v 0.05107204 0.01094030 0.01114030
v 0.05107204 0.01111462 0.01106240
v 0.05009244 0.01105556 0.01144376
v 0.05085444 0.01098956 0.01127000
v 0.05035708 0.01104808 0.01142406
v 0.05061368 0.01102584 0.01136554
v 0.05061368 0.01123968 0.01127000
v 0.05085444 0.01118662 0.01118192
v 0.05141226 0.01056292 0.01083686
v 0.05141226 0.01068798 0.01082636
v 0.05125988 0.01056292 0.01103394
v 0.05125988 0.01072368 0.01102044
v 0.05125988 0.01087958 0.01098042
v 0.05125988 0.01102584 0.01091508
v 0.05125988 0.01115806 0.01082636
v 0.05107204 0.01159978 0.01050832
v 0.05107204 0.01151850 0.01067538
v 0.05009244 0.01200332 0.01014666
v 0.05009244 0.01198144 0.01038636
v 0.05107204 0.01166632 0.01014666
v 0.05085444 0.01181034 0.01014666
v 0.05107204 0.01164956 0.01033028
v 0.05085444 0.01179138 0.01035424
v 0.05035708 0.01198144 0.01014666
v 0.05061368 0.01191644 0.01014666
v 0.05061368 0.01189588 0.01037190
v 0.05035708 0.01195988 0.01038272
v 0.05009244 0.01191644 0.01061876
v 0.05085444 0.01173510 0.01055552
v 0.05061368 0.01173510 0.01079522
v 0.05085444 0.01164322 0.01074436
v 0.05035708 0.01189588 0.01061162
v 0.05061368 0.01183482 0.01059030
v 0.05141226 0.01128312 0.01014666
v 0.05141226 0.01127216 0.01026652
v 0.05125988 0.01148878 0.01014666
v 0.05125988 0.01147472 0.01030074
v 0.05125988 0.01143294 0.01045014
v 0.05125988 0.01136474 0.01059030
v 0.05125988 0.01127216 0.01071700
v 0.05107204 0.01127216 0.01095668
v 0.05107204 0.01140818 0.01082636
v 0.05061368 0.01143294 0.01114030
v 0.05085444 0.01136474 0.01106240
v 0.05061368 0.01159978 0.01098042
v 0.05085444 0.01151850 0.01091508
v 0.05009244 0.01128312 0.01134208
v 0.05009244 0.01148878 0.01120406
v 0.05035708 0.01127216 0.01132392
v 0.05035708 0.01147472 0.01118800
v 0.05009244 0.01181034 0.01083686
v 0.05009244 0.01166632 0.01103394
v 0.05035708 0.01179138 0.01082636
v 0.05035708 0.01164956 0.01102044
f 1 6 5
f 2 5 28
f 7 28 29
f 2 28 7
f 2 1 5
f 3 7 29
f 10 15 11
f 8 12 13
f 8 16 12
f 10 12 16
f 8 13 9
f 3 15 16
f 7 16 8
f 2 9 1
f 2 8 9
f 2 7 8
f 3 16 7
f 3 4 15
f 17 15 4
f 17 4 27
f 17 27 18
f 10 16 15
f 17 19 11
f 17 11 15
f 17 18 19
f 18 14 19
f 5 22 28
f 6 21 5
f 22 20 28
f 20 29 28
f 24 26 29
f 5 21 22
f 6 23 21
f 25 30 26
f 25 36 30
f 30 36 31
f 22 42 20
f 20 43 24
f 21 40 38
f 23 39 40
f 22 21 38
f 23 40 21
f 20 24 29
f 24 25 26
f 3 29 26
f 4 26 30
f 3 26 4
f 4 30 27
f 27 30 31
f 32 31 51
f 27 31 32
f 32 51 33
f 31 36 37
f 31 37 51
f 37 44 51
f 52 51 44
f 20 42 43
f 24 43 41
f 24 41 25
f 25 46 36
f 22 38 42
f 25 41 46
f 36 46 47
f 36 47 37
f 43 42 50
f 38 50 42
f 40 50 38
f 39 50 40
f 44 49 45
f 52 44 45
f 52 45 53
f 37 47 48
f 44 48 49
f 37 48 44
f 43 50 41
f 41 50 46
f 46 50 47
f 47 50 48
f 48 50 49
f 33 51 52
f 33 52 34
f 34 52 53
f 34 53 35
f 33 55 54
f 18 54 14
f 14 54 56
f 54 55 56
f 55 57 56
f 55 58 57
f 18 27 32
f 18 32 54
f 32 33 54
f 33 34 55
f 34 58 55
f 34 35 58
f 35 59 58
f 57 58 60
f 58 59 60
f 59 61 60
f 12 63 13
f 10 62 64
f 12 64 63
f 10 11 62
f 19 65 11
f 11 65 62
f 10 64 12
f 62 65 70
f 64 72 63
f 62 71 64
f 64 71 72
f 62 70 71
f 67 73 65
f 73 70 65
f 67 68 73
f 14 66 67
f 14 56 66
f 56 82 66
f 67 66 68
f 66 78 68
f 66 82 78
f 78 82 79
f 19 14 67
f 19 67 65
f 73 74 70
f 71 70 75
f 71 76 72
f 73 68 77
f 70 74 75
f 73 77 74
f 71 75 76
f 68 69 77
f 68 78 69
f 78 79 80
f 69 78 80
f 79 81 80
f 56 57 82
f 57 83 82
f 57 60 83
f 79 82 83
f 79 83 86
f 84 88 86
f 83 84 86
f 60 61 84
f 60 84 83
f 61 85 84
f 84 85 88
f 85 89 88
f 79 86 81
f 86 88 87
f 81 86 87
f 87 88 90
f 88 89 90
f 89 91 90
f 1 98 6
f 9 13 103
f 1 9 106
f 6 107 23
f 23 111 39
f 39 115 50
f 13 63 118
f 63 72 122
f 72 76 126
f 1 93 98
f 1 95 94
f 1 94 93
f 6 98 96
f 6 96 97
f 6 97 92
f 9 100 106
f 9 99 100
f 9 103 101
f 9 101 99
f 13 104 103
f 13 105 104
f 13 102 105
f 1 106 95
f 6 92 107
f 23 107 108
f 23 109 110
f 23 108 109
f 23 110 111
f 39 111 112
f 39 113 114
f 39 112 113
f 39 114 115
f 50 115 116
f 50 116 117
f 13 118 102
f 63 119 118
f 63 120 119
f 63 121 120
f 63 122 121
f 72 123 122
f 72 124 123
f 72 125 124
f 72 126 125
f 76 127 126
f 76 128 127
f 50 117 131
f 76 129 128
f 76 132 129
f 53 45 170
f 45 49 172
f 49 50 173
f 53 176 35
f 35 177 59
f 59 179 61
f 61 181 85
f 85 183 89
f 89 185 91
f 91 187 130
f 50 131 167
f 77 720 74
f 74 722 75
f 75 723 76
f 77 69 726
f 69 80 727
f 80 81 729
f 81 87 731
f 87 90 733
f 90 91 735
f 91 130 736
f 76 133 132
f 94 95 134
f 93 94 134
f 96 98 135
f 96 136 97
f 92 97 136
f 93 137 98
f 99 138 100
f 99 101 138
f 103 104 140
f 101 103 139
f 104 105 141
f 102 141 105
f 95 106 142
f 100 143 106
f 92 144 107
f 107 145 108
f 109 146 110
f 108 146 109
f 110 147 111
f 111 148 112
f 113 149 114
f 112 149 113
f 114 150 115
f 115 151 116
f 116 152 117
f 102 118 153
f 118 119 154
f 119 120 155
f 120 121 155
f 121 122 156
f 122 123 157
f 123 124 158
f 124 125 158
f 125 126 159
f 126 127 160
f 127 128 161
f 92 136 144
f 93 134 137
f 95 142 134
f 98 137 135
f 96 135 136
f 100 138 143
f 101 139 138
f 102 153 141
f 103 140 139
f 104 141 140
f 106 143 142
f 107 144 145
f 108 145 146
f 110 146 147
f 111 147 148
f 112 148 149
f 114 149 150
f 115 150 151
f 116 151 152
f 118 154 153
f 119 155 154
f 121 156 155
f 122 157 156
f 123 158 157
f 125 159 158
f 126 160 159
f 127 161 160
f 117 152 131
f 128 129 162
f 128 162 161
f 136 204 144
f 134 205 137
f 134 142 207
f 135 137 208
f 135 209 136
f 138 213 143
f 138 139 214
f 141 153 215
f 139 140 216
f 140 141 218
f 142 143 220
f 144 222 145
f 145 224 146
f 146 226 147
f 147 227 148
f 148 229 149
f 149 231 150
f 150 233 151
f 151 234 152
f 153 154 236
f 154 155 238
f 155 156 240
f 156 157 241
f 157 158 243
f 158 159 245
f 159 160 246
f 160 161 248
f 152 188 131
f 152 250 188
f 129 132 162
f 132 163 162
f 161 162 252
f 162 163 252
f 163 164 253
f 164 190 255
f 50 167 174
f 35 176 168
f 35 168 177
f 45 172 169
f 53 170 175
f 45 169 170
f 49 171 172
f 49 173 171
f 50 174 173
f 53 175 176
f 59 178 179
f 59 177 178
f 61 179 180
f 61 180 181
f 85 181 182
f 85 182 183
f 89 183 184
f 89 184 185
f 91 185 186
f 130 165 166
f 91 186 187
f 167 131 369
f 130 370 165
f 130 187 371
f 167 369 174
f 130 166 203
f 131 188 369
f 188 327 372
f 76 724 133
f 69 718 726
f 69 727 718
f 74 719 722
f 77 725 720
f 74 720 719
f 75 722 721
f 75 721 723
f 76 723 724
f 77 726 725
f 80 729 728
f 80 728 727
f 81 730 729
f 81 731 730
f 87 732 731
f 87 733 732
f 90 734 733
f 90 735 734
f 91 736 735
f 133 189 132
f 130 737 736
f 130 738 737
f 133 724 189
f 132 189 163
f 190 191 330
f 163 189 740
f 163 888 164
f 164 752 190
f 190 751 191
f 191 748 192
f 192 749 193
f 193 750 194
f 194 741 195
f 195 741 196
f 196 743 197
f 197 743 198
f 198 745 199
f 199 745 200
f 200 746 201
f 201 747 202
f 130 203 738
f 738 203 754
f 202 1089 544
f 134 207 206
f 134 206 205
f 137 211 208
f 135 208 209
f 136 209 210
f 136 210 204
f 137 205 211
f 138 212 213
f 138 214 212
f 139 216 217
f 139 217 214
f 140 218 216
f 141 219 218
f 141 215 219
f 143 221 220
f 142 220 207
f 143 213 221
f 144 204 222
f 145 223 224
f 145 222 223
f 146 225 226
f 146 224 225
f 147 226 228
f 147 228 227
f 148 227 229
f 149 230 231
f 149 229 230
f 150 231 232
f 150 232 233
f 151 233 234
f 152 234 235
f 153 236 215
f 154 237 236
f 154 238 237
f 155 239 238
f 155 240 239
f 156 241 240
f 157 242 241
f 157 243 242
f 158 244 243
f 158 245 244
f 159 246 245
f 160 247 246
f 160 248 247
f 161 249 248
f 152 235 250
f 161 251 249
f 205 257 211
f 206 207 257
f 205 206 257
f 208 258 209
f 208 211 258
f 209 259 210
f 204 210 259
f 213 260 221
f 212 260 213
f 214 217 260
f 212 214 260
f 216 261 217
f 216 218 261
f 218 219 262
f 215 262 219
f 207 220 263
f 220 221 263
f 222 264 223
f 204 264 222
f 223 265 224
f 225 265 226
f 224 265 225
f 226 265 228
f 227 266 229
f 227 228 266
f 230 267 231
f 229 267 230
f 231 267 232
f 232 268 233
f 233 268 234
f 234 269 235
f 215 236 270
f 236 237 270
f 237 238 271
f 238 239 271
f 239 240 271
f 240 241 272
f 241 242 272
f 242 243 273
f 243 244 273
f 244 245 273
f 245 246 274
f 246 247 274
f 247 248 275
f 248 249 275
f 207 263 257
f 209 258 259
f 211 257 258
f 217 261 260
f 218 262 261
f 221 260 263
f 204 259 264
f 223 264 265
f 228 265 266
f 229 266 267
f 232 267 268
f 234 268 269
f 215 270 262
f 237 271 270
f 240 272 271
f 242 273 272
f 245 274 273
f 247 275 274
f 235 269 250
f 249 324 275
f 250 269 328
f 161 252 251
f 163 253 252
f 164 254 253
f 164 255 254
f 255 190 256
f 256 190 330
f 249 251 324
f 251 252 324
f 252 253 324
f 253 254 324
f 254 255 325
f 255 256 325
f 256 330 362
f 254 325 324
f 256 362 325
f 257 263 279
f 258 281 259
f 257 283 258
f 260 261 289
f 261 262 290
f 260 293 263
f 259 276 264
f 264 295 265
f 265 300 266
f 266 301 267
f 267 304 268
f 268 306 269
f 262 270 287
f 270 271 309
f 271 272 312
f 272 273 314
f 273 274 317
f 274 275 319
f 257 277 283
f 257 279 278
f 257 278 277
f 258 280 281
f 258 283 280
f 259 281 282
f 259 282 276
f 260 285 293
f 260 284 285
f 260 289 286
f 260 286 284
f 261 288 289
f 261 290 288
f 262 291 290
f 262 287 291
f 263 292 279
f 263 293 292
f 264 294 295
f 264 276 294
f 265 295 296
f 265 297 298
f 265 296 297
f 265 298 300
f 266 299 301
f 266 300 299
f 267 302 303
f 267 301 302
f 267 303 304
f 268 304 305
f 268 305 306
f 269 306 307
f 270 308 287
f 270 309 308
f 271 310 309
f 271 311 310
f 271 312 311
f 272 313 312
f 272 314 313
f 273 315 314
f 273 316 315
f 273 317 316
f 274 318 317
f 274 319 318
f 275 320 319
f 275 321 320
f 269 307 323
f 275 322 321
f 275 326 322
f 269 323 328
f 324 326 275
f 250 327 188
f 250 328 327
f 327 328 551
f 323 329 328
f 328 329 552
f 191 192 332
f 192 193 334
f 193 194 336
f 191 331 330
f 191 332 331
f 192 333 332
f 192 334 333
f 193 335 334
f 193 336 335
f 194 337 336
f 194 338 337
f 194 339 338
f 194 195 339
f 195 340 339
f 195 341 340
f 195 196 341
f 196 197 343
f 197 198 345
f 198 199 347
f 199 200 349
f 200 201 350
f 201 202 353
f 196 342 341
f 196 343 342
f 197 344 343
f 197 345 344
f 198 346 345
f 198 347 346
f 199 348 347
f 199 349 348
f 200 350 349
f 201 351 350
f 201 352 351
f 201 353 352
f 202 354 353
f 333 334 364
f 334 335 364
f 335 336 365
f 336 337 365
f 337 338 366
f 330 331 362
f 331 332 363
f 332 333 363
f 338 339 367
f 339 340 367
f 340 341 355
f 341 342 355
f 342 343 356
f 343 344 356
f 344 345 357
f 345 346 357
f 346 347 358
f 347 348 358
f 348 349 359
f 349 350 359
f 350 351 359
f 351 352 360
f 352 353 360
f 353 354 361
f 331 363 362
f 333 364 363
f 335 365 364
f 337 366 365
f 338 367 366
f 340 355 367
f 342 356 355
f 344 357 356
f 346 358 357
f 348 359 358
f 351 360 359
f 353 361 360
f 202 702 354
f 354 702 361
f 355 356 948
f 356 357 950
f 357 358 950
f 358 359 952
f 360 952 359
f 360 361 954
f 324 368 326
f 362 363 961
f 324 325 1017
f 325 362 1016
f 364 365 957
f 363 364 960
f 365 366 958
f 366 367 956
f 367 355 948
f 324 955 368
f 361 705 954
f 202 544 702
f 361 702 704
f 361 704 705
f 186 371 187
f 130 371 370
f 176 374 168
f 168 374 177
f 169 172 376
f 175 170 391
f 169 376 170
f 171 378 172
f 171 173 378
f 174 379 173
f 175 391 176
f 178 408 179
f 177 408 178
f 179 410 180
f 180 410 181
f 181 435 182
f 182 435 183
f 183 439 184
f 184 439 185
f 185 441 186
f 174 369 379
f 186 441 371
f 371 1088 370
f 188 372 369
f 369 372 373
f 170 376 391
f 172 378 376
f 173 379 378
f 176 391 374
f 177 374 408
f 179 408 410
f 181 410 435
f 183 435 439
f 185 439 441
f 379 369 373
f 376 380 377
f 391 376 377
f 392 377 383
f 391 377 392
f 376 378 380
f 378 379 380
f 377 380 381
f 381 382 383
f 377 381 383
f 380 379 381
f 381 379 382
f 382 379 385
f 379 386 385
f 383 384 393
f 392 383 393
f 384 394 400
f 384 400 393
f 382 385 384
f 382 384 383
f 379 387 386
f 379 388 387
f 379 389 390
f 379 390 388
f 385 386 394
f 386 387 395
f 385 394 384
f 386 395 394
f 387 388 396
f 388 390 397
f 391 392 374
f 392 375 374
f 392 393 375
f 402 393 400
f 375 393 402
f 394 395 401
f 394 401 400
f 395 404 401
f 387 396 395
f 389 398 390
f 388 397 396
f 390 398 397
f 389 399 398
f 395 396 404
f 396 397 406
f 396 406 404
f 397 407 406
f 397 398 407
f 398 399 418
f 398 418 407
f 399 419 418
f 403 400 401
f 402 400 403
f 405 401 404
f 404 406 416
f 403 401 405
f 405 404 416
f 374 375 408
f 375 409 408
f 375 402 409
f 402 412 409
f 408 409 410
f 409 411 410
f 409 412 411
f 402 403 412
f 403 413 412
f 411 412 414
f 412 413 414
f 413 415 414
f 413 424 415
f 403 405 413
f 405 416 424
f 405 424 413
f 406 417 416
f 406 407 417
f 407 418 420
f 418 419 421
f 407 420 417
f 420 418 421
f 419 422 421
f 415 424 423
f 424 416 425
f 425 416 417
f 417 420 426
f 425 417 426
f 420 427 426
f 420 421 427
f 421 429 427
f 421 422 429
f 422 430 429
f 424 425 423
f 425 428 423
f 425 426 428
f 428 426 431
f 426 427 431
f 427 432 431
f 427 429 432
f 429 430 433
f 429 433 432
f 430 434 433
f 410 411 435
f 411 414 436
f 411 436 435
f 435 436 439
f 436 440 439
f 436 437 440
f 414 437 436
f 414 415 437
f 415 438 437
f 437 443 440
f 437 438 443
f 438 451 443
f 439 440 441
f 440 442 441
f 440 443 442
f 443 451 444
f 442 443 444
f 444 451 453
f 415 423 438
f 423 428 445
f 423 445 438
f 428 446 445
f 438 445 451
f 445 452 451
f 445 446 452
f 446 455 452
f 428 431 446
f 431 432 447
f 431 447 446
f 432 448 447
f 432 433 448
f 433 434 449
f 433 449 448
f 434 450 449
f 446 447 455
f 457 447 448
f 455 447 457
f 457 448 458
f 448 449 458
f 449 450 459
f 449 459 458
f 450 460 459
f 451 452 453
f 452 455 454
f 452 454 453
f 454 455 456
f 455 457 456
f 457 458 461
f 458 459 462
f 459 460 463
f 457 461 456
f 461 458 462
f 459 463 462
f 460 464 463
f 379 467 389
f 389 471 399
f 399 475 419
f 419 479 422
f 422 483 430
f 430 487 434
f 434 491 450
f 450 495 460
f 460 499 464
f 379 373 465
f 379 465 466
f 379 466 467
f 389 467 468
f 389 468 469
f 389 469 470
f 389 470 471
f 399 471 472
f 399 472 473
f 399 473 474
f 399 474 475
f 419 475 476
f 419 476 477
f 419 477 478
f 419 478 479
f 422 479 480
f 422 480 481
f 422 481 482
f 422 482 483
f 430 483 484
f 430 484 485
f 430 485 486
f 430 486 487
f 434 487 488
f 434 488 489
f 434 489 490
f 434 490 491
f 450 491 492
f 450 492 493
f 450 493 494
f 450 494 495
f 460 495 496
f 460 496 497
f 460 497 498
f 460 498 499
f 464 499 500
f 464 500 501
f 464 501 502
f 464 502 503
f 371 441 546
f 441 442 1092
f 442 444 1094
f 444 453 1096
f 453 454 1098
f 454 456 1100
f 456 461 1102
f 461 462 1104
f 462 463 1106
f 463 464 1108
f 464 503 545
f 372 504 373
f 372 553 504
f 373 504 465
f 465 504 466
f 466 505 467
f 467 506 468
f 468 507 469
f 469 507 470
f 470 508 471
f 471 509 472
f 472 510 473
f 473 510 474
f 474 511 475
f 475 512 476
f 476 513 477
f 477 513 478
f 478 514 479
f 479 515 480
f 480 516 481
f 481 516 482
f 482 517 483
f 483 518 484
f 484 519 485
f 485 519 486
f 486 520 487
f 487 521 488
f 488 522 489
f 489 522 490
f 490 523 491
f 491 524 492
f 492 525 493
f 493 525 494
f 494 526 495
f 495 527 496
f 496 528 497
f 497 528 498
f 498 529 499
f 499 530 500
f 500 531 501
f 466 504 505
f 467 505 506
f 468 506 507
f 470 507 508
f 471 508 509
f 472 509 510
f 474 510 511
f 475 511 512
f 476 512 513
f 478 513 514
f 479 514 515
f 480 515 516
f 482 516 517
f 483 517 518
f 484 518 519
f 486 519 520
f 487 520 521
f 488 521 522
f 490 522 523
f 491 523 524
f 492 524 525
f 494 525 526
f 495 526 527
f 496 527 528
f 498 528 529
f 499 529 530
f 500 530 531
f 501 532 502
f 502 532 503
f 501 531 532
f 504 555 505
f 505 556 506
f 506 558 507
f 507 560 508
f 508 561 509
f 509 563 510
f 510 565 511
f 511 566 512
f 512 568 513
f 513 570 514
f 514 571 515
f 515 573 516
f 516 575 517
f 517 577 518
f 518 578 519
f 519 580 520
f 520 582 521
f 521 583 522
f 522 585 523
f 523 586 524
f 524 588 525
f 525 590 526
f 526 591 527
f 527 593 528
f 528 595 529
f 529 596 530
f 530 598 531
f 531 601 532
f 503 532 533
f 503 533 550
f 532 601 533
f 533 603 534
f 534 605 535
f 535 607 536
f 538 539 611
f 539 540 612
f 537 613 542
f 536 614 537
f 541 617 543
f 541 542 619
f 540 543 621
f 544 547 702
f 544 1089 547
f 371 546 1088
f 464 545 1109
f 441 1091 546
f 441 1092 1091
f 442 1093 1092
f 442 1094 1093
f 444 1095 1094
f 444 1096 1095
f 453 1097 1096
f 453 1098 1097
f 454 1099 1098
f 454 1100 1099
f 456 1101 1100
f 456 1102 1101
f 461 1103 1102
f 461 1104 1103
f 462 1105 1104
f 462 1106 1105
f 463 1107 1106
f 463 1108 1107
f 464 1109 1108
f 545 503 1110
f 545 1110 1109
f 503 550 1110
f 533 534 1111
f 547 548 708
f 548 549 709
f 538 608 549
f 533 1111 550
f 534 1112 1111
f 534 535 1275
f 536 537 1273
f 535 536 1274
f 547 1113 548
f 548 1115 549
f 538 549 1115
f 538 1278 539
f 539 1278 540
f 541 543 1280
f 541 1282 542
f 537 542 1272
f 540 1280 543
f 327 551 372
f 372 551 553
f 551 328 624
f 328 552 624
f 551 624 553
f 504 553 554
f 504 554 555
f 505 555 556
f 506 556 557
f 506 557 558
f 507 558 559
f 507 559 560
f 508 560 561
f 509 561 562
f 509 562 563
f 510 563 564
f 510 564 565
f 511 565 566
f 512 566 567
f 512 567 568
f 513 568 569
f 513 569 570
f 514 570 571
f 515 571 572
f 515 572 573
f 516 573 574
f 516 574 575
f 517 575 576
f 517 576 577
f 518 577 578
f 519 578 579
f 519 579 580
f 520 580 581
f 520 581 582
f 521 582 583
f 522 583 584
f 522 584 585
f 523 585 586
f 524 586 587
f 524 587 588
f 525 588 589
f 525 589 590
f 526 590 591
f 527 591 592
f 527 592 593
f 528 593 594
f 528 594 595
f 529 595 596
f 530 596 597
f 530 597 598
f 531 598 599
f 531 599 600
f 531 600 601
f 553 624 554
f 554 624 555
f 555 625 556
f 556 625 557
f 557 626 558
f 558 626 559
f 559 626 560
f 560 627 561
f 561 627 562
f 562 628 563
f 563 628 564
f 564 628 565
f 565 629 566
f 566 629 567
f 567 630 568
f 568 630 569
f 569 630 570
f 570 631 571
f 571 631 572
f 572 632 573
f 573 632 574
f 574 632 575
f 575 632 576
f 576 633 577
f 577 633 578
f 578 634 579
f 579 634 580
f 580 634 581
f 581 635 582
f 582 635 583
f 583 636 584
f 584 636 585
f 585 637 586
f 586 637 587
f 587 638 588
f 588 638 589
f 589 638 590
f 590 639 591
f 591 639 592
f 592 640 593
f 593 640 594
f 594 640 595
f 595 641 596
f 596 641 597
f 597 642 598
f 598 642 599
f 555 624 625
f 557 625 626
f 560 626 627
f 562 627 628
f 565 628 629
f 567 629 630
f 570 630 631
f 572 631 632
f 576 632 633
f 578 633 634
f 581 634 635
f 583 635 636
f 585 636 637
f 587 637 638
f 590 638 639
f 592 639 640
f 595 640 641
f 597 641 642
f 599 642 691
f 533 601 602
f 533 602 603
f 534 603 604
f 534 604 605
f 535 605 606
f 535 606 607
f 538 609 608
f 538 611 609
f 540 621 612
f 539 610 611
f 539 612 610
f 536 607 615
f 536 615 614
f 537 614 616
f 537 616 613
f 541 619 617
f 542 618 619
f 542 613 618
f 543 622 620
f 543 620 621
f 543 617 622
f 599 691 600
f 600 691 601
f 601 691 602
f 602 692 603
f 603 692 604
f 604 690 605
f 605 690 606
f 606 696 607
f 608 609 693
f 612 621 695
f 610 694 611
f 609 611 694
f 610 612 695
f 613 616 699
f 614 615 697
f 607 696 615
f 614 697 616
f 617 619 698
f 617 698 622
f 613 699 618
f 618 698 619
f 620 622 700
f 620 695 621
f 602 691 692
f 604 692 690
f 606 690 696
f 609 694 693
f 610 695 694
f 616 697 699
f 615 696 697
f 618 699 698
f 620 700 695
f 622 698 700
f 552 623 624
f 624 644 625
f 625 646 626
f 626 649 627
f 627 651 628
f 628 654 629
f 629 656 630
f 630 659 631
f 631 661 632
f 632 665 633
f 633 667 634
f 634 670 635
f 635 672 636
f 636 674 637
f 637 676 638
f 638 679 639
f 639 681 640
f 640 684 641
f 641 686 642
f 623 643 624
f 624 643 644
f 625 644 645
f 625 645 646
f 626 646 647
f 626 647 648
f 626 648 649
f 627 649 650
f 627 650 651
f 628 651 652
f 628 652 653
f 628 653 654
f 629 654 655
f 629 655 656
f 630 656 657
f 630 657 658
f 630 658 659
f 631 659 660
f 631 660 661
f 632 661 662
f 632 662 663
f 632 663 664
f 632 664 665
f 633 665 666
f 633 666 667
f 634 667 668
f 634 668 669
f 634 669 670
f 635 670 671
f 635 671 672
f 636 672 673
f 636 673 674
f 637 674 675
f 637 675 676
f 638 676 677
f 638 677 678
f 638 678 679
f 639 679 680
f 639 680 681
f 640 681 682
f 640 682 683
f 640 683 684
f 641 684 685
f 641 685 686
f 642 686 687
f 642 687 688
f 642 688 689
f 642 689 701
f 691 642 701
f 691 701 715
f 702 703 704
f 702 706 703
f 704 703 712
f 704 712 705
f 702 547 706
f 703 706 712
f 547 707 706
f 547 708 707
f 548 709 708
f 549 710 709
f 549 711 710
f 608 711 549
f 706 707 712
f 708 709 713
f 707 708 713
f 709 710 713
f 710 711 714
f 608 693 711
f 707 713 712
f 710 714 713
f 693 714 711
f 692 691 716
f 691 717 1321
f 691 715 717
f 705 712 1323
f 692 1407 690
f 690 1406 696
f 691 1321 716
f 712 713 1324
f 713 714 1325
f 693 1399 714
f 693 694 1400
f 694 695 1401
f 697 1404 699
f 698 699 1404
f 695 700 1402
f 698 1403 700
f 696 1405 697
f 692 716 1408
f 715 1322 717
f 189 724 739
f 726 718 756
f 718 727 756
f 719 758 722
f 725 765 720
f 719 720 758
f 721 722 760
f 721 760 723
f 724 723 761
f 725 726 765
f 728 729 776
f 727 728 776
f 729 730 777
f 730 731 777
f 731 732 798
f 732 733 798
f 733 734 800
f 734 735 800
f 735 736 801
f 736 737 801
f 724 761 739
f 189 739 755
f 737 738 885
f 189 755 740
f 163 740 887
f 191 751 748
f 192 748 749
f 193 749 750
f 194 750 741
f 164 888 752
f 190 752 751
f 163 887 888
f 198 744 745
f 196 741 742
f 196 742 743
f 198 743 744
f 200 745 746
f 201 746 747
f 202 747 753
f 202 753 1089
f 740 755 887
f 751 752 945
f 738 754 918
f 753 1090 1089
f 720 765 758
f 722 758 760
f 723 760 761
f 726 756 765
f 727 776 756
f 729 777 776
f 731 798 777
f 733 800 798
f 735 801 800
f 739 761 755
f 737 885 801
f 758 759 760
f 766 759 758
f 765 766 758
f 760 762 761
f 760 759 762
f 762 767 763
f 759 767 762
f 762 763 761
f 763 764 761
f 764 769 761
f 761 769 770
f 765 757 766
f 765 756 757
f 759 775 767
f 766 775 759
f 767 786 768
f 767 775 786
f 763 768 764
f 763 767 768
f 764 780 769
f 761 770 771
f 761 771 772
f 761 772 774
f 761 774 773
f 769 781 770
f 764 768 780
f 770 782 771
f 769 780 781
f 771 783 772
f 766 757 787
f 766 787 775
f 756 776 778
f 756 778 757
f 776 777 779
f 757 778 794
f 757 794 787
f 776 779 778
f 778 779 795
f 768 788 780
f 768 786 788
f 780 788 790
f 770 781 782
f 771 782 783
f 772 784 774
f 773 774 785
f 772 783 784
f 774 784 785
f 780 790 781
f 781 792 782
f 789 786 775
f 787 789 775
f 791 788 786
f 789 791 786
f 782 793 783
f 781 790 792
f 782 792 793
f 783 810 784
f 784 811 785
f 783 793 810
f 784 810 811
f 788 808 790
f 791 808 788
f 790 809 792
f 790 808 809
f 787 794 796
f 778 795 794
f 794 795 797
f 794 797 796
f 796 815 816
f 796 797 815
f 787 796 789
f 789 816 791
f 789 796 816
f 777 798 799
f 798 800 802
f 777 799 779
f 779 799 804
f 798 802 799
f 800 801 803
f 800 803 802
f 779 804 795
f 799 802 806
f 799 806 804
f 795 805 797
f 795 804 805
f 804 806 829
f 804 829 805
f 802 807 806
f 802 803 807
f 806 830 829
f 806 807 830
f 792 812 793
f 793 813 810
f 792 809 812
f 810 814 811
f 793 812 813
f 810 813 814
f 791 817 808
f 791 816 817
f 808 818 809
f 817 818 808
f 816 815 820
f 816 820 817
f 809 818 819
f 809 819 812
f 812 821 813
f 812 819 821
f 813 822 814
f 813 821 822
f 817 820 823
f 817 823 818
f 818 824 819
f 818 823 824
f 819 825 821
f 819 824 825
f 821 826 822
f 821 825 826
f 797 827 815
f 797 805 827
f 805 829 831
f 805 831 827
f 815 827 828
f 827 831 837
f 827 837 828
f 815 828 820
f 820 828 833
f 829 832 831
f 829 830 832
f 831 838 837
f 831 832 838
f 820 833 823
f 823 834 824
f 823 833 834
f 824 835 825
f 828 839 833
f 828 837 839
f 839 841 833
f 825 836 826
f 824 834 835
f 825 835 836
f 833 841 834
f 834 842 835
f 834 841 842
f 835 843 836
f 835 842 843
f 837 840 839
f 837 838 840
f 839 844 841
f 841 845 842
f 842 846 843
f 839 840 844
f 841 844 845
f 842 845 846
f 761 773 850
f 773 785 854
f 785 811 858
f 811 814 862
f 814 822 866
f 822 826 870
f 826 836 874
f 836 843 878
f 843 846 882
f 761 847 755
f 761 848 847
f 761 849 848
f 761 850 849
f 773 851 850
f 773 852 851
f 773 853 852
f 773 854 853
f 785 855 854
f 785 856 855
f 785 857 856
f 785 858 857
f 811 859 858
f 811 860 859
f 811 861 860
f 811 862 861
f 814 863 862
f 814 864 863
f 814 865 864
f 814 866 865
f 822 867 866
f 822 868 867
f 822 869 868
f 822 870 869
f 826 871 870
f 826 872 871
f 826 873 872
f 826 874 873
f 836 875 874
f 836 876 875
f 836 877 876
f 836 878 877
f 843 879 878
f 843 880 879
f 843 881 880
f 843 882 881
f 846 883 882
f 846 884 883
f 846 886 884
f 801 1118 803
f 803 1120 807
f 807 1122 830
f 830 1124 832
f 832 1126 838
f 838 1128 840
f 840 1130 844
f 844 1132 845
f 845 1134 846
f 846 921 886
f 755 847 889
f 755 889 887
f 752 888 963
f 888 887 965
f 887 889 967
f 889 890 967
f 889 847 848
f 889 848 890
f 848 849 890
f 849 850 891
f 850 851 892
f 851 852 893
f 852 853 893
f 853 854 894
f 854 855 895
f 855 856 896
f 856 857 896
f 857 858 897
f 858 859 898
f 859 860 899
f 860 861 899
f 861 862 900
f 862 863 901
f 863 864 902
f 864 865 902
f 865 866 903
f 866 867 904
f 867 868 905
f 868 869 905
f 869 870 906
f 870 871 907
f 871 872 908
f 872 873 908
f 873 874 909
f 874 875 910
f 875 876 911
f 876 877 911
f 877 878 912
f 878 879 913
f 879 880 914
f 880 881 914
f 881 882 915
f 882 883 916
f 883 884 917
f 849 891 890
f 850 892 891
f 851 893 892
f 853 894 893
f 854 895 894
f 855 896 895
f 857 897 896
f 858 898 897
f 859 899 898
f 861 900 899
f 862 901 900
f 863 902 901
f 865 903 902
f 866 904 903
f 867 905 904
f 869 906 905
f 870 907 906
f 871 908 907
f 873 909 908
f 874 910 909
f 875 911 910
f 877 912 911
f 878 913 912
f 879 914 913
f 881 915 914
f 882 916 915
f 883 917 916
f 884 886 917
f 890 891 970
f 891 892 971
f 892 893 973
f 893 894 975
f 894 895 977
f 895 896 978
f 896 897 980
f 897 898 981
f 898 899 983
f 899 900 985
f 900 901 986
f 901 902 988
f 902 903 990
f 903 904 992
f 904 905 993
f 905 906 995
f 906 907 996
f 907 908 998
f 908 909 1000
f 909 910 1002
f 910 911 1003
f 911 912 1005
f 912 913 1007
f 913 914 1008
f 914 915 1010
f 915 916 1011
f 916 917 1013
f 917 886 922
f 917 922 1015
f 738 918 885
f 885 918 919
f 885 919 920
f 801 885 1117
f 846 1135 921
f 801 1117 1118
f 803 1118 1119
f 803 1119 1120
f 807 1120 1121
f 807 1121 1122
f 830 1122 1123
f 830 1123 1124
f 832 1124 1125
f 832 1125 1126
f 838 1126 1127
f 838 1127 1128
f 840 1128 1129
f 840 1129 1130
f 844 1130 1131
f 844 1131 1132
f 845 1132 1133
f 845 1133 1134
f 846 1134 1135
f 921 1136 886
f 885 920 1138
f 885 1116 1117
f 921 1135 1136
f 886 1136 922
f 922 1139 1086
f 356 949 948
f 356 950 949
f 358 951 950
f 358 952 951
f 360 953 952
f 360 954 953
f 741 750 923
f 741 923 924
f 742 926 743
f 741 924 742
f 743 927 744
f 744 931 745
f 745 932 746
f 746 935 747
f 747 937 753
f 745 931 925
f 743 926 928
f 743 928 927
f 742 924 929
f 742 929 926
f 744 930 931
f 744 927 930
f 745 925 932
f 746 932 933
f 746 933 934
f 746 934 935
f 747 935 936
f 747 936 937
f 753 937 947
f 748 938 749
f 749 940 750
f 748 751 944
f 748 944 939
f 748 939 938
f 749 941 940
f 750 940 942
f 750 942 923
f 749 938 941
f 751 943 944
f 751 945 943
f 752 946 945
f 924 956 929
f 923 942 956
f 923 956 924
f 926 948 928
f 927 928 949
f 926 929 948
f 927 949 930
f 930 950 931
f 925 931 950
f 932 951 933
f 925 951 932
f 933 952 934
f 934 953 935
f 935 953 936
f 936 953 937
f 937 954 947
f 938 939 958
f 939 944 957
f 940 941 959
f 940 959 942
f 938 958 941
f 943 957 944
f 943 945 960
f 945 946 960
f 942 959 956
f 925 950 951
f 928 948 949
f 929 956 948
f 930 949 950
f 933 951 952
f 934 952 953
f 937 953 954
f 939 957 958
f 941 958 959
f 943 960 957
f 946 961 960
f 753 947 1312
f 947 954 1312
f 324 1017 955
f 365 958 957
f 366 956 959
f 366 959 958
f 363 960 961
f 364 957 960
f 362 961 1016
f 325 1016 1017
f 367 948 956
f 368 955 962
f 1017 962 955
f 753 1312 1090
f 954 1314 1312
f 705 1314 954
f 752 963 946
f 888 964 963
f 888 965 964
f 887 966 965
f 887 967 966
f 890 968 967
f 946 963 961
f 961 963 964
f 964 965 1016
f 965 966 1016
f 966 967 1017
f 967 968 1017
f 961 964 1016
f 966 1017 1016
f 968 969 1017
f 890 969 968
f 890 970 969
f 891 971 970
f 892 972 971
f 892 973 972
f 893 974 973
f 893 975 974
f 894 976 975
f 894 977 976
f 895 978 977
f 896 979 978
f 896 980 979
f 897 981 980
f 898 982 981
f 898 983 982
f 899 984 983
f 899 985 984
f 900 986 985
f 901 987 986
f 901 988 987
f 902 989 988
f 902 990 989
f 903 991 990
f 903 992 991
f 904 993 992
f 905 994 993
f 905 995 994
f 906 996 995
f 907 997 996
f 907 998 997
f 908 999 998
f 908 1000 999
f 909 1001 1000
f 909 1002 1001
f 910 1003 1002
f 911 1004 1003
f 911 1005 1004
f 912 1006 1005
f 912 1007 1006
f 913 1008 1007
f 914 1009 1008
f 914 1010 1009
f 915 1011 1010
f 916 1012 1011
f 916 1013 1012
f 917 1014 1013
f 917 1015 1014
f 1017 969 1019
f 969 970 1019
f 970 971 1020
f 971 972 1020
f 972 973 1021
f 973 974 1021
f 974 975 1021
f 975 976 1021
f 976 977 1022
f 977 978 1022
f 978 979 1023
f 979 980 1023
f 980 981 1024
f 981 982 1024
f 982 983 1025
f 983 984 1025
f 984 985 1025
f 985 986 1026
f 986 987 1026
f 987 988 1027
f 988 989 1027
f 989 990 1027
f 990 991 1027
f 991 992 1028
f 992 993 1028
f 993 994 1029
f 994 995 1029
f 995 996 1030
f 996 997 1030
f 997 998 1031
f 998 999 1031
f 999 1000 1031
f 1000 1001 1031
f 1001 1002 1032
f 1002 1003 1032
f 1003 1004 1033
f 1004 1005 1033
f 1005 1006 1033
f 1006 1007 1034
f 1007 1008 1034
f 1008 1009 1035
f 1009 1010 1035
f 1010 1011 1036
f 1011 1012 1036
f 1012 1013 1036
f 1013 1014 1037
f 970 1020 1019
f 972 1021 1020
f 976 1022 1021
f 978 1023 1022
f 980 1024 1023
f 982 1025 1024
f 985 1026 1025
f 987 1027 1026
f 991 1028 1027
f 993 1029 1028
f 995 1030 1029
f 997 1031 1030
f 1001 1032 1031
f 1003 1033 1032
f 1006 1034 1033
f 1008 1035 1034
f 1010 1036 1035
f 1013 1037 1036
f 1014 1015 1037
f 1015 1327 1037
f 1017 1019 1018
f 1017 1018 962
f 1019 1020 1040
f 1020 1021 1042
f 1021 1022 1046
f 1022 1023 1048
f 1023 1024 1050
f 1024 1025 1052
f 1025 1026 1055
f 1026 1027 1057
f 1027 1028 1061
f 1028 1029 1063
f 1029 1030 1065
f 1030 1031 1067
f 1031 1032 1071
f 1032 1033 1073
f 1033 1034 1076
f 1034 1035 1078
f 1035 1036 1080
f 1036 1037 1083
f 1018 1019 1038
f 1019 1039 1038
f 1019 1040 1039
f 1020 1041 1040
f 1020 1042 1041
f 1021 1043 1042
f 1021 1044 1043
f 1021 1045 1044
f 1021 1046 1045
f 1022 1047 1046
f 1022 1048 1047
f 1023 1049 1048
f 1023 1050 1049
f 1024 1051 1050
f 1024 1052 1051
f 1025 1053 1052
f 1025 1054 1053
f 1025 1055 1054
f 1026 1056 1055
f 1026 1057 1056
f 1027 1058 1057
f 1027 1059 1058
f 1027 1060 1059
f 1027 1061 1060
f 1028 1062 1061
f 1028 1063 1062
f 1029 1064 1063
f 1029 1065 1064
f 1030 1066 1065
f 1030 1067 1066
f 1031 1068 1067
f 1031 1069 1068
f 1031 1070 1069
f 1031 1071 1070
f 1032 1072 1071
f 1032 1073 1072
f 1033 1074 1073
f 1033 1075 1074
f 1033 1076 1075
f 1034 1077 1076
f 1034 1078 1077
f 1035 1079 1078
f 1035 1080 1079
f 1036 1081 1080
f 1036 1082 1081
f 1036 1083 1082
f 1037 1084 1083
f 1037 1085 1084
f 1037 1327 1085
f 1015 922 1086
f 1015 1086 1327
f 1086 1326 1327
f 1085 1327 1087
f 1087 1327 1328
f 1088 1138 370
f 1138 1137 370
f 1089 1090 1113
f 1090 1313 1113
f 1109 1110 1140
f 546 1138 1088
f 546 1091 1138
f 1091 1092 1143
f 1092 1093 1144
f 1093 1094 1144
f 1094 1095 1147
f 1095 1096 1147
f 1096 1097 1153
f 1097 1098 1153
f 1098 1099 1154
f 1099 1100 1154
f 1100 1101 1157
f 1101 1102 1157
f 1102 1103 1159
f 1103 1104 1159
f 1104 1105 1161
f 1105 1106 1161
f 1106 1107 1163
f 1107 1108 1163
f 1109 1164 1108
f 1109 1140 1164
f 1140 1110 1141
f 547 1089 1113
f 550 1276 1110
f 534 1275 1112
f 550 1111 1276
f 537 1272 1273
f 535 1274 1275
f 536 1273 1274
f 1111 1112 1276
f 548 1113 1114
f 548 1114 1115
f 538 1115 1277
f 538 1277 1278
f 540 1278 1279
f 540 1279 1280
f 541 1280 1281
f 541 1281 1282
f 542 1282 1272
f 1110 1276 1141
f 1112 1275 1276
f 1113 1316 1114
f 1114 1318 1115
f 1115 1320 1277
f 885 1138 1116
f 1138 920 1137
f 1116 1143 1117
f 1117 1143 1118
f 1118 1145 1119
f 1119 1145 1120
f 1120 1149 1121
f 1121 1149 1122
f 1122 1195 1123
f 1123 1195 1124
f 1124 1197 1125
f 1125 1197 1126
f 1126 1201 1127
f 1127 1201 1128
f 1128 1203 1129
f 1129 1203 1130
f 1130 1205 1131
f 1131 1205 1132
f 1132 1206 1133
f 1133 1206 1134
f 1134 1207 1135
f 1135 1207 1136
f 922 1136 1139
f 1136 1142 1139
f 1091 1143 1138
f 1092 1144 1143
f 1094 1147 1144
f 1096 1153 1147
f 1098 1154 1153
f 1100 1157 1154
f 1102 1159 1157
f 1104 1161 1159
f 1106 1163 1161
f 1108 1164 1163
f 1140 1141 1164
f 1116 1138 1143
f 1118 1143 1145
f 1120 1145 1149
f 1122 1149 1195
f 1124 1195 1197
f 1126 1197 1201
f 1128 1201 1203
f 1130 1203 1205
f 1132 1205 1206
f 1134 1206 1207
f 1207 1142 1136
f 1143 1144 1146
f 1143 1146 1145
f 1144 1147 1148
f 1147 1153 1155
f 1144 1148 1146
f 1146 1148 1151
f 1147 1155 1148
f 1148 1155 1177
f 1145 1150 1149
f 1145 1146 1150
f 1149 1196 1195
f 1149 1150 1196
f 1146 1151 1150
f 1148 1177 1151
f 1150 1151 1152
f 1150 1152 1196
f 1151 1179 1152
f 1151 1177 1179
f 1153 1154 1156
f 1154 1157 1158
f 1154 1158 1156
f 1153 1156 1155
f 1155 1156 1178
f 1156 1158 1181
f 1156 1181 1178
f 1157 1160 1158
f 1157 1159 1160
f 1159 1161 1162
f 1159 1162 1160
f 1160 1162 1169
f 1161 1165 1162
f 1161 1163 1165
f 1163 1164 1165
f 1162 1165 1166
f 1162 1166 1169
f 1166 1167 1169
f 1165 1164 1166
f 1166 1164 1167
f 1167 1164 1171
f 1164 1172 1171
f 1160 1168 1158
f 1158 1168 1181
f 1181 1168 1182
f 1160 1169 1168
f 1168 1169 1170
f 1168 1170 1182
f 1170 1185 1182
f 1167 1170 1169
f 1167 1171 1170
f 1164 1173 1172
f 1164 1174 1173
f 1164 1176 1175
f 1164 1175 1174
f 1171 1185 1170
f 1171 1172 1185
f 1172 1173 1186
f 1172 1186 1185
f 1173 1174 1187
f 1174 1175 1188
f 1155 1178 1177
f 1177 1178 1180
f 1178 1181 1183
f 1178 1183 1180
f 1177 1180 1179
f 1179 1180 1216
f 1180 1183 1191
f 1180 1191 1216
f 1191 1221 1216
f 1181 1182 1183
f 1183 1182 1184
f 1182 1185 1184
f 1184 1185 1186
f 1184 1186 1192
f 1173 1187 1186
f 1175 1176 1189
f 1174 1188 1187
f 1175 1189 1188
f 1186 1187 1192
f 1176 1190 1189
f 1183 1184 1191
f 1191 1184 1192
f 1191 1192 1221
f 1192 1193 1221
f 1187 1193 1192
f 1187 1188 1193
f 1188 1194 1193
f 1188 1189 1194
f 1190 1223 1189
f 1189 1223 1194
f 1190 1224 1223
f 1195 1198 1197
f 1195 1196 1198
f 1197 1202 1201
f 1197 1198 1202
f 1152 1199 1196
f 1196 1199 1198
f 1152 1215 1199
f 1152 1179 1215
f 1199 1215 1218
f 1198 1199 1200
f 1198 1200 1202
f 1199 1218 1200
f 1200 1218 1228
f 1201 1204 1203
f 1201 1202 1204
f 1203 1208 1205
f 1205 1209 1206
f 1206 1210 1207
f 1203 1204 1208
f 1205 1208 1209
f 1206 1209 1210
f 1200 1211 1202
f 1202 1211 1204
f 1204 1211 1212
f 1200 1228 1211
f 1211 1228 1229
f 1211 1229 1212
f 1212 1229 1230
f 1204 1212 1208
f 1208 1212 1213
f 1208 1213 1209
f 1209 1214 1210
f 1209 1213 1214
f 1212 1230 1213
f 1213 1231 1214
f 1213 1230 1231
f 1179 1216 1215
f 1215 1216 1217
f 1215 1217 1218
f 1216 1221 1217
f 1217 1221 1222
f 1217 1222 1219
f 1219 1222 1225
f 1217 1219 1218
f 1218 1219 1228
f 1219 1220 1228
f 1219 1225 1220
f 1220 1225 1226
f 1220 1226 1232
f 1226 1227 1232
f 1227 1233 1232
f 1193 1222 1221
f 1194 1225 1222
f 1193 1194 1222
f 1194 1223 1225
f 1223 1224 1226
f 1225 1223 1226
f 1224 1227 1226
f 1220 1229 1228
f 1220 1232 1229
f 1230 1232 1233
f 1229 1232 1230
f 1230 1233 1231
f 1164 1237 1176
f 1176 1241 1190
f 1190 1245 1224
f 1207 1210 1248
f 1210 1214 1252
f 1214 1231 1256
f 1227 1257 1233
f 1224 1260 1227
f 1231 1233 1265
f 1164 1141 1234
f 1164 1234 1235
f 1207 1246 1142
f 1164 1235 1236
f 1164 1236 1237
f 1176 1237 1238
f 1176 1238 1239
f 1176 1239 1240
f 1176 1240 1241
f 1190 1241 1242
f 1190 1242 1243
f 1190 1243 1244
f 1190 1244 1245
f 1224 1245 1261
f 1207 1247 1246
f 1207 1248 1247
f 1210 1249 1248
f 1210 1251 1250
f 1210 1250 1249
f 1210 1252 1251
f 1214 1253 1252
f 1214 1254 1253
f 1214 1255 1254
f 1214 1256 1255
f 1231 1271 1256
f 1227 1263 1257
f 1224 1261 1258
f 1224 1258 1259
f 1224 1259 1260
f 1227 1262 1264
f 1227 1260 1262
f 1227 1264 1263
f 1231 1266 1271
f 1231 1267 1266
f 1231 1265 1267
f 1233 1269 1270
f 1233 1257 1268
f 1233 1268 1269
f 1233 1270 1265
f 1141 1276 1283
f 1277 1330 1278
f 1278 1332 1279
f 1279 1334 1280
f 1280 1336 1281
f 1281 1339 1282
f 1282 1341 1272
f 1272 1343 1273
f 1273 1345 1274
f 1275 1274 1347
f 1275 1349 1276
f 1276 1350 1283
f 1139 1142 1293
f 1139 1293 1352
f 1141 1283 1234
f 1283 1235 1234
f 1283 1284 1235
f 1142 1246 1293
f 1235 1284 1236
f 1236 1285 1237
f 1237 1286 1238
f 1238 1287 1239
f 1239 1287 1240
f 1240 1288 1241
f 1241 1289 1242
f 1242 1290 1243
f 1243 1290 1244
f 1244 1291 1245
f 1245 1292 1261
f 1246 1247 1293
f 1247 1248 1294
f 1248 1249 1295
f 1250 1251 1296
f 1249 1250 1296
f 1251 1252 1297
f 1252 1253 1298
f 1253 1254 1299
f 1254 1255 1299
f 1255 1256 1300
f 1256 1271 1301
f 1257 1303 1268
f 1257 1263 1302
f 1258 1261 1304
f 1258 1304 1259
f 1260 1306 1262
f 1259 1305 1260
f 1262 1307 1264
f 1263 1264 1307
f 1265 1270 1308
f 1266 1309 1271
f 1266 1267 1309
f 1265 1310 1267
f 1269 1311 1270
f 1268 1311 1269
f 1236 1284 1285
f 1237 1285 1286
f 1238 1286 1287
f 1240 1287 1288
f 1241 1288 1289
f 1242 1289 1290
f 1244 1290 1291
f 1245 1291 1292
f 1247 1294 1293
f 1248 1295 1294
f 1249 1296 1295
f 1251 1297 1296
f 1252 1298 1297
f 1253 1299 1298
f 1255 1300 1299
f 1256 1301 1300
f 1257 1302 1303
f 1259 1304 1305
f 1260 1305 1306
f 1261 1292 1304
f 1262 1306 1307
f 1263 1307 1302
f 1267 1310 1309
f 1265 1308 1310
f 1268 1303 1311
f 1270 1311 1308
f 1271 1309 1301
f 1283 1350 1284
f 1284 1354 1285
f 1285 1355 1286
f 1286 1357 1287
f 1287 1359 1288
f 1288 1361 1289
f 1289 1362 1290
f 1290 1364 1291
f 1291 1365 1292
f 1293 1294 1368
f 1294 1295 1369
f 1295 1296 1371
f 1296 1297 1373
f 1297 1298 1375
f 1298 1299 1376
f 1299 1300 1378
f 1300 1301 1379
f 1302 1381 1303
f 1304 1384 1305
f 1305 1386 1306
f 1292 1387 1304
f 1306 1388 1307
f 1302 1307 1389
f 1309 1310 1393
f 1308 1394 1310
f 1303 1395 1311
f 1308 1311 1397
f 1301 1309 1398
f 1090 1312 1313
f 1312 1315 1313
f 1312 1314 1323
f 705 1323 1314
f 1313 1315 1113
f 1312 1323 1315
f 1113 1315 1316
f 1114 1316 1317
f 1114 1317 1318
f 1115 1318 1319
f 1115 1319 1320
f 1320 1329 1277
f 1315 1323 1316
f 1316 1323 1317
f 1317 1324 1318
f 1318 1324 1319
f 1319 1325 1320
f 1320 1325 1329
f 1317 1323 1324
f 1319 1324 1325
f 1325 1399 1329
f 712 1324 1323
f 713 1325 1324
f 714 1399 1325
f 693 1400 1399
f 694 1401 1400
f 695 1402 1401
f 700 1403 1402
f 698 1404 1403
f 697 1405 1404
f 696 1406 1405
f 690 1407 1406
f 692 1408 1407
f 716 1321 1408
f 1321 717 1409
f 1409 717 1322
f 1321 1409 1408
f 1086 1139 1326
f 1139 1352 1326
f 1326 1418 1327
f 1327 1418 1328
f 1277 1329 1330
f 1278 1330 1331
f 1278 1331 1332
f 1279 1332 1333
f 1279 1333 1334
f 1280 1334 1335
f 1280 1335 1336
f 1281 1336 1337
f 1281 1337 1338
f 1281 1338 1339
f 1282 1339 1340
f 1282 1340 1341
f 1272 1341 1342
f 1272 1342 1343
f 1273 1343 1344
f 1273 1344 1345
f 1274 1345 1346
f 1274 1346 1347
f 1275 1347 1348
f 1275 1348 1349
f 1276 1349 1350
f 1329 1399 1330
f 1330 1399 1331
f 1331 1400 1332
f 1332 1400 1333
f 1333 1401 1334
f 1334 1401 1335
f 1335 1402 1336
f 1336 1402 1337
f 1337 1403 1338
f 1338 1404 1339
f 1339 1404 1340
f 1340 1405 1341
f 1341 1405 1342
f 1342 1406 1343
f 1343 1406 1344
f 1344 1407 1345
f 1345 1407 1346
f 1346 1408 1347
f 1347 1408 1348
f 1348 1409 1349
f 1331 1399 1400
f 1333 1400 1401
f 1335 1401 1402
f 1337 1402 1403
f 1338 1403 1404
f 1340 1404 1405
f 1342 1405 1406
f 1344 1406 1407
f 1346 1407 1408
f 1348 1408 1409
f 1349 1409 1350
f 1350 1409 1351
f 1351 1409 1353
f 1326 1352 1418
f 1284 1350 1351
f 1284 1351 1353
f 1293 1367 1352
f 1284 1353 1354
f 1285 1354 1355
f 1286 1355 1356
f 1286 1356 1357
f 1287 1357 1358
f 1287 1358 1359
f 1288 1359 1360
f 1288 1360 1361
f 1289 1361 1362
f 1290 1362 1363
f 1290 1363 1364
f 1291 1364 1365
f 1292 1365 1366
f 1292 1366 1387
f 1293 1368 1367
f 1294 1369 1368
f 1295 1370 1369
f 1295 1371 1370
f 1296 1373 1372
f 1296 1372 1371
f 1297 1375 1373
f 1298 1374 1375
f 1298 1376 1374
f 1299 1377 1376
f 1299 1378 1377
f 1300 1379 1378
f 1301 1380 1379
f 1301 1398 1380
f 1302 1389 1381
f 1303 1382 1395
f 1303 1381 1382
f 1304 1387 1383
f 1304 1383 1384
f 1305 1384 1386
f 1306 1385 1388
f 1306 1386 1385
f 1307 1388 1390
f 1307 1390 1389
f 1308 1397 1391
f 1309 1392 1398
f 1309 1393 1392
f 1310 1394 1393
f 1308 1391 1394
f 1311 1396 1397
f 1311 1395 1396
f 1409 1412 1353
f 1352 1367 1418
f 1353 1412 1354
f 1354 1413 1355
f 1355 1413 1356
f 1356 1414 1357
f 1357 1414 1358
f 1358 1414 1359
f 1359 1414 1360
f 1360 1415 1361
f 1361 1415 1362
f 1362 1416 1363
f 1363 1416 1364
f 1364 1417 1365
f 1365 1417 1366
f 1366 1425 1387
f 1367 1368 1418
f 1368 1369 1419
f 1369 1370 1419
f 1370 1371 1420
f 1372 1373 1420
f 1371 1372 1420
f 1374 1421 1375
f 1373 1375 1421
f 1374 1376 1422
f 1376 1377 1422
f 1377 1378 1422
f 1378 1379 1423
f 1380 1398 1428
f 1379 1380 1423
f 1381 1424 1382
f 1381 1389 1424
f 1383 1387 1425
f 1383 1425 1384
f 1384 1426 1386
f 1385 1386 1426
f 1388 1427 1390
f 1385 1427 1388
f 1389 1390 1427
f 1392 1428 1398
f 1392 1393 1428
f 1391 1429 1394
f 1393 1394 1429
f 1396 1430 1397
f 1382 1430 1395
f 1395 1430 1396
f 1391 1397 1430
f 1354 1412 1413
f 1356 1413 1414
f 1360 1414 1415
f 1362 1415 1416
f 1364 1416 1417
f 1366 1417 1425
f 1368 1419 1418
f 1370 1420 1419
f 1373 1421 1420
f 1374 1422 1421
f 1378 1423 1422
f 1380 1428 1423
f 1382 1424 1430
f 1384 1425 1426
f 1385 1426 1427
f 1389 1427 1424
f 1391 1430 1429
f 1393 1429 1428
f 1409 1410 1412
f 1409 1322 1410
f 1328 1418 1411
f 1412 1433 1413
f 1413 1435 1414
f 1414 1439 1415
f 1415 1441 1416
f 1416 1443 1417
f 1417 1445 1425
f 1418 1419 1447
f 1419 1420 1449
f 1420 1421 1452
f 1421 1422 1453
f 1422 1423 1457
f 1423 1428 1459
f 1424 1461 1430
f 1425 1463 1426
f 1426 1464 1427
f 1424 1427 1468
f 1429 1430 1470
f 1428 1429 1472
f 1410 1431 1412
f 1412 1431 1432
f 1411 1418 1446
f 1412 1432 1433
f 1413 1433 1434
f 1413 1434 1435
f 1414 1435 1436
f 1414 1436 1437
f 1414 1437 1438
f 1414 1438 1439
f 1415 1439 1440
f 1415 1440 1441
f 1416 1441 1442
f 1416 1442 1443
f 1417 1443 1444
f 1417 1444 1445
f 1425 1445 1466
f 1418 1447 1446
f 1419 1448 1447
f 1419 1449 1448
f 1420 1450 1449
f 1420 1452 1451
f 1420 1451 1450
f 1421 1453 1454
f 1421 1454 1452
f 1422 1455 1453
f 1422 1456 1455
f 1422 1457 1456
f 1423 1458 1457
f 1428 1477 1459
f 1423 1459 1458
f 1424 1460 1461
f 1424 1468 1460
f 1425 1466 1462
f 1425 1462 1463
f 1426 1463 1465
f 1426 1465 1464
f 1427 1467 1469
f 1427 1464 1467
f 1427 1469 1468
f 1428 1471 1477
f 1428 1472 1471
f 1429 1470 1473
f 1429 1473 1472
f 1430 1475 1476
f 1430 1461 1474
f 1430 1474 1475
f 1430 1476 1470
f 278 279 1478
f 277 278 1478
f 280 283 1481
f 280 1479 281
f 281 1480 282
f 276 282 1480
f 277 1481 283
f 284 1482 285
f 284 286 1482
f 288 1483 289
f 286 289 1483
f 288 290 1484
f 290 291 1485
f 287 1485 291
f 292 293 1487
f 279 292 1486
f 285 1487 293
f 276 1488 294
f 295 1489 296
f 294 1489 295
f 297 1490 298
f 296 1490 297
f 298 1491 300
f 299 300 1491
f 299 1492 301
f 302 1493 303
f 301 1493 302
f 303 1494 304
f 304 1494 305
f 305 1495 306
f 306 1496 307
f 287 308 1497
f 308 309 1498
f 309 310 1498
f 310 311 1499
f 311 312 1499
f 312 313 1500
f 313 314 1501
f 314 315 1501
f 315 316 1502
f 316 317 1502
f 317 318 1503
f 318 319 1504
f 319 320 1504
f 320 321 1505
f 307 1496 323
f 321 322 1506
f 321 1506 1505
f 276 1480 1488
f 277 1478 1481
f 279 1486 1478
f 280 1481 1479
f 281 1479 1480
f 285 1482 1487
f 286 1483 1482
f 287 1497 1485
f 288 1484 1483
f 290 1485 1484
f 292 1487 1486
f 294 1488 1489
f 296 1489 1490
f 298 1490 1491
f 299 1491 1492
f 301 1492 1493
f 303 1493 1494
f 305 1494 1495
f 306 1495 1496
f 308 1498 1497
f 310 1499 1498
f 312 1500 1499
f 313 1501 1500
f 315 1502 1501
f 317 1503 1502
f 318 1504 1503
f 320 1505 1504
f 1505 1506 1544
f 323 1496 1546
f 322 326 1506
f 326 368 1506
f 1480 1507 1488
f 1478 1508 1481
f 1478 1486 1510
f 1479 1481 1513
f 1479 1511 1480
f 1482 1515 1487
f 1482 1483 1516
f 1485 1497 1517
f 1483 1484 1518
f 1484 1485 1519
f 1486 1487 1521
f 1488 1522 1489
f 1489 1523 1490
f 1490 1525 1491
f 1491 1526 1492
f 1492 1527 1493
f 1493 1529 1494
f 1494 1530 1495
f 1495 1531 1496
f 1497 1498 1533
f 1498 1499 1534
f 1499 1500 1536
f 1500 1501 1537
f 1501 1502 1538
f 1502 1503 1540
f 1503 1504 1541
f 1504 1505 1542
f 1478 1510 1509
f 1478 1509 1508
f 1479 1513 1511
f 1480 1511 1512
f 1480 1512 1507
f 1481 1508 1513
f 1482 1514 1515
f 1482 1516 1514
f 1484 1519 1518
f 1483 1518 1516
f 1485 1520 1519
f 1485 1517 1520
f 1486 1521 1510
f 1487 1515 1521
f 1488 1507 1522
f 1489 1522 1523
f 1490 1524 1525
f 1490 1523 1524
f 1491 1525 1526
f 1492 1526 1527
f 1493 1528 1529
f 1493 1527 1528
f 1494 1529 1530
f 1495 1530 1531
f 1496 1531 1532
f 1497 1533 1517
f 1498 1534 1533
f 1499 1535 1534
f 1499 1536 1535
f 1500 1537 1536
f 1501 1538 1537
f 1502 1539 1538
f 1502 1540 1539
f 1503 1541 1540
f 1504 1542 1541
f 1505 1543 1542
f 1496 1532 1545
f 1505 1544 1543
f 1508 1549 1513
f 1509 1510 1549
f 1508 1509 1549
f 1511 1513 1550
f 1511 1550 1512
f 1507 1512 1550
f 1515 1556 1521
f 1514 1556 1515
f 1516 1518 1556
f 1514 1516 1556
f 1518 1519 1557
f 1519 1520 1557
f 1517 1557 1520
f 1510 1521 1549
f 1507 1550 1522
f 1522 1568 1523
f 1524 1568 1525
f 1523 1568 1524
f 1525 1568 1526
f 1526 1582 1527
f 1528 1582 1529
f 1527 1582 1528
f 1529 1582 1530
f 1530 1584 1531
f 1531 1584 1532
f 1517 1533 1557
f 1533 1534 1610
f 1534 1535 1610
f 1535 1536 1610
f 1536 1537 1610
f 1537 1538 1615
f 1538 1539 1615
f 1539 1540 1615
f 1540 1541 1615
f 1541 1542 1616
f 1542 1543 1616
f 1532 1584 1545
f 1543 1544 1616
f 1496 1545 1546
f 1545 1584 1547
f 1544 1506 1548
f 1544 1548 1616
f 323 1546 329
f 329 1546 1688
f 1545 1547 1546
f 1546 1547 1688
f 1506 1876 1548
f 1506 368 1876
f 1548 1877 1949
f 1513 1549 1550
f 1518 1557 1556
f 1521 1556 1549
f 1522 1550 1568
f 1526 1568 1582
f 1530 1582 1584
f 1533 1610 1557
f 1537 1615 1610
f 1541 1616 1615
f 1551 1552 1550
f 1552 1553 1574
f 1554 1575 1574
f 1549 1551 1550
f 1551 1553 1552
f 1553 1554 1574
f 1554 1555 1575
f 1556 1557 1559
f 1558 1559 1560
f 1556 1559 1558
f 1558 1560 1562
f 1560 1561 1562
f 1549 1558 1551
f 1549 1556 1558
f 1551 1558 1562
f 1551 1562 1553
f 1553 1562 1563
f 1553 1563 1554
f 1554 1564 1555
f 1554 1563 1564
f 1555 1564 1565
f 1561 1563 1562
f 1561 1566 1563
f 1563 1566 1564
f 1564 1567 1565
f 1564 1566 1567
f 1565 1567 1604
f 1550 1552 1568
f 1568 1569 1582
f 1569 1583 1582
f 1552 1574 1569
f 1552 1569 1568
f 1569 1574 1570
f 1570 1575 1571
f 1570 1574 1575
f 1571 1575 1576
f 1569 1570 1583
f 1570 1571 1585
f 1571 1572 1587
f 1571 1576 1572
f 1572 1576 1578
f 1572 1578 1573
f 1573 1578 1579
f 1555 1576 1575
f 1576 1577 1578
f 1555 1577 1576
f 1578 1577 1580
f 1578 1580 1579
f 1579 1580 1581
f 1582 1583 1584
f 1583 1585 1584
f 1570 1585 1583
f 1571 1587 1585
f 1572 1588 1587
f 1573 1589 1588
f 1572 1573 1588
f 1573 1586 1589
f 1586 1591 1589
f 1587 1588 1584
f 1585 1587 1584
f 1586 1590 1591
f 1573 1579 1586
f 1579 1597 1586
f 1586 1597 1590
f 1590 1597 1599
f 1588 1589 1584
f 1589 1591 1584
f 1584 1591 1592
f 1584 1592 1593
f 1590 1592 1591
f 1592 1594 1593
f 1590 1594 1592
f 1593 1594 1596
f 1584 1593 1595
f 1593 1596 1595
f 1590 1599 1594
f 1594 1599 1600
f 1594 1600 1596
f 1579 1581 1597
f 1597 1598 1599
f 1597 1581 1598
f 1599 1601 1600
f 1598 1601 1599
f 1555 1565 1577
f 1565 1602 1577
f 1577 1602 1580
f 1580 1602 1603
f 1580 1603 1581
f 1565 1604 1602
f 1581 1606 1598
f 1598 1607 1601
f 1602 1604 1605
f 1602 1605 1603
f 1603 1605 1608
f 1581 1603 1606
f 1598 1606 1607
f 1603 1608 1606
f 1606 1608 1609
f 1606 1609 1607
f 1557 1611 1559
f 1557 1610 1611
f 1559 1611 1612
f 1559 1612 1560
f 1560 1613 1561
f 1560 1612 1613
f 1561 1613 1614
f 1610 1617 1611
f 1611 1618 1612
f 1610 1615 1617
f 1611 1617 1618
f 1612 1618 1619
f 1612 1619 1613
f 1613 1620 1614
f 1613 1619 1620
f 1561 1614 1566
f 1566 1614 1625
f 1566 1625 1567
f 1614 1620 1626
f 1615 1621 1617
f 1617 1622 1618
f 1618 1623 1619
f 1619 1624 1620
f 1615 1616 1621
f 1617 1621 1622
f 1618 1622 1623
f 1619 1623 1624
f 1620 1624 1628
f 1567 1630 1604
f 1567 1625 1630
f 1614 1626 1625
f 1625 1627 1630
f 1625 1626 1627
f 1620 1628 1626
f 1626 1629 1627
f 1626 1628 1629
f 1604 1631 1605
f 1604 1630 1631
f 1605 1631 1632
f 1630 1634 1631
f 1627 1634 1630
f 1631 1634 1636
f 1605 1632 1608
f 1608 1632 1633
f 1608 1633 1609
f 1631 1636 1632
f 1632 1636 1637
f 1632 1637 1633
f 1627 1635 1634
f 1634 1638 1636
f 1627 1629 1635
f 1634 1635 1638
f 1636 1639 1637
f 1636 1638 1639
f 1584 1595 1642
f 1595 1596 1644
f 1596 1600 1646
f 1600 1601 1648
f 1601 1607 1650
f 1607 1609 1652
f 1609 1633 1654
f 1633 1637 1656
f 1637 1639 1658
f 1639 1640 1660
f 1616 1950 1621
f 1621 1952 1622
f 1622 1954 1623
f 1623 1956 1624
f 1624 1958 1628
f 1628 1960 1629
f 1629 1962 1635
f 1635 1964 1638
f 1638 1966 1639
f 1639 1676 1640
f 1547 1584 1641
f 1584 1642 1641
f 1595 1643 1642
f 1595 1644 1643
f 1596 1645 1644
f 1596 1646 1645
f 1600 1647 1646
f 1600 1648 1647
f 1601 1649 1648
f 1601 1650 1649
f 1607 1651 1650
f 1607 1652 1651
f 1609 1653 1652
f 1609 1654 1653
f 1633 1655 1654
f 1633 1656 1655
f 1637 1657 1656
f 1637 1658 1657
f 1639 1659 1658
f 1639 1660 1659
f 1640 1661 1762
f 1640 1761 1660
f 1640 1677 1661
f 1661 1662 1762
f 1661 1678 1662
f 1662 1663 1773
f 1663 1664 1774
f 1664 1665 1774
f 1665 1666 1771
f 1666 1667 1775
f 1667 1668 1767
f 1668 1669 1770
f 1669 1670 1768
f 1670 1671 1768
f 1671 1672 1764
f 1672 1673 1765
f 1673 1674 1766
f 1674 1675 1777
f 1548 1949 1616
f 1616 1949 1950
f 1621 1950 1951
f 1621 1951 1952
f 1622 1952 1953
f 1622 1953 1954
f 1623 1954 1955
f 1623 1955 1956
f 1624 1956 1957
f 1624 1957 1958
f 1628 1958 1959
f 1628 1959 1960
f 1629 1960 1961
f 1629 1961 1962
f 1635 1962 1963
f 1635 1963 1964
f 1638 1964 1965
f 1638 1965 1966
f 1639 1966 1967
f 1639 1967 1676
f 1640 1676 1968
f 1640 1968 1677
f 1677 1968 1678
f 1661 1677 1678
f 1662 1679 1663
f 1663 1680 1664
f 1664 1972 1665
f 1665 1974 1666
f 1666 1681 1667
f 1667 1682 1668
f 1668 1978 1669
f 1669 1980 1670
f 1670 1683 1671
f 1671 1684 1672
f 1672 1685 1673
f 1673 1686 1674
f 1674 1687 1675
f 1662 1678 1970
f 1675 1987 1776
f 1662 1970 1679
f 1663 1679 1971
f 1663 1971 1680
f 1664 1680 1972
f 1665 1972 1973
f 1665 1973 1974
f 1666 1974 1975
f 1666 1976 1681
f 1666 1975 1976
f 1667 1681 1977
f 1667 1977 1682
f 1668 1682 1978
f 1669 1978 1979
f 1669 1979 1980
f 1670 1980 1981
f 1670 1981 1982
f 1670 1982 1683
f 1671 1683 1983
f 1671 1983 1684
f 1672 1684 1984
f 1672 1984 1685
f 1673 1685 1985
f 1673 1985 1686
f 1674 1686 1986
f 1674 1986 1687
f 1675 1687 2083
f 329 1688 552
f 552 1688 623
f 1547 1641 1689
f 1547 1719 1688
f 1547 1689 1719
f 1688 1690 623
f 623 1690 643
f 643 1690 644
f 644 1691 645
f 645 1692 646
f 646 1692 647
f 647 1693 648
f 648 1693 649
f 649 1694 650
f 650 1695 651
f 651 1695 652
f 652 1696 653
f 653 1696 654
f 654 1697 655
f 655 1698 656
f 656 1698 657
f 657 1699 658
f 658 1699 659
f 659 1700 660
f 660 1701 661
f 661 1701 662
f 662 1702 663
f 663 1702 664
f 664 1703 665
f 665 1703 666
f 666 1704 667
f 667 1705 668
f 668 1705 669
f 669 1706 670
f 670 1706 671
f 671 1707 672
f 672 1708 673
f 673 1708 674
f 674 1709 675
f 675 1710 676
f 676 1710 677
f 677 1711 678
f 678 1711 679
f 679 1712 680
f 680 1713 681
f 681 1713 682
f 682 1714 683
f 683 1714 684
f 684 1715 685
f 685 1716 686
f 686 1716 687
f 687 1717 688
f 688 1718 689
f 688 1717 1718
f 644 1690 1691
f 645 1691 1692
f 647 1692 1693
f 649 1693 1694
f 650 1694 1695
f 652 1695 1696
f 654 1696 1697
f 655 1697 1698
f 657 1698 1699
f 659 1699 1700
f 660 1700 1701
f 662 1701 1702
f 664 1702 1703
f 666 1703 1704
f 667 1704 1705
f 669 1705 1706
f 671 1706 1707
f 672 1707 1708
f 674 1708 1709
f 675 1709 1710
f 677 1710 1711
f 679 1711 1712
f 680 1712 1713
f 682 1713 1714
f 684 1714 1715
f 685 1715 1716
f 687 1716 1717
f 689 1718 701
f 701 1718 715
f 1688 1719 1690
f 1719 1689 1778
f 1719 1720 1690
f 1690 1721 1691
f 1691 1722 1692
f 1692 1723 1693
f 1693 1725 1694
f 1694 1726 1695
f 1695 1727 1696
f 1696 1729 1697
f 1697 1730 1698
f 1698 1731 1699
f 1699 1733 1700
f 1700 1734 1701
f 1701 1735 1702
f 1702 1737 1703
f 1703 1738 1704
f 1704 1739 1705
f 1705 1741 1706
f 1706 1742 1707
f 1707 1743 1708
f 1708 1745 1709
f 1709 1746 1710
f 1710 1747 1711
f 1711 1749 1712
f 1712 1750 1713
f 1713 1751 1714
f 1714 1753 1715
f 1715 1754 1716
f 1716 1755 1717
f 1690 1720 1721
f 1691 1721 1722
f 1692 1722 1723
f 1693 1723 1724
f 1693 1724 1725
f 1694 1725 1726
f 1695 1726 1727
f 1696 1727 1728
f 1696 1728 1729
f 1697 1729 1730
f 1698 1730 1731
f 1699 1731 1732
f 1699 1732 1733
f 1700 1733 1734
f 1701 1734 1735
f 1702 1735 1736
f 1702 1736 1737
f 1703 1737 1738
f 1704 1738 1739
f 1705 1739 1740
f 1705 1740 1741
f 1706 1741 1742
f 1707 1742 1743
f 1708 1743 1744
f 1708 1744 1745
f 1709 1745 1746
f 1710 1746 1747
f 1711 1747 1748
f 1711 1748 1749
f 1712 1749 1750
f 1713 1750 1751
f 1714 1751 1752
f 1714 1752 1753
f 1715 1753 1754
f 1716 1754 1755
f 1717 1755 1756
f 1717 1757 1718
f 1717 1756 1757
f 1719 1778 1720
f 1720 1778 1721
f 1721 1778 1722
f 1722 1779 1723
f 1723 1779 1724
f 1724 1779 1725
f 1725 1779 1726
f 1726 1788 1727
f 1727 1788 1728
f 1728 1788 1729
f 1729 1788 1730
f 1730 1803 1731
f 1731 1803 1732
f 1732 1803 1733
f 1733 1803 1734
f 1734 1804 1735
f 1735 1804 1736
f 1736 1804 1737
f 1737 1804 1738
f 1738 1813 1739
f 1739 1813 1740
f 1740 1813 1741
f 1741 1813 1742
f 1742 1814 1743
f 1743 1814 1744
f 1744 1814 1745
f 1745 1814 1746
f 1746 1846 1747
f 1747 1846 1748
f 1748 1846 1749
f 1749 1846 1750
f 1750 1852 1751
f 1751 1852 1752
f 1752 1852 1753
f 1753 1852 1754
f 1754 1853 1755
f 1755 1853 1756
f 1756 1853 1757
f 1757 1758 1718
f 1757 1853 1758
f 1758 1853 1760
f 1718 1759 715
f 1718 1758 1759
f 715 1759 1322
f 1758 2098 1759
f 1758 1760 2098
f 1659 1660 1761
f 1640 1762 1761
f 1641 1642 1778
f 1642 1643 1780
f 1643 1644 1780
f 1644 1645 1781
f 1645 1646 1781
f 1646 1647 1784
f 1647 1648 1784
f 1648 1649 1785
f 1649 1650 1785
f 1650 1651 1796
f 1651 1652 1796
f 1652 1653 1798
f 1653 1654 1798
f 1654 1655 1818
f 1655 1656 1818
f 1656 1657 1828
f 1657 1658 1828
f 1658 1659 1834
f 1641 1778 1689
f 1659 1761 1834
f 1761 1762 1763
f 1761 1763 1869
f 1662 1772 1762
f 1672 1765 1764
f 1673 1766 1765
f 1662 1773 1772
f 1663 1774 1773
f 1665 1771 1774
f 1666 1775 1771
f 1667 1767 1775
f 1668 1770 1769
f 1668 1769 1767
f 1669 1768 1770
f 1671 1764 1768
f 1674 1777 1766
f 1675 1776 1777
f 1762 1772 1763
f 1763 1772 1870
f 1642 1780 1778
f 1644 1781 1780
f 1646 1784 1781
f 1648 1785 1784
f 1650 1796 1785
f 1652 1798 1796
f 1654 1818 1798
f 1656 1828 1818
f 1658 1834 1828
f 1722 1778 1779
f 1726 1779 1788
f 1730 1788 1803
f 1734 1803 1804
f 1738 1804 1813
f 1742 1813 1814
f 1746 1814 1846
f 1750 1846 1852
f 1754 1852 1853
f 1778 1780 1782
f 1780 1781 1783
f 1781 1784 1786
f 1778 1782 1779
f 1780 1783 1782
f 1782 1783 1790
f 1781 1786 1783
f 1784 1785 1787
f 1784 1787 1786
f 1783 1786 1791
f 1786 1787 1794
f 1779 1782 1789
f 1779 1789 1788
f 1782 1790 1789
f 1783 1791 1790
f 1788 1789 1805
f 1789 1790 1792
f 1788 1805 1803
f 1786 1794 1791
f 1789 1792 1805
f 1790 1791 1793
f 1790 1793 1792
f 1791 1795 1793
f 1785 1797 1787
f 1787 1800 1794
f 1791 1794 1795
f 1794 1801 1795
f 1793 1795 1809
f 1795 1802 1809
f 1785 1796 1797
f 1787 1797 1800
f 1796 1799 1797
f 1796 1798 1799
f 1797 1817 1800
f 1797 1799 1817
f 1800 1817 1822
f 1794 1800 1801
f 1800 1822 1801
f 1795 1801 1802
f 1802 1862 1809
f 1803 1805 1806
f 1792 1807 1805
f 1803 1806 1804
f 1805 1807 1806
f 1792 1793 1808
f 1792 1808 1807
f 1793 1809 1808
f 1807 1808 1812
f 1806 1807 1811
f 1804 1806 1815
f 1804 1815 1813
f 1806 1811 1815
f 1807 1812 1811
f 1808 1809 1810
f 1808 1810 1812
f 1809 1862 1810
f 1811 1812 1848
f 1813 1815 1816
f 1811 1847 1815
f 1813 1816 1814
f 1815 1847 1816
f 1811 1848 1847
f 1798 1819 1799
f 1798 1818 1819
f 1799 1819 1820
f 1799 1820 1817
f 1817 1820 1821
f 1817 1821 1822
f 1818 1828 1829
f 1818 1829 1819
f 1819 1830 1820
f 1819 1829 1830
f 1821 1824 1822
f 1820 1831 1821
f 1821 1832 1824
f 1801 1822 1823
f 1822 1824 1823
f 1801 1823 1802
f 1802 1823 1826
f 1802 1826 1862
f 1823 1824 1825
f 1823 1825 1826
f 1825 1839 1826
f 1826 1827 1862
f 1826 1839 1827
f 1820 1830 1831
f 1828 1834 1829
f 1829 1834 1830
f 1830 1834 1831
f 1831 1834 1832
f 1821 1831 1832
f 1824 1833 1825
f 1824 1832 1833
f 1825 1833 1835
f 1835 1836 1839
f 1832 1834 1833
f 1833 1834 1835
f 1834 1836 1835
f 1834 1837 1836
f 1836 1837 1840
f 1834 1838 1837
f 1825 1835 1839
f 1836 1840 1839
f 1827 1839 1840
f 1827 1840 1841
f 1840 1842 1841
f 1841 1842 1866
f 1837 1842 1840
f 1837 1838 1842
f 1838 1843 1842
f 1842 1843 1866
f 1843 1867 1866
f 1810 1863 1844
f 1810 1844 1812
f 1812 1844 1848
f 1844 1845 1848
f 1844 1864 1845
f 1816 1847 1851
f 1847 1848 1849
f 1847 1849 1851
f 1814 1816 1850
f 1814 1850 1846
f 1816 1851 1850
f 1845 1849 1848
f 1845 1854 1849
f 1851 1849 1855
f 1850 1851 1856
f 1846 1850 1857
f 1846 1857 1852
f 1850 1856 1857
f 1845 1865 1854
f 1868 1858 1854
f 1849 1854 1855
f 1854 1858 1855
f 1852 1857 1860
f 1856 1861 1857
f 1851 1855 1856
f 1856 1855 1859
f 1855 1858 1859
f 1852 1860 1853
f 1857 1861 1860
f 1856 1859 1861
f 1810 1862 1863
f 1827 1863 1862
f 1844 1863 1864
f 1827 1841 1863
f 1841 1864 1863
f 1841 1866 1864
f 1864 1866 1865
f 1864 1865 1845
f 1865 1866 1867
f 1865 1867 1868
f 1865 1868 1854
f 1761 2194 1834
f 1834 2195 1838
f 1838 2197 1843
f 1843 2199 1867
f 1858 2203 1859
f 1853 1860 2204
f 1860 1861 2206
f 1861 1859 2208
f 1867 2210 1868
f 1868 2212 1858
f 1761 1869 2169
f 1869 2171 2169
f 1763 2171 1869
f 1763 1870 2171
f 1764 1765 2178
f 1776 2173 1777
f 1766 1777 2175
f 1765 1766 2176
f 1767 1769 1872
f 1772 1773 1873
f 1773 1774 1874
f 1771 1775 2188
f 1774 1771 2191
f 1767 1875 1775
f 1764 2180 1768
f 1768 1871 1770
f 1769 1770 2185
f 1772 2189 1870
f 1776 2172 2173
f 1766 2175 2177
f 1777 2173 2174
f 1777 2174 2175
f 1765 2176 2179
f 1766 2177 2176
f 1765 2179 2178
f 1767 1872 2184
f 1767 2184 1875
f 1768 2180 1871
f 1764 2178 2181
f 1764 2181 2180
f 1770 1871 2182
f 1770 2182 2183
f 1770 2183 2185
f 1769 2185 1872
f 1771 2186 2191
f 1771 2188 2186
f 1775 2187 2188
f 1772 1873 2189
f 1773 2190 1873
f 1773 1874 2190
f 1774 2191 1874
f 1775 1875 2192
f 1775 2192 2187
f 1870 2189 2171
f 1761 2169 2193
f 1761 2193 2194
f 1853 2200 1760
f 1834 2194 2195
f 1838 2195 2196
f 1838 2196 2197
f 1843 2197 2198
f 1843 2198 2199
f 1867 2199 2209
f 1853 2204 2200
f 1858 2212 2201
f 1858 2201 2203
f 1859 2203 2202
f 1860 2205 2204
f 1861 2207 2206
f 1860 2206 2205
f 1859 2202 2208
f 1861 2208 2207
f 1867 2209 2210
f 1868 2210 2211
f 1868 2211 2212
f 368 962 1876
f 962 1878 1876
f 1876 1878 1907
f 1548 1876 1907
f 1548 1907 1877
f 962 1018 1878
f 1018 1038 1878
f 1038 1039 1878
f 1039 1879 1878
f 1039 1040 1879
f 1040 1041 1880
f 1041 1042 1881
f 1042 1043 1881
f 1043 1044 1882
f 1044 1045 1882
f 1045 1046 1883
f 1046 1047 1883
f 1047 1048 1884
f 1048 1049 1885
f 1049 1050 1885
f 1050 1051 1886
f 1051 1052 1887
f 1052 1053 1887
f 1053 1054 1888
f 1054 1055 1888
f 1055 1056 1889
f 1056 1057 1890
f 1057 1058 1890
f 1058 1059 1891
f 1059 1060 1891
f 1060 1061 1892
f 1061 1062 1892
f 1062 1063 1893
f 1063 1064 1894
f 1064 1065 1894
f 1065 1066 1895
f 1066 1067 1896
f 1067 1068 1896
f 1068 1069 1897
f 1069 1070 1897
f 1070 1071 1898
f 1071 1072 1898
f 1072 1073 1899
f 1073 1074 1900
f 1074 1075 1900
f 1075 1076 1901
f 1076 1077 1901
f 1077 1078 1902
f 1078 1079 1903
f 1079 1080 1903
f 1080 1081 1904
f 1081 1082 1905
f 1082 1083 1905
f 1083 1084 1906
f 1084 1085 1906
f 1878 1879 1908
f 1040 1880 1879
f 1041 1881 1880
f 1043 1882 1881
f 1045 1883 1882
f 1047 1884 1883
f 1048 1885 1884
f 1050 1886 1885
f 1051 1887 1886
f 1053 1888 1887
f 1055 1889 1888
f 1056 1890 1889
f 1058 1891 1890
f 1060 1892 1891
f 1062 1893 1892
f 1063 1894 1893
f 1065 1895 1894
f 1066 1896 1895
f 1068 1897 1896
f 1070 1898 1897
f 1072 1899 1898
f 1073 1900 1899
f 1075 1901 1900
f 1077 1902 1901
f 1078 1903 1902
f 1080 1904 1903
f 1081 1905 1904
f 1083 1906 1905
f 1085 1947 1906
f 1878 1908 1907
f 1907 1989 1877
f 1907 1908 1989
f 1879 1909 1908
f 1879 1880 1910
f 1880 1881 1911
f 1881 1882 1912
f 1882 1883 1914
f 1883 1884 1915
f 1884 1885 1916
f 1885 1886 1918
f 1886 1887 1919
f 1887 1888 1920
f 1888 1889 1922
f 1889 1890 1923
f 1890 1891 1924
f 1891 1892 1926
f 1892 1893 1927
f 1893 1894 1928
f 1894 1895 1930
f 1895 1896 1931
f 1896 1897 1932
f 1897 1898 1934
f 1898 1899 1935
f 1899 1900 1936
f 1900 1901 1938
f 1901 1902 1939
f 1902 1903 1940
f 1903 1904 1942
f 1904 1905 1943
f 1905 1906 1944
f 1879 1910 1909
f 1880 1911 1910
f 1881 1912 1911
f 1882 1913 1912
f 1882 1914 1913
f 1883 1915 1914
f 1884 1916 1915
f 1885 1917 1916
f 1885 1918 1917
f 1886 1919 1918
f 1887 1920 1919
f 1888 1921 1920
f 1888 1922 1921
f 1889 1923 1922
f 1890 1924 1923
f 1891 1925 1924
f 1891 1926 1925
f 1892 1927 1926
f 1893 1928 1927
f 1894 1929 1928
f 1894 1930 1929
f 1895 1931 1930
f 1896 1932 1931
f 1897 1933 1932
f 1897 1934 1933
f 1898 1935 1934
f 1899 1936 1935
f 1900 1937 1936
f 1900 1938 1937
f 1901 1939 1938
f 1902 1940 1939
f 1903 1941 1940
f 1903 1942 1941
f 1904 1943 1942
f 1905 1944 1943
f 1906 1945 1944
f 1906 1946 1945
f 1908 1909 1989
f 1909 1910 1989
f 1910 1911 1989
f 1911 1912 1990
f 1912 1913 1990
f 1913 1914 1990
f 1914 1915 1990
f 1915 1916 1999
f 1916 1917 1999
f 1917 1918 1999
f 1918 1919 1999
f 1919 1920 2041
f 1920 1921 2041
f 1921 1922 2041
f 1922 1923 2041
f 1923 1924 2042
f 1924 1925 2042
f 1925 1926 2042
f 1926 1927 2042
f 1927 1928 2051
f 1928 1929 2051
f 1929 1930 2051
f 1930 1931 2051
f 1931 1932 2052
f 1932 1933 2052
f 1933 1934 2052
f 1934 1935 2052
f 1935 1936 2057
f 1936 1937 2057
f 1937 1938 2057
f 1938 1939 2057
f 1939 1940 2063
f 1940 1941 2063
f 1941 1942 2063
f 1942 1943 2063
f 1943 1944 2064
f 1944 1945 2064
f 1945 1946 2064
f 1906 1947 1946
f 1946 1948 2064
f 1085 1087 1947
f 1087 2099 1947
f 1946 1947 1948
f 1947 2099 1948
f 1949 1989 1950
f 1950 1991 1951
f 1951 1991 1952
f 1952 1992 1953
f 1953 1992 1954
f 1954 1993 1955
f 1955 1993 1956
f 1956 1994 1957
f 1957 1994 1958
f 1958 2007 1959
f 1959 2007 1960
f 1960 2008 1961
f 1961 2008 1962
f 1962 2014 1963
f 1963 2014 1964
f 1964 2019 1965
f 1965 2019 1966
f 1966 2023 1967
f 1949 1877 1989
f 1676 1967 2080
f 1676 2080 1968
f 1678 1968 1969
f 1968 2080 1969
f 1678 1988 1970
f 1680 1971 2086
f 1679 1970 2085
f 1679 2085 1971
f 1680 2086 1972
f 1972 2086 1973
f 1974 1973 2087
f 1974 2087 1975
f 1681 1976 2092
f 1975 2088 1976
f 1681 2092 1977
f 1682 1977 2090
f 1682 2090 1978
f 1978 2090 1979
f 1979 2089 1980
f 1980 2089 1981
f 1981 2091 1982
f 1683 1982 2095
f 1683 2095 1983
f 1684 1983 2094
f 1685 1984 2093
f 1684 2094 1984
f 1686 1985 2082
f 1686 2082 1986
f 1685 2093 1985
f 1687 1986 2083
f 1675 2083 1987
f 1678 1969 2096
f 1678 2096 1988
f 1970 1988 2084
f 1977 2092 2090
f 1981 2089 2091
f 1979 2090 2089
f 1982 2091 2095
f 1973 2086 2087
f 1975 2087 2088
f 1970 2084 2085
f 1971 2085 2086
f 1976 2088 2092
f 1984 2094 2093
f 1985 2093 2082
f 1986 2082 2083
f 1983 2095 2094
f 1987 2083 2233
f 1950 1989 1991
f 1952 1991 1992
f 1954 1992 1993
f 1956 1993 1994
f 1958 1994 2007
f 1960 2007 2008
f 1962 2008 2014
f 1964 2014 2019
f 1966 2019 2023
f 1967 2023 2080
f 1911 1990 1989
f 1915 1999 1990
f 1919 2041 1999
f 1923 2042 2041
f 1927 2051 2042
f 1931 2052 2051
f 1935 2057 2052
f 1939 2063 2057
f 1943 2064 2063
f 1989 1990 1991
f 1991 1995 1992
f 1992 1996 1993
f 1993 1997 1994
f 1991 1990 1995
f 1992 1995 1996
f 1996 1997 1993
f 1996 2001 1997
f 1994 1997 1998
f 1997 2002 1998
f 1994 1998 2007
f 1998 2005 2010
f 1990 1999 1995
f 1995 1999 2000
f 1995 2000 1996
f 1996 2000 2001
f 2001 2002 1997
f 1998 2002 2005
f 2002 2004 2005
f 1999 2041 2000
f 2000 2043 2001
f 2000 2041 2043
f 2001 2043 2003
f 2001 2003 2002
f 2003 2004 2002
f 2005 2006 2011
f 2004 2006 2005
f 2004 2046 2006
f 2006 2046 2047
f 2012 2006 2047
f 1998 2010 2007
f 2007 2010 2008
f 2008 2010 2009
f 2010 2005 2011
f 2009 2010 2011
f 2009 2011 2016
f 2011 2012 2016
f 2012 2030 2016
f 2011 2006 2012
f 2012 2013 2030
f 2012 2047 2013
f 2008 2009 2014
f 2009 2015 2014
f 2014 2015 2019
f 2015 2020 2019
f 2015 2017 2020
f 2009 2016 2015
f 2015 2016 2017
f 2016 2030 2017
f 2017 2030 2018
f 2017 2018 2021
f 2018 2032 2022
f 2019 2020 2023
f 2017 2021 2020
f 2020 2021 2023
f 2021 2022 2023
f 2022 2024 2023
f 2023 2024 2025
f 2018 2022 2021
f 2022 2032 2024
f 2024 2033 2025
f 2024 2032 2033
f 2025 2036 2026
f 2023 2025 2026
f 2023 2026 2027
f 2023 2027 2028
f 2023 2028 2029
f 2026 2037 2027
f 2018 2030 2031
f 2013 2031 2030
f 2018 2031 2032
f 2031 2034 2032
f 2032 2034 2033
f 2013 2073 2031
f 2031 2073 2034
f 2034 2073 2074
f 2033 2034 2035
f 2034 2074 2035
f 2025 2033 2036
f 2026 2036 2037
f 2033 2035 2036
f 2027 2038 2028
f 2027 2037 2038
f 2028 2038 2039
f 2028 2039 2029
f 2035 2040 2036
f 2036 2040 2037
f 2037 2040 2076
f 2037 2076 2038
f 2038 2077 2039
f 2038 2076 2077
f 2003 2043 2044
f 2041 2042 2043
f 2043 2042 2044
f 2003 2044 2045
f 2003 2045 2004
f 2004 2045 2046
f 2013 2047 2048
f 2046 2050 2047
f 2047 2050 2048
f 2044 2053 2045
f 2042 2051 2044
f 2044 2051 2053
f 2045 2053 2049
f 2045 2049 2046
f 2049 2050 2046
f 2048 2050 2059
f 2049 2058 2050
f 2051 2052 2053
f 2049 2053 2054
f 2049 2054 2058
f 2053 2052 2054
f 2050 2058 2059
f 2048 2055 2073
f 2048 2059 2055
f 2074 2055 2056
f 2055 2060 2056
f 2075 2056 2065
f 2078 2065 2067
f 2054 2061 2058
f 2055 2059 2060
f 2058 2062 2059
f 2062 2060 2059
f 2056 2060 2066
f 2052 2057 2054
f 2054 2057 2061
f 2058 2061 2062
f 2061 2070 2062
f 2057 2063 2061
f 2061 2063 2070
f 2062 2069 2060
f 2056 2066 2065
f 2069 2066 2060
f 2065 2066 2068
f 2065 2068 2067
f 2062 2070 2069
f 2063 2064 2070
f 2069 2070 2071
f 2069 2072 2066
f 2070 2064 2071
f 2069 2071 2072
f 2072 2068 2066
f 2013 2048 2073
f 2073 2055 2074
f 2035 2074 2075
f 2074 2056 2075
f 2035 2075 2040
f 2040 2078 2076
f 2040 2075 2078
f 2076 2079 2077
f 2076 2078 2079
f 2075 2065 2078
f 2078 2067 2079
f 2023 2081 2080
f 2023 2029 2214
f 2029 2039 2216
f 2039 2077 2218
f 2067 2068 2222
f 2064 2223 2071
f 2071 2225 2072
f 2072 2227 2068
f 2077 2079 2229
f 2079 2067 2231
f 1969 2080 2096
f 2023 2213 2081
f 1948 2219 2064
f 2023 2214 2213
f 2029 2215 2214
f 2029 2216 2215
f 2039 2217 2216
f 2039 2218 2217
f 2077 2228 2218
f 2064 2219 2223
f 2067 2220 2231
f 2067 2222 2220
f 2068 2221 2222
f 2071 2223 2224
f 2072 2225 2226
f 2071 2224 2225
f 2068 2227 2221
f 2072 2226 2227
f 2077 2229 2228
f 2079 2230 2229
f 2079 2231 2230
f 2080 2097 2096
f 2080 2081 2232
f 2080 2232 2097
f 2084 2096 2097
f 1988 2096 2084
f 2082 2233 2083
f 2082 2093 2234
f 2091 2237 2095
f 2084 2244 2085
f 2086 2245 2087
f 2088 2087 2242
f 2086 2085 2245
f 2089 2239 2091
f 2089 2090 2239
f 2090 2092 2241
f 2088 2246 2092
f 2084 2097 2243
f 2093 2094 2235
f 2094 2095 2236
f 1759 2101 1322
f 1759 2098 2101
f 1760 2200 2098
f 1087 1328 2099
f 1328 1411 2099
f 1948 2100 2219
f 1948 2099 2130
f 1948 2130 2100
f 1322 2101 1410
f 1410 2101 1431
f 2099 1411 2111
f 1431 2101 1432
f 1432 2101 2102
f 1411 1446 2111
f 1432 2102 1433
f 1433 2103 1434
f 1434 2104 1435
f 1435 2104 1436
f 1436 2105 1437
f 1437 2105 1438
f 1438 2106 1439
f 1439 2106 1440
f 1440 2107 1441
f 1441 2108 1442
f 1442 2108 1443
f 1443 2109 1444
f 1444 2110 1445
f 1445 2110 1466
f 1446 1447 2111
f 1447 1448 2112
f 1448 1449 2113
f 1449 1450 2113
f 1451 1452 2114
f 1450 1451 2114
f 1452 1454 2115
f 1453 2116 1454
f 1453 1455 2116
f 1455 1456 2117
f 1456 1457 2117
f 1457 1458 2118
f 1458 1459 2119
f 1459 1477 2119
f 1460 1468 2120
f 1461 2121 1474
f 1460 2121 1461
f 1462 1466 2122
f 1462 2122 1463
f 1463 2123 1465
f 1464 2124 1467
f 1464 1465 2124
f 1467 2125 1469
f 1468 1469 2125
f 1470 1476 2126
f 1471 2127 1477
f 1471 1472 2127
f 1472 1473 2128
f 1470 2126 1473
f 1475 2129 1476
f 1474 2129 1475
f 1433 2102 2103
f 1434 2103 2104
f 1436 2104 2105
f 1438 2105 2106
f 1440 2106 2107
f 1441 2107 2108
f 1443 2108 2109
f 1444 2109 2110
f 1447 2112 2111
f 1448 2113 2112
f 1450 2114 2113
f 1452 2115 2114
f 1454 2116 2115
f 1455 2117 2116
f 1457 2118 2117
f 1458 2119 2118
f 1460 2120 2121
f 1463 2122 2123
f 1465 2123 2124
f 1466 2110 2122
f 1467 2124 2125
f 1468 2125 2120
f 1472 2128 2127
f 1473 2126 2128
f 1474 2121 2129
f 1476 2129 2126
f 1477 2127 2119
f 2098 2131 2101
f 2098 2275 2131
f 2099 2111 2130
f 2130 2302 2100
f 2101 2131 2102
f 2102 2131 2132
f 2130 2111 2143
f 2102 2133 2103
f 2103 2134 2104
f 2104 2135 2105
f 2105 2137 2106
f 2106 2138 2107
f 2107 2139 2108
f 2108 2141 2109
f 2109 2142 2110
f 2111 2112 2144
f 2112 2113 2145
f 2113 2114 2146
f 2114 2115 2148
f 2115 2116 2149
f 2116 2117 2150
f 2117 2118 2152
f 2118 2119 2153
f 2120 2154 2121
f 2122 2156 2123
f 2123 2157 2124
f 2110 2158 2122
f 2124 2159 2125
f 2120 2125 2160
f 2127 2128 2164
f 2126 2162 2128
f 2121 2165 2129
f 2126 2129 2167
f 2119 2127 2168
f 2102 2132 2133
f 2103 2133 2134
f 2104 2134 2135
f 2105 2135 2136
f 2105 2136 2137
f 2106 2137 2138
f 2107 2138 2139
f 2108 2139 2140
f 2108 2140 2141
f 2109 2141 2142
f 2110 2142 2158
f 2111 2144 2143
f 2112 2145 2144
f 2113 2146 2145
f 2114 2148 2147
f 2114 2147 2146
f 2115 2149 2148
f 2116 2150 2149
f 2117 2151 2150
f 2117 2152 2151
f 2118 2153 2152
f 2119 2168 2153
f 2121 2154 2165
f 2120 2160 2154
f 2122 2158 2155
f 2122 2155 2156
f 2124 2157 2159
f 2123 2156 2157
f 2125 2159 2161
f 2125 2161 2160
f 2126 2167 2162
f 2127 2163 2168
f 2127 2164 2163
f 2128 2162 2164
f 2129 2166 2167
f 2129 2165 2166
f 2131 2275 2132
f 2130 2143 2302
f 2132 2275 2133
f 2133 2275 2134
f 2134 2276 2135
f 2135 2276 2136
f 2136 2276 2137
f 2137 2276 2138
f 2138 2287 2139
f 2139 2287 2140
f 2140 2287 2141
f 2141 2287 2142
f 2142 2331 2158
f 2143 2144 2302
f 2144 2145 2302
f 2145 2146 2303
f 2147 2148 2303
f 2146 2147 2303
f 2148 2149 2303
f 2149 2150 2312
f 2150 2151 2312
f 2151 2152 2312
f 2152 2153 2312
f 2153 2168 2335
f 2154 2160 2332
f 2155 2158 2331
f 2155 2331 2156
f 2156 2331 2157
f 2159 2332 2161
f 2157 2332 2159
f 2160 2161 2332
f 2163 2335 2168
f 2163 2164 2335
f 2162 2335 2164
f 2166 2336 2167
f 2154 2336 2165
f 2165 2336 2166
f 2162 2167 2336
f 2169 2171 2170
f 2169 2170 2232
f 1776 1987 2233
f 1776 2233 2172
f 2172 2234 2173
f 2173 2234 2174
f 2174 2235 2175
f 2175 2235 2177
f 2176 2177 2236
f 2176 2236 2179
f 2178 2179 2237
f 1871 2180 2238
f 2178 2237 2181
f 2181 2238 2180
f 1871 2238 2182
f 2182 2239 2183
f 1872 2240 2184
f 1875 2184 2241
f 2183 2240 2185
f 1872 2185 2240
f 2188 2187 2242
f 2186 2188 2242
f 1874 2245 2190
f 1873 2244 2189
f 1873 2190 2244
f 1874 2191 2245
f 2191 2186 2245
f 1875 2241 2192
f 2192 2246 2187
f 2170 2171 2247
f 2171 2189 2243
f 2172 2233 2234
f 2174 2234 2235
f 2177 2235 2236
f 2179 2236 2237
f 2181 2237 2238
f 2182 2238 2239
f 2183 2239 2240
f 2184 2240 2241
f 2186 2242 2245
f 2187 2246 2242
f 2189 2244 2243
f 2190 2245 2244
f 2192 2241 2246
f 2169 2232 2193
f 2193 2248 2194
f 2194 2248 2195
f 2195 2249 2196
f 2196 2249 2197
f 2197 2259 2198
f 2198 2259 2199
f 2199 2293 2209
f 2200 2204 2275
f 2212 2277 2201
f 2201 2277 2203
f 2203 2278 2202
f 2204 2205 2279
f 2206 2207 2280
f 2206 2279 2205
f 2208 2202 2278
f 2208 2280 2207
f 2209 2293 2210
f 2210 2295 2211
f 2211 2295 2212
f 2098 2200 2275
f 2170 2247 2232
f 2081 2213 2232
f 2213 2248 2232
f 2213 2214 2248
f 2214 2215 2254
f 2215 2216 2254
f 2216 2217 2264
f 2217 2218 2264
f 2218 2228 2318
f 2223 2219 2302
f 2231 2220 2304
f 2220 2222 2304
f 2222 2221 2305
f 2223 2308 2224
f 2225 2309 2226
f 2225 2224 2308
f 2227 2305 2221
f 2227 2226 2309
f 2228 2229 2318
f 2229 2230 2320
f 2230 2231 2320
f 2219 2100 2302
f 2097 2232 2247
f 2082 2234 2233
f 2093 2235 2234
f 2094 2236 2235
f 2095 2237 2236
f 2091 2238 2237
f 2084 2243 2244
f 2085 2244 2245
f 2087 2245 2242
f 2091 2239 2238
f 2090 2240 2239
f 2090 2241 2240
f 2092 2246 2241
f 2088 2242 2246
f 2171 2243 2247
f 2097 2247 2243
f 2193 2232 2248
f 2195 2248 2249
f 2197 2249 2259
f 2199 2259 2293
f 2203 2277 2278
f 2204 2279 2275
f 2206 2280 2279
f 2208 2278 2280
f 2210 2293 2295
f 2212 2295 2277
f 2214 2254 2248
f 2216 2264 2254
f 2218 2318 2264
f 2222 2305 2304
f 2223 2302 2308
f 2225 2308 2309
f 2227 2309 2305
f 2229 2320 2318
f 2231 2304 2320
f 2134 2275 2276
f 2138 2276 2287
f 2142 2287 2331
f 2145 2303 2302
f 2149 2312 2303
f 2153 2335 2312
f 2154 2332 2336
f 2157 2331 2332
f 2162 2336 2335
f 2248 2258 2257
f 2248 2251 2249
f 2248 2252 2251
f 2248 2250 2252
f 2248 2257 2250
f 2250 2261 2252
f 2248 2254 2255
f 2248 2256 2253
f 2248 2255 2256
f 2248 2253 2258
f 2255 2266 2256
f 2250 2257 2262
f 2253 2270 2258
f 2253 2256 2267
f 2257 2258 2269
f 2258 2270 2269
f 2249 2251 2259
f 2251 2252 2260
f 2251 2260 2259
f 2252 2261 2260
f 2259 2260 2293
f 2260 2261 2294
f 2260 2294 2293
f 2250 2262 2261
f 2257 2269 2262
f 2262 2269 2271
f 2261 2262 2263
f 2261 2263 2294
f 2262 2271 2263
f 2254 2265 2255
f 2255 2265 2266
f 2254 2264 2265
f 2256 2266 2267
f 2253 2267 2270
f 2264 2319 2265
f 2264 2318 2319
f 2265 2268 2266
f 2266 2274 2267
f 2266 2268 2274
f 2265 2319 2268
f 2269 2270 2272
f 2267 2273 2270
f 2270 2273 2272
f 2269 2272 2271
f 2271 2272 2298
f 2267 2274 2273
f 2273 2274 2324
f 2272 2273 2299
f 2272 2299 2298
f 2273 2324 2299
f 2296 2281 2277
f 2281 2297 2285
f 2277 2281 2278
f 2275 2279 2284
f 2279 2280 2283
f 2280 2278 2282
f 2278 2281 2282
f 2281 2285 2282
f 2283 2282 2288
f 2275 2284 2276
f 2279 2283 2284
f 2283 2290 2284
f 2280 2282 2283
f 2298 2286 2285
f 2285 2286 2288
f 2299 2325 2286
f 2286 2325 2292
f 2282 2285 2288
f 2284 2290 2289
f 2276 2284 2289
f 2276 2289 2287
f 2283 2288 2290
f 2289 2291 2333
f 2286 2292 2288
f 2290 2288 2292
f 2290 2292 2291
f 2287 2289 2333
f 2289 2290 2291
f 2287 2333 2331
f 2293 2294 2295
f 2294 2296 2295
f 2295 2296 2277
f 2263 2296 2294
f 2263 2271 2297
f 2263 2297 2296
f 2296 2297 2281
f 2271 2298 2297
f 2297 2298 2285
f 2298 2299 2286
f 2299 2324 2325
f 2320 2304 2306
f 2321 2306 2300
f 2323 2301 2326
f 2322 2300 2301
f 2301 2330 2326
f 2300 2315 2301
f 2301 2315 2330
f 2304 2305 2307
f 2304 2307 2306
f 2306 2307 2313
f 2302 2303 2308
f 2308 2311 2309
f 2309 2310 2305
f 2308 2303 2311
f 2309 2311 2310
f 2310 2307 2305
f 2310 2317 2307
f 2300 2306 2313
f 2300 2313 2315
f 2317 2313 2307
f 2314 2317 2337
f 2314 2315 2313
f 2314 2313 2317
f 2310 2316 2317
f 2303 2312 2311
f 2311 2312 2316
f 2310 2311 2316
f 2312 2335 2316
f 2316 2337 2317
f 2316 2335 2337
f 2318 2321 2319
f 2318 2320 2321
f 2268 2319 2322
f 2319 2321 2322
f 2320 2306 2321
f 2321 2300 2322
f 2268 2323 2274
f 2268 2322 2323
f 2274 2323 2324
f 2322 2301 2323
f 2323 2326 2324
f 2324 2326 2325
f 2325 2326 2328
f 2326 2330 2328
f 2292 2325 2328
f 2291 2328 2327
f 2327 2328 2330
f 2315 2329 2330
f 2327 2329 2334
f 2329 2338 2334
f 2332 2334 2338
f 2332 2338 2336
f 2327 2330 2329
f 2291 2327 2333
f 2331 2333 2334
f 2331 2334 2332
f 2327 2334 2333
f 2291 2292 2328
f 2337 2336 2338
f 2314 2338 2329
f 2314 2337 2338
f 2335 2336 2337
f 2314 2329 2315
f 165 370 166
f 166 370 203
f 203 370 754
f 754 370 918
f 918 370 920
f 918 920 919
f 370 1137 920