{
  "0": {
    "assembled_to_canonical_wxyz": [
      0.7071067811865476,
      0.0,
      0.7071067811865475,
      0.0
    ],
    "canonical_to_assembled_wxyz": [
      0.7071067811865476,
      -0.0,
      -0.7071067811865475,
      -0.0
    ],
    "original_centroid": [
      -0.0057467960751880305,
      -1.6259849844558587e-06,
      0.050884882806255576
    ],
    "canonical_extents": [
      0.14366025,
      0.12,
      0.10892305000000002
    ],
    "assembled_extents": [
      0.10892305,
      0.12,
      0.14366025
    ]
  },
  "1": {
    "assembled_to_canonical_wxyz": [
      0.7071067811865476,
      0.0,
      0.0,
      0.7071067811865475
    ],
    "canonical_to_assembled_wxyz": [
      0.7071067811865476,
      -0.0,
      -0.0,
      -0.7071067811865475
    ],
    "original_centroid": [
      0.004638283586131726,
      3.489346084647449e-09,
      0.12184453051374264
    ],
    "canonical_extents": [
      0.12,
      0.10642305,
      0.07091661
    ],
    "assembled_extents": [
      0.10642304999999999,
      0.12,
      0.07091660999999999
    ]
  },
  "2": {
    "assembled_to_canonical_wxyz": [
      0.5000000000000001,
      0.5,
      0.4999999999999999,
      0.5
    ],
    "canonical_to_assembled_wxyz": [
      0.5000000000000001,
      -0.5,
      -0.4999999999999999,
      -0.5
    ],
    "original_centroid": [
      -0.02997531920239753,
      0.023725474985434196,
      0.14419271511045706
    ],
    "canonical_extents": [
      0.03976648000000001,
      0.03212719,
      0.023090330000000003
    ],
    "assembled_extents": [
      0.03212719,
      0.02309033,
      0.03976647999999999
    ]
  },
  "3": {
    "assembled_to_canonical_wxyz": [
      0.5000000000000001,
      0.5,
      0.4999999999999999,
      0.5
    ],
    "canonical_to_assembled_wxyz": [
      0.5000000000000001,
      -0.5,
      -0.4999999999999999,
      -0.5
    ],
    "original_centroid": [
      0.04129918904100075,
      -0.023725474340130222,
      0.10304235849257805
    ],
    "canonical_extents": [
      0.03976648999999999,
      0.03212718999999999,
      0.023090330000000003
    ],
    "assembled_extents": [
      0.03212719,
      0.02309033,
      0.03976648999999999
    ]
  },
  "4": {
    "assembled_to_canonical_wxyz": [
      0.5000000000000001,
      0.5,
      0.4999999999999999,
      0.5
    ],
    "canonical_to_assembled_wxyz": [
      0.5000000000000001,
      -0.5,
      -0.4999999999999999,
      -0.5
    ],
    "original_centroid": [
      0.005637413454215355,
      0.047499994534877674,
      0.1236316973503181
    ],
    "canonical_extents": [
      0.03986652,
      0.032343739999999996,
      0.02304597000000001
    ],
    "assembled_extents": [
      0.03234374,
      0.02304597,
      0.039866520000000016
    ]
  },
  "5": {
    "assembled_to_canonical_wxyz": [
      0.5000000000000001,
      0.5,
      0.4999999999999999,
      0.5
    ],
    "canonical_to_assembled_wxyz": [
      0.5000000000000001,
      -0.5,
      -0.4999999999999999,
      -0.5
    ],
    "original_centroid": [
      0.005686457349711812,
      -0.047499993042502034,
      0.12360337998222037
    ],
    "canonical_extents": [
      0.039845420000000006,
      0.03229815999999999,
      0.02305983
    ],
    "assembled_extents": [
      0.03229816,
      0.023059830000000003,
      0.03984542000000002
    ]
  },
  "6": {
    "assembled_to_canonical_wxyz": [
      0.5000000000000001,
      0.5,
      0.4999999999999999,
      0.5
    ],
    "canonical_to_assembled_wxyz": [
      0.5000000000000001,
      -0.5,
      -0.4999999999999999,
      -0.5
    ],
    "original_centroid": [
      0.041274666654037465,
      0.023774518853294162,
      0.10305651719760518
    ],
    "canonical_extents": [
      0.03976648999999999,
      0.03212718,
      0.023090340000000004
    ],
    "assembled_extents": [
      0.032127180000000005,
      0.02309034,
      0.03976648999999999
    ]
  },
  "7": {
    "assembled_to_canonical_wxyz": [
      0.5000000000000001,
      0.5,
      0.4999999999999999,
      0.5
    ],
    "canonical_to_assembled_wxyz": [
      0.5000000000000001,
      -0.5,
      -0.4999999999999999,
      -0.5
    ],
    "original_centroid": [
      -0.029950797239176728,
      -0.0237745180524394,
      0.1441785605984749
    ],
    "canonical_extents": [
      0.03984506,
      0.03229738,
      0.023060040000000004
    ],
    "assembled_extents": [
      0.03229738,
      0.023060040000000004,
      0.03984505999999999
    ]
  }
}