{
    "start_pose": [
        0.135,
        -0.015971,
        0.547474,
        0.0,
        0.0,
        0.0,
        1.0
    ],
    "goals": [
        [
            0.135,
            -0.015971,
            0.59165,
            0.0,
            0.0,
            0.0,
            1.0
        ],
        [
            0.135,
            -0.015971,
            0.635825,
            0.0,
            0.0,
            0.0,
            1.0
        ],
        [
            0.135,
            -0.015971,
            0.68,
            0.0,
            0.0,
            0.0,
            1.0
        ],
        [
            0.089441,
            -0.025493,
            0.68,
            0.183013,
            0.183013,
            0.0,
            0.965926
        ],
        [
            0.043882,
            -0.035015,
            0.68,
            0.353553,
            0.353553,
            0.0,
            0.866025
        ],
        [
            -0.001676,
            -0.044537,
            0.68,
            0.5,
            0.5,
            0.0,
            0.707107
        ],
        [
            -0.047235,
            -0.054059,
            0.68,
            0.612372,
            0.612372,
            0.0,
            0.5
        ],
        [
            -0.092794,
            -0.063581,
            0.68,
            0.683013,
            0.683013,
            0.0,
            0.258819
        ],
        [
            -0.138353,
            -0.073103,
            0.68,
            0.707107,
            0.707107,
            0.0,
            0.0
        ],
        [
            -0.138353,
            -0.073103,
            0.589397,
            -0.707107,
            -0.707107,
            -0.0,
            0.0
        ],
        [
            -0.138353,
            -0.027802,
            0.589397,
            -0.707107,
            -0.707107,
            -0.0,
            0.0
        ],
        [
            -0.138353,
            0.0175,
            0.589397,
            -0.707107,
            -0.707107,
            -0.0,
            0.0
        ]
    ]
}
