{
    "start_pose": [
        0.135,
        -0.018212,
        0.565458,
        0.0,
        0.0,
        0.0,
        1.0
    ],
    "goals": [
        [
            0.135,
            -0.018212,
            0.578185,
            0.0,
            0.0,
            0.0,
            1.0
        ],
        [
            0.135,
            -0.018212,
            0.616366,
            0.0,
            0.0,
            0.0,
            1.0
        ],
        [
            0.135,
            -0.018212,
            0.68,
            0.0,
            0.0,
            0.0,
            1.0
        ],
        [
            0.119113,
            -0.0139,
            0.68,
            0.0,
            0.0,
            -0.058145,
            0.998308
        ],
        [
            0.079397,
            -0.00312,
            0.68,
            0.0,
            0.0,
            -0.202218,
            0.979341
        ],
        [
            0.027765,
            0.010894,
            0.68,
            0.0,
            0.0,
            -0.382683,
            0.92388
        ],
        [
            -0.023866,
            0.024908,
            0.68,
            0.0,
            0.0,
            -0.549509,
            0.835488
        ],
        [
            -0.063583,
            0.035688,
            0.68,
            0.0,
            0.0,
            -0.664796,
            0.747025
        ],
        [
            -0.07947,
            0.04,
            0.68,
            -0.0,
            -0.0,
            -0.707107,
            0.707107
        ],
        [
            -0.07947,
            0.04,
            0.675994,
            -0.0,
            -0.0,
            -0.707107,
            0.707107
        ],
        [
            -0.07947,
            0.04,
            0.673591,
            -0.0,
            -0.0,
            -0.707107,
            0.707107
        ],
        [
            -0.07947,
            0.04,
            0.67279,
            -0.0,
            -0.0,
            -0.707107,
            0.707107
        ]
    ]
}
