{
    "start_pose": [
        0.185,
        -0.02597,
        0.547474,
        0.0,
        0.0,
        0.0,
        1.0
    ],
    "goals": [
        [
            0.185,
            -0.02597,
            0.567755,
            0.0,
            0.0,
            0.0,
            1.0
        ],
        [
            0.185,
            -0.02597,
            0.628597,
            0.0,
            0.0,
            0.0,
            1.0
        ],
        [
            0.185,
            -0.02597,
            0.73,
            0.0,
            0.0,
            0.0,
            1.0
        ],
        [
            0.161045,
            -0.029195,
            0.719897,
            0.0,
            0.0,
            0.0,
            1.0
        ],
        [
            0.101158,
            -0.037257,
            0.694641,
            0.0,
            0.0,
            0.0,
            1.0
        ],
        [
            0.023304,
            -0.047738,
            0.661808,
            0.0,
            0.0,
            0.0,
            1.0
        ],
        [
            -0.054549,
            -0.058219,
            0.628974,
            0.0,
            0.0,
            0.0,
            1.0
        ],
        [
            -0.114437,
            -0.066281,
            0.603718,
            0.0,
            0.0,
            0.0,
            1.0
        ],
        [
            -0.138392,
            -0.069506,
            0.593615,
            -0.0,
            -0.0,
            -0.0,
            1.0
        ],
        [
            -0.138392,
            -0.025061,
            0.593615,
            -0.0,
            -0.0,
            -0.0,
            1.0
        ],
        [
            -0.138392,
            0.001605,
            0.593615,
            -0.0,
            -0.0,
            -0.0,
            1.0
        ],
        [
            -0.138392,
            0.010494,
            0.593615,
            -0.0,
            -0.0,
            -0.0,
            1.0
        ]
    ]
}
