{
  "mode": "val",
  "tol_min_mm": 0.1,
  "tol_max_mm": 0.5,
  "tolerance_pool_m": [
    0.0001009418410831131,
    0.00010114792530657724,
    0.00010402033512946218,
    0.00010453530558152124,
    0.00010657963866833597,
    0.00011055553477490321,
    0.000110621091153007,
    0.00011402572272345424,
    0.00011858664220198989,
    0.00012049986980855465,
    0.00012407694885041565,
    0.00012611398415174335,
    0.00012687996786553413,
    0.00012741258251480758,
    0.000129506312077865,
    0.0001303123717661947,
    0.00013329577632248402,
    0.0001360597525490448,
    0.0001361237809760496,
    0.00013874236901756376,
    0.00014058995293453336,
    0.00014139401901047677,
    0.0001484682725276798,
    0.00015198485925793648,
    0.00015252784942276776,
    0.00015257237828336656,
    0.00015543599147349596,
    0.00015614880248904228,
    0.0001570353051647544,
    0.00015740703383926302,
    0.00016290112398564816,
    0.00016518127813469619,
    0.0001664908922975883,
    0.00017000925436150283,
    0.00018290117441210896,
    0.0001844612561399117,
    0.0001892217987915501,
    0.00019132155284751207,
    0.0001932048035087064,
    0.00019696920935530216,
    0.00019745422468986362,
    0.000197648027096875,
    0.00020748247334267944,
    0.0002094411465805024,
    0.00021372274204622954,
    0.00021729612490162253,
    0.00021834031213074923,
    0.00022705043375026435,
    0.00022756004182156175,
    0.00022790190996602178,
    0.0002294650039402768,
    0.00023413592134602368,
    0.00023776396119501442,
    0.00023894687183201313,
    0.00024218625912908465,
    0.00025825234479270875,
    0.00025968567933887243,
    0.0002682075137272477,
    0.00027277253684587777,
    0.00027705106185749173,
    0.00027981659513898194,
    0.0002807172713801265,
    0.00028270893380977213,
    0.00028944670339114964,
    0.0002956162206828594,
    0.000300328858429566,
    0.0003042452735826373,
    0.0003185628156643361,
    0.0003210749418940395,
    0.00032133550848811865,
    0.00033456645905971527,
    0.00033600482856854796,
    0.00033626609365455806,
    0.00034448501537553966,
    0.00034904241329059005,
    0.0003549418179318309,
    0.0003557034069672227,
    0.00036377133801579475,
    0.0003653500461950898,
    0.00037401969893835485,
    0.000377564545487985,
    0.0003783782012760639,
    0.00037891280953772366,
    0.00038109757588244975,
    0.0003837406693492085,
    0.0003864132449962199,
    0.00039442532579414546,
    0.00039607551298104227,
    0.0003999551699962467,
    0.0004098954959772527,
    0.0004158647498115897,
    0.000422065204475075,
    0.0004376869183033705,
    0.0004389503155834973,
    0.0004603387205861509,
    0.00046168483095243573,
    0.00047007756074890494,
    0.00047160350368358195,
    0.00047637478564865887,
    0.0004847366944886744
  ],
  "tolerance_pool_mm": [
    0.10094184428453445,
    0.10114792734384537,
    0.10402033478021622,
    0.1045353040099144,
    0.10657963901758194,
    0.11055553704500198,
    0.11062109470367432,
    0.11402571946382523,
    0.11858664453029633,
    0.1204998716711998,
    0.1240769475698471,
    0.12611398100852966,
    0.1268799751996994,
    0.1274125874042511,
    0.12950630486011505,
    0.13031236827373505,
    0.13329577445983887,
    0.1360597461462021,
    0.13612377643585205,
    0.1387423723936081,
    0.14058995246887207,
    0.1413940191268921,
    0.1484682708978653,
    0.15198485553264618,
    0.15252785384655,
    0.1525723785161972,
    0.15543599426746368,
    0.15614880621433258,
    0.15703530609607697,
    0.1574070304632187,
    0.1629011183977127,
    0.16518127918243408,
    0.16649089753627777,
    0.17000925540924072,
    0.18290117383003235,
    0.18446125090122223,
    0.1892217993736267,
    0.19132155179977417,
    0.19320480525493622,
    0.19696921110153198,
    0.19745422899723053,
    0.1976480334997177,
    0.2074824720621109,
    0.209441140294075,
    0.21372273564338684,
    0.21729612350463867,
    0.21834030747413635,
    0.22705043852329254,
    0.22756004333496094,
    0.2279019057750702,
    0.22946500778198242,
    0.2341359257698059,
    0.23776395618915558,
    0.23894686996936798,
    0.2421862632036209,
    0.25825235247612,
    0.2596856653690338,
    0.26820752024650574,
    0.27277255058288574,
    0.27705106139183044,
    0.279816597700119,
    0.28071728348731995,
    0.28270894289016724,
    0.28944671154022217,
    0.2956162095069885,
    0.3003288507461548,
    0.304245263338089,
    0.3185628056526184,
    0.3210749328136444,
    0.32133549451828003,
    0.33456647396087646,
    0.3360048234462738,
    0.33626610040664673,
    0.34448501467704773,
    0.3490424156188965,
    0.35494181513786316,
    0.3557034134864807,
    0.36377134919166565,
    0.36535003781318665,
    0.37401971220970154,
    0.37756454944610596,
    0.3783782124519348,
    0.3789128065109253,
    0.38109758496284485,
    0.3837406635284424,
    0.38641324639320374,
    0.39442533254623413,
    0.3960755169391632,
    0.3999551832675934,
    0.40989550948143005,
    0.4158647358417511,
    0.42206519842147827,
    0.4376869201660156,
    0.4389503300189972,
    0.4603387117385864,
    0.46168482303619385,
    0.4700775742530823,
    0.47160351276397705,
    0.4763747751712799,
    0.48473668098449707
  ]
}
