{
    "start_pose": [
        0.209999,
        0.085288,
        0.538749,
        0.0,
        0.0,
        0.0,
        1.0
    ],
    "goals": [
        [
            0.209999,
            0.085288,
            0.585832,
            0.0,
            0.0,
            0.0,
            1.0
        ],
        [
            0.209999,
            0.085288,
            0.632916,
            0.0,
            0.0,
            0.0,
            1.0
        ],
        [
            0.209999,
            0.085288,
            0.68,
            0.0,
            0.0,
            0.0,
            1.0
        ],
        [
            0.156471,
            0.07774,
            0.68,
            0.100256,
            0.100256,
            -0.100256,
            0.984808
        ],
        [
            0.102942,
            0.070192,
            0.68,
            0.197465,
            0.197465,
            -0.197465,
            0.939693
        ],
        [
            0.049413,
            0.062644,
            0.68,
            0.288675,
            0.288675,
            -0.288675,
            0.866025
        ],
        [
            -0.004115,
            0.055096,
            0.68,
            0.371114,
            0.371114,
            -0.371114,
            0.766044
        ],
        [
            -0.057644,
            0.047548,
            0.68,
            0.442276,
            0.442276,
            -0.442276,
            0.642788
        ],
        [
            -0.111173,
            0.04,
            0.68,
            0.5,
            0.5,
            -0.5,
            0.5
        ],
        [
            -0.111173,
            0.04,
            0.64275,
            0.5,
            0.5,
            -0.5,
            0.5
        ],
        [
            -0.111173,
            0.04,
            0.6055,
            0.5,
            0.5,
            -0.5,
            0.5
        ],
        [
            -0.111173,
            0.04,
            0.56825,
            0.5,
            0.5,
            -0.5,
            0.5
        ]
    ]
}
