{
  "board_1_0": {
    "assembled_to_canonical_wxyz": [
      0.0,
      0.7071067811865475,
      0.7071067811865475,
      0.0
    ],
    "original_centroid": [
      0.0,
      0.0,
      0.025
    ],
    "canonical_extents": [
      0.23,
      0.23,
      0.05
    ]
  },
  "board_1_1": {
    "assembled_to_canonical_wxyz": [
      0.7071067811865475,
      0.0,
      0.7071067811865475,
      0.0
    ],
    "original_centroid": [
      -0.068,
      0.0,
      0.055
    ],
    "canonical_extents": [
      0.09999999999999999,
      0.1,
      0.03
    ]
  },
  "board_1_2": {
    "assembled_to_canonical_wxyz": [
      0.7071067811865475,
      -0.7071067811865475,
      -0.0,
      -0.0
    ],
    "original_centroid": [
      0.0,
      0.0,
      0.058499999999999996
    ],
    "canonical_extents": [
      0.2,
      0.037000000000000005,
      0.037
    ]
  },
  "board_1_3": {
    "assembled_to_canonical_wxyz": [
      0.5,
      -0.5,
      0.5,
      0.5
    ],
    "original_centroid": [
      0.0,
      0.0,
      0.055
    ],
    "canonical_extents": [
      0.161,
      0.09999999999999999,
      0.03
    ]
  },
  "board_1_4": {
    "assembled_to_canonical_wxyz": [
      0.7071067811865475,
      0.0,
      0.7071067811865475,
      0.0
    ],
    "original_centroid": [
      0.068,
      0.0,
      0.055
    ],
    "canonical_extents": [
      0.09999999999999999,
      0.1,
      0.03
    ]
  }
}