{
    "start_pose": [
        0.1806,
        0.03873,
        0.53635,
        0.0,
        0.0,
        0.0,
        1.0
    ],
    "goals": [
        [
            0.1806,
            0.03873,
            0.584233,
            0.0,
            0.0,
            0.0,
            1.0
        ],
        [
            0.1806,
            0.03873,
            0.632117,
            0.0,
            0.0,
            0.0,
            1.0
        ],
        [
            0.1806,
            0.03873,
            0.68,
            0.0,
            0.0,
            0.0,
            1.0
        ],
        [
            0.129758,
            0.038942,
            0.68,
            0.100256,
            -0.100256,
            -0.100256,
            0.984808
        ],
        [
            0.078917,
            0.039153,
            0.68,
            0.197465,
            -0.197465,
            -0.197465,
            0.939693
        ],
        [
            0.028075,
            0.039365,
            0.68,
            0.288675,
            -0.288675,
            -0.288675,
            0.866025
        ],
        [
            -0.022767,
            0.039577,
            0.68,
            0.371114,
            -0.371114,
            -0.371114,
            0.766044
        ],
        [
            -0.073608,
            0.039788,
            0.68,
            0.442276,
            -0.442276,
            -0.442276,
            0.642788
        ],
        [
            -0.12445,
            0.04,
            0.68,
            0.5,
            -0.5,
            -0.5,
            0.5
        ],
        [
            -0.12445,
            0.04,
            0.653713,
            0.5,
            -0.5,
            -0.5,
            0.5
        ],
        [
            -0.12445,
            0.04,
            0.627426,
            0.5,
            -0.5,
            -0.5,
            0.5
        ],
        [
            -0.12445,
            0.04,
            0.601139,
            0.5,
            -0.5,
            -0.5,
            0.5
        ]
    ]
}
