{
    "start_pose": [
        0.135,
        -0.075971,
        0.547474,
        0.0,
        0.0,
        0.0,
        1.0
    ],
    "goals": [
        [
            0.135,
            -0.075971,
            0.59165,
            0.0,
            0.0,
            0.0,
            1.0
        ],
        [
            0.135,
            -0.075971,
            0.635825,
            0.0,
            0.0,
            0.0,
            1.0
        ],
        [
            0.135,
            -0.075971,
            0.68,
            0.0,
            0.0,
            0.0,
            1.0
        ],
        [
            0.108751,
            -0.075493,
            0.68,
            0.183013,
            0.183013,
            0.0,
            0.965926
        ],
        [
            0.082502,
            -0.075015,
            0.68,
            0.353553,
            0.353553,
            0.0,
            0.866025
        ],
        [
            0.056254,
            -0.074537,
            0.68,
            0.5,
            0.5,
            0.0,
            0.707107
        ],
        [
            0.030005,
            -0.074059,
            0.68,
            0.612372,
            0.612372,
            0.0,
            0.5
        ],
        [
            0.003756,
            -0.073581,
            0.68,
            0.683013,
            0.683013,
            0.0,
            0.258819
        ],
        [
            -0.022493,
            -0.073103,
            0.68,
            0.707107,
            0.707107,
            0.0,
            0.0
        ],
        [
            -0.022493,
            -0.073103,
            0.589397,
            -0.707107,
            -0.707107,
            -0.0,
            0.0
        ],
        [
            -0.022493,
            -0.027802,
            0.589397,
            -0.707107,
            -0.707107,
            -0.0,
            0.0
        ],
        [
            -0.022493,
            0.0175,
            0.589397,
            -0.707107,
            -0.707107,
            -0.0,
            0.0
        ]
    ]
}
