{
    "start_pose": [
        0.135,
        0.044416,
        0.551361,
        0.0,
        0.0,
        0.0,
        1.0
    ],
    "goals": [
        [
            0.135,
            0.044416,
            0.565655,
            0.0,
            0.0,
            0.0,
            1.0
        ],
        [
            0.135,
            0.044416,
            0.608534,
            0.0,
            0.0,
            0.0,
            1.0
        ],
        [
            0.135,
            0.044416,
            0.68,
            0.0,
            0.0,
            0.0,
            1.0
        ],
        [
            0.119074,
            0.044014,
            0.68,
            0.04474,
            -0.04474,
            -0.04474,
            0.996993
        ],
        [
            0.079259,
            0.043009,
            0.68,
            0.15483,
            -0.15483,
            -0.15483,
            0.963371
        ],
        [
            0.0275,
            0.041702,
            0.68,
            0.288675,
            -0.288675,
            -0.288675,
            0.866025
        ],
        [
            -0.024259,
            0.040395,
            0.68,
            0.404271,
            -0.404271,
            -0.404271,
            0.71393
        ],
        [
            -0.064074,
            0.03939,
            0.68,
            0.476126,
            -0.476126,
            -0.476126,
            0.565607
        ],
        [
            -0.08,
            0.038987,
            0.68,
            0.5,
            -0.5,
            -0.5,
            0.5
        ],
        [
            -0.08,
            0.038987,
            0.628892,
            0.5,
            -0.5,
            -0.5,
            0.5
        ],
        [
            -0.08,
            0.038987,
            0.598227,
            0.5,
            -0.5,
            -0.5,
            0.5
        ],
        [
            -0.08,
            0.038987,
            0.588005,
            0.5,
            -0.5,
            -0.5,
            0.5
        ]
    ]
}
