{
    "start_pose": [
        0.135,
        0.075288,
        0.5475,
        0.0,
        0.0,
        0.707107,
        0.707107
    ],
    "goals": [
        [
            0.135,
            0.075288,
            0.562222,
            0.0,
            0.0,
            0.707107,
            0.707107
        ],
        [
            0.135,
            0.075288,
            0.606389,
            0.0,
            0.0,
            0.707107,
            0.707107
        ],
        [
            0.135,
            0.075288,
            0.68,
            0.0,
            0.0,
            0.707107,
            0.707107
        ],
        [
            0.119048,
            0.072674,
            0.68,
            0.0,
            0.0,
            0.664796,
            0.747025
        ],
        [
            0.079167,
            0.066139,
            0.68,
            0.0,
            0.0,
            0.549509,
            0.835488
        ],
        [
            0.027322,
            0.057644,
            0.68,
            0.0,
            0.0,
            0.382683,
            0.92388
        ],
        [
            -0.024523,
            0.049149,
            0.68,
            0.0,
            0.0,
            0.202218,
            0.979341
        ],
        [
            -0.064404,
            0.042614,
            0.68,
            0.0,
            0.0,
            0.058145,
            0.998308
        ],
        [
            -0.080356,
            0.04,
            0.68,
            -0.0,
            -0.0,
            -0.0,
            1.0
        ],
        [
            -0.080356,
            0.04,
            0.6068,
            -0.0,
            -0.0,
            -0.0,
            1.0
        ],
        [
            -0.080356,
            0.04,
            0.56288,
            -0.0,
            -0.0,
            -0.0,
            1.0
        ],
        [
            -0.080356,
            0.04,
            0.54824,
            -0.0,
            -0.0,
            -0.0,
            1.0
        ]
    ]
}
