{
    "start_pose": [
        0.135,
        0.13347,
        0.5525,
        0.0,
        0.0,
        0.0,
        1.0
    ],
    "goals": [
        [
            0.135,
            0.13347,
            0.566667,
            0.0,
            0.0,
            0.0,
            1.0
        ],
        [
            0.135,
            0.13347,
            0.609167,
            0.0,
            0.0,
            0.0,
            1.0
        ],
        [
            0.135,
            0.13347,
            0.68,
            0.0,
            0.0,
            0.0,
            1.0
        ],
        [
            0.119366,
            0.126547,
            0.68,
            -0.058145,
            0.0,
            0.0,
            0.998308
        ],
        [
            0.080282,
            0.109237,
            0.68,
            -0.202218,
            0.0,
            0.0,
            0.979341
        ],
        [
            0.029473,
            0.086735,
            0.68,
            -0.382683,
            0.0,
            0.0,
            0.92388
        ],
        [
            -0.021336,
            0.064233,
            0.68,
            -0.549509,
            0.0,
            0.0,
            0.835488
        ],
        [
            -0.06042,
            0.046924,
            0.68,
            -0.664796,
            0.0,
            0.0,
            0.747025
        ],
        [
            -0.076054,
            0.04,
            0.68,
            -0.707107,
            -0.0,
            -0.0,
            0.707107
        ],
        [
            -0.076054,
            0.04,
            0.613333,
            -0.707107,
            -0.0,
            -0.0,
            0.707107
        ],
        [
            -0.076054,
            0.04,
            0.573333,
            -0.707107,
            -0.0,
            -0.0,
            0.707107
        ],
        [
            -0.076054,
            0.04,
            0.56,
            -0.707107,
            -0.0,
            -0.0,
            0.707107
        ]
    ]
}
