{
    "start_pose": [
        0.165,
        0.057285,
        0.539,
        0.0,
        0.0,
        0.0,
        1.0
    ],
    "goals": [
        [
            0.165,
            0.057285,
            0.586,
            0.0,
            0.0,
            0.0,
            1.0
        ],
        [
            0.165,
            0.057285,
            0.633,
            0.0,
            0.0,
            0.0,
            1.0
        ],
        [
            0.165,
            0.057285,
            0.68,
            0.0,
            0.0,
            0.0,
            1.0
        ],
        [
            0.119686,
            0.049923,
            0.68,
            0.100256,
            0.100256,
            -0.100256,
            0.984808
        ],
        [
            0.074372,
            0.042562,
            0.68,
            0.197465,
            0.197465,
            -0.197465,
            0.939693
        ],
        [
            0.029058,
            0.0352,
            0.68,
            0.288675,
            0.288675,
            -0.288675,
            0.866025
        ],
        [
            -0.016256,
            0.027839,
            0.68,
            0.371114,
            0.371114,
            -0.371114,
            0.766044
        ],
        [
            -0.06157,
            0.020478,
            0.68,
            0.442276,
            0.442276,
            -0.442276,
            0.642788
        ],
        [
            -0.106884,
            0.013116,
            0.68,
            0.5,
            0.5,
            -0.5,
            0.5
        ],
        [
            -0.106884,
            0.013116,
            0.646333,
            0.5,
            0.5,
            -0.5,
            0.5
        ],
        [
            -0.106884,
            0.013116,
            0.612667,
            0.5,
            0.5,
            -0.5,
            0.5
        ],
        [
            -0.106884,
            0.013116,
            0.579,
            0.5,
            0.5,
            -0.5,
            0.5
        ]
    ]
}
