{
  "0": {
    "assembled_to_canonical_wxyz": [
      1.0,
      0.0,
      0.0,
      0.0
    ],
    "canonical_to_assembled_wxyz": [
      1.0,
      -0.0,
      -0.0,
      -0.0
    ],
    "original_centroid": [
      -0.056058833551013404,
      0.02950584566286023,
      0.05939677580791987
    ],
    "canonical_extents": [
      0.034999999999999996,
      0.035,
      0.0349487
    ],
    "assembled_extents": [
      0.035,
      0.035,
      0.0349487
    ]
  },
  "1": {
    "assembled_to_canonical_wxyz": [
      0.7071067811865476,
      0.7071067811865475,
      0.0,
      0.0
    ],
    "canonical_to_assembled_wxyz": [
      0.7071067811865476,
      -0.7071067811865475,
      -0.0,
      -0.0
    ],
    "original_centroid": [
      0.00023275503319986727,
      -5.3726363377528675e-19,
      0.0747464129586677
    ],
    "canonical_extents": [
      0.1709663,
      0.06194100000000001,
      0.05000000000000002
    ],
    "assembled_extents": [
      0.1709663,
      0.05,
      0.061940999999999996
    ]
  },
  "2": {
    "assembled_to_canonical_wxyz": [
      0.7071067811865476,
      0.7071067811865475,
      0.0,
      0.0
    ],
    "canonical_to_assembled_wxyz": [
      0.7071067811865476,
      -0.7071067811865475,
      -0.0,
      -0.0
    ],
    "original_centroid": [
      0.006278949999999999,
      1.1908493889921682e-19,
      0.02578168418646041
    ],
    "canonical_extents": [
      0.1584084,
      0.06,
      0.04500000000000001
    ],
    "assembled_extents": [
      0.1584084,
      0.045,
      0.06
    ]
  },
  "3": {
    "assembled_to_canonical_wxyz": [
      1.0,
      0.0,
      0.0,
      0.0
    ],
    "canonical_to_assembled_wxyz": [
      1.0,
      -0.0,
      -0.0,
      -0.0
    ],
    "original_centroid": [
      0.05980114587094932,
      -0.029505844935686466,
      0.05939677580839315
    ],
    "canonical_extents": [
      0.034999999999999996,
      0.035,
      0.0349487
    ],
    "assembled_extents": [
      0.035,
      0.035,
      0.0349487
    ]
  },
  "4": {
    "assembled_to_canonical_wxyz": [
      1.0,
      0.0,
      0.0,
      0.0
    ],
    "canonical_to_assembled_wxyz": [
      1.0,
      -0.0,
      -0.0,
      -0.0
    ],
    "original_centroid": [
      -0.05605883355101355,
      -0.02950584566286053,
      0.05939677580791987
    ],
    "canonical_extents": [
      0.034999999999999996,
      0.035,
      0.0349487
    ],
    "assembled_extents": [
      0.035,
      0.035,
      0.0349487
    ]
  },
  "5": {
    "assembled_to_canonical_wxyz": [
      1.0,
      0.0,
      0.0,
      0.0
    ],
    "canonical_to_assembled_wxyz": [
      1.0,
      -0.0,
      -0.0,
      -0.0
    ],
    "original_centroid": [
      0.05980114587094938,
      0.02950584493568628,
      0.05939677580839309
    ],
    "canonical_extents": [
      0.034999999999999996,
      0.035,
      0.0349487
    ],
    "assembled_extents": [
      0.035,
      0.035,
      0.0349487
    ]
  }
}