{
  "0": {
    "assembled_to_canonical_wxyz": [
      0.0,
      0.7071067811865475,
      0.7071067811865475,
      0.0
    ],
    "original_centroid": [
      -0.05605884999999999,
      0.0225,
      0.05939675
    ],
    "canonical_extents": [
      0.035,
      0.035,
      0.0349487
    ]
  },
  "1": {
    "assembled_to_canonical_wxyz": [
      0.7071067811865475,
      -0.7071067811865475,
      -0.0,
      -0.0
    ],
    "original_centroid": [
      0.0,
      0.0,
      0.0809705
    ],
    "canonical_extents": [
      0.1709663,
      0.061940999999999996,
      0.05
    ]
  },
  "2": {
    "assembled_to_canonical_wxyz": [
      0.7071067811865475,
      -0.7071067811865475,
      -0.0,
      -0.0
    ],
    "original_centroid": [
      0.006278949999999998,
      0.0,
      0.03
    ],
    "canonical_extents": [
      0.1584084,
      0.06,
      0.045
    ]
  },
  "3": {
    "assembled_to_canonical_wxyz": [
      0.0,
      0.7071067811865475,
      0.7071067811865475,
      0.0
    ],
    "original_centroid": [
      0.05980115,
      -0.0225,
      0.05939675
    ],
    "canonical_extents": [
      0.035,
      0.035,
      0.0349487
    ]
  },
  "4": {
    "assembled_to_canonical_wxyz": [
      0.0,
      0.7071067811865475,
      0.7071067811865475,
      0.0
    ],
    "original_centroid": [
      -0.05605884999999999,
      -0.0225,
      0.05939675
    ],
    "canonical_extents": [
      0.035,
      0.035,
      0.0349487
    ]
  },
  "5": {
    "assembled_to_canonical_wxyz": [
      0.0,
      0.7071067811865475,
      0.7071067811865475,
      0.0
    ],
    "original_centroid": [
      0.05980115,
      0.0225,
      0.05939675
    ],
    "canonical_extents": [
      0.035,
      0.035,
      0.0349487
    ]
  }
}