{
    "start_pose": [
        0.1875,
        0.130177,
        0.539,
        0.0,
        0.0,
        0.0,
        1.0
    ],
    "goals": [
        [
            0.1875,
            0.130177,
            0.586,
            0.0,
            0.0,
            0.0,
            1.0
        ],
        [
            0.1875,
            0.130177,
            0.633,
            0.0,
            0.0,
            0.0,
            1.0
        ],
        [
            0.1875,
            0.130177,
            0.68,
            0.0,
            0.0,
            0.0,
            1.0
        ],
        [
            0.138436,
            0.119628,
            0.68,
            0.100256,
            0.100256,
            -0.100256,
            0.984808
        ],
        [
            0.089372,
            0.109079,
            0.68,
            0.197465,
            0.197465,
            -0.197465,
            0.939693
        ],
        [
            0.040308,
            0.09853,
            0.68,
            0.288675,
            0.288675,
            -0.288675,
            0.866025
        ],
        [
            -0.008756,
            0.087981,
            0.68,
            0.371114,
            0.371114,
            -0.371114,
            0.766044
        ],
        [
            -0.05782,
            0.077433,
            0.68,
            0.442276,
            0.442276,
            -0.442276,
            0.642788
        ],
        [
            -0.106884,
            0.066884,
            0.68,
            0.5,
            0.5,
            -0.5,
            0.5
        ],
        [
            -0.106884,
            0.066884,
            0.646333,
            0.5,
            0.5,
            -0.5,
            0.5
        ],
        [
            -0.106884,
            0.066884,
            0.612667,
            0.5,
            0.5,
            -0.5,
            0.5
        ],
        [
            -0.106884,
            0.066884,
            0.579,
            0.5,
            0.5,
            -0.5,
            0.5
        ]
    ]
}
