{
    "start_pose": [
        0.075733,
        0.013709,
        0.536,
        0.0,
        0.0,
        0.0,
        1.0
    ],
    "goals": [
        [
            0.075733,
            0.013709,
            0.584,
            0.0,
            0.0,
            0.0,
            1.0
        ],
        [
            0.075733,
            0.013709,
            0.632,
            0.0,
            0.0,
            0.0,
            1.0
        ],
        [
            0.075733,
            0.013709,
            0.68,
            0.0,
            0.0,
            0.0,
            1.0
        ],
        [
            0.049782,
            -0.000483,
            0.68,
            0.183013,
            0.183013,
            0.0,
            0.965926
        ],
        [
            0.023831,
            -0.014675,
            0.68,
            0.353553,
            0.353553,
            0.0,
            0.866025
        ],
        [
            -0.00212,
            -0.028867,
            0.68,
            0.5,
            0.5,
            0.0,
            0.707107
        ],
        [
            -0.028071,
            -0.043059,
            0.68,
            0.612372,
            0.612372,
            0.0,
            0.5
        ],
        [
            -0.054022,
            -0.057251,
            0.68,
            0.683013,
            0.683013,
            0.0,
            0.258819
        ],
        [
            -0.079973,
            -0.071442,
            0.68,
            0.707107,
            0.707107,
            0.0,
            0.0
        ],
        [
            -0.079973,
            -0.071442,
            0.5425,
            -0.707107,
            -0.707107,
            -0.0,
            0.0
        ],
        [
            -0.079973,
            -0.002692,
            0.5425,
            -0.707107,
            -0.707107,
            -0.0,
            0.0
        ],
        [
            -0.079973,
            0.066058,
            0.5425,
            -0.707107,
            -0.707107,
            -0.0,
            0.0
        ]
    ]
}
