# https://github.com/mikedh/trimesh

o geometry_0
v -0.11429613 0.01617762 -0.01676388 1.63529412 2.14117647 1.80000000
v -0.11429613 0.01617762 0.01676382 1.63529412 2.14117647 1.80000000
v -0.11429613 0.02056791 -0.01676388 1.63529412 2.14117647 1.80000000
v -0.11426511 0.01617762 -0.01715919 1.63529412 2.14117647 1.80000000
v -0.11426898 0.01582407 -0.01676388 1.63529412 2.14117647 1.80000000
v -0.11428449 0.01599861 -0.00000003 1.63529412 2.14117647 1.80000000
v -0.11426511 0.01617762 0.01715913 1.63529412 2.14117647 1.80000000
v -0.11429613 0.02056791 0.01676382 1.63529412 2.14117647 1.80000000
v -0.11426898 0.01582407 0.01676382 1.63529412 2.14117647 1.80000000
v -0.11426511 0.02096175 -0.01676388 1.63529412 2.14117647 1.80000000
v -0.11426511 0.02095728 -0.01683102 1.63529412 2.14117647 1.80000000
v -0.11426511 0.02093937 -0.01689813 1.63529412 2.14117647 1.80000000
v -0.11426511 0.02091252 -0.01696155 1.63529412 2.14117647 1.80000000
v -0.11426511 0.02087223 -0.01701747 1.63529412 2.14117647 1.80000000
v -0.11426511 0.02082300 -0.01706598 1.63529412 2.14117647 1.80000000
v -0.11426511 0.02076483 -0.01710699 1.63529412 2.14117647 1.80000000
v -0.11426511 0.02070219 -0.01713684 1.63529412 2.14117647 1.80000000
v -0.11426511 0.02063505 -0.01715175 1.63529412 2.14117647 1.80000000
v -0.11426511 0.02056791 -0.01715919 1.63529412 2.14117647 1.80000000
v -0.11416044 0.01617762 -0.01754334 1.63529412 2.14117647 1.80000000
v -0.11413332 0.01584198 -0.01754334 1.63529412 2.14117647 1.80000000
v -0.11423412 0.01582854 -0.01715919 1.63529412 2.14117647 1.80000000
v -0.11418759 0.01547499 -0.01676388 1.63529412 2.14117647 1.80000000
v -0.11416044 0.01617762 0.01754328 1.63529412 2.14117647 1.80000000
v -0.11426511 0.02056791 0.01715913 1.63529412 2.14117647 1.80000000
v -0.11423412 0.01582854 0.01715913 1.63529412 2.14117647 1.80000000
v -0.11413332 0.01584198 0.01754328 1.63529412 2.14117647 1.80000000
v -0.11426511 0.02096175 0.01676382 1.63529412 2.14117647 1.80000000
v -0.11418759 0.01547499 0.01676382 1.63529412 2.14117647 1.80000000
v -0.11416044 0.02134662 -0.01676388 1.63529412 2.14117647 1.80000000
v -0.11416044 0.02133768 -0.01689813 1.63529412 2.14117647 1.80000000
v -0.11416044 0.02130186 -0.01702866 1.63529412 2.14117647 1.80000000
v -0.11416044 0.02124369 -0.01715175 1.63529412 2.14117647 1.80000000
v -0.11416044 0.02116761 -0.01726362 1.63529412 2.14117647 1.80000000
v -0.11416044 0.02106915 -0.01736058 1.63529412 2.14117647 1.80000000
v -0.11416044 0.02095728 -0.01743891 1.63529412 2.14117647 1.80000000
v -0.11416044 0.02083197 -0.01749858 1.63529412 2.14117647 1.80000000
v -0.11416044 0.02070219 -0.01753215 1.63529412 2.14117647 1.80000000
v -0.11416044 0.02056791 -0.01754334 1.63529412 2.14117647 1.80000000
v -0.11398989 0.01617762 -0.01790508 1.63529412 2.14117647 1.80000000
v -0.11396664 0.01586883 -0.01790508 1.63529412 2.14117647 1.80000000
v -0.11405580 0.01551528 -0.01754334 1.63529412 2.14117647 1.80000000
v -0.11415270 0.01548393 -0.01715919 1.63529412 2.14117647 1.80000000
v -0.11401701 0.01515723 -0.01715919 1.63529412 2.14117647 1.80000000
v -0.11404803 0.01514382 -0.01676388 1.63529412 2.14117647 1.80000000
v -0.11398989 0.01617762 0.01790502 1.63529412 2.14117647 1.80000000
v -0.11416044 0.02056791 0.01754328 1.63529412 2.14117647 1.80000000
v -0.11396664 0.01586883 0.01790502 1.63529412 2.14117647 1.80000000
v -0.11412945 0.02093937 0.01754328 1.63529412 2.14117647 1.80000000
v -0.11423022 0.02095728 0.01715913 1.63529412 2.14117647 1.80000000
v -0.11415270 0.01548393 0.01715913 1.63529412 2.14117647 1.80000000
v -0.11405580 0.01551528 0.01754328 1.63529412 2.14117647 1.80000000
v -0.11412945 0.02133768 0.01715913 1.63529412 2.14117647 1.80000000
v -0.11416044 0.02134662 0.01676382 1.63529412 2.14117647 1.80000000
v -0.11404803 0.01514382 0.01676382 1.63529412 2.14117647 1.80000000
v -0.11401701 0.01515723 0.01715913 1.63529412 2.14117647 1.80000000
v -0.11407518 0.02153010 -0.00000003 1.63529412 2.14117647 1.80000000
v -0.11398989 0.02170914 -0.01676388 1.63529412 2.14117647 1.80000000
v -0.11398989 0.02169123 -0.01696155 1.63529412 2.14117647 1.80000000
v -0.11398989 0.02164200 -0.01715175 1.63529412 2.14117647 1.80000000
v -0.11398989 0.02155695 -0.01733448 1.63529412 2.14117647 1.80000000
v -0.11398989 0.02144061 -0.01749858 1.63529412 2.14117647 1.80000000
v -0.11398989 0.02130186 -0.01763658 1.63529412 2.14117647 1.80000000
v -0.11398989 0.02113629 -0.01775217 1.63529412 2.14117647 1.80000000
v -0.11398989 0.02095728 -0.01783797 1.63529412 2.14117647 1.80000000
v -0.11398989 0.02076483 -0.01788645 1.63529412 2.14117647 1.80000000
v -0.11398989 0.02056791 -0.01790508 1.63529412 2.14117647 1.80000000
v -0.11376504 0.01617762 -0.01823328 1.63529412 2.14117647 1.80000000
v -0.11374179 0.01590462 -0.01823328 1.63529412 2.14117647 1.80000000
v -0.11389299 0.01556898 -0.01790508 1.63529412 2.14117647 1.80000000
v -0.11377668 0.01528254 -0.01790508 1.63529412 2.14117647 1.80000000
v -0.11392785 0.01520646 -0.01754334 1.63529412 2.14117647 1.80000000
v -0.11383482 0.01485741 -0.01715919 1.63529412 2.14117647 1.80000000
v -0.11386197 0.01483503 -0.01676388 1.63529412 2.14117647 1.80000000
v -0.11395500 0.01498719 -0.00000003 1.63529412 2.14117647 1.80000000
v -0.11376504 0.01617762 0.01823322 1.63529412 2.14117647 1.80000000
v -0.11398989 0.02056791 0.01790502 1.63529412 2.14117647 1.80000000
v -0.11396274 0.02091252 0.01790502 1.63529412 2.14117647 1.80000000
v -0.11389299 0.01556898 0.01790502 1.63529412 2.14117647 1.80000000
v -0.11374179 0.01590462 0.01823322 1.63529412 2.14117647 1.80000000
v -0.11403252 0.02130186 0.01754328 1.63529412 2.14117647 1.80000000
v -0.11392785 0.01520646 0.01754328 1.63529412 2.14117647 1.80000000
v -0.11377668 0.01528254 0.01790502 1.63529412 2.14117647 1.80000000
v -0.11387358 0.02164200 0.01754328 1.63529412 2.14117647 1.80000000
v -0.11396274 0.02169123 0.01715913 1.63529412 2.14117647 1.80000000
v -0.11398989 0.02170914 0.01676382 1.63529412 2.14117647 1.80000000
v -0.11386197 0.01483503 0.01676382 1.63529412 2.14117647 1.80000000
v -0.11383482 0.01485741 0.01715913 1.63529412 2.14117647 1.80000000
v -0.11387748 0.02187471 -0.00000003 1.63529412 2.14117647 1.80000000
v -0.11376504 0.02203581 -0.01676388 1.63529412 2.14117647 1.80000000
v -0.11376504 0.02201346 -0.01701747 1.63529412 2.14117647 1.80000000
v -0.11376504 0.02194632 -0.01726362 1.63529412 2.14117647 1.80000000
v -0.11376504 0.02183892 -0.01749858 1.63529412 2.14117647 1.80000000
v -0.11376504 0.02169123 -0.01770744 1.63529412 2.14117647 1.80000000
v -0.11376504 0.02151222 -0.01788645 1.63529412 2.14117647 1.80000000
v -0.11376504 0.02130186 -0.01803561 1.63529412 2.14117647 1.80000000
v -0.11376504 0.02106915 -0.01814379 1.63529412 2.14117647 1.80000000
v -0.11376504 0.02082300 -0.01821090 1.63529412 2.14117647 1.80000000
v -0.11376504 0.02056791 -0.01823328 1.63529412 2.14117647 1.80000000
v -0.11348208 0.01617762 -0.01851300 1.63529412 2.14117647 1.80000000
v -0.11346270 0.01594938 -0.01851300 1.63529412 2.14117647 1.80000000
v -0.11340840 0.01572561 -0.01851300 1.63529412 2.14117647 1.80000000
v -0.11367588 0.01564059 -0.01823328 1.63529412 2.14117647 1.80000000
v -0.11342781 0.01514829 -0.01823328 1.63529412 2.14117647 1.80000000
v -0.11361387 0.01501404 -0.01790508 1.63529412 2.14117647 1.80000000
v -0.11357124 0.01538547 -0.01823328 1.63529412 2.14117647 1.80000000
v -0.11374956 0.01491558 -0.01754334 1.63529412 2.14117647 1.80000000
v -0.11353245 0.01466049 -0.01754334 1.63529412 2.14117647 1.80000000
v -0.11360223 0.01458888 -0.01715919 1.63529412 2.14117647 1.80000000
v -0.11362938 0.01456203 -0.01676388 1.63529412 2.14117647 1.80000000
v -0.11348208 0.01617762 0.01851294 1.63529412 2.14117647 1.80000000
v -0.11376504 0.02056791 0.01823322 1.63529412 2.14117647 1.80000000
v -0.11346270 0.01594938 0.01851294 1.63529412 2.14117647 1.80000000
v -0.11373792 0.02087223 0.01823322 1.63529412 2.14117647 1.80000000
v -0.11387358 0.02124369 0.01790502 1.63529412 2.14117647 1.80000000
v -0.11367588 0.01564059 0.01823322 1.63529412 2.14117647 1.80000000
v -0.11340840 0.01572561 0.01851294 1.63529412 2.14117647 1.80000000
v -0.11374956 0.01491558 0.01754328 1.63529412 2.14117647 1.80000000
v -0.11361387 0.01501404 0.01790502 1.63529412 2.14117647 1.80000000
v -0.11342781 0.01514829 0.01823322 1.63529412 2.14117647 1.80000000
v -0.11357124 0.01538547 0.01823322 1.63529412 2.14117647 1.80000000
v -0.11372628 0.02155695 0.01790502 1.63529412 2.14117647 1.80000000
v -0.11352858 0.02183892 0.01790502 1.63529412 2.14117647 1.80000000
v -0.11365650 0.02194632 0.01754328 1.63529412 2.14117647 1.80000000
v -0.11373792 0.02201346 0.01715913 1.63529412 2.14117647 1.80000000
v -0.11376504 0.02203581 0.01676382 1.63529412 2.14117647 1.80000000
v -0.11362938 0.01456203 0.01676382 1.63529412 2.14117647 1.80000000
v -0.11360223 0.01458888 0.01715913 1.63529412 2.14117647 1.80000000
v -0.11353245 0.01466049 0.01754328 1.63529412 2.14117647 1.80000000
v -0.11362161 0.02217903 -0.00000003 1.63529412 2.14117647 1.80000000
v -0.11348208 0.02231778 -0.01676388 1.63529412 2.14117647 1.80000000
v -0.11348208 0.02229093 -0.01706598 1.63529412 2.14117647 1.80000000
v -0.11348208 0.02221035 -0.01736058 1.63529412 2.14117647 1.80000000
v -0.11348208 0.02208504 -0.01763658 1.63529412 2.14117647 1.80000000
v -0.11348208 0.02169123 -0.01810275 1.63529412 2.14117647 1.80000000
v -0.11348208 0.02190603 -0.01788645 1.63529412 2.14117647 1.80000000
v -0.11348208 0.02116761 -0.01840857 1.63529412 2.14117647 1.80000000
v -0.11348208 0.02144061 -0.01827804 1.63529412 2.14117647 1.80000000
v -0.11348208 0.02087223 -0.01848687 1.63529412 2.14117647 1.80000000
v -0.11348208 0.02056791 -0.01851300 1.63529412 2.14117647 1.80000000
v -0.11315643 0.01617762 -0.01874049 1.63529412 2.14117647 1.80000000
v -0.11314095 0.01599861 -0.01874049 1.63529412 2.14117647 1.80000000
v -0.11309829 0.01582407 -0.01874049 1.63529412 2.14117647 1.80000000
v -0.11332314 0.01551078 -0.01851300 1.63529412 2.14117647 1.80000000
v -0.11319909 0.01531389 -0.01851300 1.63529412 2.14117647 1.80000000
v -0.11305179 0.01513935 -0.01851300 1.63529412 2.14117647 1.80000000
v -0.11324949 0.01494243 -0.01823328 1.63529412 2.14117647 1.80000000
v -0.11341230 0.01478130 -0.01790508 1.63529412 2.14117647 1.80000000
v -0.10425216 0.00555765 -0.01781559 1.63529412 2.14117647 1.80000000
v -0.10434132 0.00546816 -0.01754334 1.63529412 2.14117647 1.80000000
v -0.10436073 0.00545025 -0.01744638 1.63529412 2.14117647 1.80000000
v -0.10441500 0.00539655 -0.01715919 1.63529412 2.14117647 1.80000000
v -0.07687263 -0.02219385 -0.01676388 1.63529412 2.14117647 1.80000000
v -0.11315643 0.01617762 0.01874043 1.63529412 2.14117647 1.80000000
v -0.11348208 0.02056791 0.01851294 1.63529412 2.14117647 1.80000000
v -0.11314095 0.01599861 0.01874043 1.63529412 2.14117647 1.80000000
v -0.11345880 0.02082300 0.01851294 1.63529412 2.14117647 1.80000000
v -0.11339292 0.02106915 0.01851294 1.63529412 2.14117647 1.80000000
v -0.11365650 0.02116761 0.01823322 1.63529412 2.14117647 1.80000000
v -0.11352858 0.02144061 0.01823322 1.63529412 2.14117647 1.80000000
v -0.11332314 0.01551078 0.01851294 1.63529412 2.14117647 1.80000000
v -0.11309829 0.01582407 0.01874043 1.63529412 2.14117647 1.80000000
v -0.11341230 0.01478130 0.01790502 1.63529412 2.14117647 1.80000000
v -0.11305179 0.01513935 0.01851294 1.63529412 2.14117647 1.80000000
v -0.11319909 0.01531389 0.01851294 1.63529412 2.14117647 1.80000000
v -0.11324949 0.01494243 0.01823322 1.63529412 2.14117647 1.80000000
v -0.11335413 0.02169123 0.01823322 1.63529412 2.14117647 1.80000000
v -0.11328438 0.02208504 0.01790502 1.63529412 2.14117647 1.80000000
v -0.11339292 0.02221035 0.01754328 1.63529412 2.14117647 1.80000000
v -0.11345880 0.02229093 0.01715913 1.63529412 2.14117647 1.80000000
v -0.11348208 0.02231778 0.01676382 1.63529412 2.14117647 1.80000000
v -0.07687263 -0.02219385 0.01676382 1.63529412 2.14117647 1.80000000
v -0.10441500 0.00539655 0.01715913 1.63529412 2.14117647 1.80000000
v -0.10436073 0.00545025 0.01744632 1.63529412 2.14117647 1.80000000
v -0.10434132 0.00546816 0.01754328 1.63529412 2.14117647 1.80000000
v -0.10425216 0.00555765 0.01781553 1.63529412 2.14117647 1.80000000
v -0.11331924 0.02243412 -0.00000003 1.63529412 2.14117647 1.80000000
v -0.11315643 0.02254602 -0.01676388 1.63529412 2.14117647 1.80000000
v -0.11315643 0.02251467 -0.01710699 1.63529412 2.14117647 1.80000000
v -0.11315643 0.02242518 -0.01743891 1.63529412 2.14117647 1.80000000
v -0.11315643 0.02228196 -0.01775217 1.63529412 2.14117647 1.80000000
v -0.11315643 0.02208504 -0.01803561 1.63529412 2.14117647 1.80000000
v -0.11315643 0.02155695 -0.01847571 1.63529412 2.14117647 1.80000000
v -0.11315643 0.02183892 -0.01827804 1.63529412 2.14117647 1.80000000
v -0.11315643 0.02124369 -0.01862115 1.63529412 2.14117647 1.80000000
v -0.11315643 0.02091252 -0.01871064 1.63529412 2.14117647 1.80000000
v -0.11315643 0.02056791 -0.01874049 1.63529412 2.14117647 1.80000000
v -0.11279205 0.01617762 -0.01891203 1.63529412 2.14117647 1.80000000
v -0.11278431 0.01605678 -0.01891203 1.63529412 2.14117647 1.80000000
v -0.11275716 0.01593594 -0.01891203 1.63529412 2.14117647 1.80000000
v -0.11303238 0.01565847 -0.01874049 1.63529412 2.14117647 1.80000000
v -0.11293548 0.01550631 -0.01874049 1.63529412 2.14117647 1.80000000
v -0.10405836 0.00575010 -0.01823328 1.63529412 2.14117647 1.80000000
v -0.11281920 0.01537206 -0.01874049 1.63529412 2.14117647 1.80000000
v -0.10363194 0.00617973 -0.01874049 1.63529412 2.14117647 1.80000000
v -0.08531172 -0.01225416 -0.01868454 1.63529412 2.14117647 1.80000000
v -0.07629501 -0.02161653 -0.01851300 1.63529412 2.14117647 1.80000000
v -0.08568384 -0.01262559 -0.01823328 1.63529412 2.14117647 1.80000000
v -0.10410099 0.00570981 -0.01815123 1.63529412 2.14117647 1.80000000
v -0.10418241 0.00562926 -0.01798713 1.63529412 2.14117647 1.80000000
v -0.10422117 0.00558900 -0.01790508 1.63529412 2.14117647 1.80000000
v -0.07665555 -0.02197905 -0.01790508 1.63529412 2.14117647 1.80000000
v -0.07677570 -0.02209539 -0.01754334 1.63529412 2.14117647 1.80000000
v -0.08603661 -0.01297917 -0.01715919 1.63529412 2.14117647 1.80000000
v -0.07684548 -0.02216700 -0.01715919 1.63529412 2.14117647 1.80000000
v -0.07657800 -0.02239974 -0.01715919 1.63529412 2.14117647 1.80000000
v -0.07659738 -0.02242659 -0.01676388 1.63529412 2.14117647 1.80000000
v -0.07673694 -0.02231022 -0.00000003 1.63529412 2.14117647 1.80000000
v -0.11278431 0.01605678 0.01891197 1.63529412 2.14117647 1.80000000
v -0.11279205 0.01617762 0.01891197 1.63529412 2.14117647 1.80000000
v -0.11315643 0.02056791 0.01874043 1.63529412 2.14117647 1.80000000
v -0.11275716 0.01593594 0.01891197 1.63529412 2.14117647 1.80000000
v -0.11313705 0.02076483 0.01874043 1.63529412 2.14117647 1.80000000
v -0.11308668 0.02095728 0.01874043 1.63529412 2.14117647 1.80000000
v -0.11328438 0.02130186 0.01851294 1.63529412 2.14117647 1.80000000
v -0.11303238 0.01565847 0.01874043 1.63529412 2.14117647 1.80000000
v -0.10422117 0.00558900 0.01790502 1.63529412 2.14117647 1.80000000
v -0.10418241 0.00562926 0.01798707 1.63529412 2.14117647 1.80000000
v -0.10363194 0.00617973 0.01874043 1.63529412 2.14117647 1.80000000
v -0.11281920 0.01537206 0.01874043 1.63529412 2.14117647 1.80000000
v -0.11293548 0.01550631 0.01874043 1.63529412 2.14117647 1.80000000
v -0.10405836 0.00575010 0.01823322 1.63529412 2.14117647 1.80000000
v -0.08568384 -0.01262559 0.01823322 1.63529412 2.14117647 1.80000000
v -0.07629501 -0.02161653 0.01851294 1.63529412 2.14117647 1.80000000
v -0.08531172 -0.01225416 0.01868448 1.63529412 2.14117647 1.80000000
v -0.10410099 0.00570981 0.01815117 1.63529412 2.14117647 1.80000000
v -0.11313705 0.02151222 0.01851294 1.63529412 2.14117647 1.80000000
v -0.11313705 0.02190603 0.01823322 1.63529412 2.14117647 1.80000000
v -0.11288895 0.02208504 0.01823322 1.63529412 2.14117647 1.80000000
v -0.11300139 0.02228196 0.01790502 1.63529412 2.14117647 1.80000000
v -0.11308668 0.02242518 0.01754328 1.63529412 2.14117647 1.80000000
v -0.11313705 0.02251467 0.01715913 1.63529412 2.14117647 1.80000000
v -0.11315643 0.02254602 0.01676382 1.63529412 2.14117647 1.80000000
v -0.07659738 -0.02242659 0.01676382 1.63529412 2.14117647 1.80000000
v -0.07657800 -0.02239974 0.01715913 1.63529412 2.14117647 1.80000000
v -0.07684548 -0.02216700 0.01715913 1.63529412 2.14117647 1.80000000
v -0.08603661 -0.01297917 0.01715913 1.63529412 2.14117647 1.80000000
v -0.07677570 -0.02209539 0.01754328 1.63529412 2.14117647 1.80000000
v -0.07665555 -0.02197905 0.01790502 1.63529412 2.14117647 1.80000000
v -0.11279205 0.02271606 -0.01676388 1.63529412 2.14117647 1.80000000
v -0.11279205 0.02268027 -0.01713684 1.63529412 2.14117647 1.80000000
v -0.11279205 0.02258628 -0.01749858 1.63529412 2.14117647 1.80000000
v -0.11279205 0.02242518 -0.01783797 1.63529412 2.14117647 1.80000000
v -0.11279205 0.02221035 -0.01814379 1.63529412 2.14117647 1.80000000
v -0.11279205 0.02194632 -0.01840857 1.63529412 2.14117647 1.80000000
v -0.11279205 0.02164200 -0.01862115 1.63529412 2.14117647 1.80000000
v -0.11279205 0.02130186 -0.01878150 1.63529412 2.14117647 1.80000000
v -0.11279205 0.02093937 -0.01887849 1.63529412 2.14117647 1.80000000
v -0.11279205 0.02056791 -0.01891203 1.63529412 2.14117647 1.80000000
v -0.11240829 0.01617762 -0.01901274 1.63529412 2.14117647 1.80000000
v -0.11240439 0.01611945 -0.01901274 1.63529412 2.14117647 1.80000000
v -0.11238891 0.01605678 -0.01901274 1.63529412 2.14117647 1.80000000
v -0.11236563 0.01599861 -0.01901274 1.63529412 2.14117647 1.80000000
v -0.11270676 0.01582407 -0.01891203 1.63529412 2.14117647 1.80000000
v -0.11264475 0.01572114 -0.01891203 1.63529412 2.14117647 1.80000000
v -0.11256336 0.01562715 -0.01891203 1.63529412 2.14117647 1.80000000
v -0.10356603 0.00624687 -0.01878525 1.63529412 2.14117647 1.80000000
v -0.08519154 -0.01213332 -0.01878525 1.63529412 2.14117647 1.80000000
v -0.08525355 -0.01219596 -0.01874049 1.63529412 2.14117647 1.80000000
v -0.07606245 -0.02138382 -0.01874049 1.63529412 2.14117647 1.80000000
v -0.07592676 -0.02150019 -0.01874049 1.63529412 2.14117647 1.80000000
v -0.07612059 -0.02176422 -0.01851300 1.63529412 2.14117647 1.80000000
v -0.07628340 -0.02199246 -0.01823328 1.63529412 2.14117647 1.80000000
v -0.07649274 -0.02181345 -0.01823328 1.63529412 2.14117647 1.80000000
v -0.07641906 -0.02218044 -0.01790508 1.63529412 2.14117647 1.80000000
v -0.07651599 -0.02231469 -0.01754334 1.63529412 2.14117647 1.80000000
v -0.07622913 -0.02248923 -0.01754334 1.63529412 2.14117647 1.80000000
v -0.07627563 -0.02258322 -0.01715919 1.63529412 2.14117647 1.80000000
v -0.07629114 -0.02261454 -0.01676388 1.63529412 2.14117647 1.80000000
v -0.07644621 -0.02252055 -0.00000003 1.63529412 2.14117647 1.80000000
v -0.11240439 0.01611945 0.01901268 1.63529412 2.14117647 1.80000000
v -0.11240829 0.01617762 0.01901268 1.63529412 2.14117647 1.80000000
v -0.11279205 0.02056791 0.01891197 1.63529412 2.14117647 1.80000000
v -0.11278041 0.02070219 0.01891197 1.63529412 2.14117647 1.80000000
v -0.11270676 0.01582407 0.01891197 1.63529412 2.14117647 1.80000000
v -0.11236563 0.01599861 0.01901268 1.63529412 2.14117647 1.80000000
v -0.11238891 0.01605678 0.01901268 1.63529412 2.14117647 1.80000000
v -0.11268738 0.02095728 0.01891197 1.63529412 2.14117647 1.80000000
v -0.11300139 0.02113629 0.01874043 1.63529412 2.14117647 1.80000000
v -0.11274552 0.02083197 0.01891197 1.63529412 2.14117647 1.80000000
v -0.11288895 0.02130186 0.01874043 1.63529412 2.14117647 1.80000000
v -0.11264475 0.01572114 0.01891197 1.63529412 2.14117647 1.80000000
v -0.10356603 0.00624687 0.01878519 1.63529412 2.14117647 1.80000000
v -0.08525355 -0.01219596 0.01874043 1.63529412 2.14117647 1.80000000
v -0.08519154 -0.01213332 0.01878519 1.63529412 2.14117647 1.80000000
v -0.11256336 0.01562715 0.01891197 1.63529412 2.14117647 1.80000000
v -0.07649274 -0.02181345 0.01823322 1.63529412 2.14117647 1.80000000
v -0.07628340 -0.02199246 0.01823322 1.63529412 2.14117647 1.80000000
v -0.07612059 -0.02176422 0.01851294 1.63529412 2.14117647 1.80000000
v -0.07592676 -0.02150019 0.01874043 1.63529412 2.14117647 1.80000000
v -0.07606245 -0.02138382 0.01874043 1.63529412 2.14117647 1.80000000
v -0.11295486 0.02169123 0.01851294 1.63529412 2.14117647 1.80000000
v -0.11260986 0.02221035 0.01823322 1.63529412 2.14117647 1.80000000
v -0.11268738 0.02242518 0.01790502 1.63529412 2.14117647 1.80000000
v -0.11274552 0.02183892 0.01851294 1.63529412 2.14117647 1.80000000
v -0.11251296 0.02194632 0.01851294 1.63529412 2.14117647 1.80000000
v -0.11274552 0.02258628 0.01754328 1.63529412 2.14117647 1.80000000
v -0.11278041 0.02268027 0.01715913 1.63529412 2.14117647 1.80000000
v -0.11279205 0.02271606 0.01676382 1.63529412 2.14117647 1.80000000
v -0.07629114 -0.02261454 0.01676382 1.63529412 2.14117647 1.80000000
v -0.07627563 -0.02258322 0.01715913 1.63529412 2.14117647 1.80000000
v -0.07622913 -0.02248923 0.01754328 1.63529412 2.14117647 1.80000000
v -0.07651599 -0.02231469 0.01754328 1.63529412 2.14117647 1.80000000
v -0.07641906 -0.02218044 0.01790502 1.63529412 2.14117647 1.80000000
v -0.11240829 0.02281902 -0.01676388 1.63529412 2.14117647 1.80000000
v -0.11240829 0.02278320 -0.01715175 1.63529412 2.14117647 1.80000000
v -0.11240829 0.02251467 -0.01788645 1.63529412 2.14117647 1.80000000
v -0.11240829 0.02268027 -0.01753215 1.63529412 2.14117647 1.80000000
v -0.11240829 0.02229093 -0.01821090 1.63529412 2.14117647 1.80000000
v -0.11240829 0.02201346 -0.01848687 1.63529412 2.14117647 1.80000000
v -0.11240829 0.02169123 -0.01871064 1.63529412 2.14117647 1.80000000
v -0.11240829 0.02133768 -0.01887849 1.63529412 2.14117647 1.80000000
v -0.11240829 0.02095728 -0.01897917 1.63529412 2.14117647 1.80000000
v -0.11240829 0.02056791 -0.01901274 1.63529412 2.14117647 1.80000000
v -0.11201289 0.01617762 -0.01905003 1.63529412 2.14117647 1.80000000
v -0.11233464 0.01594491 -0.01901274 1.63529412 2.14117647 1.80000000
v -0.11229198 0.01590015 -0.01901274 1.63529412 2.14117647 1.80000000
v -0.10337610 0.00643482 -0.01891203 1.63529412 2.14117647 1.80000000
v -0.08499771 -0.01194087 -0.01891203 1.63529412 2.14117647 1.80000000
v -0.07580658 -0.02112873 -0.01891203 1.63529412 2.14117647 1.80000000
v -0.07571355 -0.02120928 -0.01891203 1.63529412 2.14117647 1.80000000
v -0.07577559 -0.02159418 -0.01874049 1.63529412 2.14117647 1.80000000
v -0.07592289 -0.02188506 -0.01851300 1.63529412 2.14117647 1.80000000
v -0.07605081 -0.02213568 -0.01823328 1.63529412 2.14117647 1.80000000
v -0.07615548 -0.02234154 -0.01790508 1.63529412 2.14117647 1.80000000
v -0.07591902 -0.02261901 -0.01754334 1.63529412 2.14117647 1.80000000
v -0.07595001 -0.02271747 -0.01715919 1.63529412 2.14117647 1.80000000
v -0.07596165 -0.02275329 -0.01676388 1.63529412 2.14117647 1.80000000
v -0.11201289 0.01617762 0.01904625 1.63529412 2.14117647 1.80000000
v -0.11240829 0.02056791 0.01901268 1.63529412 2.14117647 1.80000000
v -0.11240439 0.02063505 0.01901268 1.63529412 2.14117647 1.80000000
v -0.11233464 0.01594491 0.01901268 1.63529412 2.14117647 1.80000000
v -0.11260986 0.02106915 0.01891197 1.63529412 2.14117647 1.80000000
v -0.11238504 0.02070219 0.01901268 1.63529412 2.14117647 1.80000000
v -0.11235402 0.02076483 0.01901268 1.63529412 2.14117647 1.80000000
v -0.11231526 0.02082300 0.01901268 1.63529412 2.14117647 1.80000000
v -0.11251296 0.02116761 0.01891197 1.63529412 2.14117647 1.80000000
v -0.11274552 0.02144061 0.01874043 1.63529412 2.14117647 1.80000000
v -0.10337610 0.00643482 0.01891197 1.63529412 2.14117647 1.80000000
v -0.07580658 -0.02112873 0.01891197 1.63529412 2.14117647 1.80000000
v -0.08499771 -0.01194087 0.01891197 1.63529412 2.14117647 1.80000000
v -0.11229198 0.01590015 0.01901268 1.63529412 2.14117647 1.80000000
v -0.07605081 -0.02213568 0.01823322 1.63529412 2.14117647 1.80000000
v -0.07592289 -0.02188506 0.01851294 1.63529412 2.14117647 1.80000000
v -0.07577559 -0.02159418 0.01874043 1.63529412 2.14117647 1.80000000
v -0.07571355 -0.02120928 0.01891197 1.63529412 2.14117647 1.80000000
v -0.11258271 0.02155695 0.01874043 1.63529412 2.14117647 1.80000000
v -0.11226873 0.02201346 0.01851294 1.63529412 2.14117647 1.80000000
v -0.11231526 0.02229093 0.01823322 1.63529412 2.14117647 1.80000000
v -0.11235402 0.02251467 0.01790502 1.63529412 2.14117647 1.80000000
v -0.11240439 0.02164200 0.01874043 1.63529412 2.14117647 1.80000000
v -0.11238504 0.02268027 0.01754328 1.63529412 2.14117647 1.80000000
v -0.11240439 0.02278320 0.01715913 1.63529412 2.14117647 1.80000000
v -0.11240829 0.02281902 0.01676382 1.63529412 2.14117647 1.80000000
v -0.07596165 -0.02275329 0.01676382 1.63529412 2.14117647 1.80000000
v -0.07591902 -0.02261901 0.01754328 1.63529412 2.14117647 1.80000000
v -0.07595001 -0.02271747 0.01715913 1.63529412 2.14117647 1.80000000
v -0.07615548 -0.02234154 0.01790502 1.63529412 2.14117647 1.80000000
v -0.11201289 0.02285481 -0.01676388 1.63529412 2.14117647 1.80000000
v -0.11201289 0.02281902 -0.01715919 1.63529412 2.14117647 1.80000000
v -0.11201289 0.02271606 -0.01754334 1.63529412 2.14117647 1.80000000
v -0.11201289 0.02254602 -0.01790508 1.63529412 2.14117647 1.80000000
v -0.11201289 0.02231778 -0.01823328 1.63529412 2.14117647 1.80000000
v -0.11201289 0.02203581 -0.01851300 1.63529412 2.14117647 1.80000000
v -0.11201289 0.02170914 -0.01874049 1.63529412 2.14117647 1.80000000
v -0.11201289 0.02134662 -0.01891203 1.63529412 2.14117647 1.80000000
v -0.11201289 0.02096175 -0.01901274 1.63529412 2.14117647 1.80000000
v -0.11201289 0.02056791 -0.01905003 1.63529412 2.14117647 1.80000000
v -0.07525614 -0.02057826 -0.01905003 1.63529412 2.14117647 1.80000000
v -0.08465658 -0.01159629 -0.01902393 1.63529412 2.14117647 1.80000000
v -0.10303110 0.00677943 -0.01902393 1.63529412 2.14117647 1.80000000
v -0.10310085 0.00670782 -0.01901274 1.63529412 2.14117647 1.80000000
v -0.08472636 -0.01166787 -0.01901274 1.63529412 2.14117647 1.80000000
v -0.07553523 -0.02085573 -0.01901274 1.63529412 2.14117647 1.80000000
v -0.07560888 -0.02127195 -0.01891203 1.63529412 2.14117647 1.80000000
v -0.07548873 -0.02089602 -0.01901274 1.63529412 2.14117647 1.80000000
v -0.07543446 -0.02093181 -0.01901274 1.63529412 2.14117647 1.80000000
v -0.07549647 -0.02132118 -0.01891203 1.63529412 2.14117647 1.80000000
v -0.07560888 -0.02166576 -0.01874049 1.63529412 2.14117647 1.80000000
v -0.07570968 -0.02197458 -0.01851300 1.63529412 2.14117647 1.80000000
v -0.07579497 -0.02224308 -0.01823328 1.63529412 2.14117647 1.80000000
v -0.07586862 -0.02245791 -0.01790508 1.63529412 2.14117647 1.80000000
v -0.07556625 -0.02253399 -0.01790508 1.63529412 2.14117647 1.80000000
v -0.07558950 -0.02269956 -0.01754334 1.63529412 2.14117647 1.80000000
v -0.07560888 -0.02280249 -0.01715919 1.63529412 2.14117647 1.80000000
v -0.07561278 -0.02283384 -0.01676388 1.63529412 2.14117647 1.80000000
v -0.11201289 0.02056791 0.01904625 1.63529412 2.14117647 1.80000000
v -0.10303110 0.00677943 0.01902387 1.63529412 2.14117647 1.80000000
v -0.08444337 -0.01138593 0.01904997 1.63529412 2.14117647 1.80000000
v -0.08524581 0.00590673 0.01904997 1.63529412 2.14117647 1.80000000
v -0.11226873 0.02087223 0.01901268 1.63529412 2.14117647 1.80000000
v -0.11240439 0.02124369 0.01891197 1.63529412 2.14117647 1.80000000
v -0.10310085 0.00670782 0.01901268 1.63529412 2.14117647 1.80000000
v -0.08472636 -0.01166787 0.01901268 1.63529412 2.14117647 1.80000000
v -0.07553523 -0.02085573 0.01901268 1.63529412 2.14117647 1.80000000
v -0.07579497 -0.02224308 0.01823322 1.63529412 2.14117647 1.80000000
v -0.07570968 -0.02197458 0.01851294 1.63529412 2.14117647 1.80000000
v -0.07560888 -0.02166576 0.01874043 1.63529412 2.14117647 1.80000000
v -0.07549647 -0.02132118 0.01891197 1.63529412 2.14117647 1.80000000
v -0.07560888 -0.02127195 0.01891197 1.63529412 2.14117647 1.80000000
v -0.07543446 -0.02093181 0.01901268 1.63529412 2.14117647 1.80000000
v -0.07548873 -0.02089602 0.01901268 1.63529412 2.14117647 1.80000000
v -0.11201289 0.02203581 0.01851294 1.63529412 2.14117647 1.80000000
v -0.11201289 0.02231778 0.01823322 1.63529412 2.14117647 1.80000000
v -0.11221059 0.02169123 0.01874043 1.63529412 2.14117647 1.80000000
v -0.11201289 0.02170914 0.01874043 1.63529412 2.14117647 1.80000000
v -0.11201289 0.02254602 0.01790502 1.63529412 2.14117647 1.80000000
v -0.11201289 0.02271606 0.01754328 1.63529412 2.14117647 1.80000000
v -0.11228037 0.02130186 0.01891197 1.63529412 2.14117647 1.80000000
v -0.11214855 0.02133768 0.01891197 1.63529412 2.14117647 1.80000000
v -0.11201289 0.02281902 0.01715913 1.63529412 2.14117647 1.80000000
v -0.11201289 0.02285481 0.01676382 1.63529412 2.14117647 1.80000000
v -0.07560888 -0.02280249 0.01715913 1.63529412 2.14117647 1.80000000
v -0.07561278 -0.02283384 0.01676382 1.63529412 2.14117647 1.80000000
v -0.07558950 -0.02269956 0.01754328 1.63529412 2.14117647 1.80000000
v -0.07556625 -0.02253399 0.01790502 1.63529412 2.14117647 1.80000000
v -0.07586862 -0.02245791 0.01790502 1.63529412 2.14117647 1.80000000
v -0.07848912 0.02285481 -0.01676388 1.63529412 2.14117647 1.80000000
v -0.07848912 0.02281902 -0.01715919 1.63529412 2.14117647 1.80000000
v -0.07848912 0.02271606 -0.01754334 1.63529412 2.14117647 1.80000000
v -0.09524712 0.02263104 -0.01772607 1.63529412 2.14117647 1.80000000
v -0.07848912 0.02254602 -0.01790508 1.63529412 2.14117647 1.80000000
v -0.09524712 0.02243412 -0.01806918 1.63529412 2.14117647 1.80000000
v -0.07848912 0.02231778 -0.01823328 1.63529412 2.14117647 1.80000000
v -0.09524712 0.02217903 -0.01837128 1.63529412 2.14117647 1.80000000
v -0.07848912 0.02203581 -0.01851300 1.63529412 2.14117647 1.80000000
v -0.09524712 0.02187471 -0.01862859 1.63529412 2.14117647 1.80000000
v -0.07848912 0.02170914 -0.01874049 1.63529412 2.14117647 1.80000000
v -0.09524712 0.02153010 -0.01882626 1.63529412 2.14117647 1.80000000
v -0.07848912 0.02134662 -0.01891203 1.63529412 2.14117647 1.80000000
v -0.07848912 0.02096175 -0.01901274 1.63529412 2.14117647 1.80000000
v -0.07848912 0.02056791 -0.01905003 1.63529412 2.14117647 1.80000000
v -0.07469790 -0.02045295 -0.01905003 1.63529412 2.14117647 1.80000000
v -0.07469790 -0.02058273 -0.01904631 1.63529412 2.14117647 1.80000000
v -0.07469790 -0.02097210 -0.01901274 1.63529412 2.14117647 1.80000000
v -0.07525614 -0.02097210 -0.01901274 1.63529412 2.14117647 1.80000000
v -0.07531815 -0.02096763 -0.01901274 1.63529412 2.14117647 1.80000000
v -0.07537629 -0.02095419 -0.01901274 1.63529412 2.14117647 1.80000000
v -0.07537629 -0.02134803 -0.01891203 1.63529412 2.14117647 1.80000000
v -0.07543446 -0.02170605 -0.01874049 1.63529412 2.14117647 1.80000000
v -0.07548483 -0.02202828 -0.01851300 1.63529412 2.14117647 1.80000000
v -0.07552749 -0.02230575 -0.01823328 1.63529412 2.14117647 1.80000000
v -0.07525614 -0.02255637 -0.01790508 1.63529412 2.14117647 1.80000000
v -0.07525614 -0.02272641 -0.01754334 1.63529412 2.14117647 1.80000000
v -0.07525614 -0.02232813 -0.01823328 1.63529412 2.14117647 1.80000000
v -0.07525614 -0.02282937 -0.01715919 1.63529412 2.14117647 1.80000000
v -0.07525614 -0.02286516 -0.01676388 1.63529412 2.14117647 1.80000000
v -0.07848912 0.02056791 0.01904997 1.63529412 2.14117647 1.80000000
v -0.11201289 0.02096175 0.01901268 1.63529412 2.14117647 1.80000000
v -0.11208267 0.02095728 0.01901268 1.63529412 2.14117647 1.80000000
v -0.11214855 0.02093937 0.01901268 1.63529412 2.14117647 1.80000000
v -0.11221059 0.02091252 0.01901268 1.63529412 2.14117647 1.80000000
v -0.08465658 -0.01159629 0.01902387 1.63529412 2.14117647 1.80000000
v -0.07525614 -0.02057826 0.01904997 1.63529412 2.14117647 1.80000000
v -0.07552749 -0.02230575 0.01823322 1.63529412 2.14117647 1.80000000
v -0.07548483 -0.02202828 0.01851294 1.63529412 2.14117647 1.80000000
v -0.07543446 -0.02170605 0.01874043 1.63529412 2.14117647 1.80000000
v -0.07537629 -0.02134803 0.01891197 1.63529412 2.14117647 1.80000000
v -0.07531815 -0.02096763 0.01901268 1.63529412 2.14117647 1.80000000
v -0.07537629 -0.02095419 0.01901268 1.63529412 2.14117647 1.80000000
v -0.09524712 0.02187471 0.01862853 1.63529412 2.14117647 1.80000000
v -0.07848912 0.02203581 0.01851294 1.63529412 2.14117647 1.80000000
v -0.09524712 0.02217903 0.01837122 1.63529412 2.14117647 1.80000000
v -0.07848912 0.02231778 0.01823322 1.63529412 2.14117647 1.80000000
v -0.09524712 0.02243412 0.01806912 1.63529412 2.14117647 1.80000000
v -0.11201289 0.02134662 0.01891197 1.63529412 2.14117647 1.80000000
v -0.09524712 0.02153010 0.01882620 1.63529412 2.14117647 1.80000000
v -0.07848912 0.02170914 0.01874043 1.63529412 2.14117647 1.80000000
v -0.07848912 0.02254602 0.01790502 1.63529412 2.14117647 1.80000000
v -0.09524712 0.02263104 0.01772601 1.63529412 2.14117647 1.80000000
v -0.07848912 0.02271606 0.01754328 1.63529412 2.14117647 1.80000000
v -0.07848912 0.02281902 0.01715913 1.63529412 2.14117647 1.80000000
v -0.07848912 0.02285481 0.01676382 1.63529412 2.14117647 1.80000000
v -0.07525614 -0.02282937 0.01715913 1.63529412 2.14117647 1.80000000
v -0.07525614 -0.02272641 0.01754328 1.63529412 2.14117647 1.80000000
v -0.07525614 -0.02286516 0.01676382 1.63529412 2.14117647 1.80000000
v -0.07525614 -0.02255637 0.01790502 1.63529412 2.14117647 1.80000000
v -0.07525614 -0.02232813 0.01823322 1.63529412 2.14117647 1.80000000
v -0.07828755 0.02283690 -0.00000003 1.63529412 2.14117647 1.80000000
v -0.07808985 0.02281902 -0.01676388 1.63529412 2.14117647 1.80000000
v -0.07809759 0.02281902 -0.01683102 1.63529412 2.14117647 1.80000000
v -0.07811310 0.02281902 -0.01689813 1.63529412 2.14117647 1.80000000
v -0.07814412 0.02281902 -0.01696155 1.63529412 2.14117647 1.80000000
v -0.07818288 0.02281902 -0.01701747 1.63529412 2.14117647 1.80000000
v -0.07823328 0.02281902 -0.01706598 1.63529412 2.14117647 1.80000000
v -0.07828755 0.02281902 -0.01710699 1.63529412 2.14117647 1.80000000
v -0.07835343 0.02281902 -0.01713684 1.63529412 2.14117647 1.80000000
v -0.07841934 0.02281902 -0.01715175 1.63529412 2.14117647 1.80000000
v -0.07835343 0.02271606 -0.01753215 1.63529412 2.14117647 1.80000000
v -0.07828755 0.02254602 -0.01788645 1.63529412 2.14117647 1.80000000
v -0.07823328 0.02231778 -0.01821090 1.63529412 2.14117647 1.80000000
v -0.07818288 0.02203581 -0.01848687 1.63529412 2.14117647 1.80000000
v -0.07814412 0.02170914 -0.01871064 1.63529412 2.14117647 1.80000000
v -0.07811310 0.02134662 -0.01887849 1.63529412 2.14117647 1.80000000
v -0.07809759 0.02096175 -0.01897917 1.63529412 2.14117647 1.80000000
v -0.07808985 0.02056791 -0.01901274 1.63529412 2.14117647 1.80000000
v -0.07470954 0.01301805 -0.01905003 1.63529412 2.14117647 1.80000000
v -0.07469790 0.00064821 -0.01905003 1.63529412 2.14117647 1.80000000
v -0.07469790 -0.02135697 -0.01891203 1.63529412 2.14117647 1.80000000
v -0.07525614 -0.02135697 -0.01891203 1.63529412 2.14117647 1.80000000
v -0.07525614 -0.02171949 -0.01874049 1.63529412 2.14117647 1.80000000
v -0.07525614 -0.02204616 -0.01851300 1.63529412 2.14117647 1.80000000
v -0.07469790 -0.02255637 -0.01790508 1.63529412 2.14117647 1.80000000
v -0.07469790 -0.02272194 -0.01755078 1.63529412 2.14117647 1.80000000
v -0.07469790 -0.02272641 -0.01753587 1.63529412 2.14117647 1.80000000
v -0.07469790 -0.02282937 -0.01715919 1.63529412 2.14117647 1.80000000
v -0.07469790 -0.02232813 -0.01823328 1.63529412 2.14117647 1.80000000
v -0.07469790 -0.02286516 -0.01673031 1.63529412 2.14117647 1.80000000
v -0.07814412 0.02076483 0.01901268 1.63529412 2.14117647 1.80000000
v -0.07818288 0.02082300 0.01901268 1.63529412 2.14117647 1.80000000
v -0.07823328 0.02087223 0.01901268 1.63529412 2.14117647 1.80000000
v -0.07828755 0.02091252 0.01901268 1.63529412 2.14117647 1.80000000
v -0.07835343 0.02093937 0.01901268 1.63529412 2.14117647 1.80000000
v -0.07841934 0.02095728 0.01901268 1.63529412 2.14117647 1.80000000
v -0.07848912 0.02096175 0.01901268 1.63529412 2.14117647 1.80000000
v -0.07469790 0.01301355 0.01904997 1.63529412 2.14117647 1.80000000
v -0.07469790 -0.02058273 0.01904625 1.63529412 2.14117647 1.80000000
v -0.07469790 -0.02045295 0.01904997 1.63529412 2.14117647 1.80000000
v -0.07525614 -0.02097210 0.01901268 1.63529412 2.14117647 1.80000000
v -0.07469790 -0.02098104 0.01901268 1.63529412 2.14117647 1.80000000
v -0.07525614 -0.02204616 0.01851294 1.63529412 2.14117647 1.80000000
v -0.07525614 -0.02171949 0.01874043 1.63529412 2.14117647 1.80000000
v -0.07525614 -0.02135697 0.01891197 1.63529412 2.14117647 1.80000000
v -0.07823328 0.02201346 0.01851294 1.63529412 2.14117647 1.80000000
v -0.07818288 0.02229093 0.01823322 1.63529412 2.14117647 1.80000000
v -0.07848912 0.02134662 0.01891197 1.63529412 2.14117647 1.80000000
v -0.07835343 0.02133768 0.01891197 1.63529412 2.14117647 1.80000000
v -0.07828755 0.02169123 0.01874043 1.63529412 2.14117647 1.80000000
v -0.07814412 0.02251467 0.01790502 1.63529412 2.14117647 1.80000000
v -0.07811310 0.02268027 0.01754328 1.63529412 2.14117647 1.80000000
v -0.07809759 0.02278320 0.01715913 1.63529412 2.14117647 1.80000000
v -0.07808985 0.02281902 0.01676382 1.63529412 2.14117647 1.80000000
v -0.07469790 -0.02282937 0.01715913 1.63529412 2.14117647 1.80000000
v -0.07469790 -0.02272641 0.01754328 1.63529412 2.14117647 1.80000000
v -0.07469790 -0.02255637 0.01790877 1.63529412 2.14117647 1.80000000
v -0.07469790 -0.02286516 0.01671534 1.63529412 2.14117647 1.80000000
v -0.07469790 -0.02286069 0.01677129 1.63529412 2.14117647 1.80000000
v -0.07469790 -0.02232366 0.01823322 1.63529412 2.14117647 1.80000000
v -0.07469790 -0.02204169 0.01851666 1.63529412 2.14117647 1.80000000
v -0.07770606 0.02271606 -0.01676388 1.63529412 2.14117647 1.80000000
v -0.07771770 0.02271606 -0.01689813 1.63529412 2.14117647 1.80000000
v -0.07775259 0.02271606 -0.01702866 1.63529412 2.14117647 1.80000000
v -0.07781073 0.02271606 -0.01715175 1.63529412 2.14117647 1.80000000
v -0.07788825 0.02271606 -0.01726362 1.63529412 2.14117647 1.80000000
v -0.07798518 0.02271606 -0.01736058 1.63529412 2.14117647 1.80000000
v -0.07809759 0.02271606 -0.01743891 1.63529412 2.14117647 1.80000000
v -0.07822164 0.02271606 -0.01749858 1.63529412 2.14117647 1.80000000
v -0.07809759 0.02254602 -0.01783797 1.63529412 2.14117647 1.80000000
v -0.07798518 0.02231778 -0.01814379 1.63529412 2.14117647 1.80000000
v -0.07788825 0.02203581 -0.01840857 1.63529412 2.14117647 1.80000000
v -0.07781073 0.02170914 -0.01862115 1.63529412 2.14117647 1.80000000
v -0.07775259 0.02134662 -0.01878150 1.63529412 2.14117647 1.80000000
v -0.07771770 0.02096175 -0.01887849 1.63529412 2.14117647 1.80000000
v -0.07469790 0.01339395 -0.01901646 1.63529412 2.14117647 1.80000000
v -0.07469790 0.01307175 -0.01904256 1.63529412 2.14117647 1.80000000
v -0.07469790 0.01301805 -0.01904631 1.63529412 2.14117647 1.80000000
v -0.07469790 -0.02171499 -0.01874421 1.63529412 2.14117647 1.80000000
v -0.07469790 -0.02204616 -0.01851300 1.63529412 2.14117647 1.80000000
v -0.07811310 0.02070219 0.01901268 1.63529412 2.14117647 1.80000000
v -0.07781073 0.02095728 0.01891197 1.63529412 2.14117647 1.80000000
v -0.07788825 0.02106915 0.01891197 1.63529412 2.14117647 1.80000000
v -0.07798518 0.02116761 0.01891197 1.63529412 2.14117647 1.80000000
v -0.07809759 0.02124369 0.01891197 1.63529412 2.14117647 1.80000000
v -0.07822164 0.02130186 0.01891197 1.63529412 2.14117647 1.80000000
v -0.07469790 0.01342080 0.01901268 1.63529412 2.14117647 1.80000000
v -0.07469790 -0.02136144 0.01890825 1.63529412 2.14117647 1.80000000
v -0.07469790 -0.02171499 0.01874415 1.63529412 2.14117647 1.80000000
v -0.07809759 0.02164200 0.01874043 1.63529412 2.14117647 1.80000000
v -0.07798518 0.02194632 0.01851294 1.63529412 2.14117647 1.80000000
v -0.07781073 0.02242518 0.01790502 1.63529412 2.14117647 1.80000000
v -0.07788825 0.02221035 0.01823322 1.63529412 2.14117647 1.80000000
v -0.07775259 0.02258628 0.01754328 1.63529412 2.14117647 1.80000000
v -0.07771770 0.02268027 0.01715913 1.63529412 2.14117647 1.80000000
v -0.07770606 0.02271606 0.01676382 1.63529412 2.14117647 1.80000000
v -0.07752387 0.02263104 -0.00000003 1.63529412 2.14117647 1.80000000
v -0.07734555 0.02254602 -0.01676388 1.63529412 2.14117647 1.80000000
v -0.07736106 0.02254602 -0.01696155 1.63529412 2.14117647 1.80000000
v -0.07741533 0.02254602 -0.01715175 1.63529412 2.14117647 1.80000000
v -0.07749672 0.02254602 -0.01733448 1.63529412 2.14117647 1.80000000
v -0.07761303 0.02254602 -0.01749858 1.63529412 2.14117647 1.80000000
v -0.07775259 0.02254602 -0.01763658 1.63529412 2.14117647 1.80000000
v -0.07791540 0.02254602 -0.01775217 1.63529412 2.14117647 1.80000000
v -0.07775259 0.02231778 -0.01803561 1.63529412 2.14117647 1.80000000
v -0.07761303 0.02203581 -0.01827804 1.63529412 2.14117647 1.80000000
v -0.07749672 0.02170914 -0.01847571 1.63529412 2.14117647 1.80000000
v -0.07741533 0.02134662 -0.01862115 1.63529412 2.14117647 1.80000000
v -0.07736106 0.02096175 -0.01871064 1.63529412 2.14117647 1.80000000
v -0.07469790 0.01342080 -0.01901274 1.63529412 2.14117647 1.80000000
v -0.07749672 0.02113629 0.01874043 1.63529412 2.14117647 1.80000000
v -0.07775259 0.02083197 0.01891197 1.63529412 2.14117647 1.80000000
v -0.07761303 0.02130186 0.01874043 1.63529412 2.14117647 1.80000000
v -0.07775259 0.02144061 0.01874043 1.63529412 2.14117647 1.80000000
v -0.07791540 0.02155695 0.01874043 1.63529412 2.14117647 1.80000000
v -0.07469790 0.01346556 0.01900149 1.63529412 2.14117647 1.80000000
v -0.07741533 0.02095728 0.01874043 1.63529412 2.14117647 1.80000000
v -0.07775259 0.02183892 0.01851294 1.63529412 2.14117647 1.80000000
v -0.07761303 0.02208504 0.01823322 1.63529412 2.14117647 1.80000000
v -0.07749672 0.02228196 0.01790502 1.63529412 2.14117647 1.80000000
v -0.07741533 0.02242518 0.01754328 1.63529412 2.14117647 1.80000000
v -0.07736106 0.02251467 0.01715913 1.63529412 2.14117647 1.80000000
v -0.07734555 0.02254602 0.01676382 1.63529412 2.14117647 1.80000000
v -0.07718274 0.02243412 -0.00000003 1.63529412 2.14117647 1.80000000
v -0.07701993 0.02231778 -0.01676388 1.63529412 2.14117647 1.80000000
v -0.07703931 0.02231778 -0.01701747 1.63529412 2.14117647 1.80000000
v -0.07710522 0.02231778 -0.01726362 1.63529412 2.14117647 1.80000000
v -0.07721376 0.02231778 -0.01749858 1.63529412 2.14117647 1.80000000
v -0.07736106 0.02231778 -0.01770744 1.63529412 2.14117647 1.80000000
v -0.07754325 0.02231778 -0.01788645 1.63529412 2.14117647 1.80000000
v -0.07736106 0.02203581 -0.01810275 1.63529412 2.14117647 1.80000000
v -0.07721376 0.02170914 -0.01827804 1.63529412 2.14117647 1.80000000
v -0.07710522 0.02134662 -0.01840857 1.63529412 2.14117647 1.80000000
v -0.07703931 0.02096175 -0.01848687 1.63529412 2.14117647 1.80000000
v -0.07469790 0.01381911 -0.01891203 1.63529412 2.14117647 1.80000000
v -0.07710522 0.02106915 0.01851294 1.63529412 2.14117647 1.80000000
v -0.07721376 0.02130186 0.01851294 1.63529412 2.14117647 1.80000000
v -0.07736106 0.02151222 0.01851294 1.63529412 2.14117647 1.80000000
v -0.07754325 0.02169123 0.01851294 1.63529412 2.14117647 1.80000000
v -0.07469790 0.01381911 0.01891197 1.63529412 2.14117647 1.80000000
v -0.07721376 0.02208504 0.01790502 1.63529412 2.14117647 1.80000000
v -0.07736106 0.02190603 0.01823322 1.63529412 2.14117647 1.80000000
v -0.07710522 0.02221035 0.01754328 1.63529412 2.14117647 1.80000000
v -0.07703931 0.02229093 0.01715913 1.63529412 2.14117647 1.80000000
v -0.07701993 0.02231778 0.01676382 1.63529412 2.14117647 1.80000000
v -0.07687650 0.02217903 -0.00000003 1.63529412 2.14117647 1.80000000
v -0.07673694 0.02203581 -0.01676388 1.63529412 2.14117647 1.80000000
v -0.07676409 0.02203581 -0.01706598 1.63529412 2.14117647 1.80000000
v -0.07684161 0.02203581 -0.01736058 1.63529412 2.14117647 1.80000000
v -0.07696953 0.02203581 -0.01763658 1.63529412 2.14117647 1.80000000
v -0.07714785 0.02203581 -0.01788645 1.63529412 2.14117647 1.80000000
v -0.07696953 0.02170914 -0.01803561 1.63529412 2.14117647 1.80000000
v -0.07684161 0.02134662 -0.01814379 1.63529412 2.14117647 1.80000000
v -0.07469790 0.01409211 -0.01878897 1.63529412 2.14117647 1.80000000
v -0.07684161 0.02116761 0.01823322 1.63529412 2.14117647 1.80000000
v -0.07696953 0.02144061 0.01823322 1.63529412 2.14117647 1.80000000
v -0.07714785 0.02169123 0.01823322 1.63529412 2.14117647 1.80000000
v -0.07469790 0.01390863 0.01887096 1.63529412 2.14117647 1.80000000
v -0.07696953 0.02183892 0.01790502 1.63529412 2.14117647 1.80000000
v -0.07684161 0.02194632 0.01754328 1.63529412 2.14117647 1.80000000
v -0.07676409 0.02201346 0.01715913 1.63529412 2.14117647 1.80000000
v -0.07673694 0.02203581 0.01676382 1.63529412 2.14117647 1.80000000
v -0.07662066 0.02187471 -0.00000003 1.63529412 2.14117647 1.80000000
v -0.07650822 0.02170914 -0.01676388 1.63529412 2.14117647 1.80000000
v -0.07653924 0.02170914 -0.01710699 1.63529412 2.14117647 1.80000000
v -0.07662840 0.02170914 -0.01743891 1.63529412 2.14117647 1.80000000
v -0.07677183 0.02170914 -0.01775217 1.63529412 2.14117647 1.80000000
v -0.07662840 0.02134662 -0.01783797 1.63529412 2.14117647 1.80000000
v -0.07469790 0.01419057 -0.01874049 1.63529412 2.14117647 1.80000000
v -0.07662840 0.02124369 0.01790502 1.63529412 2.14117647 1.80000000
v -0.07677183 0.02155695 0.01790502 1.63529412 2.14117647 1.80000000
v -0.07469790 0.01419057 0.01874043 1.63529412 2.14117647 1.80000000
v -0.07662840 0.02164200 0.01754328 1.63529412 2.14117647 1.80000000
v -0.07653924 0.02169123 0.01715913 1.63529412 2.14117647 1.80000000
v -0.07650822 0.02170914 0.01676382 1.63529412 2.14117647 1.80000000
v -0.07642296 0.02153010 -0.00000003 1.63529412 2.14117647 1.80000000
v -0.07634154 0.02134662 -0.01676388 1.63529412 2.14117647 1.80000000
v -0.07637256 0.02134662 -0.01713684 1.63529412 2.14117647 1.80000000
v -0.07646946 0.02134662 -0.01749858 1.63529412 2.14117647 1.80000000
v -0.07469790 0.01453071 -0.01851300 1.63529412 2.14117647 1.80000000
v -0.07646946 0.02130186 0.01754328 1.63529412 2.14117647 1.80000000
v -0.07469790 0.01432932 0.01865091 1.63529412 2.14117647 1.80000000
v -0.07637256 0.02133768 0.01715913 1.63529412 2.14117647 1.80000000
v -0.07634154 0.02134662 0.01676382 1.63529412 2.14117647 1.80000000
v -0.07628727 0.02115417 -0.00000003 1.63529412 2.14117647 1.80000000
v -0.07469790 0.01537206 -0.01676388 1.63529412 2.14117647 1.80000000
v -0.07469790 0.01533624 -0.01714800 1.63529412 2.14117647 1.80000000
v -0.07469790 0.01524228 -0.01750230 1.63529412 2.14117647 1.80000000
v -0.07469790 0.01522884 -0.01754334 1.63529412 2.14117647 1.80000000
v -0.07469790 0.01509459 -0.01782678 1.63529412 2.14117647 1.80000000
v -0.07469790 0.01505430 -0.01790508 1.63529412 2.14117647 1.80000000
v -0.07469790 0.01482159 -0.01823328 1.63529412 2.14117647 1.80000000
v -0.07469790 0.01453071 0.01851294 1.63529412 2.14117647 1.80000000
v -0.07469790 0.01482159 0.01823322 1.63529412 2.14117647 1.80000000
v -0.07469790 0.01499613 0.01799082 1.63529412 2.14117647 1.80000000
v -0.07469790 0.01505430 0.01790502 1.63529412 2.14117647 1.80000000
v -0.07469790 0.01522884 0.01754328 1.63529412 2.14117647 1.80000000
v -0.07469790 0.01533177 0.01717032 1.63529412 2.14117647 1.80000000
v -0.07469790 0.01537206 0.01676382 1.63529412 2.14117647 1.80000000
f 1 2 8
f 1 8 3
f 1 3 19
f 1 19 4
f 1 4 5
f 1 5 6
f 1 6 2
f 2 7 25
f 2 25 8
f 2 6 9
f 2 9 7
f 3 8 28
f 3 28 10
f 3 10 11
f 3 11 12
f 3 12 13
f 3 13 14
f 3 14 15
f 3 15 16
f 3 16 17
f 3 17 18
f 3 18 19
f 4 19 39
f 4 39 20
f 4 20 21
f 4 21 22
f 4 22 5
f 5 9 6
f 5 22 23
f 5 23 29
f 5 29 9
f 7 24 47
f 7 47 25
f 7 9 26
f 7 26 27
f 7 27 24
f 8 25 28
f 9 29 26
f 10 28 54
f 10 54 30
f 10 30 31
f 10 31 11
f 11 31 12
f 12 31 32
f 12 32 13
f 13 32 33
f 13 33 34
f 13 34 14
f 14 34 35
f 14 35 15
f 15 35 16
f 16 35 36
f 16 36 37
f 16 37 17
f 17 37 38
f 17 38 18
f 18 38 19
f 19 38 39
f 20 39 67
f 20 67 40
f 20 40 41
f 20 41 21
f 21 41 42
f 21 42 43
f 21 43 22
f 22 43 23
f 23 43 44
f 23 44 45
f 23 45 55
f 23 55 29
f 24 46 77
f 24 77 47
f 24 27 48
f 24 48 46
f 25 47 49
f 25 49 50
f 25 50 28
f 26 29 51
f 26 51 27
f 27 51 52
f 27 52 48
f 28 50 53
f 28 53 54
f 29 55 56
f 29 56 51
f 30 54 57
f 30 57 58
f 30 58 31
f 31 58 59
f 31 59 60
f 31 60 32
f 32 60 61
f 32 61 33
f 33 61 34
f 34 61 62
f 34 62 63
f 34 63 35
f 35 63 36
f 36 63 64
f 36 64 65
f 36 65 37
f 37 65 38
f 38 65 66
f 38 66 67
f 38 67 39
f 40 67 99
f 40 99 68
f 40 68 41
f 41 69 70
f 41 70 42
f 41 68 69
f 42 71 72
f 42 72 43
f 42 70 71
f 43 72 44
f 44 72 73
f 44 73 74
f 44 74 45
f 45 74 75
f 45 75 55
f 46 76 112
f 46 112 77
f 46 48 76
f 47 77 78
f 47 78 49
f 48 52 79
f 48 79 80
f 48 80 76
f 49 78 81
f 49 81 53
f 49 53 50
f 51 56 82
f 51 82 52
f 52 82 83
f 52 83 79
f 53 81 84
f 53 84 85
f 53 85 86
f 53 86 54
f 54 86 57
f 55 75 87
f 55 87 56
f 56 87 88
f 56 88 82
f 57 86 58
f 58 86 89
f 58 89 90
f 58 90 91
f 58 91 59
f 59 91 60
f 60 91 92
f 60 92 93
f 60 93 61
f 61 93 94
f 61 94 62
f 62 94 95
f 62 95 63
f 63 96 64
f 63 95 96
f 64 96 65
f 65 96 97
f 65 97 98
f 65 98 66
f 66 98 67
f 67 98 99
f 68 99 140
f 68 140 100
f 68 100 101
f 68 101 69
f 69 101 102
f 69 102 103
f 69 103 70
f 70 103 71
f 71 104 105
f 71 105 72
f 71 103 106
f 71 106 104
f 72 105 107
f 72 107 73
f 73 107 108
f 73 108 109
f 73 109 110
f 73 110 74
f 74 87 75
f 74 110 127
f 74 127 87
f 76 111 155
f 76 155 112
f 76 80 113
f 76 113 111
f 77 112 78
f 78 112 114
f 78 114 115
f 78 115 81
f 79 116 80
f 79 83 116
f 80 116 117
f 80 117 113
f 81 115 84
f 82 88 118
f 82 118 119
f 82 119 83
f 83 119 120
f 83 120 121
f 83 121 116
f 84 122 123
f 84 123 124
f 84 124 125
f 84 125 85
f 84 115 122
f 85 125 126
f 85 126 86
f 86 126 89
f 87 127 88
f 88 127 128
f 88 128 129
f 88 129 118
f 89 126 90
f 90 126 130
f 90 130 131
f 90 131 91
f 91 131 132
f 91 132 92
f 92 132 133
f 92 133 134
f 92 134 93
f 93 134 94
f 94 135 95
f 94 134 136
f 94 136 135
f 95 135 96
f 96 137 97
f 96 135 138
f 96 138 137
f 97 137 98
f 98 137 139
f 98 139 99
f 99 139 140
f 100 140 187
f 100 187 141
f 100 141 101
f 101 142 102
f 101 141 142
f 102 142 143
f 102 143 144
f 102 144 103
f 103 144 106
f 104 106 144
f 104 144 145
f 104 145 146
f 104 146 147
f 104 147 148
f 104 148 105
f 105 148 108
f 105 108 107
f 108 148 149
f 108 149 150
f 108 150 151
f 108 151 152
f 108 152 109
f 109 152 110
f 110 152 153
f 110 153 172
f 110 172 127
f 111 154 211
f 111 211 155
f 111 113 154
f 112 155 114
f 113 117 156
f 113 156 154
f 114 157 158
f 114 158 159
f 114 159 115
f 114 155 157
f 115 159 160
f 115 160 122
f 116 121 161
f 116 161 117
f 117 162 156
f 117 161 162
f 118 129 119
f 119 129 163
f 119 163 166
f 119 166 120
f 120 164 165
f 120 165 161
f 120 161 121
f 120 166 164
f 122 160 167
f 122 167 123
f 123 168 124
f 123 167 168
f 124 168 169
f 124 169 125
f 125 169 170
f 125 170 171
f 125 171 126
f 126 171 130
f 127 172 173
f 127 173 128
f 128 173 129
f 129 174 175
f 129 175 176
f 129 176 163
f 129 173 174
f 130 171 131
f 131 171 177
f 131 177 178
f 131 178 132
f 132 178 179
f 132 179 180
f 132 180 133
f 133 180 134
f 134 180 181
f 134 181 182
f 134 182 136
f 135 183 138
f 135 136 182
f 135 182 184
f 135 184 183
f 137 138 183
f 137 183 185
f 137 185 186
f 137 186 139
f 139 186 187
f 139 187 140
f 141 188 189
f 141 189 142
f 141 187 249
f 141 249 188
f 142 190 143
f 142 189 190
f 143 190 191
f 143 191 144
f 144 191 145
f 145 191 192
f 145 192 146
f 146 193 147
f 146 192 194
f 146 194 195
f 146 195 196
f 146 196 197
f 146 197 198
f 146 198 193
f 147 193 199
f 147 199 200
f 147 200 148
f 148 200 201
f 148 201 149
f 149 201 202
f 149 202 150
f 150 202 203
f 150 203 151
f 151 203 152
f 152 203 204
f 152 204 153
f 153 204 205
f 153 205 206
f 153 206 207
f 153 207 208
f 153 208 172
f 154 156 209
f 154 209 210
f 154 210 273
f 154 273 211
f 155 211 157
f 156 162 212
f 156 212 209
f 157 211 213
f 157 213 214
f 157 214 158
f 158 214 215
f 158 215 159
f 159 215 160
f 160 215 167
f 161 165 216
f 161 216 162
f 162 216 212
f 163 176 217
f 163 217 218
f 163 218 226
f 163 226 166
f 164 219 220
f 164 220 221
f 164 221 165
f 164 166 222
f 164 222 223
f 164 223 224
f 164 224 225
f 164 225 219
f 165 221 216
f 166 226 222
f 167 215 227
f 167 227 228
f 167 228 168
f 168 228 229
f 168 229 230
f 168 230 231
f 168 231 169
f 169 231 170
f 170 231 232
f 170 232 233
f 170 233 171
f 171 233 177
f 172 208 234
f 172 234 235
f 172 235 236
f 172 236 237
f 172 237 173
f 173 237 238
f 173 238 174
f 174 238 175
f 175 238 239
f 175 239 176
f 176 239 217
f 177 233 178
f 178 233 299
f 178 299 240
f 178 240 179
f 179 240 241
f 179 241 242
f 179 242 180
f 180 242 181
f 181 242 243
f 181 243 182
f 182 243 244
f 182 244 245
f 182 245 184
f 183 184 245
f 183 245 246
f 183 246 247
f 183 247 185
f 185 247 186
f 186 248 249
f 186 249 187
f 186 247 248
f 188 250 189
f 188 249 314
f 188 314 250
f 189 250 251
f 189 251 190
f 190 251 252
f 190 252 253
f 190 253 254
f 190 254 191
f 191 254 255
f 191 255 192
f 192 255 256
f 192 256 194
f 193 198 199
f 194 256 257
f 194 257 195
f 195 257 258
f 195 258 259
f 195 259 196
f 196 259 260
f 196 260 197
f 197 260 261
f 197 261 262
f 197 262 263
f 197 263 264
f 197 264 198
f 198 264 202
f 198 202 199
f 199 202 200
f 200 202 201
f 202 264 263
f 202 263 265
f 202 265 203
f 203 265 266
f 203 266 206
f 203 206 205
f 203 205 204
f 206 266 267
f 206 267 268
f 206 268 269
f 206 269 207
f 207 234 208
f 207 269 270
f 207 270 234
f 209 271 272
f 209 272 210
f 209 212 271
f 210 272 330
f 210 330 273
f 211 273 274
f 211 274 213
f 212 216 275
f 212 275 276
f 212 276 277
f 212 277 271
f 213 274 214
f 214 278 279
f 214 279 215
f 214 274 280
f 214 280 278
f 215 279 281
f 215 281 227
f 216 282 275
f 216 221 282
f 217 239 218
f 218 239 226
f 219 283 220
f 219 225 284
f 219 284 285
f 219 285 283
f 220 286 282
f 220 282 221
f 220 283 286
f 222 226 223
f 223 239 287
f 223 287 224
f 223 226 239
f 224 287 288
f 224 288 289
f 224 289 290
f 224 290 291
f 224 291 225
f 225 291 284
f 227 292 228
f 227 281 292
f 228 292 229
f 229 293 294
f 229 294 230
f 229 292 295
f 229 295 296
f 229 296 293
f 230 294 297
f 230 297 231
f 231 297 232
f 232 297 298
f 232 298 299
f 232 299 233
f 234 270 300
f 234 300 235
f 235 300 301
f 235 301 302
f 235 302 303
f 235 303 238
f 235 238 236
f 236 238 237
f 238 303 304
f 238 304 239
f 239 304 288
f 239 288 287
f 240 299 354
f 240 354 305
f 240 305 306
f 240 306 241
f 241 306 242
f 242 307 243
f 242 306 308
f 242 308 307
f 243 307 309
f 243 309 244
f 244 309 245
f 245 309 310
f 245 310 246
f 246 310 311
f 246 311 312
f 246 312 247
f 247 312 248
f 248 312 313
f 248 313 249
f 249 313 314
f 250 315 251
f 250 314 368
f 250 368 315
f 251 315 252
f 252 315 253
f 253 316 254
f 253 315 316
f 254 316 255
f 255 316 256
f 256 316 317
f 256 317 318
f 256 318 257
f 257 318 258
f 258 319 320
f 258 320 260
f 258 260 259
f 258 318 319
f 260 320 321
f 260 321 261
f 261 322 262
f 261 321 322
f 262 323 324
f 262 324 263
f 262 322 323
f 263 324 265
f 265 324 325
f 265 325 266
f 266 325 267
f 267 326 268
f 267 325 326
f 268 326 327
f 268 327 328
f 268 328 269
f 269 300 270
f 269 328 355
f 269 355 300
f 271 277 329
f 271 329 272
f 272 329 387
f 272 387 330
f 273 330 331
f 273 331 274
f 274 331 280
f 275 332 276
f 275 282 332
f 276 329 277
f 276 332 329
f 278 333 281
f 278 281 279
f 278 280 334
f 278 334 335
f 278 335 336
f 278 336 333
f 280 331 334
f 281 333 337
f 281 337 338
f 281 338 292
f 282 286 332
f 283 285 339
f 283 339 286
f 284 291 285
f 285 291 340
f 285 340 341
f 285 341 339
f 286 342 332
f 286 339 342
f 288 304 343
f 288 343 289
f 289 343 344
f 289 344 345
f 289 345 290
f 290 345 346
f 290 346 291
f 291 346 340
f 292 338 347
f 292 347 295
f 293 296 348
f 293 348 349
f 293 349 294
f 294 349 350
f 294 350 297
f 295 347 351
f 295 351 296
f 296 351 348
f 297 350 352
f 297 352 353
f 297 353 298
f 298 353 299
f 299 353 354
f 300 355 301
f 301 356 302
f 301 355 357
f 301 357 356
f 302 358 303
f 302 356 358
f 303 358 304
f 304 358 343
f 305 354 412
f 305 412 359
f 305 359 360
f 305 360 306
f 306 361 308
f 306 360 361
f 307 308 361
f 307 361 362
f 307 362 309
f 309 362 363
f 309 363 310
f 310 364 365
f 310 365 311
f 310 363 364
f 311 365 312
f 312 365 366
f 312 366 313
f 313 366 367
f 313 367 368
f 313 368 314
f 315 368 432
f 315 432 497
f 315 497 498
f 315 498 433
f 315 433 369
f 315 369 370
f 315 370 371
f 315 371 317
f 315 317 316
f 317 371 372
f 317 372 318
f 318 372 373
f 318 373 319
f 319 373 374
f 319 374 320
f 320 374 376
f 320 376 321
f 321 375 322
f 321 376 377
f 321 377 375
f 322 375 378
f 322 378 379
f 322 379 323
f 323 380 381
f 323 381 324
f 323 379 380
f 324 381 325
f 325 382 326
f 325 381 382
f 326 382 383
f 326 383 384
f 326 384 385
f 326 385 327
f 327 385 328
f 328 385 386
f 328 386 414
f 328 414 355
f 329 332 342
f 329 342 388
f 329 388 389
f 329 389 390
f 329 390 387
f 330 387 331
f 331 387 334
f 333 336 391
f 333 391 337
f 334 387 335
f 335 387 336
f 336 387 391
f 337 392 347
f 337 347 338
f 337 391 392
f 339 393 342
f 339 341 394
f 339 394 393
f 340 346 402
f 340 402 395
f 340 395 394
f 340 394 341
f 342 393 388
f 343 358 396
f 343 396 397
f 343 397 344
f 344 397 398
f 344 398 345
f 345 398 399
f 345 399 400
f 345 400 346
f 346 400 401
f 346 401 402
f 347 392 351
f 348 403 404
f 348 404 349
f 348 351 405
f 348 405 406
f 348 406 403
f 349 404 407
f 349 407 350
f 350 407 408
f 350 408 352
f 351 392 409
f 351 409 410
f 351 410 405
f 352 408 353
f 353 408 411
f 353 411 354
f 354 411 412
f 355 413 357
f 355 414 413
f 356 415 416
f 356 416 417
f 356 417 358
f 356 357 413
f 356 413 415
f 358 417 396
f 359 412 473
f 359 473 418
f 359 418 419
f 359 419 360
f 360 419 420
f 360 420 361
f 361 420 421
f 361 421 362
f 362 421 422
f 362 422 423
f 362 423 363
f 363 424 425
f 363 425 364
f 363 423 424
f 364 425 426
f 364 426 427
f 364 427 365
f 365 428 429
f 365 429 366
f 365 427 428
f 366 429 430
f 366 430 431
f 366 431 367
f 367 431 432
f 367 432 368
f 369 433 434
f 369 434 435
f 369 435 436
f 369 436 437
f 369 437 438
f 369 438 377
f 369 377 376
f 369 376 374
f 369 374 370
f 370 374 373
f 370 373 372
f 370 372 371
f 375 377 378
f 377 438 378
f 378 438 437
f 378 437 439
f 378 439 440
f 378 440 379
f 379 440 441
f 379 441 380
f 380 441 381
f 381 441 442
f 381 442 383
f 381 383 382
f 383 443 444
f 383 444 384
f 383 442 445
f 383 445 443
f 384 444 385
f 385 444 446
f 385 446 447
f 385 447 386
f 386 447 476
f 386 476 414
f 387 390 448
f 387 448 449
f 387 449 450
f 387 450 451
f 387 451 452
f 387 452 391
f 388 393 394
f 388 394 453
f 388 453 454
f 388 454 389
f 389 454 518
f 389 518 516
f 389 516 448
f 389 448 390
f 391 452 392
f 392 452 409
f 394 395 453
f 395 402 454
f 395 454 453
f 396 455 456
f 396 456 397
f 396 417 416
f 396 416 455
f 397 456 398
f 398 457 399
f 398 456 457
f 399 458 459
f 399 459 460
f 399 460 401
f 399 401 400
f 399 457 458
f 401 460 454
f 401 454 402
f 403 406 461
f 403 461 462
f 403 462 463
f 403 463 404
f 404 463 464
f 404 464 465
f 404 465 407
f 405 410 406
f 406 410 466
f 406 466 467
f 406 467 468
f 406 468 461
f 407 465 469
f 407 469 470
f 407 470 408
f 408 470 471
f 408 471 472
f 408 472 411
f 409 452 451
f 409 451 450
f 409 450 410
f 410 450 466
f 411 472 473
f 411 473 412
f 413 474 475
f 413 475 415
f 413 414 476
f 413 476 474
f 415 475 416
f 416 475 477
f 416 477 478
f 416 478 455
f 418 473 479
f 418 479 480
f 418 480 481
f 418 481 482
f 418 482 483
f 418 483 484
f 418 484 485
f 418 485 486
f 418 486 487
f 418 487 488
f 418 488 419
f 419 488 489
f 419 489 420
f 420 489 422
f 420 422 421
f 422 489 490
f 422 490 491
f 422 491 424
f 422 424 423
f 424 491 492
f 424 492 426
f 424 426 425
f 426 492 428
f 426 428 427
f 428 492 493
f 428 493 430
f 428 430 429
f 430 493 494
f 430 494 495
f 430 495 431
f 431 495 432
f 432 495 496
f 432 496 497
f 433 498 556
f 433 556 555
f 433 555 554
f 433 554 588
f 433 588 613
f 433 613 632
f 433 632 647
f 433 647 658
f 433 658 670
f 433 670 669
f 433 669 668
f 433 668 667
f 433 667 666
f 433 666 665
f 433 665 664
f 433 664 677
f 433 677 676
f 433 676 675
f 433 675 674
f 433 674 673
f 433 673 672
f 433 672 671
f 433 671 660
f 433 660 650
f 433 650 636
f 433 636 618
f 433 618 594
f 433 594 565
f 433 565 516
f 433 516 518
f 433 518 517
f 433 517 520
f 433 520 566
f 433 566 567
f 433 567 539
f 433 539 538
f 433 538 535
f 433 535 534
f 433 534 533
f 433 533 537
f 433 537 536
f 433 536 508
f 433 508 506
f 433 506 505
f 433 505 504
f 433 504 503
f 433 503 507
f 433 507 558
f 433 558 557
f 433 557 499
f 433 499 435
f 433 435 434
f 435 499 500
f 435 500 436
f 436 500 437
f 437 500 439
f 439 500 501
f 439 501 440
f 440 501 502
f 440 502 441
f 441 502 445
f 441 445 442
f 443 445 507
f 443 507 503
f 443 503 444
f 444 503 504
f 444 504 505
f 444 505 506
f 444 506 446
f 445 502 558
f 445 558 507
f 446 506 447
f 447 508 536
f 447 536 476
f 447 506 508
f 448 509 510
f 448 510 511
f 448 511 512
f 448 512 513
f 448 513 514
f 448 514 515
f 448 515 449
f 448 516 509
f 449 515 526
f 449 526 466
f 449 466 450
f 454 517 518
f 454 460 459
f 454 459 519
f 454 519 520
f 454 520 517
f 455 478 456
f 456 478 521
f 456 521 457
f 457 522 458
f 457 521 522
f 458 523 459
f 458 522 523
f 459 523 519
f 461 468 462
f 462 468 524
f 462 524 464
f 462 464 463
f 464 524 525
f 464 525 469
f 464 469 465
f 466 526 467
f 467 526 468
f 468 526 527
f 468 527 528
f 468 528 524
f 469 525 529
f 469 529 471
f 469 471 470
f 471 529 530
f 471 530 531
f 471 531 472
f 472 531 532
f 472 532 473
f 473 532 479
f 474 533 534
f 474 534 475
f 474 476 533
f 475 534 535
f 475 535 477
f 476 536 537
f 476 537 533
f 477 535 478
f 478 535 538
f 478 538 539
f 478 539 521
f 479 532 480
f 480 532 574
f 480 574 540
f 480 540 541
f 480 541 481
f 481 541 482
f 482 541 542
f 482 542 543
f 482 543 483
f 483 543 544
f 483 544 484
f 484 544 545
f 484 545 485
f 485 545 486
f 486 545 546
f 486 546 547
f 486 547 487
f 487 547 489
f 487 489 488
f 489 547 490
f 490 548 491
f 490 547 548
f 491 548 549
f 491 549 550
f 491 550 492
f 492 550 493
f 493 550 551
f 493 551 494
f 494 551 552
f 494 552 553
f 494 553 495
f 495 553 554
f 495 554 496
f 496 554 497
f 497 554 555
f 497 555 556
f 497 556 498
f 499 557 500
f 500 557 501
f 501 557 502
f 502 557 558
f 509 516 559
f 509 559 560
f 509 560 510
f 510 560 561
f 510 561 562
f 510 562 511
f 511 562 512
f 512 562 563
f 512 563 564
f 512 564 513
f 513 564 527
f 513 527 514
f 514 527 526
f 514 526 515
f 516 565 559
f 519 523 520
f 520 523 566
f 521 539 567
f 521 567 522
f 522 567 523
f 523 567 566
f 524 528 568
f 524 568 569
f 524 569 525
f 525 570 529
f 525 569 571
f 525 571 570
f 527 568 528
f 527 564 568
f 529 572 530
f 529 570 572
f 530 572 531
f 531 572 573
f 531 573 574
f 531 574 532
f 540 574 575
f 540 575 576
f 540 576 577
f 540 577 541
f 541 577 542
f 542 577 578
f 542 578 579
f 542 579 543
f 543 579 544
f 544 579 580
f 544 580 545
f 545 580 581
f 545 581 582
f 545 582 546
f 546 582 547
f 547 582 548
f 548 582 583
f 548 583 549
f 549 583 550
f 550 584 585
f 550 585 551
f 550 583 584
f 551 585 552
f 552 585 586
f 552 586 587
f 552 587 553
f 553 587 588
f 553 588 554
f 559 565 560
f 560 589 561
f 560 565 590
f 560 590 589
f 561 589 591
f 561 591 562
f 562 591 592
f 562 592 593
f 562 593 563
f 563 593 564
f 564 593 568
f 565 594 595
f 565 595 590
f 568 593 596
f 568 596 569
f 569 596 597
f 569 597 571
f 570 571 597
f 570 597 598
f 570 598 572
f 572 598 599
f 572 599 600
f 572 600 573
f 573 600 574
f 574 600 601
f 574 601 575
f 575 601 576
f 576 601 602
f 576 602 603
f 576 603 604
f 576 604 577
f 577 604 605
f 577 605 578
f 578 605 579
f 579 605 606
f 579 606 607
f 579 607 580
f 580 607 581
f 581 607 608
f 581 608 583
f 581 583 582
f 583 608 609
f 583 609 584
f 584 609 585
f 585 609 610
f 585 610 611
f 585 611 586
f 586 611 587
f 587 611 612
f 587 612 613
f 587 613 588
f 589 614 615
f 589 615 616
f 589 616 591
f 589 590 595
f 589 595 614
f 591 616 592
f 592 616 617
f 592 617 593
f 593 617 596
f 594 618 595
f 595 618 614
f 596 617 597
f 597 619 598
f 597 617 620
f 597 620 619
f 598 619 621
f 598 621 599
f 599 621 600
f 600 621 622
f 600 622 601
f 601 622 623
f 601 623 602
f 602 623 603
f 603 624 625
f 603 625 604
f 603 623 624
f 604 625 626
f 604 626 627
f 604 627 605
f 605 627 606
f 606 627 628
f 606 628 607
f 607 628 629
f 607 629 609
f 607 609 608
f 609 629 630
f 609 630 610
f 610 630 611
f 611 630 631
f 611 631 613
f 611 613 612
f 613 631 632
f 614 633 615
f 614 618 633
f 615 633 634
f 615 634 616
f 616 634 635
f 616 635 620
f 616 620 617
f 618 636 633
f 619 620 635
f 619 635 637
f 619 637 638
f 619 638 621
f 621 638 622
f 622 638 639
f 622 639 640
f 622 640 623
f 623 640 624
f 624 640 625
f 625 640 641
f 625 641 642
f 625 642 626
f 626 642 643
f 626 643 627
f 627 643 644
f 627 644 645
f 627 645 628
f 628 645 630
f 628 630 629
f 630 645 631
f 631 645 646
f 631 646 647
f 631 647 632
f 633 648 649
f 633 649 634
f 633 636 650
f 633 650 648
f 634 649 637
f 634 637 635
f 637 649 638
f 638 649 651
f 638 651 639
f 639 651 652
f 639 652 653
f 639 653 640
f 640 653 641
f 641 653 642
f 642 653 654
f 642 654 655
f 642 655 656
f 642 656 643
f 643 656 657
f 643 657 644
f 644 657 645
f 645 657 646
f 646 657 658
f 646 658 647
f 648 659 649
f 648 650 660
f 648 660 659
f 649 659 651
f 651 659 661
f 651 661 652
f 652 661 653
f 653 661 662
f 653 662 654
f 654 662 655
f 655 662 663
f 655 663 664
f 655 664 665
f 655 665 666
f 655 666 656
f 656 666 667
f 656 667 668
f 656 668 669
f 656 669 670
f 656 670 657
f 657 670 658
f 659 660 671
f 659 671 672
f 659 672 661
f 661 672 673
f 661 673 674
f 661 674 675
f 661 675 662
f 662 675 676
f 662 676 677
f 662 677 663
f 663 677 664

o geometry_1
v 0.07026225 -0.02286516 -0.01676385 1.62352941 1.27058823 1.92941175
v 0.07026225 -0.02286516 0.01676388 1.62352941 1.27058823 1.92941175
v 0.07026225 -0.02283384 -0.01711812 1.62352941 1.27058823 1.92941175
v 0.07525398 -0.02286516 -0.01676385 1.62352941 1.27058823 1.92941175
v 0.07525398 -0.02286516 0.01676388 1.62352941 1.27058823 1.92941175
v 0.07026225 -0.02283384 0.01711818 1.62352941 1.27058823 1.92941175
v 0.07026225 -0.02282937 -0.01715916 1.62352941 1.27058823 1.92941175
v 0.07525398 -0.02282937 -0.01715916 1.62352941 1.27058823 1.92941175
v 0.07560747 -0.02280249 -0.01715916 1.62352941 1.27058823 1.92941175
v 0.07561176 -0.02283384 -0.01676385 1.62352941 1.27058823 1.92941175
v 0.07561176 -0.02283384 0.01676388 1.62352941 1.27058823 1.92941175
v 0.07560747 -0.02280249 0.01715919 1.62352941 1.27058823 1.92941175
v 0.07525398 -0.02282937 0.01715919 1.62352941 1.27058823 1.92941175
v 0.07026225 -0.02282937 0.01715919 1.62352941 1.27058823 1.92941175
v 0.07026225 -0.02274432 -0.01747989 1.62352941 1.27058823 1.92941175
v 0.07525398 -0.02272641 -0.01754328 1.62352941 1.27058823 1.92941175
v 0.07596093 -0.02275329 -0.01676385 1.62352941 1.27058823 1.92941175
v 0.07559022 -0.02269956 -0.01754328 1.62352941 1.27058823 1.92941175
v 0.07591782 -0.02261901 -0.01754328 1.62352941 1.27058823 1.92941175
v 0.07595232 -0.02271747 -0.01715916 1.62352941 1.27058823 1.92941175
v 0.07578852 -0.02279355 0.00000003 1.62352941 1.27058823 1.92941175
v 0.07596093 -0.02275329 0.01676388 1.62352941 1.27058823 1.92941175
v 0.07595232 -0.02271747 0.01715919 1.62352941 1.27058823 1.92941175
v 0.07591782 -0.02261901 0.01754334 1.62352941 1.27058823 1.92941175
v 0.07559022 -0.02269956 0.01754334 1.62352941 1.27058823 1.92941175
v 0.07525398 -0.02272641 0.01754334 1.62352941 1.27058823 1.92941175
v 0.07026225 -0.02272641 0.01754334 1.62352941 1.27058823 1.92941175
v 0.07026225 -0.02272641 -0.01754328 1.62352941 1.27058823 1.92941175
v 0.07026225 -0.02257425 -0.01786776 1.62352941 1.27058823 1.92941175
v 0.07525398 -0.02255637 -0.01790505 1.62352941 1.27058823 1.92941175
v 0.07556436 -0.02253399 -0.01790505 1.62352941 1.27058823 1.92941175
v 0.07627560 -0.02258322 -0.01715916 1.62352941 1.27058823 1.92941175
v 0.07629285 -0.02261454 -0.01676385 1.62352941 1.27058823 1.92941175
v 0.07586610 -0.02245791 -0.01790505 1.62352941 1.27058823 1.92941175
v 0.07615491 -0.02234154 -0.01790505 1.62352941 1.27058823 1.92941175
v 0.07623252 -0.02248923 -0.01754328 1.62352941 1.27058823 1.92941175
v 0.07629285 -0.02261454 0.01676388 1.62352941 1.27058823 1.92941175
v 0.07627560 -0.02258322 0.01715919 1.62352941 1.27058823 1.92941175
v 0.07623252 -0.02248923 0.01754334 1.62352941 1.27058823 1.92941175
v 0.07615491 -0.02234154 0.01790508 1.62352941 1.27058823 1.92941175
v 0.07586610 -0.02245791 0.01790508 1.62352941 1.27058823 1.92941175
v 0.07556436 -0.02253399 0.01790508 1.62352941 1.27058823 1.92941175
v 0.07525398 -0.02255637 0.01790508 1.62352941 1.27058823 1.92941175
v 0.07026225 -0.02256084 0.01789389 1.62352941 1.27058823 1.92941175
v 0.07026225 -0.02256084 -0.01789386 1.62352941 1.27058823 1.92941175
v 0.07026225 -0.02253399 -0.01793862 1.62352941 1.27058823 1.92941175
v 0.07026225 -0.02233707 -0.01822206 1.62352941 1.27058823 1.92941175
v 0.07525398 -0.02232813 -0.01823325 1.62352941 1.27058823 1.92941175
v 0.07552986 -0.02230575 -0.01823325 1.62352941 1.27058823 1.92941175
v 0.07579713 -0.02224308 -0.01823325 1.62352941 1.27058823 1.92941175
v 0.07657737 -0.02239974 -0.01715916 1.62352941 1.27058823 1.92941175
v 0.07659891 -0.02242659 -0.01676385 1.62352941 1.27058823 1.92941175
v 0.07644804 -0.02252055 0.00000003 1.62352941 1.27058823 1.92941175
v 0.07605147 -0.02213568 -0.01823325 1.62352941 1.27058823 1.92941175
v 0.07641786 -0.02218044 -0.01790505 1.62352941 1.27058823 1.92941175
v 0.07651701 -0.02231469 -0.01754328 1.62352941 1.27058823 1.92941175
v 0.07659891 -0.02242659 0.01676388 1.62352941 1.27058823 1.92941175
v 0.07657737 -0.02239974 0.01715919 1.62352941 1.27058823 1.92941175
v 0.07651701 -0.02231469 0.01754334 1.62352941 1.27058823 1.92941175
v 0.07641786 -0.02218044 0.01790508 1.62352941 1.27058823 1.92941175
v 0.07605147 -0.02213568 0.01823328 1.62352941 1.27058823 1.92941175
v 0.07579713 -0.02224308 0.01823328 1.62352941 1.27058823 1.92941175
v 0.07552986 -0.02230575 0.01823328 1.62352941 1.27058823 1.92941175
v 0.07525398 -0.02232813 0.01823328 1.62352941 1.27058823 1.92941175
v 0.07026225 -0.02233707 0.01822209 1.62352941 1.27058823 1.92941175
v 0.07026225 -0.02253399 0.01793865 1.62352941 1.27058823 1.92941175
v 0.07026225 -0.02230128 -0.01825935 1.62352941 1.27058823 1.92941175
v 0.07026225 -0.02205513 -0.01850550 1.62352941 1.27058823 1.92941175
v 0.07525398 -0.02204616 -0.01851294 1.62352941 1.27058823 1.92941175
v 0.07548675 -0.02202828 -0.01851294 1.62352941 1.27058823 1.92941175
v 0.07571091 -0.02197458 -0.01851294 1.62352941 1.27058823 1.92941175
v 0.07677564 -0.02209539 -0.01754328 1.62352941 1.27058823 1.92941175
v 0.07684893 -0.02216700 -0.01715916 1.62352941 1.27058823 1.92941175
v 0.07687050 -0.02219385 -0.01676385 1.62352941 1.27058823 1.92941175
v 0.07673685 -0.02231022 0.00000003 1.62352941 1.27058823 1.92941175
v 0.07592214 -0.02188506 -0.01851294 1.62352941 1.27058823 1.92941175
v 0.07612044 -0.02176422 -0.01851294 1.62352941 1.27058823 1.92941175
v 0.07628424 -0.02199246 -0.01823325 1.62352941 1.27058823 1.92941175
v 0.07649544 -0.02181345 -0.01823325 1.62352941 1.27058823 1.92941175
v 0.07665495 -0.02197905 -0.01790505 1.62352941 1.27058823 1.92941175
v 0.07687050 -0.02219385 0.01676388 1.62352941 1.27058823 1.92941175
v 0.07684893 -0.02216700 0.01715919 1.62352941 1.27058823 1.92941175
v 0.07677564 -0.02209539 0.01754334 1.62352941 1.27058823 1.92941175
v 0.07665495 -0.02197905 0.01790508 1.62352941 1.27058823 1.92941175
v 0.07649544 -0.02181345 0.01823328 1.62352941 1.27058823 1.92941175
v 0.07628424 -0.02199246 0.01823328 1.62352941 1.27058823 1.92941175
v 0.07612044 -0.02176422 0.01851300 1.62352941 1.27058823 1.92941175
v 0.07592214 -0.02188506 0.01851300 1.62352941 1.27058823 1.92941175
v 0.07571091 -0.02197458 0.01851300 1.62352941 1.27058823 1.92941175
v 0.07548675 -0.02202828 0.01851300 1.62352941 1.27058823 1.92941175
v 0.07525398 -0.02204616 0.01851300 1.62352941 1.27058823 1.92941175
v 0.07026225 -0.02205513 0.01850553 1.62352941 1.27058823 1.92941175
v 0.07026225 -0.02230128 0.01825938 1.62352941 1.27058823 1.92941175
v 0.07026225 -0.02203722 -0.01852041 1.62352941 1.27058823 1.92941175
v 0.07026225 -0.02173290 -0.01873299 1.62352941 1.27058823 1.92941175
v 0.07525398 -0.02171949 -0.01874043 1.62352941 1.27058823 1.92941175
v 0.07543503 -0.02170605 -0.01874043 1.62352941 1.27058823 1.92941175
v 0.07560747 -0.02166576 -0.01874043 1.62352941 1.27058823 1.92941175
v 0.08596599 -0.01290756 -0.01754328 1.62352941 1.27058823 1.92941175
v 0.08603928 -0.01297917 -0.01715916 1.62352941 1.27058823 1.92941175
v 0.08605650 -0.01299705 -0.01686081 1.62352941 1.27058823 1.92941175
v 0.10443288 0.00537864 -0.01686081 1.62352941 1.27058823 1.92941175
v 0.11362755 0.01456203 -0.01676385 1.62352941 1.27058823 1.92941175
v 0.07577556 -0.02159418 -0.01874043 1.62352941 1.27058823 1.92941175
v 0.07592646 -0.02150019 -0.01874043 1.62352941 1.27058823 1.92941175
v 0.07606440 -0.02138382 -0.01874043 1.62352941 1.27058823 1.92941175
v 0.07629285 -0.02161653 -0.01851294 1.62352941 1.27058823 1.92941175
v 0.08568579 -0.01262559 -0.01823325 1.62352941 1.27058823 1.92941175
v 0.10418286 0.00562926 -0.01798710 1.62352941 1.27058823 1.92941175
v 0.10422168 0.00558900 -0.01790505 1.62352941 1.27058823 1.92941175
v 0.10425183 0.00555765 -0.01781553 1.62352941 1.27058823 1.92941175
v 0.10434237 0.00546816 -0.01754328 1.62352941 1.27058823 1.92941175
v 0.08605650 -0.01299705 0.01686084 1.62352941 1.27058823 1.92941175
v 0.08603928 -0.01297917 0.01715919 1.62352941 1.27058823 1.92941175
v 0.11362755 0.01456203 0.01676388 1.62352941 1.27058823 1.92941175
v 0.10443288 0.00537864 0.01686084 1.62352941 1.27058823 1.92941175
v 0.08596599 -0.01290756 0.01754334 1.62352941 1.27058823 1.92941175
v 0.08568579 -0.01262559 0.01823328 1.62352941 1.27058823 1.92941175
v 0.10434237 0.00546816 0.01754334 1.62352941 1.27058823 1.92941175
v 0.10425183 0.00555765 0.01781559 1.62352941 1.27058823 1.92941175
v 0.10422168 0.00558900 0.01790508 1.62352941 1.27058823 1.92941175
v 0.10418286 0.00562926 0.01798713 1.62352941 1.27058823 1.92941175
v 0.07629285 -0.02161653 0.01851300 1.62352941 1.27058823 1.92941175
v 0.07606440 -0.02138382 0.01874049 1.62352941 1.27058823 1.92941175
v 0.07592646 -0.02150019 0.01874049 1.62352941 1.27058823 1.92941175
v 0.07577556 -0.02159418 0.01874049 1.62352941 1.27058823 1.92941175
v 0.07560747 -0.02166576 0.01874049 1.62352941 1.27058823 1.92941175
v 0.07543503 -0.02170605 0.01874049 1.62352941 1.27058823 1.92941175
v 0.07525398 -0.02171949 0.01874049 1.62352941 1.27058823 1.92941175
v 0.07026225 -0.02173290 0.01873302 1.62352941 1.27058823 1.92941175
v 0.07026225 -0.02203722 0.01852044 1.62352941 1.27058823 1.92941175
v 0.07026225 -0.02170605 -0.01874790 1.62352941 1.27058823 1.92941175
v 0.07026225 -0.02166129 -0.01877028 1.62352941 1.27058823 1.92941175
v 0.07525398 -0.02135697 -0.01891200 1.62352941 1.27058823 1.92941175
v 0.07537899 -0.02134803 -0.01891200 1.62352941 1.27058823 1.92941175
v 0.07549539 -0.02132118 -0.01891200 1.62352941 1.27058823 1.92941175
v 0.07561176 -0.02127195 -0.01891200 1.62352941 1.27058823 1.92941175
v 0.10441566 0.00539655 -0.01715916 1.62352941 1.27058823 1.92941175
v 0.11360166 0.01458888 -0.01715916 1.62352941 1.27058823 1.92941175
v 0.11383446 0.01485741 -0.01715916 1.62352941 1.27058823 1.92941175
v 0.11386032 0.01483503 -0.01676385 1.62352941 1.27058823 1.92941175
v 0.07571523 -0.02120928 -0.01891200 1.62352941 1.27058823 1.92941175
v 0.07581006 -0.02112873 -0.01891200 1.62352941 1.27058823 1.92941175
v 0.08519007 -0.01213332 -0.01878519 1.62352941 1.27058823 1.92941175
v 0.08525472 -0.01219596 -0.01874043 1.62352941 1.27058823 1.92941175
v 0.08531076 -0.01225416 -0.01868451 1.62352941 1.27058823 1.92941175
v 0.10368714 0.00612156 -0.01868451 1.62352941 1.27058823 1.92941175
v 0.11304990 0.01513935 -0.01851294 1.62352941 1.27058823 1.92941175
v 0.10405785 0.00575010 -0.01823325 1.62352941 1.27058823 1.92941175
v 0.10410096 0.00570981 -0.01815120 1.62352941 1.27058823 1.92941175
v 0.11341200 0.01478130 -0.01790505 1.62352941 1.27058823 1.92941175
v 0.11353272 0.01466049 -0.01754328 1.62352941 1.27058823 1.92941175
v 0.10441566 0.00539655 0.01715919 1.62352941 1.27058823 1.92941175
v 0.11386032 0.01483503 0.01676388 1.62352941 1.27058823 1.92941175
v 0.11383446 0.01485741 0.01715919 1.62352941 1.27058823 1.92941175
v 0.11360166 0.01458888 0.01715919 1.62352941 1.27058823 1.92941175
v 0.10410096 0.00570981 0.01815123 1.62352941 1.27058823 1.92941175
v 0.10405785 0.00575010 0.01823328 1.62352941 1.27058823 1.92941175
v 0.11304990 0.01513935 0.01851300 1.62352941 1.27058823 1.92941175
v 0.11353272 0.01466049 0.01754334 1.62352941 1.27058823 1.92941175
v 0.11341200 0.01478130 0.01790508 1.62352941 1.27058823 1.92941175
v 0.08531076 -0.01225416 0.01868454 1.62352941 1.27058823 1.92941175
v 0.10368714 0.00612156 0.01868454 1.62352941 1.27058823 1.92941175
v 0.08525472 -0.01219596 0.01874049 1.62352941 1.27058823 1.92941175
v 0.08519007 -0.01213332 0.01878525 1.62352941 1.27058823 1.92941175
v 0.07581006 -0.02112873 0.01891203 1.62352941 1.27058823 1.92941175
v 0.07571523 -0.02120928 0.01891203 1.62352941 1.27058823 1.92941175
v 0.07561176 -0.02127195 0.01891203 1.62352941 1.27058823 1.92941175
v 0.07549539 -0.02132118 0.01891203 1.62352941 1.27058823 1.92941175
v 0.07537899 -0.02134803 0.01891203 1.62352941 1.27058823 1.92941175
v 0.07525398 -0.02135697 0.01891203 1.62352941 1.27058823 1.92941175
v 0.07026225 -0.02166129 0.01877031 1.62352941 1.27058823 1.92941175
v 0.07026225 -0.02170605 0.01874793 1.62352941 1.27058823 1.92941175
v 0.07026225 -0.02135697 -0.01891200 1.62352941 1.27058823 1.92941175
v 0.07026225 -0.02103921 -0.01899777 1.62352941 1.27058823 1.92941175
v 0.07525398 -0.02097210 -0.01901268 1.62352941 1.27058823 1.92941175
v 0.07531863 -0.02096763 -0.01901268 1.62352941 1.27058823 1.92941175
v 0.07537899 -0.02095419 -0.01901268 1.62352941 1.27058823 1.92941175
v 0.07543503 -0.02093181 -0.01901268 1.62352941 1.27058823 1.92941175
v 0.11374824 0.01491558 -0.01754328 1.62352941 1.27058823 1.92941175
v 0.11401980 0.01515723 -0.01715916 1.62352941 1.27058823 1.92941175
v 0.11404998 0.01514382 -0.01676385 1.62352941 1.27058823 1.92941175
v 0.11395515 0.01498719 0.00000003 1.62352941 1.27058823 1.92941175
v 0.07548675 -0.02089602 -0.01901268 1.62352941 1.27058823 1.92941175
v 0.07553418 -0.02085573 -0.01901268 1.62352941 1.27058823 1.92941175
v 0.08500041 -0.01194087 -0.01891200 1.62352941 1.27058823 1.92941175
v 0.10337247 0.00643482 -0.01891200 1.62352941 1.27058823 1.92941175
v 0.10356645 0.00624687 -0.01878519 1.62352941 1.27058823 1.92941175
v 0.10363110 0.00617973 -0.01874043 1.62352941 1.27058823 1.92941175
v 0.11282145 0.01537206 -0.01874043 1.62352941 1.27058823 1.92941175
v 0.11293782 0.01550631 -0.01874043 1.62352941 1.27058823 1.92941175
v 0.11320077 0.01531389 -0.01851294 1.62352941 1.27058823 1.92941175
v 0.11342925 0.01514829 -0.01823325 1.62352941 1.27058823 1.92941175
v 0.11324820 0.01494243 -0.01823325 1.62352941 1.27058823 1.92941175
v 0.11361459 0.01501404 -0.01790505 1.62352941 1.27058823 1.92941175
v 0.11404998 0.01514382 0.01676388 1.62352941 1.27058823 1.92941175
v 0.11401980 0.01515723 0.01715919 1.62352941 1.27058823 1.92941175
v 0.11374824 0.01491558 0.01754334 1.62352941 1.27058823 1.92941175
v 0.11324820 0.01494243 0.01823328 1.62352941 1.27058823 1.92941175
v 0.11342925 0.01514829 0.01823328 1.62352941 1.27058823 1.92941175
v 0.11320077 0.01531389 0.01851300 1.62352941 1.27058823 1.92941175
v 0.11293782 0.01550631 0.01874049 1.62352941 1.27058823 1.92941175
v 0.11282145 0.01537206 0.01874049 1.62352941 1.27058823 1.92941175
v 0.11361459 0.01501404 0.01790508 1.62352941 1.27058823 1.92941175
v 0.10363110 0.00617973 0.01874049 1.62352941 1.27058823 1.92941175
v 0.08500041 -0.01194087 0.01891203 1.62352941 1.27058823 1.92941175
v 0.10356645 0.00624687 0.01878525 1.62352941 1.27058823 1.92941175
v 0.10337247 0.00643482 0.01891203 1.62352941 1.27058823 1.92941175
v 0.07553418 -0.02085573 0.01901274 1.62352941 1.27058823 1.92941175
v 0.07548675 -0.02089602 0.01901274 1.62352941 1.27058823 1.92941175
v 0.07543503 -0.02093181 0.01901274 1.62352941 1.27058823 1.92941175
v 0.07537899 -0.02095419 0.01901274 1.62352941 1.27058823 1.92941175
v 0.07531863 -0.02096763 0.01901274 1.62352941 1.27058823 1.92941175
v 0.07525398 -0.02097210 0.01901274 1.62352941 1.27058823 1.92941175
v 0.07026225 -0.02103921 0.01899783 1.62352941 1.27058823 1.92941175
v 0.07026225 -0.02135697 0.01891203 1.62352941 1.27058823 1.92941175
v 0.07026225 -0.02097210 -0.01901268 1.62352941 1.27058823 1.92941175
v 0.07026225 -0.02093628 -0.01901643 1.62352941 1.27058823 1.92941175
v 0.07026225 -0.02064093 -0.01904253 1.62352941 1.27058823 1.92941175
v 0.07525398 -0.02057826 -0.01904625 1.62352941 1.27058823 1.92941175
v 0.11392497 0.01520646 -0.01754328 1.62352941 1.27058823 1.92941175
v 0.11405430 0.01551528 -0.01754328 1.62352941 1.27058823 1.92941175
v 0.11415345 0.01548393 -0.01715916 1.62352941 1.27058823 1.92941175
v 0.11418792 0.01547499 -0.01676385 1.62352941 1.27058823 1.92941175
v 0.08465556 -0.01159629 -0.01902387 1.62352941 1.27058823 1.92941175
v 0.08472453 -0.01166787 -0.01901268 1.62352941 1.27058823 1.92941175
v 0.10310088 0.00670782 -0.01901268 1.62352941 1.27058823 1.92941175
v 0.11256279 0.01562715 -0.01891200 1.62352941 1.27058823 1.92941175
v 0.11264469 0.01572114 -0.01891200 1.62352941 1.27058823 1.92941175
v 0.11332149 0.01551078 -0.01851294 1.62352941 1.27058823 1.92941175
v 0.11270937 0.01582407 -0.01891200 1.62352941 1.27058823 1.92941175
v 0.11302836 0.01565847 -0.01874043 1.62352941 1.27058823 1.92941175
v 0.11357151 0.01538547 -0.01823325 1.62352941 1.27058823 1.92941175
v 0.11377410 0.01528254 -0.01790505 1.62352941 1.27058823 1.92941175
v 0.11418792 0.01547499 0.01676388 1.62352941 1.27058823 1.92941175
v 0.11415345 0.01548393 0.01715919 1.62352941 1.27058823 1.92941175
v 0.11405430 0.01551528 0.01754334 1.62352941 1.27058823 1.92941175
v 0.11392497 0.01520646 0.01754334 1.62352941 1.27058823 1.92941175
v 0.11357151 0.01538547 0.01823328 1.62352941 1.27058823 1.92941175
v 0.11332149 0.01551078 0.01851300 1.62352941 1.27058823 1.92941175
v 0.11302836 0.01565847 0.01874049 1.62352941 1.27058823 1.92941175
v 0.11270937 0.01582407 0.01891203 1.62352941 1.27058823 1.92941175
v 0.11264469 0.01572114 0.01891203 1.62352941 1.27058823 1.92941175
v 0.11256279 0.01562715 0.01891203 1.62352941 1.27058823 1.92941175
v 0.11377410 0.01528254 0.01790508 1.62352941 1.27058823 1.92941175
v 0.08472453 -0.01166787 0.01901274 1.62352941 1.27058823 1.92941175
v 0.10310088 0.00670782 0.01901274 1.62352941 1.27058823 1.92941175
v 0.07525398 -0.02057826 0.01904631 1.62352941 1.27058823 1.92941175
v 0.08465556 -0.01159629 0.01902393 1.62352941 1.27058823 1.92941175
v 0.07026225 -0.02095866 0.01901646 1.62352941 1.27058823 1.92941175
v 0.07026225 -0.02059170 -0.01904625 1.62352941 1.27058823 1.92941175
v 0.08451762 -0.01145754 -0.01903881 1.62352941 1.27058823 1.92941175
v 0.07026225 -0.01516311 -0.01905000 1.62352941 1.27058823 1.92941175
v 0.11201103 0.01617762 -0.01904625 1.62352941 1.27058823 1.92941175
v 0.11389479 0.01556898 -0.01790505 1.62352941 1.27058823 1.92941175
v 0.11396808 0.01586883 -0.01790505 1.62352941 1.27058823 1.92941175
v 0.11413188 0.01584198 -0.01754328 1.62352941 1.27058823 1.92941175
v 0.11423535 0.01582854 -0.01715916 1.62352941 1.27058823 1.92941175
v 0.11426982 0.01582407 -0.01676385 1.62352941 1.27058823 1.92941175
v 0.10303191 0.00677943 -0.01902387 1.62352941 1.27058823 1.92941175
v 0.11229123 0.01590015 -0.01901268 1.62352941 1.27058823 1.92941175
v 0.11233434 0.01594491 -0.01901268 1.62352941 1.27058823 1.92941175
v 0.11309733 0.01582407 -0.01874043 1.62352941 1.27058823 1.92941175
v 0.11340771 0.01572561 -0.01851294 1.62352941 1.27058823 1.92941175
v 0.11367927 0.01564059 -0.01823325 1.62352941 1.27058823 1.92941175
v 0.11236452 0.01599861 -0.01901268 1.62352941 1.27058823 1.92941175
v 0.11239038 0.01605678 -0.01901268 1.62352941 1.27058823 1.92941175
v 0.11275680 0.01593594 -0.01891200 1.62352941 1.27058823 1.92941175
v 0.11426982 0.01582407 0.01676388 1.62352941 1.27058823 1.92941175
v 0.11423535 0.01582854 0.01715919 1.62352941 1.27058823 1.92941175
v 0.11413188 0.01584198 0.01754334 1.62352941 1.27058823 1.92941175
v 0.11396808 0.01586883 0.01790508 1.62352941 1.27058823 1.92941175
v 0.11389479 0.01556898 0.01790508 1.62352941 1.27058823 1.92941175
v 0.11367927 0.01564059 0.01823328 1.62352941 1.27058823 1.92941175
v 0.11340771 0.01572561 0.01851300 1.62352941 1.27058823 1.92941175
v 0.11309733 0.01582407 0.01874049 1.62352941 1.27058823 1.92941175
v 0.11275680 0.01593594 0.01891203 1.62352941 1.27058823 1.92941175
v 0.11239038 0.01605678 0.01901274 1.62352941 1.27058823 1.92941175
v 0.11236452 0.01599861 0.01901274 1.62352941 1.27058823 1.92941175
v 0.11233434 0.01594491 0.01901274 1.62352941 1.27058823 1.92941175
v 0.11229123 0.01590015 0.01901274 1.62352941 1.27058823 1.92941175
v 0.10303191 0.00677943 0.01902393 1.62352941 1.27058823 1.92941175
v 0.07026225 -0.02059170 0.01904631 1.62352941 1.27058823 1.92941175
v 0.07026225 -0.02064093 0.01904256 1.62352941 1.27058823 1.92941175
v 0.10282071 0.00698976 0.01905003 1.62352941 1.27058823 1.92941175
v 0.11201103 0.01617762 0.01905003 1.62352941 1.27058823 1.92941175
v 0.07026225 -0.00683454 -0.01905000 1.62352941 1.27058823 1.92941175
v 0.11201103 0.02056791 -0.01904625 1.62352941 1.27058823 1.92941175
v 0.11240763 0.01617762 -0.01901268 1.62352941 1.27058823 1.92941175
v 0.11240331 0.01611945 -0.01901268 1.62352941 1.27058823 1.92941175
v 0.11373963 0.01590462 -0.01823325 1.62352941 1.27058823 1.92941175
v 0.11376117 0.01617762 -0.01823325 1.62352941 1.27058823 1.92941175
v 0.11398965 0.01617762 -0.01790505 1.62352941 1.27058823 1.92941175
v 0.11416206 0.01617762 -0.01754328 1.62352941 1.27058823 1.92941175
v 0.11426121 0.01617762 -0.01715916 1.62352941 1.27058823 1.92941175
v 0.11429568 0.01617762 -0.01676385 1.62352941 1.27058823 1.92941175
v 0.11428275 0.01599861 0.00000003 1.62352941 1.27058823 1.92941175
v 0.11314044 0.01599861 -0.01874043 1.62352941 1.27058823 1.92941175
v 0.11346372 0.01594938 -0.01851294 1.62352941 1.27058823 1.92941175
v 0.11278266 0.01605678 -0.01891200 1.62352941 1.27058823 1.92941175
v 0.11429568 0.01617762 0.01676388 1.62352941 1.27058823 1.92941175
v 0.11426121 0.01617762 0.01715919 1.62352941 1.27058823 1.92941175
v 0.11416206 0.01617762 0.01754334 1.62352941 1.27058823 1.92941175
v 0.11373963 0.01590462 0.01823328 1.62352941 1.27058823 1.92941175
v 0.11398965 0.01617762 0.01790508 1.62352941 1.27058823 1.92941175
v 0.11376117 0.01617762 0.01823328 1.62352941 1.27058823 1.92941175
v 0.11346372 0.01594938 0.01851300 1.62352941 1.27058823 1.92941175
v 0.11314044 0.01599861 0.01874049 1.62352941 1.27058823 1.92941175
v 0.11278266 0.01605678 0.01891203 1.62352941 1.27058823 1.92941175
v 0.11240331 0.01611945 0.01901274 1.62352941 1.27058823 1.92941175
v 0.09471234 0.01538100 0.01905003 1.62352941 1.27058823 1.92941175
v 0.07026225 0.01295538 0.01904631 1.62352941 1.27058823 1.92941175
v 0.11240763 0.01617762 0.01901274 1.62352941 1.27058823 1.92941175
v 0.11201103 0.02056791 0.01905003 1.62352941 1.27058823 1.92941175
v 0.07026225 0.01295538 -0.01904625 1.62352941 1.27058823 1.92941175
v 0.07848699 0.02056791 -0.01904625 1.62352941 1.27058823 1.92941175
v 0.09524685 0.02076483 -0.01903134 1.62352941 1.27058823 1.92941175
v 0.11201103 0.02096175 -0.01901268 1.62352941 1.27058823 1.92941175
v 0.11240763 0.02056791 -0.01901268 1.62352941 1.27058823 1.92941175
v 0.11279559 0.01617762 -0.01891200 1.62352941 1.27058823 1.92941175
v 0.11348097 0.01617762 -0.01851294 1.62352941 1.27058823 1.92941175
v 0.11376117 0.02056791 -0.01823325 1.62352941 1.27058823 1.92941175
v 0.11398965 0.02056791 -0.01790505 1.62352941 1.27058823 1.92941175
v 0.11416206 0.02056791 -0.01754328 1.62352941 1.27058823 1.92941175
v 0.11426121 0.02056791 -0.01715916 1.62352941 1.27058823 1.92941175
v 0.11429568 0.02056791 -0.01676385 1.62352941 1.27058823 1.92941175
v 0.11315337 0.01617762 -0.01874043 1.62352941 1.27058823 1.92941175
v 0.11429568 0.02056791 0.01676388 1.62352941 1.27058823 1.92941175
v 0.11426121 0.02056791 0.01715919 1.62352941 1.27058823 1.92941175
v 0.11416206 0.02056791 0.01754334 1.62352941 1.27058823 1.92941175
v 0.11398965 0.02056791 0.01790508 1.62352941 1.27058823 1.92941175
v 0.11348097 0.01617762 0.01851300 1.62352941 1.27058823 1.92941175
v 0.11376117 0.02056791 0.01823328 1.62352941 1.27058823 1.92941175
v 0.11315337 0.01617762 0.01874049 1.62352941 1.27058823 1.92941175
v 0.11279559 0.01617762 0.01891203 1.62352941 1.27058823 1.92941175
v 0.09524685 0.02056791 0.01905003 1.62352941 1.27058823 1.92941175
v 0.07026225 0.01331340 0.01901646 1.62352941 1.27058823 1.92941175
v 0.07848699 0.02056791 0.01904631 1.62352941 1.27058823 1.92941175
v 0.07823265 0.02087223 0.01901274 1.62352941 1.27058823 1.92941175
v 0.11240763 0.02056791 0.01901274 1.62352941 1.27058823 1.92941175
v 0.11240763 0.02095728 0.01897917 1.62352941 1.27058823 1.92941175
v 0.11201103 0.02096175 0.01901274 1.62352941 1.27058823 1.92941175
v 0.07026225 0.01331340 -0.01901643 1.62352941 1.27058823 1.92941175
v 0.07848699 0.02096175 -0.01901268 1.62352941 1.27058823 1.92941175
v 0.11240763 0.02095728 -0.01897914 1.62352941 1.27058823 1.92941175
v 0.11201103 0.02134662 -0.01891200 1.62352941 1.27058823 1.92941175
v 0.11279559 0.02056791 -0.01891200 1.62352941 1.27058823 1.92941175
v 0.11348097 0.02056791 -0.01851294 1.62352941 1.27058823 1.92941175
v 0.11348097 0.02087223 -0.01848684 1.62352941 1.27058823 1.92941175
v 0.11376117 0.02082300 -0.01821087 1.62352941 1.27058823 1.92941175
v 0.11398965 0.02076483 -0.01788639 1.62352941 1.27058823 1.92941175
v 0.11416206 0.02070219 -0.01753209 1.62352941 1.27058823 1.92941175
v 0.11426121 0.02063505 -0.01715169 1.62352941 1.27058823 1.92941175
v 0.11426121 0.02070219 -0.01713678 1.62352941 1.27058823 1.92941175
v 0.11426121 0.02076483 -0.01710693 1.62352941 1.27058823 1.92941175
v 0.11426121 0.02082300 -0.01706592 1.62352941 1.27058823 1.92941175
v 0.11426121 0.02087223 -0.01701744 1.62352941 1.27058823 1.92941175
v 0.11426121 0.02091252 -0.01696149 1.62352941 1.27058823 1.92941175
v 0.11426121 0.02093937 -0.01689810 1.62352941 1.27058823 1.92941175
v 0.11426121 0.02095728 -0.01683096 1.62352941 1.27058823 1.92941175
v 0.11426121 0.02096175 -0.01676385 1.62352941 1.27058823 1.92941175
v 0.11315337 0.02056791 -0.01874043 1.62352941 1.27058823 1.92941175
v 0.11426121 0.02096175 0.01676388 1.62352941 1.27058823 1.92941175
v 0.11426121 0.02095728 0.01683102 1.62352941 1.27058823 1.92941175
v 0.11426121 0.02093937 0.01689813 1.62352941 1.27058823 1.92941175
v 0.11426121 0.02091252 0.01696155 1.62352941 1.27058823 1.92941175
v 0.11426121 0.02087223 0.01701747 1.62352941 1.27058823 1.92941175
v 0.11426121 0.02082300 0.01706598 1.62352941 1.27058823 1.92941175
v 0.11426121 0.02076483 0.01710699 1.62352941 1.27058823 1.92941175
v 0.11426121 0.02070219 0.01713681 1.62352941 1.27058823 1.92941175
v 0.11426121 0.02063505 0.01715175 1.62352941 1.27058823 1.92941175
v 0.11416206 0.02070219 0.01753215 1.62352941 1.27058823 1.92941175
v 0.11398965 0.02076483 0.01788645 1.62352941 1.27058823 1.92941175
v 0.11376117 0.02082300 0.01821090 1.62352941 1.27058823 1.92941175
v 0.11348097 0.02056791 0.01851300 1.62352941 1.27058823 1.92941175
v 0.11348097 0.02087223 0.01848687 1.62352941 1.27058823 1.92941175
v 0.11315337 0.02056791 0.01874049 1.62352941 1.27058823 1.92941175
v 0.11279559 0.02056791 0.01891203 1.62352941 1.27058823 1.92941175
v 0.07848699 0.02096175 0.01901274 1.62352941 1.27058823 1.92941175
v 0.07026225 0.01335369 0.01901274 1.62352941 1.27058823 1.92941175
v 0.07841802 0.02095728 0.01901274 1.62352941 1.27058823 1.92941175
v 0.07835334 0.02093937 0.01901274 1.62352941 1.27058823 1.92941175
v 0.07828869 0.02091252 0.01901274 1.62352941 1.27058823 1.92941175
v 0.07798695 0.02116761 0.01891203 1.62352941 1.27058823 1.92941175
v 0.11279559 0.02093937 0.01887849 1.62352941 1.27058823 1.92941175
v 0.11240763 0.02133768 0.01887849 1.62352941 1.27058823 1.92941175
v 0.11201103 0.02134662 0.01891203 1.62352941 1.27058823 1.92941175
v 0.07026225 0.01333578 -0.01901268 1.62352941 1.27058823 1.92941175
v 0.07809903 0.02096175 -0.01897914 1.62352941 1.27058823 1.92941175
v 0.07848699 0.02134662 -0.01891200 1.62352941 1.27058823 1.92941175
v 0.11279559 0.02093937 -0.01887843 1.62352941 1.27058823 1.92941175
v 0.11240763 0.02133768 -0.01887843 1.62352941 1.27058823 1.92941175
v 0.09524685 0.02153010 -0.01882623 1.62352941 1.27058823 1.92941175
v 0.11201103 0.02170914 -0.01874043 1.62352941 1.27058823 1.92941175
v 0.11315337 0.02091252 -0.01871061 1.62352941 1.27058823 1.92941175
v 0.11348097 0.02116761 -0.01840851 1.62352941 1.27058823 1.92941175
v 0.11376117 0.02106915 -0.01814373 1.62352941 1.27058823 1.92941175
v 0.11398965 0.02095728 -0.01783791 1.62352941 1.27058823 1.92941175
v 0.11416206 0.02083197 -0.01749855 1.62352941 1.27058823 1.92941175
v 0.11416206 0.02095728 -0.01743885 1.62352941 1.27058823 1.92941175
v 0.11416206 0.02106915 -0.01736055 1.62352941 1.27058823 1.92941175
v 0.11416206 0.02116761 -0.01726359 1.62352941 1.27058823 1.92941175
v 0.11416206 0.02124369 -0.01715169 1.62352941 1.27058823 1.92941175
v 0.11416206 0.02130186 -0.01702863 1.62352941 1.27058823 1.92941175
v 0.11416206 0.02133768 -0.01689810 1.62352941 1.27058823 1.92941175
v 0.11416206 0.02134662 -0.01676385 1.62352941 1.27058823 1.92941175
v 0.11416206 0.02134662 0.01676388 1.62352941 1.27058823 1.92941175
v 0.11416206 0.02133768 0.01689813 1.62352941 1.27058823 1.92941175
v 0.11416206 0.02130186 0.01702866 1.62352941 1.27058823 1.92941175
v 0.11416206 0.02124369 0.01715175 1.62352941 1.27058823 1.92941175
v 0.11416206 0.02116761 0.01726362 1.62352941 1.27058823 1.92941175
v 0.11416206 0.02106915 0.01736058 1.62352941 1.27058823 1.92941175
v 0.11416206 0.02095728 0.01743891 1.62352941 1.27058823 1.92941175
v 0.11416206 0.02083197 0.01749858 1.62352941 1.27058823 1.92941175
v 0.11398965 0.02095728 0.01783797 1.62352941 1.27058823 1.92941175
v 0.11376117 0.02106915 0.01814376 1.62352941 1.27058823 1.92941175
v 0.11348097 0.02116761 0.01840857 1.62352941 1.27058823 1.92941175
v 0.11315337 0.02091252 0.01871064 1.62352941 1.27058823 1.92941175
v 0.07848699 0.02134662 0.01891203 1.62352941 1.27058823 1.92941175
v 0.07026225 0.01369827 0.01891950 1.62352941 1.27058823 1.92941175
v 0.07835334 0.02133768 0.01891203 1.62352941 1.27058823 1.92941175
v 0.07821972 0.02130186 0.01891203 1.62352941 1.27058823 1.92941175
v 0.07809903 0.02124369 0.01891203 1.62352941 1.27058823 1.92941175
v 0.07791798 0.02155695 0.01874049 1.62352941 1.27058823 1.92941175
v 0.07775418 0.02144061 0.01874049 1.62352941 1.27058823 1.92941175
v 0.07026225 0.01372065 0.01891203 1.62352941 1.27058823 1.92941175
v 0.11279559 0.02130186 0.01878150 1.62352941 1.27058823 1.92941175
v 0.11279559 0.02164200 0.01862115 1.62352941 1.27058823 1.92941175
v 0.11240763 0.02169123 0.01871064 1.62352941 1.27058823 1.92941175
v 0.11201103 0.02170914 0.01874049 1.62352941 1.27058823 1.92941175
v 0.09524685 0.02153010 0.01882626 1.62352941 1.27058823 1.92941175
v 0.07026225 0.01338948 -0.01900149 1.62352941 1.27058823 1.92941175
v 0.07811628 0.02134662 -0.01887843 1.62352941 1.27058823 1.92941175
v 0.07026225 0.01369827 -0.01891947 1.62352941 1.27058823 1.92941175
v 0.07814643 0.02170914 -0.01871061 1.62352941 1.27058823 1.92941175
v 0.07848699 0.02170914 -0.01874043 1.62352941 1.27058823 1.92941175
v 0.11279559 0.02130186 -0.01878147 1.62352941 1.27058823 1.92941175
v 0.11240763 0.02169123 -0.01871061 1.62352941 1.27058823 1.92941175
v 0.11279559 0.02164200 -0.01862109 1.62352941 1.27058823 1.92941175
v 0.09524685 0.02187471 -0.01862856 1.62352941 1.27058823 1.92941175
v 0.11201103 0.02203581 -0.01851294 1.62352941 1.27058823 1.92941175
v 0.11240763 0.02201346 -0.01848684 1.62352941 1.27058823 1.92941175
v 0.11315337 0.02124369 -0.01862109 1.62352941 1.27058823 1.92941175
v 0.11315337 0.02155695 -0.01847565 1.62352941 1.27058823 1.92941175
v 0.11348097 0.02144061 -0.01827798 1.62352941 1.27058823 1.92941175
v 0.11376117 0.02130186 -0.01803558 1.62352941 1.27058823 1.92941175
v 0.11398965 0.02113629 -0.01775214 1.62352941 1.27058823 1.92941175
v 0.11398965 0.02130186 -0.01763652 1.62352941 1.27058823 1.92941175
v 0.11398965 0.02144061 -0.01749855 1.62352941 1.27058823 1.92941175
v 0.11398965 0.02155695 -0.01733445 1.62352941 1.27058823 1.92941175
v 0.11398965 0.02164200 -0.01715169 1.62352941 1.27058823 1.92941175
v 0.11398965 0.02169123 -0.01696149 1.62352941 1.27058823 1.92941175
v 0.11398965 0.02170914 -0.01676385 1.62352941 1.27058823 1.92941175
v 0.11407584 0.02153010 0.00000003 1.62352941 1.27058823 1.92941175
v 0.11398965 0.02170914 0.01676388 1.62352941 1.27058823 1.92941175
v 0.11398965 0.02169123 0.01696155 1.62352941 1.27058823 1.92941175
v 0.11398965 0.02164200 0.01715175 1.62352941 1.27058823 1.92941175
v 0.11398965 0.02155695 0.01733448 1.62352941 1.27058823 1.92941175
v 0.11398965 0.02144061 0.01749858 1.62352941 1.27058823 1.92941175
v 0.11398965 0.02130186 0.01763658 1.62352941 1.27058823 1.92941175
v 0.11398965 0.02113629 0.01775217 1.62352941 1.27058823 1.92941175
v 0.11376117 0.02130186 0.01803561 1.62352941 1.27058823 1.92941175
v 0.11348097 0.02144061 0.01827804 1.62352941 1.27058823 1.92941175
v 0.11315337 0.02155695 0.01847571 1.62352941 1.27058823 1.92941175
v 0.11315337 0.02124369 0.01862115 1.62352941 1.27058823 1.92941175
v 0.07848699 0.02170914 0.01874049 1.62352941 1.27058823 1.92941175
v 0.07828869 0.02169123 0.01874049 1.62352941 1.27058823 1.92941175
v 0.07809903 0.02164200 0.01874049 1.62352941 1.27058823 1.92941175
v 0.07775418 0.02183892 0.01851300 1.62352941 1.27058823 1.92941175
v 0.07754295 0.02169123 0.01851300 1.62352941 1.27058823 1.92941175
v 0.07761192 0.02130186 0.01874049 1.62352941 1.27058823 1.92941175
v 0.07026225 0.01375647 0.01889712 1.62352941 1.27058823 1.92941175
v 0.11279559 0.02194632 0.01840857 1.62352941 1.27058823 1.92941175
v 0.11240763 0.02201346 0.01848687 1.62352941 1.27058823 1.92941175
v 0.11201103 0.02203581 0.01851300 1.62352941 1.27058823 1.92941175
v 0.09524685 0.02187471 0.01862859 1.62352941 1.27058823 1.92941175
v 0.07775418 0.02134662 -0.01878147 1.62352941 1.27058823 1.92941175
v 0.07781022 0.02170914 -0.01862109 1.62352941 1.27058823 1.92941175
v 0.07026225 0.01372065 -0.01891200 1.62352941 1.27058823 1.92941175
v 0.07788780 0.02203581 -0.01840851 1.62352941 1.27058823 1.92941175
v 0.07818522 0.02203581 -0.01848684 1.62352941 1.27058823 1.92941175
v 0.07848699 0.02203581 -0.01851294 1.62352941 1.27058823 1.92941175
v 0.11279559 0.02194632 -0.01840851 1.62352941 1.27058823 1.92941175
v 0.09524685 0.02217903 -0.01837122 1.62352941 1.27058823 1.92941175
v 0.11201103 0.02231778 -0.01823325 1.62352941 1.27058823 1.92941175
v 0.11240763 0.02229093 -0.01821087 1.62352941 1.27058823 1.92941175
v 0.11315337 0.02183892 -0.01827798 1.62352941 1.27058823 1.92941175
v 0.11348097 0.02169123 -0.01810272 1.62352941 1.27058823 1.92941175
v 0.11376117 0.02151222 -0.01788639 1.62352941 1.27058823 1.92941175
v 0.11376117 0.02169123 -0.01770738 1.62352941 1.27058823 1.92941175
v 0.11376117 0.02183892 -0.01749855 1.62352941 1.27058823 1.92941175
v 0.11376117 0.02194632 -0.01726359 1.62352941 1.27058823 1.92941175
v 0.11376117 0.02201346 -0.01701744 1.62352941 1.27058823 1.92941175
v 0.11376117 0.02203581 -0.01676385 1.62352941 1.27058823 1.92941175
v 0.11387757 0.02187471 0.00000003 1.62352941 1.27058823 1.92941175
v 0.11376117 0.02203581 0.01676388 1.62352941 1.27058823 1.92941175
v 0.11376117 0.02201346 0.01701747 1.62352941 1.27058823 1.92941175
v 0.11376117 0.02194632 0.01726362 1.62352941 1.27058823 1.92941175
v 0.11376117 0.02183892 0.01749858 1.62352941 1.27058823 1.92941175
v 0.11376117 0.02169123 0.01770744 1.62352941 1.27058823 1.92941175
v 0.11376117 0.02151222 0.01788645 1.62352941 1.27058823 1.92941175
v 0.11348097 0.02169123 0.01810275 1.62352941 1.27058823 1.92941175
v 0.11315337 0.02183892 0.01827804 1.62352941 1.27058823 1.92941175
v 0.07848699 0.02203581 0.01851300 1.62352941 1.27058823 1.92941175
v 0.07823265 0.02201346 0.01851300 1.62352941 1.27058823 1.92941175
v 0.07798695 0.02194632 0.01851300 1.62352941 1.27058823 1.92941175
v 0.07761192 0.02208504 0.01823328 1.62352941 1.27058823 1.92941175
v 0.07736190 0.02190603 0.01823328 1.62352941 1.27058823 1.92941175
v 0.07736190 0.02151222 0.01851300 1.62352941 1.27058823 1.92941175
v 0.07026225 0.01409658 0.01873677 1.62352941 1.27058823 1.92941175
v 0.07026225 0.01404288 0.01876287 1.62352941 1.27058823 1.92941175
v 0.11315337 0.02208504 0.01803561 1.62352941 1.27058823 1.92941175
v 0.11279559 0.02221035 0.01814376 1.62352941 1.27058823 1.92941175
v 0.11240763 0.02229093 0.01821090 1.62352941 1.27058823 1.92941175
v 0.11201103 0.02231778 0.01823328 1.62352941 1.27058823 1.92941175
v 0.09524685 0.02217903 0.01837128 1.62352941 1.27058823 1.92941175
v 0.07741362 0.02134662 -0.01862109 1.62352941 1.27058823 1.92941175
v 0.07749984 0.02170914 -0.01847565 1.62352941 1.27058823 1.92941175
v 0.07026225 0.01375647 -0.01889709 1.62352941 1.27058823 1.92941175
v 0.07026225 0.01404288 -0.01876281 1.62352941 1.27058823 1.92941175
v 0.07761192 0.02203581 -0.01827798 1.62352941 1.27058823 1.92941175
v 0.07775418 0.02231778 -0.01803558 1.62352941 1.27058823 1.92941175
v 0.07798695 0.02231778 -0.01814373 1.62352941 1.27058823 1.92941175
v 0.07823265 0.02231778 -0.01821087 1.62352941 1.27058823 1.92941175
v 0.07848699 0.02231778 -0.01823325 1.62352941 1.27058823 1.92941175
v 0.11279559 0.02221035 -0.01814373 1.62352941 1.27058823 1.92941175
v 0.11315337 0.02208504 -0.01803558 1.62352941 1.27058823 1.92941175
v 0.09524685 0.02243412 -0.01806915 1.62352941 1.27058823 1.92941175
v 0.11201103 0.02254602 -0.01790505 1.62352941 1.27058823 1.92941175
v 0.11240763 0.02251467 -0.01788639 1.62352941 1.27058823 1.92941175
v 0.11279559 0.02242518 -0.01783791 1.62352941 1.27058823 1.92941175
v 0.11348097 0.02190603 -0.01788639 1.62352941 1.27058823 1.92941175
v 0.11348097 0.02208504 -0.01763652 1.62352941 1.27058823 1.92941175
v 0.11348097 0.02221035 -0.01736055 1.62352941 1.27058823 1.92941175
v 0.11348097 0.02229093 -0.01706592 1.62352941 1.27058823 1.92941175
v 0.11348097 0.02231778 -0.01676385 1.62352941 1.27058823 1.92941175
v 0.11362323 0.02217903 0.00000003 1.62352941 1.27058823 1.92941175
v 0.11348097 0.02231778 0.01676388 1.62352941 1.27058823 1.92941175
v 0.11348097 0.02229093 0.01706598 1.62352941 1.27058823 1.92941175
v 0.11348097 0.02221035 0.01736058 1.62352941 1.27058823 1.92941175
v 0.11348097 0.02208504 0.01763658 1.62352941 1.27058823 1.92941175
v 0.11348097 0.02190603 0.01788645 1.62352941 1.27058823 1.92941175
v 0.07848699 0.02231778 0.01823328 1.62352941 1.27058823 1.92941175
v 0.07818522 0.02229093 0.01823328 1.62352941 1.27058823 1.92941175
v 0.07788780 0.02221035 0.01823328 1.62352941 1.27058823 1.92941175
v 0.07781022 0.02242518 0.01790508 1.62352941 1.27058823 1.92941175
v 0.07749984 0.02228196 0.01790508 1.62352941 1.27058823 1.92941175
v 0.07721535 0.02208504 0.01790508 1.62352941 1.27058823 1.92941175
v 0.07714635 0.02169123 0.01823328 1.62352941 1.27058823 1.92941175
v 0.07026225 0.01440987 0.01852044 1.62352941 1.27058823 1.92941175
v 0.11315337 0.02228196 0.01775217 1.62352941 1.27058823 1.92941175
v 0.11279559 0.02242518 0.01783797 1.62352941 1.27058823 1.92941175
v 0.11240763 0.02251467 0.01788645 1.62352941 1.27058823 1.92941175
v 0.11201103 0.02254602 0.01790508 1.62352941 1.27058823 1.92941175
v 0.09524685 0.02243412 0.01806918 1.62352941 1.27058823 1.92941175
v 0.07026225 0.01409658 -0.01873671 1.62352941 1.27058823 1.92941175
v 0.07721535 0.02170914 -0.01827798 1.62352941 1.27058823 1.92941175
v 0.07026225 0.01440987 -0.01852041 1.62352941 1.27058823 1.92941175
v 0.07736190 0.02203581 -0.01810272 1.62352941 1.27058823 1.92941175
v 0.07754295 0.02231778 -0.01788639 1.62352941 1.27058823 1.92941175
v 0.07775418 0.02254602 -0.01763652 1.62352941 1.27058823 1.92941175
v 0.07791798 0.02254602 -0.01775214 1.62352941 1.27058823 1.92941175
v 0.07809903 0.02254602 -0.01783791 1.62352941 1.27058823 1.92941175
v 0.07828869 0.02254602 -0.01788639 1.62352941 1.27058823 1.92941175
v 0.07848699 0.02254602 -0.01790505 1.62352941 1.27058823 1.92941175
v 0.11315337 0.02228196 -0.01775214 1.62352941 1.27058823 1.92941175
v 0.09524685 0.02263104 -0.01772604 1.62352941 1.27058823 1.92941175
v 0.11201103 0.02271606 -0.01754328 1.62352941 1.27058823 1.92941175
v 0.11240763 0.02268027 -0.01753209 1.62352941 1.27058823 1.92941175
v 0.11279559 0.02258628 -0.01749855 1.62352941 1.27058823 1.92941175
v 0.11315337 0.02242518 -0.01743885 1.62352941 1.27058823 1.92941175
v 0.11315337 0.02251467 -0.01710693 1.62352941 1.27058823 1.92941175
v 0.11315337 0.02254602 -0.01676385 1.62352941 1.27058823 1.92941175
v 0.11331717 0.02243412 0.00000003 1.62352941 1.27058823 1.92941175
v 0.11315337 0.02254602 0.01676388 1.62352941 1.27058823 1.92941175
v 0.11315337 0.02251467 0.01710699 1.62352941 1.27058823 1.92941175
v 0.11315337 0.02242518 0.01743891 1.62352941 1.27058823 1.92941175
v 0.07848699 0.02254602 0.01790508 1.62352941 1.27058823 1.92941175
v 0.07814643 0.02251467 0.01790508 1.62352941 1.27058823 1.92941175
v 0.07775418 0.02258628 0.01754334 1.62352941 1.27058823 1.92941175
v 0.07741362 0.02242518 0.01754334 1.62352941 1.27058823 1.92941175
v 0.07710756 0.02221035 0.01754334 1.62352941 1.27058823 1.92941175
v 0.07696962 0.02183892 0.01790508 1.62352941 1.27058823 1.92941175
v 0.07026225 0.01467837 0.01825194 1.62352941 1.27058823 1.92941175
v 0.11279559 0.02258628 0.01749858 1.62352941 1.27058823 1.92941175
v 0.11240763 0.02268027 0.01753215 1.62352941 1.27058823 1.92941175
v 0.11201103 0.02271606 0.01754334 1.62352941 1.27058823 1.92941175
v 0.09524685 0.02263104 0.01772607 1.62352941 1.27058823 1.92941175
v 0.07696962 0.02170914 -0.01803558 1.62352941 1.27058823 1.92941175
v 0.07026225 0.01467837 -0.01825188 1.62352941 1.27058823 1.92941175
v 0.07714635 0.02203581 -0.01788639 1.62352941 1.27058823 1.92941175
v 0.07736190 0.02231778 -0.01770738 1.62352941 1.27058823 1.92941175
v 0.07761192 0.02254602 -0.01749855 1.62352941 1.27058823 1.92941175
v 0.07798695 0.02271606 -0.01736055 1.62352941 1.27058823 1.92941175
v 0.07809903 0.02271606 -0.01743885 1.62352941 1.27058823 1.92941175
v 0.07821972 0.02271606 -0.01749855 1.62352941 1.27058823 1.92941175
v 0.07835334 0.02271606 -0.01753209 1.62352941 1.27058823 1.92941175
v 0.07848699 0.02271606 -0.01754328 1.62352941 1.27058823 1.92941175
v 0.11201103 0.02281902 -0.01715916 1.62352941 1.27058823 1.92941175
v 0.11240763 0.02278320 -0.01715169 1.62352941 1.27058823 1.92941175
v 0.11279559 0.02268027 -0.01713678 1.62352941 1.27058823 1.92941175
v 0.11279559 0.02271606 -0.01676385 1.62352941 1.27058823 1.92941175
v 0.11279559 0.02271606 0.01676388 1.62352941 1.27058823 1.92941175
v 0.11279559 0.02268027 0.01713681 1.62352941 1.27058823 1.92941175
v 0.07848699 0.02271606 0.01754334 1.62352941 1.27058823 1.92941175
v 0.07811628 0.02268027 0.01754334 1.62352941 1.27058823 1.92941175
v 0.07809903 0.02278320 0.01715919 1.62352941 1.27058823 1.92941175
v 0.07771968 0.02268027 0.01715919 1.62352941 1.27058823 1.92941175
v 0.07736190 0.02251467 0.01715919 1.62352941 1.27058823 1.92941175
v 0.07704291 0.02229093 0.01715919 1.62352941 1.27058823 1.92941175
v 0.07676271 0.02201346 0.01715919 1.62352941 1.27058823 1.92941175
v 0.07684461 0.02194632 0.01754334 1.62352941 1.27058823 1.92941175
v 0.07026225 0.01491111 0.01793121 1.62352941 1.27058823 1.92941175
v 0.07026225 0.01472760 0.01819227 1.62352941 1.27058823 1.92941175
v 0.07026225 0.01470522 0.01822209 1.62352941 1.27058823 1.92941175
v 0.11240763 0.02278320 0.01715175 1.62352941 1.27058823 1.92941175
v 0.11201103 0.02281902 0.01715919 1.62352941 1.27058823 1.92941175
v 0.07026225 0.01470522 -0.01822206 1.62352941 1.27058823 1.92941175
v 0.07696962 0.02203581 -0.01763652 1.62352941 1.27058823 1.92941175
v 0.07026225 0.01472760 -0.01819221 1.62352941 1.27058823 1.92941175
v 0.07721535 0.02231778 -0.01749855 1.62352941 1.27058823 1.92941175
v 0.07749984 0.02254602 -0.01733445 1.62352941 1.27058823 1.92941175
v 0.07781022 0.02271606 -0.01715169 1.62352941 1.27058823 1.92941175
v 0.07788780 0.02271606 -0.01726359 1.62352941 1.27058823 1.92941175
v 0.07823265 0.02281902 -0.01706592 1.62352941 1.27058823 1.92941175
v 0.07828869 0.02281902 -0.01710693 1.62352941 1.27058823 1.92941175
v 0.07835334 0.02281902 -0.01713678 1.62352941 1.27058823 1.92941175
v 0.07841802 0.02281902 -0.01715169 1.62352941 1.27058823 1.92941175
v 0.07848699 0.02281902 -0.01715916 1.62352941 1.27058823 1.92941175
v 0.11201103 0.02285481 -0.01676385 1.62352941 1.27058823 1.92941175
v 0.11240763 0.02281902 -0.01676385 1.62352941 1.27058823 1.92941175
v 0.11240763 0.02281902 0.01676388 1.62352941 1.27058823 1.92941175
v 0.07848699 0.02281902 0.01715919 1.62352941 1.27058823 1.92941175
v 0.07809039 0.02281902 0.01676388 1.62352941 1.27058823 1.92941175
v 0.07770675 0.02271606 0.01676388 1.62352941 1.27058823 1.92941175
v 0.07734465 0.02254602 0.01676388 1.62352941 1.27058823 1.92941175
v 0.07701705 0.02231778 0.01676388 1.62352941 1.27058823 1.92941175
v 0.07673685 0.02203581 0.01676388 1.62352941 1.27058823 1.92941175
v 0.07026225 0.01519752 0.01717038 1.62352941 1.27058823 1.92941175
v 0.07026225 0.01509906 0.01753587 1.62352941 1.27058823 1.92941175
v 0.07026225 0.01494690 0.01786035 1.62352941 1.27058823 1.92941175
v 0.07026225 0.01492899 0.01789764 1.62352941 1.27058823 1.92941175
v 0.11201103 0.02285481 0.01676388 1.62352941 1.27058823 1.92941175
v 0.07684461 0.02203581 -0.01736055 1.62352941 1.27058823 1.92941175
v 0.07710756 0.02231778 -0.01726359 1.62352941 1.27058823 1.92941175
v 0.07026225 0.01491111 -0.01793115 1.62352941 1.27058823 1.92941175
v 0.07026225 0.01492899 -0.01789758 1.62352941 1.27058823 1.92941175
v 0.07026225 0.01493796 -0.01787895 1.62352941 1.27058823 1.92941175
v 0.07741362 0.02254602 -0.01715169 1.62352941 1.27058823 1.92941175
v 0.07775418 0.02271606 -0.01702863 1.62352941 1.27058823 1.92941175
v 0.07811628 0.02281902 -0.01689810 1.62352941 1.27058823 1.92941175
v 0.07814643 0.02281902 -0.01696149 1.62352941 1.27058823 1.92941175
v 0.07818522 0.02281902 -0.01701744 1.62352941 1.27058823 1.92941175
v 0.07848699 0.02285481 -0.01676385 1.62352941 1.27058823 1.92941175
v 0.07848699 0.02285481 0.01676388 1.62352941 1.27058823 1.92941175
v 0.07809039 0.02281902 -0.01676385 1.62352941 1.27058823 1.92941175
v 0.07770675 0.02271606 -0.01676385 1.62352941 1.27058823 1.92941175
v 0.07734465 0.02254602 -0.01676385 1.62352941 1.27058823 1.92941175
v 0.07718085 0.02243412 0.00000003 1.62352941 1.27058823 1.92941175
v 0.07701705 0.02231778 -0.01676385 1.62352941 1.27058823 1.92941175
v 0.07687911 0.02217903 0.00000003 1.62352941 1.27058823 1.92941175
v 0.07673685 0.02203581 -0.01676385 1.62352941 1.27058823 1.92941175
v 0.07026225 0.01523331 0.01677135 1.62352941 1.27058823 1.92941175
v 0.07026225 0.01520199 0.01712937 1.62352941 1.27058823 1.92941175
v 0.07676271 0.02203581 -0.01706592 1.62352941 1.27058823 1.92941175
v 0.07026225 0.01509906 -0.01753584 1.62352941 1.27058823 1.92941175
v 0.07704291 0.02231778 -0.01701744 1.62352941 1.27058823 1.92941175
v 0.07736190 0.02254602 -0.01696149 1.62352941 1.27058823 1.92941175
v 0.07771968 0.02271606 -0.01689810 1.62352941 1.27058823 1.92941175
v 0.07809903 0.02281902 -0.01683096 1.62352941 1.27058823 1.92941175
v 0.07026225 0.01520199 -0.01712931 1.62352941 1.27058823 1.92941175
v 0.07026225 0.01523331 -0.01677129 1.62352941 1.27058823 1.92941175
v 0.07026225 0.01519752 -0.01717035 1.62352941 1.27058823 1.92941175
f 678 679 683
f 678 683 691
f 678 691 704
f 678 704 721
f 678 721 743
f 678 743 742
f 678 742 770
f 678 770 769
f 678 769 808
f 678 808 807
f 678 807 850
f 678 850 849
f 678 849 893
f 678 893 892
f 678 892 927
f 678 927 961
f 678 961 960
f 678 960 989
f 678 989 1014
f 678 1014 1057
f 678 1057 1097
f 678 1097 1103
f 678 1103 1149
f 678 1149 1188
f 678 1188 1187
f 678 1187 1227
f 678 1227 1261
f 678 1261 1292
f 678 1292 1291
f 678 1291 1290
f 678 1290 1319
f 678 1319 1318
f 678 1318 1317
f 678 1317 1316
f 678 1316 1341
f 678 1341 1340
f 678 1340 1349
f 678 1349 1348
f 678 1348 1350
f 678 1350 1343
f 678 1343 1325
f 678 1325 1324
f 678 1324 1323
f 678 1323 1297
f 678 1297 1295
f 678 1295 1267
f 678 1267 1235
f 678 1235 1233
f 678 1233 1197
f 678 1197 1196
f 678 1196 1156
f 678 1156 1111
f 678 1111 1109
f 678 1109 1065
f 678 1065 1020
f 678 1020 992
f 678 992 964
f 678 964 930
f 678 930 928
f 678 928 896
f 678 896 895
f 678 895 894
f 678 894 852
f 678 852 851
f 678 851 810
f 678 810 809
f 678 809 772
f 678 772 771
f 678 771 745
f 678 745 744
f 678 744 724
f 678 724 723
f 678 723 722
f 678 722 706
f 678 706 705
f 678 705 692
f 678 692 684
f 678 684 680
f 678 680 681
f 678 681 682
f 678 682 679
f 679 682 683
f 680 684 685
f 680 685 681
f 681 685 686
f 681 686 687
f 681 687 688
f 681 688 682
f 682 688 689
f 682 689 690
f 682 690 683
f 683 690 691
f 684 692 685
f 685 692 693
f 685 693 686
f 686 694 687
f 686 693 695
f 686 695 696
f 686 696 697
f 686 697 694
f 687 694 698
f 687 698 688
f 688 698 699
f 688 699 689
f 689 699 700
f 689 700 701
f 689 701 702
f 689 702 703
f 689 703 690
f 690 703 704
f 690 704 691
f 692 705 693
f 693 705 706
f 693 706 707
f 693 707 708
f 693 708 695
f 694 699 698
f 694 697 709
f 694 709 710
f 694 710 714
f 694 714 699
f 695 708 696
f 696 708 711
f 696 711 712
f 696 712 713
f 696 713 697
f 697 713 709
f 699 714 715
f 699 715 700
f 700 715 716
f 700 716 701
f 701 716 717
f 701 717 718
f 701 718 719
f 701 719 702
f 702 719 703
f 703 719 720
f 703 720 704
f 704 720 721
f 706 722 707
f 707 722 723
f 707 723 724
f 707 724 725
f 707 725 708
f 708 725 726
f 708 726 727
f 708 727 711
f 709 713 728
f 709 728 710
f 710 728 729
f 710 729 730
f 710 730 714
f 711 727 712
f 712 727 731
f 712 731 732
f 712 732 713
f 713 732 733
f 713 733 728
f 714 730 734
f 714 734 735
f 714 735 715
f 715 735 716
f 716 735 736
f 716 736 737
f 716 737 717
f 717 737 738
f 717 738 739
f 717 739 718
f 718 739 719
f 719 739 740
f 719 740 741
f 719 741 720
f 720 741 742
f 720 742 743
f 720 743 721
f 724 744 725
f 725 744 745
f 725 745 746
f 725 746 747
f 725 747 726
f 726 747 727
f 727 747 748
f 727 748 731
f 728 733 749
f 728 749 750
f 728 750 751
f 728 751 729
f 729 751 752
f 729 752 734
f 729 734 730
f 731 748 753
f 731 753 754
f 731 754 755
f 731 755 732
f 732 755 756
f 732 756 757
f 732 757 749
f 732 749 733
f 734 752 758
f 734 758 759
f 734 759 735
f 735 759 760
f 735 760 736
f 736 760 737
f 737 760 761
f 737 761 762
f 737 762 763
f 737 763 738
f 738 763 764
f 738 764 765
f 738 765 766
f 738 766 739
f 739 766 767
f 739 767 740
f 740 767 741
f 741 767 768
f 741 768 769
f 741 769 770
f 741 770 742
f 745 771 746
f 746 771 772
f 746 772 773
f 746 773 774
f 746 774 747
f 747 774 775
f 747 775 748
f 748 775 753
f 749 757 776
f 749 776 777
f 749 777 750
f 750 777 751
f 751 758 752
f 751 777 778
f 751 778 779
f 751 779 780
f 751 780 792
f 751 792 758
f 753 775 781
f 753 781 754
f 754 781 782
f 754 782 783
f 754 783 784
f 754 784 756
f 754 756 755
f 756 784 785
f 756 785 757
f 757 785 786
f 757 786 787
f 757 787 788
f 757 788 789
f 757 789 776
f 758 790 791
f 758 791 759
f 758 792 793
f 758 793 790
f 759 791 794
f 759 794 760
f 760 794 761
f 761 795 762
f 761 794 796
f 761 796 797
f 761 797 798
f 761 798 799
f 761 799 795
f 762 800 764
f 762 764 763
f 762 795 800
f 764 800 801
f 764 801 802
f 764 802 803
f 764 803 765
f 765 803 804
f 765 804 766
f 766 804 767
f 767 804 805
f 767 805 768
f 768 805 806
f 768 806 807
f 768 807 808
f 768 808 769
f 772 809 773
f 773 809 810
f 773 810 811
f 773 811 812
f 773 812 774
f 774 812 813
f 774 813 775
f 775 813 814
f 775 814 781
f 776 789 815
f 776 815 777
f 777 815 779
f 777 779 778
f 779 815 780
f 780 815 816
f 780 816 817
f 780 817 818
f 780 818 831
f 780 831 792
f 781 814 819
f 781 819 782
f 782 819 783
f 783 819 820
f 783 820 821
f 783 821 822
f 783 822 823
f 783 823 784
f 784 823 824
f 784 824 825
f 784 825 785
f 785 825 826
f 785 826 827
f 785 827 786
f 786 827 871
f 786 871 828
f 786 828 787
f 787 828 788
f 788 828 829
f 788 829 789
f 789 829 815
f 790 793 830
f 790 830 791
f 791 830 796
f 791 796 794
f 792 831 832
f 792 832 833
f 792 833 830
f 792 830 793
f 795 799 834
f 795 834 835
f 795 835 836
f 795 836 800
f 796 830 837
f 796 837 797
f 797 837 838
f 797 838 798
f 798 838 799
f 799 838 876
f 799 876 834
f 800 839 801
f 800 836 840
f 800 840 839
f 801 839 841
f 801 841 842
f 801 842 843
f 801 843 844
f 801 844 802
f 802 844 803
f 803 844 845
f 803 845 804
f 804 845 846
f 804 846 805
f 805 846 847
f 805 847 806
f 806 847 848
f 806 848 849
f 806 849 850
f 806 850 807
f 810 851 811
f 811 851 852
f 811 852 853
f 811 853 854
f 811 854 812
f 812 854 855
f 812 855 813
f 813 855 856
f 813 856 814
f 814 856 819
f 815 829 816
f 816 829 817
f 817 829 857
f 817 857 858
f 817 858 818
f 818 858 859
f 818 859 860
f 818 860 831
f 819 856 861
f 819 861 862
f 819 862 820
f 820 862 903
f 820 903 863
f 820 863 821
f 821 863 864
f 821 864 865
f 821 865 866
f 821 866 822
f 822 866 824
f 822 824 823
f 824 866 867
f 824 867 825
f 825 867 868
f 825 868 869
f 825 869 870
f 825 870 871
f 825 871 826
f 826 871 827
f 828 871 870
f 828 870 872
f 828 872 829
f 829 872 857
f 830 833 837
f 831 860 873
f 831 873 874
f 831 874 832
f 832 875 837
f 832 837 833
f 832 874 875
f 834 876 835
f 835 876 836
f 836 876 877
f 836 877 878
f 836 878 879
f 836 879 880
f 836 880 840
f 837 875 881
f 837 881 838
f 838 881 877
f 838 877 876
f 839 840 882
f 839 882 841
f 840 880 882
f 841 882 842
f 842 883 843
f 842 882 884
f 842 884 885
f 842 885 883
f 843 886 887
f 843 887 844
f 843 883 923
f 843 923 886
f 844 887 888
f 844 888 845
f 845 888 846
f 846 888 889
f 846 889 847
f 847 889 890
f 847 890 848
f 848 890 891
f 848 891 892
f 848 892 893
f 848 893 849
f 852 894 853
f 853 894 895
f 853 895 896
f 853 896 897
f 853 897 854
f 854 897 855
f 855 897 856
f 856 897 861
f 857 872 898
f 857 898 858
f 858 898 899
f 858 899 900
f 858 900 901
f 858 901 859
f 859 873 860
f 859 901 912
f 859 912 873
f 861 897 862
f 862 897 902
f 862 902 903
f 863 903 904
f 863 904 864
f 864 904 938
f 864 938 905
f 864 905 865
f 865 905 867
f 865 867 866
f 867 905 906
f 867 906 868
f 868 907 869
f 868 906 908
f 868 908 909
f 868 909 907
f 869 907 870
f 870 907 910
f 870 910 872
f 872 910 911
f 872 911 898
f 873 912 874
f 874 912 913
f 874 913 914
f 874 914 915
f 874 915 875
f 875 915 881
f 877 916 917
f 877 917 878
f 877 881 916
f 878 917 879
f 879 917 918
f 879 918 919
f 879 919 920
f 879 920 880
f 880 884 882
f 880 920 921
f 880 921 884
f 881 915 922
f 881 922 916
f 883 885 924
f 883 924 923
f 884 921 885
f 885 921 958
f 885 958 924
f 886 925 887
f 886 923 926
f 886 926 925
f 887 925 888
f 888 925 889
f 889 925 890
f 890 925 891
f 891 925 927
f 891 927 892
f 896 928 897
f 897 929 902
f 897 928 930
f 897 930 931
f 897 931 929
f 898 911 932
f 898 932 899
f 899 932 933
f 899 933 934
f 899 934 935
f 899 935 900
f 900 935 901
f 901 935 936
f 901 936 946
f 901 946 912
f 902 929 937
f 902 937 904
f 902 904 903
f 904 937 938
f 905 938 939
f 905 939 906
f 906 939 908
f 907 909 940
f 907 940 941
f 907 941 942
f 907 942 910
f 908 939 943
f 908 943 944
f 908 944 945
f 908 945 909
f 909 945 940
f 910 942 911
f 911 942 932
f 912 946 947
f 912 947 913
f 913 947 914
f 914 947 948
f 914 948 949
f 914 949 950
f 914 950 915
f 915 950 922
f 916 922 951
f 916 951 917
f 917 951 952
f 917 952 953
f 917 953 918
f 918 953 954
f 918 954 919
f 919 954 955
f 919 955 956
f 919 956 957
f 919 957 920
f 920 957 921
f 921 957 958
f 922 950 951
f 923 924 959
f 923 959 926
f 924 958 959
f 925 960 961
f 925 961 927
f 925 926 962
f 925 962 960
f 926 959 963
f 926 963 962
f 929 931 937
f 930 964 965
f 930 965 931
f 931 965 996
f 931 996 966
f 931 966 967
f 931 967 944
f 931 944 943
f 931 943 939
f 931 939 938
f 931 938 937
f 932 942 933
f 933 942 968
f 933 968 969
f 933 969 970
f 933 970 971
f 933 971 934
f 934 971 935
f 935 971 972
f 935 972 936
f 936 972 973
f 936 973 974
f 936 974 946
f 940 945 975
f 940 975 976
f 940 976 941
f 941 976 942
f 942 976 968
f 944 967 977
f 944 977 945
f 945 977 975
f 946 974 978
f 946 978 979
f 946 979 947
f 947 979 980
f 947 980 948
f 948 980 949
f 949 981 951
f 949 951 950
f 949 980 982
f 949 982 983
f 949 983 981
f 951 981 984
f 951 984 952
f 952 984 953
f 953 984 985
f 953 985 954
f 954 985 986
f 954 986 955
f 955 986 987
f 955 987 963
f 955 963 956
f 956 963 957
f 957 963 958
f 958 963 959
f 960 962 988
f 960 988 989
f 962 963 991
f 962 991 1013
f 962 1013 988
f 963 987 990
f 963 990 1017
f 963 1017 991
f 964 992 993
f 964 993 965
f 965 993 994
f 965 994 995
f 965 995 996
f 966 997 967
f 966 996 1024
f 966 1024 997
f 967 997 977
f 968 976 969
f 969 976 998
f 969 998 1025
f 969 1025 999
f 969 999 1000
f 969 1000 970
f 970 1000 1001
f 970 1001 971
f 971 1001 1002
f 971 1002 972
f 972 1002 1003
f 972 1003 973
f 973 978 974
f 973 1003 1005
f 973 1005 978
f 975 977 997
f 975 997 1004
f 975 1004 998
f 975 998 976
f 978 1005 1006
f 978 1006 979
f 979 1006 1007
f 979 1007 980
f 980 1007 1008
f 980 1008 982
f 981 983 984
f 982 1008 1010
f 982 1010 983
f 983 1009 984
f 983 1010 1052
f 983 1052 1009
f 984 1009 985
f 985 1009 1011
f 985 1011 1012
f 985 1012 986
f 986 1012 987
f 987 1012 990
f 988 1013 989
f 989 1013 1015
f 989 1015 1016
f 989 1016 1014
f 990 1012 1055
f 990 1055 1017
f 991 1017 1018
f 991 1018 1019
f 991 1019 1056
f 991 1056 1013
f 992 1020 993
f 993 1021 994
f 993 1020 1021
f 994 1021 995
f 995 1022 996
f 995 1021 1067
f 995 1067 1023
f 995 1023 1022
f 996 1022 1024
f 997 1024 1039
f 997 1039 1004
f 998 1004 1039
f 998 1039 1025
f 999 1025 1026
f 999 1026 1027
f 999 1027 1000
f 1000 1027 1028
f 1000 1028 1029
f 1000 1029 1001
f 1001 1029 1002
f 1002 1029 1030
f 1002 1030 1003
f 1003 1030 1031
f 1003 1031 1032
f 1003 1032 1033
f 1003 1033 1034
f 1003 1034 1035
f 1003 1035 1036
f 1003 1036 1037
f 1003 1037 1038
f 1003 1038 1040
f 1003 1040 1005
f 1005 1040 1041
f 1005 1041 1042
f 1005 1042 1043
f 1005 1043 1044
f 1005 1044 1045
f 1005 1045 1046
f 1005 1046 1047
f 1005 1047 1048
f 1005 1048 1006
f 1006 1048 1049
f 1006 1049 1007
f 1007 1049 1008
f 1008 1049 1050
f 1008 1050 1051
f 1008 1051 1010
f 1009 1052 1054
f 1009 1054 1011
f 1010 1051 1053
f 1010 1053 1052
f 1011 1054 1055
f 1011 1055 1012
f 1013 1056 1015
f 1014 1016 1057
f 1015 1056 1058
f 1015 1058 1059
f 1015 1059 1060
f 1015 1060 1016
f 1016 1060 1061
f 1016 1061 1057
f 1017 1055 1018
f 1018 1055 1062
f 1018 1062 1063
f 1018 1063 1064
f 1018 1064 1019
f 1019 1064 1096
f 1019 1096 1056
f 1020 1065 1066
f 1020 1066 1021
f 1021 1066 1067
f 1022 1068 1024
f 1022 1023 1069
f 1022 1069 1068
f 1023 1067 1070
f 1023 1070 1071
f 1023 1071 1069
f 1024 1068 1072
f 1024 1072 1039
f 1025 1039 1026
f 1026 1039 1072
f 1026 1072 1073
f 1026 1073 1027
f 1027 1073 1074
f 1027 1074 1075
f 1027 1075 1028
f 1028 1075 1029
f 1029 1075 1076
f 1029 1076 1031
f 1029 1031 1030
f 1031 1076 1077
f 1031 1077 1032
f 1032 1077 1078
f 1032 1078 1033
f 1033 1078 1079
f 1033 1079 1034
f 1034 1079 1035
f 1035 1079 1080
f 1035 1080 1081
f 1035 1081 1036
f 1036 1081 1082
f 1036 1082 1037
f 1037 1082 1083
f 1037 1083 1038
f 1038 1083 1084
f 1038 1084 1040
f 1040 1084 1085
f 1040 1085 1041
f 1041 1085 1042
f 1042 1085 1086
f 1042 1086 1043
f 1043 1086 1087
f 1043 1087 1088
f 1043 1088 1044
f 1044 1088 1089
f 1044 1089 1045
f 1045 1089 1046
f 1046 1089 1090
f 1046 1090 1091
f 1046 1091 1047
f 1047 1091 1049
f 1047 1049 1048
f 1049 1091 1092
f 1049 1092 1050
f 1050 1092 1051
f 1051 1092 1093
f 1051 1093 1094
f 1051 1094 1053
f 1052 1053 1054
f 1053 1095 1054
f 1053 1094 1095
f 1054 1095 1055
f 1055 1095 1062
f 1056 1096 1058
f 1057 1061 1097
f 1058 1096 1098
f 1058 1098 1099
f 1058 1099 1059
f 1059 1099 1060
f 1060 1099 1100
f 1060 1100 1061
f 1061 1100 1101
f 1061 1101 1102
f 1061 1102 1103
f 1061 1103 1097
f 1062 1095 1104
f 1062 1104 1063
f 1063 1104 1105
f 1063 1105 1106
f 1063 1106 1107
f 1063 1107 1064
f 1064 1107 1108
f 1064 1108 1096
f 1065 1109 1066
f 1066 1110 1067
f 1066 1109 1111
f 1066 1111 1110
f 1067 1110 1112
f 1067 1112 1113
f 1067 1113 1070
f 1068 1069 1114
f 1068 1114 1072
f 1069 1071 1115
f 1069 1115 1116
f 1069 1116 1114
f 1070 1113 1071
f 1071 1113 1117
f 1071 1117 1118
f 1071 1118 1119
f 1071 1119 1115
f 1072 1114 1120
f 1072 1120 1073
f 1073 1120 1121
f 1073 1121 1122
f 1073 1122 1123
f 1073 1123 1074
f 1074 1123 1075
f 1075 1123 1124
f 1075 1124 1077
f 1075 1077 1076
f 1077 1124 1125
f 1077 1125 1078
f 1078 1125 1079
f 1079 1125 1126
f 1079 1126 1127
f 1079 1127 1080
f 1080 1127 1081
f 1081 1127 1128
f 1081 1128 1082
f 1082 1128 1129
f 1082 1129 1130
f 1082 1130 1083
f 1083 1130 1131
f 1083 1131 1084
f 1084 1131 1132
f 1084 1132 1085
f 1085 1132 1133
f 1085 1133 1134
f 1085 1134 1086
f 1086 1134 1135
f 1086 1135 1087
f 1087 1135 1088
f 1088 1135 1136
f 1088 1136 1137
f 1088 1137 1089
f 1089 1137 1090
f 1090 1092 1091
f 1090 1137 1138
f 1090 1138 1092
f 1092 1138 1139
f 1092 1139 1093
f 1093 1139 1094
f 1094 1139 1140
f 1094 1140 1141
f 1094 1141 1142
f 1094 1142 1095
f 1095 1142 1104
f 1096 1108 1143
f 1096 1143 1098
f 1098 1143 1144
f 1098 1144 1145
f 1098 1145 1099
f 1099 1145 1101
f 1099 1101 1100
f 1101 1145 1146
f 1101 1146 1147
f 1101 1147 1102
f 1102 1148 1103
f 1102 1147 1148
f 1103 1148 1149
f 1104 1142 1141
f 1104 1141 1105
f 1105 1150 1151
f 1105 1151 1106
f 1105 1141 1150
f 1106 1151 1107
f 1107 1151 1152
f 1107 1152 1153
f 1107 1153 1143
f 1107 1143 1108
f 1110 1154 1155
f 1110 1155 1112
f 1110 1111 1154
f 1111 1156 1154
f 1112 1155 1157
f 1112 1157 1158
f 1112 1158 1113
f 1113 1158 1159
f 1113 1159 1117
f 1114 1116 1121
f 1114 1121 1120
f 1115 1119 1116
f 1116 1119 1160
f 1116 1160 1121
f 1117 1159 1118
f 1118 1159 1161
f 1118 1161 1162
f 1118 1162 1119
f 1119 1162 1163
f 1119 1163 1160
f 1121 1160 1164
f 1121 1164 1165
f 1121 1165 1122
f 1122 1165 1123
f 1123 1125 1124
f 1123 1165 1166
f 1123 1166 1125
f 1125 1166 1126
f 1126 1166 1167
f 1126 1167 1127
f 1127 1167 1168
f 1127 1168 1128
f 1128 1168 1169
f 1128 1169 1170
f 1128 1170 1129
f 1129 1170 1130
f 1130 1132 1131
f 1130 1170 1171
f 1130 1171 1172
f 1130 1172 1132
f 1132 1172 1173
f 1132 1173 1174
f 1132 1174 1133
f 1133 1174 1134
f 1134 1174 1175
f 1134 1175 1176
f 1134 1176 1135
f 1135 1176 1177
f 1135 1177 1136
f 1136 1177 1178
f 1136 1178 1137
f 1137 1139 1138
f 1137 1178 1139
f 1139 1178 1179
f 1139 1179 1140
f 1140 1179 1141
f 1141 1179 1180
f 1141 1180 1150
f 1143 1153 1181
f 1143 1181 1182
f 1143 1182 1144
f 1144 1182 1145
f 1145 1182 1183
f 1145 1183 1146
f 1146 1183 1184
f 1146 1184 1147
f 1147 1184 1185
f 1147 1185 1186
f 1147 1186 1187
f 1147 1187 1148
f 1148 1187 1188
f 1148 1188 1149
f 1150 1180 1189
f 1150 1189 1190
f 1150 1190 1191
f 1150 1191 1151
f 1151 1191 1192
f 1151 1192 1152
f 1152 1181 1153
f 1152 1192 1193
f 1152 1193 1181
f 1154 1194 1195
f 1154 1195 1155
f 1154 1156 1196
f 1154 1196 1197
f 1154 1197 1194
f 1155 1195 1157
f 1157 1198 1199
f 1157 1199 1200
f 1157 1200 1201
f 1157 1201 1158
f 1157 1195 1198
f 1158 1201 1202
f 1158 1202 1159
f 1159 1202 1161
f 1160 1163 1203
f 1160 1203 1204
f 1160 1204 1164
f 1161 1202 1162
f 1162 1205 1206
f 1162 1206 1163
f 1162 1202 1205
f 1163 1206 1207
f 1163 1207 1208
f 1163 1208 1203
f 1164 1204 1165
f 1165 1204 1209
f 1165 1209 1167
f 1165 1167 1166
f 1167 1209 1210
f 1167 1210 1168
f 1168 1210 1169
f 1169 1210 1211
f 1169 1211 1212
f 1169 1212 1170
f 1170 1212 1213
f 1170 1213 1171
f 1171 1213 1214
f 1171 1214 1173
f 1171 1173 1172
f 1173 1214 1215
f 1173 1215 1174
f 1174 1215 1216
f 1174 1216 1175
f 1175 1216 1217
f 1175 1217 1218
f 1175 1218 1176
f 1176 1218 1177
f 1177 1218 1219
f 1177 1219 1179
f 1177 1179 1178
f 1179 1219 1189
f 1179 1189 1180
f 1181 1193 1220
f 1181 1220 1182
f 1182 1220 1221
f 1182 1221 1222
f 1182 1222 1183
f 1183 1222 1184
f 1184 1222 1223
f 1184 1223 1224
f 1184 1224 1225
f 1184 1225 1185
f 1185 1226 1186
f 1185 1225 1226
f 1186 1226 1227
f 1186 1227 1187
f 1189 1218 1228
f 1189 1228 1229
f 1189 1229 1190
f 1189 1219 1218
f 1190 1229 1191
f 1191 1229 1230
f 1191 1230 1231
f 1191 1231 1192
f 1192 1231 1232
f 1192 1232 1220
f 1192 1220 1193
f 1194 1197 1233
f 1194 1233 1195
f 1195 1234 1198
f 1195 1233 1235
f 1195 1235 1234
f 1198 1236 1199
f 1198 1234 1236
f 1199 1237 1238
f 1199 1238 1239
f 1199 1239 1240
f 1199 1240 1200
f 1199 1236 1237
f 1200 1240 1201
f 1201 1240 1241
f 1201 1241 1242
f 1201 1242 1202
f 1202 1242 1205
f 1203 1208 1204
f 1204 1208 1243
f 1204 1243 1210
f 1204 1210 1209
f 1205 1242 1206
f 1206 1242 1244
f 1206 1244 1245
f 1206 1245 1207
f 1207 1245 1246
f 1207 1246 1247
f 1207 1247 1208
f 1208 1247 1243
f 1210 1243 1248
f 1210 1248 1211
f 1211 1248 1212
f 1212 1248 1249
f 1212 1249 1250
f 1212 1250 1213
f 1213 1250 1251
f 1213 1251 1215
f 1213 1215 1214
f 1215 1251 1252
f 1215 1252 1216
f 1216 1252 1253
f 1216 1253 1254
f 1216 1254 1217
f 1217 1254 1218
f 1218 1254 1228
f 1220 1232 1255
f 1220 1255 1221
f 1221 1255 1256
f 1221 1256 1223
f 1221 1223 1222
f 1223 1256 1257
f 1223 1257 1224
f 1224 1257 1258
f 1224 1258 1225
f 1225 1258 1259
f 1225 1259 1260
f 1225 1260 1226
f 1226 1260 1261
f 1226 1261 1227
f 1228 1254 1262
f 1228 1262 1229
f 1229 1262 1230
f 1230 1262 1263
f 1230 1263 1264
f 1230 1264 1231
f 1231 1255 1232
f 1231 1264 1265
f 1231 1265 1255
f 1234 1266 1236
f 1234 1235 1266
f 1235 1267 1266
f 1236 1268 1269
f 1236 1269 1237
f 1236 1266 1268
f 1237 1269 1270
f 1237 1270 1238
f 1238 1270 1271
f 1238 1271 1239
f 1239 1271 1272
f 1239 1272 1273
f 1239 1273 1240
f 1240 1273 1241
f 1241 1273 1274
f 1241 1274 1242
f 1242 1274 1275
f 1242 1275 1244
f 1243 1247 1248
f 1244 1275 1245
f 1245 1275 1306
f 1245 1306 1276
f 1245 1276 1277
f 1245 1277 1246
f 1246 1277 1247
f 1247 1277 1278
f 1247 1278 1249
f 1247 1249 1248
f 1249 1278 1279
f 1249 1279 1250
f 1250 1279 1280
f 1250 1280 1252
f 1250 1252 1251
f 1252 1280 1253
f 1253 1280 1281
f 1253 1281 1262
f 1253 1262 1254
f 1255 1265 1282
f 1255 1282 1256
f 1256 1282 1283
f 1256 1283 1257
f 1257 1283 1284
f 1257 1284 1285
f 1257 1285 1286
f 1257 1286 1258
f 1258 1286 1287
f 1258 1287 1259
f 1259 1287 1288
f 1259 1288 1289
f 1259 1289 1260
f 1260 1289 1290
f 1260 1290 1291
f 1260 1291 1292
f 1260 1292 1261
f 1262 1281 1293
f 1262 1293 1263
f 1263 1293 1264
f 1264 1282 1265
f 1264 1293 1294
f 1264 1294 1310
f 1264 1310 1282
f 1266 1267 1268
f 1267 1295 1268
f 1268 1296 1269
f 1268 1295 1297
f 1268 1297 1296
f 1269 1298 1270
f 1269 1296 1298
f 1270 1299 1300
f 1270 1300 1301
f 1270 1301 1271
f 1270 1298 1299
f 1271 1301 1302
f 1271 1302 1303
f 1271 1303 1272
f 1272 1303 1273
f 1273 1303 1304
f 1273 1304 1274
f 1274 1304 1305
f 1274 1305 1306
f 1274 1306 1275
f 1276 1306 1331
f 1276 1331 1307
f 1276 1307 1308
f 1276 1308 1277
f 1277 1308 1279
f 1277 1279 1278
f 1279 1308 1309
f 1279 1309 1280
f 1280 1309 1293
f 1280 1293 1281
f 1282 1310 1284
f 1282 1284 1283
f 1284 1310 1311
f 1284 1311 1312
f 1284 1312 1285
f 1285 1312 1286
f 1286 1313 1314
f 1286 1314 1287
f 1286 1312 1313
f 1287 1314 1288
f 1288 1314 1315
f 1288 1315 1316
f 1288 1316 1317
f 1288 1317 1289
f 1289 1317 1318
f 1289 1318 1319
f 1289 1319 1290
f 1293 1309 1294
f 1294 1309 1320
f 1294 1320 1332
f 1294 1332 1310
f 1296 1321 1322
f 1296 1322 1298
f 1296 1297 1323
f 1296 1323 1324
f 1296 1324 1325
f 1296 1325 1321
f 1298 1322 1326
f 1298 1326 1299
f 1299 1326 1300
f 1300 1327 1328
f 1300 1328 1329
f 1300 1329 1330
f 1300 1330 1301
f 1300 1326 1327
f 1301 1330 1302
f 1302 1330 1331
f 1302 1331 1303
f 1303 1331 1304
f 1304 1331 1305
f 1305 1331 1306
f 1307 1331 1332
f 1307 1332 1320
f 1307 1320 1309
f 1307 1309 1308
f 1310 1332 1311
f 1311 1333 1334
f 1311 1334 1312
f 1311 1332 1331
f 1311 1331 1333
f 1312 1334 1335
f 1312 1335 1313
f 1313 1335 1336
f 1313 1336 1314
f 1314 1336 1337
f 1314 1337 1338
f 1314 1338 1315
f 1315 1338 1339
f 1315 1339 1349
f 1315 1349 1340
f 1315 1340 1341
f 1315 1341 1316
f 1321 1342 1322
f 1321 1325 1343
f 1321 1343 1342
f 1322 1344 1345
f 1322 1345 1326
f 1322 1342 1344
f 1326 1345 1327
f 1327 1346 1328
f 1327 1345 1346
f 1328 1347 1331
f 1328 1331 1329
f 1328 1346 1347
f 1329 1331 1330
f 1331 1347 1333
f 1333 1347 1346
f 1333 1346 1334
f 1334 1346 1345
f 1334 1345 1335
f 1335 1345 1337
f 1335 1337 1336
f 1337 1345 1344
f 1337 1344 1342
f 1337 1342 1339
f 1337 1339 1338
f 1339 1342 1348
f 1339 1348 1349
f 1342 1343 1350
f 1342 1350 1348

o geometry_2
v 0.07026222 0.01523481 -0.00705357 1.30588236 2.67058824 2.88235293
v 0.07026222 -0.02286516 -0.00705357 1.30588236 2.67058824 2.88235293
v 0.07026222 0.01523481 -0.01649922 1.30588236 2.67058824 2.88235293
v 0.01596993 0.01523481 -0.00705357 1.30588236 2.67058824 2.88235293
v 0.07026222 -0.02286516 -0.01676346 1.30588236 2.67058824 2.88235293
v 0.01743489 -0.02286516 -0.00705357 1.30588236 2.67058824 2.88235293
v 0.07026222 0.01523109 -0.01677285 1.30588236 2.67058824 2.88235293
v 0.05543397 0.01523481 -0.01676346 1.30588236 2.67058824 2.88235293
v 0.00000000 0.01523481 -0.01025028 1.30588236 2.67058824 2.88235293
v 0.00000000 0.01520496 -0.00988269 1.30588236 2.67058824 2.88235293
v 0.00000000 0.01516023 -0.00970182 1.30588236 2.67058824 2.88235293
v 0.00000000 0.01511547 -0.00952449 1.30588236 2.67058824 2.88235293
v 0.00000000 0.01497003 -0.00918627 1.30588236 2.67058824 2.88235293
v 0.01559856 0.01520496 -0.00705357 1.30588236 2.67058824 2.88235293
v 0.07026222 -0.02283159 -0.01714749 1.30588236 2.67058824 2.88235293
v 0.00000000 -0.02286516 -0.01676346 1.30588236 2.67058824 2.88235293
v 0.01704285 -0.02283159 -0.00705357 1.30588236 2.67058824 2.88235293
v 0.00000000 -0.02273463 -0.01095255 1.30588236 2.67058824 2.88235293
v 0.00000000 -0.02283159 -0.01132836 1.30588236 2.67058824 2.88235293
v 0.00000000 -0.02286516 -0.01171356 1.30588236 2.67058824 2.88235293
v 0.07026222 0.01520124 -0.01713105 1.30588236 2.67058824 2.88235293
v 0.03695370 0.01520871 -0.01706058 1.30588236 2.67058824 2.88235293
v 0.00000000 0.01523481 -0.01676346 1.30588236 2.67058824 2.88235293
v 0.00000000 0.01477236 -0.00887388 1.30588236 2.67058824 2.88235293
v 0.01524090 0.01511547 -0.00705357 1.30588236 2.67058824 2.88235293
v 0.00000000 0.01464930 -0.00873531 1.30588236 2.67058824 2.88235293
v 0.00000000 0.01452621 -0.00859908 1.30588236 2.67058824 2.88235293
v 0.00000000 0.01438449 -0.00848163 1.30588236 2.67058824 2.88235293
v 0.00000000 0.01424277 -0.00836655 1.30588236 2.67058824 2.88235293
v 0.00000000 0.01408614 -0.00826788 1.30588236 2.67058824 2.88235293
v 0.00000000 0.01392204 -0.00818217 1.30588236 2.67058824 2.88235293
v 0.03762084 -0.02283906 -0.01706058 1.30588236 2.67058824 2.88235293
v 0.00000000 -0.02282787 -0.01716039 1.30588236 2.67058824 2.88235293
v 0.01881729 -0.02281668 -0.01720854 1.30588236 2.67058824 2.88235293
v 0.05643813 -0.02281668 -0.01720854 1.30588236 2.67058824 2.88235293
v 0.07026222 -0.02272716 -0.01754559 1.30588236 2.67058824 2.88235293
v 0.01667145 -0.02273463 -0.00705357 1.30588236 2.67058824 2.88235293
v 0.00000000 -0.02201484 -0.00993789 1.30588236 2.67058824 2.88235293
v 0.00000000 -0.02208945 -0.00999894 1.30588236 2.67058824 2.88235293
v 0.00000000 -0.02235795 -0.01027845 1.30588236 2.67058824 2.88235293
v 0.00000000 -0.02257425 -0.01060023 1.30588236 2.67058824 2.88235293
v 0.07026222 0.01519752 -0.01716981 1.30588236 2.67058824 2.88235293
v 0.00000000 0.01519752 -0.01716039 1.30588236 2.67058824 2.88235293
v 0.01490391 0.01497003 -0.00705357 1.30588236 2.67058824 2.88235293
v 0.00000000 0.01375050 -0.00811053 1.30588236 2.67058824 2.88235293
v 0.00000000 0.01366470 -0.00808116 1.30588236 2.67058824 2.88235293
v 0.00000000 0.01357521 -0.00805299 1.30588236 2.67058824 2.88235293
v 0.00000000 0.01348569 -0.00803067 1.30588236 2.67058824 2.88235293
v 0.00000000 0.01339620 -0.00800952 1.30588236 2.67058824 2.88235293
v 0.00000000 -0.02272716 -0.01754559 1.30588236 2.67058824 2.88235293
v 0.03762084 -0.02260038 -0.01781571 1.30588236 2.67058824 2.88235293
v 0.07026222 -0.02257425 -0.01787091 1.30588236 2.67058824 2.88235293
v 0.01632069 -0.02257425 -0.00705357 1.30588236 2.67058824 2.88235293
v 0.00000000 -0.02143305 -0.00959379 1.30588236 2.67058824 2.88235293
v 0.00000000 -0.02160834 -0.00967365 1.30588236 2.67058824 2.88235293
v 0.00000000 -0.02169411 -0.00972063 1.30588236 2.67058824 2.88235293
v 0.00000000 -0.02177616 -0.00976878 1.30588236 2.67058824 2.88235293
v 0.00000000 -0.02185821 -0.00982278 1.30588236 2.67058824 2.88235293
v 0.00000000 -0.02193654 -0.00987681 1.30588236 2.67058824 2.88235293
v 0.07026222 0.01510800 -0.01749744 1.30588236 2.67058824 2.88235293
v 0.05543397 0.01509681 -0.01754559 1.30588236 2.67058824 2.88235293
v 0.00000000 0.01509681 -0.01754559 1.30588236 2.67058824 2.88235293
v 0.01848030 0.01518633 -0.01720854 1.30588236 2.67058824 2.88235293
v 0.01462191 0.01479102 -0.00705357 1.30588236 2.67058824 2.88235293
v 0.00000000 0.01330668 -0.00799425 1.30588236 2.67058824 2.88235293
v 0.00000000 0.01321719 -0.00798018 1.30588236 2.67058824 2.88235293
v 0.00000000 -0.02255562 -0.01790613 1.30588236 2.67058824 2.88235293
v 0.01881729 -0.02257800 -0.01786152 1.30588236 2.67058824 2.88235293
v 0.07026222 -0.02256306 -0.01789440 1.30588236 2.67058824 2.88235293
v 0.01599744 -0.02235795 -0.00705357 1.30588236 2.67058824 2.88235293
v 0.00000000 -0.02106012 -0.00947988 1.30588236 2.67058824 2.88235293
v 0.00000000 -0.02125032 -0.00952920 1.30588236 2.67058824 2.88235293
v 0.07026222 0.01509681 -0.01753620 1.30588236 2.67058824 2.88235293
v 0.07026222 0.01507443 -0.01759023 1.30588236 2.67058824 2.88235293
v 0.07026222 0.01494018 -0.01787913 1.30588236 2.67058824 2.88235293
v 0.03695370 0.01497003 -0.01781571 1.30588236 2.67058824 2.88235293
v 0.01848030 0.01494765 -0.01786152 1.30588236 2.67058824 2.88235293
v 0.00000000 0.01492527 -0.01790613 1.30588236 2.67058824 2.88235293
v 0.01459440 0.01477236 -0.00705357 1.30588236 2.67058824 2.88235293
v 0.00000000 0.01303071 -0.00796608 1.30588236 2.67058824 2.88235293
v 0.01433994 0.01454859 -0.00705357 1.30588236 2.67058824 2.88235293
v 0.00000000 -0.02244372 -0.01806939 1.30588236 2.67058824 2.88235293
v 0.01881729 -0.02252952 -0.01794723 1.30588236 2.67058824 2.88235293
v 0.05643813 -0.02252952 -0.01794723 1.30588236 2.67058824 2.88235293
v 0.07026222 -0.02253324 -0.01793901 1.30588236 2.67058824 2.88235293
v 0.01594932 -0.02231319 -0.00705357 1.30588236 2.67058824 2.88235293
v 0.00000000 -0.02096688 -0.00946344 1.30588236 2.67058824 2.88235293
v 0.07026222 0.01492155 -0.01791435 1.30588236 2.67058824 2.88235293
v 0.01848030 0.01489917 -0.01794723 1.30588236 2.67058824 2.88235293
v 0.00000000 0.01481337 -0.01806939 1.30588236 2.67058824 2.88235293
v 0.00000000 0.01284798 -0.00796608 1.30588236 2.67058824 2.88235293
v 0.01368654 0.01304190 -0.00705357 1.30588236 2.67058824 2.88235293
v 0.01370031 0.01321719 -0.00705357 1.30588236 2.67058824 2.88235293
v 0.01372782 0.01340739 -0.00705357 1.30588236 2.67058824 2.88235293
v 0.01376910 0.01357521 -0.00705357 1.30588236 2.67058824 2.88235293
v 0.01383099 0.01376169 -0.00705357 1.30588236 2.67058824 2.88235293
v 0.01389975 0.01392204 -0.00705357 1.30588236 2.67058824 2.88235293
v 0.01398228 0.01408614 -0.00705357 1.30588236 2.67058824 2.88235293
v 0.01409922 0.01426515 -0.00705357 1.30588236 2.67058824 2.88235293
v 0.01431930 0.01452621 -0.00705357 1.30588236 2.67058824 2.88235293
v 0.00000000 -0.02232813 -0.01823262 1.30588236 2.67058824 2.88235293
v 0.01881729 -0.02235795 -0.01819152 1.30588236 2.67058824 2.88235293
v 0.05643813 -0.02235795 -0.01819152 1.30588236 2.67058824 2.88235293
v 0.07026222 -0.02233557 -0.01822206 1.30588236 2.67058824 2.88235293
v 0.01571547 -0.02208945 -0.00705357 1.30588236 2.67058824 2.88235293
v 0.00000000 -0.02086992 -0.00944697 1.30588236 2.67058824 2.88235293
v 0.07026222 0.01491036 -0.01793079 1.30588236 2.67058824 2.88235293
v 0.05543397 0.01489917 -0.01794723 1.30588236 2.67058824 2.88235293
v 0.07026222 0.01472760 -0.01819269 1.30588236 2.67058824 2.88235293
v 0.01848030 0.01472760 -0.01819152 1.30588236 2.67058824 2.88235293
v 0.00000000 0.01469778 -0.01823262 1.30588236 2.67058824 2.88235293
v 0.00000000 -0.00391215 -0.00869772 1.30588236 2.67058824 2.88235293
v 0.01524777 -0.02125032 -0.00705357 1.30588236 2.67058824 2.88235293
v 0.01519965 -0.02106012 -0.00705357 1.30588236 2.67058824 2.88235293
v 0.01516524 -0.02086992 -0.00705357 1.30588236 2.67058824 2.88235293
v 0.01514463 -0.02067597 -0.00705357 1.30588236 2.67058824 2.88235293
v 0.01377597 0.01072965 -0.00705357 1.30588236 2.67058824 2.88235293
v 0.01368654 0.01284798 -0.00705357 1.30588236 2.67058824 2.88235293
v 0.00000000 -0.02204841 -0.01851447 1.30588236 2.67058824 2.88235293
v 0.01881729 -0.02229456 -0.01826784 1.30588236 2.67058824 2.88235293
v 0.07026222 -0.02232066 -0.01824201 1.30588236 2.67058824 2.88235293
v 0.05643813 -0.02232813 -0.01823262 1.30588236 2.67058824 2.88235293
v 0.01559166 -0.02193654 -0.00705357 1.30588236 2.67058824 2.88235293
v 0.00000000 -0.02067597 -0.00943053 1.30588236 2.67058824 2.88235293
v 0.01550226 -0.02179854 -0.00705357 1.30588236 2.67058824 2.88235293
v 0.01548849 -0.02177616 -0.00705357 1.30588236 2.67058824 2.88235293
v 0.01539222 -0.02160834 -0.00705357 1.30588236 2.67058824 2.88235293
v 0.07026222 0.01470522 -0.01822440 1.30588236 2.67058824 2.88235293
v 0.01848030 0.01466421 -0.01826784 1.30588236 2.67058824 2.88235293
v 0.00000000 0.01441806 -0.01851447 1.30588236 2.67058824 2.88235293
v 0.05543397 0.01469778 -0.01823262 1.30588236 2.67058824 2.88235293
v 0.01530969 -0.02143305 -0.00705357 1.30588236 2.67058824 2.88235293
v 0.00000000 -0.02172021 -0.01874349 1.30588236 2.67058824 2.88235293
v 0.03762084 -0.02196636 -0.01857201 1.30588236 2.67058824 2.88235293
v 0.07026222 -0.02203722 -0.01852269 1.30588236 2.67058824 2.88235293
v 0.05643813 -0.02204841 -0.01851447 1.30588236 2.67058824 2.88235293
v 0.07026222 -0.02230200 -0.01826082 1.30588236 2.67058824 2.88235293
v 0.07026222 0.01469031 -0.01823967 1.30588236 2.67058824 2.88235293
v 0.05543397 0.01466421 -0.01826784 1.30588236 2.67058824 2.88235293
v 0.00000000 0.01408986 -0.01874349 1.30588236 2.67058824 2.88235293
v 0.05543397 0.01441806 -0.01851447 1.30588236 2.67058824 2.88235293
v 0.03695370 0.01433601 -0.01857201 1.30588236 2.67058824 2.88235293
v 0.00000000 -0.02154120 -0.01882686 1.30588236 2.67058824 2.88235293
v 0.03762084 -0.02163072 -0.01878576 1.30588236 2.67058824 2.88235293
v 0.05643813 -0.02172021 -0.01874349 1.30588236 2.67058824 2.88235293
v 0.07026222 -0.02177616 -0.01870473 1.30588236 2.67058824 2.88235293
v 0.07026222 -0.02205588 -0.01850508 1.30588236 2.67058824 2.88235293
v 0.07026222 0.01445163 -0.01847925 1.30588236 2.67058824 2.88235293
v 0.00000000 0.01391085 -0.01882686 1.30588236 2.67058824 2.88235293
v 0.07026222 0.01413090 -0.01871529 1.30588236 2.67058824 2.88235293
v 0.05543397 0.01408986 -0.01874349 1.30588236 2.67058824 2.88235293
v 0.03695370 0.01400037 -0.01878576 1.30588236 2.67058824 2.88235293
v 0.07026222 0.01373931 -0.01890789 1.30588236 2.67058824 2.88235293
v 0.07026222 0.01442178 -0.01850742 1.30588236 2.67058824 2.88235293
v 0.07026222 0.01440687 -0.01852035 1.30588236 2.67058824 2.88235293
v 0.07026222 0.01439196 -0.01853091 1.30588236 2.67058824 2.88235293
v 0.00000000 -0.02135847 -0.01891143 1.30588236 2.67058824 2.88235293
v 0.01881729 -0.02149644 -0.01884801 1.30588236 2.67058824 2.88235293
v 0.07026222 -0.02139576 -0.01889499 1.30588236 2.67058824 2.88235293
v 0.05643813 -0.02167548 -0.01876461 1.30588236 2.67058824 2.88235293
v 0.07026222 -0.02170902 -0.01874817 1.30588236 2.67058824 2.88235293
v 0.07026222 -0.02173140 -0.01873527 1.30588236 2.67058824 2.88235293
v 0.00000000 0.01372812 -0.01891143 1.30588236 2.67058824 2.88235293
v 0.07026222 0.01409733 -0.01873761 1.30588236 2.67058824 2.88235293
v 0.07026222 0.01408242 -0.01874700 1.30588236 2.67058824 2.88235293
v 0.05543397 0.01404513 -0.01876461 1.30588236 2.67058824 2.88235293
v 0.07026222 0.01370202 -0.01891965 1.30588236 2.67058824 2.88235293
v 0.00000000 -0.02116827 -0.01896309 1.30588236 2.67058824 2.88235293
v 0.07026222 -0.02134728 -0.01891494 1.30588236 2.67058824 2.88235293
v 0.07026222 -0.02135847 -0.01891143 1.30588236 2.67058824 2.88235293
v 0.00000000 0.01353792 -0.01896309 1.30588236 2.67058824 2.88235293
v 0.07026222 0.01335516 -0.01901241 1.30588236 2.67058824 2.88235293
v 0.00000000 -0.02097432 -0.01901478 1.30588236 2.67058824 2.88235293
v 0.01881729 -0.02111979 -0.01897602 1.30588236 2.67058824 2.88235293
v 0.07026222 -0.02132118 -0.01892199 1.30588236 2.67058824 2.88235293
v 0.00000000 0.01334397 -0.01901478 1.30588236 2.67058824 2.88235293
v 0.07026222 0.01333278 -0.01901595 1.30588236 2.67058824 2.88235293
v 0.05543397 0.01334397 -0.01901478 1.30588236 2.67058824 2.88235293
v 0.00000000 -0.02057901 -0.01905000 1.30588236 2.67058824 2.88235293
v 0.01881729 -0.02092584 -0.01901946 1.30588236 2.67058824 2.88235293
v 0.07026222 -0.02097432 -0.01901478 1.30588236 2.67058824 2.88235293
v 0.05643813 -0.02102283 -0.01900185 1.30588236 2.67058824 2.88235293
v 0.01848030 0.01329549 -0.01901946 1.30588236 2.67058824 2.88235293
v 0.00000000 0.01294866 -0.01905000 1.30588236 2.67058824 2.88235293
v 0.07026222 0.01299714 -0.01904529 1.30588236 2.67058824 2.88235293
v 0.05543397 0.01294866 -0.01905000 1.30588236 2.67058824 2.88235293
v 0.05543397 0.01329549 -0.01901946 1.30588236 2.67058824 2.88235293
v 0.05643813 -0.02057901 -0.01905000 1.30588236 2.67058824 2.88235293
v 0.05643813 -0.02092584 -0.01901946 1.30588236 2.67058824 2.88235293
v 0.07026222 -0.02064240 -0.01904412 1.30588236 2.67058824 2.88235293
v 0.07026222 0.01295613 -0.01904883 1.30588236 2.67058824 2.88235293
v 0.06559230 -0.01009929 -0.01905000 1.30588236 2.67058824 2.88235293
v 0.07026222 -0.02057901 -0.01904883 1.30588236 2.67058824 2.88235293
f 1351 1352 1355
f 1351 1355 1365
f 1351 1365 1386
f 1351 1386 1402
f 1351 1402 1419
f 1351 1419 1435
f 1351 1435 1454
f 1351 1454 1471
f 1351 1471 1487
f 1351 1487 1497
f 1351 1497 1485
f 1351 1485 1496
f 1351 1496 1512
f 1351 1512 1511
f 1351 1511 1509
f 1351 1509 1520
f 1351 1520 1519
f 1351 1519 1525
f 1351 1525 1531
f 1351 1531 1540
f 1351 1540 1543
f 1351 1543 1541
f 1351 1541 1535
f 1351 1535 1527
f 1351 1527 1522
f 1351 1522 1517
f 1351 1517 1503
f 1351 1503 1515
f 1351 1515 1514
f 1351 1514 1500
f 1351 1500 1506
f 1351 1506 1505
f 1351 1505 1504
f 1351 1504 1498
f 1351 1498 1488
f 1351 1488 1478
f 1351 1478 1459
f 1351 1459 1457
f 1351 1457 1438
f 1351 1438 1425
f 1351 1425 1424
f 1351 1424 1423
f 1351 1423 1410
f 1351 1410 1392
f 1351 1392 1371
f 1351 1371 1357
f 1351 1357 1353
f 1351 1353 1358
f 1351 1358 1373
f 1351 1373 1359
f 1351 1359 1354
f 1351 1354 1364
f 1351 1364 1375
f 1351 1375 1394
f 1351 1394 1414
f 1351 1414 1429
f 1351 1429 1431
f 1351 1431 1450
f 1351 1450 1449
f 1351 1449 1448
f 1351 1448 1447
f 1351 1447 1446
f 1351 1446 1445
f 1351 1445 1444
f 1351 1444 1443
f 1351 1443 1442
f 1351 1442 1468
f 1351 1468 1467
f 1351 1467 1466
f 1351 1466 1465
f 1351 1465 1464
f 1351 1464 1463
f 1351 1463 1482
f 1351 1482 1477
f 1351 1477 1476
f 1351 1476 1475
f 1351 1475 1473
f 1351 1473 1455
f 1351 1455 1436
f 1351 1436 1420
f 1351 1420 1403
f 1351 1403 1387
f 1351 1387 1367
f 1351 1367 1356
f 1351 1356 1352
f 1352 1356 1370
f 1352 1370 1366
f 1352 1366 1355
f 1353 1357 1358
f 1354 1359 1360
f 1354 1360 1361
f 1354 1361 1362
f 1354 1362 1363
f 1354 1363 1364
f 1355 1366 1365
f 1356 1367 1368
f 1356 1368 1369
f 1356 1369 1370
f 1357 1371 1358
f 1358 1371 1372
f 1358 1372 1373
f 1359 1373 1393
f 1359 1393 1412
f 1359 1412 1428
f 1359 1428 1440
f 1359 1440 1461
f 1359 1461 1480
f 1359 1480 1490
f 1359 1490 1499
f 1359 1499 1513
f 1359 1513 1521
f 1359 1521 1526
f 1359 1526 1534
f 1359 1534 1529
f 1359 1529 1523
f 1359 1523 1518
f 1359 1518 1507
f 1359 1507 1493
f 1359 1493 1483
f 1359 1483 1469
f 1359 1469 1451
f 1359 1451 1432
f 1359 1432 1417
f 1359 1417 1400
f 1359 1400 1383
f 1359 1383 1366
f 1359 1366 1370
f 1359 1370 1369
f 1359 1369 1368
f 1359 1368 1391
f 1359 1391 1390
f 1359 1390 1389
f 1359 1389 1388
f 1359 1388 1409
f 1359 1409 1408
f 1359 1408 1407
f 1359 1407 1406
f 1359 1406 1405
f 1359 1405 1404
f 1359 1404 1422
f 1359 1422 1421
f 1359 1421 1437
f 1359 1437 1456
f 1359 1456 1474
f 1359 1474 1462
f 1359 1462 1441
f 1359 1441 1430
f 1359 1430 1416
f 1359 1416 1415
f 1359 1415 1399
f 1359 1399 1398
f 1359 1398 1397
f 1359 1397 1396
f 1359 1396 1395
f 1359 1395 1381
f 1359 1381 1380
f 1359 1380 1379
f 1359 1379 1378
f 1359 1378 1377
f 1359 1377 1376
f 1359 1376 1374
f 1359 1374 1363
f 1359 1363 1362
f 1359 1362 1361
f 1359 1361 1360
f 1363 1374 1364
f 1364 1374 1376
f 1364 1376 1377
f 1364 1377 1378
f 1364 1378 1379
f 1364 1379 1380
f 1364 1380 1381
f 1364 1381 1375
f 1365 1382 1383
f 1365 1383 1384
f 1365 1384 1385
f 1365 1385 1386
f 1365 1366 1382
f 1366 1383 1382
f 1367 1387 1388
f 1367 1388 1389
f 1367 1389 1390
f 1367 1390 1391
f 1367 1391 1368
f 1371 1392 1372
f 1372 1392 1393
f 1372 1393 1373
f 1375 1381 1395
f 1375 1395 1396
f 1375 1396 1397
f 1375 1397 1398
f 1375 1398 1399
f 1375 1399 1394
f 1383 1400 1384
f 1384 1400 1386
f 1384 1386 1385
f 1386 1401 1402
f 1386 1400 1401
f 1387 1403 1404
f 1387 1404 1405
f 1387 1405 1406
f 1387 1406 1407
f 1387 1407 1408
f 1387 1408 1409
f 1387 1409 1388
f 1392 1410 1411
f 1392 1411 1412
f 1392 1412 1413
f 1392 1413 1393
f 1393 1413 1412
f 1394 1399 1415
f 1394 1415 1416
f 1394 1416 1414
f 1400 1417 1418
f 1400 1418 1401
f 1401 1418 1419
f 1401 1419 1402
f 1403 1420 1421
f 1403 1421 1422
f 1403 1422 1404
f 1410 1423 1411
f 1411 1423 1424
f 1411 1424 1425
f 1411 1425 1426
f 1411 1426 1412
f 1412 1427 1428
f 1412 1426 1427
f 1414 1416 1429
f 1416 1430 1431
f 1416 1431 1429
f 1417 1432 1433
f 1417 1433 1434
f 1417 1434 1419
f 1417 1419 1418
f 1419 1434 1435
f 1420 1436 1421
f 1421 1436 1437
f 1425 1438 1428
f 1425 1428 1427
f 1425 1427 1426
f 1428 1439 1440
f 1428 1438 1439
f 1430 1441 1468
f 1430 1468 1442
f 1430 1442 1443
f 1430 1443 1444
f 1430 1444 1445
f 1430 1445 1446
f 1430 1446 1447
f 1430 1447 1448
f 1430 1448 1449
f 1430 1449 1450
f 1430 1450 1431
f 1432 1451 1452
f 1432 1452 1453
f 1432 1453 1434
f 1432 1434 1433
f 1434 1453 1454
f 1434 1454 1435
f 1436 1455 1437
f 1437 1455 1456
f 1438 1457 1458
f 1438 1458 1439
f 1439 1458 1459
f 1439 1459 1440
f 1440 1459 1460
f 1440 1460 1461
f 1441 1462 1463
f 1441 1463 1464
f 1441 1464 1465
f 1441 1465 1466
f 1441 1466 1467
f 1441 1467 1468
f 1451 1469 1470
f 1451 1470 1471
f 1451 1471 1472
f 1451 1472 1453
f 1451 1453 1452
f 1453 1472 1454
f 1454 1472 1471
f 1455 1473 1456
f 1456 1473 1475
f 1456 1475 1476
f 1456 1476 1477
f 1456 1477 1474
f 1457 1459 1458
f 1459 1478 1460
f 1460 1478 1461
f 1461 1479 1480
f 1461 1478 1481
f 1461 1481 1489
f 1461 1489 1479
f 1462 1474 1463
f 1463 1474 1482
f 1469 1483 1484
f 1469 1484 1485
f 1469 1485 1486
f 1469 1486 1487
f 1469 1487 1470
f 1470 1487 1471
f 1474 1477 1482
f 1478 1488 1489
f 1478 1489 1481
f 1479 1489 1491
f 1479 1491 1480
f 1480 1491 1492
f 1480 1492 1490
f 1483 1493 1494
f 1483 1494 1510
f 1483 1510 1495
f 1483 1495 1496
f 1483 1496 1484
f 1484 1496 1485
f 1485 1497 1486
f 1486 1497 1487
f 1488 1498 1489
f 1489 1498 1491
f 1490 1492 1500
f 1490 1500 1501
f 1490 1501 1515
f 1490 1515 1516
f 1490 1516 1502
f 1490 1502 1503
f 1490 1503 1499
f 1491 1498 1504
f 1491 1504 1505
f 1491 1505 1506
f 1491 1506 1500
f 1491 1500 1492
f 1493 1507 1508
f 1493 1508 1494
f 1494 1508 1509
f 1494 1509 1510
f 1495 1510 1511
f 1495 1511 1512
f 1495 1512 1496
f 1499 1503 1513
f 1500 1514 1501
f 1501 1514 1515
f 1502 1516 1503
f 1503 1516 1515
f 1503 1517 1513
f 1507 1518 1519
f 1507 1519 1520
f 1507 1520 1509
f 1507 1509 1508
f 1509 1511 1510
f 1513 1517 1521
f 1517 1522 1521
f 1518 1523 1531
f 1518 1531 1532
f 1518 1532 1524
f 1518 1524 1525
f 1518 1525 1519
f 1521 1522 1526
f 1522 1527 1528
f 1522 1528 1526
f 1523 1529 1530
f 1523 1530 1539
f 1523 1539 1531
f 1524 1532 1525
f 1525 1532 1531
f 1526 1533 1534
f 1526 1528 1527
f 1526 1527 1533
f 1527 1535 1536
f 1527 1536 1537
f 1527 1537 1533
f 1529 1534 1536
f 1529 1536 1542
f 1529 1542 1538
f 1529 1538 1539
f 1529 1539 1530
f 1531 1539 1540
f 1533 1537 1536
f 1533 1536 1534
f 1535 1541 1536
f 1536 1541 1542
f 1538 1542 1543
f 1538 1543 1540
f 1538 1540 1539
f 1541 1543 1542

o geometry_3
v -0.07469790 0.01537365 0.01676352 1.14117648 2.36470587 1.57647060
v -0.07469790 0.01537365 0.00795438 1.14117648 2.36470587 1.57647060
v -0.07469790 0.01533246 0.01717083 1.14117648 2.36470587 1.57647060
v 0.00000000 0.01519773 0.01715997 1.14117648 2.36470587 1.57647060
v 0.00000000 0.01521645 0.01696227 1.14117648 2.36470587 1.57647060
v 0.00000000 0.01523142 0.01676352 1.14117648 2.36470587 1.57647060
v -0.07469790 -0.02286516 0.00795438 1.14117648 2.36470587 1.57647060
v 0.00000000 0.01523142 0.01024953 1.14117648 2.36470587 1.57647060
v -0.01596909 0.01523142 0.00795438 1.14117648 2.36470587 1.57647060
v -0.07469790 0.01522767 0.01754559 1.14117648 2.36470587 1.57647060
v 0.00000000 0.01509666 0.01754559 1.14117648 2.36470587 1.57647060
v -0.07469790 -0.02286516 0.01671462 1.14117648 2.36470587 1.57647060
v -0.01743147 -0.02286516 0.00795438 1.14117648 2.36470587 1.57647060
v 0.00000000 0.01521645 0.01006380 1.14117648 2.36470587 1.57647060
v 0.00000000 0.01520148 0.00988239 1.14117648 2.36470587 1.57647060
v 0.00000000 0.01516029 0.00970209 1.14117648 2.36470587 1.57647060
v 0.00000000 0.01511538 0.00952503 1.14117648 2.36470587 1.57647060
v 0.00000000 0.01496940 0.00918615 1.14117648 2.36470587 1.57647060
v 0.00000000 0.01487208 0.00902865 1.14117648 2.36470587 1.57647060
v 0.00000000 0.01477101 0.00887439 1.14117648 2.36470587 1.57647060
v -0.01563276 0.01520520 0.00795438 1.14117648 2.36470587 1.57647060
v -0.07469790 0.01520895 0.01758795 1.14117648 2.36470587 1.57647060
v 0.00000000 0.01492824 0.01790619 1.14117648 2.36470587 1.57647060
v -0.05643291 -0.02286516 0.01676352 1.14117648 2.36470587 1.57647060
v -0.07469790 -0.02286141 0.01677111 1.14117648 2.36470587 1.57647060
v -0.01704393 -0.02283147 0.00795438 1.14117648 2.36470587 1.57647060
v 0.00000000 -0.02257320 0.01060038 1.14117648 2.36470587 1.57647060
v 0.00000000 -0.02273415 0.01095339 1.14117648 2.36470587 1.57647060
v 0.00000000 -0.02278281 0.01113804 1.14117648 2.36470587 1.57647060
v 0.00000000 -0.02283147 0.01132812 1.14117648 2.36470587 1.57647060
v 0.00000000 -0.02286516 0.01171374 1.14117648 2.36470587 1.57647060
v 0.00000000 0.01452771 0.00859851 1.14117648 2.36470587 1.57647060
v -0.01560351 0.01520148 0.00795438 1.14117648 2.36470587 1.57647060
v 0.00000000 0.01424325 0.00836604 1.14117648 2.36470587 1.57647060
v 0.00000000 0.01408605 0.00826830 1.14117648 2.36470587 1.57647060
v 0.00000000 0.01400370 0.00822483 1.14117648 2.36470587 1.57647060
v 0.00000000 0.01392135 0.00818247 1.14117648 2.36470587 1.57647060
v 0.00000000 0.01375290 0.00811080 1.14117648 2.36470587 1.57647060
v 0.00000000 0.01357698 0.00805215 1.14117648 2.36470587 1.57647060
v -0.07469790 0.01505550 0.01790619 1.14117648 2.36470587 1.57647060
v 0.00000000 0.01469991 0.01823313 1.14117648 2.36470587 1.57647060
v 0.00000000 -0.02286516 0.01676352 1.14117648 2.36470587 1.57647060
v -0.03761949 -0.02283897 0.01706112 1.14117648 2.36470587 1.57647060
v -0.05643291 -0.02284269 0.01701117 1.14117648 2.36470587 1.57647060
v -0.07469790 -0.02282772 0.01715889 1.14117648 2.36470587 1.57647060
v -0.01667103 -0.02273415 0.00795438 1.14117648 2.36470587 1.57647060
v 0.00000000 -0.02160750 0.00967383 1.14117648 2.36470587 1.57647060
v 0.00000000 -0.02169360 0.00972054 1.14117648 2.36470587 1.57647060
v 0.00000000 -0.02177595 0.00976833 1.14117648 2.36470587 1.57647060
v 0.00000000 -0.02185827 0.00982266 1.14117648 2.36470587 1.57647060
v 0.00000000 -0.02193690 0.00987696 1.14117648 2.36470587 1.57647060
v 0.00000000 -0.02209035 0.00999861 1.14117648 2.36470587 1.57647060
v 0.00000000 -0.02235612 0.01027887 1.14117648 2.36470587 1.57647060
v 0.00000000 -0.02246466 0.01043745 1.14117648 2.36470587 1.57647060
v -0.01527447 0.01512285 0.00795438 1.14117648 2.36470587 1.57647060
v 0.00000000 0.01339734 0.00800868 1.14117648 2.36470587 1.57647060
v 0.00000000 0.01321392 0.00797937 1.14117648 2.36470587 1.57647060
v 0.00000000 0.01303050 0.00796524 1.14117648 2.36470587 1.57647060
v -0.07469790 0.01499559 0.01799091 1.14117648 2.36470587 1.57647060
v 0.00000000 0.01441542 0.01851447 1.14117648 2.36470587 1.57647060
v -0.07469790 0.01481967 0.01823313 1.14117648 2.36470587 1.57647060
v 0.00000000 -0.02284644 0.01696227 1.14117648 2.36470587 1.57647060
v -0.05643291 -0.02282772 0.01715997 1.14117648 2.36470587 1.57647060
v 0.00000000 -0.02282772 0.01715997 1.14117648 2.36470587 1.57647060
v -0.07469790 -0.02272668 0.01754340 1.14117648 2.36470587 1.57647060
v -0.05643291 -0.02281650 0.01720884 1.14117648 2.36470587 1.57647060
v -0.01661985 -0.02271168 0.00795438 1.14117648 2.36470587 1.57647060
v 0.00000000 -0.02124816 0.00952830 1.14117648 2.36470587 1.57647060
v 0.00000000 -0.02134176 0.00956088 1.14117648 2.36470587 1.57647060
v 0.00000000 -0.02143158 0.00959346 1.14117648 2.36470587 1.57647060
v 0.00000000 -0.02152140 0.00963366 1.14117648 2.36470587 1.57647060
v -0.01524522 0.01511538 0.00795438 1.14117648 2.36470587 1.57647060
v 0.00000000 0.01284711 0.00796632 1.14117648 2.36470587 1.57647060
v -0.01531104 -0.02143158 0.00795438 1.14117648 2.36470587 1.57647060
v -0.01524522 -0.02124816 0.00795438 1.14117648 2.36470587 1.57647060
v -0.01520136 -0.02107599 0.00795438 1.14117648 2.36470587 1.57647060
v -0.01516479 -0.02088510 0.00795438 1.14117648 2.36470587 1.57647060
v -0.01515018 -0.02069046 0.00795438 1.14117648 2.36470587 1.57647060
v -0.01368780 0.01281717 0.00795438 1.14117648 2.36470587 1.57647060
v -0.01368048 0.01303050 0.00795438 1.14117648 2.36470587 1.57647060
v -0.01369512 0.01321392 0.00795438 1.14117648 2.36470587 1.57647060
v -0.01372434 0.01339734 0.00795438 1.14117648 2.36470587 1.57647060
v -0.01376823 0.01357698 0.00795438 1.14117648 2.36470587 1.57647060
v -0.01382673 0.01375290 0.00795438 1.14117648 2.36470587 1.57647060
v -0.01389984 0.01392135 0.00795438 1.14117648 2.36470587 1.57647060
v -0.01398759 0.01408980 0.00795438 1.14117648 2.36470587 1.57647060
v -0.01408995 0.01424700 0.00795438 1.14117648 2.36470587 1.57647060
v -0.01432392 0.01453521 0.00795438 1.14117648 2.36470587 1.57647060
v -0.01459446 0.01477101 0.00795438 1.14117648 2.36470587 1.57647060
v -0.01460910 0.01478226 0.00795438 1.14117648 2.36470587 1.57647060
v -0.01490157 0.01496940 0.00795438 1.14117648 2.36470587 1.57647060
v -0.01492350 0.01498062 0.00795438 1.14117648 2.36470587 1.57647060
v 0.00000000 0.01425447 0.01862853 1.14117648 2.36470587 1.57647060
v -0.07469790 0.01469616 0.01835262 1.14117648 2.36470587 1.57647060
v -0.07469790 0.01452771 0.01851447 1.14117648 2.36470587 1.57647060
v 0.00000000 -0.02272668 0.01754559 1.14117648 2.36470587 1.57647060
v -0.01881339 -0.02281650 0.01720884 1.14117648 2.36470587 1.57647060
v -0.07469790 -0.02255448 0.01791054 1.14117648 2.36470587 1.57647060
v -0.05643291 -0.02272668 0.01754559 1.14117648 2.36470587 1.57647060
v -0.05643291 -0.02255823 0.01790619 1.14117648 2.36470587 1.57647060
v -0.03761949 -0.02275287 0.01744890 1.14117648 2.36470587 1.57647060
v -0.01632006 -0.02257320 0.00795438 1.14117648 2.36470587 1.57647060
v 0.00000000 -0.02106102 0.00947940 1.14117648 2.36470587 1.57647060
v 0.00000000 -0.00468525 0.00873210 1.14117648 2.36470587 1.57647060
v -0.01539147 -0.02160750 0.00795438 1.14117648 2.36470587 1.57647060
v 0.00000000 -0.02067549 0.00943053 1.14117648 2.36470587 1.57647060
v 0.00000000 0.01408980 0.01874367 1.14117648 2.36470587 1.57647060
v -0.07469790 0.01432935 0.01865025 1.14117648 2.36470587 1.57647060
v 0.00000000 -0.02255823 0.01790619 1.14117648 2.36470587 1.57647060
v -0.01881339 -0.02262186 0.01777152 1.14117648 2.36470587 1.57647060
v -0.07469790 -0.02232615 0.01823640 1.14117648 2.36470587 1.57647060
v -0.05643291 -0.02232990 0.01823313 1.14117648 2.36470587 1.57647060
v -0.01881339 -0.02241600 0.01811040 1.14117648 2.36470587 1.57647060
v -0.01627620 -0.02254701 0.00795438 1.14117648 2.36470587 1.57647060
v 0.00000000 -0.02096745 0.00946311 1.14117648 2.36470587 1.57647060
v -0.01549383 -0.02179092 0.00795438 1.14117648 2.36470587 1.57647060
v 0.00000000 -0.02077281 0.00943815 1.14117648 2.36470587 1.57647060
v -0.01559619 -0.02193690 0.00795438 1.14117648 2.36470587 1.57647060
v 0.00000000 0.01373046 0.01891203 1.14117648 2.36470587 1.57647060
v -0.07469790 0.01419084 0.01874367 1.14117648 2.36470587 1.57647060
v 0.00000000 -0.02232990 0.01823313 1.14117648 2.36470587 1.57647060
v -0.07469790 -0.02204169 0.01851663 1.14117648 2.36470587 1.57647060
v -0.05643291 -0.02208288 0.01847970 1.14117648 2.36470587 1.57647060
v -0.01881339 -0.02215398 0.01840911 1.14117648 2.36470587 1.57647060
v -0.01599834 -0.02235612 0.00795438 1.14117648 2.36470587 1.57647060
v 0.00000000 -0.02087013 0.00944682 1.14117648 2.36470587 1.57647060
v -0.01572048 -0.02209035 0.00795438 1.14117648 2.36470587 1.57647060
v 0.00000000 0.01334493 0.01901520 1.14117648 2.36470587 1.57647060
v -0.07469790 0.01382028 0.01891203 1.14117648 2.36470587 1.57647060
v 0.00000000 -0.02204544 0.01851447 1.14117648 2.36470587 1.57647060
v -0.01881339 -0.02208288 0.01847970 1.14117648 2.36470587 1.57647060
v -0.07469790 -0.02172729 0.01873932 1.14117648 2.36470587 1.57647060
v -0.05643291 -0.02204544 0.01851447 1.14117648 2.36470587 1.57647060
v -0.03761949 -0.02196684 0.01857204 1.14117648 2.36470587 1.57647060
v -0.05643291 -0.02192565 0.01860027 1.14117648 2.36470587 1.57647060
v -0.01596177 -0.02232615 0.00795438 1.14117648 2.36470587 1.57647060
v 0.00000000 0.01314654 0.01903260 1.14117648 2.36470587 1.57647060
v -0.07469790 0.01342353 0.01901520 1.14117648 2.36470587 1.57647060
v 0.00000000 -0.02188449 0.01862853 1.14117648 2.36470587 1.57647060
v -0.05643291 -0.02171979 0.01874367 1.14117648 2.36470587 1.57647060
v -0.05643291 -0.02136045 0.01891203 1.14117648 2.36470587 1.57647060
v -0.07469790 -0.02136045 0.01891095 1.14117648 2.36470587 1.57647060
v 0.00000000 -0.02171979 0.01874367 1.14117648 2.36470587 1.57647060
v 0.00000000 0.01294815 0.01904889 1.14117648 2.36470587 1.57647060
v -0.07469790 0.01307169 0.01904454 1.14117648 2.36470587 1.57647060
v -0.05643291 -0.02097492 0.01901520 1.14117648 2.36470587 1.57647060
v -0.07469790 -0.02098242 0.01901304 1.14117648 2.36470587 1.57647060
v 0.00000000 -0.02136045 0.01891203 1.14117648 2.36470587 1.57647060
v 0.00000000 -0.00366714 0.01904997 1.14117648 2.36470587 1.57647060
v -0.07469790 0.01301553 0.01904889 1.14117648 2.36470587 1.57647060
v -0.05643291 -0.02092626 0.01901955 1.14117648 2.36470587 1.57647060
v -0.07469790 -0.02097117 0.01901520 1.14117648 2.36470587 1.57647060
v 0.00000000 -0.02097492 0.01901520 1.14117648 2.36470587 1.57647060
v 0.00000000 -0.00396285 0.01904997 1.14117648 2.36470587 1.57647060
v -0.07469790 -0.02058564 0.01904889 1.14117648 2.36470587 1.57647060
v -0.01881339 -0.02092626 0.01901955 1.14117648 2.36470587 1.57647060
v -0.01881339 -0.02072790 0.01903695 1.14117648 2.36470587 1.57647060
v 0.00000000 -0.02077656 0.01903260 1.14117648 2.36470587 1.57647060
v 0.00000000 -0.02057817 0.01904889 1.14117648 2.36470587 1.57647060
v -0.01881339 -0.02062683 0.01904562 1.14117648 2.36470587 1.57647060
f 1544 1545 1550
f 1544 1550 1555
f 1544 1555 1568
f 1544 1568 1588
f 1544 1588 1608
f 1544 1608 1641
f 1544 1641 1654
f 1544 1654 1665
f 1544 1665 1675
f 1544 1675 1685
f 1544 1685 1690
f 1544 1690 1695
f 1544 1695 1698
f 1544 1698 1693
f 1544 1693 1688
f 1544 1688 1681
f 1544 1681 1672
f 1544 1672 1663
f 1544 1663 1651
f 1544 1651 1638
f 1544 1638 1637
f 1544 1637 1604
f 1544 1604 1602
f 1544 1602 1583
f 1544 1583 1565
f 1544 1565 1553
f 1544 1553 1546
f 1544 1546 1547
f 1544 1547 1548
f 1544 1548 1549
f 1544 1549 1551
f 1544 1551 1545
f 1545 1551 1552
f 1545 1552 1564
f 1545 1564 1576
f 1545 1576 1598
f 1545 1598 1615
f 1545 1615 1635
f 1545 1635 1634
f 1545 1634 1633
f 1545 1633 1632
f 1545 1632 1631
f 1545 1631 1630
f 1545 1630 1629
f 1545 1629 1628
f 1545 1628 1627
f 1545 1627 1626
f 1545 1626 1625
f 1545 1625 1624
f 1545 1624 1623
f 1545 1623 1622
f 1545 1622 1621
f 1545 1621 1620
f 1545 1620 1619
f 1545 1619 1618
f 1545 1618 1617
f 1545 1617 1648
f 1545 1648 1659
f 1545 1659 1661
f 1545 1661 1670
f 1545 1670 1679
f 1545 1679 1668
f 1545 1668 1657
f 1545 1657 1645
f 1545 1645 1610
f 1545 1610 1589
f 1545 1589 1569
f 1545 1569 1556
f 1545 1556 1550
f 1546 1553 1554
f 1546 1554 1547
f 1547 1554 1566
f 1547 1566 1584
f 1547 1584 1603
f 1547 1603 1636
f 1547 1636 1650
f 1547 1650 1662
f 1547 1662 1671
f 1547 1671 1680
f 1547 1680 1687
f 1547 1687 1692
f 1547 1692 1697
f 1547 1697 1702
f 1547 1702 1701
f 1547 1701 1696
f 1547 1696 1691
f 1547 1691 1686
f 1547 1686 1682
f 1547 1682 1673
f 1547 1673 1664
f 1547 1664 1652
f 1547 1652 1639
f 1547 1639 1607
f 1547 1607 1605
f 1547 1605 1585
f 1547 1585 1574
f 1547 1574 1573
f 1547 1573 1572
f 1547 1572 1571
f 1547 1571 1570
f 1547 1570 1597
f 1547 1597 1596
f 1547 1596 1595
f 1547 1595 1594
f 1547 1594 1593
f 1547 1593 1592
f 1547 1592 1591
f 1547 1591 1590
f 1547 1590 1614
f 1547 1614 1613
f 1547 1613 1612
f 1547 1612 1611
f 1547 1611 1646
f 1547 1646 1658
f 1547 1658 1669
f 1547 1669 1660
f 1547 1660 1649
f 1547 1649 1647
f 1547 1647 1616
f 1547 1616 1601
f 1547 1601 1600
f 1547 1600 1599
f 1547 1599 1582
f 1547 1582 1581
f 1547 1581 1580
f 1547 1580 1579
f 1547 1579 1578
f 1547 1578 1577
f 1547 1577 1575
f 1547 1575 1563
f 1547 1563 1562
f 1547 1562 1561
f 1547 1561 1560
f 1547 1560 1559
f 1547 1559 1558
f 1547 1558 1557
f 1547 1557 1551
f 1547 1551 1549
f 1547 1549 1548
f 1550 1556 1574
f 1550 1574 1585
f 1550 1585 1567
f 1550 1567 1555
f 1551 1557 1552
f 1552 1557 1558
f 1552 1558 1559
f 1552 1559 1560
f 1552 1560 1561
f 1552 1561 1562
f 1552 1562 1563
f 1552 1563 1564
f 1553 1565 1554
f 1554 1565 1566
f 1555 1567 1568
f 1556 1569 1570
f 1556 1570 1571
f 1556 1571 1572
f 1556 1572 1573
f 1556 1573 1574
f 1563 1575 1564
f 1564 1575 1577
f 1564 1577 1578
f 1564 1578 1579
f 1564 1579 1580
f 1564 1580 1581
f 1564 1581 1582
f 1564 1582 1576
f 1565 1583 1566
f 1566 1583 1584
f 1567 1585 1586
f 1567 1586 1587
f 1567 1587 1588
f 1567 1588 1568
f 1569 1589 1590
f 1569 1590 1591
f 1569 1591 1592
f 1569 1592 1593
f 1569 1593 1594
f 1569 1594 1595
f 1569 1595 1596
f 1569 1596 1597
f 1569 1597 1570
f 1576 1582 1599
f 1576 1599 1600
f 1576 1600 1601
f 1576 1601 1598
f 1583 1602 1584
f 1584 1602 1604
f 1584 1604 1603
f 1585 1605 1586
f 1586 1606 1588
f 1586 1588 1587
f 1586 1605 1607
f 1586 1607 1606
f 1588 1606 1609
f 1588 1609 1608
f 1589 1610 1611
f 1589 1611 1612
f 1589 1612 1613
f 1589 1613 1614
f 1589 1614 1590
f 1598 1601 1615
f 1601 1616 1617
f 1601 1617 1618
f 1601 1618 1619
f 1601 1619 1620
f 1601 1620 1621
f 1601 1621 1622
f 1601 1622 1623
f 1601 1623 1624
f 1601 1624 1625
f 1601 1625 1626
f 1601 1626 1627
f 1601 1627 1628
f 1601 1628 1629
f 1601 1629 1630
f 1601 1630 1631
f 1601 1631 1632
f 1601 1632 1633
f 1601 1633 1634
f 1601 1634 1635
f 1601 1635 1615
f 1603 1604 1637
f 1603 1637 1638
f 1603 1638 1636
f 1606 1607 1640
f 1606 1640 1609
f 1607 1639 1640
f 1608 1609 1642
f 1608 1642 1643
f 1608 1643 1641
f 1609 1640 1644
f 1609 1644 1642
f 1610 1645 1646
f 1610 1646 1611
f 1616 1647 1617
f 1617 1647 1649
f 1617 1649 1648
f 1636 1638 1650
f 1638 1651 1650
f 1639 1652 1653
f 1639 1653 1642
f 1639 1642 1644
f 1639 1644 1640
f 1641 1643 1655
f 1641 1655 1654
f 1642 1653 1643
f 1643 1656 1655
f 1643 1653 1652
f 1643 1652 1656
f 1645 1657 1646
f 1646 1657 1658
f 1648 1649 1659
f 1649 1660 1661
f 1649 1661 1659
f 1650 1651 1663
f 1650 1663 1662
f 1652 1664 1656
f 1654 1655 1666
f 1654 1666 1665
f 1655 1667 1666
f 1655 1656 1664
f 1655 1664 1667
f 1657 1668 1669
f 1657 1669 1658
f 1660 1669 1670
f 1660 1670 1661
f 1662 1663 1672
f 1662 1672 1671
f 1664 1673 1674
f 1664 1674 1667
f 1665 1666 1676
f 1665 1676 1677
f 1665 1677 1678
f 1665 1678 1675
f 1666 1667 1674
f 1666 1674 1673
f 1666 1673 1676
f 1668 1679 1669
f 1669 1679 1670
f 1671 1672 1681
f 1671 1681 1680
f 1673 1682 1677
f 1673 1677 1676
f 1675 1683 1684
f 1675 1684 1685
f 1675 1678 1677
f 1675 1677 1686
f 1675 1686 1683
f 1677 1682 1686
f 1680 1681 1688
f 1680 1688 1687
f 1683 1686 1691
f 1683 1691 1684
f 1684 1689 1690
f 1684 1690 1685
f 1684 1691 1696
f 1684 1696 1689
f 1687 1688 1693
f 1687 1693 1692
f 1689 1694 1695
f 1689 1695 1690
f 1689 1696 1699
f 1689 1699 1694
f 1692 1693 1698
f 1692 1698 1697
f 1694 1698 1695
f 1694 1699 1700
f 1694 1700 1698
f 1696 1701 1700
f 1696 1700 1699
f 1697 1698 1702
f 1698 1700 1703
f 1698 1703 1702
f 1700 1701 1703
f 1701 1702 1703

o geometry_4
v 0.07026222 0.01523481 0.01635282 1.69411764 2.77647060 0.21176472
v 0.07026222 0.01523481 0.00795381 1.69411764 2.77647060 0.21176472
v 0.05543397 0.01523481 0.01676340 1.69411764 2.77647060 0.21176472
v 0.07026222 0.01523109 0.01677318 1.69411764 2.77647060 0.21176472
v 0.07026222 -0.02286516 0.00795381 1.69411764 2.77647060 0.21176472
v 0.01596993 0.01523481 0.00795381 1.69411764 2.77647060 0.21176472
v 0.03695370 0.01520871 0.01706106 1.69411764 2.77647060 0.21176472
v 0.07026222 0.01520124 0.01713057 1.69411764 2.77647060 0.21176472
v 0.00000000 0.01523481 0.01676340 1.69411764 2.77647060 0.21176472
v 0.07026222 -0.02286516 0.01676340 1.69411764 2.77647060 0.21176472
v 0.01743489 -0.02286516 0.00795381 1.69411764 2.77647060 0.21176472
v 0.01559856 0.01520496 0.00795381 1.69411764 2.77647060 0.21176472
v 0.00000000 0.01464930 0.00873483 1.69411764 2.77647060 0.21176472
v 0.00000000 0.01477236 0.00887388 1.69411764 2.77647060 0.21176472
v 0.00000000 0.01497003 0.00918564 1.69411764 2.77647060 0.21176472
v 0.00000000 0.01511547 0.00952455 1.69411764 2.77647060 0.21176472
v 0.00000000 0.01516023 0.00970161 1.69411764 2.77647060 0.21176472
v 0.00000000 0.01520496 0.00988302 1.69411764 2.77647060 0.21176472
v 0.00000000 0.01523481 0.01025016 1.69411764 2.77647060 0.21176472
v 0.07026222 0.01519752 0.01716969 1.69411764 2.77647060 0.21176472
v 0.00000000 0.01519752 0.01716099 1.69411764 2.77647060 0.21176472
v 0.07026222 -0.02283159 0.01714686 1.69411764 2.77647060 0.21176472
v 0.00000000 -0.02286516 0.01676340 1.69411764 2.77647060 0.21176472
v 0.00000000 -0.02286516 0.01171338 1.69411764 2.77647060 0.21176472
v 0.00000000 -0.02283159 0.01132773 1.69411764 2.77647060 0.21176472
v 0.00000000 -0.02273463 0.01095297 1.69411764 2.77647060 0.21176472
v 0.01704285 -0.02283159 0.00795381 1.69411764 2.77647060 0.21176472
v 0.01524090 0.01511547 0.00795381 1.69411764 2.77647060 0.21176472
v 0.00000000 0.01303071 0.00796575 1.69411764 2.77647060 0.21176472
v 0.00000000 0.01312395 0.00797226 1.69411764 2.77647060 0.21176472
v 0.00000000 0.01321719 0.00797988 1.69411764 2.77647060 0.21176472
v 0.00000000 0.01330668 0.00799401 1.69411764 2.77647060 0.21176472
v 0.00000000 0.01339620 0.00800919 1.69411764 2.77647060 0.21176472
v 0.00000000 0.01357521 0.00805266 1.69411764 2.77647060 0.21176472
v 0.00000000 0.01366470 0.00808197 1.69411764 2.77647060 0.21176472
v 0.00000000 0.01375050 0.00811023 1.69411764 2.77647060 0.21176472
v 0.00000000 0.01383627 0.00814608 1.69411764 2.77647060 0.21176472
v 0.00000000 0.01392204 0.00818301 1.69411764 2.77647060 0.21176472
v 0.00000000 0.01408614 0.00826773 1.69411764 2.77647060 0.21176472
v 0.00000000 0.01416447 0.00831663 1.69411764 2.77647060 0.21176472
v 0.00000000 0.01424277 0.00836658 1.69411764 2.77647060 0.21176472
v 0.00000000 0.01438449 0.00848172 1.69411764 2.77647060 0.21176472
v 0.00000000 0.01452621 0.00859905 1.69411764 2.77647060 0.21176472
v 0.05543397 0.01509681 0.01754553 1.69411764 2.77647060 0.21176472
v 0.07026222 0.01510800 0.01749774 1.69411764 2.77647060 0.21176472
v 0.01848030 0.01518633 0.01720878 1.69411764 2.77647060 0.21176472
v 0.00000000 0.01509681 0.01754553 1.69411764 2.77647060 0.21176472
v 0.03762084 -0.02283906 0.01706106 1.69411764 2.77647060 0.21176472
v 0.07026222 -0.02281296 0.01722399 1.69411764 2.77647060 0.21176472
v 0.05643813 -0.02281668 0.01720878 1.69411764 2.77647060 0.21176472
v 0.01881729 -0.02281668 0.01720878 1.69411764 2.77647060 0.21176472
v 0.00000000 -0.02282787 0.01716099 1.69411764 2.77647060 0.21176472
v 0.00000000 -0.02257425 0.01059996 1.69411764 2.77647060 0.21176472
v 0.01667145 -0.02273463 0.00795381 1.69411764 2.77647060 0.21176472
v 0.00000000 -0.02235795 0.01027842 1.69411764 2.77647060 0.21176472
v 0.00000000 -0.02208945 0.00999924 1.69411764 2.77647060 0.21176472
v 0.00000000 -0.02201484 0.00993732 1.69411764 2.77647060 0.21176472
v 0.00000000 -0.02193654 0.00987648 1.69411764 2.77647060 0.21176472
v 0.00000000 -0.02185821 0.00982218 1.69411764 2.77647060 0.21176472
v 0.00000000 -0.02177616 0.00976788 1.69411764 2.77647060 0.21176472
v 0.00000000 -0.02169411 0.00972117 1.69411764 2.77647060 0.21176472
v 0.00000000 -0.02160834 0.00967335 1.69411764 2.77647060 0.21176472
v 0.01521339 0.01510428 0.00795381 1.69411764 2.77647060 0.21176472
v 0.01490391 0.01497003 0.00795381 1.69411764 2.77647060 0.21176472
v 0.01459440 0.01477236 0.00795381 1.69411764 2.77647060 0.21176472
v 0.01458066 0.01476117 0.00795381 1.69411764 2.77647060 0.21176472
v 0.01431930 0.01452996 0.00795381 1.69411764 2.77647060 0.21176472
v 0.01430553 0.01451502 0.00795381 1.69411764 2.77647060 0.21176472
v 0.01407858 0.01423905 0.00795381 1.69411764 2.77647060 0.21176472
v 0.01398228 0.01408614 0.00795381 1.69411764 2.77647060 0.21176472
v 0.01389975 0.01392579 0.00795381 1.69411764 2.77647060 0.21176472
v 0.01383099 0.01375050 0.00795381 1.69411764 2.77647060 0.21176472
v 0.01376910 0.01357893 0.00795381 1.69411764 2.77647060 0.21176472
v 0.01372782 0.01339620 0.00795381 1.69411764 2.77647060 0.21176472
v 0.01370031 0.01321719 0.00795381 1.69411764 2.77647060 0.21176472
v 0.01368654 0.01303071 0.00795381 1.69411764 2.77647060 0.21176472
v 0.00000000 0.01284798 0.00796575 1.69411764 2.77647060 0.21176472
v 0.05543397 0.01503342 0.01768131 1.69411764 2.77647060 0.21176472
v 0.07026222 0.01494765 0.01786164 1.69411764 2.77647060 0.21176472
v 0.07026222 0.01508190 0.01757160 1.69411764 2.77647060 0.21176472
v 0.07026222 0.01508937 0.01755420 1.69411764 2.77647060 0.21176472
v 0.07026222 0.01509681 0.01753575 1.69411764 2.77647060 0.21176472
v 0.00000000 0.01492527 0.01790616 1.69411764 2.77647060 0.21176472
v 0.01848030 0.01503342 0.01768131 1.69411764 2.77647060 0.21176472
v 0.07026222 -0.02272716 0.01754553 1.69411764 2.77647060 0.21176472
v 0.00000000 -0.02272716 0.01754553 1.69411764 2.77647060 0.21176472
v 0.01632069 -0.02257425 0.00795381 1.69411764 2.77647060 0.21176472
v 0.00000000 -0.02143305 0.00959406 1.69411764 2.77647060 0.21176472
v 0.00000000 -0.02125032 0.00952890 1.69411764 2.77647060 0.21176472
v 0.00000000 -0.02115336 0.00950391 1.69411764 2.77647060 0.21176472
v 0.01368654 0.01282185 0.00795381 1.69411764 2.77647060 0.21176472
v 0.01514463 -0.02067597 0.00795381 1.69411764 2.77647060 0.21176472
v 0.01516524 -0.02086992 0.00795381 1.69411764 2.77647060 0.21176472
v 0.01519275 -0.02104518 0.00795381 1.69411764 2.77647060 0.21176472
v 0.01524090 -0.02123166 0.00795381 1.69411764 2.77647060 0.21176472
v 0.01530969 -0.02143305 0.00795381 1.69411764 2.77647060 0.21176472
v 0.00000000 -0.02067597 0.00943005 1.69411764 2.77647060 0.21176472
v 0.03695370 0.01497003 0.01781601 1.69411764 2.77647060 0.21176472
v 0.07026222 0.01492155 0.01791486 1.69411764 2.77647060 0.21176472
v 0.01848030 0.01494765 0.01786164 1.69411764 2.77647060 0.21176472
v 0.00000000 0.01481337 0.01807020 1.69411764 2.77647060 0.21176472
v 0.01848030 0.01489917 0.01794744 1.69411764 2.77647060 0.21176472
v 0.07026222 -0.02256306 0.01789422 1.69411764 2.77647060 0.21176472
v 0.05643813 -0.02266377 0.01768131 1.69411764 2.77647060 0.21176472
v 0.00000000 -0.02255562 0.01790616 1.69411764 2.77647060 0.21176472
v 0.01881729 -0.02266377 0.01768131 1.69411764 2.77647060 0.21176472
v 0.01599744 -0.02235795 0.00795381 1.69411764 2.77647060 0.21176472
v 0.00000000 -0.02106012 0.00948000 1.69411764 2.77647060 0.21176472
v 0.00000000 -0.02086992 0.00944634 1.69411764 2.77647060 0.21176472
v 0.01539222 -0.02160834 0.00795381 1.69411764 2.77647060 0.21176472
v 0.01547475 -0.02176125 0.00795381 1.69411764 2.77647060 0.21176472
v 0.01559166 -0.02193654 0.00795381 1.69411764 2.77647060 0.21176472
v 0.01571547 -0.02208945 0.00795381 1.69411764 2.77647060 0.21176472
v 0.07026222 0.01491036 0.01793115 1.69411764 2.77647060 0.21176472
v 0.00000000 0.01469778 0.01823313 1.69411764 2.77647060 0.21176472
v 0.01848030 0.01472760 0.01819185 1.69411764 2.77647060 0.21176472
v 0.07026222 0.01472760 0.01819293 1.69411764 2.77647060 0.21176472
v 0.05543397 0.01489917 0.01794744 1.69411764 2.77647060 0.21176472
v 0.01881729 -0.02257800 0.01786164 1.69411764 2.77647060 0.21176472
v 0.03762084 -0.02260038 0.01781601 1.69411764 2.77647060 0.21176472
v 0.07026222 -0.02254815 0.01791702 1.69411764 2.77647060 0.21176472
v 0.05643813 -0.02252952 0.01794744 1.69411764 2.77647060 0.21176472
v 0.05643813 -0.02255562 0.01790616 1.69411764 2.77647060 0.21176472
v 0.00000000 -0.02244372 0.01807020 1.69411764 2.77647060 0.21176472
v 0.01881729 -0.02252952 0.01794744 1.69411764 2.77647060 0.21176472
v 0.00000000 0.01441806 0.01851447 1.69411764 2.77647060 0.21176472
v 0.01848030 0.01466421 0.01826790 1.69411764 2.77647060 0.21176472
v 0.05543397 0.01469778 0.01823313 1.69411764 2.77647060 0.21176472
v 0.07026222 0.01470522 0.01822443 1.69411764 2.77647060 0.21176472
v 0.07026222 -0.02253324 0.01793874 1.69411764 2.77647060 0.21176472
v 0.07026222 -0.02233557 0.01822227 1.69411764 2.77647060 0.21176472
v 0.05643813 -0.02235795 0.01819185 1.69411764 2.77647060 0.21176472
v 0.00000000 -0.02232813 0.01823313 1.69411764 2.77647060 0.21176472
v 0.01881729 -0.02235795 0.01819185 1.69411764 2.77647060 0.21176472
v 0.00000000 0.01408986 0.01874367 1.69411764 2.77647060 0.21176472
v 0.03695370 0.01433601 0.01857204 1.69411764 2.77647060 0.21176472
v 0.05543397 0.01441806 0.01851447 1.69411764 2.77647060 0.21176472
v 0.05543397 0.01466421 0.01826790 1.69411764 2.77647060 0.21176472
v 0.07026222 0.01469031 0.01823964 1.69411764 2.77647060 0.21176472
v 0.07026222 -0.02232066 0.01824183 1.69411764 2.77647060 0.21176472
v 0.05643813 -0.02232813 0.01823313 1.69411764 2.77647060 0.21176472
v 0.00000000 -0.02204841 0.01851447 1.69411764 2.77647060 0.21176472
v 0.07026222 -0.02230200 0.01826136 1.69411764 2.77647060 0.21176472
v 0.01881729 -0.02229456 0.01826790 1.69411764 2.77647060 0.21176472
v 0.00000000 0.01391085 0.01882731 1.69411764 2.77647060 0.21176472
v 0.01848030 0.01395561 0.01880667 1.69411764 2.77647060 0.21176472
v 0.05543397 0.01408986 0.01874367 1.69411764 2.77647060 0.21176472
v 0.07026222 0.01413090 0.01871544 1.69411764 2.77647060 0.21176472
v 0.07026222 0.01439196 0.01853184 1.69411764 2.77647060 0.21176472
v 0.07026222 0.01442178 0.01850796 1.69411764 2.77647060 0.21176472
v 0.07026222 0.01445163 0.01847970 1.69411764 2.77647060 0.21176472
v 0.00000000 -0.02172021 0.01874367 1.69411764 2.77647060 0.21176472
v 0.05643813 -0.02204841 0.01851447 1.69411764 2.77647060 0.21176472
v 0.07026222 -0.02177616 0.01870566 1.69411764 2.77647060 0.21176472
v 0.07026222 -0.02205588 0.01850577 1.69411764 2.77647060 0.21176472
v 0.00000000 0.01372812 0.01891203 1.69411764 2.77647060 0.21176472
v 0.07026222 0.01373931 0.01890771 1.69411764 2.77647060 0.21176472
v 0.07026222 0.01408242 0.01874694 1.69411764 2.77647060 0.21176472
v 0.00000000 -0.02154120 0.01882731 1.69411764 2.77647060 0.21176472
v 0.05643813 -0.02172021 0.01874367 1.69411764 2.77647060 0.21176472
v 0.07026222 -0.02170902 0.01874910 1.69411764 2.77647060 0.21176472
v 0.01881729 -0.02158596 0.01880667 1.69411764 2.77647060 0.21176472
v 0.07026222 -0.02203722 0.01852209 1.69411764 2.77647060 0.21176472
v 0.07026222 -0.02173140 0.01873608 1.69411764 2.77647060 0.21176472
v 0.00000000 0.01334397 0.01901523 1.69411764 2.77647060 0.21176472
v 0.07026222 0.01370202 0.01891965 1.69411764 2.77647060 0.21176472
v 0.05543397 0.01372812 0.01891203 1.69411764 2.77647060 0.21176472
v 0.07026222 0.01372065 0.01891422 1.69411764 2.77647060 0.21176472
v 0.00000000 -0.02135847 0.01891203 1.69411764 2.77647060 0.21176472
v 0.07026222 -0.02135847 0.01891203 1.69411764 2.77647060 0.21176472
v 0.00000000 0.01314633 0.01903263 1.69411764 2.77647060 0.21176472
v 0.01848030 0.01329549 0.01901958 1.69411764 2.77647060 0.21176472
v 0.05543397 0.01334397 0.01901523 1.69411764 2.77647060 0.21176472
v 0.07026222 0.01339248 0.01900221 1.69411764 2.77647060 0.21176472
v 0.00000000 -0.02097432 0.01901523 1.69411764 2.77647060 0.21176472
v 0.07026222 -0.02134728 0.01891530 1.69411764 2.77647060 0.21176472
v 0.00000000 0.01294866 0.01904892 1.69411764 2.77647060 0.21176472
v 0.01848030 0.01294866 0.01905000 1.69411764 2.77647060 0.21176472
v 0.05543397 0.01329549 0.01901958 1.69411764 2.77647060 0.21176472
v 0.07026222 0.01331415 0.01901742 1.69411764 2.77647060 0.21176472
v 0.07026222 0.01333278 0.01901523 1.69411764 2.77647060 0.21176472
v 0.07026222 0.01335516 0.01901199 1.69411764 2.77647060 0.21176472
v 0.00000000 -0.02077668 0.01903263 1.69411764 2.77647060 0.21176472
v 0.07026222 -0.02097432 0.01901523 1.69411764 2.77647060 0.21176472
v 0.01881729 -0.02092584 0.01901958 1.69411764 2.77647060 0.21176472
v 0.00000000 -0.02057901 0.01904892 1.69411764 2.77647060 0.21176472
v 0.01797822 0.00037299 0.01905000 1.69411764 2.77647060 0.21176472
v 0.05543397 0.01294866 0.01905000 1.69411764 2.77647060 0.21176472
v 0.07026222 0.01299714 0.01904565 1.69411764 2.77647060 0.21176472
v 0.01881729 -0.02057901 0.01905000 1.69411764 2.77647060 0.21176472
v 0.07026222 -0.02057901 0.01905000 1.69411764 2.77647060 0.21176472
v 0.05643813 -0.02092584 0.01901958 1.69411764 2.77647060 0.21176472
v 0.07026222 0.01212447 0.01905000 1.69411764 2.77647060 0.21176472
v 0.07026222 0.01295613 0.01904892 1.69411764 2.77647060 0.21176472
f 1704 1705 1709
f 1704 1709 1722
f 1704 1722 1712
f 1704 1712 1706
f 1704 1706 1707
f 1704 1707 1711
f 1704 1711 1723
f 1704 1723 1748
f 1704 1748 1785
f 1704 1785 1784
f 1704 1784 1783
f 1704 1783 1782
f 1704 1782 1802
f 1704 1802 1817
f 1704 1817 1820
f 1704 1820 1832
f 1704 1832 1842
f 1704 1842 1854
f 1704 1854 1853
f 1704 1853 1852
f 1704 1852 1851
f 1704 1851 1861
f 1704 1861 1860
f 1704 1860 1871
f 1704 1871 1869
f 1704 1869 1877
f 1704 1877 1885
f 1704 1885 1884
f 1704 1884 1883
f 1704 1883 1892
f 1704 1892 1897
f 1704 1897 1896
f 1704 1896 1894
f 1704 1894 1887
f 1704 1887 1879
f 1704 1879 1873
f 1704 1873 1864
f 1704 1864 1867
f 1704 1867 1857
f 1704 1857 1866
f 1704 1866 1858
f 1704 1858 1846
f 1704 1846 1843
f 1704 1843 1834
f 1704 1834 1833
f 1704 1833 1824
f 1704 1824 1806
f 1704 1806 1788
f 1704 1788 1752
f 1704 1752 1725
f 1704 1725 1713
f 1704 1713 1708
f 1704 1708 1705
f 1705 1708 1714
f 1705 1714 1730
f 1705 1730 1757
f 1705 1757 1790
f 1705 1790 1810
f 1705 1810 1816
f 1705 1816 1815
f 1705 1815 1814
f 1705 1814 1813
f 1705 1813 1799
f 1705 1799 1798
f 1705 1798 1797
f 1705 1797 1796
f 1705 1796 1795
f 1705 1795 1794
f 1705 1794 1779
f 1705 1779 1778
f 1705 1778 1777
f 1705 1777 1776
f 1705 1776 1775
f 1705 1775 1774
f 1705 1774 1773
f 1705 1773 1772
f 1705 1772 1771
f 1705 1771 1770
f 1705 1770 1769
f 1705 1769 1768
f 1705 1768 1767
f 1705 1767 1766
f 1705 1766 1731
f 1705 1731 1715
f 1705 1715 1709
f 1706 1710 1711
f 1706 1711 1707
f 1706 1712 1710
f 1708 1713 1726
f 1708 1726 1727
f 1708 1727 1714
f 1709 1715 1716
f 1709 1716 1717
f 1709 1717 1718
f 1709 1718 1719
f 1709 1719 1720
f 1709 1720 1721
f 1709 1721 1722
f 1710 1723 1711
f 1710 1712 1724
f 1710 1724 1723
f 1712 1722 1721
f 1712 1721 1720
f 1712 1720 1719
f 1712 1719 1718
f 1712 1718 1717
f 1712 1717 1716
f 1712 1716 1746
f 1712 1746 1745
f 1712 1745 1744
f 1712 1744 1743
f 1712 1743 1742
f 1712 1742 1741
f 1712 1741 1740
f 1712 1740 1739
f 1712 1739 1738
f 1712 1738 1737
f 1712 1737 1736
f 1712 1736 1735
f 1712 1735 1734
f 1712 1734 1733
f 1712 1733 1732
f 1712 1732 1780
f 1712 1780 1800
f 1712 1800 1812
f 1712 1812 1811
f 1712 1811 1793
f 1712 1793 1792
f 1712 1792 1791
f 1712 1791 1765
f 1712 1765 1764
f 1712 1764 1763
f 1712 1763 1762
f 1712 1762 1761
f 1712 1761 1760
f 1712 1760 1759
f 1712 1759 1758
f 1712 1758 1756
f 1712 1756 1729
f 1712 1729 1728
f 1712 1728 1727
f 1712 1727 1726
f 1712 1726 1755
f 1712 1755 1789
f 1712 1789 1808
f 1712 1808 1827
f 1712 1827 1836
f 1712 1836 1845
f 1712 1845 1855
f 1712 1855 1862
f 1712 1862 1872
f 1712 1872 1878
f 1712 1878 1886
f 1712 1886 1889
f 1712 1889 1880
f 1712 1880 1874
f 1712 1874 1868
f 1712 1868 1859
f 1712 1859 1848
f 1712 1848 1838
f 1712 1838 1829
f 1712 1829 1818
f 1712 1818 1804
f 1712 1804 1786
f 1712 1786 1750
f 1712 1750 1724
f 1713 1725 1726
f 1714 1727 1728
f 1714 1728 1729
f 1714 1729 1730
f 1715 1731 1732
f 1715 1732 1733
f 1715 1733 1734
f 1715 1734 1735
f 1715 1735 1736
f 1715 1736 1737
f 1715 1737 1738
f 1715 1738 1739
f 1715 1739 1740
f 1715 1740 1741
f 1715 1741 1742
f 1715 1742 1743
f 1715 1743 1744
f 1715 1744 1745
f 1715 1745 1746
f 1715 1746 1716
f 1723 1747 1748
f 1723 1724 1749
f 1723 1749 1750
f 1723 1750 1747
f 1724 1750 1749
f 1725 1751 1726
f 1725 1752 1753
f 1725 1753 1754
f 1725 1754 1755
f 1725 1755 1751
f 1726 1751 1755
f 1729 1756 1730
f 1730 1756 1758
f 1730 1758 1759
f 1730 1759 1760
f 1730 1760 1761
f 1730 1761 1762
f 1730 1762 1763
f 1730 1763 1764
f 1730 1764 1765
f 1730 1765 1757
f 1731 1766 1732
f 1732 1766 1767
f 1732 1767 1768
f 1732 1768 1769
f 1732 1769 1770
f 1732 1770 1771
f 1732 1771 1772
f 1732 1772 1773
f 1732 1773 1774
f 1732 1774 1775
f 1732 1775 1776
f 1732 1776 1777
f 1732 1777 1778
f 1732 1778 1779
f 1732 1779 1794
f 1732 1794 1780
f 1747 1781 1782
f 1747 1782 1783
f 1747 1783 1784
f 1747 1784 1785
f 1747 1785 1748
f 1747 1750 1787
f 1747 1787 1781
f 1750 1786 1803
f 1750 1803 1787
f 1752 1754 1753
f 1752 1788 1789
f 1752 1789 1754
f 1754 1789 1755
f 1757 1765 1791
f 1757 1791 1792
f 1757 1792 1793
f 1757 1793 1790
f 1780 1794 1795
f 1780 1795 1796
f 1780 1796 1797
f 1780 1797 1798
f 1780 1798 1799
f 1780 1799 1800
f 1781 1801 1782
f 1781 1787 1801
f 1782 1801 1803
f 1782 1803 1802
f 1786 1804 1805
f 1786 1805 1802
f 1786 1802 1803
f 1787 1803 1801
f 1788 1806 1807
f 1788 1807 1809
f 1788 1809 1789
f 1789 1809 1822
f 1789 1822 1808
f 1790 1793 1811
f 1790 1811 1812
f 1790 1812 1810
f 1799 1813 1800
f 1800 1813 1814
f 1800 1814 1815
f 1800 1815 1816
f 1800 1816 1812
f 1802 1805 1821
f 1802 1821 1817
f 1804 1818 1819
f 1804 1819 1820
f 1804 1820 1821
f 1804 1821 1805
f 1806 1822 1823
f 1806 1823 1807
f 1806 1824 1825
f 1806 1825 1826
f 1806 1826 1808
f 1806 1808 1822
f 1807 1823 1809
f 1808 1826 1825
f 1808 1825 1828
f 1808 1828 1827
f 1809 1823 1822
f 1810 1812 1816
f 1817 1821 1820
f 1818 1829 1830
f 1818 1830 1841
f 1818 1841 1831
f 1818 1831 1832
f 1818 1832 1819
f 1819 1832 1820
f 1824 1833 1825
f 1825 1833 1834
f 1825 1834 1835
f 1825 1835 1827
f 1825 1827 1828
f 1827 1835 1837
f 1827 1837 1836
f 1829 1838 1839
f 1829 1839 1840
f 1829 1840 1841
f 1829 1841 1830
f 1831 1841 1832
f 1832 1841 1842
f 1834 1843 1844
f 1834 1844 1835
f 1835 1844 1836
f 1835 1836 1837
f 1836 1844 1843
f 1836 1843 1846
f 1836 1846 1847
f 1836 1847 1845
f 1838 1848 1849
f 1838 1849 1850
f 1838 1850 1851
f 1838 1851 1839
f 1839 1851 1840
f 1840 1851 1852
f 1840 1852 1853
f 1840 1853 1854
f 1840 1854 1841
f 1841 1854 1842
f 1845 1847 1846
f 1845 1846 1856
f 1845 1856 1857
f 1845 1857 1855
f 1846 1858 1856
f 1848 1859 1860
f 1848 1860 1849
f 1849 1860 1850
f 1850 1860 1861
f 1850 1861 1851
f 1855 1857 1867
f 1855 1867 1863
f 1855 1863 1864
f 1855 1864 1865
f 1855 1865 1862
f 1856 1858 1866
f 1856 1866 1857
f 1859 1868 1869
f 1859 1869 1871
f 1859 1871 1870
f 1859 1870 1860
f 1860 1870 1871
f 1862 1865 1872
f 1863 1867 1864
f 1864 1873 1865
f 1865 1873 1872
f 1868 1874 1875
f 1868 1875 1882
f 1868 1882 1876
f 1868 1876 1869
f 1869 1876 1877
f 1872 1873 1879
f 1872 1879 1878
f 1874 1880 1881
f 1874 1881 1875
f 1875 1881 1891
f 1875 1891 1882
f 1876 1882 1883
f 1876 1883 1884
f 1876 1884 1885
f 1876 1885 1877
f 1878 1879 1887
f 1878 1887 1895
f 1878 1895 1888
f 1878 1888 1886
f 1880 1889 1890
f 1880 1890 1881
f 1881 1890 1893
f 1881 1893 1894
f 1881 1894 1896
f 1881 1896 1891
f 1882 1891 1892
f 1882 1892 1883
f 1886 1888 1893
f 1886 1893 1889
f 1887 1894 1895
f 1888 1895 1894
f 1888 1894 1893
f 1889 1893 1890
f 1891 1896 1897
f 1891 1897 1892

o geometry_5
v -0.07469790 0.01537365 -0.00702870 0.25882353 0.05882352 2.49411765
v -0.07469790 -0.02286516 -0.00702870 0.25882353 0.05882352 2.49411765
v -0.07469790 0.01536990 0.00795330 0.25882353 0.05882352 2.49411765
v -0.01596765 0.01523142 0.00795330 0.25882353 0.05882352 2.49411765
v -0.01596765 0.01523142 -0.00702870 0.25882353 0.05882352 2.49411765
v -0.07469790 -0.02286516 0.00795330 0.25882353 0.05882352 2.49411765
v -0.01743096 -0.02286516 -0.00702870 0.25882353 0.05882352 2.49411765
v -0.01563315 0.01520523 0.00795330 0.25882353 0.05882352 2.49411765
v -0.01590792 0.01522767 -0.00702870 0.25882353 0.05882352 2.49411765
v -0.01743096 -0.02286516 0.00795330 0.25882353 0.05882352 2.49411765
v -0.01704273 -0.02283147 -0.00702870 0.25882353 0.05882352 2.49411765
v -0.01559733 0.01520148 0.00795330 0.25882353 0.05882352 2.49411765
v -0.01559733 0.01520148 -0.00702870 0.25882353 0.05882352 2.49411765
v -0.01704273 -0.02283147 0.00795330 0.25882353 0.05882352 2.49411765
v -0.01667241 -0.02273415 -0.00702870 0.25882353 0.05882352 2.49411765
v -0.01554954 0.01519023 -0.00702870 0.25882353 0.05882352 2.49411765
v -0.01526883 0.01512288 0.00795330 0.25882353 0.05882352 2.49411765
v -0.01667241 -0.02273415 0.00795330 0.25882353 0.05882352 2.49411765
v -0.01637379 -0.02259939 -0.00702870 0.25882353 0.05882352 2.49411765
v -0.01661868 -0.02271168 0.00795330 0.25882353 0.05882352 2.49411765
v -0.01524492 0.01511538 -0.00702870 0.25882353 0.05882352 2.49411765
v -0.01524492 0.01511538 0.00795330 0.25882353 0.05882352 2.49411765
v -0.01632003 -0.02257320 -0.00702870 0.25882353 0.05882352 2.49411765
v -0.01632003 -0.02257320 0.00795330 0.25882353 0.05882352 2.49411765
v -0.01519716 0.01509666 -0.00702870 0.25882353 0.05882352 2.49411765
v -0.01492836 0.01498062 0.00795330 0.25882353 0.05882352 2.49411765
v -0.01604529 -0.02238978 -0.00702870 0.25882353 0.05882352 2.49411765
v -0.01627821 -0.02254701 0.00795330 0.25882353 0.05882352 2.49411765
v -0.01490448 0.01496940 -0.00702870 0.25882353 0.05882352 2.49411765
v -0.01490448 0.01496940 0.00795330 0.25882353 0.05882352 2.49411765
v -0.01599750 -0.02235612 0.00795330 0.25882353 0.05882352 2.49411765
v -0.01599750 -0.02235612 -0.00702870 0.25882353 0.05882352 2.49411765
v -0.01486866 0.01494696 -0.00702870 0.25882353 0.05882352 2.49411765
v -0.01460583 0.01478226 0.00795330 0.25882353 0.05882352 2.49411765
v -0.01596165 -0.02232615 0.00795330 0.25882353 0.05882352 2.49411765
v -0.01571679 -0.02209035 -0.00702870 0.25882353 0.05882352 2.49411765
v -0.01459389 0.01477101 -0.00702870 0.25882353 0.05882352 2.49411765
v -0.01432512 0.01453521 0.00795330 0.25882353 0.05882352 2.49411765
v -0.01456404 0.01474857 -0.00702870 0.25882353 0.05882352 2.49411765
v -0.01571679 -0.02209035 0.00795330 0.25882353 0.05882352 2.49411765
v -0.01560927 -0.02195934 -0.00702870 0.25882353 0.05882352 2.49411765
v -0.01429527 0.01450152 -0.00702870 0.25882353 0.05882352 2.49411765
v -0.01431915 0.01452774 -0.00702870 0.25882353 0.05882352 2.49411765
v -0.01408620 0.01424700 0.00795330 0.25882353 0.05882352 2.49411765
v -0.01559733 -0.02193690 0.00795330 0.25882353 0.05882352 2.49411765
v -0.01548384 -0.02177595 0.00795330 0.25882353 0.05882352 2.49411765
v -0.01548384 -0.02177595 -0.00702870 0.25882353 0.05882352 2.49411765
v -0.01408620 0.01424325 -0.00702870 0.25882353 0.05882352 2.49411765
v -0.01398468 0.01408980 0.00795330 0.25882353 0.05882352 2.49411765
v -0.01407426 0.01422828 -0.00702870 0.25882353 0.05882352 2.49411765
v -0.01538829 -0.02160750 0.00795330 0.25882353 0.05882352 2.49411765
v -0.01538829 -0.02160750 -0.00702870 0.25882353 0.05882352 2.49411765
v -0.01390107 0.01392135 -0.00702870 0.25882353 0.05882352 2.49411765
v -0.01398468 0.01408605 -0.00702870 0.25882353 0.05882352 2.49411765
v -0.01390107 0.01392135 0.00795330 0.25882353 0.05882352 2.49411765
v -0.01531659 -0.02144655 0.00795330 0.25882353 0.05882352 2.49411765
v -0.01531062 -0.02143158 -0.00702870 0.25882353 0.05882352 2.49411765
v -0.01382937 0.01375293 -0.00702870 0.25882353 0.05882352 2.49411765
v -0.01382937 0.01375293 0.00795330 0.25882353 0.05882352 2.49411765
v -0.01531062 -0.02143158 0.00795330 0.25882353 0.05882352 2.49411765
v -0.01524492 -0.02124816 -0.00702870 0.25882353 0.05882352 2.49411765
v -0.01376964 0.01357701 0.00795330 0.25882353 0.05882352 2.49411765
v -0.01377564 0.01358823 -0.00702870 0.25882353 0.05882352 2.49411765
v -0.01524492 -0.02124816 0.00795330 0.25882353 0.05882352 2.49411765
v -0.01523895 -0.02122572 -0.00702870 0.25882353 0.05882352 2.49411765
v -0.01372785 0.01339734 0.00795330 0.25882353 0.05882352 2.49411765
v -0.01372785 0.01339734 -0.00702870 0.25882353 0.05882352 2.49411765
v -0.01376964 0.01356576 -0.00702870 0.25882353 0.05882352 2.49411765
v -0.01519716 -0.02106102 0.00795330 0.25882353 0.05882352 2.49411765
v -0.01519716 -0.02106102 -0.00702870 0.25882353 0.05882352 2.49411765
v -0.01369797 0.01321392 0.00795330 0.25882353 0.05882352 2.49411765
v -0.01369797 0.01321392 -0.00702870 0.25882353 0.05882352 2.49411765
v -0.01519119 -0.02103483 -0.00702870 0.25882353 0.05882352 2.49411765
v -0.01516131 -0.02087013 0.00795330 0.25882353 0.05882352 2.49411765
v -0.01368006 0.01303050 0.00795330 0.25882353 0.05882352 2.49411765
v -0.01368006 0.01303050 -0.00702870 0.25882353 0.05882352 2.49411765
v -0.01516131 -0.02087013 -0.00702870 0.25882353 0.05882352 2.49411765
v -0.01514937 -0.02069046 0.00795330 0.25882353 0.05882352 2.49411765
v -0.01368603 0.01281717 0.00795330 0.25882353 0.05882352 2.49411765
v -0.01368603 0.01284711 -0.00702870 0.25882353 0.05882352 2.49411765
v -0.01514937 -0.02067549 -0.00702870 0.25882353 0.05882352 2.49411765
v -0.01502394 -0.01783077 0.00795330 0.25882353 0.05882352 2.49411765
v -0.01376367 0.01104297 -0.00702870 0.25882353 0.05882352 2.49411765
v -0.01441473 -0.00391419 0.00795330 0.25882353 0.05882352 2.49411765
v -0.01441473 -0.00391419 -0.00702870 0.25882353 0.05882352 2.49411765
f 1898 1899 1903
f 1898 1903 1900
f 1898 1900 1901
f 1898 1901 1902
f 1898 1902 1906
f 1898 1906 1910
f 1898 1910 1913
f 1898 1913 1918
f 1898 1918 1922
f 1898 1922 1926
f 1898 1926 1930
f 1898 1930 1934
f 1898 1934 1936
f 1898 1936 1940
f 1898 1940 1939
f 1898 1939 1945
f 1898 1945 1947
f 1898 1947 1951
f 1898 1951 1950
f 1898 1950 1955
f 1898 1955 1960
f 1898 1960 1965
f 1898 1965 1964
f 1898 1964 1969
f 1898 1969 1973
f 1898 1973 1977
f 1898 1977 1980
f 1898 1980 1982
f 1898 1982 1978
f 1898 1978 1974
f 1898 1974 1970
f 1898 1970 1967
f 1898 1967 1962
f 1898 1962 1958
f 1898 1958 1954
f 1898 1954 1949
f 1898 1949 1944
f 1898 1944 1938
f 1898 1938 1933
f 1898 1933 1929
f 1898 1929 1924
f 1898 1924 1920
f 1898 1920 1916
f 1898 1916 1912
f 1898 1912 1908
f 1898 1908 1904
f 1898 1904 1899
f 1899 1904 1907
f 1899 1907 1903
f 1900 1903 1907
f 1900 1907 1911
f 1900 1911 1915
f 1900 1915 1917
f 1900 1917 1921
f 1900 1921 1925
f 1900 1925 1928
f 1900 1928 1932
f 1900 1932 1937
f 1900 1937 1942
f 1900 1942 1943
f 1900 1943 1948
f 1900 1948 1953
f 1900 1953 1957
f 1900 1957 1961
f 1900 1961 1966
f 1900 1966 1971
f 1900 1971 1975
f 1900 1975 1979
f 1900 1979 1981
f 1900 1981 1976
f 1900 1976 1972
f 1900 1972 1968
f 1900 1968 1963
f 1900 1963 1959
f 1900 1959 1956
f 1900 1956 1952
f 1900 1952 1946
f 1900 1946 1941
f 1900 1941 1935
f 1900 1935 1931
f 1900 1931 1927
f 1900 1927 1923
f 1900 1923 1919
f 1900 1919 1914
f 1900 1914 1909
f 1900 1909 1905
f 1900 1905 1901
f 1901 1905 1906
f 1901 1906 1902
f 1904 1908 1911
f 1904 1911 1907
f 1905 1909 1910
f 1905 1910 1906
f 1908 1912 1915
f 1908 1915 1911
f 1909 1913 1910
f 1909 1914 1913
f 1912 1916 1917
f 1912 1917 1915
f 1913 1914 1918
f 1914 1919 1918
f 1916 1920 1921
f 1916 1921 1917
f 1918 1919 1922
f 1919 1923 1922
f 1920 1924 1925
f 1920 1925 1921
f 1922 1923 1926
f 1923 1927 1926
f 1924 1928 1925
f 1924 1929 1928
f 1926 1927 1931
f 1926 1931 1930
f 1928 1929 1932
f 1929 1933 1932
f 1930 1931 1934
f 1931 1935 1936
f 1931 1936 1934
f 1932 1933 1937
f 1933 1938 1937
f 1935 1939 1940
f 1935 1940 1936
f 1935 1941 1939
f 1937 1938 1942
f 1938 1943 1942
f 1938 1944 1943
f 1939 1941 1945
f 1941 1946 1947
f 1941 1947 1945
f 1943 1944 1949
f 1943 1949 1948
f 1946 1950 1951
f 1946 1951 1947
f 1946 1952 1950
f 1948 1949 1953
f 1949 1954 1953
f 1950 1952 1956
f 1950 1956 1955
f 1953 1954 1957
f 1954 1958 1961
f 1954 1961 1957
f 1955 1956 1959
f 1955 1959 1960
f 1958 1962 1961
f 1959 1963 1964
f 1959 1964 1965
f 1959 1965 1960
f 1961 1962 1966
f 1962 1967 1966
f 1963 1968 1969
f 1963 1969 1964
f 1966 1967 1970
f 1966 1970 1971
f 1968 1972 1973
f 1968 1973 1969
f 1970 1974 1971
f 1971 1974 1975
f 1972 1976 1973
f 1973 1976 1977
f 1974 1978 1975
f 1975 1978 1979
f 1976 1980 1977
f 1976 1981 1982
f 1976 1982 1980
f 1978 1982 1979
f 1979 1982 1981

o geometry_6
v 0.07025670 0.01523481 0.00795126 2.32941177 2.60000001 2.92941177
v 0.07025670 -0.02286516 0.00795126 2.32941177 2.60000001 2.92941177
v 0.07025670 0.01523481 -0.00705093 2.32941177 2.60000001 2.92941177
v 0.01596750 0.01523481 0.00795126 2.32941177 2.60000001 2.92941177
v 0.07025670 -0.02286516 -0.00705093 2.32941177 2.60000001 2.92941177
v 0.01742967 -0.02286516 0.00795126 2.32941177 2.60000001 2.92941177
v 0.01596750 0.01523481 -0.00705093 2.32941177 2.60000001 2.92941177
v 0.01560195 0.01520496 0.00795126 2.32941177 2.60000001 2.92941177
v 0.01742967 -0.02286516 -0.00705093 2.32941177 2.60000001 2.92941177
v 0.01704753 -0.02283159 0.00795126 2.32941177 2.60000001 2.92941177
v 0.01560195 0.01520496 -0.00705093 2.32941177 2.60000001 2.92941177
v 0.01528626 0.01512666 -0.00705093 2.32941177 2.60000001 2.92941177
v 0.01524195 0.01511547 0.00795126 2.32941177 2.60000001 2.92941177
v 0.01704753 -0.02283159 -0.00705093 2.32941177 2.60000001 2.92941177
v 0.01667091 -0.02273463 0.00795126 2.32941177 2.60000001 2.92941177
v 0.01524195 0.01511547 -0.00705093 2.32941177 2.60000001 2.92941177
v 0.01521426 0.01510428 0.00795126 2.32941177 2.60000001 2.92941177
v 0.01667091 -0.02273463 -0.00705093 2.32941177 2.60000001 2.92941177
v 0.01631643 -0.02257425 0.00795126 2.32941177 2.60000001 2.92941177
v 0.01660443 -0.02270478 -0.00705093 2.32941177 2.60000001 2.92941177
v 0.01490409 0.01497003 -0.00705093 2.32941177 2.60000001 2.92941177
v 0.01490409 0.01497003 0.00795126 2.32941177 2.60000001 2.92941177
v 0.01599519 -0.02235795 0.00795126 2.32941177 2.60000001 2.92941177
v 0.01631643 -0.02257425 -0.00705093 2.32941177 2.60000001 2.92941177
v 0.01462161 0.01479102 -0.00705093 2.32941177 2.60000001 2.92941177
v 0.01459392 0.01477236 0.00795126 2.32941177 2.60000001 2.92941177
v 0.01599519 -0.02235795 -0.00705093 2.32941177 2.60000001 2.92941177
v 0.01571826 -0.02208945 0.00795126 2.32941177 2.60000001 2.92941177
v 0.01459392 0.01477236 -0.00705093 2.32941177 2.60000001 2.92941177
v 0.01457730 0.01476117 0.00795126 2.32941177 2.60000001 2.92941177
v 0.01571826 -0.02208945 -0.00705093 2.32941177 2.60000001 2.92941177
v 0.01560750 -0.02195145 0.00795126 2.32941177 2.60000001 2.92941177
v 0.01569609 -0.02206707 -0.00705093 2.32941177 2.60000001 2.92941177
v 0.01433916 0.01454859 -0.00705093 2.32941177 2.60000001 2.92941177
v 0.01431699 0.01452996 0.00795126 2.32941177 2.60000001 2.92941177
v 0.01558533 -0.02192160 0.00795126 2.32941177 2.60000001 2.92941177
v 0.01559640 -0.02193654 -0.00705093 2.32941177 2.60000001 2.92941177
v 0.01431699 0.01452621 -0.00705093 2.32941177 2.60000001 2.92941177
v 0.01410099 0.01426515 -0.00705093 2.32941177 2.60000001 2.92941177
v 0.01407885 0.01423905 0.00795126 2.32941177 2.60000001 2.92941177
v 0.01547457 -0.02176125 0.00795126 2.32941177 2.60000001 2.92941177
v 0.01548564 -0.02177616 -0.00705093 2.32941177 2.60000001 2.92941177
v 0.01408437 0.01424277 -0.00705093 2.32941177 2.60000001 2.92941177
v 0.01398468 0.01408614 -0.00705093 2.32941177 2.60000001 2.92941177
v 0.01398468 0.01408614 0.00795126 2.32941177 2.60000001 2.92941177
v 0.01539147 -0.02160834 0.00795126 2.32941177 2.60000001 2.92941177
v 0.01540257 -0.02163072 -0.00705093 2.32941177 2.60000001 2.92941177
v 0.01390161 0.01392204 -0.00705093 2.32941177 2.60000001 2.92941177
v 0.01390161 0.01392579 0.00795126 2.32941177 2.60000001 2.92941177
v 0.01539147 -0.02160834 -0.00705093 2.32941177 2.60000001 2.92941177
v 0.01530840 -0.02143305 0.00795126 2.32941177 2.60000001 2.92941177
v 0.01382406 0.01373931 -0.00705093 2.32941177 2.60000001 2.92941177
v 0.01382961 0.01375050 0.00795126 2.32941177 2.60000001 2.92941177
v 0.01530840 -0.02143305 -0.00705093 2.32941177 2.60000001 2.92941177
v 0.01524747 -0.02125032 0.00795126 2.32941177 2.60000001 2.92941177
v 0.01376868 0.01357521 -0.00705093 2.32941177 2.60000001 2.92941177
v 0.01376868 0.01357893 0.00795126 2.32941177 2.60000001 2.92941177
v 0.01524747 -0.02125032 -0.00705093 2.32941177 2.60000001 2.92941177
v 0.01524195 -0.02123166 0.00795126 2.32941177 2.60000001 2.92941177
v 0.01372437 0.01338873 -0.00705093 2.32941177 2.60000001 2.92941177
v 0.01372437 0.01339620 0.00795126 2.32941177 2.60000001 2.92941177
v 0.01520316 -0.02108622 -0.00705093 2.32941177 2.60000001 2.92941177
v 0.01519209 -0.02104518 0.00795126 2.32941177 2.60000001 2.92941177
v 0.01369668 0.01321719 -0.00705093 2.32941177 2.60000001 2.92941177
v 0.01369668 0.01321719 0.00795126 2.32941177 2.60000001 2.92941177
v 0.01519764 -0.02106012 -0.00705093 2.32941177 2.60000001 2.92941177
v 0.01516440 -0.02086992 0.00795126 2.32941177 2.60000001 2.92941177
v 0.01516440 -0.02086992 -0.00705093 2.32941177 2.60000001 2.92941177
v 0.01368561 0.01304190 -0.00705093 2.32941177 2.60000001 2.92941177
v 0.01368006 0.01303071 0.00795126 2.32941177 2.60000001 2.92941177
v 0.01514778 -0.02067597 0.00795126 2.32941177 2.60000001 2.92941177
v 0.01514778 -0.02070207 -0.00705093 2.32941177 2.60000001 2.92941177
v 0.01368561 0.01284798 -0.00705093 2.32941177 2.60000001 2.92941177
v 0.01368561 0.01282185 0.00795126 2.32941177 2.60000001 2.92941177
v 0.01377423 0.01072965 -0.00705093 2.32941177 2.60000001 2.92941177
f 1983 1984 1987
f 1983 1987 1985
f 1983 1985 1989
f 1983 1989 1986
f 1983 1986 1990
f 1983 1990 1995
f 1983 1995 1999
f 1983 1999 2004
f 1983 2004 2008
f 1983 2008 2012
f 1983 2012 2017
f 1983 2017 2022
f 1983 2022 2027
f 1983 2027 2031
f 1983 2031 2035
f 1983 2035 2039
f 1983 2039 2043
f 1983 2043 2047
f 1983 2047 2052
f 1983 2052 2056
f 1983 2056 2053
f 1983 2053 2049
f 1983 2049 2045
f 1983 2045 2041
f 1983 2041 2037
f 1983 2037 2033
f 1983 2033 2028
f 1983 2028 2023
f 1983 2023 2018
f 1983 2018 2014
f 1983 2014 2010
f 1983 2010 2005
f 1983 2005 2001
f 1983 2001 1997
f 1983 1997 1992
f 1983 1992 1988
f 1983 1988 1984
f 1984 1988 1991
f 1984 1991 1987
f 1985 1987 1991
f 1985 1991 1996
f 1985 1996 2000
f 1985 2000 2002
f 1985 2002 2006
f 1985 2006 2009
f 1985 2009 2013
f 1985 2013 2015
f 1985 2015 2019
f 1985 2019 2024
f 1985 2024 2029
f 1985 2029 2032
f 1985 2032 2036
f 1985 2036 2040
f 1985 2040 2044
f 1985 2044 2048
f 1985 2048 2050
f 1985 2050 2054
f 1985 2054 2057
f 1985 2057 2055
f 1985 2055 2051
f 1985 2051 2046
f 1985 2046 2042
f 1985 2042 2038
f 1985 2038 2034
f 1985 2034 2030
f 1985 2030 2026
f 1985 2026 2025
f 1985 2025 2021
f 1985 2021 2020
f 1985 2020 2016
f 1985 2016 2011
f 1985 2011 2007
f 1985 2007 2003
f 1985 2003 1998
f 1985 1998 1994
f 1985 1994 1993
f 1985 1993 1989
f 1986 1989 1993
f 1986 1993 1990
f 1988 1992 1996
f 1988 1996 1991
f 1990 1993 1994
f 1990 1994 1995
f 1992 1997 2000
f 1992 2000 1996
f 1994 1998 1995
f 1995 1998 1999
f 1997 2001 2002
f 1997 2002 2000
f 1998 2003 1999
f 1999 2003 2004
f 2001 2005 2009
f 2001 2009 2006
f 2001 2006 2002
f 2003 2007 2004
f 2004 2007 2008
f 2005 2010 2013
f 2005 2013 2009
f 2007 2011 2012
f 2007 2012 2008
f 2010 2014 2015
f 2010 2015 2013
f 2011 2016 2012
f 2012 2016 2017
f 2014 2018 2019
f 2014 2019 2015
f 2016 2020 2017
f 2017 2020 2021
f 2017 2021 2022
f 2018 2023 2024
f 2018 2024 2019
f 2021 2025 2022
f 2022 2025 2026
f 2022 2026 2027
f 2023 2028 2029
f 2023 2029 2024
f 2026 2030 2031
f 2026 2031 2027
f 2028 2032 2029
f 2028 2033 2036
f 2028 2036 2032
f 2030 2034 2031
f 2031 2034 2035
f 2033 2037 2040
f 2033 2040 2036
f 2034 2038 2039
f 2034 2039 2035
f 2037 2041 2040
f 2038 2042 2043
f 2038 2043 2039
f 2040 2041 2044
f 2041 2045 2044
f 2042 2046 2043
f 2043 2046 2047
f 2044 2045 2048
f 2045 2049 2050
f 2045 2050 2048
f 2046 2051 2052
f 2046 2052 2047
f 2049 2053 2054
f 2049 2054 2050
f 2051 2055 2052
f 2052 2055 2056
f 2053 2056 2057
f 2053 2057 2054
f 2055 2057 2056

o geometry_7
v -0.07469790 0.01537365 -0.01657068 2.38823529 1.37647059 2.34117648
v -0.07469790 0.01537365 -0.01676367 2.38823529 1.37647059 2.34117648
v -0.07469790 0.01536993 -0.00702870 2.38823529 1.37647059 2.34117648
v 0.00000000 0.01523142 -0.01025055 2.38823529 1.37647059 2.34117648
v -0.07469790 0.01533624 -0.01715082 2.38823529 1.37647059 2.34117648
v 0.00000000 0.01523142 -0.01676367 2.38823529 1.37647059 2.34117648
v 0.00000000 0.01521645 -0.01696137 2.38823529 1.37647059 2.34117648
v 0.00000000 0.01519773 -0.01716024 2.38823529 1.37647059 2.34117648
v -0.07469790 -0.02286516 -0.00702870 2.38823529 1.37647059 2.34117648
v -0.01596909 0.01523142 -0.00702870 2.38823529 1.37647059 2.34117648
v 0.00000000 0.01521645 -0.01006464 2.38823529 1.37647059 2.34117648
v -0.07469790 0.01523892 -0.01750500 2.38823529 1.37647059 2.34117648
v 0.00000000 0.01509669 -0.01754502 2.38823529 1.37647059 2.34117648
v -0.01743147 -0.02286516 -0.00702870 2.38823529 1.37647059 2.34117648
v -0.07469790 -0.02286516 -0.01673307 2.38823529 1.37647059 2.34117648
v -0.01591059 0.01522767 -0.00702870 2.38823529 1.37647059 2.34117648
v 0.00000000 0.01511538 -0.00952452 2.38823529 1.37647059 2.34117648
v 0.00000000 0.01516032 -0.00970104 2.38823529 1.37647059 2.34117648
v 0.00000000 0.01520148 -0.00988224 2.38823529 1.37647059 2.34117648
v -0.07469790 0.01522767 -0.01754502 2.38823529 1.37647059 2.34117648
v 0.00000000 0.01492824 -0.01790625 2.38823529 1.37647059 2.34117648
v 0.00000000 -0.02286516 -0.01171440 2.38823529 1.37647059 2.34117648
v 0.00000000 -0.02283147 -0.01132842 2.38823529 1.37647059 2.34117648
v 0.00000000 -0.02278281 -0.01113780 2.38823529 1.37647059 2.34117648
v 0.00000000 -0.02273415 -0.01095306 2.38823529 1.37647059 2.34117648
v -0.01704393 -0.02283147 -0.00702870 2.38823529 1.37647059 2.34117648
v -0.07469790 -0.02282772 -0.01716141 2.38823529 1.37647059 2.34117648
v -0.05643291 -0.02286516 -0.01676367 2.38823529 1.37647059 2.34117648
v -0.01560351 0.01520148 -0.00702870 2.38823529 1.37647059 2.34117648
v 0.00000000 0.01496940 -0.00918564 2.38823529 1.37647059 2.34117648
v -0.07469790 0.01505550 -0.01790625 2.38823529 1.37647059 2.34117648
v 0.00000000 0.01469991 -0.01823340 2.38823529 1.37647059 2.34117648
v 0.00000000 -0.02286516 -0.01676367 2.38823529 1.37647059 2.34117648
v 0.00000000 -0.02257320 -0.01060005 2.38823529 1.37647059 2.34117648
v -0.01667103 -0.02273415 -0.00702870 2.38823529 1.37647059 2.34117648
v 0.00000000 -0.02246466 -0.01043766 2.38823529 1.37647059 2.34117648
v 0.00000000 -0.02235612 -0.01027881 2.38823529 1.37647059 2.34117648
v 0.00000000 -0.02209035 -0.00999873 2.38823529 1.37647059 2.34117648
v -0.03761949 -0.02283897 -0.01706139 2.38823529 1.37647059 2.34117648
v -0.05643291 -0.02284269 -0.01701195 2.38823529 1.37647059 2.34117648
v -0.07469790 -0.02272293 -0.01755207 2.38823529 1.37647059 2.34117648
v -0.05643291 -0.02272668 -0.01754502 2.38823529 1.37647059 2.34117648
v -0.05643291 -0.02281650 -0.01720848 2.38823529 1.37647059 2.34117648
v -0.01881339 -0.02281650 -0.01720848 2.38823529 1.37647059 2.34117648
v 0.00000000 -0.02282772 -0.01716024 2.38823529 1.37647059 2.34117648
v -0.01554501 0.01519026 -0.00702870 2.38823529 1.37647059 2.34117648
v 0.00000000 0.01424328 -0.00836664 2.38823529 1.37647059 2.34117648
v 0.00000000 0.01452774 -0.00859845 2.38823529 1.37647059 2.34117648
v 0.00000000 0.01477104 -0.00887379 2.38823529 1.37647059 2.34117648
v 0.00000000 0.01487211 -0.00902796 2.38823529 1.37647059 2.34117648
v -0.07469790 0.01481970 -0.01823340 2.38823529 1.37647059 2.34117648
v 0.00000000 0.01441545 -0.01851462 2.38823529 1.37647059 2.34117648
v -0.01881339 -0.02284269 -0.01701195 2.38823529 1.37647059 2.34117648
v -0.01632006 -0.02257320 -0.00702870 2.38823529 1.37647059 2.34117648
v 0.00000000 -0.02193690 -0.00987753 2.38823529 1.37647059 2.34117648
v 0.00000000 -0.02185827 -0.00982224 2.38823529 1.37647059 2.34117648
v 0.00000000 -0.02177595 -0.00976809 2.38823529 1.37647059 2.34117648
v 0.00000000 -0.02169360 -0.00972102 2.38823529 1.37647059 2.34117648
v 0.00000000 -0.02160750 -0.00967395 2.38823529 1.37647059 2.34117648
v 0.00000000 -0.02152140 -0.00963396 2.38823529 1.37647059 2.34117648
v 0.00000000 -0.02143158 -0.00959394 2.38823529 1.37647059 2.34117648
v -0.07469790 -0.02255448 -0.01790745 2.38823529 1.37647059 2.34117648
v -0.05643291 -0.02255823 -0.01790625 2.38823529 1.37647059 2.34117648
v -0.05643291 -0.02262186 -0.01777095 2.38823529 1.37647059 2.34117648
v -0.03761949 -0.02275287 -0.01744851 2.38823529 1.37647059 2.34117648
v 0.00000000 -0.02272668 -0.01754502 2.38823529 1.37647059 2.34117648
v -0.01524522 0.01511538 -0.00702870 2.38823529 1.37647059 2.34117648
v 0.00000000 0.01392138 -0.00818307 2.38823529 1.37647059 2.34117648
v 0.00000000 0.01408605 -0.00826779 2.38823529 1.37647059 2.34117648
v -0.07469790 0.01466997 -0.01837812 2.38823529 1.37647059 2.34117648
v 0.00000000 0.01425450 -0.01862877 2.38823529 1.37647059 2.34117648
v -0.07469790 0.01452774 -0.01851462 2.38823529 1.37647059 2.34117648
v -0.01599834 -0.02235612 -0.00702870 2.38823529 1.37647059 2.34117648
v 0.00000000 -0.02134176 -0.00956100 2.38823529 1.37647059 2.34117648
v 0.00000000 -0.02124816 -0.00952923 2.38823529 1.37647059 2.34117648
v 0.00000000 -0.02106102 -0.00947982 2.38823529 1.37647059 2.34117648
v -0.07469790 -0.02232615 -0.01823340 2.38823529 1.37647059 2.34117648
v -0.05643291 -0.02232990 -0.01823340 2.38823529 1.37647059 2.34117648
v 0.00000000 -0.02255823 -0.01790625 2.38823529 1.37647059 2.34117648
v -0.01881339 -0.02262186 -0.01777095 2.38823529 1.37647059 2.34117648
v -0.01519404 0.01509669 -0.00702870 2.38823529 1.37647059 2.34117648
v 0.00000000 0.01357701 -0.00805245 2.38823529 1.37647059 2.34117648
v 0.00000000 0.01375293 -0.00811011 2.38823529 1.37647059 2.34117648
v 0.00000000 0.01408980 -0.01874292 2.38823529 1.37647059 2.34117648
v -0.07469790 0.01440048 -0.01860288 2.38823529 1.37647059 2.34117648
v -0.01575705 -0.02212779 -0.00702870 2.38823529 1.37647059 2.34117648
v 0.00000000 -0.02096745 -0.00946332 2.38823529 1.37647059 2.34117648
v -0.07469790 -0.02204544 -0.01851579 2.38823529 1.37647059 2.34117648
v -0.05643291 -0.02208288 -0.01847931 2.38823529 1.37647059 2.34117648
v -0.01881339 -0.02215398 -0.01840872 2.38823529 1.37647059 2.34117648
v 0.00000000 -0.02232990 -0.01823340 2.38823529 1.37647059 2.34117648
v -0.01490157 0.01496940 -0.00702870 2.38823529 1.37647059 2.34117648
v 0.00000000 0.01339734 -0.00800892 2.38823529 1.37647059 2.34117648
v 0.00000000 0.01391013 -0.01882764 2.38823529 1.37647059 2.34117648
v -0.07469790 0.01419087 -0.01874292 2.38823529 1.37647059 2.34117648
v -0.01572048 -0.02209035 -0.00702870 2.38823529 1.37647059 2.34117648
v 0.00000000 -0.02087013 -0.00944685 2.38823529 1.37647059 2.34117648
v -0.01881339 -0.02208288 -0.01847931 2.38823529 1.37647059 2.34117648
v -0.07469790 -0.02172729 -0.01873938 2.38823529 1.37647059 2.34117648
v -0.03761949 -0.02196684 -0.01857228 2.38823529 1.37647059 2.34117648
v 0.00000000 -0.02204544 -0.01851462 2.38823529 1.37647059 2.34117648
v -0.01486500 0.01494696 -0.00702870 2.38823529 1.37647059 2.34117648
v 0.00000000 0.01321392 -0.00797949 2.38823529 1.37647059 2.34117648
v 0.00000000 0.01373046 -0.01891119 2.38823529 1.37647059 2.34117648
v -0.07469790 0.01409355 -0.01878879 2.38823529 1.37647059 2.34117648
v -0.01561080 -0.02195934 -0.00702870 2.38823529 1.37647059 2.34117648
v 0.00000000 -0.02067549 -0.00943038 2.38823529 1.37647059 2.34117648
v -0.01539147 -0.02160750 -0.00702870 2.38823529 1.37647059 2.34117648
v -0.01548651 -0.02177595 -0.00702870 2.38823529 1.37647059 2.34117648
v -0.07469790 -0.02171232 -0.01874643 2.38823529 1.37647059 2.34117648
v 0.00000000 -0.02171979 -0.01874292 2.38823529 1.37647059 2.34117648
v 0.00000000 -0.02188449 -0.01862877 2.38823529 1.37647059 2.34117648
v -0.01459446 0.01477104 -0.00702870 2.38823529 1.37647059 2.34117648
v -0.01456521 0.01474857 -0.00702870 2.38823529 1.37647059 2.34117648
v -0.01431660 0.01452774 -0.00702870 2.38823529 1.37647059 2.34117648
v 0.00000000 0.01312410 -0.00797244 2.38823529 1.37647059 2.34117648
v 0.00000000 0.01334493 -0.01901472 2.38823529 1.37647059 2.34117648
v -0.07469790 0.01375668 -0.01892883 2.38823529 1.37647059 2.34117648
v -0.07469790 0.01382031 -0.01891119 2.38823529 1.37647059 2.34117648
v 0.00000000 -0.00468525 -0.00873141 2.38823529 1.37647059 2.34117648
v -0.01523790 -0.02122572 -0.00702870 2.38823529 1.37647059 2.34117648
v -0.01524522 -0.02124816 -0.00702870 2.38823529 1.37647059 2.34117648
v -0.01531104 -0.02143158 -0.00702870 2.38823529 1.37647059 2.34117648
v -0.07469790 -0.02135673 -0.01891236 2.38823529 1.37647059 2.34117648
v -0.05643291 -0.02149521 -0.01884882 2.38823529 1.37647059 2.34117648
v 0.00000000 -0.02154012 -0.01882764 2.38823529 1.37647059 2.34117648
v -0.01429467 0.01450155 -0.00702870 2.38823529 1.37647059 2.34117648
v 0.00000000 0.01303053 -0.00796536 2.38823529 1.37647059 2.34117648
v 0.00000000 0.01314657 -0.01903239 2.38823529 1.37647059 2.34117648
v -0.07469790 0.01342353 -0.01901472 2.38823529 1.37647059 2.34117648
v 0.00000000 0.01284711 -0.00796656 2.38823529 1.37647059 2.34117648
v -0.01519404 -0.02103483 -0.00702870 2.38823529 1.37647059 2.34117648
v -0.05643291 -0.02136045 -0.01891119 2.38823529 1.37647059 2.34117648
v -0.07469790 -0.02097120 -0.01901472 2.38823529 1.37647059 2.34117648
v -0.05643291 -0.02097492 -0.01901472 2.38823529 1.37647059 2.34117648
v -0.05643291 -0.02102358 -0.01900179 2.38823529 1.37647059 2.34117648
v -0.03761949 -0.02107224 -0.01898883 2.38823529 1.37647059 2.34117648
v 0.00000000 -0.02136045 -0.01891119 2.38823529 1.37647059 2.34117648
v -0.03761949 -0.02145030 -0.01887000 2.38823529 1.37647059 2.34117648
v -0.01408263 0.01424328 -0.00702870 2.38823529 1.37647059 2.34117648
v -0.01398759 0.01408605 -0.00702870 2.38823529 1.37647059 2.34117648
v -0.01389984 0.01392138 -0.00702870 2.38823529 1.37647059 2.34117648
v -0.01382673 0.01375293 -0.00702870 2.38823529 1.37647059 2.34117648
v -0.01376823 0.01356579 -0.00702870 2.38823529 1.37647059 2.34117648
v -0.01372434 0.01339734 -0.00702870 2.38823529 1.37647059 2.34117648
v -0.01369512 0.01321392 -0.00702870 2.38823529 1.37647059 2.34117648
v -0.01368048 0.01303053 -0.00702870 2.38823529 1.37647059 2.34117648
v 0.00000000 0.01294068 -0.00796536 2.38823529 1.37647059 2.34117648
v 0.00000000 0.01294818 -0.01904886 2.38823529 1.37647059 2.34117648
v -0.07469790 0.01301931 -0.01904886 2.38823529 1.37647059 2.34117648
v -0.01516479 -0.02087013 -0.00702870 2.38823529 1.37647059 2.34117648
v -0.07469790 -0.02058564 -0.01904886 2.38823529 1.37647059 2.34117648
v -0.05643291 -0.02092626 -0.01901943 2.38823529 1.37647059 2.34117648
v 0.00000000 -0.02097492 -0.01901472 2.38823529 1.37647059 2.34117648
v -0.01368780 0.01284711 -0.00702870 2.38823529 1.37647059 2.34117648
v -0.01376091 0.01104297 -0.00702870 2.38823529 1.37647059 2.34117648
v -0.01497468 -0.01671537 -0.00702870 2.38823529 1.37647059 2.34117648
v -0.01515018 -0.02067549 -0.00702870 2.38823529 1.37647059 2.34117648
v 0.00000000 -0.02057817 -0.01904886 2.38823529 1.37647059 2.34117648
v -0.01881339 -0.02062683 -0.01904532 2.38823529 1.37647059 2.34117648
v -0.05643291 -0.02062683 -0.01904532 2.38823529 1.37647059 2.34117648
v -0.01881339 -0.02092626 -0.01901943 2.38823529 1.37647059 2.34117648
v 0.00000000 -0.02077656 -0.01903239 2.38823529 1.37647059 2.34117648
f 2058 2059 2062
f 2058 2062 2069
f 2058 2069 2077
f 2058 2077 2088
f 2058 2088 2108
f 2058 2108 2127
f 2058 2127 2129
f 2058 2129 2142
f 2058 2142 2152
f 2058 2152 2162
f 2058 2162 2176
f 2058 2176 2175
f 2058 2175 2187
f 2058 2187 2207
f 2058 2207 2209
f 2058 2209 2191
f 2058 2191 2181
f 2058 2181 2167
f 2058 2167 2156
f 2058 2156 2145
f 2058 2145 2134
f 2058 2134 2119
f 2058 2119 2098
f 2058 2098 2084
f 2058 2084 2072
f 2058 2072 2066
f 2058 2066 2060
f 2058 2060 2061
f 2058 2061 2063
f 2058 2063 2059
f 2059 2063 2064
f 2059 2064 2065
f 2059 2065 2062
f 2060 2066 2071
f 2060 2071 2083
f 2060 2083 2092
f 2060 2092 2111
f 2060 2111 2130
f 2060 2130 2143
f 2060 2143 2153
f 2060 2153 2163
f 2060 2163 2166
f 2060 2166 2165
f 2060 2165 2180
f 2060 2180 2179
f 2060 2179 2178
f 2060 2178 2189
f 2060 2189 2208
f 2060 2208 2215
f 2060 2215 2214
f 2060 2214 2213
f 2060 2213 2212
f 2060 2212 2204
f 2060 2204 2203
f 2060 2203 2202
f 2060 2202 2201
f 2060 2201 2200
f 2060 2200 2199
f 2060 2199 2198
f 2060 2198 2197
f 2060 2197 2184
f 2060 2184 2172
f 2060 2172 2171
f 2060 2171 2170
f 2060 2170 2159
f 2060 2159 2149
f 2060 2149 2138
f 2060 2138 2124
f 2060 2124 2103
f 2060 2103 2086
f 2060 2086 2073
f 2060 2073 2067
f 2060 2067 2061
f 2061 2067 2068
f 2061 2068 2076
f 2061 2076 2075
f 2061 2075 2074
f 2061 2074 2087
f 2061 2087 2107
f 2061 2107 2106
f 2061 2106 2105
f 2061 2105 2104
f 2061 2104 2126
f 2061 2126 2125
f 2061 2125 2140
f 2061 2140 2139
f 2061 2139 2150
f 2061 2150 2160
f 2061 2160 2173
f 2061 2173 2185
f 2061 2185 2205
f 2061 2205 2188
f 2061 2188 2177
f 2061 2177 2164
f 2061 2164 2154
f 2061 2154 2144
f 2061 2144 2133
f 2061 2133 2132
f 2061 2132 2131
f 2061 2131 2118
f 2061 2118 2117
f 2061 2117 2116
f 2061 2116 2115
f 2061 2115 2114
f 2061 2114 2113
f 2061 2113 2112
f 2061 2112 2095
f 2061 2095 2094
f 2061 2094 2093
f 2061 2093 2091
f 2061 2091 2082
f 2061 2082 2081
f 2061 2081 2080
f 2061 2080 2079
f 2061 2079 2090
f 2061 2090 2102
f 2061 2102 2123
f 2061 2123 2136
f 2061 2136 2148
f 2061 2148 2158
f 2061 2158 2169
f 2061 2169 2168
f 2061 2168 2183
f 2061 2183 2195
f 2061 2195 2211
f 2061 2211 2220
f 2061 2220 2216
f 2061 2216 2206
f 2061 2206 2186
f 2061 2186 2174
f 2061 2174 2161
f 2061 2161 2151
f 2061 2151 2141
f 2061 2141 2128
f 2061 2128 2109
f 2061 2109 2089
f 2061 2089 2078
f 2061 2078 2070
f 2061 2070 2065
f 2061 2065 2064
f 2061 2064 2063
f 2062 2065 2070
f 2062 2070 2069
f 2066 2072 2085
f 2066 2085 2090
f 2066 2090 2079
f 2066 2079 2071
f 2067 2073 2074
f 2067 2074 2075
f 2067 2075 2076
f 2067 2076 2068
f 2069 2070 2077
f 2070 2078 2077
f 2071 2079 2080
f 2071 2080 2081
f 2071 2081 2082
f 2071 2082 2083
f 2072 2084 2085
f 2073 2086 2087
f 2073 2087 2074
f 2077 2078 2088
f 2078 2089 2088
f 2082 2091 2083
f 2083 2091 2093
f 2083 2093 2094
f 2083 2094 2095
f 2083 2095 2092
f 2084 2096 2097
f 2084 2097 2085
f 2084 2098 2099
f 2084 2099 2100
f 2084 2100 2101
f 2084 2101 2102
f 2084 2102 2096
f 2085 2097 2096
f 2085 2096 2090
f 2086 2103 2104
f 2086 2104 2105
f 2086 2105 2106
f 2086 2106 2107
f 2086 2107 2087
f 2088 2089 2108
f 2089 2109 2108
f 2090 2096 2110
f 2090 2110 2102
f 2092 2095 2112
f 2092 2112 2113
f 2092 2113 2114
f 2092 2114 2115
f 2092 2115 2116
f 2092 2116 2117
f 2092 2117 2118
f 2092 2118 2111
f 2096 2102 2110
f 2098 2119 2120
f 2098 2120 2121
f 2098 2121 2099
f 2099 2122 2100
f 2099 2121 2137
f 2099 2137 2123
f 2099 2123 2122
f 2100 2122 2101
f 2101 2122 2123
f 2101 2123 2102
f 2103 2124 2125
f 2103 2125 2126
f 2103 2126 2104
f 2108 2109 2127
f 2109 2128 2129
f 2109 2129 2127
f 2111 2118 2131
f 2111 2131 2132
f 2111 2132 2133
f 2111 2133 2130
f 2119 2134 2135
f 2119 2135 2120
f 2120 2135 2148
f 2120 2148 2136
f 2120 2136 2137
f 2120 2137 2121
f 2123 2137 2136
f 2124 2138 2139
f 2124 2139 2140
f 2124 2140 2125
f 2128 2141 2142
f 2128 2142 2129
f 2130 2133 2143
f 2133 2144 2143
f 2134 2145 2135
f 2135 2145 2146
f 2135 2146 2147
f 2135 2147 2148
f 2138 2149 2150
f 2138 2150 2139
f 2141 2151 2162
f 2141 2162 2152
f 2141 2152 2142
f 2143 2144 2154
f 2143 2154 2153
f 2145 2155 2146
f 2145 2156 2157
f 2145 2157 2158
f 2145 2158 2155
f 2146 2155 2147
f 2147 2155 2148
f 2148 2155 2158
f 2149 2159 2160
f 2149 2160 2150
f 2151 2161 2162
f 2153 2154 2163
f 2154 2164 2165
f 2154 2165 2166
f 2154 2166 2163
f 2156 2167 2182
f 2156 2182 2196
f 2156 2196 2183
f 2156 2183 2168
f 2156 2168 2169
f 2156 2169 2157
f 2157 2169 2158
f 2159 2170 2160
f 2160 2170 2171
f 2160 2171 2172
f 2160 2172 2173
f 2161 2174 2175
f 2161 2175 2176
f 2161 2176 2162
f 2164 2177 2178
f 2164 2178 2179
f 2164 2179 2180
f 2164 2180 2165
f 2167 2181 2182
f 2172 2184 2185
f 2172 2185 2173
f 2174 2186 2187
f 2174 2187 2175
f 2177 2188 2178
f 2178 2188 2189
f 2181 2190 2182
f 2181 2191 2192
f 2181 2192 2193
f 2181 2193 2194
f 2181 2194 2195
f 2181 2195 2190
f 2182 2190 2196
f 2183 2196 2195
f 2184 2197 2185
f 2185 2197 2198
f 2185 2198 2199
f 2185 2199 2200
f 2185 2200 2201
f 2185 2201 2202
f 2185 2202 2203
f 2185 2203 2204
f 2185 2204 2205
f 2186 2206 2207
f 2186 2207 2187
f 2188 2205 2208
f 2188 2208 2189
f 2190 2195 2196
f 2191 2209 2210
f 2191 2210 2192
f 2192 2210 2219
f 2192 2219 2211
f 2192 2211 2194
f 2192 2194 2193
f 2194 2211 2195
f 2204 2212 2205
f 2205 2212 2213
f 2205 2213 2214
f 2205 2214 2215
f 2205 2215 2208
f 2206 2216 2209
f 2206 2209 2207
f 2209 2217 2218
f 2209 2218 2210
f 2209 2216 2217
f 2210 2218 2217
f 2210 2217 2220
f 2210 2220 2219
f 2211 2219 2220
f 2216 2220 2217