{
    "start_pose": [
        0.2,
        -0.015334,
        0.542501,
        0.0,
        0.0,
        0.0,
        1.0
    ],
    "goals": [
        [
            0.2,
            -0.015334,
            0.588334,
            0.0,
            0.0,
            0.0,
            1.0
        ],
        [
            0.2,
            -0.015334,
            0.634167,
            0.0,
            0.0,
            0.0,
            1.0
        ],
        [
            0.2,
            -0.015334,
            0.68,
            0.0,
            0.0,
            0.0,
            1.0
        ],
        [
            0.146667,
            -0.006069,
            0.68,
            0.100256,
            0.100256,
            -0.100256,
            0.984808
        ],
        [
            0.093333,
            0.003195,
            0.68,
            0.197465,
            0.197465,
            -0.197465,
            0.939693
        ],
        [
            0.04,
            0.01246,
            0.68,
            0.288675,
            0.288675,
            -0.288675,
            0.866025
        ],
        [
            -0.013333,
            0.021724,
            0.68,
            0.371114,
            0.371114,
            -0.371114,
            0.766044
        ],
        [
            -0.066667,
            0.030989,
            0.68,
            0.442276,
            0.442276,
            -0.442276,
            0.642788
        ],
        [
            -0.12,
            0.040253,
            0.68,
            0.5,
            0.5,
            -0.5,
            0.5
        ],
        [
            -0.12,
            0.040253,
            0.653333,
            0.5,
            0.5,
            -0.5,
            0.5
        ],
        [
            -0.12,
            0.040253,
            0.626667,
            0.5,
            0.5,
            -0.5,
            0.5
        ],
        [
            -0.12,
            0.040253,
            0.6,
            0.5,
            0.5,
            -0.5,
            0.5
        ]
    ]
}
