{
    "start_pose": [
        0.080194,
        -0.169916,
        0.54153,
        0.0,
        0.0,
        0.0,
        1.0
    ],
    "goals": [
        [
            0.080194,
            -0.169916,
            0.556915,
            0.0,
            0.0,
            0.0,
            1.0
        ],
        [
            0.080194,
            -0.169916,
            0.603072,
            0.0,
            0.0,
            0.0,
            1.0
        ],
        [
            0.080194,
            -0.169916,
            0.68,
            0.0,
            0.0,
            0.0,
            1.0
        ],
        [
            0.068445,
            -0.157885,
            0.68,
            -0.04474,
            -0.04474,
            -0.04474,
            0.996993
        ],
        [
            0.039072,
            -0.127808,
            0.68,
            -0.15483,
            -0.15483,
            -0.15483,
            0.963371
        ],
        [
            0.000886,
            -0.088708,
            0.68,
            -0.288675,
            -0.288675,
            -0.288675,
            0.866025
        ],
        [
            -0.037299,
            -0.049608,
            0.68,
            -0.404271,
            -0.404271,
            -0.404271,
            0.71393
        ],
        [
            -0.066672,
            -0.019531,
            0.68,
            -0.476126,
            -0.476126,
            -0.476126,
            0.565607
        ],
        [
            -0.078421,
            -0.0075,
            0.68,
            -0.5,
            -0.5,
            -0.5,
            0.5
        ],
        [
            -0.078421,
            -0.0075,
            0.676971,
            -0.5,
            -0.5,
            -0.5,
            0.5
        ],
        [
            -0.078421,
            -0.0075,
            0.675154,
            -0.5,
            -0.5,
            -0.5,
            0.5
        ],
        [
            -0.078421,
            -0.0075,
            0.674549,
            -0.5,
            -0.5,
            -0.5,
            0.5
        ]
    ]
}
