{
    "start_pose": [
        0.135,
        0.08024,
        0.53635,
        0.0,
        0.0,
        0.0,
        1.0
    ],
    "goals": [
        [
            0.135,
            0.08024,
            0.584233,
            0.0,
            0.0,
            0.0,
            1.0
        ],
        [
            0.135,
            0.08024,
            0.632117,
            0.0,
            0.0,
            0.0,
            1.0
        ],
        [
            0.135,
            0.08024,
            0.68,
            0.0,
            0.0,
            0.0,
            1.0
        ],
        [
            0.099167,
            0.073533,
            0.68,
            0.0,
            0.0,
            0.0,
            1.0
        ],
        [
            0.063333,
            0.066827,
            0.68,
            0.0,
            0.0,
            0.0,
            1.0
        ],
        [
            0.0275,
            0.06012,
            0.68,
            0.0,
            0.0,
            0.0,
            1.0
        ],
        [
            -0.008333,
            0.053413,
            0.68,
            0.0,
            0.0,
            0.0,
            1.0
        ],
        [
            -0.044167,
            0.046707,
            0.68,
            0.0,
            0.0,
            0.0,
            1.0
        ],
        [
            -0.08,
            0.04,
            0.68,
            0.0,
            0.0,
            0.0,
            1.0
        ],
        [
            -0.08,
            0.04,
            0.632117,
            -0.0,
            -0.0,
            -0.0,
            1.0
        ],
        [
            -0.08,
            0.04,
            0.584233,
            -0.0,
            -0.0,
            -0.0,
            1.0
        ],
        [
            -0.08,
            0.04,
            0.53635,
            -0.0,
            -0.0,
            -0.0,
            1.0
        ]
    ]
}
