# https://github.com/mikedh/trimesh

o geometry_0
v 0.05490664 0.00946688 0.00564545 0.54509804 0.71372549 0.60000000
v 0.05490664 0.00946688 0.00164878 0.54509804 0.71372549 0.60000000
v 0.05490664 -0.00946689 0.00564545 0.54509804 0.71372549 0.60000000
v 0.07555773 0.00861434 0.00482851 0.54509804 0.71372549 0.60000000
v 0.05490664 -0.00946689 0.00164878 0.54509804 0.71372549 0.60000000
v 0.07555773 0.00861434 0.00164878 0.54509804 0.71372549 0.60000000
v 0.07555773 -0.00861435 0.00482851 0.54509804 0.71372549 0.60000000
v 0.07568758 0.00860322 0.00481834 0.54509804 0.71372549 0.60000000
v 0.07555773 -0.00861435 0.00164878 0.54509804 0.71372549 0.60000000
v 0.07568758 0.00860322 0.00164878 0.54509804 0.71372549 0.60000000
v 0.07568758 -0.00860323 0.00481834 0.54509804 0.71372549 0.60000000
v 0.07575035 -0.00000927 0.00480856 0.54509804 0.71372549 0.60000000
v 0.07581311 0.00858284 0.00479838 0.54509804 0.71372549 0.60000000
v 0.07568758 -0.00860323 0.00164878 0.54509804 0.71372549 0.60000000
v 0.07581311 0.00858284 0.00164878 0.54509804 0.71372549 0.60000000
v 0.07581311 -0.00858284 0.00479838 0.54509804 0.71372549 0.60000000
v 0.07587587 0.00001482 0.00478391 0.54509804 0.71372549 0.60000000
v 0.07593863 0.00855133 0.00476904 0.54509804 0.71372549 0.60000000
v 0.07581311 -0.00858284 0.00164878 0.54509804 0.71372549 0.60000000
v 0.07593863 0.00855133 0.00164878 0.54509804 0.71372549 0.60000000
v 0.07593863 -0.00855134 0.00476904 0.54509804 0.71372549 0.60000000
v 0.07597975 0.00853836 0.00164878 0.54509804 0.71372549 0.60000000
v 0.07605983 0.00851056 0.00472991 0.54509804 0.71372549 0.60000000
v 0.07593863 -0.00855134 0.00164878 0.54509804 0.71372549 0.60000000
v 0.07597975 -0.00853836 0.00164878 0.54509804 0.71372549 0.60000000
v 0.07605983 -0.00851056 0.00472991 0.54509804 0.71372549 0.60000000
v 0.07605983 0.00851056 0.00164878 0.54509804 0.71372549 0.60000000
v 0.07612043 -0.00002410 0.00470566 0.54509804 0.71372549 0.60000000
v 0.07617886 0.00846052 0.00468140 0.54509804 0.71372549 0.60000000
v 0.07605983 -0.00851056 0.00164878 0.54509804 0.71372549 0.60000000
v 0.07617886 -0.00846052 0.00468140 0.54509804 0.71372549 0.60000000
v 0.07617886 0.00846052 0.00164878 0.54509804 0.71372549 0.60000000
v 0.07629140 0.00840121 0.00462428 0.54509804 0.71372549 0.60000000
v 0.07617886 -0.00846052 0.00164878 0.54509804 0.71372549 0.60000000
v 0.07629140 -0.00840122 0.00462428 0.54509804 0.71372549 0.60000000
v 0.07629140 0.00840121 0.00164878 0.54509804 0.71372549 0.60000000
v 0.07636499 0.00835488 0.00164878 0.54509804 0.71372549 0.60000000
v 0.07634551 0.00003336 0.00459141 0.54509804 0.71372549 0.60000000
v 0.07639745 0.00833264 0.00455854 0.54509804 0.71372549 0.60000000
v 0.07629140 -0.00840122 0.00164878 0.54509804 0.71372549 0.60000000
v 0.07636499 -0.00835488 0.00164878 0.54509804 0.71372549 0.60000000
v 0.07639745 -0.00833264 0.00455854 0.54509804 0.71372549 0.60000000
v 0.07639745 0.00833264 0.00164878 0.54509804 0.71372549 0.60000000
v 0.07644939 -0.00003707 0.00452177 0.54509804 0.71372549 0.60000000
v 0.07649917 0.00825479 0.00448499 0.54509804 0.71372549 0.60000000
v 0.07639745 -0.00833264 0.00164878 0.54509804 0.71372549 0.60000000
v 0.07649917 -0.00825480 0.00448499 0.54509804 0.71372549 0.60000000
v 0.07649917 0.00825479 0.00164878 0.54509804 0.71372549 0.60000000
v 0.07662253 0.00813247 0.00164878 0.54509804 0.71372549 0.60000000
v 0.07667664 0.00807873 0.00431597 0.54509804 0.71372549 0.60000000
v 0.07649917 -0.00825480 0.00164878 0.54509804 0.71372549 0.60000000
v 0.07655761 -0.00819735 0.00164878 0.54509804 0.71372549 0.60000000
v 0.07667664 -0.00807873 0.00431597 0.54509804 0.71372549 0.60000000
v 0.07667664 0.00807873 0.00164878 0.54509804 0.71372549 0.60000000
v 0.07675022 0.00010008 0.00421933 0.54509804 0.71372549 0.60000000
v 0.07682164 0.00787671 0.00412230 0.54509804 0.71372549 0.60000000
v 0.07678052 0.00793602 0.00164878 0.54509804 0.71372549 0.60000000
v 0.07667664 -0.00807873 0.00164878 0.54509804 0.71372549 0.60000000
v 0.07672425 -0.00801387 0.00164878 0.54509804 0.71372549 0.60000000
v 0.07682164 -0.00787672 0.00412230 0.54509804 0.71372549 0.60000000
v 0.07682164 0.00787671 0.00164878 0.54509804 0.71372549 0.60000000
v 0.07687574 0.00011120 0.00401548 0.54509804 0.71372549 0.60000000
v 0.07692769 0.00765431 0.00390906 0.54509804 0.71372549 0.60000000
v 0.07682164 -0.00787672 0.00164878 0.54509804 0.71372549 0.60000000
v 0.07692769 -0.00765432 0.00390906 0.54509804 0.71372549 0.60000000
v 0.07692769 0.00765431 0.00164878 0.54509804 0.71372549 0.60000000
v 0.07696015 0.00011676 0.00379599 0.54509804 0.71372549 0.60000000
v 0.07699261 0.00741708 0.00368253 0.54509804 0.71372549 0.60000000
v 0.07697530 0.00748195 0.00164878 0.54509804 0.71372549 0.60000000
v 0.07692769 -0.00765432 0.00164878 0.54509804 0.71372549 0.60000000
v 0.07694717 -0.00758389 0.00164878 0.54509804 0.71372549 0.60000000
v 0.07699261 -0.00741709 0.00368253 0.54509804 0.71372549 0.60000000
v 0.07699261 0.00741708 0.00164878 0.54509804 0.71372549 0.60000000
v 0.07701642 0.00717429 0.00344973 0.54509804 0.71372549 0.60000000
v 0.07699261 -0.00741709 0.00164878 0.54509804 0.71372549 0.60000000
v 0.07701642 -0.00717430 0.00344973 0.54509804 0.71372549 0.60000000
v 0.07701642 0.00717429 0.00164878 0.54509804 0.71372549 0.60000000
v 0.07701642 -0.00717430 0.00164878 0.54509804 0.71372549 0.60000000
f 1 2 5
f 1 5 3
f 1 3 7
f 1 7 4
f 1 4 6
f 1 6 2
f 2 6 10
f 2 10 15
f 2 15 20
f 2 20 22
f 2 22 27
f 2 27 32
f 2 32 36
f 2 36 37
f 2 37 43
f 2 43 48
f 2 48 49
f 2 49 54
f 2 54 57
f 2 57 61
f 2 61 66
f 2 66 69
f 2 69 73
f 2 73 77
f 2 77 78
f 2 78 75
f 2 75 71
f 2 71 70
f 2 70 64
f 2 64 59
f 2 59 58
f 2 58 52
f 2 52 51
f 2 51 46
f 2 46 41
f 2 41 40
f 2 40 34
f 2 34 30
f 2 30 25
f 2 25 24
f 2 24 19
f 2 19 14
f 2 14 9
f 2 9 5
f 3 5 9
f 3 9 7
f 4 7 11
f 4 11 8
f 4 8 10
f 4 10 6
f 7 9 14
f 7 14 11
f 8 11 12
f 8 12 13
f 8 13 15
f 8 15 10
f 11 16 12
f 11 14 19
f 11 19 16
f 12 16 13
f 13 16 17
f 13 17 18
f 13 18 20
f 13 20 15
f 16 21 17
f 16 19 24
f 16 24 21
f 17 21 18
f 18 22 20
f 18 21 26
f 18 26 23
f 18 23 22
f 21 25 26
f 21 24 25
f 22 23 27
f 23 26 28
f 23 28 29
f 23 29 32
f 23 32 27
f 25 30 26
f 26 31 28
f 26 30 34
f 26 34 31
f 28 31 29
f 29 33 36
f 29 36 32
f 29 31 35
f 29 35 33
f 31 34 40
f 31 40 35
f 33 37 36
f 33 35 38
f 33 38 39
f 33 39 37
f 35 40 41
f 35 41 42
f 35 42 38
f 37 39 43
f 38 42 39
f 39 44 45
f 39 45 48
f 39 48 43
f 39 42 44
f 41 46 42
f 42 47 44
f 42 46 51
f 42 51 47
f 44 47 45
f 45 49 48
f 45 47 53
f 45 53 50
f 45 50 49
f 47 51 52
f 47 52 53
f 49 50 54
f 50 55 56
f 50 56 57
f 50 57 54
f 50 53 55
f 52 58 53
f 53 59 60
f 53 60 55
f 53 58 59
f 55 60 56
f 56 61 57
f 56 60 62
f 56 62 63
f 56 63 66
f 56 66 61
f 59 64 60
f 60 64 70
f 60 70 65
f 60 65 62
f 62 65 63
f 63 65 67
f 63 67 68
f 63 68 69
f 63 69 66
f 65 70 71
f 65 71 72
f 65 72 67
f 67 72 68
f 68 73 69
f 68 72 76
f 68 76 74
f 68 74 77
f 68 77 73
f 71 75 72
f 72 75 78
f 72 78 76
f 74 76 78
f 74 78 77

o geometry_1
v 0.05165151 0.00960121 0.00164839 0.54117647 0.42352941 0.64313725
v 0.05165151 0.00960121 -0.00572525 0.54117647 0.42352941 0.64313725
v 0.05165151 -0.00960121 0.00164839 0.54117647 0.42352941 0.64313725
v 0.07555650 0.00861440 0.00164839 0.54117647 0.42352941 0.64313725
v 0.05165151 0.00002631 -0.00572597 0.54117647 0.42352941 0.64313725
v 0.07555650 0.00861440 -0.00478036 0.54117647 0.42352941 0.64313725
v 0.06358910 0.00910687 -0.00525389 0.54117647 0.42352941 0.64313725
v 0.07555650 -0.00861440 0.00164839 0.54117647 0.42352941 0.64313725
v 0.05165151 -0.00960121 -0.00572597 0.54117647 0.42352941 0.64313725
v 0.07564340 0.00860688 0.00164839 0.54117647 0.42352941 0.64313725
v 0.07555650 -0.00861440 -0.00478036 0.54117647 0.42352941 0.64313725
v 0.07568561 0.00860312 -0.00477025 0.54117647 0.42352941 0.64313725
v 0.06358910 -0.00910687 -0.00525389 0.54117647 0.42352941 0.64313725
v 0.07564340 -0.00860688 0.00164839 0.54117647 0.42352941 0.64313725
v 0.07568561 0.00860312 0.00164839 0.54117647 0.42352941 0.64313725
v 0.07568561 -0.00860312 -0.00477025 0.54117647 0.42352941 0.64313725
v 0.07577251 0.00858997 0.00164839 0.54117647 0.42352941 0.64313725
v 0.07581472 0.00858245 -0.00475004 0.54117647 0.42352941 0.64313725
v 0.07568561 -0.00860312 0.00164839 0.54117647 0.42352941 0.64313725
v 0.07581472 -0.00858245 -0.00475004 0.54117647 0.42352941 0.64313725
v 0.07577251 -0.00858997 0.00164839 0.54117647 0.42352941 0.64313725
v 0.07581472 0.00858245 0.00164839 0.54117647 0.42352941 0.64313725
v 0.07585444 0.00857305 0.00164839 0.54117647 0.42352941 0.64313725
v 0.07593886 0.00855237 -0.00472044 0.54117647 0.42352941 0.64313725
v 0.07587679 0.00001504 -0.00473560 0.54117647 0.42352941 0.64313725
v 0.07581472 -0.00858245 0.00164839 0.54117647 0.42352941 0.64313725
v 0.07593886 -0.00855237 -0.00472044 0.54117647 0.42352941 0.64313725
v 0.07585444 -0.00857305 0.00164839 0.54117647 0.42352941 0.64313725
v 0.07593886 0.00855237 0.00164839 0.54117647 0.42352941 0.64313725
v 0.07606052 0.00851102 -0.00468146 0.54117647 0.42352941 0.64313725
v 0.07600093 0.00001880 -0.00470095 0.54117647 0.42352941 0.64313725
v 0.07606052 -0.00851102 -0.00468146 0.54117647 0.42352941 0.64313725
v 0.07593886 -0.00855237 0.00164839 0.54117647 0.42352941 0.64313725
v 0.07606052 0.00851102 0.00164839 0.54117647 0.42352941 0.64313725
v 0.07612011 -0.00002444 -0.00465764 0.54117647 0.42352941 0.64313725
v 0.07617970 0.00846027 -0.00463310 0.54117647 0.42352941 0.64313725
v 0.07617970 -0.00846027 -0.00463310 0.54117647 0.42352941 0.64313725
v 0.07606052 -0.00851102 0.00164839 0.54117647 0.42352941 0.64313725
v 0.07617970 0.00846027 0.00164839 0.54117647 0.42352941 0.64313725
v 0.07629143 0.00840012 -0.00457607 0.54117647 0.42352941 0.64313725
v 0.07617970 -0.00846027 0.00164839 0.54117647 0.42352941 0.64313725
v 0.07629143 -0.00840012 -0.00457607 0.54117647 0.42352941 0.64313725
v 0.07629143 0.00840012 0.00164839 0.54117647 0.42352941 0.64313725
v 0.07639819 0.00833245 -0.00451039 0.54117647 0.42352941 0.64313725
v 0.07629143 -0.00840012 0.00164839 0.54117647 0.42352941 0.64313725
v 0.07639819 -0.00833245 -0.00451039 0.54117647 0.42352941 0.64313725
v 0.07639819 0.00833245 0.00164839 0.54117647 0.42352941 0.64313725
v 0.07649998 0.00825539 -0.00443676 0.54117647 0.42352941 0.64313725
v 0.07639819 -0.00833245 0.00164839 0.54117647 0.42352941 0.64313725
v 0.07649998 -0.00825539 -0.00443676 0.54117647 0.42352941 0.64313725
v 0.07649998 0.00825539 0.00164839 0.54117647 0.42352941 0.64313725
v 0.07662413 0.00813321 0.00164839 0.54117647 0.42352941 0.64313725
v 0.07667627 0.00807870 -0.00426785 0.54117647 0.42352941 0.64313725
v 0.07649998 -0.00825539 0.00164839 0.54117647 0.42352941 0.64313725
v 0.07667627 -0.00807870 -0.00426785 0.54117647 0.42352941 0.64313725
v 0.07655709 -0.00819900 0.00164839 0.54117647 0.42352941 0.64313725
v 0.07667627 0.00807870 0.00164839 0.54117647 0.42352941 0.64313725
v 0.07678055 0.00793585 0.00164839 0.54117647 0.42352941 0.64313725
v 0.07682276 0.00787758 -0.00407367 0.54117647 0.42352941 0.64313725
v 0.07675075 -0.00009962 -0.00417112 0.54117647 0.42352941 0.64313725
v 0.07682276 -0.00787758 -0.00407367 0.54117647 0.42352941 0.64313725
v 0.07672344 -0.00801480 0.00164839 0.54117647 0.42352941 0.64313725
v 0.07667627 -0.00807870 0.00164839 0.54117647 0.42352941 0.64313725
v 0.07682276 0.00787758 0.00164839 0.54117647 0.42352941 0.64313725
v 0.07692704 0.00765390 -0.00386073 0.54117647 0.42352941 0.64313725
v 0.07687490 -0.00011090 -0.00396756 0.54117647 0.42352941 0.64313725
v 0.07682276 -0.00787758 0.00164839 0.54117647 0.42352941 0.64313725
v 0.07692704 -0.00765390 -0.00386073 0.54117647 0.42352941 0.64313725
v 0.07692704 0.00765390 0.00164839 0.54117647 0.42352941 0.64313725
v 0.07697669 0.00748098 0.00164839 0.54117647 0.42352941 0.64313725
v 0.07699408 0.00741707 -0.00363407 0.54117647 0.42352941 0.64313725
v 0.07696180 -0.00011654 -0.00374740 0.54117647 0.42352941 0.64313725
v 0.07692704 -0.00765390 0.00164839 0.54117647 0.42352941 0.64313725
v 0.07699408 -0.00741707 -0.00363407 0.54117647 0.42352941 0.64313725
v 0.07699408 0.00741707 0.00164839 0.54117647 0.42352941 0.64313725
v 0.07701642 0.00717459 -0.00340091 0.54117647 0.42352941 0.64313725
v 0.07699408 -0.00741707 0.00164839 0.54117647 0.42352941 0.64313725
v 0.07701642 -0.00717459 -0.00340091 0.54117647 0.42352941 0.64313725
v 0.07701642 0.00717459 0.00164839 0.54117647 0.42352941 0.64313725
v 0.07701642 -0.00717459 0.00164839 0.54117647 0.42352941 0.64313725
f 79 80 83
f 79 83 87
f 79 87 81
f 79 81 86
f 79 86 92
f 79 92 97
f 79 97 99
f 79 99 104
f 79 104 106
f 79 106 111
f 79 111 116
f 79 116 119
f 79 119 123
f 79 123 127
f 79 127 132
f 79 132 134
f 79 134 141
f 79 141 140
f 79 140 145
f 79 145 151
f 79 151 155
f 79 155 158
f 79 158 157
f 79 157 153
f 79 153 148
f 79 148 147
f 79 147 142
f 79 142 136
f 79 136 135
f 79 135 130
f 79 130 129
f 79 129 125
f 79 125 121
f 79 121 117
f 79 117 112
f 79 112 107
f 79 107 101
f 79 101 100
f 79 100 95
f 79 95 93
f 79 93 88
f 79 88 82
f 79 82 84
f 79 84 80
f 80 84 85
f 80 85 83
f 81 87 89
f 81 89 86
f 82 88 84
f 83 85 91
f 83 91 87
f 84 89 91
f 84 91 85
f 84 88 90
f 84 90 94
f 84 94 89
f 86 89 92
f 87 91 89
f 88 93 90
f 89 94 92
f 90 93 95
f 90 95 96
f 90 96 98
f 90 98 94
f 92 94 97
f 94 98 99
f 94 99 97
f 95 100 96
f 96 100 101
f 96 101 102
f 96 102 103
f 96 103 98
f 98 104 99
f 98 103 105
f 98 105 106
f 98 106 104
f 101 107 102
f 102 107 112
f 102 112 108
f 102 108 109
f 102 109 105
f 102 105 103
f 105 109 110
f 105 110 116
f 105 116 111
f 105 111 106
f 108 113 110
f 108 110 109
f 108 112 117
f 108 117 114
f 108 114 113
f 110 113 115
f 110 115 119
f 110 119 116
f 113 114 115
f 114 117 121
f 114 121 118
f 114 118 120
f 114 120 115
f 115 120 123
f 115 123 119
f 118 121 125
f 118 125 122
f 118 122 124
f 118 124 120
f 120 124 127
f 120 127 123
f 122 125 129
f 122 129 126
f 122 126 128
f 122 128 124
f 124 128 132
f 124 132 127
f 126 129 130
f 126 130 131
f 126 131 133
f 126 133 128
f 128 133 134
f 128 134 132
f 130 135 131
f 131 135 136
f 131 136 137
f 131 137 138
f 131 138 133
f 133 138 139
f 133 139 140
f 133 140 141
f 133 141 134
f 136 142 137
f 137 139 138
f 137 142 147
f 137 147 143
f 137 143 144
f 137 144 139
f 139 145 140
f 139 144 146
f 139 146 151
f 139 151 145
f 143 146 144
f 143 147 148
f 143 148 149
f 143 149 150
f 143 150 146
f 146 150 152
f 146 152 155
f 146 155 151
f 148 153 149
f 149 152 150
f 149 153 157
f 149 157 154
f 149 154 156
f 149 156 152
f 152 156 158
f 152 158 155
f 154 157 158
f 154 158 156

o geometry_2
v 0.05161644 -0.00512513 0.01014621 0.43529412 0.89019608 0.96078431
v 0.05161644 -0.01056184 0.01014621 0.43529412 0.89019608 0.96078431
v 0.05161644 -0.00512513 0.00577635 0.43529412 0.89019608 0.96078431
v 0.05158660 -0.00512513 0.01038544 0.43529412 0.89019608 0.96078431
v 0.05159654 -0.01075843 0.00577635 0.43529412 0.89019608 0.96078431
v 0.05161644 -0.01056184 0.00577635 0.43529412 0.89019608 0.96078431
v 0.05158660 -0.01056184 0.01038544 0.43529412 0.89019608 0.96078431
v 0.05158660 -0.01060560 0.01038263 0.43529412 0.89019608 0.96078431
v 0.05158660 -0.01064734 0.01037081 0.43529412 0.89019608 0.96078431
v 0.05158660 -0.01068706 0.01035336 0.43529412 0.89019608 0.96078431
v 0.05158660 -0.01072275 0.01033028 0.43529412 0.89019608 0.96078431
v 0.05158660 -0.01075372 0.01029988 0.43529412 0.89019608 0.96078431
v 0.05158660 -0.01077863 0.01026554 0.43529412 0.89019608 0.96078431
v 0.05158660 -0.01079681 0.01022783 0.43529412 0.89019608 0.96078431
v 0.05158660 -0.01080826 0.01018786 0.43529412 0.89019608 0.96078431
v 0.05158660 -0.01081229 0.01014621 0.43529412 0.89019608 0.96078431
v -0.00199805 -0.00512513 0.00577635 0.43529412 0.89019608 0.96078431
v 0.05153687 -0.00512513 0.01055825 0.43529412 0.89019608 0.96078431
v 0.05158660 -0.01081229 0.00577635 0.43529412 0.89019608 0.96078431
v 0.05151699 -0.01056184 0.01061849 0.43529412 0.89019608 0.96078431
v 0.05151699 -0.01064734 0.01061060 0.43529412 0.89019608 0.96078431
v 0.05151699 -0.01073083 0.01058978 0.43529412 0.89019608 0.96078431
v 0.05151699 -0.01080826 0.01055544 0.43529412 0.89019608 0.96078431
v 0.05151699 -0.01087895 0.01050759 0.43529412 0.89019608 0.96078431
v 0.05151699 -0.01093954 0.01044961 0.43529412 0.89019608 0.96078431
v 0.05151699 -0.01098869 0.01038263 0.43529412 0.89019608 0.96078431
v 0.05151699 -0.01102505 0.01030776 0.43529412 0.89019608 0.96078431
v 0.05151699 -0.01104727 0.01022783 0.43529412 0.89019608 0.96078431
v 0.05151699 -0.01105467 0.01014621 0.43529412 0.89019608 0.96078431
v -0.00177925 -0.00512513 0.01020644 0.43529412 0.89019608 0.96078431
v -0.04998356 -0.00572569 0.00577635 0.43529412 0.89019608 0.96078431
v -0.04998356 -0.00572569 0.01014621 0.43529412 0.89019608 0.96078431
v 0.05151699 -0.00512513 0.01061849 0.43529412 0.89019608 0.96078431
v 0.05151699 -0.01105467 0.00577635 0.43529412 0.89019608 0.96078431
v 0.05140759 -0.01056184 0.01083633 0.43529412 0.89019608 0.96078431
v 0.05140759 -0.01068706 0.01082564 0.43529412 0.89019608 0.96078431
v 0.05140759 -0.01080826 0.01079468 0.43529412 0.89019608 0.96078431
v 0.05140759 -0.01092204 0.01074401 0.43529412 0.89019608 0.96078431
v 0.05140759 -0.01102505 0.01067534 0.43529412 0.89019608 0.96078431
v 0.05140759 -0.01111392 0.01058978 0.43529412 0.89019608 0.96078431
v 0.05140759 -0.01118596 0.01049070 0.43529412 0.89019608 0.96078431
v 0.05140759 -0.01123848 0.01038263 0.43529412 0.89019608 0.96078431
v 0.05140759 -0.01127147 0.01026554 0.43529412 0.89019608 0.96078431
v 0.05140759 -0.01128224 0.01014621 0.43529412 0.89019608 0.96078431
v -0.00176931 -0.00512513 0.01033084 0.43529412 0.89019608 0.96078431
v -0.04998356 -0.01056184 0.00577635 0.43529412 0.89019608 0.96078431
v -0.04998356 -0.01056184 0.01014621 0.43529412 0.89019608 0.96078431
v -0.04996367 -0.00572569 0.01033084 0.43529412 0.89019608 0.96078431
v 0.05140759 -0.00512513 0.01083633 0.43529412 0.89019608 0.96078431
v 0.05140759 -0.01128224 0.00577635 0.43529412 0.89019608 0.96078431
v 0.05124847 -0.01056184 0.01103391 0.43529412 0.89019608 0.96078431
v 0.05124847 -0.01072275 0.01101984 0.43529412 0.89019608 0.96078431
v 0.05124847 -0.01087895 0.01097931 0.43529412 0.89019608 0.96078431
v 0.05124847 -0.01102505 0.01091401 0.43529412 0.89019608 0.96078431
v 0.05124847 -0.01115701 0.01082564 0.43529412 0.89019608 0.96078431
v 0.05124847 -0.01127147 0.01071643 0.43529412 0.89019608 0.96078431
v 0.05124847 -0.01136371 0.01058978 0.43529412 0.89019608 0.96078431
v 0.05124847 -0.01143171 0.01044961 0.43529412 0.89019608 0.96078431
v 0.05124847 -0.01147345 0.01029988 0.43529412 0.89019608 0.96078431
v 0.05124847 -0.01148759 0.01014621 0.43529412 0.89019608 0.96078431
v -0.00174942 -0.00512513 0.01044680 0.43529412 0.89019608 0.96078431
v -0.04996367 -0.01075843 0.00577635 0.43529412 0.89019608 0.96078431
v -0.04995372 -0.01081229 0.01014621 0.43529412 0.89019608 0.96078431
v -0.04993383 -0.01081229 0.01038263 0.43529412 0.89019608 0.96078431
v -0.04995372 -0.01056184 0.01038544 0.43529412 0.89019608 0.96078431
v -0.04995372 -0.00572569 0.01038544 0.43529412 0.89019608 0.96078431
v 0.05124847 -0.00512513 0.01103391 0.43529412 0.89019608 0.96078431
v 0.05124847 -0.01148759 0.00577635 0.43529412 0.89019608 0.96078431
v 0.05111918 -0.00512513 0.01115944 0.43529412 0.89019608 0.96078431
v 0.05106946 -0.01056184 0.01120391 0.43529412 0.89019608 0.96078431
v 0.05106946 -0.01075372 0.01118759 0.43529412 0.89019608 0.96078431
v 0.05106946 -0.01093954 0.01113974 0.43529412 0.89019608 0.96078431
v 0.05106946 -0.01111392 0.01106206 0.43529412 0.89019608 0.96078431
v 0.05106946 -0.01127147 0.01095623 0.43529412 0.89019608 0.96078431
v 0.05106946 -0.01140747 0.01082564 0.43529412 0.89019608 0.96078431
v 0.05106946 -0.01151721 0.01067534 0.43529412 0.89019608 0.96078431
v 0.05106946 -0.01159868 0.01050759 0.43529412 0.89019608 0.96078431
v 0.05106946 -0.01164850 0.01033028 0.43529412 0.89019608 0.96078431
v 0.05121863 -0.01152597 0.00577635 0.43529412 0.89019608 0.96078431
v 0.05106946 -0.01166534 0.01014621 0.43529412 0.89019608 0.96078431
v -0.00166986 -0.00512513 0.01066239 0.43529412 0.89019608 0.96078431
v -0.04988411 -0.00572569 0.01061849 0.43529412 0.89019608 0.96078431
v -0.04995372 -0.01081229 0.00577635 0.43529412 0.89019608 0.96078431
v -0.04990400 -0.01100283 0.00577635 0.43529412 0.89019608 0.96078431
v -0.04988411 -0.01105467 0.01014621 0.43529412 0.89019608 0.96078431
v -0.04986422 -0.01105467 0.01037081 0.43529412 0.89019608 0.96078431
v -0.04986422 -0.01081229 0.01061060 0.43529412 0.89019608 0.96078431
v -0.04988411 -0.01056184 0.01061849 0.43529412 0.89019608 0.96078431
v 0.05106946 -0.00512513 0.01120391 0.43529412 0.89019608 0.96078431
v 0.05085066 -0.01056184 0.01134182 0.43529412 0.89019608 0.96078431
v 0.05085066 -0.01077863 0.01132381 0.43529412 0.89019608 0.96078431
v 0.05085066 -0.01098869 0.01126977 0.43529412 0.89019608 0.96078431
v 0.05085066 -0.01118596 0.01118139 0.43529412 0.89019608 0.96078431
v 0.05085066 -0.01136371 0.01106206 0.43529412 0.89019608 0.96078431
v 0.05085066 -0.01151721 0.01091401 0.43529412 0.89019608 0.96078431
v 0.05085066 -0.01164244 0.01074401 0.43529412 0.89019608 0.96078431
v 0.05085066 -0.01173401 0.01055544 0.43529412 0.89019608 0.96078431
v 0.05085066 -0.01179057 0.01035336 0.43529412 0.89019608 0.96078431
v 0.05106946 -0.01166534 0.00577635 0.43529412 0.89019608 0.96078431
v 0.05085066 -0.01180942 0.01014621 0.43529412 0.89019608 0.96078431
v -0.00161019 -0.00512513 0.01077723 0.43529412 0.89019608 0.96078431
v -0.04977471 -0.00572569 0.01083633 0.43529412 0.89019608 0.96078431
v -0.04988411 -0.01105467 0.00577635 0.43529412 0.89019608 0.96078431
v -0.04977471 -0.01128224 0.01014621 0.43529412 0.89019608 0.96078431
v -0.04975482 -0.01128224 0.01035336 0.43529412 0.89019608 0.96078431
v -0.04969515 -0.01128224 0.01055544 0.43529412 0.89019608 0.96078431
v -0.04979460 -0.01105467 0.01058978 0.43529412 0.89019608 0.96078431
v -0.04969515 -0.01105467 0.01079468 0.43529412 0.89019608 0.96078431
v -0.04975482 -0.01081229 0.01082564 0.43529412 0.89019608 0.96078431
v -0.04977471 -0.01056184 0.01083633 0.43529412 0.89019608 0.96078431
v 0.05085066 -0.00512513 0.01134182 0.43529412 0.89019608 0.96078431
v 0.05060203 -0.01056184 0.01144371 0.43529412 0.89019608 0.96078431
v 0.05060203 -0.01079681 0.01142401 0.43529412 0.89019608 0.96078431
v 0.05060203 -0.01102505 0.01136490 0.43529412 0.89019608 0.96078431
v 0.05060203 -0.01123848 0.01126977 0.43529412 0.89019608 0.96078431
v 0.05060203 -0.01143171 0.01113974 0.43529412 0.89019608 0.96078431
v 0.05060203 -0.01159868 0.01097931 0.43529412 0.89019608 0.96078431
v 0.05060203 -0.01173401 0.01079468 0.43529412 0.89019608 0.96078431
v 0.05060203 -0.01183365 0.01058978 0.43529412 0.89019608 0.96078431
v 0.05060203 -0.01189492 0.01037081 0.43529412 0.89019608 0.96078431
v 0.05060203 -0.01191579 0.01014621 0.43529412 0.89019608 0.96078431
v 0.05085066 -0.01180942 0.00577635 0.43529412 0.89019608 0.96078431
v 0.05066170 -0.01189223 0.00577635 0.43529412 0.89019608 0.96078431
v 0.05080093 -0.01183231 0.00577635 0.43529412 0.89019608 0.96078431
v -0.00155051 -0.00512513 0.01087123 0.43529412 0.89019608 0.96078431
v -0.04961559 -0.00572569 0.01103391 0.43529412 0.89019608 0.96078431
v -0.00148090 -0.00512513 0.01096749 0.43529412 0.89019608 0.96078431
v -0.04977471 -0.01128224 0.00577635 0.43529412 0.89019608 0.96078431
v -0.04965537 -0.01144383 0.00577635 0.43529412 0.89019608 0.96078431
v -0.04961559 -0.01148826 0.01014621 0.43529412 0.89019608 0.96078431
v -0.04960565 -0.01148826 0.01033028 0.43529412 0.89019608 0.96078431
v -0.04954597 -0.01148826 0.01050759 0.43529412 0.89019608 0.96078431
v -0.04946641 -0.01148826 0.01067534 0.43529412 0.89019608 0.96078431
v -0.04959570 -0.01128224 0.01074401 0.43529412 0.89019608 0.96078431
v -0.04946641 -0.01128224 0.01091401 0.43529412 0.89019608 0.96078431
v -0.04954597 -0.01105467 0.01097931 0.43529412 0.89019608 0.96078431
v -0.04960565 -0.01081229 0.01101984 0.43529412 0.89019608 0.96078431
v -0.04961559 -0.01056184 0.01103391 0.43529412 0.89019608 0.96078431
v 0.05060203 -0.00512513 0.01144371 0.43529412 0.89019608 0.96078431
v 0.05054236 -0.00512513 0.01145947 0.43529412 0.89019608 0.96078431
v 0.05042302 -0.00512513 0.01148987 0.43529412 0.89019608 0.96078431
v 0.05035340 -0.01056184 0.01150507 0.43529412 0.89019608 0.96078431
v 0.05035340 -0.01080826 0.01148480 0.43529412 0.89019608 0.96078431
v 0.05035340 -0.01104727 0.01142401 0.43529412 0.89019608 0.96078431
v 0.05035340 -0.01127147 0.01132381 0.43529412 0.89019608 0.96078431
v 0.05035340 -0.01147345 0.01118759 0.43529412 0.89019608 0.96078431
v 0.05035340 -0.01164850 0.01101984 0.43529412 0.89019608 0.96078431
v 0.05035340 -0.01179057 0.01082564 0.43529412 0.89019608 0.96078431
v 0.05035340 -0.01189492 0.01061060 0.43529412 0.89019608 0.96078431
v 0.05035340 -0.01195888 0.01038263 0.43529412 0.89019608 0.96078431
v 0.05060203 -0.01191579 0.00577635 0.43529412 0.89019608 0.96078431
v 0.05035340 -0.01198043 0.01014621 0.43529412 0.89019608 0.96078431
v -0.04943657 -0.00572569 0.01120391 0.43529412 0.89019608 0.96078431
v -0.00140134 -0.00512513 0.01105924 0.43529412 0.89019608 0.96078431
v -0.04961559 -0.01148826 0.00577635 0.43529412 0.89019608 0.96078431
v -0.04943657 -0.01166534 0.01014621 0.43529412 0.89019608 0.96078431
v -0.04941669 -0.01166534 0.01029988 0.43529412 0.89019608 0.96078431
v -0.04937690 -0.01166534 0.01044961 0.43529412 0.89019608 0.96078431
v -0.04929734 -0.01166534 0.01058978 0.43529412 0.89019608 0.96078431
v -0.04919789 -0.01166534 0.01071643 0.43529412 0.89019608 0.96078431
v -0.04934707 -0.01148826 0.01082564 0.43529412 0.89019608 0.96078431
v -0.04929734 -0.01128224 0.01106206 0.43529412 0.89019608 0.96078431
v -0.04937690 -0.01105467 0.01113974 0.43529412 0.89019608 0.96078431
v -0.04941669 -0.01081229 0.01118759 0.43529412 0.89019608 0.96078431
v -0.04943657 -0.01056184 0.01120391 0.43529412 0.89019608 0.96078431
v 0.05035340 -0.00512513 0.01150507 0.43529412 0.89019608 0.96078431
v 0.05028378 -0.00512513 0.01151126 0.43529412 0.89019608 0.96078431
v 0.05008488 -0.01056184 0.01152702 0.43529412 0.89019608 0.96078431
v 0.05008488 -0.01081229 0.01150507 0.43529412 0.89019608 0.96078431
v 0.05008488 -0.01105467 0.01144371 0.43529412 0.89019608 0.96078431
v 0.05008488 -0.01128224 0.01134182 0.43529412 0.89019608 0.96078431
v 0.05008488 -0.01148759 0.01120391 0.43529412 0.89019608 0.96078431
v 0.05008488 -0.01166534 0.01103391 0.43529412 0.89019608 0.96078431
v 0.05008488 -0.01180942 0.01083633 0.43529412 0.89019608 0.96078431
v 0.05008488 -0.01191579 0.01061849 0.43529412 0.89019608 0.96078431
v 0.05008488 -0.01198043 0.01038544 0.43529412 0.89019608 0.96078431
v 0.05008488 -0.01200265 0.01014621 0.43529412 0.89019608 0.96078431
v 0.05035340 -0.01198043 0.00577635 0.43529412 0.89019608 0.96078431
v -0.04921778 -0.00572569 0.01134182 0.43529412 0.89019608 0.96078431
v -0.00121238 -0.00512513 0.01122080 0.43529412 0.89019608 0.96078431
v -0.04943657 -0.01166534 0.00577635 0.43529412 0.89019608 0.96078431
v -0.04921778 -0.01180942 0.01014621 0.43529412 0.89019608 0.96078431
v -0.04919789 -0.01180942 0.01026554 0.43529412 0.89019608 0.96078431
v -0.04916806 -0.01180942 0.01038263 0.43529412 0.89019608 0.96078431
v -0.04910838 -0.01180942 0.01049070 0.43529412 0.89019608 0.96078431
v -0.04903877 -0.01180942 0.01058978 0.43529412 0.89019608 0.96078431
v -0.04907855 -0.01166534 0.01082564 0.43529412 0.89019608 0.96078431
v -0.04919789 -0.01148826 0.01095623 0.43529412 0.89019608 0.96078431
v -0.04903877 -0.01148826 0.01106206 0.43529412 0.89019608 0.96078431
v -0.04910838 -0.01128224 0.01118139 0.43529412 0.89019608 0.96078431
v -0.04916806 -0.01105467 0.01126977 0.43529412 0.89019608 0.96078431
v -0.04919789 -0.01081229 0.01132381 0.43529412 0.89019608 0.96078431
v -0.04921778 -0.01056184 0.01134182 0.43529412 0.89019608 0.96078431
v 0.05008488 -0.00512513 0.01152702 0.43529412 0.89019608 0.96078431
v 0.03776280 -0.01065609 0.01151914 0.43529412 0.89019608 0.96078431
v -0.04845200 -0.01056184 0.01152702 0.43529412 0.89019608 0.96078431
v -0.01187362 -0.01084326 0.01149775 0.43529412 0.89019608 0.96078431
v 0.02544071 -0.01074968 0.01151126 0.43529412 0.89019608 0.96078431
v -0.01187362 -0.01078200 0.01150844 0.43529412 0.89019608 0.96078431
v -0.04845200 -0.01081229 0.01150507 0.43529412 0.89019608 0.96078431
v 0.03776280 -0.01125396 0.01135477 0.43529412 0.89019608 0.96078431
v -0.03612992 -0.01090386 0.01148255 0.43529412 0.89019608 0.96078431
v -0.01188356 -0.01096513 0.01146679 0.43529412 0.89019608 0.96078431
v -0.04845200 -0.01105467 0.01144371 0.43529412 0.89019608 0.96078431
v -0.01188356 -0.01113951 0.01140599 0.43529412 0.89019608 0.96078431
v 0.03776280 -0.01141084 0.01125570 0.43529412 0.89019608 0.96078431
v -0.01188356 -0.01125531 0.01135421 0.43529412 0.89019608 0.96078431
v -0.04845200 -0.01128224 0.01134182 0.43529412 0.89019608 0.96078431
v -0.02381778 -0.01133408 0.01130749 0.43529412 0.89019608 0.96078431
v -0.03612992 -0.01141151 0.01125570 0.43529412 0.89019608 0.96078431
v -0.01188356 -0.01148826 0.01120391 0.43529412 0.89019608 0.96078431
v -0.01188356 -0.01160003 0.01109696 0.43529412 0.89019608 0.96078431
v -0.04845200 -0.01166534 0.01103391 0.43529412 0.89019608 0.96078431
v -0.01188356 -0.01171920 0.01096073 0.43529412 0.89019608 0.96078431
v 0.03776280 -0.01182288 0.01080931 0.43529412 0.89019608 0.96078431
v -0.02381778 -0.01177373 0.01088587 0.43529412 0.89019608 0.96078431
v -0.04845200 -0.01180942 0.01083633 0.43529412 0.89019608 0.96078431
v -0.01188356 -0.01182356 0.01080819 0.43529412 0.89019608 0.96078431
v 0.03776280 -0.01197235 0.01041528 0.43529412 0.89019608 0.96078431
v -0.02381778 -0.01183635 0.01078229 0.43529412 0.89019608 0.96078431
v -0.03612992 -0.01190300 0.01064494 0.43529412 0.89019608 0.96078431
v -0.04845200 -0.01191579 0.01061849 0.43529412 0.89019608 0.96078431
v -0.01188356 -0.01192455 0.01058865 0.43529412 0.89019608 0.96078431
v -0.03612992 -0.01197302 0.01041528 0.43529412 0.89019608 0.96078431
v -0.01188356 -0.01198110 0.01038544 0.43529412 0.89019608 0.96078431
v 0.05008488 -0.01200265 0.00577635 0.43529412 0.89019608 0.96078431
v -0.02381778 -0.01198649 0.01032634 0.43529412 0.89019608 0.96078431
v -0.02381778 -0.01199726 0.01020644 0.43529412 0.89019608 0.96078431
v -0.04845200 -0.01200265 0.01014621 0.43529412 0.89019608 0.96078431
v -0.04897910 -0.00572569 0.01144371 0.43529412 0.89019608 0.96078431
v -0.00100353 -0.00512513 0.01135139 0.43529412 0.89019608 0.96078431
v -0.04921778 -0.01180942 0.00577635 0.43529412 0.89019608 0.96078431
v -0.04897910 -0.01191579 0.01014621 0.43529412 0.89019608 0.96078431
v -0.04896915 -0.01191579 0.01022783 0.43529412 0.89019608 0.96078431
v -0.04893931 -0.01191579 0.01030776 0.43529412 0.89019608 0.96078431
v -0.04889954 -0.01191579 0.01038263 0.43529412 0.89019608 0.96078431
v -0.04884981 -0.01191579 0.01044961 0.43529412 0.89019608 0.96078431
v -0.04879014 -0.01191579 0.01050759 0.43529412 0.89019608 0.96078431
v -0.04893931 -0.01180942 0.01067534 0.43529412 0.89019608 0.96078431
v -0.04893931 -0.01166534 0.01091401 0.43529412 0.89019608 0.96078431
v -0.04879014 -0.01166534 0.01097931 0.43529412 0.89019608 0.96078431
v -0.04884981 -0.01148826 0.01113974 0.43529412 0.89019608 0.96078431
v -0.04889954 -0.01128224 0.01126977 0.43529412 0.89019608 0.96078431
v -0.04893931 -0.01105467 0.01136490 0.43529412 0.89019608 0.96078431
v -0.04896915 -0.01081229 0.01142401 0.43529412 0.89019608 0.96078431
v -0.04897910 -0.01056184 0.01144371 0.43529412 0.89019608 0.96078431
v -0.00025764 -0.00512513 0.01152702 0.43529412 0.89019608 0.96078431
v -0.02381778 -0.01075035 0.01151126 0.43529412 0.89019608 0.96078431
v -0.04845200 -0.00572569 0.01152702 0.43529412 0.89019608 0.96078431
v -0.04866085 -0.00572569 0.01151070 0.43529412 0.89019608 0.96078431
v -0.04872052 -0.01056184 0.01150507 0.43529412 0.89019608 0.96078431
v -0.04871058 -0.01081229 0.01148480 0.43529412 0.89019608 0.96078431
v -0.03612992 -0.01078132 0.01150844 0.43529412 0.89019608 0.96078431
v -0.01188356 -0.01084326 0.01149775 0.43529412 0.89019608 0.96078431
v -0.01188356 -0.01078200 0.01150844 0.43529412 0.89019608 0.96078431
v -0.04870063 -0.01105467 0.01142401 0.43529412 0.89019608 0.96078431
v -0.04868074 -0.01128224 0.01132381 0.43529412 0.89019608 0.96078431
v -0.03612992 -0.01125396 0.01135477 0.43529412 0.89019608 0.96078431
v -0.04845200 -0.01148826 0.01120391 0.43529412 0.89019608 0.96078431
v -0.03612992 -0.01159935 0.01109752 0.43529412 0.89019608 0.96078431
v -0.04865091 -0.01148826 0.01118759 0.43529412 0.89019608 0.96078431
v -0.04862107 -0.01166534 0.01101984 0.43529412 0.89019608 0.96078431
v -0.04858129 -0.01180942 0.01082564 0.43529412 0.89019608 0.96078431
v -0.04854150 -0.01191579 0.01061060 0.43529412 0.89019608 0.96078431
v -0.04850173 -0.01198110 0.01038263 0.43529412 0.89019608 0.96078431
v -0.04845200 -0.01198110 0.01038544 0.43529412 0.89019608 0.96078431
v -0.02381778 -0.01193263 0.01055994 0.43529412 0.89019608 0.96078431
v -0.04845200 -0.01200265 0.00577635 0.43529412 0.89019608 0.96078431
v -0.04854150 -0.01198110 0.01037081 0.43529412 0.89019608 0.96078431
v -0.04858129 -0.01198110 0.01035336 0.43529412 0.89019608 0.96078431
v -0.04862107 -0.01198110 0.01033028 0.43529412 0.89019608 0.96078431
v -0.04865091 -0.01198110 0.01029988 0.43529412 0.89019608 0.96078431
v -0.04868074 -0.01198110 0.01026554 0.43529412 0.89019608 0.96078431
v -0.04870063 -0.01198110 0.01022783 0.43529412 0.89019608 0.96078431
v -0.04871058 -0.01198110 0.01018786 0.43529412 0.89019608 0.96078431
v -0.04872052 -0.01198110 0.01014621 0.43529412 0.89019608 0.96078431
v -0.04878020 -0.00572569 0.01149099 0.43529412 0.89019608 0.96078431
v -0.00055600 -0.00512513 0.01149831 0.43529412 0.89019608 0.96078431
v -0.00076485 -0.00512513 0.01144821 0.43529412 0.89019608 0.96078431
v -0.04897910 -0.01191579 0.00577635 0.43529412 0.89019608 0.96078431
v -0.04871058 -0.01191579 0.01055544 0.43529412 0.89019608 0.96078431
v -0.04882992 -0.01180942 0.01074401 0.43529412 0.89019608 0.96078431
v -0.04871058 -0.01180942 0.01079468 0.43529412 0.89019608 0.96078431
v -0.00051622 -0.00512513 0.01150619 0.43529412 0.89019608 0.96078431
v -0.04872052 -0.00572569 0.01150507 0.43529412 0.89019608 0.96078431
v -0.04863102 -0.01191579 0.01058978 0.43529412 0.89019608 0.96078431
v -0.04872052 -0.01198110 0.00577635 0.43529412 0.89019608 0.96078431
f 159 160 164
f 159 164 161
f 159 161 175
f 159 175 188
f 159 188 203
f 159 203 219
f 159 219 239
f 159 239 259
f 159 259 283
f 159 283 285
f 159 285 312
f 159 312 338
f 159 338 389
f 159 389 437
f 159 437 436
f 159 436 442
f 159 442 405
f 159 405 352
f 159 352 325
f 159 325 324
f 159 324 299
f 159 299 298
f 159 298 297
f 159 297 269
f 159 269 247
f 159 247 227
f 159 227 225
f 159 225 207
f 159 207 191
f 159 191 176
f 159 176 162
f 159 162 165
f 159 165 160
f 160 163 164
f 160 165 166
f 160 166 167
f 160 167 168
f 160 168 169
f 160 169 170
f 160 170 171
f 160 171 172
f 160 172 173
f 160 173 174
f 160 174 163
f 161 164 163
f 161 163 177
f 161 177 192
f 161 192 208
f 161 208 226
f 161 226 237
f 161 237 257
f 161 257 280
f 161 280 282
f 161 282 281
f 161 281 309
f 161 309 336
f 161 336 384
f 161 384 426
f 161 426 445
f 161 445 438
f 161 438 390
f 161 390 339
f 161 339 313
f 161 313 287
f 161 287 286
f 161 286 261
f 161 261 242
f 161 242 241
f 161 241 220
f 161 220 204
f 161 204 189
f 161 189 175
f 162 176 165
f 163 174 177
f 165 176 178
f 165 178 166
f 166 178 179
f 166 179 180
f 166 180 167
f 167 180 168
f 168 180 181
f 168 181 169
f 169 181 182
f 169 182 183
f 169 183 170
f 170 183 184
f 170 184 171
f 171 184 185
f 171 185 172
f 172 185 173
f 173 185 186
f 173 186 174
f 174 186 187
f 174 187 192
f 174 192 177
f 175 189 190
f 175 190 188
f 176 191 178
f 178 191 207
f 178 207 193
f 178 193 194
f 178 194 179
f 179 194 180
f 180 194 195
f 180 195 181
f 181 195 196
f 181 196 197
f 181 197 182
f 182 197 183
f 183 197 198
f 183 198 184
f 184 198 199
f 184 199 200
f 184 200 185
f 185 200 201
f 185 201 186
f 186 201 187
f 187 201 202
f 187 202 208
f 187 208 192
f 188 190 203
f 189 204 205
f 189 205 190
f 190 205 206
f 190 206 203
f 193 207 225
f 193 225 209
f 193 209 194
f 194 209 210
f 194 210 195
f 195 210 211
f 195 211 196
f 196 211 212
f 196 212 197
f 197 212 213
f 197 213 214
f 197 214 198
f 198 214 215
f 198 215 199
f 199 215 200
f 200 215 216
f 200 216 201
f 201 216 217
f 201 217 218
f 201 218 202
f 202 218 226
f 202 226 208
f 203 206 219
f 204 220 205
f 205 220 221
f 205 221 222
f 205 222 223
f 205 223 206
f 206 223 224
f 206 224 219
f 209 225 227
f 209 227 228
f 209 228 229
f 209 229 210
f 210 229 230
f 210 230 211
f 211 230 231
f 211 231 212
f 212 231 213
f 213 231 232
f 213 232 214
f 214 232 233
f 214 233 234
f 214 234 215
f 215 234 235
f 215 235 216
f 216 235 236
f 216 236 217
f 217 236 218
f 218 237 226
f 218 236 238
f 218 238 237
f 219 224 240
f 219 240 239
f 220 241 221
f 221 242 243
f 221 243 222
f 221 241 242
f 222 243 244
f 222 244 245
f 222 245 246
f 222 246 223
f 223 246 240
f 223 240 224
f 227 247 228
f 228 247 269
f 228 269 248
f 228 248 249
f 228 249 229
f 229 249 250
f 229 250 230
f 230 250 231
f 231 250 251
f 231 251 252
f 231 252 232
f 232 252 233
f 233 252 253
f 233 253 254
f 233 254 234
f 234 254 235
f 235 254 255
f 235 255 236
f 236 255 256
f 236 256 238
f 237 238 257
f 238 256 258
f 238 258 280
f 238 280 257
f 239 240 260
f 239 260 259
f 240 246 268
f 240 268 260
f 242 261 243
f 243 261 286
f 243 286 262
f 243 262 244
f 244 262 263
f 244 263 264
f 244 264 265
f 244 265 245
f 245 265 266
f 245 266 267
f 245 267 268
f 245 268 246
f 248 269 297
f 248 297 270
f 248 270 249
f 249 270 271
f 249 271 250
f 250 271 272
f 250 272 273
f 250 273 251
f 251 273 252
f 252 273 274
f 252 274 275
f 252 275 253
f 253 275 254
f 254 275 276
f 254 276 277
f 254 277 255
f 255 277 256
f 256 277 278
f 256 278 279
f 256 279 258
f 258 279 281
f 258 281 282
f 258 282 280
f 259 260 283
f 260 268 296
f 260 296 284
f 260 284 285
f 260 285 283
f 262 287 288
f 262 288 289
f 262 289 263
f 262 286 287
f 263 289 264
f 264 266 265
f 264 289 290
f 264 290 291
f 264 291 292
f 264 292 266
f 266 292 293
f 266 293 294
f 266 294 295
f 266 295 267
f 267 295 268
f 268 295 296
f 270 297 298
f 270 298 299
f 270 299 300
f 270 300 301
f 270 301 271
f 271 301 302
f 271 302 272
f 272 302 273
f 273 302 303
f 273 303 274
f 274 303 304
f 274 304 305
f 274 305 275
f 275 305 276
f 276 305 306
f 276 306 277
f 277 306 307
f 277 307 308
f 277 308 278
f 278 308 279
f 279 309 281
f 279 308 310
f 279 310 336
f 279 336 309
f 284 296 323
f 284 323 311
f 284 311 312
f 284 312 285
f 287 313 288
f 288 313 339
f 288 339 314
f 288 314 289
f 289 314 315
f 289 315 316
f 289 316 290
f 290 316 291
f 291 316 317
f 291 317 318
f 291 318 319
f 291 319 293
f 291 293 292
f 293 319 320
f 293 320 321
f 293 321 294
f 294 321 295
f 295 321 322
f 295 322 323
f 295 323 296
f 299 324 300
f 300 324 325
f 300 325 326
f 300 326 301
f 301 326 327
f 301 327 328
f 301 328 302
f 302 328 303
f 303 328 329
f 303 329 330
f 303 330 304
f 304 330 331
f 304 331 305
f 305 331 306
f 306 331 332
f 306 332 333
f 306 333 307
f 307 333 308
f 308 333 334
f 308 334 335
f 308 335 310
f 310 335 384
f 310 384 336
f 311 323 351
f 311 351 337
f 311 337 338
f 311 338 312
f 314 339 390
f 314 390 340
f 314 340 315
f 315 340 341
f 315 341 342
f 315 342 316
f 316 342 343
f 316 343 317
f 317 343 344
f 317 344 318
f 318 344 345
f 318 345 319
f 319 345 346
f 319 346 320
f 320 346 347
f 320 347 348
f 320 348 321
f 321 348 349
f 321 349 350
f 321 350 322
f 322 350 351
f 322 351 323
f 325 352 326
f 326 353 327
f 326 352 405
f 326 405 407
f 326 407 354
f 326 354 406
f 326 406 353
f 327 355 328
f 327 353 356
f 327 356 357
f 327 357 413
f 327 413 358
f 327 358 412
f 327 412 355
f 328 359 329
f 328 355 360
f 328 360 361
f 328 361 362
f 328 362 363
f 328 363 359
f 329 364 330
f 329 359 365
f 329 365 366
f 329 366 367
f 329 367 368
f 329 368 364
f 330 364 369
f 330 369 331
f 331 369 370
f 331 370 371
f 331 371 372
f 331 372 332
f 332 373 333
f 332 372 374
f 332 374 375
f 332 375 376
f 332 376 373
f 333 377 334
f 333 373 378
f 333 378 379
f 333 379 380
f 333 380 381
f 333 381 382
f 333 382 383
f 333 383 377
f 334 377 383
f 334 383 335
f 335 383 385
f 335 385 386
f 335 386 387
f 335 387 426
f 335 426 384
f 337 351 404
f 337 404 388
f 337 388 389
f 337 389 338
f 340 390 438
f 340 438 391
f 340 391 392
f 340 392 341
f 341 392 342
f 342 392 393
f 342 393 394
f 342 394 343
f 343 394 344
f 344 394 395
f 344 395 396
f 344 396 397
f 344 397 345
f 345 397 398
f 345 398 347
f 345 347 346
f 347 398 399
f 347 399 400
f 347 400 401
f 347 401 348
f 348 401 349
f 349 401 402
f 349 402 403
f 349 403 350
f 350 403 351
f 351 403 404
f 353 406 356
f 354 407 408
f 354 408 409
f 354 409 410
f 354 410 358
f 354 358 411
f 354 411 406
f 355 412 360
f 356 406 357
f 357 406 413
f 358 413 411
f 358 410 362
f 358 362 360
f 358 360 412
f 359 363 365
f 360 362 361
f 362 410 414
f 362 414 415
f 362 415 366
f 362 366 416
f 362 416 363
f 363 416 365
f 364 368 369
f 365 416 366
f 366 415 417
f 366 417 368
f 366 368 367
f 368 417 369
f 369 417 370
f 370 417 418
f 370 418 371
f 371 418 417
f 371 417 419
f 371 419 420
f 371 420 421
f 371 421 375
f 371 375 374
f 371 374 372
f 373 376 378
f 375 421 380
f 375 380 378
f 375 378 376
f 378 380 379
f 380 421 422
f 380 422 423
f 380 423 424
f 380 424 382
f 380 382 425
f 380 425 381
f 381 425 382
f 382 424 383
f 383 424 385
f 385 424 387
f 385 387 386
f 387 424 423
f 387 423 427
f 387 427 428
f 387 428 429
f 387 429 430
f 387 430 431
f 387 431 432
f 387 432 433
f 387 433 434
f 387 434 445
f 387 445 426
f 388 404 435
f 388 435 436
f 388 436 437
f 388 437 389
f 391 438 445
f 391 445 434
f 391 434 392
f 392 434 433
f 392 433 432
f 392 432 393
f 393 432 431
f 393 431 394
f 394 431 395
f 395 431 430
f 395 430 429
f 395 429 396
f 396 439 440
f 396 440 397
f 396 429 439
f 397 440 398
f 398 440 399
f 399 440 441
f 399 441 420
f 399 420 419
f 399 419 400
f 400 419 415
f 400 415 401
f 401 415 414
f 401 414 402
f 402 414 403
f 403 414 410
f 403 410 409
f 403 409 404
f 404 409 435
f 405 442 408
f 405 408 407
f 406 411 413
f 408 442 443
f 408 443 409
f 409 443 435
f 415 419 417
f 420 441 421
f 421 441 444
f 421 444 422
f 422 444 423
f 423 444 427
f 427 444 439
f 427 439 428
f 428 439 429
f 435 443 436
f 436 443 442
f 439 444 440
f 440 444 441

o geometry_3
v -0.01188356 0.01200332 0.01014621 0.38039216 0.78823529 0.52549020
v -0.01188356 0.01200332 0.00577635 0.38039216 0.78823529 0.52549020
v -0.04845200 0.01200332 0.01014621 0.38039216 0.78823529 0.52549020
v 0.02544071 0.01199779 0.01020644 0.38039216 0.78823529 0.52549020
v 0.05008488 0.01200271 0.01014621 0.38039216 0.78823529 0.52549020
v -0.04845200 0.01200332 0.00577635 0.38039216 0.78823529 0.52549020
v 0.05008488 0.01200271 0.00577635 0.38039216 0.78823529 0.52549020
v -0.04845200 0.01198121 0.01038544 0.38039216 0.78823529 0.52549020
v -0.02381778 0.01199779 0.01020644 0.38039216 0.78823529 0.52549020
v -0.04872052 0.01198121 0.01014621 0.38039216 0.78823529 0.52549020
v 0.02544071 0.01198674 0.01032634 0.38039216 0.78823529 0.52549020
v 0.05008488 0.01198121 0.01038544 0.38039216 0.78823529 0.52549020
v 0.05035340 0.01198121 0.01014621 0.38039216 0.78823529 0.52549020
v 0.05016444 0.01199657 0.00577635 0.38039216 0.78823529 0.52549020
v -0.04872052 0.01198121 0.00577635 0.38039216 0.78823529 0.52549020
v -0.04871058 0.01195972 0.01038544 0.38039216 0.78823529 0.52549020
v -0.04870063 0.01189586 0.01061849 0.38039216 0.78823529 0.52549020
v -0.04845200 0.01191612 0.01061849 0.38039216 0.78823529 0.52549020
v -0.03612992 0.01197323 0.01041528 0.38039216 0.78823529 0.52549020
v -0.04896915 0.01189586 0.01038544 0.38039216 0.78823529 0.52549020
v -0.04897910 0.01191612 0.01014621 0.38039216 0.78823529 0.52549020
v 0.03776280 0.01197323 0.01041528 0.38039216 0.78823529 0.52549020
v 0.05008488 0.01191612 0.01061849 0.38039216 0.78823529 0.52549020
v 0.05035340 0.01195972 0.01038263 0.38039216 0.78823529 0.52549020
v 0.05060203 0.01191612 0.01014621 0.38039216 0.78823529 0.52549020
v 0.05035340 0.01198121 0.00577635 0.38039216 0.78823529 0.52549020
v 0.05029373 0.01198613 0.00577635 0.38039216 0.78823529 0.52549020
v -0.04897910 0.01191612 0.00577635 0.38039216 0.78823529 0.52549020
v -0.04893931 0.01183445 0.01061849 0.38039216 0.78823529 0.52549020
v -0.04889954 0.01173497 0.01083633 0.38039216 0.78823529 0.52549020
v -0.04868074 0.01179085 0.01083633 0.38039216 0.78823529 0.52549020
v -0.01188356 0.01192410 0.01059034 0.38039216 0.78823529 0.52549020
v -0.02381778 0.01193270 0.01055994 0.38039216 0.78823529 0.52549020
v -0.04845200 0.01180927 0.01083633 0.38039216 0.78823529 0.52549020
v -0.03612992 0.01182339 0.01080931 0.38039216 0.78823529 0.52549020
v 0.02544071 0.01188971 0.01067309 0.38039216 0.78823529 0.52549020
v -0.04921778 0.01180927 0.01014621 0.38039216 0.78823529 0.52549020
v -0.04919789 0.01179085 0.01038544 0.38039216 0.78823529 0.52549020
v -0.04916806 0.01173497 0.01061849 0.38039216 0.78823529 0.52549020
v 0.03776280 0.01194068 0.01053123 0.38039216 0.78823529 0.52549020
v 0.03776280 0.01182339 0.01080931 0.38039216 0.78823529 0.52549020
v 0.05008488 0.01180988 0.01083633 0.38039216 0.78823529 0.52549020
v 0.05035340 0.01179085 0.01082564 0.38039216 0.78823529 0.52549020
v 0.05035340 0.01189524 0.01061060 0.38039216 0.78823529 0.52549020
v -0.01187362 0.01192410 0.01059034 0.38039216 0.78823529 0.52549020
v 0.05060203 0.01183445 0.01058978 0.38039216 0.78823529 0.52549020
v 0.05060203 0.01189524 0.01037081 0.38039216 0.78823529 0.52549020
v 0.05066170 0.01189340 0.00577635 0.38039216 0.78823529 0.52549020
v 0.05060203 0.01191612 0.00577635 0.38039216 0.78823529 0.52549020
v 0.05085066 0.01179085 0.01035336 0.38039216 0.78823529 0.52549020
v 0.05085066 0.01180988 0.01014621 0.38039216 0.78823529 0.52549020
v -0.04921778 0.01180927 0.00577635 0.38039216 0.78823529 0.52549020
v -0.04884981 0.01159925 0.01103391 0.38039216 0.78823529 0.52549020
v -0.04910838 0.01164285 0.01083633 0.38039216 0.78823529 0.52549020
v -0.04903877 0.01151758 0.01103391 0.38039216 0.78823529 0.52549020
v -0.04865091 0.01164899 0.01103391 0.38039216 0.78823529 0.52549020
v -0.04845200 0.01166557 0.01103391 0.38039216 0.78823529 0.52549020
v -0.02381778 0.01177427 0.01088587 0.38039216 0.78823529 0.52549020
v -0.01187362 0.01180988 0.01083633 0.38039216 0.78823529 0.52549020
v -0.04943657 0.01166557 0.01014621 0.38039216 0.78823529 0.52549020
v -0.04941669 0.01164899 0.01038544 0.38039216 0.78823529 0.52549020
v -0.04937690 0.01159925 0.01061849 0.38039216 0.78823529 0.52549020
v 0.05008488 0.01166557 0.01103391 0.38039216 0.78823529 0.52549020
v -0.01188356 0.01175462 0.01091289 0.38039216 0.78823529 0.52549020
v 0.05035340 0.01164899 0.01101984 0.38039216 0.78823529 0.52549020
v 0.05060203 0.01173435 0.01079468 0.38039216 0.78823529 0.52549020
v 0.05085066 0.01164224 0.01074401 0.38039216 0.78823529 0.52549020
v 0.05085066 0.01173435 0.01055544 0.38039216 0.78823529 0.52549020
v 0.05080093 0.01183260 0.00577635 0.38039216 0.78823529 0.52549020
v 0.05106946 0.01164899 0.01033028 0.38039216 0.78823529 0.52549020
v 0.05085066 0.01180988 0.00577635 0.38039216 0.78823529 0.52549020
v 0.05106946 0.01166557 0.01014621 0.38039216 0.78823529 0.52549020
v -0.04943657 0.01166557 0.00577635 0.38039216 0.78823529 0.52549020
v -0.04879014 0.01143283 0.01120391 0.38039216 0.78823529 0.52549020
v -0.04929734 0.01151758 0.01083633 0.38039216 0.78823529 0.52549020
v -0.04919789 0.01140766 0.01103391 0.38039216 0.78823529 0.52549020
v -0.04907855 0.01127133 0.01120391 0.38039216 0.78823529 0.52549020
v -0.04893931 0.01136467 0.01120391 0.38039216 0.78823529 0.52549020
v -0.04862107 0.01147398 0.01120391 0.38039216 0.78823529 0.52549020
v -0.04845200 0.01148872 0.01120391 0.38039216 0.78823529 0.52549020
v -0.04961559 0.01148872 0.01014621 0.38039216 0.78823529 0.52549020
v -0.04960565 0.01147398 0.01038544 0.38039216 0.78823529 0.52549020
v -0.04954597 0.01143283 0.01061849 0.38039216 0.78823529 0.52549020
v -0.04946641 0.01136467 0.01083633 0.38039216 0.78823529 0.52549020
v 0.05008488 0.01148810 0.01120391 0.38039216 0.78823529 0.52549020
v 0.05035340 0.01147398 0.01118759 0.38039216 0.78823529 0.52549020
v -0.01188356 0.01148872 0.01120391 0.38039216 0.78823529 0.52549020
v 0.05060203 0.01143283 0.01113974 0.38039216 0.78823529 0.52549020
v 0.05060203 0.01159925 0.01097931 0.38039216 0.78823529 0.52549020
v 0.05085066 0.01151758 0.01091401 0.38039216 0.78823529 0.52549020
v 0.05106946 0.01140766 0.01082564 0.38039216 0.78823529 0.52549020
v 0.05106946 0.01151758 0.01067534 0.38039216 0.78823529 0.52549020
v 0.05106946 0.01159925 0.01050759 0.38039216 0.78823529 0.52549020
v 0.05124847 0.01143283 0.01044961 0.38039216 0.78823529 0.52549020
v 0.05124847 0.01147398 0.01029988 0.38039216 0.78823529 0.52549020
v 0.05124847 0.01148810 0.01014621 0.38039216 0.78823529 0.52549020
v 0.05106946 0.01166557 0.00577635 0.38039216 0.78823529 0.52549020
v 0.05121863 0.01152618 0.00577635 0.38039216 0.78823529 0.52549020
v -0.04961559 0.01148872 0.00577635 0.38039216 0.78823529 0.52549020
v -0.04882992 0.01118597 0.01134182 0.38039216 0.78823529 0.52549020
v -0.04871058 0.01123940 0.01134182 0.38039216 0.78823529 0.52549020
v -0.04858129 0.01127133 0.01134182 0.38039216 0.78823529 0.52549020
v -0.04934707 0.01127133 0.01103391 0.38039216 0.78823529 0.52549020
v -0.04903877 0.01102570 0.01134182 0.38039216 0.78823529 0.52549020
v -0.04893931 0.01111351 0.01134182 0.38039216 0.78823529 0.52549020
v -0.04919789 0.01115772 0.01120391 0.38039216 0.78823529 0.52549020
v -0.04845200 0.01128238 0.01134182 0.38039216 0.78823529 0.52549020
v -0.01187362 0.01135914 0.01129060 0.38039216 0.78823529 0.52549020
v 0.02544071 0.01133397 0.01130749 0.38039216 0.78823529 0.52549020
v -0.04977471 0.01128238 0.01014621 0.38039216 0.78823529 0.52549020
v -0.04975482 0.01127133 0.01038544 0.38039216 0.78823529 0.52549020
v -0.04969515 0.01123940 0.01061849 0.38039216 0.78823529 0.52549020
v -0.04959570 0.01118597 0.01083633 0.38039216 0.78823529 0.52549020
v -0.04946641 0.01111351 0.01103391 0.38039216 0.78823529 0.52549020
v 0.05008488 0.01128238 0.01134182 0.38039216 0.78823529 0.52549020
v 0.05035340 0.01127194 0.01132381 0.38039216 0.78823529 0.52549020
v 0.05060203 0.01123940 0.01126977 0.38039216 0.78823529 0.52549020
v 0.05085066 0.01136406 0.01106206 0.38039216 0.78823529 0.52549020
v 0.05106946 0.01127194 0.01095623 0.38039216 0.78823529 0.52549020
v 0.05124847 0.01127194 0.01071643 0.38039216 0.78823529 0.52549020
v 0.05124847 0.01136406 0.01058978 0.38039216 0.78823529 0.52549020
v 0.05140759 0.01123940 0.01038263 0.38039216 0.78823529 0.52549020
v 0.05140759 0.01127194 0.01026554 0.38039216 0.78823529 0.52549020
v 0.05124847 0.01148810 0.00577635 0.38039216 0.78823529 0.52549020
v 0.05140759 0.01128238 0.01014621 0.38039216 0.78823529 0.52549020
v -0.04977471 0.01128238 0.00577635 0.38039216 0.78823529 0.52549020
v -0.04879014 0.01093972 0.01144371 0.38039216 0.78823529 0.52549020
v -0.04871058 0.01098946 0.01144371 0.38039216 0.78823529 0.52549020
v -0.04863102 0.01102570 0.01144371 0.38039216 0.78823529 0.52549020
v -0.04854150 0.01104780 0.01144371 0.38039216 0.78823529 0.52549020
v -0.04929734 0.01102570 0.01120391 0.38039216 0.78823529 0.52549020
v -0.04910838 0.01092192 0.01134182 0.38039216 0.78823529 0.52549020
v -0.04889954 0.01080892 0.01144371 0.38039216 0.78823529 0.52549020
v -0.04884981 0.01087954 0.01144371 0.38039216 0.78823529 0.52549020
v -0.04845200 0.01105456 0.01144371 0.38039216 0.78823529 0.52549020
v -0.03612992 0.01119764 0.01138010 0.38039216 0.78823529 0.52549020
v -0.03612992 0.01125414 0.01135477 0.38039216 0.78823529 0.52549020
v -0.04988411 0.01105456 0.01014621 0.38039216 0.78823529 0.52549020
v -0.04986422 0.01104780 0.01038544 0.38039216 0.78823529 0.52549020
v -0.04969515 0.01098946 0.01083633 0.38039216 0.78823529 0.52549020
v -0.04979460 0.01102570 0.01061849 0.38039216 0.78823529 0.52549020
v -0.04937690 0.01087954 0.01120391 0.38039216 0.78823529 0.52549020
v -0.04954597 0.01093972 0.01103391 0.38039216 0.78823529 0.52549020
v 0.03776280 0.01125414 0.01135477 0.38039216 0.78823529 0.52549020
v 0.05008488 0.01105456 0.01144371 0.38039216 0.78823529 0.52549020
v 0.05035340 0.01104719 0.01142401 0.38039216 0.78823529 0.52549020
v 0.05060203 0.01102508 0.01136490 0.38039216 0.78823529 0.52549020
v 0.05085066 0.01098885 0.01126977 0.38039216 0.78823529 0.52549020
v 0.05085066 0.01118597 0.01118139 0.38039216 0.78823529 0.52549020
v 0.05106946 0.01111412 0.01106206 0.38039216 0.78823529 0.52549020
v 0.05124847 0.01115772 0.01082564 0.38039216 0.78823529 0.52549020
v 0.05140759 0.01102508 0.01067534 0.38039216 0.78823529 0.52549020
v 0.05140759 0.01111412 0.01058978 0.38039216 0.78823529 0.52549020
v 0.05140759 0.01118597 0.01049070 0.38039216 0.78823529 0.52549020
v 0.05151699 0.01098885 0.01038263 0.38039216 0.78823529 0.52549020
v 0.05151699 0.01102508 0.01030776 0.38039216 0.78823529 0.52549020
v 0.05151699 0.01104719 0.01022783 0.38039216 0.78823529 0.52549020
v 0.05151699 0.01105456 0.01014621 0.38039216 0.78823529 0.52549020
v 0.05140759 0.01128238 0.00577635 0.38039216 0.78823529 0.52549020
v -0.04988411 0.01105456 0.00577635 0.38039216 0.78823529 0.52549020
v -0.04862107 0.01075366 0.01150507 0.38039216 0.78823529 0.52549020
v -0.04858129 0.01077883 0.01150507 0.38039216 0.78823529 0.52549020
v -0.04854150 0.01079787 0.01150507 0.38039216 0.78823529 0.52549020
v -0.04850173 0.01080892 0.01150507 0.38039216 0.78823529 0.52549020
v -0.04916806 0.01080892 0.01134182 0.38039216 0.78823529 0.52549020
v -0.04893931 0.01073032 0.01144371 0.38039216 0.78823529 0.52549020
v -0.04868074 0.01068795 0.01150507 0.38039216 0.78823529 0.52549020
v -0.04865091 0.01072356 0.01150507 0.38039216 0.78823529 0.52549020
v -0.04845200 0.01081199 0.01150507 0.38039216 0.78823529 0.52549020
v -0.01188356 0.01084208 0.01149831 0.38039216 0.78823529 0.52549020
v -0.04990400 0.01100297 0.00577635 0.38039216 0.78823529 0.52549020
v -0.04995372 0.01081199 0.01014621 0.38039216 0.78823529 0.52549020
v -0.04993383 0.01080892 0.01038544 0.38039216 0.78823529 0.52549020
v -0.04986422 0.01079787 0.01061849 0.38039216 0.78823529 0.52549020
v -0.04975482 0.01077883 0.01083633 0.38039216 0.78823529 0.52549020
v -0.04960565 0.01075366 0.01103391 0.38039216 0.78823529 0.52549020
v -0.04941669 0.01072356 0.01120391 0.38039216 0.78823529 0.52549020
v -0.01187362 0.01084208 0.01149831 0.38039216 0.78823529 0.52549020
v 0.05008488 0.01081261 0.01150507 0.38039216 0.78823529 0.52549020
v 0.05035340 0.01080892 0.01148480 0.38039216 0.78823529 0.52549020
v 0.05060203 0.01079726 0.01142401 0.38039216 0.78823529 0.52549020
v 0.05085066 0.01077883 0.01132381 0.38039216 0.78823529 0.52549020
v 0.05106946 0.01075427 0.01118759 0.38039216 0.78823529 0.52549020
v 0.05106946 0.01093911 0.01113974 0.38039216 0.78823529 0.52549020
v 0.05124847 0.01087954 0.01097931 0.38039216 0.78823529 0.52549020
v 0.05124847 0.01102508 0.01091401 0.38039216 0.78823529 0.52549020
v 0.05140759 0.01092192 0.01074401 0.38039216 0.78823529 0.52549020
v 0.05151699 0.01080892 0.01055544 0.38039216 0.78823529 0.52549020
v 0.05151699 0.01087954 0.01050759 0.38039216 0.78823529 0.52549020
v 0.05151699 0.01093911 0.01044961 0.38039216 0.78823529 0.52549020
v 0.05158660 0.01075427 0.01029988 0.38039216 0.78823529 0.52549020
v 0.05158660 0.01077883 0.01026554 0.38039216 0.78823529 0.52549020
v 0.05158660 0.01079726 0.01022783 0.38039216 0.78823529 0.52549020
v 0.05158660 0.01080892 0.01018786 0.38039216 0.78823529 0.52549020
v 0.05151699 0.01105456 0.00577635 0.38039216 0.78823529 0.52549020
v 0.05158660 0.01081261 0.01014621 0.38039216 0.78823529 0.52549020
v -0.04845200 0.01056206 0.01152702 0.38039216 0.78823529 0.52549020
v -0.04919789 0.01068795 0.01134182 0.38039216 0.78823529 0.52549020
v -0.04896915 0.01064742 0.01144371 0.38039216 0.78823529 0.52549020
v -0.04870063 0.01064742 0.01150507 0.38039216 0.78823529 0.52549020
v -0.02381778 0.01074997 0.01151126 0.38039216 0.78823529 0.52549020
v -0.01149570 0.01078129 0.01150844 0.38039216 0.78823529 0.52549020
v -0.01187362 0.01081261 0.01150507 0.38039216 0.78823529 0.52549020
v -0.04995372 0.01081199 0.00577635 0.38039216 0.78823529 0.52549020
v -0.04996367 0.01075857 0.00577635 0.38039216 0.78823529 0.52549020
v -0.04998356 0.01056206 0.01014621 0.38039216 0.78823529 0.52549020
v -0.04995372 0.01056206 0.01038544 0.38039216 0.78823529 0.52549020
v -0.04988411 0.01056206 0.01061849 0.38039216 0.78823529 0.52549020
v -0.04977471 0.01056206 0.01083633 0.38039216 0.78823529 0.52549020
v -0.04961559 0.01056206 0.01103391 0.38039216 0.78823529 0.52549020
v -0.04943657 0.01056206 0.01120391 0.38039216 0.78823529 0.52549020
v -0.04921778 0.01056206 0.01134182 0.38039216 0.78823529 0.52549020
v 0.02544071 0.01074997 0.01151126 0.38039216 0.78823529 0.52549020
v 0.05008488 0.01056206 0.01152702 0.38039216 0.78823529 0.52549020
v 0.05035340 0.01056206 0.01150507 0.38039216 0.78823529 0.52549020
v 0.05060203 0.01056206 0.01144371 0.38039216 0.78823529 0.52549020
v 0.05085066 0.01056206 0.01134182 0.38039216 0.78823529 0.52549020
v 0.05106946 0.01056206 0.01120391 0.38039216 0.78823529 0.52549020
v 0.05124847 0.01056206 0.01103391 0.38039216 0.78823529 0.52549020
v 0.05124847 0.01072295 0.01101984 0.38039216 0.78823529 0.52549020
v 0.05140759 0.01080892 0.01079468 0.38039216 0.78823529 0.52549020
v 0.05151699 0.01073093 0.01058978 0.38039216 0.78823529 0.52549020
v 0.05158660 0.01064803 0.01037081 0.38039216 0.78823529 0.52549020
v 0.05158660 0.01068733 0.01035336 0.38039216 0.78823529 0.52549020
v 0.05158660 0.01072295 0.01033028 0.38039216 0.78823529 0.52549020
v 0.05161644 0.01056206 0.01014621 0.38039216 0.78823529 0.52549020
v 0.05158660 0.01081261 0.00577635 0.38039216 0.78823529 0.52549020
v 0.05159654 0.01075857 0.00577635 0.38039216 0.78823529 0.52549020
v -0.04871058 0.01060627 0.01150507 0.38039216 0.78823529 0.52549020
v -0.04872052 0.01056206 0.01150507 0.38039216 0.78823529 0.52549020
v -0.04866085 0.00572982 0.01151070 0.38039216 0.78823529 0.52549020
v -0.04845200 0.00572982 0.01152702 0.38039216 0.78823529 0.52549020
v -0.04897910 0.01056206 0.01144371 0.38039216 0.78823529 0.52549020
v -0.04998356 0.01056206 0.00577635 0.38039216 0.78823529 0.52549020
v -0.04998356 0.00572982 0.01014621 0.38039216 0.78823529 0.52549020
v -0.04996367 0.00572982 0.01033084 0.38039216 0.78823529 0.52549020
v -0.04995372 0.00572982 0.01038544 0.38039216 0.78823529 0.52549020
v -0.04988411 0.00572982 0.01061849 0.38039216 0.78823529 0.52549020
v -0.04977471 0.00572982 0.01083633 0.38039216 0.78823529 0.52549020
v -0.04961559 0.00572982 0.01103391 0.38039216 0.78823529 0.52549020
v -0.04943657 0.00572982 0.01120391 0.38039216 0.78823529 0.52549020
v -0.04921778 0.00572982 0.01134182 0.38039216 0.78823529 0.52549020
v 0.05008488 0.00573718 0.01152702 0.38039216 0.78823529 0.52549020
v 0.05035340 0.00573718 0.01150507 0.38039216 0.78823529 0.52549020
v 0.05055231 0.00573718 0.01145778 0.38039216 0.78823529 0.52549020
v 0.05060203 0.00573718 0.01144371 0.38039216 0.78823529 0.52549020
v 0.05085066 0.00573718 0.01134182 0.38039216 0.78823529 0.52549020
v 0.05106946 0.00573718 0.01120391 0.38039216 0.78823529 0.52549020
v 0.05124847 0.00573718 0.01103391 0.38039216 0.78823529 0.52549020
v 0.05128825 0.00573718 0.01098888 0.38039216 0.78823529 0.52549020
v 0.05140759 0.01056206 0.01083633 0.38039216 0.78823529 0.52549020
v 0.05140759 0.01068733 0.01082564 0.38039216 0.78823529 0.52549020
v 0.05151699 0.01064803 0.01061060 0.38039216 0.78823529 0.52549020
v 0.05158660 0.01060566 0.01038263 0.38039216 0.78823529 0.52549020
v 0.05161644 0.01056206 0.00577635 0.38039216 0.78823529 0.52549020
v 0.05158660 0.01056206 0.01038544 0.38039216 0.78823529 0.52549020
v 0.05159654 0.00573718 0.01033084 0.38039216 0.78823529 0.52549020
v 0.05161644 0.00573718 0.01014621 0.38039216 0.78823529 0.52549020
v -0.04878020 0.00572982 0.01149099 0.38039216 0.78823529 0.52549020
v -0.04872052 0.00572982 0.01150507 0.38039216 0.78823529 0.52549020
v -0.02349953 0.00572982 0.01152702 0.38039216 0.78823529 0.52549020
v -0.04897910 0.00572982 0.01144371 0.38039216 0.78823529 0.52549020
v -0.04998356 0.00572982 0.00577635 0.38039216 0.78823529 0.52549020
v -0.02324096 0.00572982 0.01150619 0.38039216 0.78823529 0.52549020
v -0.02299233 0.00572982 0.01144821 0.38039216 0.78823529 0.52549020
v -0.02275365 0.00572982 0.01135139 0.38039216 0.78823529 0.52549020
v -0.02254480 0.00572982 0.01122080 0.38039216 0.78823529 0.52549020
v -0.02235584 0.00572982 0.01105474 0.38039216 0.78823529 0.52549020
v -0.02227628 0.00572982 0.01096749 0.38039216 0.78823529 0.52549020
v 0.05140759 0.00573718 0.01083633 0.38039216 0.78823529 0.52549020
v 0.05149710 0.00573718 0.01066746 0.38039216 0.78823529 0.52549020
v 0.05151699 0.01056206 0.01061849 0.38039216 0.78823529 0.52549020
v 0.05161644 0.00573718 0.00577635 0.38039216 0.78823529 0.52549020
v 0.05158660 0.00573718 0.01038544 0.38039216 0.78823529 0.52549020
v -0.02200776 0.00572982 0.01043554 0.38039216 0.78823529 0.52549020
v -0.02198787 0.00572982 0.01032352 0.38039216 0.78823529 0.52549020
v -0.02197792 0.00572982 0.01020644 0.38039216 0.78823529 0.52549020
v -0.02175913 0.00572982 0.00577635 0.38039216 0.78823529 0.52549020
v -0.02220666 0.00572982 0.01087123 0.38039216 0.78823529 0.52549020
v -0.02213705 0.00572982 0.01076822 0.38039216 0.78823529 0.52549020
v 0.05151699 0.00573718 0.01061849 0.38039216 0.78823529 0.52549020
v -0.02208732 0.00572982 0.01065958 0.38039216 0.78823529 0.52549020
v -0.02204754 0.00572982 0.01055206 0.38039216 0.78823529 0.52549020
f 446 447 451
f 446 451 448
f 446 448 454
f 446 454 449
f 446 449 450
f 446 450 452
f 446 452 447
f 447 452 459
f 447 459 472
f 447 472 471
f 447 471 494
f 447 494 493
f 447 493 514
f 447 514 516
f 447 516 542
f 447 542 543
f 447 543 569
f 447 569 604
f 447 604 640
f 447 640 672
f 447 672 673
f 447 673 700
f 447 700 718
f 447 718 723
f 447 723 708
f 447 708 679
f 447 679 650
f 447 650 649
f 447 649 616
f 447 616 605
f 447 605 571
f 447 571 544
f 447 544 518
f 447 518 497
f 447 497 473
f 447 473 460
f 447 460 451
f 448 453 454
f 448 451 460
f 448 460 455
f 448 455 453
f 449 456 457
f 449 457 450
f 449 454 456
f 450 457 458
f 450 458 459
f 450 459 452
f 453 455 461
f 453 461 462
f 453 462 463
f 453 463 464
f 453 464 467
f 453 467 457
f 453 457 456
f 453 456 454
f 455 465 461
f 455 460 473
f 455 473 466
f 455 466 465
f 457 467 468
f 457 468 469
f 457 469 458
f 458 470 494
f 458 494 471
f 458 471 472
f 458 472 459
f 458 469 470
f 461 465 462
f 462 465 474
f 462 474 475
f 462 475 476
f 462 476 463
f 463 477 478
f 463 478 464
f 463 476 479
f 463 479 480
f 463 480 481
f 463 481 468
f 463 468 490
f 463 490 477
f 464 478 467
f 465 466 482
f 465 482 483
f 465 483 484
f 465 484 474
f 466 473 497
f 466 497 482
f 467 485 468
f 467 478 485
f 468 481 486
f 468 486 487
f 468 487 488
f 468 488 489
f 468 489 469
f 468 485 478
f 468 478 490
f 469 489 491
f 469 491 492
f 469 492 470
f 470 493 494
f 470 492 495
f 470 495 496
f 470 496 493
f 474 484 475
f 475 498 476
f 475 484 499
f 475 499 500
f 475 500 498
f 476 501 502
f 476 502 479
f 476 498 501
f 477 490 478
f 479 502 503
f 479 503 504
f 479 504 480
f 480 504 487
f 480 487 486
f 480 486 481
f 482 497 518
f 482 518 505
f 482 505 506
f 482 506 483
f 483 506 484
f 484 506 507
f 484 507 499
f 487 508 488
f 487 504 503
f 487 503 509
f 487 509 508
f 488 510 511
f 488 511 491
f 488 491 489
f 488 508 510
f 491 511 512
f 491 512 513
f 491 513 495
f 491 495 492
f 493 496 514
f 495 513 515
f 495 515 496
f 496 516 514
f 496 515 517
f 496 517 542
f 496 542 516
f 498 500 519
f 498 519 501
f 499 507 520
f 499 520 500
f 500 520 521
f 500 521 522
f 500 522 523
f 500 523 519
f 501 524 525
f 501 525 502
f 501 519 524
f 502 509 503
f 502 525 532
f 502 532 508
f 502 508 509
f 505 518 544
f 505 544 526
f 505 526 527
f 505 527 506
f 506 527 507
f 507 527 528
f 507 528 529
f 507 529 520
f 508 530 531
f 508 531 510
f 508 532 530
f 510 531 533
f 510 533 534
f 510 534 511
f 511 534 512
f 512 534 535
f 512 535 536
f 512 536 537
f 512 537 513
f 513 537 538
f 513 538 515
f 515 538 539
f 515 539 540
f 515 540 541
f 515 541 517
f 517 543 542
f 517 541 543
f 519 523 545
f 519 545 546
f 519 546 547
f 519 547 524
f 520 529 521
f 521 529 548
f 521 548 522
f 522 549 550
f 522 550 523
f 522 548 551
f 522 551 549
f 523 550 545
f 524 547 525
f 525 547 552
f 525 552 553
f 525 553 554
f 525 554 532
f 526 544 571
f 526 571 555
f 526 555 527
f 527 555 556
f 527 556 557
f 527 557 528
f 528 557 529
f 529 557 558
f 529 558 559
f 529 559 548
f 530 554 560
f 530 560 561
f 530 561 531
f 530 532 554
f 531 561 533
f 533 562 563
f 533 563 534
f 533 561 562
f 534 563 535
f 535 563 536
f 536 564 565
f 536 565 537
f 536 563 564
f 537 565 566
f 537 566 539
f 537 539 538
f 539 566 567
f 539 567 568
f 539 568 540
f 540 568 541
f 541 569 543
f 541 568 570
f 541 570 604
f 541 604 569
f 545 572 573
f 545 573 574
f 545 574 546
f 545 550 572
f 546 574 575
f 546 575 547
f 547 575 552
f 548 559 551
f 549 551 576
f 549 576 577
f 549 577 578
f 549 578 579
f 549 579 572
f 549 572 550
f 551 559 576
f 552 575 580
f 552 580 581
f 552 581 582
f 552 582 589
f 552 589 560
f 552 560 554
f 552 554 553
f 555 571 605
f 555 605 583
f 555 583 584
f 555 584 556
f 556 584 557
f 557 585 558
f 557 584 586
f 557 586 585
f 558 585 559
f 559 587 576
f 559 585 588
f 559 588 587
f 560 589 590
f 560 590 561
f 561 591 562
f 561 590 591
f 562 592 593
f 562 593 594
f 562 594 563
f 562 591 592
f 563 594 595
f 563 595 564
f 564 595 596
f 564 596 565
f 565 596 597
f 565 597 598
f 565 598 566
f 566 598 599
f 566 599 567
f 567 599 600
f 567 600 601
f 567 601 568
f 568 601 602
f 568 602 603
f 568 603 570
f 570 603 640
f 570 640 604
f 572 579 613
f 572 613 606
f 572 606 607
f 572 607 573
f 573 607 608
f 573 608 574
f 574 608 609
f 574 609 575
f 575 609 580
f 576 587 577
f 577 587 610
f 577 610 578
f 578 610 611
f 578 611 612
f 578 612 579
f 579 612 613
f 580 609 614
f 580 614 615
f 580 615 623
f 580 623 590
f 580 590 581
f 581 590 589
f 581 589 582
f 583 605 616
f 583 616 617
f 583 617 618
f 583 618 584
f 584 619 586
f 584 618 619
f 585 586 619
f 585 619 620
f 585 620 621
f 585 621 588
f 587 588 621
f 587 621 622
f 587 622 610
f 590 623 624
f 590 624 625
f 590 625 591
f 591 625 626
f 591 626 592
f 592 626 593
f 593 627 628
f 593 628 629
f 593 629 595
f 593 595 594
f 593 626 627
f 595 629 630
f 595 630 631
f 595 631 596
f 596 631 597
f 597 632 633
f 597 633 634
f 597 634 598
f 597 631 632
f 598 634 635
f 598 635 600
f 598 600 599
f 600 635 636
f 600 636 637
f 600 637 638
f 600 638 601
f 601 638 639
f 601 639 602
f 602 639 603
f 603 639 641
f 603 641 672
f 603 672 640
f 606 613 642
f 606 642 607
f 607 642 608
f 608 642 609
f 609 642 614
f 610 643 644
f 610 644 611
f 610 622 643
f 611 644 645
f 611 645 612
f 612 642 613
f 612 645 642
f 614 642 646
f 614 646 647
f 614 647 648
f 614 648 615
f 615 648 624
f 615 624 623
f 616 649 617
f 617 649 650
f 617 650 651
f 617 651 618
f 618 651 652
f 618 652 653
f 618 653 619
f 619 653 654
f 619 654 620
f 620 654 621
f 621 654 655
f 621 655 656
f 621 656 622
f 622 656 657
f 622 657 643
f 624 658 659
f 624 659 625
f 624 648 647
f 624 647 658
f 625 660 661
f 625 661 626
f 625 659 660
f 626 661 627
f 627 662 663
f 627 663 628
f 627 661 662
f 628 663 664
f 628 664 665
f 628 665 630
f 628 630 629
f 630 665 666
f 630 666 632
f 630 632 631
f 632 666 633
f 633 666 667
f 633 667 668
f 633 668 669
f 633 669 670
f 633 670 634
f 634 670 636
f 634 636 635
f 636 671 637
f 636 670 671
f 637 671 638
f 638 671 639
f 639 671 641
f 641 671 673
f 641 673 672
f 642 645 674
f 642 674 675
f 642 675 676
f 642 676 677
f 642 677 706
f 642 706 688
f 642 688 659
f 642 659 658
f 642 658 646
f 643 657 644
f 644 675 674
f 644 674 645
f 644 657 678
f 644 678 675
f 646 658 647
f 650 679 651
f 651 679 708
f 651 708 680
f 651 680 681
f 651 681 652
f 652 681 682
f 652 682 683
f 652 683 653
f 653 683 684
f 653 684 654
f 654 684 685
f 654 685 655
f 655 685 686
f 655 686 656
f 656 686 687
f 656 687 657
f 657 687 707
f 657 707 678
f 659 688 689
f 659 689 660
f 660 689 690
f 660 690 661
f 661 690 691
f 661 691 692
f 661 692 662
f 662 692 693
f 662 693 663
f 663 693 694
f 663 694 664
f 664 694 695
f 664 695 696
f 664 696 697
f 664 697 665
f 665 697 666
f 666 697 667
f 667 698 699
f 667 699 668
f 667 697 698
f 668 699 671
f 668 671 669
f 669 671 670
f 671 700 673
f 671 699 701
f 671 701 702
f 671 702 703
f 671 703 718
f 671 718 700
f 675 704 705
f 675 705 676
f 675 678 704
f 676 705 704
f 676 704 707
f 676 707 687
f 676 687 686
f 676 686 685
f 676 685 684
f 676 684 683
f 676 683 682
f 676 682 681
f 676 681 680
f 676 680 708
f 676 708 723
f 676 723 722
f 676 722 721
f 676 721 720
f 676 720 728
f 676 728 727
f 676 727 725
f 676 725 724
f 676 724 714
f 676 714 713
f 676 713 712
f 676 712 711
f 676 711 710
f 676 710 709
f 676 709 706
f 676 706 677
f 678 707 704
f 688 706 709
f 688 709 689
f 689 709 710
f 689 710 690
f 690 710 691
f 691 710 711
f 691 711 692
f 692 711 712
f 692 712 693
f 693 712 713
f 693 713 694
f 694 713 714
f 694 714 695
f 695 715 696
f 695 714 715
f 696 715 716
f 696 716 717
f 696 717 697
f 697 717 698
f 698 717 699
f 699 717 701
f 701 719 702
f 701 717 726
f 701 726 719
f 702 719 720
f 702 720 721
f 702 721 703
f 703 721 722
f 703 722 723
f 703 723 718
f 714 724 715
f 715 724 725
f 715 725 716
f 716 726 717
f 716 725 727
f 716 727 726
f 719 726 720
f 720 726 728
f 726 727 728

o geometry_4
v 0.05008763 0.01200332 -0.00572752 0.56470588 0.92549020 0.07058824
v 0.05035397 0.01197982 -0.00572752 0.56470588 0.92549020 0.07058824
v 0.05008763 0.01200332 -0.01009839 0.56470588 0.92549020 0.07058824
v -0.00280276 0.01200332 -0.00572752 0.56470588 0.92549020 0.07058824
v 0.05035397 0.01197982 -0.01009839 0.56470588 0.92549020 0.07058824
v 0.05055640 0.01193047 -0.00572752 0.56470588 0.92549020 0.07058824
v 0.05035397 0.01195867 -0.01033427 0.56470588 0.92549020 0.07058824
v 0.05008763 0.01197982 -0.01033765 0.56470588 0.92549020 0.07058824
v 0.02545091 0.01198687 -0.01027797 0.56470588 0.92549020 0.07058824
v -0.00280276 0.01199157 -0.01022674 0.56470588 0.92549020 0.07058824
v -0.00280276 0.01200332 -0.01009839 0.56470588 0.92549020 0.07058824
v -0.00280276 -0.01200332 -0.00572752 0.56470588 0.92549020 0.07058824
v 0.05060966 0.01191637 -0.01009839 0.56470588 0.92549020 0.07058824
v 0.05060966 0.01191637 -0.00572752 0.56470588 0.92549020 0.07058824
v 0.05035397 0.01189522 -0.01056284 0.56470588 0.92549020 0.07058824
v 0.05008763 0.01191637 -0.01057015 0.56470588 0.92549020 0.07058824
v 0.05060966 0.01189522 -0.01032358 0.56470588 0.92549020 0.07058824
v 0.03777193 0.01197277 -0.01036692 0.56470588 0.92549020 0.07058824
v -0.00280276 0.01198217 -0.01032920 0.56470588 0.92549020 0.07058824
v 0.05008763 -0.01200332 -0.00572752 0.56470588 0.92549020 0.07058824
v -0.00280276 -0.01200332 -0.01009839 0.56470588 0.92549020 0.07058824
v 0.05080143 0.01183178 -0.00572752 0.56470588 0.92549020 0.07058824
v 0.05084937 0.01180828 -0.01009839 0.56470588 0.92549020 0.07058824
v 0.05084937 0.01178948 -0.01030556 0.56470588 0.92549020 0.07058824
v 0.05035397 0.01178948 -0.01077789 0.56470588 0.92549020 0.07058824
v 0.05060966 0.01183413 -0.01054201 0.56470588 0.92549020 0.07058824
v 0.05008763 0.01180828 -0.01078858 0.56470588 0.92549020 0.07058824
v 0.02545091 0.01183648 -0.01073398 0.56470588 0.92549020 0.07058824
v -0.00280276 0.01186703 -0.01067149 0.56470588 0.92549020 0.07058824
v -0.00280276 0.01191637 -0.01057015 0.56470588 0.92549020 0.07058824
v -0.00280276 0.01192342 -0.01054482 0.56470588 0.92549020 0.07058824
v 0.01314053 0.01197277 -0.01036692 0.56470588 0.92549020 0.07058824
v -0.00280276 0.01197747 -0.01034666 0.56470588 0.92549020 0.07058824
v 0.05008763 -0.01200332 -0.01009839 0.56470588 0.92549020 0.07058824
v 0.05035397 -0.01197982 -0.00572752 0.56470588 0.92549020 0.07058824
v -0.00280276 -0.01199157 -0.01022674 0.56470588 0.92549020 0.07058824
v 0.05084937 0.01180828 -0.00572752 0.56470588 0.92549020 0.07058824
v 0.05089732 0.01177773 -0.00572752 0.56470588 0.92549020 0.07058824
v 0.05106777 0.01166493 -0.01009839 0.56470588 0.92549020 0.07058824
v 0.05106777 0.01164848 -0.01028192 0.56470588 0.92549020 0.07058824
v 0.05084937 0.01173308 -0.01050710 0.56470588 0.92549020 0.07058824
v 0.05106777 0.01159914 -0.01045981 0.56470588 0.92549020 0.07058824
v 0.05035397 0.01164848 -0.01097211 0.56470588 0.92549020 0.07058824
v 0.05060966 0.01173308 -0.01074692 0.56470588 0.92549020 0.07058824
v 0.05060966 0.01159914 -0.01093214 0.56470588 0.92549020 0.07058824
v 0.05084937 0.01164143 -0.01069570 0.56470588 0.92549020 0.07058824
v 0.05008763 0.01166493 -0.01098562 0.56470588 0.92549020 0.07058824
v 0.03777193 0.01179183 -0.01081279 0.56470588 0.92549020 0.07058824
v -0.00280276 0.01179418 -0.01080998 0.56470588 0.92549020 0.07058824
v -0.00280276 0.01180828 -0.01078858 0.56470588 0.92549020 0.07058824
v -0.00280276 0.01181298 -0.01078014 0.56470588 0.92549020 0.07058824
v 0.03777193 -0.01198922 -0.01024814 0.56470588 0.92549020 0.07058824
v 0.05008763 -0.01197982 -0.01033765 0.56470588 0.92549020 0.07058824
v 0.05013557 -0.01197982 -0.01033427 0.56470588 0.92549020 0.07058824
v 0.05017819 -0.01197982 -0.01032358 0.56470588 0.92549020 0.07058824
v 0.05022080 -0.01197982 -0.01030556 0.56470588 0.92549020 0.07058824
v 0.05025809 -0.01197982 -0.01028192 0.56470588 0.92549020 0.07058824
v 0.05029005 -0.01197982 -0.01025208 0.56470588 0.92549020 0.07058824
v 0.05031669 -0.01197982 -0.01021774 0.56470588 0.92549020 0.07058824
v 0.05033799 -0.01197982 -0.01018002 0.56470588 0.92549020 0.07058824
v 0.05034865 -0.01197982 -0.01014005 0.56470588 0.92549020 0.07058824
v 0.05035397 -0.01197982 -0.01009839 0.56470588 0.92549020 0.07058824
v 0.02545091 -0.01198687 -0.01027797 0.56470588 0.92549020 0.07058824
v 0.05055640 -0.01193047 -0.00572752 0.56470588 0.92549020 0.07058824
v -0.00280276 -0.01198217 -0.01032920 0.56470588 0.92549020 0.07058824
v 0.05106777 0.01166493 -0.00572752 0.56470588 0.92549020 0.07058824
v 0.05111039 0.01162733 -0.00572752 0.56470588 0.92549020 0.07058824
v 0.05125954 0.01148869 -0.01009839 0.56470588 0.92549020 0.07058824
v 0.05125954 0.01147459 -0.01025208 0.56470588 0.92549020 0.07058824
v 0.05106777 0.01151689 -0.01062701 0.56470588 0.92549020 0.07058824
v 0.05125954 0.01143229 -0.01040183 0.56470588 0.92549020 0.07058824
v 0.05125954 0.01136415 -0.01054201 0.56470588 0.92549020 0.07058824
v 0.05035397 0.01147459 -0.01113931 0.56470588 0.92549020 0.07058824
v 0.05008763 0.01148869 -0.01115564 0.56470588 0.92549020 0.07058824
v 0.05084937 0.01151689 -0.01086684 0.56470588 0.92549020 0.07058824
v 0.05084937 0.01136415 -0.01101377 0.56470588 0.92549020 0.07058824
v 0.05060966 0.01143229 -0.01109202 0.56470588 0.92549020 0.07058824
v 0.03777193 0.01168373 -0.01096085 0.56470588 0.92549020 0.07058824
v 0.03777193 0.01164378 -0.01100645 0.56470588 0.92549020 0.07058824
v -0.00280276 0.01166493 -0.01098562 0.56470588 0.92549020 0.07058824
v 0.00081951 0.01173778 -0.01088710 0.56470588 0.92549020 0.07058824
v 0.03777193 -0.01197277 -0.01036692 0.56470588 0.92549020 0.07058824
v 0.05008763 -0.01191637 -0.01057015 0.56470588 0.92549020 0.07058824
v 0.05017819 -0.01191637 -0.01056284 0.56470588 0.92549020 0.07058824
v 0.05026874 -0.01191637 -0.01054201 0.56470588 0.92549020 0.07058824
v 0.05034865 -0.01191637 -0.01050710 0.56470588 0.92549020 0.07058824
v 0.05042322 -0.01191637 -0.01045981 0.56470588 0.92549020 0.07058824
v 0.05048715 -0.01191637 -0.01040183 0.56470588 0.92549020 0.07058824
v 0.05054041 -0.01191637 -0.01033427 0.56470588 0.92549020 0.07058824
v 0.05057770 -0.01191637 -0.01025940 0.56470588 0.92549020 0.07058824
v 0.05060434 -0.01191637 -0.01018002 0.56470588 0.92549020 0.07058824
v 0.05060966 -0.01191637 -0.01009839 0.56470588 0.92549020 0.07058824
v 0.05060966 -0.01191637 -0.00572752 0.56470588 0.92549020 0.07058824
v -0.00280276 -0.01197747 -0.01034666 0.56470588 0.92549020 0.07058824
v 0.01314053 -0.01197277 -0.01036692 0.56470588 0.92549020 0.07058824
v 0.05125954 0.01148869 -0.00572752 0.56470588 0.92549020 0.07058824
v 0.05137673 0.01132655 -0.00572752 0.56470588 0.92549020 0.07058824
v 0.05140869 0.01128190 -0.01009839 0.56470588 0.92549020 0.07058824
v 0.05140869 0.01127015 -0.01021774 0.56470588 0.92549020 0.07058824
v 0.05140869 0.01123960 -0.01033427 0.56470588 0.92549020 0.07058824
v 0.05106777 0.01140644 -0.01077789 0.56470588 0.92549020 0.07058824
v 0.05125954 0.01127015 -0.01066867 0.56470588 0.92549020 0.07058824
v 0.05140869 0.01118555 -0.01044349 0.56470588 0.92549020 0.07058824
v 0.05140869 0.01111271 -0.01054201 0.56470588 0.92549020 0.07058824
v 0.05035397 0.01127015 -0.01127555 0.56470588 0.92549020 0.07058824
v 0.05008763 0.01128190 -0.01129356 0.56470588 0.92549020 0.07058824
v 0.05060966 0.01123960 -0.01122150 0.56470588 0.92549020 0.07058824
v 0.03777193 0.01146284 -0.01117309 0.56470588 0.92549020 0.07058824
v -0.00280276 0.01148869 -0.01115564 0.56470588 0.92549020 0.07058824
v -0.00280276 0.01157094 -0.01107682 0.56470588 0.92549020 0.07058824
v 0.05084937 0.01118555 -0.01113368 0.56470588 0.92549020 0.07058824
v 0.05106777 0.01127015 -0.01090793 0.56470588 0.92549020 0.07058824
v 0.05106777 0.01111271 -0.01101377 0.56470588 0.92549020 0.07058824
v 0.01314053 0.01168373 -0.01096085 0.56470588 0.92549020 0.07058824
v 0.01314053 0.01164378 -0.01100645 0.56470588 0.92549020 0.07058824
v -0.00280276 -0.01192342 -0.01054482 0.56470588 0.92549020 0.07058824
v 0.05008763 -0.01180828 -0.01078858 0.56470588 0.92549020 0.07058824
v 0.05022080 -0.01180828 -0.01077789 0.56470588 0.92549020 0.07058824
v -0.00280276 -0.01191637 -0.01057015 0.56470588 0.92549020 0.07058824
v -0.00280276 -0.01190462 -0.01059436 0.56470588 0.92549020 0.07058824
v -0.00280276 -0.01186703 -0.01067149 0.56470588 0.92549020 0.07058824
v 0.02545091 -0.01183648 -0.01073398 0.56470588 0.92549020 0.07058824
v 0.05034865 -0.01180828 -0.01074692 0.56470588 0.92549020 0.07058824
v 0.05047116 -0.01180828 -0.01069570 0.56470588 0.92549020 0.07058824
v 0.05057770 -0.01180828 -0.01062701 0.56470588 0.92549020 0.07058824
v 0.05067358 -0.01180828 -0.01054201 0.56470588 0.92549020 0.07058824
v 0.05074816 -0.01180828 -0.01044349 0.56470588 0.92549020 0.07058824
v 0.05080676 -0.01180828 -0.01033427 0.56470588 0.92549020 0.07058824
v 0.05083872 -0.01180828 -0.01021774 0.56470588 0.92549020 0.07058824
v 0.05084937 -0.01180828 -0.01009839 0.56470588 0.92549020 0.07058824
v 0.05080143 -0.01183178 -0.00572752 0.56470588 0.92549020 0.07058824
v 0.05140869 0.01128190 -0.00572752 0.56470588 0.92549020 0.07058824
v 0.05143533 0.01123255 -0.00572752 0.56470588 0.92549020 0.07058824
v 0.05149925 0.01110331 -0.00572752 0.56470588 0.92549020 0.07058824
v 0.05152055 0.01105396 -0.01009839 0.56470588 0.92549020 0.07058824
v 0.05152055 0.01104691 -0.01018002 0.56470588 0.92549020 0.07058824
v 0.05152055 0.01102576 -0.01025940 0.56470588 0.92549020 0.07058824
v 0.05125954 0.01115735 -0.01077789 0.56470588 0.92549020 0.07058824
v 0.05140869 0.01102576 -0.01062701 0.56470588 0.92549020 0.07058824
v 0.05152055 0.01098816 -0.01033427 0.56470588 0.92549020 0.07058824
v 0.05152055 0.01093881 -0.01040183 0.56470588 0.92549020 0.07058824
v 0.05035397 0.01104691 -0.01137576 0.56470588 0.92549020 0.07058824
v 0.02545091 0.01133360 -0.01125922 0.56470588 0.92549020 0.07058824
v 0.05008763 0.01105396 -0.01139546 0.56470588 0.92549020 0.07058824
v 0.03777193 0.01119730 -0.01133185 0.56470588 0.92549020 0.07058824
v 0.03777193 0.01125370 -0.01130651 0.56470588 0.92549020 0.07058824
v -0.00280276 0.01128190 -0.01129356 0.56470588 0.92549020 0.07058824
v 0.05060966 0.01102576 -0.01131721 0.56470588 0.92549020 0.07058824
v 0.01314053 0.01146284 -0.01117309 0.56470588 0.92549020 0.07058824
v -0.00280276 0.01137824 -0.01122939 0.56470588 0.92549020 0.07058824
v 0.05084937 0.01098816 -0.01122150 0.56470588 0.92549020 0.07058824
v 0.05106777 0.01093881 -0.01109202 0.56470588 0.92549020 0.07058824
v 0.05125954 0.01102576 -0.01086684 0.56470588 0.92549020 0.07058824
v 0.03777193 -0.01179183 -0.01081279 0.56470588 0.92549020 0.07058824
v 0.05008763 -0.01166493 -0.01098562 0.56470588 0.92549020 0.07058824
v 0.05025809 -0.01166493 -0.01097211 0.56470588 0.92549020 0.07058824
v -0.00280276 -0.01181298 -0.01078014 0.56470588 0.92549020 0.07058824
v -0.00280276 -0.01180828 -0.01078858 0.56470588 0.92549020 0.07058824
v 0.05042322 -0.01166493 -0.01093214 0.56470588 0.92549020 0.07058824
v 0.05057770 -0.01166493 -0.01086684 0.56470588 0.92549020 0.07058824
v 0.05072153 -0.01166493 -0.01077789 0.56470588 0.92549020 0.07058824
v 0.05083872 -0.01166493 -0.01066867 0.56470588 0.92549020 0.07058824
v 0.05093993 -0.01166493 -0.01054201 0.56470588 0.92549020 0.07058824
v 0.05100918 -0.01166493 -0.01040183 0.56470588 0.92549020 0.07058824
v 0.05105712 -0.01166493 -0.01025208 0.56470588 0.92549020 0.07058824
v 0.05084937 -0.01180828 -0.00572752 0.56470588 0.92549020 0.07058824
v 0.05106777 -0.01166493 -0.01009839 0.56470588 0.92549020 0.07058824
v 0.05089732 -0.01177773 -0.00572752 0.56470588 0.92549020 0.07058824
v 0.05152055 0.01105396 -0.00572752 0.56470588 0.92549020 0.07058824
v 0.05153654 0.01100226 -0.00572752 0.56470588 0.92549020 0.07058824
v 0.05158980 0.01081192 -0.01009839 0.56470588 0.92549020 0.07058824
v 0.05158980 0.01080722 -0.01014005 0.56470588 0.92549020 0.07058824
v 0.05158980 0.01079782 -0.01018002 0.56470588 0.92549020 0.07058824
v 0.05158980 0.01077902 -0.01021774 0.56470588 0.92549020 0.07058824
v 0.05140869 0.01092236 -0.01069570 0.56470588 0.92549020 0.07058824
v 0.05152055 0.01087772 -0.01045981 0.56470588 0.92549020 0.07058824
v 0.05152055 0.01080722 -0.01050710 0.56470588 0.92549020 0.07058824
v 0.05158980 0.01075317 -0.01025208 0.56470588 0.92549020 0.07058824
v 0.05158980 0.01072262 -0.01028192 0.56470588 0.92549020 0.07058824
v 0.05035397 0.01080722 -0.01143712 0.56470588 0.92549020 0.07058824
v 0.05060966 0.01079782 -0.01137576 0.56470588 0.92549020 0.07058824
v 0.05008763 0.01081192 -0.01145739 0.56470588 0.92549020 0.07058824
v 0.03777193 0.01090356 -0.01143431 0.56470588 0.92549020 0.07058824
v 0.00081951 0.01093411 -0.01142642 0.56470588 0.92549020 0.07058824
v -0.00280276 0.01105396 -0.01139546 0.56470588 0.92549020 0.07058824
v -0.00280276 0.01106336 -0.01139152 0.56470588 0.92549020 0.07058824
v 0.01314053 0.01119730 -0.01133185 0.56470588 0.92549020 0.07058824
v 0.01314053 0.01125370 -0.01130651 0.56470588 0.92549020 0.07058824
v 0.00081951 0.01116910 -0.01134423 0.56470588 0.92549020 0.07058824
v 0.05084937 0.01077902 -0.01127555 0.56470588 0.92549020 0.07058824
v 0.05106777 0.01075317 -0.01113931 0.56470588 0.92549020 0.07058824
v 0.05125954 0.01087772 -0.01093214 0.56470588 0.92549020 0.07058824
v 0.05125954 0.01072262 -0.01097211 0.56470588 0.92549020 0.07058824
v 0.05140869 0.01080722 -0.01074692 0.56470588 0.92549020 0.07058824
v 0.03777193 -0.01168373 -0.01096085 0.56470588 0.92549020 0.07058824
v 0.01314053 -0.01179183 -0.01081279 0.56470588 0.92549020 0.07058824
v 0.00081951 -0.01173778 -0.01088710 0.56470588 0.92549020 0.07058824
v 0.03777193 -0.01164378 -0.01100645 0.56470588 0.92549020 0.07058824
v 0.05008763 -0.01148869 -0.01115564 0.56470588 0.92549020 0.07058824
v -0.00280276 -0.01166493 -0.01098562 0.56470588 0.92549020 0.07058824
v 0.05029005 -0.01148869 -0.01113931 0.56470588 0.92549020 0.07058824
v 0.05048715 -0.01148869 -0.01109202 0.56470588 0.92549020 0.07058824
v -0.00280276 -0.01180358 -0.01079534 0.56470588 0.92549020 0.07058824
v 0.05067358 -0.01148869 -0.01101377 0.56470588 0.92549020 0.07058824
v 0.05083872 -0.01148869 -0.01090793 0.56470588 0.92549020 0.07058824
v 0.05098254 -0.01148869 -0.01077789 0.56470588 0.92549020 0.07058824
v 0.05109973 -0.01148869 -0.01062701 0.56470588 0.92549020 0.07058824
v 0.05118497 -0.01148869 -0.01045981 0.56470588 0.92549020 0.07058824
v 0.05123823 -0.01148869 -0.01028192 0.56470588 0.92549020 0.07058824
v 0.05125954 -0.01148869 -0.01009839 0.56470588 0.92549020 0.07058824
v 0.05106777 -0.01166493 -0.00572752 0.56470588 0.92549020 0.07058824
v 0.05111039 -0.01162733 -0.00572752 0.56470588 0.92549020 0.07058824
v 0.05158980 0.01081192 -0.00572752 0.56470588 0.92549020 0.07058824
v 0.05161111 0.01061688 -0.00572752 0.56470588 0.92549020 0.07058824
v 0.05161644 0.01056283 -0.01009839 0.56470588 0.92549020 0.07058824
v 0.05152055 0.01072967 -0.01054201 0.56470588 0.92549020 0.07058824
v 0.05158980 0.01068737 -0.01030556 0.56470588 0.92549020 0.07058824
v 0.05158980 0.01064742 -0.01032358 0.56470588 0.92549020 0.07058824
v 0.05035397 0.01056283 -0.01145739 0.56470588 0.92549020 0.07058824
v 0.05008763 0.01056283 -0.01147822 0.56470588 0.92549020 0.07058824
v 0.05060966 0.01056283 -0.01139546 0.56470588 0.92549020 0.07058824
v 0.02545091 0.01087302 -0.01144219 0.56470588 0.92549020 0.07058824
v 0.03777193 0.01059338 -0.01147597 0.56470588 0.92549020 0.07058824
v 0.03777193 0.01078137 -0.01146020 0.56470588 0.92549020 0.07058824
v -0.00280276 0.01080252 -0.01145851 0.56470588 0.92549020 0.07058824
v -0.00280276 0.01081192 -0.01145739 0.56470588 0.92549020 0.07058824
v -0.00280276 0.01082132 -0.01145514 0.56470588 0.92549020 0.07058824
v -0.00280276 0.01095996 -0.01141967 0.56470588 0.92549020 0.07058824
v 0.05084937 0.01056283 -0.01129356 0.56470588 0.92549020 0.07058824
v 0.05106777 0.01056283 -0.01115564 0.56470588 0.92549020 0.07058824
v 0.05140869 0.01068737 -0.01077789 0.56470588 0.92549020 0.07058824
v 0.05125954 0.01056283 -0.01098562 0.56470588 0.92549020 0.07058824
v 0.05140869 0.01056283 -0.01078858 0.56470588 0.92549020 0.07058824
v 0.01314053 -0.01168373 -0.01096085 0.56470588 0.92549020 0.07058824
v -0.00280276 -0.01174248 -0.01087978 0.56470588 0.92549020 0.07058824
v -0.00280276 -0.01168138 -0.01096367 0.56470588 0.92549020 0.07058824
v 0.01314053 -0.01164378 -0.01100645 0.56470588 0.92549020 0.07058824
v -0.00280276 -0.01157094 -0.01107682 0.56470588 0.92549020 0.07058824
v 0.03777193 -0.01146284 -0.01117309 0.56470588 0.92549020 0.07058824
v 0.05008763 -0.01128190 -0.01129356 0.56470588 0.92549020 0.07058824
v 0.05031669 -0.01128190 -0.01127555 0.56470588 0.92549020 0.07058824
v -0.00280276 -0.01148869 -0.01115564 0.56470588 0.92549020 0.07058824
v 0.05054041 -0.01128190 -0.01122150 0.56470588 0.92549020 0.07058824
v 0.05074816 -0.01128190 -0.01113368 0.56470588 0.92549020 0.07058824
v 0.05093993 -0.01128190 -0.01101377 0.56470588 0.92549020 0.07058824
v 0.05109973 -0.01128190 -0.01086684 0.56470588 0.92549020 0.07058824
v 0.05123290 -0.01128190 -0.01069570 0.56470588 0.92549020 0.07058824
v 0.05132879 -0.01128190 -0.01050710 0.56470588 0.92549020 0.07058824
v 0.05138739 -0.01128190 -0.01030556 0.56470588 0.92549020 0.07058824
v 0.05140869 -0.01128190 -0.01009839 0.56470588 0.92549020 0.07058824
v 0.05137673 -0.01132655 -0.00572752 0.56470588 0.92549020 0.07058824
v 0.05125954 -0.01148869 -0.00572752 0.56470588 0.92549020 0.07058824
v 0.05161644 0.01056283 -0.00572752 0.56470588 0.92549020 0.07058824
v 0.05161644 -0.01056283 -0.01009839 0.56470588 0.92549020 0.07058824
v 0.05158980 0.01056283 -0.01033765 0.56470588 0.92549020 0.07058824
v 0.05158980 0.01060513 -0.01033427 0.56470588 0.92549020 0.07058824
v 0.05152055 0.01064742 -0.01056284 0.56470588 0.92549020 0.07058824
v 0.05035397 -0.01056283 -0.01145739 0.56470588 0.92549020 0.07058824
v 0.05022080 0.00000000 -0.01146808 0.56470588 0.92549020 0.07058824
v 0.05008763 -0.01056283 -0.01147822 0.56470588 0.92549020 0.07058824
v -0.00280276 0.01056283 -0.01147822 0.56470588 0.92549020 0.07058824
v 0.05073218 0.00000000 -0.01134423 0.56470588 0.92549020 0.07058824
v 0.05060966 -0.01056283 -0.01139546 0.56470588 0.92549020 0.07058824
v 0.01314053 0.01059338 -0.01147597 0.56470588 0.92549020 0.07058824
v -0.00280276 0.01069677 -0.01146752 0.56470588 0.92549020 0.07058824
v 0.05096123 0.00000000 -0.01122432 0.56470588 0.92549020 0.07058824
v 0.05084937 -0.01056283 -0.01129356 0.56470588 0.92549020 0.07058824
v 0.05106777 -0.01056283 -0.01115564 0.56470588 0.92549020 0.07058824
v 0.05152055 0.01056283 -0.01057015 0.56470588 0.92549020 0.07058824
v 0.05125954 -0.01056283 -0.01098562 0.56470588 0.92549020 0.07058824
v 0.05140869 -0.01056283 -0.01078858 0.56470588 0.92549020 0.07058824
v 0.05146729 0.00000000 -0.01067937 0.56470588 0.92549020 0.07058824
v 0.02545091 -0.01133360 -0.01125922 0.56470588 0.92549020 0.07058824
v 0.01314053 -0.01146284 -0.01117309 0.56470588 0.92549020 0.07058824
v 0.03777193 -0.01125370 -0.01130651 0.56470588 0.92549020 0.07058824
v 0.05008763 -0.01105396 -0.01139546 0.56470588 0.92549020 0.07058824
v -0.00280276 -0.01128190 -0.01129356 0.56470588 0.92549020 0.07058824
v 0.05033799 -0.01105396 -0.01137576 0.56470588 0.92549020 0.07058824
v -0.00280276 -0.01137824 -0.01122939 0.56470588 0.92549020 0.07058824
v 0.05057770 -0.01105396 -0.01131721 0.56470588 0.92549020 0.07058824
v 0.05080676 -0.01105396 -0.01122150 0.56470588 0.92549020 0.07058824
v 0.05100918 -0.01105396 -0.01109202 0.56470588 0.92549020 0.07058824
v 0.05118497 -0.01105396 -0.01093214 0.56470588 0.92549020 0.07058824
v 0.05132879 -0.01105396 -0.01074692 0.56470588 0.92549020 0.07058824
v 0.05143533 -0.01105396 -0.01054201 0.56470588 0.92549020 0.07058824
v 0.05149925 -0.01105396 -0.01032358 0.56470588 0.92549020 0.07058824
v 0.05152055 -0.01105396 -0.01009839 0.56470588 0.92549020 0.07058824
v 0.05149925 -0.01110331 -0.00572752 0.56470588 0.92549020 0.07058824
v 0.05143533 -0.01123255 -0.00572752 0.56470588 0.92549020 0.07058824
v 0.05140869 -0.01128190 -0.00572752 0.56470588 0.92549020 0.07058824
v 0.05161644 -0.01056283 -0.00572752 0.56470588 0.92549020 0.07058824
v 0.05161111 -0.01061688 -0.00572752 0.56470588 0.92549020 0.07058824
v 0.05158980 -0.01081192 -0.01009839 0.56470588 0.92549020 0.07058824
v 0.05156850 -0.01081192 -0.01033427 0.56470588 0.92549020 0.07058824
v 0.05158980 -0.01056283 -0.01033765 0.56470588 0.92549020 0.07058824
v 0.05155784 0.00000000 -0.01045418 0.56470588 0.92549020 0.07058824
v 0.05034865 -0.01081192 -0.01143712 0.56470588 0.92549020 0.07058824
v 0.05060434 -0.01081192 -0.01137576 0.56470588 0.92549020 0.07058824
v 0.05008763 -0.01081192 -0.01145739 0.56470588 0.92549020 0.07058824
v 0.03777193 -0.01065447 -0.01147090 0.56470588 0.92549020 0.07058824
v 0.03777193 -0.01059338 -0.01147597 0.56470588 0.92549020 0.07058824
v -0.00280276 -0.01056283 -0.01147822 0.56470588 0.92549020 0.07058824
v 0.05083872 -0.01081192 -0.01127555 0.56470588 0.92549020 0.07058824
v 0.05105712 -0.01081192 -0.01113931 0.56470588 0.92549020 0.07058824
v 0.05152055 -0.01056283 -0.01057015 0.56470588 0.92549020 0.07058824
v 0.05138739 -0.01081192 -0.01077789 0.56470588 0.92549020 0.07058824
v 0.05123823 -0.01081192 -0.01097211 0.56470588 0.92549020 0.07058824
v 0.05149925 -0.01081192 -0.01056284 0.56470588 0.92549020 0.07058824
v 0.01314053 -0.01125370 -0.01130651 0.56470588 0.92549020 0.07058824
v 0.01314053 -0.01119730 -0.01133185 0.56470588 0.92549020 0.07058824
v 0.03777193 -0.01090356 -0.01143431 0.56470588 0.92549020 0.07058824
v -0.00280276 -0.01107981 -0.01138420 0.56470588 0.92549020 0.07058824
v -0.00280276 -0.01106336 -0.01139152 0.56470588 0.92549020 0.07058824
v -0.00280276 -0.01105396 -0.01139546 0.56470588 0.92549020 0.07058824
v 0.00081951 -0.01093411 -0.01142642 0.56470588 0.92549020 0.07058824
v 0.00081951 -0.01116910 -0.01134423 0.56470588 0.92549020 0.07058824
v 0.05152055 -0.01105396 -0.00572752 0.56470588 0.92549020 0.07058824
v 0.05153654 -0.01100226 -0.00572752 0.56470588 0.92549020 0.07058824
v 0.05158980 -0.01081192 -0.00572752 0.56470588 0.92549020 0.07058824
v 0.03777193 -0.01078137 -0.01146020 0.56470588 0.92549020 0.07058824
v 0.02545091 -0.01087302 -0.01144219 0.56470588 0.92549020 0.07058824
v -0.00280276 -0.01082132 -0.01145514 0.56470588 0.92549020 0.07058824
v -0.00280276 -0.01081192 -0.01145739 0.56470588 0.92549020 0.07058824
v -0.00280276 -0.01080252 -0.01145851 0.56470588 0.92549020 0.07058824
v -0.00280276 -0.01069677 -0.01146752 0.56470588 0.92549020 0.07058824
v 0.01314053 -0.01059338 -0.01147597 0.56470588 0.92549020 0.07058824
v -0.00280276 -0.01095996 -0.01141967 0.56470588 0.92549020 0.07058824
f 729 730 733
f 729 733 731
f 729 731 739
f 729 739 732
f 729 732 740
f 729 740 748
f 729 748 763
f 729 763 792
f 729 792 821
f 729 821 859
f 729 859 894
f 729 894 896
f 729 896 939
f 729 939 940
f 729 940 980
f 729 980 979
f 729 979 1018
f 729 1018 1017
f 729 1017 1016
f 729 1016 1045
f 729 1045 1046
f 729 1046 1047
f 729 1047 1020
f 729 1020 1019
f 729 1019 981
f 729 981 942
f 729 942 941
f 729 941 898
f 729 898 897
f 729 897 862
f 729 862 861
f 729 861 860
f 729 860 825
f 729 825 824
f 729 824 795
f 729 795 794
f 729 794 766
f 729 766 765
f 729 765 750
f 729 750 742
f 729 742 734
f 729 734 730
f 730 734 733
f 731 733 735
f 731 735 736
f 731 736 737
f 731 737 738
f 731 738 739
f 732 739 738
f 732 738 747
f 732 747 761
f 732 761 759
f 732 759 758
f 732 758 757
f 732 757 779
f 732 779 778
f 732 778 777
f 732 777 808
f 732 808 838
f 732 838 837
f 732 837 878
f 732 878 875
f 732 875 914
f 732 914 913
f 732 913 956
f 732 956 955
f 732 955 954
f 732 954 953
f 732 953 993
f 732 993 989
f 732 989 1030
f 732 1030 1053
f 732 1053 1052
f 732 1052 1051
f 732 1051 1050
f 732 1050 1055
f 732 1055 1042
f 732 1042 1041
f 732 1041 1040
f 732 1040 1005
f 732 1005 1007
f 732 1007 970
f 732 970 966
f 732 966 928
f 732 928 964
f 732 964 963
f 732 963 931
f 732 931 886
f 732 886 885
f 732 885 849
f 732 849 848
f 732 848 847
f 732 847 844
f 732 844 822
f 732 822 793
f 732 793 764
f 732 764 749
f 732 749 740
f 733 734 741
f 733 741 735
f 734 742 741
f 735 743 744
f 735 744 736
f 735 741 745
f 735 745 743
f 736 744 746
f 736 746 747
f 736 747 737
f 737 747 738
f 740 749 762
f 740 762 748
f 741 742 750
f 741 750 751
f 741 751 752
f 741 752 745
f 743 753 744
f 743 745 754
f 743 754 753
f 744 753 755
f 744 755 756
f 744 756 757
f 744 757 758
f 744 758 759
f 744 759 746
f 745 752 754
f 746 759 760
f 746 760 747
f 747 760 761
f 748 762 790
f 748 790 763
f 749 764 762
f 750 765 751
f 751 765 766
f 751 766 767
f 751 767 768
f 751 768 752
f 752 769 754
f 752 768 770
f 752 770 769
f 753 771 755
f 753 754 772
f 753 772 773
f 753 773 771
f 754 769 774
f 754 774 772
f 755 771 775
f 755 775 776
f 755 776 777
f 755 777 778
f 755 778 779
f 755 779 756
f 756 779 757
f 759 761 760
f 762 780 781
f 762 781 782
f 762 782 783
f 762 783 784
f 762 784 785
f 762 785 786
f 762 786 787
f 762 787 788
f 762 788 789
f 762 789 790
f 762 764 791
f 762 791 780
f 763 790 792
f 764 793 791
f 766 794 767
f 767 794 795
f 767 795 796
f 767 796 768
f 768 796 797
f 768 797 770
f 769 770 774
f 770 798 774
f 770 797 799
f 770 799 800
f 770 800 798
f 771 801 802
f 771 802 775
f 771 773 801
f 772 774 773
f 773 774 803
f 773 803 804
f 773 804 805
f 773 805 801
f 774 798 803
f 775 806 776
f 775 802 807
f 775 807 843
f 775 843 808
f 775 808 842
f 775 842 806
f 776 806 777
f 777 809 808
f 777 806 809
f 780 791 781
f 781 810 811
f 781 811 782
f 781 791 793
f 781 793 810
f 782 812 813
f 782 813 783
f 782 811 812
f 783 813 784
f 784 813 814
f 784 814 815
f 784 815 785
f 785 815 816
f 785 816 786
f 786 816 817
f 786 817 787
f 787 817 788
f 788 817 818
f 788 818 819
f 788 819 789
f 789 819 790
f 790 819 820
f 790 820 792
f 792 820 821
f 793 822 823
f 793 823 810
f 795 824 796
f 796 824 825
f 796 825 826
f 796 826 797
f 797 826 827
f 797 827 828
f 797 828 799
f 798 829 803
f 798 800 829
f 799 828 800
f 800 830 829
f 800 828 831
f 800 831 832
f 800 832 830
f 801 833 834
f 801 834 802
f 801 805 835
f 801 835 833
f 802 834 836
f 802 836 877
f 802 877 837
f 802 837 838
f 802 838 807
f 803 829 804
f 804 839 835
f 804 835 805
f 804 829 840
f 804 840 841
f 804 841 839
f 806 842 809
f 807 838 843
f 808 843 838
f 808 809 842
f 810 823 844
f 810 844 811
f 811 845 846
f 811 846 812
f 811 844 847
f 811 847 848
f 811 848 849
f 811 849 850
f 811 850 845
f 812 846 813
f 813 846 851
f 813 851 852
f 813 852 814
f 814 852 815
f 815 852 853
f 815 853 854
f 815 854 816
f 816 854 817
f 817 854 855
f 817 855 856
f 817 856 818
f 818 856 819
f 819 856 857
f 819 857 858
f 819 858 820
f 820 858 859
f 820 859 821
f 822 844 823
f 825 860 826
f 826 860 861
f 826 861 862
f 826 862 863
f 826 863 864
f 826 864 827
f 827 864 828
f 828 864 865
f 828 865 831
f 829 830 866
f 829 866 840
f 830 832 867
f 830 867 866
f 831 865 868
f 831 868 869
f 831 869 832
f 832 869 867
f 833 870 834
f 833 835 870
f 834 871 836
f 834 870 872
f 834 872 873
f 834 873 874
f 834 874 916
f 834 916 875
f 834 875 871
f 835 839 876
f 835 876 870
f 836 871 877
f 837 877 878
f 839 879 876
f 839 841 880
f 839 880 879
f 840 866 881
f 840 881 841
f 841 881 880
f 845 882 883
f 845 883 884
f 845 884 846
f 845 850 885
f 845 885 886
f 845 886 924
f 845 924 882
f 846 884 887
f 846 887 851
f 849 885 850
f 851 887 852
f 852 887 888
f 852 888 889
f 852 889 853
f 853 889 854
f 854 889 890
f 854 890 891
f 854 891 855
f 855 891 856
f 856 891 892
f 856 892 893
f 856 893 857
f 857 893 858
f 858 894 859
f 858 893 895
f 858 895 896
f 858 896 894
f 862 897 863
f 863 897 898
f 863 898 899
f 863 899 864
f 864 899 900
f 864 900 901
f 864 901 865
f 865 901 902
f 865 902 868
f 866 867 881
f 867 903 881
f 867 869 904
f 867 904 905
f 867 905 903
f 868 902 869
f 869 902 906
f 869 906 907
f 869 907 904
f 870 908 872
f 870 876 909
f 870 909 908
f 871 875 877
f 872 908 910
f 872 910 911
f 872 911 912
f 872 912 913
f 872 913 914
f 872 914 873
f 873 914 915
f 873 915 916
f 873 916 874
f 875 916 915
f 875 915 917
f 875 917 914
f 875 878 877
f 876 879 918
f 876 918 909
f 879 880 918
f 880 919 918
f 880 881 920
f 880 920 921
f 880 921 919
f 881 903 922
f 881 922 920
f 882 923 883
f 882 924 925
f 882 925 923
f 883 926 927
f 883 927 884
f 883 923 962
f 883 962 928
f 883 928 965
f 883 965 926
f 884 929 930
f 884 930 887
f 884 927 929
f 886 931 924
f 887 930 932
f 887 932 888
f 888 932 889
f 889 932 933
f 889 933 934
f 889 934 890
f 890 934 891
f 891 934 935
f 891 935 936
f 891 936 892
f 892 936 893
f 893 936 937
f 893 937 938
f 893 938 895
f 895 939 896
f 895 938 940
f 895 940 939
f 898 941 899
f 899 941 942
f 899 942 943
f 899 943 900
f 900 943 901
f 901 943 902
f 902 943 906
f 903 905 944
f 903 944 922
f 904 907 945
f 904 945 905
f 905 945 946
f 905 946 944
f 906 943 907
f 907 943 945
f 908 947 948
f 908 948 910
f 908 909 949
f 908 949 947
f 909 918 949
f 910 950 911
f 910 948 951
f 910 951 952
f 910 952 953
f 910 953 954
f 910 954 955
f 910 955 950
f 911 950 912
f 912 955 956
f 912 956 913
f 912 950 955
f 914 917 915
f 918 957 949
f 918 919 958
f 918 958 957
f 919 921 958
f 920 922 959
f 920 959 921
f 921 960 958
f 921 959 961
f 921 961 960
f 922 944 959
f 923 925 962
f 924 931 925
f 925 931 963
f 925 963 964
f 925 964 962
f 926 965 966
f 926 966 927
f 927 967 968
f 927 968 969
f 927 969 929
f 927 966 970
f 927 970 1002
f 927 1002 967
f 928 962 964
f 928 966 965
f 929 969 930
f 930 971 932
f 930 969 971
f 932 972 973
f 932 973 933
f 932 971 972
f 933 973 934
f 934 973 974
f 934 974 975
f 934 975 935
f 935 975 936
f 936 975 976
f 936 976 937
f 937 976 977
f 937 977 938
f 938 977 978
f 938 978 979
f 938 979 980
f 938 980 940
f 942 981 943
f 943 981 1019
f 943 1019 982
f 943 982 1023
f 943 1023 983
f 943 983 984
f 943 984 946
f 943 946 945
f 944 985 959
f 944 946 985
f 946 984 985
f 947 986 987
f 947 987 948
f 947 949 991
f 947 991 986
f 948 987 988
f 948 988 1030
f 948 1030 989
f 948 989 992
f 948 992 951
f 949 957 990
f 949 990 991
f 951 992 993
f 951 993 952
f 952 993 953
f 957 958 994
f 957 994 995
f 957 995 990
f 958 996 994
f 958 960 998
f 958 998 996
f 959 985 997
f 959 997 961
f 960 961 999
f 960 999 998
f 961 997 1000
f 961 1000 999
f 967 1001 968
f 967 1002 1001
f 968 1003 1004
f 968 1004 969
f 968 1001 1005
f 968 1005 1037
f 968 1037 1003
f 969 1004 1006
f 969 1006 971
f 970 1007 1002
f 971 1006 1008
f 971 1008 1009
f 971 1009 972
f 972 1009 973
f 973 1010 1011
f 973 1011 974
f 973 1009 1010
f 974 1011 975
f 975 1011 1012
f 975 1012 1013
f 975 1013 976
f 976 1013 1014
f 976 1014 977
f 977 1014 978
f 978 1014 1015
f 978 1015 1016
f 978 1016 1017
f 978 1017 1018
f 978 1018 979
f 982 1019 1020
f 982 1020 1021
f 982 1021 1022
f 982 1022 1023
f 983 1023 1024
f 983 1024 997
f 983 997 984
f 984 997 985
f 986 1025 988
f 986 988 987
f 986 991 1026
f 986 1026 1025
f 988 1025 1027
f 988 1027 1028
f 988 1028 1029
f 988 1029 1054
f 988 1054 1030
f 989 993 992
f 990 995 991
f 991 995 1026
f 994 996 995
f 995 1031 1026
f 995 996 1032
f 995 1032 1031
f 996 998 1032
f 997 1024 1033
f 997 1033 1000
f 998 999 1034
f 998 1034 1035
f 998 1035 1032
f 999 1000 1033
f 999 1033 1036
f 999 1036 1034
f 1001 1002 1005
f 1002 1007 1005
f 1003 1037 1038
f 1003 1038 1004
f 1004 1039 1027
f 1004 1027 1025
f 1004 1025 1006
f 1004 1038 1040
f 1004 1040 1041
f 1004 1041 1042
f 1004 1042 1043
f 1004 1043 1039
f 1005 1040 1044
f 1005 1044 1038
f 1005 1038 1037
f 1006 1025 1026
f 1006 1026 1008
f 1008 1026 1009
f 1009 1026 1031
f 1009 1031 1032
f 1009 1032 1010
f 1010 1032 1011
f 1011 1035 1012
f 1011 1032 1035
f 1012 1034 1036
f 1012 1036 1013
f 1012 1035 1034
f 1013 1036 1022
f 1013 1022 1014
f 1014 1022 1015
f 1015 1045 1016
f 1015 1022 1021
f 1015 1021 1046
f 1015 1046 1045
f 1020 1047 1021
f 1021 1047 1046
f 1022 1036 1033
f 1022 1033 1023
f 1023 1033 1024
f 1027 1048 1028
f 1027 1039 1049
f 1027 1049 1050
f 1027 1050 1051
f 1027 1051 1052
f 1027 1052 1048
f 1028 1048 1053
f 1028 1053 1029
f 1029 1053 1054
f 1030 1054 1053
f 1038 1044 1040
f 1039 1043 1049
f 1042 1055 1043
f 1043 1055 1050
f 1043 1050 1049
f 1048 1052 1053

o geometry_5
v -0.00280365 0.01200332 -0.00572752 0.08627451 0.01960784 0.83137255
v -0.00280365 0.01200332 -0.01009796 0.08627451 0.01960784 0.83137255
v -0.01188310 0.01200332 -0.00572752 0.08627451 0.01960784 0.83137255
v -0.00280365 0.00521597 -0.00572752 0.08627451 0.01960784 0.83137255
v -0.00280365 0.01198208 -0.01032875 0.08627451 0.01960784 0.83137255
v -0.01188772 0.01198140 -0.01033720 0.08627451 0.01960784 0.83137255
v -0.01150441 0.01198414 -0.01030736 0.08627451 0.01960784 0.83137255
v -0.02382586 0.01198688 -0.01027753 0.08627451 0.01960784 0.83137255
v -0.01188310 0.01200332 -0.01009796 0.08627451 0.01960784 0.83137255
v -0.04845492 0.01200195 -0.00572752 0.08627451 0.01960784 0.83137255
v -0.00280365 0.00502208 -0.00999101 0.08627451 0.01960784 0.83137255
v -0.02121656 0.00500427 -0.00572752 0.08627451 0.01960784 0.83137255
v -0.00280365 0.01198071 -0.01033720 0.08627451 0.01960784 0.83137255
v -0.00280365 0.01197866 -0.01034621 0.08627451 0.01960784 0.83137255
v -0.01188772 0.01191631 -0.01056968 0.08627451 0.01960784 0.83137255
v -0.03613808 0.01192453 -0.01054097 0.08627451 0.01960784 0.83137255
v -0.04845492 0.01198140 -0.01033720 0.08627451 0.01960784 0.83137255
v -0.03613808 0.01199510 -0.01018746 0.08627451 0.01960784 0.83137255
v -0.04845492 0.01200195 -0.01009796 0.08627451 0.01960784 0.83137255
v -0.04851034 0.01199852 -0.00572752 0.08627451 0.01960784 0.83137255
v -0.00280365 0.00502003 -0.01003773 0.08627451 0.01960784 0.83137255
v -0.02100874 0.00500427 -0.01000452 0.08627451 0.01960784 0.83137255
v -0.04998356 0.00500427 -0.00572752 0.08627451 0.01960784 0.83137255
v -0.00280365 0.01192316 -0.01054435 0.08627451 0.01960784 0.83137255
v -0.00280365 0.01191837 -0.01056124 0.08627451 0.01960784 0.83137255
v -0.00280365 0.01191563 -0.01056968 0.08627451 0.01960784 0.83137255
v -0.00280365 0.01191220 -0.01057756 0.08627451 0.01960784 0.83137255
v -0.00280365 0.01186698 -0.01067100 0.08627451 0.01960784 0.83137255
v -0.02382586 0.01183684 -0.01073349 0.08627451 0.01960784 0.83137255
v -0.04845492 0.01191631 -0.01056968 0.08627451 0.01960784 0.83137255
v -0.04871816 0.01195947 -0.01033720 0.08627451 0.01960784 0.83137255
v -0.04872278 0.01198140 -0.01009796 0.08627451 0.01960784 0.83137255
v -0.04872278 0.01198140 -0.00572752 0.08627451 0.01960784 0.83137255
v -0.00280365 0.00502003 -0.01014919 0.08627451 0.01960784 0.83137255
v -0.02100412 0.00500427 -0.01014919 0.08627451 0.01960784 0.83137255
v -0.04998356 0.01056186 -0.00572752 0.08627451 0.01960784 0.83137255
v -0.04998356 0.00500427 -0.01009796 0.08627451 0.01960784 0.83137255
v -0.00280365 0.01180943 -0.01078809 0.08627451 0.01960784 0.83137255
v -0.01188772 0.01181012 -0.01078809 0.08627451 0.01960784 0.83137255
v -0.01188772 0.01182382 -0.01075994 0.08627451 0.01960784 0.83137255
v -0.04845492 0.01181012 -0.01078809 0.08627451 0.01960784 0.83137255
v -0.04868122 0.01179094 -0.01078809 0.08627451 0.01960784 0.83137255
v -0.04870431 0.01189507 -0.01056968 0.08627451 0.01960784 0.83137255
v -0.04894446 0.01183478 -0.01056968 0.08627451 0.01960784 0.83137255
v -0.04897217 0.01189507 -0.01033720 0.08627451 0.01960784 0.83137255
v -0.04897679 0.01191631 -0.01009796 0.08627451 0.01960784 0.83137255
v -0.04897679 0.01191631 -0.00572752 0.08627451 0.01960784 0.83137255
v -0.00280365 0.00502893 -0.01026008 0.08627451 0.01960784 0.83137255
v -0.02101797 0.00500427 -0.01026008 0.08627451 0.01960784 0.83137255
v -0.02103645 0.00500427 -0.01037041 0.08627451 0.01960784 0.83137255
v -0.02106416 0.00500427 -0.01047793 0.08627451 0.01960784 0.83137255
v -0.02110110 0.00500427 -0.01058488 0.08627451 0.01960784 0.83137255
v -0.02115190 0.00500427 -0.01068677 0.08627451 0.01960784 0.83137255
v -0.02121194 0.00500427 -0.01078696 0.08627451 0.01960784 0.83137255
v -0.02127660 0.00500427 -0.01088378 0.08627451 0.01960784 0.83137255
v -0.02143361 0.00500427 -0.01105772 0.08627451 0.01960784 0.83137255
v -0.02161373 0.00500427 -0.01120014 0.08627451 0.01960784 0.83137255
v -0.02182155 0.00500427 -0.01131948 0.08627451 0.01960784 0.83137255
v -0.02204784 0.00500427 -0.01140673 0.08627451 0.01960784 0.83137255
v -0.02206632 0.00500427 -0.01141123 0.08627451 0.01960784 0.83137255
v -0.02228337 0.00500427 -0.01146020 0.08627451 0.01960784 0.83137255
v -0.04998356 0.01056186 -0.01009796 0.08627451 0.01960784 0.83137255
v -0.04995585 0.01081192 -0.00572752 0.08627451 0.01960784 0.83137255
v -0.04995585 0.00500427 -0.01033720 0.08627451 0.01960784 0.83137255
v -0.00280365 0.01180464 -0.01079484 0.08627451 0.01960784 0.83137255
v -0.00280365 0.01166625 -0.01098511 0.08627451 0.01960784 0.83137255
v -0.04845492 0.01166625 -0.01098511 0.08627451 0.01960784 0.83137255
v -0.04865813 0.01164912 -0.01098511 0.08627451 0.01960784 0.83137255
v -0.04890751 0.01173407 -0.01078809 0.08627451 0.01960784 0.83137255
v -0.04911533 0.01164295 -0.01078809 0.08627451 0.01960784 0.83137255
v -0.04917075 0.01173407 -0.01056968 0.08627451 0.01960784 0.83137255
v -0.04920770 0.01179094 -0.01033720 0.08627451 0.01960784 0.83137255
v -0.04921694 0.01181012 -0.01009796 0.08627451 0.01960784 0.83137255
v -0.04921694 0.01181012 -0.00572752 0.08627451 0.01960784 0.83137255
v -0.00280365 0.00504675 -0.01036985 0.08627451 0.01960784 0.83137255
v -0.02230646 0.00500427 -0.01146189 0.08627451 0.01960784 0.83137255
v -0.02253276 0.00500427 -0.01147766 0.08627451 0.01960784 0.83137255
v -0.04995585 0.01081192 -0.01009796 0.08627451 0.01960784 0.83137255
v -0.04993276 0.01080918 -0.01033720 0.08627451 0.01960784 0.83137255
v -0.04995585 0.01056186 -0.01033720 0.08627451 0.01960784 0.83137255
v -0.04990505 0.01100238 -0.00572752 0.08627451 0.01960784 0.83137255
v -0.04990505 0.00500427 -0.01050889 0.08627451 0.01960784 0.83137255
v -0.00280365 0.01150799 -0.01113653 0.08627451 0.01960784 0.83137255
v -0.01188772 0.01155458 -0.01109206 0.08627451 0.01960784 0.83137255
v -0.03613808 0.01155526 -0.01109150 0.08627451 0.01960784 0.83137255
v -0.04845492 0.01148812 -0.01115511 0.08627451 0.01960784 0.83137255
v -0.04862580 0.01147442 -0.01115511 0.08627451 0.01960784 0.83137255
v -0.04879206 0.01143263 -0.01115511 0.08627451 0.01960784 0.83137255
v -0.04885671 0.01159911 -0.01098511 0.08627451 0.01960784 0.83137255
v -0.04903682 0.01151826 -0.01098511 0.08627451 0.01960784 0.83137255
v -0.04920770 0.01140796 -0.01098511 0.08627451 0.01960784 0.83137255
v -0.04930468 0.01151826 -0.01078809 0.08627451 0.01960784 0.83137255
v -0.04937857 0.01159911 -0.01056968 0.08627451 0.01960784 0.83137255
v -0.04942013 0.01164912 -0.01033720 0.08627451 0.01960784 0.83137255
v -0.04943861 0.01166625 -0.01009796 0.08627451 0.01960784 0.83137255
v -0.04943861 0.01166625 -0.00572752 0.08627451 0.01960784 0.83137255
v -0.00280365 0.00507415 -0.01047849 0.08627451 0.01960784 0.83137255
v -0.04845492 0.00500427 -0.01147766 0.08627451 0.01960784 0.83137255
v -0.00280365 0.00645875 -0.01147766 0.08627451 0.01960784 0.83137255
v -0.00280365 0.00624157 -0.01146133 0.08627451 0.01960784 0.83137255
v -0.00280365 0.00622719 -0.01146020 0.08627451 0.01960784 0.83137255
v -0.00280365 0.00600179 -0.01140673 0.08627451 0.01960784 0.83137255
v -0.00280365 0.00578803 -0.01131948 0.08627451 0.01960784 0.83137255
v -0.00280365 0.00559826 -0.01120408 0.08627451 0.01960784 0.83137255
v -0.00280365 0.00559209 -0.01120014 0.08627451 0.01960784 0.83137255
v -0.00280365 0.00542630 -0.01105941 0.08627451 0.01960784 0.83137255
v -0.00280365 0.00541808 -0.01105209 0.08627451 0.01960784 0.83137255
v -0.00280365 0.00527694 -0.01088491 0.08627451 0.01960784 0.83137255
v -0.00280365 0.00520980 -0.01078528 0.08627451 0.01960784 0.83137255
v -0.00280365 0.00515568 -0.01068620 0.08627451 0.01960784 0.83137255
v -0.00280365 0.00511115 -0.01058488 0.08627451 0.01960784 0.83137255
v -0.04988658 0.01105513 -0.01009796 0.08627451 0.01960784 0.83137255
v -0.04986349 0.01104760 -0.01033720 0.08627451 0.01960784 0.83137255
v -0.04980345 0.01102567 -0.01056968 0.08627451 0.01960784 0.83137255
v -0.04986349 0.01079753 -0.01056968 0.08627451 0.01960784 0.83137255
v -0.04988658 0.01056186 -0.01056968 0.08627451 0.01960784 0.83137255
v -0.04988658 0.01105513 -0.00572752 0.08627451 0.01960784 0.83137255
v -0.04988658 0.00500427 -0.01056968 0.08627451 0.01960784 0.83137255
v -0.00280365 0.01148812 -0.01115511 0.08627451 0.01960784 0.83137255
v -0.03613808 0.01146277 -0.01117256 0.08627451 0.01960784 0.83137255
v -0.04845492 0.01128190 -0.01129302 0.08627451 0.01960784 0.83137255
v -0.04858423 0.01127163 -0.01129302 0.08627451 0.01960784 0.83137255
v -0.04871816 0.01123943 -0.01129302 0.08627451 0.01960784 0.83137255
v -0.04883824 0.01118599 -0.01129302 0.08627451 0.01960784 0.83137255
v -0.04894446 0.01136412 -0.01115511 0.08627451 0.01960784 0.83137255
v -0.04908762 0.01127163 -0.01115511 0.08627451 0.01960784 0.83137255
v -0.04935086 0.01127163 -0.01098511 0.08627451 0.01960784 0.83137255
v -0.04946632 0.01136412 -0.01078809 0.08627451 0.01960784 0.83137255
v -0.04955406 0.01143263 -0.01056968 0.08627451 0.01960784 0.83137255
v -0.04960486 0.01147442 -0.01033720 0.08627451 0.01960784 0.83137255
v -0.04962334 0.01148812 -0.01009796 0.08627451 0.01960784 0.83137255
v -0.04962334 0.01148812 -0.00572752 0.08627451 0.01960784 0.83137255
v -0.04852882 0.00500427 -0.01147259 0.08627451 0.01960784 0.83137255
v -0.04845492 0.01056186 -0.01147766 0.08627451 0.01960784 0.83137255
v -0.00280365 0.01056254 -0.01147766 0.08627451 0.01960784 0.83137255
v -0.04977574 0.01128190 -0.01009796 0.08627451 0.01960784 0.83137255
v -0.04975265 0.01127163 -0.01033720 0.08627451 0.01960784 0.83137255
v -0.04969261 0.01123943 -0.01056968 0.08627451 0.01960784 0.83137255
v -0.04959563 0.01118599 -0.01078809 0.08627451 0.01960784 0.83137255
v -0.04969261 0.01098936 -0.01078809 0.08627451 0.01960784 0.83137255
v -0.04975265 0.01077904 -0.01078809 0.08627451 0.01960784 0.83137255
v -0.04977574 0.01056186 -0.01078809 0.08627451 0.01960784 0.83137255
v -0.04980807 0.00500427 -0.01073067 0.08627451 0.01960784 0.83137255
v -0.04977574 0.01128190 -0.00572752 0.08627451 0.01960784 0.83137255
v -0.00280365 0.01146551 -0.01117031 0.08627451 0.01960784 0.83137255
v -0.01188772 0.01146346 -0.01117200 0.08627451 0.01960784 0.83137255
v -0.02382586 0.01133397 -0.01125868 0.08627451 0.01960784 0.83137255
v -0.00280365 0.01128259 -0.01129302 0.08627451 0.01960784 0.83137255
v -0.04845492 0.01105513 -0.01139491 0.08627451 0.01960784 0.83137255
v -0.01188310 0.01128259 -0.01129302 0.08627451 0.01960784 0.83137255
v -0.00280365 0.01127437 -0.01129696 0.08627451 0.01960784 0.83137255
v -0.03613808 0.01125450 -0.01130597 0.08627451 0.01960784 0.83137255
v -0.04854729 0.01104760 -0.01139491 0.08627451 0.01960784 0.83137255
v -0.04871816 0.01098936 -0.01139491 0.08627451 0.01960784 0.83137255
v -0.04863504 0.01102567 -0.01139491 0.08627451 0.01960784 0.83137255
v -0.04879206 0.01094003 -0.01139491 0.08627451 0.01960784 0.83137255
v -0.04894446 0.01111405 -0.01129302 0.08627451 0.01960784 0.83137255
v -0.04920770 0.01115721 -0.01115511 0.08627451 0.01960784 0.83137255
v -0.04930468 0.01102567 -0.01115511 0.08627451 0.01960784 0.83137255
v -0.04946632 0.01111405 -0.01098511 0.08627451 0.01960784 0.83137255
v -0.04872278 0.00500427 -0.01145683 0.08627451 0.01960784 0.83137255
v -0.04872278 0.01056186 -0.01145683 0.08627451 0.01960784 0.83137255
v -0.04871816 0.01060570 -0.01145683 0.08627451 0.01960784 0.83137255
v -0.04870431 0.01064818 -0.01145683 0.08627451 0.01960784 0.83137255
v -0.04868122 0.01068723 -0.01145683 0.08627451 0.01960784 0.83137255
v -0.04865813 0.01072286 -0.01145683 0.08627451 0.01960784 0.83137255
v -0.04862580 0.01075437 -0.01145683 0.08627451 0.01960784 0.83137255
v -0.04858423 0.01077904 -0.01145683 0.08627451 0.01960784 0.83137255
v -0.04854729 0.01079753 -0.01145683 0.08627451 0.01960784 0.83137255
v -0.04850111 0.01080918 -0.01145683 0.08627451 0.01960784 0.83137255
v -0.04845492 0.01081192 -0.01145683 0.08627451 0.01960784 0.83137255
v -0.03613808 0.01059406 -0.01147540 0.08627451 0.01960784 0.83137255
v -0.00280365 0.01057145 -0.01147709 0.08627451 0.01960784 0.83137255
v -0.01188310 0.01056254 -0.01147766 0.08627451 0.01960784 0.83137255
v -0.04955406 0.01094003 -0.01098511 0.08627451 0.01960784 0.83137255
v -0.04960486 0.01075437 -0.01098511 0.08627451 0.01960784 0.83137255
v -0.04962334 0.01056186 -0.01098511 0.08627451 0.01960784 0.83137255
v -0.04966490 0.00500427 -0.01093332 0.08627451 0.01960784 0.83137255
v -0.04977574 0.00500427 -0.01078809 0.08627451 0.01960784 0.83137255
v -0.01188772 0.01114351 -0.01135550 0.08627451 0.01960784 0.83137255
v -0.01188772 0.01105513 -0.01139491 0.08627451 0.01960784 0.83137255
v -0.02382586 0.01087358 -0.01144163 0.08627451 0.01960784 0.83137255
v -0.00280365 0.01117708 -0.01134031 0.08627451 0.01960784 0.83137255
v -0.04885671 0.01087906 -0.01139491 0.08627451 0.01960784 0.83137255
v -0.04903682 0.01102567 -0.01129302 0.08627451 0.01960784 0.83137255
v -0.04911533 0.01092222 -0.01129302 0.08627451 0.01960784 0.83137255
v -0.04937857 0.01087906 -0.01115511 0.08627451 0.01960784 0.83137255
v -0.04891213 0.00500427 -0.01141123 0.08627451 0.01960784 0.83137255
v -0.04897679 0.01056186 -0.01139491 0.08627451 0.01960784 0.83137255
v -0.04897217 0.01064818 -0.01139491 0.08627451 0.01960784 0.83137255
v -0.04894446 0.01073108 -0.01139491 0.08627451 0.01960784 0.83137255
v -0.04890751 0.01080918 -0.01139491 0.08627451 0.01960784 0.83137255
v -0.01188310 0.01081260 -0.01145683 0.08627451 0.01960784 0.83137255
v -0.00280365 0.01080301 -0.01145795 0.08627451 0.01960784 0.83137255
v -0.03613808 0.01078177 -0.01145964 0.08627451 0.01960784 0.83137255
v -0.02382586 0.01074957 -0.01146246 0.08627451 0.01960784 0.83137255
v -0.01150441 0.01065640 -0.01147034 0.08627451 0.01960784 0.83137255
v -0.01188772 0.01059474 -0.01147540 0.08627451 0.01960784 0.83137255
v -0.01188310 0.01059474 -0.01147540 0.08627451 0.01960784 0.83137255
v -0.00280365 0.01069614 -0.01146696 0.08627451 0.01960784 0.83137255
v -0.04942013 0.01072286 -0.01115511 0.08627451 0.01960784 0.83137255
v -0.04943861 0.01056186 -0.01115511 0.08627451 0.01960784 0.83137255
v -0.04962334 0.00500427 -0.01098511 0.08627451 0.01960784 0.83137255
v -0.00280365 0.01105445 -0.01139491 0.08627451 0.01960784 0.83137255
v -0.00280365 0.01096059 -0.01141911 0.08627451 0.01960784 0.83137255
v -0.01188310 0.01096538 -0.01141799 0.08627451 0.01960784 0.83137255
v -0.00280365 0.01083932 -0.01145007 0.08627451 0.01960784 0.83137255
v -0.00280365 0.01081260 -0.01145683 0.08627451 0.01960784 0.83137255
v -0.04917075 0.01080918 -0.01129302 0.08627451 0.01960784 0.83137255
v -0.04920770 0.01068723 -0.01129302 0.08627451 0.01960784 0.83137255
v -0.04897679 0.00500427 -0.01139491 0.08627451 0.01960784 0.83137255
v -0.04904144 0.00500427 -0.01136789 0.08627451 0.01960784 0.83137255
v -0.04921694 0.01056186 -0.01129302 0.08627451 0.01960784 0.83137255
v -0.04927697 0.00500427 -0.01125699 0.08627451 0.01960784 0.83137255
v -0.04943861 0.00500427 -0.01115511 0.08627451 0.01960784 0.83137255
v -0.04921694 0.00500427 -0.01129302 0.08627451 0.01960784 0.83137255
f 1056 1057 1064
f 1056 1064 1058
f 1056 1058 1065
f 1056 1065 1075
f 1056 1075 1088
f 1056 1088 1102
f 1056 1102 1129
f 1056 1129 1151
f 1056 1151 1187
f 1056 1187 1199
f 1056 1199 1172
f 1056 1172 1136
f 1056 1136 1118
f 1056 1118 1091
f 1056 1091 1078
f 1056 1078 1067
f 1056 1067 1059
f 1056 1059 1066
f 1056 1066 1076
f 1056 1076 1089
f 1056 1089 1103
f 1056 1103 1130
f 1056 1130 1152
f 1056 1152 1166
f 1056 1166 1165
f 1056 1165 1164
f 1056 1164 1163
f 1056 1163 1162
f 1056 1162 1161
f 1056 1161 1160
f 1056 1160 1159
f 1056 1159 1158
f 1056 1158 1157
f 1056 1157 1156
f 1056 1156 1155
f 1056 1155 1154
f 1056 1154 1190
f 1056 1190 1228
f 1056 1228 1255
f 1056 1255 1249
f 1056 1249 1263
f 1056 1263 1262
f 1056 1262 1260
f 1056 1260 1259
f 1056 1259 1238
f 1056 1238 1206
f 1056 1206 1203
f 1056 1203 1200
f 1056 1200 1174
f 1056 1174 1138
f 1056 1138 1121
f 1056 1121 1120
f 1056 1120 1093
f 1056 1093 1083
f 1056 1083 1082
f 1056 1082 1081
f 1056 1081 1080
f 1056 1080 1079
f 1056 1079 1069
f 1056 1069 1068
f 1056 1068 1060
f 1056 1060 1057
f 1057 1060 1061
f 1057 1061 1062
f 1057 1062 1063
f 1057 1063 1064
f 1058 1064 1074
f 1058 1074 1065
f 1059 1067 1066
f 1060 1068 1061
f 1061 1068 1069
f 1061 1069 1070
f 1061 1070 1071
f 1061 1071 1072
f 1061 1072 1063
f 1061 1063 1062
f 1063 1072 1064
f 1064 1072 1073
f 1064 1073 1074
f 1065 1074 1075
f 1066 1067 1076
f 1067 1077 1076
f 1067 1078 1092
f 1067 1092 1119
f 1067 1119 1137
f 1067 1137 1173
f 1067 1173 1198
f 1067 1198 1234
f 1067 1234 1233
f 1067 1233 1258
f 1067 1258 1270
f 1067 1270 1269
f 1067 1269 1271
f 1067 1271 1267
f 1067 1267 1266
f 1067 1266 1243
f 1067 1243 1216
f 1067 1216 1188
f 1067 1188 1153
f 1067 1153 1132
f 1067 1132 1131
f 1067 1131 1116
f 1067 1116 1115
f 1067 1115 1114
f 1067 1114 1113
f 1067 1113 1112
f 1067 1112 1111
f 1067 1111 1110
f 1067 1110 1109
f 1067 1109 1108
f 1067 1108 1107
f 1067 1107 1106
f 1067 1106 1105
f 1067 1105 1104
f 1067 1104 1090
f 1067 1090 1077
f 1069 1079 1070
f 1070 1079 1080
f 1070 1080 1081
f 1070 1081 1082
f 1070 1082 1083
f 1070 1083 1084
f 1070 1084 1085
f 1070 1085 1071
f 1071 1085 1072
f 1072 1085 1086
f 1072 1086 1087
f 1072 1087 1074
f 1072 1074 1073
f 1074 1087 1075
f 1075 1087 1088
f 1076 1077 1090
f 1076 1090 1089
f 1078 1091 1117
f 1078 1117 1092
f 1083 1093 1094
f 1083 1094 1095
f 1083 1095 1084
f 1084 1096 1085
f 1084 1095 1094
f 1084 1094 1096
f 1085 1096 1097
f 1085 1097 1098
f 1085 1098 1086
f 1086 1098 1099
f 1086 1099 1100
f 1086 1100 1087
f 1087 1100 1101
f 1087 1101 1102
f 1087 1102 1088
f 1089 1090 1104
f 1089 1104 1105
f 1089 1105 1106
f 1089 1106 1107
f 1089 1107 1108
f 1089 1108 1109
f 1089 1109 1110
f 1089 1110 1111
f 1089 1111 1112
f 1089 1112 1113
f 1089 1113 1114
f 1089 1114 1115
f 1089 1115 1116
f 1089 1116 1103
f 1091 1118 1133
f 1091 1133 1117
f 1092 1117 1135
f 1092 1135 1119
f 1093 1120 1094
f 1094 1120 1121
f 1094 1121 1122
f 1094 1122 1096
f 1096 1122 1123
f 1096 1123 1097
f 1097 1123 1124
f 1097 1124 1099
f 1097 1099 1098
f 1099 1124 1125
f 1099 1125 1126
f 1099 1126 1127
f 1099 1127 1100
f 1100 1127 1101
f 1101 1127 1128
f 1101 1128 1129
f 1101 1129 1102
f 1103 1116 1131
f 1103 1131 1132
f 1103 1132 1130
f 1117 1133 1134
f 1117 1134 1135
f 1118 1136 1133
f 1119 1135 1137
f 1121 1138 1139
f 1121 1139 1140
f 1121 1140 1122
f 1122 1140 1141
f 1122 1141 1142
f 1122 1142 1123
f 1123 1142 1143
f 1123 1143 1144
f 1123 1144 1124
f 1124 1144 1125
f 1125 1145 1146
f 1125 1146 1147
f 1125 1147 1148
f 1125 1148 1126
f 1125 1144 1145
f 1126 1148 1127
f 1127 1148 1149
f 1127 1149 1150
f 1127 1150 1128
f 1128 1150 1151
f 1128 1151 1129
f 1130 1132 1152
f 1132 1153 1189
f 1132 1189 1229
f 1132 1229 1190
f 1132 1190 1154
f 1132 1154 1155
f 1132 1155 1156
f 1132 1156 1157
f 1132 1157 1158
f 1132 1158 1159
f 1132 1159 1160
f 1132 1160 1161
f 1132 1161 1162
f 1132 1162 1163
f 1132 1163 1164
f 1132 1164 1165
f 1132 1165 1166
f 1132 1166 1152
f 1133 1136 1167
f 1133 1167 1134
f 1134 1167 1168
f 1134 1168 1169
f 1134 1169 1170
f 1134 1170 1171
f 1134 1171 1135
f 1135 1171 1137
f 1136 1172 1167
f 1137 1171 1173
f 1138 1174 1141
f 1138 1141 1140
f 1138 1140 1139
f 1141 1174 1175
f 1141 1175 1176
f 1141 1176 1177
f 1141 1177 1142
f 1142 1177 1178
f 1142 1178 1143
f 1143 1178 1179
f 1143 1179 1180
f 1143 1180 1145
f 1143 1145 1144
f 1145 1180 1146
f 1146 1180 1181
f 1146 1181 1182
f 1146 1182 1147
f 1147 1182 1183
f 1147 1183 1184
f 1147 1184 1148
f 1148 1184 1185
f 1148 1185 1149
f 1149 1185 1150
f 1150 1185 1186
f 1150 1186 1187
f 1150 1187 1151
f 1153 1188 1189
f 1167 1172 1199
f 1167 1199 1191
f 1167 1191 1168
f 1168 1191 1192
f 1168 1192 1169
f 1169 1192 1193
f 1169 1193 1194
f 1169 1194 1195
f 1169 1195 1196
f 1169 1196 1170
f 1170 1196 1197
f 1170 1197 1171
f 1171 1197 1198
f 1171 1198 1173
f 1174 1200 1201
f 1174 1201 1175
f 1175 1202 1176
f 1175 1201 1203
f 1175 1203 1202
f 1176 1204 1177
f 1176 1202 1205
f 1176 1205 1206
f 1176 1206 1207
f 1176 1207 1204
f 1177 1208 1178
f 1177 1204 1208
f 1178 1209 1179
f 1178 1208 1210
f 1178 1210 1209
f 1179 1209 1211
f 1179 1211 1212
f 1179 1212 1181
f 1179 1181 1180
f 1181 1213 1182
f 1181 1212 1213
f 1182 1213 1214
f 1182 1214 1215
f 1182 1215 1183
f 1183 1215 1194
f 1183 1194 1184
f 1184 1194 1193
f 1184 1193 1192
f 1184 1192 1185
f 1185 1192 1191
f 1185 1191 1186
f 1186 1191 1199
f 1186 1199 1187
f 1188 1216 1217
f 1188 1217 1189
f 1189 1217 1218
f 1189 1218 1219
f 1189 1219 1220
f 1189 1220 1221
f 1189 1221 1222
f 1189 1222 1223
f 1189 1223 1224
f 1189 1224 1225
f 1189 1225 1226
f 1189 1226 1227
f 1189 1227 1228
f 1189 1228 1229
f 1190 1229 1228
f 1194 1215 1230
f 1194 1230 1195
f 1195 1230 1196
f 1196 1230 1231
f 1196 1231 1197
f 1197 1231 1232
f 1197 1232 1233
f 1197 1233 1234
f 1197 1234 1198
f 1200 1203 1201
f 1202 1203 1205
f 1203 1206 1205
f 1204 1226 1225
f 1204 1225 1208
f 1204 1207 1235
f 1204 1235 1236
f 1204 1236 1237
f 1204 1237 1226
f 1206 1238 1236
f 1206 1236 1235
f 1206 1235 1207
f 1208 1225 1210
f 1209 1210 1224
f 1209 1224 1223
f 1209 1223 1222
f 1209 1222 1211
f 1210 1225 1224
f 1211 1239 1212
f 1211 1222 1239
f 1212 1239 1240
f 1212 1240 1213
f 1213 1240 1241
f 1213 1241 1214
f 1214 1242 1230
f 1214 1230 1215
f 1214 1241 1242
f 1216 1243 1217
f 1217 1243 1244
f 1217 1244 1245
f 1217 1245 1218
f 1218 1245 1219
f 1219 1245 1246
f 1219 1246 1247
f 1219 1247 1220
f 1220 1247 1221
f 1221 1247 1239
f 1221 1239 1222
f 1226 1237 1248
f 1226 1248 1249
f 1226 1249 1250
f 1226 1250 1227
f 1227 1250 1251
f 1227 1251 1252
f 1227 1252 1253
f 1227 1253 1228
f 1228 1253 1254
f 1228 1254 1255
f 1230 1242 1231
f 1231 1242 1256
f 1231 1256 1257
f 1231 1257 1232
f 1232 1258 1233
f 1232 1257 1270
f 1232 1270 1258
f 1236 1238 1259
f 1236 1259 1260
f 1236 1260 1261
f 1236 1261 1237
f 1237 1261 1260
f 1237 1260 1262
f 1237 1262 1263
f 1237 1263 1248
f 1239 1247 1241
f 1239 1241 1240
f 1241 1264 1242
f 1241 1247 1264
f 1242 1264 1265
f 1242 1265 1256
f 1243 1266 1244
f 1244 1266 1267
f 1244 1267 1268
f 1244 1268 1245
f 1245 1268 1265
f 1245 1265 1264
f 1245 1264 1246
f 1246 1264 1247
f 1248 1263 1249
f 1249 1255 1252
f 1249 1252 1251
f 1249 1251 1250
f 1252 1255 1254
f 1252 1254 1253
f 1256 1265 1257
f 1257 1265 1268
f 1257 1268 1269
f 1257 1269 1270
f 1267 1271 1268
f 1268 1271 1269

o geometry_6
v -0.02120428 0.01200332 0.00164839 0.77647059 0.86666667 0.97647059
v -0.02120428 -0.01200332 0.00164839 0.77647059 0.86666667 0.97647059
v -0.02120428 0.01200332 -0.00572752 0.77647059 0.86666667 0.97647059
v -0.04845846 0.01200332 0.00164839 0.77647059 0.86666667 0.97647059
v -0.02120428 -0.01200332 -0.00572752 0.77647059 0.86666667 0.97647059
v -0.04845846 -0.01200332 0.00164839 0.77647059 0.86666667 0.97647059
v -0.04845846 0.01200332 -0.00572752 0.77647059 0.86666667 0.97647059
v -0.04856985 0.01199392 0.00164839 0.77647059 0.86666667 0.97647059
v -0.04845846 -0.01200332 -0.00572752 0.77647059 0.86666667 0.97647059
v -0.04856985 -0.01199392 0.00164839 0.77647059 0.86666667 0.97647059
v -0.04872409 0.01197982 -0.00572752 0.77647059 0.86666667 0.97647059
v -0.04872409 0.01197982 0.00164839 0.77647059 0.86666667 0.97647059
v -0.04872409 -0.01197982 -0.00572752 0.77647059 0.86666667 0.97647059
v -0.04872409 -0.01197982 0.00164839 0.77647059 0.86666667 0.97647059
v -0.04882977 0.01195397 0.00164839 0.77647059 0.86666667 0.97647059
v -0.04892403 0.01193047 -0.00572752 0.77647059 0.86666667 0.97647059
v -0.04882977 -0.01195397 0.00164839 0.77647059 0.86666667 0.97647059
v -0.04892403 -0.01193047 -0.00572752 0.77647059 0.86666667 0.97647059
v -0.04897829 0.01191637 0.00164839 0.77647059 0.86666667 0.97647059
v -0.04897829 0.01191637 -0.00572752 0.77647059 0.86666667 0.97647059
v -0.04897829 -0.01191637 0.00164839 0.77647059 0.86666667 0.97647059
v -0.04897829 -0.01191637 -0.00572752 0.77647059 0.86666667 0.97647059
v -0.04903256 0.01189287 -0.00572752 0.77647059 0.86666667 0.97647059
v -0.04908112 0.01187173 0.00164839 0.77647059 0.86666667 0.97647059
v -0.04908112 -0.01187173 0.00164839 0.77647059 0.86666667 0.97647059
v -0.04903256 -0.01189287 -0.00572752 0.77647059 0.86666667 0.97647059
v -0.04922107 0.01180828 -0.00572752 0.77647059 0.86666667 0.97647059
v -0.04922107 0.01180828 0.00164839 0.77647059 0.86666667 0.97647059
v -0.04922107 -0.01180828 0.00164839 0.77647059 0.86666667 0.97647059
v -0.04922107 -0.01180828 -0.00572752 0.77647059 0.86666667 0.97647059
v -0.04931247 0.01174953 0.00164839 0.77647059 0.86666667 0.97647059
v -0.04943815 0.01166493 -0.00572752 0.77647059 0.86666667 0.97647059
v -0.04931247 -0.01174953 0.00164839 0.77647059 0.86666667 0.97647059
v -0.04943815 -0.01166493 -0.00572752 0.77647059 0.86666667 0.97647059
v -0.04943815 0.01166493 0.00164839 0.77647059 0.86666667 0.97647059
v -0.04962666 0.01148869 -0.00572752 0.77647059 0.86666667 0.97647059
v -0.04943815 -0.01166493 0.00164839 0.77647059 0.86666667 0.97647059
v -0.04962666 -0.01148869 -0.00572752 0.77647059 0.86666667 0.97647059
v -0.04962666 0.01148869 0.00164839 0.77647059 0.86666667 0.97647059
v -0.04977804 0.01128190 -0.00572752 0.77647059 0.86666667 0.97647059
v -0.04971520 0.01136885 0.00164839 0.77647059 0.86666667 0.97647059
v -0.04962666 -0.01148869 0.00164839 0.77647059 0.86666667 0.97647059
v -0.04971520 -0.01136885 0.00164839 0.77647059 0.86666667 0.97647059
v -0.04977804 -0.01128190 -0.00572752 0.77647059 0.86666667 0.97647059
v -0.04986659 0.01110331 -0.00572752 0.77647059 0.86666667 0.97647059
v -0.04983516 0.01116910 0.00002390 0.77647059 0.86666667 0.97647059
v -0.04977804 0.01128190 0.00164839 0.77647059 0.86666667 0.97647059
v -0.04977804 -0.01128190 0.00164839 0.77647059 0.86666667 0.97647059
v -0.04983516 -0.01116910 0.00002390 0.77647059 0.86666667 0.97647059
v -0.04986659 -0.01110331 -0.00572752 0.77647059 0.86666667 0.97647059
v -0.04988943 0.01105396 -0.00572752 0.77647059 0.86666667 0.97647059
v -0.04988943 0.01105396 0.00164839 0.77647059 0.86666667 0.97647059
v -0.04984373 0.01115030 0.00164839 0.77647059 0.86666667 0.97647059
v -0.04984373 -0.01115030 0.00164839 0.77647059 0.86666667 0.97647059
v -0.04988943 -0.01105396 0.00164839 0.77647059 0.86666667 0.97647059
v -0.04988943 -0.01105396 -0.00572752 0.77647059 0.86666667 0.97647059
v -0.04994370 0.01086362 -0.00572752 0.77647059 0.86666667 0.97647059
v -0.05038070 0.00958527 -0.00571092 0.77647059 0.86666667 0.97647059
v -0.05038070 0.00958527 0.00164839 0.77647059 0.86666667 0.97647059
v -0.05038070 -0.00958527 0.00164839 0.77647059 0.86666667 0.97647059
v -0.05038070 -0.00958527 -0.00571092 0.77647059 0.86666667 0.97647059
v -0.04994370 -0.01086362 -0.00572752 0.77647059 0.86666667 0.97647059
v -0.04995798 0.01081192 -0.00572752 0.77647059 0.86666667 0.97647059
v -0.04996370 0.01075787 -0.00572752 0.77647059 0.86666667 0.97647059
v -0.04997798 0.01061688 -0.00572752 0.77647059 0.86666667 0.97647059
v -0.04998083 0.01056283 -0.00572752 0.77647059 0.86666667 0.97647059
v -0.04998083 -0.01056283 -0.00572752 0.77647059 0.86666667 0.97647059
v -0.04997798 -0.01061688 -0.00572752 0.77647059 0.86666667 0.97647059
v -0.04996370 -0.01075787 -0.00572752 0.77647059 0.86666667 0.97647059
v -0.04995798 -0.01081192 -0.00572752 0.77647059 0.86666667 0.97647059
f 1272 1273 1276
f 1272 1276 1274
f 1272 1274 1278
f 1272 1278 1275
f 1272 1275 1279
f 1272 1279 1283
f 1272 1283 1286
f 1272 1286 1290
f 1272 1290 1295
f 1272 1295 1299
f 1272 1299 1302
f 1272 1302 1306
f 1272 1306 1310
f 1272 1310 1312
f 1272 1312 1318
f 1272 1318 1324
f 1272 1324 1323
f 1272 1323 1330
f 1272 1330 1331
f 1272 1331 1326
f 1272 1326 1325
f 1272 1325 1319
f 1272 1319 1314
f 1272 1314 1313
f 1272 1313 1308
f 1272 1308 1304
f 1272 1304 1300
f 1272 1300 1296
f 1272 1296 1292
f 1272 1292 1288
f 1272 1288 1285
f 1272 1285 1281
f 1272 1281 1277
f 1272 1277 1273
f 1273 1277 1280
f 1273 1280 1276
f 1274 1276 1280
f 1274 1280 1284
f 1274 1284 1289
f 1274 1289 1293
f 1274 1293 1297
f 1274 1297 1301
f 1274 1301 1305
f 1274 1305 1309
f 1274 1309 1315
f 1274 1315 1321
f 1274 1321 1327
f 1274 1327 1333
f 1274 1333 1341
f 1274 1341 1340
f 1274 1340 1339
f 1274 1339 1338
f 1274 1338 1337
f 1274 1337 1336
f 1274 1336 1335
f 1274 1335 1334
f 1274 1334 1328
f 1274 1328 1322
f 1274 1322 1316
f 1274 1316 1311
f 1274 1311 1307
f 1274 1307 1303
f 1274 1303 1298
f 1274 1298 1294
f 1274 1294 1291
f 1274 1291 1287
f 1274 1287 1282
f 1274 1282 1278
f 1275 1278 1279
f 1277 1281 1280
f 1278 1282 1279
f 1279 1282 1283
f 1280 1281 1284
f 1281 1285 1284
f 1282 1286 1283
f 1282 1287 1286
f 1284 1285 1288
f 1284 1288 1289
f 1286 1287 1290
f 1287 1291 1290
f 1288 1292 1289
f 1289 1292 1293
f 1290 1291 1294
f 1290 1294 1295
f 1292 1296 1297
f 1292 1297 1293
f 1294 1298 1295
f 1295 1298 1299
f 1296 1300 1301
f 1296 1301 1297
f 1298 1302 1299
f 1298 1303 1302
f 1300 1304 1301
f 1301 1304 1305
f 1302 1303 1306
f 1303 1307 1310
f 1303 1310 1306
f 1304 1308 1305
f 1305 1308 1313
f 1305 1313 1309
f 1307 1311 1312
f 1307 1312 1310
f 1309 1313 1314
f 1309 1314 1315
f 1311 1316 1317
f 1311 1317 1318
f 1311 1318 1312
f 1314 1319 1315
f 1315 1319 1320
f 1315 1320 1321
f 1316 1322 1323
f 1316 1323 1317
f 1317 1323 1324
f 1317 1324 1318
f 1319 1325 1320
f 1320 1325 1326
f 1320 1326 1321
f 1321 1326 1327
f 1322 1328 1329
f 1322 1329 1330
f 1322 1330 1323
f 1326 1331 1332
f 1326 1332 1327
f 1327 1332 1333
f 1328 1334 1329
f 1329 1334 1335
f 1329 1335 1336
f 1329 1336 1337
f 1329 1337 1338
f 1329 1338 1332
f 1329 1332 1331
f 1329 1331 1330
f 1332 1338 1339
f 1332 1339 1340
f 1332 1340 1341
f 1332 1341 1333

o geometry_7
v -0.02157037 -0.00553374 0.00167910 0.79607843 0.45882353 0.78039216
v -0.02157037 -0.00553374 0.00164880 0.79607843 0.45882353 0.78039216
v -0.02176960 -0.00553374 0.00577635 0.79607843 0.45882353 0.78039216
v -0.00967611 -0.00555211 0.00164880 0.79607843 0.45882353 0.78039216
v -0.05037958 -0.00553374 0.00164880 0.79607843 0.45882353 0.78039216
v -0.00967611 -0.00574019 0.00577635 0.79607843 0.45882353 0.78039216
v -0.04600839 -0.00553374 0.00577635 0.79607843 0.45882353 0.78039216
v -0.00967611 -0.01200269 0.00164880 0.79607843 0.45882353 0.78039216
v -0.05037958 -0.00958609 0.00164880 0.79607843 0.45882353 0.78039216
v -0.05037958 -0.00553374 0.00575938 0.79607843 0.45882353 0.78039216
v -0.00967611 -0.01200269 0.00577635 0.79607843 0.45882353 0.78039216
v -0.04998111 -0.00553374 0.00577554 0.79607843 0.45882353 0.78039216
v -0.04998111 -0.00960256 0.00577635 0.79607843 0.45882353 0.78039216
v -0.04845896 -0.01200269 0.00164880 0.79607843 0.45882353 0.78039216
v -0.05037958 -0.00958609 0.00575938 0.79607843 0.45882353 0.78039216
v -0.04988946 -0.01105530 0.00164880 0.79607843 0.45882353 0.78039216
v -0.05029590 -0.00553374 0.00576301 0.79607843 0.45882353 0.78039216
v -0.04845896 -0.01200269 0.00577635 0.79607843 0.45882353 0.78039216
v -0.04998111 -0.01056261 0.00577635 0.79607843 0.45882353 0.78039216
v -0.04857054 -0.01199382 0.00164880 0.79607843 0.45882353 0.78039216
v -0.04988946 -0.01105530 0.00577635 0.79607843 0.45882353 0.78039216
v -0.04990540 -0.01100274 0.00577635 0.79607843 0.45882353 0.78039216
v -0.04994525 -0.01086532 0.00577635 0.79607843 0.45882353 0.78039216
v -0.04995720 -0.01081276 0.00577635 0.79607843 0.45882353 0.78039216
v -0.04996517 -0.01075893 0.00577635 0.79607843 0.45882353 0.78039216
v -0.04997713 -0.01061644 0.00577635 0.79607843 0.45882353 0.78039216
v -0.04982571 -0.01118702 0.00164880 0.79607843 0.45882353 0.78039216
v -0.04851475 -0.01199825 0.00577635 0.79607843 0.45882353 0.78039216
v -0.04872195 -0.01198116 0.00577635 0.79607843 0.45882353 0.78039216
v -0.04872195 -0.01198116 0.00164880 0.79607843 0.45882353 0.78039216
v -0.04986555 -0.01110406 0.00577635 0.79607843 0.45882353 0.78039216
v -0.04977789 -0.01128265 0.00164880 0.79607843 0.45882353 0.78039216
v -0.04977789 -0.01128265 0.00577635 0.79607843 0.45882353 0.78039216
v -0.04877773 -0.01196722 0.00577635 0.79607843 0.45882353 0.78039216
v -0.04882954 -0.01195392 0.00164880 0.79607843 0.45882353 0.78039216
v -0.04974601 -0.01132698 0.00577635 0.79607843 0.45882353 0.78039216
v -0.04969023 -0.01140234 0.00164880 0.79607843 0.45882353 0.78039216
v -0.04892517 -0.01192986 0.00577635 0.79607843 0.45882353 0.78039216
v -0.04897697 -0.01191593 0.00164880 0.79607843 0.45882353 0.78039216
v -0.04962648 -0.01148846 0.00577635 0.79607843 0.45882353 0.78039216
v -0.04962648 -0.01148846 0.00164880 0.79607843 0.45882353 0.78039216
v -0.04897697 -0.01191593 0.00577635 0.79607843 0.45882353 0.78039216
v -0.04903276 -0.01189313 0.00577635 0.79607843 0.45882353 0.78039216
v -0.04908057 -0.01187160 0.00164880 0.79607843 0.45882353 0.78039216
v -0.04949498 -0.01161322 0.00577635 0.79607843 0.45882353 0.78039216
v -0.04954678 -0.01156319 0.00164880 0.79607843 0.45882353 0.78039216
v -0.04922003 -0.01181017 0.00577635 0.79607843 0.45882353 0.78039216
v -0.04912042 -0.01185450 0.00164880 0.79607843 0.45882353 0.78039216
v -0.04943521 -0.01166578 0.00164880 0.79607843 0.45882353 0.78039216
v -0.04947904 -0.01162779 0.00577635 0.79607843 0.45882353 0.78039216
v -0.04922003 -0.01181017 0.00164880 0.79607843 0.45882353 0.78039216
v -0.04926785 -0.01177914 0.00577635 0.79607843 0.45882353 0.78039216
v -0.04934755 -0.01172658 0.00164880 0.79607843 0.45882353 0.78039216
v -0.04939138 -0.01169681 0.00577635 0.79607843 0.45882353 0.78039216
v -0.04943521 -0.01166578 0.00577635 0.79607843 0.45882353 0.78039216
f 1342 1343 1346
f 1342 1346 1351
f 1342 1351 1358
f 1342 1358 1353
f 1342 1353 1348
f 1342 1348 1344
f 1342 1344 1345
f 1342 1345 1343
f 1343 1345 1349
f 1343 1349 1355
f 1343 1355 1361
f 1343 1361 1371
f 1343 1371 1376
f 1343 1376 1380
f 1343 1380 1385
f 1343 1385 1389
f 1343 1389 1392
f 1343 1392 1394
f 1343 1394 1390
f 1343 1390 1387
f 1343 1387 1382
f 1343 1382 1378
f 1343 1378 1373
f 1343 1373 1368
f 1343 1368 1357
f 1343 1357 1350
f 1343 1350 1346
f 1344 1347 1345
f 1344 1348 1354
f 1344 1354 1360
f 1344 1360 1367
f 1344 1367 1366
f 1344 1366 1365
f 1344 1365 1364
f 1344 1364 1363
f 1344 1363 1362
f 1344 1362 1372
f 1344 1372 1374
f 1344 1374 1377
f 1344 1377 1381
f 1344 1381 1386
f 1344 1386 1391
f 1344 1391 1396
f 1344 1396 1395
f 1344 1395 1393
f 1344 1393 1388
f 1344 1388 1384
f 1344 1384 1383
f 1344 1383 1379
f 1344 1379 1375
f 1344 1375 1370
f 1344 1370 1369
f 1344 1369 1359
f 1344 1359 1352
f 1344 1352 1347
f 1345 1347 1352
f 1345 1352 1349
f 1346 1350 1356
f 1346 1356 1351
f 1348 1353 1354
f 1349 1352 1359
f 1349 1359 1355
f 1350 1357 1362
f 1350 1362 1356
f 1351 1356 1358
f 1353 1358 1354
f 1354 1358 1360
f 1355 1359 1369
f 1355 1369 1361
f 1356 1362 1363
f 1356 1363 1364
f 1356 1364 1365
f 1356 1365 1366
f 1356 1366 1367
f 1356 1367 1360
f 1356 1360 1358
f 1357 1368 1362
f 1361 1369 1370
f 1361 1370 1371
f 1362 1368 1372
f 1368 1373 1374
f 1368 1374 1372
f 1370 1375 1371
f 1371 1375 1376
f 1373 1377 1374
f 1373 1378 1377
f 1375 1379 1376
f 1376 1379 1380
f 1377 1378 1382
f 1377 1382 1381
f 1379 1383 1380
f 1380 1384 1385
f 1380 1383 1384
f 1381 1382 1386
f 1382 1387 1386
f 1384 1388 1389
f 1384 1389 1385
f 1386 1390 1391
f 1386 1387 1390
f 1388 1392 1389
f 1388 1393 1392
f 1390 1394 1395
f 1390 1395 1396
f 1390 1396 1391
f 1392 1393 1394
f 1393 1395 1394

o geometry_8
v -0.00280542 -0.00502013 -0.01003773 0.11764706 0.63921569 0.14117647
v -0.00280542 -0.00521633 -0.00572752 0.11764706 0.63921569 0.14117647
v -0.00280542 -0.00502013 -0.01014919 0.11764706 0.63921569 0.14117647
v -0.02098872 -0.00502013 -0.01003773 0.11764706 0.63921569 0.14117647
v -0.02098872 -0.00502081 -0.01001972 0.11764706 0.63921569 0.14117647
v -0.00280542 -0.01200332 -0.00572752 0.11764706 0.63921569 0.14117647
v -0.02098872 -0.00521633 -0.00572752 0.11764706 0.63921569 0.14117647
v -0.00280542 -0.00502901 -0.01026008 0.11764706 0.63921569 0.14117647
v -0.01187838 -0.00502355 -0.01020435 0.11764706 0.63921569 0.14117647
v -0.02098872 -0.00502013 -0.01014919 0.11764706 0.63921569 0.14117647
v -0.00280542 -0.01200332 -0.01009796 0.11764706 0.63921569 0.14117647
v -0.02098872 -0.01200332 -0.00572752 0.11764706 0.63921569 0.14117647
v -0.00280542 -0.00504747 -0.01037041 0.11764706 0.63921569 0.14117647
v -0.01188016 -0.00504679 -0.01036985 0.11764706 0.63921569 0.14117647
v -0.02098872 -0.00502901 -0.01026008 0.11764706 0.63921569 0.14117647
v -0.01150279 -0.01198350 -0.01030736 0.11764706 0.63921569 0.14117647
v -0.00280542 -0.01198144 -0.01032875 0.11764706 0.63921569 0.14117647
v -0.02098872 -0.01200332 -0.01009796 0.11764706 0.63921569 0.14117647
v -0.00280542 -0.00507482 -0.01047849 0.11764706 0.63921569 0.14117647
v -0.01188372 -0.00504679 -0.01036985 0.11764706 0.63921569 0.14117647
v -0.02098872 -0.00504747 -0.01037041 0.11764706 0.63921569 0.14117647
v -0.02098872 -0.01198555 -0.01028485 0.11764706 0.63921569 0.14117647
v -0.02098872 -0.01198008 -0.01033720 0.11764706 0.63921569 0.14117647
v -0.00280542 -0.01198008 -0.01033720 0.11764706 0.63921569 0.14117647
v -0.00280542 -0.00511173 -0.01058488 0.11764706 0.63921569 0.14117647
v -0.01188016 -0.00509259 -0.01053084 0.11764706 0.63921569 0.14117647
v -0.02098872 -0.00507482 -0.01047849 0.11764706 0.63921569 0.14117647
v -0.02098872 -0.01197871 -0.01034452 0.11764706 0.63921569 0.14117647
v -0.00280542 -0.01197803 -0.01034621 0.11764706 0.63921569 0.14117647
v -0.00280542 -0.00515685 -0.01068733 0.11764706 0.63921569 0.14117647
v -0.01188016 -0.00515617 -0.01068677 0.11764706 0.63921569 0.14117647
v -0.01188016 -0.00511105 -0.01058375 0.11764706 0.63921569 0.14117647
v -0.01190152 -0.00509259 -0.01053084 0.11764706 0.63921569 0.14117647
v -0.02098872 -0.00511173 -0.01058432 0.11764706 0.63921569 0.14117647
v -0.02098872 -0.01196230 -0.01040306 0.11764706 0.63921569 0.14117647
v -0.01150279 -0.01197256 -0.01036647 0.11764706 0.63921569 0.14117647
v -0.00280542 -0.01192265 -0.01054435 0.11764706 0.63921569 0.14117647
v -0.00280542 -0.00521086 -0.01078640 0.11764706 0.63921569 0.14117647
v -0.01188016 -0.00521017 -0.01078528 0.11764706 0.63921569 0.14117647
v -0.01188372 -0.00515617 -0.01068677 0.11764706 0.63921569 0.14117647
v -0.01188372 -0.00511105 -0.01058375 0.11764706 0.63921569 0.14117647
v -0.02098872 -0.00515685 -0.01068733 0.11764706 0.63921569 0.14117647
v -0.02098872 -0.01193359 -0.01050495 0.11764706 0.63921569 0.14117647
v -0.01188194 -0.01193974 -0.01048355 0.11764706 0.63921569 0.14117647
v -0.01188016 -0.01193974 -0.01048355 0.11764706 0.63921569 0.14117647
v -0.00280542 -0.01191787 -0.01056124 0.11764706 0.63921569 0.14117647
v -0.02098872 -0.01191718 -0.01056293 0.11764706 0.63921569 0.14117647
v -0.00280542 -0.00527238 -0.01087984 0.11764706 0.63921569 0.14117647
v -0.01191576 -0.00524094 -0.01083256 0.11764706 0.63921569 0.14117647
v -0.02098872 -0.00521086 -0.01078640 0.11764706 0.63921569 0.14117647
v -0.01188372 -0.00521017 -0.01078528 0.11764706 0.63921569 0.14117647
v -0.00280542 -0.01191513 -0.01056968 0.11764706 0.63921569 0.14117647
v -0.02098872 -0.01191513 -0.01056968 0.11764706 0.63921569 0.14117647
v -0.00280542 -0.00541868 -0.01105209 0.11764706 0.63921569 0.14117647
v -0.01188016 -0.00527443 -0.01088266 0.11764706 0.63921569 0.14117647
v -0.02098872 -0.00527102 -0.01087816 0.11764706 0.63921569 0.14117647
v -0.00280542 -0.01191171 -0.01057756 0.11764706 0.63921569 0.14117647
v -0.02098872 -0.01191240 -0.01057644 0.11764706 0.63921569 0.14117647
v -0.01188016 -0.00534485 -0.01096541 0.11764706 0.63921569 0.14117647
v -0.00280542 -0.00559232 -0.01120014 0.11764706 0.63921569 0.14117647
v -0.02098872 -0.00541868 -0.01105209 0.11764706 0.63921569 0.14117647
v -0.01188194 -0.00527443 -0.01088266 0.11764706 0.63921569 0.14117647
v -0.02098872 -0.00527648 -0.01088491 0.11764706 0.63921569 0.14117647
v -0.00280542 -0.01186659 -0.01067100 0.11764706 0.63921569 0.14117647
v -0.02098872 -0.01187958 -0.01064398 0.11764706 0.63921569 0.14117647
v -0.01188194 -0.00534485 -0.01096541 0.11764706 0.63921569 0.14117647
v -0.00280542 -0.00578852 -0.01131948 0.11764706 0.63921569 0.14117647
v -0.01178048 -0.00569008 -0.01125981 0.11764706 0.63921569 0.14117647
v -0.01188016 -0.00559505 -0.01120183 0.11764706 0.63921569 0.14117647
v -0.02098872 -0.00559232 -0.01120014 0.11764706 0.63921569 0.14117647
v -0.01150279 -0.01182284 -0.01076051 0.11764706 0.63921569 0.14117647
v -0.00280542 -0.01185087 -0.01070309 0.11764706 0.63921569 0.14117647
v -0.02098872 -0.01181259 -0.01078134 0.11764706 0.63921569 0.14117647
v -0.00280542 -0.00600249 -0.01140673 0.11764706 0.63921569 0.14117647
v -0.01188372 -0.00600181 -0.01140673 0.11764706 0.63921569 0.14117647
v -0.02098872 -0.00578852 -0.01131948 0.11764706 0.63921569 0.14117647
v -0.01188194 -0.00559505 -0.01120183 0.11764706 0.63921569 0.14117647
v -0.00280542 -0.01180917 -0.01078809 0.11764706 0.63921569 0.14117647
v -0.02098872 -0.01180507 -0.01079372 0.11764706 0.63921569 0.14117647
v -0.01188194 -0.01180917 -0.01078809 0.11764706 0.63921569 0.14117647
v -0.00280542 -0.00601411 -0.01140954 0.11764706 0.63921569 0.14117647
v -0.02098872 -0.00601343 -0.01140954 0.11764706 0.63921569 0.14117647
v -0.02098872 -0.00600181 -0.01140673 0.11764706 0.63921569 0.14117647
v -0.00280542 -0.00621305 -0.01145683 0.11764706 0.63921569 0.14117647
v -0.01188016 -0.00611324 -0.01143319 0.11764706 0.63921569 0.14117647
v -0.00280542 -0.01180439 -0.01079484 0.11764706 0.63921569 0.14117647
v -0.02098872 -0.01177772 -0.01083143 0.11764706 0.63921569 0.14117647
v -0.02098872 -0.00622740 -0.01146020 0.11764706 0.63921569 0.14117647
v -0.00280542 -0.00622809 -0.01146020 0.11764706 0.63921569 0.14117647
v -0.01188372 -0.00622740 -0.01146020 0.11764706 0.63921569 0.14117647
v -0.00280542 -0.01174286 -0.01087928 0.11764706 0.63921569 0.14117647
v -0.02098872 -0.01166971 -0.01097948 0.11764706 0.63921569 0.14117647
v -0.02098872 -0.00625611 -0.01146246 0.11764706 0.63921569 0.14117647
v -0.00280542 -0.00624244 -0.01146133 0.11764706 0.63921569 0.14117647
v -0.01176268 -0.00634362 -0.01146921 0.11764706 0.63921569 0.14117647
v -0.00280542 -0.01166561 -0.01098511 0.11764706 0.63921569 0.14117647
v -0.01188194 -0.01166561 -0.01098511 0.11764706 0.63921569 0.14117647
v -0.02098872 -0.01166014 -0.01099018 0.11764706 0.63921569 0.14117647
v -0.01188194 -0.00645642 -0.01147766 0.11764706 0.63921569 0.14117647
v -0.02098872 -0.00645915 -0.01147766 0.11764706 0.63921569 0.14117647
v -0.00280542 -0.00644206 -0.01147653 0.11764706 0.63921569 0.14117647
v -0.01188016 -0.00645642 -0.01147766 0.11764706 0.63921569 0.14117647
v -0.00280542 -0.01150769 -0.01113653 0.11764706 0.63921569 0.14117647
v -0.02098872 -0.01152684 -0.01111796 0.11764706 0.63921569 0.14117647
v -0.02098872 -0.01056225 -0.01147766 0.11764706 0.63921569 0.14117647
v -0.00280542 -0.00645847 -0.01147766 0.11764706 0.63921569 0.14117647
v -0.00280542 -0.01148787 -0.01115511 0.11764706 0.63921569 0.14117647
v -0.01188194 -0.01148787 -0.01115511 0.11764706 0.63921569 0.14117647
v -0.02098872 -0.01149265 -0.01115004 0.11764706 0.63921569 0.14117647
v -0.02098872 -0.01064633 -0.01147090 0.11764706 0.63921569 0.14117647
v -0.00280542 -0.01056225 -0.01147766 0.11764706 0.63921569 0.14117647
v -0.00280542 -0.01057113 -0.01147709 0.11764706 0.63921569 0.14117647
v -0.01150279 -0.01059301 -0.01147540 0.11764706 0.63921569 0.14117647
v -0.00280542 -0.01146531 -0.01117031 0.11764706 0.63921569 0.14117647
v -0.02098872 -0.01148172 -0.01115905 0.11764706 0.63921569 0.14117647
v -0.02098872 -0.01133952 -0.01125474 0.11764706 0.63921569 0.14117647
v -0.02098872 -0.01075708 -0.01146189 0.11764706 0.63921569 0.14117647
v -0.01150279 -0.01065590 -0.01147034 0.11764706 0.63921569 0.14117647
v -0.00280542 -0.01069624 -0.01146696 0.11764706 0.63921569 0.14117647
v -0.00280542 -0.01128210 -0.01129302 0.11764706 0.63921569 0.14117647
v -0.02098872 -0.01128825 -0.01128908 0.11764706 0.63921569 0.14117647
v -0.02098872 -0.01081245 -0.01145683 0.11764706 0.63921569 0.14117647
v -0.00280542 -0.01080288 -0.01145795 0.11764706 0.63921569 0.14117647
v -0.00280542 -0.01127390 -0.01129696 0.11764706 0.63921569 0.14117647
v -0.01188194 -0.01128210 -0.01129302 0.11764706 0.63921569 0.14117647
v -0.02098872 -0.01127526 -0.01129640 0.11764706 0.63921569 0.14117647
v -0.02098872 -0.01081929 -0.01145514 0.11764706 0.63921569 0.14117647
v -0.00280542 -0.01081245 -0.01145683 0.11764706 0.63921569 0.14117647
v -0.01188016 -0.01113922 -0.01135719 0.11764706 0.63921569 0.14117647
v -0.00280542 -0.01107975 -0.01138365 0.11764706 0.63921569 0.14117647
v -0.02098872 -0.01105445 -0.01139491 0.11764706 0.63921569 0.14117647
v -0.01188194 -0.01108248 -0.01138252 0.11764706 0.63921569 0.14117647
v -0.01188194 -0.01113922 -0.01135719 0.11764706 0.63921569 0.14117647
v -0.01188194 -0.01084185 -0.01144951 0.11764706 0.63921569 0.14117647
v -0.01188016 -0.01084185 -0.01144951 0.11764706 0.63921569 0.14117647
v -0.00280542 -0.01083911 -0.01145007 0.11764706 0.63921569 0.14117647
v -0.01188016 -0.01108248 -0.01138252 0.11764706 0.63921569 0.14117647
v -0.00280542 -0.01105445 -0.01139491 0.11764706 0.63921569 0.14117647
v -0.01150279 -0.01090337 -0.01143375 0.11764706 0.63921569 0.14117647
v -0.00280542 -0.01096011 -0.01141911 0.11764706 0.63921569 0.14117647
f 1397 1398 1402
f 1397 1402 1407
f 1397 1407 1413
f 1397 1413 1420
f 1397 1420 1425
f 1397 1425 1433
f 1397 1433 1442
f 1397 1442 1448
f 1397 1448 1453
f 1397 1453 1460
f 1397 1460 1468
f 1397 1468 1474
f 1397 1474 1482
f 1397 1482 1487
f 1397 1487 1492
f 1397 1492 1499
f 1397 1499 1503
f 1397 1503 1510
f 1397 1510 1516
f 1397 1516 1520
f 1397 1520 1526
f 1397 1526 1534
f 1397 1534 1536
f 1397 1536 1532
f 1397 1532 1524
f 1397 1524 1519
f 1397 1519 1515
f 1397 1515 1508
f 1397 1508 1507
f 1397 1507 1502
f 1397 1502 1497
f 1397 1497 1490
f 1397 1490 1485
f 1397 1485 1480
f 1397 1480 1477
f 1397 1477 1470
f 1397 1470 1463
f 1397 1463 1456
f 1397 1456 1450
f 1397 1450 1444
f 1397 1444 1434
f 1397 1434 1426
f 1397 1426 1421
f 1397 1421 1415
f 1397 1415 1409
f 1397 1409 1404
f 1397 1404 1399
f 1397 1399 1406
f 1397 1406 1400
f 1397 1400 1401
f 1397 1401 1398
f 1398 1401 1403
f 1398 1403 1408
f 1398 1408 1402
f 1399 1404 1405
f 1399 1405 1406
f 1400 1406 1411
f 1400 1411 1417
f 1400 1417 1423
f 1400 1423 1430
f 1400 1430 1438
f 1400 1438 1446
f 1400 1446 1452
f 1400 1452 1459
f 1400 1459 1457
f 1400 1457 1466
f 1400 1466 1472
f 1400 1472 1479
f 1400 1479 1478
f 1400 1478 1484
f 1400 1484 1489
f 1400 1489 1496
f 1400 1496 1501
f 1400 1501 1506
f 1400 1506 1513
f 1400 1513 1518
f 1400 1518 1523
f 1400 1523 1527
f 1400 1527 1522
f 1400 1522 1517
f 1400 1517 1512
f 1400 1512 1511
f 1400 1511 1505
f 1400 1505 1500
f 1400 1500 1494
f 1400 1494 1488
f 1400 1488 1483
f 1400 1483 1475
f 1400 1475 1469
f 1400 1469 1461
f 1400 1461 1454
f 1400 1454 1449
f 1400 1449 1443
f 1400 1443 1439
f 1400 1439 1431
f 1400 1431 1424
f 1400 1424 1419
f 1400 1419 1418
f 1400 1418 1414
f 1400 1414 1408
f 1400 1408 1403
f 1400 1403 1401
f 1402 1408 1414
f 1402 1414 1407
f 1404 1409 1410
f 1404 1410 1416
f 1404 1416 1411
f 1404 1411 1405
f 1405 1411 1406
f 1407 1412 1413
f 1407 1414 1412
f 1409 1415 1410
f 1410 1415 1423
f 1410 1423 1416
f 1411 1416 1417
f 1412 1414 1418
f 1412 1418 1419
f 1412 1419 1413
f 1413 1419 1420
f 1415 1421 1422
f 1415 1422 1429
f 1415 1429 1423
f 1416 1423 1417
f 1419 1424 1420
f 1420 1424 1425
f 1421 1426 1427
f 1421 1427 1428
f 1421 1428 1422
f 1422 1428 1437
f 1422 1437 1429
f 1423 1429 1430
f 1424 1431 1440
f 1424 1440 1441
f 1424 1441 1432
f 1424 1432 1425
f 1425 1432 1433
f 1426 1434 1427
f 1427 1435 1447
f 1427 1447 1436
f 1427 1436 1437
f 1427 1437 1428
f 1427 1434 1435
f 1429 1437 1430
f 1430 1437 1436
f 1430 1436 1438
f 1431 1439 1440
f 1432 1441 1433
f 1433 1441 1440
f 1433 1440 1439
f 1433 1439 1443
f 1433 1443 1442
f 1434 1444 1445
f 1434 1445 1446
f 1434 1446 1447
f 1434 1447 1435
f 1436 1447 1446
f 1436 1446 1438
f 1442 1443 1449
f 1442 1449 1448
f 1444 1450 1451
f 1444 1451 1452
f 1444 1452 1445
f 1445 1452 1446
f 1448 1449 1454
f 1448 1454 1453
f 1450 1455 1451
f 1450 1456 1466
f 1450 1466 1457
f 1450 1457 1462
f 1450 1462 1455
f 1451 1455 1462
f 1451 1462 1458
f 1451 1458 1452
f 1452 1458 1459
f 1453 1454 1460
f 1454 1461 1460
f 1456 1463 1464
f 1456 1464 1465
f 1456 1465 1473
f 1456 1473 1466
f 1457 1459 1458
f 1457 1458 1462
f 1460 1467 1468
f 1460 1461 1469
f 1460 1469 1467
f 1463 1470 1471
f 1463 1471 1479
f 1463 1479 1472
f 1463 1472 1464
f 1464 1472 1466
f 1464 1466 1473
f 1464 1473 1465
f 1467 1474 1468
f 1467 1469 1474
f 1469 1475 1476
f 1469 1476 1474
f 1470 1477 1471
f 1471 1478 1479
f 1471 1477 1480
f 1471 1480 1481
f 1471 1481 1478
f 1474 1476 1482
f 1475 1483 1482
f 1475 1482 1476
f 1478 1481 1480
f 1478 1480 1484
f 1480 1485 1486
f 1480 1486 1484
f 1482 1483 1487
f 1483 1488 1487
f 1484 1486 1489
f 1485 1490 1486
f 1486 1490 1491
f 1486 1491 1489
f 1487 1488 1493
f 1487 1493 1492
f 1488 1494 1493
f 1489 1491 1495
f 1489 1495 1496
f 1490 1497 1491
f 1491 1497 1498
f 1491 1498 1495
f 1492 1493 1499
f 1493 1494 1500
f 1493 1500 1499
f 1495 1498 1502
f 1495 1502 1507
f 1495 1507 1501
f 1495 1501 1496
f 1497 1502 1498
f 1499 1500 1504
f 1499 1504 1503
f 1500 1505 1504
f 1501 1507 1508
f 1501 1508 1509
f 1501 1509 1506
f 1503 1504 1510
f 1504 1505 1511
f 1504 1511 1512
f 1504 1512 1510
f 1506 1509 1514
f 1506 1514 1513
f 1508 1515 1514
f 1508 1514 1509
f 1510 1512 1516
f 1512 1517 1516
f 1513 1514 1515
f 1513 1515 1519
f 1513 1519 1518
f 1516 1517 1521
f 1516 1521 1522
f 1516 1522 1520
f 1517 1522 1521
f 1518 1519 1524
f 1518 1524 1523
f 1520 1525 1526
f 1520 1522 1525
f 1522 1527 1528
f 1522 1528 1529
f 1522 1529 1525
f 1523 1530 1527
f 1523 1524 1531
f 1523 1531 1530
f 1524 1532 1531
f 1525 1533 1526
f 1525 1529 1528
f 1525 1528 1533
f 1526 1533 1534
f 1527 1530 1535
f 1527 1535 1534
f 1527 1534 1533
f 1527 1533 1528
f 1530 1531 1535
f 1531 1532 1536
f 1531 1536 1535
f 1534 1535 1536

o geometry_9
v 0.05490664 0.00553374 0.00564543 0.94117647 0.52156863 0.41176471
v 0.05490664 -0.00554162 0.00564543 0.94117647 0.52156863 0.41176471
v 0.05490664 0.00553374 0.00164880 0.94117647 0.52156863 0.41176471
v 0.05161419 0.00553374 0.00577554 0.94117647 0.52156863 0.41176471
v 0.05161419 -0.00000069 0.00577635 0.94117647 0.52156863 0.41176471
v 0.05490664 -0.00554162 0.00164880 0.94117647 0.52156863 0.41176471
v 0.05161419 -0.00554162 0.00577554 0.94117647 0.52156863 0.41176471
v -0.00219976 0.00553374 0.00164880 0.94117647 0.52156863 0.41176471
v 0.04894781 0.00553374 0.00577635 0.94117647 0.52156863 0.41176471
v 0.04894781 -0.00554162 0.00577635 0.94117647 0.52156863 0.41176471
v -0.00219976 -0.00554162 0.00164880 0.94117647 0.52156863 0.41176471
v -0.00199853 0.00553374 0.00577635 0.94117647 0.52156863 0.41176471
v -0.00199853 -0.00554162 0.00577635 0.94117647 0.52156863 0.41176471
f 1537 1538 1542
f 1537 1542 1539
f 1537 1539 1544
f 1537 1544 1548
f 1537 1548 1545
f 1537 1545 1540
f 1537 1540 1541
f 1537 1541 1538
f 1538 1541 1543
f 1538 1543 1546
f 1538 1546 1549
f 1538 1549 1547
f 1538 1547 1542
f 1539 1542 1547
f 1539 1547 1544
f 1540 1545 1541
f 1541 1545 1548
f 1541 1548 1549
f 1541 1549 1546
f 1541 1546 1543
f 1544 1547 1549
f 1544 1549 1548

o geometry_10
v 0.05165151 0.00512446 0.00164839 0.26274510 0.77254902 0.45490196
v 0.05165151 -0.00520287 0.00164839 0.26274510 0.77254902 0.45490196
v 0.05165151 0.00512446 -0.00572536 0.26274510 0.77254902 0.45490196
v -0.00219451 0.00512446 0.00164839 0.26274510 0.77254902 0.45490196
v 0.05165151 -0.00520287 -0.00572536 0.26274510 0.77254902 0.45490196
v -0.00219451 -0.00520287 0.00164839 0.26274510 0.77254902 0.45490196
v 0.05161437 -0.00000079 -0.00572752 0.26274510 0.77254902 0.45490196
v 0.05161437 0.00512446 -0.00572680 0.26274510 0.77254902 0.45490196
v -0.00220512 0.00512446 0.00153721 0.26274510 0.77254902 0.45490196
v 0.05161437 -0.00520287 -0.00572752 0.26274510 0.77254902 0.45490196
v -0.00227410 -0.00520287 0.00008383 0.26274510 0.77254902 0.45490196
v 0.04793726 0.00512446 -0.00572752 0.26274510 0.77254902 0.45490196
v -0.00255532 0.00512446 -0.00572752 0.26274510 0.77254902 0.45490196
v -0.00255532 -0.00520287 -0.00572752 0.26274510 0.77254902 0.45490196
f 1550 1551 1554
f 1550 1554 1552
f 1550 1552 1557
f 1550 1557 1561
f 1550 1561 1562
f 1550 1562 1558
f 1550 1558 1553
f 1550 1553 1555
f 1550 1555 1551
f 1551 1555 1560
f 1551 1560 1563
f 1551 1563 1559
f 1551 1559 1554
f 1552 1554 1559
f 1552 1559 1556
f 1552 1556 1557
f 1553 1558 1555
f 1555 1558 1560
f 1556 1559 1563
f 1556 1563 1562
f 1556 1562 1561
f 1556 1561 1557
f 1558 1562 1563
f 1558 1563 1560

o geometry_11
v -0.02120428 0.00528402 -0.00572752 0.56470588 0.01568627 0.61568627
v -0.02120428 0.01200265 -0.00572752 0.56470588 0.01568627 0.61568627
v -0.01691109 0.00521602 -0.00572752 0.56470588 0.01568627 0.61568627
v -0.02120428 0.00521669 -0.00572247 0.56470588 0.01568627 0.61568627
v -0.02120428 0.01200265 0.00164839 0.56470588 0.01568627 0.61568627
v 0.05008970 0.01200265 -0.00572752 0.56470588 0.01568627 0.61568627
v -0.00254817 0.00512513 -0.00572752 0.56470588 0.01568627 0.61568627
v -0.02120428 0.00555199 0.00164839 0.56470588 0.01568627 0.61568627
v -0.00254817 0.00512513 -0.00563366 0.56470588 0.01568627 0.61568627
v -0.00227004 0.00512513 0.00008383 0.56470588 0.01568627 0.61568627
v -0.00219873 0.00512513 0.00153721 0.56470588 0.01568627 0.61568627
v -0.00219160 0.00512513 0.00164839 0.56470588 0.01568627 0.61568627
v 0.05008970 0.01200265 0.00164839 0.56470588 0.01568627 0.61568627
v 0.05029651 0.01198514 -0.00572752 0.56470588 0.01568627 0.61568627
v 0.04792884 0.00512513 -0.00572752 0.56470588 0.01568627 0.61568627
v 0.05165151 0.00512513 0.00164839 0.56470588 0.01568627 0.61568627
v 0.05023946 0.01198985 0.00164839 0.56470588 0.01568627 0.61568627
v 0.05034644 0.01198043 0.00164839 0.56470588 0.01568627 0.61568627
v 0.05034644 0.01198043 -0.00572752 0.56470588 0.01568627 0.61568627
v 0.05160872 0.00960174 -0.00572752 0.56470588 0.01568627 0.61568627
v 0.05160872 0.00512513 -0.00572608 0.56470588 0.01568627 0.61568627
v 0.05165151 0.00512513 -0.00572536 0.56470588 0.01568627 0.61568627
v 0.05165151 0.00960040 0.00164839 0.56470588 0.01568627 0.61568627
v 0.05048194 0.01194811 0.00002390 0.56470588 0.01568627 0.61568627
v 0.05061031 0.01191512 0.00164839 0.56470588 0.01568627 0.61568627
v 0.05061031 0.01191579 -0.00572752 0.56470588 0.01568627 0.61568627
v 0.05160872 0.01056184 -0.00572752 0.56470588 0.01568627 0.61568627
v 0.05165151 0.00960040 -0.00572536 0.56470588 0.01568627 0.61568627
v 0.05160872 0.01056184 0.00164839 0.56470588 0.01568627 0.61568627
v 0.05061031 0.01191579 0.00002390 0.56470588 0.01568627 0.61568627
v 0.05071015 0.01187069 0.00164839 0.56470588 0.01568627 0.61568627
v 0.05079573 0.01183231 -0.00572752 0.56470588 0.01568627 0.61568627
v 0.05159446 0.01075843 -0.00572752 0.56470588 0.01568627 0.61568627
v 0.05158733 0.01081229 0.00164839 0.56470588 0.01568627 0.61568627
v 0.05084565 0.01180942 0.00164839 0.56470588 0.01568627 0.61568627
v 0.05084565 0.01180942 -0.00572752 0.56470588 0.01568627 0.61568627
v 0.05158733 0.01081229 -0.00572752 0.56470588 0.01568627 0.61568627
v 0.05153741 0.01100216 -0.00572752 0.56470588 0.01568627 0.61568627
v 0.05155880 0.01091396 0.00164839 0.56470588 0.01568627 0.61568627
v 0.05089557 0.01177845 -0.00572752 0.56470588 0.01568627 0.61568627
v 0.05106672 0.01166534 0.00164839 0.56470588 0.01568627 0.61568627
v 0.05151601 0.01105467 -0.00572752 0.56470588 0.01568627 0.61568627
v 0.05151601 0.01105467 0.00164839 0.56470588 0.01568627 0.61568627
v 0.05106672 0.01166534 -0.00572752 0.56470588 0.01568627 0.61568627
v 0.05125214 0.01148759 0.00164839 0.56470588 0.01568627 0.61568627
v 0.05140903 0.01128224 -0.00572752 0.56470588 0.01568627 0.61568627
v 0.05140903 0.01128224 0.00164839 0.56470588 0.01568627 0.61568627
v 0.05125214 0.01148759 -0.00572752 0.56470588 0.01568627 0.61568627
v 0.05128780 0.01144316 -0.00572752 0.56470588 0.01568627 0.61568627
f 1564 1565 1569
f 1564 1569 1577
f 1564 1577 1582
f 1564 1582 1589
f 1564 1589 1595
f 1564 1595 1599
f 1564 1599 1603
f 1564 1603 1607
f 1564 1607 1611
f 1564 1611 1612
f 1564 1612 1609
f 1564 1609 1605
f 1564 1605 1601
f 1564 1601 1600
f 1564 1600 1596
f 1564 1596 1590
f 1564 1590 1583
f 1564 1583 1578
f 1564 1578 1570
f 1564 1570 1566
f 1564 1566 1567
f 1564 1567 1571
f 1564 1571 1568
f 1564 1568 1565
f 1565 1568 1576
f 1565 1576 1569
f 1566 1570 1567
f 1567 1570 1572
f 1567 1572 1573
f 1567 1573 1574
f 1567 1574 1575
f 1567 1575 1571
f 1568 1571 1575
f 1568 1575 1579
f 1568 1579 1586
f 1568 1586 1592
f 1568 1592 1597
f 1568 1597 1602
f 1568 1602 1606
f 1568 1606 1610
f 1568 1610 1608
f 1568 1608 1604
f 1568 1604 1598
f 1568 1598 1594
f 1568 1594 1588
f 1568 1588 1581
f 1568 1581 1580
f 1568 1580 1576
f 1569 1576 1577
f 1570 1578 1584
f 1570 1584 1585
f 1570 1585 1579
f 1570 1579 1575
f 1570 1575 1574
f 1570 1574 1573
f 1570 1573 1572
f 1576 1580 1577
f 1577 1580 1581
f 1577 1581 1582
f 1578 1583 1584
f 1579 1585 1591
f 1579 1591 1586
f 1581 1587 1582
f 1581 1588 1587
f 1582 1587 1589
f 1583 1590 1591
f 1583 1591 1585
f 1583 1585 1584
f 1586 1591 1590
f 1586 1590 1592
f 1587 1588 1593
f 1587 1593 1589
f 1588 1594 1593
f 1589 1593 1595
f 1590 1596 1592
f 1592 1596 1597
f 1593 1594 1595
f 1594 1598 1595
f 1595 1598 1599
f 1596 1600 1597
f 1597 1600 1601
f 1597 1601 1602
f 1598 1603 1599
f 1598 1604 1603
f 1601 1605 1606
f 1601 1606 1602
f 1603 1604 1607
f 1604 1608 1611
f 1604 1611 1607
f 1605 1609 1610
f 1605 1610 1606
f 1608 1612 1611
f 1608 1610 1612
f 1609 1612 1610

o geometry_12
v 0.05008949 0.01200269 0.00577635 0.61176471 0.61568627 0.94117647
v 0.05008949 0.01200269 0.00164880 0.61176471 0.61568627 0.94117647
v -0.00967611 0.01200269 0.00577635 0.61176471 0.61568627 0.94117647
v 0.05014638 0.01199825 0.00577635 0.61176471 0.61568627 0.94117647
v -0.00967611 0.01200269 0.00164880 0.61176471 0.61568627 0.94117647
v 0.05020328 0.01199382 0.00164880 0.61176471 0.61568627 0.94117647
v -0.00967611 0.00574019 0.00577635 0.61176471 0.61568627 0.94117647
v 0.05035500 0.01198116 0.00577635 0.61176471 0.61568627 0.94117647
v -0.00967611 0.00555211 0.00164880 0.61176471 0.61568627 0.94117647
v 0.05035500 0.01198116 0.00164880 0.61176471 0.61568627 0.94117647
v -0.00967611 0.00556287 0.00189609 0.61176471 0.61568627 0.94117647
v -0.00199521 0.00553374 0.00577635 0.61176471 0.61568627 0.94117647
v 0.05041189 0.01196722 0.00577635 0.61176471 0.61568627 0.94117647
v -0.00967611 0.00555717 0.00177123 0.61176471 0.61568627 0.94117647
v -0.00219751 0.00553374 0.00164880 0.61176471 0.61568627 0.94117647
v -0.00219751 0.00553374 0.00167910 0.61176471 0.61568627 0.94117647
v 0.05046247 0.01195392 0.00164880 0.61176471 0.61568627 0.94117647
v 0.04895157 0.00553374 0.00577635 0.61176471 0.61568627 0.94117647
v 0.05055729 0.01192986 0.00577635 0.61176471 0.61568627 0.94117647
v 0.05490664 0.00553374 0.00164880 0.61176471 0.61568627 0.94117647
v 0.05060786 0.01191593 0.00164880 0.61176471 0.61568627 0.94117647
v 0.05161302 0.00553374 0.00577554 0.61176471 0.61568627 0.94117647
v 0.05161302 0.00959876 0.00577635 0.61176471 0.61568627 0.94117647
v 0.05060786 0.01191593 0.00577635 0.61176471 0.61568627 0.94117647
v 0.05490664 0.00946640 0.00164880 0.61176471 0.61568627 0.94117647
v 0.05490664 0.00553374 0.00564543 0.61176471 0.61568627 0.94117647
v 0.05066476 0.01189313 0.00577635 0.61176471 0.61568627 0.94117647
v 0.05075326 0.01185450 0.00164880 0.61176471 0.61568627 0.94117647
v 0.05161302 0.01056261 0.00577635 0.61176471 0.61568627 0.94117647
v 0.05490664 0.00946640 0.00564543 0.61176471 0.61568627 0.94117647
v 0.05085441 0.01181017 0.00164880 0.61176471 0.61568627 0.94117647
v 0.05085441 0.01181017 0.00577635 0.61176471 0.61568627 0.94117647
v 0.05159405 0.01075893 0.00577635 0.61176471 0.61568627 0.94117647
v 0.05106935 0.01166578 0.00577635 0.61176471 0.61568627 0.94117647
v 0.05112625 0.01161322 0.00577635 0.61176471 0.61568627 0.94117647
v 0.05125900 0.01148846 0.00577635 0.61176471 0.61568627 0.94117647
v 0.05137912 0.01132698 0.00577635 0.61176471 0.61568627 0.94117647
v 0.05141072 0.01128265 0.00577635 0.61176471 0.61568627 0.94117647
v 0.05143601 0.01123389 0.00577635 0.61176471 0.61568627 0.94117647
v 0.05152451 0.01105530 0.00577635 0.61176471 0.61568627 0.94117647
v 0.05157509 0.01086532 0.00577635 0.61176471 0.61568627 0.94117647
v 0.05158773 0.01081276 0.00577635 0.61176471 0.61568627 0.94117647
f 1613 1614 1617
f 1613 1617 1615
f 1613 1615 1619
f 1613 1619 1624
f 1613 1624 1630
f 1613 1630 1635
f 1613 1635 1641
f 1613 1641 1645
f 1613 1645 1654
f 1613 1654 1653
f 1613 1653 1652
f 1613 1652 1651
f 1613 1651 1650
f 1613 1650 1649
f 1613 1649 1648
f 1613 1648 1647
f 1613 1647 1646
f 1613 1646 1644
f 1613 1644 1639
f 1613 1639 1636
f 1613 1636 1631
f 1613 1631 1625
f 1613 1625 1620
f 1613 1620 1616
f 1613 1616 1618
f 1613 1618 1614
f 1614 1618 1622
f 1614 1622 1629
f 1614 1629 1633
f 1614 1633 1640
f 1614 1640 1643
f 1614 1643 1637
f 1614 1637 1632
f 1614 1632 1627
f 1614 1627 1621
f 1614 1621 1617
f 1615 1617 1621
f 1615 1621 1626
f 1615 1626 1623
f 1615 1623 1619
f 1616 1620 1618
f 1618 1620 1622
f 1619 1623 1624
f 1620 1625 1622
f 1621 1627 1628
f 1621 1628 1624
f 1621 1624 1626
f 1622 1625 1629
f 1623 1626 1624
f 1624 1628 1627
f 1624 1627 1632
f 1624 1632 1638
f 1624 1638 1634
f 1624 1634 1630
f 1625 1631 1629
f 1629 1631 1633
f 1630 1634 1635
f 1631 1636 1633
f 1632 1637 1642
f 1632 1642 1638
f 1633 1636 1639
f 1633 1639 1640
f 1634 1638 1635
f 1635 1638 1642
f 1635 1642 1641
f 1637 1643 1644
f 1637 1644 1642
f 1639 1644 1640
f 1640 1644 1643
f 1641 1642 1645
f 1642 1644 1646
f 1642 1646 1647
f 1642 1647 1648
f 1642 1648 1649
f 1642 1649 1650
f 1642 1650 1651
f 1642 1651 1652
f 1642 1652 1653
f 1642 1653 1654
f 1642 1654 1645

o geometry_13
v 0.05490664 -0.00554226 0.00564543 0.67843137 0.35686275 0.43529412
v 0.05490664 -0.00554226 0.00164880 0.67843137 0.35686275 0.43529412
v 0.05161302 -0.00554226 0.00577554 0.67843137 0.35686275 0.43529412
v 0.05161302 -0.00960232 0.00577635 0.67843137 0.35686275 0.43529412
v 0.05490664 -0.00946633 0.00564543 0.67843137 0.35686275 0.43529412
v 0.05490664 -0.00946633 0.00164880 0.67843137 0.35686275 0.43529412
v -0.00219751 -0.00554226 0.00164880 0.67843137 0.35686275 0.43529412
v 0.04894525 -0.00554226 0.00577635 0.67843137 0.35686275 0.43529412
v 0.05161302 -0.01056247 0.00577635 0.67843137 0.35686275 0.43529412
v 0.05160670 -0.01063710 0.00577635 0.67843137 0.35686275 0.43529412
v 0.05159405 -0.01075854 0.00577635 0.67843137 0.35686275 0.43529412
v 0.05158773 -0.01081294 0.00577635 0.67843137 0.35686275 0.43529412
v 0.05157509 -0.01086481 0.00577635 0.67843137 0.35686275 0.43529412
v 0.05152451 -0.01105519 0.00577635 0.67843137 0.35686275 0.43529412
v 0.05143601 -0.01123356 0.00577635 0.67843137 0.35686275 0.43529412
v 0.05141072 -0.01128289 0.00577635 0.67843137 0.35686275 0.43529412
v 0.05137912 -0.01132717 0.00577635 0.67843137 0.35686275 0.43529412
v 0.05136647 -0.01134425 0.00577635 0.67843137 0.35686275 0.43529412
v 0.05125900 -0.01148846 0.00577635 0.67843137 0.35686275 0.43529412
v 0.05106935 -0.01166619 0.00577635 0.67843137 0.35686275 0.43529412
v 0.05100614 -0.01170920 0.00577635 0.67843137 0.35686275 0.43529412
v 0.05085441 -0.01180977 0.00577635 0.67843137 0.35686275 0.43529412
v 0.05085441 -0.01180977 0.00164880 0.67843137 0.35686275 0.43529412
v -0.00967611 -0.00555174 0.00164880 0.67843137 0.35686275 0.43529412
v -0.00200786 -0.00554226 0.00559169 0.67843137 0.35686275 0.43529412
v -0.00199521 -0.00554226 0.00577635 0.67843137 0.35686275 0.43529412
v 0.05075326 -0.01185468 0.00164880 0.67843137 0.35686275 0.43529412
v 0.05066476 -0.01189326 0.00577635 0.67843137 0.35686275 0.43529412
v -0.00967611 -0.01200332 0.00164880 0.67843137 0.35686275 0.43529412
v -0.00967611 -0.00561689 0.00307960 0.67843137 0.35686275 0.43529412
v -0.00967611 -0.00574023 0.00577635 0.67843137 0.35686275 0.43529412
v 0.05060786 -0.01191603 0.00164880 0.67843137 0.35686275 0.43529412
v 0.05060786 -0.01191603 0.00577635 0.67843137 0.35686275 0.43529412
v -0.00967611 -0.01200332 0.00577635 0.67843137 0.35686275 0.43529412
v 0.05008949 -0.01200332 0.00164880 0.67843137 0.35686275 0.43529412
v 0.05055729 -0.01192995 0.00577635 0.67843137 0.35686275 0.43529412
v 0.05046247 -0.01195398 0.00164880 0.67843137 0.35686275 0.43529412
v 0.05008949 -0.01200332 0.00577635 0.67843137 0.35686275 0.43529412
v 0.05035500 -0.01198118 0.00164880 0.67843137 0.35686275 0.43529412
v 0.05041189 -0.01196727 0.00577635 0.67843137 0.35686275 0.43529412
v 0.05035500 -0.01198118 0.00577635 0.67843137 0.35686275 0.43529412
f 1655 1656 1661
f 1655 1661 1679
f 1655 1679 1680
f 1655 1680 1662
f 1655 1662 1657
f 1655 1657 1658
f 1655 1658 1663
f 1655 1663 1659
f 1655 1659 1660
f 1655 1660 1656
f 1656 1660 1677
f 1656 1677 1681
f 1656 1681 1686
f 1656 1686 1691
f 1656 1691 1693
f 1656 1693 1689
f 1656 1689 1683
f 1656 1683 1678
f 1656 1678 1661
f 1657 1662 1658
f 1658 1662 1680
f 1658 1680 1685
f 1658 1685 1688
f 1658 1688 1692
f 1658 1692 1695
f 1658 1695 1694
f 1658 1694 1690
f 1658 1690 1687
f 1658 1687 1682
f 1658 1682 1676
f 1658 1676 1675
f 1658 1675 1674
f 1658 1674 1673
f 1658 1673 1672
f 1658 1672 1671
f 1658 1671 1670
f 1658 1670 1669
f 1658 1669 1668
f 1658 1668 1667
f 1658 1667 1666
f 1658 1666 1665
f 1658 1665 1664
f 1658 1664 1663
f 1659 1663 1664
f 1659 1664 1665
f 1659 1665 1666
f 1659 1666 1667
f 1659 1667 1668
f 1659 1668 1669
f 1659 1669 1670
f 1659 1670 1671
f 1659 1671 1672
f 1659 1672 1673
f 1659 1673 1674
f 1659 1674 1675
f 1659 1675 1676
f 1659 1676 1677
f 1659 1677 1660
f 1661 1678 1679
f 1676 1681 1677
f 1676 1682 1681
f 1678 1683 1688
f 1678 1688 1685
f 1678 1685 1684
f 1678 1684 1680
f 1678 1680 1679
f 1680 1684 1685
f 1681 1682 1686
f 1682 1687 1686
f 1683 1689 1692
f 1683 1692 1688
f 1686 1687 1690
f 1686 1690 1691
f 1689 1693 1695
f 1689 1695 1692
f 1690 1694 1691
f 1691 1694 1693
f 1693 1694 1695

o geometry_14
v -0.00967611 0.01200269 0.00577635 0.69411765 0.05882353 0.66666667
v -0.00967611 0.00573983 0.00577635 0.69411765 0.05882353 0.66666667
v -0.00967611 0.01200269 0.00164880 0.69411765 0.05882353 0.66666667
v -0.04845896 0.01200269 0.00577635 0.69411765 0.05882353 0.66666667
v -0.00967611 0.00561333 0.00300121 0.69411765 0.05882353 0.66666667
v -0.02176960 0.00554186 0.00577635 0.69411765 0.05882353 0.66666667
v -0.00967611 0.00555198 0.00164880 0.69411765 0.05882353 0.66666667
v -0.04845896 0.01200269 0.00164880 0.69411765 0.05882353 0.66666667
v -0.04851475 0.01199826 0.00577635 0.69411765 0.05882353 0.66666667
v -0.02175765 0.00554186 0.00559209 0.69411765 0.05882353 0.66666667
v -0.04739904 0.00554186 0.00577635 0.69411765 0.05882353 0.66666667
v -0.02157037 0.00554186 0.00164880 0.69411765 0.05882353 0.66666667
v -0.04857054 0.01199383 0.00164880 0.69411765 0.05882353 0.66666667
v -0.04872195 0.01198118 0.00577635 0.69411765 0.05882353 0.66666667
v -0.04998111 0.00959862 0.00577635 0.69411765 0.05882353 0.66666667
v -0.04998111 0.00554186 0.00577554 0.69411765 0.05882353 0.66666667
v -0.05037958 0.00554186 0.00164880 0.69411765 0.05882353 0.66666667
v -0.04872195 0.01198118 0.00164880 0.69411765 0.05882353 0.66666667
v -0.04877773 0.01196727 0.00577635 0.69411765 0.05882353 0.66666667
v -0.04998111 0.01056252 0.00577635 0.69411765 0.05882353 0.66666667
v -0.05037958 0.00554186 0.00575938 0.69411765 0.05882353 0.66666667
v -0.05037958 0.00958597 0.00164880 0.69411765 0.05882353 0.66666667
v -0.04882954 0.01195399 0.00164880 0.69411765 0.05882353 0.66666667
v -0.04892517 0.01192995 0.00577635 0.69411765 0.05882353 0.66666667
v -0.04997713 0.01061628 0.00577635 0.69411765 0.05882353 0.66666667
v -0.05037958 0.00958597 0.00575938 0.69411765 0.05882353 0.66666667
v -0.04988946 0.01105523 0.00164880 0.69411765 0.05882353 0.66666667
v -0.04897697 0.01191604 0.00164880 0.69411765 0.05882353 0.66666667
v -0.04897697 0.01191604 0.00577635 0.69411765 0.05882353 0.66666667
v -0.04996517 0.01075859 0.00577635 0.69411765 0.05882353 0.66666667
v -0.04995720 0.01081299 0.00577635 0.69411765 0.05882353 0.66666667
v -0.04994525 0.01086485 0.00577635 0.69411765 0.05882353 0.66666667
v -0.04990540 0.01100273 0.00577635 0.69411765 0.05882353 0.66666667
v -0.04988946 0.01105523 0.00577635 0.69411765 0.05882353 0.66666667
v -0.04985758 0.01112290 0.00577635 0.69411765 0.05882353 0.66666667
v -0.04982571 0.01118742 0.00164880 0.69411765 0.05882353 0.66666667
v -0.04908057 0.01187176 0.00164880 0.69411765 0.05882353 0.66666667
v -0.04903276 0.01189327 0.00577635 0.69411765 0.05882353 0.66666667
v -0.04977789 0.01128292 0.00577635 0.69411765 0.05882353 0.66666667
v -0.04977789 0.01128292 0.00164880 0.69411765 0.05882353 0.66666667
v -0.04912042 0.01185469 0.00164880 0.69411765 0.05882353 0.66666667
v -0.04916824 0.01183318 0.00577635 0.69411765 0.05882353 0.66666667
v -0.04974601 0.01132719 0.00577635 0.69411765 0.05882353 0.66666667
v -0.04962648 0.01148848 0.00164880 0.69411765 0.05882353 0.66666667
v -0.04922003 0.01180978 0.00164880 0.69411765 0.05882353 0.66666667
v -0.04922003 0.01180978 0.00577635 0.69411765 0.05882353 0.66666667
v -0.04962648 0.01148848 0.00577635 0.69411765 0.05882353 0.66666667
v -0.04957068 0.01154161 0.00577635 0.69411765 0.05882353 0.66666667
v -0.04947904 0.01162763 0.00577635 0.69411765 0.05882353 0.66666667
v -0.04954678 0.01156311 0.00164880 0.69411765 0.05882353 0.66666667
v -0.04934755 0.01172629 0.00164880 0.69411765 0.05882353 0.66666667
v -0.04926785 0.01177879 0.00577635 0.69411765 0.05882353 0.66666667
v -0.04943521 0.01166621 0.00164880 0.69411765 0.05882353 0.66666667
v -0.04943521 0.01166621 0.00577635 0.69411765 0.05882353 0.66666667
v -0.04939138 0.01169720 0.00577635 0.69411765 0.05882353 0.66666667
f 1696 1697 1700
f 1696 1700 1702
f 1696 1702 1698
f 1696 1698 1703
f 1696 1703 1699
f 1696 1699 1704
f 1696 1704 1709
f 1696 1709 1714
f 1696 1714 1719
f 1696 1719 1724
f 1696 1724 1733
f 1696 1733 1737
f 1696 1737 1741
f 1696 1741 1747
f 1696 1747 1750
f 1696 1750 1749
f 1696 1749 1744
f 1696 1744 1743
f 1696 1743 1742
f 1696 1742 1738
f 1696 1738 1734
f 1696 1734 1730
f 1696 1730 1729
f 1696 1729 1728
f 1696 1728 1727
f 1696 1727 1726
f 1696 1726 1725
f 1696 1725 1720
f 1696 1720 1715
f 1696 1715 1710
f 1696 1710 1706
f 1696 1706 1701
f 1696 1701 1697
f 1697 1701 1700
f 1698 1702 1707
f 1698 1707 1712
f 1698 1712 1717
f 1698 1717 1722
f 1698 1722 1731
f 1698 1731 1735
f 1698 1735 1739
f 1698 1739 1745
f 1698 1745 1748
f 1698 1748 1746
f 1698 1746 1740
f 1698 1740 1736
f 1698 1736 1732
f 1698 1732 1723
f 1698 1723 1718
f 1698 1718 1713
f 1698 1713 1708
f 1698 1708 1703
f 1699 1703 1708
f 1699 1708 1704
f 1700 1701 1702
f 1701 1705 1702
f 1701 1706 1711
f 1701 1711 1716
f 1701 1716 1712
f 1701 1712 1707
f 1701 1707 1705
f 1702 1705 1707
f 1704 1708 1709
f 1706 1710 1711
f 1708 1713 1709
f 1709 1713 1714
f 1710 1715 1721
f 1710 1721 1716
f 1710 1716 1711
f 1712 1716 1721
f 1712 1721 1717
f 1713 1718 1714
f 1714 1718 1719
f 1715 1720 1721
f 1717 1721 1729
f 1717 1729 1722
f 1718 1723 1719
f 1719 1723 1724
f 1720 1725 1721
f 1721 1725 1726
f 1721 1726 1727
f 1721 1727 1728
f 1721 1728 1729
f 1722 1729 1730
f 1722 1730 1731
f 1723 1732 1733
f 1723 1733 1724
f 1730 1734 1731
f 1731 1734 1735
f 1732 1736 1733
f 1733 1736 1737
f 1734 1738 1735
f 1735 1738 1739
f 1736 1740 1737
f 1737 1740 1741
f 1738 1742 1739
f 1739 1742 1743
f 1739 1743 1744
f 1739 1744 1745
f 1740 1746 1747
f 1740 1747 1741
f 1744 1748 1745
f 1744 1749 1748
f 1746 1750 1747
f 1746 1748 1750
f 1748 1749 1750

o geometry_15
v 0.05161644 0.00573684 0.01014621 0.67058824 0.20784314 0.12549020
v 0.05161644 -0.00512446 0.01014621 0.67058824 0.20784314 0.12549020
v 0.05161644 0.00573684 0.00577635 0.67058824 0.20784314 0.12549020
v 0.05159020 0.00573684 0.01038600 0.67058824 0.20784314 0.12549020
v 0.05161644 -0.00512446 0.00577635 0.67058824 0.20784314 0.12549020
v 0.05159020 -0.00512446 0.01038600 0.67058824 0.20784314 0.12549020
v -0.00200077 0.00573684 0.00577635 0.67058824 0.20784314 0.12549020
v 0.05153772 0.00573684 0.01056557 0.67058824 0.20784314 0.12549020
v 0.05155871 0.00000000 0.01050253 0.67058824 0.20784314 0.12549020
v 0.05157445 -0.00512446 0.01044567 0.67058824 0.20784314 0.12549020
v -0.00200077 -0.00512446 0.00577635 0.67058824 0.20784314 0.12549020
v -0.00178559 -0.00512446 0.01021488 0.67058824 0.20784314 0.12549020
v -0.00180134 0.00573684 0.00988276 0.67058824 0.20784314 0.12549020
v 0.05152197 0.00573684 0.01061849 0.67058824 0.20784314 0.12549020
v 0.05152197 -0.00512446 0.01061849 0.67058824 0.20784314 0.12549020
v -0.00177509 -0.00512446 0.01032352 0.67058824 0.20784314 0.12549020
v -0.00177509 0.00573684 0.01032352 0.67058824 0.20784314 0.12549020
v -0.00178559 0.00573684 0.01020644 0.67058824 0.20784314 0.12549020
v 0.05141175 0.00573684 0.01083633 0.67058824 0.20784314 0.12549020
v 0.05141175 -0.00512446 0.01083633 0.67058824 0.20784314 0.12549020
v -0.00174885 -0.00512446 0.01044680 0.67058824 0.20784314 0.12549020
v -0.00174885 0.00573684 0.01043835 0.67058824 0.20784314 0.12549020
v 0.05125955 0.00573684 0.01103391 0.67058824 0.20784314 0.12549020
v 0.05125955 -0.00512446 0.01103391 0.67058824 0.20784314 0.12549020
v -0.00171736 -0.00512446 0.01055994 0.67058824 0.20784314 0.12549020
v -0.00171736 0.00573684 0.01055206 0.67058824 0.20784314 0.12549020
v 0.05107061 0.00573684 0.01120391 0.67058824 0.20784314 0.12549020
v 0.05107061 -0.00512446 0.01120391 0.67058824 0.20784314 0.12549020
v -0.00167538 -0.00512446 0.01066239 0.67058824 0.20784314 0.12549020
v -0.00167538 0.00573684 0.01066239 0.67058824 0.20784314 0.12549020
v 0.05090266 0.00573684 0.01131030 0.67058824 0.20784314 0.12549020
v 0.05090791 -0.00512446 0.01130636 0.67058824 0.20784314 0.12549020
v -0.00162289 -0.00512446 0.01076878 0.67058824 0.20784314 0.12549020
v -0.00162289 0.00573684 0.01076878 0.67058824 0.20784314 0.12549020
v 0.05085018 0.00573684 0.01134182 0.67058824 0.20784314 0.12549020
v 0.05085018 -0.00512446 0.01134182 0.67058824 0.20784314 0.12549020
v -0.00155991 -0.00512446 0.01087123 0.67058824 0.20784314 0.12549020
v -0.00155991 0.00573684 0.01087123 0.67058824 0.20784314 0.12549020
v 0.05079769 0.00573684 0.01136490 0.67058824 0.20784314 0.12549020
v 0.05079245 -0.00512446 0.01136772 0.67058824 0.20784314 0.12549020
v -0.00155466 -0.00512446 0.01087911 0.67058824 0.20784314 0.12549020
v -0.00148644 0.00573684 0.01096805 0.67058824 0.20784314 0.12549020
v 0.05066649 0.00573684 0.01142007 0.67058824 0.20784314 0.12549020
v 0.05060876 -0.00512446 0.01144371 0.67058824 0.20784314 0.12549020
v -0.00148119 -0.00512446 0.01097593 0.67058824 0.20784314 0.12549020
v -0.00140771 0.00573684 0.01105924 0.67058824 0.20784314 0.12549020
v 0.05060876 0.00573684 0.01144371 0.67058824 0.20784314 0.12549020
v 0.05054578 -0.00512446 0.01145947 0.67058824 0.20784314 0.12549020
v -0.00140771 -0.00512446 0.01105924 0.67058824 0.20784314 0.12549020
v -0.00123976 -0.00512446 0.01120391 0.67058824 0.20784314 0.12549020
v -0.00121877 0.00573684 0.01122080 0.67058824 0.20784314 0.12549020
v 0.05041457 0.00573684 0.01149156 0.67058824 0.20784314 0.12549020
v 0.05035683 -0.00512446 0.01150563 0.67058824 0.20784314 0.12549020
v -0.00121877 -0.00512446 0.01122080 0.67058824 0.20784314 0.12549020
v -0.00120827 0.00573684 0.01122812 0.67058824 0.20784314 0.12549020
v 0.05035683 0.00573684 0.01150563 0.67058824 0.20784314 0.12549020
v 0.05028861 -0.00512446 0.01151126 0.67058824 0.20784314 0.12549020
v -0.00102983 -0.00512446 0.01133619 0.67058824 0.20784314 0.12549020
v -0.00100359 0.00573684 0.01135195 0.67058824 0.20784314 0.12549020
v 0.05029386 0.00573684 0.01151070 0.67058824 0.20784314 0.12549020
v 0.05008917 0.00573684 0.01152702 0.67058824 0.20784314 0.12549020
v 0.05008917 -0.00512446 0.01152702 0.67058824 0.20784314 0.12549020
v -0.00100359 -0.00512446 0.01135195 0.67058824 0.20784314 0.12549020
v -0.00076741 0.00573684 0.01144821 0.67058824 0.20784314 0.12549020
v -0.00026357 0.00573684 0.01152702 0.67058824 0.20784314 0.12549020
v -0.00026357 -0.00512446 0.01152702 0.67058824 0.20784314 0.12549020
v -0.00076741 -0.00512446 0.01144821 0.67058824 0.20784314 0.12549020
v -0.00055748 -0.00512446 0.01149831 0.67058824 0.20784314 0.12549020
v -0.00052074 0.00573684 0.01150675 0.67058824 0.20784314 0.12549020
v -0.00049450 0.00573684 0.01150901 0.67058824 0.20784314 0.12549020
v -0.00052074 -0.00512446 0.01150675 0.67058824 0.20784314 0.12549020
f 1751 1752 1755
f 1751 1755 1753
f 1751 1753 1757
f 1751 1757 1763
f 1751 1763 1768
f 1751 1768 1767
f 1751 1767 1772
f 1751 1772 1776
f 1751 1776 1780
f 1751 1780 1784
f 1751 1784 1788
f 1751 1788 1792
f 1751 1792 1796
f 1751 1796 1801
f 1751 1801 1805
f 1751 1805 1809
f 1751 1809 1814
f 1751 1814 1819
f 1751 1819 1820
f 1751 1820 1815
f 1751 1815 1811
f 1751 1811 1810
f 1751 1810 1806
f 1751 1806 1802
f 1751 1802 1797
f 1751 1797 1793
f 1751 1793 1789
f 1751 1789 1785
f 1751 1785 1781
f 1751 1781 1777
f 1751 1777 1773
f 1751 1773 1769
f 1751 1769 1764
f 1751 1764 1758
f 1751 1758 1754
f 1751 1754 1756
f 1751 1756 1752
f 1752 1756 1760
f 1752 1760 1765
f 1752 1765 1770
f 1752 1770 1774
f 1752 1774 1778
f 1752 1778 1782
f 1752 1782 1786
f 1752 1786 1790
f 1752 1790 1794
f 1752 1794 1798
f 1752 1798 1803
f 1752 1803 1807
f 1752 1807 1812
f 1752 1812 1816
f 1752 1816 1821
f 1752 1821 1818
f 1752 1818 1817
f 1752 1817 1813
f 1752 1813 1808
f 1752 1808 1804
f 1752 1804 1800
f 1752 1800 1799
f 1752 1799 1795
f 1752 1795 1791
f 1752 1791 1787
f 1752 1787 1783
f 1752 1783 1779
f 1752 1779 1775
f 1752 1775 1771
f 1752 1771 1766
f 1752 1766 1762
f 1752 1762 1761
f 1752 1761 1755
f 1753 1755 1761
f 1753 1761 1757
f 1754 1758 1759
f 1754 1759 1760
f 1754 1760 1756
f 1757 1761 1762
f 1757 1762 1763
f 1758 1764 1759
f 1759 1764 1765
f 1759 1765 1760
f 1762 1766 1767
f 1762 1767 1768
f 1762 1768 1763
f 1764 1769 1770
f 1764 1770 1765
f 1766 1771 1767
f 1767 1771 1772
f 1769 1773 1774
f 1769 1774 1770
f 1771 1775 1776
f 1771 1776 1772
f 1773 1777 1778
f 1773 1778 1774
f 1775 1779 1780
f 1775 1780 1776
f 1777 1781 1778
f 1778 1781 1782
f 1779 1783 1784
f 1779 1784 1780
f 1781 1785 1786
f 1781 1786 1782
f 1783 1787 1788
f 1783 1788 1784
f 1785 1789 1790
f 1785 1790 1786
f 1787 1791 1788
f 1788 1791 1795
f 1788 1795 1792
f 1789 1793 1790
f 1790 1793 1794
f 1792 1795 1796
f 1793 1797 1794
f 1794 1797 1798
f 1795 1799 1796
f 1796 1800 1801
f 1796 1799 1800
f 1797 1802 1798
f 1798 1802 1803
f 1800 1804 1801
f 1801 1804 1805
f 1802 1806 1803
f 1803 1806 1807
f 1804 1808 1805
f 1805 1808 1809
f 1806 1810 1807
f 1807 1810 1811
f 1807 1811 1812
f 1808 1813 1809
f 1809 1813 1817
f 1809 1817 1814
f 1811 1815 1816
f 1811 1816 1812
f 1814 1817 1818
f 1814 1818 1819
f 1815 1820 1816
f 1816 1820 1821
f 1818 1821 1819
f 1819 1821 1820

o geometry_16
v -0.02120428 -0.01200332 -0.00572752 0.31372549 0.36078431 0.56862745
v -0.02120428 -0.00521685 -0.00572752 0.31372549 0.36078431 0.56862745
v -0.00947289 -0.01200332 -0.00572752 0.31372549 0.36078431 0.56862745
v -0.02120428 -0.01200332 0.00164839 0.31372549 0.36078431 0.56862745
v -0.02120428 -0.00546248 -0.00031760 0.31372549 0.36078431 0.56862745
v -0.00219160 -0.00520287 0.00164839 0.31372549 0.36078431 0.56862745
v -0.00227004 -0.00520287 0.00008383 0.31372549 0.36078431 0.56862745
v -0.00254817 -0.00520287 -0.00572752 0.31372549 0.36078431 0.56862745
v -0.00947289 -0.01200332 0.00164839 0.31372549 0.36078431 0.56862745
v 0.05008970 -0.01200265 -0.00572752 0.31372549 0.36078431 0.56862745
v -0.02120428 -0.00555234 0.00164839 0.31372549 0.36078431 0.56862745
v 0.05165151 -0.00520287 0.00164839 0.31372549 0.36078431 0.56862745
v 0.05160872 -0.00520287 -0.00572752 0.31372549 0.36078431 0.56862745
v 0.05008970 -0.01200265 0.00164839 0.31372549 0.36078431 0.56862745
v 0.05029651 -0.01198601 -0.00572752 0.31372549 0.36078431 0.56862745
v 0.05165151 -0.00960026 0.00164839 0.31372549 0.36078431 0.56862745
v 0.05165151 -0.00520287 -0.00572536 0.31372549 0.36078431 0.56862745
v 0.05160872 -0.01056282 -0.00572752 0.31372549 0.36078431 0.56862745
v 0.05019667 -0.01199400 0.00164839 0.31372549 0.36078431 0.56862745
v 0.05034644 -0.01198135 -0.00572752 0.31372549 0.36078431 0.56862745
v 0.05034644 -0.01198135 0.00164839 0.31372549 0.36078431 0.56862745
v 0.05160872 -0.01056282 0.00164839 0.31372549 0.36078431 0.56862745
v 0.05165151 -0.00960026 -0.00572536 0.31372549 0.36078431 0.56862745
v 0.05159446 -0.01075852 -0.00572752 0.31372549 0.36078431 0.56862745
v 0.05061031 -0.01191612 -0.00572752 0.31372549 0.36078431 0.56862745
v 0.05046054 -0.01195406 0.00164839 0.31372549 0.36078431 0.56862745
v 0.05158733 -0.01081244 0.00164839 0.31372549 0.36078431 0.56862745
v 0.05158733 -0.01081244 -0.00572752 0.31372549 0.36078431 0.56862745
v 0.05061031 -0.01191612 0.00164839 0.31372549 0.36078431 0.56862745
v 0.05079573 -0.01183291 -0.00572752 0.31372549 0.36078431 0.56862745
v 0.05071015 -0.01187152 0.00164839 0.31372549 0.36078431 0.56862745
v 0.05155880 -0.01091362 0.00164839 0.31372549 0.36078431 0.56862745
v 0.05153741 -0.01100282 -0.00572752 0.31372549 0.36078431 0.56862745
v 0.05084565 -0.01181028 -0.00572752 0.31372549 0.36078431 0.56862745
v 0.05084565 -0.01181028 0.00164839 0.31372549 0.36078431 0.56862745
v 0.05151601 -0.01105541 0.00164839 0.31372549 0.36078431 0.56862745
v 0.05151601 -0.01105541 -0.00572752 0.31372549 0.36078431 0.56862745
v 0.05093836 -0.01174970 0.00164839 0.31372549 0.36078431 0.56862745
v 0.05106672 -0.01166516 -0.00572752 0.31372549 0.36078431 0.56862745
v 0.05140903 -0.01128307 0.00164839 0.31372549 0.36078431 0.56862745
v 0.05140903 -0.01128307 -0.00572752 0.31372549 0.36078431 0.56862745
v 0.05106672 -0.01166516 0.00164839 0.31372549 0.36078431 0.56862745
v 0.05125214 -0.01148876 -0.00572752 0.31372549 0.36078431 0.56862745
v 0.05125214 -0.01148876 0.00164839 0.31372549 0.36078431 0.56862745
v 0.05128780 -0.01144416 -0.00572752 0.31372549 0.36078431 0.56862745
f 1822 1823 1829
f 1822 1829 1834
f 1822 1834 1839
f 1822 1839 1845
f 1822 1845 1849
f 1822 1849 1854
f 1822 1854 1858
f 1822 1858 1862
f 1822 1862 1866
f 1822 1866 1864
f 1822 1864 1860
f 1822 1860 1855
f 1822 1855 1851
f 1822 1851 1846
f 1822 1846 1841
f 1822 1841 1836
f 1822 1836 1831
f 1822 1831 1824
f 1822 1824 1830
f 1822 1830 1825
f 1822 1825 1832
f 1822 1832 1826
f 1822 1826 1823
f 1823 1826 1827
f 1823 1827 1828
f 1823 1828 1829
f 1824 1831 1835
f 1824 1835 1830
f 1825 1830 1835
f 1825 1835 1840
f 1825 1840 1842
f 1825 1842 1847
f 1825 1847 1850
f 1825 1850 1852
f 1825 1852 1856
f 1825 1856 1859
f 1825 1859 1863
f 1825 1863 1865
f 1825 1865 1861
f 1825 1861 1857
f 1825 1857 1853
f 1825 1853 1848
f 1825 1848 1843
f 1825 1843 1837
f 1825 1837 1833
f 1825 1833 1827
f 1825 1827 1832
f 1826 1832 1827
f 1827 1833 1838
f 1827 1838 1834
f 1827 1834 1829
f 1827 1829 1828
f 1831 1836 1835
f 1833 1837 1844
f 1833 1844 1838
f 1834 1838 1844
f 1834 1844 1839
f 1835 1836 1840
f 1836 1841 1842
f 1836 1842 1840
f 1837 1843 1839
f 1837 1839 1844
f 1839 1843 1845
f 1841 1846 1847
f 1841 1847 1842
f 1843 1848 1845
f 1845 1848 1849
f 1846 1850 1847
f 1846 1851 1852
f 1846 1852 1850
f 1848 1853 1854
f 1848 1854 1849
f 1851 1855 1856
f 1851 1856 1852
f 1853 1857 1854
f 1854 1857 1858
f 1855 1859 1856
f 1855 1860 1859
f 1857 1861 1862
f 1857 1862 1858
f 1859 1860 1863
f 1860 1864 1865
f 1860 1865 1863
f 1861 1865 1866
f 1861 1866 1862
f 1864 1866 1865

o geometry_17
v -0.02177043 0.00572982 0.00577665 0.43529412 0.98823529 0.10196078
v -0.02198194 0.00572982 0.01020618 0.43529412 0.98823529 0.10196078
v -0.02157019 0.00554031 0.00164976 0.43529412 0.98823529 0.10196078
v -0.04998310 0.00572982 0.00577665 0.43529412 0.98823529 0.10196078
v -0.02198194 -0.00572563 0.01020618 0.43529412 0.98823529 0.10196078
v -0.02157019 -0.00553164 0.00167974 0.43529412 0.98823529 0.10196078
v -0.02199322 0.00572982 0.01032318 0.43529412 0.98823529 0.10196078
v -0.02157019 -0.00553164 0.00164976 0.43529412 0.98823529 0.10196078
v -0.05038074 0.00554031 0.00164976 0.43529412 0.98823529 0.10196078
v -0.04998310 0.00572982 0.01014527 0.43529412 0.98823529 0.10196078
v -0.02177043 -0.00572563 0.00577665 0.43529412 0.98823529 0.10196078
v -0.02199322 -0.00572563 0.01032125 0.43529412 0.98823529 0.10196078
v -0.02201578 0.00572982 0.01043535 0.43529412 0.98823529 0.10196078
v -0.02201578 -0.00572563 0.01043825 0.43529412 0.98823529 0.10196078
v -0.05038074 -0.00553164 0.00164976 0.43529412 0.98823529 0.10196078
v -0.05038074 0.00554031 0.00576021 0.43529412 0.98823529 0.10196078
v -0.04998310 -0.00572563 0.01014527 0.43529412 0.98823529 0.10196078
v -0.04997746 0.00572982 0.01020135 0.43529412 0.98823529 0.10196078
v -0.04998310 -0.00572563 0.00577665 0.43529412 0.98823529 0.10196078
v -0.02204962 0.00572982 0.01055138 0.43529412 0.98823529 0.10196078
v -0.02204680 -0.00572563 0.01054848 0.43529412 0.98823529 0.10196078
v -0.05038074 -0.00553164 0.00576021 0.43529412 0.98823529 0.10196078
v -0.04997746 -0.00572563 0.01020135 0.43529412 0.98823529 0.10196078
v -0.04995772 0.00572982 0.01038507 0.43529412 0.98823529 0.10196078
v -0.02209192 0.00572982 0.01065871 0.43529412 0.98823529 0.10196078
v -0.02209192 -0.00572563 0.01066161 0.43529412 0.98823529 0.10196078
v -0.04995772 -0.00572563 0.01038507 0.43529412 0.98823529 0.10196078
v -0.04992388 0.00000097 0.01050207 0.43529412 0.98823529 0.10196078
v -0.04990414 0.00572982 0.01056492 0.43529412 0.98823529 0.10196078
v -0.02214550 0.00572982 0.01076797 0.43529412 0.98823529 0.10196078
v -0.02214550 -0.00572563 0.01077184 0.43529412 0.98823529 0.10196078
v -0.04990414 -0.00572563 0.01056492 0.43529412 0.98823529 0.10196078
v -0.04988721 0.00572982 0.01061810 0.43529412 0.98823529 0.10196078
v -0.02220755 0.00572982 0.01087047 0.43529412 0.98823529 0.10196078
v -0.02220755 -0.00572563 0.01087047 0.43529412 0.98823529 0.10196078
v -0.04988721 -0.00572563 0.01061810 0.43529412 0.98823529 0.10196078
v -0.04986465 0.00572982 0.01066838 0.43529412 0.98823529 0.10196078
v -0.02228087 0.00572982 0.01096716 0.43529412 0.98823529 0.10196078
v -0.02228369 -0.00572563 0.01097103 0.43529412 0.98823529 0.10196078
v -0.04986465 -0.00572563 0.01066838 0.43529412 0.98823529 0.10196078
v -0.04977723 0.00572982 0.01083566 0.43529412 0.98823529 0.10196078
v -0.02235983 0.00572982 0.01105419 0.43529412 0.98823529 0.10196078
v -0.02236265 -0.00572563 0.01105806 0.43529412 0.98823529 0.10196078
v -0.04977723 -0.00572563 0.01083566 0.43529412 0.98823529 0.10196078
v -0.04965878 0.00572982 0.01098747 0.43529412 0.98823529 0.10196078
v -0.02253750 0.00572982 0.01121083 0.43529412 0.98823529 0.10196078
v -0.02237111 -0.00572563 0.01106579 0.43529412 0.98823529 0.10196078
v -0.04965878 -0.00572563 0.01098747 0.43529412 0.98823529 0.10196078
v -0.04962212 0.00572982 0.01103388 0.43529412 0.98823529 0.10196078
v -0.02254878 0.00572982 0.01122050 0.43529412 0.98823529 0.10196078
v -0.02254878 -0.00572563 0.01122050 0.43529412 0.98823529 0.10196078
v -0.04962212 -0.00572563 0.01103388 0.43529412 0.98823529 0.10196078
v -0.04958264 0.00572982 0.01107256 0.43529412 0.98823529 0.10196078
v -0.02276311 0.00572982 0.01135104 0.43529412 0.98823529 0.10196078
v -0.02276311 -0.00572563 0.01135104 0.43529412 0.98823529 0.10196078
v -0.04958264 -0.00572563 0.01107256 0.43529412 0.98823529 0.10196078
v -0.04943599 0.00572982 0.01120310 0.43529412 0.98823529 0.10196078
v -0.02299718 0.00572982 0.01144773 0.43529412 0.98823529 0.10196078
v -0.02299718 -0.00572563 0.01144773 0.43529412 0.98823529 0.10196078
v -0.04943599 -0.00572563 0.01120310 0.43529412 0.98823529 0.10196078
v -0.04926960 0.00572982 0.01130946 0.43529412 0.98823529 0.10196078
v -0.02322280 0.00572982 0.01150091 0.43529412 0.98823529 0.10196078
v -0.02324818 -0.00572563 0.01150671 0.43529412 0.98823529 0.10196078
v -0.04926960 -0.00572563 0.01130946 0.43529412 0.98823529 0.10196078
v -0.04921884 0.00572982 0.01134137 0.43529412 0.98823529 0.10196078
v -0.02324818 0.00572982 0.01150671 0.43529412 0.98823529 0.10196078
v -0.02350481 -0.00572563 0.01152702 0.43529412 0.98823529 0.10196078
v -0.04921884 -0.00572563 0.01134137 0.43529412 0.98823529 0.10196078
v -0.04897631 0.00572982 0.01144290 0.43529412 0.98823529 0.10196078
v -0.02350481 0.00572982 0.01152702 0.43529412 0.98823529 0.10196078
v -0.04845741 -0.00572563 0.01152702 0.43529412 0.98823529 0.10196078
v -0.04897631 -0.00572563 0.01144290 0.43529412 0.98823529 0.10196078
v -0.04878172 0.00572982 0.01149124 0.43529412 0.98823529 0.10196078
v -0.04845741 0.00572982 0.01152702 0.43529412 0.98823529 0.10196078
v -0.04866327 -0.00572563 0.01151058 0.43529412 0.98823529 0.10196078
v -0.04878172 -0.00572563 0.01149124 0.43529412 0.98823529 0.10196078
v -0.04872250 0.00572982 0.01150478 0.43529412 0.98823529 0.10196078
v -0.04866327 0.00572982 0.01151058 0.43529412 0.98823529 0.10196078
v -0.04872250 -0.00572563 0.01150478 0.43529412 0.98823529 0.10196078
f 1867 1868 1869
f 1867 1869 1875
f 1867 1875 1870
f 1867 1870 1876
f 1867 1876 1884
f 1867 1884 1890
f 1867 1890 1895
f 1867 1895 1899
f 1867 1899 1903
f 1867 1903 1907
f 1867 1907 1911
f 1867 1911 1915
f 1867 1915 1919
f 1867 1919 1923
f 1867 1923 1927
f 1867 1927 1931
f 1867 1931 1935
f 1867 1935 1939
f 1867 1939 1943
f 1867 1943 1944
f 1867 1944 1940
f 1867 1940 1936
f 1867 1936 1932
f 1867 1932 1928
f 1867 1928 1924
f 1867 1924 1920
f 1867 1920 1916
f 1867 1916 1912
f 1867 1912 1908
f 1867 1908 1904
f 1867 1904 1900
f 1867 1900 1896
f 1867 1896 1891
f 1867 1891 1886
f 1867 1886 1879
f 1867 1879 1873
f 1867 1873 1868
f 1868 1871 1872
f 1868 1872 1869
f 1868 1873 1871
f 1869 1872 1874
f 1869 1874 1881
f 1869 1881 1875
f 1870 1875 1882
f 1870 1882 1876
f 1871 1877 1872
f 1871 1873 1878
f 1871 1878 1880
f 1871 1880 1887
f 1871 1887 1892
f 1871 1892 1897
f 1871 1897 1901
f 1871 1901 1905
f 1871 1905 1909
f 1871 1909 1913
f 1871 1913 1917
f 1871 1917 1921
f 1871 1921 1925
f 1871 1925 1929
f 1871 1929 1933
f 1871 1933 1937
f 1871 1937 1941
f 1871 1941 1945
f 1871 1945 1942
f 1871 1942 1938
f 1871 1938 1934
f 1871 1934 1930
f 1871 1930 1926
f 1871 1926 1922
f 1871 1922 1918
f 1871 1918 1914
f 1871 1914 1910
f 1871 1910 1906
f 1871 1906 1902
f 1871 1902 1898
f 1871 1898 1893
f 1871 1893 1889
f 1871 1889 1883
f 1871 1883 1885
f 1871 1885 1877
f 1872 1877 1874
f 1873 1879 1880
f 1873 1880 1878
f 1874 1877 1885
f 1874 1885 1881
f 1875 1881 1888
f 1875 1888 1882
f 1876 1882 1888
f 1876 1888 1883
f 1876 1883 1889
f 1876 1889 1884
f 1879 1886 1887
f 1879 1887 1880
f 1881 1885 1883
f 1881 1883 1888
f 1884 1889 1893
f 1884 1893 1890
f 1886 1891 1887
f 1887 1891 1892
f 1890 1894 1895
f 1890 1893 1894
f 1891 1896 1897
f 1891 1897 1892
f 1893 1898 1894
f 1894 1898 1895
f 1895 1898 1902
f 1895 1902 1899
f 1896 1900 1897
f 1897 1900 1901
f 1899 1902 1906
f 1899 1906 1903
f 1900 1904 1905
f 1900 1905 1901
f 1903 1906 1910
f 1903 1910 1907
f 1904 1908 1909
f 1904 1909 1905
f 1907 1910 1914
f 1907 1914 1911
f 1908 1912 1913
f 1908 1913 1909
f 1911 1914 1918
f 1911 1918 1915
f 1912 1916 1917
f 1912 1917 1913
f 1915 1918 1922
f 1915 1922 1919
f 1916 1920 1921
f 1916 1921 1917
f 1919 1922 1926
f 1919 1926 1923
f 1920 1924 1925
f 1920 1925 1921
f 1923 1926 1930
f 1923 1930 1927
f 1924 1928 1925
f 1925 1928 1929
f 1927 1930 1934
f 1927 1934 1931
f 1928 1932 1929
f 1929 1932 1936
f 1929 1936 1933
f 1931 1934 1938
f 1931 1938 1935
f 1933 1936 1940
f 1933 1940 1937
f 1935 1938 1942
f 1935 1942 1939
f 1937 1940 1944
f 1937 1944 1941
f 1939 1942 1945
f 1939 1945 1943
f 1941 1944 1943
f 1941 1943 1945

o geometry_18
v -0.02100575 0.00500261 -0.01000494 0.20784314 0.16078431 0.65098039
v -0.02100575 0.00500261 -0.01014962 0.20784314 0.16078431 0.65098039
v -0.02121294 0.00500261 -0.00572752 0.20784314 0.16078431 0.65098039
v -0.02098872 -0.00521427 -0.00572752 0.20784314 0.16078431 0.65098039
v -0.02098872 -0.00501782 -0.01003083 0.20784314 0.16078431 0.65098039
v -0.02101426 0.00500261 -0.01026052 0.20784314 0.16078431 0.65098039
v -0.02098872 -0.00501782 -0.01014962 0.20784314 0.16078431 0.65098039
v -0.02098872 -0.00502615 -0.01026052 0.20784314 0.16078431 0.65098039
v -0.02098872 -0.00504612 -0.01037086 0.20784314 0.16078431 0.65098039
v -0.02098872 -0.00507276 -0.01047895 0.20784314 0.16078431 0.65098039
v -0.02098872 -0.00510939 -0.01058479 0.20784314 0.16078431 0.65098039
v -0.02098872 -0.00515434 -0.01068781 0.20784314 0.16078431 0.65098039
v -0.02098872 -0.00520927 -0.01078690 0.20784314 0.16078431 0.65098039
v -0.02098872 -0.00526921 -0.01087866 0.20784314 0.16078431 0.65098039
v -0.02098872 -0.00527420 -0.01088541 0.20784314 0.16078431 0.65098039
v -0.02098872 -0.00541737 -0.01105262 0.20784314 0.16078431 0.65098039
v -0.02098872 -0.00542403 -0.01105937 0.20784314 0.16078431 0.65098039
v -0.02098872 -0.00559051 -0.01120068 0.20784314 0.16078431 0.65098039
v -0.02098872 -0.00560217 -0.01120799 0.20784314 0.16078431 0.65098039
v -0.02098872 -0.00578696 -0.01132002 0.20784314 0.16078431 0.65098039
v -0.02098872 -0.00600005 -0.01140728 0.20784314 0.16078431 0.65098039
v -0.02098872 -0.00602336 -0.01141291 0.20784314 0.16078431 0.65098039
v -0.02098872 -0.00622647 -0.01146077 0.20784314 0.16078431 0.65098039
v -0.04998356 0.00500261 -0.00572752 0.20784314 0.16078431 0.65098039
v -0.02098872 -0.01200166 -0.00572752 0.20784314 0.16078431 0.65098039
v -0.02103413 0.00500261 -0.01037086 0.20784314 0.16078431 0.65098039
v -0.02098872 -0.00623978 -0.01146189 0.20784314 0.16078431 0.65098039
v -0.02127537 0.00500261 -0.01088429 0.20784314 0.16078431 0.65098039
v -0.02120726 0.00500261 -0.01078746 0.20784314 0.16078431 0.65098039
v -0.02115049 0.00500261 -0.01068725 0.20784314 0.16078431 0.65098039
v -0.02110225 0.00500261 -0.01058535 0.20784314 0.16078431 0.65098039
v -0.02106251 0.00500261 -0.01047839 0.20784314 0.16078431 0.65098039
v -0.04998356 0.00500261 -0.01009839 0.20784314 0.16078431 0.65098039
v -0.04998356 -0.01056160 -0.00572752 0.20784314 0.16078431 0.65098039
v -0.02098872 -0.01200166 -0.01010571 0.20784314 0.16078431 0.65098039
v -0.04845946 -0.01200166 -0.00572752 0.20784314 0.16078431 0.65098039
v -0.02098872 -0.00625477 -0.01146302 0.20784314 0.16078431 0.65098039
v -0.02142580 0.00500261 -0.01105262 0.20784314 0.16078431 0.65098039
v -0.04998356 -0.01056160 -0.01009839 0.20784314 0.16078431 0.65098039
v -0.04995802 0.00500261 -0.01033765 0.20784314 0.16078431 0.65098039
v -0.04996369 -0.01075805 -0.00572752 0.20784314 0.16078431 0.65098039
v -0.02098872 -0.01199833 -0.01015131 0.20784314 0.16078431 0.65098039
v -0.04845946 -0.01200166 -0.01009839 0.20784314 0.16078431 0.65098039
v -0.03613892 -0.01199999 -0.01012823 0.20784314 0.16078431 0.65098039
v -0.04851622 -0.01199833 -0.00572752 0.20784314 0.16078431 0.65098039
v -0.02098872 -0.00645787 -0.01147822 0.20784314 0.16078431 0.65098039
v -0.02161028 0.00500261 -0.01120068 0.20784314 0.16078431 0.65098039
v -0.04995802 -0.01056160 -0.01033765 0.20784314 0.16078431 0.65098039
v -0.04993531 -0.01081299 -0.01033427 0.20784314 0.16078431 0.65098039
v -0.04995802 -0.01081299 -0.01009839 0.20784314 0.16078431 0.65098039
v -0.04994099 0.00500261 -0.01039901 0.20784314 0.16078431 0.65098039
v -0.04995802 -0.01081299 -0.00572752 0.20784314 0.16078431 0.65098039
v -0.02382406 -0.01198667 -0.01027797 0.20784314 0.16078431 0.65098039
v -0.02098872 -0.01198168 -0.01033089 0.20784314 0.16078431 0.65098039
v -0.04872341 -0.01198001 -0.01009839 0.20784314 0.16078431 0.65098039
v -0.04871773 -0.01198001 -0.01014005 0.20784314 0.16078431 0.65098039
v -0.04870638 -0.01198001 -0.01018002 0.20784314 0.16078431 0.65098039
v -0.04868651 -0.01198001 -0.01021774 0.20784314 0.16078431 0.65098039
v -0.04866097 -0.01198001 -0.01025208 0.20784314 0.16078431 0.65098039
v -0.04862691 -0.01198001 -0.01028192 0.20784314 0.16078431 0.65098039
v -0.04859002 -0.01198001 -0.01030556 0.20784314 0.16078431 0.65098039
v -0.04854744 -0.01198001 -0.01032358 0.20784314 0.16078431 0.65098039
v -0.04850487 -0.01198001 -0.01033427 0.20784314 0.16078431 0.65098039
v -0.04845946 -0.01198001 -0.01033765 0.20784314 0.16078431 0.65098039
v -0.04872341 -0.01198001 -0.00572752 0.20784314 0.16078431 0.65098039
v -0.02098872 -0.01056160 -0.01147822 0.20784314 0.16078431 0.65098039
v -0.02252701 0.00500261 -0.01147822 0.20784314 0.16078431 0.65098039
v -0.02230563 0.00500261 -0.01146245 0.20784314 0.16078431 0.65098039
v -0.02228293 0.00500261 -0.01146077 0.20784314 0.16078431 0.65098039
v -0.02206439 0.00500261 -0.01141179 0.20784314 0.16078431 0.65098039
v -0.02204452 0.00500261 -0.01140728 0.20784314 0.16078431 0.65098039
v -0.02181747 0.00500261 -0.01132002 0.20784314 0.16078431 0.65098039
v -0.04988990 -0.01056160 -0.01057015 0.20784314 0.16078431 0.65098039
v -0.04986720 -0.01081299 -0.01056284 0.20784314 0.16078431 0.65098039
v -0.04980476 -0.01105438 -0.01054201 0.20784314 0.16078431 0.65098039
v -0.04986720 -0.01105438 -0.01032358 0.20784314 0.16078431 0.65098039
v -0.04988990 -0.01105438 -0.01009839 0.20784314 0.16078431 0.65098039
v -0.04994383 -0.01086460 -0.00572752 0.20784314 0.16078431 0.65098039
v -0.04988990 0.00500261 -0.01057015 0.20784314 0.16078431 0.65098039
v -0.02098872 -0.01197835 -0.01034497 0.20784314 0.16078431 0.65098039
v -0.04877734 -0.01196669 -0.00572752 0.20784314 0.16078431 0.65098039
v -0.04892492 -0.01193007 -0.00572752 0.20784314 0.16078431 0.65098039
v -0.04897884 -0.01191509 -0.01009839 0.20784314 0.16078431 0.65098039
v -0.04897033 -0.01191509 -0.01018002 0.20784314 0.16078431 0.65098039
v -0.04894763 -0.01191509 -0.01025940 0.20784314 0.16078431 0.65098039
v -0.04891073 -0.01191509 -0.01033427 0.20784314 0.16078431 0.65098039
v -0.04885680 -0.01191509 -0.01040183 0.20784314 0.16078431 0.65098039
v -0.04879436 -0.01191509 -0.01045981 0.20784314 0.16078431 0.65098039
v -0.04871773 -0.01191509 -0.01050710 0.20784314 0.16078431 0.65098039
v -0.04863543 -0.01191509 -0.01054201 0.20784314 0.16078431 0.65098039
v -0.04854744 -0.01191509 -0.01056284 0.20784314 0.16078431 0.65098039
v -0.04845946 -0.01191509 -0.01057015 0.20784314 0.16078431 0.65098039
v -0.02382406 -0.01196503 -0.01039620 0.20784314 0.16078431 0.65098039
v -0.02098872 -0.01056993 -0.01147765 0.20784314 0.16078431 0.65098039
v -0.04845946 -0.01056160 -0.01147822 0.20784314 0.16078431 0.65098039
v -0.04845946 0.00500261 -0.01147822 0.20784314 0.16078431 0.65098039
v -0.04986152 0.00500261 -0.01062758 0.20784314 0.16078431 0.65098039
v -0.04977921 -0.01056160 -0.01078858 0.20784314 0.16078431 0.65098039
v -0.04975651 -0.01081299 -0.01077789 0.20784314 0.16078431 0.65098039
v -0.04969975 -0.01105438 -0.01074692 0.20784314 0.16078431 0.65098039
v -0.04969975 -0.01128246 -0.01050710 0.20784314 0.16078431 0.65098039
v -0.04975651 -0.01128246 -0.01030556 0.20784314 0.16078431 0.65098039
v -0.04977921 -0.01128246 -0.01009839 0.20784314 0.16078431 0.65098039
v -0.04986720 -0.01110433 -0.00572752 0.20784314 0.16078431 0.65098039
v -0.04988990 -0.01105438 -0.00572752 0.20784314 0.16078431 0.65098039
v -0.02098872 -0.01196669 -0.01038944 0.20784314 0.16078431 0.65098039
v -0.04897884 -0.01191509 -0.00572752 0.20784314 0.16078431 0.65098039
v -0.04903277 -0.01189344 -0.00572752 0.20784314 0.16078431 0.65098039
v -0.04922009 -0.01181020 -0.01009839 0.20784314 0.16078431 0.65098039
v -0.04920874 -0.01181020 -0.01021774 0.20784314 0.16078431 0.65098039
v -0.04917468 -0.01181020 -0.01033427 0.20784314 0.16078431 0.65098039
v -0.04911792 -0.01181020 -0.01044349 0.20784314 0.16078431 0.65098039
v -0.04904129 -0.01181020 -0.01054201 0.20784314 0.16078431 0.65098039
v -0.04894763 -0.01181020 -0.01062701 0.20784314 0.16078431 0.65098039
v -0.04883977 -0.01181020 -0.01069570 0.20784314 0.16078431 0.65098039
v -0.04859002 -0.01181020 -0.01077789 0.20784314 0.16078431 0.65098039
v -0.04871773 -0.01181020 -0.01074692 0.20784314 0.16078431 0.65098039
v -0.04845946 -0.01181020 -0.01078858 0.20784314 0.16078431 0.65098039
v -0.02098872 -0.01188678 -0.01063095 0.20784314 0.16078431 0.65098039
v -0.02098872 -0.01191509 -0.01057015 0.20784314 0.16078431 0.65098039
v -0.02098872 -0.01193007 -0.01051949 0.20784314 0.16078431 0.65098039
v -0.02098872 -0.01064651 -0.01147146 0.20784314 0.16078431 0.65098039
v -0.03613892 -0.01065650 -0.01147090 0.20784314 0.16078431 0.65098039
v -0.03613892 -0.01059324 -0.01147597 0.20784314 0.16078431 0.65098039
v -0.04845946 -0.01081299 -0.01145739 0.20784314 0.16078431 0.65098039
v -0.04871773 -0.01081299 -0.01143712 0.20784314 0.16078431 0.65098039
v -0.04872341 -0.01056160 -0.01145739 0.20784314 0.16078431 0.65098039
v -0.04852758 0.00500261 -0.01147315 0.20784314 0.16078431 0.65098039
v -0.04977921 0.00500261 -0.01078858 0.20784314 0.16078431 0.65098039
v -0.04962595 -0.01056160 -0.01098562 0.20784314 0.16078431 0.65098039
v -0.04960892 -0.01081299 -0.01097211 0.20784314 0.16078431 0.65098039
v -0.04955500 -0.01105438 -0.01093214 0.20784314 0.16078431 0.65098039
v -0.04946985 -0.01128246 -0.01086684 0.20784314 0.16078431 0.65098039
v -0.04960041 -0.01128246 -0.01069570 0.20784314 0.16078431 0.65098039
v -0.04946985 -0.01148723 -0.01062701 0.20784314 0.16078431 0.65098039
v -0.04955500 -0.01148723 -0.01045981 0.20784314 0.16078431 0.65098039
v -0.04960892 -0.01148723 -0.01028192 0.20784314 0.16078431 0.65098039
v -0.04977921 -0.01128246 -0.00572752 0.20784314 0.16078431 0.65098039
v -0.04962595 -0.01148723 -0.01009839 0.20784314 0.16078431 0.65098039
v -0.04922009 -0.01181020 -0.00572752 0.20784314 0.16078431 0.65098039
v -0.04926834 -0.01177857 -0.00572752 0.20784314 0.16078431 0.65098039
v -0.04943863 -0.01166537 -0.01009839 0.20784314 0.16078431 0.65098039
v -0.04942160 -0.01166537 -0.01025208 0.20784314 0.16078431 0.65098039
v -0.04937903 -0.01166537 -0.01040183 0.20784314 0.16078431 0.65098039
v -0.04930524 -0.01166537 -0.01054201 0.20784314 0.16078431 0.65098039
v -0.04920874 -0.01166537 -0.01066867 0.20784314 0.16078431 0.65098039
v -0.04894763 -0.01166537 -0.01086684 0.20784314 0.16078431 0.65098039
v -0.04908670 -0.01166537 -0.01077789 0.20784314 0.16078431 0.65098039
v -0.04879436 -0.01166537 -0.01093214 0.20784314 0.16078431 0.65098039
v -0.04862691 -0.01166537 -0.01097211 0.20784314 0.16078431 0.65098039
v -0.04845946 -0.01166537 -0.01098562 0.20784314 0.16078431 0.65098039
v -0.02098872 -0.01167036 -0.01097999 0.20784314 0.16078431 0.65098039
v -0.02382406 -0.01181020 -0.01078858 0.20784314 0.16078431 0.65098039
v -0.02382406 -0.01183684 -0.01073398 0.20784314 0.16078431 0.65098039
v -0.02098872 -0.01183351 -0.01074073 0.20784314 0.16078431 0.65098039
v -0.02098872 -0.01075639 -0.01146245 0.20784314 0.16078431 0.65098039
v -0.02382406 -0.01074973 -0.01146302 0.20784314 0.16078431 0.65098039
v -0.04845946 -0.01105438 -0.01139546 0.20784314 0.16078431 0.65098039
v -0.02098872 -0.01081299 -0.01145739 0.20784314 0.16078431 0.65098039
v -0.02382406 -0.01087292 -0.01144219 0.20784314 0.16078431 0.65098039
v -0.04870638 -0.01105438 -0.01137576 0.20784314 0.16078431 0.65098039
v -0.04894763 -0.01105438 -0.01131721 0.20784314 0.16078431 0.65098039
v -0.04897033 -0.01081299 -0.01137576 0.20784314 0.16078431 0.65098039
v -0.04897884 -0.01056160 -0.01139546 0.20784314 0.16078431 0.65098039
v -0.04879152 0.00500261 -0.01144106 0.20784314 0.16078431 0.65098039
v -0.04872341 0.00500261 -0.01145739 0.20784314 0.16078431 0.65098039
v -0.04962595 0.00500261 -0.01098562 0.20784314 0.16078431 0.65098039
v -0.04943863 -0.01056160 -0.01115564 0.20784314 0.16078431 0.65098039
v -0.04942160 -0.01081299 -0.01113931 0.20784314 0.16078431 0.65098039
v -0.04937903 -0.01105438 -0.01109202 0.20784314 0.16078431 0.65098039
v -0.04930524 -0.01128246 -0.01101377 0.20784314 0.16078431 0.65098039
v -0.04920874 -0.01148723 -0.01090793 0.20784314 0.16078431 0.65098039
v -0.04935348 -0.01148723 -0.01077789 0.20784314 0.16078431 0.65098039
v -0.04962595 -0.01148723 -0.00572752 0.20784314 0.16078431 0.65098039
v -0.04958622 -0.01152552 -0.00572752 0.20784314 0.16078431 0.65098039
v -0.04943863 -0.01166537 -0.00572752 0.20784314 0.16078431 0.65098039
v -0.04904129 -0.01148723 -0.01101377 0.20784314 0.16078431 0.65098039
v -0.04866097 -0.01148723 -0.01113931 0.20784314 0.16078431 0.65098039
v -0.04885680 -0.01148723 -0.01109202 0.20784314 0.16078431 0.65098039
v -0.04845946 -0.01148723 -0.01115564 0.20784314 0.16078431 0.65098039
v -0.03613892 -0.01151054 -0.01113425 0.20784314 0.16078431 0.65098039
v -0.02098872 -0.01149389 -0.01115057 0.20784314 0.16078431 0.65098039
v -0.02098872 -0.01166037 -0.01099069 0.20784314 0.16078431 0.65098039
v -0.02382406 -0.01166537 -0.01098562 0.20784314 0.16078431 0.65098039
v -0.02098872 -0.01180521 -0.01079421 0.20784314 0.16078431 0.65098039
v -0.02098872 -0.01181187 -0.01078183 0.20784314 0.16078431 0.65098039
v -0.04845946 -0.01128246 -0.01129356 0.20784314 0.16078431 0.65098039
v -0.04868651 -0.01128246 -0.01127555 0.20784314 0.16078431 0.65098039
v -0.02098872 -0.01105438 -0.01139546 0.20784314 0.16078431 0.65098039
v -0.02098872 -0.01127580 -0.01129694 0.20784314 0.16078431 0.65098039
v -0.03613892 -0.01125416 -0.01130651 0.20784314 0.16078431 0.65098039
v -0.02098872 -0.01086626 -0.01144388 0.20784314 0.16078431 0.65098039
v -0.04891073 -0.01128246 -0.01122150 0.20784314 0.16078431 0.65098039
v -0.04917468 -0.01105438 -0.01122150 0.20784314 0.16078431 0.65098039
v -0.04920874 -0.01081299 -0.01127555 0.20784314 0.16078431 0.65098039
v -0.04904412 0.00500261 -0.01136844 0.20784314 0.16078431 0.65098039
v -0.04897884 0.00500261 -0.01139546 0.20784314 0.16078431 0.65098039
v -0.04922009 -0.01056160 -0.01129356 0.20784314 0.16078431 0.65098039
v -0.04915765 0.00500261 -0.01132059 0.20784314 0.16078431 0.65098039
v -0.04943863 0.00500261 -0.01115564 0.20784314 0.16078431 0.65098039
v -0.04938187 0.00500261 -0.01119167 0.20784314 0.16078431 0.65098039
v -0.04911792 -0.01128246 -0.01113368 0.20784314 0.16078431 0.65098039
v -0.03613892 -0.01146226 -0.01117309 0.20784314 0.16078431 0.65098039
v -0.02098872 -0.01148224 -0.01115958 0.20784314 0.16078431 0.65098039
v -0.02382406 -0.01128246 -0.01129356 0.20784314 0.16078431 0.65098039
v -0.02382406 -0.01133407 -0.01125922 0.20784314 0.16078431 0.65098039
v -0.02098872 -0.01128746 -0.01128962 0.20784314 0.16078431 0.65098039
v -0.04922009 0.00500261 -0.01129356 0.20784314 0.16078431 0.65098039
v -0.02382406 -0.01143729 -0.01118998 0.20784314 0.16078431 0.65098039
v -0.02098872 -0.01132741 -0.01126316 0.20784314 0.16078431 0.65098039
f 1946 1947 1951
f 1946 1951 1971
f 1946 1971 1977
f 1946 1977 1976
f 1946 1976 1975
f 1946 1975 1974
f 1946 1974 1973
f 1946 1973 1983
f 1946 1983 1992
f 1946 1992 2017
f 1946 2017 2016
f 1946 2016 2015
f 1946 2015 2014
f 1946 2014 2013
f 1946 2013 2012
f 1946 2012 2041
f 1946 2041 2073
f 1946 2073 2111
f 1946 2111 2110
f 1946 2110 2142
f 1946 2142 2141
f 1946 2141 2144
f 1946 2144 2153
f 1946 2153 2146
f 1946 2146 2145
f 1946 2145 2112
f 1946 2112 2074
f 1946 2074 2042
f 1946 2042 2024
f 1946 2024 1996
f 1946 1996 1985
f 1946 1985 1978
f 1946 1978 1969
f 1946 1969 1948
f 1946 1948 1949
f 1946 1949 1950
f 1946 1950 1952
f 1946 1952 1947
f 1947 1952 1953
f 1947 1953 1954
f 1947 1954 1955
f 1947 1955 1956
f 1947 1956 1957
f 1947 1957 1958
f 1947 1958 1959
f 1947 1959 1960
f 1947 1960 1961
f 1947 1961 1962
f 1947 1962 1963
f 1947 1963 1964
f 1947 1964 1965
f 1947 1965 1966
f 1947 1966 1967
f 1947 1967 1968
f 1947 1968 1951
f 1948 1969 1979
f 1948 1979 1986
f 1948 1986 1997
f 1948 1997 2023
f 1948 2023 2050
f 1948 2050 2049
f 1948 2049 2083
f 1948 2083 2119
f 1948 2119 2120
f 1948 2120 2121
f 1948 2121 2086
f 1948 2086 2085
f 1948 2085 2053
f 1948 2053 2052
f 1948 2052 2027
f 1948 2027 2026
f 1948 2026 2010
f 1948 2010 1990
f 1948 1990 1981
f 1948 1981 1970
f 1948 1970 1949
f 1949 1970 1980
f 1949 1980 1987
f 1949 1987 1999
f 1949 1999 2025
f 1949 2025 2051
f 1949 2051 2066
f 1949 2066 2065
f 1949 2065 2064
f 1949 2064 2100
f 1949 2100 2131
f 1949 2131 2130
f 1949 2130 2097
f 1949 2097 2128
f 1949 2128 2127
f 1949 2127 2149
f 1949 2149 2155
f 1949 2155 2152
f 1949 2152 2135
f 1949 2135 2134
f 1949 2134 2137
f 1949 2137 2104
f 1949 2104 2101
f 1949 2101 2067
f 1949 2067 2039
f 1949 2039 2011
f 1949 2011 1991
f 1949 1991 1982
f 1949 1982 1972
f 1949 1972 1968
f 1949 1968 1967
f 1949 1967 1966
f 1949 1966 1965
f 1949 1965 1964
f 1949 1964 1963
f 1949 1963 1962
f 1949 1962 1961
f 1949 1961 1960
f 1949 1960 1959
f 1949 1959 1958
f 1949 1958 1957
f 1949 1957 1956
f 1949 1956 1955
f 1949 1955 1954
f 1949 1954 1953
f 1949 1953 1952
f 1949 1952 1950
f 1951 1968 1971
f 1968 1972 1973
f 1968 1973 1974
f 1968 1974 1975
f 1968 1975 1976
f 1968 1976 1977
f 1968 1977 1971
f 1969 1978 1984
f 1969 1984 1979
f 1970 1981 1988
f 1970 1988 1980
f 1972 1982 1983
f 1972 1983 1973
f 1978 1985 1993
f 1978 1993 1984
f 1979 1984 1986
f 1980 1988 1989
f 1980 1989 1987
f 1981 1990 1988
f 1982 1991 1983
f 1983 1991 1992
f 1984 1993 1994
f 1984 1994 1995
f 1984 1995 1986
f 1985 1996 1993
f 1986 1995 1997
f 1987 1998 1999
f 1987 1989 1998
f 1988 1990 2000
f 1988 2000 2001
f 1988 2001 2002
f 1988 2002 2003
f 1988 2003 2004
f 1988 2004 2005
f 1988 2005 2006
f 1988 2006 2007
f 1988 2007 2008
f 1988 2008 2009
f 1988 2009 1989
f 1989 2009 1998
f 1990 2010 2000
f 1991 2011 2040
f 1991 2040 2041
f 1991 2041 2012
f 1991 2012 2013
f 1991 2013 2014
f 1991 2014 2015
f 1991 2015 2016
f 1991 2016 2017
f 1991 2017 1992
f 1993 1996 2018
f 1993 2018 1994
f 1994 2018 2019
f 1994 2019 2020
f 1994 2020 2021
f 1994 2021 2022
f 1994 2022 1995
f 1995 2022 2023
f 1995 2023 1997
f 1996 2024 2018
f 1998 2009 1999
f 1999 2009 2025
f 2000 2010 2026
f 2000 2026 2027
f 2000 2027 2028
f 2000 2028 2029
f 2000 2029 2001
f 2001 2029 2002
f 2002 2029 2030
f 2002 2030 2031
f 2002 2031 2003
f 2003 2031 2004
f 2004 2031 2032
f 2004 2032 2033
f 2004 2033 2005
f 2005 2033 2006
f 2006 2033 2034
f 2006 2034 2035
f 2006 2035 2007
f 2007 2035 2008
f 2008 2035 2036
f 2008 2036 2037
f 2008 2037 2009
f 2009 2037 2038
f 2009 2038 2025
f 2011 2039 2040
f 2018 2024 2042
f 2018 2042 2043
f 2018 2043 2019
f 2019 2043 2044
f 2019 2044 2045
f 2019 2045 2020
f 2020 2045 2046
f 2020 2046 2021
f 2021 2046 2047
f 2021 2047 2048
f 2021 2048 2022
f 2022 2048 2049
f 2022 2049 2050
f 2022 2050 2023
f 2025 2038 2051
f 2027 2052 2028
f 2028 2052 2053
f 2028 2053 2054
f 2028 2054 2055
f 2028 2055 2029
f 2029 2055 2030
f 2030 2055 2056
f 2030 2056 2031
f 2031 2056 2057
f 2031 2057 2058
f 2031 2058 2032
f 2032 2058 2033
f 2033 2058 2059
f 2033 2059 2060
f 2033 2060 2034
f 2034 2060 2035
f 2035 2061 2036
f 2035 2060 2062
f 2035 2062 2061
f 2036 2061 2037
f 2037 2061 2063
f 2037 2063 2064
f 2037 2064 2065
f 2037 2065 2066
f 2037 2066 2038
f 2038 2066 2051
f 2039 2067 2068
f 2039 2068 2069
f 2039 2069 2040
f 2040 2070 2071
f 2040 2071 2072
f 2040 2072 2073
f 2040 2073 2041
f 2040 2069 2068
f 2040 2068 2070
f 2042 2074 2043
f 2043 2074 2112
f 2043 2112 2075
f 2043 2075 2076
f 2043 2076 2044
f 2044 2076 2045
f 2045 2076 2077
f 2045 2077 2078
f 2045 2078 2079
f 2045 2079 2046
f 2046 2079 2080
f 2046 2080 2081
f 2046 2081 2082
f 2046 2082 2047
f 2047 2082 2048
f 2048 2083 2049
f 2048 2082 2084
f 2048 2084 2119
f 2048 2119 2083
f 2053 2085 2054
f 2054 2085 2086
f 2054 2086 2087
f 2054 2087 2055
f 2055 2087 2088
f 2055 2088 2089
f 2055 2089 2056
f 2056 2089 2057
f 2057 2089 2090
f 2057 2090 2091
f 2057 2091 2058
f 2058 2091 2059
f 2059 2092 2060
f 2059 2091 2093
f 2059 2093 2092
f 2060 2092 2094
f 2060 2094 2062
f 2061 2062 2094
f 2061 2094 2095
f 2061 2095 2063
f 2063 2095 2096
f 2063 2096 2097
f 2063 2097 2098
f 2063 2098 2099
f 2063 2099 2064
f 2064 2099 2100
f 2067 2101 2068
f 2068 2101 2102
f 2068 2102 2070
f 2070 2103 2071
f 2070 2102 2101
f 2070 2101 2104
f 2070 2104 2137
f 2070 2137 2105
f 2070 2105 2103
f 2071 2106 2107
f 2071 2107 2108
f 2071 2108 2109
f 2071 2109 2072
f 2071 2103 2106
f 2072 2109 2110
f 2072 2110 2111
f 2072 2111 2073
f 2075 2112 2145
f 2075 2145 2113
f 2075 2113 2076
f 2076 2113 2114
f 2076 2114 2115
f 2076 2115 2077
f 2077 2115 2078
f 2078 2080 2079
f 2078 2115 2116
f 2078 2116 2117
f 2078 2117 2118
f 2078 2118 2080
f 2080 2118 2091
f 2080 2091 2090
f 2080 2090 2089
f 2080 2089 2081
f 2081 2089 2082
f 2082 2089 2088
f 2082 2088 2087
f 2082 2087 2084
f 2084 2087 2120
f 2084 2120 2119
f 2086 2121 2087
f 2087 2121 2120
f 2091 2117 2093
f 2091 2118 2117
f 2092 2093 2117
f 2092 2117 2122
f 2092 2122 2094
f 2094 2123 2095
f 2094 2122 2124
f 2094 2124 2123
f 2095 2123 2125
f 2095 2125 2096
f 2096 2125 2126
f 2096 2126 2127
f 2096 2127 2128
f 2096 2128 2129
f 2096 2129 2097
f 2097 2129 2128
f 2097 2130 2098
f 2098 2130 2131
f 2098 2131 2100
f 2098 2100 2099
f 2103 2132 2133
f 2103 2133 2106
f 2103 2105 2134
f 2103 2134 2135
f 2103 2135 2136
f 2103 2136 2132
f 2105 2137 2134
f 2106 2133 2138
f 2106 2138 2107
f 2107 2138 2139
f 2107 2139 2140
f 2107 2140 2108
f 2108 2140 2109
f 2109 2141 2142
f 2109 2142 2110
f 2109 2140 2143
f 2109 2143 2144
f 2109 2144 2141
f 2113 2145 2146
f 2113 2146 2143
f 2113 2143 2140
f 2113 2140 2114
f 2114 2140 2115
f 2115 2140 2139
f 2115 2139 2147
f 2115 2147 2116
f 2116 2147 2117
f 2117 2147 2122
f 2122 2147 2124
f 2123 2133 2125
f 2123 2124 2138
f 2123 2138 2133
f 2124 2147 2138
f 2125 2132 2148
f 2125 2148 2149
f 2125 2149 2127
f 2125 2127 2126
f 2125 2133 2132
f 2132 2136 2135
f 2132 2135 2150
f 2132 2150 2151
f 2132 2151 2148
f 2135 2152 2150
f 2138 2147 2139
f 2143 2146 2153
f 2143 2153 2144
f 2148 2151 2154
f 2148 2154 2149
f 2149 2154 2151
f 2149 2151 2155
f 2150 2152 2155
f 2150 2155 2151