# https://github.com/mikedh/trimesh
v -0.07312499 -0.02585337 0.00053475
v -0.07312499 -0.02636367 0.00114294
v -0.07312499 -0.02613513 0.00081651
v -0.07312499 -0.02567280 0.00040834
v -0.07312499 -0.02573539 0.00045214
v -0.07312499 -0.02561023 0.00036452
v -0.07312499 -0.02552694 0.00030621
v -0.07312499 -0.02516580 0.00013779
v -0.06982586 -0.02589738 0.00057879
v -0.06982586 -0.02586216 0.00054357
v -0.06982586 -0.02584317 0.00052761
v -0.06982586 -0.02585337 0.00053475
v -0.06982586 -0.02587977 0.00056118
v -0.06982586 -0.02636367 0.00114294
v -0.06982586 -0.02637948 0.00117678
v -0.06982586 -0.02636895 0.00115422
v -0.06982586 -0.02634225 0.00111234
v -0.06982586 -0.02632797 0.00109194
v -0.06982586 -0.02629941 0.00105114
v -0.06982586 -0.02635653 0.00113274
v -0.06982586 -0.02605587 0.00073728
v -0.06982586 -0.02615655 0.00084711
v -0.06982586 -0.02618511 0.00088791
v -0.06982586 -0.02617083 0.00086751
v -0.06982586 -0.02612631 0.00080772
v -0.06982586 -0.02610870 0.00079011
v -0.06982586 -0.02613513 0.00081651
v -0.06982586 -0.02609109 0.00077250
v -0.06982586 -0.02614227 0.00082671
v -0.06982586 -0.02595021 0.00063162
v -0.06982586 -0.02598543 0.00066684
v -0.06982586 -0.02591499 0.00059640
v -0.06982586 -0.02621370 0.00092871
v -0.06982586 -0.02624226 0.00096951
v -0.06982586 -0.02549310 0.00029040
v -0.06982586 -0.02542539 0.00025884
v -0.06982586 -0.02547051 0.00027987
v -0.06982586 -0.02563914 0.00038475
v -0.06982586 -0.02567994 0.00041334
v -0.06982586 -0.02582277 0.00051333
v -0.06982586 -0.02580237 0.00049905
v -0.06982586 -0.02576157 0.00047046
v -0.06982586 -0.02559834 0.00035619
v -0.06982586 -0.02557794 0.00034191
v -0.06982586 -0.02553714 0.00031335
v -0.06982586 -0.02555754 0.00032763
v -0.06982586 -0.02552694 0.00030621
v -0.06982586 -0.02551566 0.00030093
v -0.06982586 -0.02533509 0.00021672
v -0.06982586 -0.02528994 0.00019569
v -0.06982586 -0.02522223 0.00016410
v -0.06982586 -0.02524482 0.00017463
v -0.06982586 -0.02516580 0.00013779
v -0.06982586 -0.02517708 0.00014307
v -0.06982586 -0.02512971 0.00012813
v -0.06982586 -0.02515377 0.00013458
v -0.06982586 -0.02505756 0.00010878
v -0.06982586 -0.02510568 0.00012168
v -0.06982586 -0.02519967 0.00015357
v -0.07312499 -0.02653209 0.00150408
v -0.07312499 -0.02654250 0.00154298
v -0.07312499 -0.02656830 0.00163919
v -0.07312499 -0.02657817 0.00167608
v -0.07312499 -0.02659795 0.00174985
v -0.07312499 -0.02660998 0.00179474
v -0.07312499 -0.02662779 0.00186131
v -0.07312499 -0.02663522 0.00188898
v -0.07312499 -0.02663872 0.00192908
v -0.07312499 -0.02664206 0.00196712
v -0.07312499 -0.02666994 0.00228594
v -0.06982586 -0.02648472 0.00140250
v -0.06982586 -0.02651631 0.00147021
v -0.06982586 -0.02650578 0.00144765
v -0.06982586 -0.02640051 0.00122193
v -0.06982586 -0.02638998 0.00119937
v -0.06982586 -0.02642157 0.00126708
v -0.06982586 -0.02644263 0.00131223
v -0.06982586 -0.02656755 0.00163638
v -0.06982586 -0.02653209 0.00150408
v -0.06982586 -0.02653530 0.00151611
v -0.06982586 -0.02652681 0.00149280
v -0.06982586 -0.02654175 0.00154017
v -0.06982586 -0.02654820 0.00156420
v -0.06982586 -0.02655465 0.00158826
v -0.06982586 -0.02658042 0.00168450
v -0.06982586 -0.02660622 0.00178071
v -0.06982586 -0.02661909 0.00182883
v -0.06982586 -0.02662554 0.00185289
v -0.06982586 -0.02663199 0.00187695
v -0.06982586 -0.02663523 0.00188898
v -0.06982586 -0.02663631 0.00190137
v -0.06982586 -0.02663847 0.00192618
v -0.06982586 -0.02664063 0.00195099
v -0.06982586 -0.02664282 0.00197580
v -0.06982586 -0.02664717 0.00202542
v -0.06982586 -0.02665149 0.00207504
v -0.06982586 -0.02666019 0.00217428
v -0.06982586 -0.02666451 0.00222390
v -0.06982586 -0.02666670 0.00224871
v -0.06982586 -0.02666994 0.00228594
v -0.06982586 -0.02666886 0.00227352
v -0.07312499 -0.02478090 0.00003465
v -0.07312499 -0.02438394 -0.00000006
v -0.06982586 -0.02491323 0.00007011
v -0.06982586 -0.02496132 0.00008301
v -0.06982586 -0.02486511 0.00005721
v -0.06982586 -0.02481699 0.00004434
v -0.06982586 -0.02484105 0.00005079
v -0.06982586 -0.02476851 0.00003357
v -0.06982586 -0.02474370 0.00003141
v -0.06982586 -0.02478090 0.00003465
v -0.06982586 -0.02479293 0.00003789
v -0.06982586 -0.02471889 0.00002925
v -0.06982586 -0.02469408 0.00002706
v -0.06982586 -0.02464446 0.00002271
v -0.06982586 -0.02459484 0.00001839
v -0.06982586 -0.02449560 0.00000969
v -0.06982586 -0.02444598 0.00000537
v -0.06982586 -0.02442117 0.00000318
v -0.06982586 -0.02439636 0.00000102
v -0.06982586 -0.02438394 -0.00000006
v -0.06982586 -0.02666994 0.00333369
v -0.07312499 -0.02275929 -0.00000006
v -0.07188312 -0.02227908 -0.00000006
v -0.06858293 -0.02333151 -0.00000006
v -0.07312499 -0.02152359 -0.00000006
v -0.07124994 -0.02122665 -0.00000006
v -0.07312499 -0.02017419 -0.00000006
v -0.07025449 -0.02017419 -0.00000006
v -0.06612517 -0.02122665 -0.00000006
v -0.05568125 -0.02590620 0.00058758
v -0.05568125 -0.02587098 0.00055236
v -0.05568125 -0.02585337 0.00053475
v -0.05568125 -0.02626368 0.00100014
v -0.05568125 -0.02636370 0.00114294
v -0.05568125 -0.02637420 0.00116550
v -0.05568125 -0.02632083 0.00108174
v -0.05568125 -0.02634939 0.00112254
v -0.05568125 -0.02614941 0.00083691
v -0.05568125 -0.02617800 0.00087771
v -0.05568125 -0.02611752 0.00079890
v -0.05568125 -0.02613513 0.00081651
v -0.05568125 -0.02608230 0.00076368
v -0.05568125 -0.02594142 0.00062280
v -0.05568125 -0.02601186 0.00069324
v -0.05568125 -0.02620656 0.00091851
v -0.05568125 -0.02550438 0.00029568
v -0.05568125 -0.02545923 0.00027462
v -0.05568125 -0.02571057 0.00043476
v -0.05568125 -0.02562897 0.00037761
v -0.05568125 -0.02583297 0.00052047
v -0.05568125 -0.02579217 0.00049191
v -0.05568125 -0.02558817 0.00034905
v -0.05568125 -0.02554734 0.00032049
v -0.05568125 -0.02552694 0.00030621
v -0.05568125 -0.02536896 0.00023253
v -0.05568125 -0.02527866 0.00019041
v -0.05568125 -0.02523351 0.00016938
v -0.05568125 -0.02516580 0.00013779
v -0.05568125 -0.02518839 0.00014832
v -0.05568125 -0.02514174 0.00013134
v -0.05568125 -0.02509365 0.00011847
v -0.05568125 -0.02652156 0.00148149
v -0.05568125 -0.02650050 0.00143637
v -0.05568125 -0.02641632 0.00125580
v -0.05568125 -0.02639526 0.00121065
v -0.05568125 -0.02645841 0.00134607
v -0.05568125 -0.02653209 0.00150408
v -0.05568125 -0.02653854 0.00152814
v -0.05568125 -0.02655144 0.00157623
v -0.05568125 -0.02656431 0.00162435
v -0.05568125 -0.02659011 0.00172059
v -0.05568125 -0.02661588 0.00181680
v -0.05568125 -0.02662878 0.00186492
v -0.05568125 -0.02663523 0.00188898
v -0.05568125 -0.02663739 0.00191379
v -0.05568125 -0.02664174 0.00196341
v -0.05568125 -0.02664609 0.00201303
v -0.05568125 -0.02665476 0.00211227
v -0.05568125 -0.02666343 0.00221151
v -0.05568125 -0.02666778 0.00226113
v -0.05568125 -0.02666994 0.00228594
v -0.05568125 -0.02490120 0.00006690
v -0.05568125 -0.02499741 0.00009267
v -0.05568125 -0.02485308 0.00005400
v -0.05568125 -0.02480496 0.00004110
v -0.05568125 -0.02478090 0.00003465
v -0.05568125 -0.02475609 0.00003249
v -0.05568125 -0.02470647 0.00002814
v -0.05568125 -0.02465685 0.00002382
v -0.05568125 -0.02455761 0.00001512
v -0.05568125 -0.02445837 0.00000645
v -0.05568125 -0.02440875 0.00000210
v -0.05568125 -0.02438394 -0.00000006
v -0.05568125 -0.02666994 0.00438144
v -0.06112259 -0.02175285 -0.00000006
v -0.05856020 -0.02175285 -0.00000006
v -0.05727902 -0.02175285 -0.00000006
v -0.05916255 -0.02122665 -0.00000006
v -0.06982586 -0.02666994 0.00542919
v -0.06982586 -0.02666994 0.00752469
v -0.05568125 -0.02666994 0.00857244
v -0.06313886 -0.01806933 -0.00000006
v -0.05783453 -0.01596447 -0.00000006
v -0.05746706 -0.01559700 0.00002967
v -0.05710917 -0.01523910 0.00011805
v -0.05677014 -0.01490007 0.00026286
v -0.05645876 -0.01458870 0.00046026
v -0.05618318 -0.01431312 0.00070512
v -0.05595056 -0.01408050 0.00099114
v -0.05585228 -0.01398225 0.00114726
v -0.05576693 -0.01389687 0.00131079
v -0.05569502 -0.01382496 0.00148068
v -0.05563707 -0.01376700 0.00165582
v -0.05559341 -0.01372335 0.00183507
v -0.05556433 -0.01369431 0.00201723
v -0.05555009 -0.01368003 0.00220116
v -0.05555068 -0.01368063 0.00238566
v -0.05471664 -0.02175285 -0.00000006
v -0.05319536 -0.02227908 -0.00000006
v -0.05372119 -0.02070042 -0.00000006
v -0.05156675 -0.02017422 -0.00000006
v -0.04153660 -0.02584317 0.00052761
v -0.04153660 -0.02585337 0.00053475
v -0.04153660 -0.02586216 0.00054357
v -0.04153660 -0.02587980 0.00056118
v -0.04153660 -0.02628513 0.00103074
v -0.04153660 -0.02636370 0.00114294
v -0.04153660 -0.02637948 0.00117678
v -0.04153660 -0.02636895 0.00115422
v -0.04153660 -0.02631369 0.00107154
v -0.04153660 -0.02634225 0.00111234
v -0.04153660 -0.02635656 0.00113274
v -0.04153660 -0.02615655 0.00084711
v -0.04153660 -0.02618514 0.00088791
v -0.04153660 -0.02612634 0.00080772
v -0.04153660 -0.02610873 0.00079011
v -0.04153660 -0.02613513 0.00081651
v -0.04153660 -0.02607351 0.00075489
v -0.04153660 -0.02614227 0.00082671
v -0.04153660 -0.02596785 0.00064923
v -0.04153660 -0.02603829 0.00071967
v -0.04153660 -0.02591502 0.00059640
v -0.04153660 -0.02593263 0.00061401
v -0.04153660 -0.02622798 0.00094911
v -0.04153660 -0.02619942 0.00090831
v -0.04153660 -0.02549310 0.00029040
v -0.04153660 -0.02544795 0.00026937
v -0.04153660 -0.02565957 0.00039906
v -0.04153660 -0.02582277 0.00051333
v -0.04153660 -0.02574117 0.00045618
v -0.04153660 -0.02578197 0.00048477
v -0.04153660 -0.02559837 0.00035619
v -0.04153660 -0.02561877 0.00037047
v -0.04153660 -0.02555757 0.00032763
v -0.04153660 -0.02552697 0.00030621
v -0.04153660 -0.02553717 0.00031335
v -0.04153660 -0.02551566 0.00030093
v -0.04153660 -0.02540280 0.00024831
v -0.04153660 -0.02526738 0.00018516
v -0.04153660 -0.02531253 0.00020622
v -0.04153660 -0.02524482 0.00017463
v -0.04153660 -0.02516580 0.00013779
v -0.04153660 -0.02517711 0.00014307
v -0.04153660 -0.02515380 0.00013458
v -0.04153660 -0.02512974 0.00012813
v -0.04153660 -0.02508162 0.00011523
v -0.04153660 -0.02503350 0.00010233
v -0.04153660 -0.02519967 0.00015357
v -0.04153660 -0.02647419 0.00137994
v -0.04153660 -0.02651631 0.00147021
v -0.04153660 -0.02649525 0.00142506
v -0.04153660 -0.02641104 0.00124449
v -0.04153660 -0.02640054 0.00122193
v -0.04153660 -0.02643210 0.00128964
v -0.04153660 -0.02653209 0.00150408
v -0.04153660 -0.02653533 0.00151611
v -0.04153660 -0.02652684 0.00149280
v -0.04153660 -0.02654175 0.00154017
v -0.04153660 -0.02655465 0.00158826
v -0.04153660 -0.02656110 0.00161232
v -0.04153660 -0.02657400 0.00166044
v -0.04153660 -0.02659977 0.00175665
v -0.04153660 -0.02662557 0.00185289
v -0.04153660 -0.02661267 0.00180477
v -0.04153660 -0.02663199 0.00187695
v -0.04153660 -0.02663523 0.00188898
v -0.04153660 -0.02663631 0.00190137
v -0.04153660 -0.02663847 0.00192618
v -0.04153660 -0.02664282 0.00197580
v -0.04153660 -0.02664498 0.00200061
v -0.04153660 -0.02664933 0.00205023
v -0.04153660 -0.02665803 0.00214947
v -0.04153660 -0.02666235 0.00219909
v -0.04153660 -0.02666670 0.00224871
v -0.04153660 -0.02666886 0.00227352
v -0.04153660 -0.02666997 0.00228594
v -0.04153660 -0.02493729 0.00007656
v -0.04153660 -0.02488917 0.00006366
v -0.04153660 -0.02486511 0.00005721
v -0.04153660 -0.02481699 0.00004434
v -0.04153660 -0.02476851 0.00003357
v -0.04153660 -0.02474370 0.00003141
v -0.04153660 -0.02478093 0.00003465
v -0.04153660 -0.02479296 0.00003789
v -0.04153660 -0.02469408 0.00002706
v -0.04153660 -0.02466927 0.00002490
v -0.04153660 -0.02461965 0.00002055
v -0.04153660 -0.02452041 0.00001188
v -0.04153660 -0.02447079 0.00000753
v -0.04153660 -0.02442117 0.00000318
v -0.04153660 -0.02439636 0.00000102
v -0.04153660 -0.02438394 -0.00000006
v -0.04153660 -0.02666997 0.00333369
v -0.04523732 -0.02122665 -0.00000006
v -0.04267493 -0.02122665 -0.00000006
v -0.04131724 -0.02017422 -0.00000006
v -0.04029368 -0.02333151 -0.00000006
v -0.04070084 -0.02175285 -0.00000006
v -0.03755018 -0.02122665 -0.00000006
v -0.04153660 -0.02666997 0.00542919
v -0.05023718 -0.01701690 -0.00000006
v -0.03733550 -0.01596447 -0.00000006
v -0.03806087 -0.01523910 0.00011805
v -0.03770294 -0.01559700 0.00002967
v -0.03898682 -0.01431315 0.00070512
v -0.03921947 -0.01408053 0.00099114
v -0.03931769 -0.01398225 0.00114726
v -0.03839990 -0.01490007 0.00026286
v -0.03871127 -0.01458870 0.00046026
v -0.03947498 -0.01382499 0.00148068
v -0.03940307 -0.01389687 0.00131079
v -0.03953293 -0.01376703 0.00165582
v -0.03957662 -0.01372335 0.00183507
v -0.03960564 -0.01369431 0.00201723
v -0.03961991 -0.01368003 0.00220116
v -0.03961932 -0.01368063 0.00238566
v -0.06982586 -0.02666994 0.01171569
v -0.05568125 -0.02666994 0.01695444
v -0.04153660 -0.02666997 0.00962019
v -0.04153660 -0.02666997 0.01381119
v -0.06817381 -0.00504351 -0.00000006
v -0.05765078 -0.00018369 0.00001479
v -0.05728811 -0.00017889 0.00007386
v -0.05693964 -0.00016947 0.00019047
v -0.05661443 -0.00015564 0.00036156
v -0.05632097 -0.00013773 0.00058269
v -0.05606687 -0.00011628 0.00084813
v -0.05590138 -0.00004908 0.00106920
v -0.05573099 -0.00003591 0.00139575
v -0.05561522 -0.00002178 0.00174543
v -0.05555720 -0.00000708 0.00210921
v -0.05555039 -0.00000024 0.00229341
v -0.03926859 -0.00004911 0.00106920
v -0.03943904 -0.00003591 0.00139575
v -0.03936038 -0.00004263 0.00122904
v -0.03950397 -0.00002895 0.00156825
v -0.03955478 -0.00002178 0.00174543
v -0.03959111 -0.00001449 0.00192615
v -0.03135695 -0.02175288 -0.00000006
v -0.02820629 -0.02122665 -0.00000006
v -0.02935202 -0.02070042 -0.00000006
v -0.02807084 -0.02070042 -0.00000006
v -0.02739200 -0.02585337 0.00053475
v -0.02739200 -0.02636370 0.00114294
v -0.02739200 -0.02630655 0.00106134
v -0.02739200 -0.02613513 0.00081651
v -0.02739200 -0.02606469 0.00074607
v -0.02739200 -0.02592381 0.00060519
v -0.02739200 -0.02619228 0.00089811
v -0.02739200 -0.02543667 0.00026409
v -0.02739200 -0.02577177 0.00047760
v -0.02739200 -0.02560857 0.00036333
v -0.02739200 -0.02552697 0.00030621
v -0.02739200 -0.02525610 0.00017988
v -0.02739200 -0.02516583 0.00013779
v -0.02739200 -0.02506959 0.00011202
v -0.02739200 -0.02649000 0.00141378
v -0.02739200 -0.02640579 0.00123321
v -0.02739200 -0.02653209 0.00150408
v -0.02739200 -0.02655789 0.00160029
v -0.02739200 -0.02660946 0.00179274
v -0.02739200 -0.02663523 0.00188898
v -0.02739200 -0.02664390 0.00198822
v -0.02739200 -0.02666127 0.00218670
v -0.02739200 -0.02666997 0.00228594
v -0.02739200 -0.02487714 0.00006045
v -0.02739200 -0.02478093 0.00003465
v -0.02739200 -0.02468169 0.00002598
v -0.02739200 -0.02448321 0.00000861
v -0.02739200 -0.02438397 -0.00000006
v -0.02739200 -0.02017422 -0.00000006
v -0.02550845 -0.02070042 -0.00000006
v -0.02038370 -0.02070042 -0.00000006
v -0.02891327 -0.01964799 -0.00000006
v -0.02932118 -0.01912179 -0.00000006
v -0.02419643 -0.01912179 -0.00000006
v -0.02163407 -0.01912179 -0.00000006
v -0.02220557 -0.01701690 -0.00000006
v -0.01864775 -0.01596447 -0.00000006
v -0.01324736 -0.02584317 0.00052761
v -0.01324736 -0.02585337 0.00053475
v -0.01324736 -0.02586219 0.00054357
v -0.01324736 -0.02587980 0.00056118
v -0.01324736 -0.02627085 0.00101034
v -0.01324736 -0.02636370 0.00114294
v -0.01324736 -0.02637948 0.00117678
v -0.01324736 -0.02636895 0.00115422
v -0.01324736 -0.02631369 0.00107154
v -0.01324736 -0.02634228 0.00111234
v -0.01324736 -0.02629941 0.00105114
v -0.01324736 -0.02635656 0.00113274
v -0.01324736 -0.02605590 0.00073728
v -0.01324736 -0.02615658 0.00084711
v -0.01324736 -0.02618514 0.00088791
v -0.01324736 -0.02612634 0.00080772
v -0.01324736 -0.02610873 0.00079011
v -0.01324736 -0.02613513 0.00081651
v -0.01324736 -0.02607351 0.00075489
v -0.01324736 -0.02614230 0.00082671
v -0.01324736 -0.02595024 0.00063162
v -0.01324736 -0.02602068 0.00070206
v -0.01324736 -0.02593263 0.00061401
v -0.01324736 -0.02591502 0.00059640
v -0.01324736 -0.02621370 0.00092871
v -0.01324736 -0.02619942 0.00090831
v -0.01324736 -0.02549310 0.00029040
v -0.01324736 -0.02542539 0.00025884
v -0.01324736 -0.02544798 0.00026937
v -0.01324736 -0.02572077 0.00044190
v -0.01324736 -0.02563917 0.00038475
v -0.01324736 -0.02582277 0.00051333
v -0.01324736 -0.02576157 0.00047046
v -0.01324736 -0.02578197 0.00048477
v -0.01324736 -0.02561877 0.00037047
v -0.01324736 -0.02559837 0.00035619
v -0.01324736 -0.02555757 0.00032763
v -0.01324736 -0.02552697 0.00030621
v -0.01324736 -0.02553717 0.00031335
v -0.01324736 -0.02551569 0.00030093
v -0.01324736 -0.02538024 0.00023778
v -0.01324736 -0.02526741 0.00018516
v -0.01324736 -0.02528997 0.00019569
v -0.01324736 -0.02524482 0.00017463
v -0.01324736 -0.02516583 0.00013779
v -0.01324736 -0.02517711 0.00014307
v -0.01324736 -0.02515380 0.00013458
v -0.01324736 -0.02512974 0.00012813
v -0.01324736 -0.02505756 0.00010878
v -0.01324736 -0.02508162 0.00011523
v -0.01324736 -0.02500947 0.00009591
v -0.01324736 -0.02519967 0.00015357
v -0.01324736 -0.02646369 0.00135735
v -0.01324736 -0.02648475 0.00140250
v -0.01324736 -0.02651631 0.00147021
v -0.01324736 -0.02649525 0.00142506
v -0.01324736 -0.02641107 0.00124449
v -0.01324736 -0.02640054 0.00122193
v -0.01324736 -0.02642160 0.00126708
v -0.01324736 -0.02656755 0.00163638
v -0.01324736 -0.02652684 0.00149280
v -0.01324736 -0.02653209 0.00150408
v -0.01324736 -0.02653533 0.00151611
v -0.01324736 -0.02654178 0.00154017
v -0.01324736 -0.02655465 0.00158826
v -0.01324736 -0.02656110 0.00161232
v -0.01324736 -0.02659335 0.00173262
v -0.01324736 -0.02660622 0.00178071
v -0.01324736 -0.02662557 0.00185289
v -0.01324736 -0.02661267 0.00180477
v -0.01324736 -0.02663202 0.00187695
v -0.01324736 -0.02663523 0.00188898
v -0.01324736 -0.02663850 0.00192618
v -0.01324736 -0.02663631 0.00190137
v -0.01324736 -0.02664282 0.00197580
v -0.01324736 -0.02664501 0.00200061
v -0.01324736 -0.02664717 0.00202542
v -0.01324736 -0.02665587 0.00212466
v -0.01324736 -0.02666019 0.00217428
v -0.01324736 -0.02666238 0.00219909
v -0.01324736 -0.02666670 0.00224871
v -0.01324736 -0.02666997 0.00228594
v -0.01324736 -0.02666889 0.00227352
v -0.01324736 -0.02491323 0.00007011
v -0.01324736 -0.02488917 0.00006366
v -0.01324736 -0.02486511 0.00005721
v -0.01324736 -0.02481702 0.00004434
v -0.01324736 -0.02476851 0.00003357
v -0.01324736 -0.02474370 0.00003141
v -0.01324736 -0.02478093 0.00003465
v -0.01324736 -0.02479296 0.00003789
v -0.01324736 -0.02469408 0.00002706
v -0.01324736 -0.02466927 0.00002490
v -0.01324736 -0.02464446 0.00002271
v -0.01324736 -0.02454522 0.00001404
v -0.01324736 -0.02449560 0.00000969
v -0.01324736 -0.02447079 0.00000753
v -0.01324736 -0.02438397 -0.00000006
v -0.01324736 -0.02442117 0.00000318
v -0.01324736 -0.02439636 0.00000102
v -0.01324736 -0.02666997 0.00333369
v -0.01571177 -0.02070045 -0.00000006
v -0.01200443 -0.02333154 -0.00000006
v -0.01346675 -0.02017422 -0.00000006
v -0.00951854 -0.02122665 -0.00000006
v -0.00321725 -0.02017422 -0.00000006
v -0.01324736 -0.02666997 0.00542919
v -0.01650932 -0.01912179 -0.00000006
v -0.00707561 -0.01806936 -0.00000006
v -0.00410534 -0.01859556 -0.00000006
v -0.00195086 -0.01806936 -0.00000006
v -0.02739200 -0.02666997 0.01066794
v -0.01324736 -0.02666997 0.00962019
v -0.01324736 -0.02666997 0.01171569
v -0.01324736 -0.02666997 0.01590669
v -0.01864775 -0.00798222 -0.00000006
v -0.02799161 -0.00399108 -0.00000006
v -0.06982586 -0.02666994 0.02009769
v -0.06982586 -0.02666994 0.02428869
v -0.06982586 -0.02666994 0.02847969
v -0.05568125 -0.02666994 0.02533644
v -0.05628260 -0.01441257 0.01914966
v -0.04153660 -0.02666997 0.02219319
v -0.04153660 -0.02666997 0.02638419
v -0.04153660 -0.02666997 0.02847969
v -0.04831694 -0.01441257 0.01914966
v -0.03888737 -0.01441257 0.01914966
v -0.06982586 -0.02666994 0.03057519
v -0.06982586 -0.02666994 0.03267069
v -0.05568125 -0.02666994 0.02952744
v -0.06982586 -0.02666994 0.03476619
v -0.07312499 -0.02666994 0.03581394
v -0.07312499 -0.02664206 0.03613273
v -0.07312499 -0.02664038 0.03615176
v -0.07312499 -0.02663872 0.03617078
v -0.07312499 -0.02663522 0.03621090
v -0.07312499 -0.02653209 0.03659580
v -0.06982586 -0.02666994 0.03581394
v -0.06982586 -0.02666886 0.03582633
v -0.06982586 -0.02666670 0.03585114
v -0.06982586 -0.02666451 0.03587595
v -0.06982586 -0.02666019 0.03592557
v -0.06982586 -0.02665149 0.03602481
v -0.06982586 -0.02664717 0.03607443
v -0.06982586 -0.02664282 0.03612405
v -0.06982586 -0.02664063 0.03614886
v -0.06982586 -0.02663631 0.03619848
v -0.06982586 -0.02663847 0.03617367
v -0.06982586 -0.02663199 0.03622293
v -0.06982586 -0.02663523 0.03621090
v -0.06982586 -0.02661909 0.03627102
v -0.06982586 -0.02662554 0.03624699
v -0.06982586 -0.02661267 0.03629508
v -0.06982586 -0.02659977 0.03634320
v -0.06982586 -0.02658687 0.03639132
v -0.06982586 -0.02656110 0.03648753
v -0.06982586 -0.02654820 0.03653565
v -0.06982586 -0.02654175 0.03655971
v -0.06982586 -0.02653209 0.03659580
v -0.06982586 -0.02653530 0.03658377
v -0.06982586 -0.02652681 0.03660708
v -0.06982586 -0.02651631 0.03662964
v -0.06982586 -0.02650578 0.03665223
v -0.06982586 -0.02648472 0.03669735
v -0.06982586 -0.02644263 0.03678765
v -0.06982586 -0.02642157 0.03683280
v -0.06982586 -0.02640051 0.03687792
v -0.06982586 -0.02638998 0.03690051
v -0.07312499 -0.02637579 0.03693097
v -0.07312499 -0.02636367 0.03695694
v -0.07312499 -0.02613513 0.03728334
v -0.07312499 -0.02585337 0.03756510
v -0.07312499 -0.02582038 0.03758822
v -0.07312499 -0.02577346 0.03762106
v -0.07312499 -0.02552694 0.03779367
v -0.07312499 -0.02516580 0.03796206
v -0.06982586 -0.02637948 0.03692307
v -0.06982586 -0.02636895 0.03694566
v -0.06982586 -0.02636367 0.03695694
v -0.06982586 -0.02635653 0.03696714
v -0.06982586 -0.02634225 0.03698754
v -0.06982586 -0.02632797 0.03700794
v -0.06982586 -0.02629941 0.03704874
v -0.06982586 -0.02624226 0.03713034
v -0.06982586 -0.02621370 0.03717114
v -0.06982586 -0.02618511 0.03721194
v -0.06982586 -0.02617083 0.03723234
v -0.06982586 -0.02615655 0.03725274
v -0.06982586 -0.02614227 0.03727314
v -0.06982586 -0.02612631 0.03729216
v -0.06982586 -0.02610870 0.03730977
v -0.06982586 -0.02613513 0.03728334
v -0.06982586 -0.02609109 0.03732738
v -0.06982586 -0.02605587 0.03736260
v -0.06982586 -0.02598543 0.03743304
v -0.06982586 -0.02595021 0.03746826
v -0.06982586 -0.02591499 0.03750348
v -0.06982586 -0.02589738 0.03752109
v -0.06982586 -0.02587977 0.03753870
v -0.06982586 -0.02586216 0.03755631
v -0.06982586 -0.02584317 0.03757224
v -0.06982586 -0.02585337 0.03756510
v -0.06982586 -0.02582277 0.03758655
v -0.06982586 -0.02580237 0.03760083
v -0.06982586 -0.02576157 0.03762939
v -0.06982586 -0.02567994 0.03768654
v -0.06982586 -0.02563914 0.03771510
v -0.06982586 -0.02559834 0.03774366
v -0.06982586 -0.02557794 0.03775794
v -0.06982586 -0.02553714 0.03778653
v -0.06982586 -0.02555754 0.03777225
v -0.06982586 -0.02552694 0.03779367
v -0.06982586 -0.02551566 0.03779892
v -0.06982586 -0.02549310 0.03780945
v -0.06982586 -0.02544795 0.03783051
v -0.06982586 -0.02547051 0.03781998
v -0.06982586 -0.02540280 0.03785154
v -0.06982586 -0.02535765 0.03787260
v -0.06982586 -0.02526738 0.03791472
v -0.06982586 -0.02522223 0.03793575
v -0.06982586 -0.02519967 0.03794628
v -0.06982586 -0.02516580 0.03796206
v -0.06982586 -0.02517708 0.03795681
v -0.06982586 -0.02512971 0.03797175
v -0.06982586 -0.02515377 0.03796530
v -0.06982586 -0.02510568 0.03797817
v -0.06982586 -0.02505756 0.03799107
v -0.07312499 -0.02478090 0.03806520
v -0.07312499 -0.02438394 0.03809994
v -0.06982586 -0.02496132 0.03801687
v -0.06982586 -0.02491323 0.03802974
v -0.06982586 -0.02486511 0.03804264
v -0.06982586 -0.02481699 0.03805554
v -0.06982586 -0.02484105 0.03804909
v -0.06982586 -0.02479293 0.03806199
v -0.06982586 -0.02476851 0.03806628
v -0.06982586 -0.02474370 0.03806847
v -0.06982586 -0.02478090 0.03806520
v -0.06982586 -0.02471889 0.03807063
v -0.06982586 -0.02469408 0.03807279
v -0.06982586 -0.02464446 0.03807714
v -0.06982586 -0.02459484 0.03808149
v -0.06982586 -0.02449560 0.03809016
v -0.06982586 -0.02444598 0.03809451
v -0.06982586 -0.02442117 0.03809667
v -0.06982586 -0.02439636 0.03809886
v -0.06982586 -0.02438394 0.03809994
v -0.07194578 -0.02264505 0.03809994
v -0.07312499 -0.02180394 0.03809994
v -0.05568125 -0.02666994 0.03371844
v -0.05568125 -0.02666994 0.03581394
v -0.05568125 -0.02666778 0.03583875
v -0.05568125 -0.02666343 0.03588837
v -0.05568125 -0.02665476 0.03598761
v -0.05568125 -0.02664609 0.03608685
v -0.05568125 -0.02664174 0.03613647
v -0.05568125 -0.02663739 0.03618609
v -0.05568125 -0.02662878 0.03623496
v -0.05568125 -0.02663523 0.03621090
v -0.05568125 -0.02661588 0.03628305
v -0.05568125 -0.02660298 0.03633117
v -0.05568125 -0.02657721 0.03642741
v -0.05568125 -0.02655144 0.03652362
v -0.05568125 -0.02653854 0.03657174
v -0.05568125 -0.02653209 0.03659580
v -0.05568125 -0.02652156 0.03661836
v -0.05568125 -0.02650050 0.03666351
v -0.05568125 -0.02645841 0.03675378
v -0.05568125 -0.02641632 0.03684408
v -0.05568125 -0.02639526 0.03688923
v -0.05568125 -0.02637420 0.03693435
v -0.05568125 -0.02636370 0.03695694
v -0.05568125 -0.02634939 0.03697734
v -0.05568125 -0.02632083 0.03701814
v -0.05568125 -0.02626368 0.03709974
v -0.05568125 -0.02620656 0.03718134
v -0.05568125 -0.02617800 0.03722214
v -0.05568125 -0.02614941 0.03726294
v -0.05568125 -0.02611752 0.03730095
v -0.05568125 -0.02613513 0.03728334
v -0.05568125 -0.02608230 0.03733617
v -0.05568125 -0.02601186 0.03740661
v -0.05568125 -0.02594142 0.03747705
v -0.05568125 -0.02590620 0.03751227
v -0.05568125 -0.02587098 0.03754749
v -0.05568125 -0.02585337 0.03756510
v -0.05568125 -0.02583297 0.03757938
v -0.05568125 -0.02579217 0.03760797
v -0.05568125 -0.02571057 0.03766509
v -0.05568125 -0.02562897 0.03772224
v -0.05568125 -0.02558817 0.03775080
v -0.05568125 -0.02554734 0.03777939
v -0.05568125 -0.02552694 0.03779367
v -0.05568125 -0.02550438 0.03780420
v -0.05568125 -0.02545923 0.03782523
v -0.05568125 -0.02541411 0.03784629
v -0.05568125 -0.02532381 0.03788838
v -0.05568125 -0.02523351 0.03793050
v -0.05568125 -0.02516580 0.03796206
v -0.05568125 -0.02518839 0.03795153
v -0.05568125 -0.02514174 0.03796851
v -0.05568125 -0.02509365 0.03798141
v -0.05568125 -0.02499741 0.03800718
v -0.05568125 -0.02490120 0.03803298
v -0.05568125 -0.02485308 0.03804588
v -0.05568125 -0.02480496 0.03805875
v -0.05568125 -0.02478090 0.03806520
v -0.05568125 -0.02475609 0.03806736
v -0.05568125 -0.02470647 0.03807171
v -0.05568125 -0.02465685 0.03807606
v -0.05568125 -0.02455761 0.03808473
v -0.05568125 -0.02445837 0.03809343
v -0.05568125 -0.02440875 0.03809775
v -0.05568125 -0.02438394 0.03809994
v -0.05992106 -0.02090613 0.03809994
v -0.06204097 -0.01916721 0.03809994
v -0.05929836 -0.01742832 0.03809994
v -0.05891234 -0.01704228 0.03806709
v -0.05717801 -0.01530795 0.03666822
v -0.05725801 -0.01538796 0.03684483
v -0.05701454 -0.01514451 0.03591366
v -0.05703125 -0.01516116 0.03610683
v -0.05706419 -0.01519413 0.03629790
v -0.05711320 -0.01524318 0.03648546
v -0.05853737 -0.01666734 0.03796956
v -0.05818430 -0.01631424 0.03781008
v -0.05786318 -0.01599315 0.03759327
v -0.05735273 -0.01548267 0.03701403
v -0.05746139 -0.01559136 0.03717459
v -0.05758334 -0.01571328 0.03732537
v -0.04153660 -0.02666997 0.03267069
v -0.04153660 -0.02666997 0.03476619
v -0.04153660 -0.02666886 0.03582633
v -0.04153660 -0.02666997 0.03581394
v -0.04153660 -0.02666670 0.03585114
v -0.04153660 -0.02666235 0.03590076
v -0.04153660 -0.02665803 0.03595038
v -0.04153660 -0.02664933 0.03604962
v -0.04153660 -0.02664282 0.03612405
v -0.04153660 -0.02664498 0.03609924
v -0.04153660 -0.02663631 0.03619848
v -0.04153660 -0.02663847 0.03617367
v -0.04153660 -0.02663199 0.03622293
v -0.04153660 -0.02663523 0.03621090
v -0.04153660 -0.02662557 0.03624699
v -0.04153660 -0.02661267 0.03629508
v -0.04153660 -0.02660622 0.03631914
v -0.04153660 -0.02659332 0.03636726
v -0.04153660 -0.02656755 0.03646347
v -0.04153660 -0.02655465 0.03651159
v -0.04153660 -0.02654175 0.03655971
v -0.04153660 -0.02653209 0.03659580
v -0.04153660 -0.02653533 0.03658377
v -0.04153660 -0.02652684 0.03660708
v -0.04153660 -0.02651631 0.03662964
v -0.04153660 -0.02649525 0.03667479
v -0.04153660 -0.02647419 0.03671994
v -0.04153660 -0.02643210 0.03681021
v -0.04153660 -0.02641104 0.03685536
v -0.04153660 -0.02640054 0.03687792
v -0.04153660 -0.02637948 0.03692307
v -0.04153660 -0.02636895 0.03694566
v -0.04153660 -0.02636370 0.03695694
v -0.04153660 -0.02635656 0.03696714
v -0.04153660 -0.02634225 0.03698754
v -0.04153660 -0.02631369 0.03702834
v -0.04153660 -0.02628513 0.03706914
v -0.04153660 -0.02622798 0.03715074
v -0.04153660 -0.02619942 0.03719154
v -0.04153660 -0.02618514 0.03721194
v -0.04153660 -0.02615655 0.03725274
v -0.04153660 -0.02614227 0.03727314
v -0.04153660 -0.02612634 0.03729216
v -0.04153660 -0.02610873 0.03730977
v -0.04153660 -0.02613513 0.03728334
v -0.04153660 -0.02607351 0.03734499
v -0.04153660 -0.02603829 0.03738021
v -0.04153660 -0.02596785 0.03745065
v -0.04153660 -0.02591502 0.03750348
v -0.04153660 -0.02593263 0.03748587
v -0.04153660 -0.02587980 0.03753870
v -0.04153660 -0.02584317 0.03757224
v -0.04153660 -0.02585337 0.03756510
v -0.04153660 -0.02586216 0.03755631
v -0.04153660 -0.02582277 0.03758655
v -0.04153660 -0.02578197 0.03761511
v -0.04153660 -0.02574117 0.03764367
v -0.04153660 -0.02565957 0.03770082
v -0.04153660 -0.02559837 0.03774366
v -0.04153660 -0.02561877 0.03772938
v -0.04153660 -0.02555757 0.03777225
v -0.04153660 -0.02552697 0.03779367
v -0.04153660 -0.02553717 0.03778653
v -0.04153660 -0.02551566 0.03779892
v -0.04153660 -0.02549310 0.03780945
v -0.04153660 -0.02544795 0.03783051
v -0.04153660 -0.02542539 0.03784104
v -0.04153660 -0.02538024 0.03786207
v -0.04153660 -0.02528997 0.03790419
v -0.04153660 -0.02524482 0.03792522
v -0.04153660 -0.02519967 0.03794628
v -0.04153660 -0.02516580 0.03796206
v -0.04153660 -0.02517711 0.03795681
v -0.04153660 -0.02515380 0.03796530
v -0.04153660 -0.02512974 0.03797175
v -0.04153660 -0.02508162 0.03798462
v -0.04153660 -0.02503350 0.03799752
v -0.04153660 -0.02493729 0.03802329
v -0.04153660 -0.02488917 0.03803619
v -0.04153660 -0.02486511 0.03804264
v -0.04153660 -0.02481699 0.03805554
v -0.04153660 -0.02479296 0.03806199
v -0.04153660 -0.02476851 0.03806628
v -0.04153660 -0.02474370 0.03806847
v -0.04153660 -0.02478093 0.03806520
v -0.04153660 -0.02469408 0.03807279
v -0.04153660 -0.02466927 0.03807498
v -0.04153660 -0.02461965 0.03807930
v -0.04153660 -0.02452041 0.03808800
v -0.04153660 -0.02447079 0.03809232
v -0.04153660 -0.02442117 0.03809667
v -0.04153660 -0.02439636 0.03809886
v -0.04153660 -0.02438394 0.03809994
v -0.04789637 -0.01916724 0.03809994
v -0.04895632 -0.01829778 0.03809994
v -0.04758500 -0.01742832 0.03809994
v -0.04777801 -0.01723530 0.03808353
v -0.03815543 -0.01514451 0.03591366
v -0.03813878 -0.01516116 0.03610683
v -0.03810581 -0.01519413 0.03629790
v -0.03805676 -0.01524318 0.03648546
v -0.03799202 -0.01530795 0.03666822
v -0.03791201 -0.01538799 0.03684483
v -0.03663266 -0.01666734 0.03796956
v -0.03698573 -0.01631424 0.03781008
v -0.03730679 -0.01599315 0.03759327
v -0.03781730 -0.01548267 0.03701403
v -0.03770858 -0.01559136 0.03717459
v -0.03758666 -0.01571328 0.03732537
v -0.05664857 -0.00720627 0.02753166
v -0.03888737 -0.00073188 0.01914966
v -0.05721800 -0.00003996 0.03675654
v -0.05702287 -0.00000828 0.03601023
v -0.05704771 -0.00001644 0.03620235
v -0.05708871 -0.00002448 0.03639168
v -0.05740706 -0.00005430 0.03709431
v -0.03812231 -0.00001644 0.03620235
v -0.03744674 -0.00013989 0.03745932
v -0.03714626 -0.00016050 0.03770169
v -0.03680918 -0.00017649 0.03788982
v -0.02739200 -0.02666997 0.02743194
v -0.01324736 -0.02666997 0.02428869
v -0.01324736 -0.02666997 0.02638419
v -0.01324736 -0.02666997 0.02847969
v -0.02739200 -0.02666997 0.03581394
v -0.02739200 -0.02666127 0.03591318
v -0.02739200 -0.02664390 0.03611166
v -0.02739200 -0.02663523 0.03621090
v -0.02739200 -0.02660946 0.03630711
v -0.02739200 -0.02655789 0.03649956
v -0.02739200 -0.02653209 0.03659580
v -0.02739200 -0.02649000 0.03668607
v -0.02739200 -0.02640579 0.03686664
v -0.02739200 -0.02636370 0.03695694
v -0.02739200 -0.02630655 0.03703854
v -0.02739200 -0.02619228 0.03720174
v -0.02739200 -0.02613513 0.03728334
v -0.02739200 -0.02606469 0.03735378
v -0.02739200 -0.02592381 0.03749466
v -0.02739200 -0.02585337 0.03756510
v -0.02739200 -0.02577177 0.03762225
v -0.02739200 -0.02560857 0.03773652
v -0.02739200 -0.02552697 0.03779367
v -0.02739200 -0.02543667 0.03783576
v -0.02739200 -0.02525610 0.03791997
v -0.02739200 -0.02516583 0.03796206
v -0.02739200 -0.02506959 0.03798786
v -0.02739200 -0.02487714 0.03803943
v -0.02739200 -0.02478093 0.03806520
v -0.02739200 -0.02468169 0.03807390
v -0.02739200 -0.02448321 0.03809124
v -0.02739200 -0.02438397 0.03809994
v -0.03587165 -0.01742832 0.03809994
v -0.03625769 -0.01704228 0.03806709
v -0.02066708 -0.01829778 0.03809994
v -0.01324736 -0.02666997 0.03267069
v -0.01324736 -0.02666997 0.03476619
v -0.01430732 -0.02351451 0.03809994
v -0.01324736 -0.02666997 0.03581394
v -0.01324736 -0.02666889 0.03582633
v -0.01324736 -0.02666670 0.03585114
v -0.01324736 -0.02666238 0.03590076
v -0.01324736 -0.02666019 0.03592557
v -0.01324736 -0.02665587 0.03597519
v -0.01324736 -0.02664717 0.03607443
v -0.01324736 -0.02664282 0.03612405
v -0.01324736 -0.02664501 0.03609924
v -0.01324736 -0.02663850 0.03617367
v -0.01324736 -0.02663631 0.03619848
v -0.01324736 -0.02663202 0.03622293
v -0.01324736 -0.02663523 0.03621090
v -0.01324736 -0.02662557 0.03624699
v -0.01324736 -0.02661267 0.03629508
v -0.01324736 -0.02659977 0.03634320
v -0.01324736 -0.02660622 0.03631914
v -0.01324736 -0.02657400 0.03643941
v -0.01324736 -0.02656110 0.03648753
v -0.01324736 -0.02655465 0.03651159
v -0.01324736 -0.02654178 0.03655971
v -0.01324736 -0.02652684 0.03660708
v -0.01324736 -0.02653209 0.03659580
v -0.01324736 -0.02653533 0.03658377
v -0.01324736 -0.02651631 0.03662964
v -0.01324736 -0.02649525 0.03667479
v -0.01324736 -0.02648475 0.03669735
v -0.01324736 -0.02646369 0.03674250
v -0.01324736 -0.02642160 0.03683280
v -0.01324736 -0.02641107 0.03685536
v -0.01324736 -0.02640054 0.03687792
v -0.01324736 -0.02637948 0.03692307
v -0.01324736 -0.02636895 0.03694566
v -0.01324736 -0.02636370 0.03695694
v -0.01324736 -0.02635656 0.03696714
v -0.01324736 -0.02634228 0.03698754
v -0.01324736 -0.02631369 0.03702834
v -0.01324736 -0.02629941 0.03704874
v -0.01324736 -0.02627085 0.03708954
v -0.01324736 -0.02621370 0.03717114
v -0.01324736 -0.02619942 0.03719154
v -0.01324736 -0.02618514 0.03721194
v -0.01324736 -0.02615658 0.03725274
v -0.01324736 -0.02614230 0.03727314
v -0.01324736 -0.02612634 0.03729216
v -0.01324736 -0.02610873 0.03730977
v -0.01324736 -0.02613513 0.03728334
v -0.01324736 -0.02607351 0.03734499
v -0.01324736 -0.02605590 0.03736260
v -0.01324736 -0.02602068 0.03739782
v -0.01324736 -0.02595024 0.03746826
v -0.01324736 -0.02593263 0.03748587
v -0.01324736 -0.02591502 0.03750348
v -0.01324736 -0.02587980 0.03753870
v -0.01324736 -0.02584317 0.03757224
v -0.01324736 -0.02585337 0.03756510
v -0.01324736 -0.02586219 0.03755631
v -0.01324736 -0.02582277 0.03758655
v -0.01324736 -0.02578197 0.03761511
v -0.01324736 -0.02576157 0.03762939
v -0.01324736 -0.02572077 0.03765795
v -0.01324736 -0.02563917 0.03771510
v -0.01324736 -0.02561877 0.03772938
v -0.01324736 -0.02559837 0.03774366
v -0.01324736 -0.02555757 0.03777225
v -0.01324736 -0.02552697 0.03779367
v -0.01324736 -0.02553717 0.03778653
v -0.01324736 -0.02551569 0.03779892
v -0.01324736 -0.02549310 0.03780945
v -0.01324736 -0.02544798 0.03783051
v -0.01324736 -0.02542539 0.03784104
v -0.01324736 -0.02540283 0.03785154
v -0.01324736 -0.02531253 0.03789366
v -0.01324736 -0.02526741 0.03791472
v -0.01324736 -0.02524482 0.03792522
v -0.01324736 -0.02519967 0.03794628
v -0.01324736 -0.02516583 0.03796206
v -0.01324736 -0.02517711 0.03795681
v -0.01324736 -0.02515380 0.03796530
v -0.01324736 -0.02512974 0.03797175
v -0.01324736 -0.02508162 0.03798462
v -0.01324736 -0.02505756 0.03799107
v -0.01324736 -0.02500947 0.03800397
v -0.01324736 -0.02491323 0.03802974
v -0.01324736 -0.02488917 0.03803619
v -0.01324736 -0.02486511 0.03804264
v -0.01324736 -0.02481702 0.03805554
v -0.01324736 -0.02479296 0.03806199
v -0.01324736 -0.02476851 0.03806628
v -0.01324736 -0.02474370 0.03806847
v -0.01324736 -0.02478093 0.03806520
v -0.01324736 -0.02469408 0.03807279
v -0.01324736 -0.02466927 0.03807498
v -0.01324736 -0.02464446 0.03807714
v -0.01324736 -0.02454522 0.03808581
v -0.01324736 -0.02449560 0.03809016
v -0.01324736 -0.02447079 0.03809232
v -0.01324736 -0.02438397 0.03809994
v -0.01324736 -0.02442117 0.03809667
v -0.01324736 -0.02439636 0.03809886
v -0.00122267 -0.02264505 0.03809994
v -0.01791584 -0.01742832 0.03809994
v -0.01412474 -0.01786305 0.03809994
v -0.00546248 -0.01916724 0.03809994
v -0.03644516 -0.00018744 0.03801834
v -0.03606467 -0.00019299 0.03808353
v -0.01791584 -0.00871416 0.03809994
v -0.05783450 0.00000006 -0.00000006
v -0.05746706 0.00000006 0.00002967
v -0.05710914 0.00000006 0.00011805
v -0.05677014 0.00000006 0.00026286
v -0.05645876 0.00000006 0.00046026
v -0.05618318 0.00000006 0.00070512
v -0.05595053 0.00000003 0.00099114
v -0.05585225 0.00000003 0.00114726
v -0.05580959 0.00004272 0.00122904
v -0.05576693 0.00000003 0.00131079
v -0.05569502 0.00000006 0.00148068
v -0.05566603 0.00002904 0.00156825
v -0.05563707 0.00000006 0.00165582
v -0.05559341 0.00000006 0.00183507
v -0.05557886 0.00001458 0.00192615
v -0.05556433 0.00000006 0.00201723
v -0.05555009 0.00000003 0.00220116
v -0.05555068 0.00000006 0.00238566
v -0.06817381 0.01092099 -0.00000006
v -0.03884903 0.00013782 0.00058269
v -0.03898682 0.00000003 0.00070512
v -0.03910316 0.00011637 0.00084813
v -0.03921947 0.00000003 0.00099114
v -0.03931769 0.00000003 0.00114726
v -0.03839987 0.00000003 0.00026286
v -0.03806087 0.00000003 0.00011805
v -0.03788189 0.00017901 0.00007386
v -0.03823037 0.00016956 0.00019047
v -0.03855557 0.00015573 0.00036156
v -0.03871124 0.00000003 0.00046026
v -0.03770294 0.00000003 0.00002967
v -0.03751922 0.00018378 0.00001479
v -0.03733550 0.00000003 -0.00000006
v -0.03947498 0.00000003 0.00148068
v -0.03940307 0.00000003 0.00131079
v -0.03953293 0.00000003 0.00165582
v -0.03957662 0.00000006 0.00183507
v -0.03960564 0.00000006 0.00201723
v -0.03961277 0.00000717 0.00210921
v -0.03961991 0.00000003 0.00220116
v -0.03961961 0.00000033 0.00229341
v -0.03961932 0.00000006 0.00238566
v -0.07312499 0.01434418 -0.00000006
v -0.05595053 0.01408059 0.00099114
v -0.05585225 0.01398234 0.00114726
v -0.05677014 0.01490016 0.00026286
v -0.05645876 0.01458882 0.00046026
v -0.05618318 0.01431324 0.00070512
v -0.05576693 0.01389696 0.00131079
v -0.05569502 0.01382508 0.00148068
v -0.05563707 0.01376712 0.00165582
v -0.05559338 0.01372347 0.00183507
v -0.05556430 0.01369440 0.00201723
v -0.05555009 0.01368012 0.00220116
v -0.05746706 0.01559709 0.00002967
v -0.05783450 0.01596456 -0.00000006
v -0.05710914 0.01523919 0.00011805
v -0.05555068 0.01368072 0.00238566
v -0.06313886 0.01806942 -0.00000006
v -0.07231172 0.02227917 -0.00000006
v -0.07312499 0.02438406 -0.00000006
v -0.07312499 0.02478102 0.00003465
v -0.07312499 0.02481992 0.00004509
v -0.07312499 0.02487524 0.00005990
v -0.06982586 0.02439645 0.00000102
v -0.06982586 0.02442126 0.00000318
v -0.06982586 0.02438406 -0.00000006
v -0.06982586 0.02444607 0.00000537
v -0.06982586 0.02449569 0.00000969
v -0.06982586 0.02459493 0.00001839
v -0.06982586 0.02464455 0.00002271
v -0.06982586 0.02469417 0.00002706
v -0.06982586 0.02471898 0.00002925
v -0.06982586 0.02478102 0.00003465
v -0.06982586 0.02474379 0.00003141
v -0.06982586 0.02476860 0.00003357
v -0.06982586 0.02479305 0.00003789
v -0.06982586 0.02481711 0.00004434
v -0.06982586 0.02484114 0.00005079
v -0.06982586 0.02488926 0.00006366
v -0.06982586 0.02498550 0.00008946
v -0.07312499 0.02516592 0.00013779
v -0.07312499 0.02552706 0.00030621
v -0.07312499 0.02561036 0.00036452
v -0.07312499 0.02567292 0.00040834
v -0.07312499 0.02580484 0.00050072
v -0.07312499 0.02585347 0.00053475
v -0.07312499 0.02613525 0.00081651
v -0.07312499 0.02615833 0.00084949
v -0.07312499 0.02618023 0.00088077
v -0.07312499 0.02636379 0.00114294
v -0.06982586 0.02503359 0.00010233
v -0.06982586 0.02510577 0.00012168
v -0.06982586 0.02508171 0.00011523
v -0.06982586 0.02512983 0.00012813
v -0.06982586 0.02515389 0.00013458
v -0.06982586 0.02517720 0.00014307
v -0.06982586 0.02516592 0.00013779
v -0.06982586 0.02519976 0.00015357
v -0.06982586 0.02524491 0.00017463
v -0.06982586 0.02522235 0.00016410
v -0.06982586 0.02529006 0.00019569
v -0.06982586 0.02533521 0.00021672
v -0.06982586 0.02542548 0.00025884
v -0.06982586 0.02547063 0.00027987
v -0.06982586 0.02549319 0.00029040
v -0.06982586 0.02551578 0.00030093
v -0.06982586 0.02553726 0.00031335
v -0.06982586 0.02552706 0.00030621
v -0.06982586 0.02555766 0.00032763
v -0.06982586 0.02559846 0.00035619
v -0.06982586 0.02557806 0.00034191
v -0.06982586 0.02563926 0.00038475
v -0.06982586 0.02568006 0.00041334
v -0.06982586 0.02576166 0.00047046
v -0.06982586 0.02582286 0.00051333
v -0.06982586 0.02580246 0.00049905
v -0.06982586 0.02586228 0.00054357
v -0.06982586 0.02585346 0.00053475
v -0.06982586 0.02584326 0.00052761
v -0.06982586 0.02587989 0.00056118
v -0.06982586 0.02589750 0.00057879
v -0.06982586 0.02593272 0.00061401
v -0.06982586 0.02600316 0.00068445
v -0.06982586 0.02603838 0.00071967
v -0.06982586 0.02609121 0.00077250
v -0.06982586 0.02607360 0.00075489
v -0.06982586 0.02613525 0.00081651
v -0.06982586 0.02610882 0.00079011
v -0.06982586 0.02612643 0.00080772
v -0.06982586 0.02614239 0.00082671
v -0.06982586 0.02615667 0.00084711
v -0.06982586 0.02618523 0.00088791
v -0.06982586 0.02617095 0.00086751
v -0.06982586 0.02621379 0.00092871
v -0.06982586 0.02624238 0.00096951
v -0.06982586 0.02629950 0.00105114
v -0.06982586 0.02634237 0.00111234
v -0.06982586 0.02632809 0.00109194
v -0.06982586 0.02635665 0.00113274
v -0.06982586 0.02636379 0.00114294
v -0.06982586 0.02636904 0.00115422
v -0.06982586 0.02637957 0.00117678
v -0.07312499 0.02653218 0.00150408
v -0.07312499 0.02655850 0.00160229
v -0.07312499 0.02659805 0.00174985
v -0.07312499 0.02663532 0.00188898
v -0.07312499 0.02663783 0.00191750
v -0.07312499 0.02664050 0.00194810
v -0.07312499 0.02667006 0.00228594
v -0.06982586 0.02639010 0.00119937
v -0.06982586 0.02640063 0.00122193
v -0.06982586 0.02642166 0.00126708
v -0.06982586 0.02644272 0.00131223
v -0.06982586 0.02648481 0.00140250
v -0.06982586 0.02650587 0.00144765
v -0.06982586 0.02651640 0.00147021
v -0.06982586 0.02653542 0.00151611
v -0.06982586 0.02653218 0.00150408
v -0.06982586 0.02652693 0.00149280
v -0.06982586 0.02654187 0.00154017
v -0.06982586 0.02654829 0.00156420
v -0.06982586 0.02655474 0.00158826
v -0.06982586 0.02656764 0.00163638
v -0.06982586 0.02658054 0.00168450
v -0.06982586 0.02660631 0.00178071
v -0.06982586 0.02662566 0.00185289
v -0.06982586 0.02661921 0.00182883
v -0.06982586 0.02663532 0.00188898
v -0.06982586 0.02663211 0.00187695
v -0.06982586 0.02663640 0.00190137
v -0.06982586 0.02663859 0.00192618
v -0.06982586 0.02664075 0.00195099
v -0.06982586 0.02664291 0.00197580
v -0.06982586 0.02664726 0.00202542
v -0.06982586 0.02665161 0.00207504
v -0.06982586 0.02666028 0.00217428
v -0.06982586 0.02666463 0.00222390
v -0.06982586 0.02666679 0.00224871
v -0.06982586 0.02666898 0.00227352
v -0.06982586 0.02667006 0.00228594
v -0.06982586 0.02667006 0.00333369
v -0.06065298 0.02017431 -0.00000006
v -0.05568122 0.02438403 -0.00000006
v -0.05568122 0.02440884 0.00000210
v -0.05568122 0.02445846 0.00000645
v -0.05568122 0.02455773 0.00001512
v -0.05568122 0.02465697 0.00002382
v -0.05568122 0.02470659 0.00002814
v -0.05568122 0.02475621 0.00003249
v -0.05568122 0.02478102 0.00003465
v -0.05568122 0.02480505 0.00004110
v -0.05568122 0.02485317 0.00005400
v -0.05568122 0.02494941 0.00007977
v -0.05568122 0.02504562 0.00010557
v -0.05568122 0.02509374 0.00011847
v -0.05568122 0.02514186 0.00013134
v -0.05568122 0.02516592 0.00013779
v -0.05568122 0.02518848 0.00014832
v -0.05568122 0.02523363 0.00016938
v -0.05568122 0.02527875 0.00019041
v -0.05568122 0.02536905 0.00023253
v -0.05568122 0.02545932 0.00027462
v -0.05568122 0.02550447 0.00029568
v -0.05568122 0.02554746 0.00032049
v -0.05568122 0.02552706 0.00030621
v -0.05568122 0.02558826 0.00034905
v -0.05568122 0.02562906 0.00037761
v -0.05568122 0.02571066 0.00043476
v -0.05568122 0.02583306 0.00052047
v -0.05568122 0.02579226 0.00049191
v -0.05568122 0.02585346 0.00053475
v -0.05568122 0.02587107 0.00055236
v -0.05568122 0.02590629 0.00058758
v -0.05568122 0.02597673 0.00065802
v -0.05568122 0.02604717 0.00072846
v -0.05568122 0.02608239 0.00076368
v -0.05568122 0.02611761 0.00079890
v -0.05568122 0.02613522 0.00081651
v -0.05568122 0.02614953 0.00083691
v -0.05568122 0.02617809 0.00087771
v -0.05568122 0.02620665 0.00091851
v -0.05568122 0.02626380 0.00100014
v -0.05568122 0.02632092 0.00108174
v -0.05568122 0.02634951 0.00112254
v -0.05568122 0.02636379 0.00114294
v -0.05568122 0.02637432 0.00116550
v -0.05568122 0.02639535 0.00121065
v -0.05568122 0.02641641 0.00125580
v -0.05568122 0.02645850 0.00134607
v -0.05568122 0.02650062 0.00143637
v -0.05568122 0.02652165 0.00148149
v -0.05568122 0.02653218 0.00150408
v -0.05568122 0.02653863 0.00152814
v -0.05568122 0.02655153 0.00157623
v -0.05568122 0.02656440 0.00162435
v -0.05568122 0.02659020 0.00172059
v -0.05568122 0.02661597 0.00181680
v -0.05568122 0.02663532 0.00188898
v -0.05568122 0.02662887 0.00186492
v -0.05568122 0.02663748 0.00191379
v -0.05568122 0.02664183 0.00196341
v -0.05568122 0.02664618 0.00201303
v -0.05568122 0.02665485 0.00211227
v -0.05568122 0.02666355 0.00221151
v -0.05568122 0.02666787 0.00226113
v -0.05568122 0.02667006 0.00228594
v -0.05568122 0.02667006 0.00438144
v -0.06982586 0.02667006 0.00542919
v -0.06982586 0.02667006 0.00752469
v -0.05568122 0.02667006 0.00857244
v -0.05023718 0.01701699 -0.00000006
v -0.04899422 0.01806942 -0.00000006
v -0.03921947 0.01408059 0.00099114
v -0.03931769 0.01398231 0.00114726
v -0.03898682 0.01431324 0.00070512
v -0.03839987 0.01490016 0.00026286
v -0.03871124 0.01458879 0.00046026
v -0.03947498 0.01382508 0.00148068
v -0.03940307 0.01389696 0.00131079
v -0.03953293 0.01376709 0.00165582
v -0.03957662 0.01372347 0.00183507
v -0.03960564 0.01369440 0.00201723
v -0.03961991 0.01368012 0.00220116
v -0.03806087 0.01523919 0.00011805
v -0.03770294 0.01559709 0.00002967
v -0.03733550 0.01596456 -0.00000006
v -0.03961932 0.01368072 0.00238566
v -0.04153660 0.02439645 0.00000102
v -0.04153660 0.02442126 0.00000318
v -0.04153660 0.02438403 -0.00000006
v -0.04153660 0.02447088 0.00000753
v -0.04153660 0.02452050 0.00001188
v -0.04153660 0.02461974 0.00002055
v -0.04153660 0.02466936 0.00002490
v -0.04153660 0.02469417 0.00002706
v -0.04153660 0.02478099 0.00003465
v -0.04153660 0.02474379 0.00003141
v -0.04153660 0.02476860 0.00003357
v -0.04153660 0.02479302 0.00003789
v -0.04153660 0.02481708 0.00004434
v -0.04153660 0.02486520 0.00005721
v -0.04153660 0.02491332 0.00007011
v -0.04153660 0.02500953 0.00009591
v -0.04153660 0.02505765 0.00010878
v -0.04153660 0.02508171 0.00011523
v -0.04153660 0.02512983 0.00012813
v -0.04153660 0.02515386 0.00013458
v -0.04153660 0.02516589 0.00013779
v -0.04153660 0.02517720 0.00014307
v -0.04153660 0.02519976 0.00015357
v -0.04153660 0.02524491 0.00017463
v -0.04153660 0.02526747 0.00018516
v -0.04153660 0.02531262 0.00020622
v -0.04153660 0.02540289 0.00024831
v -0.04153660 0.02544804 0.00026937
v -0.04153660 0.02549319 0.00029040
v -0.04153660 0.02551575 0.00030093
v -0.04153660 0.02553723 0.00031335
v -0.04153660 0.02552703 0.00030621
v -0.04153660 0.02555763 0.00032763
v -0.04153660 0.02559846 0.00035619
v -0.04153660 0.02561886 0.00037047
v -0.04153660 0.02565966 0.00039906
v -0.04153660 0.02574126 0.00045618
v -0.04153660 0.02578206 0.00048477
v -0.04153660 0.02582286 0.00051333
v -0.04153660 0.02586228 0.00054357
v -0.04153660 0.02585346 0.00053475
v -0.04153660 0.02584326 0.00052761
v -0.04153660 0.02587989 0.00056118
v -0.04153660 0.02591511 0.00059640
v -0.04153660 0.02595033 0.00063162
v -0.04153660 0.02602077 0.00070206
v -0.04153660 0.02605599 0.00073728
v -0.04153660 0.02607360 0.00075489
v -0.04153660 0.02613522 0.00081651
v -0.04153660 0.02610882 0.00079011
v -0.04153660 0.02612643 0.00080772
v -0.04153660 0.02614236 0.00082671
v -0.04153660 0.02615664 0.00084711
v -0.04153660 0.02618523 0.00088791
v -0.04153660 0.02619951 0.00090831
v -0.04153660 0.02622807 0.00094911
v -0.04153660 0.02628522 0.00103074
v -0.04153660 0.02631378 0.00107154
v -0.04153660 0.02634234 0.00111234
v -0.04153660 0.02635665 0.00113274
v -0.04153660 0.02636379 0.00114294
v -0.04153660 0.02636904 0.00115422
v -0.04153660 0.02637957 0.00117678
v -0.04153660 0.02640063 0.00122193
v -0.04153660 0.02641113 0.00124449
v -0.04153660 0.02643219 0.00128964
v -0.04153660 0.02647428 0.00137994
v -0.04153660 0.02649534 0.00142506
v -0.04153660 0.02651640 0.00147021
v -0.04153660 0.02653539 0.00151611
v -0.04153660 0.02653218 0.00150408
v -0.04153660 0.02652690 0.00149280
v -0.04153660 0.02654184 0.00154017
v -0.04153660 0.02655474 0.00158826
v -0.04153660 0.02656119 0.00161232
v -0.04153660 0.02657409 0.00166044
v -0.04153660 0.02659986 0.00175665
v -0.04153660 0.02661276 0.00180477
v -0.04153660 0.02662563 0.00185289
v -0.04153660 0.02663532 0.00188898
v -0.04153660 0.02663208 0.00187695
v -0.04153660 0.02663640 0.00190137
v -0.04153660 0.02663856 0.00192618
v -0.04153660 0.02664507 0.00200061
v -0.04153660 0.02664291 0.00197580
v -0.04153660 0.02664942 0.00205023
v -0.04153660 0.02665809 0.00214947
v -0.04153660 0.02666244 0.00219909
v -0.04153660 0.02666679 0.00224871
v -0.04153660 0.02666895 0.00227352
v -0.04153660 0.02667003 0.00228594
v -0.04153660 0.02667003 0.00333369
v -0.04153660 0.02667003 0.00542919
v -0.06982586 0.02667006 0.01171569
v -0.05568122 0.02667006 0.01695444
v -0.04153660 0.02667003 0.00962019
v -0.04153660 0.02667003 0.01381119
v -0.01864775 0.00798228 -0.00000006
v -0.01864775 0.01596456 -0.00000006
v -0.02194793 0.01701699 -0.00000006
v -0.02739197 0.02438403 -0.00000006
v -0.02739197 0.02448327 0.00000861
v -0.02739197 0.02468175 0.00002598
v -0.02739197 0.02478099 0.00003465
v -0.02739197 0.02487723 0.00006045
v -0.02739197 0.02506968 0.00011202
v -0.02739197 0.02516589 0.00013779
v -0.02739197 0.02525619 0.00017988
v -0.02739197 0.02543676 0.00026409
v -0.02739197 0.02552703 0.00030621
v -0.02739197 0.02560863 0.00036333
v -0.02739197 0.02577186 0.00047760
v -0.02739197 0.02585346 0.00053475
v -0.02739197 0.02592390 0.00060519
v -0.02739197 0.02606478 0.00074607
v -0.02739197 0.02613522 0.00081651
v -0.02739197 0.02619237 0.00089811
v -0.02739197 0.02630664 0.00106134
v -0.02739197 0.02636376 0.00114294
v -0.02739197 0.02640588 0.00123321
v -0.02739197 0.02649006 0.00141378
v -0.02739197 0.02653218 0.00150408
v -0.02739197 0.02655795 0.00160029
v -0.02739197 0.02660952 0.00179274
v -0.02739197 0.02663532 0.00188898
v -0.02739197 0.02664399 0.00198822
v -0.02739197 0.02666136 0.00218670
v -0.02739197 0.02667003 0.00228594
v -0.01549709 0.01649076 -0.00000006
v -0.00656036 0.01806942 -0.00000006
v -0.01449029 0.02333160 -0.00000006
v -0.01324736 0.02438403 -0.00000006
v -0.01324736 0.02439645 0.00000102
v -0.01324736 0.02442126 0.00000318
v -0.01324736 0.02447088 0.00000753
v -0.01324736 0.02449569 0.00000969
v -0.01324736 0.02454531 0.00001404
v -0.01324736 0.02464455 0.00002271
v -0.01324736 0.02466936 0.00002490
v -0.01324736 0.02469417 0.00002706
v -0.01324736 0.02478099 0.00003465
v -0.01324736 0.02474379 0.00003141
v -0.01324736 0.02476860 0.00003357
v -0.01324736 0.02479302 0.00003789
v -0.01324736 0.02481708 0.00004434
v -0.01324736 0.02486520 0.00005721
v -0.01324736 0.02488926 0.00006366
v -0.01324736 0.02493735 0.00007656
v -0.01324736 0.02503359 0.00010233
v -0.01324736 0.02505765 0.00010878
v -0.01324736 0.02508171 0.00011523
v -0.01324736 0.02512980 0.00012813
v -0.01324736 0.02515386 0.00013458
v -0.01324736 0.02517717 0.00014307
v -0.01324736 0.02516589 0.00013779
v -0.01324736 0.02519976 0.00015357
v -0.01324736 0.02524488 0.00017463
v -0.01324736 0.02526747 0.00018516
v -0.01324736 0.02529003 0.00019569
v -0.01324736 0.02538033 0.00023778
v -0.01324736 0.02542545 0.00025884
v -0.01324736 0.02544804 0.00026937
v -0.01324736 0.02549319 0.00029040
v -0.01324736 0.02551575 0.00030093
v -0.01324736 0.02553723 0.00031335
v -0.01324736 0.02552703 0.00030621
v -0.01324736 0.02555763 0.00032763
v -0.01324736 0.02561883 0.00037047
v -0.01324736 0.02559843 0.00035619
v -0.01324736 0.02563923 0.00038475
v -0.01324736 0.02572086 0.00044190
v -0.01324736 0.02576166 0.00047046
v -0.01324736 0.02578206 0.00048477
v -0.01324736 0.02582286 0.00051333
v -0.01324736 0.02586225 0.00054357
v -0.01324736 0.02585346 0.00053475
v -0.01324736 0.02584326 0.00052761
v -0.01324736 0.02587986 0.00056118
v -0.01324736 0.02591508 0.00059640
v -0.01324736 0.02593269 0.00061401
v -0.01324736 0.02596791 0.00064923
v -0.01324736 0.02603835 0.00071967
v -0.01324736 0.02605596 0.00073728
v -0.01324736 0.02607357 0.00075489
v -0.01324736 0.02613522 0.00081651
v -0.01324736 0.02610879 0.00079011
v -0.01324736 0.02612640 0.00080772
v -0.01324736 0.02614236 0.00082671
v -0.01324736 0.02615664 0.00084711
v -0.01324736 0.02618520 0.00088791
v -0.01324736 0.02619951 0.00090831
v -0.01324736 0.02621379 0.00092871
v -0.01324736 0.02627091 0.00101034
v -0.01324736 0.02629950 0.00105114
v -0.01324736 0.02631378 0.00107154
v -0.01324736 0.02634234 0.00111234
v -0.01324736 0.02635662 0.00113274
v -0.01324736 0.02636376 0.00114294
v -0.01324736 0.02636904 0.00115422
v -0.01324736 0.02637957 0.00117678
v -0.01324736 0.02640060 0.00122193
v -0.01324736 0.02641113 0.00124449
v -0.01324736 0.02642166 0.00126708
v -0.01324736 0.02646375 0.00135735
v -0.01324736 0.02648481 0.00140250
v -0.01324736 0.02649534 0.00142506
v -0.01324736 0.02651637 0.00147021
v -0.01324736 0.02652690 0.00149280
v -0.01324736 0.02653539 0.00151611
v -0.01324736 0.02653218 0.00150408
v -0.01324736 0.02654184 0.00154017
v -0.01324736 0.02655474 0.00158826
v -0.01324736 0.02656116 0.00161232
v -0.01324736 0.02656761 0.00163638
v -0.01324736 0.02659341 0.00173262
v -0.01324736 0.02660631 0.00178071
v -0.01324736 0.02661273 0.00180477
v -0.01324736 0.02662563 0.00185289
v -0.01324736 0.02663529 0.00188898
v -0.01324736 0.02663208 0.00187695
v -0.01324736 0.02663856 0.00192618
v -0.01324736 0.02663640 0.00190137
v -0.01324736 0.02664507 0.00200061
v -0.01324736 0.02664291 0.00197580
v -0.01324736 0.02664723 0.00202542
v -0.01324736 0.02665593 0.00212466
v -0.01324736 0.02666025 0.00217428
v -0.01324736 0.02666244 0.00219909
v -0.01324736 0.02666679 0.00224871
v -0.01324736 0.02667003 0.00228594
v -0.01324736 0.02666895 0.00227352
v -0.01324736 0.02667003 0.00333369
v -0.00158861 0.02227914 -0.00000006
v -0.01324736 0.02667003 0.00542919
v -0.02739197 0.02667003 0.01066794
v -0.01324736 0.02667003 0.00962019
v -0.01324736 0.02667003 0.01171569
v -0.01324736 0.02667003 0.01590669
v -0.05628260 0.00073197 0.01914966
v -0.03852140 0.00720636 0.02753166
v -0.06945467 0.00522660 0.03809994
v -0.05714561 0.00003243 0.03657684
v -0.05717798 0.00000006 0.03666822
v -0.05725801 0.00000003 0.03684483
v -0.05701451 0.00000006 0.03591366
v -0.05703122 0.00000006 0.03610683
v -0.05706419 0.00000006 0.03629790
v -0.05711320 0.00000006 0.03648546
v -0.05730536 0.00004740 0.03692943
v -0.05735273 0.00000003 0.03701403
v -0.05746139 0.00000006 0.03717459
v -0.05772326 0.00013998 0.03745932
v -0.05752238 0.00006102 0.03724998
v -0.05758334 0.00000006 0.03732537
v -0.05929836 0.00000006 0.03809994
v -0.05891231 0.00000006 0.03806709
v -0.05910533 0.00019308 0.03808353
v -0.05836082 0.00017658 0.03788982
v -0.05872484 0.00018753 0.03801834
v -0.05853737 0.00000006 0.03796956
v -0.05786318 0.00000006 0.03759327
v -0.05802374 0.00016059 0.03770169
v -0.05818430 0.00000006 0.03781008
v -0.07312499 0.01268040 0.03809994
v -0.03815543 0.00000003 0.03591366
v -0.03814712 0.00000837 0.03601023
v -0.03813878 0.00000003 0.03610683
v -0.03810581 0.00000003 0.03629790
v -0.03808127 0.00002457 0.03639168
v -0.03805673 0.00000003 0.03648546
v -0.03802439 0.00003243 0.03657684
v -0.03799202 0.00000003 0.03666822
v -0.03795200 0.00004005 0.03675654
v -0.03791201 0.00000003 0.03684483
v -0.03786464 0.00004740 0.03692943
v -0.03781730 0.00000003 0.03701403
v -0.03776294 0.00005439 0.03709431
v -0.03770858 0.00000003 0.03717459
v -0.03764762 0.00006099 0.03724998
v -0.03758666 0.00000003 0.03732537
v -0.03730679 0.00000003 0.03759327
v -0.03698570 0.00000003 0.03781008
v -0.03663263 0.00000003 0.03796956
v -0.05628260 0.01441266 0.01914966
v -0.06982586 0.02667006 0.02009769
v -0.06982586 0.02667006 0.02428869
v -0.06982586 0.02667006 0.02847969
v -0.05568122 0.02667006 0.02533644
v -0.04685305 0.01441266 0.01914966
v -0.03888737 0.01441266 0.01914966
v -0.04153660 0.02667003 0.02219319
v -0.04153660 0.02667003 0.02638419
v -0.04153660 0.02667003 0.02847969
v -0.05717798 0.01530804 0.03666822
v -0.05725798 0.01538805 0.03684483
v -0.05701451 0.01514460 0.03591366
v -0.05703122 0.01516125 0.03610683
v -0.05706419 0.01519422 0.03629790
v -0.05711320 0.01524327 0.03648546
v -0.05735270 0.01548276 0.03701403
v -0.05746139 0.01559145 0.03717459
v -0.05758334 0.01571337 0.03732537
v -0.05853737 0.01666743 0.03796956
v -0.05786315 0.01599324 0.03759327
v -0.05818430 0.01631433 0.03781008
v -0.06204097 0.01916733 0.03809994
v -0.05891231 0.01704237 0.03806709
v -0.05929836 0.01742841 0.03809994
v -0.06982586 0.02667006 0.03057519
v -0.06982586 0.02667006 0.03267069
v -0.05568122 0.02667006 0.02952744
v -0.07194578 0.02264514 0.03809994
v -0.06982586 0.02667006 0.03476619
v -0.07312499 0.02438406 0.03809994
v -0.07312499 0.02472188 0.03807038
v -0.07312499 0.02478102 0.03806520
v -0.06982586 0.02439645 0.03809886
v -0.06982586 0.02442126 0.03809667
v -0.06982586 0.02438406 0.03809994
v -0.06982586 0.02444607 0.03809451
v -0.06982586 0.02449569 0.03809016
v -0.06982586 0.02459493 0.03808149
v -0.06982586 0.02464455 0.03807714
v -0.06982586 0.02469417 0.03807279
v -0.06982586 0.02471898 0.03807063
v -0.06982586 0.02479305 0.03806199
v -0.06982586 0.02478102 0.03806520
v -0.06982586 0.02474379 0.03806847
v -0.06982586 0.02476860 0.03806628
v -0.06982586 0.02481711 0.03805554
v -0.06982586 0.02484114 0.03804909
v -0.06982586 0.02488926 0.03803619
v -0.06982586 0.02498550 0.03801042
v -0.07312499 0.02667006 0.03581394
v -0.07312499 0.02662791 0.03623857
v -0.07312499 0.02663532 0.03621090
v -0.07312499 0.02659911 0.03634600
v -0.07312499 0.02656946 0.03645667
v -0.07312499 0.02654754 0.03653846
v -0.07312499 0.02653218 0.03659580
v -0.07312499 0.02643904 0.03679555
v -0.07312499 0.02650710 0.03664959
v -0.06982586 0.02666898 0.03582633
v -0.06982586 0.02667006 0.03581394
v -0.06982586 0.02666679 0.03585114
v -0.06982586 0.02666463 0.03587595
v -0.06982586 0.02666028 0.03592557
v -0.06982586 0.02665161 0.03602481
v -0.06982586 0.02664726 0.03607443
v -0.06982586 0.02664291 0.03612405
v -0.06982586 0.02664075 0.03614886
v -0.06982586 0.02663640 0.03619848
v -0.06982586 0.02663859 0.03617367
v -0.06982586 0.02663532 0.03621090
v -0.06982586 0.02663211 0.03622293
v -0.06982586 0.02661276 0.03629508
v -0.06982586 0.02662566 0.03624699
v -0.06982586 0.02661921 0.03627102
v -0.06982586 0.02659986 0.03634320
v -0.06982586 0.02658699 0.03639132
v -0.06982586 0.02656119 0.03648753
v -0.06982586 0.02654829 0.03653565
v -0.06982586 0.02654187 0.03655971
v -0.06982586 0.02653542 0.03658377
v -0.06982586 0.02653218 0.03659580
v -0.06982586 0.02652693 0.03660708
v -0.06982586 0.02644272 0.03678765
v -0.06982586 0.02642166 0.03683280
v -0.06982586 0.02639010 0.03690051
v -0.06982586 0.02640063 0.03687792
v -0.06982586 0.02650587 0.03665223
v -0.06982586 0.02651640 0.03662964
v -0.06982586 0.02648481 0.03669735
v -0.07312499 0.02516592 0.03796206
v -0.07312499 0.02525807 0.03791909
v -0.07312499 0.02552706 0.03779367
v -0.07312499 0.02583000 0.03758155
v -0.07312499 0.02549056 0.03781068
v -0.07312499 0.02550109 0.03780577
v -0.07312499 0.02613525 0.03728334
v -0.07312499 0.02636379 0.03695694
v -0.07312499 0.02585347 0.03756510
v -0.06982586 0.02519976 0.03794628
v -0.06982586 0.02503359 0.03799752
v -0.06982586 0.02510577 0.03797817
v -0.06982586 0.02508171 0.03798462
v -0.06982586 0.02512983 0.03797175
v -0.06982586 0.02515389 0.03796530
v -0.06982586 0.02517720 0.03795681
v -0.06982586 0.02516592 0.03796206
v -0.06982586 0.02524491 0.03792522
v -0.06982586 0.02522235 0.03793575
v -0.06982586 0.02529006 0.03790419
v -0.06982586 0.02533521 0.03788313
v -0.06982586 0.02551578 0.03779892
v -0.06982586 0.02553726 0.03778653
v -0.06982586 0.02552706 0.03779367
v -0.06982586 0.02555766 0.03777225
v -0.06982586 0.02559846 0.03774366
v -0.06982586 0.02557806 0.03775794
v -0.06982586 0.02576166 0.03762939
v -0.06982586 0.02582286 0.03758655
v -0.06982586 0.02580246 0.03760083
v -0.06982586 0.02568006 0.03768654
v -0.06982586 0.02563926 0.03771510
v -0.06982586 0.02547063 0.03781998
v -0.06982586 0.02542548 0.03784104
v -0.06982586 0.02549319 0.03780945
v -0.06982586 0.02624238 0.03713034
v -0.06982586 0.02621379 0.03717114
v -0.06982586 0.02593272 0.03748587
v -0.06982586 0.02603838 0.03738021
v -0.06982586 0.02600316 0.03741543
v -0.06982586 0.02614239 0.03727314
v -0.06982586 0.02609121 0.03732738
v -0.06982586 0.02607360 0.03734499
v -0.06982586 0.02613525 0.03728334
v -0.06982586 0.02610882 0.03730977
v -0.06982586 0.02612643 0.03729216
v -0.06982586 0.02618523 0.03721194
v -0.06982586 0.02617095 0.03723234
v -0.06982586 0.02615667 0.03725274
v -0.06982586 0.02635665 0.03696714
v -0.06982586 0.02629950 0.03704874
v -0.06982586 0.02634237 0.03698754
v -0.06982586 0.02632809 0.03700794
v -0.06982586 0.02636904 0.03694566
v -0.06982586 0.02637957 0.03692307
v -0.06982586 0.02636379 0.03695694
v -0.06982586 0.02587989 0.03753870
v -0.06982586 0.02586228 0.03755631
v -0.06982586 0.02585346 0.03756510
v -0.06982586 0.02584326 0.03757224
v -0.06982586 0.02589750 0.03752109
v -0.05992106 0.02090622 0.03809994
v -0.05568122 0.02667006 0.03371844
v -0.05568122 0.02438403 0.03809994
v -0.05568122 0.02440884 0.03809775
v -0.05568122 0.02445846 0.03809343
v -0.05568122 0.02455773 0.03808473
v -0.05568122 0.02465697 0.03807606
v -0.05568122 0.02470659 0.03807171
v -0.05568122 0.02475621 0.03806736
v -0.05568122 0.02478102 0.03806520
v -0.05568122 0.02480505 0.03805875
v -0.05568122 0.02485317 0.03804588
v -0.05568122 0.02494941 0.03802008
v -0.05568122 0.02667006 0.03581394
v -0.05568122 0.02666787 0.03583875
v -0.05568122 0.02666355 0.03588837
v -0.05568122 0.02665485 0.03598761
v -0.05568122 0.02664618 0.03608685
v -0.05568122 0.02664183 0.03613647
v -0.05568122 0.02663748 0.03618609
v -0.05568122 0.02663532 0.03621090
v -0.05568122 0.02662887 0.03623496
v -0.05568122 0.02661597 0.03628305
v -0.05568122 0.02660310 0.03633117
v -0.05568122 0.02657730 0.03642741
v -0.05568122 0.02655153 0.03652362
v -0.05568122 0.02653863 0.03657174
v -0.05568122 0.02653218 0.03659580
v -0.05568122 0.02645850 0.03675378
v -0.05568122 0.02639535 0.03688923
v -0.05568122 0.02641641 0.03684408
v -0.05568122 0.02650062 0.03666351
v -0.05568122 0.02652165 0.03661836
v -0.05568122 0.02504562 0.03799431
v -0.05568122 0.02509374 0.03798141
v -0.05568122 0.02514186 0.03796851
v -0.05568122 0.02516592 0.03796206
v -0.05568122 0.02518848 0.03795153
v -0.05568122 0.02523363 0.03793050
v -0.05568122 0.02527875 0.03790944
v -0.05568122 0.02536905 0.03786735
v -0.05568122 0.02554746 0.03777939
v -0.05568122 0.02552706 0.03779367
v -0.05568122 0.02558826 0.03775080
v -0.05568122 0.02583306 0.03757938
v -0.05568122 0.02579226 0.03760797
v -0.05568122 0.02562906 0.03772224
v -0.05568122 0.02571066 0.03766509
v -0.05568122 0.02545932 0.03782523
v -0.05568122 0.02550447 0.03780420
v -0.05568122 0.02620665 0.03718134
v -0.05568122 0.02597673 0.03744183
v -0.05568122 0.02608239 0.03733617
v -0.05568122 0.02611761 0.03730095
v -0.05568122 0.02613522 0.03728334
v -0.05568122 0.02617809 0.03722214
v -0.05568122 0.02614953 0.03726294
v -0.05568122 0.02604717 0.03737139
v -0.05568122 0.02634951 0.03697734
v -0.05568122 0.02632092 0.03701814
v -0.05568122 0.02637432 0.03693435
v -0.05568122 0.02636379 0.03695694
v -0.05568122 0.02626380 0.03709974
v -0.05568122 0.02585346 0.03756510
v -0.05568122 0.02587107 0.03754749
v -0.05568122 0.02590629 0.03751227
v -0.04895629 0.01829787 0.03809994
v -0.04758500 0.01742841 0.03809994
v -0.04739199 0.01723539 0.03808353
v -0.04789634 0.01916733 0.03809994
v -0.03815543 0.01514457 0.03591366
v -0.03813878 0.01516125 0.03610683
v -0.03810581 0.01519422 0.03629790
v -0.03805673 0.01524327 0.03648546
v -0.03799202 0.01530804 0.03666822
v -0.03791198 0.01538805 0.03684483
v -0.03781727 0.01548276 0.03701403
v -0.03770855 0.01559145 0.03717459
v -0.03758666 0.01571337 0.03732537
v -0.03730679 0.01599324 0.03759327
v -0.03698570 0.01631433 0.03781008
v -0.03663263 0.01666740 0.03796956
v -0.04153660 0.02667003 0.03267069
v -0.04153660 0.02667003 0.03476619
v -0.04153660 0.02439645 0.03809886
v -0.04153660 0.02442126 0.03809667
v -0.04153660 0.02438403 0.03809994
v -0.04153660 0.02447088 0.03809232
v -0.04153660 0.02452050 0.03808800
v -0.04153660 0.02461974 0.03807930
v -0.04153660 0.02466936 0.03807498
v -0.04153660 0.02469417 0.03807279
v -0.04153660 0.02479302 0.03806199
v -0.04153660 0.02478099 0.03806520
v -0.04153660 0.02474379 0.03806847
v -0.04153660 0.02476860 0.03806628
v -0.04153660 0.02481708 0.03805554
v -0.04153660 0.02486520 0.03804264
v -0.04153660 0.02491332 0.03802974
v -0.04153660 0.02666895 0.03582633
v -0.04153660 0.02667003 0.03581394
v -0.04153660 0.02666679 0.03585114
v -0.04153660 0.02666244 0.03590076
v -0.04153660 0.02665809 0.03595038
v -0.04153660 0.02664942 0.03604962
v -0.04153660 0.02664507 0.03609924
v -0.04153660 0.02664291 0.03612405
v -0.04153660 0.02663640 0.03619848
v -0.04153660 0.02663856 0.03617367
v -0.04153660 0.02663532 0.03621090
v -0.04153660 0.02663208 0.03622293
v -0.04153660 0.02661276 0.03629508
v -0.04153660 0.02662563 0.03624699
v -0.04153660 0.02660631 0.03631914
v -0.04153660 0.02659341 0.03636726
v -0.04153660 0.02655474 0.03651159
v -0.04153660 0.02654184 0.03655971
v -0.04153660 0.02653539 0.03658377
v -0.04153660 0.02653218 0.03659580
v -0.04153660 0.02652690 0.03660708
v -0.04153660 0.02656764 0.03646347
v -0.04153660 0.02643219 0.03681021
v -0.04153660 0.02640063 0.03687792
v -0.04153660 0.02641113 0.03685536
v -0.04153660 0.02649534 0.03667479
v -0.04153660 0.02651640 0.03662964
v -0.04153660 0.02647428 0.03671994
v -0.04153660 0.02519976 0.03794628
v -0.04153660 0.02500953 0.03800397
v -0.04153660 0.02508171 0.03798462
v -0.04153660 0.02505765 0.03799107
v -0.04153660 0.02512983 0.03797175
v -0.04153660 0.02515386 0.03796530
v -0.04153660 0.02516589 0.03796206
v -0.04153660 0.02517720 0.03795681
v -0.04153660 0.02524491 0.03792522
v -0.04153660 0.02531262 0.03789366
v -0.04153660 0.02526747 0.03791472
v -0.04153660 0.02540289 0.03785154
v -0.04153660 0.02551575 0.03779892
v -0.04153660 0.02553723 0.03778653
v -0.04153660 0.02552703 0.03779367
v -0.04153660 0.02555763 0.03777225
v -0.04153660 0.02559846 0.03774366
v -0.04153660 0.02561886 0.03772938
v -0.04153660 0.02578206 0.03761511
v -0.04153660 0.02574126 0.03764367
v -0.04153660 0.02582286 0.03758655
v -0.04153660 0.02565966 0.03770082
v -0.04153660 0.02544804 0.03783051
v -0.04153660 0.02549319 0.03780945
v -0.04153660 0.02619951 0.03719154
v -0.04153660 0.02622807 0.03715074
v -0.04153660 0.02591511 0.03750348
v -0.04153660 0.02602077 0.03739782
v -0.04153660 0.02595033 0.03746826
v -0.04153660 0.02614236 0.03727314
v -0.04153660 0.02607360 0.03734499
v -0.04153660 0.02613522 0.03728334
v -0.04153660 0.02610882 0.03730977
v -0.04153660 0.02612643 0.03729216
v -0.04153660 0.02618523 0.03721194
v -0.04153660 0.02615664 0.03725274
v -0.04153660 0.02605599 0.03736260
v -0.04153660 0.02635665 0.03696714
v -0.04153660 0.02634234 0.03698754
v -0.04153660 0.02631378 0.03702834
v -0.04153660 0.02636904 0.03694566
v -0.04153660 0.02637957 0.03692307
v -0.04153660 0.02636379 0.03695694
v -0.04153660 0.02628522 0.03706914
v -0.04153660 0.02587989 0.03753870
v -0.04153660 0.02586228 0.03755631
v -0.04153660 0.02585346 0.03756510
v -0.04153660 0.02584326 0.03757224
v -0.03625769 0.00000003 0.03806709
v -0.03587165 0.00000003 0.03809994
v -0.02689373 0.00435714 0.03809994
v -0.01791584 0.00871422 0.03809994
v -0.02739197 0.02667003 0.02743194
v -0.01324736 0.02667003 0.02428869
v -0.01324736 0.02667003 0.02638419
v -0.01324736 0.02667003 0.02847969
v -0.03625769 0.01704237 0.03806709
v -0.03587165 0.01742841 0.03809994
v -0.02066708 0.01829787 0.03809994
v -0.02739197 0.02438403 0.03809994
v -0.02739197 0.02448327 0.03809124
v -0.02739197 0.02468175 0.03807390
v -0.02739197 0.02478099 0.03806520
v -0.02739197 0.02487723 0.03803943
v -0.02739197 0.02667003 0.03581394
v -0.02739197 0.02666136 0.03591318
v -0.02739197 0.02664399 0.03611166
v -0.02739197 0.02663532 0.03621090
v -0.02739197 0.02660952 0.03630711
v -0.02739197 0.02655795 0.03649956
v -0.02739197 0.02653218 0.03659580
v -0.02739197 0.02640588 0.03686664
v -0.02739197 0.02649006 0.03668607
v -0.02739197 0.02506968 0.03798786
v -0.02739197 0.02516589 0.03796206
v -0.02739197 0.02525619 0.03791997
v -0.02739197 0.02552703 0.03779367
v -0.02739197 0.02560863 0.03773652
v -0.02739197 0.02577186 0.03762225
v -0.02739197 0.02543676 0.03783576
v -0.02739197 0.02619237 0.03720174
v -0.02739197 0.02592390 0.03749466
v -0.02739197 0.02606478 0.03735378
v -0.02739197 0.02613522 0.03728334
v -0.02739197 0.02630664 0.03703854
v -0.02739197 0.02636376 0.03695694
v -0.02739197 0.02585346 0.03756510
v -0.01791584 0.01742841 0.03809994
v -0.01412474 0.01786314 0.03809994
v -0.00546248 0.01916730 0.03809994
v -0.01324736 0.02667003 0.03267069
v -0.01324736 0.02667003 0.03476619
v -0.01430732 0.02351457 0.03809994
v -0.01324736 0.02438403 0.03809994
v -0.01324736 0.02439645 0.03809886
v -0.01324736 0.02442126 0.03809667
v -0.01324736 0.02447088 0.03809232
v -0.01324736 0.02449569 0.03809016
v -0.01324736 0.02454531 0.03808581
v -0.01324736 0.02464455 0.03807714
v -0.01324736 0.02466936 0.03807498
v -0.01324736 0.02469417 0.03807279
v -0.01324736 0.02479302 0.03806199
v -0.01324736 0.02478099 0.03806520
v -0.01324736 0.02474379 0.03806847
v -0.01324736 0.02476860 0.03806628
v -0.01324736 0.02481708 0.03805554
v -0.01324736 0.02486520 0.03804264
v -0.01324736 0.02488926 0.03803619
v -0.01324736 0.02493735 0.03802329
v -0.01324736 0.02667003 0.03581394
v -0.01324736 0.02666895 0.03582633
v -0.01324736 0.02666679 0.03585114
v -0.01324736 0.02666244 0.03590076
v -0.01324736 0.02666025 0.03592557
v -0.01324736 0.02665593 0.03597519
v -0.01324736 0.02664723 0.03607443
v -0.01324736 0.02664507 0.03609924
v -0.01324736 0.02664291 0.03612405
v -0.01324736 0.02663856 0.03617367
v -0.01324736 0.02663640 0.03619848
v -0.01324736 0.02663529 0.03621090
v -0.01324736 0.02663208 0.03622293
v -0.01324736 0.02661273 0.03629508
v -0.01324736 0.02662563 0.03624699
v -0.01324736 0.02660631 0.03631914
v -0.01324736 0.02659986 0.03634320
v -0.01324736 0.02657406 0.03643941
v -0.01324736 0.02656116 0.03648753
v -0.01324736 0.02655474 0.03651159
v -0.01324736 0.02654184 0.03655971
v -0.01324736 0.02652690 0.03660708
v -0.01324736 0.02653539 0.03658377
v -0.01324736 0.02653218 0.03659580
v -0.01324736 0.02642166 0.03683280
v -0.01324736 0.02640060 0.03687792
v -0.01324736 0.02641113 0.03685536
v -0.01324736 0.02649534 0.03667479
v -0.01324736 0.02651637 0.03662964
v -0.01324736 0.02648481 0.03669735
v -0.01324736 0.02646375 0.03674250
v -0.01324736 0.02519976 0.03794628
v -0.01324736 0.02503359 0.03799752
v -0.01324736 0.02508171 0.03798462
v -0.01324736 0.02505765 0.03799107
v -0.01324736 0.02512980 0.03797175
v -0.01324736 0.02515386 0.03796530
v -0.01324736 0.02517717 0.03795681
v -0.01324736 0.02516589 0.03796206
v -0.01324736 0.02524488 0.03792522
v -0.01324736 0.02529003 0.03790419
v -0.01324736 0.02526747 0.03791472
v -0.01324736 0.02538033 0.03786207
v -0.01324736 0.02551575 0.03779892
v -0.01324736 0.02553723 0.03778653
v -0.01324736 0.02552703 0.03779367
v -0.01324736 0.02555763 0.03777225
v -0.01324736 0.02561883 0.03772938
v -0.01324736 0.02559843 0.03774366
v -0.01324736 0.02578206 0.03761511
v -0.01324736 0.02576166 0.03762939
v -0.01324736 0.02582286 0.03758655
v -0.01324736 0.02563923 0.03771510
v -0.01324736 0.02572086 0.03765795
v -0.01324736 0.02544804 0.03783051
v -0.01324736 0.02542545 0.03784104
v -0.01324736 0.02549319 0.03780945
v -0.01324736 0.02619951 0.03719154
v -0.01324736 0.02621379 0.03717114
v -0.01324736 0.02591508 0.03750348
v -0.01324736 0.02593269 0.03748587
v -0.01324736 0.02603835 0.03738021
v -0.01324736 0.02596791 0.03745065
v -0.01324736 0.02614236 0.03727314
v -0.01324736 0.02607357 0.03734499
v -0.01324736 0.02613522 0.03728334
v -0.01324736 0.02610879 0.03730977
v -0.01324736 0.02612640 0.03729216
v -0.01324736 0.02618520 0.03721194
v -0.01324736 0.02615664 0.03725274
v -0.01324736 0.02605596 0.03736260
v -0.01324736 0.02635662 0.03696714
v -0.01324736 0.02629950 0.03704874
v -0.01324736 0.02634234 0.03698754
v -0.01324736 0.02631378 0.03702834
v -0.01324736 0.02636904 0.03694566
v -0.01324736 0.02637957 0.03692307
v -0.01324736 0.02636376 0.03695694
v -0.01324736 0.02627091 0.03708954
v -0.01324736 0.02587986 0.03753870
v -0.01324736 0.02586225 0.03755631
v -0.01324736 0.02585346 0.03756510
v -0.01324736 0.02584326 0.03757224
v -0.00122264 0.02264511 0.03809994
v 0.00089725 -0.02590620 0.00058758
v 0.00089725 -0.02587098 0.00055236
v 0.00089725 -0.02585337 0.00053475
v 0.00089725 -0.02629227 0.00104094
v 0.00089725 -0.02636370 0.00114294
v 0.00089725 -0.02637423 0.00116550
v 0.00089725 -0.02632086 0.00108174
v 0.00089725 -0.02634942 0.00112254
v 0.00089725 -0.02604711 0.00072846
v 0.00089725 -0.02614944 0.00083691
v 0.00089725 -0.02617800 0.00087771
v 0.00089725 -0.02613516 0.00081651
v 0.00089725 -0.02611755 0.00079890
v 0.00089725 -0.02608233 0.00076368
v 0.00089725 -0.02594145 0.00062280
v 0.00089725 -0.02597667 0.00065802
v 0.00089725 -0.02620656 0.00091851
v 0.00089725 -0.02623515 0.00095931
v 0.00089725 -0.02550441 0.00029568
v 0.00089725 -0.02545926 0.00027462
v 0.00089725 -0.02566977 0.00040620
v 0.00089725 -0.02562897 0.00037761
v 0.00089725 -0.02583297 0.00052047
v 0.00089725 -0.02579217 0.00049191
v 0.00089725 -0.02575137 0.00046332
v 0.00089725 -0.02558817 0.00034905
v 0.00089725 -0.02552697 0.00030621
v 0.00089725 -0.02554737 0.00032049
v 0.00089725 -0.02532384 0.00021147
v 0.00089725 -0.02541411 0.00025356
v 0.00089725 -0.02527869 0.00019041
v 0.00089725 -0.02523354 0.00016938
v 0.00089725 -0.02518839 0.00014832
v 0.00089725 -0.02516583 0.00013779
v 0.00089725 -0.02514177 0.00013134
v 0.00089725 -0.02509365 0.00011847
v 0.00089725 -0.02504556 0.00010557
v 0.00089725 -0.02647947 0.00139122
v 0.00089725 -0.02652159 0.00148149
v 0.00089725 -0.02650053 0.00143637
v 0.00089725 -0.02641632 0.00125580
v 0.00089725 -0.02639529 0.00121065
v 0.00089725 -0.02643738 0.00130092
v 0.00089725 -0.02653212 0.00150408
v 0.00089725 -0.02653854 0.00152814
v 0.00089725 -0.02655144 0.00157623
v 0.00089725 -0.02656434 0.00162435
v 0.00089725 -0.02657724 0.00167247
v 0.00089725 -0.02660301 0.00176868
v 0.00089725 -0.02661591 0.00181680
v 0.00089725 -0.02662878 0.00186492
v 0.00089725 -0.02663523 0.00188898
v 0.00089725 -0.02663742 0.00191379
v 0.00089725 -0.02664174 0.00196341
v 0.00089725 -0.02664609 0.00201303
v 0.00089725 -0.02665044 0.00206265
v 0.00089725 -0.02665911 0.00216189
v 0.00089725 -0.02666346 0.00221151
v 0.00089725 -0.02666781 0.00226113
v 0.00089725 -0.02666997 0.00228594
v 0.00089725 -0.02490120 0.00006690
v 0.00089725 -0.02494932 0.00007977
v 0.00089725 -0.02485311 0.00005400
v 0.00089725 -0.02480499 0.00004110
v 0.00089725 -0.02478093 0.00003465
v 0.00089725 -0.02475612 0.00003249
v 0.00089725 -0.02470650 0.00002814
v 0.00089725 -0.02465688 0.00002382
v 0.00089725 -0.02460726 0.00001947
v 0.00089725 -0.02450802 0.00001077
v 0.00089725 -0.02445840 0.00000645
v 0.00089725 -0.02440878 0.00000210
v 0.00089725 -0.02438397 -0.00000006
v 0.00089725 -0.02666997 0.00438144
v 0.00338314 -0.02227911 -0.00000006
v 0.01504189 -0.02589741 0.00057879
v 0.01504189 -0.02584320 0.00052761
v 0.01504189 -0.02585340 0.00053475
v 0.01504189 -0.02586219 0.00054357
v 0.01504189 -0.02587980 0.00056118
v 0.01504189 -0.02625657 0.00098994
v 0.01504189 -0.02628513 0.00103074
v 0.01504189 -0.02636370 0.00114294
v 0.01504189 -0.02636898 0.00115422
v 0.01504189 -0.02637951 0.00117678
v 0.01504189 -0.02631372 0.00107154
v 0.01504189 -0.02634228 0.00111234
v 0.01504189 -0.02632800 0.00109194
v 0.01504189 -0.02635656 0.00113274
v 0.01504189 -0.02615658 0.00084711
v 0.01504189 -0.02618514 0.00088791
v 0.01504189 -0.02617086 0.00086751
v 0.01504189 -0.02612634 0.00080772
v 0.01504189 -0.02610873 0.00079011
v 0.01504189 -0.02613516 0.00081651
v 0.01504189 -0.02607351 0.00075489
v 0.01504189 -0.02609112 0.00077250
v 0.01504189 -0.02614230 0.00082671
v 0.01504189 -0.02595024 0.00063162
v 0.01504189 -0.02596785 0.00064923
v 0.01504189 -0.02600307 0.00068445
v 0.01504189 -0.02603829 0.00071967
v 0.01504189 -0.02591502 0.00059640
v 0.01504189 -0.02621373 0.00092871
v 0.01504189 -0.02622801 0.00094911
v 0.01504189 -0.02549313 0.00029040
v 0.01504189 -0.02544798 0.00026937
v 0.01504189 -0.02547054 0.00027987
v 0.01504189 -0.02570037 0.00042762
v 0.01504189 -0.02563917 0.00038475
v 0.01504189 -0.02565957 0.00039906
v 0.01504189 -0.02580240 0.00049905
v 0.01504189 -0.02582280 0.00051333
v 0.01504189 -0.02574117 0.00045618
v 0.01504189 -0.02578200 0.00048477
v 0.01504189 -0.02557797 0.00034191
v 0.01504189 -0.02559837 0.00035619
v 0.01504189 -0.02555757 0.00032763
v 0.01504189 -0.02552697 0.00030621
v 0.01504189 -0.02553717 0.00031335
v 0.01504189 -0.02551569 0.00030093
v 0.01504189 -0.02540283 0.00024831
v 0.01504189 -0.02535768 0.00022725
v 0.01504189 -0.02528997 0.00019569
v 0.01504189 -0.02531256 0.00020622
v 0.01504189 -0.02522226 0.00016410
v 0.01504189 -0.02524482 0.00017463
v 0.01504189 -0.02516583 0.00013779
v 0.01504189 -0.02517711 0.00014307
v 0.01504189 -0.02515380 0.00013458
v 0.01504189 -0.02512974 0.00012813
v 0.01504189 -0.02508165 0.00011523
v 0.01504189 -0.02510568 0.00012168
v 0.01504189 -0.02503353 0.00010233
v 0.01504189 -0.02519970 0.00015357
v 0.01504189 -0.02647422 0.00137994
v 0.01504189 -0.02651631 0.00147021
v 0.01504189 -0.02650581 0.00144765
v 0.01504189 -0.02649528 0.00142506
v 0.01504189 -0.02640054 0.00122193
v 0.01504189 -0.02639001 0.00119937
v 0.01504189 -0.02643213 0.00128964
v 0.01504189 -0.02642160 0.00126708
v 0.01504189 -0.02645316 0.00133479
v 0.01504189 -0.02656755 0.00163638
v 0.01504189 -0.02652684 0.00149280
v 0.01504189 -0.02653212 0.00150408
v 0.01504189 -0.02653533 0.00151611
v 0.01504189 -0.02654178 0.00154017
v 0.01504189 -0.02655468 0.00158826
v 0.01504189 -0.02654823 0.00156420
v 0.01504189 -0.02657400 0.00166044
v 0.01504189 -0.02658690 0.00170856
v 0.01504189 -0.02659980 0.00175665
v 0.01504189 -0.02661912 0.00182883
v 0.01504189 -0.02662557 0.00185289
v 0.01504189 -0.02661267 0.00180477
v 0.01504189 -0.02663202 0.00187695
v 0.01504189 -0.02663523 0.00188898
v 0.01504189 -0.02663850 0.00192618
v 0.01504189 -0.02663634 0.00190137
v 0.01504189 -0.02664066 0.00195099
v 0.01504189 -0.02664285 0.00197580
v 0.01504189 -0.02664717 0.00202542
v 0.01504189 -0.02664936 0.00205023
v 0.01504189 -0.02665371 0.00209985
v 0.01504189 -0.02665803 0.00214947
v 0.01504189 -0.02666454 0.00222390
v 0.01504189 -0.02666238 0.00219909
v 0.01504189 -0.02666673 0.00224871
v 0.01504189 -0.02666997 0.00228594
v 0.01504189 -0.02666889 0.00227352
v 0.01504189 -0.02491323 0.00007011
v 0.01504189 -0.02498541 0.00008946
v 0.01504189 -0.02493729 0.00007656
v 0.01504189 -0.02486514 0.00005721
v 0.01504189 -0.02484108 0.00005079
v 0.01504189 -0.02481702 0.00004434
v 0.01504189 -0.02476854 0.00003357
v 0.01504189 -0.02474373 0.00003141
v 0.01504189 -0.02478093 0.00003465
v 0.01504189 -0.02479296 0.00003789
v 0.01504189 -0.02471892 0.00002925
v 0.01504189 -0.02469411 0.00002706
v 0.01504189 -0.02464449 0.00002271
v 0.01504189 -0.02461968 0.00002055
v 0.01504189 -0.02457006 0.00001620
v 0.01504189 -0.02452044 0.00001188
v 0.01504189 -0.02447082 0.00000753
v 0.01504189 -0.02444601 0.00000537
v 0.01504189 -0.02438397 -0.00000006
v 0.01504189 -0.02442120 0.00000318
v 0.01504189 -0.02439639 0.00000102
v 0.01504189 -0.02666997 0.00333369
v 0.01231984 -0.02070045 -0.00000006
v 0.01628482 -0.02333154 -0.00000006
v 0.01547050 -0.02017422 -0.00000006
v 0.00089725 -0.02666997 0.00857244
v 0.01504189 -0.02666997 0.00542919
v 0.01504189 -0.02666997 0.00752469
v 0.00241852 -0.01964802 -0.00000006
v 0.00437857 -0.01912179 -0.00000006
v 0.00829864 -0.01806936 -0.00000006
v 0.00004000 -0.01596447 -0.00000006
v 0.01010566 -0.01964802 -0.00000006
v 0.01138684 -0.01964802 -0.00000006
v 0.01394923 -0.01964802 -0.00000006
v 0.01516993 -0.01701693 -0.00000006
v 0.01773232 -0.01701693 -0.00000006
v 0.01877068 -0.02122668 -0.00000006
v 0.02918650 -0.02585340 0.00053475
v 0.02918650 -0.02588862 0.00056997
v 0.02918650 -0.02627802 0.00102054
v 0.02918650 -0.02636370 0.00114294
v 0.02918650 -0.02638476 0.00118806
v 0.02918650 -0.02633514 0.00110214
v 0.02918650 -0.02616372 0.00085731
v 0.02918650 -0.02609994 0.00078129
v 0.02918650 -0.02613516 0.00081651
v 0.02918650 -0.02595906 0.00064041
v 0.02918650 -0.02602950 0.00071085
v 0.02918650 -0.02622087 0.00093891
v 0.02918650 -0.02548185 0.00028515
v 0.02918650 -0.02564940 0.00039192
v 0.02918650 -0.02581260 0.00050619
v 0.02918650 -0.02573100 0.00044904
v 0.02918650 -0.02556777 0.00033477
v 0.02918650 -0.02552697 0.00030621
v 0.02918650 -0.02539155 0.00024306
v 0.02918650 -0.02530128 0.00020094
v 0.02918650 -0.02516583 0.00013779
v 0.02918650 -0.02511774 0.00012489
v 0.02918650 -0.02502150 0.00009912
v 0.02918650 -0.02521098 0.00015885
v 0.02918650 -0.02646897 0.00136866
v 0.02918650 -0.02651106 0.00145893
v 0.02918650 -0.02642685 0.00127836
v 0.02918650 -0.02653212 0.00150408
v 0.02918650 -0.02654502 0.00155220
v 0.02918650 -0.02657079 0.00164841
v 0.02918650 -0.02659656 0.00174465
v 0.02918650 -0.02662236 0.00184086
v 0.02918650 -0.02663526 0.00188898
v 0.02918650 -0.02663958 0.00193860
v 0.02918650 -0.02664828 0.00203784
v 0.02918650 -0.02665695 0.00213708
v 0.02918650 -0.02666565 0.00223632
v 0.02918650 -0.02666997 0.00228594
v 0.02918650 -0.02492529 0.00007335
v 0.02918650 -0.02482905 0.00004755
v 0.02918650 -0.02478093 0.00003465
v 0.02918650 -0.02473131 0.00003033
v 0.02918650 -0.02463207 0.00002163
v 0.02918650 -0.02453283 0.00001296
v 0.02918650 -0.02443359 0.00000426
v 0.02918650 -0.02438397 -0.00000006
v 0.03415825 -0.02017422 -0.00000006
v 0.02918650 -0.02666997 0.00647694
v 0.01830382 -0.01912179 -0.00000006
v 0.02070259 -0.01754313 -0.00000006
v 0.02222389 -0.01806936 -0.00000006
v 0.02342857 -0.01912179 -0.00000006
v 0.02599093 -0.01912179 -0.00000006
v 0.02285707 -0.01701693 -0.00000006
v 0.01872775 -0.01596447 -0.00000006
v 0.03111571 -0.01912179 -0.00000006
v 0.03418909 -0.01859559 -0.00000006
v 0.03310657 -0.01701693 -0.00000006
v 0.03614911 -0.01806936 -0.00000006
v 0.00089725 -0.02666997 0.01276344
v 0.01504189 -0.02666997 0.00962019
v 0.01504189 -0.02666997 0.01381119
v 0.01504189 -0.02666997 0.01800219
v 0.02918650 -0.02666997 0.01485894
v 0.01872775 -0.00798222 -0.00000006
v 0.02807164 -0.00399111 -0.00000006
v 0.04333114 -0.02589741 0.00057879
v 0.04333114 -0.02584320 0.00052761
v 0.04333114 -0.02585340 0.00053475
v 0.04333114 -0.02586219 0.00054357
v 0.04333114 -0.02587980 0.00056118
v 0.04333114 -0.02627088 0.00101034
v 0.04333114 -0.02628516 0.00103074
v 0.04333114 -0.02636373 0.00114294
v 0.04333114 -0.02637951 0.00117678
v 0.04333114 -0.02636898 0.00115422
v 0.04333114 -0.02631372 0.00107154
v 0.04333114 -0.02634228 0.00111234
v 0.04333114 -0.02635659 0.00113274
v 0.04333114 -0.02615658 0.00084711
v 0.04333114 -0.02617089 0.00086751
v 0.04333114 -0.02612637 0.00080772
v 0.04333114 -0.02610876 0.00079011
v 0.04333114 -0.02613516 0.00081651
v 0.04333114 -0.02607354 0.00075489
v 0.04333114 -0.02614230 0.00082671
v 0.04333114 -0.02598549 0.00066684
v 0.04333114 -0.02596785 0.00064923
v 0.04333114 -0.02602071 0.00070206
v 0.04333114 -0.02603832 0.00071967
v 0.04333114 -0.02593263 0.00061401
v 0.04333114 -0.02622801 0.00094911
v 0.04333114 -0.02619945 0.00090831
v 0.04333114 -0.02624229 0.00096951
v 0.04333114 -0.02549313 0.00029040
v 0.04333114 -0.02544798 0.00026937
v 0.04333114 -0.02572080 0.00044190
v 0.04333114 -0.02565960 0.00039906
v 0.04333114 -0.02568000 0.00041334
v 0.04333114 -0.02582280 0.00051333
v 0.04333114 -0.02574120 0.00045618
v 0.04333114 -0.02578200 0.00048477
v 0.04333114 -0.02561880 0.00037047
v 0.04333114 -0.02557800 0.00034191
v 0.04333114 -0.02552700 0.00030621
v 0.04333114 -0.02553720 0.00031335
v 0.04333114 -0.02555760 0.00032763
v 0.04333114 -0.02551569 0.00030093
v 0.04333114 -0.02533512 0.00021672
v 0.04333114 -0.02538027 0.00023778
v 0.04333114 -0.02540283 0.00024831
v 0.04333114 -0.02526741 0.00018516
v 0.04333114 -0.02531256 0.00020622
v 0.04333114 -0.02522226 0.00016410
v 0.04333114 -0.02516583 0.00013779
v 0.04333114 -0.02517714 0.00014307
v 0.04333114 -0.02515380 0.00013458
v 0.04333114 -0.02512977 0.00012813
v 0.04333114 -0.02508165 0.00011523
v 0.04333114 -0.02503353 0.00010233
v 0.04333114 -0.02500947 0.00009591
v 0.04333114 -0.02519970 0.00015357
v 0.04333114 -0.02646372 0.00135735
v 0.04333114 -0.02647422 0.00137994
v 0.04333114 -0.02651634 0.00147021
v 0.04333114 -0.02649528 0.00142506
v 0.04333114 -0.02641107 0.00124449
v 0.04333114 -0.02639004 0.00119937
v 0.04333114 -0.02643213 0.00128964
v 0.04333114 -0.02644266 0.00131223
v 0.04333114 -0.02652687 0.00149280
v 0.04333114 -0.02653212 0.00150408
v 0.04333114 -0.02653533 0.00151611
v 0.04333114 -0.02654178 0.00154017
v 0.04333114 -0.02654823 0.00156420
v 0.04333114 -0.02656113 0.00161232
v 0.04333114 -0.02657403 0.00166044
v 0.04333114 -0.02658045 0.00168450
v 0.04333114 -0.02659335 0.00173262
v 0.04333114 -0.02659980 0.00175665
v 0.04333114 -0.02662560 0.00185289
v 0.04333114 -0.02661270 0.00180477
v 0.04333114 -0.02663202 0.00187695
v 0.04333114 -0.02663526 0.00188898
v 0.04333114 -0.02663850 0.00192618
v 0.04333114 -0.02663634 0.00190137
v 0.04333114 -0.02664069 0.00195099
v 0.04333114 -0.02664501 0.00200061
v 0.04333114 -0.02664936 0.00205023
v 0.04333114 -0.02665152 0.00207504
v 0.04333114 -0.02665806 0.00214947
v 0.04333114 -0.02665587 0.00212466
v 0.04333114 -0.02666238 0.00219909
v 0.04333114 -0.02666673 0.00224871
v 0.04333114 -0.02667000 0.00228594
v 0.04333114 -0.02666889 0.00227352
v 0.04333114 -0.02496138 0.00008301
v 0.04333114 -0.02493732 0.00007656
v 0.04333114 -0.02488920 0.00006366
v 0.04333114 -0.02484108 0.00005079
v 0.04333114 -0.02481702 0.00004434
v 0.04333114 -0.02474373 0.00003141
v 0.04333114 -0.02478096 0.00003465
v 0.04333114 -0.02476854 0.00003357
v 0.04333114 -0.02479296 0.00003789
v 0.04333114 -0.02471892 0.00002925
v 0.04333114 -0.02466930 0.00002490
v 0.04333114 -0.02461968 0.00002055
v 0.04333114 -0.02459487 0.00001839
v 0.04333114 -0.02454525 0.00001404
v 0.04333114 -0.02452044 0.00001188
v 0.04333114 -0.02447082 0.00000753
v 0.04333114 -0.02438397 -0.00000006
v 0.04333114 -0.02442120 0.00000318
v 0.04333114 -0.02439639 0.00000102
v 0.04333114 -0.02667000 0.00333369
v 0.04581700 -0.02227911 -0.00000006
v 0.04705993 -0.02122668 -0.00000006
v 0.04333114 -0.02667000 0.00542919
v 0.03675148 -0.01859559 -0.00000006
v 0.03803266 -0.01859559 -0.00000006
v 0.04059502 -0.01859559 -0.00000006
v 0.04006918 -0.01701693 -0.00000006
v 0.04315741 -0.01859559 -0.00000006
v 0.03741550 -0.01596450 -0.00000006
v 0.03778294 -0.01559703 0.00002967
v 0.03814084 -0.01523913 0.00011805
v 0.03847990 -0.01490010 0.00026286
v 0.03879124 -0.01458873 0.00046026
v 0.03906682 -0.01431315 0.00070512
v 0.03929944 -0.01408053 0.00099114
v 0.03939772 -0.01398228 0.00114726
v 0.03948307 -0.01389690 0.00131079
v 0.03955498 -0.01382499 0.00148068
v 0.03961294 -0.01376703 0.00165582
v 0.03965659 -0.01372338 0.00183507
v 0.03968566 -0.01369434 0.00201723
v 0.03969994 -0.01368006 0.00220116
v 0.04551052 -0.01649070 -0.00000006
v 0.03969931 -0.01368066 0.00238566
v 0.04665280 -0.01964802 -0.00000006
v 0.04828216 -0.01859559 -0.00000006
v 0.04980346 -0.01912179 -0.00000006
v 0.05007436 -0.01806936 -0.00000006
v 0.05747575 -0.02590623 0.00058758
v 0.05747575 -0.02585340 0.00053475
v 0.05747575 -0.02587101 0.00055236
v 0.05747575 -0.02626374 0.00100014
v 0.05747575 -0.02629230 0.00104094
v 0.05747575 -0.02636373 0.00114294
v 0.05747575 -0.02637426 0.00116550
v 0.05747575 -0.02634945 0.00112254
v 0.05747575 -0.02604711 0.00072846
v 0.05747575 -0.02614944 0.00083691
v 0.05747575 -0.02617803 0.00087771
v 0.05747575 -0.02613516 0.00081651
v 0.05747575 -0.02611755 0.00079890
v 0.05747575 -0.02597667 0.00065802
v 0.05747575 -0.02601189 0.00069324
v 0.05747575 -0.02623515 0.00095931
v 0.05747575 -0.02550441 0.00029568
v 0.05747575 -0.02571060 0.00043476
v 0.05747575 -0.02566980 0.00040620
v 0.05747575 -0.02583300 0.00052047
v 0.05747575 -0.02575140 0.00046332
v 0.05747575 -0.02558820 0.00034905
v 0.05747575 -0.02552700 0.00030621
v 0.05747575 -0.02554740 0.00032049
v 0.05747575 -0.02532384 0.00021147
v 0.05747575 -0.02536899 0.00023253
v 0.05747575 -0.02541414 0.00025356
v 0.05747575 -0.02523357 0.00016938
v 0.05747575 -0.02516586 0.00013779
v 0.05747575 -0.02518842 0.00014832
v 0.05747575 -0.02514180 0.00013134
v 0.05747575 -0.02504556 0.00010557
v 0.05747575 -0.02647950 0.00139122
v 0.05747575 -0.02652159 0.00148149
v 0.05747575 -0.02639529 0.00121065
v 0.05747575 -0.02643741 0.00130092
v 0.05747575 -0.02645844 0.00134607
v 0.05747575 -0.02653212 0.00150408
v 0.05747575 -0.02653857 0.00152814
v 0.05747575 -0.02655147 0.00157623
v 0.05747575 -0.02657724 0.00167247
v 0.05747575 -0.02659014 0.00172059
v 0.05747575 -0.02660304 0.00176868
v 0.05747575 -0.02662881 0.00186492
v 0.05747575 -0.02663526 0.00188898
v 0.05747575 -0.02663742 0.00191379
v 0.05747575 -0.02664177 0.00196341
v 0.05747575 -0.02665044 0.00206265
v 0.05747575 -0.02665479 0.00211227
v 0.05747575 -0.02665914 0.00216189
v 0.05747575 -0.02666781 0.00226113
v 0.05747575 -0.02667000 0.00228594
v 0.05747575 -0.02499744 0.00009267
v 0.05747575 -0.02494935 0.00007977
v 0.05747575 -0.02485311 0.00005400
v 0.05747575 -0.02480502 0.00004110
v 0.05747575 -0.02478096 0.00003465
v 0.05747575 -0.02475615 0.00003249
v 0.05747575 -0.02470653 0.00002814
v 0.05747575 -0.02460729 0.00001947
v 0.05747575 -0.02455767 0.00001512
v 0.05747575 -0.02450805 0.00001077
v 0.05747575 -0.02440881 0.00000210
v 0.05747575 -0.02438400 -0.00000006
v 0.05747575 -0.02667000 0.00438144
v 0.05996164 -0.02227911 -0.00000006
v 0.07162039 -0.02585340 0.00053475
v 0.07162039 -0.02586222 0.00054357
v 0.07162039 -0.02584320 0.00052761
v 0.07162039 -0.02587983 0.00056118
v 0.07312500 -0.02585340 0.00053475
v 0.07162039 -0.02625660 0.00098994
v 0.07162039 -0.02627088 0.00101034
v 0.07162039 -0.02636373 0.00114294
v 0.07162039 -0.02637951 0.00117678
v 0.07162039 -0.02636898 0.00115422
v 0.07162039 -0.02632803 0.00109194
v 0.07162039 -0.02635659 0.00113274
v 0.07162039 -0.02615661 0.00084711
v 0.07162039 -0.02613516 0.00081651
v 0.07162039 -0.02612637 0.00080772
v 0.07162039 -0.02609115 0.00077250
v 0.07162039 -0.02614230 0.00082671
v 0.07162039 -0.02595027 0.00063162
v 0.07162039 -0.02598549 0.00066684
v 0.07162039 -0.02600310 0.00068445
v 0.07162039 -0.02602071 0.00070206
v 0.07162039 -0.02621373 0.00092871
v 0.07162039 -0.02624232 0.00096951
v 0.07312500 -0.02625584 0.00098886
v 0.07312500 -0.02626860 0.00100709
v 0.07312500 -0.02636373 0.00114294
v 0.07312500 -0.02615433 0.00084385
v 0.07312500 -0.02613516 0.00081651
v 0.07312500 -0.02601790 0.00069925
v 0.07162039 -0.02547057 0.00027987
v 0.07162039 -0.02570040 0.00042762
v 0.07162039 -0.02572080 0.00044190
v 0.07162039 -0.02563920 0.00038475
v 0.07162039 -0.02568000 0.00041334
v 0.07162039 -0.02580240 0.00049905
v 0.07162039 -0.02552700 0.00030621
v 0.07162039 -0.02553720 0.00031335
v 0.07162039 -0.02555760 0.00032763
v 0.07162039 -0.02551572 0.00030093
v 0.07162039 -0.02533515 0.00021672
v 0.07162039 -0.02538027 0.00023778
v 0.07162039 -0.02535771 0.00022725
v 0.07162039 -0.02529000 0.00019569
v 0.07162039 -0.02516586 0.00013779
v 0.07162039 -0.02517714 0.00014307
v 0.07162039 -0.02515383 0.00013458
v 0.07162039 -0.02510571 0.00012168
v 0.07162039 -0.02500950 0.00009591
v 0.07162039 -0.02519970 0.00015357
v 0.07312500 -0.02568109 0.00041410
v 0.07312500 -0.02552700 0.00030621
v 0.07312500 -0.02516586 0.00013779
v 0.07162039 -0.02646372 0.00135735
v 0.07162039 -0.02650581 0.00144765
v 0.07162039 -0.02642163 0.00126708
v 0.07162039 -0.02645319 0.00133479
v 0.07162039 -0.02644266 0.00131223
v 0.07162039 -0.02656758 0.00163638
v 0.07162039 -0.02652687 0.00149280
v 0.07162039 -0.02653212 0.00150408
v 0.07162039 -0.02653536 0.00151611
v 0.07162039 -0.02654181 0.00154017
v 0.07162039 -0.02658048 0.00168450
v 0.07162039 -0.02658693 0.00170856
v 0.07162039 -0.02659338 0.00173262
v 0.07312500 -0.02646204 0.00135375
v 0.07312500 -0.02653502 0.00151483
v 0.07312500 -0.02653212 0.00150408
v 0.07312500 -0.02656381 0.00162231
v 0.07162039 -0.02661915 0.00182883
v 0.07162039 -0.02663205 0.00187695
v 0.07162039 -0.02663526 0.00188898
v 0.07162039 -0.02663853 0.00192618
v 0.07162039 -0.02663634 0.00190137
v 0.07162039 -0.02664720 0.00202542
v 0.07162039 -0.02665155 0.00207504
v 0.07162039 -0.02665371 0.00209985
v 0.07162039 -0.02665590 0.00212466
v 0.07162039 -0.02666457 0.00222390
v 0.07162039 -0.02667000 0.00228594
v 0.07162039 -0.02666892 0.00227352
v 0.07312500 -0.02663526 0.00188898
v 0.07312500 -0.02667000 0.00228594
v 0.07162039 -0.02491326 0.00007011
v 0.07162039 -0.02496138 0.00008301
v 0.07162039 -0.02498544 0.00008946
v 0.07162039 -0.02481705 0.00004434
v 0.07162039 -0.02478096 0.00003465
v 0.07162039 -0.02476854 0.00003357
v 0.07162039 -0.02474373 0.00003141
v 0.07162039 -0.02479299 0.00003789
v 0.07162039 -0.02464449 0.00002271
v 0.07162039 -0.02459487 0.00001839
v 0.07162039 -0.02457006 0.00001620
v 0.07162039 -0.02454525 0.00001404
v 0.07162039 -0.02444601 0.00000537
v 0.07162039 -0.02438400 -0.00000006
v 0.07162039 -0.02439639 0.00000102
v 0.07312500 -0.02478096 0.00003465
v 0.07312500 -0.02454921 0.00001439
v 0.07312500 -0.02438400 -0.00000006
v 0.07162039 -0.02667000 0.00333369
v 0.07286332 -0.02333157 -0.00000006
v 0.07312500 -0.02311000 -0.00000006
v 0.07162039 -0.02667000 0.00752469
v 0.05599666 -0.01964802 -0.00000006
v 0.05914732 -0.01912182 -0.00000006
v 0.05519911 -0.01806936 -0.00000006
v 0.05791450 -0.01596450 -0.00000006
v 0.05754703 -0.01559703 0.00002967
v 0.05718916 -0.01523913 0.00011805
v 0.05685010 -0.01490010 0.00026286
v 0.05653876 -0.01458873 0.00046026
v 0.05626318 -0.01431318 0.00070512
v 0.05593228 -0.01398228 0.00114726
v 0.05603056 -0.01408056 0.00099114
v 0.05584693 -0.01389690 0.00131079
v 0.05577502 -0.01382502 0.00148068
v 0.05571706 -0.01376706 0.00165582
v 0.05567341 -0.01372341 0.00183507
v 0.05564434 -0.01369434 0.00201723
v 0.05563009 -0.01368006 0.00220116
v 0.05563069 -0.01368066 0.00238566
v 0.06544864 -0.01806936 -0.00000006
v 0.06595966 -0.01754316 -0.00000006
v 0.06852202 -0.01754316 -0.00000006
v 0.07164184 -0.01859559 -0.00000006
v 0.06980320 -0.01754316 -0.00000006
v 0.07312500 -0.01739800 -0.00000006
v 0.06987970 -0.01649073 -0.00000006
v 0.07183975 -0.01596450 -0.00000006
v 0.04333114 -0.02667000 0.00962019
v 0.04333114 -0.02667000 0.01381119
v 0.04333114 -0.02667000 0.01590669
v 0.05747575 -0.02667000 0.01276344
v 0.05747575 -0.02667000 0.01695444
v 0.07162039 -0.02667000 0.01590669
v 0.07162039 -0.02667000 0.01800219
v 0.03759922 -0.00018372 0.00001479
v 0.03796192 -0.00017892 0.00007386
v 0.03831037 -0.00016950 0.00019047
v 0.03863557 -0.00015567 0.00036156
v 0.03892903 -0.00013776 0.00058269
v 0.03918313 -0.00011631 0.00084813
v 0.03929947 0.00000000 0.00099114
v 0.03939772 0.00000000 0.00114726
v 0.03948310 0.00000000 0.00131079
v 0.03951904 -0.00003594 0.00139575
v 0.03969280 -0.00000711 0.00210921
v 0.03969994 0.00000000 0.00220116
v 0.03969961 -0.00000027 0.00229341
v 0.07183975 -0.00798225 -0.00000006
v 0.05685013 0.00000000 0.00026286
v 0.05653876 0.00000000 0.00046026
v 0.05598142 -0.00004914 0.00106920
v 0.05593228 0.00000000 0.00114726
v 0.05626318 0.00000000 0.00070512
v 0.05603056 0.00000000 0.00099114
v 0.05718916 0.00000000 0.00011805
v 0.05754703 0.00000000 0.00002967
v 0.05791450 0.00000000 -0.00000006
v 0.05588959 -0.00004266 0.00122904
v 0.05584693 0.00000000 0.00131079
v 0.05577505 0.00000000 0.00148068
v 0.05574604 -0.00002898 0.00156825
v 0.05571706 0.00000000 0.00165582
v 0.05565889 -0.00001452 0.00192615
v 0.05564434 0.00000000 0.00201723
v 0.05563720 -0.00000714 0.00210921
v 0.05563009 0.00000000 0.00220116
v 0.06487714 -0.00399111 -0.00000006
v 0.00089725 -0.02666997 0.02114544
v 0.01504189 -0.02666997 0.02219319
v 0.00089725 -0.02666997 0.02533644
v 0.01504189 -0.02666997 0.02428869
v 0.01504189 -0.02666997 0.02847969
v 0.02918650 -0.02666997 0.02324094
v 0.00089725 -0.02666997 0.02952744
v 0.01504189 -0.02666997 0.03057519
v 0.01504189 -0.02666997 0.03267069
v 0.00089725 -0.02666997 0.03371844
v 0.00089725 -0.02666997 0.03581394
v 0.00089725 -0.02666781 0.03583875
v 0.00089725 -0.02666346 0.03588837
v 0.00089725 -0.02665911 0.03593799
v 0.00089725 -0.02665044 0.03603723
v 0.00089725 -0.02664609 0.03608685
v 0.00089725 -0.02664174 0.03613647
v 0.00089725 -0.02663742 0.03618609
v 0.00089725 -0.02662878 0.03623496
v 0.00089725 -0.02663523 0.03621090
v 0.00089725 -0.02661591 0.03628305
v 0.00089725 -0.02660301 0.03633117
v 0.00089725 -0.02659011 0.03637929
v 0.00089725 -0.02656434 0.03647550
v 0.00089725 -0.02655144 0.03652362
v 0.00089725 -0.02653854 0.03657174
v 0.00089725 -0.02653212 0.03659580
v 0.00089725 -0.02652159 0.03661836
v 0.00089725 -0.02650053 0.03666351
v 0.00089725 -0.02647947 0.03670866
v 0.00089725 -0.02643738 0.03679893
v 0.00089725 -0.02641632 0.03684408
v 0.00089725 -0.02639529 0.03688923
v 0.00089725 -0.02637423 0.03693435
v 0.00089725 -0.02636370 0.03695694
v 0.00089725 -0.02634942 0.03697734
v 0.00089725 -0.02632086 0.03701814
v 0.00089725 -0.02629227 0.03705894
v 0.00089725 -0.02623515 0.03714054
v 0.00089725 -0.02620656 0.03718134
v 0.00089725 -0.02617800 0.03722214
v 0.00089725 -0.02614944 0.03726294
v 0.00089725 -0.02613516 0.03728334
v 0.00089725 -0.02611755 0.03730095
v 0.00089725 -0.02608233 0.03733617
v 0.00089725 -0.02604711 0.03737139
v 0.00089725 -0.02597667 0.03744183
v 0.00089725 -0.02594145 0.03747705
v 0.00089725 -0.02590620 0.03751227
v 0.00089725 -0.02587098 0.03754749
v 0.00089725 -0.02585337 0.03756510
v 0.00089725 -0.02583297 0.03757938
v 0.00089725 -0.02579217 0.03760797
v 0.00089725 -0.02575137 0.03763653
v 0.00089725 -0.02566977 0.03769368
v 0.00089725 -0.02562897 0.03772224
v 0.00089725 -0.02558817 0.03775080
v 0.00089725 -0.02552697 0.03779367
v 0.00089725 -0.02554737 0.03777939
v 0.00089725 -0.02550441 0.03780420
v 0.00089725 -0.02545926 0.03782523
v 0.00089725 -0.02541411 0.03784629
v 0.00089725 -0.02536896 0.03786735
v 0.00089725 -0.02527869 0.03790944
v 0.00089725 -0.02523354 0.03793050
v 0.00089725 -0.02518839 0.03795153
v 0.00089725 -0.02516583 0.03796206
v 0.00089725 -0.02514177 0.03796851
v 0.00089725 -0.02509365 0.03798141
v 0.00089725 -0.02504556 0.03799431
v 0.00089725 -0.02494932 0.03802008
v 0.00089725 -0.02490120 0.03803298
v 0.00089725 -0.02485311 0.03804588
v 0.00089725 -0.02480499 0.03805875
v 0.00089725 -0.02478093 0.03806520
v 0.00089725 -0.02475612 0.03806736
v 0.00089725 -0.02470650 0.03807171
v 0.00089725 -0.02465688 0.03807606
v 0.00089725 -0.02460726 0.03808041
v 0.00089725 -0.02450802 0.03808908
v 0.00089725 -0.02445840 0.03809343
v 0.00089725 -0.02440878 0.03809775
v 0.00089725 -0.02438397 0.03809994
v 0.01504189 -0.02666997 0.03476619
v 0.01504189 -0.02666997 0.03581394
v 0.01504189 -0.02666889 0.03582633
v 0.01504189 -0.02666673 0.03585114
v 0.01504189 -0.02666454 0.03587595
v 0.01504189 -0.02666238 0.03590076
v 0.01504189 -0.02665803 0.03595038
v 0.01504189 -0.02665371 0.03600000
v 0.01504189 -0.02664936 0.03604962
v 0.01504189 -0.02664717 0.03607443
v 0.01504189 -0.02664285 0.03612405
v 0.01504189 -0.02664066 0.03614886
v 0.01504189 -0.02663850 0.03617367
v 0.01504189 -0.02663634 0.03619848
v 0.01504189 -0.02663202 0.03622293
v 0.01504189 -0.02663523 0.03621090
v 0.01504189 -0.02661912 0.03627102
v 0.01504189 -0.02662557 0.03624699
v 0.01504189 -0.02661267 0.03629508
v 0.01504189 -0.02659980 0.03634320
v 0.01504189 -0.02659335 0.03636726
v 0.01504189 -0.02658045 0.03641538
v 0.01504189 -0.02656755 0.03646347
v 0.01504189 -0.02655468 0.03651159
v 0.01504189 -0.02654823 0.03653565
v 0.01504189 -0.02654178 0.03655971
v 0.01504189 -0.02652684 0.03660708
v 0.01504189 -0.02653212 0.03659580
v 0.01504189 -0.02653533 0.03658377
v 0.01504189 -0.02651631 0.03662964
v 0.01504189 -0.02650581 0.03665223
v 0.01504189 -0.02649528 0.03667479
v 0.01504189 -0.02647422 0.03671994
v 0.01504189 -0.02645316 0.03676506
v 0.01504189 -0.02643213 0.03681021
v 0.01504189 -0.02642160 0.03683280
v 0.01504189 -0.02640054 0.03687792
v 0.01504189 -0.02639001 0.03690051
v 0.01504189 -0.02636898 0.03694566
v 0.01504189 -0.02637951 0.03692307
v 0.01504189 -0.02636370 0.03695694
v 0.01504189 -0.02635656 0.03696714
v 0.01504189 -0.02634228 0.03698754
v 0.01504189 -0.02632800 0.03700794
v 0.01504189 -0.02631372 0.03702834
v 0.01504189 -0.02628513 0.03706914
v 0.01504189 -0.02625657 0.03710994
v 0.01504189 -0.02622801 0.03715074
v 0.01504189 -0.02621373 0.03717114
v 0.01504189 -0.02618514 0.03721194
v 0.01504189 -0.02617086 0.03723234
v 0.01504189 -0.02615658 0.03725274
v 0.01504189 -0.02614230 0.03727314
v 0.01504189 -0.02612634 0.03729216
v 0.01504189 -0.02610873 0.03730977
v 0.01504189 -0.02613516 0.03728334
v 0.01504189 -0.02607351 0.03734499
v 0.01504189 -0.02609112 0.03732738
v 0.01504189 -0.02603829 0.03738021
v 0.01504189 -0.02600307 0.03741543
v 0.01504189 -0.02596785 0.03745065
v 0.01504189 -0.02595024 0.03746826
v 0.01504189 -0.02591502 0.03750348
v 0.01504189 -0.02589741 0.03752109
v 0.01504189 -0.02587980 0.03753870
v 0.01504189 -0.02584320 0.03757224
v 0.01504189 -0.02585340 0.03756510
v 0.01504189 -0.02586219 0.03755631
v 0.01504189 -0.02580240 0.03760083
v 0.01504189 -0.02582280 0.03758655
v 0.01504189 -0.02578200 0.03761511
v 0.01504189 -0.02574117 0.03764367
v 0.01504189 -0.02570037 0.03767223
v 0.01504189 -0.02563917 0.03771510
v 0.01504189 -0.02565957 0.03770082
v 0.01504189 -0.02557797 0.03775794
v 0.01504189 -0.02559837 0.03774366
v 0.01504189 -0.02555757 0.03777225
v 0.01504189 -0.02552697 0.03779367
v 0.01504189 -0.02553717 0.03778653
v 0.01504189 -0.02551569 0.03779892
v 0.01504189 -0.02549313 0.03780945
v 0.01504189 -0.02544798 0.03783051
v 0.01504189 -0.02547054 0.03781998
v 0.01504189 -0.02538027 0.03786207
v 0.01504189 -0.02540283 0.03785154
v 0.01504189 -0.02533512 0.03788313
v 0.01504189 -0.02528997 0.03790419
v 0.01504189 -0.02522226 0.03793575
v 0.01504189 -0.02524482 0.03792522
v 0.01504189 -0.02519970 0.03794628
v 0.01504189 -0.02516583 0.03796206
v 0.01504189 -0.02517711 0.03795681
v 0.01504189 -0.02515380 0.03796530
v 0.01504189 -0.02512974 0.03797175
v 0.01504189 -0.02508165 0.03798462
v 0.01504189 -0.02510568 0.03797817
v 0.01504189 -0.02503353 0.03799752
v 0.01504189 -0.02498541 0.03801042
v 0.01504189 -0.02493729 0.03802329
v 0.01504189 -0.02491323 0.03802974
v 0.01504189 -0.02486514 0.03804264
v 0.01504189 -0.02484108 0.03804909
v 0.01504189 -0.02481702 0.03805554
v 0.01504189 -0.02479296 0.03806199
v 0.01504189 -0.02476854 0.03806628
v 0.01504189 -0.02474373 0.03806847
v 0.01504189 -0.02478093 0.03806520
v 0.01504189 -0.02471892 0.03807063
v 0.01504189 -0.02469411 0.03807279
v 0.01504189 -0.02464449 0.03807714
v 0.01504189 -0.02461968 0.03807930
v 0.01504189 -0.02457006 0.03808365
v 0.01504189 -0.02452044 0.03808800
v 0.01504189 -0.02447082 0.03809232
v 0.01504189 -0.02444601 0.03809451
v 0.01504189 -0.02438397 0.03809994
v 0.01504189 -0.02442120 0.03809667
v 0.01504189 -0.02439639 0.03809886
v 0.01292197 -0.02264505 0.03809994
v 0.01186201 -0.02177562 0.03809994
v 0.00974209 -0.02003670 0.03809994
v 0.00003997 -0.01742835 0.03809994
v 0.00762217 -0.01829778 0.03809994
v 0.01799581 -0.01742835 0.03809994
v 0.02918650 -0.02666997 0.03162294
v 0.02494666 -0.02090616 0.03809994
v 0.02918650 -0.02666997 0.03581394
v 0.02918650 -0.02666565 0.03586356
v 0.02918650 -0.02665695 0.03596280
v 0.02918650 -0.02664828 0.03606204
v 0.02918650 -0.02663958 0.03616128
v 0.02918650 -0.02663526 0.03621090
v 0.02918650 -0.02662236 0.03625899
v 0.02918650 -0.02659656 0.03635523
v 0.02918650 -0.02657079 0.03645144
v 0.02918650 -0.02654502 0.03654768
v 0.02918650 -0.02653212 0.03659580
v 0.02918650 -0.02651106 0.03664092
v 0.02918650 -0.02646897 0.03673122
v 0.02918650 -0.02642685 0.03682149
v 0.02918650 -0.02638476 0.03691179
v 0.02918650 -0.02636370 0.03695694
v 0.02918650 -0.02633514 0.03699774
v 0.02918650 -0.02627802 0.03707934
v 0.02918650 -0.02622087 0.03716094
v 0.02918650 -0.02616372 0.03724254
v 0.02918650 -0.02609994 0.03731856
v 0.02918650 -0.02613516 0.03728334
v 0.02918650 -0.02602950 0.03738900
v 0.02918650 -0.02595906 0.03745944
v 0.02918650 -0.02588862 0.03752988
v 0.02918650 -0.02585340 0.03756510
v 0.02918650 -0.02581260 0.03759369
v 0.02918650 -0.02573100 0.03765081
v 0.02918650 -0.02564940 0.03770796
v 0.02918650 -0.02556777 0.03776508
v 0.02918650 -0.02552697 0.03779367
v 0.02918650 -0.02548185 0.03781470
v 0.02918650 -0.02539155 0.03785682
v 0.02918650 -0.02530128 0.03789891
v 0.02918650 -0.02521098 0.03794103
v 0.02918650 -0.02516583 0.03796206
v 0.02918650 -0.02511774 0.03797496
v 0.02918650 -0.02502150 0.03800073
v 0.02918650 -0.02492529 0.03802653
v 0.02918650 -0.02482905 0.03805230
v 0.02918650 -0.02478093 0.03806520
v 0.02918650 -0.02473131 0.03806955
v 0.02918650 -0.02463207 0.03807822
v 0.02918650 -0.02453283 0.03808692
v 0.02918650 -0.02443359 0.03809559
v 0.02918650 -0.02438397 0.03809994
v 0.02178691 -0.01786308 0.03809994
v 0.02936908 -0.01873254 0.03809994
v 0.03595162 -0.01742835 0.03809994
v 0.03633766 -0.01704231 0.03806709
v 0.01799581 -0.00871416 0.03809994
v 0.04333114 -0.02667000 0.02009769
v 0.04333114 -0.02667000 0.02219319
v 0.04333114 -0.02667000 0.02638419
v 0.03896737 -0.01441260 0.01914966
v 0.04693306 -0.01441260 0.01914966
v 0.05747575 -0.02667000 0.02114544
v 0.07162039 -0.02667000 0.02009769
v 0.07162039 -0.02667000 0.02428869
v 0.05636260 -0.01441260 0.01914966
v 0.04333114 -0.02667000 0.03057519
v 0.04333114 -0.02667000 0.03267069
v 0.04333114 -0.02667000 0.03476619
v 0.04333114 -0.02667000 0.03581394
v 0.04333114 -0.02666889 0.03582633
v 0.04333114 -0.02666673 0.03585114
v 0.04333114 -0.02666238 0.03590076
v 0.04333114 -0.02665806 0.03595038
v 0.04333114 -0.02665587 0.03597519
v 0.04333114 -0.02664936 0.03604962
v 0.04333114 -0.02665152 0.03602481
v 0.04333114 -0.02664501 0.03609924
v 0.04333114 -0.02664069 0.03614886
v 0.04333114 -0.02663850 0.03617367
v 0.04333114 -0.02663634 0.03619848
v 0.04333114 -0.02663202 0.03622293
v 0.04333114 -0.02663526 0.03621090
v 0.04333114 -0.02661915 0.03627102
v 0.04333114 -0.02662560 0.03624699
v 0.04333114 -0.02660625 0.03631914
v 0.04333114 -0.02659335 0.03636726
v 0.04333114 -0.02658690 0.03639132
v 0.04333114 -0.02657403 0.03643941
v 0.04333114 -0.02656758 0.03646347
v 0.04333114 -0.02655468 0.03651159
v 0.04333114 -0.02654178 0.03655971
v 0.04333114 -0.02652687 0.03660708
v 0.04333114 -0.02653212 0.03659580
v 0.04333114 -0.02653533 0.03658377
v 0.04333114 -0.02651634 0.03662964
v 0.04333114 -0.02649528 0.03667479
v 0.04333114 -0.02647422 0.03671994
v 0.04333114 -0.02646372 0.03674250
v 0.04333114 -0.02644266 0.03678765
v 0.04333114 -0.02643213 0.03681021
v 0.04333114 -0.02641107 0.03685536
v 0.04333114 -0.02639004 0.03690051
v 0.04333114 -0.02637951 0.03692307
v 0.04333114 -0.02636898 0.03694566
v 0.04333114 -0.02636373 0.03695694
v 0.04333114 -0.02635659 0.03696714
v 0.04333114 -0.02634228 0.03698754
v 0.04333114 -0.02631372 0.03702834
v 0.04333114 -0.02627088 0.03708954
v 0.04333114 -0.02628516 0.03706914
v 0.04333114 -0.02624229 0.03713034
v 0.04333114 -0.02622801 0.03715074
v 0.04333114 -0.02619945 0.03719154
v 0.04333114 -0.02617089 0.03723234
v 0.04333114 -0.02615658 0.03725274
v 0.04333114 -0.02614230 0.03727314
v 0.04333114 -0.02612637 0.03729216
v 0.04333114 -0.02610876 0.03730977
v 0.04333114 -0.02613516 0.03728334
v 0.04333114 -0.02607354 0.03734499
v 0.04333114 -0.02603832 0.03738021
v 0.04333114 -0.02602071 0.03739782
v 0.04333114 -0.02598549 0.03743304
v 0.04333114 -0.02596785 0.03745065
v 0.04333114 -0.02593263 0.03748587
v 0.04333114 -0.02589741 0.03752109
v 0.04333114 -0.02587980 0.03753870
v 0.04333114 -0.02584320 0.03757224
v 0.04333114 -0.02585340 0.03756510
v 0.04333114 -0.02586219 0.03755631
v 0.04333114 -0.02582280 0.03758655
v 0.04333114 -0.02578200 0.03761511
v 0.04333114 -0.02574120 0.03764367
v 0.04333114 -0.02572080 0.03765795
v 0.04333114 -0.02568000 0.03768654
v 0.04333114 -0.02565960 0.03770082
v 0.04333114 -0.02561880 0.03772938
v 0.04333114 -0.02557800 0.03775794
v 0.04333114 -0.02552700 0.03779367
v 0.04333114 -0.02553720 0.03778653
v 0.04333114 -0.02555760 0.03777225
v 0.04333114 -0.02551569 0.03779892
v 0.04333114 -0.02549313 0.03780945
v 0.04333114 -0.02547057 0.03781998
v 0.04333114 -0.02542542 0.03784104
v 0.04333114 -0.02538027 0.03786207
v 0.04333114 -0.02535771 0.03787260
v 0.04333114 -0.02529000 0.03790419
v 0.04333114 -0.02531256 0.03789366
v 0.04333114 -0.02524485 0.03792522
v 0.04333114 -0.02519970 0.03794628
v 0.04333114 -0.02516583 0.03796206
v 0.04333114 -0.02517714 0.03795681
v 0.04333114 -0.02515380 0.03796530
v 0.04333114 -0.02512977 0.03797175
v 0.04333114 -0.02508165 0.03798462
v 0.04333114 -0.02503353 0.03799752
v 0.04333114 -0.02500947 0.03800397
v 0.04333114 -0.02496138 0.03801687
v 0.04333114 -0.02493732 0.03802329
v 0.04333114 -0.02488920 0.03803619
v 0.04333114 -0.02484108 0.03804909
v 0.04333114 -0.02481702 0.03805554
v 0.04333114 -0.02479296 0.03806199
v 0.04333114 -0.02474373 0.03806847
v 0.04333114 -0.02478096 0.03806520
v 0.04333114 -0.02476854 0.03806628
v 0.04333114 -0.02471892 0.03807063
v 0.04333114 -0.02466930 0.03807498
v 0.04333114 -0.02461968 0.03807930
v 0.04333114 -0.02459487 0.03808149
v 0.04333114 -0.02454525 0.03808581
v 0.04333114 -0.02452044 0.03808800
v 0.04333114 -0.02447082 0.03809232
v 0.04333114 -0.02438397 0.03809994
v 0.04333114 -0.02442120 0.03809667
v 0.04333114 -0.02439639 0.03809886
v 0.04227118 -0.02351454 0.03809994
v 0.04015126 -0.02177562 0.03809994
v 0.03803134 -0.02003670 0.03809994
v 0.03823546 -0.01514454 0.03591366
v 0.03821878 -0.01516119 0.03610683
v 0.03818581 -0.01519416 0.03629790
v 0.03813676 -0.01524321 0.03648546
v 0.03807199 -0.01530798 0.03666822
v 0.03799198 -0.01538799 0.03684483
v 0.03671263 -0.01666737 0.03796956
v 0.03706573 -0.01631427 0.03781008
v 0.03738679 -0.01599318 0.03759327
v 0.03766669 -0.01571331 0.03732537
v 0.03789727 -0.01548270 0.03701403
v 0.03778858 -0.01559139 0.03717459
v 0.04766500 -0.01742835 0.03809994
v 0.04747198 -0.01723533 0.03808353
v 0.04872064 -0.01786308 0.03809994
v 0.05111599 -0.01916727 0.03809994
v 0.05320957 -0.01786308 0.03809994
v 0.05747575 -0.02667000 0.02952744
v 0.07162039 -0.02667000 0.03267069
v 0.05747575 -0.02667000 0.03371844
v 0.05747575 -0.02667000 0.03581394
v 0.05747575 -0.02666781 0.03583875
v 0.05747575 -0.02665914 0.03593799
v 0.05747575 -0.02665479 0.03598761
v 0.05747575 -0.02665044 0.03603723
v 0.05747575 -0.02664177 0.03613647
v 0.05747575 -0.02663742 0.03618609
v 0.05747575 -0.02662881 0.03623496
v 0.05747575 -0.02663526 0.03621090
v 0.05747575 -0.02661591 0.03628305
v 0.05747575 -0.02659014 0.03637929
v 0.05747575 -0.02657724 0.03642741
v 0.05747575 -0.02656434 0.03647550
v 0.05747575 -0.02653857 0.03657174
v 0.05747575 -0.02653212 0.03659580
v 0.05747575 -0.02652159 0.03661836
v 0.05747575 -0.02647950 0.03670866
v 0.05747575 -0.02645844 0.03675378
v 0.05747575 -0.02643741 0.03679893
v 0.05747575 -0.02639529 0.03688923
v 0.05747575 -0.02637426 0.03693435
v 0.05747575 -0.02636373 0.03695694
v 0.05747575 -0.02634945 0.03697734
v 0.05747575 -0.02629230 0.03705894
v 0.05747575 -0.02626374 0.03709974
v 0.05747575 -0.02623515 0.03714054
v 0.05747575 -0.02617803 0.03722214
v 0.05747575 -0.02614944 0.03726294
v 0.05747575 -0.02613516 0.03728334
v 0.05747575 -0.02611755 0.03730095
v 0.05747575 -0.02604711 0.03737139
v 0.05747575 -0.02601189 0.03740661
v 0.05747575 -0.02597667 0.03744183
v 0.05747575 -0.02590623 0.03751227
v 0.05747575 -0.02585340 0.03756510
v 0.05747575 -0.02587101 0.03754749
v 0.05747575 -0.02583300 0.03757938
v 0.05747575 -0.02575140 0.03763653
v 0.05747575 -0.02571060 0.03766509
v 0.05747575 -0.02566980 0.03769368
v 0.05747575 -0.02558820 0.03775080
v 0.05747575 -0.02552700 0.03779367
v 0.05747575 -0.02554740 0.03777939
v 0.05747575 -0.02550441 0.03780420
v 0.05747575 -0.02545929 0.03782523
v 0.05747575 -0.02536899 0.03786735
v 0.05747575 -0.02532384 0.03788838
v 0.05747575 -0.02527869 0.03790944
v 0.05747575 -0.02516586 0.03796206
v 0.05747575 -0.02518842 0.03795153
v 0.05747575 -0.02514180 0.03796851
v 0.05747575 -0.02504556 0.03799431
v 0.05747575 -0.02499744 0.03800718
v 0.05747575 -0.02494935 0.03802008
v 0.05747575 -0.02485311 0.03804588
v 0.05747575 -0.02480502 0.03805875
v 0.05747575 -0.02478096 0.03806520
v 0.05747575 -0.02475615 0.03806736
v 0.05747575 -0.02470653 0.03807171
v 0.05747575 -0.02460729 0.03808041
v 0.05747575 -0.02455767 0.03808473
v 0.05747575 -0.02450805 0.03808908
v 0.05747575 -0.02440881 0.03809775
v 0.05747575 -0.02438400 0.03809994
v 0.05535583 -0.02264508 0.03809994
v 0.07162039 -0.02667000 0.03476619
v 0.07162039 -0.02667000 0.03581394
v 0.07162039 -0.02666892 0.03582633
v 0.07162039 -0.02666457 0.03587595
v 0.07162039 -0.02665590 0.03597519
v 0.07162039 -0.02665371 0.03600000
v 0.07162039 -0.02665155 0.03602481
v 0.07162039 -0.02664720 0.03607443
v 0.07162039 -0.02663853 0.03617367
v 0.07162039 -0.02663634 0.03619848
v 0.07162039 -0.02663205 0.03622293
v 0.07162039 -0.02663526 0.03621090
v 0.07162039 -0.02662560 0.03624699
v 0.07312500 -0.02667000 0.03581394
v 0.07312500 -0.02666515 0.03586935
v 0.07312500 -0.02663526 0.03621090
v 0.07162039 -0.02659980 0.03634320
v 0.07162039 -0.02658048 0.03641538
v 0.07162039 -0.02658693 0.03639132
v 0.07162039 -0.02657403 0.03643941
v 0.07162039 -0.02654823 0.03653565
v 0.07162039 -0.02652687 0.03660708
v 0.07162039 -0.02653212 0.03659580
v 0.07162039 -0.02653536 0.03658377
v 0.07162039 -0.02650581 0.03665223
v 0.07162039 -0.02646372 0.03674250
v 0.07162039 -0.02645319 0.03676506
v 0.07162039 -0.02644266 0.03678765
v 0.07162039 -0.02642163 0.03683280
v 0.07312500 -0.02659809 0.03634960
v 0.07312500 -0.02660357 0.03632912
v 0.07312500 -0.02657506 0.03643557
v 0.07312500 -0.02654652 0.03654205
v 0.07312500 -0.02653212 0.03659580
v 0.07312500 -0.02650861 0.03664623
v 0.07312500 -0.02649965 0.03666544
v 0.07162039 -0.02637951 0.03692307
v 0.07162039 -0.02636898 0.03694566
v 0.07162039 -0.02636373 0.03695694
v 0.07162039 -0.02635659 0.03696714
v 0.07162039 -0.02632803 0.03700794
v 0.07162039 -0.02627088 0.03708954
v 0.07162039 -0.02625660 0.03710994
v 0.07162039 -0.02624232 0.03713034
v 0.07162039 -0.02621373 0.03717114
v 0.07162039 -0.02615661 0.03725274
v 0.07162039 -0.02614230 0.03727314
v 0.07162039 -0.02613516 0.03728334
v 0.07162039 -0.02612637 0.03729216
v 0.07162039 -0.02609115 0.03732738
v 0.07162039 -0.02600310 0.03741543
v 0.07162039 -0.02602071 0.03739782
v 0.07162039 -0.02598549 0.03743304
v 0.07162039 -0.02595027 0.03746826
v 0.07312500 -0.02636373 0.03695694
v 0.07312500 -0.02613516 0.03728334
v 0.07312500 -0.02598643 0.03743210
v 0.07162039 -0.02587983 0.03753870
v 0.07162039 -0.02585340 0.03756510
v 0.07162039 -0.02586222 0.03755631
v 0.07162039 -0.02584320 0.03757224
v 0.07312500 -0.02585340 0.03756510
v 0.07162039 -0.02580240 0.03760083
v 0.07162039 -0.02570040 0.03767223
v 0.07162039 -0.02572080 0.03765795
v 0.07162039 -0.02568000 0.03768654
v 0.07162039 -0.02563920 0.03771510
v 0.07162039 -0.02552700 0.03779367
v 0.07162039 -0.02553720 0.03778653
v 0.07162039 -0.02555760 0.03777225
v 0.07162039 -0.02551572 0.03779892
v 0.07162039 -0.02549313 0.03780945
v 0.07162039 -0.02540286 0.03785154
v 0.07162039 -0.02535771 0.03787260
v 0.07162039 -0.02533515 0.03788313
v 0.07162039 -0.02531256 0.03789366
v 0.07162039 -0.02522229 0.03793575
v 0.07162039 -0.02516586 0.03796206
v 0.07162039 -0.02517714 0.03795681
v 0.07162039 -0.02515383 0.03796530
v 0.07162039 -0.02510571 0.03797817
v 0.07162039 -0.02500950 0.03800397
v 0.07312500 -0.02552700 0.03779367
v 0.07312500 -0.02516586 0.03796206
v 0.07056043 -0.02351454 0.03809994
v 0.07162039 -0.02496138 0.03801687
v 0.07162039 -0.02498544 0.03801042
v 0.07162039 -0.02491326 0.03802974
v 0.07162039 -0.02481705 0.03805554
v 0.07162039 -0.02479299 0.03806199
v 0.07162039 -0.02478096 0.03806520
v 0.07162039 -0.02476854 0.03806628
v 0.07162039 -0.02474373 0.03806847
v 0.07162039 -0.02464449 0.03807714
v 0.07162039 -0.02459487 0.03808149
v 0.07162039 -0.02457006 0.03808365
v 0.07162039 -0.02454525 0.03808581
v 0.07162039 -0.02444601 0.03809451
v 0.07162039 -0.02438400 0.03809994
v 0.07162039 -0.02439639 0.03809886
v 0.07312500 -0.02478096 0.03806520
v 0.07312500 -0.02457138 0.03808353
v 0.07312500 -0.02443941 0.03809509
v 0.07312500 -0.02438400 0.03809994
v 0.06844051 -0.02177562 0.03809994
v 0.05937835 -0.01742835 0.03809994
v 0.05899234 -0.01704231 0.03806709
v 0.06148963 -0.01829781 0.03809994
v 0.05709454 -0.01514454 0.03591366
v 0.05711119 -0.01516119 0.03610683
v 0.05714419 -0.01519416 0.03629790
v 0.05719324 -0.01524321 0.03648546
v 0.05725801 -0.01530798 0.03666822
v 0.05733802 -0.01538802 0.03684483
v 0.05826427 -0.01631427 0.03781008
v 0.05794318 -0.01599318 0.03759327
v 0.05861737 -0.01666737 0.03796956
v 0.05743270 -0.01548270 0.03701403
v 0.05754139 -0.01559139 0.03717459
v 0.05766334 -0.01571331 0.03732537
v 0.06907183 -0.01916727 0.03809994
v 0.07286293 -0.01960200 0.03809994
v 0.07312500 -0.01843734 0.03809994
v 0.07046755 -0.01829781 0.03809994
v 0.07257169 -0.01742835 0.03809994
v 0.03860143 -0.00720630 0.02753166
v 0.05636260 -0.00073191 0.01914966
v 0.03822712 -0.00000831 0.03601023
v 0.03820231 -0.00001647 0.03620235
v 0.03816127 -0.00002451 0.03639168
v 0.03810439 -0.00003237 0.03657684
v 0.03803200 -0.00003999 0.03675654
v 0.03799198 0.00000000 0.03684483
v 0.03789727 0.00000000 0.03701403
v 0.03784294 -0.00005433 0.03709431
v 0.03772762 -0.00006093 0.03724998
v 0.03671263 0.00000000 0.03796956
v 0.07257169 -0.00871419 0.03809994
v 0.05709454 0.00000000 0.03591366
v 0.05711119 0.00000000 0.03610683
v 0.05714419 0.00000000 0.03629790
v 0.05719324 0.00000000 0.03648546
v 0.05725801 0.00000000 0.03666822
v 0.05733802 0.00000000 0.03684483
v 0.05743270 0.00000000 0.03701403
v 0.05754142 0.00000000 0.03717459
v 0.05760238 -0.00006093 0.03724998
v 0.05766334 0.00000000 0.03732537
v 0.05780326 -0.00013992 0.03745932
v 0.05794318 0.00000000 0.03759327
v 0.05810374 -0.00016053 0.03770169
v 0.05826430 0.00000000 0.03781008
v 0.05844082 -0.00017655 0.03788982
v 0.05880487 -0.00018747 0.03801834
v 0.05861737 0.00000000 0.03796956
v 0.05899234 0.00000000 0.03806709
v 0.05918536 -0.00019302 0.03808353
v 0.05937838 0.00000000 0.03809994
v 0.07257169 0.00000000 0.03809994
v 0.00004000 0.00000003 -0.00000006
v 0.01872775 0.00798228 -0.00000006
v 0.00004000 0.01596453 -0.00000006
v 0.00634132 0.01701696 -0.00000006
v 0.00882721 0.01912185 -0.00000006
v 0.00089728 0.02438403 -0.00000006
v 0.00089728 0.02440884 0.00000210
v 0.00089728 0.02445846 0.00000645
v 0.00089728 0.02450808 0.00001077
v 0.00089728 0.02460732 0.00001947
v 0.00089728 0.02465694 0.00002382
v 0.00089728 0.02470656 0.00002814
v 0.00089728 0.02475618 0.00003249
v 0.00089728 0.02478099 0.00003465
v 0.00089728 0.02480505 0.00004110
v 0.00089728 0.02485317 0.00005400
v 0.00089728 0.02490126 0.00006690
v 0.00089728 0.02499750 0.00009267
v 0.00089728 0.02504562 0.00010557
v 0.00089728 0.02509371 0.00011847
v 0.00089728 0.02514183 0.00013134
v 0.00089728 0.02518845 0.00014832
v 0.00089728 0.02516589 0.00013779
v 0.00089728 0.02523360 0.00016938
v 0.00089728 0.02527875 0.00019041
v 0.00089728 0.02532390 0.00021147
v 0.00089728 0.02541417 0.00025356
v 0.00089728 0.02545932 0.00027462
v 0.00089728 0.02550447 0.00029568
v 0.00089728 0.02552703 0.00030621
v 0.00089728 0.02554743 0.00032049
v 0.00089728 0.02558823 0.00034905
v 0.00089728 0.02562903 0.00037761
v 0.00089728 0.02566983 0.00040620
v 0.00089728 0.02575143 0.00046332
v 0.00089728 0.02579226 0.00049191
v 0.00089728 0.02583306 0.00052047
v 0.00089728 0.02585346 0.00053475
v 0.00089728 0.02587107 0.00055236
v 0.00089728 0.02590629 0.00058758
v 0.00089728 0.02594151 0.00062280
v 0.00089728 0.02601195 0.00069324
v 0.00089728 0.02604717 0.00072846
v 0.00089728 0.02608239 0.00076368
v 0.00089728 0.02613522 0.00081651
v 0.00089728 0.02611761 0.00079890
v 0.00089728 0.02614950 0.00083691
v 0.00089728 0.02617806 0.00087771
v 0.00089728 0.02620665 0.00091851
v 0.00089728 0.02623521 0.00095931
v 0.00089728 0.02629233 0.00104094
v 0.00089728 0.02632092 0.00108174
v 0.00089728 0.02634948 0.00112254
v 0.00089728 0.02636376 0.00114294
v 0.00089728 0.02637429 0.00116550
v 0.00089728 0.02639535 0.00121065
v 0.00089728 0.02641638 0.00125580
v 0.00089728 0.02643744 0.00130092
v 0.00089728 0.02647953 0.00139122
v 0.00089728 0.02650059 0.00143637
v 0.00089728 0.02652165 0.00148149
v 0.00089728 0.02653215 0.00150408
v 0.00089728 0.02653860 0.00152814
v 0.00089728 0.02655150 0.00157623
v 0.00089728 0.02656440 0.00162435
v 0.00089728 0.02657727 0.00167247
v 0.00089728 0.02660307 0.00176868
v 0.00089728 0.02661597 0.00181680
v 0.00089728 0.02663529 0.00188898
v 0.00089728 0.02662884 0.00186492
v 0.00089728 0.02663748 0.00191379
v 0.00089728 0.02664180 0.00196341
v 0.00089728 0.02664615 0.00201303
v 0.00089728 0.02665050 0.00206265
v 0.00089728 0.02665917 0.00216189
v 0.00089728 0.02666352 0.00221151
v 0.00089728 0.02666787 0.00226113
v 0.00089728 0.02667003 0.00228594
v 0.00089728 0.02667003 0.00438144
v 0.01131307 0.02122671 -0.00000006
v 0.01255603 0.02227914 -0.00000006
v 0.01504189 0.02438403 -0.00000006
v 0.01504189 0.02439642 0.00000102
v 0.01504189 0.02442123 0.00000318
v 0.01504189 0.02444604 0.00000537
v 0.01504189 0.02447085 0.00000753
v 0.01504189 0.02452047 0.00001188
v 0.01504189 0.02457009 0.00001620
v 0.01504189 0.02461971 0.00002055
v 0.01504189 0.02464452 0.00002271
v 0.01504189 0.02469414 0.00002706
v 0.01504189 0.02471895 0.00002925
v 0.01504189 0.02478099 0.00003465
v 0.01504189 0.02474376 0.00003141
v 0.01504189 0.02476857 0.00003357
v 0.01504189 0.02479302 0.00003789
v 0.01504189 0.02484111 0.00005079
v 0.01504189 0.02481708 0.00004434
v 0.01504189 0.02486517 0.00005721
v 0.01504189 0.02491329 0.00007011
v 0.01504189 0.02496141 0.00008301
v 0.01504189 0.02503356 0.00010233
v 0.01504189 0.02500953 0.00009591
v 0.01504189 0.02508168 0.00011523
v 0.01504189 0.02510574 0.00012168
v 0.01504189 0.02515386 0.00013458
v 0.01504189 0.02512980 0.00012813
v 0.01504189 0.02517717 0.00014307
v 0.01504189 0.02516589 0.00013779
v 0.01504189 0.02519973 0.00015357
v 0.01504189 0.02524488 0.00017463
v 0.01504189 0.02522232 0.00016410
v 0.01504189 0.02531259 0.00020622
v 0.01504189 0.02529003 0.00019569
v 0.01504189 0.02535774 0.00022725
v 0.01504189 0.02540289 0.00024831
v 0.01504189 0.02547060 0.00027987
v 0.01504189 0.02544801 0.00026937
v 0.01504189 0.02549316 0.00029040
v 0.01504189 0.02551575 0.00030093
v 0.01504189 0.02552703 0.00030621
v 0.01504189 0.02555763 0.00032763
v 0.01504189 0.02553723 0.00031335
v 0.01504189 0.02557803 0.00034191
v 0.01504189 0.02559843 0.00035619
v 0.01504189 0.02563923 0.00038475
v 0.01504189 0.02565963 0.00039906
v 0.01504189 0.02570043 0.00042762
v 0.01504189 0.02574123 0.00045618
v 0.01504189 0.02578203 0.00048477
v 0.01504189 0.02580243 0.00049905
v 0.01504189 0.02582283 0.00051333
v 0.01504189 0.02586225 0.00054357
v 0.01504189 0.02585343 0.00053475
v 0.01504189 0.02584323 0.00052761
v 0.01504189 0.02587986 0.00056118
v 0.01504189 0.02589747 0.00057879
v 0.01504189 0.02591508 0.00059640
v 0.01504189 0.02595030 0.00063162
v 0.01504189 0.02598552 0.00066684
v 0.01504189 0.02602074 0.00070206
v 0.01504189 0.02603835 0.00071967
v 0.01504189 0.02607357 0.00075489
v 0.01504189 0.02609118 0.00077250
v 0.01504189 0.02613522 0.00081651
v 0.01504189 0.02610879 0.00079011
v 0.01504189 0.02612640 0.00080772
v 0.01504189 0.02614236 0.00082671
v 0.01504189 0.02615664 0.00084711
v 0.01504189 0.02618520 0.00088791
v 0.01504189 0.02617092 0.00086751
v 0.01504189 0.02621376 0.00092871
v 0.01504189 0.02622807 0.00094911
v 0.01504189 0.02625663 0.00098994
v 0.01504189 0.02628519 0.00103074
v 0.01504189 0.02631375 0.00107154
v 0.01504189 0.02634234 0.00111234
v 0.01504189 0.02632806 0.00109194
v 0.01504189 0.02635662 0.00113274
v 0.01504189 0.02636376 0.00114294
v 0.01504189 0.02636901 0.00115422
v 0.01504189 0.02637954 0.00117678
v 0.01504189 0.02639007 0.00119937
v 0.01504189 0.02640060 0.00122193
v 0.01504189 0.02642166 0.00126708
v 0.01504189 0.02643216 0.00128964
v 0.01504189 0.02645322 0.00133479
v 0.01504189 0.02647428 0.00137994
v 0.01504189 0.02649531 0.00142506
v 0.01504189 0.02650584 0.00144765
v 0.01504189 0.02651637 0.00147021
v 0.01504189 0.02652690 0.00149280
v 0.01504189 0.02653539 0.00151611
v 0.01504189 0.02653215 0.00150408
v 0.01504189 0.02654184 0.00154017
v 0.01504189 0.02655471 0.00158826
v 0.01504189 0.02654826 0.00156420
v 0.01504189 0.02656761 0.00163638
v 0.01504189 0.02657406 0.00166044
v 0.01504189 0.02658696 0.00170856
v 0.01504189 0.02659983 0.00175665
v 0.01504189 0.02661273 0.00180477
v 0.01504189 0.02662563 0.00185289
v 0.01504189 0.02661918 0.00182883
v 0.01504189 0.02663529 0.00188898
v 0.01504189 0.02663208 0.00187695
v 0.01504189 0.02663856 0.00192618
v 0.01504189 0.02663637 0.00190137
v 0.01504189 0.02664072 0.00195099
v 0.01504189 0.02664288 0.00197580
v 0.01504189 0.02664723 0.00202542
v 0.01504189 0.02664939 0.00205023
v 0.01504189 0.02665374 0.00209985
v 0.01504189 0.02665809 0.00214947
v 0.01504189 0.02666244 0.00219909
v 0.01504189 0.02666460 0.00222390
v 0.01504189 0.02666676 0.00224871
v 0.01504189 0.02666895 0.00227352
v 0.01504189 0.02667003 0.00228594
v 0.01504189 0.02667003 0.00333369
v 0.00089728 0.02667003 0.00857244
v 0.01504189 0.02667003 0.00542919
v 0.01504189 0.02667003 0.00752469
v 0.01872775 0.01596453 -0.00000006
v 0.02187841 0.01649076 -0.00000006
v 0.02817973 0.01754319 -0.00000006
v 0.02421478 0.02017428 -0.00000006
v 0.02918653 0.02438403 -0.00000006
v 0.02918653 0.02443365 0.00000426
v 0.02918653 0.02453289 0.00001296
v 0.02918653 0.02463213 0.00002163
v 0.02918653 0.02473137 0.00003033
v 0.02918653 0.02478099 0.00003465
v 0.02918653 0.02482908 0.00004755
v 0.02918653 0.02492532 0.00007335
v 0.02918653 0.02502153 0.00009912
v 0.02918653 0.02511777 0.00012489
v 0.02918653 0.02516589 0.00013779
v 0.02918653 0.02521101 0.00015885
v 0.02918653 0.02530131 0.00020094
v 0.02918653 0.02539158 0.00024306
v 0.02918653 0.02548188 0.00028515
v 0.02918653 0.02552703 0.00030621
v 0.02918653 0.02556783 0.00033477
v 0.02918653 0.02564943 0.00039192
v 0.02918653 0.02573103 0.00044904
v 0.02918653 0.02581263 0.00050619
v 0.02918653 0.02585343 0.00053475
v 0.02918653 0.02588865 0.00056997
v 0.02918653 0.02595909 0.00064041
v 0.02918653 0.02602953 0.00071085
v 0.02918653 0.02613519 0.00081651
v 0.02918653 0.02609997 0.00078129
v 0.02918653 0.02616378 0.00085731
v 0.02918653 0.02622090 0.00093891
v 0.02918653 0.02627805 0.00102054
v 0.02918653 0.02633520 0.00110214
v 0.02918653 0.02636376 0.00114294
v 0.02918653 0.02638482 0.00118806
v 0.02918653 0.02642691 0.00127836
v 0.02918653 0.02646900 0.00136866
v 0.02918653 0.02651109 0.00145893
v 0.02918653 0.02653215 0.00150408
v 0.02918653 0.02654505 0.00155220
v 0.02918653 0.02657082 0.00164841
v 0.02918653 0.02659662 0.00174465
v 0.02918653 0.02662239 0.00184086
v 0.02918653 0.02663529 0.00188898
v 0.02918653 0.02663964 0.00193860
v 0.02918653 0.02664831 0.00203784
v 0.02918653 0.02665701 0.00213708
v 0.02918653 0.02666568 0.00223632
v 0.02918653 0.02667003 0.00228594
v 0.02918653 0.02667003 0.00647694
v 0.00089728 0.02667003 0.01276344
v 0.01504189 0.02667003 0.00962019
v 0.01504189 0.02667003 0.01381119
v 0.01504189 0.02667003 0.01800219
v 0.02918653 0.02667003 0.01485894
v 0.03741550 0.00000003 -0.00000006
v 0.03778294 0.00000003 0.00002967
v 0.03814087 0.00000003 0.00011805
v 0.03847990 0.00000003 0.00026286
v 0.03879124 0.00000003 0.00046026
v 0.03906682 0.00000003 0.00070512
v 0.03934858 0.00004914 0.00106920
v 0.03944041 0.00004269 0.00122904
v 0.03955498 0.00000003 0.00148068
v 0.03958396 0.00002901 0.00156825
v 0.03961294 0.00000003 0.00165582
v 0.03963478 0.00002184 0.00174543
v 0.03965659 0.00000003 0.00183507
v 0.03967114 0.00001455 0.00192615
v 0.03968566 0.00000003 0.00201723
v 0.03969931 0.00000003 0.00238566
v 0.05701963 0.00016953 0.00019047
v 0.05640097 0.00013779 0.00058269
v 0.05669443 0.00015570 0.00036156
v 0.05614687 0.00011634 0.00084813
v 0.05736811 0.00017895 0.00007386
v 0.05773078 0.00018375 0.00001479
v 0.05581099 0.00003597 0.00139575
v 0.05569522 0.00002184 0.00174543
v 0.05567341 0.00000003 0.00183507
v 0.05563039 0.00000030 0.00229341
v 0.05563069 0.00000003 0.00238566
v 0.07183975 0.00798225 -0.00000006
v 0.03847990 0.01490013 0.00026286
v 0.03879124 0.01458879 0.00046026
v 0.03929947 0.01408056 0.00099114
v 0.03939772 0.01398231 0.00114726
v 0.03906682 0.01431321 0.00070512
v 0.03948310 0.01389693 0.00131079
v 0.03955498 0.01382505 0.00148068
v 0.03961294 0.01376709 0.00165582
v 0.03965662 0.01372344 0.00183507
v 0.03968566 0.01369437 0.00201723
v 0.03969994 0.01368009 0.00220116
v 0.03814087 0.01523916 0.00011805
v 0.03778297 0.01559706 0.00002967
v 0.03741550 0.01596453 -0.00000006
v 0.03969931 0.01368069 0.00238566
v 0.03711646 0.01912185 -0.00000006
v 0.04991005 0.01649073 -0.00000006
v 0.05458198 0.01649073 -0.00000006
v 0.05001814 0.01806939 -0.00000006
v 0.03960232 0.02122671 -0.00000006
v 0.04208821 0.02333157 -0.00000006
v 0.04333114 0.02438400 -0.00000006
v 0.04333114 0.02439642 0.00000102
v 0.04333114 0.02442123 0.00000318
v 0.04333114 0.02447085 0.00000753
v 0.04333114 0.02452047 0.00001188
v 0.04333114 0.02454528 0.00001404
v 0.04333114 0.02459490 0.00001839
v 0.04333114 0.02461971 0.00002055
v 0.04333114 0.02466933 0.00002490
v 0.04333114 0.02471895 0.00002925
v 0.04333114 0.02474376 0.00003141
v 0.04333114 0.02476857 0.00003357
v 0.04333114 0.02478096 0.00003465
v 0.04333114 0.02479299 0.00003789
v 0.04333114 0.02481705 0.00004434
v 0.04333114 0.02486517 0.00005721
v 0.04333114 0.02491329 0.00007011
v 0.04333114 0.02493735 0.00007656
v 0.04333114 0.02498544 0.00008946
v 0.04333114 0.02500950 0.00009591
v 0.04333114 0.02505762 0.00010878
v 0.04333114 0.02510574 0.00012168
v 0.04333114 0.02515386 0.00013458
v 0.04333114 0.02512980 0.00012813
v 0.04333114 0.02517717 0.00014307
v 0.04333114 0.02516586 0.00013779
v 0.04333114 0.02519973 0.00015357
v 0.04333114 0.02522229 0.00016410
v 0.04333114 0.02526744 0.00018516
v 0.04333114 0.02531259 0.00020622
v 0.04333114 0.02533515 0.00021672
v 0.04333114 0.02540286 0.00024831
v 0.04333114 0.02538030 0.00023778
v 0.04333114 0.02544801 0.00026937
v 0.04333114 0.02549316 0.00029040
v 0.04333114 0.02551572 0.00030093
v 0.04333114 0.02552700 0.00030621
v 0.04333114 0.02555763 0.00032763
v 0.04333114 0.02553723 0.00031335
v 0.04333114 0.02557803 0.00034191
v 0.04333114 0.02561883 0.00037047
v 0.04333114 0.02565963 0.00039906
v 0.04333114 0.02568003 0.00041334
v 0.04333114 0.02572083 0.00044190
v 0.04333114 0.02574123 0.00045618
v 0.04333114 0.02578203 0.00048477
v 0.04333114 0.02582283 0.00051333
v 0.04333114 0.02585343 0.00053475
v 0.04333114 0.02584323 0.00052761
v 0.04333114 0.02586225 0.00054357
v 0.04333114 0.02587986 0.00056118
v 0.04333114 0.02591508 0.00059640
v 0.04333114 0.02595030 0.00063162
v 0.04333114 0.02596791 0.00064923
v 0.04333114 0.02600313 0.00068445
v 0.04333114 0.02602074 0.00070206
v 0.04333114 0.02605596 0.00073728
v 0.04333114 0.02609118 0.00077250
v 0.04333114 0.02613519 0.00081651
v 0.04333114 0.02610879 0.00079011
v 0.04333114 0.02612640 0.00080772
v 0.04333114 0.02614233 0.00082671
v 0.04333114 0.02615664 0.00084711
v 0.04333114 0.02617092 0.00086751
v 0.04333114 0.02619948 0.00090831
v 0.04333114 0.02622804 0.00094911
v 0.04333114 0.02624232 0.00096951
v 0.04333114 0.02628519 0.00103074
v 0.04333114 0.02627091 0.00101034
v 0.04333114 0.02631375 0.00107154
v 0.04333114 0.02634231 0.00111234
v 0.04333114 0.02635662 0.00113274
v 0.04333114 0.02636376 0.00114294
v 0.04333114 0.02636901 0.00115422
v 0.04333114 0.02637954 0.00117678
v 0.04333114 0.02639007 0.00119937
v 0.04333114 0.02641110 0.00124449
v 0.04333114 0.02643216 0.00128964
v 0.04333114 0.02644269 0.00131223
v 0.04333114 0.02646375 0.00135735
v 0.04333114 0.02647425 0.00137994
v 0.04333114 0.02649531 0.00142506
v 0.04333114 0.02651637 0.00147021
v 0.04333114 0.02652690 0.00149280
v 0.04333114 0.02653536 0.00151611
v 0.04333114 0.02653215 0.00150408
v 0.04333114 0.02654181 0.00154017
v 0.04333114 0.02654826 0.00156420
v 0.04333114 0.02656116 0.00161232
v 0.04333114 0.02657406 0.00166044
v 0.04333114 0.02658048 0.00168450
v 0.04333114 0.02659338 0.00173262
v 0.04333114 0.02659983 0.00175665
v 0.04333114 0.02661273 0.00180477
v 0.04333114 0.02662560 0.00185289
v 0.04333114 0.02663529 0.00188898
v 0.04333114 0.02663205 0.00187695
v 0.04333114 0.02663637 0.00190137
v 0.04333114 0.02663853 0.00192618
v 0.04333114 0.02664072 0.00195099
v 0.04333114 0.02664504 0.00200061
v 0.04333114 0.02664939 0.00205023
v 0.04333114 0.02665155 0.00207504
v 0.04333114 0.02665590 0.00212466
v 0.04333114 0.02665809 0.00214947
v 0.04333114 0.02666241 0.00219909
v 0.04333114 0.02666676 0.00224871
v 0.04333114 0.02666892 0.00227352
v 0.04333114 0.02667000 0.00228594
v 0.04333114 0.02667000 0.00333369
v 0.04333114 0.02667000 0.00542919
v 0.05593228 0.01398228 0.00114726
v 0.05603056 0.01408056 0.00099114
v 0.05685013 0.01490013 0.00026286
v 0.05653876 0.01458876 0.00046026
v 0.05626321 0.01431321 0.00070512
v 0.05584693 0.01389693 0.00131079
v 0.05577505 0.01382505 0.00148068
v 0.05571706 0.01376706 0.00165582
v 0.05567341 0.01372344 0.00183507
v 0.05564434 0.01369437 0.00201723
v 0.05563009 0.01368009 0.00220116
v 0.05718916 0.01523916 0.00011805
v 0.05754703 0.01559706 0.00002967
v 0.05791450 0.01596453 -0.00000006
v 0.05563069 0.01368069 0.00238566
v 0.06240457 0.01701696 -0.00000006
v 0.06995623 0.01649073 -0.00000006
v 0.07183975 0.01596453 -0.00000006
v 0.07251862 0.01649073 -0.00000006
v 0.07312500 0.01630957 -0.00000006
v 0.06870589 0.01806939 -0.00000006
v 0.07174846 0.01701696 -0.00000006
v 0.07312500 0.01710956 -0.00000006
v 0.07185655 0.01859562 -0.00000006
v 0.05498989 0.02227914 -0.00000006
v 0.05747578 0.02438400 -0.00000006
v 0.05747578 0.02440881 0.00000210
v 0.05747578 0.02450805 0.00001077
v 0.05747578 0.02455767 0.00001512
v 0.05747578 0.02460729 0.00001947
v 0.05747578 0.02470653 0.00002814
v 0.05747578 0.02475615 0.00003249
v 0.05747578 0.02478096 0.00003465
v 0.05747578 0.02480502 0.00004110
v 0.05747578 0.02490126 0.00006690
v 0.05747578 0.02494935 0.00007977
v 0.05747578 0.02499747 0.00009267
v 0.05747578 0.02509371 0.00011847
v 0.05747578 0.02514180 0.00013134
v 0.05747578 0.02518845 0.00014832
v 0.05747578 0.02516586 0.00013779
v 0.05747578 0.02523357 0.00016938
v 0.05747578 0.02532387 0.00021147
v 0.05747578 0.02541414 0.00025356
v 0.05747578 0.02536902 0.00023253
v 0.05747578 0.02550444 0.00029568
v 0.05747578 0.02554740 0.00032049
v 0.05747578 0.02552700 0.00030621
v 0.05747578 0.02558820 0.00034905
v 0.05747578 0.02566983 0.00040620
v 0.05747578 0.02571063 0.00043476
v 0.05747578 0.02575143 0.00046332
v 0.05747578 0.02583303 0.00052047
v 0.05747578 0.02585343 0.00053475
v 0.05747578 0.02587104 0.00055236
v 0.05747578 0.02594148 0.00062280
v 0.05747578 0.02597670 0.00065802
v 0.05747578 0.02601192 0.00069324
v 0.05747578 0.02608236 0.00076368
v 0.05747578 0.02613519 0.00081651
v 0.05747578 0.02611758 0.00079890
v 0.05747578 0.02614947 0.00083691
v 0.05747578 0.02617806 0.00087771
v 0.05747578 0.02623518 0.00095931
v 0.05747578 0.02626374 0.00100014
v 0.05747578 0.02629233 0.00104094
v 0.05747578 0.02634945 0.00112254
v 0.05747578 0.02636376 0.00114294
v 0.05747578 0.02637426 0.00116550
v 0.05747578 0.02639532 0.00121065
v 0.05747578 0.02643741 0.00130092
v 0.05747578 0.02645847 0.00134607
v 0.05747578 0.02647953 0.00139122
v 0.05747578 0.02652162 0.00148149
v 0.05747578 0.02653215 0.00150408
v 0.05747578 0.02653860 0.00152814
v 0.05747578 0.02655147 0.00157623
v 0.05747578 0.02657727 0.00167247
v 0.05747578 0.02659017 0.00172059
v 0.05747578 0.02660304 0.00176868
v 0.05747578 0.02663529 0.00188898
v 0.05747578 0.02662884 0.00186492
v 0.05747578 0.02663745 0.00191379
v 0.05747578 0.02664180 0.00196341
v 0.05747578 0.02665047 0.00206265
v 0.05747578 0.02665482 0.00211227
v 0.05747578 0.02665917 0.00216189
v 0.05747578 0.02666784 0.00226113
v 0.05747578 0.02667000 0.00228594
v 0.05747578 0.02667000 0.00438144
v 0.06789157 0.02122671 -0.00000006
v 0.07037746 0.02333157 -0.00000006
v 0.07162039 0.02438400 -0.00000006
v 0.07162039 0.02439642 0.00000102
v 0.07162039 0.02444604 0.00000537
v 0.07162039 0.02454528 0.00001404
v 0.07162039 0.02457009 0.00001620
v 0.07162039 0.02459490 0.00001839
v 0.07162039 0.02464452 0.00002271
v 0.07162039 0.02474376 0.00003141
v 0.07162039 0.02476857 0.00003357
v 0.07162039 0.02478096 0.00003465
v 0.07162039 0.02479299 0.00003789
v 0.07162039 0.02484111 0.00005079
v 0.07162039 0.02493732 0.00007656
v 0.07162039 0.02496138 0.00008301
v 0.07162039 0.02498544 0.00008946
v 0.07312500 0.02438400 -0.00000006
v 0.07312500 0.02454924 0.00001439
v 0.07312500 0.02478096 0.00003465
v 0.07162039 0.02503356 0.00010233
v 0.07162039 0.02512977 0.00012813
v 0.07162039 0.02515383 0.00013458
v 0.07162039 0.02517714 0.00014307
v 0.07162039 0.02516586 0.00013779
v 0.07162039 0.02519973 0.00015357
v 0.07162039 0.02529000 0.00019569
v 0.07162039 0.02533515 0.00021672
v 0.07162039 0.02535771 0.00022725
v 0.07162039 0.02538030 0.00023778
v 0.07162039 0.02547057 0.00027987
v 0.07162039 0.02551572 0.00030093
v 0.07162039 0.02555760 0.00032763
v 0.07162039 0.02553720 0.00031335
v 0.07162039 0.02552700 0.00030621
v 0.07162039 0.02563920 0.00038475
v 0.07162039 0.02568003 0.00041334
v 0.07162039 0.02572083 0.00044190
v 0.07162039 0.02570043 0.00042762
v 0.07162039 0.02580243 0.00049905
v 0.07312500 0.02516586 0.00013779
v 0.07312500 0.02552700 0.00030621
v 0.07162039 0.02585343 0.00053475
v 0.07162039 0.02584323 0.00052761
v 0.07162039 0.02586222 0.00054357
v 0.07162039 0.02589744 0.00057879
v 0.07312500 0.02585343 0.00053475
v 0.07162039 0.02596788 0.00064923
v 0.07162039 0.02598549 0.00066684
v 0.07162039 0.02600310 0.00068445
v 0.07162039 0.02603832 0.00071967
v 0.07162039 0.02612637 0.00080772
v 0.07162039 0.02613519 0.00081651
v 0.07162039 0.02610876 0.00079011
v 0.07162039 0.02614233 0.00082671
v 0.07162039 0.02615661 0.00084711
v 0.07162039 0.02621376 0.00092871
v 0.07162039 0.02624232 0.00096951
v 0.07162039 0.02625660 0.00098994
v 0.07162039 0.02627088 0.00101034
v 0.07162039 0.02632803 0.00109194
v 0.07162039 0.02635659 0.00113274
v 0.07162039 0.02636373 0.00114294
v 0.07162039 0.02636901 0.00115422
v 0.07162039 0.02637954 0.00117678
v 0.07312500 0.02613519 0.00081651
v 0.07312500 0.02624308 0.00097060
v 0.07312500 0.02636373 0.00114294
v 0.07162039 0.02642163 0.00126708
v 0.07162039 0.02644269 0.00131223
v 0.07162039 0.02645319 0.00133479
v 0.07162039 0.02646372 0.00135735
v 0.07162039 0.02650584 0.00144765
v 0.07162039 0.02652687 0.00149280
v 0.07162039 0.02653536 0.00151611
v 0.07162039 0.02653215 0.00150408
v 0.07162039 0.02654181 0.00154017
v 0.07162039 0.02656758 0.00163638
v 0.07162039 0.02658048 0.00168450
v 0.07162039 0.02658693 0.00170856
v 0.07162039 0.02659338 0.00173262
v 0.07312500 0.02644325 0.00131343
v 0.07312500 0.02653215 0.00150408
v 0.07312500 0.02656929 0.00164278
v 0.07162039 0.02661915 0.00182883
v 0.07162039 0.02663526 0.00188898
v 0.07162039 0.02663205 0.00187695
v 0.07162039 0.02663637 0.00190137
v 0.07162039 0.02663853 0.00192618
v 0.07162039 0.02664720 0.00202542
v 0.07162039 0.02665155 0.00207504
v 0.07162039 0.02665374 0.00209985
v 0.07162039 0.02665590 0.00212466
v 0.07162039 0.02666457 0.00222390
v 0.07162039 0.02666892 0.00227352
v 0.07162039 0.02667000 0.00228594
v 0.07312500 0.02663526 0.00188898
v 0.07312500 0.02667000 0.00228594
v 0.07162039 0.02667000 0.00333369
v 0.07162039 0.02667000 0.00752469
v 0.04333114 0.02667000 0.00962019
v 0.04333114 0.02667000 0.01381119
v 0.04333114 0.02667000 0.01590669
v 0.05747578 0.02667000 0.01276344
v 0.05747578 0.02667000 0.01695444
v 0.07162039 0.02667000 0.01590669
v 0.07162039 0.02667000 0.01800219
v 0.00003997 0.00000003 0.03809994
v 0.01799581 0.00871422 0.03809994
v 0.02697373 0.00435711 0.03809994
v 0.03595162 0.00000003 0.03809994
v 0.03614464 0.00019305 0.03808353
v 0.03633769 0.00000003 0.03806709
v 0.03652516 0.00018750 0.03801834
v 0.00089728 0.02667003 0.02114544
v 0.01504189 0.02667003 0.02219319
v 0.00089728 0.02667003 0.02533644
v 0.01504189 0.02667003 0.02428869
v 0.01504189 0.02667003 0.02847969
v 0.02918653 0.02667003 0.02324094
v 0.00004000 0.01742841 0.03809994
v 0.00762217 0.01829784 0.03809994
v 0.01799581 0.01742838 0.03809994
v 0.00089728 0.02667003 0.02952744
v 0.01504189 0.02667003 0.03057519
v 0.01504189 0.02667003 0.03267069
v 0.00089728 0.02667003 0.03371844
v 0.00089728 0.02438403 0.03809994
v 0.00089728 0.02440884 0.03809775
v 0.00089728 0.02445846 0.03809343
v 0.00089728 0.02450808 0.03808908
v 0.00089728 0.02460732 0.03808041
v 0.00089728 0.02465694 0.03807606
v 0.00089728 0.02470656 0.03807171
v 0.00089728 0.02475618 0.03806736
v 0.00089728 0.02478099 0.03806520
v 0.00089728 0.02480505 0.03805875
v 0.00089728 0.02485317 0.03804588
v 0.00089728 0.02499750 0.03800718
v 0.00089728 0.02490126 0.03803298
v 0.00089728 0.02667003 0.03581394
v 0.00089728 0.02666787 0.03583875
v 0.00089728 0.02666352 0.03588837
v 0.00089728 0.02665917 0.03593799
v 0.00089728 0.02665050 0.03603723
v 0.00089728 0.02664615 0.03608685
v 0.00089728 0.02664180 0.03613647
v 0.00089728 0.02663748 0.03618609
v 0.00089728 0.02663529 0.03621090
v 0.00089728 0.02662884 0.03623496
v 0.00089728 0.02661597 0.03628305
v 0.00089728 0.02660307 0.03633117
v 0.00089728 0.02659017 0.03637929
v 0.00089728 0.02656440 0.03647550
v 0.00089728 0.02655150 0.03652362
v 0.00089728 0.02653860 0.03657174
v 0.00089728 0.02653215 0.03659580
v 0.00089728 0.02643744 0.03679893
v 0.00089728 0.02639535 0.03688923
v 0.00089728 0.02641638 0.03684408
v 0.00089728 0.02650059 0.03666351
v 0.00089728 0.02652165 0.03661836
v 0.00089728 0.02647953 0.03670866
v 0.00089728 0.02504562 0.03799431
v 0.00089728 0.02509371 0.03798141
v 0.00089728 0.02514183 0.03796851
v 0.00089728 0.02518845 0.03795153
v 0.00089728 0.02516589 0.03796206
v 0.00089728 0.02523360 0.03793050
v 0.00089728 0.02527875 0.03790944
v 0.00089728 0.02541417 0.03784629
v 0.00089728 0.02532390 0.03788838
v 0.00089728 0.02552703 0.03779367
v 0.00089728 0.02554743 0.03777939
v 0.00089728 0.02558823 0.03775080
v 0.00089728 0.02575143 0.03763653
v 0.00089728 0.02579226 0.03760797
v 0.00089728 0.02583306 0.03757938
v 0.00089728 0.02562903 0.03772224
v 0.00089728 0.02566983 0.03769368
v 0.00089728 0.02545932 0.03782523
v 0.00089728 0.02550447 0.03780420
v 0.00089728 0.02623521 0.03714054
v 0.00089728 0.02620665 0.03718134
v 0.00089728 0.02601195 0.03740661
v 0.00089728 0.02594151 0.03747705
v 0.00089728 0.02608239 0.03733617
v 0.00089728 0.02613522 0.03728334
v 0.00089728 0.02611761 0.03730095
v 0.00089728 0.02617806 0.03722214
v 0.00089728 0.02614950 0.03726294
v 0.00089728 0.02604717 0.03737139
v 0.00089728 0.02634948 0.03697734
v 0.00089728 0.02632092 0.03701814
v 0.00089728 0.02637429 0.03693435
v 0.00089728 0.02636376 0.03695694
v 0.00089728 0.02629233 0.03705894
v 0.00089728 0.02585346 0.03756510
v 0.00089728 0.02587107 0.03754749
v 0.00089728 0.02590629 0.03751227
v 0.00974209 0.02003676 0.03809994
v 0.01186201 0.02177565 0.03809994
v 0.01292197 0.02264511 0.03809994
v 0.01504189 0.02667003 0.03476619
v 0.01504189 0.02438403 0.03809994
v 0.01504189 0.02439642 0.03809886
v 0.01504189 0.02442123 0.03809667
v 0.01504189 0.02444604 0.03809451
v 0.01504189 0.02447085 0.03809232
v 0.01504189 0.02452047 0.03808800
v 0.01504189 0.02457009 0.03808365
v 0.01504189 0.02461971 0.03807930
v 0.01504189 0.02464452 0.03807714
v 0.01504189 0.02469414 0.03807279
v 0.01504189 0.02471895 0.03807063
v 0.01504189 0.02479302 0.03806199
v 0.01504189 0.02478099 0.03806520
v 0.01504189 0.02474376 0.03806847
v 0.01504189 0.02476857 0.03806628
v 0.01504189 0.02484111 0.03804909
v 0.01504189 0.02481708 0.03805554
v 0.01504189 0.02486517 0.03804264
v 0.01504189 0.02496141 0.03801687
v 0.01504189 0.02491329 0.03802974
v 0.01504189 0.02666895 0.03582633
v 0.01504189 0.02667003 0.03581394
v 0.01504189 0.02666676 0.03585114
v 0.01504189 0.02666244 0.03590076
v 0.01504189 0.02666460 0.03587595
v 0.01504189 0.02665809 0.03595038
v 0.01504189 0.02665374 0.03600000
v 0.01504189 0.02664939 0.03604962
v 0.01504189 0.02664723 0.03607443
v 0.01504189 0.02664288 0.03612405
v 0.01504189 0.02664072 0.03614886
v 0.01504189 0.02663856 0.03617367
v 0.01504189 0.02663637 0.03619848
v 0.01504189 0.02663529 0.03621090
v 0.01504189 0.02663208 0.03622293
v 0.01504189 0.02661273 0.03629508
v 0.01504189 0.02662563 0.03624699
v 0.01504189 0.02661918 0.03627102
v 0.01504189 0.02659983 0.03634320
v 0.01504189 0.02659338 0.03636726
v 0.01504189 0.02658051 0.03641538
v 0.01504189 0.02655471 0.03651159
v 0.01504189 0.02654826 0.03653565
v 0.01504189 0.02654184 0.03655971
v 0.01504189 0.02652690 0.03660708
v 0.01504189 0.02653539 0.03658377
v 0.01504189 0.02653215 0.03659580
v 0.01504189 0.02656761 0.03646347
v 0.01504189 0.02645322 0.03676506
v 0.01504189 0.02642166 0.03683280
v 0.01504189 0.02643216 0.03681021
v 0.01504189 0.02639007 0.03690051
v 0.01504189 0.02640060 0.03687792
v 0.01504189 0.02649531 0.03667479
v 0.01504189 0.02650584 0.03665223
v 0.01504189 0.02651637 0.03662964
v 0.01504189 0.02647428 0.03671994
v 0.01504189 0.02519973 0.03794628
v 0.01504189 0.02503356 0.03799752
v 0.01504189 0.02500953 0.03800397
v 0.01504189 0.02508168 0.03798462
v 0.01504189 0.02510574 0.03797817
v 0.01504189 0.02515386 0.03796530
v 0.01504189 0.02512980 0.03797175
v 0.01504189 0.02517717 0.03795681
v 0.01504189 0.02516589 0.03796206
v 0.01504189 0.02524488 0.03792522
v 0.01504189 0.02522232 0.03793575
v 0.01504189 0.02531259 0.03789366
v 0.01504189 0.02529003 0.03790419
v 0.01504189 0.02535774 0.03787260
v 0.01504189 0.02540289 0.03785154
v 0.01504189 0.02551575 0.03779892
v 0.01504189 0.02552703 0.03779367
v 0.01504189 0.02555763 0.03777225
v 0.01504189 0.02553723 0.03778653
v 0.01504189 0.02557803 0.03775794
v 0.01504189 0.02559843 0.03774366
v 0.01504189 0.02578203 0.03761511
v 0.01504189 0.02574123 0.03764367
v 0.01504189 0.02580243 0.03760083
v 0.01504189 0.02582283 0.03758655
v 0.01504189 0.02563923 0.03771510
v 0.01504189 0.02565963 0.03770082
v 0.01504189 0.02570043 0.03767223
v 0.01504189 0.02547060 0.03781998
v 0.01504189 0.02544801 0.03783051
v 0.01504189 0.02549316 0.03780945
v 0.01504189 0.02622807 0.03715074
v 0.01504189 0.02621376 0.03717114
v 0.01504189 0.02591508 0.03750348
v 0.01504189 0.02603835 0.03738021
v 0.01504189 0.02602074 0.03739782
v 0.01504189 0.02598552 0.03743304
v 0.01504189 0.02595030 0.03746826
v 0.01504189 0.02614236 0.03727314
v 0.01504189 0.02607357 0.03734499
v 0.01504189 0.02609118 0.03732738
v 0.01504189 0.02613522 0.03728334
v 0.01504189 0.02610879 0.03730977
v 0.01504189 0.02612640 0.03729216
v 0.01504189 0.02618520 0.03721194
v 0.01504189 0.02617092 0.03723234
v 0.01504189 0.02615664 0.03725274
v 0.01504189 0.02635662 0.03696714
v 0.01504189 0.02634234 0.03698754
v 0.01504189 0.02632806 0.03700794
v 0.01504189 0.02631375 0.03702834
v 0.01504189 0.02636901 0.03694566
v 0.01504189 0.02637954 0.03692307
v 0.01504189 0.02636376 0.03695694
v 0.01504189 0.02628519 0.03706914
v 0.01504189 0.02625663 0.03710994
v 0.01504189 0.02587986 0.03753870
v 0.01504189 0.02586225 0.03755631
v 0.01504189 0.02585343 0.03756510
v 0.01504189 0.02584323 0.03757224
v 0.01504189 0.02589747 0.03752109
v 0.02178691 0.01786311 0.03809994
v 0.02936911 0.01873257 0.03809994
v 0.03633769 0.01704234 0.03806709
v 0.03595162 0.01742838 0.03809994
v 0.02918653 0.02667003 0.03162294
v 0.02494669 0.02090619 0.03809994
v 0.02918653 0.02438403 0.03809994
v 0.02918653 0.02443365 0.03809559
v 0.02918653 0.02453289 0.03808692
v 0.02918653 0.02463213 0.03807822
v 0.02918653 0.02473137 0.03806955
v 0.02918653 0.02478099 0.03806520
v 0.02918653 0.02482908 0.03805230
v 0.02918653 0.02492532 0.03802653
v 0.02918653 0.02667003 0.03581394
v 0.02918653 0.02666568 0.03586356
v 0.02918653 0.02665701 0.03596280
v 0.02918653 0.02664831 0.03606204
v 0.02918653 0.02663964 0.03616128
v 0.02918653 0.02663529 0.03621090
v 0.02918653 0.02662239 0.03625899
v 0.02918653 0.02659662 0.03635523
v 0.02918653 0.02657082 0.03645144
v 0.02918653 0.02654505 0.03654768
v 0.02918653 0.02653215 0.03659580
v 0.02918653 0.02642691 0.03682149
v 0.02918653 0.02651109 0.03664092
v 0.02918653 0.02646900 0.03673122
v 0.02918653 0.02521101 0.03794103
v 0.02918653 0.02502153 0.03800073
v 0.02918653 0.02511777 0.03797496
v 0.02918653 0.02516589 0.03796206
v 0.02918653 0.02530131 0.03789891
v 0.02918653 0.02539158 0.03785682
v 0.02918653 0.02552703 0.03779367
v 0.02918653 0.02556783 0.03776508
v 0.02918653 0.02573103 0.03765081
v 0.02918653 0.02581263 0.03759369
v 0.02918653 0.02564943 0.03770796
v 0.02918653 0.02548188 0.03781470
v 0.02918653 0.02622090 0.03716094
v 0.02918653 0.02602953 0.03738900
v 0.02918653 0.02595909 0.03745944
v 0.02918653 0.02613519 0.03728334
v 0.02918653 0.02609997 0.03731856
v 0.02918653 0.02616378 0.03724254
v 0.02918653 0.02633520 0.03699774
v 0.02918653 0.02638482 0.03691179
v 0.02918653 0.02636376 0.03695694
v 0.02918653 0.02627805 0.03707934
v 0.02918653 0.02588865 0.03752988
v 0.02918653 0.02585343 0.03756510
v 0.03896740 0.00073194 0.01914966
v 0.05672857 0.00720633 0.02753166
v 0.03823546 0.00000003 0.03591366
v 0.03821878 0.00000003 0.03610683
v 0.03818581 0.00000003 0.03629790
v 0.03813676 0.00000003 0.03648546
v 0.03807202 0.00000003 0.03666822
v 0.03766669 0.00000003 0.03732537
v 0.03752674 0.00013995 0.03745932
v 0.03794464 0.00004737 0.03692943
v 0.03778858 0.00000003 0.03717459
v 0.03738682 0.00000003 0.03759327
v 0.03722626 0.00016056 0.03770169
v 0.03706573 0.00000003 0.03781008
v 0.03688918 0.00017655 0.03788982
v 0.05710288 0.00000834 0.03601023
v 0.05712769 0.00001650 0.03620235
v 0.05716870 0.00002454 0.03639168
v 0.05722561 0.00003240 0.03657684
v 0.05729800 0.00004002 0.03675654
v 0.05738536 0.00004737 0.03692943
v 0.05748706 0.00005436 0.03709431
v 0.07257169 0.00871419 0.03809994
v 0.03896740 0.01441263 0.01914966
v 0.04839694 0.01441263 0.01914966
v 0.04333114 0.02667000 0.02009769
v 0.04333114 0.02667000 0.02219319
v 0.04333114 0.02667000 0.02638419
v 0.05636260 0.01441263 0.01914966
v 0.05747578 0.02667000 0.02114544
v 0.07162039 0.02667000 0.02009769
v 0.07162039 0.02667000 0.02428869
v 0.03823546 0.01514457 0.03591366
v 0.03821881 0.01516122 0.03610683
v 0.03818581 0.01519419 0.03629790
v 0.03813676 0.01524324 0.03648546
v 0.03807202 0.01530801 0.03666822
v 0.03799201 0.01538802 0.03684483
v 0.03766669 0.01571334 0.03732537
v 0.03789730 0.01548273 0.03701403
v 0.03778858 0.01559142 0.03717459
v 0.03738682 0.01599321 0.03759327
v 0.03706573 0.01631430 0.03781008
v 0.03671263 0.01666740 0.03796956
v 0.04785802 0.01723536 0.03808353
v 0.04766500 0.01742838 0.03809994
v 0.04872064 0.01786311 0.03809994
v 0.05320960 0.01786311 0.03809994
v 0.05111602 0.01916730 0.03809994
v 0.04333114 0.02667000 0.03057519
v 0.04333114 0.02667000 0.03267069
v 0.03803134 0.02003676 0.03809994
v 0.04015126 0.02177565 0.03809994
v 0.04333114 0.02667000 0.03476619
v 0.04227118 0.02351457 0.03809994
v 0.04333114 0.02438400 0.03809994
v 0.04333114 0.02439642 0.03809886
v 0.04333114 0.02442123 0.03809667
v 0.04333114 0.02447085 0.03809232
v 0.04333114 0.02452047 0.03808800
v 0.04333114 0.02454528 0.03808581
v 0.04333114 0.02459490 0.03808149
v 0.04333114 0.02461971 0.03807930
v 0.04333114 0.02466933 0.03807498
v 0.04333114 0.02471895 0.03807063
v 0.04333114 0.02479299 0.03806199
v 0.04333114 0.02474376 0.03806847
v 0.04333114 0.02476857 0.03806628
v 0.04333114 0.02478096 0.03806520
v 0.04333114 0.02481705 0.03805554
v 0.04333114 0.02486517 0.03804264
v 0.04333114 0.02493735 0.03802329
v 0.04333114 0.02498544 0.03801042
v 0.04333114 0.02491329 0.03802974
v 0.04333114 0.02666892 0.03582633
v 0.04333114 0.02667000 0.03581394
v 0.04333114 0.02666676 0.03585114
v 0.04333114 0.02666241 0.03590076
v 0.04333114 0.02665590 0.03597519
v 0.04333114 0.02665809 0.03595038
v 0.04333114 0.02664939 0.03604962
v 0.04333114 0.02665155 0.03602481
v 0.04333114 0.02664504 0.03609924
v 0.04333114 0.02664072 0.03614886
v 0.04333114 0.02663637 0.03619848
v 0.04333114 0.02663853 0.03617367
v 0.04333114 0.02663529 0.03621090
v 0.04333114 0.02663205 0.03622293
v 0.04333114 0.02662560 0.03624699
v 0.04333114 0.02661918 0.03627102
v 0.04333114 0.02660628 0.03631914
v 0.04333114 0.02659338 0.03636726
v 0.04333114 0.02658693 0.03639132
v 0.04333114 0.02657406 0.03643941
v 0.04333114 0.02655471 0.03651159
v 0.04333114 0.02654181 0.03655971
v 0.04333114 0.02652690 0.03660708
v 0.04333114 0.02653536 0.03658377
v 0.04333114 0.02653215 0.03659580
v 0.04333114 0.02656761 0.03646347
v 0.04333114 0.02644269 0.03678765
v 0.04333114 0.02643216 0.03681021
v 0.04333114 0.02639007 0.03690051
v 0.04333114 0.02641110 0.03685536
v 0.04333114 0.02649531 0.03667479
v 0.04333114 0.02651637 0.03662964
v 0.04333114 0.02647425 0.03671994
v 0.04333114 0.02646375 0.03674250
v 0.04333114 0.02519973 0.03794628
v 0.04333114 0.02500950 0.03800397
v 0.04333114 0.02510574 0.03797817
v 0.04333114 0.02505762 0.03799107
v 0.04333114 0.02515386 0.03796530
v 0.04333114 0.02512980 0.03797175
v 0.04333114 0.02517717 0.03795681
v 0.04333114 0.02516586 0.03796206
v 0.04333114 0.02522229 0.03793575
v 0.04333114 0.02531259 0.03789366
v 0.04333114 0.02526744 0.03791472
v 0.04333114 0.02540286 0.03785154
v 0.04333114 0.02538030 0.03786207
v 0.04333114 0.02533515 0.03788313
v 0.04333114 0.02551572 0.03779892
v 0.04333114 0.02552700 0.03779367
v 0.04333114 0.02555763 0.03777225
v 0.04333114 0.02553723 0.03778653
v 0.04333114 0.02557803 0.03775794
v 0.04333114 0.02561883 0.03772938
v 0.04333114 0.02578203 0.03761511
v 0.04333114 0.02574123 0.03764367
v 0.04333114 0.02582283 0.03758655
v 0.04333114 0.02568003 0.03768654
v 0.04333114 0.02565963 0.03770082
v 0.04333114 0.02572083 0.03765795
v 0.04333114 0.02544801 0.03783051
v 0.04333114 0.02549316 0.03780945
v 0.04333114 0.02624232 0.03713034
v 0.04333114 0.02619948 0.03719154
v 0.04333114 0.02622804 0.03715074
v 0.04333114 0.02591508 0.03750348
v 0.04333114 0.02600313 0.03741543
v 0.04333114 0.02602074 0.03739782
v 0.04333114 0.02596791 0.03745065
v 0.04333114 0.02595030 0.03746826
v 0.04333114 0.02614233 0.03727314
v 0.04333114 0.02609118 0.03732738
v 0.04333114 0.02613519 0.03728334
v 0.04333114 0.02610879 0.03730977
v 0.04333114 0.02612640 0.03729216
v 0.04333114 0.02617092 0.03723234
v 0.04333114 0.02615664 0.03725274
v 0.04333114 0.02605596 0.03736260
v 0.04333114 0.02635662 0.03696714
v 0.04333114 0.02634231 0.03698754
v 0.04333114 0.02631375 0.03702834
v 0.04333114 0.02636901 0.03694566
v 0.04333114 0.02637954 0.03692307
v 0.04333114 0.02636376 0.03695694
v 0.04333114 0.02628519 0.03706914
v 0.04333114 0.02627091 0.03708954
v 0.04333114 0.02587986 0.03753870
v 0.04333114 0.02585343 0.03756510
v 0.04333114 0.02584323 0.03757224
v 0.04333114 0.02586225 0.03755631
v 0.05709454 0.01514454 0.03591366
v 0.05711122 0.01516122 0.03610683
v 0.05714419 0.01519419 0.03629790
v 0.05719324 0.01524324 0.03648546
v 0.05725801 0.01530801 0.03666822
v 0.05733802 0.01538802 0.03684483
v 0.05743273 0.01548273 0.03701403
v 0.05754142 0.01559142 0.03717459
v 0.05766334 0.01571334 0.03732537
v 0.05794318 0.01599321 0.03759327
v 0.05826430 0.01631430 0.03781008
v 0.05861740 0.01666737 0.03796956
v 0.05899234 0.01704234 0.03806709
v 0.05937838 0.01742838 0.03809994
v 0.06148963 0.01829784 0.03809994
v 0.07046755 0.01829784 0.03809994
v 0.07257169 0.01742838 0.03809994
v 0.06907183 0.01916727 0.03809994
v 0.07312500 0.01836478 0.03809994
v 0.07286293 0.01960200 0.03809994
v 0.05747578 0.02667000 0.02952744
v 0.07162039 0.02667000 0.03267069
v 0.05535586 0.02264511 0.03809994
v 0.05747578 0.02667000 0.03371844
v 0.05747578 0.02438400 0.03809994
v 0.05747578 0.02440881 0.03809775
v 0.05747578 0.02450805 0.03808908
v 0.05747578 0.02455767 0.03808473
v 0.05747578 0.02460729 0.03808041
v 0.05747578 0.02470653 0.03807171
v 0.05747578 0.02475615 0.03806736
v 0.05747578 0.02478096 0.03806520
v 0.05747578 0.02480502 0.03805875
v 0.05747578 0.02494935 0.03802008
v 0.05747578 0.02499747 0.03800718
v 0.05747578 0.02490126 0.03803298
v 0.05747578 0.02667000 0.03581394
v 0.05747578 0.02666784 0.03583875
v 0.05747578 0.02665917 0.03593799
v 0.05747578 0.02665482 0.03598761
v 0.05747578 0.02665047 0.03603723
v 0.05747578 0.02664180 0.03613647
v 0.05747578 0.02663745 0.03618609
v 0.05747578 0.02663529 0.03621090
v 0.05747578 0.02662884 0.03623496
v 0.05747578 0.02661594 0.03628305
v 0.05747578 0.02659017 0.03637929
v 0.05747578 0.02657727 0.03642741
v 0.05747578 0.02656437 0.03647550
v 0.05747578 0.02653860 0.03657174
v 0.05747578 0.02653215 0.03659580
v 0.05747578 0.02645847 0.03675378
v 0.05747578 0.02643741 0.03679893
v 0.05747578 0.02639532 0.03688923
v 0.05747578 0.02652162 0.03661836
v 0.05747578 0.02647953 0.03670866
v 0.05747578 0.02509371 0.03798141
v 0.05747578 0.02514180 0.03796851
v 0.05747578 0.02518845 0.03795153
v 0.05747578 0.02516586 0.03796206
v 0.05747578 0.02523357 0.03793050
v 0.05747578 0.02541414 0.03784629
v 0.05747578 0.02536902 0.03786735
v 0.05747578 0.02532387 0.03788838
v 0.05747578 0.02554740 0.03777939
v 0.05747578 0.02552700 0.03779367
v 0.05747578 0.02558820 0.03775080
v 0.05747578 0.02575143 0.03763653
v 0.05747578 0.02583303 0.03757938
v 0.05747578 0.02566983 0.03769368
v 0.05747578 0.02571063 0.03766509
v 0.05747578 0.02550444 0.03780420
v 0.05747578 0.02623518 0.03714054
v 0.05747578 0.02601192 0.03740661
v 0.05747578 0.02597670 0.03744183
v 0.05747578 0.02594148 0.03747705
v 0.05747578 0.02608236 0.03733617
v 0.05747578 0.02613519 0.03728334
v 0.05747578 0.02611758 0.03730095
v 0.05747578 0.02617806 0.03722214
v 0.05747578 0.02614947 0.03726294
v 0.05747578 0.02634945 0.03697734
v 0.05747578 0.02637426 0.03693435
v 0.05747578 0.02636376 0.03695694
v 0.05747578 0.02629233 0.03705894
v 0.05747578 0.02626374 0.03709974
v 0.05747578 0.02585343 0.03756510
v 0.05747578 0.02587104 0.03754749
v 0.06844051 0.02177565 0.03809994
v 0.07162039 0.02667000 0.03476619
v 0.07056043 0.02351454 0.03809994
v 0.07162039 0.02438400 0.03809994
v 0.07162039 0.02439642 0.03809886
v 0.07162039 0.02444604 0.03809451
v 0.07162039 0.02454528 0.03808581
v 0.07162039 0.02457009 0.03808365
v 0.07162039 0.02459490 0.03808149
v 0.07162039 0.02464452 0.03807714
v 0.07162039 0.02479299 0.03806199
v 0.07162039 0.02474376 0.03806847
v 0.07162039 0.02476857 0.03806628
v 0.07162039 0.02478096 0.03806520
v 0.07162039 0.02484111 0.03804909
v 0.07162039 0.02493732 0.03802329
v 0.07162039 0.02496138 0.03801687
v 0.07162039 0.02498544 0.03801042
v 0.07312500 0.02438400 0.03809994
v 0.07312500 0.02478096 0.03806520
v 0.07162039 0.02666892 0.03582633
v 0.07162039 0.02667000 0.03581394
v 0.07162039 0.02666457 0.03587595
v 0.07162039 0.02665590 0.03597519
v 0.07162039 0.02665374 0.03600000
v 0.07162039 0.02665155 0.03602481
v 0.07162039 0.02664720 0.03607443
v 0.07162039 0.02663637 0.03619848
v 0.07162039 0.02663853 0.03617367
v 0.07162039 0.02663526 0.03621090
v 0.07162039 0.02663205 0.03622293
v 0.07162039 0.02662560 0.03624699
v 0.07312500 0.02667000 0.03581394
v 0.07312500 0.02663526 0.03621090
v 0.07162039 0.02659983 0.03634320
v 0.07162039 0.02658048 0.03641538
v 0.07162039 0.02658693 0.03639132
v 0.07162039 0.02657403 0.03643941
v 0.07162039 0.02654826 0.03653565
v 0.07162039 0.02652687 0.03660708
v 0.07162039 0.02653536 0.03658377
v 0.07162039 0.02653215 0.03659580
v 0.07162039 0.02644269 0.03678765
v 0.07162039 0.02645319 0.03676506
v 0.07162039 0.02642163 0.03683280
v 0.07162039 0.02650584 0.03665223
v 0.07162039 0.02646372 0.03674250
v 0.07312500 0.02655203 0.03652158
v 0.07312500 0.02653215 0.03659580
v 0.07312500 0.02652743 0.03660588
v 0.07312500 0.02645263 0.03676626
v 0.07312500 0.02644325 0.03678645
v 0.07312500 0.02646204 0.03674610
v 0.07162039 0.02519973 0.03794628
v 0.07162039 0.02503356 0.03799752
v 0.07162039 0.02512977 0.03797175
v 0.07162039 0.02515383 0.03796530
v 0.07162039 0.02517714 0.03795681
v 0.07162039 0.02516586 0.03796206
v 0.07162039 0.02529000 0.03790419
v 0.07162039 0.02535771 0.03787260
v 0.07162039 0.02538030 0.03786207
v 0.07162039 0.02533515 0.03788313
v 0.07162039 0.02551572 0.03779892
v 0.07162039 0.02555760 0.03777225
v 0.07162039 0.02553720 0.03778653
v 0.07162039 0.02552700 0.03779367
v 0.07162039 0.02580243 0.03760083
v 0.07162039 0.02568003 0.03768654
v 0.07162039 0.02563920 0.03771510
v 0.07162039 0.02572083 0.03765795
v 0.07162039 0.02570043 0.03767223
v 0.07162039 0.02547057 0.03781998
v 0.07312500 0.02516586 0.03796206
v 0.07312500 0.02552700 0.03779367
v 0.07162039 0.02624232 0.03713034
v 0.07162039 0.02621376 0.03717114
v 0.07162039 0.02603832 0.03738021
v 0.07162039 0.02600310 0.03741543
v 0.07162039 0.02596788 0.03745065
v 0.07162039 0.02598549 0.03743304
v 0.07162039 0.02614233 0.03727314
v 0.07162039 0.02612637 0.03729216
v 0.07162039 0.02613519 0.03728334
v 0.07162039 0.02610876 0.03730977
v 0.07162039 0.02615661 0.03725274
v 0.07162039 0.02635659 0.03696714
v 0.07162039 0.02632803 0.03700794
v 0.07162039 0.02636901 0.03694566
v 0.07162039 0.02637954 0.03692307
v 0.07162039 0.02636373 0.03695694
v 0.07162039 0.02627088 0.03708954
v 0.07162039 0.02625660 0.03710994
v 0.07312500 0.02613519 0.03728334
v 0.07312500 0.02636373 0.03695694
v 0.07162039 0.02585343 0.03756510
v 0.07162039 0.02584323 0.03757224
v 0.07162039 0.02586222 0.03755631
v 0.07162039 0.02589744 0.03752109
v 0.07312500 0.02585343 0.03756510
f 30 1 32
f 10 13 1
f 10 1 12
f 9 32 1
f 9 1 13
f 14 2 3
f 27 3 1
f 18 3 19
f 14 3 20
f 17 3 18
f 17 20 3
f 14 16 2
f 15 75 2
f 15 2 16
f 74 2 75
f 22 24 3
f 23 3 24
f 23 33 3
f 22 3 29
f 27 29 3
f 21 1 31
f 26 1 28
f 21 28 1
f 25 1 26
f 25 27 1
f 30 31 1
f 19 3 34
f 33 34 3
f 39 5 4
f 38 4 6
f 12 1 5
f 43 6 7
f 47 7 8
f 53 8 102
f 39 42 5
f 38 39 4
f 11 5 40
f 11 12 5
f 40 5 41
f 41 5 42
f 38 6 43
f 43 7 44
f 45 46 7
f 44 7 46
f 45 7 47
f 35 8 37
f 35 48 8
f 47 8 48
f 36 37 8
f 49 8 50
f 36 8 49
f 50 8 52
f 54 59 8
f 53 54 8
f 53 102 56
f 55 102 58
f 55 56 102
f 51 52 8
f 51 8 59
f 79 60 2
f 82 61 60
f 78 62 61
f 78 63 62
f 85 64 63
f 86 65 64
f 72 2 73
f 72 81 2
f 79 2 81
f 74 76 2
f 76 77 2
f 71 2 77
f 71 73 2
f 80 82 60
f 79 80 60
f 82 83 61
f 83 84 61
f 78 61 84
f 78 85 63
f 85 86 64
f 88 66 65
f 90 67 66
f 92 68 67
f 93 69 68
f 100 70 69
f 87 88 65
f 86 87 65
f 88 89 66
f 89 90 66
f 90 91 67
f 91 92 67
f 93 94 69
f 92 93 68
f 94 95 69
f 95 96 69
f 96 97 69
f 97 98 69
f 98 99 69
f 99 101 69
f 100 69 101
f 111 102 103
f 57 58 102
f 57 102 105
f 104 102 106
f 104 105 102
f 106 102 108
f 107 102 112
f 107 108 102
f 111 112 102
f 109 111 103
f 109 103 110
f 113 103 114
f 110 103 113
f 114 103 115
f 115 103 116
f 116 103 117
f 117 103 118
f 118 103 119
f 119 103 120
f 120 103 121
f 121 103 123
f 121 123 125
f 9 131 32
f 10 132 13
f 11 133 12
f 10 12 133
f 9 13 132
f 19 34 134
f 14 20 135
f 14 135 16
f 15 136 75
f 15 16 136
f 18 19 137
f 17 18 138
f 17 138 20
f 22 139 24
f 22 29 139
f 23 24 140
f 26 28 141
f 25 26 141
f 25 142 27
f 21 143 28
f 27 142 29
f 30 144 31
f 21 31 145
f 30 32 144
f 23 146 33
f 33 146 34
f 35 37 147
f 35 147 48
f 36 148 37
f 39 149 42
f 38 150 39
f 41 42 152
f 40 41 151
f 11 40 151
f 43 44 153
f 44 46 154
f 45 154 46
f 45 47 155
f 38 43 150
f 47 48 155
f 36 49 156
f 50 52 157
f 49 50 157
f 51 158 52
f 54 160 59
f 53 56 159
f 53 159 54
f 55 58 161
f 55 161 56
f 57 162 58
f 57 105 184
f 51 59 160
f 71 77 167
f 72 73 163
f 72 163 81
f 71 164 73
f 74 165 76
f 74 75 166
f 76 165 77
f 79 168 80
f 79 81 168
f 82 169 83
f 80 169 82
f 83 170 84
f 78 84 171
f 78 171 85
f 85 172 86
f 87 174 88
f 86 173 87
f 88 174 89
f 89 175 90
f 90 175 91
f 92 176 93
f 91 176 92
f 93 177 94
f 94 178 95
f 95 178 96
f 96 179 97
f 97 180 98
f 98 181 99
f 99 181 101
f 100 101 182
f 104 183 105
f 106 108 185
f 104 106 183
f 107 186 108
f 107 112 186
f 109 110 188
f 111 187 112
f 109 187 111
f 113 114 189
f 110 113 188
f 114 115 190
f 115 116 190
f 116 117 191
f 117 118 192
f 118 119 193
f 119 120 193
f 120 121 194
f 121 125 194
f 100 122 70
f 122 200 70
f 100 182 122
f 122 195 200
f 124 123 126
f 124 126 196
f 127 126 128
f 129 127 128
f 127 130 126
f 125 123 220
f 124 220 123
f 130 199 126
f 196 126 199
f 127 129 222
f 9 132 131
f 10 133 132
f 11 151 133
f 16 135 136
f 18 137 138
f 19 134 137
f 20 138 135
f 21 145 143
f 24 139 140
f 25 141 142
f 28 143 141
f 29 142 139
f 31 144 145
f 32 131 144
f 34 146 134
f 23 140 146
f 37 148 147
f 39 150 149
f 41 152 151
f 42 149 152
f 43 153 150
f 45 155 154
f 44 154 153
f 48 147 155
f 49 157 156
f 36 156 148
f 52 158 157
f 51 160 158
f 54 159 160
f 58 162 161
f 56 161 159
f 57 184 162
f 71 167 164
f 73 164 163
f 75 136 166
f 74 166 165
f 77 165 167
f 81 163 168
f 80 168 169
f 83 169 170
f 84 170 171
f 85 171 172
f 86 172 173
f 87 173 174
f 89 174 175
f 91 175 176
f 93 176 177
f 94 177 178
f 96 178 179
f 97 179 180
f 98 180 181
f 101 181 182
f 105 183 184
f 106 185 183
f 108 186 185
f 109 188 187
f 112 187 186
f 113 189 188
f 114 190 189
f 116 191 190
f 117 192 191
f 118 193 192
f 120 194 193
f 122 182 195
f 124 196 197
f 124 197 198
f 124 198 219
f 124 219 220
f 127 222 130
f 130 221 199
f 125 220 194
f 130 222 221
f 196 315 197
f 196 199 315
f 200 201 70
f 195 201 200
f 201 338 70
f 201 202 338
f 195 202 201
f 129 128 203
f 203 128 204
f 204 128 342
f 129 203 222
f 222 203 322
f 203 204 322
f 132 133 225
f 133 151 223
f 131 132 226
f 134 227 137
f 136 229 166
f 135 230 136
f 137 232 138
f 135 138 233
f 139 234 140
f 141 143 237
f 141 236 142
f 139 142 240
f 144 241 145
f 143 145 242
f 131 243 144
f 134 146 245
f 140 235 146
f 147 148 247
f 149 150 249
f 151 152 250
f 149 251 152
f 150 153 253
f 153 154 255
f 154 155 257
f 147 258 155
f 156 157 261
f 148 156 259
f 157 158 262
f 159 264 160
f 161 162 266
f 159 161 265
f 162 184 268
f 158 160 269
f 164 167 270
f 163 164 271
f 165 166 274
f 165 275 167
f 163 278 168
f 168 277 169
f 169 279 170
f 170 280 171
f 171 282 172
f 172 283 173
f 173 284 174
f 174 286 175
f 176 289 177
f 175 288 176
f 177 290 178
f 178 292 179
f 179 293 180
f 180 295 181
f 181 296 182
f 183 298 184
f 183 185 300
f 185 186 301
f 187 188 302
f 186 187 305
f 188 189 303
f 189 190 306
f 190 191 308
f 191 192 309
f 192 193 311
f 193 194 312
f 131 226 243
f 132 225 226
f 133 223 224
f 133 224 225
f 134 245 227
f 135 233 228
f 135 228 230
f 136 230 229
f 137 227 231
f 137 231 232
f 138 232 233
f 139 240 234
f 140 234 235
f 141 237 236
f 142 236 238
f 143 239 237
f 143 242 239
f 142 238 240
f 144 244 241
f 145 241 242
f 144 243 244
f 146 246 245
f 146 235 246
f 147 247 258
f 148 248 247
f 148 259 248
f 149 249 251
f 150 254 249
f 151 250 223
f 152 252 250
f 152 251 252
f 153 255 253
f 150 253 254
f 154 257 255
f 155 256 257
f 155 258 256
f 156 261 259
f 157 262 260
f 157 260 261
f 158 269 262
f 160 264 269
f 159 265 263
f 159 263 264
f 161 266 265
f 162 267 266
f 162 268 267
f 164 270 272
f 163 271 278
f 164 272 271
f 165 273 275
f 166 229 274
f 165 274 273
f 167 275 270
f 171 281 282
f 168 276 277
f 168 278 276
f 169 277 279
f 170 279 280
f 171 280 281
f 172 282 283
f 173 285 284
f 173 283 285
f 174 284 286
f 175 286 287
f 175 287 288
f 176 288 289
f 177 289 290
f 178 290 291
f 178 291 292
f 179 292 293
f 180 293 294
f 180 294 295
f 181 295 296
f 182 296 297
f 194 220 313
f 183 299 298
f 184 298 268
f 183 300 299
f 186 305 301
f 185 301 300
f 188 303 302
f 187 304 305
f 187 302 304
f 189 306 303
f 190 307 306
f 190 308 307
f 191 309 308
f 192 310 309
f 192 311 310
f 193 312 311
f 194 313 312
f 182 314 195
f 182 297 314
f 195 314 321
f 197 315 198
f 198 316 219
f 199 221 317
f 219 320 220
f 198 315 316
f 199 317 315
f 221 222 317
f 226 369 243
f 225 364 226
f 223 250 364
f 223 364 224
f 224 364 225
f 227 245 366
f 228 233 365
f 228 365 230
f 229 230 365
f 231 366 232
f 227 366 231
f 232 365 233
f 239 242 368
f 234 370 235
f 236 237 367
f 236 367 238
f 237 239 368
f 234 240 367
f 238 367 240
f 241 244 369
f 241 368 242
f 243 369 244
f 245 246 370
f 235 370 246
f 247 248 371
f 248 259 371
f 249 372 251
f 249 254 373
f 250 252 372
f 251 372 252
f 253 373 254
f 253 255 373
f 255 257 374
f 256 374 257
f 247 374 258
f 256 258 374
f 259 261 371
f 260 375 261
f 260 262 375
f 262 269 375
f 264 376 269
f 263 265 376
f 263 376 264
f 265 266 376
f 267 268 377
f 266 267 377
f 268 298 377
f 270 275 378
f 270 378 272
f 271 272 378
f 273 379 275
f 229 379 274
f 273 274 379
f 277 380 279
f 271 380 278
f 276 380 277
f 276 278 380
f 279 381 280
f 280 381 281
f 281 381 282
f 282 382 283
f 283 382 285
f 284 285 382
f 284 383 286
f 286 383 287
f 287 383 288
f 288 383 289
f 289 384 290
f 290 384 291
f 291 384 292
f 292 385 293
f 293 385 294
f 294 385 295
f 295 386 296
f 296 386 297
f 298 299 387
f 299 300 387
f 300 301 387
f 301 305 388
f 302 303 388
f 304 388 305
f 302 388 304
f 303 306 389
f 306 307 389
f 307 308 389
f 308 309 390
f 309 310 390
f 310 311 390
f 311 312 391
f 312 313 391
f 297 386 314
f 314 386 321
f 313 220 318
f 220 320 319
f 220 360 318
f 220 319 360
f 219 316 320
f 315 362 316
f 315 317 362
f 195 321 202
f 321 340 202
f 321 512 340
f 222 322 323
f 204 205 323
f 205 206 325
f 206 207 324
f 207 208 329
f 208 209 330
f 209 210 326
f 210 211 327
f 211 212 332
f 212 213 332
f 213 214 333
f 204 323 322
f 214 215 334
f 215 216 335
f 216 217 336
f 217 218 337
f 222 396 317
f 222 323 396
f 205 325 323
f 206 324 325
f 207 329 324
f 208 330 329
f 209 326 330
f 210 327 326
f 211 328 327
f 211 332 328
f 213 331 332
f 213 333 331
f 214 334 333
f 215 335 334
f 216 336 335
f 217 337 336
f 218 526 337
f 338 518 70
f 202 339 338
f 518 519 70
f 338 339 518
f 519 520 70
f 202 340 341
f 202 341 339
f 340 512 341
f 341 523 339
f 341 512 523
f 218 522 526
f 337 526 527
f 204 343 205
f 205 344 206
f 206 345 207
f 204 342 996
f 207 346 208
f 208 347 209
f 209 348 210
f 210 349 211
f 211 1003 212
f 212 350 213
f 213 1006 214
f 214 351 215
f 215 1009 216
f 216 352 217
f 217 353 218
f 342 128 1038
f 204 996 343
f 205 343 997
f 205 997 344
f 206 344 998
f 206 998 345
f 207 345 999
f 207 999 346
f 208 346 1000
f 208 1000 347
f 209 347 1001
f 209 1001 348
f 210 348 1002
f 210 1002 349
f 211 349 1003
f 212 1003 1004
f 212 1005 350
f 212 1004 1005
f 213 350 1006
f 214 1008 351
f 214 1006 1007
f 214 1007 1008
f 215 351 1009
f 216 1009 1010
f 216 1010 1011
f 216 1011 352
f 217 352 1012
f 217 1012 353
f 218 353 1013
f 218 1013 1502
f 325 324 1026
f 324 329 1021
f 323 325 1028
f 326 327 1016
f 328 354 327
f 329 330 1020
f 330 326 1025
f 332 331 355
f 328 332 356
f 331 333 357
f 333 334 358
f 334 335 359
f 335 336 1033
f 336 337 1036
f 324 1021 1022
f 324 1022 1026
f 325 1026 1027
f 325 1027 1028
f 326 1015 1025
f 326 1016 1015
f 327 1017 1016
f 327 354 1018
f 327 1018 1017
f 328 1019 354
f 328 356 1019
f 329 1020 1023
f 329 1023 1021
f 330 1025 1024
f 330 1024 1020
f 331 1029 355
f 332 1030 356
f 332 355 1030
f 331 357 1029
f 333 1031 357
f 333 358 1031
f 334 1032 358
f 334 359 1032
f 335 1033 359
f 336 1034 1033
f 336 1035 1034
f 336 1036 1035
f 337 1037 1036
f 337 841 1037
f 218 1502 522
f 337 527 841
f 226 364 369
f 229 365 379
f 232 366 365
f 234 367 370
f 237 368 367
f 241 369 368
f 245 370 366
f 247 371 374
f 249 373 372
f 250 372 364
f 255 374 373
f 261 375 371
f 266 377 376
f 269 376 375
f 271 378 380
f 275 379 378
f 279 380 381
f 282 381 382
f 284 382 383
f 289 383 384
f 292 384 385
f 295 385 386
f 313 318 391
f 298 387 377
f 301 388 387
f 303 389 388
f 308 390 389
f 311 391 390
f 318 360 391
f 319 320 361
f 316 363 320
f 319 361 360
f 316 362 363
f 317 392 362
f 320 363 393
f 320 394 361
f 320 393 394
f 364 404 369
f 366 370 405
f 365 407 379
f 365 366 410
f 367 414 370
f 367 368 417
f 368 369 422
f 371 427 374
f 372 373 430
f 364 372 432
f 373 374 437
f 371 375 441
f 376 377 448
f 375 376 452
f 378 455 380
f 378 379 453
f 380 464 381
f 381 467 382
f 382 469 383
f 383 473 384
f 384 478 385
f 385 481 386
f 377 387 451
f 387 388 487
f 388 389 489
f 389 390 495
f 390 391 499
f 360 361 505
f 362 504 363
f 362 392 504
f 360 505 391
f 361 394 502
f 363 504 393
f 393 504 394
f 321 386 512
f 386 507 512
f 317 395 392
f 317 396 397
f 317 398 395
f 317 397 398
f 396 323 399
f 395 508 392
f 395 398 508
f 392 508 504
f 396 509 397
f 396 399 509
f 323 400 399
f 369 404 424
f 364 432 401
f 364 403 404
f 364 401 402
f 364 402 403
f 366 405 411
f 365 412 406
f 365 406 408
f 365 408 407
f 366 411 409
f 366 409 410
f 365 410 412
f 368 422 413
f 370 414 415
f 367 417 416
f 367 416 418
f 368 413 419
f 368 419 417
f 367 420 414
f 367 418 420
f 369 421 422
f 369 424 423
f 369 423 421
f 370 426 425
f 370 425 405
f 370 415 426
f 371 428 429
f 371 429 427
f 373 431 430
f 372 434 432
f 372 433 434
f 372 430 433
f 373 437 436
f 373 436 435
f 374 439 437
f 374 438 439
f 373 435 431
f 374 427 440
f 374 440 438
f 371 441 428
f 375 443 441
f 375 442 443
f 375 452 444
f 375 444 442
f 376 446 452
f 376 447 445
f 376 445 446
f 376 448 447
f 377 449 450
f 377 450 448
f 377 451 449
f 378 454 456
f 378 453 454
f 378 456 455
f 379 457 459
f 379 407 458
f 379 458 457
f 379 459 453
f 380 455 461
f 380 463 464
f 380 462 463
f 380 461 462
f 381 464 465
f 381 465 466
f 381 466 460
f 381 460 467
f 382 467 468
f 382 468 470
f 382 470 469
f 383 469 471
f 383 471 472
f 383 472 474
f 383 474 473
f 384 473 475
f 384 475 476
f 384 476 477
f 384 477 478
f 385 479 480
f 385 478 479
f 385 480 481
f 386 481 483
f 386 483 482
f 387 484 451
f 387 487 486
f 387 486 485
f 387 485 484
f 388 491 487
f 388 489 488
f 388 490 491
f 388 488 490
f 389 492 489
f 389 493 492
f 389 494 493
f 389 495 494
f 390 497 496
f 390 496 495
f 390 499 497
f 391 498 500
f 391 500 499
f 391 503 498
f 386 482 501
f 386 501 507
f 391 505 503
f 361 502 505
f 394 506 502
f 394 504 506
f 502 506 505
f 404 2019 424
f 403 2020 404
f 401 2021 402
f 402 2021 403
f 405 2022 411
f 406 412 2023
f 406 2023 408
f 407 408 2024
f 409 2025 410
f 409 411 2022
f 410 2026 412
f 413 2027 419
f 414 420 2028
f 414 2029 415
f 416 417 2031
f 416 2030 418
f 417 419 2032
f 418 2030 420
f 421 423 2033
f 421 2034 422
f 413 422 2027
f 423 424 2033
f 425 426 2035
f 405 425 2036
f 415 2035 426
f 427 2037 440
f 427 429 2038
f 428 2048 429
f 431 435 2040
f 430 431 2039
f 401 432 2041
f 432 434 2042
f 433 2043 434
f 430 2043 433
f 436 437 2044
f 435 436 2040
f 437 439 2046
f 438 2045 439
f 438 440 2045
f 441 443 2047
f 428 441 2048
f 442 444 2049
f 442 2049 443
f 444 452 2050
f 446 2051 452
f 445 447 2052
f 445 2052 446
f 447 448 2053
f 449 2055 450
f 448 450 2054
f 449 451 2055
f 454 2056 456
f 453 2056 454
f 455 2057 461
f 455 456 2058
f 457 2059 459
f 407 2060 458
f 457 458 2059
f 453 459 2061
f 462 2062 463
f 461 2062 462
f 463 2063 464
f 464 2064 465
f 465 2065 466
f 460 466 2065
f 460 2066 467
f 468 2067 470
f 467 2067 468
f 469 470 2068
f 469 2069 471
f 471 2070 472
f 472 2070 474
f 473 474 2071
f 473 2072 475
f 475 2073 476
f 476 2073 477
f 477 2074 478
f 478 2075 479
f 479 2075 480
f 480 2076 481
f 481 2077 483
f 482 483 2078
f 484 485 2079
f 451 484 2080
f 485 486 2079
f 487 491 2082
f 486 487 2081
f 488 489 2084
f 490 2083 491
f 488 2083 490
f 489 492 2085
f 492 493 2086
f 493 494 2086
f 494 495 2087
f 496 497 2088
f 495 496 2088
f 497 499 2089
f 499 500 2090
f 498 2091 500
f 498 503 2091
f 403 2021 2020
f 401 2041 2021
f 404 2020 2019
f 405 2036 2022
f 407 2024 2060
f 408 2023 2024
f 409 2022 2025
f 410 2025 2026
f 412 2026 2023
f 414 2028 2029
f 417 2032 2031
f 416 2031 2030
f 419 2027 2032
f 420 2030 2028
f 421 2033 2034
f 422 2034 2027
f 424 2019 2033
f 425 2035 2036
f 415 2029 2035
f 427 2038 2037
f 429 2048 2038
f 430 2039 2043
f 431 2040 2039
f 432 2042 2041
f 434 2043 2042
f 436 2044 2040
f 437 2046 2044
f 439 2045 2046
f 440 2037 2045
f 441 2047 2048
f 443 2049 2047
f 444 2050 2049
f 446 2052 2051
f 448 2054 2053
f 447 2053 2052
f 450 2055 2054
f 452 2051 2050
f 456 2056 2058
f 455 2058 2057
f 458 2060 2059
f 459 2059 2061
f 453 2061 2056
f 461 2057 2062
f 463 2062 2063
f 464 2063 2064
f 465 2064 2065
f 460 2065 2066
f 467 2066 2067
f 469 2068 2069
f 470 2067 2068
f 471 2069 2070
f 473 2071 2072
f 474 2070 2071
f 475 2072 2073
f 477 2073 2074
f 478 2074 2075
f 480 2075 2076
f 481 2076 2077
f 483 2077 2078
f 484 2079 2080
f 451 2080 2055
f 486 2081 2079
f 487 2082 2081
f 488 2084 2083
f 491 2083 2082
f 489 2085 2084
f 492 2086 2085
f 494 2087 2086
f 495 2088 2087
f 497 2089 2088
f 499 2090 2089
f 500 2091 2090
f 482 2078 501
f 501 2092 507
f 501 2078 2092
f 503 505 2093
f 503 2093 2091
f 505 506 2213
f 507 513 512
f 2092 2216 507
f 507 2216 513
f 397 509 398
f 399 400 509
f 398 511 508
f 504 508 510
f 398 509 511
f 508 511 510
f 504 2219 506
f 504 510 2221
f 504 2220 2219
f 504 2221 2220
f 509 400 2222
f 512 515 851
f 512 513 514
f 512 514 515
f 513 2288 514
f 2216 2288 513
f 514 2288 515
f 2288 2670 515
f 323 517 516
f 323 516 400
f 323 1028 517
f 516 517 1361
f 400 516 2222
f 2222 516 3299
f 520 528 70
f 528 529 70
f 529 531 70
f 518 521 519
f 339 521 518
f 531 538 70
f 538 532 70
f 519 521 520
f 520 521 530
f 339 523 521
f 523 524 521
f 521 525 530
f 521 524 525
f 523 851 524
f 524 851 525
f 522 721 526
f 526 828 527
f 520 530 528
f 528 650 529
f 528 530 650
f 529 650 531
f 531 651 538
f 545 533 532
f 546 534 533
f 548 535 534
f 550 536 535
f 538 539 532
f 539 540 532
f 540 541 532
f 541 542 532
f 542 543 532
f 543 544 532
f 544 545 532
f 545 546 533
f 546 548 534
f 547 535 548
f 547 550 535
f 549 552 536
f 549 536 550
f 551 553 536
f 551 536 552
f 553 554 536
f 559 537 536
f 577 569 537
f 554 555 536
f 555 556 536
f 556 557 536
f 557 558 536
f 558 560 536
f 559 536 560
f 561 562 537
f 559 561 537
f 562 563 537
f 563 564 537
f 564 565 537
f 565 566 537
f 566 567 537
f 567 568 537
f 568 577 537
f 579 570 569
f 592 571 570
f 602 572 571
f 577 578 569
f 578 579 569
f 579 580 570
f 580 581 570
f 582 583 570
f 581 582 570
f 583 584 570
f 584 585 570
f 585 586 570
f 586 587 570
f 587 588 570
f 588 589 570
f 589 592 570
f 591 593 571
f 590 591 571
f 590 571 592
f 593 594 571
f 594 595 571
f 595 596 571
f 596 597 571
f 597 598 571
f 598 599 571
f 599 600 571
f 600 602 571
f 601 603 572
f 601 572 602
f 603 573 572
f 604 574 573
f 612 575 574
f 622 576 575
f 603 604 573
f 604 605 574
f 605 606 574
f 606 607 574
f 607 608 574
f 608 609 574
f 609 611 574
f 610 574 611
f 610 612 574
f 613 614 575
f 612 613 575
f 614 616 575
f 615 575 616
f 615 617 575
f 617 618 575
f 618 619 575
f 619 620 575
f 620 621 575
f 621 623 575
f 622 575 623
f 622 625 576
f 624 576 625
f 624 626 576
f 626 627 576
f 627 630 576
f 630 631 576
f 638 628 576
f 647 629 628
f 631 632 576
f 632 634 576
f 633 576 634
f 633 635 576
f 635 638 576
f 636 637 628
f 636 628 638
f 637 639 628
f 639 640 628
f 640 641 628
f 641 642 628
f 642 643 628
f 643 644 628
f 644 645 628
f 645 646 628
f 646 647 628
f 647 648 629
f 538 651 539
f 540 652 541
f 539 652 540
f 541 653 542
f 542 654 543
f 543 655 544
f 544 655 545
f 545 656 546
f 546 657 548
f 547 548 657
f 549 658 552
f 547 659 550
f 549 550 659
f 551 552 658
f 551 660 553
f 553 661 554
f 554 661 555
f 555 662 556
f 556 663 557
f 557 664 558
f 558 664 560
f 559 560 665
f 559 665 561
f 562 666 563
f 561 666 562
f 563 667 564
f 564 668 565
f 565 669 566
f 566 669 567
f 567 670 568
f 568 671 577
f 577 671 578
f 579 672 580
f 578 672 579
f 580 673 581
f 581 673 582
f 582 674 583
f 583 675 584
f 584 676 585
f 585 676 586
f 586 677 587
f 587 678 588
f 588 678 589
f 589 680 592
f 591 679 593
f 590 679 591
f 590 592 680
f 593 681 594
f 594 682 595
f 595 683 596
f 596 683 597
f 597 684 598
f 598 685 599
f 599 685 600
f 601 602 686
f 600 686 602
f 604 688 605
f 603 687 604
f 601 687 603
f 605 689 606
f 606 690 607
f 607 690 608
f 608 691 609
f 609 692 611
f 610 611 692
f 610 693 612
f 612 693 613
f 614 694 616
f 613 694 614
f 615 616 695
f 615 696 617
f 617 696 618
f 618 697 619
f 619 698 620
f 620 700 621
f 621 700 623
f 622 699 625
f 622 623 699
f 624 701 626
f 624 625 701
f 626 702 627
f 627 703 630
f 630 704 631
f 632 705 634
f 631 704 632
f 633 634 706
f 633 706 635
f 636 708 637
f 635 707 638
f 636 638 707
f 639 709 640
f 637 708 639
f 640 710 641
f 641 710 642
f 642 711 643
f 643 712 644
f 644 713 645
f 645 713 646
f 646 714 647
f 648 649 629
f 648 716 649
f 647 715 648
f 648 715 716
f 531 650 651
f 539 651 652
f 541 652 653
f 542 653 654
f 543 654 655
f 545 655 656
f 546 656 657
f 547 657 659
f 549 659 658
f 551 658 660
f 553 660 661
f 555 661 662
f 556 662 663
f 557 663 664
f 561 665 666
f 560 664 665
f 563 666 667
f 564 667 668
f 565 668 669
f 567 669 670
f 568 670 671
f 578 671 672
f 580 672 673
f 582 673 674
f 583 674 675
f 584 675 676
f 586 676 677
f 587 677 678
f 589 678 680
f 590 680 679
f 593 679 681
f 594 681 682
f 595 682 683
f 597 683 684
f 598 684 685
f 600 685 686
f 601 686 687
f 604 687 688
f 605 688 689
f 606 689 690
f 608 690 691
f 609 691 692
f 610 692 693
f 613 693 694
f 616 694 695
f 615 695 696
f 618 696 697
f 619 697 698
f 620 698 700
f 623 700 699
f 626 701 702
f 625 699 701
f 627 702 703
f 630 703 704
f 632 704 705
f 634 705 706
f 635 706 707
f 636 707 708
f 639 708 709
f 640 709 710
f 642 710 711
f 643 711 712
f 644 712 713
f 646 713 714
f 647 714 715
f 716 717 649
f 715 825 716
f 716 825 717
f 717 827 718
f 525 731 530
f 530 731 650
f 525 851 731
f 650 732 651
f 731 732 650
f 732 734 651
f 651 733 652
f 652 735 653
f 653 737 654
f 654 738 655
f 655 739 656
f 656 742 657
f 657 741 659
f 658 659 743
f 658 745 660
f 660 746 661
f 661 748 662
f 662 749 663
f 663 751 664
f 665 754 666
f 664 753 665
f 666 755 667
f 667 757 668
f 668 758 669
f 669 760 670
f 670 761 671
f 671 762 672
f 672 764 673
f 673 765 674
f 674 767 675
f 675 768 676
f 676 770 677
f 677 771 678
f 678 772 680
f 679 774 681
f 679 680 773
f 681 777 682
f 682 778 683
f 683 779 684
f 684 781 685
f 685 784 686
f 686 782 687
f 687 785 688
f 688 787 689
f 689 788 690
f 690 789 691
f 691 791 692
f 692 793 693
f 693 794 694
f 694 795 695
f 695 796 696
f 696 798 697
f 697 799 698
f 698 801 700
f 699 700 803
f 701 805 702
f 699 804 701
f 702 807 703
f 703 808 704
f 704 810 705
f 705 811 706
f 706 812 707
f 707 813 708
f 708 814 709
f 709 816 710
f 710 818 711
f 711 819 712
f 712 821 713
f 713 822 714
f 651 734 733
f 652 733 735
f 653 735 736
f 653 736 737
f 654 737 738
f 655 738 740
f 655 740 739
f 656 739 742
f 657 742 741
f 658 743 745
f 659 741 744
f 659 744 743
f 660 745 746
f 661 746 747
f 661 747 748
f 662 748 749
f 663 749 750
f 663 750 751
f 664 751 753
f 665 753 752
f 665 752 754
f 666 754 755
f 667 755 756
f 667 756 757
f 668 757 758
f 669 758 759
f 669 759 760
f 670 760 761
f 671 761 762
f 672 763 764
f 672 762 763
f 673 764 765
f 674 765 766
f 674 766 767
f 675 767 768
f 676 768 769
f 676 769 770
f 677 770 771
f 678 771 772
f 680 772 775
f 679 773 774
f 680 775 773
f 681 774 776
f 681 776 777
f 682 777 778
f 683 778 780
f 683 780 779
f 684 779 781
f 685 781 784
f 686 783 782
f 686 784 783
f 687 782 785
f 688 785 786
f 688 786 787
f 689 787 788
f 690 788 790
f 690 790 789
f 691 789 791
f 692 791 793
f 693 793 792
f 693 792 794
f 694 794 795
f 695 795 796
f 696 796 797
f 696 797 798
f 697 798 799
f 698 800 801
f 698 799 800
f 700 801 803
f 699 802 804
f 699 803 802
f 701 804 805
f 702 805 806
f 702 806 807
f 703 807 808
f 704 808 809
f 704 809 810
f 706 811 812
f 705 810 811
f 708 813 814
f 707 812 815
f 707 815 813
f 709 814 816
f 710 816 817
f 710 817 818
f 711 818 819
f 712 819 820
f 712 820 821
f 713 821 822
f 714 822 823
f 715 714 824
f 714 883 824
f 731 855 732
f 732 855 734
f 733 734 855
f 733 855 735
f 735 856 736
f 736 856 737
f 737 856 738
f 738 857 740
f 739 740 857
f 739 857 742
f 741 742 858
f 743 858 745
f 741 858 744
f 743 744 858
f 746 859 747
f 745 859 746
f 747 859 748
f 748 860 749
f 749 860 750
f 750 860 751
f 754 861 755
f 751 861 753
f 752 753 861
f 752 861 754
f 755 862 756
f 756 862 757
f 757 862 758
f 758 863 759
f 759 863 760
f 760 863 761
f 761 864 762
f 763 864 764
f 762 864 763
f 764 864 765
f 765 865 766
f 766 865 767
f 767 865 768
f 768 866 769
f 769 866 770
f 770 866 771
f 771 867 772
f 772 867 775
f 773 867 774
f 773 775 867
f 774 868 776
f 776 868 777
f 777 868 778
f 778 869 780
f 779 780 869
f 779 869 781
f 782 870 785
f 781 870 784
f 782 783 870
f 783 784 870
f 785 871 786
f 786 871 787
f 787 871 788
f 788 872 790
f 789 872 791
f 789 790 872
f 791 873 793
f 792 793 873
f 794 873 795
f 792 873 794
f 796 874 797
f 795 874 796
f 797 874 798
f 798 875 799
f 799 875 800
f 800 875 801
f 801 876 803
f 802 876 804
f 802 803 876
f 804 876 805
f 805 877 806
f 806 877 807
f 807 877 808
f 808 878 809
f 810 878 811
f 809 878 810
f 811 879 812
f 813 879 814
f 812 879 815
f 813 815 879
f 814 880 816
f 816 880 817
f 817 880 818
f 818 881 819
f 819 881 820
f 820 881 821
f 821 882 822
f 822 882 823
f 714 823 883
f 526 721 828
f 715 824 825
f 717 825 826
f 717 826 827
f 718 834 725
f 718 827 884
f 721 722 829
f 722 723 830
f 720 728 833
f 724 831 723
f 724 719 831
f 719 720 833
f 725 835 726
f 726 836 727
f 728 729 838
f 729 730 839
f 727 839 730
f 824 883 825
f 825 883 826
f 826 884 827
f 718 884 834
f 826 883 884
f 721 829 828
f 722 830 829
f 723 831 830
f 719 832 831
f 719 833 832
f 727 836 839
f 725 834 835
f 726 835 836
f 728 837 833
f 728 838 837
f 729 839 838
f 522 1502 840
f 522 840 721
f 840 1502 1508
f 527 828 841
f 721 840 1508
f 717 1518 649
f 724 1506 719
f 719 842 720
f 721 843 722
f 722 844 723
f 724 723 845
f 717 718 1518
f 718 725 1519
f 725 726 1523
f 727 730 1524
f 729 1517 730
f 720 1513 728
f 728 846 729
f 726 727 1526
f 1518 1504 649
f 1504 1527 649
f 724 1505 1506
f 719 1506 842
f 720 842 1507
f 720 1507 1512
f 721 1508 843
f 722 843 1509
f 722 1509 844
f 723 844 1510
f 723 1510 845
f 724 845 1511
f 724 1511 1505
f 729 846 1514
f 720 1512 1513
f 728 1513 846
f 729 1514 1516
f 730 1515 1524
f 729 1516 1517
f 730 1517 1515
f 718 1520 1518
f 718 1519 1520
f 725 1522 1519
f 725 1523 1522
f 726 1521 1523
f 727 1524 1525
f 727 1525 1526
f 726 1526 1521
f 828 829 1530
f 829 830 847
f 830 831 1533
f 831 832 1535
f 832 833 1537
f 834 850 835
f 833 837 1539
f 837 838 1541
f 838 839 1543
f 836 848 839
f 835 849 836
f 828 1528 841
f 828 1529 1528
f 828 1530 1529
f 829 847 1530
f 830 1531 847
f 830 1532 1531
f 830 1533 1532
f 831 1534 1533
f 831 1535 1534
f 832 1536 1535
f 832 1537 1536
f 833 1538 1537
f 833 1539 1538
f 837 1540 1539
f 837 1541 1540
f 838 1542 1541
f 839 848 1543
f 838 1543 1542
f 835 1545 849
f 835 850 1545
f 834 1546 850
f 834 993 1546
f 836 1544 848
f 836 849 1544
f 512 851 523
f 515 852 851
f 515 2670 852
f 2670 2672 852
f 852 853 851
f 851 853 854
f 852 2672 853
f 853 2672 854
f 854 2672 2676
f 731 851 855
f 851 886 855
f 735 855 856
f 738 856 857
f 742 857 858
f 745 858 859
f 748 859 860
f 751 860 861
f 755 861 862
f 758 862 863
f 761 863 864
f 765 864 865
f 768 865 866
f 771 866 867
f 774 867 868
f 778 868 869
f 781 869 870
f 785 870 871
f 788 871 872
f 791 872 873
f 795 873 874
f 798 874 875
f 801 875 876
f 805 876 877
f 808 877 878
f 811 878 879
f 814 879 880
f 818 880 881
f 821 881 882
f 823 882 883
f 883 882 885
f 855 891 856
f 856 894 857
f 857 898 858
f 858 902 859
f 859 906 860
f 860 909 861
f 861 913 862
f 862 916 863
f 863 920 864
f 864 924 865
f 865 927 866
f 866 931 867
f 867 934 868
f 868 938 869
f 869 942 870
f 870 946 871
f 871 949 872
f 872 953 873
f 873 957 874
f 874 961 875
f 875 964 876
f 876 968 877
f 877 971 878
f 878 975 879
f 879 978 880
f 880 983 881
f 881 987 882
f 882 986 888
f 883 885 991
f 883 991 990
f 883 990 995
f 851 854 886
f 854 2676 886
f 886 2676 2679
f 886 887 855
f 887 889 855
f 855 889 890
f 855 890 891
f 856 891 892
f 856 892 893
f 856 893 894
f 857 894 895
f 857 897 896
f 857 895 897
f 857 896 898
f 858 898 899
f 858 900 902
f 858 899 901
f 858 901 900
f 859 902 903
f 859 903 905
f 859 905 904
f 859 904 906
f 860 907 908
f 860 906 907
f 860 908 909
f 861 909 912
f 861 910 913
f 861 912 911
f 861 911 910
f 862 913 914
f 862 914 915
f 862 915 916
f 863 916 917
f 863 917 918
f 863 918 919
f 863 919 920
f 864 920 921
f 864 922 923
f 864 921 922
f 864 923 924
f 865 924 925
f 865 925 926
f 865 926 927
f 866 927 928
f 866 928 929
f 866 929 930
f 866 930 931
f 867 931 932
f 867 932 935
f 867 933 934
f 867 935 933
f 868 934 936
f 868 936 937
f 868 937 938
f 869 938 939
f 869 940 941
f 869 939 940
f 869 941 942
f 870 942 945
f 870 943 946
f 870 944 943
f 870 945 944
f 871 946 947
f 871 947 948
f 871 948 949
f 872 949 950
f 872 950 951
f 872 952 953
f 872 951 952
f 873 953 955
f 873 955 954
f 873 956 957
f 873 954 956
f 874 957 958
f 874 958 959
f 874 959 960
f 874 960 961
f 875 961 962
f 875 962 963
f 875 963 964
f 876 964 966
f 876 965 967
f 876 966 965
f 876 967 968
f 877 968 969
f 877 969 970
f 877 970 971
f 878 971 972
f 878 974 975
f 878 973 974
f 878 972 973
f 879 975 976
f 879 977 978
f 879 976 979
f 879 979 977
f 880 978 980
f 880 980 981
f 880 981 982
f 880 982 983
f 881 984 985
f 881 983 984
f 881 985 987
f 882 987 988
f 882 988 986
f 888 986 989
f 882 888 992
f 882 992 885
f 886 2679 887
f 887 2680 889
f 887 2679 2680
f 889 2680 890
f 890 2681 891
f 891 2682 892
f 892 2683 893
f 893 2683 894
f 894 2684 895
f 895 2685 897
f 896 897 2685
f 896 2686 898
f 898 2687 899
f 900 2688 902
f 899 2689 901
f 900 901 2689
f 902 2690 903
f 903 2691 905
f 904 905 2691
f 904 2692 906
f 906 2693 907
f 907 2693 908
f 908 2694 909
f 909 2695 912
f 911 912 2696
f 910 911 2696
f 910 2697 913
f 913 2698 914
f 914 2699 915
f 915 2699 916
f 916 2700 917
f 917 2701 918
f 918 2701 919
f 919 2702 920
f 920 2703 921
f 922 2704 923
f 921 2704 922
f 923 2705 924
f 924 2706 925
f 925 2707 926
f 926 2707 927
f 927 2708 928
f 928 2709 929
f 929 2709 930
f 930 2710 931
f 931 2711 932
f 932 2712 935
f 933 2713 934
f 933 935 2712
f 934 2714 936
f 936 2715 937
f 937 2715 938
f 938 2716 939
f 939 2717 940
f 940 2717 941
f 941 2718 942
f 942 2719 945
f 943 944 2720
f 944 945 2720
f 946 2722 947
f 943 2721 946
f 947 2723 948
f 948 2723 949
f 949 2724 950
f 950 2725 951
f 952 2726 953
f 951 2725 952
f 953 2728 955
f 954 955 2727
f 954 2727 956
f 956 2729 957
f 957 2730 958
f 958 2731 959
f 959 2731 960
f 960 2732 961
f 961 2733 962
f 962 2733 963
f 963 2734 964
f 964 2735 966
f 965 2736 967
f 965 966 2736
f 967 2737 968
f 968 2738 969
f 969 2739 970
f 970 2739 971
f 971 2740 972
f 972 2741 973
f 973 2741 974
f 975 2743 976
f 974 2742 975
f 977 2745 978
f 976 2744 979
f 977 979 2744
f 978 2746 980
f 980 2747 981
f 981 2747 982
f 982 2748 983
f 984 2749 985
f 983 2749 984
f 985 2750 987
f 987 2751 988
f 986 988 2752
f 890 2680 2681
f 891 2681 2682
f 892 2682 2683
f 894 2683 2684
f 895 2684 2685
f 896 2685 2686
f 898 2686 2687
f 899 2687 2689
f 900 2689 2688
f 902 2688 2690
f 903 2690 2691
f 904 2691 2692
f 906 2692 2693
f 908 2693 2694
f 909 2694 2695
f 910 2696 2697
f 912 2695 2696
f 913 2697 2698
f 914 2698 2699
f 916 2699 2700
f 917 2700 2701
f 919 2701 2702
f 920 2702 2703
f 921 2703 2704
f 923 2704 2705
f 924 2705 2706
f 925 2706 2707
f 927 2707 2708
f 928 2708 2709
f 930 2709 2710
f 931 2710 2711
f 932 2711 2712
f 934 2713 2714
f 933 2712 2713
f 936 2714 2715
f 938 2715 2716
f 939 2716 2717
f 941 2717 2718
f 942 2718 2719
f 945 2719 2720
f 943 2720 2721
f 946 2721 2722
f 947 2722 2723
f 949 2723 2724
f 950 2724 2725
f 952 2725 2726
f 953 2726 2728
f 955 2728 2727
f 956 2727 2729
f 957 2729 2730
f 958 2730 2731
f 960 2731 2732
f 961 2732 2733
f 963 2733 2734
f 964 2734 2735
f 966 2735 2736
f 968 2737 2738
f 967 2736 2737
f 969 2738 2739
f 971 2739 2740
f 972 2740 2741
f 974 2741 2742
f 975 2742 2743
f 976 2743 2744
f 977 2744 2745
f 978 2745 2746
f 980 2746 2747
f 982 2747 2748
f 983 2748 2749
f 985 2749 2750
f 987 2750 2751
f 988 2751 2752
f 986 2752 989
f 888 989 992
f 885 992 991
f 990 991 2875
f 990 2875 995
f 992 2876 991
f 991 2876 2875
f 883 994 884
f 884 993 834
f 883 995 1874
f 883 1874 994
f 884 1873 993
f 884 994 1873
f 995 1875 1874
f 2875 3915 995
f 342 1038 996
f 345 998 1041
f 345 1041 999
f 346 999 1042
f 347 1000 1043
f 346 1042 1000
f 347 1043 1001
f 348 1001 1039
f 348 1039 1002
f 349 1002 1040
f 349 1040 1003
f 1003 1040 1004
f 351 1008 1047
f 1004 1044 1005
f 350 1005 1045
f 350 1045 1006
f 1006 1045 1007
f 1007 1046 1008
f 351 1047 1009
f 1009 1047 1010
f 1010 1048 1011
f 352 1011 1049
f 352 1049 1012
f 353 1012 1049
f 353 1053 1013
f 343 996 1050
f 343 1050 997
f 344 997 1052
f 344 1052 998
f 1013 1053 1502
f 996 1038 1014
f 996 1014 1051
f 999 1041 1042
f 1000 1042 1043
f 1001 1043 1039
f 1002 1039 1040
f 1008 1046 1047
f 1010 1047 1048
f 1011 1048 1049
f 353 1049 1053
f 1004 1040 1044
f 1005 1044 1045
f 1007 1045 1046
f 997 1050 1052
f 996 1051 1050
f 998 1052 1041
f 1015 1016 1251
f 1016 1017 1251
f 1017 1018 1249
f 354 1250 1018
f 354 1019 1250
f 1024 1025 1253
f 1025 1015 1253
f 357 1256 1029
f 357 1031 1256
f 358 1257 1031
f 355 1254 1030
f 355 1029 1254
f 356 1255 1019
f 356 1030 1255
f 358 1032 1257
f 359 1258 1032
f 359 1033 1258
f 1033 1034 1258
f 1034 1035 1259
f 1035 1036 1259
f 1036 1037 1263
f 1020 1024 1252
f 1020 1252 1023
f 1021 1260 1022
f 1021 1023 1260
f 1026 1022 1261
f 1026 1261 1027
f 1027 1262 1028
f 841 1263 1037
f 1015 1251 1253
f 1017 1249 1251
f 1018 1250 1249
f 1024 1253 1252
f 1031 1257 1256
f 1032 1258 1257
f 1034 1259 1258
f 1036 1263 1259
f 1030 1254 1255
f 1019 1255 1250
f 1029 1256 1254
f 1023 1252 1260
f 1022 1260 1261
f 1027 1261 1262
f 1053 1547 1502
f 841 1553 1263
f 1014 1038 1051
f 1051 1038 1054
f 1054 1038 1055
f 1051 1054 1247
f 1054 1178 1247
f 1055 1038 1056
f 1054 1055 1178
f 1055 1062 1178
f 1055 1056 1062
f 1062 1056 1057
f 1069 1057 1058
f 1074 1058 1059
f 1075 1059 1077
f 1060 1057 1061
f 1060 1062 1057
f 1063 1057 1064
f 1061 1057 1063
f 1064 1057 1065
f 1065 1057 1066
f 1066 1057 1067
f 1067 1057 1068
f 1068 1057 1070
f 1070 1057 1071
f 1069 1071 1057
f 1069 1058 1072
f 1073 1058 1074
f 1072 1058 1073
f 1074 1059 1075
f 1093 1077 1078
f 1104 1078 1079
f 1108 1079 1080
f 1109 1080 1081
f 1111 1081 1082
f 1075 1077 1076
f 1076 1077 1087
f 1087 1077 1089
f 1088 1089 1077
f 1088 1077 1090
f 1090 1077 1091
f 1091 1077 1093
f 1092 1078 1094
f 1092 1093 1078
f 1094 1078 1096
f 1095 1096 1078
f 1095 1078 1097
f 1097 1078 1098
f 1098 1078 1099
f 1099 1078 1100
f 1100 1078 1101
f 1101 1078 1102
f 1102 1078 1104
f 1103 1104 1079
f 1103 1079 1105
f 1105 1079 1107
f 1106 1107 1079
f 1106 1079 1108
f 1108 1080 1109
f 1109 1081 1110
f 1110 1081 1112
f 1111 1112 1081
f 1111 1082 1115
f 1114 1115 1082
f 1114 1082 1083
f 1123 1083 1084
f 1129 1084 1085
f 1128 1085 1086
f 1113 1114 1083
f 1113 1083 1116
f 1116 1083 1117
f 1117 1083 1118
f 1118 1083 1119
f 1119 1083 1120
f 1120 1083 1122
f 1121 1122 1083
f 1121 1083 1124
f 1124 1083 1125
f 1123 1125 1083
f 1123 1084 1126
f 1126 1084 1127
f 1127 1084 1129
f 1128 1129 1085
f 1128 1086 1130
f 1130 1086 1131
f 1131 1086 1132
f 1132 1086 1134
f 1133 1134 1086
f 1133 1086 1135
f 1135 1086 1136
f 1136 1086 1139
f 1154 1139 1140
f 1159 1140 1141
f 1136 1139 1137
f 1138 1139 1146
f 1137 1139 1138
f 1146 1139 1147
f 1147 1139 1148
f 1148 1139 1149
f 1149 1139 1150
f 1150 1139 1151
f 1151 1139 1152
f 1152 1139 1155
f 1154 1155 1139
f 1153 1140 1156
f 1153 1154 1140
f 1156 1140 1157
f 1157 1140 1158
f 1158 1140 1159
f 1159 1141 1160
f 1160 1141 1161
f 1161 1141 1142
f 1167 1143 1144
f 1164 1142 1143
f 1168 1144 1145
f 1161 1142 1163
f 1162 1163 1142
f 1162 1142 1165
f 1164 1165 1142
f 1164 1143 1166
f 1166 1143 1167
f 1167 1144 1168
f 1168 1145 1169
f 1169 1145 1170
f 1170 1145 1171
f 1171 1145 1172
f 1172 1145 1173
f 1174 1145 1175
f 1173 1145 1174
f 1175 1145 1176
f 1061 1063 1180
f 1060 1061 1180
f 1060 1179 1062
f 1063 1064 1181
f 1064 1065 1182
f 1065 1066 1183
f 1066 1067 1183
f 1067 1068 1184
f 1068 1070 1185
f 1070 1071 1185
f 1069 1072 1186
f 1069 1186 1071
f 1073 1074 1187
f 1072 1073 1187
f 1074 1075 1188
f 1075 1076 1189
f 1087 1089 1190
f 1076 1087 1190
f 1088 1191 1089
f 1088 1090 1192
f 1090 1091 1192
f 1092 1094 1194
f 1092 1193 1093
f 1091 1093 1193
f 1094 1096 1194
f 1095 1195 1096
f 1095 1097 1196
f 1097 1098 1196
f 1098 1099 1197
f 1099 1100 1198
f 1100 1101 1199
f 1101 1102 1199
f 1102 1104 1201
f 1105 1107 1200
f 1103 1105 1200
f 1103 1201 1104
f 1106 1202 1107
f 1106 1108 1203
f 1108 1109 1203
f 1109 1110 1204
f 1110 1112 1206
f 1111 1205 1112
f 1111 1115 1205
f 1113 1116 1208
f 1113 1207 1114
f 1114 1207 1115
f 1116 1117 1208
f 1117 1118 1209
f 1118 1119 1210
f 1119 1120 1211
f 1120 1122 1211
f 1121 1212 1122
f 1121 1124 1213
f 1124 1125 1213
f 1123 1214 1125
f 1123 1126 1214
f 1127 1129 1215
f 1126 1127 1215
f 1128 1216 1129
f 1128 1130 1217
f 1130 1131 1217
f 1131 1132 1218
f 1132 1134 1219
f 1133 1220 1134
f 1133 1135 1220
f 1135 1136 1221
f 1136 1137 1221
f 1138 1146 1222
f 1137 1138 1222
f 1146 1147 1223
f 1147 1148 1224
f 1148 1149 1224
f 1149 1150 1225
f 1150 1151 1226
f 1151 1152 1227
f 1152 1155 1227
f 1153 1228 1154
f 1154 1228 1155
f 1156 1157 1229
f 1153 1156 1229
f 1157 1158 1230
f 1158 1159 1231
f 1159 1160 1231
f 1160 1161 1232
f 1161 1163 1233
f 1162 1235 1163
f 1162 1165 1235
f 1164 1234 1165
f 1164 1166 1234
f 1167 1168 1236
f 1166 1167 1236
f 1168 1169 1237
f 1169 1170 1238
f 1170 1171 1238
f 1171 1172 1239
f 1172 1173 1240
f 1173 1174 1241
f 1174 1175 1241
f 1175 1176 1242
f 1176 1177 1242
f 1177 1244 1243
f 1178 1062 1179
f 1248 1178 1179
f 1060 1180 1179
f 1063 1181 1180
f 1064 1182 1181
f 1065 1183 1182
f 1067 1184 1183
f 1068 1185 1184
f 1071 1186 1185
f 1072 1187 1186
f 1074 1188 1187
f 1075 1189 1188
f 1076 1190 1189
f 1089 1191 1190
f 1088 1192 1191
f 1091 1193 1192
f 1092 1194 1193
f 1095 1196 1195
f 1096 1195 1194
f 1098 1197 1196
f 1099 1198 1197
f 1100 1199 1198
f 1102 1201 1199
f 1103 1200 1201
f 1107 1202 1200
f 1106 1203 1202
f 1109 1204 1203
f 1110 1206 1204
f 1112 1205 1206
f 1115 1207 1205
f 1113 1208 1207
f 1117 1209 1208
f 1118 1210 1209
f 1119 1211 1210
f 1122 1212 1211
f 1121 1213 1212
f 1125 1214 1213
f 1126 1215 1214
f 1129 1216 1215
f 1128 1217 1216
f 1131 1218 1217
f 1132 1219 1218
f 1134 1220 1219
f 1135 1221 1220
f 1137 1222 1221
f 1146 1223 1222
f 1147 1224 1223
f 1149 1225 1224
f 1150 1226 1225
f 1151 1227 1226
f 1155 1228 1227
f 1153 1229 1228
f 1157 1230 1229
f 1158 1231 1230
f 1160 1232 1231
f 1161 1233 1232
f 1163 1235 1233
f 1165 1234 1235
f 1166 1236 1234
f 1168 1237 1236
f 1169 1238 1237
f 1171 1239 1238
f 1172 1240 1239
f 1173 1241 1240
f 1175 1242 1241
f 1177 1243 1242
f 1243 1244 1245
f 1245 1357 1246
f 1243 1245 1246
f 1039 1043 1249
f 1039 1250 1040
f 1041 1253 1042
f 1042 1251 1043
f 1040 1250 1044
f 1044 1254 1045
f 1050 1260 1052
f 1041 1052 1252
f 1050 1051 1261
f 1046 1257 1047
f 1045 1254 1046
f 1047 1257 1048
f 1048 1258 1049
f 1049 1259 1053
f 1051 1247 1262
f 1247 1178 1248
f 1262 1248 1179
f 1039 1249 1250
f 1042 1253 1251
f 1041 1252 1253
f 1043 1251 1249
f 1044 1250 1255
f 1044 1255 1254
f 1046 1254 1256
f 1046 1256 1257
f 1048 1257 1258
f 1049 1258 1259
f 1259 1263 1053
f 1052 1260 1252
f 1050 1261 1260
f 1051 1262 1261
f 1262 1247 1248
f 1053 1263 1552
f 1180 1181 1265
f 1179 1180 1264
f 1181 1182 1268
f 1182 1183 1269
f 1183 1184 1271
f 1184 1185 1273
f 1185 1186 1274
f 1186 1187 1275
f 1187 1188 1276
f 1188 1189 1278
f 1189 1190 1279
f 1190 1191 1281
f 1191 1192 1282
f 1192 1193 1283
f 1193 1194 1285
f 1194 1195 1286
f 1195 1196 1287
f 1196 1197 1289
f 1197 1198 1290
f 1198 1199 1292
f 1199 1201 1293
f 1200 1202 1296
f 1200 1294 1201
f 1202 1203 1297
f 1203 1204 1299
f 1204 1206 1300
f 1205 1302 1206
f 1205 1207 1305
f 1207 1208 1303
f 1208 1209 1306
f 1209 1210 1308
f 1210 1211 1309
f 1211 1212 1311
f 1212 1213 1313
f 1213 1214 1314
f 1214 1215 1315
f 1215 1216 1316
f 1216 1217 1317
f 1217 1218 1319
f 1218 1219 1320
f 1219 1220 1322
f 1220 1221 1323
f 1222 1223 1326
f 1221 1222 1325
f 1223 1224 1327
f 1224 1225 1329
f 1225 1226 1330
f 1226 1227 1332
f 1227 1228 1335
f 1228 1229 1333
f 1229 1230 1336
f 1230 1231 1337
f 1231 1232 1339
f 1232 1233 1340
f 1233 1235 1342
f 1234 1344 1235
f 1236 1237 1346
f 1234 1236 1345
f 1237 1238 1348
f 1238 1239 1349
f 1239 1240 1350
f 1240 1241 1352
f 1241 1242 1353
f 1180 1265 1264
f 1179 1264 1266
f 1181 1267 1265
f 1181 1268 1267
f 1182 1269 1268
f 1183 1271 1270
f 1183 1270 1269
f 1184 1273 1271
f 1185 1274 1273
f 1186 1275 1272
f 1186 1272 1274
f 1187 1276 1275
f 1188 1277 1276
f 1188 1278 1277
f 1189 1279 1278
f 1190 1280 1279
f 1190 1281 1280
f 1191 1282 1281
f 1192 1283 1282
f 1194 1286 1285
f 1193 1285 1284
f 1193 1284 1283
f 1195 1287 1286
f 1196 1288 1287
f 1196 1289 1288
f 1197 1290 1289
f 1198 1292 1291
f 1198 1291 1290
f 1199 1293 1292
f 1201 1295 1293
f 1200 1296 1294
f 1201 1294 1295
f 1203 1298 1297
f 1202 1297 1296
f 1203 1299 1298
f 1204 1300 1299
f 1206 1301 1300
f 1205 1305 1302
f 1206 1302 1301
f 1208 1306 1303
f 1207 1303 1304
f 1207 1304 1305
f 1209 1307 1306
f 1209 1308 1307
f 1210 1309 1308
f 1211 1310 1309
f 1211 1311 1310
f 1212 1313 1311
f 1213 1314 1313
f 1214 1312 1314
f 1214 1315 1312
f 1215 1316 1315
f 1216 1317 1316
f 1217 1318 1317
f 1217 1319 1318
f 1218 1320 1319
f 1219 1321 1320
f 1219 1322 1321
f 1220 1323 1322
f 1221 1324 1323
f 1221 1325 1324
f 1222 1326 1325
f 1223 1327 1326
f 1224 1328 1327
f 1224 1329 1328
f 1225 1330 1329
f 1226 1331 1330
f 1226 1332 1331
f 1227 1335 1332
f 1228 1333 1334
f 1228 1334 1335
f 1229 1336 1333
f 1230 1337 1336
f 1231 1338 1337
f 1231 1339 1338
f 1232 1340 1339
f 1233 1341 1340
f 1233 1342 1341
f 1235 1344 1342
f 1234 1343 1344
f 1234 1345 1343
f 1236 1346 1345
f 1237 1348 1346
f 1238 1347 1348
f 1238 1349 1347
f 1239 1350 1349
f 1240 1351 1350
f 1240 1352 1351
f 1241 1353 1352
f 1242 1354 1353
f 1242 1243 1355
f 1242 1355 1354
f 1243 1356 1355
f 1262 1179 1266
f 1264 1265 1364
f 1264 1364 1266
f 1265 1267 1365
f 1267 1268 1365
f 1268 1269 1365
f 1270 1271 1366
f 1269 1270 1366
f 1271 1273 1366
f 1273 1274 1367
f 1272 1275 1367
f 1272 1367 1274
f 1275 1276 1367
f 1276 1277 1368
f 1277 1278 1368
f 1278 1279 1368
f 1279 1280 1369
f 1280 1281 1369
f 1281 1282 1369
f 1282 1283 1370
f 1285 1286 1370
f 1284 1285 1370
f 1283 1284 1370
f 1286 1287 1371
f 1287 1288 1371
f 1288 1289 1371
f 1289 1290 1372
f 1291 1292 1372
f 1290 1291 1372
f 1292 1293 1373
f 1293 1295 1373
f 1294 1296 1373
f 1294 1373 1295
f 1296 1297 1374
f 1297 1298 1374
f 1298 1299 1374
f 1299 1300 1375
f 1300 1301 1375
f 1301 1302 1375
f 1302 1305 1376
f 1303 1306 1376
f 1303 1376 1304
f 1304 1376 1305
f 1306 1307 1377
f 1307 1308 1377
f 1308 1309 1377
f 1309 1310 1378
f 1310 1311 1378
f 1311 1313 1378
f 1313 1314 1379
f 1312 1379 1314
f 1315 1316 1379
f 1312 1315 1379
f 1316 1317 1380
f 1317 1318 1380
f 1318 1319 1380
f 1319 1320 1381
f 1320 1321 1381
f 1321 1322 1381
f 1322 1323 1382
f 1323 1324 1382
f 1324 1325 1382
f 1325 1326 1382
f 1326 1327 1383
f 1327 1328 1383
f 1328 1329 1383
f 1329 1330 1384
f 1330 1331 1384
f 1331 1332 1384
f 1332 1335 1385
f 1333 1336 1385
f 1333 1385 1334
f 1334 1385 1335
f 1336 1337 1386
f 1337 1338 1386
f 1338 1339 1386
f 1339 1340 1387
f 1340 1341 1387
f 1341 1342 1387
f 1342 1344 1388
f 1343 1388 1344
f 1343 1345 1388
f 1345 1346 1388
f 1346 1348 1389
f 1347 1389 1348
f 1347 1349 1389
f 1349 1350 1390
f 1350 1351 1390
f 1351 1352 1390
f 1352 1353 1391
f 1353 1354 1391
f 1354 1355 1391
f 1355 1356 1391
f 1243 1246 1356
f 1356 1246 1359
f 1356 1359 1498
f 1176 1145 1597
f 1176 1597 1177
f 1246 1357 1358
f 1177 1597 1244
f 1244 1597 1245
f 1357 1548 1358
f 1245 1597 1357
f 1053 1552 1547
f 1263 1553 1552
f 1246 1360 1359
f 1246 1358 1360
f 1359 1360 1498
f 1360 1358 1554
f 1360 1554 1498
f 517 1028 1361
f 1028 1262 1361
f 1262 1362 1361
f 516 1361 3299
f 1361 1362 3301
f 3299 1361 3301
f 1262 1364 1363
f 1262 1363 1392
f 1262 1392 1362
f 1363 1364 1393
f 1262 1266 1364
f 1265 1365 1364
f 1269 1366 1365
f 1273 1367 1366
f 1276 1368 1367
f 1279 1369 1368
f 1282 1370 1369
f 1286 1371 1370
f 1289 1372 1371
f 1292 1373 1372
f 1296 1374 1373
f 1299 1375 1374
f 1302 1376 1375
f 1306 1377 1376
f 1309 1378 1377
f 1313 1379 1378
f 1316 1380 1379
f 1319 1381 1380
f 1322 1382 1381
f 1326 1383 1382
f 1329 1384 1383
f 1332 1385 1384
f 1336 1386 1385
f 1339 1387 1386
f 1342 1388 1387
f 1346 1389 1388
f 1349 1390 1389
f 1352 1391 1390
f 1364 1365 1397
f 1365 1366 1400
f 1366 1367 1405
f 1367 1368 1408
f 1368 1369 1411
f 1394 1364 1395
f 1369 1370 1415
f 1370 1371 1419
f 1371 1372 1423
f 1372 1373 1426
f 1373 1374 1430
f 1374 1375 1434
f 1375 1376 1437
f 1376 1377 1441
f 1377 1378 1444
f 1378 1379 1449
f 1379 1380 1452
f 1380 1381 1456
f 1381 1382 1459
f 1382 1383 1463
f 1383 1384 1467
f 1384 1385 1470
f 1385 1386 1474
f 1386 1387 1478
f 1387 1388 1481
f 1388 1389 1484
f 1389 1390 1489
f 1390 1391 1492
f 1356 1498 1391
f 1391 1498 1497
f 1362 1392 3301
f 1392 1363 1393
f 1392 3302 3301
f 1392 1393 3302
f 1393 1364 1394
f 1394 1395 1496
f 1364 1397 1396
f 1364 1396 1395
f 1365 1398 1397
f 1365 1399 1398
f 1365 1400 1399
f 1366 1401 1400
f 1366 1403 1402
f 1366 1402 1401
f 1366 1405 1403
f 1367 1406 1405
f 1367 1407 1404
f 1367 1404 1406
f 1367 1408 1407
f 1368 1410 1409
f 1368 1409 1408
f 1368 1411 1410
f 1369 1412 1411
f 1369 1413 1412
f 1369 1415 1414
f 1369 1414 1413
f 1370 1416 1415
f 1370 1419 1417
f 1370 1417 1418
f 1370 1418 1416
f 1371 1420 1419
f 1371 1421 1420
f 1371 1423 1422
f 1371 1422 1421
f 1372 1424 1423
f 1372 1426 1425
f 1372 1425 1424
f 1373 1427 1426
f 1373 1429 1427
f 1373 1430 1428
f 1373 1428 1429
f 1374 1432 1430
f 1374 1431 1432
f 1374 1433 1431
f 1374 1434 1433
f 1375 1436 1435
f 1375 1435 1434
f 1375 1437 1436
f 1376 1441 1438
f 1376 1440 1437
f 1376 1438 1439
f 1376 1439 1440
f 1377 1442 1441
f 1377 1443 1442
f 1377 1444 1443
f 1378 1445 1444
f 1378 1446 1445
f 1378 1449 1447
f 1378 1447 1446
f 1379 1450 1449
f 1379 1448 1450
f 1379 1452 1451
f 1379 1451 1448
f 1380 1453 1452
f 1380 1454 1453
f 1380 1455 1454
f 1380 1456 1455
f 1381 1457 1456
f 1381 1458 1457
f 1381 1459 1458
f 1382 1460 1459
f 1382 1461 1460
f 1382 1462 1461
f 1382 1463 1462
f 1383 1464 1463
f 1383 1465 1464
f 1383 1466 1465
f 1383 1467 1466
f 1384 1469 1468
f 1384 1468 1467
f 1384 1470 1469
f 1385 1474 1472
f 1385 1471 1470
f 1385 1472 1473
f 1385 1473 1471
f 1386 1475 1474
f 1386 1476 1475
f 1386 1477 1476
f 1386 1478 1477
f 1387 1479 1478
f 1387 1481 1480
f 1387 1480 1479
f 1388 1483 1481
f 1388 1482 1483
f 1388 1485 1482
f 1388 1484 1485
f 1389 1487 1484
f 1389 1486 1487
f 1389 1488 1486
f 1389 1489 1488
f 1390 1491 1490
f 1390 1490 1489
f 1390 1492 1491
f 1391 1494 1492
f 1391 1493 1494
f 1391 1495 1493
f 1391 1497 1495
f 1393 1394 1496
f 1396 1397 3305
f 1395 1396 3304
f 1397 1398 3306
f 1398 1399 3307
f 1399 1400 3307
f 1400 1401 3308
f 1402 1403 3309
f 1401 1402 3309
f 1403 1405 3310
f 1405 1406 3311
f 1404 1407 3312
f 1404 3312 1406
f 1407 1408 3313
f 1408 1409 3314
f 1409 1410 3315
f 1410 1411 3315
f 1411 1412 3316
f 1496 1395 3304
f 1412 1413 3317
f 1413 1414 3317
f 1414 1415 3318
f 1415 1416 3319
f 1417 1419 3320
f 1417 3321 1418
f 1416 1418 3321
f 1419 1420 3322
f 1420 1421 3323
f 1421 1422 3323
f 1422 1423 3324
f 1423 1424 3325
f 1425 1426 3326
f 1424 1425 3325
f 1426 1427 3327
f 1427 1429 3328
f 1428 1430 3329
f 1428 3328 1429
f 1430 1432 3330
f 1431 3331 1432
f 1431 1433 3331
f 1433 1434 3332
f 1435 1436 3333
f 1434 1435 3333
f 1436 1437 3334
f 1437 1440 3335
f 1438 1441 3337
f 1438 3336 1439
f 1439 3336 1440
f 1441 1442 3338
f 1442 1443 3339
f 1443 1444 3339
f 1444 1445 3340
f 1446 1447 3341
f 1445 1446 3341
f 1447 1449 3342
f 1449 1450 3344
f 1448 3343 1450
f 1448 1451 3343
f 1451 1452 3345
f 1452 1453 3346
f 1453 1454 3347
f 1454 1455 3347
f 1455 1456 3348
f 1456 1457 3349
f 1457 1458 3349
f 1458 1459 3350
f 1459 1460 3351
f 1460 1461 3352
f 1461 1462 3352
f 1462 1463 3353
f 1463 1464 3354
f 1464 1465 3355
f 1465 1466 3355
f 1466 1467 3356
f 1468 1469 3357
f 1467 1468 3357
f 1469 1470 3358
f 1470 1471 3359
f 1472 3360 1473
f 1471 1473 3360
f 1472 1474 3361
f 1474 1475 3362
f 1475 1476 3363
f 1476 1477 3363
f 1477 1478 3364
f 1479 1480 3365
f 1478 1479 3365
f 1480 1481 3366
f 1481 1483 3368
f 1482 3367 1483
f 1482 1485 3367
f 1484 3369 1485
f 1484 1487 3370
f 1486 3371 1487
f 1486 1488 3371
f 1488 1489 3372
f 1489 1490 3373
f 1490 1491 3373
f 1491 1492 3374
f 1492 1494 3375
f 1493 3376 1494
f 1397 3306 3305
f 1396 3305 3304
f 1398 3307 3306
f 1400 3308 3307
f 1401 3309 3308
f 1403 3310 3309
f 1405 3311 3310
f 1406 3312 3311
f 1407 3313 3312
f 1408 3314 3313
f 1409 3315 3314
f 1411 3316 3315
f 1412 3317 3316
f 1414 3318 3317
f 1415 3319 3318
f 1416 3321 3319
f 1417 3320 3321
f 1419 3322 3320
f 1420 3323 3322
f 1422 3324 3323
f 1423 3325 3324
f 1425 3326 3325
f 1426 3327 3326
f 1427 3328 3327
f 1430 3330 3329
f 1428 3329 3328
f 1432 3331 3330
f 1433 3332 3331
f 1434 3333 3332
f 1436 3334 3333
f 1437 3335 3334
f 1440 3336 3335
f 1438 3337 3336
f 1441 3338 3337
f 1442 3339 3338
f 1444 3340 3339
f 1445 3341 3340
f 1447 3342 3341
f 1449 3344 3342
f 1450 3343 3344
f 1451 3345 3343
f 1452 3346 3345
f 1453 3347 3346
f 1455 3348 3347
f 1456 3349 3348
f 1458 3350 3349
f 1459 3351 3350
f 1460 3352 3351
f 1463 3354 3353
f 1462 3353 3352
f 1464 3355 3354
f 1466 3356 3355
f 1467 3357 3356
f 1469 3358 3357
f 1470 3359 3358
f 1471 3360 3359
f 1472 3361 3360
f 1474 3362 3361
f 1475 3363 3362
f 1477 3364 3363
f 1478 3365 3364
f 1480 3366 3365
f 1481 3368 3366
f 1483 3367 3368
f 1484 3370 3369
f 1485 3369 3367
f 1487 3371 3370
f 1488 3372 3371
f 1489 3373 3372
f 1491 3374 3373
f 1492 3375 3374
f 1494 3376 3375
f 1493 1495 3376
f 1495 1497 3377
f 1495 3377 3376
f 1497 1498 1499
f 3377 1497 3499
f 1497 1499 3499
f 1498 1877 1501
f 1498 1500 1499
f 1498 1501 1500
f 1499 1500 3553
f 3499 1499 3553
f 1500 1501 3553
f 3553 1501 3922
f 1502 1547 1559
f 841 1528 1503
f 841 1503 1553
f 1503 1768 1553
f 1502 1559 1508
f 842 1506 1557
f 842 1557 1507
f 1505 1557 1506
f 1507 1558 1512
f 843 1508 1559
f 843 1559 1509
f 844 1509 1560
f 844 1560 1510
f 845 1510 1561
f 845 1561 1511
f 1511 1562 1505
f 846 1513 1563
f 1512 1563 1513
f 846 1563 1514
f 1514 1564 1516
f 1516 1565 1517
f 1517 1565 1515
f 1519 1522 1570
f 1519 1570 1520
f 1521 1566 1523
f 1523 1566 1522
f 1515 1567 1524
f 1524 1567 1525
f 1525 1568 1526
f 1526 1568 1521
f 1518 1520 1571
f 1504 1571 1527
f 1518 1571 1504
f 1505 1562 1557
f 1507 1557 1558
f 1509 1559 1560
f 1510 1560 1561
f 1511 1561 1562
f 1512 1558 1563
f 1514 1563 1564
f 1515 1565 1567
f 1516 1564 1565
f 1525 1567 1568
f 1521 1568 1566
f 1520 1570 1571
f 1522 1566 1570
f 1528 1529 1768
f 1529 1530 1769
f 847 1769 1530
f 847 1531 1769
f 1531 1532 1770
f 1532 1533 1771
f 1533 1534 1771
f 1534 1535 1772
f 1535 1536 1772
f 1536 1537 1773
f 1537 1538 1773
f 1538 1539 1774
f 1539 1540 1774
f 1540 1541 1775
f 1541 1542 1775
f 848 1776 1543
f 848 1544 1776
f 1542 1543 1776
f 849 1777 1544
f 849 1545 1777
f 850 1778 1545
f 850 1546 1778
f 993 1779 1546
f 1503 1528 1768
f 1529 1769 1768
f 1531 1770 1769
f 1532 1771 1770
f 1534 1772 1771
f 1536 1773 1772
f 1538 1774 1773
f 1540 1775 1774
f 1542 1776 1775
f 1544 1777 1776
f 1545 1778 1777
f 1546 1779 1778
f 1357 1597 1548
f 1548 1549 1551
f 1358 1548 1551
f 1549 1550 1551
f 1548 1597 1549
f 1550 1574 1551
f 1547 1552 1559
f 1552 1553 1768
f 1358 1551 1554
f 1554 1551 1555
f 1551 1574 1556
f 1551 1556 1555
f 1554 1555 1877
f 1555 1556 1877
f 1571 1569 1527
f 1569 1575 1527
f 1575 1577 1527
f 1570 1765 1571
f 1571 1764 1569
f 1569 1764 1698
f 1549 1597 1550
f 1550 1572 1574
f 1550 1597 1572
f 1572 1597 1573
f 1572 1573 1699
f 1572 1699 1574
f 1569 1698 1575
f 1575 1698 1582
f 1573 1597 1576
f 1576 1597 1607
f 1573 1576 1699
f 1576 1607 1711
f 1575 1582 1577
f 1588 1578 1577
f 1590 1579 1578
f 1580 1581 1577
f 1580 1577 1582
f 1581 1583 1577
f 1583 1584 1577
f 1584 1585 1577
f 1585 1586 1577
f 1586 1587 1577
f 1587 1588 1577
f 1588 1591 1578
f 1591 1592 1578
f 1589 1579 1590
f 1590 1578 1592
f 1589 1593 1579
f 1593 1594 1579
f 1594 1595 1579
f 1595 1596 1579
f 1596 1647 1579
f 1647 1649 1579
f 1648 1579 1649
f 1607 1597 1599
f 1617 1599 1598
f 1620 1598 1600
f 1606 1607 1599
f 1606 1599 1608
f 1608 1599 1609
f 1609 1599 1610
f 1610 1599 1611
f 1611 1599 1612
f 1612 1599 1613
f 1613 1599 1614
f 1614 1599 1616
f 1615 1616 1599
f 1618 1598 1620
f 1615 1599 1617
f 1617 1598 1618
f 1619 1621 1600
f 1620 1600 1621
f 1622 1600 1601
f 1624 1601 1602
f 1626 1602 1603
f 1631 1604 1644
f 1628 1603 1605
f 1634 1605 1604
f 1619 1600 1622
f 1622 1601 1623
f 1623 1601 1624
f 1624 1602 1625
f 1625 1602 1626
f 1626 1603 1627
f 1627 1603 1628
f 1630 1636 1604
f 1630 1604 1631
f 1631 1644 1633
f 1634 1635 1605
f 1629 1605 1635
f 1628 1605 1629
f 1634 1604 1636
f 1653 1637 1579
f 1654 1638 1637
f 1671 1641 1638
f 1660 1639 1642
f 1665 1640 1639
f 1671 1642 1641
f 1646 1655 1637
f 1654 1637 1655
f 1648 1650 1579
f 1650 1651 1579
f 1651 1653 1579
f 1646 1637 1652
f 1652 1637 1653
f 1656 1657 1638
f 1654 1656 1638
f 1669 1638 1670
f 1669 1671 1638
f 1657 1670 1638
f 1658 1660 1642
f 1661 1663 1639
f 1659 1661 1639
f 1659 1639 1660
f 1662 1639 1663
f 1662 1668 1639
f 1667 1639 1668
f 1665 1696 1640
f 1664 1639 1667
f 1664 1666 1639
f 1665 1639 1666
f 1658 1642 1671
f 1680 1643 1645
f 1692 1644 1643
f 1672 1643 1673
f 1672 1687 1643
f 1674 1676 1645
f 1675 1679 1645
f 1681 1682 1645
f 1680 1645 1682
f 1678 1645 1679
f 1678 1681 1645
f 1675 1645 1676
f 1677 1685 1643
f 1677 1643 1680
f 1673 1643 1683
f 1683 1643 1684
f 1684 1643 1685
f 1632 1633 1644
f 1632 1644 1691
f 1690 1691 1644
f 1690 1644 1692
f 1686 1643 1688
f 1688 1643 1689
f 1686 1692 1643
f 1687 1689 1643
f 1695 1645 1640
f 1693 1697 1645
f 1693 1645 1694
f 1694 1645 1695
f 1695 1640 1696
f 1674 1645 1697
f 1581 1701 1583
f 1580 1701 1581
f 1580 1582 1700
f 1583 1702 1584
f 1584 1703 1585
f 1585 1704 1586
f 1586 1704 1587
f 1587 1705 1588
f 1588 1706 1591
f 1591 1706 1592
f 1589 1590 1707
f 1590 1592 1707
f 1593 1708 1594
f 1589 1708 1593
f 1594 1709 1595
f 1595 1710 1596
f 1606 1711 1607
f 1608 1609 1712
f 1606 1608 1712
f 1609 1610 1713
f 1610 1611 1714
f 1611 1612 1715
f 1612 1613 1715
f 1613 1614 1716
f 1614 1616 1717
f 1615 1717 1616
f 1618 1620 1719
f 1615 1617 1718
f 1617 1618 1718
f 1619 1720 1621
f 1620 1621 1719
f 1619 1622 1721
f 1622 1623 1721
f 1623 1624 1722
f 1624 1625 1723
f 1625 1626 1724
f 1626 1627 1724
f 1627 1628 1725
f 1628 1629 1725
f 1630 1631 1728
f 1632 1727 1633
f 1631 1633 1728
f 1634 1636 1729
f 1634 1730 1635
f 1629 1635 1730
f 1630 1726 1636
f 1646 1735 1655
f 1647 1731 1649
f 1596 1731 1647
f 1648 1649 1732
f 1648 1733 1650
f 1650 1733 1651
f 1646 1652 1735
f 1652 1653 1734
f 1651 1734 1653
f 1654 1655 1736
f 1654 1737 1656
f 1656 1737 1657
f 1657 1738 1670
f 1658 1740 1660
f 1662 1744 1668
f 1661 1739 1663
f 1659 1739 1661
f 1659 1660 1740
f 1662 1663 1741
f 1664 1743 1666
f 1665 1666 1742
f 1665 1742 1696
f 1667 1668 1744
f 1664 1667 1745
f 1669 1670 1746
f 1669 1747 1671
f 1658 1671 1747
f 1672 1673 1748
f 1673 1683 1748
f 1675 1676 1755
f 1674 1749 1676
f 1677 1680 1752
f 1678 1679 1750
f 1678 1751 1681
f 1681 1751 1682
f 1680 1682 1752
f 1683 1684 1753
f 1684 1685 1754
f 1677 1754 1685
f 1675 1755 1679
f 1686 1688 1756
f 1688 1689 1756
f 1687 1757 1689
f 1632 1691 1758
f 1690 1758 1691
f 1686 1759 1692
f 1690 1692 1759
f 1672 1760 1687
f 1693 1762 1697
f 1693 1694 1762
f 1694 1695 1761
f 1695 1696 1761
f 1674 1697 1763
f 1698 1700 1582
f 1576 1711 1699
f 1580 1700 1701
f 1583 1701 1702
f 1584 1702 1703
f 1585 1703 1704
f 1587 1704 1705
f 1588 1705 1706
f 1589 1707 1708
f 1592 1706 1707
f 1594 1708 1709
f 1595 1709 1710
f 1596 1710 1731
f 1606 1712 1711
f 1609 1713 1712
f 1610 1714 1713
f 1611 1715 1714
f 1613 1716 1715
f 1614 1717 1716
f 1615 1718 1717
f 1618 1719 1718
f 1619 1721 1720
f 1621 1720 1719
f 1623 1722 1721
f 1624 1723 1722
f 1625 1724 1723
f 1629 1730 1725
f 1627 1725 1724
f 1630 1728 1726
f 1633 1727 1728
f 1632 1758 1727
f 1634 1729 1730
f 1636 1726 1729
f 1649 1731 1732
f 1648 1732 1733
f 1651 1733 1734
f 1652 1734 1735
f 1654 1736 1737
f 1655 1735 1736
f 1670 1738 1746
f 1657 1737 1738
f 1658 1747 1740
f 1663 1739 1741
f 1659 1740 1739
f 1662 1741 1744
f 1664 1745 1743
f 1666 1743 1742
f 1667 1744 1745
f 1669 1746 1747
f 1683 1753 1748
f 1672 1748 1760
f 1674 1763 1749
f 1676 1749 1755
f 1677 1752 1754
f 1679 1755 1750
f 1682 1751 1752
f 1678 1750 1751
f 1684 1754 1753
f 1686 1756 1759
f 1687 1760 1757
f 1689 1757 1756
f 1690 1759 1758
f 1696 1742 1761
f 1694 1761 1762
f 1697 1762 1763
f 1552 1768 1559
f 1559 1768 1560
f 1560 1770 1561
f 1562 1561 1770
f 1562 1772 1557
f 1557 1772 1558
f 1558 1773 1563
f 1563 1774 1564
f 1564 1776 1565
f 1565 1777 1567
f 1567 1778 1568
f 1568 1779 1566
f 1566 1881 1570
f 1570 1766 1765
f 1571 1765 1764
f 1764 1767 1698
f 1570 1881 1766
f 1560 1768 1769
f 1560 1769 1770
f 1562 1770 1771
f 1562 1771 1772
f 1558 1772 1773
f 1563 1773 1774
f 1564 1774 1775
f 1564 1775 1776
f 1565 1776 1777
f 1567 1777 1778
f 1568 1778 1779
f 1566 1779 1881
f 1766 1882 1765
f 1765 1882 1764
f 1764 1882 1767
f 1766 1881 1882
f 1556 1574 1780
f 1574 1699 1780
f 1556 1780 1877
f 1767 1700 1698
f 1767 1882 1700
f 1699 1711 1781
f 1780 1699 1781
f 1781 1711 1798
f 1701 1783 1702
f 1700 1782 1701
f 1702 1786 1703
f 1703 1787 1704
f 1704 1789 1705
f 1705 1792 1706
f 1707 1790 1708
f 1706 1793 1707
f 1708 1794 1709
f 1710 1826 1731
f 1709 1796 1710
f 1711 1712 1797
f 1712 1713 1799
f 1713 1714 1801
f 1714 1715 1802
f 1715 1716 1804
f 1716 1717 1806
f 1717 1718 1805
f 1718 1719 1808
f 1720 1721 1809
f 1719 1720 1810
f 1721 1722 1812
f 1722 1723 1818
f 1723 1724 1814
f 1725 1730 1817
f 1724 1725 1815
f 1726 1728 1819
f 1727 1820 1728
f 1729 1823 1730
f 1726 1824 1729
f 1735 1825 1736
f 1731 1827 1732
f 1732 1829 1733
f 1733 1830 1734
f 1734 1832 1735
f 1736 1833 1737
f 1738 1836 1746
f 1737 1834 1738
f 1740 1747 1837
f 1739 1840 1741
f 1739 1740 1838
f 1741 1841 1744
f 1743 1745 1844
f 1742 1743 1845
f 1744 1846 1745
f 1746 1848 1747
f 1748 1753 1859
f 1748 1850 1760
f 1749 1852 1755
f 1749 1763 1853
f 1752 1854 1754
f 1750 1755 1855
f 1750 1857 1751
f 1751 1858 1752
f 1753 1754 1860
f 1756 1862 1759
f 1756 1757 1863
f 1727 1758 1866
f 1758 1759 1865
f 1757 1760 1868
f 1762 1869 1763
f 1742 1872 1761
f 1761 1870 1762
f 1701 1782 1783
f 1700 1784 1782
f 1702 1783 1785
f 1702 1785 1786
f 1703 1786 1787
f 1704 1788 1789
f 1704 1787 1788
f 1705 1789 1792
f 1706 1792 1793
f 1707 1791 1790
f 1707 1793 1791
f 1708 1790 1794
f 1709 1794 1795
f 1709 1795 1796
f 1710 1796 1826
f 1711 1797 1798
f 1712 1799 1797
f 1713 1800 1799
f 1713 1801 1800
f 1714 1802 1801
f 1715 1803 1802
f 1715 1804 1803
f 1716 1806 1804
f 1717 1805 1806
f 1719 1810 1808
f 1718 1807 1805
f 1718 1808 1807
f 1720 1809 1810
f 1721 1811 1809
f 1721 1812 1811
f 1722 1818 1812
f 1723 1813 1818
f 1723 1814 1813
f 1724 1815 1814
f 1725 1816 1815
f 1725 1817 1816
f 1726 1819 1824
f 1728 1820 1821
f 1727 1866 1820
f 1728 1821 1819
f 1729 1822 1823
f 1730 1823 1817
f 1729 1824 1822
f 1731 1826 1828
f 1732 1827 1829
f 1731 1828 1827
f 1733 1829 1830
f 1735 1832 1825
f 1734 1831 1832
f 1734 1830 1831
f 1736 1825 1833
f 1737 1835 1834
f 1737 1833 1835
f 1738 1834 1836
f 1740 1837 1839
f 1739 1838 1840
f 1740 1839 1838
f 1741 1840 1841
f 1744 1841 1842
f 1743 1844 1843
f 1742 1845 1872
f 1743 1843 1845
f 1744 1842 1846
f 1745 1846 1844
f 1746 1847 1848
f 1746 1836 1847
f 1747 1848 1837
f 1748 1859 1849
f 1748 1849 1850
f 1763 1851 1853
f 1755 1852 1861
f 1749 1853 1852
f 1752 1856 1854
f 1750 1855 1857
f 1751 1857 1858
f 1752 1858 1856
f 1753 1860 1859
f 1754 1854 1860
f 1755 1861 1855
f 1756 1863 1862
f 1757 1864 1863
f 1757 1868 1864
f 1758 1865 1866
f 1759 1862 1867
f 1759 1867 1865
f 1760 1850 1868
f 1762 1870 1869
f 1761 1871 1870
f 1761 1872 1871
f 1763 1869 1851
f 1882 1784 1700
f 1780 1781 1889
f 1781 1798 1889
f 1782 1884 1783
f 1782 1784 1884
f 1783 1885 1785
f 1785 1885 1786
f 1786 1885 1787
f 1788 1886 1789
f 1787 1886 1788
f 1789 1886 1792
f 1792 1887 1793
f 1790 1791 1887
f 1791 1793 1887
f 1790 1887 1794
f 1794 1888 1795
f 1795 1888 1796
f 1796 1888 1826
f 1797 1889 1798
f 1797 1799 1889
f 1799 1800 1890
f 1800 1801 1890
f 1801 1802 1890
f 1802 1803 1891
f 1803 1804 1891
f 1804 1806 1891
f 1805 1892 1806
f 1808 1810 1892
f 1805 1807 1892
f 1807 1808 1892
f 1809 1893 1810
f 1809 1811 1893
f 1811 1812 1893
f 1812 1818 1894
f 1813 1894 1818
f 1813 1814 1894
f 1814 1815 1895
f 1817 1823 1895
f 1815 1816 1895
f 1816 1817 1895
f 1820 1896 1821
f 1820 1866 1896
f 1819 1821 1896
f 1822 1897 1823
f 1822 1824 1897
f 1819 1897 1824
f 1826 1898 1828
f 1827 1898 1829
f 1827 1828 1898
f 1829 1899 1830
f 1825 1832 1899
f 1831 1899 1832
f 1830 1899 1831
f 1833 1900 1835
f 1825 1900 1833
f 1834 1835 1900
f 1834 1904 1836
f 1837 1848 1901
f 1837 1901 1839
f 1838 1901 1840
f 1838 1839 1901
f 1841 1902 1842
f 1840 1902 1841
f 1843 1844 1903
f 1843 1903 1845
f 1842 1902 1846
f 1844 1846 1903
f 1847 1904 1848
f 1836 1904 1847
f 1849 1859 1905
f 1849 1905 1850
f 1851 1906 1853
f 1852 1853 1906
f 1854 1908 1860
f 1854 1856 1908
f 1855 1907 1857
f 1855 1861 1907
f 1857 1908 1858
f 1856 1858 1908
f 1859 1860 1905
f 1852 1907 1861
f 1862 1863 1910
f 1864 1868 1909
f 1863 1864 1909
f 1865 1910 1866
f 1862 1910 1867
f 1865 1867 1910
f 1850 1909 1868
f 1869 1870 1911
f 1845 1911 1872
f 1870 1871 1911
f 1871 1872 1911
f 1851 1869 1906
f 993 1873 1779
f 994 1881 1873
f 994 1874 1881
f 995 1876 1875
f 1874 1875 1882
f 1873 1881 1779
f 1874 1882 1881
f 1882 1875 1876
f 995 3915 1876
f 3915 3928 1876
f 1498 1554 1877
f 1501 1877 1878
f 1501 1878 3922
f 3922 1878 3924
f 1878 1877 1879
f 1877 1880 1879
f 1878 1879 3924
f 1879 1880 3924
f 1880 3931 3924
f 1882 1876 1912
f 1882 1913 1883
f 1882 1912 1913
f 1780 1889 1877
f 1877 1889 1915
f 1882 1884 1784
f 1882 1883 1884
f 1783 1884 1885
f 1787 1885 1886
f 1792 1886 1887
f 1794 1887 1888
f 1826 1888 1898
f 1799 1890 1889
f 1802 1891 1890
f 1806 1892 1891
f 1810 1893 1892
f 1812 1894 1893
f 1814 1895 1894
f 1819 1896 1897
f 1823 1897 1895
f 1825 1899 1900
f 1829 1898 1899
f 1834 1900 1904
f 1840 1901 1902
f 1845 1903 1911
f 1846 1902 1903
f 1848 1904 1901
f 1850 1905 1909
f 1852 1906 1907
f 1857 1907 1908
f 1860 1908 1905
f 1863 1909 1910
f 1866 1910 1896
f 1869 1911 1906
f 1884 1920 1885
f 1885 1923 1886
f 1886 1929 1887
f 1887 1931 1888
f 1888 1934 1898
f 1884 1917 1918
f 1889 1890 1937
f 1890 1891 1940
f 1891 1892 1944
f 1892 1893 1949
f 1893 1894 1952
f 1894 1895 1955
f 1896 1965 1897
f 1895 1897 1963
f 1899 1966 1900
f 1898 1970 1899
f 1900 1977 1904
f 1901 1981 1902
f 1903 1986 1911
f 1902 1988 1903
f 1901 1904 1991
f 1906 1997 1907
f 1907 2001 1908
f 1905 1908 2004
f 1909 2008 1910
f 1896 1910 2011
f 1905 2013 1909
f 1906 1911 2014
f 1876 3928 1912
f 1912 3928 1913
f 1883 1913 1914
f 1913 3928 3929
f 1913 3929 1914
f 1877 1915 1880
f 1880 1915 3931
f 1915 3934 3931
f 1883 1914 1884
f 1914 1917 1884
f 1915 1889 1916
f 1916 1889 1935
f 1884 1919 1920
f 1884 1918 1919
f 1885 1920 1921
f 1885 1921 1922
f 1885 1922 1923
f 1886 1923 1924
f 1886 1925 1926
f 1886 1924 1925
f 1886 1926 1929
f 1887 1929 1930
f 1887 1928 1927
f 1887 1930 1928
f 1887 1927 1931
f 1888 1931 1932
f 1888 1932 1933
f 1888 1933 1934
f 1889 1936 1935
f 1889 1937 1936
f 1890 1938 1937
f 1890 1939 1938
f 1890 1940 1939
f 1891 1941 1940
f 1891 1943 1942
f 1891 1942 1941
f 1891 1944 1943
f 1892 1945 1944
f 1892 1949 1947
f 1892 1946 1945
f 1892 1947 1946
f 1893 1948 1949
f 1893 1950 1948
f 1893 1951 1950
f 1893 1952 1951
f 1894 1954 1953
f 1894 1953 1952
f 1894 1955 1954
f 1895 1963 1956
f 1895 1957 1955
f 1895 1958 1957
f 1895 1956 1958
f 1896 1959 1965
f 1896 1960 1961
f 1896 2011 1960
f 1896 1961 1959
f 1897 1964 1962
f 1897 1962 1963
f 1897 1965 1964
f 1898 1934 1967
f 1898 1967 1969
f 1898 1968 1970
f 1898 1969 1968
f 1899 1970 1971
f 1899 1972 1966
f 1899 1973 1972
f 1899 1971 1973
f 1900 1966 1974
f 1900 1974 1976
f 1900 1975 1977
f 1900 1976 1975
f 1904 1977 1990
f 1901 1991 1978
f 1901 1978 1980
f 1902 1982 1987
f 1901 1979 1981
f 1901 1980 1979
f 1902 1981 1983
f 1902 1983 1982
f 1903 1985 1984
f 1903 1988 1985
f 1903 1984 1986
f 1902 1987 1988
f 1904 1990 1989
f 1904 1989 1991
f 1905 2003 1992
f 1905 1993 2013
f 1905 1992 1993
f 1906 1994 1995
f 1907 1997 1996
f 1906 1995 1997
f 1908 1998 2004
f 1908 2000 1998
f 1907 1999 2001
f 1907 2005 1999
f 1908 2001 2002
f 1908 2002 2000
f 1905 2004 2003
f 1907 1996 2005
f 1910 2008 2006
f 1909 2009 2008
f 1909 2007 2009
f 1910 2010 2011
f 1910 2006 2012
f 1910 2012 2010
f 1909 2013 2007
f 1911 1986 2017
f 1911 2015 2014
f 1911 2016 2015
f 1911 2017 2016
f 1906 2014 1994
f 2018 1918 1917
f 1914 2018 1917
f 1915 1916 3934
f 1916 1935 3948
f 1916 3948 3934
f 1919 3936 1920
f 1918 3935 1919
f 1920 3937 1921
f 1921 3938 1922
f 1922 3938 1923
f 1923 3939 1924
f 1925 3940 1926
f 1924 3940 1925
f 1926 3941 1929
f 1929 3942 1930
f 1927 1928 3943
f 1928 1930 3943
f 1931 3945 1932
f 1927 3944 1931
f 1932 3947 1933
f 1934 3946 1967
f 1933 3947 1934
f 1935 1936 3948
f 1936 1937 3949
f 1937 1938 3950
f 1938 1939 3951
f 1939 1940 3951
f 1940 1941 3952
f 1941 1942 3953
f 1942 1943 3953
f 1943 1944 3954
f 1944 1945 3955
f 1947 1949 3957
f 1945 1946 3956
f 1946 1947 3956
f 1948 3958 1949
f 1948 1950 3959
f 1950 1951 3959
f 1951 1952 3960
f 1953 1954 3961
f 1954 1955 3962
f 1955 1957 3963
f 1957 1958 3964
f 1956 3964 1958
f 1952 1953 3961
f 1959 3965 1965
f 1960 3967 1961
f 1960 2011 3966
f 1959 1961 3967
f 1962 3968 1963
f 1956 1963 3969
f 1962 1964 3970
f 1964 1965 3970
f 1967 3971 1969
f 1968 3972 1970
f 1968 1969 3971
f 1970 3973 1971
f 1966 1972 3974
f 1972 1973 3975
f 1971 3975 1973
f 1966 3976 1974
f 1975 1976 3977
f 1974 3977 1976
f 1977 3978 1990
f 1975 3979 1977
f 1978 3980 1980
f 1979 3981 1981
f 1979 1980 3980
f 1981 3982 1983
f 1982 1983 3986
f 1984 1985 3983
f 1985 1988 3983
f 1986 3985 2017
f 1984 3984 1986
f 1987 3987 1988
f 1982 3986 1987
f 1989 3988 1991
f 1989 1990 3978
f 1978 1991 3989
f 1992 2003 3991
f 1993 3990 2013
f 1992 3991 1993
f 1994 3993 1995
f 1996 1997 3992
f 1995 3993 1997
f 1998 2000 3995
f 1999 3994 2001
f 2001 3996 2002
f 2000 2002 3995
f 2003 2004 3997
f 1998 3998 2004
f 1999 2005 3999
f 1996 3999 2005
f 2006 2008 4000
f 2007 4004 2009
f 2008 2009 4001
f 2010 4002 2011
f 2006 4003 2012
f 2010 2012 4003
f 2007 2013 4004
f 2014 2015 4006
f 2015 2016 4005
f 2016 2017 4005
f 1994 2014 4007
f 2018 3935 1918
f 1920 3936 3937
f 1919 3935 3936
f 1921 3937 3938
f 1923 3938 3939
f 1924 3939 3940
f 1926 3940 3941
f 1929 3941 3942
f 1927 3943 3944
f 1930 3942 3943
f 1931 3944 3945
f 1932 3945 3947
f 1934 3947 3946
f 1936 3949 3948
f 1937 3950 3949
f 1938 3951 3950
f 1940 3952 3951
f 1941 3953 3952
f 1943 3954 3953
f 1944 3955 3954
f 1945 3956 3955
f 1947 3957 3956
f 1948 3959 3958
f 1949 3958 3957
f 1951 3960 3959
f 1952 3961 3960
f 1954 3962 3961
f 1955 3963 3962
f 1956 3969 3964
f 1957 3964 3963
f 1965 3965 3970
f 1959 3967 3965
f 1960 3966 3967
f 1963 3968 3969
f 1962 3970 3968
f 1966 3974 3976
f 1967 3946 3971
f 1968 3971 3972
f 1970 3972 3973
f 1971 3973 3975
f 1972 3975 3974
f 1974 3976 3977
f 1975 3977 3979
f 1977 3979 3978
f 1978 3989 3980
f 1981 3981 3982
f 1979 3980 3981
f 1983 3982 3986
f 1984 3983 3984
f 1986 3984 3985
f 1987 3986 3987
f 1988 3987 3983
f 1989 3978 3988
f 1991 3988 3989
f 2003 3997 3991
f 1993 3991 3990
f 1994 4007 3993
f 1996 3992 3999
f 1997 3993 3992
f 1998 3995 3998
f 1999 3999 3994
f 2001 3994 3996
f 2002 3996 3995
f 2004 3998 3997
f 2006 4000 4003
f 2008 4001 4000
f 2009 4004 4001
f 2011 4002 3966
f 2010 4003 4002
f 2013 3990 4004
f 2014 4006 4007
f 2017 3985 4005
f 2015 4005 4006
f 2019 2020 2094
f 2020 2021 2097
f 2021 2041 2095
f 2022 2036 2099
f 2023 2102 2024
f 2022 2104 2025
f 2025 2106 2026
f 2023 2026 2107
f 2028 2110 2029
f 2030 2031 2111
f 2027 2114 2032
f 2031 2032 2115
f 2028 2030 2116
f 2033 2118 2034
f 2027 2034 2119
f 2019 2121 2033
f 2035 2123 2036
f 2029 2109 2035
f 2037 2038 2126
f 2038 2048 2125
f 2039 2127 2043
f 2039 2040 2129
f 2041 2042 2130
f 2042 2043 2133
f 2040 2044 2135
f 2045 2138 2046
f 2044 2046 2134
f 2037 2139 2045
f 2047 2141 2048
f 2047 2049 2143
f 2049 2050 2145
f 2050 2051 2144
f 2051 2052 2147
f 2053 2054 2151
f 2052 2053 2148
f 2054 2055 2150
f 2056 2157 2058
f 2057 2058 2156
f 2024 2159 2060
f 2059 2060 2158
f 2059 2160 2061
f 2056 2061 2162
f 2057 2164 2062
f 2062 2166 2063
f 2063 2169 2064
f 2064 2168 2065
f 2065 2170 2066
f 2066 2171 2067
f 2068 2173 2069
f 2067 2175 2068
f 2069 2176 2070
f 2070 2179 2071
f 2071 2180 2072
f 2072 2181 2073
f 2073 2183 2074
f 2074 2184 2075
f 2075 2187 2076
f 2076 2186 2077
f 2077 2190 2078
f 2055 2080 2192
f 2079 2193 2080
f 2079 2081 2194
f 2081 2082 2195
f 2083 2084 2197
f 2082 2083 2200
f 2084 2085 2201
f 2085 2086 2202
f 2086 2087 2204
f 2087 2088 2205
f 2088 2089 2207
f 2089 2090 2208
f 2090 2091 2211
f 2091 2093 2209
f 2078 2212 2092
f 505 2213 2093
f 506 2215 2213
f 2019 2094 2121
f 2020 2097 2098
f 2021 2095 2096
f 2021 2096 2097
f 2020 2098 2094
f 2022 2099 2100
f 2023 2107 2101
f 2023 2101 2102
f 2024 2103 2159
f 2024 2102 2103
f 2025 2104 2106
f 2026 2106 2105
f 2022 2100 2104
f 2026 2105 2107
f 2027 2120 2114
f 2028 2108 2110
f 2028 2116 2108
f 2029 2110 2109
f 2031 2115 2112
f 2031 2112 2111
f 2030 2111 2113
f 2032 2114 2115
f 2030 2113 2116
f 2034 2118 2119
f 2033 2117 2118
f 2027 2119 2120
f 2033 2121 2117
f 2035 2109 2122
f 2036 2123 2099
f 2035 2122 2123
f 2037 2126 2124
f 2037 2124 2139
f 2048 2140 2125
f 2038 2125 2126
f 2040 2128 2129
f 2039 2129 2127
f 2042 2133 2130
f 2041 2130 2131
f 2041 2131 2095
f 2043 2132 2133
f 2043 2127 2132
f 2044 2134 2135
f 2046 2136 2134
f 2046 2138 2136
f 2045 2137 2138
f 2040 2135 2128
f 2045 2139 2137
f 2047 2143 2141
f 2048 2141 2140
f 2049 2142 2143
f 2049 2145 2142
f 2050 2144 2145
f 2051 2147 2153
f 2052 2148 2146
f 2052 2146 2147
f 2053 2151 2149
f 2053 2149 2148
f 2054 2150 2151
f 2055 2192 2152
f 2055 2152 2150
f 2051 2153 2144
f 2056 2162 2154
f 2056 2154 2157
f 2057 2156 2155
f 2057 2155 2164
f 2058 2157 2156
f 2059 2158 2161
f 2060 2159 2158
f 2059 2161 2160
f 2061 2160 2162
f 2062 2165 2166
f 2062 2164 2165
f 2063 2167 2169
f 2063 2166 2167
f 2064 2169 2168
f 2065 2168 2163
f 2065 2163 2170
f 2066 2170 2171
f 2067 2171 2172
f 2067 2172 2175
f 2069 2173 2174
f 2068 2175 2173
f 2069 2174 2176
f 2070 2176 2177
f 2070 2177 2179
f 2071 2178 2180
f 2071 2179 2178
f 2072 2180 2181
f 2073 2181 2182
f 2073 2182 2183
f 2074 2183 2184
f 2075 2184 2185
f 2075 2185 2187
f 2076 2187 2186
f 2077 2186 2188
f 2077 2188 2190
f 2078 2190 2189
f 2079 2191 2193
f 2080 2193 2192
f 2081 2195 2194
f 2079 2194 2191
f 2082 2196 2195
f 2082 2200 2196
f 2084 2198 2197
f 2083 2199 2200
f 2083 2197 2199
f 2085 2202 2201
f 2084 2201 2198
f 2086 2204 2203
f 2086 2203 2202
f 2087 2205 2204
f 2088 2206 2205
f 2088 2207 2206
f 2089 2208 2207
f 2090 2210 2208
f 2090 2211 2210
f 2091 2209 2211
f 2078 2189 2212
f 2092 2212 2217
f 2209 2093 2214
f 2093 2228 2214
f 2093 2213 2228
f 2092 2218 2216
f 2092 2217 2218
f 2216 2218 2289
f 510 511 2221
f 509 2226 511
f 509 2222 2226
f 506 2223 2224
f 506 2219 2277
f 506 2224 2225
f 506 2277 2223
f 506 2225 2215
f 2219 2220 2277
f 511 2227 2221
f 2220 2221 2279
f 511 2226 2227
f 2223 2280 2224
f 2220 2279 2277
f 2224 2281 2225
f 2223 2277 2280
f 2221 2278 2279
f 2221 2282 2278
f 2221 2227 2282
f 2222 2283 2226
f 2094 2230 2121
f 2095 2131 2229
f 2097 2229 2098
f 2095 2229 2096
f 2096 2229 2097
f 2094 2098 2230
f 2099 2231 2100
f 2100 2231 2104
f 2101 2107 2232
f 2101 2232 2102
f 2103 2233 2159
f 2102 2232 2103
f 2104 2234 2106
f 2105 2106 2234
f 2105 2232 2107
f 2114 2120 2239
f 2109 2110 2235
f 2108 2235 2110
f 2112 2115 2236
f 2111 2112 2237
f 2111 2237 2113
f 2114 2236 2115
f 2108 2116 2237
f 2113 2237 2116
f 2117 2121 2238
f 2118 2238 2119
f 2117 2238 2118
f 2119 2239 2120
f 2109 2240 2122
f 2099 2123 2240
f 2122 2240 2123
f 2124 2126 2241
f 2125 2241 2126
f 2127 2244 2132
f 2127 2129 2242
f 2128 2242 2129
f 2128 2135 2242
f 2130 2133 2243
f 2130 2243 2131
f 2132 2244 2133
f 2134 2245 2135
f 2134 2136 2245
f 2136 2138 2246
f 2137 2246 2138
f 2124 2246 2139
f 2137 2139 2246
f 2141 2143 2248
f 2140 2141 2247
f 2125 2140 2247
f 2142 2248 2143
f 2142 2145 2248
f 2144 2252 2145
f 2147 2249 2153
f 2146 2148 2249
f 2146 2249 2147
f 2148 2149 2249
f 2149 2151 2250
f 2150 2250 2151
f 2152 2192 2251
f 2150 2152 2251
f 2144 2153 2252
f 2154 2162 2253
f 2154 2253 2157
f 2156 2157 2254
f 2155 2156 2254
f 2158 2255 2161
f 2158 2159 2233
f 2160 2255 2162
f 2160 2161 2255
f 2155 2256 2164
f 2166 2256 2167
f 2165 2256 2166
f 2164 2256 2165
f 2167 2257 2169
f 2168 2169 2257
f 2163 2168 2258
f 2170 2258 2171
f 2163 2258 2170
f 2171 2259 2172
f 2172 2259 2175
f 2173 2175 2260
f 2173 2260 2174
f 2174 2261 2176
f 2176 2261 2177
f 2177 2261 2179
f 2178 2179 2261
f 2180 2262 2181
f 2178 2262 2180
f 2182 2263 2183
f 2181 2263 2182
f 2183 2263 2184
f 2184 2264 2185
f 2185 2264 2187
f 2186 2187 2265
f 2188 2266 2190
f 2186 2265 2188
f 2189 2190 2266
f 2191 2267 2193
f 2191 2194 2267
f 2192 2193 2267
f 2194 2195 2268
f 2195 2196 2268
f 2196 2200 2269
f 2197 2198 2269
f 2199 2269 2200
f 2197 2269 2199
f 2201 2202 2270
f 2198 2201 2270
f 2202 2203 2271
f 2204 2205 2271
f 2203 2204 2271
f 2205 2206 2272
f 2206 2207 2272
f 2207 2208 2273
f 2208 2210 2273
f 2210 2211 2274
f 2209 2274 2211
f 2209 2214 2274
f 2098 2229 2230
f 2103 2232 2233
f 2104 2231 2234
f 2105 2234 2232
f 2108 2237 2235
f 2112 2236 2237
f 2114 2239 2236
f 2119 2238 2239
f 2121 2230 2238
f 2109 2235 2240
f 2099 2240 2231
f 2124 2241 2246
f 2125 2247 2241
f 2127 2242 2244
f 2131 2243 2229
f 2133 2244 2243
f 2135 2245 2242
f 2136 2246 2245
f 2141 2248 2247
f 2145 2252 2248
f 2149 2250 2249
f 2150 2251 2250
f 2153 2249 2252
f 2155 2254 2256
f 2157 2253 2254
f 2158 2233 2255
f 2162 2255 2253
f 2167 2256 2257
f 2168 2257 2258
f 2171 2258 2259
f 2175 2259 2260
f 2174 2260 2261
f 2178 2261 2262
f 2181 2262 2263
f 2184 2263 2264
f 2187 2264 2265
f 2188 2265 2266
f 2192 2267 2251
f 2194 2268 2267
f 2196 2269 2268
f 2198 2270 2269
f 2202 2271 2270
f 2205 2272 2271
f 2207 2273 2272
f 2210 2274 2273
f 2189 2266 2212
f 2212 2266 2217
f 2217 2266 2276
f 2214 2228 2274
f 2213 2215 2275
f 2213 2275 2228
f 2228 2275 2274
f 2229 2299 2230
f 2232 2303 2233
f 2231 2305 2234
f 2232 2234 2306
f 2235 2237 2308
f 2236 2311 2237
f 2236 2239 2313
f 2238 2315 2239
f 2230 2319 2238
f 2235 2321 2240
f 2231 2240 2322
f 2241 2323 2246
f 2241 2247 2324
f 2242 2327 2244
f 2229 2243 2328
f 2243 2244 2330
f 2242 2245 2331
f 2245 2246 2335
f 2247 2248 2337
f 2248 2252 2340
f 2249 2250 2346
f 2250 2251 2347
f 2249 2350 2252
f 2254 2353 2256
f 2253 2354 2254
f 2233 2355 2255
f 2253 2255 2358
f 2256 2362 2257
f 2257 2364 2258
f 2258 2366 2259
f 2259 2370 2260
f 2260 2369 2261
f 2261 2373 2262
f 2262 2376 2263
f 2263 2378 2264
f 2264 2381 2265
f 2265 2382 2266
f 2251 2267 2385
f 2267 2268 2387
f 2268 2269 2389
f 2269 2270 2390
f 2270 2271 2395
f 2271 2272 2397
f 2272 2273 2400
f 2273 2274 2402
f 2266 2407 2276
f 2274 2275 2401
f 2217 2276 2218
f 2218 2276 2289
f 2215 2225 2284
f 2224 2280 2281
f 2225 2281 2284
f 2277 2279 2285
f 2215 2284 2275
f 2277 2285 2280
f 2278 2286 2279
f 2278 2282 2286
f 2226 2413 2227
f 2226 2283 2413
f 2227 2413 2282
f 2280 2408 2281
f 2280 2285 2408
f 2279 2287 2285
f 2279 2286 2411
f 2281 2410 2284
f 2281 2408 2409
f 2281 2409 2410
f 2279 2411 2287
f 2282 2413 2286
f 2216 2289 2288
f 2289 2290 2288
f 2288 2291 2670
f 2288 2290 2291
f 2276 2292 2289
f 2289 2292 2290
f 2276 2630 2292
f 2290 2292 2291
f 2291 2292 2675
f 2222 3299 2293
f 2222 2293 2283
f 2283 2293 2413
f 2413 2293 2294
f 2293 3300 2294
f 2413 2294 3558
f 2230 2295 2319
f 2229 2298 2299
f 2229 2328 2296
f 2229 2296 2297
f 2229 2297 2298
f 2230 2299 2295
f 2231 2322 2300
f 2231 2301 2305
f 2231 2300 2301
f 2232 2307 2302
f 2232 2302 2304
f 2233 2303 2356
f 2232 2304 2303
f 2234 2305 2306
f 2232 2306 2307
f 2239 2318 2313
f 2235 2309 2321
f 2235 2308 2309
f 2237 2311 2310
f 2237 2310 2312
f 2236 2313 2311
f 2237 2314 2308
f 2237 2312 2314
f 2238 2316 2315
f 2238 2319 2316
f 2239 2315 2317
f 2239 2317 2318
f 2240 2320 2322
f 2240 2321 2320
f 2241 2324 2323
f 2244 2327 2325
f 2242 2326 2327
f 2242 2331 2326
f 2243 2330 2328
f 2244 2329 2330
f 2244 2325 2329
f 2245 2332 2331
f 2246 2334 2335
f 2245 2335 2332
f 2246 2333 2334
f 2246 2323 2336
f 2246 2336 2333
f 2248 2341 2337
f 2247 2339 2324
f 2247 2338 2339
f 2247 2337 2338
f 2248 2340 2341
f 2252 2342 2340
f 2249 2344 2350
f 2249 2345 2343
f 2249 2343 2344
f 2250 2347 2346
f 2249 2346 2345
f 2251 2348 2347
f 2251 2349 2348
f 2252 2350 2342
f 2253 2351 2352
f 2253 2352 2354
f 2254 2354 2353
f 2233 2356 2355
f 2255 2357 2358
f 2255 2355 2357
f 2253 2358 2351
f 2256 2361 2362
f 2256 2353 2359
f 2256 2360 2361
f 2256 2359 2360
f 2257 2362 2363
f 2257 2363 2364
f 2258 2365 2366
f 2258 2364 2365
f 2259 2367 2368
f 2259 2366 2367
f 2259 2368 2370
f 2260 2370 2369
f 2261 2369 2371
f 2261 2371 2372
f 2261 2372 2374
f 2261 2374 2373
f 2262 2375 2376
f 2262 2373 2375
f 2263 2376 2377
f 2263 2377 2378
f 2264 2378 2380
f 2264 2380 2379
f 2264 2379 2381
f 2265 2381 2382
f 2266 2382 2384
f 2266 2384 2383
f 2267 2387 2386
f 2251 2385 2349
f 2267 2386 2385
f 2268 2388 2387
f 2269 2393 2389
f 2268 2389 2388
f 2269 2390 2392
f 2269 2391 2393
f 2269 2392 2391
f 2270 2395 2394
f 2270 2394 2390
f 2271 2396 2395
f 2271 2397 2396
f 2272 2398 2397
f 2272 2400 2399
f 2272 2399 2398
f 2273 2402 2400
f 2274 2403 2402
f 2274 2401 2403
f 2266 2383 2404
f 2266 2404 2407
f 2401 2275 2405
f 2275 2406 2405
f 2295 2433 2319
f 2298 2435 2299
f 2296 2434 2297
f 2297 2434 2298
f 2295 2299 2435
f 2300 2322 2436
f 2300 2436 2301
f 2302 2307 2438
f 2302 2438 2304
f 2303 2439 2356
f 2303 2304 2439
f 2305 2440 2306
f 2301 2437 2305
f 2306 2440 2307
f 2313 2318 2441
f 2308 2442 2309
f 2308 2314 2442
f 2309 2443 2321
f 2311 2313 2445
f 2310 2311 2445
f 2310 2444 2312
f 2312 2444 2314
f 2315 2316 2446
f 2316 2319 2446
f 2317 2447 2318
f 2315 2447 2317
f 2320 2448 2322
f 2320 2321 2448
f 2323 2324 2449
f 2323 2449 2336
f 2324 2339 2459
f 2325 2450 2329
f 2325 2327 2450
f 2326 2451 2327
f 2326 2331 2451
f 2328 2330 2452
f 2296 2328 2452
f 2329 2453 2330
f 2331 2332 2454
f 2332 2335 2456
f 2334 2456 2335
f 2333 2455 2334
f 2333 2336 2455
f 2337 2341 2457
f 2338 2458 2339
f 2337 2458 2338
f 2340 2457 2341
f 2340 2342 2460
f 2344 2462 2350
f 2343 2345 2461
f 2343 2461 2344
f 2346 2347 2463
f 2345 2346 2463
f 2347 2348 2464
f 2348 2349 2485
f 2342 2350 2462
f 2351 2469 2352
f 2352 2465 2354
f 2353 2466 2359
f 2353 2354 2466
f 2355 2356 2467
f 2357 2468 2358
f 2355 2468 2357
f 2351 2358 2469
f 2360 2470 2361
f 2359 2470 2360
f 2362 2471 2363
f 2361 2471 2362
f 2363 2472 2364
f 2365 2473 2366
f 2364 2473 2365
f 2367 2474 2368
f 2366 2474 2367
f 2368 2475 2370
f 2369 2370 2476
f 2369 2476 2371
f 2371 2477 2372
f 2372 2477 2374
f 2373 2478 2375
f 2373 2374 2478
f 2375 2479 2376
f 2376 2480 2377
f 2377 2480 2378
f 2378 2481 2380
f 2379 2380 2481
f 2379 2482 2381
f 2381 2483 2382
f 2382 2483 2384
f 2383 2384 2484
f 2386 2387 2486
f 2349 2385 2485
f 2385 2386 2486
f 2387 2388 2487
f 2388 2389 2488
f 2389 2393 2488
f 2390 2490 2392
f 2391 2489 2393
f 2391 2392 2489
f 2394 2395 2491
f 2390 2394 2490
f 2396 2397 2492
f 2395 2396 2492
f 2398 2399 2493
f 2397 2398 2493
f 2399 2400 2494
f 2400 2402 2495
f 2402 2403 2495
f 2401 2496 2403
f 2401 2405 2496
f 2295 2435 2433
f 2298 2434 2435
f 2296 2452 2434
f 2301 2436 2437
f 2304 2438 2439
f 2305 2437 2440
f 2307 2440 2438
f 2309 2442 2443
f 2310 2445 2444
f 2313 2441 2445
f 2314 2444 2442
f 2318 2447 2441
f 2315 2446 2447
f 2319 2433 2446
f 2321 2443 2448
f 2322 2448 2436
f 2324 2459 2449
f 2327 2451 2450
f 2330 2453 2452
f 2329 2450 2453
f 2334 2455 2456
f 2332 2456 2454
f 2331 2454 2451
f 2336 2449 2455
f 2337 2457 2458
f 2339 2458 2459
f 2340 2460 2457
f 2342 2462 2460
f 2344 2461 2462
f 2345 2463 2461
f 2347 2464 2463
f 2348 2485 2464
f 2352 2469 2465
f 2354 2465 2466
f 2355 2467 2468
f 2356 2439 2467
f 2358 2468 2469
f 2359 2466 2470
f 2361 2470 2471
f 2363 2471 2472
f 2364 2472 2473
f 2366 2473 2474
f 2368 2474 2475
f 2370 2475 2476
f 2371 2476 2477
f 2374 2477 2478
f 2375 2478 2479
f 2376 2479 2480
f 2378 2480 2481
f 2379 2481 2482
f 2381 2482 2483
f 2384 2483 2484
f 2385 2486 2485
f 2387 2487 2486
f 2388 2488 2487
f 2392 2490 2489
f 2393 2489 2488
f 2394 2491 2490
f 2395 2492 2491
f 2397 2493 2492
f 2399 2494 2493
f 2400 2495 2494
f 2403 2496 2495
f 2383 2484 2404
f 2404 2497 2407
f 2404 2484 2497
f 2405 2406 2496
f 2275 2604 2406
f 2406 2498 2496
f 2406 2604 2498
f 2276 2407 2630
f 2497 2630 2407
f 2497 2633 2630
f 2275 2284 2430
f 2284 2410 2412
f 2284 2412 2430
f 2285 2432 2408
f 2285 2287 2432
f 2286 2427 2411
f 2408 2432 2409
f 2409 2432 2410
f 2275 2431 2429
f 2275 2430 2431
f 2275 2429 2604
f 2287 2411 2432
f 2286 2413 2427
f 2413 2414 2607
f 2414 2415 2608
f 2415 2416 2609
f 2416 2417 2610
f 2417 2418 2611
f 2418 2419 2612
f 2419 2420 2614
f 2420 2421 2615
f 2421 2422 2615
f 2422 2423 2617
f 2423 2424 2618
f 2424 2425 2619
f 2425 2426 2619
f 2426 2428 2621
f 2410 2606 2412
f 2412 2606 2430
f 2410 2432 2606
f 2411 2607 2432
f 2429 2431 2605
f 2429 2605 2604
f 2431 2430 2622
f 2411 2427 2607
f 2413 2607 2427
f 2414 2608 2607
f 2416 2610 2609
f 2415 2609 2608
f 2417 2611 2610
f 2418 2612 2611
f 2419 2614 2612
f 2420 2613 2614
f 2420 2615 2613
f 2422 2616 2615
f 2422 2617 2616
f 2423 2618 2617
f 2424 2619 2618
f 2426 2620 2619
f 2426 2621 2620
f 2428 2935 2621
f 2434 2500 2435
f 2434 2452 2501
f 2433 2435 2502
f 2436 2505 2437
f 2439 2507 2467
f 2438 2508 2439
f 2437 2509 2440
f 2438 2440 2510
f 2442 2511 2443
f 2444 2445 2513
f 2441 2514 2445
f 2442 2444 2515
f 2433 2516 2446
f 2446 2518 2447
f 2441 2447 2519
f 2443 2520 2448
f 2436 2448 2504
f 2449 2459 2528
f 2450 2451 2529
f 2451 2454 2531
f 2452 2453 2533
f 2450 2530 2453
f 2454 2456 2536
f 2455 2535 2456
f 2449 2537 2455
f 2458 2539 2459
f 2457 2540 2458
f 2457 2460 2541
f 2461 2543 2462
f 2461 2463 2544
f 2463 2464 2545
f 2464 2485 2546
f 2460 2462 2547
f 2465 2469 2551
f 2465 2552 2466
f 2467 2553 2468
f 2468 2554 2469
f 2466 2557 2470
f 2470 2559 2471
f 2471 2560 2472
f 2472 2556 2473
f 2473 2562 2474
f 2474 2563 2475
f 2475 2568 2476
f 2476 2569 2477
f 2478 2571 2479
f 2477 2572 2478
f 2479 2573 2480
f 2480 2575 2481
f 2481 2576 2482
f 2482 2577 2483
f 2483 2579 2484
f 2486 2487 2582
f 2485 2486 2584
f 2487 2488 2585
f 2489 2490 2587
f 2488 2489 2589
f 2490 2491 2588
f 2491 2492 2590
f 2493 2494 2593
f 2492 2493 2592
f 2494 2495 2594
f 2495 2496 2596
f 2496 2498 2595
f 2484 2600 2497
f 2498 2604 2602
f 2604 2605 2602
f 2433 2502 2516
f 2435 2500 2502
f 2434 2501 2499
f 2434 2499 2500
f 2436 2504 2505
f 2438 2510 2506
f 2438 2506 2508
f 2439 2508 2507
f 2440 2509 2510
f 2437 2505 2509
f 2441 2519 2514
f 2442 2515 2511
f 2443 2511 2520
f 2445 2514 2513
f 2444 2513 2512
f 2444 2512 2515
f 2446 2516 2517
f 2447 2518 2519
f 2446 2517 2518
f 2448 2520 2521
f 2448 2521 2504
f 2449 2528 2537
f 2459 2539 2528
f 2450 2529 2530
f 2451 2532 2529
f 2451 2531 2532
f 2452 2533 2501
f 2453 2530 2533
f 2454 2536 2531
f 2456 2535 2536
f 2455 2534 2535
f 2455 2537 2534
f 2457 2538 2540
f 2457 2541 2538
f 2458 2540 2539
f 2460 2547 2541
f 2462 2543 2547
f 2461 2544 2542
f 2461 2542 2543
f 2463 2545 2544
f 2464 2546 2545
f 2465 2551 2552
f 2466 2552 2557
f 2467 2507 2553
f 2468 2553 2555
f 2468 2555 2554
f 2469 2554 2551
f 2470 2558 2559
f 2470 2557 2558
f 2471 2559 2560
f 2472 2560 2556
f 2473 2556 2561
f 2473 2561 2562
f 2474 2562 2563
f 2475 2563 2568
f 2476 2568 2569
f 2477 2569 2570
f 2477 2570 2572
f 2478 2572 2571
f 2479 2571 2573
f 2480 2574 2575
f 2480 2573 2574
f 2481 2575 2576
f 2482 2576 2577
f 2483 2577 2579
f 2484 2579 2578
f 2485 2584 2546
f 2486 2583 2584
f 2486 2582 2583
f 2487 2585 2582
f 2488 2589 2585
f 2490 2588 2587
f 2489 2586 2589
f 2489 2587 2586
f 2491 2590 2588
f 2492 2592 2591
f 2492 2591 2590
f 2493 2593 2592
f 2494 2594 2593
f 2495 2596 2594
f 2496 2595 2596
f 2499 2527 2500
f 2499 2501 2503
f 2499 2503 2527
f 2504 2523 2505
f 2506 2510 2524
f 2505 2524 2509
f 2509 2524 2510
f 2504 2522 2523
f 2505 2523 2524
f 2511 2515 2525
f 2513 2514 2526
f 2512 2513 2526
f 2514 2519 2526
f 2512 2525 2515
f 2502 2527 2516
f 2516 2527 2517
f 2518 2527 2519
f 2517 2527 2518
f 2500 2527 2502
f 2519 2527 2526
f 2512 2526 2525
f 2511 2522 2520
f 2520 2522 2521
f 2504 2521 2522
f 2511 2525 2522
f 2528 2549 2537
f 2539 2540 2549
f 2528 2539 2549
f 2529 2532 2548
f 2531 2548 2532
f 2501 2533 2503
f 2530 2503 2533
f 2529 2503 2530
f 2535 2548 2536
f 2534 2548 2535
f 2531 2536 2548
f 2534 2537 2549
f 2529 2548 2503
f 2534 2549 2548
f 2541 2547 2549
f 2538 2549 2540
f 2538 2541 2549
f 2543 2549 2547
f 2542 2549 2543
f 2542 2544 2550
f 2544 2545 2550
f 2545 2546 2550
f 2546 2584 2550
f 2583 2550 2584
f 2582 2550 2583
f 2542 2550 2549
f 2552 2566 2557
f 2551 2566 2552
f 2506 2564 2508
f 2507 2508 2564
f 2507 2564 2553
f 2553 2564 2555
f 2554 2555 2564
f 2551 2554 2564
f 2551 2564 2566
f 2506 2524 2564
f 2558 2565 2559
f 2557 2566 2558
f 2559 2567 2560
f 2556 2560 2567
f 2556 2580 2561
f 2561 2580 2562
f 2562 2580 2563
f 2558 2566 2565
f 2559 2565 2567
f 2556 2567 2580
f 2563 2580 2568
f 2568 2580 2569
f 2569 2580 2570
f 2570 2581 2572
f 2571 2572 2581
f 2571 2581 2573
f 2570 2580 2581
f 2573 2581 2574
f 2574 2581 2575
f 2575 2581 2576
f 2576 2581 2577
f 2577 2581 2579
f 2578 2579 2581
f 2585 2589 2550
f 2586 2550 2589
f 2582 2585 2550
f 2587 2588 2597
f 2586 2587 2597
f 2588 2590 2597
f 2590 2591 2597
f 2591 2592 2597
f 2586 2597 2550
f 2592 2598 2597
f 2592 2593 2598
f 2593 2594 2598
f 2594 2596 2598
f 2595 2598 2596
f 2595 2599 2598
f 2595 2601 2599
f 2601 2602 2599
f 2484 2578 2600
f 2595 2498 2601
f 2605 2625 2602
f 2498 2602 2601
f 2497 2603 2633
f 2497 2600 2603
f 2431 2622 2605
f 2430 2606 2622
f 2432 2623 2606
f 2432 2607 2623
f 2606 2623 2624
f 2606 2626 2622
f 2605 2622 2625
f 2606 2624 2626
f 2625 2627 2602
f 2622 2626 2627
f 2622 2627 2625
f 2623 2627 2624
f 2623 2628 2627
f 2624 2627 2626
f 2623 2607 2628
f 2607 2629 2628
f 2628 2629 2627
f 2629 2650 2627
f 2630 2631 2292
f 2630 2633 2631
f 2631 2633 2632
f 2631 2632 2292
f 2292 2632 2931
f 2633 2634 2632
f 2632 2634 2931
f 2428 2934 2935
f 2621 2935 2939
f 2603 2635 2633
f 2578 2581 3153
f 2578 3153 2600
f 2633 2635 2634
f 2634 2636 2936
f 2600 3153 2603
f 2635 2636 2634
f 2413 2637 2414
f 2414 2638 2415
f 2415 2639 2416
f 2416 2640 2417
f 2417 2641 2418
f 2418 2642 2419
f 2419 2643 2420
f 2420 2644 2421
f 2421 2646 2422
f 2422 3566 2423
f 2423 3568 2424
f 2424 3570 2425
f 2425 2647 2426
f 2426 2649 2428
f 2413 3558 2637
f 2414 2637 3559
f 2414 3559 2638
f 2415 2638 3560
f 2415 3560 2639
f 2416 2639 3561
f 2416 3561 2640
f 2417 2640 3562
f 2417 3562 2641
f 2418 2641 3563
f 2418 3563 2642
f 2419 2642 2643
f 2420 2643 3564
f 2420 3564 2644
f 2421 2644 3565
f 2421 2645 2646
f 2421 3565 2645
f 2422 2646 3566
f 2423 3566 3567
f 2423 3567 3568
f 2424 3568 3569
f 2424 3569 3570
f 2425 3570 3571
f 2425 3571 3572
f 2425 3572 2647
f 2426 2647 2648
f 2426 2648 2649
f 2428 2649 3573
f 2428 3573 4182
f 2609 2610 2657
f 2607 2608 2659
f 2609 2658 2608
f 2611 2612 2652
f 2610 2611 2651
f 2614 2613 2653
f 2612 2614 2655
f 2613 2615 2660
f 2615 2616 2661
f 2616 2617 2663
f 2617 2618 2664
f 2618 2619 2665
f 2619 2620 2667
f 2620 2621 3583
f 2607 2650 2629
f 2607 2669 2650
f 2609 3578 2658
f 2609 2657 3578
f 2608 2658 3579
f 2608 3579 2659
f 2610 3574 2657
f 2610 2651 3574
f 2612 3575 2652
f 2611 3576 2651
f 2611 2652 3576
f 2613 2654 2653
f 2613 2660 2654
f 2612 2655 3575
f 2614 3577 2655
f 2614 2653 2656
f 2614 2656 3577
f 2615 2661 2660
f 2616 3580 2661
f 2616 2662 3580
f 2616 2663 2662
f 2617 2664 2663
f 2618 3581 2664
f 2618 3582 3581
f 2618 2665 3582
f 2619 2666 2665
f 2619 2667 2666
f 2620 2668 2667
f 2620 3583 2668
f 2621 3584 3583
f 2607 2659 2669
f 2650 3585 2627
f 2650 2669 3585
f 2621 3266 3584
f 2428 4182 2934
f 2621 2939 3266
f 2670 2671 2672
f 2291 2671 2670
f 2672 2674 2676
f 2671 2673 2672
f 2672 2673 2674
f 2291 2675 2671
f 2671 2675 2673
f 2292 2931 2675
f 2673 2675 2674
f 2674 2675 2878
f 2675 2933 2878
f 2676 2677 2679
f 2674 2677 2676
f 2677 2678 2679
f 2679 2753 2680
f 2680 2755 2681
f 2681 2757 2682
f 2682 2758 2683
f 2683 2760 2684
f 2684 2761 2685
f 2685 2763 2686
f 2686 2764 2687
f 2687 2766 2689
f 2688 2689 2767
f 2688 2769 2690
f 2690 2771 2691
f 2691 2773 2692
f 2692 2774 2693
f 2693 2776 2694
f 2694 2777 2695
f 2696 2779 2697
f 2695 2781 2696
f 2697 2783 2698
f 2698 2784 2699
f 2699 2786 2700
f 2700 2787 2701
f 2701 2789 2702
f 2702 2790 2703
f 2703 2791 2704
f 2704 2794 2705
f 2705 2796 2706
f 2706 2797 2707
f 2707 2799 2708
f 2708 2800 2709
f 2709 2802 2710
f 2710 2803 2711
f 2711 2805 2712
f 2712 2806 2713
f 2714 2809 2715
f 2713 2810 2714
f 2715 2812 2716
f 2716 2813 2717
f 2717 2815 2718
f 2718 2816 2719
f 2719 2820 2720
f 2720 2818 2721
f 2721 2821 2722
f 2722 2823 2723
f 2723 2825 2724
f 2724 2827 2725
f 2725 2829 2726
f 2726 2828 2728
f 2727 2728 2832
f 2727 2833 2729
f 2729 2836 2730
f 2730 2835 2731
f 2731 2837 2732
f 2732 2839 2733
f 2733 2842 2734
f 2734 2841 2735
f 2735 2845 2736
f 2737 2849 2738
f 2736 2846 2737
f 2738 2848 2739
f 2739 2851 2740
f 2740 2852 2741
f 2741 2854 2742
f 2742 2855 2743
f 2743 2857 2744
f 2744 2858 2745
f 2745 2861 2746
f 2746 2862 2747
f 2747 2864 2748
f 2748 2865 2749
f 2749 2867 2750
f 2750 2868 2751
f 2751 2871 2752
f 989 2752 2873
f 989 2874 992
f 2752 2872 2873
f 989 2873 2874
f 2678 2753 2679
f 2753 2754 2680
f 2680 2754 2755
f 2681 2756 2757
f 2681 2755 2756
f 2682 2757 2758
f 2683 2758 2759
f 2683 2759 2760
f 2684 2760 2761
f 2685 2761 2762
f 2685 2762 2763
f 2686 2763 2764
f 2687 2764 2765
f 2687 2765 2766
f 2688 2767 2770
f 2689 2766 2768
f 2689 2768 2767
f 2688 2770 2769
f 2690 2769 2771
f 2691 2772 2773
f 2691 2771 2772
f 2692 2773 2774
f 2693 2774 2775
f 2693 2775 2776
f 2694 2776 2777
f 2695 2777 2778
f 2695 2778 2781
f 2696 2781 2780
f 2696 2780 2779
f 2697 2782 2783
f 2697 2779 2782
f 2698 2783 2784
f 2699 2784 2785
f 2699 2785 2786
f 2700 2786 2787
f 2701 2787 2788
f 2701 2788 2789
f 2702 2789 2790
f 2703 2790 2792
f 2703 2792 2791
f 2704 2793 2794
f 2704 2791 2793
f 2705 2794 2795
f 2706 2796 2797
f 2705 2795 2796
f 2707 2797 2798
f 2707 2798 2799
f 2708 2799 2800
f 2709 2800 2801
f 2709 2801 2802
f 2710 2802 2803
f 2711 2803 2804
f 2711 2804 2805
f 2712 2805 2808
f 2713 2807 2810
f 2713 2806 2807
f 2712 2808 2806
f 2714 2810 2809
f 2715 2809 2811
f 2715 2811 2812
f 2716 2812 2813
f 2717 2813 2814
f 2717 2814 2815
f 2718 2815 2816
f 2719 2816 2817
f 2719 2817 2820
f 2720 2819 2818
f 2720 2820 2819
f 2722 2821 2823
f 2721 2822 2821
f 2721 2818 2822
f 2723 2823 2824
f 2723 2824 2825
f 2724 2825 2827
f 2725 2827 2826
f 2725 2826 2829
f 2726 2829 2828
f 2728 2828 2830
f 2728 2830 2832
f 2727 2832 2831
f 2727 2831 2833
f 2729 2834 2836
f 2729 2833 2834
f 2730 2836 2835
f 2731 2835 2838
f 2731 2838 2837
f 2732 2837 2839
f 2733 2839 2840
f 2733 2840 2842
f 2734 2842 2841
f 2735 2841 2843
f 2735 2843 2845
f 2736 2844 2846
f 2736 2845 2844
f 2737 2847 2849
f 2737 2846 2847
f 2738 2849 2848
f 2739 2850 2851
f 2739 2848 2850
f 2740 2851 2852
f 2741 2852 2853
f 2742 2854 2855
f 2741 2853 2854
f 2743 2855 2856
f 2743 2856 2857
f 2745 2858 2859
f 2744 2857 2860
f 2744 2860 2858
f 2746 2861 2862
f 2745 2859 2861
f 2747 2863 2864
f 2747 2862 2863
f 2748 2864 2865
f 2749 2865 2866
f 2749 2866 2867
f 2750 2867 2868
f 2751 2868 2870
f 2751 2870 2871
f 2752 2871 2869
f 2752 2869 2872
f 2869 2879 2872
f 2872 2879 2873
f 2873 2879 2874
f 2874 2876 992
f 2875 2876 2877
f 2874 2879 2876
f 2876 2926 2877
f 2875 2877 2930
f 2674 2878 2677
f 2677 2878 2678
f 2678 2880 2753
f 2753 2880 2754
f 2678 2878 2880
f 2754 2880 2755
f 2756 2881 2757
f 2755 2880 2756
f 2757 2881 2758
f 2758 2882 2759
f 2759 2882 2760
f 2760 2883 2761
f 2761 2883 2762
f 2762 2883 2763
f 2763 2884 2764
f 2764 2884 2765
f 2765 2885 2766
f 2767 2885 2770
f 2766 2885 2768
f 2767 2768 2885
f 2769 2886 2771
f 2769 2770 2886
f 2771 2887 2772
f 2773 2887 2774
f 2772 2887 2773
f 2774 2888 2775
f 2775 2888 2776
f 2776 2889 2777
f 2777 2889 2778
f 2778 2890 2781
f 2779 2890 2782
f 2780 2781 2890
f 2779 2780 2890
f 2782 2891 2783
f 2783 2891 2784
f 2784 2892 2785
f 2785 2892 2786
f 2786 2893 2787
f 2787 2893 2788
f 2788 2893 2789
f 2789 2894 2790
f 2790 2894 2792
f 2791 2792 2895
f 2793 2895 2794
f 2791 2895 2793
f 2794 2895 2795
f 2796 2896 2797
f 2795 2896 2796
f 2798 2897 2799
f 2797 2897 2798
f 2799 2898 2800
f 2800 2898 2801
f 2801 2898 2802
f 2802 2899 2803
f 2803 2899 2804
f 2804 2901 2805
f 2805 2901 2808
f 2807 2900 2810
f 2806 2901 2807
f 2806 2808 2901
f 2809 2810 2900
f 2809 2902 2811
f 2811 2902 2812
f 2812 2903 2813
f 2813 2903 2814
f 2814 2903 2815
f 2815 2904 2816
f 2816 2904 2817
f 2817 2905 2820
f 2818 2905 2822
f 2818 2819 2905
f 2819 2820 2905
f 2821 2906 2823
f 2821 2822 2906
f 2823 2907 2824
f 2824 2907 2825
f 2825 2908 2827
f 2826 2827 2908
f 2826 2908 2829
f 2828 2829 2909
f 2830 2910 2832
f 2828 2909 2830
f 2831 2832 2910
f 2833 2910 2834
f 2831 2910 2833
f 2834 2911 2836
f 2835 2836 2911
f 2837 2912 2839
f 2837 2838 2912
f 2835 2912 2838
f 2839 2913 2840
f 2840 2913 2842
f 2841 2842 2914
f 2841 2914 2843
f 2843 2915 2845
f 2844 2915 2846
f 2844 2845 2915
f 2847 2916 2849
f 2846 2915 2847
f 2848 2849 2916
f 2850 2917 2851
f 2848 2917 2850
f 2851 2918 2852
f 2852 2918 2853
f 2853 2918 2854
f 2854 2919 2855
f 2856 2920 2857
f 2855 2919 2856
f 2858 2920 2859
f 2857 2920 2860
f 2858 2860 2920
f 2861 2921 2862
f 2859 2921 2861
f 2862 2922 2863
f 2864 2922 2865
f 2863 2922 2864
f 2865 2923 2866
f 2866 2923 2867
f 2867 2924 2868
f 2868 2924 2870
f 2870 2925 2871
f 2869 2871 2925
f 2756 2880 2881
f 2758 2881 2882
f 2760 2882 2883
f 2763 2883 2884
f 2765 2884 2885
f 2770 2885 2886
f 2771 2886 2887
f 2774 2887 2888
f 2776 2888 2889
f 2778 2889 2890
f 2782 2890 2891
f 2784 2891 2892
f 2786 2892 2893
f 2789 2893 2894
f 2792 2894 2895
f 2795 2895 2896
f 2797 2896 2897
f 2799 2897 2898
f 2802 2898 2899
f 2804 2899 2901
f 2807 2901 2900
f 2809 2900 2902
f 2812 2902 2903
f 2815 2903 2904
f 2817 2904 2905
f 2822 2905 2906
f 2823 2906 2907
f 2825 2907 2908
f 2829 2908 2909
f 2830 2909 2910
f 2834 2910 2911
f 2835 2911 2912
f 2839 2912 2913
f 2842 2913 2914
f 2843 2914 2915
f 2847 2915 2916
f 2848 2916 2917
f 2851 2917 2918
f 2854 2918 2919
f 2856 2919 2920
f 2859 2920 2921
f 2862 2921 2922
f 2865 2922 2923
f 2867 2923 2924
f 2870 2924 2925
f 2869 2925 2879
f 2878 2941 2880
f 2880 2945 2881
f 2881 2946 2882
f 2882 2950 2883
f 2883 2951 2884
f 2884 2953 2885
f 2885 2958 2886
f 2886 2959 2887
f 2887 2961 2888
f 2888 2964 2889
f 2889 2965 2890
f 2890 2969 2891
f 2891 2970 2892
f 2892 2973 2893
f 2893 2975 2894
f 2894 2977 2895
f 2895 2981 2896
f 2896 2982 2897
f 2897 2985 2898
f 2898 2987 2899
f 2899 2989 2901
f 2900 2901 2992
f 2900 2994 2902
f 2902 2997 2903
f 2903 2999 2904
f 2904 3001 2905
f 2905 3005 2906
f 2906 3006 2907
f 2907 3009 2908
f 2908 3011 2909
f 2909 3015 2910
f 2910 3017 2911
f 2911 3019 2912
f 2912 3021 2913
f 2913 3024 2914
f 2914 3025 2915
f 2915 3029 2916
f 2916 3030 2917
f 2917 3033 2918
f 2918 3035 2919
f 2919 3037 2920
f 2920 3039 2921
f 2921 3043 2922
f 2922 3045 2923
f 2923 3048 2924
f 2924 3050 2925
f 2879 2925 3053
f 2879 3053 3054
f 2879 2927 2876
f 2876 2927 2926
f 2877 2926 2928
f 2877 2928 2930
f 2879 3054 2927
f 2926 2927 2928
f 2875 2930 3915
f 2928 2929 3918
f 2929 3061 3920
f 2928 3918 2930
f 2930 3918 3917
f 2929 3919 3918
f 2929 3920 3919
f 3061 3921 3920
f 2931 2932 2675
f 2931 2936 2932
f 2634 2936 2931
f 2932 2936 2933
f 2675 2932 2933
f 2936 3072 2933
f 2934 3055 2935
f 2935 3248 2939
f 2636 2937 2936
f 2603 3153 2635
f 2936 2937 2938
f 2635 3153 2636
f 2936 2938 3072
f 2636 3153 2937
f 2937 3153 2938
f 2933 2940 2878
f 2940 2941 2878
f 2933 3072 2940
f 2940 3074 2941
f 2940 3072 3074
f 2941 2942 2880
f 2942 2943 2880
f 2880 2943 2944
f 2880 2944 2945
f 2881 2945 2946
f 2882 2946 2947
f 2882 2947 2948
f 2882 2948 2950
f 2883 2950 2949
f 2883 2949 2951
f 2884 2951 2952
f 2884 2952 2953
f 2885 2953 2954
f 2885 2955 2958
f 2885 2954 2956
f 2885 2956 2955
f 2886 2958 2957
f 2886 2957 2959
f 2887 2959 2960
f 2887 2960 2961
f 2888 2962 2963
f 2888 2961 2962
f 2888 2963 2964
f 2889 2964 2965
f 2890 2966 2969
f 2890 2965 2968
f 2890 2968 2967
f 2890 2967 2966
f 2891 2969 2970
f 2892 2970 2971
f 2892 2971 2972
f 2892 2972 2973
f 2893 2973 2974
f 2893 2974 2975
f 2894 2975 2976
f 2894 2976 2977
f 2895 2977 2978
f 2895 2979 2980
f 2895 2978 2979
f 2895 2980 2981
f 2896 2981 2982
f 2897 2982 2984
f 2897 2984 2983
f 2897 2983 2985
f 2898 2985 2986
f 2898 2986 2987
f 2899 2987 2988
f 2899 2988 2989
f 2901 2989 2990
f 2901 2990 2993
f 2901 2991 2992
f 2901 2993 2991
f 2900 2992 2994
f 2902 2994 2995
f 2902 2995 2996
f 2902 2996 2997
f 2903 2997 2998
f 2903 2998 2999
f 2904 2999 3000
f 2904 3000 3001
f 2905 3002 3005
f 2905 3001 3004
f 2905 3003 3002
f 2905 3004 3003
f 2906 3005 3006
f 2907 3006 3007
f 2907 3007 3008
f 2907 3008 3009
f 2908 3009 3010
f 2908 3010 3011
f 2909 3011 3012
f 2909 3012 3015
f 2910 3015 3014
f 2910 3014 3013
f 2910 3016 3017
f 2910 3013 3016
f 2911 3017 3018
f 2911 3018 3019
f 2912 3020 3021
f 2912 3019 3020
f 2913 3021 3023
f 2913 3022 3024
f 2913 3023 3022
f 2914 3024 3025
f 2915 3025 3027
f 2915 3026 3028
f 2915 3027 3026
f 2915 3028 3029
f 2916 3029 3030
f 2917 3030 3031
f 2917 3031 3032
f 2917 3032 3033
f 2918 3033 3034
f 2918 3034 3035
f 2919 3035 3036
f 2919 3036 3037
f 2920 3037 3038
f 2920 3041 3039
f 2920 3038 3040
f 2920 3040 3041
f 2921 3042 3043
f 2921 3039 3042
f 2922 3043 3044
f 2922 3044 3045
f 2923 3045 3046
f 2923 3047 3048
f 2923 3046 3047
f 2924 3048 3050
f 2925 3050 3051
f 2925 3051 3049
f 2925 3049 3052
f 2925 3052 3053
f 3053 3070 3054
f 2941 3074 2942
f 2942 3075 2943
f 2942 3074 3075
f 2943 3075 2944
f 2945 3076 2946
f 2944 3076 2945
f 2946 3077 2947
f 2947 3078 2948
f 2948 3078 2950
f 2949 2950 3079
f 2949 3079 2951
f 2951 3080 2952
f 2952 3081 2953
f 2953 3081 2954
f 2955 3082 2958
f 2954 3083 2956
f 2955 2956 3083
f 2957 2958 3082
f 2957 3084 2959
f 2960 3085 2961
f 2959 3085 2960
f 2961 3086 2962
f 2962 3086 2963
f 2963 3087 2964
f 2964 3088 2965
f 2965 3088 2968
f 2967 2968 3089
f 2966 2967 3089
f 2966 3090 2969
f 2969 3090 2970
f 2970 3091 2971
f 2971 3092 2972
f 2972 3092 2973
f 2973 3093 2974
f 2974 3093 2975
f 2975 3094 2976
f 2976 3095 2977
f 2977 3095 2978
f 2979 3096 2980
f 2978 3096 2979
f 2980 3097 2981
f 2981 3097 2982
f 2982 3098 2984
f 2983 2984 3099
f 2983 3099 2985
f 2985 3100 2986
f 2986 3100 2987
f 2987 3101 2988
f 2988 3102 2989
f 2989 3102 2990
f 2990 3103 2993
f 2992 3104 2994
f 2991 3104 2992
f 2991 2993 3103
f 2994 3105 2995
f 2995 3106 2996
f 2996 3106 2997
f 2997 3107 2998
f 2998 3107 2999
f 2999 3108 3000
f 3000 3110 3001
f 3001 3110 3004
f 3002 3003 3109
f 3003 3004 3109
f 3005 3111 3006
f 3002 3111 3005
f 3006 3112 3007
f 3007 3113 3008
f 3008 3113 3009
f 3009 3114 3010
f 3010 3114 3011
f 3011 3115 3012
f 3012 3117 3015
f 3014 3015 3117
f 3013 3014 3116
f 3013 3116 3016
f 3017 3118 3018
f 3016 3118 3017
f 3018 3119 3019
f 3020 3120 3021
f 3019 3120 3020
f 3021 3121 3023
f 3022 3122 3024
f 3022 3023 3121
f 3024 3124 3025
f 3025 3124 3027
f 3026 3123 3028
f 3026 3027 3123
f 3029 3125 3030
f 3028 3125 3029
f 3030 3126 3031
f 3031 3127 3032
f 3052 3049 3139
f 3032 3127 3033
f 3033 3128 3034
f 3034 3128 3035
f 3035 3129 3036
f 3036 3130 3037
f 3037 3130 3038
f 3039 3041 3132
f 3038 3131 3040
f 3040 3131 3041
f 3042 3133 3043
f 3039 3132 3042
f 3044 3134 3045
f 3043 3134 3044
f 3046 3135 3047
f 3045 3135 3046
f 3047 3136 3048
f 3048 3137 3050
f 3050 3137 3051
f 3049 3051 3138
f 2944 3075 3076
f 2946 3076 3077
f 2947 3077 3078
f 2950 3078 3079
f 2951 3079 3080
f 2952 3080 3081
f 2954 3081 3083
f 2955 3083 3082
f 2957 3082 3084
f 2959 3084 3085
f 2961 3085 3086
f 2963 3086 3087
f 2964 3087 3088
f 2966 3089 3090
f 2968 3088 3089
f 2970 3090 3091
f 2971 3091 3092
f 2973 3092 3093
f 2975 3093 3094
f 2976 3094 3095
f 2978 3095 3096
f 2980 3096 3097
f 2982 3097 3098
f 2984 3098 3099
f 2985 3099 3100
f 2987 3100 3101
f 2988 3101 3102
f 2990 3102 3103
f 2991 3103 3104
f 2994 3104 3105
f 2995 3105 3106
f 2997 3106 3107
f 2999 3107 3108
f 3000 3108 3110
f 3004 3110 3109
f 3002 3109 3111
f 3006 3111 3112
f 3007 3112 3113
f 3009 3113 3114
f 3011 3114 3115
f 3012 3115 3117
f 3014 3117 3116
f 3016 3116 3118
f 3018 3118 3119
f 3019 3119 3120
f 3021 3120 3121
f 3022 3121 3122
f 3024 3122 3124
f 3027 3124 3123
f 3028 3123 3125
f 3030 3125 3126
f 3031 3126 3127
f 3049 3138 3139
f 3033 3127 3128
f 3035 3128 3129
f 3036 3129 3130
f 3038 3130 3131
f 3041 3131 3132
f 3042 3132 3133
f 3043 3133 3134
f 3045 3134 3135
f 3047 3135 3136
f 3048 3136 3137
f 3051 3137 3138
f 3052 3139 3053
f 3053 3139 3070
f 2935 3055 3248
f 2927 3070 2928
f 3054 3070 2927
f 2928 3068 2929
f 2928 3070 3069
f 2928 3071 3067
f 2928 3067 3068
f 2929 3256 3061
f 3055 3056 3249
f 3056 3057 3250
f 3057 3058 3251
f 3058 3059 3251
f 3059 3060 3253
f 3061 3254 3062
f 3062 3255 3063
f 3060 3065 3257
f 3065 3066 3258
f 3066 3064 3258
f 3063 3259 3064
f 2928 3069 3071
f 2929 3068 3246
f 3070 3247 3069
f 3067 3246 3068
f 2929 3246 3256
f 3067 3071 3245
f 3069 3247 3071
f 3055 3249 3248
f 3056 3250 3249
f 3060 3257 3253
f 3057 3251 3250
f 3059 3252 3251
f 3059 3253 3252
f 3063 3255 3259
f 3061 3256 3254
f 3062 3254 3255
f 3065 3258 3257
f 3064 3259 3258
f 3072 3073 3074
f 2938 3073 3072
f 2938 3153 3073
f 3074 3140 3075
f 3075 3142 3076
f 3076 3143 3077
f 3077 3144 3078
f 3078 3145 3079
f 3079 3147 3080
f 3080 3148 3081
f 3081 3149 3083
f 3082 3083 3150
f 3082 3152 3084
f 3084 3156 3085
f 3085 3157 3086
f 3086 3159 3087
f 3087 3160 3088
f 3089 3161 3090
f 3088 3163 3089
f 3090 3164 3091
f 3091 3165 3092
f 3092 3166 3093
f 3093 3168 3094
f 3094 3176 3095
f 3095 3177 3096
f 3096 3179 3097
f 3097 3180 3098
f 3098 3181 3099
f 3099 3182 3100
f 3100 3184 3101
f 3101 3185 3102
f 3102 3186 3103
f 3103 3188 3104
f 3104 3189 3105
f 3105 3191 3106
f 3106 3190 3107
f 3107 3193 3108
f 3108 3197 3110
f 3109 3110 3199
f 3109 3200 3111
f 3111 3202 3112
f 3112 3204 3113
f 3113 3203 3114
f 3114 3206 3115
f 3115 3209 3117
f 3116 3117 3208
f 3116 3210 3118
f 3118 3211 3119
f 3119 3212 3120
f 3120 3214 3121
f 3121 3215 3122
f 3122 3216 3124
f 3123 3124 3218
f 3123 3219 3125
f 3125 3220 3126
f 3126 3221 3127
f 3139 3138 3224
f 3127 3226 3128
f 3128 3227 3129
f 3129 3228 3130
f 3130 3229 3131
f 3131 3231 3132
f 3132 3232 3133
f 3133 3233 3134
f 3135 3236 3136
f 3134 3235 3135
f 3136 3237 3137
f 3137 3239 3138
f 3139 3244 3070
f 3073 3140 3074
f 3140 3141 3075
f 3073 3153 3140
f 3140 3153 3141
f 3075 3141 3142
f 3076 3142 3143
f 3077 3143 3144
f 3078 3144 3145
f 3079 3145 3146
f 3079 3146 3147
f 3080 3147 3148
f 3081 3148 3149
f 3082 3150 3152
f 3083 3149 3151
f 3083 3151 3150
f 3084 3152 3156
f 3085 3156 3158
f 3085 3158 3157
f 3086 3157 3159
f 3087 3159 3160
f 3088 3160 3163
f 3089 3163 3162
f 3089 3162 3161
f 3090 3161 3164
f 3091 3164 3165
f 3092 3165 3166
f 3093 3166 3167
f 3093 3167 3168
f 3094 3168 3176
f 3095 3176 3177
f 3096 3178 3179
f 3096 3177 3178
f 3097 3179 3180
f 3098 3180 3181
f 3099 3181 3182
f 3100 3182 3183
f 3100 3183 3184
f 3101 3184 3185
f 3102 3185 3186
f 3103 3186 3187
f 3104 3188 3189
f 3103 3187 3188
f 3105 3189 3191
f 3106 3191 3190
f 3107 3190 3192
f 3107 3192 3193
f 3108 3193 3197
f 3110 3197 3199
f 3109 3198 3200
f 3109 3199 3198
f 3111 3200 3202
f 3112 3202 3204
f 3113 3204 3203
f 3114 3203 3205
f 3114 3205 3206
f 3115 3206 3209
f 3117 3209 3208
f 3116 3208 3207
f 3116 3207 3210
f 3118 3210 3211
f 3119 3211 3212
f 3120 3212 3213
f 3120 3213 3214
f 3121 3214 3215
f 3122 3215 3216
f 3124 3216 3218
f 3123 3217 3219
f 3123 3218 3217
f 3125 3219 3220
f 3126 3220 3221
f 3127 3221 3226
f 3128 3226 3225
f 3128 3225 3227
f 3129 3227 3228
f 3130 3228 3229
f 3132 3231 3232
f 3131 3229 3230
f 3131 3230 3231
f 3133 3232 3233
f 3134 3234 3235
f 3134 3233 3234
f 3135 3235 3236
f 3136 3236 3237
f 3137 3237 3239
f 3138 3239 3238
f 3138 3238 3224
f 3141 3154 3142
f 3142 3154 3143
f 3141 3153 3154
f 3143 3154 3155
f 3143 3155 3144
f 3145 3155 3146
f 3144 3155 3145
f 3146 3155 3147
f 3147 3155 3148
f 3148 3155 3149
f 3149 3155 3151
f 3150 3170 3152
f 3150 3151 3170
f 3152 3170 3156
f 3151 3155 3170
f 3156 3169 3158
f 3157 3158 3171
f 3157 3171 3159
f 3159 3172 3160
f 3160 3172 3163
f 3162 3163 3173
f 3156 3170 3169
f 3158 3169 3171
f 3159 3171 3172
f 3163 3172 3173
f 3161 3162 3174
f 3161 3174 3164
f 3164 3175 3165
f 3165 3194 3166
f 3166 3194 3167
f 3167 3194 3168
f 3168 3194 3176
f 3162 3173 3174
f 3164 3174 3175
f 3165 3175 3194
f 3176 3194 3177
f 3177 3194 3178
f 3178 3195 3179
f 3179 3195 3180
f 3178 3194 3195
f 3180 3195 3181
f 3181 3195 3182
f 3182 3195 3183
f 3183 3195 3184
f 3184 3195 3185
f 3185 3195 3186
f 3186 3195 3187
f 3188 3196 3189
f 3187 3196 3188
f 3189 3196 3191
f 3190 3191 3196
f 3190 3196 3192
f 3192 3201 3193
f 3187 3195 3196
f 3192 3196 3201
f 3193 3201 3197
f 3197 3201 3199
f 3198 3199 3201
f 3198 3222 3200
f 3200 3222 3202
f 3202 3222 3204
f 3203 3222 3205
f 3203 3204 3222
f 3205 3222 3206
f 3206 3222 3209
f 3208 3209 3222
f 3207 3208 3222
f 3198 3201 3222
f 3210 3223 3211
f 3207 3223 3210
f 3211 3223 3212
f 3212 3223 3213
f 3214 3223 3215
f 3213 3223 3214
f 3215 3223 3216
f 3216 3223 3218
f 3217 3218 3223
f 3217 3240 3219
f 3219 3240 3220
f 3207 3222 3223
f 3217 3223 3240
f 3220 3240 3221
f 3225 3226 3240
f 3221 3240 3226
f 3225 3240 3227
f 3227 3240 3228
f 3228 3240 3229
f 3229 3240 3230
f 3231 3241 3232
f 3230 3241 3231
f 3232 3241 3233
f 3233 3241 3234
f 3230 3240 3241
f 3234 3241 3235
f 3235 3242 3236
f 3236 3242 3237
f 3237 3242 3239
f 3238 3239 3243
f 3235 3241 3242
f 3239 3242 3243
f 3224 3238 3243
f 3139 3224 3244
f 3244 3261 3070
f 3224 3243 3244
f 3244 3243 3261
f 3261 3243 3262
f 3067 3245 3246
f 3070 3260 3247
f 3071 3263 3245
f 3071 3247 3263
f 3070 3261 3260
f 3260 3262 3247
f 3247 3262 3263
f 3245 3263 3262
f 3245 3262 3264
f 3260 3261 3262
f 3245 3264 3277
f 2934 4182 3265
f 2934 3265 3055
f 3265 4182 4184
f 2939 3248 3266
f 3055 3265 4184
f 3055 3267 3056
f 3056 3268 3057
f 3057 3269 3058
f 3058 3270 3059
f 3059 3271 3060
f 3061 3062 3276
f 3063 3064 4193
f 3066 3275 3064
f 3060 3273 3065
f 3065 3274 3066
f 3062 3063 4195
f 3055 4184 3267
f 3056 3267 4185
f 3056 4185 3268
f 3057 3268 4186
f 3057 4186 3269
f 3058 3269 4187
f 3058 4187 3270
f 3059 3270 4188
f 3059 4188 3271
f 3060 3272 4191
f 3060 3271 3272
f 3064 3275 4189
f 3064 4189 4190
f 3064 4190 4193
f 3066 3274 4192
f 3066 4192 3275
f 3060 4191 3273
f 3065 3273 3274
f 3061 3276 3921
f 3063 4193 4194
f 3063 4194 4195
f 3062 4195 4196
f 3062 4196 3276
f 3248 3249 3279
f 3249 3250 3280
f 3250 3251 3281
f 3251 3252 3282
f 3252 3253 3283
f 3246 3293 3256
f 3245 3296 3246
f 3256 3292 3254
f 3258 3259 3286
f 3255 3288 3259
f 3253 3257 3284
f 3257 3258 3285
f 3254 3290 3255
f 3245 3277 3297
f 3248 3278 3266
f 3248 4197 3278
f 3248 3279 4197
f 3249 4198 3279
f 3249 3280 4198
f 3250 4199 3280
f 3250 3281 4199
f 3251 4200 3281
f 3251 3282 4200
f 3252 4201 3282
f 3252 3283 4201
f 3253 4202 3283
f 3245 3297 3296
f 3258 3286 3285
f 3253 3284 4202
f 3257 4203 3284
f 3257 3285 4203
f 3259 3287 3286
f 3259 3288 3287
f 3254 3291 3290
f 3255 3289 3288
f 3255 3290 3289
f 3254 3292 3291
f 3256 3294 3292
f 3256 3293 3294
f 3246 3295 3293
f 3246 3296 3295
f 3264 3262 4364
f 3277 3298 3297
f 3264 4364 3277
f 2293 3299 3300
f 3299 3301 3300
f 3300 3301 3502
f 2294 3300 3558
f 3300 3502 3599
f 3300 3599 3558
f 3301 3302 3502
f 1393 3303 3302
f 1393 1496 3303
f 3502 3302 3503
f 3302 3303 3505
f 1496 3304 3378
f 3303 1496 3378
f 3378 3304 3379
f 3304 3305 3381
f 3306 3307 3384
f 3305 3306 3383
f 3307 3308 3386
f 3308 3309 3387
f 3309 3310 3389
f 3310 3311 3390
f 3311 3312 3393
f 3312 3313 3394
f 3313 3314 3395
f 3314 3315 3397
f 3315 3316 3399
f 3316 3317 3401
f 3317 3318 3402
f 3318 3319 3403
f 3319 3321 3404
f 3320 3406 3321
f 3322 3323 3409
f 3320 3322 3410
f 3323 3324 3411
f 3324 3325 3413
f 3325 3326 3416
f 3326 3327 3415
f 3327 3328 3418
f 3328 3329 3421
f 3329 3330 3422
f 3330 3331 3423
f 3331 3332 3425
f 3332 3333 3426
f 3333 3334 3428
f 3334 3335 3429
f 3335 3336 3433
f 3336 3337 3431
f 3337 3338 3435
f 3338 3339 3436
f 3339 3340 3438
f 3340 3341 3439
f 3341 3342 3441
f 3342 3344 3442
f 3343 3445 3344
f 3343 3345 3446
f 3345 3346 3449
f 3346 3347 3448
f 3347 3348 3451
f 3348 3349 3452
f 3349 3350 3454
f 3350 3351 3456
f 3351 3352 3457
f 3352 3353 3459
f 3353 3354 3461
f 3354 3355 3462
f 3355 3356 3464
f 3356 3357 3465
f 3357 3358 3467
f 3358 3359 3468
f 3359 3360 3470
f 3360 3361 3471
f 3361 3362 3475
f 3362 3363 3474
f 3363 3364 3477
f 3364 3365 3478
f 3365 3366 3480
f 3366 3368 3482
f 3367 3484 3368
f 3367 3369 3486
f 3369 3370 3487
f 3370 3371 3488
f 3371 3372 3490
f 3372 3373 3491
f 3373 3374 3493
f 3374 3375 3494
f 3375 3376 3496
f 3376 3377 3498
f 3303 3378 3505
f 3378 3379 3505
f 3379 3380 3505
f 3379 3304 3380
f 3305 3383 3382
f 3305 3382 3381
f 3304 3381 3380
f 3306 3384 3383
f 3307 3386 3385
f 3307 3385 3384
f 3308 3387 3386
f 3309 3388 3387
f 3309 3389 3388
f 3310 3390 3389
f 3311 3392 3390
f 3311 3393 3392
f 3312 3394 3391
f 3312 3391 3393
f 3313 3395 3396
f 3313 3396 3394
f 3314 3397 3395
f 3315 3398 3397
f 3315 3399 3398
f 3316 3401 3399
f 3317 3400 3401
f 3317 3402 3400
f 3318 3403 3402
f 3319 3405 3403
f 3319 3404 3405
f 3320 3408 3406
f 3321 3406 3407
f 3321 3407 3404
f 3320 3410 3408
f 3322 3409 3410
f 3323 3411 3412
f 3323 3412 3409
f 3324 3413 3411
f 3325 3414 3413
f 3325 3416 3414
f 3326 3415 3416
f 3327 3417 3415
f 3327 3418 3417
f 3328 3419 3418
f 3329 3422 3420
f 3329 3420 3421
f 3328 3421 3419
f 3330 3423 3422
f 3331 3424 3423
f 3331 3425 3424
f 3332 3426 3425
f 3333 3427 3426
f 3333 3428 3427
f 3334 3429 3428
f 3335 3430 3429
f 3335 3433 3430
f 3337 3434 3431
f 3336 3431 3432
f 3336 3432 3433
f 3337 3435 3434
f 3338 3436 3435
f 3339 3437 3436
f 3339 3438 3437
f 3340 3439 3438
f 3341 3440 3439
f 3341 3441 3440
f 3342 3442 3441
f 3344 3444 3442
f 3344 3445 3444
f 3343 3443 3445
f 3343 3446 3443
f 3345 3449 3447
f 3345 3447 3446
f 3346 3448 3449
f 3347 3450 3448
f 3348 3452 3451
f 3347 3451 3450
f 3349 3453 3452
f 3349 3454 3453
f 3350 3456 3454
f 3351 3455 3456
f 3351 3457 3455
f 3352 3458 3457
f 3352 3459 3458
f 3353 3461 3460
f 3353 3460 3459
f 3354 3462 3461
f 3355 3463 3462
f 3355 3464 3463
f 3356 3465 3464
f 3357 3466 3465
f 3357 3467 3466
f 3358 3468 3467
f 3359 3469 3468
f 3359 3470 3469
f 3360 3471 3472
f 3360 3472 3470
f 3361 3475 3473
f 3361 3473 3471
f 3362 3474 3475
f 3363 3476 3474
f 3363 3477 3476
f 3364 3478 3477
f 3365 3479 3478
f 3365 3480 3479
f 3366 3482 3480
f 3368 3481 3482
f 3368 3484 3481
f 3367 3483 3484
f 3367 3486 3483
f 3369 3487 3485
f 3369 3485 3486
f 3370 3488 3487
f 3371 3489 3488
f 3371 3490 3489
f 3372 3491 3490
f 3373 3492 3491
f 3373 3493 3492
f 3374 3494 3493
f 3375 3495 3494
f 3375 3496 3495
f 3376 3497 3496
f 3376 3498 3497
f 3377 3500 3498
f 3377 3499 3501
f 3377 3501 3500
f 3499 3554 3501
f 3502 3503 3599
f 3503 3302 3504
f 3302 3505 3504
f 3503 3504 3599
f 3504 3505 3601
f 3505 3380 3506
f 3381 3382 3506
f 3380 3381 3506
f 3383 3384 3507
f 3382 3383 3507
f 3384 3385 3508
f 3385 3386 3508
f 3386 3387 3509
f 3387 3388 3509
f 3388 3389 3509
f 3389 3390 3510
f 3390 3392 3510
f 3392 3393 3511
f 3391 3394 3511
f 3391 3511 3393
f 3395 3397 3512
f 3394 3396 3511
f 3395 3512 3396
f 3397 3398 3513
f 3398 3399 3513
f 3399 3401 3514
f 3400 3514 3401
f 3400 3402 3514
f 3402 3403 3515
f 3403 3405 3515
f 3404 3516 3405
f 3406 3408 3516
f 3406 3516 3407
f 3404 3407 3516
f 3408 3410 3517
f 3409 3517 3410
f 3411 3518 3412
f 3409 3412 3518
f 3411 3413 3518
f 3413 3414 3519
f 3414 3416 3519
f 3415 3520 3416
f 3415 3417 3520
f 3417 3418 3521
f 3418 3419 3521
f 3420 3422 3522
f 3420 3521 3421
f 3419 3421 3521
f 3422 3423 3522
f 3425 3426 3523
f 3424 3425 3523
f 3423 3424 3523
f 3426 3427 3524
f 3427 3428 3524
f 3428 3429 3525
f 3429 3430 3525
f 3431 3434 3526
f 3430 3433 3526
f 3431 3526 3432
f 3432 3526 3433
f 3434 3435 3527
f 3435 3436 3527
f 3436 3437 3528
f 3437 3438 3528
f 3438 3439 3529
f 3439 3440 3529
f 3440 3441 3529
f 3441 3442 3531
f 3442 3444 3531
f 3444 3445 3530
f 3443 3530 3445
f 3446 3447 3530
f 3443 3446 3530
f 3448 3532 3449
f 3447 3449 3532
f 3448 3450 3533
f 3451 3452 3533
f 3450 3451 3533
f 3452 3453 3534
f 3453 3454 3534
f 3454 3456 3535
f 3455 3535 3456
f 3455 3457 3536
f 3457 3458 3536
f 3458 3459 3536
f 3460 3461 3537
f 3459 3460 3536
f 3461 3462 3537
f 3462 3463 3538
f 3464 3465 3538
f 3463 3464 3538
f 3465 3466 3539
f 3466 3467 3539
f 3467 3468 3540
f 3468 3469 3540
f 3471 3473 3541
f 3469 3470 3541
f 3471 3541 3472
f 3470 3472 3541
f 3473 3475 3542
f 3474 3542 3475
f 3474 3476 3543
f 3477 3478 3543
f 3476 3477 3543
f 3478 3479 3544
f 3479 3480 3544
f 3480 3482 3545
f 3481 3545 3482
f 3481 3484 3546
f 3483 3546 3484
f 3483 3486 3546
f 3485 3546 3486
f 3487 3488 3547
f 3485 3487 3547
f 3489 3490 3548
f 3488 3489 3548
f 3490 3491 3548
f 3491 3492 3549
f 3492 3493 3549
f 3493 3494 3550
f 3494 3495 3550
f 3495 3496 3551
f 3496 3497 3551
f 3382 3507 3506
f 3384 3508 3507
f 3386 3509 3508
f 3389 3510 3509
f 3392 3511 3510
f 3396 3512 3511
f 3397 3513 3512
f 3399 3514 3513
f 3402 3515 3514
f 3405 3516 3515
f 3408 3517 3516
f 3409 3518 3517
f 3413 3519 3518
f 3416 3520 3519
f 3417 3521 3520
f 3420 3522 3521
f 3423 3523 3522
f 3426 3524 3523
f 3428 3525 3524
f 3430 3526 3525
f 3434 3527 3526
f 3436 3528 3527
f 3438 3529 3528
f 3441 3531 3529
f 3444 3530 3531
f 3447 3532 3530
f 3448 3533 3532
f 3452 3534 3533
f 3454 3535 3534
f 3455 3536 3535
f 3460 3537 3536
f 3462 3538 3537
f 3465 3539 3538
f 3467 3540 3539
f 3469 3541 3540
f 3473 3542 3541
f 3474 3543 3542
f 3478 3544 3543
f 3480 3545 3544
f 3481 3546 3545
f 3485 3547 3546
f 3488 3548 3547
f 3491 3549 3548
f 3493 3550 3549
f 3495 3551 3550
f 3497 3498 3551
f 3498 3500 3551
f 3500 3552 3551
f 3505 3506 3605
f 3505 3605 3601
f 3506 3507 3609
f 3507 3508 3610
f 3508 3509 3613
f 3509 3510 3615
f 3510 3511 3617
f 3511 3512 3621
f 3512 3513 3622
f 3513 3514 3625
f 3514 3515 3627
f 3515 3516 3630
f 3516 3517 3633
f 3517 3518 3635
f 3518 3519 3637
f 3519 3520 3640
f 3520 3521 3641
f 3521 3522 3644
f 3522 3523 3647
f 3523 3524 3649
f 3524 3525 3652
f 3525 3526 3653
f 3526 3527 3657
f 3527 3528 3658
f 3528 3529 3661
f 3529 3531 3663
f 3530 3666 3531
f 3530 3532 3669
f 3532 3533 3671
f 3533 3534 3673
f 3534 3535 3676
f 3535 3536 3677
f 3536 3537 3681
f 3537 3538 3683
f 3538 3539 3685
f 3539 3540 3688
f 3540 3541 3689
f 3541 3542 3693
f 3542 3543 3695
f 3543 3544 3697
f 3544 3545 3700
f 3545 3546 3701
f 3546 3547 3705
f 3547 3548 3707
f 3548 3549 3709
f 3549 3550 3712
f 3550 3551 3713
f 3551 3552 3717
f 3500 3501 3552
f 3501 3554 3552
f 3499 3553 3554
f 3554 3553 3555
f 3553 3922 3556
f 3553 3556 3555
f 3552 3554 3557
f 3554 3555 3557
f 3552 3557 3908
f 3555 3556 3557
f 3556 3927 3557
f 2639 3560 3586
f 2639 3586 3561
f 2640 3561 3587
f 2640 3587 3562
f 2641 3562 3590
f 2641 3590 3563
f 2642 3563 3588
f 2642 3588 2643
f 2643 3588 3564
f 2644 3564 3589
f 2644 3589 3565
f 2645 3565 3591
f 2645 3592 2646
f 2646 3592 3566
f 3566 3592 3567
f 3567 3593 3568
f 3568 3593 3569
f 3569 3594 3570
f 3570 3594 3571
f 3571 3595 3572
f 2647 3572 3596
f 2647 3596 2648
f 2648 3596 2649
f 2649 3600 3573
f 2637 3558 3598
f 2638 3559 3597
f 2637 3598 3559
f 2638 3597 3560
f 3573 3600 4182
f 3561 3586 3587
f 3562 3587 3590
f 3563 3590 3588
f 3564 3588 3589
f 3571 3594 3595
f 3572 3595 3596
f 2649 3596 3600
f 3565 3589 3591
f 2645 3591 3592
f 3567 3592 3593
f 3569 3593 3594
f 3558 3599 3598
f 3560 3597 3586
f 3559 3598 3597
f 2652 3575 3721
f 2652 3721 3576
f 2656 2653 3718
f 2653 2654 3718
f 2655 3722 3575
f 2655 3577 3722
f 2656 3719 3577
f 2662 2663 3725
f 2663 2664 3725
f 2654 2660 3723
f 2661 3580 3723
f 2660 2661 3723
f 2662 3724 3580
f 2664 3581 3725
f 3581 3582 3726
f 2665 3727 3582
f 2665 2666 3727
f 2666 2667 3728
f 2667 2668 3728
f 2668 3583 3728
f 3583 3584 3732
f 2651 3576 3720
f 2651 3720 3574
f 2657 3729 3578
f 2657 3574 3729
f 2658 3578 3730
f 2658 3730 3579
f 2659 3579 3731
f 2669 2659 3585
f 3585 3735 2627
f 3735 3737 2627
f 3266 3732 3584
f 3575 3722 3721
f 3576 3721 3720
f 3577 3719 3722
f 2656 3718 3719
f 3582 3727 3726
f 2666 3728 3727
f 3583 3732 3728
f 2654 3723 3718
f 3580 3724 3723
f 2662 3725 3724
f 3581 3726 3725
f 2659 3731 3585
f 3574 3720 3729
f 3578 3729 3730
f 3579 3730 3731
f 3585 3731 3735
f 3600 4205 4182
f 3266 4210 3732
f 3588 3590 3719
f 3588 3719 3589
f 3586 3721 3587
f 3587 3722 3590
f 3593 3726 3594
f 3589 3718 3591
f 3591 3724 3592
f 3592 3724 3593
f 3594 3726 3595
f 3595 3727 3596
f 3596 3728 3600
f 3586 3597 3720
f 3597 3598 3729
f 3598 3599 3730
f 3504 3604 3599
f 3504 3601 3604
f 3601 3605 3604
f 3599 3602 3603
f 3599 3603 3731
f 3589 3719 3718
f 3587 3721 3722
f 3586 3720 3721
f 3590 3722 3719
f 3591 3718 3723
f 3591 3723 3724
f 3593 3724 3725
f 3593 3725 3726
f 3595 3726 3727
f 3596 3727 3728
f 3728 3732 3600
f 3597 3729 3720
f 3598 3730 3729
f 3599 3731 3730
f 3599 3604 3602
f 3602 3604 3733
f 3600 3732 4206
f 3605 3506 3606
f 3605 3606 3742
f 3606 3506 3607
f 3506 3609 3608
f 3506 3608 3607
f 3507 3610 3609
f 3508 3611 3610
f 3508 3612 3611
f 3508 3613 3612
f 3509 3614 3613
f 3509 3615 3614
f 3510 3616 3615
f 3510 3617 3616
f 3511 3618 3617
f 3511 3620 3619
f 3511 3619 3618
f 3512 3622 3621
f 3511 3621 3620
f 3513 3623 3622
f 3513 3624 3623
f 3513 3625 3624
f 3514 3626 3625
f 3514 3627 3626
f 3515 3628 3627
f 3515 3630 3628
f 3516 3629 3630
f 3516 3633 3631
f 3516 3631 3632
f 3516 3632 3629
f 3517 3634 3633
f 3517 3635 3634
f 3518 3636 3635
f 3518 3637 3636
f 3519 3640 3638
f 3519 3638 3639
f 3519 3639 3637
f 3520 3641 3640
f 3521 3642 3641
f 3521 3643 3642
f 3522 3646 3644
f 3521 3644 3645
f 3521 3645 3643
f 3522 3647 3646
f 3523 3649 3648
f 3523 3648 3647
f 3524 3650 3649
f 3524 3651 3650
f 3524 3652 3651
f 3525 3653 3652
f 3526 3655 3653
f 3526 3657 3656
f 3526 3656 3654
f 3526 3654 3655
f 3527 3658 3657
f 3528 3659 3658
f 3528 3660 3659
f 3528 3661 3660
f 3529 3662 3661
f 3529 3663 3662
f 3531 3664 3663
f 3531 3666 3664
f 3530 3667 3666
f 3530 3665 3667
f 3530 3669 3668
f 3530 3668 3665
f 3532 3671 3670
f 3532 3670 3669
f 3533 3673 3672
f 3533 3672 3671
f 3534 3675 3673
f 3534 3676 3674
f 3534 3674 3675
f 3535 3677 3676
f 3536 3678 3677
f 3536 3679 3678
f 3536 3680 3679
f 3537 3682 3681
f 3536 3681 3680
f 3537 3683 3682
f 3538 3685 3684
f 3538 3684 3683
f 3539 3686 3685
f 3539 3687 3686
f 3539 3688 3687
f 3540 3689 3688
f 3541 3690 3689
f 3541 3693 3691
f 3541 3691 3692
f 3541 3692 3690
f 3542 3694 3693
f 3542 3695 3694
f 3543 3697 3696
f 3543 3696 3695
f 3544 3699 3698
f 3544 3698 3697
f 3544 3700 3699
f 3545 3701 3700
f 3546 3703 3701
f 3546 3702 3703
f 3546 3704 3702
f 3546 3705 3704
f 3547 3707 3706
f 3547 3706 3705
f 3548 3708 3707
f 3548 3709 3708
f 3549 3710 3709
f 3549 3711 3710
f 3549 3712 3711
f 3550 3713 3712
f 3551 3714 3713
f 3551 3715 3714
f 3551 3716 3715
f 3551 3717 3716
f 3604 3605 3742
f 3606 3607 3742
f 3608 3609 3744
f 3607 3608 3743
f 3609 3610 3744
f 3610 3611 3745
f 3611 3612 3746
f 3612 3613 3746
f 3613 3614 3747
f 3614 3615 3747
f 3615 3616 3748
f 3616 3617 3749
f 3617 3618 3749
f 3619 3620 3750
f 3618 3619 3750
f 3621 3622 3751
f 3620 3621 3751
f 3622 3623 3752
f 3623 3624 3753
f 3625 3626 3754
f 3624 3625 3753
f 3626 3627 3754
f 3627 3628 3755
f 3628 3630 3756
f 3629 3756 3630
f 3631 3633 3757
f 3631 3758 3632
f 3629 3632 3758
f 3633 3634 3757
f 3634 3635 3759
f 3635 3636 3760
f 3636 3637 3760
f 3637 3639 3762
f 3638 3762 3639
f 3638 3640 3761
f 3640 3641 3763
f 3641 3642 3763
f 3642 3643 3765
f 3644 3646 3764
f 3644 3764 3645
f 3643 3645 3765
f 3646 3647 3766
f 3648 3649 3767
f 3647 3648 3767
f 3650 3651 3768
f 3649 3650 3768
f 3651 3652 3769
f 3652 3653 3770
f 3653 3655 3770
f 3656 3657 3772
f 3654 3656 3771
f 3654 3771 3655
f 3657 3658 3772
f 3658 3659 3773
f 3659 3660 3774
f 3660 3661 3774
f 3661 3662 3775
f 3662 3663 3775
f 3663 3664 3776
f 3664 3666 3778
f 3666 3667 3778
f 3665 3777 3667
f 3665 3668 3777
f 3669 3670 3779
f 3668 3669 3779
f 3670 3671 3780
f 3672 3673 3781
f 3671 3672 3781
f 3673 3675 3782
f 3674 3782 3675
f 3674 3676 3783
f 3676 3677 3784
f 3677 3678 3784
f 3678 3679 3785
f 3679 3680 3785
f 3681 3682 3786
f 3680 3681 3786
f 3682 3683 3787
f 3684 3685 3788
f 3683 3684 3788
f 3685 3686 3789
f 3686 3687 3789
f 3687 3688 3790
f 3688 3689 3791
f 3689 3690 3791
f 3691 3792 3692
f 3690 3692 3792
f 3693 3694 3793
f 3691 3693 3793
f 3694 3695 3794
f 3696 3697 3795
f 3695 3696 3795
f 3698 3699 3796
f 3697 3698 3796
f 3699 3700 3797
f 3700 3701 3799
f 3701 3703 3799
f 3702 3798 3703
f 3702 3704 3798
f 3705 3706 3800
f 3704 3705 3800
f 3706 3707 3801
f 3707 3708 3802
f 3708 3709 3802
f 3709 3710 3803
f 3710 3711 3803
f 3711 3712 3804
f 3712 3713 3805
f 3713 3714 3805
f 3714 3715 3806
f 3742 3607 3743
f 3608 3744 3743
f 3610 3745 3744
f 3611 3746 3745
f 3613 3747 3746
f 3615 3748 3747
f 3616 3749 3748
f 3618 3750 3749
f 3620 3751 3750
f 3622 3752 3751
f 3623 3753 3752
f 3625 3754 3753
f 3627 3755 3754
f 3628 3756 3755
f 3629 3758 3756
f 3631 3757 3758
f 3634 3759 3757
f 3635 3760 3759
f 3637 3762 3760
f 3638 3761 3762
f 3640 3763 3761
f 3642 3765 3763
f 3645 3764 3765
f 3646 3766 3764
f 3647 3767 3766
f 3649 3768 3767
f 3651 3769 3768
f 3652 3770 3769
f 3655 3771 3770
f 3656 3772 3771
f 3658 3773 3772
f 3659 3774 3773
f 3661 3775 3774
f 3663 3776 3775
f 3664 3778 3776
f 3667 3777 3778
f 3668 3779 3777
f 3670 3780 3779
f 3671 3781 3780
f 3673 3782 3781
f 3674 3783 3782
f 3676 3784 3783
f 3678 3785 3784
f 3680 3786 3785
f 3682 3787 3786
f 3683 3788 3787
f 3685 3789 3788
f 3687 3790 3789
f 3688 3791 3790
f 3690 3792 3791
f 3691 3793 3792
f 3694 3794 3793
f 3695 3795 3794
f 3697 3796 3795
f 3699 3797 3796
f 3700 3799 3797
f 3703 3798 3799
f 3704 3800 3798
f 3706 3801 3800
f 3707 3802 3801
f 3709 3803 3802
f 3711 3804 3803
f 3712 3805 3804
f 3714 3806 3805
f 3715 3716 3806
f 3716 3717 3807
f 3716 3807 3806
f 3552 3908 3717
f 3807 3717 3908
f 3807 3908 3911
f 3602 3733 3603
f 3603 3739 3731
f 3604 3738 3733
f 3603 3733 3739
f 3604 3741 3738
f 3604 3808 3741
f 3731 3734 3736
f 3731 3739 3734
f 3731 3737 3735
f 3731 3736 3737
f 3736 3740 3737
f 3733 3738 3740
f 3733 3740 3739
f 3734 3739 3740
f 3734 3740 3736
f 3738 3741 3740
f 3604 3742 3808
f 3742 3743 3809
f 3743 3744 3811
f 3744 3745 3812
f 3745 3746 3813
f 3746 3747 3814
f 3747 3748 3816
f 3748 3749 3817
f 3749 3750 3818
f 3750 3751 3820
f 3751 3752 3821
f 3752 3753 3822
f 3753 3754 3823
f 3754 3755 3828
f 3755 3756 3829
f 3756 3758 3830
f 3757 3831 3758
f 3757 3759 3833
f 3759 3760 3834
f 3760 3762 3836
f 3761 3837 3762
f 3761 3763 3838
f 3763 3765 3839
f 3764 3766 3840
f 3764 3841 3765
f 3766 3767 3843
f 3767 3768 3846
f 3768 3769 3845
f 3769 3770 3847
f 3770 3771 3851
f 3771 3772 3852
f 3772 3773 3853
f 3773 3774 3855
f 3774 3775 3856
f 3775 3776 3858
f 3776 3778 3861
f 3777 3859 3778
f 3777 3779 3862
f 3779 3780 3863
f 3780 3781 3864
f 3781 3782 3866
f 3782 3783 3867
f 3783 3784 3868
f 3784 3785 3869
f 3786 3787 3872
f 3785 3786 3871
f 3787 3788 3876
f 3788 3789 3878
f 3789 3790 3879
f 3790 3791 3880
f 3791 3792 3881
f 3792 3793 3882
f 3793 3794 3884
f 3794 3795 3885
f 3795 3796 3887
f 3796 3797 3888
f 3797 3799 3892
f 3798 3894 3799
f 3800 3801 3896
f 3798 3800 3895
f 3801 3802 3897
f 3802 3803 3899
f 3803 3804 3900
f 3804 3805 3901
f 3805 3806 3902
f 3806 3807 3906
f 3742 3809 3808
f 3741 3825 3740
f 3741 3808 3825
f 3808 3809 3825
f 3809 3743 3810
f 3744 3812 3811
f 3743 3811 3810
f 3745 3813 3812
f 3746 3814 3813
f 3747 3815 3814
f 3747 3816 3815
f 3748 3817 3816
f 3749 3818 3817
f 3750 3820 3819
f 3750 3819 3818
f 3751 3821 3820
f 3752 3822 3821
f 3753 3823 3822
f 3754 3824 3823
f 3754 3828 3824
f 3755 3829 3828
f 3756 3830 3829
f 3757 3833 3831
f 3758 3831 3832
f 3758 3832 3830
f 3759 3834 3833
f 3760 3836 3835
f 3760 3835 3834
f 3762 3837 3836
f 3761 3838 3837
f 3763 3839 3838
f 3765 3842 3839
f 3764 3840 3841
f 3765 3841 3842
f 3766 3843 3840
f 3767 3844 3843
f 3768 3845 3846
f 3767 3846 3844
f 3769 3847 3845
f 3770 3851 3847
f 3771 3852 3850
f 3771 3850 3851
f 3772 3853 3852
f 3773 3855 3853
f 3774 3856 3855
f 3775 3857 3856
f 3775 3858 3857
f 3776 3861 3858
f 3778 3859 3861
f 3777 3860 3859
f 3777 3862 3860
f 3779 3863 3862
f 3780 3864 3863
f 3781 3865 3864
f 3781 3866 3865
f 3782 3867 3866
f 3783 3868 3867
f 3784 3869 3868
f 3785 3870 3869
f 3785 3871 3870
f 3786 3872 3871
f 3787 3876 3872
f 3788 3877 3876
f 3788 3878 3877
f 3789 3879 3878
f 3790 3880 3879
f 3791 3881 3880
f 3792 3882 3883
f 3792 3883 3881
f 3793 3884 3882
f 3794 3885 3884
f 3795 3886 3885
f 3795 3887 3886
f 3796 3888 3887
f 3797 3892 3888
f 3799 3894 3892
f 3798 3893 3894
f 3798 3895 3893
f 3800 3896 3895
f 3801 3897 3896
f 3802 3899 3898
f 3802 3898 3897
f 3803 3900 3899
f 3804 3901 3900
f 3805 3902 3901
f 3806 3903 3902
f 3809 3810 3825
f 3811 3812 3825
f 3810 3811 3825
f 3812 3813 3825
f 3813 3814 3826
f 3814 3815 3826
f 3813 3826 3825
f 3815 3816 3826
f 3816 3817 3826
f 3817 3818 3826
f 3818 3819 3826
f 3819 3820 3827
f 3820 3821 3827
f 3821 3822 3827
f 3822 3823 3827
f 3823 3824 3827
f 3824 3828 3827
f 3828 3829 3827
f 3819 3827 3826
f 3829 3830 3827
f 3830 3832 3827
f 3831 3833 3848
f 3831 3848 3832
f 3833 3834 3848
f 3834 3835 3848
f 3835 3836 3848
f 3836 3837 3848
f 3837 3838 3848
f 3838 3839 3848
f 3839 3842 3848
f 3832 3848 3827
f 3842 3849 3848
f 3840 3849 3841
f 3841 3849 3842
f 3840 3843 3849
f 3843 3844 3849
f 3844 3846 3849
f 3845 3849 3846
f 3845 3847 3849
f 3847 3851 3849
f 3850 3849 3851
f 3850 3854 3849
f 3852 3853 3854
f 3850 3852 3854
f 3853 3855 3854
f 3855 3856 3854
f 3856 3857 3854
f 3857 3858 3854
f 3858 3861 3854
f 3859 3854 3861
f 3859 3860 3854
f 3862 3863 3873
f 3860 3862 3873
f 3863 3864 3873
f 3860 3873 3854
f 3864 3865 3873
f 3865 3866 3874
f 3865 3874 3873
f 3866 3867 3874
f 3867 3868 3874
f 3868 3869 3874
f 3869 3870 3874
f 3870 3871 3875
f 3871 3872 3875
f 3870 3875 3874
f 3872 3876 3875
f 3876 3877 3875
f 3877 3878 3889
f 3878 3879 3889
f 3879 3880 3889
f 3880 3881 3889
f 3881 3883 3889
f 3877 3889 3875
f 3883 3890 3889
f 3882 3884 3890
f 3882 3890 3883
f 3884 3885 3890
f 3885 3886 3891
f 3886 3887 3891
f 3887 3888 3891
f 3888 3892 3891
f 3892 3894 3891
f 3885 3891 3890
f 3893 3891 3894
f 3893 3895 3904
f 3895 3896 3904
f 3896 3897 3904
f 3897 3898 3904
f 3898 3899 3904
f 3899 3900 3904
f 3900 3901 3904
f 3893 3904 3891
f 3901 3902 3904
f 3902 3903 3904
f 3903 3905 3904
f 3806 3906 3903
f 3903 3906 3905
f 3906 3907 3905
f 3807 3911 3907
f 3807 3907 3906
f 3907 3913 3905
f 3600 4206 4205
f 3732 4210 4206
f 3908 3557 3909
f 3908 3909 3911
f 3909 3910 3911
f 3909 3557 3910
f 3557 4207 3910
f 3911 3910 3912
f 3910 4207 3912
f 3907 3911 3913
f 3913 3914 3905
f 3914 4212 3905
f 3911 3912 3913
f 3912 4211 3914
f 4212 4213 3905
f 3913 3912 3914
f 2930 3916 3915
f 3915 3916 3928
f 2930 3917 3916
f 3920 4132 3919
f 3920 3921 4132
f 3918 3919 4133
f 3917 4133 3916
f 3917 3918 4133
f 3921 4225 4132
f 3919 4132 4133
f 3922 3924 3923
f 3556 3922 3923
f 3924 3931 3926
f 3923 3924 3925
f 3924 3926 3925
f 3556 3923 3927
f 3923 3925 3927
f 3557 3927 4207
f 3925 3926 3927
f 3926 4134 3927
f 3927 4134 4209
f 1914 3929 4008
f 3928 3930 3929
f 3916 3930 3928
f 3929 3930 4130
f 3929 4135 4008
f 3931 3934 3932
f 3926 3931 3932
f 3932 3934 3933
f 1914 4008 2018
f 2018 4009 3935
f 2018 4008 4009
f 4009 4010 3935
f 3934 3948 4011
f 3935 4013 3936
f 3937 4016 3938
f 3936 4015 3937
f 3938 4018 3939
f 3939 4019 3940
f 3940 4021 3941
f 3941 4022 3942
f 3943 4023 3944
f 3942 4026 3943
f 3944 4027 3945
f 3945 4029 3947
f 3946 3947 4030
f 3948 3949 4032
f 3949 3950 4036
f 3950 3951 4035
f 3951 3952 4038
f 3952 3953 4039
f 3953 3954 4041
f 3954 3955 4042
f 3955 3956 4044
f 3956 3957 4046
f 3958 3959 4047
f 3957 3958 4049
f 3959 3960 4051
f 3960 3961 4052
f 3961 3962 4053
f 3962 3963 4054
f 3964 3969 4056
f 3963 3964 4057
f 3965 4060 3970
f 3965 3967 4062
f 3966 4064 3967
f 3966 4002 4063
f 3968 4066 3969
f 3968 3970 4065
f 3946 4071 3971
f 3971 4072 3972
f 3972 4073 3973
f 3973 4074 3975
f 3974 3975 4076
f 3976 4078 3977
f 3974 4079 3976
f 3977 4080 3979
f 3978 3979 4082
f 3980 3989 4084
f 3981 4088 3982
f 3980 4087 3981
f 3982 4089 3986
f 3983 4090 3984
f 3984 4092 3985
f 3986 4095 3987
f 3983 3987 4096
f 3978 4098 3988
f 3988 4097 3989
f 3991 3997 4113
f 3990 3991 4100
f 3993 4007 4102
f 3992 4104 3999
f 3992 3993 4105
f 3995 4107 3998
f 3994 3999 4108
f 3994 4109 3996
f 3995 3996 4112
f 3997 3998 4114
f 4000 4116 4003
f 4000 4001 4118
f 4001 4004 4119
f 4002 4003 4120
f 3990 4124 4004
f 3985 4128 4005
f 4005 4126 4006
f 4006 4129 4007
f 4008 4135 4009
f 4009 4135 4010
f 4010 4135 4012
f 3933 3934 4011
f 4011 3948 4033
f 4010 4012 3935
f 3936 4014 4015
f 3936 4013 4014
f 3935 4012 4013
f 3937 4015 4016
f 3938 4017 4018
f 3938 4016 4017
f 3939 4018 4019
f 3940 4019 4020
f 3940 4020 4021
f 3941 4021 4022
f 3942 4022 4025
f 3942 4025 4026
f 3943 4024 4023
f 3943 4026 4024
f 3944 4028 4027
f 3944 4023 4028
f 3945 4027 4029
f 3947 4029 4031
f 3946 4030 4071
f 3947 4031 4030
f 3948 4032 4033
f 3949 4036 4034
f 3949 4034 4032
f 3950 4035 4036
f 3951 4037 4035
f 3951 4038 4037
f 3952 4039 4038
f 3953 4040 4039
f 3953 4041 4040
f 3954 4042 4041
f 3955 4043 4042
f 3955 4044 4043
f 3957 4048 4046
f 3956 4045 4044
f 3956 4046 4045
f 3958 4047 4049
f 3957 4049 4048
f 3959 4051 4050
f 3959 4050 4047
f 3960 4052 4051
f 3961 4059 4052
f 3961 4053 4059
f 3962 4054 4053
f 3963 4055 4054
f 3963 4057 4055
f 3964 4058 4057
f 3964 4056 4058
f 3965 4062 4060
f 3967 4061 4062
f 3966 4063 4064
f 3967 4064 4061
f 3968 4065 4066
f 3969 4066 4067
f 3969 4067 4056
f 3970 4068 4065
f 3970 4060 4068
f 3974 4069 4079
f 3971 4071 4070
f 3971 4070 4072
f 3972 4072 4073
f 3973 4073 4075
f 3973 4075 4074
f 3974 4076 4069
f 3975 4077 4076
f 3975 4074 4077
f 3976 4079 4078
f 3977 4081 4080
f 3977 4078 4081
f 3978 4082 4083
f 3979 4080 4082
f 3980 4084 4085
f 3986 4089 4094
f 3981 4086 4088
f 3981 4087 4086
f 3980 4085 4087
f 3982 4088 4089
f 3983 4096 4091
f 3983 4091 4090
f 3984 4090 4092
f 3985 4092 4093
f 3985 4093 4128
f 3987 4095 4096
f 3986 4094 4095
f 3988 4098 4097
f 3978 4083 4098
f 3989 4097 4099
f 3989 4099 4084
f 3990 4100 4124
f 3991 4101 4100
f 3991 4113 4101
f 3993 4102 4106
f 3999 4104 4103
f 3992 4105 4104
f 3993 4106 4105
f 3995 4110 4107
f 3994 4108 4109
f 3996 4109 4111
f 3996 4111 4112
f 3995 4112 4110
f 3997 4114 4113
f 3998 4115 4114
f 3998 4107 4115
f 3999 4103 4108
f 4000 4117 4116
f 4004 4123 4119
f 4001 4119 4118
f 4000 4118 4117
f 4002 4121 4063
f 4002 4120 4121
f 4003 4116 4122
f 4003 4122 4120
f 4004 4124 4123
f 4006 4125 4129
f 4006 4126 4125
f 4005 4127 4126
f 4005 4128 4127
f 4007 4129 4102
f 3916 4133 3930
f 3929 4130 4131
f 3929 4131 4135
f 3930 4133 4130
f 4130 4133 4131
f 4135 4131 4233
f 3926 3932 4134
f 3932 3933 4134
f 4135 4136 4012
f 3933 4011 4144
f 4011 4033 4144
f 3933 4144 4134
f 4013 4136 4014
f 4012 4136 4013
f 4015 4137 4016
f 4014 4137 4015
f 4016 4138 4017
f 4017 4138 4018
f 4018 4139 4019
f 4019 4139 4020
f 4020 4139 4021
f 4021 4140 4022
f 4022 4140 4025
f 4025 4141 4026
f 4023 4024 4141
f 4024 4026 4141
f 4027 4142 4029
f 4027 4028 4142
f 4023 4141 4028
f 4030 4031 4143
f 4030 4159 4071
f 4029 4143 4031
f 4032 4144 4033
f 4032 4034 4144
f 4034 4036 4145
f 4035 4145 4036
f 4035 4037 4146
f 4037 4038 4146
f 4038 4039 4147
f 4039 4040 4147
f 4040 4041 4147
f 4041 4042 4148
f 4042 4043 4148
f 4043 4044 4149
f 4046 4048 4149
f 4044 4045 4149
f 4045 4046 4149
f 4047 4150 4049
f 4048 4049 4150
f 4047 4050 4151
f 4051 4052 4151
f 4050 4051 4151
f 4052 4059 4152
f 4053 4152 4059
f 4053 4054 4153
f 4054 4055 4153
f 4056 4067 4154
f 4055 4057 4154
f 4057 4058 4154
f 4056 4154 4058
f 4060 4062 4155
f 4061 4155 4062
f 4063 4177 4064
f 4061 4064 4155
f 4066 4156 4067
f 4065 4156 4066
f 4065 4068 4157
f 4060 4157 4068
f 4069 4158 4079
f 4070 4071 4159
f 4070 4159 4072
f 4072 4160 4073
f 4073 4160 4075
f 4074 4075 4161
f 4069 4076 4161
f 4076 4077 4161
f 4074 4161 4077
f 4078 4079 4158
f 4080 4081 4162
f 4078 4162 4081
f 4082 4163 4083
f 4083 4163 4098
f 4080 4162 4082
f 4084 4099 4164
f 4084 4164 4085
f 4086 4165 4088
f 4086 4087 4164
f 4085 4164 4087
f 4088 4165 4089
f 4090 4091 4166
f 4090 4167 4092
f 4092 4167 4093
f 4095 4168 4096
f 4094 4168 4095
f 4089 4168 4094
f 4091 4096 4166
f 4097 4098 4169
f 4097 4169 4099
f 4100 4170 4124
f 4100 4101 4170
f 4101 4113 4170
f 4103 4104 4171
f 4104 4105 4171
f 4105 4106 4172
f 4102 4172 4106
f 4107 4173 4115
f 4107 4110 4173
f 4108 4174 4109
f 4109 4174 4111
f 4111 4173 4112
f 4110 4112 4173
f 4113 4114 4175
f 4114 4115 4175
f 4103 4171 4108
f 4116 4117 4178
f 4118 4119 4176
f 4117 4118 4176
f 4063 4121 4177
f 4120 4178 4121
f 4116 4178 4122
f 4120 4122 4178
f 4123 4124 4179
f 4119 4123 4179
f 4125 4180 4129
f 4093 4181 4128
f 4125 4126 4181
f 4126 4127 4181
f 4127 4128 4181
f 4102 4129 4180
f 4014 4136 4137
f 4016 4137 4138
f 4018 4138 4139
f 4021 4139 4140
f 4025 4140 4141
f 4028 4141 4142
f 4029 4142 4143
f 4030 4143 4159
f 4034 4145 4144
f 4035 4146 4145
f 4038 4147 4146
f 4041 4148 4147
f 4043 4149 4148
f 4048 4150 4149
f 4047 4151 4150
f 4052 4152 4151
f 4053 4153 4152
f 4055 4154 4153
f 4060 4155 4157
f 4064 4177 4155
f 4065 4157 4156
f 4067 4156 4154
f 4069 4161 4158
f 4072 4159 4160
f 4075 4160 4161
f 4078 4158 4162
f 4082 4162 4163
f 4086 4164 4165
f 4089 4165 4168
f 4090 4166 4167
f 4093 4167 4181
f 4096 4168 4166
f 4098 4163 4169
f 4099 4169 4164
f 4124 4170 4179
f 4113 4175 4170
f 4102 4180 4172
f 4105 4172 4171
f 4108 4171 4174
f 4111 4174 4173
f 4115 4173 4175
f 4117 4176 4178
f 4119 4179 4176
f 4121 4178 4177
f 4125 4181 4180
f 4135 4234 4136
f 4135 4233 4234
f 4134 4144 4232
f 4136 4239 4137
f 4137 4240 4138
f 4138 4243 4139
f 4139 4245 4140
f 4140 4248 4141
f 4141 4251 4142
f 4142 4252 4143
f 4143 4254 4159
f 4144 4145 4258
f 4145 4146 4259
f 4146 4147 4263
f 4147 4148 4264
f 4148 4149 4267
f 4149 4150 4270
f 4150 4151 4272
f 4151 4152 4274
f 4152 4153 4276
f 4153 4154 4277
f 4155 4282 4157
f 4155 4177 4285
f 4156 4157 4286
f 4154 4156 4287
f 4158 4161 4290
f 4159 4293 4160
f 4160 4295 4161
f 4158 4300 4162
f 4162 4303 4163
f 4164 4306 4165
f 4165 4309 4168
f 4166 4310 4167
f 4167 4312 4181
f 4166 4168 4313
f 4163 4316 4169
f 4164 4169 4317
f 4170 4318 4179
f 4170 4175 4319
f 4172 4180 4321
f 4171 4172 4322
f 4173 4174 4329
f 4173 4332 4175
f 4171 4333 4174
f 4176 4335 4178
f 4176 4179 4336
f 4177 4178 4338
f 4180 4181 4342
f 4182 4205 4214
f 3266 3278 4183
f 3266 4183 4210
f 4183 4346 4210
f 4182 4214 4184
f 3267 4184 4214
f 3267 4214 4185
f 3268 4185 4215
f 3268 4215 4186
f 3269 4186 4216
f 3269 4216 4187
f 3270 4187 4217
f 3270 4217 4188
f 3271 4188 4218
f 3271 4218 3272
f 3272 4219 4191
f 4190 4189 4220
f 3273 4221 3274
f 3273 4191 4221
f 3274 4221 4192
f 3275 4192 4222
f 3275 4222 4189
f 4193 4223 4194
f 4190 4223 4193
f 4194 4224 4195
f 3276 4196 4225
f 4195 4224 4196
f 3276 4225 3921
f 4185 4214 4215
f 4186 4215 4216
f 4187 4216 4217
f 4188 4217 4218
f 3272 4218 4219
f 4190 4220 4223
f 4191 4219 4221
f 4192 4221 4222
f 4189 4222 4220
f 4194 4223 4224
f 4196 4224 4225
f 3278 4197 4346
f 3279 4347 4197
f 3279 4198 4347
f 3280 4348 4198
f 3280 4199 4348
f 3281 4349 4199
f 3281 4200 4349
f 3282 4350 4200
f 3282 4201 4350
f 3283 4351 4201
f 3283 4202 4351
f 3284 4352 4202
f 3284 4203 4352
f 3285 3286 4353
f 3285 4353 4203
f 3286 3287 4353
f 3287 3288 4354
f 3288 3289 4354
f 3289 3290 4355
f 3290 3291 4355
f 3292 4356 3291
f 3292 3294 4356
f 3293 4357 3294
f 3293 3295 4357
f 3296 4358 3295
f 3296 3297 4358
f 3297 3298 4204
f 3277 4364 3298
f 3278 4346 4183
f 3297 4204 4359
f 4197 4347 4346
f 4198 4348 4347
f 4199 4349 4348
f 4200 4350 4349
f 4201 4351 4350
f 4202 4352 4351
f 4203 4353 4352
f 3287 4354 4353
f 3289 4355 4354
f 3291 4356 4355
f 3294 4357 4356
f 3295 4358 4357
f 3297 4359 4358
f 3298 4364 4204
f 4205 4206 4214
f 4206 4210 4346
f 4207 3927 4208
f 4207 4208 4211
f 3912 4207 4211
f 4208 4209 4211
f 3927 4209 4208
f 4211 4209 4366
f 3914 4211 4212
f 4213 4367 3905
f 4211 4213 4212
f 4367 4435 3905
f 4211 4366 4213
f 4435 4455 3905
f 4455 4466 3905
f 4206 4346 4214
f 4214 4346 4215
f 4215 4348 4216
f 4216 4348 4217
f 4217 4349 4218
f 4218 4350 4219
f 4219 4351 4221
f 4221 4352 4222
f 4222 4353 4220
f 4220 4355 4223
f 4223 4356 4224
f 4224 4357 4225
f 4132 4227 4133
f 4133 4230 4131
f 4131 4230 4233
f 4225 4358 4132
f 4132 4226 4227
f 4133 4227 4229
f 4133 4228 4230
f 4215 4346 4347
f 4215 4347 4348
f 4217 4348 4349
f 4218 4349 4350
f 4219 4350 4351
f 4221 4351 4352
f 4222 4352 4353
f 4220 4353 4354
f 4220 4354 4355
f 4223 4355 4356
f 4224 4356 4357
f 4132 4358 4226
f 4133 4229 4228
f 4225 4357 4358
f 4226 4359 4227
f 4227 4359 4229
f 4228 4229 4360
f 4228 4360 4230
f 4209 4134 4231
f 4231 4134 4232
f 4209 4231 4366
f 4231 4232 4369
f 4231 4369 4366
f 4234 4236 4136
f 4230 4234 4233
f 4232 4144 4235
f 4235 4144 4257
f 4136 4236 4237
f 4136 4238 4239
f 4136 4237 4238
f 4137 4239 4240
f 4138 4240 4241
f 4138 4241 4242
f 4138 4242 4243
f 4139 4243 4244
f 4139 4244 4245
f 4140 4245 4246
f 4140 4246 4248
f 4141 4248 4249
f 4141 4250 4247
f 4141 4249 4250
f 4141 4247 4251
f 4142 4251 4252
f 4143 4253 4254
f 4143 4252 4255
f 4143 4255 4253
f 4144 4256 4257
f 4144 4258 4256
f 4145 4259 4258
f 4146 4261 4259
f 4146 4260 4261
f 4146 4263 4260
f 4147 4262 4263
f 4147 4264 4262
f 4148 4265 4264
f 4148 4267 4265
f 4149 4266 4267
f 4149 4270 4269
f 4149 4268 4266
f 4149 4269 4268
f 4150 4272 4271
f 4150 4271 4270
f 4151 4273 4272
f 4151 4274 4273
f 4152 4281 4275
f 4152 4275 4274
f 4152 4276 4281
f 4153 4277 4276
f 4154 4279 4277
f 4154 4287 4278
f 4154 4280 4279
f 4154 4278 4280
f 4157 4282 4289
f 4155 4283 4282
f 4155 4285 4283
f 4177 4284 4285
f 4156 4286 4287
f 4157 4288 4286
f 4157 4289 4288
f 4158 4290 4298
f 4159 4254 4291
f 4159 4291 4293
f 4160 4293 4292
f 4160 4292 4295
f 4161 4295 4294
f 4161 4296 4290
f 4161 4297 4296
f 4161 4294 4297
f 4158 4298 4300
f 4162 4300 4299
f 4163 4301 4316
f 4163 4302 4301
f 4163 4303 4302
f 4162 4299 4303
f 4164 4317 4304
f 4164 4304 4305
f 4165 4306 4308
f 4164 4307 4306
f 4164 4305 4307
f 4165 4308 4309
f 4166 4315 4311
f 4166 4311 4310
f 4167 4310 4312
f 4168 4314 4313
f 4168 4309 4314
f 4166 4313 4315
f 4169 4316 4317
f 4170 4320 4318
f 4170 4319 4320
f 4171 4323 4333
f 4171 4322 4323
f 4172 4325 4324
f 4172 4324 4322
f 4172 4321 4325
f 4173 4326 4332
f 4173 4328 4326
f 4174 4333 4327
f 4174 4327 4329
f 4173 4329 4330
f 4173 4330 4328
f 4175 4331 4319
f 4175 4332 4331
f 4178 4335 4334
f 4176 4336 4335
f 4177 4338 4284
f 4178 4337 4338
f 4178 4334 4339
f 4178 4339 4337
f 4179 4340 4336
f 4179 4341 4340
f 4179 4318 4341
f 4181 4345 4342
f 4181 4312 4344
f 4181 4343 4345
f 4181 4344 4343
f 4180 4342 4321
f 4230 4368 4234
f 4234 4368 4236
f 4232 4235 4369
f 4235 4257 4382
f 4235 4382 4369
f 4368 4237 4236
f 4238 4371 4239
f 4237 4370 4238
f 4239 4371 4240
f 4240 4372 4241
f 4241 4373 4242
f 4242 4373 4243
f 4243 4374 4244
f 4244 4374 4245
f 4245 4375 4246
f 4246 4376 4248
f 4248 4376 4249
f 4247 4250 4377
f 4249 4377 4250
f 4251 4378 4252
f 4247 4378 4251
f 4252 4381 4255
f 4253 4255 4379
f 4254 4380 4291
f 4253 4379 4254
f 4256 4382 4257
f 4258 4259 4383
f 4256 4258 4383
f 4259 4261 4384
f 4260 4385 4261
f 4260 4263 4385
f 4262 4386 4263
f 4262 4264 4386
f 4264 4265 4387
f 4265 4267 4388
f 4266 4388 4267
f 4269 4270 4390
f 4266 4268 4389
f 4268 4269 4389
f 4271 4272 4391
f 4270 4271 4390
f 4273 4274 4392
f 4272 4273 4392
f 4274 4275 4393
f 4275 4281 4393
f 4276 4394 4281
f 4276 4277 4395
f 4277 4279 4395
f 4279 4280 4396
f 4278 4396 4280
f 4282 4397 4289
f 4282 4283 4398
f 4283 4285 4398
f 4284 4399 4285
f 4286 4400 4287
f 4278 4287 4400
f 4286 4288 4401
f 4288 4289 4397
f 4290 4404 4298
f 4291 4380 4293
f 4292 4293 4402
f 4292 4403 4295
f 4294 4295 4403
f 4290 4296 4404
f 4296 4297 4405
f 4294 4405 4297
f 4298 4406 4300
f 4299 4300 4409
f 4302 4303 4408
f 4301 4302 4408
f 4299 4409 4303
f 4304 4411 4305
f 4306 4410 4308
f 4306 4307 4410
f 4305 4411 4307
f 4308 4412 4309
f 4310 4311 4413
f 4310 4414 4312
f 4312 4414 4344
f 4313 4314 4415
f 4309 4415 4314
f 4311 4315 4416
f 4313 4416 4315
f 4301 4407 4316
f 4316 4417 4317
f 4304 4317 4417
f 4318 4320 4418
f 4319 4418 4320
f 4321 4421 4325
f 4323 4419 4333
f 4322 4419 4323
f 4324 4325 4420
f 4322 4324 4420
f 4326 4328 4423
f 4327 4333 4422
f 4327 4424 4329
f 4329 4424 4330
f 4328 4330 4423
f 4319 4331 4425
f 4331 4332 4426
f 4326 4426 4332
f 4334 4335 4427
f 4336 4340 4430
f 4335 4336 4427
f 4284 4338 4428
f 4337 4428 4338
f 4334 4429 4339
f 4337 4339 4429
f 4340 4341 4431
f 4318 4431 4341
f 4321 4342 4433
f 4342 4345 4433
f 4343 4432 4345
f 4343 4344 4432
f 4368 4370 4237
f 4238 4370 4371
f 4240 4371 4372
f 4241 4372 4373
f 4243 4373 4374
f 4245 4374 4375
f 4246 4375 4376
f 4247 4377 4378
f 4249 4376 4377
f 4252 4378 4381
f 4254 4379 4380
f 4255 4381 4379
f 4256 4383 4382
f 4259 4384 4383
f 4261 4385 4384
f 4263 4386 4385
f 4264 4387 4386
f 4265 4388 4387
f 4266 4389 4388
f 4269 4390 4389
f 4271 4391 4390
f 4272 4392 4391
f 4274 4393 4392
f 4281 4394 4393
f 4276 4395 4394
f 4278 4400 4396
f 4279 4396 4395
f 4282 4398 4397
f 4284 4428 4399
f 4285 4399 4398
f 4286 4401 4400
f 4288 4397 4401
f 4293 4380 4402
f 4292 4402 4403
f 4294 4403 4405
f 4296 4405 4404
f 4298 4404 4406
f 4300 4406 4409
f 4301 4408 4407
f 4303 4409 4408
f 4304 4417 4411
f 4309 4412 4415
f 4308 4410 4412
f 4307 4411 4410
f 4311 4416 4413
f 4310 4413 4414
f 4313 4415 4416
f 4316 4407 4417
f 4318 4418 4431
f 4319 4425 4418
f 4322 4420 4419
f 4325 4421 4420
f 4326 4423 4426
f 4327 4422 4424
f 4330 4424 4423
f 4331 4426 4425
f 4333 4419 4422
f 4334 4427 4429
f 4336 4430 4427
f 4337 4429 4428
f 4340 4431 4430
f 4344 4414 4432
f 4345 4432 4433
f 4321 4433 4421
f 4226 4358 4359
f 4229 4359 4361
f 4229 4361 4360
f 4230 4360 4363
f 4204 4362 4359
f 4204 4364 4362
f 4359 4362 4364
f 4359 4364 4361
f 4360 4361 4364
f 4230 4363 4365
f 4360 4364 4363
f 4363 4364 4365
f 4366 4369 4367
f 4213 4366 4367
f 4230 4434 4368
f 4369 4382 4435
f 4368 4436 4370
f 4370 4438 4371
f 4371 4439 4372
f 4372 4440 4373
f 4373 4441 4374
f 4374 4443 4375
f 4375 4445 4376
f 4377 4444 4378
f 4376 4446 4377
f 4378 4448 4381
f 4379 4381 4449
f 4379 4450 4380
f 4382 4383 4454
f 4383 4384 4456
f 4384 4385 4457
f 4385 4386 4458
f 4386 4387 4460
f 4387 4388 4462
f 4388 4389 4461
f 4389 4390 4464
f 4390 4391 4465
f 4391 4392 4468
f 4392 4393 4469
f 4393 4394 4471
f 4394 4395 4472
f 4396 4400 4473
f 4395 4396 4474
f 4397 4398 4477
f 4398 4399 4478
f 4400 4401 4479
f 4397 4480 4401
f 4404 4487 4406
f 4380 4488 4402
f 4402 4489 4403
f 4403 4490 4405
f 4404 4405 4491
f 4406 4493 4409
f 4408 4409 4494
f 4407 4408 4495
f 4411 4417 4497
f 4410 4498 4412
f 4410 4411 4499
f 4413 4416 4504
f 4413 4501 4414
f 4412 4503 4415
f 4415 4505 4416
f 4407 4506 4417
f 4418 4526 4431
f 4418 4425 4510
f 4419 4420 4514
f 4419 4511 4422
f 4420 4421 4513
f 4423 4515 4426
f 4422 4518 4424
f 4423 4424 4516
f 4425 4426 4519
f 4427 4520 4429
f 4427 4430 4521
f 4399 4428 4523
f 4428 4429 4522
f 4430 4431 4525
f 4414 4530 4432
f 4432 4531 4433
f 4421 4433 4532
f 4230 4365 4434
f 4368 4434 4436
f 4365 4364 4452
f 4434 4452 4436
f 4365 4452 4434
f 4367 4369 4435
f 4435 4382 4455
f 4370 4436 4437
f 4371 4438 4439
f 4370 4437 4438
f 4372 4439 4440
f 4373 4440 4441
f 4374 4441 4442
f 4374 4442 4443
f 4375 4443 4445
f 4376 4445 4446
f 4377 4447 4444
f 4377 4446 4447
f 4378 4444 4448
f 4381 4448 4449
f 4379 4449 4450
f 4380 4450 4451
f 4382 4454 4455
f 4383 4456 4454
f 4384 4457 4456
f 4385 4458 4457
f 4386 4459 4458
f 4386 4460 4459
f 4387 4462 4460
f 4388 4461 4462
f 4390 4465 4464
f 4389 4463 4461
f 4389 4464 4463
f 4391 4468 4465
f 4392 4470 4468
f 4392 4469 4470
f 4393 4471 4469
f 4394 4472 4471
f 4395 4474 4472
f 4396 4475 4474
f 4396 4473 4475
f 4397 4477 4480
f 4398 4476 4477
f 4398 4478 4476
f 4399 4523 4478
f 4400 4479 4473
f 4401 4480 4479
f 4380 4451 4488
f 4402 4488 4489
f 4403 4489 4490
f 4404 4491 4487
f 4405 4492 4491
f 4405 4490 4492
f 4406 4487 4493
f 4408 4494 4495
f 4409 4496 4494
f 4409 4493 4496
f 4411 4497 4500
f 4410 4499 4498
f 4411 4500 4499
f 4412 4498 4503
f 4413 4504 4501
f 4414 4501 4530
f 4415 4503 4502
f 4416 4505 4504
f 4415 4502 4505
f 4407 4495 4506
f 4417 4506 4497
f 4418 4509 4526
f 4418 4510 4509
f 4421 4532 4513
f 4419 4514 4512
f 4419 4512 4511
f 4420 4513 4514
f 4423 4517 4515
f 4422 4511 4518
f 4424 4518 4516
f 4423 4516 4517
f 4425 4519 4510
f 4426 4515 4519
f 4430 4525 4521
f 4427 4521 4520
f 4428 4522 4523
f 4429 4520 4524
f 4429 4524 4522
f 4431 4526 4525
f 4433 4531 4532
f 4432 4529 4531
f 4432 4530 4529
f 4436 4452 4437
f 4437 4453 4438
f 4438 4453 4439
f 4437 4452 4453
f 4439 4453 4440
f 4440 4453 4441
f 4441 4453 4442
f 4442 4453 4443
f 4443 4453 4445
f 4445 4453 4446
f 4446 4453 4447
f 4444 4507 4448
f 4448 4507 4449
f 4444 4447 4507
f 4447 4453 4507
f 4454 4466 4455
f 4454 4456 4466
f 4456 4457 4466
f 4457 4458 4466
f 4458 4459 4466
f 4459 4460 4466
f 4460 4462 4466
f 4461 4466 4462
f 4461 4463 4466
f 4464 4465 4467
f 4463 4464 4467
f 4465 4468 4467
f 4463 4467 4466
f 4468 4470 4467
f 4469 4467 4470
f 4469 4471 4467
f 4471 4472 4481
f 4472 4474 4481
f 4474 4475 4481
f 4473 4483 4475
f 4471 4481 4467
f 4475 4482 4481
f 4475 4483 4482
f 4477 4486 4480
f 4476 4484 4477
f 4476 4478 4485
f 4522 4485 4523
f 4522 4524 4485
f 4478 4523 4485
f 4479 4480 4483
f 4473 4479 4483
f 4477 4484 4486
f 4476 4485 4484
f 4524 4528 4485
f 4480 4486 4483
f 4450 4507 4451
f 4449 4507 4450
f 4451 4507 4488
f 4488 4507 4489
f 4489 4507 4490
f 4490 4507 4492
f 4487 4491 4508
f 4491 4492 4508
f 4494 4496 4508
f 4493 4508 4496
f 4487 4508 4493
f 4492 4507 4508
f 4497 4508 4500
f 4504 4505 4533
f 4502 4533 4505
f 4501 4504 4533
f 4501 4533 4530
f 4498 4499 4533
f 4499 4500 4533
f 4498 4533 4503
f 4502 4503 4533
f 4500 4508 4533
f 4495 4508 4506
f 4494 4508 4495
f 4497 4506 4508
f 4510 4519 4528
f 4515 4528 4519
f 4515 4517 4528
f 4517 4527 4528
f 4512 4514 4527
f 4513 4527 4514
f 4513 4532 4527
f 4531 4527 4532
f 4529 4527 4531
f 4511 4527 4518
f 4516 4518 4527
f 4516 4527 4517
f 4511 4512 4527
f 4529 4533 4527
f 4520 4521 4528
f 4525 4526 4528
f 4521 4525 4528
f 4520 4528 4524
f 4509 4528 4526
f 4509 4510 4528
f 4529 4530 4533
f 64 65 649
f 65 66 649
f 66 67 649
f 67 68 649
f 69 649 68
f 69 70 649
f 60 1527 2
f 60 61 1527
f 61 62 1527
f 62 63 1527
f 64 1527 63
f 5 1 1527
f 5 1527 4
f 3 2 1527
f 1 3 1527
f 7 1639 8
f 4 1639 6
f 7 6 1639
f 102 8 1639
f 102 1639 103
f 103 1639 123
f 123 1639 126
f 126 1639 128
f 70 532 629
f 70 629 649
f 532 533 629
f 533 534 629
f 535 629 534
f 535 536 629
f 536 537 629
f 537 569 629
f 570 629 569
f 570 571 629
f 572 628 571
f 572 573 628
f 574 628 573
f 574 575 628
f 575 576 628
f 571 628 629
f 64 649 1527
f 128 1597 1038
f 1144 1140 1139
f 1141 1140 1143
f 1144 1143 1140
f 1143 1142 1141
f 1139 1145 1144
f 1038 1597 1056
f 1056 1597 1057
f 1058 1057 1597
f 1058 1597 1059
f 1077 1059 1597
f 1078 1077 1597
f 1078 1597 1079
f 1079 1597 1080
f 1080 1597 1081
f 1081 1597 1082
f 1083 1082 1597
f 1083 1597 1084
f 1084 1597 1085
f 1086 1085 1597
f 1086 1597 1139
f 1139 1597 1145
f 1527 1577 4
f 1577 1578 4
f 1579 4 1578
f 1637 4 1579
f 1637 1638 4
f 1641 4 1638
f 1642 1639 4
f 1641 1642 4
f 128 1645 1643
f 128 1643 1644
f 128 1599 1597
f 128 1598 1599
f 128 1600 1598
f 128 1602 1601
f 128 1601 1600
f 128 1603 1602
f 128 1604 1605
f 128 1605 1603
f 128 1644 1604
f 128 1639 1640
f 128 1640 1645
f 2580 2567 2599
f 2548 2549 2550
f 2525 2526 2599
f 2527 2599 2526
f 2548 2550 2597
f 2548 2597 2598
f 2527 2503 2599
f 2503 2548 2599
f 2522 2599 2523
f 2523 2599 2524
f 2524 2599 2564
f 2525 2599 2522
f 2564 2599 2566
f 2565 2566 2599
f 2565 2599 2567
f 2580 2599 2581
f 2548 2598 2599
f 2599 3153 2581
f 2599 2602 3153
f 2602 2627 3153
f 3222 2627 3737
f 3153 2627 3154
f 3155 3154 2627
f 3170 3155 2627
f 3169 3170 2627
f 3169 2627 3171
f 3171 2627 3172
f 3172 2627 3173
f 3175 3174 2627
f 3173 2627 3174
f 3175 2627 3194
f 3194 2627 3195
f 3196 3195 2627
f 3196 2627 3201
f 3201 2627 3222
f 3223 3222 3849
f 3223 3849 3240
f 3241 3240 3849
f 3241 3849 3242
f 3242 3849 3243
f 3262 3243 3849
f 3222 3737 3740
f 3222 3740 3825
f 3222 3825 3826
f 3222 3826 3827
f 3222 3827 3848
f 3222 3848 3849
f 4364 3849 3854
f 4364 3854 3873
f 4364 3873 3874
f 4364 3874 3875
f 4364 3875 3889
f 4364 3889 3890
f 4364 3890 3891
f 4364 3891 3904
f 4364 3904 3905
f 3262 3849 4364
f 3905 4452 4364
f 3905 4453 4452
f 3905 4507 4453
f 3905 4508 4507
f 3905 4466 4528
f 3905 4528 4527
f 3905 4533 4508
f 3905 4527 4533
f 4466 4467 4486
f 4466 4484 4485
f 4466 4486 4484
f 4467 4481 4483
f 4466 4485 4528
f 4467 4483 4486
f 4481 4482 4483