# https://github.com/mikedh/trimesh
v -0.07336647 -0.01760268 -0.01625526
v -0.07367922 -0.01746483 -0.01625526
v -0.07299345 -0.01747434 -0.01655091
v -0.07268934 -0.01749951 -0.01655091
v -0.07303314 -0.01768710 -0.01625526
v -0.07268934 -0.01771551 -0.01625526
v -0.07319193 -0.01714944 -0.01680612
v -0.07342407 -0.01704711 -0.01680612
v -0.07363386 -0.01690827 -0.01680612
v -0.07294452 -0.01721208 -0.01680612
v -0.07268934 -0.01723320 -0.01680612
v -0.07288782 -0.01690827 -0.01701312
v -0.07268934 -0.01692468 -0.01701312
v -0.07328829 -0.01739967 -0.01655091
v -0.07356495 -0.01727775 -0.01655091
v -0.07396191 -0.01727775 -0.01625526
v -0.07403082 -0.01690827 -0.01655091
v -0.07381500 -0.01711227 -0.01655091
v -0.07420590 -0.01704711 -0.01625526
v -0.07342407 -0.01775223 -0.01592817
v -0.07376343 -0.01760268 -0.01592817
v -0.07268934 -0.01787469 -0.01592817
v -0.07306236 -0.01784382 -0.01592817
v -0.07345932 -0.01784382 -0.01557954
v -0.07347120 -0.01787469 -0.01521999
v -0.07413645 -0.01747434 -0.01557954
v -0.07381500 -0.01768710 -0.01557954
v -0.07415877 -0.01749951 -0.01521999
v -0.07383234 -0.01771551 -0.01521999
v -0.07308027 -0.01793982 -0.01557954
v -0.07268934 -0.01797216 -0.01557954
v -0.07308630 -0.01797216 -0.01521999
v -0.07268934 -0.01800498 -0.01521999
v -0.07407015 -0.01739967 -0.01592817
v -0.07433493 -0.01714944 -0.01592817
v -0.07441392 -0.01721208 -0.01557954
v -0.07444053 -0.01723320 -0.01521999
v -0.07457534 -0.01695876 -0.01565253
v -0.07457534 -0.01699420 -0.01557954
v -0.07457534 -0.01703025 -0.01535207
v -0.07457534 -0.01705121 -0.01521999
v -0.07326084 -0.01677993 -0.01701312
v -0.07342407 -0.01667193 -0.01701312
v -0.07381500 -0.01673709 -0.01680612
v -0.07319193 -0.01641048 -0.01716567
v -0.07328829 -0.01631937 -0.01716567
v -0.07396191 -0.01653879 -0.01680612
v -0.07407015 -0.01631937 -0.01680612
v -0.07356495 -0.01653879 -0.01701312
v -0.07367922 -0.01638453 -0.01701312
v -0.07308027 -0.01685952 -0.01701312
v -0.07295676 -0.01653879 -0.01716567
v -0.07282512 -0.01657212 -0.01716567
v -0.07308027 -0.01648434 -0.01716567
v -0.07268934 -0.01658334 -0.01716567
v -0.07420590 -0.01667193 -0.01655091
v -0.07440384 -0.01677993 -0.01625526
v -0.07433493 -0.01641048 -0.01655091
v -0.07454970 -0.01648434 -0.01625526
v -0.07457534 -0.01645545 -0.01622238
v -0.07457534 -0.01639388 -0.01625526
v -0.07336647 -0.01621386 -0.01716567
v -0.07342407 -0.01609713 -0.01716567
v -0.07413645 -0.01608555 -0.01680612
v -0.07376343 -0.01621386 -0.01701312
v -0.07345932 -0.01597269 -0.01716567
v -0.07347120 -0.01584438 -0.01716567
v -0.07415877 -0.01584438 -0.01680612
v -0.07381500 -0.01603197 -0.01701312
v -0.07383234 -0.01584438 -0.01701312
v -0.07275828 -0.01621386 -0.01725906
v -0.07282512 -0.01619694 -0.01725906
v -0.07268934 -0.01621956 -0.01725906
v -0.07294452 -0.01613178 -0.01725906
v -0.07288782 -0.01616931 -0.01725906
v -0.07299345 -0.01608555 -0.01725906
v -0.07303314 -0.01603197 -0.01725906
v -0.07306236 -0.01597269 -0.01725906
v -0.07308027 -0.01590954 -0.01725906
v -0.07308630 -0.01584438 -0.01725906
v -0.07268934 -0.01584438 -0.01729053
v -0.07441392 -0.01613178 -0.01655091
v -0.07457534 -0.01621980 -0.01631716
v -0.07457534 -0.01615869 -0.01633888
v -0.07444053 -0.01584438 -0.01655091
v -0.07457534 -0.01594995 -0.01636386
v -0.07457534 -0.01584438 -0.01637651
v -0.07457534 -0.01664394 -0.01607079
v -0.07454970 -0.01685952 -0.01592817
v -0.07457534 -0.01683063 -0.01589313
v -0.07457534 -0.01687352 -0.01582806
v -0.07457534 -0.01680754 -0.01592817
v -0.07457534 -0.01649316 -0.01620225
v -0.05421084 -0.01773540 -0.01621437
v -0.05421084 -0.01752651 -0.01651395
v -0.05421084 -0.01749951 -0.01655091
v -0.05421084 -0.01746621 -0.01658280
v -0.05421084 -0.01768851 -0.01629222
v -0.05421084 -0.01771551 -0.01625526
v -0.05421084 -0.01758051 -0.01644003
v -0.05421084 -0.01723320 -0.01680612
v -0.05421084 -0.01726647 -0.01677420
v -0.05421084 -0.01719462 -0.01683198
v -0.05421084 -0.01688202 -0.01703220
v -0.05421084 -0.01711749 -0.01688373
v -0.05421084 -0.01696323 -0.01698726
v -0.05421084 -0.01692468 -0.01701312
v -0.05421084 -0.01733304 -0.01671042
v -0.05421084 -0.01777521 -0.01613259
v -0.05421084 -0.01785480 -0.01596906
v -0.05421084 -0.01787469 -0.01592817
v -0.05421084 -0.01788687 -0.01588458
v -0.05421084 -0.01793562 -0.01571028
v -0.05421084 -0.01795998 -0.01562313
v -0.05421084 -0.01797216 -0.01557954
v -0.05421084 -0.01797627 -0.01553460
v -0.05421084 -0.01798446 -0.01544472
v -0.05421084 -0.01800087 -0.01526496
v -0.05421084 -0.01800498 -0.01521999
v -0.05421084 -0.01671135 -0.01710846
v -0.05421084 -0.01662600 -0.01714659
v -0.05421084 -0.01658334 -0.01716567
v -0.05421084 -0.01653786 -0.01717734
v -0.05421084 -0.01635597 -0.01722405
v -0.05421084 -0.01626504 -0.01724739
v -0.05421084 -0.01621956 -0.01725906
v -0.05421084 -0.01617267 -0.01726299
v -0.05421084 -0.01598508 -0.01727874
v -0.05421084 -0.01589127 -0.01728660
v -0.05421084 -0.01584438 -0.01729053
v -0.05461626 -0.01465098 -0.01729053
v -0.05421084 -0.01800498 -0.01142403
v -0.06333045 -0.00911559 -0.01729053
v -0.05397153 -0.01345761 -0.01729053
v -0.03573234 -0.01749951 -0.01655091
v -0.03573234 -0.01766151 -0.01632918
v -0.03573234 -0.01771551 -0.01625526
v -0.03573234 -0.01755351 -0.01647699
v -0.03573234 -0.01723320 -0.01680612
v -0.03573234 -0.01715607 -0.01685787
v -0.03573234 -0.01700181 -0.01696137
v -0.03573234 -0.01692468 -0.01701312
v -0.03573234 -0.01743291 -0.01661472
v -0.03573234 -0.01729977 -0.01674231
v -0.03573234 -0.01775529 -0.01617348
v -0.03573234 -0.01783488 -0.01600992
v -0.03573234 -0.01787469 -0.01592817
v -0.03573234 -0.01789905 -0.01584099
v -0.03573234 -0.01794780 -0.01566669
v -0.03573234 -0.01797216 -0.01557954
v -0.03573234 -0.01798035 -0.01548966
v -0.03573234 -0.01799676 -0.01530990
v -0.03573234 -0.01800498 -0.01521999
v -0.03573234 -0.01683933 -0.01705125
v -0.03573234 -0.01666869 -0.01712751
v -0.03573234 -0.01658334 -0.01716567
v -0.03573234 -0.01649241 -0.01718901
v -0.03573234 -0.01631052 -0.01723572
v -0.03573234 -0.01621956 -0.01725906
v -0.03573234 -0.01612578 -0.01726692
v -0.03573234 -0.01593819 -0.01728267
v -0.03573234 -0.01584438 -0.01729053
v -0.03654318 -0.01345761 -0.01729053
v -0.03525372 -0.01107081 -0.01729053
v -0.03486768 -0.01070595 -0.01726077
v -0.03449274 -0.01035156 -0.01717242
v -0.03413964 -0.01001784 -0.01702800
v -0.03381855 -0.00971436 -0.01683162
v -0.03353868 -0.00944985 -0.01658895
v -0.03341676 -0.00933462 -0.01645239
v -0.03330807 -0.00923190 -0.01630698
v -0.03321336 -0.00914238 -0.01615374
v -0.03313335 -0.00906675 -0.01599378
v -0.03306858 -0.00900555 -0.01582824
v -0.07457534 -0.01705121 -0.00276564
v -0.07347120 -0.01787469 -0.00003618
v -0.07327875 -0.01792344 -0.00003618
v -0.07365177 -0.01779510 -0.00003618
v -0.07399554 -0.01760751 -0.00003618
v -0.07415877 -0.01749951 -0.00003618
v -0.07383234 -0.01771551 -0.00003618
v -0.07308630 -0.01797216 -0.00003618
v -0.07288782 -0.01798857 -0.00003618
v -0.07268934 -0.01800498 -0.00003618
v -0.07429965 -0.01736634 -0.00003618
v -0.07444053 -0.01723320 -0.00003618
v -0.07455480 -0.01707894 -0.00003618
v -0.05421084 -0.01800498 -0.00383214
v -0.03573234 -0.01800498 -0.00762810
v -0.07457534 -0.00284821 -0.01637650
v -0.05397153 -0.00238680 -0.01729053
v -0.03301953 -0.00895920 -0.01565832
v -0.03298656 -0.00892803 -0.01548528
v -0.03296988 -0.00891228 -0.01531032
v -0.03506070 -0.00018243 -0.01727565
v -0.03223797 -0.00822051 -0.00012648
v -0.03223797 -0.00069177 -0.00012648
v -0.01725384 -0.01773540 -0.01621437
v -0.01725384 -0.01752651 -0.01651395
v -0.01725384 -0.01749951 -0.01655091
v -0.01725384 -0.01746621 -0.01658280
v -0.01725384 -0.01763451 -0.01636614
v -0.01725384 -0.01768851 -0.01629222
v -0.01725384 -0.01771551 -0.01625526
v -0.01725384 -0.01758051 -0.01644003
v -0.01725384 -0.01723320 -0.01680612
v -0.01725384 -0.01726647 -0.01677420
v -0.01725384 -0.01719462 -0.01683198
v -0.01725384 -0.01688202 -0.01703220
v -0.01725384 -0.01704036 -0.01693548
v -0.01725384 -0.01711749 -0.01688373
v -0.01725384 -0.01696323 -0.01698726
v -0.01725384 -0.01692468 -0.01701312
v -0.01725384 -0.01739964 -0.01664661
v -0.01725384 -0.01733304 -0.01671042
v -0.01725384 -0.01777521 -0.01613259
v -0.01725384 -0.01781499 -0.01605081
v -0.01725384 -0.01785480 -0.01596906
v -0.01725384 -0.01787469 -0.01592817
v -0.01725384 -0.01788687 -0.01588458
v -0.01725384 -0.01793562 -0.01571028
v -0.01725384 -0.01791123 -0.01579743
v -0.01725384 -0.01795998 -0.01562313
v -0.01725384 -0.01797216 -0.01557954
v -0.01725384 -0.01797627 -0.01553460
v -0.01725384 -0.01798446 -0.01544472
v -0.01725384 -0.01799268 -0.01535484
v -0.01725384 -0.01800087 -0.01526496
v -0.01725384 -0.01800498 -0.01521999
v -0.01725384 -0.01679667 -0.01707033
v -0.01725384 -0.01671135 -0.01710846
v -0.01725384 -0.01662600 -0.01714659
v -0.01725384 -0.01658334 -0.01716567
v -0.01725384 -0.01653786 -0.01717734
v -0.01725384 -0.01644693 -0.01720068
v -0.01725384 -0.01635597 -0.01722405
v -0.01725384 -0.01626504 -0.01724739
v -0.01725384 -0.01621956 -0.01725906
v -0.01725384 -0.01617267 -0.01726299
v -0.01725384 -0.01607886 -0.01727085
v -0.01725384 -0.01598508 -0.01727874
v -0.01725384 -0.01589127 -0.01728660
v -0.01725384 -0.01584438 -0.01729053
v -0.01725384 -0.01800498 -0.01142403
v -0.01806468 -0.01345761 -0.01729053
v -0.01847007 -0.01226421 -0.01729053
v -0.01782534 -0.01107081 -0.01729053
v -0.01763232 -0.01088838 -0.01727565
v -0.01782534 -0.01070595 -0.01726077
v -0.01763787 -0.01052874 -0.01721661
v -0.01782534 -0.01035156 -0.01717242
v -0.01764879 -0.01018470 -0.01710021
v -0.01782534 -0.01001784 -0.01702800
v -0.01766481 -0.00986610 -0.01692981
v -0.01782534 -0.00971436 -0.01683162
v -0.01768542 -0.00958212 -0.01671030
v -0.01782534 -0.00944985 -0.01658895
v -0.01776438 -0.00939225 -0.01652067
v -0.01782534 -0.00933462 -0.01645239
v -0.01787970 -0.00928326 -0.01637970
v -0.01782534 -0.00923190 -0.01630698
v -0.01787271 -0.00918714 -0.01623036
v -0.01782534 -0.00914238 -0.01615374
v -0.01786536 -0.00910458 -0.01607376
v -0.01782534 -0.00906675 -0.01599378
v -0.01785774 -0.00903615 -0.01591101
v -0.01782534 -0.00900555 -0.01582824
v 0.00122466 -0.01749951 -0.01655091
v 0.00122466 -0.01760751 -0.01640307
v 0.00122466 -0.01771551 -0.01625526
v 0.00122466 -0.01723320 -0.01680612
v 0.00122466 -0.01707894 -0.01690962
v 0.00122466 -0.01692468 -0.01701312
v 0.00122466 -0.01736634 -0.01667850
v 0.00122466 -0.01779510 -0.01609170
v 0.00122466 -0.01787469 -0.01592817
v 0.00122466 -0.01792341 -0.01575384
v 0.00122466 -0.01797216 -0.01557954
v 0.00122466 -0.01798857 -0.01539978
v 0.00122466 -0.01800498 -0.01521999
v 0.00122466 -0.01675401 -0.01708938
v 0.00122466 -0.01658334 -0.01716567
v 0.00122466 -0.01640145 -0.01721235
v 0.00122466 -0.01621956 -0.01725906
v 0.00122466 -0.01603197 -0.01727481
v 0.00122466 -0.01584438 -0.01729053
v 0.01970316 -0.01773540 -0.01621437
v 0.01970316 -0.01752651 -0.01651395
v 0.01970316 -0.01749951 -0.01655091
v 0.01970316 -0.01746621 -0.01658280
v 0.01970316 -0.01763451 -0.01636614
v 0.01970316 -0.01768851 -0.01629222
v 0.01970316 -0.01771551 -0.01625526
v 0.01970316 -0.01758051 -0.01644003
v 0.01970316 -0.01723320 -0.01680612
v 0.01970316 -0.01726647 -0.01677420
v 0.01970316 -0.01719462 -0.01683198
v 0.01970316 -0.01688202 -0.01703220
v 0.01970316 -0.01704036 -0.01693548
v 0.01970316 -0.01711749 -0.01688373
v 0.01970316 -0.01696323 -0.01698726
v 0.01970316 -0.01692468 -0.01701312
v 0.01970316 -0.01739964 -0.01664661
v 0.01970316 -0.01733304 -0.01671042
v 0.01970316 -0.01777521 -0.01613259
v 0.01970316 -0.01781499 -0.01605081
v 0.01970316 -0.01785480 -0.01596906
v 0.01970316 -0.01787469 -0.01592817
v 0.01970316 -0.01788687 -0.01588458
v 0.01970316 -0.01793562 -0.01571028
v 0.01970316 -0.01791123 -0.01579743
v 0.01970316 -0.01795998 -0.01562313
v 0.01970316 -0.01797216 -0.01557954
v 0.01970316 -0.01797627 -0.01553460
v 0.01970316 -0.01798446 -0.01544472
v 0.01970316 -0.01799268 -0.01535484
v 0.01970316 -0.01800087 -0.01526496
v 0.01970316 -0.01800498 -0.01521999
v 0.01970316 -0.01679667 -0.01707033
v 0.01970316 -0.01671135 -0.01710846
v 0.01970316 -0.01662600 -0.01714659
v 0.01970316 -0.01658334 -0.01716567
v 0.01970316 -0.01653786 -0.01717734
v 0.01970316 -0.01644693 -0.01720068
v 0.01970316 -0.01635597 -0.01722405
v 0.01970316 -0.01626504 -0.01724739
v 0.01970316 -0.01621956 -0.01725906
v 0.01970316 -0.01617267 -0.01726299
v 0.01970316 -0.01607886 -0.01727085
v 0.01970316 -0.01598508 -0.01727874
v 0.01970316 -0.01589127 -0.01728660
v 0.01970316 -0.01584438 -0.01729053
v 0.01929774 -0.01465098 -0.01729053
v 0.01970316 -0.01800498 -0.01142403
v -0.00039699 -0.01107081 -0.01729053
v -0.00078303 -0.01070595 -0.01726077
v -0.00115797 -0.01035156 -0.01717242
v -0.00183216 -0.00971436 -0.01683162
v -0.00151107 -0.01001784 -0.01702800
v -0.00211203 -0.00944985 -0.01658895
v -0.00223395 -0.00933462 -0.01645239
v -0.00234264 -0.00923190 -0.01630698
v -0.00243735 -0.00914238 -0.01615374
v -0.00251736 -0.00906675 -0.01599378
v -0.00258213 -0.00900555 -0.01582824
v 0.01848693 -0.01226421 -0.01729053
v -0.01725384 -0.01800498 -0.00383214
v 0.00122466 -0.01800498 -0.00003618
v 0.01970316 -0.01800498 -0.00383214
v -0.01784988 -0.00898236 -0.01574328
v -0.01782534 -0.00895920 -0.01565832
v -0.01784184 -0.00894360 -0.01557180
v -0.01782534 -0.00892803 -0.01548528
v -0.01783368 -0.00892014 -0.01539780
v -0.01782534 -0.00891228 -0.01531032
v -0.00263115 -0.00895920 -0.01565832
v -0.00266415 -0.00892803 -0.01548528
v -0.00268080 -0.00891228 -0.01531032
v 0.01848693 -0.00434202 -0.01729053
v -0.02503167 -0.00856638 -0.00771840
v -0.01709343 -0.00822051 -0.00012648
v -0.00341274 -0.00822051 -0.00012648
v -0.06345009 -0.01800498 0.00565776
v -0.03573234 -0.01800498 0.00755574
v -0.05421084 -0.01800498 0.01135170
v -0.07347120 -0.01787469 0.01514766
v -0.07345932 -0.01784385 0.01550721
v -0.07415877 -0.01749951 0.01514766
v -0.07383234 -0.01771551 0.01514766
v -0.07413645 -0.01747437 0.01550721
v -0.07381500 -0.01768710 0.01550721
v -0.07308630 -0.01797216 0.01514766
v -0.07268934 -0.01800498 0.01514766
v -0.07308027 -0.01793985 0.01550721
v -0.07268934 -0.01797216 0.01550721
v -0.07342407 -0.01775226 0.01585584
v -0.07376343 -0.01760268 0.01585584
v -0.07268934 -0.01787469 0.01585584
v -0.07306236 -0.01784385 0.01585584
v -0.07444053 -0.01723320 0.01514766
v -0.07441392 -0.01721211 0.01550721
v -0.07457534 -0.01705121 0.01514766
v -0.07457534 -0.01701250 0.01539188
v -0.07457534 -0.01699421 0.01550721
v -0.07407015 -0.01739970 0.01585584
v -0.07433493 -0.01714944 0.01585584
v -0.07336647 -0.01760268 0.01618293
v -0.07367922 -0.01746483 0.01618293
v -0.07303314 -0.01768710 0.01618293
v -0.07268934 -0.01771551 0.01618293
v -0.07299345 -0.01747437 0.01647858
v -0.07268934 -0.01749951 0.01647858
v -0.07396191 -0.01727775 0.01618293
v -0.07328829 -0.01739970 0.01647858
v -0.07356495 -0.01727775 0.01647858
v -0.07420590 -0.01704714 0.01618293
v -0.07403082 -0.01690827 0.01647858
v -0.07381500 -0.01711227 0.01647858
v -0.07319193 -0.01714944 0.01673379
v -0.07342407 -0.01704714 0.01673379
v -0.07363386 -0.01690827 0.01673379
v -0.07294452 -0.01721211 0.01673379
v -0.07268934 -0.01723320 0.01673379
v -0.07288782 -0.01690827 0.01694079
v -0.07268934 -0.01692468 0.01694079
v -0.07457534 -0.01687354 0.01575573
v -0.07454970 -0.01685955 0.01585584
v -0.07457534 -0.01680757 0.01585584
v -0.07457534 -0.01649319 0.01612992
v -0.07440384 -0.01677996 0.01618293
v -0.07420590 -0.01667196 0.01647858
v -0.07454970 -0.01648437 0.01618293
v -0.07457534 -0.01639390 0.01618293
v -0.07433493 -0.01641048 0.01647858
v -0.07326084 -0.01677996 0.01694079
v -0.07381500 -0.01673709 0.01673379
v -0.07342407 -0.01667196 0.01694079
v -0.07396191 -0.01653879 0.01673379
v -0.07407015 -0.01631940 0.01673379
v -0.07356495 -0.01653879 0.01694079
v -0.07367922 -0.01638453 0.01694079
v -0.07319193 -0.01641048 0.01709331
v -0.07328829 -0.01631940 0.01709331
v -0.07308027 -0.01685955 0.01694079
v -0.07295676 -0.01653879 0.01709331
v -0.07282512 -0.01657212 0.01709331
v -0.07308027 -0.01648437 0.01709331
v -0.07268934 -0.01658337 0.01709331
v -0.07457534 -0.01615870 0.01626655
v -0.07457534 -0.01606509 0.01627777
v -0.07441392 -0.01613181 0.01647858
v -0.07457534 -0.01584441 0.01630418
v -0.07444053 -0.01584441 0.01647858
v -0.07413645 -0.01608555 0.01673379
v -0.07376343 -0.01621389 0.01694079
v -0.07336647 -0.01621389 0.01709331
v -0.07342407 -0.01609713 0.01709331
v -0.07415877 -0.01584441 0.01673379
v -0.07381500 -0.01603200 0.01694079
v -0.07383234 -0.01584441 0.01694079
v -0.07345932 -0.01597272 0.01709331
v -0.07347120 -0.01584441 0.01709331
v -0.07275828 -0.01621389 0.01718673
v -0.07282512 -0.01619694 0.01718673
v -0.07268934 -0.01621956 0.01718673
v -0.07294452 -0.01613181 0.01718673
v -0.07288782 -0.01616931 0.01718673
v -0.07299345 -0.01608555 0.01718673
v -0.07303314 -0.01603200 0.01718673
v -0.07306236 -0.01597272 0.01718673
v -0.07308027 -0.01590954 0.01718673
v -0.07308630 -0.01584441 0.01718673
v -0.07268934 -0.01584441 0.01721817
v -0.05421084 -0.01800498 0.01514766
v -0.05421084 -0.01800090 0.01519260
v -0.05421084 -0.01798449 0.01537239
v -0.05421084 -0.01797627 0.01546227
v -0.05421084 -0.01797216 0.01550721
v -0.05421084 -0.01795998 0.01555080
v -0.05421084 -0.01791126 0.01572510
v -0.05421084 -0.01788687 0.01581225
v -0.05421084 -0.01787469 0.01585584
v -0.05421084 -0.01785480 0.01589673
v -0.05421084 -0.01777521 0.01606026
v -0.05421084 -0.01773543 0.01614204
v -0.05421084 -0.01771551 0.01618293
v -0.05421084 -0.01768851 0.01621989
v -0.05421084 -0.01758051 0.01636770
v -0.05421084 -0.01752651 0.01644162
v -0.05421084 -0.01749951 0.01647858
v -0.05421084 -0.01746621 0.01651047
v -0.05421084 -0.01739964 0.01657428
v -0.05421084 -0.01726650 0.01670187
v -0.05421084 -0.01723320 0.01673379
v -0.05421084 -0.01719465 0.01675965
v -0.05421084 -0.01711752 0.01681140
v -0.05421084 -0.01696326 0.01691490
v -0.05421084 -0.01692468 0.01694079
v -0.05421084 -0.01688202 0.01695984
v -0.05421084 -0.01671135 0.01703613
v -0.05421084 -0.01662603 0.01707426
v -0.05421084 -0.01658337 0.01709331
v -0.05421084 -0.01653789 0.01710501
v -0.05421084 -0.01635600 0.01715169
v -0.05421084 -0.01626504 0.01717506
v -0.05421084 -0.01621956 0.01718673
v -0.05421084 -0.01617267 0.01719066
v -0.05421084 -0.01598508 0.01720638
v -0.05421084 -0.01589130 0.01721424
v -0.05421084 -0.01584441 0.01721817
v -0.05498223 -0.01430511 0.01721817
v -0.05323959 -0.01276584 0.01721817
v -0.03573234 -0.01800498 0.01514766
v -0.03573234 -0.01799679 0.01523754
v -0.03573234 -0.01798038 0.01541733
v -0.03573234 -0.01797216 0.01550721
v -0.03573234 -0.01794780 0.01559436
v -0.03573234 -0.01789905 0.01576866
v -0.03573234 -0.01787469 0.01585584
v -0.03573234 -0.01783491 0.01593759
v -0.03573234 -0.01775532 0.01610115
v -0.03573234 -0.01771551 0.01618293
v -0.03573234 -0.01766151 0.01625685
v -0.03573234 -0.01755351 0.01640466
v -0.03573234 -0.01749951 0.01647858
v -0.03573234 -0.01743294 0.01654236
v -0.03573234 -0.01729977 0.01666998
v -0.03573234 -0.01723320 0.01673379
v -0.03573234 -0.01715607 0.01678554
v -0.03573234 -0.01700181 0.01688904
v -0.03573234 -0.01692468 0.01694079
v -0.03573234 -0.01683936 0.01697892
v -0.03573234 -0.01666869 0.01705518
v -0.03573234 -0.01658337 0.01709331
v -0.03573234 -0.01649241 0.01711668
v -0.03573234 -0.01631052 0.01716339
v -0.03573234 -0.01621956 0.01718673
v -0.03573234 -0.01612578 0.01719459
v -0.03573234 -0.01593819 0.01721031
v -0.03573234 -0.01584441 0.01721817
v -0.03727509 -0.01276584 0.01721817
v -0.03378987 -0.00968727 0.01721817
v -0.03342240 -0.00933996 0.01719126
v -0.06296448 -0.00638292 0.01721817
v -0.07457534 -0.00284821 0.01630419
v -0.03150603 -0.00752871 0.01505736
v -0.03306450 -0.00900168 0.01711119
v -0.03272547 -0.00868125 0.01698006
v -0.03190590 -0.00790665 0.01632042
v -0.03213852 -0.00812652 0.01657947
v -0.03241410 -0.00838698 0.01680126
v -0.03151971 -0.00754164 0.01539102
v -0.03154875 -0.00756909 0.01555605
v -0.03150543 -0.00752814 0.01522446
v -0.03159240 -0.00761037 0.01571838
v -0.03165036 -0.00766515 0.01587702
v -0.03172227 -0.00773310 0.01603089
v -0.03180762 -0.00781377 0.01617903
v -0.04351473 -0.00330435 0.01721817
v -0.01725384 -0.01800498 0.00375978
v 0.01970316 -0.01800498 0.00375978
v -0.01725384 -0.01800498 0.01135170
v -0.01725384 -0.01800498 0.01514766
v -0.01725384 -0.01800090 0.01519260
v -0.01725384 -0.01799268 0.01528251
v -0.01725384 -0.01798449 0.01537239
v -0.01725384 -0.01797627 0.01546227
v -0.01725384 -0.01797216 0.01550721
v -0.01725384 -0.01795998 0.01555080
v -0.01725384 -0.01793562 0.01563795
v -0.01725384 -0.01791126 0.01572510
v -0.01725384 -0.01788687 0.01581225
v -0.01725384 -0.01787469 0.01585584
v -0.01725384 -0.01785480 0.01589673
v -0.01725384 -0.01781499 0.01597848
v -0.01725384 -0.01777521 0.01606026
v -0.01725384 -0.01773543 0.01614204
v -0.01725384 -0.01771551 0.01618293
v -0.01725384 -0.01768851 0.01621989
v -0.01725384 -0.01763451 0.01629381
v -0.01725384 -0.01758051 0.01636770
v -0.01725384 -0.01752651 0.01644162
v -0.01725384 -0.01749951 0.01647858
v -0.01725384 -0.01746621 0.01651047
v -0.01725384 -0.01739964 0.01657428
v -0.01725384 -0.01733307 0.01663806
v -0.01725384 -0.01726650 0.01670187
v -0.01725384 -0.01723320 0.01673379
v -0.01725384 -0.01719465 0.01675965
v -0.01725384 -0.01711752 0.01681140
v -0.01725384 -0.01704039 0.01686315
v -0.01725384 -0.01696326 0.01691490
v -0.01725384 -0.01692468 0.01694079
v -0.01725384 -0.01688202 0.01695984
v -0.01725384 -0.01679670 0.01699797
v -0.01725384 -0.01671135 0.01703613
v -0.01725384 -0.01662603 0.01707426
v -0.01725384 -0.01658337 0.01709331
v -0.01725384 -0.01653789 0.01710501
v -0.01725384 -0.01644693 0.01712835
v -0.01725384 -0.01635600 0.01715169
v -0.01725384 -0.01626504 0.01717506
v -0.01725384 -0.01621956 0.01718673
v -0.01725384 -0.01617267 0.01719066
v -0.01725384 -0.01607889 0.01719852
v -0.01725384 -0.01598508 0.01720638
v -0.01725384 -0.01589130 0.01721424
v -0.01725384 -0.01584441 0.01721817
v -0.01879659 -0.01276584 0.01721817
v -0.01956798 -0.01122654 0.01721817
v -0.01782534 -0.00968727 0.01721817
v -0.01800909 -0.00951360 0.01720473
v -0.01782534 -0.00933996 0.01719126
v -0.01800429 -0.00917082 0.01715124
v 0.01970316 -0.01800498 0.01135170
v 0.00122466 -0.01800498 0.01514766
v 0.00122466 -0.01798857 0.01532745
v 0.00122466 -0.01797216 0.01550721
v 0.00122466 -0.01792344 0.01568151
v 0.00122466 -0.01787469 0.01585584
v 0.00122466 -0.01779510 0.01601937
v 0.00122466 -0.01771551 0.01618293
v 0.00122466 -0.01760751 0.01633074
v 0.00122466 -0.01749951 0.01647858
v 0.00122466 -0.01736634 0.01660617
v 0.00122466 -0.01723320 0.01673379
v 0.00122466 -0.01707894 0.01683729
v 0.00122466 -0.01692468 0.01694079
v 0.00122466 -0.01675401 0.01701705
v 0.00122466 -0.01658337 0.01709331
v 0.00122466 -0.01640148 0.01714002
v 0.00122466 -0.01621956 0.01718673
v 0.00122466 -0.01603197 0.01720245
v 0.00122466 -0.01584441 0.01721817
v 0.01970316 -0.01800498 0.01514766
v 0.01970316 -0.01800090 0.01519260
v 0.01970316 -0.01799268 0.01528251
v 0.01970316 -0.01798449 0.01537239
v 0.01970316 -0.01797627 0.01546227
v 0.01970316 -0.01797216 0.01550721
v 0.01970316 -0.01795998 0.01555080
v 0.01970316 -0.01793562 0.01563795
v 0.01970316 -0.01791126 0.01572510
v 0.01970316 -0.01788687 0.01581225
v 0.01970316 -0.01787469 0.01585584
v 0.01970316 -0.01785480 0.01589673
v 0.01970316 -0.01781499 0.01597848
v 0.01970316 -0.01777521 0.01606026
v 0.01970316 -0.01773543 0.01614204
v 0.01970316 -0.01771551 0.01618293
v 0.01970316 -0.01768851 0.01621989
v 0.01970316 -0.01763451 0.01629381
v 0.01970316 -0.01758051 0.01636770
v 0.01970316 -0.01752651 0.01644162
v 0.01970316 -0.01749951 0.01647858
v 0.01970316 -0.01746621 0.01651047
v 0.01970316 -0.01739964 0.01657428
v 0.01970316 -0.01733307 0.01663806
v 0.01970316 -0.01726650 0.01670187
v 0.01970316 -0.01723320 0.01673379
v 0.01970316 -0.01719465 0.01675965
v 0.01970316 -0.01711752 0.01681140
v 0.01970316 -0.01704039 0.01686315
v 0.01970316 -0.01696326 0.01691490
v 0.01970316 -0.01692468 0.01694079
v 0.01970316 -0.01688202 0.01695984
v 0.01970316 -0.01679670 0.01699797
v 0.01970316 -0.01671135 0.01703613
v 0.01970316 -0.01662603 0.01707426
v 0.01970316 -0.01658337 0.01709331
v 0.01970316 -0.01653789 0.01710501
v 0.01970316 -0.01644693 0.01712835
v 0.01970316 -0.01635600 0.01715169
v 0.01970316 -0.01626504 0.01717506
v 0.01970316 -0.01621956 0.01718673
v 0.01970316 -0.01617267 0.01719066
v 0.01970316 -0.01607889 0.01719852
v 0.01970316 -0.01598508 0.01720638
v 0.01970316 -0.01589130 0.01721424
v 0.01970316 -0.01584441 0.01721817
v 0.01893177 -0.01430511 0.01721817
v -0.00186084 -0.00968727 0.01721817
v -0.00222831 -0.00933996 0.01719126
v 0.01738902 -0.01122654 0.01721817
v -0.01782534 -0.00752871 0.01505736
v -0.01782534 -0.00900168 0.01711119
v -0.01799487 -0.00884148 0.01704561
v -0.01798104 -0.00853413 0.01689066
v -0.01782534 -0.00868125 0.01698006
v -0.01782534 -0.00790665 0.01632042
v -0.01782534 -0.00812652 0.01657947
v -0.01794165 -0.00801660 0.01644996
v -0.01782534 -0.00838698 0.01680126
v -0.01796313 -0.00825675 0.01669035
v -0.01782564 -0.00752844 0.01514091
v -0.01782534 -0.00752814 0.01522446
v -0.01783248 -0.00753489 0.01530774
v -0.01782534 -0.00754164 0.01539102
v -0.01781082 -0.00755538 0.01547352
v -0.01782534 -0.00756909 0.01555605
v -0.01782534 -0.00761037 0.01571838
v -0.01779636 -0.00763776 0.01579770
v -0.01778268 -0.00777345 0.01610496
v -0.01778940 -0.00769911 0.01595394
v -0.01782534 -0.00766515 0.01587702
v -0.01782534 -0.00773310 0.01603089
v -0.01780353 -0.00758973 0.01563720
v -0.01782534 -0.00781377 0.01617903
v -0.01787448 -0.00786021 0.01624971
v -0.00414468 -0.00752871 0.01505736
v -0.00374481 -0.00790665 0.01632042
v -0.00351216 -0.00812652 0.01657947
v -0.00414528 -0.00752814 0.01522446
v -0.00413100 -0.00754164 0.01539102
v -0.00410196 -0.00756909 0.01555605
v -0.00405828 -0.00761037 0.01571838
v -0.00400032 -0.00766515 0.01587702
v -0.00392844 -0.00773310 0.01603089
v -0.00384306 -0.00781377 0.01617903
v -0.00258621 -0.00900168 0.01711119
v -0.00292524 -0.00868125 0.01698006
v -0.00323658 -0.00838698 0.01680126
v 0.01738902 -0.00638292 0.01721817
v 0.00776409 -0.00319146 0.01721817
v -0.07347120 0.00000000 -0.01716564
v -0.07327875 0.00000000 -0.01721235
v -0.07365177 0.00000000 -0.01708938
v -0.07399554 0.00000000 -0.01690962
v -0.07415877 0.00000000 -0.01680612
v -0.07383234 0.00000000 -0.01701312
v -0.07308630 0.00000000 -0.01725906
v -0.07288782 0.00000000 -0.01727478
v -0.07268934 0.00000000 -0.01729053
v -0.07429965 0.00000000 -0.01667850
v -0.07444053 0.00000000 -0.01655091
v -0.07455480 0.00000000 -0.01640307
v -0.07457534 0.00000000 -0.01637650
v -0.07457534 0.00284821 -0.01637650
v -0.06333045 0.00672879 -0.01729050
v -0.04461264 0.00434202 -0.01729050
v -0.03525372 0.00000000 -0.01729053
v -0.03301953 0.00895920 -0.01565832
v -0.03298656 0.00892803 -0.01548528
v -0.03296988 0.00891228 -0.01531032
v -0.03223797 0.00822048 -0.00012648
v -0.05397153 0.01345761 -0.01729050
v -0.07347120 0.01584438 -0.01716564
v -0.07415877 0.01584438 -0.01680609
v -0.07383234 0.01584438 -0.01701312
v -0.07345932 0.01621956 -0.01713609
v -0.07413645 0.01621956 -0.01678200
v -0.07381500 0.01621956 -0.01698588
v -0.07308630 0.01584438 -0.01725906
v -0.07268934 0.01584438 -0.01729050
v -0.07308027 0.01621956 -0.01722807
v -0.07268934 0.01621956 -0.01725906
v -0.07444053 0.01584438 -0.01655091
v -0.07457534 0.01584438 -0.01637651
v -0.07457534 0.01598220 -0.01635643
v -0.07441392 0.01621956 -0.01653066
v -0.07457534 0.01621956 -0.01632186
v -0.07457534 0.01629573 -0.01628790
v -0.07342407 0.01658334 -0.01704831
v -0.07376343 0.01658334 -0.01690497
v -0.07268934 0.01658334 -0.01716564
v -0.07306236 0.01658334 -0.01713609
v -0.07407015 0.01658334 -0.01671045
v -0.07433493 0.01658334 -0.01647063
v -0.07457534 0.01647888 -0.01620623
v -0.07457534 0.01654678 -0.01616515
v -0.07454970 0.01658334 -0.01619283
v -0.07457534 0.01658334 -0.01614302
v -0.07457534 0.01673218 -0.01598622
v -0.07457534 0.01686936 -0.01584173
v -0.07336647 0.01692468 -0.01690497
v -0.07367922 0.01692468 -0.01677288
v -0.07303314 0.01692468 -0.01698588
v -0.07268934 0.01692468 -0.01701312
v -0.07299345 0.01723320 -0.01678200
v -0.07268934 0.01723320 -0.01680609
v -0.07396191 0.01692468 -0.01659360
v -0.07420590 0.01692468 -0.01637259
v -0.07328829 0.01723320 -0.01671045
v -0.07356495 0.01723320 -0.01659360
v -0.07403082 0.01723320 -0.01623951
v -0.07381500 0.01723320 -0.01643502
v -0.07319193 0.01749951 -0.01647063
v -0.07342407 0.01749951 -0.01637259
v -0.07363386 0.01749951 -0.01623951
v -0.07294452 0.01749951 -0.01653066
v -0.07268934 0.01749951 -0.01655091
v -0.07288782 0.01771551 -0.01623951
v -0.07268934 0.01771551 -0.01625526
v -0.07440384 0.01692468 -0.01611654
v -0.07454970 0.01692468 -0.01583328
v -0.07457534 0.01689037 -0.01580560
v -0.07457534 0.01692468 -0.01574658
v -0.07420590 0.01723320 -0.01601304
v -0.07433493 0.01723320 -0.01576248
v -0.07457534 0.01698927 -0.01557975
v -0.07457534 0.01701194 -0.01552119
v -0.07457534 0.01703801 -0.01532117
v -0.07457534 0.01705121 -0.01521999
v -0.07441392 0.01723320 -0.01549542
v -0.07444053 0.01723320 -0.01521999
v -0.07381500 0.01749951 -0.01607547
v -0.07326084 0.01771551 -0.01611654
v -0.07342407 0.01771551 -0.01601304
v -0.07396191 0.01749951 -0.01588545
v -0.07407015 0.01749951 -0.01567518
v -0.07356495 0.01771551 -0.01588545
v -0.07367922 0.01771551 -0.01573761
v -0.07319193 0.01787469 -0.01576248
v -0.07328829 0.01787469 -0.01567518
v -0.07308027 0.01771551 -0.01619280
v -0.07295676 0.01787469 -0.01588545
v -0.07282512 0.01787469 -0.01591740
v -0.07308027 0.01787469 -0.01583328
v -0.07268934 0.01787469 -0.01592814
v -0.07413645 0.01749951 -0.01545111
v -0.07376343 0.01771551 -0.01557408
v -0.07415877 0.01749948 -0.01521999
v -0.07381500 0.01771551 -0.01539975
v -0.07383234 0.01771551 -0.01521999
v -0.07336647 0.01787469 -0.01557408
v -0.07342407 0.01787469 -0.01546218
v -0.07345932 0.01787469 -0.01534296
v -0.07347120 0.01787469 -0.01521999
v -0.07275828 0.01797216 -0.01557408
v -0.07282512 0.01797216 -0.01555785
v -0.07268934 0.01797216 -0.01557954
v -0.07294452 0.01797216 -0.01549542
v -0.07288782 0.01797216 -0.01553136
v -0.07299345 0.01797216 -0.01545111
v -0.07303314 0.01797216 -0.01539975
v -0.07306236 0.01797216 -0.01534296
v -0.07308027 0.01797216 -0.01528242
v -0.07308630 0.01797216 -0.01521999
v -0.07268934 0.01800498 -0.01521999
v -0.05461626 0.01465098 -0.01729050
v -0.05421084 0.01584438 -0.01729050
v -0.05421084 0.01589127 -0.01728657
v -0.05421084 0.01607889 -0.01727085
v -0.05421084 0.01617267 -0.01726299
v -0.05421084 0.01621956 -0.01725906
v -0.05421084 0.01626504 -0.01724739
v -0.05421084 0.01635600 -0.01722402
v -0.05421084 0.01653789 -0.01717731
v -0.05421084 0.01658334 -0.01716564
v -0.05421084 0.01662603 -0.01714659
v -0.05421084 0.01679670 -0.01707030
v -0.05421084 0.01688202 -0.01703217
v -0.05421084 0.01692468 -0.01701312
v -0.05421084 0.01696326 -0.01698723
v -0.05421084 0.01704036 -0.01693548
v -0.05421084 0.01719462 -0.01683198
v -0.05421084 0.01723320 -0.01680609
v -0.05421084 0.01726647 -0.01677420
v -0.05421084 0.01733304 -0.01671039
v -0.05421084 0.01746621 -0.01658280
v -0.05421084 0.01749951 -0.01655091
v -0.05421084 0.01752651 -0.01651395
v -0.05421084 0.01763451 -0.01636611
v -0.05421084 0.01768851 -0.01629219
v -0.05421084 0.01771551 -0.01625526
v -0.05421084 0.01773540 -0.01621437
v -0.05421084 0.01777521 -0.01613259
v -0.05421084 0.01785480 -0.01596903
v -0.05421084 0.01787469 -0.01592814
v -0.05421084 0.01788687 -0.01588458
v -0.05421084 0.01793559 -0.01571025
v -0.05421084 0.01795998 -0.01562310
v -0.05421084 0.01797216 -0.01557954
v -0.05421084 0.01797627 -0.01553460
v -0.05421084 0.01798446 -0.01544469
v -0.05421084 0.01800087 -0.01526493
v -0.05421084 0.01800498 -0.01521999
v -0.05421084 0.01800498 -0.01142403
v -0.03330807 0.00923190 -0.01630698
v -0.03353868 0.00944985 -0.01658895
v -0.03341676 0.00933462 -0.01645239
v -0.03381855 0.00971436 -0.01683162
v -0.03413964 0.01001784 -0.01702800
v -0.03321336 0.00914238 -0.01615371
v -0.03313335 0.00906675 -0.01599375
v -0.03306858 0.00900555 -0.01582824
v -0.03449274 0.01035156 -0.01717242
v -0.03486768 0.01070595 -0.01726077
v -0.03525372 0.01107081 -0.01729050
v -0.03654318 0.01345761 -0.01729050
v -0.03573234 0.01584438 -0.01729050
v -0.03573234 0.01593819 -0.01728264
v -0.03573234 0.01612578 -0.01726692
v -0.03573234 0.01621956 -0.01725906
v -0.03573234 0.01631052 -0.01723572
v -0.03573234 0.01649241 -0.01718901
v -0.03573234 0.01658334 -0.01716564
v -0.03573234 0.01666869 -0.01712751
v -0.03573234 0.01683936 -0.01705125
v -0.03573234 0.01692468 -0.01701312
v -0.03573234 0.01700181 -0.01696137
v -0.03573234 0.01715607 -0.01685784
v -0.03573234 0.01723320 -0.01680609
v -0.03573234 0.01729977 -0.01674231
v -0.03573234 0.01743291 -0.01661469
v -0.03573234 0.01749951 -0.01655091
v -0.03573234 0.01755351 -0.01647699
v -0.03573234 0.01766151 -0.01632915
v -0.03573234 0.01771551 -0.01625526
v -0.03573234 0.01775532 -0.01617348
v -0.03573234 0.01783488 -0.01600992
v -0.03573234 0.01787469 -0.01592814
v -0.03573234 0.01789905 -0.01584099
v -0.03573234 0.01794780 -0.01566669
v -0.03573234 0.01797216 -0.01557954
v -0.03573234 0.01798035 -0.01548963
v -0.03573234 0.01799679 -0.01530987
v -0.03573234 0.01800498 -0.01521999
v -0.05421084 0.01800498 -0.00383211
v -0.03573234 0.01800498 -0.00762807
v -0.01780083 0.00898236 -0.01574328
v -0.01782534 0.00895920 -0.01565832
v -0.01784184 0.00894360 -0.01557180
v -0.01782534 0.00892803 -0.01548528
v -0.01781703 0.00892014 -0.01539780
v -0.01782534 0.00891228 -0.01531032
v -0.00039699 0.00000000 -0.01729053
v -0.00059001 0.00018243 -0.01727565
v 0.00904497 0.00336441 -0.01729050
v -0.00263115 0.00895920 -0.01565832
v -0.00266415 0.00892803 -0.01548528
v -0.00268080 0.00891228 -0.01531032
v 0.01848693 0.00672879 -0.01729050
v -0.00341274 0.00069177 -0.00012648
v -0.01061904 0.00856638 -0.00771840
v -0.01855728 0.00822048 -0.00012648
v -0.00341274 0.00822048 -0.00012648
v -0.01777101 0.00928326 -0.01637967
v -0.01787271 0.00918714 -0.01623033
v -0.01782534 0.00923190 -0.01630698
v -0.01788630 0.00939225 -0.01652067
v -0.01782534 0.00944985 -0.01658895
v -0.01782534 0.00933462 -0.01645239
v -0.01782534 0.00971436 -0.01683162
v -0.01782534 0.01001784 -0.01702800
v -0.01798590 0.00986610 -0.01692981
v -0.01796529 0.00958209 -0.01671027
v -0.01782534 0.00914238 -0.01615371
v -0.01782534 0.00906675 -0.01599375
v -0.01778535 0.00910458 -0.01607373
v -0.01779297 0.00903615 -0.01591101
v -0.01782534 0.00900555 -0.01582824
v -0.01800189 0.01018470 -0.01710021
v -0.01782534 0.01035156 -0.01717242
v -0.01801284 0.01052874 -0.01721661
v -0.01782534 0.01070595 -0.01726077
v -0.01801836 0.01088838 -0.01727565
v -0.01782534 0.01107081 -0.01729050
v -0.01847007 0.01226421 -0.01729050
v -0.01806468 0.01345761 -0.01729050
v -0.01725384 0.01584438 -0.01729050
v -0.01725384 0.01589127 -0.01728657
v -0.01725384 0.01598508 -0.01727871
v -0.01725384 0.01607889 -0.01727085
v -0.01725384 0.01617267 -0.01726299
v -0.01725384 0.01621956 -0.01725906
v -0.01725384 0.01626504 -0.01724739
v -0.01725384 0.01635600 -0.01722402
v -0.01725384 0.01644693 -0.01720068
v -0.01725384 0.01653789 -0.01717731
v -0.01725384 0.01658334 -0.01716564
v -0.01725384 0.01662603 -0.01714659
v -0.01725384 0.01671135 -0.01710846
v -0.01725384 0.01679670 -0.01707030
v -0.01725384 0.01688202 -0.01703217
v -0.01725384 0.01692468 -0.01701312
v -0.01725384 0.01696326 -0.01698723
v -0.01725384 0.01704036 -0.01693548
v -0.01725384 0.01711749 -0.01688373
v -0.01725384 0.01719462 -0.01683198
v -0.01725384 0.01723320 -0.01680609
v -0.01725384 0.01726647 -0.01677420
v -0.01725384 0.01733304 -0.01671039
v -0.01725384 0.01739964 -0.01664661
v -0.01725384 0.01746621 -0.01658280
v -0.01725384 0.01749951 -0.01655091
v -0.01725384 0.01752651 -0.01651395
v -0.01725384 0.01758051 -0.01644003
v -0.01725384 0.01763451 -0.01636611
v -0.01725384 0.01768851 -0.01629219
v -0.01725384 0.01771551 -0.01625526
v -0.01725384 0.01773540 -0.01621437
v -0.01725384 0.01777521 -0.01613259
v -0.01725384 0.01781499 -0.01605081
v -0.01725384 0.01785480 -0.01596903
v -0.01725384 0.01787469 -0.01592814
v -0.01725384 0.01788687 -0.01588458
v -0.01725384 0.01791123 -0.01579740
v -0.01725384 0.01793559 -0.01571025
v -0.01725384 0.01795998 -0.01562310
v -0.01725384 0.01797216 -0.01557954
v -0.01725384 0.01797627 -0.01553460
v -0.01725384 0.01798446 -0.01544469
v -0.01725384 0.01799268 -0.01535481
v -0.01725384 0.01800087 -0.01526493
v -0.01725384 0.01800498 -0.01521999
v -0.01725384 0.01800498 -0.01142403
v -0.00234264 0.00923190 -0.01630698
v -0.00211203 0.00944985 -0.01658895
v -0.00223395 0.00933462 -0.01645239
v -0.00183216 0.00971436 -0.01683162
v -0.00151107 0.01001784 -0.01702800
v -0.00243735 0.00914238 -0.01615371
v -0.00251736 0.00906675 -0.01599375
v -0.00258213 0.00900555 -0.01582824
v -0.00115797 0.01035156 -0.01717242
v -0.00078303 0.01070595 -0.01726077
v -0.00039699 0.01107081 -0.01729050
v 0.01848693 0.01226421 -0.01729050
v 0.00122466 0.01584438 -0.01729050
v 0.00122466 0.01603197 -0.01727478
v 0.00122466 0.01621956 -0.01725906
v 0.00122466 0.01640145 -0.01721235
v 0.00122466 0.01658334 -0.01716564
v 0.00122466 0.01675401 -0.01708938
v 0.00122466 0.01692468 -0.01701312
v 0.00122466 0.01707894 -0.01690962
v 0.00122466 0.01723320 -0.01680609
v 0.00122466 0.01736634 -0.01667850
v 0.00122466 0.01749951 -0.01655091
v 0.00122466 0.01760751 -0.01640307
v 0.00122466 0.01771551 -0.01625526
v 0.00122466 0.01779510 -0.01609170
v 0.00122466 0.01787469 -0.01592814
v 0.00122466 0.01792341 -0.01575384
v 0.00122466 0.01797216 -0.01557954
v 0.00122466 0.01798857 -0.01539975
v 0.00122466 0.01800498 -0.01521999
v 0.01929774 0.01465098 -0.01729050
v 0.01970316 0.01584438 -0.01729050
v 0.01970316 0.01589127 -0.01728657
v 0.01970316 0.01598508 -0.01727871
v 0.01970316 0.01607889 -0.01727085
v 0.01970316 0.01617267 -0.01726299
v 0.01970316 0.01621956 -0.01725906
v 0.01970316 0.01626504 -0.01724739
v 0.01970316 0.01635600 -0.01722402
v 0.01970316 0.01644693 -0.01720068
v 0.01970316 0.01653789 -0.01717731
v 0.01970316 0.01658334 -0.01716564
v 0.01970316 0.01662603 -0.01714659
v 0.01970316 0.01671135 -0.01710846
v 0.01970316 0.01679670 -0.01707030
v 0.01970316 0.01688202 -0.01703217
v 0.01970316 0.01692468 -0.01701312
v 0.01970316 0.01696326 -0.01698723
v 0.01970316 0.01704036 -0.01693548
v 0.01970316 0.01711749 -0.01688373
v 0.01970316 0.01719462 -0.01683198
v 0.01970316 0.01723320 -0.01680609
v 0.01970316 0.01726647 -0.01677420
v 0.01970316 0.01733304 -0.01671039
v 0.01970316 0.01739964 -0.01664661
v 0.01970316 0.01746621 -0.01658280
v 0.01970316 0.01749951 -0.01655091
v 0.01970316 0.01752651 -0.01651395
v 0.01970316 0.01758051 -0.01644003
v 0.01970316 0.01763451 -0.01636611
v 0.01970316 0.01768851 -0.01629219
v 0.01970316 0.01771551 -0.01625526
v 0.01970316 0.01773540 -0.01621437
v 0.01970316 0.01777521 -0.01613259
v 0.01970316 0.01781499 -0.01605081
v 0.01970316 0.01785480 -0.01596903
v 0.01970316 0.01787469 -0.01592814
v 0.01970316 0.01788687 -0.01588458
v 0.01970316 0.01791123 -0.01579740
v 0.01970316 0.01793559 -0.01571025
v 0.01970316 0.01795998 -0.01562310
v 0.01970316 0.01797216 -0.01557954
v 0.01970316 0.01797627 -0.01553460
v 0.01970316 0.01798446 -0.01544469
v 0.01970316 0.01799268 -0.01535481
v 0.01970316 0.01800087 -0.01526493
v 0.01970316 0.01800498 -0.01521999
v 0.01970316 0.01800498 -0.01142403
v -0.01725384 0.01800498 -0.00383211
v 0.01970316 0.01800498 -0.00383211
v -0.07457534 0.00000000 0.01630419
v -0.07455480 0.00000000 0.01633077
v -0.07444053 0.00000000 0.01647858
v -0.07429965 0.00000000 0.01660617
v -0.07415877 0.00000000 0.01673379
v -0.07399554 0.00000000 0.01683729
v -0.07383234 0.00000000 0.01694079
v -0.07365177 0.00000000 0.01701705
v -0.07347120 0.00000000 0.01709334
v -0.07327875 0.00000000 0.01714002
v -0.07308630 0.00000000 0.01718673
v -0.07288782 0.00000000 0.01720245
v -0.07268934 0.00000000 0.01721820
v -0.07457534 0.00284821 0.01630419
v -0.05323959 0.00307857 0.01721820
v -0.03150603 0.00752871 0.01505736
v -0.03306450 0.00900168 0.01711119
v -0.03151971 0.00754161 0.01539102
v -0.03154875 0.00756909 0.01555605
v -0.03150543 0.00752814 0.01522446
v -0.03159240 0.00761034 0.01571838
v -0.03165036 0.00766512 0.01587702
v -0.03172227 0.00773307 0.01603089
v -0.03180762 0.00781374 0.01617903
v -0.03190590 0.00790662 0.01632045
v -0.03213852 0.00812652 0.01657947
v -0.03241410 0.00838695 0.01680126
v -0.03272547 0.00868122 0.01698006
v -0.07455480 0.01707894 -0.00003615
v -0.07444053 0.01723317 -0.00003615
v -0.07429965 0.01736634 -0.00003615
v -0.07415877 0.01749948 -0.00003615
v -0.07399554 0.01760751 -0.00003615
v -0.07383234 0.01771551 -0.00003615
v -0.07365177 0.01779510 -0.00003615
v -0.07347120 0.01787469 -0.00003615
v -0.07327875 0.01792341 -0.00003615
v -0.07308630 0.01797216 -0.00003615
v -0.07288782 0.01798857 -0.00003615
v -0.07268934 0.01800498 -0.00003615
v -0.07457534 0.01705121 0.00269332
v -0.06345009 0.01800498 0.00565779
v -0.03573234 0.01800498 0.00755577
v -0.06296448 0.00946146 0.01721820
v -0.05323959 0.01276581 0.01721820
v -0.05421084 0.01800498 0.01135173
v -0.07457534 0.01647888 0.01613391
v -0.07457534 0.01658334 0.01607069
v -0.07454970 0.01658334 0.01612050
v -0.07457534 0.01686936 0.01576943
v -0.07457534 0.01584438 0.01630418
v -0.07444053 0.01584438 0.01647858
v -0.07457534 0.01609921 0.01626709
v -0.07457534 0.01621956 0.01624956
v -0.07441392 0.01621956 0.01645836
v -0.07415877 0.01584438 0.01673379
v -0.07383234 0.01584438 0.01694079
v -0.07347120 0.01584438 0.01709334
v -0.07413645 0.01621956 0.01670970
v -0.07381500 0.01621956 0.01691355
v -0.07345932 0.01621956 0.01706376
v -0.07308630 0.01584438 0.01718673
v -0.07268934 0.01584438 0.01721820
v -0.07308027 0.01621956 0.01715577
v -0.07268934 0.01621956 0.01718673
v -0.07433493 0.01658334 0.01639833
v -0.07407015 0.01658334 0.01663815
v -0.07376343 0.01658334 0.01683267
v -0.07342407 0.01658334 0.01697598
v -0.07306236 0.01658334 0.01706376
v -0.07268934 0.01658334 0.01709334
v -0.07457534 0.01705120 0.01514769
v -0.07457534 0.01701193 0.01544889
v -0.07457534 0.01702363 0.01535918
v -0.07444053 0.01723317 0.01514769
v -0.07441392 0.01723317 0.01542312
v -0.07457534 0.01692468 0.01567429
v -0.07454970 0.01692468 0.01576098
v -0.07440384 0.01692468 0.01604424
v -0.07433493 0.01723317 0.01569015
v -0.07420590 0.01723317 0.01594074
v -0.07415877 0.01749948 0.01514769
v -0.07383234 0.01771551 0.01514769
v -0.07381500 0.01771551 0.01532745
v -0.07413645 0.01749948 0.01537878
v -0.07376343 0.01771551 0.01550175
v -0.07347120 0.01787466 0.01514769
v -0.07345932 0.01787466 0.01527063
v -0.07342407 0.01787466 0.01538988
v -0.07336647 0.01787466 0.01550175
v -0.07308630 0.01797216 0.01514769
v -0.07268934 0.01800498 0.01514769
v -0.07308027 0.01797216 0.01521012
v -0.07306236 0.01797216 0.01527063
v -0.07303314 0.01797216 0.01532745
v -0.07299345 0.01797216 0.01537878
v -0.07294452 0.01797216 0.01542312
v -0.07288782 0.01797216 0.01545906
v -0.07282512 0.01797216 0.01548555
v -0.07275828 0.01797216 0.01550175
v -0.07268934 0.01797216 0.01550721
v -0.07407015 0.01749948 0.01560288
v -0.07396191 0.01749948 0.01581312
v -0.07367922 0.01771551 0.01566531
v -0.07356495 0.01771551 0.01581312
v -0.07381500 0.01749948 0.01600317
v -0.07342407 0.01771551 0.01594074
v -0.07326084 0.01771551 0.01604424
v -0.07328829 0.01787466 0.01560288
v -0.07319193 0.01787466 0.01569015
v -0.07308027 0.01771551 0.01612050
v -0.07308027 0.01787466 0.01576098
v -0.07295676 0.01787466 0.01581312
v -0.07282512 0.01787466 0.01584507
v -0.07268934 0.01787466 0.01585584
v -0.07420590 0.01692468 0.01630029
v -0.07396191 0.01692468 0.01652130
v -0.07403082 0.01723317 0.01616721
v -0.07381500 0.01723317 0.01636272
v -0.07356495 0.01723317 0.01652130
v -0.07328829 0.01723317 0.01663815
v -0.07367922 0.01692468 0.01670058
v -0.07336647 0.01692468 0.01683267
v -0.07303314 0.01692468 0.01691355
v -0.07268934 0.01692468 0.01694079
v -0.07299345 0.01723317 0.01670970
v -0.07268934 0.01723317 0.01673379
v -0.07363386 0.01749948 0.01616721
v -0.07342407 0.01749948 0.01630029
v -0.07319193 0.01749948 0.01639833
v -0.07288782 0.01771551 0.01616721
v -0.07268934 0.01771551 0.01618293
v -0.07294452 0.01749948 0.01645836
v -0.07268934 0.01749948 0.01647858
v -0.05498223 0.01430508 0.01721820
v -0.05421084 0.01584438 0.01721820
v -0.05421084 0.01589127 0.01721427
v -0.05421084 0.01607886 0.01719855
v -0.05421084 0.01617267 0.01719069
v -0.05421084 0.01621956 0.01718673
v -0.05421084 0.01626504 0.01717506
v -0.05421084 0.01635597 0.01715172
v -0.05421084 0.01653786 0.01710501
v -0.05421084 0.01658334 0.01709334
v -0.05421084 0.01662600 0.01707426
v -0.05421084 0.01679667 0.01699800
v -0.05421084 0.01800498 0.01514769
v -0.05421084 0.01800087 0.01519263
v -0.05421084 0.01798446 0.01537239
v -0.05421084 0.01797624 0.01546227
v -0.05421084 0.01797216 0.01550721
v -0.05421084 0.01795995 0.01555080
v -0.05421084 0.01791123 0.01572510
v -0.05421084 0.01788687 0.01581225
v -0.05421084 0.01787466 0.01585584
v -0.05421084 0.01785477 0.01589673
v -0.05421084 0.01781499 0.01597851
v -0.05421084 0.01733304 0.01663809
v -0.05421084 0.01692468 0.01694079
v -0.05421084 0.01696323 0.01691493
v -0.05421084 0.01704036 0.01686318
v -0.05421084 0.01688202 0.01695987
v -0.05421084 0.01719462 0.01675965
v -0.05421084 0.01726647 0.01670190
v -0.05421084 0.01723317 0.01673379
v -0.05421084 0.01758048 0.01636773
v -0.05421084 0.01771551 0.01618293
v -0.05421084 0.01768851 0.01621989
v -0.05421084 0.01746618 0.01651047
v -0.05421084 0.01749948 0.01647858
v -0.05421084 0.01752648 0.01644162
v -0.05421084 0.01773540 0.01614204
v -0.03342240 0.00933993 0.01719126
v -0.03378987 0.00968724 0.01721820
v -0.03727509 0.01276581 0.01721820
v -0.03573234 0.01584438 0.01721820
v -0.03573234 0.01593816 0.01721034
v -0.03573234 0.01612575 0.01719462
v -0.03573234 0.01621956 0.01718673
v -0.03573234 0.01631049 0.01716339
v -0.03573234 0.01649241 0.01711668
v -0.03573234 0.01658334 0.01709334
v -0.03573234 0.01666869 0.01705521
v -0.03573234 0.01683933 0.01697892
v -0.03573234 0.01800498 0.01514769
v -0.03573234 0.01799676 0.01523757
v -0.03573234 0.01798035 0.01541733
v -0.03573234 0.01797216 0.01550721
v -0.03573234 0.01794777 0.01559439
v -0.03573234 0.01789905 0.01576869
v -0.03573234 0.01787466 0.01585584
v -0.03573234 0.01783488 0.01593762
v -0.03573234 0.01775529 0.01610118
v -0.03573234 0.01729974 0.01666998
v -0.03573234 0.01743291 0.01654239
v -0.03573234 0.01692468 0.01694079
v -0.03573234 0.01700181 0.01688904
v -0.03573234 0.01715604 0.01678554
v -0.03573234 0.01723317 0.01673379
v -0.03573234 0.01755348 0.01640466
v -0.03573234 0.01771551 0.01618293
v -0.03573234 0.01766151 0.01625685
v -0.03573234 0.01749948 0.01647858
v -0.01782534 0.00752871 0.01505736
v -0.01782504 0.00752841 0.01514091
v -0.01782534 0.00752814 0.01522446
v -0.01781820 0.00753486 0.01530774
v -0.01782534 0.00754161 0.01539102
v -0.01783989 0.00755535 0.01547355
v -0.01782534 0.00756909 0.01555605
v -0.01784718 0.00758970 0.01563720
v -0.01782534 0.00761034 0.01571838
v -0.01785432 0.00763773 0.01579770
v -0.01782534 0.00766512 0.01587702
v -0.01786131 0.00769911 0.01595397
v -0.01782534 0.00773307 0.01603089
v -0.01786803 0.00777342 0.01610496
v -0.01782534 0.00781374 0.01617903
v -0.01787448 0.00786018 0.01624974
v -0.01782534 0.00790662 0.01632045
v -0.01770903 0.00801657 0.01644996
v -0.01782534 0.00812652 0.01657947
v -0.01768755 0.00825672 0.01669035
v -0.01782534 0.00838695 0.01680126
v -0.01766967 0.00853410 0.01689066
v -0.01782534 0.00868122 0.01698006
v -0.01765584 0.00884145 0.01704564
v -0.01782534 0.00900168 0.01711119
v -0.00414468 0.00752871 0.01505736
v -0.00414528 0.00752814 0.01522446
v -0.00413100 0.00754161 0.01539102
v -0.00410196 0.00756909 0.01555605
v -0.00405828 0.00761034 0.01571838
v -0.00400032 0.00766512 0.01587702
v -0.00392844 0.00773307 0.01603089
v -0.00384306 0.00781374 0.01617903
v -0.00374481 0.00790662 0.01632045
v -0.00351216 0.00812652 0.01657947
v 0.01738902 0.00330432 0.01721820
v -0.00323658 0.00838695 0.01680126
v -0.00292524 0.00868122 0.01698006
v -0.00258621 0.00900168 0.01711119
v -0.01725384 0.01800498 0.00375981
v 0.00122466 0.01800498 -0.00003615
v 0.01970316 0.01800498 0.00375981
v -0.01764639 0.00917082 0.01715124
v -0.01782534 0.00933993 0.01719126
v -0.01764162 0.00951360 0.01720473
v -0.01782534 0.00968724 0.01721820
v -0.01956798 0.01122654 0.01721820
v -0.01879659 0.01276581 0.01721820
v -0.01725384 0.01800498 0.01135173
v -0.01725384 0.01584438 0.01721820
v -0.01725384 0.01589127 0.01721427
v -0.01725384 0.01598508 0.01720641
v -0.01725384 0.01607886 0.01719855
v -0.01725384 0.01617267 0.01719069
v -0.01725384 0.01621956 0.01718673
v -0.01725384 0.01626504 0.01717506
v -0.01725384 0.01635597 0.01715172
v -0.01725384 0.01644693 0.01712835
v -0.01725384 0.01653786 0.01710501
v -0.01725384 0.01658334 0.01709334
v -0.01725384 0.01662600 0.01707426
v -0.01725384 0.01671135 0.01703613
v -0.01725384 0.01679667 0.01699800
v -0.01725384 0.01800498 0.01514769
v -0.01725384 0.01800087 0.01519263
v -0.01725384 0.01799265 0.01528251
v -0.01725384 0.01798446 0.01537239
v -0.01725384 0.01797624 0.01546227
v -0.01725384 0.01797216 0.01550721
v -0.01725384 0.01795995 0.01555080
v -0.01725384 0.01791123 0.01572510
v -0.01725384 0.01793559 0.01563795
v -0.01725384 0.01788687 0.01581225
v -0.01725384 0.01787466 0.01585584
v -0.01725384 0.01785477 0.01589673
v -0.01725384 0.01781499 0.01597851
v -0.01725384 0.01777518 0.01606029
v -0.01725384 0.01733304 0.01663809
v -0.01725384 0.01739961 0.01657428
v -0.01725384 0.01692468 0.01694079
v -0.01725384 0.01696323 0.01691493
v -0.01725384 0.01711749 0.01681140
v -0.01725384 0.01704036 0.01686318
v -0.01725384 0.01688202 0.01695987
v -0.01725384 0.01719462 0.01675965
v -0.01725384 0.01726647 0.01670190
v -0.01725384 0.01723317 0.01673379
v -0.01725384 0.01758048 0.01636773
v -0.01725384 0.01771551 0.01618293
v -0.01725384 0.01768851 0.01621989
v -0.01725384 0.01763451 0.01629381
v -0.01725384 0.01746618 0.01651047
v -0.01725384 0.01749948 0.01647858
v -0.01725384 0.01752648 0.01644162
v -0.01725384 0.01773540 0.01614204
v -0.00222831 0.00933993 0.01719126
v -0.00186084 0.00968724 0.01721820
v 0.01738902 0.01122654 0.01721820
v 0.01970316 0.01800498 0.01135173
v 0.00122466 0.01584438 0.01721820
v 0.00122466 0.01603197 0.01720248
v 0.00122466 0.01621956 0.01718673
v 0.00122466 0.01640145 0.01714005
v 0.00122466 0.01658334 0.01709334
v 0.00122466 0.01675401 0.01701705
v 0.00122466 0.01800498 0.01514769
v 0.00122466 0.01798857 0.01532745
v 0.00122466 0.01797216 0.01550721
v 0.00122466 0.01792341 0.01568154
v 0.00122466 0.01787466 0.01585584
v 0.00122466 0.01779510 0.01601940
v 0.00122466 0.01736634 0.01660620
v 0.00122466 0.01692468 0.01694079
v 0.00122466 0.01707891 0.01683729
v 0.00122466 0.01723317 0.01673379
v 0.00122466 0.01771551 0.01618293
v 0.00122466 0.01760751 0.01633077
v 0.00122466 0.01749948 0.01647858
v 0.01893177 0.01430508 0.01721820
v 0.01970316 0.01584438 0.01721820
v 0.01970316 0.01589127 0.01721427
v 0.01970316 0.01598508 0.01720641
v 0.01970316 0.01607886 0.01719855
v 0.01970316 0.01617267 0.01719069
v 0.01970316 0.01621956 0.01718673
v 0.01970316 0.01626504 0.01717506
v 0.01970316 0.01635597 0.01715172
v 0.01970316 0.01644693 0.01712835
v 0.01970316 0.01653786 0.01710501
v 0.01970316 0.01658334 0.01709334
v 0.01970316 0.01662600 0.01707426
v 0.01970316 0.01671135 0.01703613
v 0.01970316 0.01679667 0.01699800
v 0.01970316 0.01800498 0.01514769
v 0.01970316 0.01800087 0.01519263
v 0.01970316 0.01799265 0.01528251
v 0.01970316 0.01798446 0.01537239
v 0.01970316 0.01797624 0.01546227
v 0.01970316 0.01797216 0.01550721
v 0.01970316 0.01795995 0.01555080
v 0.01970316 0.01791123 0.01572510
v 0.01970316 0.01793559 0.01563795
v 0.01970316 0.01788687 0.01581225
v 0.01970316 0.01787466 0.01585584
v 0.01970316 0.01785477 0.01589673
v 0.01970316 0.01781499 0.01597851
v 0.01970316 0.01777518 0.01606029
v 0.01970316 0.01733304 0.01663809
v 0.01970316 0.01739961 0.01657428
v 0.01970316 0.01692468 0.01694079
v 0.01970316 0.01696323 0.01691493
v 0.01970316 0.01711749 0.01681140
v 0.01970316 0.01704036 0.01686318
v 0.01970316 0.01688202 0.01695987
v 0.01970316 0.01719462 0.01675965
v 0.01970316 0.01726647 0.01670190
v 0.01970316 0.01723317 0.01673379
v 0.01970316 0.01758048 0.01636773
v 0.01970316 0.01771551 0.01618293
v 0.01970316 0.01768851 0.01621989
v 0.01970316 0.01763451 0.01629381
v 0.01970316 0.01746618 0.01651047
v 0.01970316 0.01749948 0.01647858
v 0.01970316 0.01752648 0.01644162
v 0.01970316 0.01773540 0.01614204
v 0.03818166 -0.01749951 -0.01655091
v 0.03818166 -0.01766151 -0.01632918
v 0.03818166 -0.01771551 -0.01625526
v 0.03818166 -0.01755351 -0.01647699
v 0.03818166 -0.01723320 -0.01680612
v 0.03818166 -0.01715607 -0.01685787
v 0.03818166 -0.01700181 -0.01696137
v 0.03818166 -0.01692468 -0.01701312
v 0.03818166 -0.01743291 -0.01661472
v 0.03818166 -0.01729977 -0.01674231
v 0.03818166 -0.01775529 -0.01617348
v 0.03818166 -0.01783488 -0.01600992
v 0.03818166 -0.01787469 -0.01592817
v 0.03818166 -0.01789905 -0.01584099
v 0.03818166 -0.01794780 -0.01566669
v 0.03818166 -0.01797216 -0.01557954
v 0.03818166 -0.01798035 -0.01548966
v 0.03818166 -0.01799676 -0.01530990
v 0.03818166 -0.01800498 -0.01521999
v 0.03818166 -0.01683933 -0.01705125
v 0.03818166 -0.01666869 -0.01712751
v 0.03818166 -0.01658334 -0.01716567
v 0.03818166 -0.01649241 -0.01718901
v 0.03818166 -0.01631052 -0.01723572
v 0.03818166 -0.01621956 -0.01725906
v 0.03818166 -0.01612578 -0.01726692
v 0.03818166 -0.01593819 -0.01728267
v 0.03818166 -0.01584438 -0.01729053
v 0.03737085 -0.01345761 -0.01729053
v 0.05666016 -0.01773540 -0.01621437
v 0.05666016 -0.01752651 -0.01651395
v 0.05666016 -0.01749951 -0.01655091
v 0.05666016 -0.01746621 -0.01658280
v 0.05666016 -0.01768851 -0.01629222
v 0.05666016 -0.01771551 -0.01625526
v 0.05666016 -0.01758051 -0.01644003
v 0.05666016 -0.01723320 -0.01680612
v 0.05666016 -0.01726647 -0.01677420
v 0.05666016 -0.01719462 -0.01683198
v 0.05666016 -0.01688202 -0.01703220
v 0.05666016 -0.01711749 -0.01688373
v 0.05666016 -0.01696323 -0.01698726
v 0.05666016 -0.01692468 -0.01701312
v 0.05666016 -0.01733304 -0.01671042
v 0.05666016 -0.01777521 -0.01613259
v 0.05666016 -0.01785480 -0.01596906
v 0.05666016 -0.01787469 -0.01592817
v 0.05666016 -0.01788687 -0.01588458
v 0.05666016 -0.01793562 -0.01571028
v 0.05666016 -0.01795998 -0.01562313
v 0.05666016 -0.01797216 -0.01557954
v 0.05666016 -0.01797627 -0.01553460
v 0.05666016 -0.01798446 -0.01544472
v 0.05666016 -0.01800087 -0.01526496
v 0.05666016 -0.01800498 -0.01521999
v 0.05666016 -0.01671135 -0.01710846
v 0.05666016 -0.01662600 -0.01714659
v 0.05666016 -0.01658334 -0.01716567
v 0.05666016 -0.01653786 -0.01717734
v 0.05666016 -0.01635597 -0.01722405
v 0.05666016 -0.01626504 -0.01724739
v 0.05666016 -0.01621956 -0.01725906
v 0.05666016 -0.01617267 -0.01726299
v 0.05666016 -0.01598508 -0.01727874
v 0.05666016 -0.01589127 -0.01728660
v 0.05666016 -0.01584438 -0.01729053
v 0.05625474 -0.01465098 -0.01729053
v 0.05666016 -0.01800498 -0.01142403
v 0.03818166 -0.01800498 -0.00762810
v 0.05666016 -0.01800498 -0.00383214
v 0.05625474 -0.00672879 -0.01729053
v 0.07513866 -0.01749951 -0.01655091
v 0.07513866 -0.01771551 -0.01625526
v 0.07553562 -0.01747434 -0.01653069
v 0.07553562 -0.01768710 -0.01623954
v 0.07513866 -0.01723320 -0.01680612
v 0.07513866 -0.01692468 -0.01701312
v 0.07553562 -0.01721208 -0.01678200
v 0.07553562 -0.01690827 -0.01698588
v 0.07592052 -0.01739967 -0.01647063
v 0.07628166 -0.01727775 -0.01637259
v 0.07592052 -0.01714944 -0.01671045
v 0.07628166 -0.01704711 -0.01659360
v 0.07660806 -0.01711227 -0.01623954
v 0.07660806 -0.01690827 -0.01643502
v 0.07513866 -0.01787469 -0.01592817
v 0.07553562 -0.01784382 -0.01591740
v 0.07592052 -0.01775223 -0.01588545
v 0.07592052 -0.01760268 -0.01619283
v 0.07628166 -0.01746483 -0.01611657
v 0.07628166 -0.01760268 -0.01583328
v 0.07513866 -0.01797216 -0.01557954
v 0.07513866 -0.01800498 -0.01521999
v 0.07553562 -0.01793982 -0.01557408
v 0.07592052 -0.01784382 -0.01555785
v 0.07553562 -0.01797216 -0.01521999
v 0.07592052 -0.01787469 -0.01521999
v 0.07628166 -0.01768710 -0.01553136
v 0.07660806 -0.01747434 -0.01549542
v 0.07628166 -0.01771551 -0.01521999
v 0.07660806 -0.01749951 -0.01521999
v 0.07660806 -0.01727775 -0.01601307
v 0.07660806 -0.01739967 -0.01576248
v 0.07688982 -0.01690827 -0.01607550
v 0.07688982 -0.01704711 -0.01588545
v 0.07688982 -0.01714944 -0.01567521
v 0.07688982 -0.01721208 -0.01545111
v 0.07688982 -0.01723320 -0.01521999
v 0.07711839 -0.01690827 -0.01539978
v 0.07711839 -0.01692468 -0.01521999
v 0.07513866 -0.01658334 -0.01716567
v 0.07592052 -0.01685952 -0.01690500
v 0.07628166 -0.01677993 -0.01677288
v 0.07553562 -0.01657212 -0.01713609
v 0.07592052 -0.01653879 -0.01704831
v 0.07628166 -0.01648434 -0.01690500
v 0.07660806 -0.01667193 -0.01659360
v 0.07688982 -0.01673709 -0.01623954
v 0.07660806 -0.01641048 -0.01671045
v 0.07688982 -0.01653879 -0.01637259
v 0.07688982 -0.01631937 -0.01647063
v 0.07513866 -0.01621956 -0.01725906
v 0.07513866 -0.01584438 -0.01729053
v 0.07553562 -0.01621386 -0.01722810
v 0.07592052 -0.01619694 -0.01713609
v 0.07628166 -0.01616931 -0.01698588
v 0.07660806 -0.01613178 -0.01678200
v 0.07553562 -0.01584438 -0.01725906
v 0.07592052 -0.01584438 -0.01716567
v 0.07628166 -0.01584438 -0.01701312
v 0.07660806 -0.01584438 -0.01680612
v 0.07688982 -0.01608555 -0.01653069
v 0.07688982 -0.01584438 -0.01655091
v 0.07711839 -0.01603197 -0.01623954
v 0.07711839 -0.01584438 -0.01625526
v 0.07711839 -0.01677993 -0.01573764
v 0.07711839 -0.01667193 -0.01588545
v 0.07711839 -0.01653879 -0.01601307
v 0.07711839 -0.01638453 -0.01611657
v 0.07728678 -0.01641048 -0.01567521
v 0.07728678 -0.01631937 -0.01576248
v 0.07711839 -0.01685952 -0.01557408
v 0.07728678 -0.01648434 -0.01557408
v 0.07728678 -0.01653879 -0.01546221
v 0.07728678 -0.01657212 -0.01534296
v 0.07728678 -0.01658334 -0.01521999
v 0.07711839 -0.01621386 -0.01619283
v 0.07728678 -0.01621386 -0.01583328
v 0.07728678 -0.01609713 -0.01588545
v 0.07728678 -0.01597269 -0.01591740
v 0.07728678 -0.01584438 -0.01592817
v 0.07738992 -0.01613178 -0.01545111
v 0.07738992 -0.01608555 -0.01549542
v 0.07738992 -0.01619694 -0.01534296
v 0.07738992 -0.01621386 -0.01528242
v 0.07738992 -0.01621956 -0.01521999
v 0.07738992 -0.01616931 -0.01539978
v 0.07738992 -0.01597269 -0.01555785
v 0.07738992 -0.01590954 -0.01557408
v 0.07738992 -0.01603197 -0.01553136
v 0.07738992 -0.01584438 -0.01557954
v 0.07742466 -0.01584438 -0.01521999
v 0.07742466 -0.01440399 -0.00866334
v 0.07513866 -0.01800498 -0.00003618
v 0.07533714 -0.01798857 -0.00003618
v 0.07553562 -0.01797216 -0.00003618
v 0.07572807 -0.01792344 -0.00003618
v 0.07592052 -0.01787469 -0.00003618
v 0.07610109 -0.01779510 -0.00003618
v 0.07628166 -0.01771551 -0.00003618
v 0.07644486 -0.01760751 -0.00003618
v 0.07660806 -0.01749951 -0.00003618
v 0.07674894 -0.01736634 -0.00003618
v 0.07688982 -0.01723320 -0.00003618
v 0.07700412 -0.01707894 -0.00003618
v 0.07711839 -0.01692468 -0.00003618
v 0.07720260 -0.01675401 -0.00003618
v 0.07728678 -0.01658334 -0.00003618
v 0.07733835 -0.01640145 -0.00003618
v 0.07738992 -0.01621956 -0.00003618
v 0.07740729 -0.01603197 -0.00003618
v 0.07742466 -0.01584438 -0.00003618
v 0.09538152 -0.01366299 -0.00795324
v 0.11333835 -0.01292199 -0.00724311
v 0.11353155 -0.01290624 -0.00722802
v 0.11372262 -0.01287507 -0.00719817
v 0.11391018 -0.01282869 -0.00715374
v 0.11409294 -0.01276749 -0.00709506
v 0.11426955 -0.01269186 -0.00702261
v 0.11443875 -0.01260234 -0.00693681
v 0.11459931 -0.01249962 -0.00683838
v 0.11475009 -0.01238439 -0.00672795
v 0.11501799 -0.01211988 -0.00647445
v 0.11523480 -0.01181640 -0.00618363
v 0.11539428 -0.01148268 -0.00586383
v 0.11549181 -0.01112829 -0.00552423
v 0.11552463 -0.01076343 -0.00517455
v 0.07742466 -0.00072021 -0.01194168
v 0.08640309 -0.00757248 -0.00830829
v 0.09538152 -0.00074100 -0.00795324
v 0.11381640 -0.00002319 -0.00717594
v 0.11400156 -0.00003060 -0.00712440
v 0.11451903 -0.00005136 -0.00688758
v 0.11488404 -0.00013227 -0.00660120
v 0.11512638 -0.00015174 -0.00632904
v 0.11531454 -0.00016686 -0.00602373
v 0.11544306 -0.00017721 -0.00569403
v 0.11550822 -0.00018243 -0.00534939
v 0.03818166 -0.01800498 0.00755574
v 0.06589941 -0.01800498 0.00565776
v 0.03818166 -0.01800498 0.01514766
v 0.03818166 -0.01799679 0.01523754
v 0.03818166 -0.01798038 0.01541733
v 0.03818166 -0.01797216 0.01550721
v 0.03818166 -0.01794780 0.01559436
v 0.03818166 -0.01789905 0.01576866
v 0.03818166 -0.01787469 0.01585584
v 0.03818166 -0.01783491 0.01593759
v 0.03818166 -0.01775532 0.01610115
v 0.03818166 -0.01771551 0.01618293
v 0.03818166 -0.01766151 0.01625685
v 0.03818166 -0.01755351 0.01640466
v 0.03818166 -0.01749951 0.01647858
v 0.03818166 -0.01743294 0.01654236
v 0.03818166 -0.01729977 0.01666998
v 0.03818166 -0.01723320 0.01673379
v 0.03818166 -0.01715607 0.01678554
v 0.03818166 -0.01700181 0.01688904
v 0.03818166 -0.01692468 0.01694079
v 0.03818166 -0.01683936 0.01697892
v 0.03818166 -0.01666869 0.01705518
v 0.03818166 -0.01658337 0.01709331
v 0.03818166 -0.01649241 0.01711668
v 0.03818166 -0.01631052 0.01716339
v 0.03818166 -0.01621956 0.01718673
v 0.03818166 -0.01612578 0.01719459
v 0.03818166 -0.01593819 0.01721031
v 0.03818166 -0.01584441 0.01721817
v 0.03663891 -0.01276584 0.01721817
v 0.05666016 -0.01800498 0.01135170
v 0.05588877 -0.01430511 0.01721817
v 0.05666016 -0.01800498 0.01514766
v 0.05666016 -0.01800090 0.01519260
v 0.05666016 -0.01798449 0.01537239
v 0.05666016 -0.01797627 0.01546227
v 0.05666016 -0.01797216 0.01550721
v 0.05666016 -0.01795998 0.01555080
v 0.05666016 -0.01791126 0.01572510
v 0.05666016 -0.01788687 0.01581225
v 0.05666016 -0.01787469 0.01585584
v 0.05666016 -0.01785480 0.01589673
v 0.05666016 -0.01777521 0.01606026
v 0.05666016 -0.01773543 0.01614204
v 0.05666016 -0.01771551 0.01618293
v 0.05666016 -0.01768851 0.01621989
v 0.05666016 -0.01758051 0.01636770
v 0.05666016 -0.01752651 0.01644162
v 0.05666016 -0.01749951 0.01647858
v 0.05666016 -0.01746621 0.01651047
v 0.05666016 -0.01739964 0.01657428
v 0.05666016 -0.01726650 0.01670187
v 0.05666016 -0.01723320 0.01673379
v 0.05666016 -0.01719465 0.01675965
v 0.05666016 -0.01711752 0.01681140
v 0.05666016 -0.01696326 0.01691490
v 0.05666016 -0.01692468 0.01694079
v 0.05666016 -0.01688202 0.01695984
v 0.05666016 -0.01671135 0.01703613
v 0.05666016 -0.01662603 0.01707426
v 0.05666016 -0.01658337 0.01709331
v 0.05666016 -0.01653789 0.01710501
v 0.05666016 -0.01635600 0.01715169
v 0.05666016 -0.01626504 0.01717506
v 0.05666016 -0.01621956 0.01718673
v 0.05666016 -0.01617267 0.01719066
v 0.05666016 -0.01598508 0.01720638
v 0.05666016 -0.01589130 0.01721424
v 0.05666016 -0.01584441 0.01721817
v 0.05588877 -0.00946149 0.01721817
v 0.03663891 -0.00307857 0.01721817
v 0.06551370 -0.00473076 0.01721817
v 0.07742466 -0.01512420 0.00324216
v 0.07742466 -0.01440399 0.00859101
v 0.09538152 -0.01366299 0.00067395
v 0.09538152 -0.01366299 0.00788091
v 0.11501799 -0.01211988 0.00640212
v 0.11523480 -0.01181640 0.00611130
v 0.11539428 -0.01148268 0.00579150
v 0.11426955 -0.01269186 0.00695025
v 0.11475009 -0.01238442 0.00665562
v 0.11443875 -0.01260237 0.00686448
v 0.11459931 -0.01249962 0.00676605
v 0.11391018 -0.01282872 0.00708141
v 0.11333835 -0.01292199 0.00717078
v 0.11353155 -0.01290624 0.00715569
v 0.11372262 -0.01287507 0.00712584
v 0.11409294 -0.01276749 0.00702273
v 0.11552463 -0.01076343 0.00510222
v 0.11549181 -0.01112829 0.00545190
v 0.07513866 -0.01800498 0.01514766
v 0.07513866 -0.01797216 0.01550721
v 0.07553562 -0.01797216 0.01514766
v 0.07592052 -0.01787469 0.01514766
v 0.07553562 -0.01793985 0.01550175
v 0.07592052 -0.01784385 0.01548552
v 0.07628166 -0.01771551 0.01514766
v 0.07660806 -0.01749951 0.01514766
v 0.07628166 -0.01768710 0.01545903
v 0.07660806 -0.01747437 0.01542309
v 0.07513866 -0.01787469 0.01585584
v 0.07553562 -0.01784385 0.01584507
v 0.07592052 -0.01775226 0.01581312
v 0.07628166 -0.01760268 0.01576095
v 0.07592052 -0.01760268 0.01612050
v 0.07628166 -0.01746483 0.01604424
v 0.07688982 -0.01723320 0.01514766
v 0.07688982 -0.01721211 0.01537878
v 0.07660806 -0.01739970 0.01569015
v 0.07660806 -0.01727775 0.01594071
v 0.07688982 -0.01714944 0.01560285
v 0.07688982 -0.01704714 0.01581312
v 0.07688982 -0.01690827 0.01600314
v 0.07711839 -0.01692468 0.01514766
v 0.07711839 -0.01690827 0.01532742
v 0.07513866 -0.01771551 0.01618293
v 0.07513866 -0.01749951 0.01647858
v 0.07553562 -0.01768710 0.01616721
v 0.07553562 -0.01747437 0.01645836
v 0.07592052 -0.01739970 0.01639830
v 0.07628166 -0.01727775 0.01630026
v 0.07660806 -0.01711227 0.01616721
v 0.07660806 -0.01690827 0.01636269
v 0.07592052 -0.01714944 0.01663812
v 0.07628166 -0.01704714 0.01652127
v 0.07513866 -0.01723320 0.01673379
v 0.07513866 -0.01692468 0.01694079
v 0.07553562 -0.01721211 0.01670967
v 0.07553562 -0.01690827 0.01691355
v 0.07711839 -0.01685955 0.01550175
v 0.07728678 -0.01658337 0.01514766
v 0.07728678 -0.01657212 0.01527063
v 0.07728678 -0.01653879 0.01538985
v 0.07728678 -0.01648437 0.01550175
v 0.07711839 -0.01677996 0.01566528
v 0.07711839 -0.01667196 0.01581312
v 0.07728678 -0.01641048 0.01560285
v 0.07728678 -0.01631940 0.01569015
v 0.07711839 -0.01653879 0.01594071
v 0.07711839 -0.01638453 0.01604424
v 0.07738992 -0.01621956 0.01514766
v 0.07738992 -0.01621389 0.01521009
v 0.07738992 -0.01619694 0.01527063
v 0.07738992 -0.01616931 0.01532742
v 0.07738992 -0.01613181 0.01537878
v 0.07738992 -0.01608555 0.01542309
v 0.07742466 -0.01584441 0.01514766
v 0.07738992 -0.01603200 0.01545903
v 0.07738992 -0.01597272 0.01548552
v 0.07738992 -0.01590954 0.01550175
v 0.07738992 -0.01584441 0.01550721
v 0.07728678 -0.01621389 0.01576095
v 0.07728678 -0.01609713 0.01581312
v 0.07711839 -0.01621389 0.01612050
v 0.07728678 -0.01597272 0.01584507
v 0.07728678 -0.01584441 0.01585584
v 0.07688982 -0.01673709 0.01616721
v 0.07660806 -0.01667196 0.01652127
v 0.07688982 -0.01653879 0.01630026
v 0.07688982 -0.01631940 0.01639830
v 0.07660806 -0.01641048 0.01663812
v 0.07513866 -0.01658337 0.01709331
v 0.07592052 -0.01685955 0.01683264
v 0.07628166 -0.01677996 0.01670055
v 0.07628166 -0.01648437 0.01683264
v 0.07553562 -0.01657212 0.01706376
v 0.07592052 -0.01653879 0.01697598
v 0.07688982 -0.01608555 0.01645836
v 0.07688982 -0.01584441 0.01647858
v 0.07513866 -0.01621956 0.01718673
v 0.07513866 -0.01584441 0.01721817
v 0.07660806 -0.01613181 0.01670967
v 0.07628166 -0.01616931 0.01691355
v 0.07592052 -0.01619694 0.01706376
v 0.07553562 -0.01621389 0.01715574
v 0.07660806 -0.01584441 0.01673379
v 0.07628166 -0.01584441 0.01694079
v 0.07553562 -0.01584441 0.01718673
v 0.07592052 -0.01584441 0.01709331
v 0.07711839 -0.01603200 0.01616721
v 0.07711839 -0.01584441 0.01618293
v 0.08640309 -0.00683148 0.00823596
v 0.10435995 -0.00609048 0.00752583
v 0.11467470 -0.00005763 0.00671085
v 0.11451903 -0.00005136 0.00681528
v 0.11381640 -0.00002319 0.00710361
v 0.11400156 -0.00003060 0.00705207
v 0.03737085 0.00238680 -0.01729050
v 0.06569670 0.00455778 -0.01729050
v 0.03737085 0.01345761 -0.01729050
v 0.03818166 0.01584438 -0.01729050
v 0.03818166 0.01593819 -0.01728264
v 0.03818166 0.01612578 -0.01726692
v 0.03818166 0.01621956 -0.01725906
v 0.03818166 0.01631052 -0.01723572
v 0.03818166 0.01649241 -0.01718901
v 0.03818166 0.01658334 -0.01716564
v 0.03818166 0.01666869 -0.01712751
v 0.03818166 0.01683936 -0.01705125
v 0.03818166 0.01692468 -0.01701312
v 0.03818166 0.01700181 -0.01696137
v 0.03818166 0.01715607 -0.01685784
v 0.03818166 0.01723320 -0.01680609
v 0.03818166 0.01729977 -0.01674231
v 0.03818166 0.01743291 -0.01661469
v 0.03818166 0.01749951 -0.01655091
v 0.03818166 0.01755351 -0.01647699
v 0.03818166 0.01766151 -0.01632915
v 0.03818166 0.01771551 -0.01625526
v 0.03818166 0.01775532 -0.01617348
v 0.03818166 0.01783488 -0.01600992
v 0.03818166 0.01787469 -0.01592814
v 0.03818166 0.01789905 -0.01584099
v 0.03818166 0.01794780 -0.01566669
v 0.03818166 0.01797216 -0.01557954
v 0.03818166 0.01798035 -0.01548963
v 0.03818166 0.01799679 -0.01530987
v 0.03818166 0.01800498 -0.01521999
v 0.05625474 0.00911559 -0.01729050
v 0.05625474 0.01465098 -0.01729050
v 0.05666016 0.01584438 -0.01729050
v 0.05666016 0.01589127 -0.01728657
v 0.05666016 0.01607889 -0.01727085
v 0.05666016 0.01617267 -0.01726299
v 0.05666016 0.01621956 -0.01725906
v 0.05666016 0.01626504 -0.01724739
v 0.05666016 0.01635600 -0.01722402
v 0.05666016 0.01653789 -0.01717731
v 0.05666016 0.01658334 -0.01716564
v 0.05666016 0.01662603 -0.01714659
v 0.05666016 0.01679670 -0.01707030
v 0.05666016 0.01688202 -0.01703217
v 0.05666016 0.01692468 -0.01701312
v 0.05666016 0.01696326 -0.01698723
v 0.05666016 0.01704036 -0.01693548
v 0.05666016 0.01719462 -0.01683198
v 0.05666016 0.01723320 -0.01680609
v 0.05666016 0.01726647 -0.01677420
v 0.05666016 0.01733304 -0.01671039
v 0.05666016 0.01746621 -0.01658280
v 0.05666016 0.01749951 -0.01655091
v 0.05666016 0.01752651 -0.01651395
v 0.05666016 0.01763451 -0.01636611
v 0.05666016 0.01768851 -0.01629219
v 0.05666016 0.01771551 -0.01625526
v 0.05666016 0.01773540 -0.01621437
v 0.05666016 0.01777521 -0.01613259
v 0.05666016 0.01785480 -0.01596903
v 0.05666016 0.01787469 -0.01592814
v 0.05666016 0.01788687 -0.01588458
v 0.05666016 0.01793559 -0.01571025
v 0.05666016 0.01795998 -0.01562310
v 0.05666016 0.01797216 -0.01557954
v 0.05666016 0.01797627 -0.01553460
v 0.05666016 0.01798446 -0.01544469
v 0.05666016 0.01800087 -0.01526493
v 0.05666016 0.01800498 -0.01521999
v 0.05666016 0.01800498 -0.01142403
v 0.03818166 0.01800498 -0.00762807
v 0.05666016 0.01800498 -0.00383211
v 0.07513866 0.00000000 -0.01729053
v 0.07533714 0.00000000 -0.01727478
v 0.07553562 0.00000000 -0.01725906
v 0.07572807 0.00000000 -0.01721235
v 0.07592052 0.00000000 -0.01716564
v 0.07610109 0.00000000 -0.01708938
v 0.07628166 0.00000000 -0.01701312
v 0.07644486 0.00000000 -0.01690962
v 0.07660806 0.00000000 -0.01680612
v 0.07674894 0.00000000 -0.01667850
v 0.07688982 0.00000000 -0.01655091
v 0.07700412 0.00000000 -0.01640307
v 0.07711839 0.00000000 -0.01625526
v 0.07720260 0.00000000 -0.01609170
v 0.07728678 0.00000000 -0.01592814
v 0.07733835 0.00000000 -0.01575384
v 0.07738992 0.00000000 -0.01557954
v 0.07740729 0.00000000 -0.01539978
v 0.07742466 0.00000000 -0.01521999
v 0.07742466 0.00000000 -0.00866334
v 0.08640309 0.00683148 -0.00830829
v 0.11333835 0.00000000 -0.00724311
v 0.11343495 0.00000786 -0.00723558
v 0.11353155 0.00000000 -0.00722802
v 0.11362707 0.00001557 -0.00721308
v 0.11372262 0.00000000 -0.00719814
v 0.11391018 0.00000000 -0.00715374
v 0.11409294 0.00000000 -0.00709506
v 0.11418123 0.00003783 -0.00705882
v 0.11426955 0.00000000 -0.00702258
v 0.11435415 0.00004476 -0.00697971
v 0.11443875 0.00000000 -0.00693681
v 0.11459931 0.00000000 -0.00683838
v 0.11467470 0.00005760 -0.00678315
v 0.11475009 0.00000000 -0.00672795
v 0.11501799 0.00000000 -0.00647445
v 0.11523480 0.00000000 -0.00618363
v 0.11539428 0.00000000 -0.00586383
v 0.11549181 0.00000000 -0.00552423
v 0.10435995 0.00609048 -0.00759816
v 0.07513866 0.01584438 -0.01729050
v 0.07513866 0.01621956 -0.01725906
v 0.07553562 0.01584438 -0.01725906
v 0.07592052 0.01584438 -0.01716564
v 0.07628166 0.01584438 -0.01701312
v 0.07660806 0.01584438 -0.01680609
v 0.07553562 0.01621386 -0.01722807
v 0.07592052 0.01619694 -0.01713609
v 0.07628166 0.01616931 -0.01698588
v 0.07660806 0.01613178 -0.01678200
v 0.07688982 0.01584438 -0.01655091
v 0.07688982 0.01608555 -0.01653066
v 0.07513866 0.01658334 -0.01716564
v 0.07553562 0.01657212 -0.01713609
v 0.07592052 0.01653879 -0.01704831
v 0.07628166 0.01648434 -0.01690497
v 0.07592052 0.01685952 -0.01690497
v 0.07628166 0.01677996 -0.01677288
v 0.07660806 0.01641048 -0.01671045
v 0.07688982 0.01631937 -0.01647063
v 0.07688982 0.01653879 -0.01637259
v 0.07660806 0.01667193 -0.01659360
v 0.07688982 0.01673709 -0.01623951
v 0.07711839 0.01584438 -0.01625526
v 0.07711839 0.01603197 -0.01623951
v 0.07728678 0.01584438 -0.01592814
v 0.07728678 0.01597269 -0.01591740
v 0.07711839 0.01621386 -0.01619283
v 0.07728678 0.01609713 -0.01588545
v 0.07728678 0.01621386 -0.01583328
v 0.07738992 0.01584438 -0.01557954
v 0.07738992 0.01590954 -0.01557408
v 0.07738992 0.01597269 -0.01555785
v 0.07738992 0.01603197 -0.01553136
v 0.07742466 0.01584438 -0.01521999
v 0.07738992 0.01608555 -0.01549542
v 0.07738992 0.01613178 -0.01545111
v 0.07738992 0.01616931 -0.01539975
v 0.07738992 0.01619694 -0.01534296
v 0.07738992 0.01621386 -0.01528242
v 0.07738992 0.01621956 -0.01521999
v 0.07711839 0.01638453 -0.01611654
v 0.07711839 0.01653879 -0.01601304
v 0.07728678 0.01631937 -0.01576248
v 0.07728678 0.01641048 -0.01567518
v 0.07711839 0.01667193 -0.01588545
v 0.07711839 0.01677996 -0.01573761
v 0.07728678 0.01648434 -0.01557408
v 0.07728678 0.01653879 -0.01546218
v 0.07728678 0.01657212 -0.01534296
v 0.07728678 0.01658334 -0.01521999
v 0.07711839 0.01685952 -0.01557408
v 0.07513866 0.01692468 -0.01701312
v 0.07513866 0.01723320 -0.01680609
v 0.07553562 0.01690827 -0.01698588
v 0.07553562 0.01721208 -0.01678200
v 0.07592052 0.01714944 -0.01671045
v 0.07628166 0.01704711 -0.01659360
v 0.07660806 0.01690827 -0.01643502
v 0.07660806 0.01711227 -0.01623951
v 0.07592052 0.01739967 -0.01647063
v 0.07628166 0.01727775 -0.01637259
v 0.07513866 0.01749951 -0.01655091
v 0.07513866 0.01771551 -0.01625526
v 0.07553562 0.01747434 -0.01653066
v 0.07553562 0.01768707 -0.01623951
v 0.07688982 0.01690827 -0.01607547
v 0.07688982 0.01704711 -0.01588545
v 0.07688982 0.01714944 -0.01567518
v 0.07660806 0.01727775 -0.01601304
v 0.07660806 0.01739967 -0.01576248
v 0.07688982 0.01721208 -0.01545111
v 0.07688982 0.01723320 -0.01521999
v 0.07513866 0.01787469 -0.01592814
v 0.07592052 0.01760268 -0.01619280
v 0.07628166 0.01746483 -0.01611654
v 0.07628166 0.01760268 -0.01583328
v 0.07553562 0.01784382 -0.01591740
v 0.07592052 0.01775223 -0.01588545
v 0.07513866 0.01797216 -0.01557954
v 0.07513866 0.01800498 -0.01521999
v 0.07660806 0.01747434 -0.01549542
v 0.07628166 0.01768707 -0.01553136
v 0.07660806 0.01749948 -0.01521999
v 0.07628166 0.01771551 -0.01521999
v 0.07592052 0.01784382 -0.01555785
v 0.07553562 0.01793982 -0.01557408
v 0.07553562 0.01797216 -0.01521999
v 0.07592052 0.01787469 -0.01521999
v 0.07711839 0.01690827 -0.01539975
v 0.07711839 0.01692468 -0.01521999
v 0.07742466 0.01440399 -0.00866334
v 0.11549181 0.01112829 -0.00552420
v 0.11552463 0.01076343 -0.00517455
v 0.11333835 0.01292196 -0.00724311
v 0.11353155 0.01290621 -0.00722802
v 0.11372262 0.01287507 -0.00719814
v 0.11391018 0.01282869 -0.00715374
v 0.11409294 0.01276749 -0.00709506
v 0.11459931 0.01249962 -0.00683835
v 0.11443875 0.01260234 -0.00693681
v 0.11475009 0.01238439 -0.00672795
v 0.11426955 0.01269186 -0.00702258
v 0.11539428 0.01148268 -0.00586383
v 0.11523480 0.01181640 -0.00618363
v 0.11501799 0.01211988 -0.00647445
v 0.09538152 0.01366299 -0.00795321
v 0.09538152 0.01366296 -0.00074628
v 0.05588877 0.00638289 0.01721820
v 0.03818166 0.01800498 0.00755577
v 0.06589941 0.01800498 0.00565779
v 0.03663891 0.01276581 0.01721820
v 0.03818166 0.01584438 0.01721820
v 0.03818166 0.01593816 0.01721034
v 0.03818166 0.01612575 0.01719462
v 0.03818166 0.01621956 0.01718673
v 0.03818166 0.01631049 0.01716339
v 0.03818166 0.01649241 0.01711668
v 0.03818166 0.01658334 0.01709334
v 0.03818166 0.01666869 0.01705521
v 0.03818166 0.01683933 0.01697892
v 0.03818166 0.01800498 0.01514769
v 0.03818166 0.01799676 0.01523757
v 0.03818166 0.01798035 0.01541733
v 0.03818166 0.01797216 0.01550721
v 0.03818166 0.01794777 0.01559439
v 0.03818166 0.01789905 0.01576869
v 0.03818166 0.01787466 0.01585584
v 0.03818166 0.01783488 0.01593762
v 0.03818166 0.01775529 0.01610118
v 0.03818166 0.01729974 0.01666998
v 0.03818166 0.01743291 0.01654239
v 0.03818166 0.01692468 0.01694079
v 0.03818166 0.01700181 0.01688904
v 0.03818166 0.01715604 0.01678554
v 0.03818166 0.01723317 0.01673379
v 0.03818166 0.01755348 0.01640466
v 0.03818166 0.01771551 0.01618293
v 0.03818166 0.01766151 0.01625685
v 0.03818166 0.01749948 0.01647858
v 0.05666016 0.01800498 0.01135173
v 0.05588877 0.01430508 0.01721820
v 0.05666016 0.01584438 0.01721820
v 0.05666016 0.01589127 0.01721427
v 0.05666016 0.01607886 0.01719855
v 0.05666016 0.01617267 0.01719069
v 0.05666016 0.01621956 0.01718673
v 0.05666016 0.01626504 0.01717506
v 0.05666016 0.01635597 0.01715172
v 0.05666016 0.01653786 0.01710501
v 0.05666016 0.01658334 0.01709334
v 0.05666016 0.01662600 0.01707426
v 0.05666016 0.01679667 0.01699800
v 0.05666016 0.01800498 0.01514769
v 0.05666016 0.01800087 0.01519263
v 0.05666016 0.01798446 0.01537239
v 0.05666016 0.01797624 0.01546227
v 0.05666016 0.01797216 0.01550721
v 0.05666016 0.01795995 0.01555080
v 0.05666016 0.01791123 0.01572510
v 0.05666016 0.01788687 0.01581225
v 0.05666016 0.01787466 0.01585584
v 0.05666016 0.01785477 0.01589673
v 0.05666016 0.01781499 0.01597851
v 0.05666016 0.01733304 0.01663809
v 0.05666016 0.01692468 0.01694079
v 0.05666016 0.01696323 0.01691493
v 0.05666016 0.01704036 0.01686318
v 0.05666016 0.01688202 0.01695987
v 0.05666016 0.01719462 0.01675965
v 0.05666016 0.01726647 0.01670190
v 0.05666016 0.01723317 0.01673379
v 0.05666016 0.01758048 0.01636773
v 0.05666016 0.01771551 0.01618293
v 0.05666016 0.01768851 0.01621989
v 0.05666016 0.01746618 0.01651047
v 0.05666016 0.01749948 0.01647858
v 0.05666016 0.01752648 0.01644162
v 0.05666016 0.01773540 0.01614204
v 0.07742466 0.00000000 0.00859101
v 0.08640309 0.00757248 0.00823596
v 0.11552463 0.00000000 -0.00003615
v 0.09538152 0.00074100 0.00788091
v 0.11550822 0.00018243 0.00527706
v 0.11549181 0.00000000 0.00545190
v 0.11544306 0.00017718 0.00562170
v 0.11539428 0.00000000 0.00579150
v 0.11523480 0.00000000 0.00611130
v 0.11531454 0.00016686 0.00595140
v 0.11501799 0.00000000 0.00640215
v 0.11512638 0.00015174 0.00625671
v 0.11475009 0.00000000 0.00665562
v 0.11488404 0.00013224 0.00652887
v 0.11459931 0.00000000 0.00676605
v 0.11426955 0.00000000 0.00695028
v 0.11435415 0.00004473 0.00690738
v 0.11443875 0.00000000 0.00686448
v 0.11391018 0.00000000 0.00708141
v 0.11343495 0.00000786 0.00716325
v 0.11333835 0.00000000 0.00717078
v 0.11362707 0.00001557 0.00714078
v 0.11353155 0.00000000 0.00715569
v 0.11372262 0.00000000 0.00712584
v 0.11409294 0.00000000 0.00702273
v 0.11418123 0.00003780 0.00698649
v 0.07742466 0.00072018 0.01186935
v 0.07742466 0.00000000 0.01514766
v 0.07740729 0.00000000 0.01532745
v 0.07738992 0.00000000 0.01550721
v 0.07733835 0.00000000 0.01568154
v 0.07728678 0.00000000 0.01585584
v 0.07720260 0.00000000 0.01601937
v 0.07688982 0.00000000 0.01647858
v 0.07674894 0.00000000 0.01660617
v 0.07513866 0.00000000 0.01721820
v 0.07533714 0.00000000 0.01720245
v 0.07660806 0.00000000 0.01673379
v 0.07644486 0.00000000 0.01683729
v 0.07628166 0.00000000 0.01694079
v 0.07610109 0.00000000 0.01701705
v 0.07572807 0.00000000 0.01714002
v 0.07553562 0.00000000 0.01718673
v 0.07592052 0.00000000 0.01709334
v 0.07711839 0.00000000 0.01618293
v 0.07700412 0.00000000 0.01633077
v 0.07742466 0.01512417 0.00324216
v 0.07742466 0.01584438 -0.00003615
v 0.07740729 0.01603197 -0.00003615
v 0.07738992 0.01621956 -0.00003615
v 0.07733835 0.01640145 -0.00003615
v 0.07728678 0.01658334 -0.00003615
v 0.07720260 0.01675401 -0.00003615
v 0.07688982 0.01723317 -0.00003615
v 0.07674894 0.01736634 -0.00003615
v 0.07513866 0.01800498 -0.00003615
v 0.07533714 0.01798857 -0.00003615
v 0.07660806 0.01749948 -0.00003615
v 0.07644486 0.01760751 -0.00003615
v 0.07628166 0.01771551 -0.00003615
v 0.07610109 0.01779510 -0.00003615
v 0.07572807 0.01792341 -0.00003615
v 0.07553562 0.01797216 -0.00003615
v 0.07592052 0.01787469 -0.00003615
v 0.07711839 0.01692468 -0.00003615
v 0.07700412 0.01707894 -0.00003615
v 0.07742466 0.01440399 0.00859101
v 0.11552463 0.01076343 0.00510225
v 0.11549181 0.01112829 0.00545190
v 0.11539428 0.01148268 0.00579150
v 0.11523480 0.01181640 0.00611133
v 0.11501799 0.01211988 0.00640215
v 0.11475009 0.01238439 0.00665562
v 0.11459931 0.01249962 0.00676605
v 0.11443875 0.01260234 0.00686451
v 0.11426955 0.01269186 0.00695028
v 0.11391018 0.01282869 0.00708141
v 0.11333835 0.01292196 0.00717078
v 0.11353155 0.01290621 0.00715569
v 0.11372262 0.01287504 0.00712584
v 0.11409294 0.01276749 0.00702273
v 0.09538152 0.01366296 0.00788091
v 0.07742466 0.01584438 0.01514769
v 0.07738992 0.01584438 0.01550721
v 0.07738992 0.01621956 0.01514769
v 0.07735572 0.01621956 0.01550175
v 0.07728678 0.01584438 0.01585584
v 0.07725414 0.01621956 0.01584507
v 0.07728678 0.01658334 0.01514769
v 0.07725414 0.01658334 0.01548555
v 0.07715724 0.01658334 0.01581312
v 0.07699899 0.01658334 0.01612050
v 0.07688982 0.01584438 0.01647858
v 0.07686324 0.01621956 0.01645836
v 0.07513866 0.01584438 0.01721820
v 0.07513866 0.01621956 0.01718673
v 0.07660806 0.01584438 0.01673379
v 0.07628166 0.01584438 0.01694079
v 0.07553562 0.01584438 0.01718673
v 0.07592052 0.01584438 0.01709334
v 0.07658574 0.01621956 0.01670970
v 0.07626429 0.01621956 0.01691355
v 0.07590864 0.01621956 0.01706376
v 0.07552959 0.01621956 0.01715577
v 0.07678422 0.01658334 0.01639833
v 0.07651944 0.01658334 0.01663815
v 0.07513866 0.01658334 0.01709334
v 0.07621272 0.01658334 0.01683267
v 0.07551168 0.01658334 0.01706376
v 0.07587336 0.01658334 0.01697598
v 0.07711839 0.01584438 0.01618293
v 0.07708830 0.01621956 0.01616721
v 0.07688982 0.01723317 0.01514769
v 0.07686324 0.01723317 0.01542312
v 0.07685316 0.01692468 0.01604424
v 0.07678422 0.01723317 0.01569015
v 0.07665522 0.01723317 0.01594074
v 0.07513866 0.01800498 0.01514769
v 0.07539381 0.01797216 0.01542312
v 0.07533714 0.01797216 0.01545906
v 0.07520757 0.01797216 0.01550175
v 0.07513866 0.01797216 0.01550721
v 0.07527441 0.01797216 0.01548555
v 0.07660806 0.01749948 0.01514769
v 0.07628166 0.01771551 0.01514769
v 0.07626429 0.01771551 0.01532745
v 0.07658574 0.01749948 0.01537878
v 0.07621272 0.01771551 0.01550175
v 0.07553562 0.01797216 0.01514769
v 0.07592052 0.01787466 0.01514769
v 0.07552959 0.01797216 0.01521012
v 0.07551168 0.01797216 0.01527063
v 0.07548243 0.01797216 0.01532745
v 0.07590864 0.01787466 0.01527063
v 0.07544274 0.01797216 0.01537878
v 0.07587336 0.01787466 0.01538988
v 0.07581576 0.01787466 0.01550175
v 0.07513866 0.01787466 0.01585584
v 0.07540605 0.01787466 0.01581312
v 0.07527441 0.01787466 0.01584507
v 0.07612851 0.01771551 0.01566531
v 0.07601424 0.01771551 0.01581312
v 0.07651944 0.01749948 0.01560288
v 0.07641120 0.01749948 0.01581312
v 0.07587336 0.01771551 0.01594074
v 0.07571013 0.01771551 0.01604424
v 0.07552959 0.01771551 0.01612050
v 0.07626429 0.01749948 0.01600317
v 0.07573758 0.01787466 0.01560288
v 0.07564122 0.01787466 0.01569015
v 0.07552959 0.01787466 0.01576098
v 0.07711839 0.01692468 0.01514769
v 0.07708830 0.01692468 0.01545906
v 0.07699899 0.01692468 0.01576098
v 0.07665522 0.01692468 0.01630029
v 0.07641120 0.01692468 0.01652130
v 0.07648014 0.01723317 0.01616721
v 0.07626429 0.01723317 0.01636272
v 0.07601424 0.01723317 0.01652130
v 0.07573758 0.01723317 0.01663815
v 0.07513866 0.01692468 0.01694079
v 0.07513866 0.01723317 0.01673379
v 0.07612851 0.01692468 0.01670058
v 0.07548243 0.01692468 0.01691355
v 0.07581576 0.01692468 0.01683267
v 0.07544274 0.01723317 0.01670970
v 0.07513866 0.01771551 0.01618293
v 0.07533714 0.01771551 0.01616721
v 0.07539381 0.01749948 0.01645836
v 0.07513866 0.01749948 0.01647858
v 0.07608315 0.01749948 0.01616721
v 0.07564122 0.01749948 0.01639833
v 0.07587336 0.01749948 0.01630029
f 3 5 1
f 3 1 14
f 1 2 14
f 4 6 5
f 3 4 5
f 8 42 51
f 8 51 7
f 8 9 42
f 10 13 11
f 10 7 12
f 7 51 12
f 10 12 13
f 10 14 7
f 7 14 15
f 2 15 14
f 16 15 2
f 16 18 15
f 18 8 15
f 18 9 8
f 8 7 15
f 18 17 9
f 16 19 18
f 18 19 17
f 17 19 57
f 3 11 4
f 3 10 11
f 3 14 10
f 5 23 20
f 23 30 24
f 20 23 24
f 27 20 24
f 2 21 34
f 1 5 20
f 1 20 21
f 1 21 2
f 27 26 21
f 26 34 21
f 27 21 20
f 5 6 23
f 6 22 23
f 23 22 30
f 22 31 30
f 30 25 24
f 27 24 29
f 30 32 25
f 29 24 25
f 27 28 26
f 27 29 28
f 30 31 32
f 31 33 32
f 16 2 34
f 16 34 35
f 26 36 34
f 34 36 35
f 16 35 19
f 19 89 57
f 19 35 89
f 35 36 38
f 35 38 89
f 89 38 91
f 26 37 36
f 26 28 37
f 36 39 38
f 36 40 39
f 36 37 40
f 37 41 40
f 51 42 52
f 42 54 52
f 42 43 54
f 9 43 42
f 9 44 43
f 44 49 43
f 44 47 49
f 43 49 45
f 43 45 54
f 46 49 50
f 45 49 46
f 47 48 50
f 47 50 49
f 12 51 53
f 13 12 55
f 12 53 55
f 51 52 53
f 53 73 55
f 52 54 72
f 52 71 53
f 53 71 73
f 54 45 75
f 17 56 44
f 44 56 47
f 17 44 9
f 17 57 56
f 56 57 59
f 47 56 58
f 47 58 48
f 56 59 58
f 59 93 60
f 58 59 83
f 59 60 61
f 59 61 83
f 45 46 74
f 46 62 76
f 50 65 62
f 46 50 62
f 62 77 76
f 62 63 77
f 62 65 63
f 69 63 65
f 48 65 50
f 48 64 65
f 64 69 65
f 63 78 77
f 63 66 78
f 66 79 78
f 66 67 79
f 69 66 63
f 69 70 66
f 79 67 80
f 70 67 66
f 69 68 70
f 64 68 69
f 54 75 72
f 52 72 71
f 45 74 75
f 46 76 74
f 71 72 81
f 74 81 75
f 72 75 81
f 73 71 81
f 76 77 81
f 74 76 81
f 77 78 81
f 78 79 81
f 79 80 81
f 48 58 82
f 48 82 64
f 58 83 82
f 82 83 84
f 82 84 86
f 64 82 85
f 64 85 68
f 82 86 85
f 85 86 87
f 57 89 88
f 89 92 88
f 57 88 59
f 89 91 90
f 89 90 92
f 59 88 93
f 4 100 6
f 11 13 105
f 4 11 108
f 6 109 22
f 22 113 31
f 31 117 33
f 13 55 120
f 55 73 124
f 73 81 128
f 4 95 100
f 4 97 96
f 4 96 95
f 6 100 98
f 6 98 99
f 6 99 94
f 11 102 108
f 11 101 102
f 11 105 103
f 11 103 101
f 13 106 105
f 13 107 106
f 13 104 107
f 4 108 97
f 6 94 109
f 22 109 110
f 22 110 111
f 22 111 112
f 22 112 113
f 31 113 114
f 31 115 116
f 31 114 115
f 31 116 117
f 33 117 118
f 33 118 119
f 13 120 104
f 55 121 120
f 55 122 121
f 55 123 122
f 55 124 123
f 73 125 124
f 73 126 125
f 73 127 126
f 73 128 127
f 81 129 128
f 81 130 129
f 33 119 132
f 81 131 130
f 81 134 131
f 37 175 41
f 25 32 177
f 29 25 178
f 29 179 28
f 32 33 183
f 28 185 37
f 33 132 188
f 85 87 190
f 81 133 134
f 67 706 80
f 70 707 67
f 70 68 708
f 80 712 81
f 68 85 714
f 96 97 135
f 95 96 135
f 98 100 136
f 98 137 99
f 94 99 137
f 95 138 100
f 101 139 102
f 101 103 139
f 105 106 141
f 103 105 140
f 106 107 142
f 104 142 107
f 97 108 143
f 102 144 108
f 94 145 109
f 109 146 110
f 110 147 111
f 111 147 112
f 112 148 113
f 113 149 114
f 115 150 116
f 114 150 115
f 116 151 117
f 117 152 118
f 118 153 119
f 104 120 154
f 120 121 155
f 121 122 156
f 122 123 156
f 123 124 157
f 124 125 158
f 125 126 159
f 126 127 159
f 127 128 160
f 128 129 161
f 129 130 162
f 94 137 145
f 95 135 138
f 97 143 135
f 100 138 136
f 98 136 137
f 102 139 144
f 103 140 139
f 104 154 142
f 105 141 140
f 106 142 141
f 108 144 143
f 109 145 146
f 110 146 147
f 112 147 148
f 113 148 149
f 114 149 150
f 116 150 151
f 117 151 152
f 118 152 153
f 120 155 154
f 121 156 155
f 123 157 156
f 124 158 157
f 125 159 158
f 127 160 159
f 128 161 160
f 129 162 161
f 119 153 132
f 130 131 163
f 131 134 163
f 130 163 162
f 137 198 145
f 135 199 138
f 135 143 201
f 136 138 202
f 136 203 137
f 139 207 144
f 139 140 208
f 142 154 209
f 140 141 210
f 141 142 212
f 143 144 214
f 145 217 146
f 146 218 147
f 147 220 148
f 148 222 149
f 149 223 150
f 150 225 151
f 151 227 152
f 152 228 153
f 154 155 230
f 155 156 232
f 156 157 234
f 157 158 235
f 158 159 237
f 159 160 239
f 160 161 240
f 161 162 242
f 162 163 246
f 153 189 132
f 153 244 189
f 134 164 163
f 163 164 246
f 164 165 247
f 165 166 249
f 166 167 251
f 167 168 253
f 168 169 255
f 169 170 257
f 170 171 260
f 171 172 262
f 172 173 264
f 173 174 266
f 37 187 175
f 32 182 177
f 25 177 176
f 25 176 178
f 29 178 181
f 29 181 179
f 28 180 185
f 28 179 180
f 32 183 182
f 33 184 183
f 37 185 186
f 37 186 187
f 33 188 184
f 132 189 188
f 189 364 188
f 81 713 133
f 85 190 716
f 80 706 711
f 67 705 706
f 67 707 705
f 70 710 707
f 70 708 710
f 68 714 709
f 68 709 708
f 80 711 712
f 81 712 713
f 85 715 714
f 85 716 715
f 133 191 134
f 133 713 191
f 716 190 717
f 134 191 164
f 164 195 165
f 174 192 350
f 192 193 352
f 193 194 354
f 164 191 720
f 164 721 195
f 165 867 166
f 166 863 167
f 167 862 168
f 168 860 169
f 169 861 170
f 170 861 171
f 171 864 172
f 172 864 173
f 173 866 174
f 174 866 192
f 192 723 193
f 193 723 194
f 164 720 721
f 165 195 868
f 194 724 197
f 194 196 360
f 194 197 196
f 135 201 200
f 135 200 199
f 138 205 202
f 136 202 203
f 137 203 204
f 137 204 198
f 138 199 205
f 139 206 207
f 139 208 206
f 140 210 211
f 140 211 208
f 141 212 210
f 142 213 212
f 142 209 213
f 144 215 214
f 143 214 201
f 144 207 215
f 145 198 216
f 145 216 217
f 146 217 218
f 147 218 219
f 147 219 220
f 148 220 222
f 149 222 221
f 149 221 223
f 150 224 225
f 150 223 224
f 151 225 226
f 151 226 227
f 152 227 228
f 153 228 229
f 154 230 209
f 155 231 230
f 155 232 231
f 156 233 232
f 156 234 233
f 157 235 234
f 158 236 235
f 158 237 236
f 159 238 237
f 159 239 238
f 160 240 239
f 161 241 240
f 161 242 241
f 162 243 242
f 153 229 244
f 162 245 243
f 162 246 245
f 199 268 205
f 200 201 268
f 199 200 268
f 202 269 203
f 202 205 269
f 203 270 204
f 198 204 270
f 207 271 215
f 206 271 207
f 208 211 271
f 206 208 271
f 210 272 211
f 210 212 272
f 212 213 273
f 209 273 213
f 201 214 274
f 214 215 274
f 216 275 217
f 198 270 216
f 217 275 218
f 218 276 219
f 219 276 220
f 220 277 222
f 221 222 277
f 221 278 223
f 224 278 225
f 223 278 224
f 225 278 226
f 226 279 227
f 227 279 228
f 228 280 229
f 209 230 281
f 230 231 281
f 231 232 282
f 232 233 282
f 233 234 282
f 234 235 283
f 235 236 283
f 236 237 284
f 237 238 284
f 238 239 284
f 239 240 285
f 240 241 285
f 241 242 286
f 242 243 286
f 201 274 268
f 203 269 270
f 205 268 269
f 211 272 271
f 212 273 272
f 215 271 274
f 216 270 275
f 218 275 276
f 220 276 277
f 221 277 278
f 226 278 279
f 228 279 280
f 209 281 273
f 231 282 281
f 234 283 282
f 236 284 283
f 239 285 284
f 241 286 285
f 229 280 244
f 243 335 286
f 244 280 348
f 164 247 246
f 165 248 247
f 165 249 248
f 166 250 249
f 166 251 250
f 167 252 251
f 167 253 252
f 168 254 253
f 168 255 254
f 169 256 255
f 169 257 256
f 170 258 257
f 170 259 258
f 170 260 259
f 171 261 260
f 171 262 261
f 172 263 262
f 172 264 263
f 173 265 264
f 173 266 265
f 174 267 266
f 243 245 335
f 245 246 335
f 246 247 335
f 250 251 337
f 251 252 337
f 247 248 335
f 248 249 336
f 249 250 336
f 252 253 339
f 253 254 339
f 254 255 338
f 255 256 338
f 256 257 340
f 257 258 340
f 258 259 341
f 259 260 342
f 260 261 342
f 261 262 343
f 262 263 343
f 263 264 344
f 264 265 344
f 265 266 345
f 266 267 345
f 248 336 335
f 250 337 336
f 252 339 337
f 254 338 339
f 256 340 338
f 258 341 340
f 259 342 341
f 261 343 342
f 263 344 343
f 265 345 344
f 268 274 290
f 269 292 270
f 268 294 269
f 271 272 300
f 272 273 301
f 271 304 274
f 270 305 275
f 275 307 276
f 276 309 277
f 277 310 278
f 278 315 279
f 279 317 280
f 273 281 298
f 281 282 320
f 282 283 323
f 283 284 325
f 284 285 328
f 285 286 330
f 268 288 294
f 268 290 289
f 268 289 288
f 269 291 292
f 269 294 291
f 270 292 293
f 270 293 287
f 271 296 304
f 271 295 296
f 271 300 297
f 271 297 295
f 272 299 300
f 272 301 299
f 273 302 301
f 273 298 302
f 274 303 290
f 274 304 303
f 275 305 306
f 270 287 305
f 275 306 307
f 276 307 308
f 276 308 309
f 277 309 311
f 277 311 310
f 278 310 312
f 278 313 314
f 278 312 313
f 278 314 315
f 279 315 316
f 279 316 317
f 280 317 318
f 281 319 298
f 281 320 319
f 282 321 320
f 282 322 321
f 282 323 322
f 283 324 323
f 283 325 324
f 284 326 325
f 284 327 326
f 284 328 327
f 285 329 328
f 285 330 329
f 286 331 330
f 286 332 331
f 280 318 334
f 286 333 332
f 286 346 333
f 280 334 348
f 335 346 286
f 335 359 346
f 244 347 189
f 244 348 347
f 189 347 540
f 347 348 540
f 334 349 348
f 348 349 541
f 174 350 267
f 192 351 350
f 192 352 351
f 193 353 352
f 193 354 353
f 194 355 354
f 267 350 356
f 350 351 356
f 351 352 357
f 352 353 357
f 353 354 358
f 354 355 358
f 267 356 345
f 351 357 356
f 353 358 357
f 194 360 355
f 355 361 358
f 336 907 335
f 336 337 997
f 336 908 907
f 337 339 996
f 339 338 992
f 338 340 991
f 340 341 990
f 341 342 988
f 342 343 993
f 343 344 994
f 344 345 995
f 345 356 910
f 356 357 911
f 357 358 912
f 335 907 909
f 335 909 359
f 355 360 361
f 358 361 362
f 196 361 360
f 358 362 914
f 184 188 363
f 187 382 175
f 182 372 177
f 176 177 366
f 176 366 178
f 181 178 369
f 181 369 179
f 180 368 185
f 179 368 180
f 182 183 372
f 184 373 183
f 185 380 186
f 186 380 187
f 184 363 373
f 188 365 363
f 189 540 364
f 188 364 365
f 177 372 366
f 178 366 369
f 179 369 368
f 183 373 372
f 185 368 380
f 380 382 187
f 363 365 373
f 366 372 367
f 369 366 371
f 372 374 367
f 371 366 367
f 369 370 368
f 369 371 370
f 372 373 374
f 373 375 374
f 374 376 367
f 367 376 377
f 374 379 376
f 376 379 387
f 371 385 370
f 371 377 385
f 371 367 377
f 376 388 377
f 376 387 388
f 379 389 387
f 377 388 393
f 374 375 379
f 375 378 379
f 379 378 389
f 378 390 389
f 368 381 380
f 368 370 381
f 380 383 382
f 380 381 383
f 381 384 383
f 370 385 386
f 370 386 381
f 385 377 393
f 385 396 386
f 385 393 396
f 381 407 384
f 381 386 407
f 407 406 384
f 386 410 407
f 386 396 410
f 387 395 388
f 387 389 394
f 389 391 394
f 389 390 391
f 390 392 391
f 387 394 395
f 393 388 398
f 398 388 395
f 391 399 394
f 394 400 395
f 394 399 400
f 393 398 397
f 393 397 396
f 398 416 397
f 398 395 401
f 395 400 401
f 398 401 416
f 391 392 402
f 392 403 402
f 391 402 399
f 400 399 415
f 399 424 415
f 402 403 404
f 402 424 399
f 403 405 404
f 402 404 424
f 407 408 406
f 407 412 408
f 407 410 412
f 412 409 408
f 396 411 410
f 396 397 411
f 410 411 414
f 397 418 411
f 397 416 418
f 410 414 412
f 412 413 409
f 412 429 413
f 412 414 431
f 411 419 414
f 411 418 419
f 400 417 401
f 400 415 417
f 401 420 416
f 401 417 420
f 424 427 415
f 415 422 417
f 418 435 419
f 416 421 418
f 416 420 421
f 418 421 435
f 415 427 422
f 417 423 420
f 417 422 423
f 420 436 421
f 420 423 436
f 404 425 424
f 405 426 404
f 404 426 425
f 405 428 426
f 424 425 427
f 425 447 427
f 425 426 444
f 428 443 426
f 427 446 422
f 426 443 444
f 428 445 443
f 412 431 429
f 431 430 429
f 414 434 431
f 414 419 434
f 433 432 430
f 431 433 430
f 431 434 438
f 431 438 433
f 419 435 439
f 419 439 434
f 421 437 435
f 421 436 437
f 422 448 423
f 423 449 436
f 439 435 441
f 435 437 441
f 423 448 449
f 436 450 437
f 436 449 450
f 434 440 438
f 434 439 440
f 439 442 440
f 439 441 442
f 437 451 441
f 437 450 451
f 441 451 452
f 441 452 442
f 427 447 446
f 425 444 447
f 422 446 448
f 443 453 444
f 446 447 453
f 444 453 447
f 443 445 453
f 448 453 449
f 446 453 448
f 449 453 450
f 450 453 451
f 451 453 452
f 373 456 375
f 375 460 378
f 378 464 390
f 390 468 392
f 392 472 403
f 403 476 405
f 405 480 428
f 428 484 445
f 445 488 453
f 373 365 454
f 373 454 455
f 373 455 456
f 375 456 457
f 375 457 458
f 375 458 459
f 375 459 460
f 378 460 461
f 378 461 462
f 378 462 463
f 378 463 464
f 390 464 465
f 390 465 466
f 390 466 467
f 390 467 468
f 392 468 469
f 392 469 470
f 392 470 471
f 392 471 472
f 403 472 473
f 403 473 474
f 403 474 475
f 403 475 476
f 405 476 477
f 405 477 478
f 405 478 479
f 405 479 480
f 428 480 481
f 428 482 483
f 428 481 482
f 428 483 484
f 445 484 485
f 445 485 486
f 445 486 487
f 445 487 488
f 453 488 489
f 453 489 490
f 453 490 491
f 453 491 492
f 433 525 432
f 453 492 524
f 433 438 1072
f 438 440 1074
f 440 442 1076
f 442 452 1078
f 452 453 1080
f 364 493 365
f 364 542 493
f 365 493 454
f 454 493 455
f 455 494 456
f 456 495 457
f 457 496 458
f 458 496 459
f 459 497 460
f 460 498 461
f 461 499 462
f 462 499 463
f 463 500 464
f 464 501 465
f 465 502 466
f 466 502 467
f 467 503 468
f 468 504 469
f 469 505 470
f 470 505 471
f 471 506 472
f 472 507 473
f 473 508 474
f 474 508 475
f 475 509 476
f 476 510 477
f 477 511 478
f 478 511 479
f 479 512 480
f 480 513 481
f 482 514 483
f 481 514 482
f 483 515 484
f 484 516 485
f 485 517 486
f 486 517 487
f 487 518 488
f 488 519 489
f 489 520 490
f 455 493 494
f 456 494 495
f 457 495 496
f 459 496 497
f 460 497 498
f 461 498 499
f 463 499 500
f 464 500 501
f 465 501 502
f 467 502 503
f 468 503 504
f 469 504 505
f 471 505 506
f 472 506 507
f 473 507 508
f 475 508 509
f 476 509 510
f 477 510 511
f 479 511 512
f 480 512 513
f 481 513 514
f 483 514 515
f 484 515 516
f 485 516 517
f 487 517 518
f 488 518 519
f 489 519 520
f 490 521 491
f 490 520 521
f 493 544 494
f 494 545 495
f 495 547 496
f 496 549 497
f 497 550 498
f 498 552 499
f 499 554 500
f 500 555 501
f 501 557 502
f 502 559 503
f 503 560 504
f 504 562 505
f 505 564 506
f 506 566 507
f 507 567 508
f 508 569 509
f 509 571 510
f 510 572 511
f 511 574 512
f 512 575 513
f 513 577 514
f 514 579 515
f 515 580 516
f 516 582 517
f 517 584 518
f 518 585 519
f 519 587 520
f 491 521 492
f 492 521 522
f 520 590 521
f 521 590 522
f 522 592 523
f 523 594 527
f 196 197 526
f 453 524 1081
f 433 1070 525
f 433 1071 1070
f 433 1072 1071
f 438 1073 1072
f 438 1074 1073
f 440 1075 1074
f 440 1076 1075
f 442 1077 1076
f 442 1078 1077
f 452 1079 1078
f 452 1080 1079
f 453 1081 1080
f 524 492 1083
f 1070 1069 525
f 524 1083 1081
f 492 522 539
f 527 667 528
f 528 668 531
f 529 530 672
f 530 531 674
f 537 538 688
f 536 537 686
f 529 689 538
f 197 1084 526
f 492 539 1083
f 522 523 1242
f 523 527 1241
f 526 1084 534
f 534 1088 532
f 532 1086 533
f 535 1089 536
f 536 1091 537
f 537 1091 538
f 533 1089 535
f 527 528 1085
f 529 538 1093
f 529 1094 530
f 530 1095 531
f 528 531 1096
f 522 1242 539
f 364 540 542
f 540 348 542
f 348 541 595
f 542 348 596
f 493 542 543
f 493 543 544
f 494 544 545
f 495 545 546
f 495 546 547
f 496 547 548
f 496 548 549
f 497 549 550
f 498 550 551
f 498 551 552
f 499 552 553
f 499 553 554
f 500 554 555
f 501 555 556
f 501 556 557
f 502 557 558
f 502 558 559
f 503 559 560
f 504 560 561
f 504 561 562
f 505 562 563
f 505 563 564
f 506 564 565
f 506 565 566
f 507 566 567
f 508 567 568
f 508 568 569
f 509 569 570
f 509 570 571
f 510 571 572
f 511 572 573
f 511 573 574
f 512 574 575
f 513 575 576
f 513 576 577
f 514 578 579
f 514 577 578
f 515 579 580
f 516 580 581
f 516 581 582
f 517 582 583
f 517 583 584
f 518 584 585
f 519 585 586
f 519 586 587
f 520 587 588
f 520 588 589
f 542 596 543
f 543 596 544
f 544 597 545
f 545 597 546
f 546 598 547
f 547 598 548
f 548 598 549
f 549 599 550
f 550 599 551
f 551 600 552
f 552 600 553
f 553 600 554
f 554 601 555
f 555 601 556
f 556 602 557
f 557 602 558
f 558 602 559
f 559 603 560
f 560 603 561
f 561 604 562
f 562 604 563
f 563 604 564
f 564 604 565
f 565 605 566
f 566 605 567
f 567 606 568
f 568 606 569
f 569 606 570
f 570 607 571
f 571 607 572
f 572 608 573
f 573 608 574
f 574 609 575
f 575 609 576
f 576 610 577
f 578 610 579
f 577 610 578
f 579 611 580
f 580 611 581
f 581 612 582
f 582 612 583
f 583 612 584
f 584 613 585
f 585 613 586
f 586 614 587
f 587 614 588
f 544 596 597
f 546 597 598
f 549 598 599
f 551 599 600
f 554 600 601
f 556 601 602
f 559 602 603
f 561 603 604
f 565 604 605
f 567 605 606
f 570 606 607
f 572 607 608
f 574 608 609
f 576 609 610
f 579 610 611
f 581 611 612
f 584 612 613
f 586 613 614
f 588 614 662
f 520 589 590
f 522 590 591
f 522 591 592
f 523 592 593
f 523 593 594
f 594 666 527
f 588 662 589
f 589 662 590
f 590 662 591
f 591 663 592
f 592 663 593
f 593 700 594
f 594 700 666
f 591 662 663
f 593 663 700
f 348 595 596
f 596 616 597
f 597 618 598
f 598 621 599
f 599 623 600
f 600 626 601
f 601 628 602
f 602 631 603
f 603 633 604
f 604 637 605
f 605 639 606
f 606 642 607
f 607 644 608
f 608 646 609
f 609 648 610
f 610 651 611
f 611 653 612
f 612 656 613
f 613 658 614
f 595 615 596
f 596 615 616
f 597 616 617
f 597 617 618
f 598 618 619
f 598 619 620
f 598 620 621
f 599 621 622
f 599 622 623
f 600 623 624
f 600 624 625
f 600 625 626
f 601 626 627
f 601 627 628
f 602 628 629
f 602 629 630
f 602 630 631
f 603 631 632
f 603 632 633
f 604 633 634
f 604 634 635
f 604 635 636
f 604 636 637
f 605 637 638
f 605 638 639
f 606 639 640
f 606 640 641
f 606 641 642
f 607 642 643
f 607 643 644
f 608 644 645
f 608 645 646
f 609 646 647
f 609 647 648
f 610 648 649
f 610 650 651
f 610 649 650
f 611 651 652
f 611 652 653
f 612 653 654
f 612 654 655
f 612 655 656
f 613 656 657
f 613 657 658
f 614 658 659
f 614 659 660
f 614 660 661
f 614 661 664
f 662 614 664
f 662 664 703
f 196 526 361
f 361 690 362
f 362 690 914
f 361 526 665
f 361 665 690
f 527 666 667
f 528 667 669
f 528 669 668
f 530 674 671
f 530 671 672
f 529 670 689
f 529 672 670
f 531 673 674
f 531 668 673
f 526 534 675
f 534 532 677
f 532 533 680
f 533 535 681
f 535 536 685
f 526 675 665
f 534 676 675
f 534 677 676
f 532 678 677
f 532 679 678
f 532 680 679
f 533 687 680
f 535 685 682
f 535 682 681
f 537 683 686
f 537 688 683
f 536 684 685
f 536 686 684
f 533 681 687
f 538 689 688
f 666 701 667
f 667 701 669
f 668 669 702
f 671 674 692
f 670 672 691
f 671 691 672
f 668 702 673
f 673 692 674
f 665 675 690
f 675 676 693
f 676 677 693
f 677 678 693
f 678 679 694
f 679 680 695
f 680 687 695
f 681 696 687
f 681 682 696
f 682 685 697
f 683 698 686
f 684 697 685
f 684 686 698
f 688 689 699
f 670 699 689
f 683 688 699
f 666 700 701
f 669 701 702
f 671 692 691
f 673 702 692
f 675 693 690
f 678 694 693
f 679 695 694
f 682 697 696
f 683 699 698
f 684 698 697
f 687 696 695
f 670 691 699
f 690 693 1298
f 693 694 1298
f 694 695 1300
f 695 696 1300
f 696 697 1302
f 697 698 1302
f 698 699 1304
f 691 692 1305
f 691 1305 699
f 692 702 1306
f 662 703 704
f 663 1310 700
f 662 1367 663
f 701 1308 702
f 700 1309 701
f 662 704 1368
f 703 1307 704
f 716 717 718
f 191 713 719
f 711 706 733
f 705 727 706
f 705 707 727
f 710 729 707
f 710 708 729
f 709 714 728
f 708 709 728
f 711 733 712
f 712 734 713
f 714 715 737
f 715 716 737
f 716 718 737
f 713 734 719
f 191 719 726
f 191 726 720
f 166 867 863
f 167 863 862
f 171 859 864
f 168 862 860
f 169 860 861
f 171 861 859
f 173 864 865
f 173 865 866
f 192 866 722
f 192 722 723
f 195 721 868
f 165 868 867
f 194 723 724
f 720 869 721
f 721 869 868
f 722 866 932
f 722 903 723
f 723 904 724
f 197 724 725
f 724 916 725
f 706 727 733
f 707 729 727
f 708 728 729
f 712 733 734
f 714 737 728
f 737 718 738
f 719 734 726
f 727 735 733
f 729 730 727
f 729 728 732
f 727 730 735
f 729 732 730
f 728 731 732
f 733 736 734
f 733 735 736
f 728 737 731
f 737 738 739
f 737 739 740
f 731 737 740
f 740 739 741
f 740 741 742
f 735 730 746
f 732 743 730
f 730 743 746
f 732 731 744
f 731 747 744
f 732 744 743
f 743 757 746
f 747 756 744
f 743 744 755
f 743 755 757
f 744 756 755
f 735 745 736
f 735 746 745
f 746 758 745
f 746 757 758
f 731 740 747
f 740 748 747
f 740 742 748
f 751 742 749
f 748 742 751
f 747 748 761
f 747 761 756
f 748 751 762
f 748 762 761
f 751 774 762
f 751 749 750
f 751 750 752
f 751 752 774
f 774 752 753
f 774 753 775
f 775 753 754
f 755 759 757
f 755 756 763
f 755 763 759
f 757 760 758
f 757 759 760
f 761 764 756
f 756 764 763
f 761 766 764
f 761 762 766
f 762 765 766
f 762 774 765
f 763 764 767
f 763 767 770
f 766 768 764
f 766 769 768
f 764 768 767
f 766 765 769
f 759 771 760
f 759 763 770
f 759 770 771
f 768 795 767
f 768 769 787
f 768 787 795
f 770 773 771
f 770 767 772
f 767 795 772
f 770 772 773
f 765 774 778
f 774 775 778
f 775 754 776
f 775 776 777
f 775 777 780
f 775 779 778
f 775 780 779
f 765 778 786
f 778 789 786
f 765 786 769
f 778 779 789
f 779 790 789
f 779 780 784
f 784 780 781
f 784 781 782
f 785 782 783
f 779 784 790
f 784 800 790
f 784 782 785
f 784 785 800
f 785 802 800
f 769 786 788
f 786 789 791
f 769 788 787
f 786 791 788
f 789 790 792
f 789 792 791
f 795 787 796
f 787 788 798
f 787 798 796
f 788 791 793
f 788 793 798
f 791 792 794
f 791 794 793
f 772 795 797
f 773 772 799
f 772 797 799
f 795 796 797
f 799 797 811
f 796 798 810
f 796 809 797
f 798 793 813
f 797 809 811
f 790 800 801
f 790 801 792
f 800 803 801
f 800 802 803
f 802 804 803
f 792 801 805
f 792 805 794
f 803 806 801
f 801 806 805
f 793 794 812
f 794 805 814
f 805 806 815
f 805 815 814
f 803 804 807
f 803 807 806
f 804 808 807
f 806 807 816
f 807 808 817
f 806 816 815
f 807 817 816
f 817 808 818
f 798 813 810
f 796 810 809
f 793 812 813
f 794 814 812
f 809 810 819
f 812 819 813
f 810 813 819
f 809 819 811
f 814 815 819
f 812 814 819
f 815 816 819
f 816 817 819
f 817 818 819
f 734 736 823
f 736 745 827
f 745 758 831
f 758 760 835
f 760 771 839
f 771 773 843
f 773 799 847
f 799 811 851
f 811 819 855
f 734 820 726
f 734 821 820
f 734 822 821
f 734 823 822
f 736 824 823
f 736 825 824
f 736 826 825
f 736 827 826
f 745 828 827
f 745 829 828
f 745 830 829
f 745 831 830
f 758 832 831
f 758 833 832
f 758 834 833
f 758 835 834
f 760 836 835
f 760 837 836
f 760 838 837
f 760 839 838
f 771 840 839
f 771 841 840
f 771 842 841
f 771 843 842
f 773 844 843
f 773 845 844
f 773 846 845
f 773 847 846
f 799 848 847
f 799 849 848
f 799 850 849
f 799 851 850
f 811 852 851
f 811 853 852
f 811 854 853
f 811 855 854
f 819 856 855
f 819 857 856
f 819 858 857
f 785 783 1097
f 785 1099 802
f 802 1101 804
f 804 1103 808
f 808 1105 818
f 818 1107 819
f 819 899 858
f 720 726 869
f 726 870 869
f 859 919 864
f 860 921 861
f 859 861 923
f 862 863 926
f 860 862 927
f 864 928 865
f 865 929 866
f 863 867 933
f 868 935 867
f 868 869 937
f 869 870 939
f 726 820 870
f 870 820 821
f 870 821 871
f 821 822 871
f 822 823 872
f 823 824 873
f 824 825 874
f 825 826 874
f 826 827 875
f 827 828 876
f 828 829 877
f 829 830 877
f 830 831 878
f 831 832 879
f 832 833 880
f 833 834 880
f 834 835 881
f 835 836 882
f 836 837 883
f 837 838 883
f 838 839 884
f 839 840 885
f 840 841 886
f 841 842 886
f 842 843 887
f 843 844 888
f 844 845 889
f 845 846 889
f 846 847 890
f 847 848 891
f 848 849 892
f 849 850 892
f 850 851 893
f 851 852 894
f 852 853 895
f 853 854 895
f 854 855 896
f 855 856 897
f 856 857 898
f 822 872 871
f 823 873 872
f 824 874 873
f 826 875 874
f 827 876 875
f 828 877 876
f 830 878 877
f 831 879 878
f 832 880 879
f 834 881 880
f 835 882 881
f 836 883 882
f 838 884 883
f 839 885 884
f 840 886 885
f 842 887 886
f 843 888 887
f 844 889 888
f 846 890 889
f 847 891 890
f 848 892 891
f 850 893 892
f 851 894 893
f 852 895 894
f 854 896 895
f 855 897 896
f 856 898 897
f 857 858 898
f 870 871 939
f 871 872 942
f 872 873 943
f 873 874 945
f 874 875 947
f 875 876 949
f 876 877 950
f 877 878 952
f 878 879 953
f 879 880 955
f 880 881 957
f 881 882 959
f 882 883 960
f 883 884 962
f 884 885 964
f 885 886 965
f 886 887 967
f 887 888 968
f 888 889 970
f 889 890 972
f 890 891 974
f 891 892 975
f 892 893 977
f 893 894 978
f 894 895 980
f 895 896 982
f 896 897 984
f 897 898 985
f 898 858 900
f 898 900 987
f 785 1097 1098
f 785 1098 1099
f 802 1099 1100
f 802 1100 1101
f 804 1101 1102
f 804 1102 1103
f 808 1103 1104
f 808 1104 1105
f 818 1105 1106
f 818 1106 1107
f 819 1107 1108
f 819 1108 899
f 783 1109 1097
f 858 899 900
f 900 899 1111
f 722 932 901
f 722 901 902
f 722 902 903
f 723 903 904
f 724 904 905
f 724 905 906
f 901 932 995
f 901 910 902
f 902 911 903
f 904 911 905
f 903 911 904
f 905 912 906
f 901 995 910
f 902 910 911
f 905 911 912
f 724 906 916
f 906 912 915
f 336 997 908
f 338 991 992
f 341 988 990
f 342 993 988
f 340 990 989
f 340 989 991
f 343 994 993
f 345 910 995
f 344 995 994
f 356 911 910
f 357 912 911
f 339 992 996
f 337 996 997
f 908 998 907
f 359 909 913
f 358 914 912
f 907 998 909
f 908 997 998
f 998 913 909
f 906 915 916
f 912 917 915
f 915 917 916
f 912 914 917
f 859 923 918
f 859 920 919
f 859 918 920
f 860 927 922
f 860 922 921
f 861 921 923
f 862 924 927
f 862 926 924
f 863 933 925
f 863 925 926
f 865 928 930
f 865 930 929
f 864 919 928
f 866 929 931
f 866 931 932
f 867 934 933
f 867 935 934
f 868 936 935
f 868 937 936
f 869 938 937
f 869 939 938
f 919 920 993
f 918 988 920
f 921 922 990
f 922 927 989
f 918 923 990
f 921 990 923
f 924 926 991
f 925 933 992
f 925 991 926
f 924 989 927
f 928 993 930
f 929 994 931
f 929 930 994
f 919 993 928
f 931 995 932
f 933 934 992
f 934 935 996
f 935 936 996
f 936 937 997
f 937 938 997
f 918 990 988
f 920 988 993
f 922 989 990
f 925 992 991
f 924 991 989
f 930 993 994
f 931 994 995
f 934 996 992
f 936 997 996
f 938 998 997
f 938 939 998
f 939 940 998
f 940 941 998
f 871 940 939
f 871 941 940
f 871 942 941
f 872 943 942
f 873 944 943
f 873 945 944
f 874 946 945
f 874 947 946
f 875 948 947
f 875 949 948
f 876 950 949
f 877 951 950
f 877 952 951
f 878 953 952
f 879 954 953
f 879 955 954
f 880 956 955
f 880 957 956
f 881 958 957
f 881 959 958
f 882 960 959
f 883 961 960
f 883 962 961
f 884 963 962
f 884 964 963
f 885 965 964
f 886 966 965
f 886 967 966
f 887 968 967
f 888 969 968
f 888 970 969
f 889 971 970
f 889 972 971
f 890 973 972
f 890 974 973
f 891 975 974
f 892 976 975
f 892 977 976
f 893 978 977
f 894 979 978
f 894 980 979
f 895 981 980
f 895 982 981
f 896 983 982
f 896 984 983
f 897 985 984
f 898 986 985
f 898 987 986
f 998 941 1000
f 941 942 1000
f 942 943 1001
f 943 944 1001
f 944 945 1002
f 945 946 1002
f 946 947 1002
f 947 948 1002
f 948 949 1003
f 949 950 1003
f 950 951 1004
f 951 952 1004
f 952 953 1005
f 953 954 1005
f 954 955 1006
f 955 956 1006
f 956 957 1006
f 957 958 1006
f 958 959 1007
f 959 960 1007
f 960 961 1008
f 961 962 1008
f 962 963 1008
f 963 964 1009
f 964 965 1009
f 965 966 1010
f 966 967 1010
f 967 968 1011
f 968 969 1011
f 969 970 1012
f 970 971 1012
f 971 972 1012
f 972 973 1012
f 973 974 1013
f 974 975 1013
f 975 976 1014
f 976 977 1014
f 977 978 1015
f 978 979 1015
f 979 980 1016
f 980 981 1016
f 981 982 1016
f 982 983 1016
f 983 984 1017
f 984 985 1017
f 985 986 1018
f 942 1001 1000
f 944 1002 1001
f 948 1003 1002
f 950 1004 1003
f 952 1005 1004
f 954 1006 1005
f 958 1007 1006
f 960 1008 1007
f 963 1009 1008
f 965 1010 1009
f 967 1011 1010
f 969 1012 1011
f 973 1013 1012
f 975 1014 1013
f 977 1015 1014
f 979 1016 1015
f 983 1017 1016
f 985 1018 1017
f 986 987 1018
f 987 1312 1018
f 998 1000 999
f 998 999 913
f 1000 1001 1021
f 1001 1002 1023
f 1002 1003 1027
f 1003 1004 1029
f 1004 1005 1031
f 1005 1006 1033
f 1006 1007 1037
f 1007 1008 1039
f 1008 1009 1042
f 1009 1010 1044
f 1010 1011 1046
f 1011 1012 1048
f 1012 1013 1052
f 1013 1014 1054
f 1014 1015 1056
f 1015 1016 1058
f 1016 1017 1062
f 1017 1018 1064
f 999 1000 1019
f 1000 1020 1019
f 1000 1021 1020
f 1001 1022 1021
f 1001 1023 1022
f 1002 1024 1023
f 1002 1025 1024
f 1002 1026 1025
f 1002 1027 1026
f 1003 1028 1027
f 1003 1029 1028
f 1004 1030 1029
f 1004 1031 1030
f 1005 1032 1031
f 1005 1033 1032
f 1006 1034 1033
f 1006 1035 1034
f 1006 1036 1035
f 1006 1037 1036
f 1007 1038 1037
f 1007 1039 1038
f 1008 1040 1039
f 1008 1041 1040
f 1008 1042 1041
f 1009 1043 1042
f 1009 1044 1043
f 1010 1045 1044
f 1010 1046 1045
f 1011 1047 1046
f 1011 1048 1047
f 1012 1049 1048
f 1012 1050 1049
f 1012 1051 1050
f 1012 1052 1051
f 1013 1053 1052
f 1013 1054 1053
f 1014 1055 1054
f 1014 1056 1055
f 1015 1057 1056
f 1015 1058 1057
f 1016 1059 1058
f 1016 1060 1059
f 1016 1061 1060
f 1016 1062 1061
f 1017 1063 1062
f 1017 1064 1063
f 1018 1065 1064
f 1018 1066 1065
f 1018 1312 1066
f 987 900 1067
f 987 1067 1312
f 900 1311 1067
f 1066 1312 1068
f 197 725 1084
f 725 916 1084
f 1070 1082 1069
f 1081 1083 1112
f 1070 1071 1120
f 1071 1072 1120
f 1072 1073 1124
f 1073 1074 1124
f 1074 1075 1125
f 1075 1076 1125
f 1076 1077 1126
f 1077 1078 1126
f 1078 1079 1130
f 1079 1080 1130
f 1081 1131 1080
f 1070 1120 1082
f 1081 1112 1131
f 1112 1083 1113
f 539 1242 1083
f 523 1241 1242
f 527 1085 1241
f 532 1088 1086
f 533 1086 1087
f 534 1084 1088
f 533 1087 1089
f 536 1089 1090
f 536 1090 1091
f 538 1091 1092
f 538 1092 1093
f 529 1093 1094
f 530 1094 1095
f 531 1095 1096
f 528 1096 1085
f 1083 1242 1113
f 1090 1283 1091
f 1091 1285 1092
f 1092 1287 1093
f 1093 1290 1094
f 1094 1292 1095
f 1095 1294 1096
f 1096 1296 1085
f 899 1108 1110
f 1097 1143 1098
f 1098 1143 1099
f 1099 1150 1100
f 1100 1150 1101
f 1101 1151 1102
f 1102 1151 1103
f 1103 1155 1104
f 1104 1155 1105
f 1105 1159 1106
f 1106 1159 1107
f 1107 1160 1108
f 1097 1109 1143
f 1108 1160 1110
f 899 1110 1114
f 900 1111 1311
f 899 1114 1111
f 1072 1124 1120
f 1074 1125 1124
f 1076 1126 1125
f 1078 1130 1126
f 1080 1131 1130
f 1120 1119 1082
f 1112 1113 1131
f 1099 1143 1150
f 1101 1150 1151
f 1103 1151 1155
f 1105 1155 1159
f 1107 1159 1160
f 1110 1160 1114
f 1143 1109 1140
f 1117 1116 1115
f 1117 1118 1116
f 1117 1146 1118
f 1117 1147 1146
f 1120 1121 1119
f 1120 1124 1123
f 1120 1123 1121
f 1123 1122 1121
f 1123 1124 1127
f 1124 1125 1127
f 1125 1126 1128
f 1126 1130 1129
f 1125 1128 1127
f 1128 1126 1129
f 1130 1132 1129
f 1130 1131 1132
f 1131 1133 1132
f 1117 1115 1122
f 1117 1122 1123
f 1117 1123 1134
f 1123 1127 1134
f 1127 1135 1134
f 1117 1134 1147
f 1134 1184 1147
f 1134 1135 1184
f 1135 1136 1185
f 1135 1185 1184
f 1127 1128 1135
f 1128 1136 1135
f 1128 1129 1136
f 1129 1132 1137
f 1129 1137 1136
f 1132 1138 1137
f 1136 1137 1190
f 1136 1190 1185
f 1137 1191 1190
f 1138 1192 1191
f 1137 1138 1191
f 1132 1133 1138
f 1133 1139 1138
f 1138 1139 1192
f 1139 1193 1192
f 1143 1140 1142
f 1144 1142 1141
f 1144 1141 1146
f 1143 1142 1144
f 1143 1144 1150
f 1144 1153 1150
f 1144 1148 1153
f 1148 1170 1153
f 1146 1145 1118
f 1146 1141 1145
f 1144 1146 1148
f 1146 1147 1148
f 1147 1149 1148
f 1147 1184 1149
f 1149 1184 1186
f 1148 1149 1170
f 1149 1171 1170
f 1149 1186 1171
f 1171 1186 1174
f 1150 1153 1151
f 1151 1153 1152
f 1152 1153 1170
f 1152 1170 1154
f 1151 1152 1155
f 1152 1156 1155
f 1155 1156 1159
f 1156 1157 1161
f 1159 1156 1161
f 1161 1157 1162
f 1152 1154 1156
f 1154 1157 1156
f 1154 1172 1157
f 1157 1172 1158
f 1162 1157 1158
f 1162 1158 1163
f 1163 1177 1164
f 1163 1158 1177
f 1164 1177 1178
f 1159 1161 1160
f 1161 1162 1160
f 1162 1163 1160
f 1163 1164 1160
f 1160 1164 1165
f 1160 1165 1166
f 1160 1166 1167
f 1160 1167 1168
f 1160 1168 1169
f 1164 1178 1165
f 1165 1180 1166
f 1166 1181 1167
f 1170 1171 1154
f 1171 1174 1172
f 1171 1172 1154
f 1174 1173 1172
f 1174 1196 1173
f 1175 1196 1197
f 1173 1196 1175
f 1175 1197 1176
f 1158 1172 1173
f 1158 1173 1177
f 1173 1175 1177
f 1175 1178 1177
f 1176 1180 1178
f 1175 1176 1178
f 1176 1179 1180
f 1165 1178 1180
f 1166 1180 1181
f 1167 1181 1182
f 1168 1182 1183
f 1167 1182 1168
f 1168 1183 1169
f 1179 1181 1180
f 1181 1199 1182
f 1183 1182 1200
f 1179 1199 1181
f 1182 1199 1200
f 1184 1185 1186
f 1185 1187 1186
f 1185 1190 1187
f 1187 1190 1188
f 1188 1191 1189
f 1174 1186 1187
f 1174 1187 1196
f 1187 1188 1196
f 1188 1197 1196
f 1188 1189 1197
f 1189 1198 1197
f 1189 1194 1198
f 1194 1201 1198
f 1194 1195 1201
f 1195 1202 1201
f 1188 1190 1191
f 1189 1191 1192
f 1189 1192 1194
f 1193 1195 1194
f 1192 1193 1194
f 1176 1197 1198
f 1176 1198 1179
f 1179 1198 1201
f 1199 1201 1202
f 1179 1201 1199
f 1199 1202 1200
f 1131 1206 1133
f 1133 1210 1139
f 1139 1214 1193
f 1160 1169 1217
f 1169 1183 1221
f 1183 1200 1225
f 1195 1226 1202
f 1193 1229 1195
f 1200 1202 1234
f 1131 1113 1203
f 1131 1203 1204
f 1160 1215 1114
f 1131 1204 1205
f 1131 1205 1206
f 1133 1206 1207
f 1133 1207 1208
f 1133 1208 1209
f 1133 1209 1210
f 1139 1210 1211
f 1139 1211 1212
f 1139 1212 1213
f 1139 1213 1214
f 1193 1214 1230
f 1160 1216 1215
f 1160 1217 1216
f 1169 1218 1217
f 1169 1220 1219
f 1169 1219 1218
f 1169 1221 1220
f 1183 1222 1221
f 1183 1223 1222
f 1183 1224 1223
f 1183 1225 1224
f 1200 1240 1225
f 1202 1226 1237
f 1193 1230 1227
f 1193 1227 1228
f 1193 1228 1229
f 1195 1229 1231
f 1195 1231 1233
f 1195 1233 1232
f 1195 1232 1226
f 1200 1235 1240
f 1200 1236 1235
f 1200 1234 1236
f 1202 1238 1239
f 1202 1237 1238
f 1202 1239 1234
f 1113 1243 1203
f 1113 1242 1243
f 1085 1315 1241
f 1241 1317 1242
f 1242 1318 1243
f 1243 1318 1244
f 1111 1114 1253
f 1111 1253 1320
f 1243 1204 1203
f 1243 1244 1204
f 1114 1215 1253
f 1204 1244 1205
f 1205 1245 1206
f 1206 1246 1207
f 1207 1247 1208
f 1208 1247 1209
f 1209 1248 1210
f 1210 1249 1211
f 1211 1250 1212
f 1212 1250 1213
f 1213 1251 1214
f 1214 1252 1230
f 1215 1216 1253
f 1216 1217 1254
f 1217 1218 1255
f 1219 1220 1256
f 1218 1219 1256
f 1220 1221 1257
f 1221 1222 1258
f 1222 1223 1259
f 1223 1224 1259
f 1224 1225 1260
f 1225 1240 1261
f 1226 1232 1262
f 1226 1263 1237
f 1227 1230 1264
f 1227 1264 1228
f 1228 1265 1229
f 1229 1266 1231
f 1231 1267 1233
f 1232 1233 1267
f 1234 1239 1268
f 1235 1269 1240
f 1235 1236 1269
f 1234 1270 1236
f 1238 1271 1239
f 1237 1271 1238
f 1205 1244 1245
f 1206 1245 1246
f 1207 1246 1247
f 1209 1247 1248
f 1210 1248 1249
f 1211 1249 1250
f 1213 1250 1251
f 1214 1251 1252
f 1216 1254 1253
f 1217 1255 1254
f 1218 1256 1255
f 1220 1257 1256
f 1221 1258 1257
f 1222 1259 1258
f 1224 1260 1259
f 1225 1261 1260
f 1226 1262 1263
f 1228 1264 1265
f 1229 1265 1266
f 1230 1252 1264
f 1231 1266 1267
f 1232 1267 1262
f 1236 1270 1269
f 1234 1268 1270
f 1237 1263 1271
f 1239 1271 1268
f 1240 1269 1261
f 1244 1322 1245
f 1245 1323 1246
f 1246 1325 1247
f 1247 1327 1248
f 1248 1329 1249
f 1249 1330 1250
f 1250 1332 1251
f 1251 1333 1252
f 1253 1254 1336
f 1254 1255 1337
f 1255 1256 1339
f 1256 1257 1341
f 1257 1258 1343
f 1258 1259 1344
f 1259 1260 1346
f 1260 1261 1348
f 1262 1350 1263
f 1264 1352 1265
f 1265 1353 1266
f 1252 1355 1264
f 1266 1356 1267
f 1262 1267 1357
f 1269 1270 1361
f 1268 1362 1270
f 1263 1363 1271
f 1268 1271 1365
f 1261 1269 1366
f 914 1297 917
f 916 917 1297
f 690 1297 914
f 690 1298 1297
f 694 1299 1298
f 694 1300 1299
f 696 1301 1300
f 696 1302 1301
f 698 1303 1302
f 698 1304 1303
f 699 1305 1304
f 692 1306 1305
f 702 1308 1306
f 916 1272 1084
f 916 1297 1272
f 1084 1273 1088
f 1088 1276 1086
f 1086 1277 1087
f 1087 1279 1089
f 1089 1281 1090
f 1084 1272 1273
f 1088 1273 1274
f 1088 1274 1275
f 1088 1275 1276
f 1086 1276 1277
f 1087 1277 1278
f 1087 1278 1279
f 1089 1279 1280
f 1089 1280 1281
f 1090 1281 1282
f 1090 1282 1283
f 1091 1283 1284
f 1091 1284 1285
f 1092 1285 1286
f 1092 1286 1287
f 1093 1287 1288
f 1093 1288 1289
f 1093 1289 1290
f 1094 1290 1291
f 1095 1292 1293
f 1094 1291 1292
f 1095 1293 1294
f 1096 1294 1295
f 1096 1295 1296
f 1272 1297 1273
f 1273 1298 1274
f 1274 1298 1275
f 1275 1299 1276
f 1276 1299 1277
f 1277 1299 1278
f 1278 1300 1279
f 1279 1300 1280
f 1280 1301 1281
f 1281 1301 1282
f 1282 1302 1283
f 1283 1302 1284
f 1284 1303 1285
f 1285 1303 1286
f 1286 1304 1287
f 1287 1304 1288
f 1288 1305 1289
f 1289 1306 1290
f 1290 1306 1291
f 1291 1308 1292
f 1292 1308 1293
f 1293 1309 1294
f 1294 1309 1295
f 1295 1310 1296
f 1273 1297 1298
f 1275 1298 1299
f 1278 1299 1300
f 1280 1300 1301
f 1282 1301 1302
f 1284 1302 1303
f 1286 1303 1304
f 1288 1304 1305
f 1289 1305 1306
f 1291 1306 1308
f 1293 1308 1309
f 1295 1309 1310
f 701 1309 1308
f 700 1310 1309
f 663 1367 1310
f 662 1368 1367
f 1368 704 1307
f 1368 1307 1369
f 1067 1311 1312
f 1111 1320 1311
f 1311 1320 1312
f 1068 1312 1313
f 1312 1370 1313
f 1085 1296 1314
f 1085 1314 1315
f 1241 1315 1316
f 1241 1316 1317
f 1242 1317 1318
f 1244 1318 1319
f 1296 1310 1314
f 1314 1367 1315
f 1315 1367 1316
f 1316 1368 1317
f 1317 1368 1318
f 1318 1368 1319
f 1310 1367 1314
f 1316 1367 1368
f 1319 1368 1321
f 1320 1377 1312
f 1244 1319 1321
f 1253 1335 1320
f 1244 1321 1322
f 1245 1322 1323
f 1246 1323 1324
f 1246 1324 1325
f 1247 1325 1326
f 1247 1326 1327
f 1248 1327 1328
f 1248 1328 1329
f 1249 1329 1330
f 1250 1330 1331
f 1250 1331 1332
f 1251 1332 1333
f 1252 1333 1334
f 1252 1334 1355
f 1253 1336 1335
f 1254 1337 1336
f 1255 1338 1337
f 1255 1339 1338
f 1256 1341 1340
f 1256 1340 1339
f 1257 1343 1341
f 1258 1342 1343
f 1258 1344 1342
f 1259 1345 1344
f 1259 1346 1345
f 1260 1348 1347
f 1260 1347 1346
f 1261 1366 1348
f 1262 1357 1349
f 1263 1350 1363
f 1262 1349 1350
f 1264 1355 1351
f 1264 1351 1352
f 1265 1352 1354
f 1266 1353 1356
f 1265 1354 1353
f 1267 1356 1358
f 1267 1358 1357
f 1268 1365 1359
f 1269 1360 1366
f 1269 1361 1360
f 1270 1362 1361
f 1268 1359 1362
f 1271 1364 1365
f 1271 1363 1364
f 1368 1371 1321
f 1320 1335 1377
f 1321 1371 1322
f 1322 1372 1323
f 1323 1372 1324
f 1324 1373 1325
f 1325 1373 1326
f 1326 1373 1327
f 1327 1373 1328
f 1328 1374 1329
f 1329 1374 1330
f 1330 1375 1331
f 1331 1375 1332
f 1332 1376 1333
f 1333 1376 1334
f 1334 1384 1355
f 1335 1336 1377
f 1336 1337 1378
f 1337 1338 1378
f 1338 1339 1379
f 1340 1341 1379
f 1339 1340 1379
f 1342 1380 1343
f 1341 1343 1380
f 1342 1344 1381
f 1344 1345 1381
f 1345 1346 1381
f 1346 1347 1381
f 1348 1366 1382
f 1347 1348 1382
f 1349 1383 1350
f 1350 1383 1363
f 1351 1355 1384
f 1351 1384 1352
f 1352 1384 1354
f 1353 1385 1356
f 1353 1354 1385
f 1356 1386 1358
f 1357 1358 1386
f 1349 1357 1386
f 1360 1387 1366
f 1360 1361 1387
f 1359 1388 1362
f 1361 1362 1388
f 1364 1389 1365
f 1363 1389 1364
f 1359 1365 1389
f 1322 1371 1372
f 1324 1372 1373
f 1328 1373 1374
f 1330 1374 1375
f 1332 1375 1376
f 1334 1376 1384
f 1336 1378 1377
f 1338 1379 1378
f 1341 1380 1379
f 1342 1381 1380
f 1347 1382 1381
f 1366 1387 1382
f 1349 1386 1383
f 1354 1384 1385
f 1356 1385 1386
f 1359 1389 1388
f 1361 1388 1387
f 1363 1383 1389
f 1368 1369 1371
f 1312 1377 1370
f 1371 1392 1372
f 1372 1394 1373
f 1373 1398 1374
f 1374 1400 1375
f 1375 1402 1376
f 1376 1404 1384
f 1377 1378 1406
f 1378 1379 1408
f 1379 1380 1411
f 1380 1381 1412
f 1381 1382 1417
f 1382 1387 1436
f 1383 1386 1419
f 1384 1424 1385
f 1385 1426 1386
f 1388 1389 1429
f 1387 1388 1431
f 1383 1433 1389
f 1369 1390 1371
f 1371 1390 1391
f 1370 1377 1405
f 1371 1391 1392
f 1372 1392 1393
f 1372 1393 1394
f 1373 1394 1395
f 1373 1395 1396
f 1373 1396 1397
f 1373 1397 1398
f 1374 1398 1399
f 1374 1399 1400
f 1375 1400 1401
f 1375 1401 1402
f 1376 1402 1403
f 1376 1403 1404
f 1384 1404 1425
f 1377 1406 1405
f 1378 1407 1406
f 1378 1408 1407
f 1379 1409 1408
f 1379 1411 1410
f 1379 1410 1409
f 1380 1412 1413
f 1380 1413 1411
f 1381 1414 1412
f 1381 1415 1414
f 1381 1416 1415
f 1381 1417 1416
f 1382 1436 1418
f 1382 1418 1417
f 1383 1419 1420
f 1383 1420 1433
f 1384 1425 1421
f 1384 1421 1422
f 1384 1422 1424
f 1385 1423 1426
f 1385 1424 1423
f 1386 1426 1428
f 1386 1428 1427
f 1386 1427 1419
f 1387 1430 1436
f 1387 1431 1430
f 1388 1429 1432
f 1388 1432 1431
f 1389 1434 1435
f 1389 1433 1434
f 1389 1435 1429
f 289 290 1437
f 288 289 1437
f 291 294 1440
f 291 1438 292
f 292 1439 293
f 287 293 1439
f 288 1440 294
f 295 1441 296
f 295 297 1441
f 299 1442 300
f 297 300 1442
f 299 301 1443
f 301 302 1444
f 298 1444 302
f 303 304 1446
f 290 303 1445
f 296 1446 304
f 287 1447 305
f 305 1447 306
f 306 1448 307
f 307 1449 308
f 308 1449 309
f 309 1450 311
f 310 311 1451
f 310 1451 312
f 313 1452 314
f 312 1452 313
f 314 1453 315
f 315 1453 316
f 316 1454 317
f 317 1455 318
f 298 319 1456
f 319 320 1457
f 320 321 1457
f 321 322 1458
f 322 323 1458
f 323 324 1459
f 324 325 1460
f 325 326 1460
f 326 327 1461
f 327 328 1461
f 328 329 1462
f 329 330 1463
f 330 331 1463
f 331 332 1464
f 287 1439 1447
f 288 1437 1440
f 290 1445 1437
f 291 1440 1438
f 292 1438 1439
f 296 1441 1446
f 297 1442 1441
f 298 1456 1444
f 299 1443 1442
f 301 1444 1443
f 303 1446 1445
f 306 1447 1448
f 307 1448 1449
f 309 1449 1450
f 311 1450 1451
f 312 1451 1452
f 314 1452 1453
f 316 1453 1454
f 317 1454 1455
f 319 1457 1456
f 321 1458 1457
f 323 1459 1458
f 324 1460 1459
f 326 1461 1460
f 328 1462 1461
f 329 1463 1462
f 331 1464 1463
f 318 1455 334
f 332 333 1465
f 332 1465 1464
f 1464 1465 1503
f 334 1455 1505
f 333 346 1465
f 346 359 1465
f 1439 1466 1447
f 1437 1467 1440
f 1437 1445 1469
f 1438 1440 1472
f 1438 1470 1439
f 1441 1474 1446
f 1441 1442 1475
f 1444 1456 1476
f 1442 1443 1477
f 1443 1444 1478
f 1445 1446 1480
f 1447 1481 1448
f 1448 1482 1449
f 1449 1484 1450
f 1450 1485 1451
f 1451 1486 1452
f 1452 1488 1453
f 1453 1489 1454
f 1454 1490 1455
f 1456 1457 1492
f 1457 1458 1493
f 1458 1459 1495
f 1459 1460 1496
f 1460 1461 1497
f 1461 1462 1499
f 1462 1463 1500
f 1463 1464 1501
f 1437 1469 1468
f 1437 1468 1467
f 1438 1472 1470
f 1439 1470 1471
f 1439 1471 1466
f 1440 1467 1472
f 1441 1473 1474
f 1441 1475 1473
f 1443 1478 1477
f 1442 1477 1475
f 1444 1479 1478
f 1444 1476 1479
f 1445 1480 1469
f 1446 1474 1480
f 1447 1466 1481
f 1448 1481 1482
f 1449 1482 1483
f 1449 1483 1484
f 1450 1484 1485
f 1451 1485 1486
f 1452 1487 1488
f 1452 1486 1487
f 1453 1488 1489
f 1454 1489 1490
f 1455 1490 1491
f 1456 1492 1476
f 1457 1493 1492
f 1458 1494 1493
f 1458 1495 1494
f 1459 1496 1495
f 1460 1497 1496
f 1461 1498 1497
f 1461 1499 1498
f 1462 1500 1499
f 1463 1501 1500
f 1464 1502 1501
f 1455 1491 1504
f 1464 1503 1502
f 1467 1508 1472
f 1468 1469 1508
f 1467 1468 1508
f 1470 1472 1509
f 1470 1509 1471
f 1466 1471 1509
f 1474 1512 1480
f 1473 1512 1474
f 1475 1477 1512
f 1473 1475 1512
f 1477 1478 1513
f 1478 1479 1513
f 1476 1513 1479
f 1469 1480 1508
f 1466 1509 1481
f 1481 1522 1482
f 1482 1522 1483
f 1483 1522 1484
f 1484 1522 1485
f 1485 1528 1486
f 1487 1528 1488
f 1486 1528 1487
f 1488 1528 1489
f 1489 1529 1490
f 1490 1529 1491
f 1476 1492 1513
f 1492 1493 1547
f 1493 1494 1547
f 1494 1495 1547
f 1495 1496 1547
f 1496 1497 1558
f 1497 1498 1558
f 1498 1499 1558
f 1499 1500 1558
f 1500 1501 1559
f 1501 1502 1559
f 1491 1529 1504
f 1502 1503 1559
f 1455 1504 1505
f 1504 1529 1506
f 1503 1465 1507
f 1503 1507 1559
f 334 1505 349
f 349 1505 541
f 1504 1506 1505
f 1505 1506 1645
f 1465 359 1833
f 1465 1833 1507
f 1507 1834 1906
f 1472 1508 1509
f 1477 1513 1512
f 1480 1512 1508
f 1481 1509 1522
f 1485 1522 1528
f 1489 1528 1529
f 1492 1547 1513
f 1496 1558 1547
f 1500 1559 1558
f 1508 1511 1509
f 1508 1510 1511
f 1510 1525 1511
f 1510 1516 1525
f 1516 1526 1525
f 1512 1513 1514
f 1514 1513 1515
f 1514 1515 1518
f 1515 1548 1518
f 1519 1548 1549
f 1508 1512 1510
f 1510 1512 1514
f 1510 1514 1516
f 1514 1518 1516
f 1516 1518 1517
f 1516 1517 1526
f 1518 1519 1517
f 1518 1548 1519
f 1519 1549 1521
f 1517 1519 1520
f 1519 1521 1520
f 1520 1521 1540
f 1509 1511 1523
f 1509 1523 1522
f 1522 1523 1530
f 1522 1530 1528
f 1511 1524 1523
f 1523 1531 1530
f 1523 1524 1531
f 1511 1525 1524
f 1524 1525 1527
f 1525 1526 1527
f 1524 1527 1534
f 1526 1539 1527
f 1527 1539 1535
f 1528 1530 1532
f 1528 1532 1529
f 1530 1531 1533
f 1524 1534 1531
f 1531 1534 1536
f 1530 1533 1532
f 1531 1536 1533
f 1527 1535 1534
f 1534 1535 1537
f 1534 1537 1536
f 1517 1538 1526
f 1526 1538 1539
f 1517 1520 1538
f 1538 1542 1539
f 1520 1541 1538
f 1520 1540 1541
f 1538 1541 1542
f 1535 1539 1543
f 1539 1542 1543
f 1535 1544 1537
f 1535 1543 1544
f 1540 1572 1541
f 1541 1578 1542
f 1541 1572 1578
f 1542 1545 1543
f 1542 1578 1545
f 1543 1546 1544
f 1543 1545 1546
f 1513 1547 1515
f 1515 1547 1550
f 1547 1558 1550
f 1550 1558 1560
f 1548 1550 1551
f 1515 1550 1548
f 1548 1551 1549
f 1551 1552 1549
f 1549 1552 1553
f 1550 1560 1551
f 1551 1561 1552
f 1552 1562 1555
f 1521 1549 1553
f 1521 1553 1554
f 1521 1554 1540
f 1553 1556 1554
f 1552 1555 1553
f 1553 1555 1556
f 1555 1557 1556
f 1558 1559 1560
f 1560 1559 1564
f 1551 1560 1561
f 1560 1564 1561
f 1561 1565 1562
f 1561 1562 1552
f 1555 1562 1563
f 1562 1566 1563
f 1561 1564 1565
f 1565 1566 1562
f 1563 1566 1567
f 1555 1563 1557
f 1557 1563 1568
f 1563 1567 1568
f 1567 1569 1568
f 1556 1557 1575
f 1557 1568 1583
f 1557 1583 1575
f 1568 1570 1583
f 1568 1569 1570
f 1569 1571 1570
f 1540 1554 1573
f 1554 1556 1574
f 1554 1574 1573
f 1540 1573 1572
f 1572 1573 1579
f 1556 1575 1574
f 1574 1575 1577
f 1573 1574 1576
f 1573 1576 1579
f 1574 1577 1576
f 1545 1578 1581
f 1572 1580 1578
f 1572 1579 1580
f 1578 1580 1581
f 1545 1582 1546
f 1545 1581 1582
f 1576 1593 1579
f 1579 1590 1580
f 1581 1592 1582
f 1580 1591 1581
f 1581 1591 1592
f 1575 1583 1584
f 1570 1585 1583
f 1583 1585 1584
f 1575 1584 1577
f 1577 1584 1589
f 1584 1585 1596
f 1570 1571 1586
f 1570 1586 1585
f 1571 1587 1586
f 1585 1586 1594
f 1586 1587 1595
f 1586 1595 1594
f 1587 1597 1595
f 1576 1577 1588
f 1577 1589 1588
f 1579 1593 1590
f 1576 1588 1593
f 1584 1596 1589
f 1580 1590 1591
f 1588 1598 1593
f 1590 1598 1591
f 1590 1593 1598
f 1591 1598 1592
f 1585 1594 1596
f 1589 1596 1598
f 1594 1598 1596
f 1594 1595 1598
f 1595 1597 1598
f 1588 1589 1598
f 1529 1532 1601
f 1532 1533 1603
f 1533 1536 1605
f 1536 1537 1607
f 1537 1544 1609
f 1544 1546 1611
f 1546 1582 1613
f 1582 1592 1615
f 1592 1598 1617
f 1559 1907 1564
f 1564 1909 1565
f 1565 1911 1566
f 1566 1913 1567
f 1567 1915 1569
f 1569 1917 1571
f 1571 1919 1587
f 1587 1921 1597
f 1597 1923 1598
f 1598 1634 1599
f 1506 1529 1600
f 1529 1601 1600
f 1532 1602 1601
f 1532 1603 1602
f 1533 1604 1603
f 1533 1605 1604
f 1536 1606 1605
f 1536 1607 1606
f 1537 1608 1607
f 1537 1609 1608
f 1544 1610 1609
f 1544 1611 1610
f 1546 1612 1611
f 1546 1613 1612
f 1582 1614 1613
f 1582 1615 1614
f 1592 1616 1615
f 1592 1617 1616
f 1598 1618 1617
f 1598 1599 1618
f 1599 1619 1720
f 1599 1718 1618
f 1599 1635 1619
f 1619 1620 1720
f 1619 1636 1620
f 1620 1621 1730
f 1621 1622 1731
f 1622 1623 1729
f 1623 1624 1733
f 1624 1625 1725
f 1625 1626 1727
f 1626 1627 1727
f 1627 1628 1726
f 1628 1629 1726
f 1629 1630 1722
f 1630 1631 1723
f 1631 1632 1724
f 1632 1633 1735
f 1507 1906 1559
f 1559 1906 1907
f 1564 1907 1908
f 1564 1908 1909
f 1565 1909 1910
f 1565 1910 1911
f 1566 1911 1912
f 1566 1912 1913
f 1567 1913 1914
f 1567 1914 1915
f 1569 1915 1916
f 1569 1916 1917
f 1571 1917 1918
f 1571 1918 1919
f 1587 1919 1920
f 1587 1920 1921
f 1597 1921 1922
f 1597 1922 1923
f 1598 1923 1924
f 1598 1924 1634
f 1599 1634 1925
f 1599 1925 1635
f 1635 1925 1636
f 1619 1635 1636
f 1620 1927 1621
f 1621 1929 1622
f 1622 1637 1623
f 1623 1638 1624
f 1624 1933 1625
f 1625 1935 1626
f 1626 1639 1627
f 1627 1938 1628
f 1628 1640 1629
f 1629 1641 1630
f 1630 1642 1631
f 1631 1643 1632
f 1632 1644 1633
f 1620 1636 1927
f 1621 1927 1928
f 1621 1928 1929
f 1622 1929 1930
f 1622 1931 1637
f 1622 1930 1931
f 1623 1637 1932
f 1623 1932 1638
f 1624 1638 1933
f 1625 1933 1934
f 1625 1934 1935
f 1626 1935 1936
f 1626 1936 1937
f 1626 1937 1639
f 1627 1639 1938
f 1628 1938 1939
f 1628 1939 1940
f 1628 1940 1640
f 1629 1640 1941
f 1629 1941 1641
f 1630 1641 1942
f 1630 1942 1642
f 1631 1642 1943
f 1631 1943 1643
f 1632 1643 1944
f 1632 1944 1644
f 1633 1644 2039
f 1505 1645 541
f 541 1645 595
f 1506 1600 1646
f 1506 1676 1645
f 1506 1646 1676
f 1645 1647 595
f 595 1647 615
f 615 1647 616
f 616 1648 617
f 617 1649 618
f 618 1649 619
f 619 1650 620
f 620 1650 621
f 621 1651 622
f 622 1652 623
f 623 1652 624
f 624 1653 625
f 625 1653 626
f 626 1654 627
f 627 1655 628
f 628 1655 629
f 629 1656 630
f 630 1656 631
f 631 1657 632
f 632 1658 633
f 633 1658 634
f 634 1659 635
f 635 1659 636
f 636 1660 637
f 637 1660 638
f 638 1661 639
f 639 1662 640
f 640 1662 641
f 641 1663 642
f 642 1663 643
f 643 1664 644
f 644 1665 645
f 645 1665 646
f 646 1666 647
f 647 1667 648
f 648 1667 649
f 650 1668 651
f 649 1668 650
f 651 1669 652
f 652 1670 653
f 653 1670 654
f 654 1671 655
f 655 1671 656
f 656 1672 657
f 657 1673 658
f 658 1673 659
f 659 1674 660
f 616 1647 1648
f 617 1648 1649
f 619 1649 1650
f 621 1650 1651
f 622 1651 1652
f 624 1652 1653
f 626 1653 1654
f 627 1654 1655
f 629 1655 1656
f 631 1656 1657
f 632 1657 1658
f 634 1658 1659
f 636 1659 1660
f 638 1660 1661
f 639 1661 1662
f 641 1662 1663
f 643 1663 1664
f 644 1664 1665
f 646 1665 1666
f 647 1666 1667
f 649 1667 1668
f 651 1668 1669
f 652 1669 1670
f 654 1670 1671
f 656 1671 1672
f 657 1672 1673
f 659 1673 1674
f 660 1675 661
f 660 1674 1675
f 1674 1677 1675
f 661 1675 664
f 664 1675 703
f 1645 1676 1647
f 1676 1646 1736
f 1676 1678 1647
f 1647 1679 1648
f 1648 1680 1649
f 1649 1681 1650
f 1650 1683 1651
f 1651 1684 1652
f 1652 1685 1653
f 1653 1687 1654
f 1654 1688 1655
f 1655 1689 1656
f 1656 1691 1657
f 1657 1692 1658
f 1658 1693 1659
f 1659 1695 1660
f 1660 1696 1661
f 1661 1697 1662
f 1662 1699 1663
f 1663 1700 1664
f 1664 1701 1665
f 1665 1703 1666
f 1666 1704 1667
f 1667 1705 1668
f 1668 1707 1669
f 1669 1708 1670
f 1670 1709 1671
f 1671 1711 1672
f 1672 1712 1673
f 1673 1713 1674
f 1647 1678 1679
f 1648 1679 1680
f 1649 1680 1681
f 1650 1681 1682
f 1650 1682 1683
f 1651 1683 1684
f 1652 1684 1685
f 1653 1685 1686
f 1653 1686 1687
f 1654 1687 1688
f 1655 1688 1689
f 1656 1689 1690
f 1656 1690 1691
f 1657 1691 1692
f 1658 1692 1693
f 1659 1693 1694
f 1659 1694 1695
f 1660 1695 1696
f 1661 1696 1697
f 1662 1697 1698
f 1662 1698 1699
f 1663 1699 1700
f 1664 1700 1701
f 1665 1701 1702
f 1665 1702 1703
f 1666 1703 1704
f 1667 1704 1705
f 1668 1706 1707
f 1668 1705 1706
f 1669 1707 1708
f 1670 1708 1709
f 1671 1709 1710
f 1671 1710 1711
f 1672 1711 1712
f 1673 1712 1713
f 1674 1713 1714
f 1674 1714 1677
f 1676 1736 1678
f 1678 1736 1679
f 1679 1736 1680
f 1680 1737 1681
f 1681 1737 1682
f 1682 1737 1683
f 1683 1737 1684
f 1684 1746 1685
f 1685 1746 1686
f 1686 1746 1687
f 1687 1746 1688
f 1688 1761 1689
f 1689 1761 1690
f 1690 1761 1691
f 1691 1761 1692
f 1692 1762 1693
f 1693 1762 1694
f 1694 1762 1695
f 1695 1762 1696
f 1696 1771 1697
f 1697 1771 1698
f 1698 1771 1699
f 1699 1771 1700
f 1700 1772 1701
f 1701 1772 1702
f 1702 1772 1703
f 1703 1772 1704
f 1704 1807 1705
f 1706 1807 1707
f 1705 1807 1706
f 1707 1807 1708
f 1708 1815 1709
f 1709 1815 1710
f 1710 1815 1711
f 1711 1815 1712
f 1712 1816 1713
f 1713 1816 1714
f 1714 1816 1677
f 1677 1715 1675
f 1677 1816 1715
f 1715 1816 1717
f 1675 1716 703
f 1675 1715 1716
f 703 1716 1307
f 1715 2054 1716
f 1715 1717 2054
f 1599 1719 1718
f 1599 1720 1719
f 1600 1601 1736
f 1601 1602 1738
f 1602 1603 1738
f 1603 1604 1739
f 1604 1605 1739
f 1605 1606 1742
f 1606 1607 1742
f 1607 1608 1743
f 1608 1609 1743
f 1609 1610 1752
f 1610 1611 1752
f 1611 1612 1759
f 1612 1613 1759
f 1613 1614 1776
f 1614 1615 1776
f 1615 1616 1786
f 1616 1617 1786
f 1617 1618 1792
f 1600 1736 1646
f 1618 1718 1792
f 1719 1720 1721
f 1719 1721 1827
f 1620 1730 1720
f 1630 1723 1722
f 1631 1724 1723
f 1621 1731 1730
f 1622 1732 1731
f 1623 1733 1729
f 1622 1729 1732
f 1624 1725 1733
f 1625 1727 1725
f 1627 1728 1727
f 1627 1726 1728
f 1629 1722 1726
f 1632 1735 1724
f 1633 1734 1735
f 1720 1730 1721
f 1721 1730 1828
f 1601 1738 1736
f 1603 1739 1738
f 1605 1742 1739
f 1607 1743 1742
f 1609 1752 1743
f 1611 1759 1752
f 1613 1776 1759
f 1615 1786 1776
f 1617 1792 1786
f 1718 1719 1792
f 1680 1736 1737
f 1684 1737 1746
f 1688 1746 1761
f 1692 1761 1762
f 1696 1762 1771
f 1700 1771 1772
f 1704 1772 1807
f 1708 1807 1815
f 1712 1815 1816
f 1736 1738 1740
f 1736 1740 1737
f 1738 1739 1741
f 1739 1742 1744
f 1738 1741 1740
f 1739 1744 1741
f 1740 1741 1748
f 1742 1743 1745
f 1741 1744 1749
f 1742 1745 1744
f 1744 1745 1754
f 1737 1740 1747
f 1737 1747 1746
f 1746 1747 1763
f 1746 1763 1761
f 1740 1748 1747
f 1741 1749 1748
f 1747 1748 1750
f 1744 1754 1749
f 1748 1749 1751
f 1748 1751 1750
f 1747 1750 1763
f 1749 1755 1751
f 1743 1753 1745
f 1743 1752 1753
f 1745 1756 1754
f 1745 1753 1756
f 1749 1754 1755
f 1754 1756 1757
f 1754 1757 1755
f 1751 1755 1767
f 1755 1757 1758
f 1755 1758 1767
f 1758 1802 1767
f 1752 1760 1753
f 1752 1759 1760
f 1753 1775 1756
f 1753 1760 1775
f 1756 1775 1780
f 1756 1780 1757
f 1761 1763 1764
f 1761 1764 1762
f 1750 1765 1763
f 1750 1751 1766
f 1763 1765 1764
f 1762 1764 1773
f 1762 1773 1771
f 1750 1766 1765
f 1765 1766 1770
f 1751 1767 1766
f 1764 1765 1769
f 1765 1770 1769
f 1764 1769 1773
f 1766 1767 1768
f 1766 1768 1770
f 1767 1802 1768
f 1769 1770 1809
f 1771 1773 1774
f 1771 1774 1772
f 1769 1808 1773
f 1769 1809 1808
f 1773 1808 1774
f 1759 1777 1760
f 1759 1776 1777
f 1760 1777 1778
f 1760 1778 1775
f 1775 1778 1779
f 1775 1779 1780
f 1776 1786 1787
f 1776 1787 1777
f 1777 1788 1778
f 1777 1787 1788
f 1779 1782 1780
f 1778 1789 1779
f 1779 1790 1782
f 1757 1780 1781
f 1780 1782 1781
f 1757 1781 1758
f 1758 1781 1784
f 1758 1784 1802
f 1781 1782 1783
f 1781 1783 1784
f 1783 1797 1784
f 1784 1785 1802
f 1784 1797 1785
f 1778 1788 1789
f 1786 1792 1787
f 1787 1792 1788
f 1788 1792 1789
f 1789 1792 1790
f 1779 1789 1790
f 1782 1791 1783
f 1782 1790 1791
f 1783 1791 1793
f 1793 1794 1797
f 1790 1792 1791
f 1791 1792 1793
f 1792 1794 1793
f 1792 1795 1794
f 1794 1795 1798
f 1792 1796 1795
f 1783 1793 1797
f 1794 1798 1797
f 1785 1797 1798
f 1785 1798 1799
f 1798 1800 1799
f 1799 1800 1825
f 1795 1800 1798
f 1795 1796 1800
f 1796 1801 1800
f 1800 1801 1825
f 1801 1826 1825
f 1768 1802 1804
f 1768 1804 1803
f 1768 1803 1770
f 1770 1803 1809
f 1803 1806 1809
f 1803 1804 1805
f 1803 1805 1806
f 1772 1774 1811
f 1772 1811 1807
f 1807 1811 1820
f 1807 1820 1815
f 1774 1808 1812
f 1808 1809 1810
f 1808 1810 1812
f 1774 1812 1811
f 1812 1810 1818
f 1806 1810 1809
f 1806 1817 1810
f 1811 1812 1819
f 1811 1819 1820
f 1805 1813 1806
f 1806 1813 1817
f 1813 1814 1817
f 1814 1821 1817
f 1815 1820 1823
f 1815 1823 1816
f 1810 1817 1818
f 1817 1821 1818
f 1812 1818 1819
f 1819 1818 1822
f 1819 1824 1820
f 1818 1821 1822
f 1819 1822 1824
f 1820 1824 1823
f 1785 1804 1802
f 1785 1799 1804
f 1799 1805 1804
f 1799 1825 1805
f 1805 1825 1813
f 1813 1825 1826
f 1813 1826 1814
f 1719 2152 1792
f 1792 2153 1796
f 1796 2155 1801
f 1801 2157 1826
f 1814 2159 1821
f 1816 1823 2161
f 1821 2163 1822
f 1824 1822 2165
f 1823 1824 2166
f 1826 2170 1814
f 1719 1827 2125
f 1827 2128 2125
f 1633 2127 1734
f 1721 2128 1827
f 1721 1828 2128
f 1722 1723 2135
f 1734 2130 1735
f 1724 1735 2132
f 1723 1724 2133
f 1730 1731 2145
f 1731 1732 2147
f 1732 1729 1831
f 1729 1733 1832
f 1725 2149 1733
f 1722 2137 1726
f 1727 1728 1830
f 1726 1829 1728
f 1725 1727 2140
f 1730 2145 1828
f 1734 2129 2130
f 1724 2132 2134
f 1735 2130 2131
f 1735 2131 2132
f 1723 2133 2136
f 1724 2134 2133
f 1723 2136 2135
f 1726 2137 1829
f 1722 2135 2138
f 1722 2138 2137
f 1728 1829 2139
f 1728 2139 1830
f 1727 2142 2141
f 1727 2141 2140
f 1725 2140 2150
f 1727 1830 2142
f 1729 1832 2143
f 1729 2143 1831
f 1731 2144 2145
f 1731 2147 2144
f 1732 2146 2147
f 1732 1831 2148
f 1732 2148 2146
f 1733 2149 1832
f 1725 2150 2149
f 1828 2145 2128
f 1719 2125 2151
f 1719 2151 2152
f 1816 2160 1717
f 1792 2152 2153
f 1796 2153 2154
f 1796 2154 2155
f 1801 2155 2156
f 1801 2156 2157
f 1826 2157 2169
f 1814 2158 2159
f 1816 2161 2160
f 1821 2159 2162
f 1821 2162 2163
f 1822 2163 2164
f 1824 2165 2168
f 1823 2166 2167
f 1823 2167 2161
f 1824 2168 2166
f 1822 2164 2165
f 1826 2169 2170
f 1814 2170 2158
f 359 913 1833
f 913 1835 1833
f 1833 1835 1864
f 1507 1833 1864
f 1507 1864 1834
f 913 999 1835
f 999 1019 1835
f 1019 1020 1835
f 1020 1836 1835
f 1020 1021 1836
f 1021 1022 1837
f 1022 1023 1838
f 1023 1024 1838
f 1024 1025 1839
f 1025 1026 1839
f 1026 1027 1840
f 1027 1028 1840
f 1028 1029 1841
f 1029 1030 1842
f 1030 1031 1842
f 1031 1032 1843
f 1032 1033 1844
f 1033 1034 1844
f 1034 1035 1845
f 1035 1036 1845
f 1036 1037 1846
f 1037 1038 1846
f 1038 1039 1847
f 1039 1040 1848
f 1040 1041 1848
f 1041 1042 1849
f 1042 1043 1849
f 1043 1044 1850
f 1044 1045 1851
f 1045 1046 1851
f 1046 1047 1852
f 1047 1048 1853
f 1048 1049 1853
f 1049 1050 1854
f 1050 1051 1854
f 1051 1052 1855
f 1052 1053 1855
f 1053 1054 1856
f 1054 1055 1857
f 1055 1056 1857
f 1056 1057 1858
f 1057 1058 1859
f 1058 1059 1859
f 1059 1060 1860
f 1060 1061 1860
f 1061 1062 1861
f 1062 1063 1861
f 1063 1064 1862
f 1064 1065 1863
f 1021 1837 1836
f 1022 1838 1837
f 1024 1839 1838
f 1026 1840 1839
f 1028 1841 1840
f 1029 1842 1841
f 1031 1843 1842
f 1032 1844 1843
f 1034 1845 1844
f 1036 1846 1845
f 1038 1847 1846
f 1039 1848 1847
f 1041 1849 1848
f 1043 1850 1849
f 1044 1851 1850
f 1046 1852 1851
f 1047 1853 1852
f 1049 1854 1853
f 1051 1855 1854
f 1053 1856 1855
f 1054 1857 1856
f 1056 1858 1857
f 1057 1859 1858
f 1059 1860 1859
f 1061 1861 1860
f 1063 1862 1861
f 1064 1863 1862
f 1065 1066 1863
f 1835 1836 1865
f 1066 1904 1863
f 1835 1865 1864
f 1864 1946 1834
f 1864 1865 1946
f 1836 1866 1865
f 1836 1837 1867
f 1837 1838 1868
f 1838 1839 1869
f 1839 1840 1871
f 1840 1841 1872
f 1841 1842 1873
f 1842 1843 1875
f 1843 1844 1876
f 1844 1845 1877
f 1845 1846 1879
f 1846 1847 1880
f 1847 1848 1881
f 1848 1849 1883
f 1849 1850 1884
f 1850 1851 1885
f 1851 1852 1887
f 1852 1853 1888
f 1853 1854 1889
f 1854 1855 1891
f 1855 1856 1892
f 1856 1857 1893
f 1857 1858 1895
f 1858 1859 1896
f 1859 1860 1897
f 1860 1861 1899
f 1861 1862 1900
f 1862 1863 1901
f 1836 1867 1866
f 1837 1868 1867
f 1838 1869 1868
f 1839 1870 1869
f 1839 1871 1870
f 1840 1872 1871
f 1841 1873 1872
f 1842 1874 1873
f 1842 1875 1874
f 1843 1876 1875
f 1844 1877 1876
f 1845 1878 1877
f 1845 1879 1878
f 1846 1880 1879
f 1847 1881 1880
f 1848 1882 1881
f 1848 1883 1882
f 1849 1884 1883
f 1850 1885 1884
f 1851 1886 1885
f 1851 1887 1886
f 1852 1888 1887
f 1853 1889 1888
f 1854 1890 1889
f 1854 1891 1890
f 1855 1892 1891
f 1856 1893 1892
f 1857 1894 1893
f 1857 1895 1894
f 1858 1896 1895
f 1859 1897 1896
f 1860 1898 1897
f 1860 1899 1898
f 1861 1900 1899
f 1862 1901 1900
f 1863 1902 1901
f 1863 1903 1902
f 1865 1866 1946
f 1866 1867 1946
f 1867 1868 1946
f 1868 1869 1947
f 1869 1870 1947
f 1870 1871 1947
f 1871 1872 1947
f 1872 1873 1958
f 1873 1874 1958
f 1874 1875 1958
f 1875 1876 1958
f 1876 1877 1998
f 1877 1878 1998
f 1878 1879 1998
f 1879 1880 1998
f 1880 1881 1999
f 1881 1882 1999
f 1882 1883 1999
f 1883 1884 1999
f 1884 1885 2008
f 1885 1886 2008
f 1886 1887 2008
f 1887 1888 2008
f 1888 1889 2009
f 1889 1890 2009
f 1890 1891 2009
f 1891 1892 2009
f 1892 1893 2019
f 1893 1894 2019
f 1894 1895 2019
f 1895 1896 2019
f 1896 1897 2025
f 1897 1898 2025
f 1898 1899 2025
f 1899 1900 2025
f 1900 1901 2026
f 1901 1902 2026
f 1902 1903 2026
f 1863 1904 1903
f 1903 1905 2026
f 1066 1068 1904
f 1068 1313 1904
f 1903 1904 1905
f 1904 2055 1905
f 1907 1906 1946
f 1907 1948 1908
f 1908 1948 1909
f 1909 1949 1910
f 1910 1949 1911
f 1911 1950 1912
f 1912 1950 1913
f 1913 1951 1914
f 1914 1951 1915
f 1915 1956 1916
f 1916 1956 1917
f 1917 1969 1918
f 1918 1969 1919
f 1919 1971 1920
f 1920 1971 1921
f 1921 1976 1922
f 1922 1976 1923
f 1923 1980 1924
f 1906 1834 1946
f 1634 1924 2037
f 1634 2037 1925
f 1636 1925 1926
f 1925 2037 1926
f 1636 1945 1927
f 1927 2040 1928
f 1928 2041 1929
f 1929 2041 1930
f 1931 1930 2042
f 1637 1931 2043
f 1638 1932 2044
f 1637 2043 1932
f 1638 2044 1933
f 1933 2044 1934
f 1936 2046 1937
f 1639 1937 2045
f 1639 2045 1938
f 1938 2045 1939
f 1939 2047 1940
f 1640 1940 2051
f 1640 2051 1941
f 1934 2048 1935
f 1935 2048 1936
f 1641 1941 2050
f 1642 1942 2049
f 1641 2050 1942
f 1643 1943 2038
f 1643 2038 1944
f 1642 2049 1943
f 1644 1944 2039
f 1633 2039 2127
f 1636 1926 2052
f 1636 2052 1945
f 1927 1945 2040
f 1937 2046 2045
f 1939 2045 2047
f 1940 2047 2051
f 1931 2042 2043
f 1932 2043 2044
f 1928 2040 2041
f 1930 2041 2042
f 1934 2044 2048
f 1936 2048 2046
f 1942 2050 2049
f 1943 2049 2038
f 1944 2038 2039
f 1941 2051 2050
f 1907 1946 1948
f 1909 1948 1949
f 1911 1949 1950
f 1913 1950 1951
f 1915 1951 1956
f 1917 1956 1969
f 1919 1969 1971
f 1921 1971 1976
f 1923 1976 1980
f 1924 1980 2037
f 1868 1947 1946
f 1872 1958 1947
f 1876 1998 1958
f 1880 1999 1998
f 1884 2008 1999
f 1888 2009 2008
f 1892 2019 2009
f 1896 2025 2019
f 1900 2026 2025
f 1946 1947 1948
f 1948 1947 1952
f 1948 1952 1949
f 1949 1953 1950
f 1950 1954 1951
f 1949 1952 1953
f 1953 1954 1950
f 1953 1960 1954
f 1951 1954 1955
f 1954 1961 1955
f 1951 1955 1956
f 1955 1957 1956
f 1955 1964 1957
f 1957 1964 1965
f 1947 1958 1952
f 1952 1958 1959
f 1958 1998 1959
f 1959 1998 2000
f 1952 1959 1953
f 1953 1959 1960
f 1960 1961 1954
f 1955 1961 1964
f 1961 1963 1964
f 1959 2000 1960
f 1960 1962 1961
f 1962 1963 1961
f 1960 2000 1962
f 1964 1967 1965
f 1965 1967 1966
f 1963 1967 1964
f 1963 2003 1967
f 1967 2003 2004
f 1966 1967 2004
f 1966 2004 1968
f 1956 1957 1969
f 1969 1957 1970
f 1970 1957 1965
f 1970 1965 1973
f 1965 1966 1973
f 1966 1987 1973
f 1966 1968 1987
f 1969 1970 1971
f 1970 1972 1971
f 1971 1972 1976
f 1972 1977 1976
f 1972 1974 1977
f 1970 1973 1972
f 1972 1973 1974
f 1973 1987 1974
f 1974 1987 1975
f 1974 1975 1978
f 1975 1989 1979
f 1976 1977 1980
f 1974 1978 1977
f 1977 1978 1980
f 1978 1979 1980
f 1979 1981 1980
f 1980 1981 1982
f 1975 1979 1978
f 1979 1989 1981
f 1981 1990 1982
f 1981 1989 1990
f 1982 1993 1983
f 1980 1982 1983
f 1980 1983 1984
f 1980 1984 1985
f 1980 1985 1986
f 1983 1994 1984
f 1975 1987 1988
f 1968 1988 1987
f 1975 1988 1989
f 1988 1991 1989
f 1989 1991 1990
f 1968 2012 1988
f 1988 2012 1991
f 1991 2012 2013
f 1990 1991 1992
f 1991 2013 1992
f 1982 1990 1993
f 1983 1993 1994
f 1990 1992 1993
f 1984 1995 1985
f 1984 1994 1995
f 1985 1995 1996
f 1985 1996 1986
f 1992 1997 1993
f 1993 1997 1994
f 1994 1997 2035
f 1994 2035 1995
f 1995 2036 1996
f 1995 2035 2036
f 1998 1999 2000
f 2000 1999 2001
f 1962 2000 2001
f 1962 2002 1963
f 1962 2001 2002
f 1999 2008 2001
f 2001 2008 2010
f 1963 2002 2003
f 1968 2004 2005
f 2003 2007 2004
f 2004 2007 2005
f 2001 2010 2002
f 2002 2006 2003
f 2002 2010 2006
f 2006 2007 2003
f 2006 2020 2007
f 2005 2007 2021
f 2008 2009 2010
f 2010 2009 2011
f 2006 2010 2011
f 2006 2011 2020
f 2007 2020 2021
f 1968 2005 2012
f 2005 2015 2012
f 2012 2015 2013
f 2005 2021 2015
f 2013 2015 2016
f 2013 2016 2014
f 2015 2022 2016
f 2014 2027 2017
f 2014 2016 2027
f 2017 2029 2018
f 2017 2027 2029
f 2009 2019 2011
f 2011 2019 2023
f 2019 2025 2023
f 2023 2025 2032
f 2011 2023 2020
f 2020 2024 2021
f 2024 2022 2021
f 2015 2021 2022
f 2016 2022 2028
f 2020 2023 2024
f 2023 2032 2024
f 2024 2031 2022
f 2025 2026 2032
f 2032 2026 2033
f 2031 2028 2022
f 2016 2028 2027
f 2027 2028 2030
f 2027 2030 2029
f 2024 2032 2031
f 2031 2034 2028
f 2031 2032 2033
f 2034 2030 2028
f 2031 2033 2034
f 1992 2013 2014
f 1992 2014 1997
f 1997 2017 2035
f 1997 2014 2017
f 2035 2018 2036
f 2035 2017 2018
f 1980 1986 2173
f 1986 1996 2175
f 1996 2036 2177
f 2018 2029 2179
f 2026 2181 2033
f 2029 2030 2183
f 2034 2185 2030
f 2033 2186 2034
f 2036 2018 2190
f 1926 2037 2052
f 1980 2172 2037
f 1905 2180 2026
f 1980 2173 2172
f 1986 2174 2173
f 1986 2175 2174
f 1996 2176 2175
f 1996 2177 2176
f 2036 2189 2177
f 2018 2179 2178
f 2026 2180 2181
f 2029 2182 2179
f 2029 2183 2182
f 2030 2184 2183
f 2034 2188 2185
f 2033 2187 2186
f 2033 2181 2187
f 2034 2186 2188
f 2030 2185 2184
f 2036 2190 2189
f 2018 2178 2190
f 2037 2053 2052
f 2037 2172 2171
f 2037 2191 2053
f 2040 2052 2053
f 1945 2052 2040
f 2038 2192 2039
f 2038 2049 2193
f 2047 2196 2051
f 2044 2043 2205
f 2040 2202 2041
f 2042 2041 2203
f 2042 2201 2043
f 2045 2198 2047
f 2046 2048 2199
f 2045 2046 2199
f 2044 2200 2048
f 2040 2053 2202
f 2049 2050 2194
f 2050 2051 2195
f 1716 2057 1307
f 1716 2054 2057
f 1717 2160 2054
f 1904 1313 2055
f 1313 1370 2055
f 1905 2056 2180
f 1905 2055 2086
f 1905 2086 2056
f 1307 2057 1369
f 1369 2057 1390
f 2055 1370 2067
f 1390 2057 1391
f 1391 2057 2058
f 1370 1405 2067
f 1391 2058 1392
f 1392 2059 1393
f 1393 2060 1394
f 1394 2060 1395
f 1395 2061 1396
f 1396 2061 1397
f 1397 2062 1398
f 1398 2062 1399
f 1399 2063 1400
f 1400 2064 1401
f 1401 2064 1402
f 1402 2065 1403
f 1403 2066 1404
f 1404 2066 1425
f 1405 1406 2067
f 1406 1407 2068
f 1407 1408 2069
f 1408 1409 2069
f 1410 1411 2070
f 1409 1410 2070
f 1411 1413 2071
f 1412 2072 1413
f 1412 1414 2072
f 1414 1415 2073
f 1415 1416 2073
f 1417 1418 2074
f 1416 1417 2074
f 1418 1436 2075
f 1419 1427 2076
f 1420 2077 1433
f 1419 2076 1420
f 1421 1425 2078
f 1421 2078 1422
f 1422 2079 1424
f 1423 2080 1426
f 1423 1424 2079
f 1426 2081 1428
f 1427 1428 2081
f 1429 1435 2082
f 1430 2083 1436
f 1430 1431 2083
f 1431 1432 2084
f 1429 2082 1432
f 1434 2085 1435
f 1433 2085 1434
f 1392 2058 2059
f 1393 2059 2060
f 1395 2060 2061
f 1397 2061 2062
f 1399 2062 2063
f 1400 2063 2064
f 1402 2064 2065
f 1403 2065 2066
f 1406 2068 2067
f 1407 2069 2068
f 1409 2070 2069
f 1411 2071 2070
f 1413 2072 2071
f 1414 2073 2072
f 1416 2074 2073
f 1418 2075 2074
f 1420 2076 2077
f 1422 2078 2079
f 1423 2079 2080
f 1425 2066 2078
f 1426 2080 2081
f 1427 2081 2076
f 1431 2084 2083
f 1432 2082 2084
f 1433 2077 2085
f 1435 2085 2082
f 1436 2083 2075
f 2057 2087 2058
f 2054 2087 2057
f 2054 2219 2087
f 2055 2067 2086
f 2086 2242 2056
f 2058 2087 2088
f 2086 2067 2099
f 2058 2089 2059
f 2059 2090 2060
f 2060 2091 2061
f 2061 2093 2062
f 2062 2094 2063
f 2063 2095 2064
f 2064 2097 2065
f 2065 2098 2066
f 2067 2068 2100
f 2068 2069 2101
f 2069 2070 2102
f 2070 2071 2104
f 2071 2072 2105
f 2072 2073 2106
f 2073 2074 2108
f 2074 2075 2109
f 2076 2110 2077
f 2078 2112 2079
f 2079 2113 2080
f 2066 2114 2078
f 2080 2115 2081
f 2076 2081 2116
f 2083 2084 2120
f 2082 2118 2084
f 2077 2121 2085
f 2082 2085 2123
f 2075 2083 2124
f 2058 2088 2089
f 2059 2089 2090
f 2060 2090 2091
f 2061 2091 2092
f 2061 2092 2093
f 2062 2093 2094
f 2063 2094 2095
f 2064 2095 2096
f 2064 2096 2097
f 2065 2097 2098
f 2066 2098 2114
f 2067 2100 2099
f 2068 2101 2100
f 2069 2102 2101
f 2070 2104 2103
f 2070 2103 2102
f 2071 2105 2104
f 2072 2106 2105
f 2073 2107 2106
f 2073 2108 2107
f 2074 2109 2108
f 2075 2124 2109
f 2076 2116 2110
f 2077 2110 2121
f 2078 2114 2111
f 2078 2111 2112
f 2079 2112 2113
f 2080 2113 2115
f 2081 2115 2117
f 2081 2117 2116
f 2082 2123 2118
f 2083 2119 2124
f 2083 2120 2119
f 2084 2118 2120
f 2085 2122 2123
f 2085 2121 2122
f 2087 2219 2088
f 2086 2099 2242
f 2088 2219 2089
f 2089 2219 2090
f 2090 2220 2091
f 2091 2220 2092
f 2092 2220 2093
f 2093 2220 2094
f 2094 2231 2095
f 2095 2231 2096
f 2096 2231 2097
f 2097 2231 2098
f 2098 2285 2114
f 2099 2100 2242
f 2100 2101 2242
f 2101 2102 2246
f 2103 2104 2246
f 2102 2103 2246
f 2104 2105 2246
f 2105 2106 2262
f 2106 2107 2262
f 2107 2108 2262
f 2108 2109 2262
f 2109 2124 2291
f 2110 2294 2121
f 2111 2114 2285
f 2111 2285 2112
f 2112 2285 2113
f 2113 2286 2115
f 2115 2286 2117
f 2116 2117 2286
f 2110 2116 2286
f 2119 2291 2124
f 2119 2120 2291
f 2118 2291 2120
f 2122 2294 2123
f 2121 2294 2122
f 2118 2123 2294
f 2125 2128 2126
f 2125 2126 2191
f 1734 2127 2192
f 1734 2192 2129
f 2129 2193 2130
f 2130 2193 2131
f 2131 2194 2132
f 2132 2194 2134
f 2133 2134 2195
f 2133 2195 2136
f 2135 2136 2196
f 1829 2137 2197
f 2135 2196 2138
f 2138 2197 2137
f 1829 2197 2139
f 1830 2139 2198
f 1830 2198 2142
f 2142 2199 2141
f 2140 2141 2200
f 2140 2200 2150
f 1831 2201 2148
f 1832 2205 2143
f 1831 2143 2201
f 2144 2202 2145
f 2144 2147 2203
f 2146 2203 2147
f 2146 2148 2204
f 1832 2149 2205
f 2149 2150 2205
f 2039 2192 2127
f 2126 2128 2206
f 2128 2145 2202
f 2129 2192 2193
f 2131 2193 2194
f 2134 2194 2195
f 2136 2195 2196
f 2138 2196 2197
f 2139 2197 2198
f 2142 2198 2199
f 2141 2199 2200
f 2143 2205 2201
f 2148 2201 2204
f 2144 2203 2202
f 2146 2204 2203
f 2150 2200 2205
f 2125 2191 2151
f 2151 2207 2152
f 2152 2207 2153
f 2153 2208 2154
f 2154 2208 2155
f 2155 2211 2156
f 2156 2211 2157
f 2157 2235 2169
f 2158 2217 2159
f 2160 2161 2219
f 2159 2221 2162
f 2162 2221 2163
f 2163 2222 2164
f 2165 2224 2168
f 2166 2223 2167
f 2161 2167 2223
f 2166 2168 2224
f 2165 2164 2222
f 2169 2235 2170
f 2170 2217 2158
f 2054 2160 2219
f 2126 2206 2191
f 2037 2171 2191
f 2171 2172 2207
f 2172 2173 2207
f 2173 2174 2209
f 2174 2175 2209
f 2175 2176 2213
f 2176 2177 2213
f 2177 2189 2276
f 2178 2179 2237
f 2181 2180 2242
f 2179 2182 2248
f 2182 2183 2248
f 2183 2184 2249
f 2185 2188 2254
f 2186 2187 2253
f 2181 2253 2187
f 2186 2254 2188
f 2185 2249 2184
f 2189 2190 2276
f 2190 2178 2237
f 2180 2056 2242
f 2053 2191 2206
f 2038 2193 2192
f 2049 2194 2193
f 2050 2195 2194
f 2051 2196 2195
f 2047 2197 2196
f 2041 2202 2203
f 2042 2203 2204
f 2043 2201 2205
f 2042 2204 2201
f 2047 2198 2197
f 2045 2199 2198
f 2048 2200 2199
f 2044 2205 2200
f 2128 2202 2206
f 2053 2206 2202
f 2151 2191 2207
f 2153 2207 2208
f 2155 2208 2211
f 2157 2211 2235
f 2159 2217 2221
f 2161 2223 2219
f 2163 2221 2222
f 2165 2222 2224
f 2166 2224 2223
f 2170 2235 2217
f 2171 2207 2191
f 2173 2209 2207
f 2175 2213 2209
f 2177 2276 2213
f 2179 2248 2237
f 2181 2242 2253
f 2183 2249 2248
f 2185 2254 2249
f 2186 2253 2254
f 2190 2237 2276
f 2090 2219 2220
f 2094 2220 2231
f 2098 2231 2285
f 2101 2246 2242
f 2105 2262 2246
f 2109 2291 2262
f 2110 2286 2294
f 2113 2285 2286
f 2118 2294 2291
f 2207 2210 2208
f 2207 2209 2210
f 2208 2212 2211
f 2211 2236 2235
f 2208 2210 2212
f 2211 2212 2236
f 2209 2213 2214
f 2209 2214 2210
f 2210 2214 2215
f 2213 2276 2277
f 2213 2277 2214
f 2214 2277 2278
f 2210 2215 2212
f 2212 2216 2236
f 2212 2215 2216
f 2214 2278 2215
f 2215 2239 2216
f 2215 2278 2239
f 2217 2225 2221
f 2217 2218 2225
f 2219 2223 2220
f 2223 2228 2220
f 2221 2226 2222
f 2224 2222 2227
f 2223 2224 2228
f 2221 2225 2226
f 2227 2222 2226
f 2224 2227 2228
f 2218 2230 2225
f 2218 2229 2230
f 2216 2279 2229
f 2216 2239 2279
f 2229 2279 2280
f 2229 2280 2230
f 2230 2280 2287
f 2220 2228 2231
f 2228 2233 2231
f 2231 2233 2285
f 2233 2288 2285
f 2232 2234 2226
f 2232 2226 2225
f 2232 2225 2230
f 2227 2226 2234
f 2227 2233 2228
f 2227 2234 2233
f 2232 2289 2234
f 2232 2287 2289
f 2234 2289 2288
f 2232 2230 2287
f 2233 2234 2288
f 2235 2218 2217
f 2235 2236 2218
f 2236 2229 2218
f 2216 2229 2236
f 2237 2251 2238
f 2237 2248 2251
f 2238 2267 2240
f 2238 2251 2267
f 2278 2240 2241
f 2278 2241 2239
f 2239 2241 2281
f 2240 2267 2268
f 2240 2268 2241
f 2241 2268 2272
f 2241 2272 2281
f 2272 2295 2281
f 2242 2255 2253
f 2242 2256 2255
f 2242 2257 2256
f 2242 2259 2257
f 2242 2243 2259
f 2242 2246 2245
f 2242 2245 2247
f 2242 2244 2243
f 2242 2247 2244
f 2247 2245 2263
f 2244 2247 2275
f 2248 2250 2251
f 2248 2249 2250
f 2252 2267 2251
f 2252 2251 2250
f 2252 2265 2267
f 2254 2258 2249
f 2258 2250 2249
f 2258 2260 2250
f 2253 2255 2254
f 2254 2255 2258
f 2256 2260 2258
f 2255 2256 2258
f 2256 2257 2260
f 2252 2250 2260
f 2252 2260 2261
f 2252 2261 2265
f 2261 2273 2265
f 2257 2261 2260
f 2257 2259 2261
f 2259 2273 2261
f 2243 2274 2273
f 2259 2243 2273
f 2244 2274 2243
f 2247 2263 2275
f 2245 2264 2263
f 2245 2246 2264
f 2246 2262 2264
f 2271 2263 2264
f 2262 2292 2264
f 2262 2291 2292
f 2271 2264 2292
f 2265 2268 2267
f 2265 2266 2268
f 2269 2295 2272
f 2266 2269 2272
f 2269 2270 2295
f 2266 2272 2268
f 2265 2273 2266
f 2266 2273 2274
f 2269 2274 2275
f 2266 2274 2269
f 2244 2275 2274
f 2269 2275 2270
f 2270 2263 2271
f 2270 2275 2263
f 2276 2237 2238
f 2276 2238 2277
f 2277 2238 2240
f 2277 2240 2278
f 2286 2290 2294
f 2290 2293 2294
f 2239 2281 2279
f 2279 2282 2280
f 2279 2281 2282
f 2283 2284 2287
f 2283 2280 2282
f 2283 2287 2280
f 2283 2282 2297
f 2295 2297 2282
f 2283 2297 2296
f 2295 2282 2281
f 2284 2296 2293
f 2283 2296 2284
f 2284 2293 2290
f 2288 2290 2286
f 2285 2288 2286
f 2284 2290 2289
f 2284 2289 2287
f 2288 2289 2290
f 2291 2294 2293
f 2292 2291 2293
f 2271 2296 2297
f 2270 2297 2295
f 2292 2293 2296
f 2270 2271 2297
f 2271 2292 2296
f 91 175 90
f 92 90 175
f 91 38 175
f 39 40 175
f 40 41 175
f 39 175 38
f 88 175 93
f 61 60 175
f 93 175 60
f 88 92 175
f 61 175 83
f 83 175 84
f 84 175 86
f 86 175 87
f 87 175 190
f 175 382 718
f 190 175 717
f 175 718 717
f 382 383 738
f 383 384 738
f 384 406 738
f 406 408 738
f 409 753 408
f 409 413 753
f 413 429 753
f 429 430 753
f 430 432 753
f 432 525 783
f 382 738 718
f 739 738 408
f 739 408 741
f 742 741 408
f 742 408 749
f 749 408 750
f 750 408 752
f 752 408 753
f 432 754 753
f 432 776 754
f 432 777 776
f 432 780 777
f 432 781 780
f 432 782 781
f 432 783 782
f 525 1069 1109
f 1109 1069 1082
f 525 1109 783
f 1082 1119 1109
f 1109 1119 1121
f 1109 1121 1122
f 1109 1122 1115
f 1109 1116 1118
f 1109 1115 1116
f 1109 1145 1141
f 1109 1142 1140
f 1109 1141 1142
f 1109 1118 1145