# https://github.com/mikedh/trimesh

o geometry_0
v 0.11577419 0.12411014 -0.01095984 0.81764706 1.07058823 0.90000000
v 0.11983244 0.12409799 -0.01095984 0.81764706 1.07058823 0.90000000
v 0.11577419 0.12411014 -0.01828275 0.81764706 1.07058823 0.90000000
v 0.02234942 0.12411014 -0.01095984 0.81764706 1.07058823 0.90000000
v 0.12046425 0.12387935 -0.01095984 0.81764706 1.07058823 0.90000000
v 0.11983244 0.12409799 -0.01828275 0.81764706 1.07058823 0.90000000
v 0.11983244 0.12380647 -0.02234382 0.81764706 1.07058823 0.90000000
v 0.02234942 0.12411014 -0.01828275 0.81764706 1.07058823 0.90000000
v -0.00001956 0.12380647 -0.02234382 0.81764706 1.07058823 0.90000000
v -0.00001956 0.12330846 -0.01828275 0.81764706 1.07058823 0.90000000
v -0.00001956 0.12226385 -0.01095984 0.81764706 1.07058823 0.90000000
v 0.12299154 0.12299265 -0.01095984 0.81764706 1.07058823 0.90000000
v 0.12299154 0.12299265 -0.01828275 0.81764706 1.07058823 0.90000000
v 0.12283359 0.12283473 -0.02234382 0.81764706 1.07058823 0.90000000
v 0.12240831 0.12240961 -0.02480639 0.81764706 1.07058823 0.90000000
v 0.11983244 0.12268897 -0.02502240 0.81764706 1.07058823 0.90000000
v -0.00001956 0.12268897 -0.02502240 0.81764706 1.07058823 0.90000000
v -0.00001956 0.10575654 -0.01095984 0.81764706 1.07058823 0.90000000
v 0.12410939 0.11983452 -0.01095984 0.81764706 1.07058823 0.90000000
v 0.12410939 0.11983452 -0.01828275 0.81764706 1.07058823 0.90000000
v 0.12380563 0.11983452 -0.02234382 0.81764706 1.07058823 0.90000000
v 0.11983244 0.11983452 -0.02567045 0.81764706 1.07058823 0.90000000
v 0.12268777 0.11983452 -0.02502240 0.81764706 1.07058823 0.90000000
v -0.00001956 0.12127996 -0.02534355 0.81764706 1.07058823 0.90000000
v -0.00001956 0.00001992 -0.01182822 0.81764706 1.07058823 0.90000000
v 0.10575006 0.00001992 -0.01095984 0.81764706 1.07058823 0.90000000
v 0.12410939 0.02234547 -0.01095984 0.81764706 1.07058823 0.90000000
v 0.12410939 0.02234547 -0.01828275 0.81764706 1.07058823 0.90000000
v 0.12380563 0.00001992 -0.02234382 0.81764706 1.07058823 0.90000000
v 0.12124188 0.00001992 -0.02535075 0.81764706 1.07058823 0.90000000
v 0.11983244 0.00001992 -0.02567045 0.81764706 1.07058823 0.90000000
v -0.00001956 0.11983452 -0.02567045 0.81764706 1.07058823 0.90000000
v 0.12268777 0.00001992 -0.02502240 0.81764706 1.07058823 0.90000000
v -0.00001956 0.00203626 -0.02567045 0.81764706 1.07058823 0.90000000
v -0.00000740 0.00001992 -0.02567045 0.81764706 1.07058823 0.90000000
v 0.12226252 0.00001992 -0.01095984 0.81764706 1.07058823 0.90000000
v 0.12356262 0.00001992 -0.02033201 0.81764706 1.07058823 0.90000000
v 0.12330746 0.00001992 -0.01828275 0.81764706 1.07058823 0.90000000
f 1 2 6
f 1 6 3
f 1 3 8
f 1 8 4
f 1 4 11
f 1 11 18
f 1 18 26
f 1 26 36
f 1 36 27
f 1 27 19
f 1 19 12
f 1 12 5
f 1 5 2
f 2 5 6
f 3 6 7
f 3 7 9
f 3 9 8
f 4 8 9
f 4 9 10
f 4 10 11
f 5 12 13
f 5 13 6
f 6 13 14
f 6 14 7
f 7 14 15
f 7 15 16
f 7 16 17
f 7 17 9
f 9 17 24
f 9 24 32
f 9 32 34
f 9 34 25
f 9 25 18
f 9 18 11
f 9 11 10
f 12 19 20
f 12 20 13
f 13 20 14
f 14 20 21
f 14 21 15
f 15 22 16
f 15 21 23
f 15 23 22
f 16 22 24
f 16 24 17
f 18 25 26
f 19 27 28
f 19 28 20
f 20 28 29
f 20 29 21
f 21 29 33
f 21 33 23
f 22 23 30
f 22 30 31
f 22 31 35
f 22 35 34
f 22 34 32
f 22 32 24
f 23 33 30
f 25 34 35
f 25 35 31
f 25 31 30
f 25 30 33
f 25 33 29
f 25 29 37
f 25 37 38
f 25 38 36
f 25 36 26
f 27 37 29
f 27 29 28
f 27 36 38
f 27 38 37

o geometry_1
v -0.12410939 -0.11984438 -0.00851490 0.81176471 0.63529411 0.96470587
v -0.12410939 -0.10968475 -0.00851490 0.81176471 0.63529411 0.96470587
v -0.12299189 -0.12299181 -0.00851490 0.81176471 0.63529411 0.96470587
v -0.12410939 -0.11984438 0.01827971 0.81176471 0.63529411 0.96470587
v -0.12410939 -0.10968475 0.01827971 0.81176471 0.63529411 0.96470587
v -0.06035179 -0.10968475 -0.00851490 0.81176471 0.63529411 0.96470587
v -0.12171650 -0.12344366 -0.00851490 0.81176471 0.63529411 0.96470587
v -0.12299189 -0.12299181 0.01827971 0.81176471 0.63529411 0.96470587
v -0.12380571 -0.11984438 0.02234223 0.81176471 0.63529411 0.96470587
v -0.12283400 -0.12284071 0.02234223 0.81176471 0.63529411 0.96470587
v -0.12380571 -0.10968475 0.02234223 0.81176471 0.63529411 0.96470587
v -0.00001956 -0.10977089 -0.00851490 0.81176471 0.63529411 0.96470587
v -0.06477317 -0.10968475 0.02051844 0.81176471 0.63529411 0.96470587
v -0.11983377 -0.12410873 -0.00851490 0.81176471 0.63529411 0.96470587
v -0.11983377 -0.12410873 0.01827971 0.81176471 0.63529411 0.96470587
v -0.12324698 -0.10968475 0.02368413 0.81176471 0.63529411 0.96470587
v -0.12240885 -0.12241851 0.02480517 0.81176471 0.63529411 0.96470587
v -0.12268822 -0.11984438 0.02502268 0.81176471 0.63529411 0.96470587
v -0.11983377 -0.12380655 0.02234223 0.81176471 0.63529411 0.96470587
v -0.00001956 -0.11026652 0.01827971 0.81176471 0.63529411 0.96470587
v -0.00001956 -0.12223353 -0.00851490 0.81176471 0.63529411 0.96470587
v -0.06712960 -0.10968475 0.02303159 0.81176471 0.63529411 0.96470587
v -0.11577681 -0.12411014 -0.00851490 0.81176471 0.63529411 0.96470587
v -0.11577681 -0.12411014 0.01827971 0.81176471 0.63529411 0.96470587
v -0.12268822 -0.10968475 0.02502268 0.81176471 0.63529411 0.96470587
v -0.11983377 -0.12268962 0.02502268 0.81176471 0.63529411 0.96470587
v -0.11983377 -0.11984438 0.02567188 0.81176471 0.63529411 0.96470587
v -0.11577681 -0.12380796 0.02234223 0.81176471 0.63529411 0.96470587
v -0.00001956 -0.11070990 0.02234223 0.81176471 0.63529411 0.96470587
v -0.07108941 -0.10968475 0.02410243 0.81176471 0.63529411 0.96470587
v -0.07529214 -0.10968475 0.02495910 0.81176471 0.63529411 0.96470587
v -0.00001956 -0.12380796 0.02234223 0.81176471 0.63529411 0.96470587
v -0.02234503 -0.12411014 -0.00851490 0.81176471 0.63529411 0.96470587
v -0.02234503 -0.12411014 0.01827971 0.81176471 0.63529411 0.96470587
v -0.11983377 -0.10968475 0.02567188 0.81176471 0.63529411 0.96470587
v -0.00001956 -0.12325444 0.02367075 0.81176471 0.63529411 0.96470587
v -0.00001956 -0.12268962 0.02502268 0.81176471 0.63529411 0.96470587
v -0.00001956 -0.11984438 0.02567188 0.81176471 0.63529411 0.96470587
v -0.00001956 -0.11245234 0.02502268 0.81176471 0.63529411 0.96470587
v -0.07717487 -0.10968475 0.02514651 0.81176471 0.63529411 0.96470587
v -0.07921548 -0.10968475 0.02534729 0.81176471 0.63529411 0.96470587
v -0.11577681 -0.10968475 0.02567188 0.81176471 0.63529411 0.96470587
v -0.00001956 -0.11578335 0.02567188 0.81176471 0.63529411 0.96470587
v -0.00001956 -0.11413268 0.02535063 0.81176471 0.63529411 0.96470587
v -0.08327245 -0.10968475 0.02552799 0.81176471 0.63529411 0.96470587
f 39 40 44
f 39 44 50
f 39 50 59
f 39 59 71
f 39 71 61
f 39 61 52
f 39 52 45
f 39 45 41
f 39 41 46
f 39 46 42
f 39 42 43
f 39 43 40
f 40 43 49
f 40 49 54
f 40 54 63
f 40 63 73
f 40 73 80
f 40 80 83
f 40 83 79
f 40 79 78
f 40 78 69
f 40 69 68
f 40 68 60
f 40 60 51
f 40 51 44
f 41 45 46
f 42 47 49
f 42 49 43
f 42 46 48
f 42 48 47
f 44 51 50
f 45 52 53
f 45 53 46
f 46 53 48
f 47 54 49
f 47 48 55
f 47 55 56
f 47 56 54
f 48 53 57
f 48 57 55
f 50 58 67
f 50 67 77
f 50 77 82
f 50 82 81
f 50 81 76
f 50 76 75
f 50 75 74
f 50 74 70
f 50 70 59
f 50 51 60
f 50 60 58
f 52 61 62
f 52 62 53
f 53 62 66
f 53 66 57
f 54 56 63
f 55 57 64
f 55 64 65
f 55 65 56
f 56 65 73
f 56 73 63
f 57 66 64
f 58 60 68
f 58 68 69
f 58 69 67
f 59 70 71
f 61 71 72
f 61 72 62
f 62 72 70
f 62 70 66
f 64 66 74
f 64 74 75
f 64 75 76
f 64 76 65
f 65 76 81
f 65 81 80
f 65 80 73
f 66 70 74
f 67 69 78
f 67 78 79
f 67 79 77
f 70 72 71
f 77 79 83
f 77 83 82
f 80 81 83
f 81 82 83

o geometry_2
v -0.12410939 0.02234547 -0.01828145 0.65294118 1.33529412 1.44117646
v -0.12380571 0.00001992 -0.02234286 0.65294118 1.33529412 1.44117646
v -0.12410939 0.02234547 -0.01179052 0.65294118 1.33529412 1.44117646
v -0.12410939 0.11983452 -0.01828145 0.65294118 1.33529412 1.44117646
v -0.12268822 0.00001992 -0.02502239 0.65294118 1.33529412 1.44117646
v -0.12330769 0.00001992 -0.01828145 0.65294118 1.33529412 1.44117646
v -0.12380571 0.11983452 -0.02234286 0.65294118 1.33529412 1.44117646
v -0.12228739 0.00001992 -0.01179052 0.65294118 1.33529412 1.44117646
v -0.12410939 0.11983452 -0.01179052 0.65294118 1.33529412 1.44117646
v -0.12299189 0.12299265 -0.01828145 0.65294118 1.33529412 1.44117646
v -0.12283400 0.12283473 -0.02234286 0.65294118 1.33529412 1.44117646
v -0.12127921 0.00001992 -0.02534442 0.65294118 1.33529412 1.44117646
v -0.12268822 0.11983452 -0.02502239 0.65294118 1.33529412 1.44117646
v -0.12240885 0.12240961 -0.02480634 0.65294118 1.33529412 1.44117646
v -0.10361805 0.00001992 -0.01179052 0.65294118 1.33529412 1.44117646
v -0.12299189 0.12299265 -0.01179052 0.65294118 1.33529412 1.44117646
v -0.12171650 0.12344206 -0.01179052 0.65294118 1.33529412 1.44117646
v -0.11983377 0.12409799 -0.01828145 0.65294118 1.33529412 1.44117646
v -0.11983377 0.12380647 -0.02234286 0.65294118 1.33529412 1.44117646
v -0.11983377 0.00001992 -0.02567188 0.65294118 1.33529412 1.44117646
v -0.11983377 0.11983452 -0.02567188 0.65294118 1.33529412 1.44117646
v -0.11983377 0.12268897 -0.02502239 0.65294118 1.33529412 1.44117646
v -0.00001956 0.00001992 -0.01182857 0.65294118 1.33529412 1.44117646
v -0.00001956 0.10361874 -0.01179052 0.65294118 1.33529412 1.44117646
v -0.11983377 0.12409799 -0.01179052 0.65294118 1.33529412 1.44117646
v -0.11577681 0.12411014 -0.01828145 0.65294118 1.33529412 1.44117646
v -0.00001956 0.12380647 -0.02234286 0.65294118 1.33529412 1.44117646
v -0.00003170 0.00001992 -0.02567188 0.65294118 1.33529412 1.44117646
v -0.00001956 0.12127996 -0.02534442 0.65294118 1.33529412 1.44117646
v -0.00001956 0.11983452 -0.02567188 0.65294118 1.33529412 1.44117646
v -0.00001956 0.12268897 -0.02502239 0.65294118 1.33529412 1.44117646
v -0.00001956 0.00203626 -0.02567188 0.65294118 1.33529412 1.44117646
v -0.00001956 0.12228813 -0.01179052 0.65294118 1.33529412 1.44117646
v -0.11577681 0.12411014 -0.01179052 0.65294118 1.33529412 1.44117646
v -0.02234503 0.12411014 -0.01828145 0.65294118 1.33529412 1.44117646
v -0.02234503 0.12411014 -0.01179052 0.65294118 1.33529412 1.44117646
v -0.00001956 0.12330846 -0.01828145 0.65294118 1.33529412 1.44117646
f 84 85 86
f 84 86 92
f 84 92 87
f 84 87 90
f 84 90 85
f 85 88 95
f 85 95 103
f 85 103 111
f 85 111 106
f 85 106 98
f 85 98 91
f 85 91 89
f 85 89 86
f 85 90 96
f 85 96 88
f 86 89 91
f 86 91 98
f 86 98 107
f 86 107 116
f 86 116 119
f 86 119 117
f 86 117 108
f 86 108 100
f 86 100 99
f 86 99 92
f 87 92 99
f 87 99 93
f 87 93 94
f 87 94 90
f 88 96 95
f 90 94 97
f 90 97 96
f 93 99 100
f 93 100 101
f 93 101 94
f 94 101 102
f 94 102 97
f 95 96 104
f 95 104 103
f 96 97 104
f 97 102 105
f 97 105 104
f 98 106 107
f 100 108 101
f 101 108 117
f 101 117 109
f 101 109 102
f 102 109 118
f 102 118 110
f 102 110 114
f 102 114 105
f 103 104 113
f 103 113 115
f 103 115 111
f 104 105 112
f 104 112 113
f 105 114 112
f 106 111 115
f 106 115 113
f 106 113 112
f 106 112 114
f 106 114 110
f 106 110 120
f 106 120 116
f 106 116 107
f 109 117 119
f 109 119 118
f 110 118 119
f 110 119 120
f 116 120 119

o geometry_3
v -0.12410939 -0.11983314 -0.01828233 0.57058824 1.18235293 0.78823530
v -0.12380571 -0.11983314 -0.02234381 0.57058824 1.18235293 0.78823530
v -0.12283400 -0.12283433 -0.02234381 0.57058824 1.18235293 0.78823530
v -0.12299189 -0.12299227 -0.01828233 0.57058824 1.18235293 0.78823530
v -0.12410939 -0.11983314 -0.01106860 0.57058824 1.18235293 0.78823530
v -0.12410939 -0.02234925 -0.01828233 0.57058824 1.18235293 0.78823530
v -0.12268822 -0.11983314 -0.02502285 0.57058824 1.18235293 0.78823530
v -0.12240885 -0.12240906 -0.02480698 0.57058824 1.18235293 0.78823530
v -0.12380571 0.00001992 -0.02234381 0.57058824 1.18235293 0.78823530
v -0.11983377 -0.12380637 -0.02234381 0.57058824 1.18235293 0.78823530
v -0.11983377 -0.12409797 -0.01828233 0.57058824 1.18235293 0.78823530
v -0.12299189 -0.12299227 -0.01106860 0.57058824 1.18235293 0.78823530
v -0.12053828 -0.12385497 -0.01106860 0.57058824 1.18235293 0.78823530
v -0.12410939 -0.02234925 -0.01106860 0.57058824 1.18235293 0.78823530
v -0.11983377 -0.11983314 -0.02567188 0.57058824 1.18235293 0.78823530
v -0.12268822 0.00001992 -0.02502285 0.57058824 1.18235293 0.78823530
v -0.12127921 0.00001992 -0.02534451 0.57058824 1.18235293 0.78823530
v -0.11983377 -0.12268851 -0.02502285 0.57058824 1.18235293 0.78823530
v -0.12330769 0.00001992 -0.01828233 0.57058824 1.18235293 0.78823530
v -0.00001956 -0.12380637 -0.02234381 0.57058824 1.18235293 0.78823530
v -0.11577681 -0.12411014 -0.01828233 0.57058824 1.18235293 0.78823530
v -0.11983377 -0.12409797 -0.01106860 0.57058824 1.18235293 0.78823530
v -0.12226310 0.00001992 -0.01106860 0.57058824 1.18235293 0.78823530
v -0.00001956 -0.11983314 -0.02567188 0.57058824 1.18235293 0.78823530
v -0.11983377 0.00001992 -0.02567188 0.57058824 1.18235293 0.78823530
v -0.00001956 -0.12268851 -0.02502285 0.57058824 1.18235293 0.78823530
v -0.00001956 -0.12356337 -0.02033094 0.57058824 1.18235293 0.78823530
v -0.02234503 -0.12411014 -0.01106860 0.57058824 1.18235293 0.78823530
v -0.02234503 -0.12411014 -0.01828233 0.57058824 1.18235293 0.78823530
v -0.11577681 -0.12411014 -0.01106860 0.57058824 1.18235293 0.78823530
v -0.10547647 0.00001992 -0.01106860 0.57058824 1.18235293 0.78823530
v -0.00001956 0.00000777 -0.02567188 0.57058824 1.18235293 0.78823530
v -0.00003170 0.00001992 -0.02567188 0.57058824 1.18235293 0.78823530
v -0.00001956 -0.12330819 -0.01828233 0.57058824 1.18235293 0.78823530
v -0.00001956 -0.12226325 -0.01106860 0.57058824 1.18235293 0.78823530
v -0.00001956 0.00001992 -0.01182915 0.57058824 1.18235293 0.78823530
v -0.00001956 -0.10548333 -0.01106860 0.57058824 1.18235293 0.78823530
f 121 122 123
f 121 123 124
f 121 124 132
f 121 132 125
f 121 125 134
f 121 134 126
f 121 126 129
f 121 129 122
f 122 127 128
f 122 128 123
f 122 129 136
f 122 136 127
f 123 128 130
f 123 130 131
f 123 131 124
f 124 131 133
f 124 133 132
f 125 132 133
f 125 133 142
f 125 142 150
f 125 150 148
f 125 148 155
f 125 155 157
f 125 157 151
f 125 151 143
f 125 143 134
f 126 134 129
f 127 135 128
f 127 136 137
f 127 137 135
f 128 135 138
f 128 138 130
f 129 134 139
f 129 139 143
f 129 143 151
f 129 151 156
f 129 156 153
f 129 153 145
f 129 145 137
f 129 137 136
f 130 140 149
f 130 149 141
f 130 141 131
f 130 138 146
f 130 146 140
f 131 142 133
f 131 141 150
f 131 150 142
f 134 143 139
f 135 144 146
f 135 146 138
f 135 137 145
f 135 145 153
f 135 153 152
f 135 152 144
f 140 147 148
f 140 148 149
f 140 146 144
f 140 144 152
f 140 152 156
f 140 156 157
f 140 157 155
f 140 155 154
f 140 154 147
f 141 149 148
f 141 148 150
f 147 154 148
f 148 154 155
f 151 157 156
f 152 153 156

o geometry_4
v -0.00001956 -0.12380637 -0.02234266 0.84705882 1.38823530 0.10588236
v 0.11983244 -0.12380637 -0.02234266 0.84705882 1.38823530 0.10588236
v 0.02234942 -0.12411014 -0.01828248 0.84705882 1.38823530 0.10588236
v 0.02234942 -0.12411014 -0.01163504 0.84705882 1.38823530 0.10588236
v -0.00001956 -0.12356337 -0.02033112 0.84705882 1.38823530 0.10588236
v -0.00001956 -0.12268851 -0.02502336 0.84705882 1.38823530 0.10588236
v 0.11983244 -0.12409797 -0.01828248 0.84705882 1.38823530 0.10588236
v 0.11577419 -0.12411014 -0.01828248 0.84705882 1.38823530 0.10588236
v 0.11983244 -0.12268851 -0.02502336 0.84705882 1.38823530 0.10588236
v 0.12240831 -0.12240906 -0.02480626 0.84705882 1.38823530 0.10588236
v 0.12283359 -0.12283433 -0.02234266 0.84705882 1.38823530 0.10588236
v -0.00001956 -0.12330819 -0.01828248 0.84705882 1.38823530 0.10588236
v 0.11577419 -0.12411014 -0.01163504 0.84705882 1.38823530 0.10588236
v -0.00001956 -0.12228754 -0.01163504 0.84705882 1.38823530 0.10588236
v -0.00001956 -0.11983314 -0.02567188 0.84705882 1.38823530 0.10588236
v 0.11983244 -0.12409797 -0.01163504 0.84705882 1.38823530 0.10588236
v 0.12299154 -0.12299227 -0.01828248 0.84705882 1.38823530 0.10588236
v 0.11983244 -0.11983314 -0.02567188 0.84705882 1.38823530 0.10588236
v 0.12268777 -0.11983314 -0.02502336 0.84705882 1.38823530 0.10588236
v 0.12380563 -0.11983314 -0.02234266 0.84705882 1.38823530 0.10588236
v 0.12410939 -0.11983314 -0.01828248 0.84705882 1.38823530 0.10588236
v -0.00001956 -0.10402527 -0.01163504 0.84705882 1.38823530 0.10588236
v -0.00001956 0.00000777 -0.02567188 0.84705882 1.38823530 0.10588236
v 0.12299154 -0.12299227 -0.01163504 0.84705882 1.38823530 0.10588236
v 0.11983244 0.00001992 -0.02567188 0.84705882 1.38823530 0.10588236
v 0.12268777 0.00001992 -0.02502336 0.84705882 1.38823530 0.10588236
v 0.12380563 0.00001992 -0.02234266 0.84705882 1.38823530 0.10588236
v 0.12410939 -0.11983314 -0.01163504 0.84705882 1.38823530 0.10588236
v 0.12410939 -0.02234925 -0.01828248 0.84705882 1.38823530 0.10588236
v 0.10402470 0.00001992 -0.01163504 0.84705882 1.38823530 0.10588236
v -0.00001956 0.00001992 -0.01182877 0.84705882 1.38823530 0.10588236
v -0.00000740 0.00001992 -0.02567188 0.84705882 1.38823530 0.10588236
v 0.12356262 0.00001992 -0.02033250 0.84705882 1.38823530 0.10588236
v 0.12410939 -0.02234925 -0.01163504 0.84705882 1.38823530 0.10588236
v 0.12228681 0.00001992 -0.01163504 0.84705882 1.38823530 0.10588236
v 0.12330746 0.00001992 -0.01828248 0.84705882 1.38823530 0.10588236
f 158 159 165
f 158 165 160
f 158 160 161
f 158 161 162
f 158 162 169
f 158 169 171
f 158 171 179
f 158 179 188
f 158 188 180
f 158 180 172
f 158 172 163
f 158 163 166
f 158 166 159
f 159 164 165
f 159 166 167
f 159 167 168
f 159 168 164
f 160 165 170
f 160 170 161
f 161 169 162
f 161 170 173
f 161 173 181
f 161 181 185
f 161 185 191
f 161 191 192
f 161 192 187
f 161 187 179
f 161 179 171
f 161 171 169
f 163 172 175
f 163 175 166
f 164 173 170
f 164 170 165
f 164 168 174
f 164 174 181
f 164 181 173
f 166 175 167
f 167 175 176
f 167 176 177
f 167 177 168
f 168 177 178
f 168 178 174
f 172 180 189
f 172 189 182
f 172 182 175
f 174 178 185
f 174 185 181
f 175 182 183
f 175 183 176
f 176 183 184
f 176 184 177
f 177 184 186
f 177 186 178
f 178 186 191
f 178 191 185
f 179 187 188
f 180 188 189
f 182 189 188
f 182 188 187
f 182 187 192
f 182 192 193
f 182 193 190
f 182 190 184
f 182 184 183
f 184 190 191
f 184 191 186
f 190 193 191
f 191 193 192

o geometry_5
v -0.11578205 0.06126732 0.02567188 0.12941177 0.02941176 1.24705882
v -0.11383204 0.06126732 0.02529375 0.12941177 0.02941176 1.24705882
v -0.11984409 0.06126732 0.02567188 0.12941177 0.02941176 1.24705882
v -0.11578205 0.00001992 0.02567188 0.12941177 0.02941176 1.24705882
v -0.11243633 0.06126732 0.02502268 0.12941177 0.02941176 1.24705882
v -0.12268951 0.06126732 0.02502268 0.12941177 0.02941176 1.24705882
v -0.12125259 0.00001992 0.02535063 0.12941177 0.02941176 1.24705882
v -0.11984409 0.00001992 0.02567188 0.12941177 0.02941176 1.24705882
v -0.11245197 0.00001992 0.02502268 0.12941177 0.02941176 1.24705882
v -0.11133057 0.06126732 0.02339968 0.12941177 0.02941176 1.24705882
v -0.12380664 0.06126732 0.02234223 0.12941177 0.02941176 1.24705882
v -0.12268951 0.00001992 0.02502268 0.12941177 0.02941176 1.24705882
v -0.11070947 0.00001992 0.02234223 0.12941177 0.02941176 1.24705882
v -0.11052612 0.06126732 0.02216153 0.12941177 0.02941176 1.24705882
v -0.12393315 0.06126732 0.02063890 0.12941177 0.02941176 1.24705882
v -0.12380664 0.00001992 0.02234223 0.12941177 0.02941176 1.24705882
v -0.11048490 0.00001992 0.02029089 0.12941177 0.02941176 1.24705882
v -0.11026034 0.06126732 0.01985250 0.12941177 0.02941176 1.24705882
v -0.12410796 0.06126732 0.01827971 0.12941177 0.02941176 1.24705882
v -0.12410796 0.02234621 0.01827971 0.12941177 0.02941176 1.24705882
v -0.12410796 0.02234621 -0.00851490 0.12941177 0.02941176 1.24705882
v -0.12223470 0.00001992 -0.00851490 0.12941177 0.02941176 1.24705882
v -0.11026602 0.00001992 0.01827971 0.12941177 0.02941176 1.24705882
v -0.11008978 0.06126732 0.01827971 0.12941177 0.02941176 1.24705882
v -0.12410796 0.06126732 -0.00851490 0.12941177 0.02941176 1.24705882
v -0.10976857 0.00001992 -0.00851490 0.12941177 0.02941176 1.24705882
v -0.10958949 0.06126732 -0.00851490 0.12941177 0.02941176 1.24705882
f 194 195 198
f 194 198 203
f 194 203 207
f 194 207 211
f 194 211 217
f 194 217 220
f 194 220 218
f 194 218 212
f 194 212 208
f 194 208 204
f 194 204 199
f 194 199 196
f 194 196 201
f 194 201 197
f 194 197 195
f 195 197 198
f 196 199 200
f 196 200 201
f 197 201 200
f 197 200 205
f 197 205 209
f 197 209 215
f 197 215 219
f 197 219 216
f 197 216 210
f 197 210 206
f 197 206 202
f 197 202 198
f 198 202 203
f 199 204 209
f 199 209 205
f 199 205 200
f 202 206 203
f 203 206 207
f 204 208 209
f 206 210 211
f 206 211 207
f 208 212 213
f 208 213 209
f 209 213 214
f 209 214 215
f 210 216 211
f 211 216 217
f 212 218 214
f 212 214 213
f 214 218 220
f 214 220 219
f 214 219 215
f 216 219 220
f 216 220 217

o geometry_6
v -0.00001956 -0.12223236 -0.00606685 1.16470589 1.30000001 1.46470589
v -0.00001956 -0.12380670 0.02234110 1.16470589 1.30000001 1.46470589
v -0.00001956 -0.11020911 -0.00606685 1.16470589 1.30000001 1.46470589
v 0.02234791 -0.12410878 -0.00606685 1.16470589 1.30000001 1.46470589
v -0.00001956 -0.12325425 0.02366782 1.16470589 1.30000001 1.46470589
v 0.02234791 -0.12410878 0.01828017 1.16470589 1.30000001 1.46470589
v 0.05888897 -0.12380806 0.02232558 1.16470589 1.30000001 1.46470589
v 0.05888897 -0.12380670 0.02234110 1.16470589 1.30000001 1.46470589
v -0.00001956 -0.11026763 0.01828017 1.16470589 1.30000001 1.46470589
v 0.05888897 -0.11020911 -0.00606685 1.16470589 1.30000001 1.46470589
v 0.05888897 -0.12410878 -0.00606685 1.16470589 1.30000001 1.46470589
v -0.00001956 -0.12268956 0.02502251 1.16470589 1.30000001 1.46470589
v 0.05888897 -0.12269499 0.02501009 1.16470589 1.30000001 1.46470589
v 0.05888897 -0.12410878 0.01828017 1.16470589 1.30000001 1.46470589
v -0.00001956 -0.11049078 0.02033084 1.16470589 1.30000001 1.46470589
v 0.05888897 -0.11026897 0.01829881 1.16470589 1.30000001 1.46470589
v 0.05888897 -0.11026763 0.01828017 1.16470589 1.30000001 1.46470589
v -0.00001956 -0.11984431 0.02567188 1.16470589 1.30000001 1.46470589
v 0.05484102 -0.12268956 0.02502251 1.16470589 1.30000001 1.46470589
v 0.05888897 -0.11984431 0.02567188 1.16470589 1.30000001 1.46470589
v -0.00001956 -0.11070985 0.02234110 1.16470589 1.30000001 1.46470589
v 0.05888897 -0.11070985 0.02234110 1.16470589 1.30000001 1.46470589
v -0.00001956 -0.11578258 0.02567188 1.16470589 1.30000001 1.46470589
v 0.05888897 -0.11578258 0.02567188 1.16470589 1.30000001 1.46470589
v -0.00001956 -0.11158887 0.02369580 1.16470589 1.30000001 1.46470589
v 0.05888897 -0.11245157 0.02502251 1.16470589 1.30000001 1.46470589
v -0.00001956 -0.11245157 0.02502251 1.16470589 1.30000001 1.46470589
v 0.05888897 -0.11246654 0.02502563 1.16470589 1.30000001 1.46470589
f 221 222 225
f 221 225 232
f 221 232 238
f 221 238 243
f 221 243 247
f 221 247 245
f 221 245 241
f 221 241 235
f 221 235 229
f 221 229 223
f 221 223 230
f 221 230 231
f 221 231 224
f 221 224 222
f 222 224 226
f 222 226 227
f 222 227 228
f 222 228 225
f 223 229 237
f 223 237 230
f 224 231 234
f 224 234 226
f 225 228 233
f 225 233 232
f 226 234 227
f 227 234 231
f 227 231 230
f 227 230 237
f 227 237 236
f 227 236 242
f 227 242 246
f 227 246 248
f 227 248 244
f 227 244 240
f 227 240 233
f 227 233 228
f 229 235 236
f 229 236 237
f 232 233 239
f 232 239 240
f 232 240 238
f 233 240 239
f 235 241 236
f 236 241 242
f 238 240 244
f 238 244 243
f 241 245 242
f 242 245 246
f 243 244 248
f 243 248 247
f 245 247 246
f 246 247 248

o geometry_7
v -0.10627978 0.10902079 -0.00851490 1.19411764 0.68823529 1.17058824
v -0.10627978 0.12411014 -0.00851490 1.19411764 0.68823529 1.17058824
v -0.10438674 0.10817538 -0.00851490 1.19411764 0.68823529 1.17058824
v -0.10351304 0.10817538 0.01827971 1.19411764 0.68823529 1.17058824
v -0.10627978 0.10947156 0.01827971 1.19411764 0.68823529 1.17058824
v -0.10627978 0.12411014 0.01827971 1.19411764 0.68823529 1.17058824
v -0.02235126 0.12411014 -0.00851490 1.19411764 0.68823529 1.17058824
v -0.06424791 0.10817538 -0.00851490 1.19411764 0.68823529 1.17058824
v -0.10316979 0.10817538 0.01916314 1.19411764 0.68823529 1.17058824
v -0.10627978 0.11032008 0.02261328 1.19411764 0.68823529 1.17058824
v -0.10627978 0.12380753 0.02234223 1.19411764 0.68823529 1.17058824
v -0.02235126 0.12411014 0.01827971 1.19411764 0.68823529 1.17058824
v -0.00002996 0.12380753 0.02234223 1.19411764 0.68823529 1.17058824
v -0.00002996 0.12223528 -0.00851490 1.19411764 0.68823529 1.17058824
v -0.06594335 0.10817538 0.01889879 1.19411764 0.68823529 1.17058824
v -0.00002996 0.10977105 -0.00851490 1.19411764 0.68823529 1.17058824
v -0.10157838 0.10817538 0.02197411 1.19411764 0.68823529 1.17058824
v -0.10627978 0.11091281 0.02329929 1.19411764 0.68823529 1.17058824
v -0.09972695 0.10817538 0.02311524 1.19411764 0.68823529 1.17058824
v -0.10627978 0.12269074 0.02502268 1.19411764 0.68823529 1.17058824
v -0.00002996 0.12269074 0.02502268 1.19411764 0.68823529 1.17058824
v -0.06681705 0.10817538 0.02225856 1.19411764 0.68823529 1.17058824
v -0.00002996 0.11026706 0.01827971 1.19411764 0.68823529 1.17058824
v -0.10627978 0.11240395 0.02502268 1.19411764 0.68823529 1.17058824
v -0.09649210 0.10817538 0.02441364 1.19411764 0.68823529 1.17058824
v -0.10627978 0.11984412 0.02567188 1.19411764 0.68823529 1.17058824
v -0.00002996 0.11984412 0.02567188 1.19411764 0.68823529 1.17058824
v -0.07109202 0.10817538 0.02422959 1.19411764 0.68823529 1.17058824
v -0.00002996 0.11071003 0.02234223 1.19411764 0.68823529 1.17058824
v -0.10627978 0.11578245 0.02567188 1.19411764 0.68823529 1.17058824
v -0.09546238 0.10817538 0.02458431 1.19411764 0.68823529 1.17058824
v -0.09157229 0.10817538 0.02504277 1.19411764 0.68823529 1.17058824
v -0.09129144 0.10817538 0.02507289 1.19411764 0.68823529 1.17058824
v -0.08733892 0.10817538 0.02547780 1.19411764 0.68823529 1.17058824
v -0.00002996 0.11578245 0.02567188 1.19411764 0.68823529 1.17058824
v -0.07527335 0.10817538 0.02496581 1.19411764 0.68823529 1.17058824
v -0.00002996 0.11157259 0.02367075 1.19411764 0.68823529 1.17058824
v -0.07921546 0.10817538 0.02535398 1.19411764 0.68823529 1.17058824
v -0.07869540 0.10817538 0.02530378 1.19411764 0.68823529 1.17058824
v -0.08681886 0.10817538 0.02548449 1.19411764 0.68823529 1.17058824
v -0.08327199 0.10817538 0.02552799 1.19411764 0.68823529 1.17058824
v -0.00002996 0.11245231 0.02502268 1.19411764 0.68823529 1.17058824
f 249 250 255
f 249 255 262
f 249 262 264
f 249 264 256
f 249 256 251
f 249 251 252
f 249 252 253
f 249 253 258
f 249 258 266
f 249 266 272
f 249 272 278
f 249 278 274
f 249 274 268
f 249 268 259
f 249 259 254
f 249 254 250
f 250 254 260
f 250 260 255
f 251 256 263
f 251 263 270
f 251 270 276
f 251 276 284
f 251 284 287
f 251 287 286
f 251 286 289
f 251 289 288
f 251 288 282
f 251 282 281
f 251 281 280
f 251 280 279
f 251 279 273
f 251 273 267
f 251 267 265
f 251 265 257
f 251 257 252
f 252 257 253
f 253 257 258
f 254 259 261
f 254 261 260
f 255 260 261
f 255 261 262
f 256 264 263
f 257 265 258
f 258 265 267
f 258 267 266
f 259 268 269
f 259 269 261
f 261 269 275
f 261 275 283
f 261 283 290
f 261 290 285
f 261 285 277
f 261 277 271
f 261 271 264
f 261 264 262
f 263 264 270
f 264 271 270
f 266 267 272
f 267 273 272
f 268 274 275
f 268 275 269
f 270 271 276
f 271 277 276
f 272 273 279
f 272 279 280
f 272 280 281
f 272 281 282
f 272 282 278
f 274 278 283
f 274 283 275
f 276 277 284
f 277 285 286
f 277 286 287
f 277 287 284
f 278 282 288
f 278 288 289
f 278 289 283
f 283 289 290
f 285 290 286
f 286 290 289

o geometry_8
v 0.10575525 0.05507667 -0.01095984 0.17647059 0.95882354 0.21176470
v 0.10575525 0.05890429 -0.01086511 0.17647059 0.95882354 0.21176470
v 0.10575525 0.05890429 -0.01095984 0.17647059 0.95882354 0.21176470
v 0.10575885 0.00001992 -0.01095984 0.17647059 0.95882354 0.21176470
v 0.10992157 0.05890429 -0.00838608 0.17647059 0.95882354 0.21176470
v 0.10992157 0.00003144 -0.00838608 0.17647059 0.95882354 0.21176470
v 0.12410939 0.05890429 -0.01095984 0.17647059 0.95882354 0.21176470
v 0.12226248 0.00001992 -0.01095984 0.17647059 0.95882354 0.21176470
v 0.10991977 0.00001992 -0.00839315 0.17647059 0.95882354 0.21176470
v 0.12410939 0.05890429 -0.00838608 0.17647059 0.95882354 0.21176470
v 0.11026833 0.00001992 -0.00838608 0.17647059 0.95882354 0.21176470
v 0.12410939 0.02234583 -0.01095984 0.17647059 0.95882354 0.21176470
v 0.12223372 0.00001992 -0.00838608 0.17647059 0.95882354 0.21176470
v 0.12410939 0.02234583 -0.00838608 0.17647059 0.95882354 0.21176470
f 291 292 293
f 291 293 297
f 291 297 302
f 291 302 298
f 291 298 294
f 291 294 292
f 292 295 300
f 292 300 297
f 292 297 293
f 292 294 296
f 292 296 295
f 294 298 303
f 294 303 301
f 294 301 299
f 294 299 296
f 295 296 301
f 295 301 303
f 295 303 304
f 295 304 300
f 296 299 301
f 297 300 304
f 297 304 302
f 298 302 304
f 298 304 303

o geometry_9
v -0.11578099 0.10547610 0.02567188 1.41176470 0.78235294 0.61764706
v -0.10627978 0.08872038 0.02552464 1.41176470 0.78235294 0.61764706
v -0.10627978 0.09546681 0.02513982 1.41176470 0.78235294 0.61764706
v -0.10627978 0.09647078 0.02501934 1.41176470 0.78235294 0.61764706
v -0.10627978 0.09835320 0.02478510 1.41176470 0.78235294 0.61764706
v -0.11240391 0.10547610 0.02502268 1.41176470 0.78235294 0.61764706
v -0.11984397 0.10547610 0.02567188 1.41176470 0.78235294 0.61764706
v -0.11578099 0.06126732 0.02567188 1.41176470 0.78235294 0.61764706
v -0.10627978 0.08465695 0.02549118 1.41176470 0.78235294 0.61764706
v -0.10627978 0.10034813 0.02258650 1.41176470 0.78235294 0.61764706
v -0.11032006 0.10547610 0.02260993 1.41176470 0.78235294 0.61764706
v -0.11135850 0.10547610 0.02381465 1.41176470 0.78235294 0.61764706
v -0.12269047 0.10547610 0.02502268 1.41176470 0.78235294 0.61764706
v -0.11984397 0.06126732 0.02567188 1.41176470 0.78235294 0.61764706
v -0.11383153 0.06126732 0.02529375 1.41176470 0.78235294 0.61764706
v -0.10627978 0.07524483 0.02522013 1.41176470 0.78235294 0.61764706
v -0.10627978 0.07922172 0.02541087 1.41176470 0.78235294 0.61764706
v -0.10627978 0.10151653 0.01827971 1.41176470 0.78235294 0.61764706
v -0.10989947 0.10547610 0.01827971 1.41176470 0.78235294 0.61764706
v -0.12380569 0.10547610 0.02234223 1.41176470 0.78235294 0.61764706
v -0.12269047 0.06126732 0.02502268 1.41176470 0.78235294 0.61764706
v -0.11243707 0.06126732 0.02502268 1.41176470 0.78235294 0.61764706
v -0.10627978 0.07109485 0.02480182 1.41176470 0.78235294 0.61764706
v -0.10627978 0.10203149 -0.00851490 1.41176470 0.78235294 0.61764706
v -0.10712276 0.10339031 -0.00851490 1.41176470 0.78235294 0.61764706
v -0.10786972 0.10418653 -0.00851490 1.41176470 0.78235294 0.61764706
v -0.10910363 0.10547610 -0.00851490 1.41176470 0.78235294 0.61764706
v -0.12410939 0.10547610 0.01827971 1.41176470 0.78235294 0.61764706
v -0.12393311 0.06126732 0.02063890 1.41176470 0.78235294 0.61764706
v -0.12380569 0.06126732 0.02234223 1.41176470 0.78235294 0.61764706
v -0.11133058 0.06126732 0.02339968 1.41176470 0.78235294 0.61764706
v -0.10627978 0.06743387 0.02312529 1.41176470 0.78235294 0.61764706
v -0.10627978 0.06867584 0.02401208 1.41176470 0.78235294 0.61764706
v -0.10627978 0.07023803 0.02462112 1.41176470 0.78235294 0.61764706
v -0.10627978 0.06599716 -0.00851490 1.41176470 0.78235294 0.61764706
v -0.12410939 0.10547610 -0.00851490 1.41176470 0.78235294 0.61764706
v -0.12410939 0.06126732 0.01827971 1.41176470 0.78235294 0.61764706
v -0.11052601 0.06126732 0.02216153 1.41176470 0.78235294 0.61764706
v -0.10627978 0.06713961 0.02231211 1.41176470 0.78235294 0.61764706
v -0.10627978 0.06640395 0.01827971 1.41176470 0.78235294 0.61764706
v -0.10959056 0.06126732 -0.00851490 1.41176470 0.78235294 0.61764706
v -0.12410939 0.06126732 -0.00851490 1.41176470 0.78235294 0.61764706
v -0.11026074 0.06126732 0.01985250 1.41176470 0.78235294 0.61764706
v -0.10627978 0.06649482 0.01976215 1.41176470 0.78235294 0.61764706
v -0.11008970 0.06126732 0.01827971 1.41176470 0.78235294 0.61764706
f 305 306 307
f 305 307 308
f 305 308 309
f 305 309 310
f 305 310 316
f 305 316 315
f 305 315 323
f 305 323 331
f 305 331 340
f 305 340 332
f 305 332 324
f 305 324 317
f 305 317 311
f 305 311 318
f 305 318 312
f 305 312 306
f 306 313 321
f 306 321 320
f 306 320 327
f 306 327 338
f 306 338 337
f 306 337 336
f 306 336 343
f 306 343 348
f 306 348 344
f 306 344 339
f 306 339 328
f 306 328 322
f 306 322 314
f 306 314 309
f 306 309 308
f 306 308 307
f 306 312 313
f 309 314 315
f 309 315 316
f 309 316 310
f 311 317 325
f 311 325 318
f 312 318 325
f 312 325 334
f 312 334 333
f 312 333 341
f 312 341 346
f 312 346 345
f 312 345 349
f 312 349 347
f 312 347 342
f 312 342 335
f 312 335 326
f 312 326 319
f 312 319 320
f 312 320 321
f 312 321 313
f 314 322 315
f 315 322 323
f 317 324 334
f 317 334 325
f 319 326 320
f 320 326 327
f 322 328 329
f 322 329 323
f 323 329 330
f 323 330 331
f 324 332 333
f 324 333 334
f 326 335 336
f 326 336 337
f 326 337 338
f 326 338 327
f 328 339 345
f 328 345 346
f 328 346 340
f 328 340 331
f 328 331 330
f 328 330 329
f 332 340 346
f 332 346 341
f 332 341 333
f 335 342 336
f 336 342 343
f 339 344 345
f 342 347 348
f 342 348 343
f 344 348 349
f 344 349 345
f 347 349 348

o geometry_10
v -0.11578285 0.00001992 0.02567188 0.39411765 1.15882353 0.68235294
v -0.11245195 0.00001992 0.02502268 0.39411765 1.15882353 0.68235294
v -0.11984371 0.00001992 0.02567188 0.39411765 1.15882353 0.68235294
v -0.11578285 -0.06257248 0.02567188 0.39411765 1.15882353 0.68235294
v -0.11242709 -0.06257248 0.02502268 0.39411765 1.15882353 0.68235294
v -0.11070970 0.00001992 0.02234223 0.39411765 1.15882353 0.68235294
v -0.11042298 -0.06257248 0.02208120 0.39411765 1.15882353 0.68235294
v -0.12125244 0.00001992 0.02535063 0.39411765 1.15882353 0.68235294
v -0.12241248 -0.06257248 0.02508627 0.39411765 1.15882353 0.68235294
v -0.11984371 -0.06257248 0.02567188 0.39411765 1.15882353 0.68235294
v -0.11048589 0.00001992 0.02029089 0.39411765 1.15882353 0.68235294
v -0.10998705 -0.06257248 0.01827971 0.39411765 1.15882353 0.68235294
v -0.12269041 0.00001992 0.02502268 0.39411765 1.15882353 0.68235294
v -0.12269041 -0.06257248 0.02502268 0.39411765 1.15882353 0.68235294
v -0.11026645 0.00001992 0.01827971 0.39411765 1.15882353 0.68235294
v -0.10916493 -0.06257248 -0.00851490 0.39411765 1.15882353 0.68235294
v -0.12380658 0.00001992 0.02234223 0.39411765 1.15882353 0.68235294
v -0.12369832 -0.06257248 0.02260325 0.39411765 1.15882353 0.68235294
v -0.10976908 0.00001992 -0.00851490 0.39411765 1.15882353 0.68235294
v -0.12410793 -0.06257248 -0.00851490 0.39411765 1.15882353 0.68235294
v -0.12223401 0.00001992 -0.00851490 0.39411765 1.15882353 0.68235294
v -0.12410793 -0.02234938 -0.00851490 0.39411765 1.15882353 0.68235294
v -0.12410793 -0.02234938 0.01827971 0.39411765 1.15882353 0.68235294
v -0.12407867 -0.06257248 0.01867792 0.39411765 1.15882353 0.68235294
v -0.12380658 -0.06257248 0.02234223 0.39411765 1.15882353 0.68235294
v -0.12410793 -0.06257248 0.01827971 0.39411765 1.15882353 0.68235294
f 350 351 355
f 350 355 360
f 350 360 364
f 350 364 368
f 350 368 370
f 350 370 366
f 350 366 362
f 350 362 357
f 350 357 352
f 350 352 359
f 350 359 353
f 350 353 354
f 350 354 351
f 351 354 356
f 351 356 355
f 352 357 358
f 352 358 359
f 353 359 358
f 353 358 363
f 353 363 367
f 353 367 374
f 353 374 373
f 353 373 375
f 353 375 369
f 353 369 365
f 353 365 361
f 353 361 356
f 353 356 354
f 355 356 361
f 355 361 360
f 357 362 358
f 358 362 363
f 360 361 364
f 361 365 364
f 362 366 367
f 362 367 363
f 364 365 368
f 365 369 371
f 365 371 370
f 365 370 368
f 366 370 371
f 366 371 372
f 366 372 373
f 366 373 374
f 366 374 367
f 369 375 372
f 369 372 371
f 372 375 373

o geometry_11
v -0.12410939 0.05472960 -0.01179052 0.84705882 0.02352940 0.92352941
v -0.10362390 0.05472960 -0.01179052 0.84705882 0.02352940 0.92352941
v -0.12410939 0.05472960 -0.00851521 0.84705882 0.02352940 0.92352941
v -0.12410939 0.11983796 -0.01179052 0.84705882 0.02352940 0.92352941
v -0.10977000 0.05472960 -0.00851521 0.84705882 0.02352940 0.92352941
v -0.10037076 0.05491299 -0.01179052 0.84705882 0.02352940 0.92352941
v -0.12410939 0.11983796 -0.00851521 0.84705882 0.02352940 0.92352941
v -0.12344016 0.12172614 -0.01179052 0.84705882 0.02352940 0.92352941
v -0.10037076 0.06230951 -0.00851521 0.84705882 0.02352940 0.92352941
v -0.10037076 0.12411014 -0.01179052 0.84705882 0.02352940 0.92352941
v -0.12299171 0.12298945 -0.00851521 0.84705882 0.02352940 0.92352941
v -0.12299171 0.12298945 -0.01179052 0.84705882 0.02352940 0.92352941
v -0.10037076 0.12411014 -0.00851521 0.84705882 0.02352940 0.92352941
v -0.11578134 0.12411014 -0.01179052 0.84705882 0.02352940 0.92352941
v -0.12111417 0.12365506 -0.00851521 0.84705882 0.02352940 0.92352941
v -0.12172528 0.12343773 -0.01179052 0.84705882 0.02352940 0.92352941
v -0.11578134 0.12411014 -0.00851521 0.84705882 0.02352940 0.92352941
v -0.11984313 0.12410335 -0.01179052 0.84705882 0.02352940 0.92352941
v -0.11984313 0.12410335 -0.00851521 0.84705882 0.02352940 0.92352941
f 376 377 380
f 376 380 378
f 376 378 382
f 376 382 379
f 376 379 383
f 376 383 387
f 376 387 391
f 376 391 393
f 376 393 389
f 376 389 385
f 376 385 381
f 376 381 377
f 377 381 380
f 378 380 384
f 378 384 388
f 378 388 392
f 378 392 394
f 378 394 390
f 378 390 386
f 378 386 382
f 379 382 383
f 380 381 384
f 381 385 388
f 381 388 384
f 382 386 383
f 383 386 387
f 385 389 392
f 385 392 388
f 386 390 387
f 387 390 391
f 389 393 394
f 389 394 392
f 390 394 393
f 390 393 391

o geometry_12
v -0.02234710 0.12410812 -0.00851521 0.91764706 0.92352941 1.41176470
v -0.00002937 0.12223404 -0.00851521 0.91764706 0.92352941 1.41176470
v -0.00002937 0.12229431 -0.01179052 0.91764706 0.92352941 1.41176470
v -0.02234710 0.12410812 -0.01179052 0.91764706 0.92352941 1.41176470
v -0.10037076 0.12410812 -0.00851521 0.91764706 0.92352941 1.41176470
v -0.00002937 0.10977024 -0.00851521 0.91764706 0.92352941 1.41176470
v -0.00002937 0.10362773 -0.01179052 0.91764706 0.92352941 1.41176470
v -0.10037076 0.12410812 -0.01179052 0.91764706 0.92352941 1.41176470
v -0.10037076 0.10358956 -0.00851521 0.91764706 0.92352941 1.41176470
v -0.06431073 0.10358956 -0.00851521 0.91764706 0.92352941 1.41176470
v -0.05502804 0.10358956 -0.01179052 0.91764706 0.92352941 1.41176470
v -0.10037076 0.10358956 -0.01179052 0.91764706 0.92352941 1.41176470
f 395 396 397
f 395 397 398
f 395 398 402
f 395 402 399
f 395 399 403
f 395 403 404
f 395 404 400
f 395 400 396
f 396 400 401
f 396 401 397
f 397 401 405
f 397 405 406
f 397 406 402
f 397 402 398
f 399 402 406
f 399 406 403
f 400 404 401
f 401 404 405
f 403 406 405
f 403 405 404

o geometry_13
v -0.12410939 -0.10036381 -0.01106718 1.01764705 0.53529413 0.65294118
v -0.10547166 -0.10036381 -0.01106718 1.01764705 0.53529413 0.65294118
v -0.12410939 -0.10036381 -0.00851514 1.01764705 0.53529413 0.65294118
v -0.12410939 -0.02234435 -0.01106718 1.01764705 0.53529413 0.65294118
v -0.10547166 -0.10036381 -0.00851514 1.01764705 0.53529413 0.65294118
v -0.10547166 -0.05675545 -0.01106718 1.01764705 0.53529413 0.65294118
v -0.12410939 -0.02234435 -0.00851514 1.01764705 0.53529413 0.65294118
v -0.12226677 0.00001992 -0.01106718 1.01764705 0.53529413 0.65294118
v -0.10547166 -0.06597235 -0.00851514 1.01764705 0.53529413 0.65294118
v -0.10548442 0.00001992 -0.01106718 1.01764705 0.53529413 0.65294118
v -0.12223392 0.00001992 -0.00851514 1.01764705 0.53529413 0.65294118
v -0.10976986 0.00001992 -0.00851514 1.01764705 0.53529413 0.65294118
f 407 408 411
f 407 411 409
f 407 409 413
f 407 413 410
f 407 410 414
f 407 414 416
f 407 416 412
f 407 412 408
f 408 412 415
f 408 415 411
f 409 411 415
f 409 415 418
f 409 418 417
f 409 417 413
f 410 413 414
f 412 416 415
f 413 417 414
f 414 417 418
f 414 418 416
f 415 416 418

o geometry_14
v 0.11984391 0.11984048 0.02567188 1.04117648 0.08823529 1.00000000
v 0.12268943 0.11984048 0.02502288 1.04117648 0.08823529 1.00000000
v 0.12241809 0.12241887 0.02480415 1.04117648 0.08823529 1.00000000
v 0.11984391 0.12268692 0.02502288 1.04117648 0.08823529 1.00000000
v 0.10974681 0.11984048 0.02567188 1.04117648 0.08823529 1.00000000
v 0.11984391 0.05891006 0.02567188 1.04117648 0.08823529 1.00000000
v 0.12380711 0.11984048 0.02234076 1.04117648 0.08823529 1.00000000
v 0.12268943 0.06297549 0.02502288 1.04117648 0.08823529 1.00000000
v 0.12284127 0.12284008 0.02234076 1.04117648 0.08823529 1.00000000
v 0.11984391 0.12380380 0.02234076 1.04117648 0.08823529 1.00000000
v 0.10974681 0.12268692 0.02502288 1.04117648 0.08823529 1.00000000
v 0.10974681 0.11578143 0.02567188 1.04117648 0.08823529 1.00000000
v 0.11578230 0.05891006 0.02567188 1.04117648 0.08823529 1.00000000
v 0.12269083 0.05891006 0.02501930 1.04117648 0.08823529 1.00000000
v 0.12410797 0.11984048 0.01827813 1.04117648 0.08823529 1.00000000
v 0.12380711 0.06297549 0.02234076 1.04117648 0.08823529 1.00000000
v 0.12299171 0.12298687 0.01827813 1.04117648 0.08823529 1.00000000
v 0.11984391 0.12410376 0.01827813 1.04117648 0.08823529 1.00000000
v 0.11578230 0.12411014 0.01827813 1.04117648 0.08823529 1.00000000
v 0.10974681 0.12396336 0.02025387 1.04117648 0.08823529 1.00000000
v 0.10974681 0.12380380 0.02234076 1.04117648 0.08823529 1.00000000
v 0.10974681 0.08328349 0.02552847 1.04117648 0.08823529 1.00000000
v 0.11245174 0.05891006 0.02502288 1.04117648 0.08823529 1.00000000
v 0.12380711 0.05891006 0.02233718 1.04117648 0.08823529 1.00000000
v 0.12410797 0.11984048 -0.01095984 1.04117648 0.08823529 1.00000000
v 0.12388725 0.12046593 -0.01095984 1.04117648 0.08823529 1.00000000
v 0.12410797 0.06297549 0.01827813 1.04117648 0.08823529 1.00000000
v 0.12046672 0.12388676 -0.01095984 1.04117648 0.08823529 1.00000000
v 0.12299171 0.12298687 -0.01095984 1.04117648 0.08823529 1.00000000
v 0.11984391 0.12410376 -0.01095984 1.04117648 0.08823529 1.00000000
v 0.10974681 0.12411014 0.01827813 1.04117648 0.08823529 1.00000000
v 0.11578230 0.12411014 -0.01095984 1.04117648 0.08823529 1.00000000
v 0.10974681 0.08131141 0.02544240 1.04117648 0.08823529 1.00000000
v 0.10974681 0.07109997 0.02410134 1.04117648 0.08823529 1.00000000
v 0.10974681 0.06713666 0.02305431 1.04117648 0.08823529 1.00000000
v 0.11070843 0.05891006 0.02234076 1.04117648 0.08823529 1.00000000
v 0.10974681 0.07922445 0.02534918 1.04117648 0.08823529 1.00000000
v 0.10974681 0.07724598 0.02515555 1.04117648 0.08823529 1.00000000
v 0.10974681 0.07529943 0.02496192 1.04117648 0.08823529 1.00000000
v 0.12410797 0.05891006 0.01827454 1.04117648 0.08823529 1.00000000
v 0.12410797 0.05891006 -0.01095984 1.04117648 0.08823529 1.00000000
v 0.10974681 0.12411014 -0.01095984 1.04117648 0.08823529 1.00000000
v 0.10974681 0.06465399 0.02064471 1.04117648 0.08823529 1.00000000
v 0.11026558 0.05891006 0.01827813 1.04117648 0.08823529 1.00000000
v 0.10974681 0.05891006 -0.01095984 1.04117648 0.08823529 1.00000000
v 0.10974681 0.06410512 0.01827813 1.04117648 0.08823529 1.00000000
v 0.10974681 0.05891006 -0.00852872 1.04117648 0.08823529 1.00000000
f 419 420 421
f 419 421 422
f 419 422 429
f 419 429 423
f 419 423 430
f 419 430 431
f 419 431 424
f 419 424 426
f 419 426 420
f 420 425 421
f 420 426 434
f 420 434 425
f 421 427 428
f 421 428 422
f 421 425 427
f 422 428 439
f 422 439 429
f 423 429 439
f 423 439 438
f 423 438 449
f 423 449 460
f 423 460 463
f 423 463 465
f 423 465 464
f 423 464 461
f 423 461 453
f 423 453 452
f 423 452 457
f 423 457 456
f 423 456 455
f 423 455 451
f 423 451 440
f 423 440 430
f 424 431 441
f 424 441 454
f 424 454 462
f 424 462 465
f 424 465 463
f 424 463 459
f 424 459 458
f 424 458 442
f 424 442 432
f 424 432 426
f 425 433 427
f 425 434 445
f 425 445 433
f 426 432 434
f 427 433 435
f 427 435 436
f 427 436 428
f 428 436 437
f 428 437 438
f 428 438 439
f 430 440 431
f 431 440 441
f 432 442 434
f 433 443 444
f 433 444 435
f 433 445 458
f 433 458 459
f 433 459 443
f 434 442 458
f 434 458 445
f 435 446 436
f 435 444 447
f 435 447 446
f 436 446 448
f 436 448 450
f 436 450 437
f 437 449 438
f 437 450 460
f 437 460 449
f 440 451 441
f 441 452 453
f 441 453 454
f 441 451 455
f 441 455 456
f 441 456 457
f 441 457 452
f 443 459 463
f 443 463 460
f 443 460 450
f 443 450 448
f 443 448 446
f 443 446 447
f 443 447 444
f 453 461 454
f 454 461 462
f 461 464 462
f 462 464 465

o geometry_15
v 0.10400387 -0.05892497 -0.01163504 1.00588236 0.31176471 0.18823530
v 0.12410939 -0.05892497 -0.01163504 1.00588236 0.31176471 0.18823530
v 0.10400387 -0.05892497 -0.01145420 1.00588236 0.31176471 0.18823530
v 0.10400387 -0.05497837 -0.01163504 1.00588236 0.31176471 0.18823530
v 0.12410939 -0.05892497 -0.00607595 1.00588236 0.31176471 0.18823530
v 0.12410939 -0.02234406 -0.01163504 1.00588236 0.31176471 0.18823530
v 0.10400387 -0.05849223 -0.01146182 1.00588236 0.31176471 0.18823530
v 0.11020715 -0.05892497 -0.00606996 1.00588236 0.31176471 0.18823530
v 0.11020910 0.00001414 -0.00606996 1.00588236 0.31176471 0.18823530
v 0.10402749 0.00001414 -0.01163504 1.00588236 0.31176471 0.18823530
v 0.12091131 -0.05892497 -0.00606996 1.00588236 0.31176471 0.18823530
v 0.12410939 -0.05890188 -0.00606996 1.00588236 0.31176471 0.18823530
v 0.12228698 0.00001414 -0.01163504 1.00588236 0.31176471 0.18823530
v 0.12410939 -0.02234406 -0.00606996 1.00588236 0.31176471 0.18823530
v 0.12209411 0.00001414 -0.00606996 1.00588236 0.31176471 0.18823530
v 0.12223384 0.00001414 -0.00609393 1.00588236 0.31176471 0.18823530
v 0.12223384 0.00000261 -0.00606996 1.00588236 0.31176471 0.18823530
f 466 467 470
f 466 470 476
f 466 476 473
f 466 473 468
f 466 468 472
f 466 472 469
f 466 469 475
f 466 475 478
f 466 478 471
f 466 471 467
f 467 471 479
f 467 479 477
f 467 477 470
f 468 473 474
f 468 474 475
f 468 475 472
f 469 472 475
f 470 477 476
f 471 478 479
f 473 476 477
f 473 477 479
f 473 479 482
f 473 482 480
f 473 480 474
f 474 480 481
f 474 481 478
f 474 478 475
f 478 481 479
f 479 481 482
f 480 482 481

o geometry_16
v -0.12410737 0.02234872 -0.01179052 0.47058824 0.54117646 0.85294117
v -0.12229244 0.00001992 -0.01179052 0.47058824 0.54117646 0.85294117
v -0.12410737 0.02234872 -0.00851521 0.47058824 0.54117646 0.85294117
v -0.12410737 0.05471745 -0.01179052 0.47058824 0.54117646 0.85294117
v -0.10362763 0.00001992 -0.01179052 0.47058824 0.54117646 0.85294117
v -0.12223428 0.00001992 -0.00851521 0.47058824 0.54117646 0.85294117
v -0.12410737 0.05471745 -0.00851521 0.47058824 0.54117646 0.85294117
v -0.10362162 0.05471745 -0.01179052 0.47058824 0.54117646 0.85294117
v -0.10977036 0.00001992 -0.00851521 0.47058824 0.54117646 0.85294117
v -0.10977036 0.05471745 -0.00851521 0.47058824 0.54117646 0.85294117
f 483 484 485
f 483 485 489
f 483 489 486
f 483 486 490
f 483 490 487
f 483 487 484
f 484 487 491
f 484 491 488
f 484 488 485
f 485 488 491
f 485 491 492
f 485 492 489
f 486 489 492
f 486 492 490
f 487 490 491
f 490 492 491

o geometry_17
v 0.10400387 -0.12411014 -0.01163504 0.65294118 1.48235293 0.15294117
v 0.11578063 -0.12411014 -0.01163504 0.65294118 1.48235293 0.15294117
v 0.10400387 -0.12411014 -0.00606996 0.65294118 1.48235293 0.15294117
v 0.10400387 -0.05892497 -0.01163504 0.65294118 1.48235293 0.15294117
v 0.11984267 -0.12410376 -0.01163504 0.65294118 1.48235293 0.15294117
v 0.11580425 -0.12411014 -0.00606996 0.65294118 1.48235293 0.15294117
v 0.10400387 -0.06627552 -0.00606996 0.65294118 1.48235293 0.15294117
v 0.10400387 -0.05892497 -0.01145420 0.65294118 1.48235293 0.15294117
v 0.12410939 -0.05892497 -0.01163504 0.65294118 1.48235293 0.15294117
v 0.12184614 -0.12339550 -0.01163504 0.65294118 1.48235293 0.15294117
v 0.11986234 -0.12409737 -0.00606996 0.65294118 1.48235293 0.15294117
v 0.11984267 -0.12410376 -0.00606996 0.65294118 1.48235293 0.15294117
v 0.11020715 -0.05892497 -0.00606996 0.65294118 1.48235293 0.15294117
v 0.12410939 -0.11984145 -0.01163504 0.65294118 1.48235293 0.15294117
v 0.12410939 -0.05892497 -0.00607595 0.65294118 1.48235293 0.15294117
v 0.12299152 -0.12298715 -0.01163504 0.65294118 1.48235293 0.15294117
v 0.12299152 -0.12298715 -0.00606996 0.65294118 1.48235293 0.15294117
v 0.12091131 -0.05892497 -0.00606996 0.65294118 1.48235293 0.15294117
v 0.12410939 -0.11984145 -0.00606996 0.65294118 1.48235293 0.15294117
v 0.12339891 -0.12184500 -0.01163504 0.65294118 1.48235293 0.15294117
v 0.12410939 -0.05893134 -0.00606996 0.65294118 1.48235293 0.15294117
f 493 494 498
f 493 498 495
f 493 495 499
f 493 499 500
f 493 500 496
f 493 496 501
f 493 501 506
f 493 506 512
f 493 512 508
f 493 508 502
f 493 502 497
f 493 497 494
f 494 497 498
f 495 498 504
f 495 504 503
f 495 503 509
f 495 509 511
f 495 511 513
f 495 513 510
f 495 510 505
f 495 505 499
f 496 500 505
f 496 505 510
f 496 510 507
f 496 507 501
f 497 502 503
f 497 503 504
f 497 504 498
f 499 505 500
f 501 507 513
f 501 513 511
f 501 511 506
f 502 508 509
f 502 509 503
f 506 511 512
f 507 510 513
f 508 512 509
f 509 512 511

o geometry_18
v 0.11984361 0.00001992 0.02567188 0.31176471 0.24117647 0.97647058
v 0.12268984 0.00001992 0.02502251 0.31176471 0.24117647 0.97647058
v 0.11578306 0.00001992 0.02567188 0.31176471 0.24117647 0.97647058
v 0.11984361 -0.10627476 0.02567188 0.31176471 0.24117647 0.97647058
v 0.12081245 -0.10627476 0.02545128 0.31176471 0.24117647 0.97647058
v 0.12380653 0.00001992 0.02234110 0.31176471 0.24117647 0.97647058
v 0.12268984 -0.10627476 0.02502251 0.31176471 0.24117647 0.97647058
v 0.11245170 0.00001992 0.02502251 0.31176471 0.24117647 0.97647058
v 0.10944756 -0.08328031 0.02552897 0.31176471 0.24117647 0.97647058
v 0.11578306 -0.10627476 0.02567188 0.31176471 0.24117647 0.97647058
v 0.12410939 -0.02235024 0.01828017 0.31176471 0.24117647 0.97647058
v 0.12410939 -0.02235024 -0.00606685 0.31176471 0.24117647 0.97647058
v 0.12223343 -0.00000088 -0.00606685 0.31176471 0.24117647 0.97647058
v 0.12223343 0.00001992 -0.00408143 0.31176471 0.24117647 0.97647058
v 0.12380653 -0.10627476 0.02234110 0.31176471 0.24117647 0.97647058
v 0.12390987 -0.10627476 0.02096157 0.31176471 0.24117647 0.97647058
v 0.11158907 0.00001992 0.02369580 0.31176471 0.24117647 0.97647058
v 0.10944756 -0.07921208 0.02534876 0.31176471 0.24117647 0.97647058
v 0.10944756 -0.08554855 0.02550101 0.31176471 0.24117647 0.97647058
v 0.10944756 -0.08733816 0.02547615 0.31176471 0.24117647 0.97647058
v 0.11240289 -0.10627476 0.02502251 0.31176471 0.24117647 0.97647058
v 0.12410939 -0.10627476 0.01828017 0.31176471 0.24117647 0.97647058
v 0.12410939 -0.10627476 -0.00606685 0.31176471 0.24117647 0.97647058
v 0.12209419 0.00001992 -0.00606685 0.31176471 0.24117647 0.97647058
v 0.11070921 0.00001992 0.02234110 0.31176471 0.24117647 0.97647058
v 0.10944756 -0.07528949 0.02496348 0.31176471 0.24117647 0.97647058
v 0.10944756 -0.09159369 0.02504115 0.31176471 0.24117647 0.97647058
v 0.11091303 -0.10627476 0.02330430 0.31176471 0.24117647 0.97647058
v 0.10944756 -0.09961575 0.02369268 0.31176471 0.24117647 0.97647058
v 0.10945761 -0.10627476 -0.00606685 0.31176471 0.24117647 0.97647058
v 0.11020971 0.00001992 -0.00606685 0.31176471 0.24117647 0.97647058
v 0.11048961 0.00001992 0.02033084 0.31176471 0.24117647 0.97647058
v 0.10944756 -0.06910908 0.02371753 0.31176471 0.24117647 0.97647058
v 0.11026569 0.00001992 0.01828017 0.31176471 0.24117647 0.97647058
v 0.11031880 -0.10627476 0.02261452 0.31176471 0.24117647 0.97647058
v 0.10944756 -0.10331982 0.02202418 0.31176471 0.24117647 0.97647058
v 0.10945761 -0.10627476 0.01421612 0.31176471 0.24117647 0.97647058
v 0.10944756 -0.10491174 -0.00606685 0.31176471 0.24117647 0.97647058
v 0.10944756 -0.06481193 -0.00606685 0.31176471 0.24117647 0.97647058
v 0.10944756 -0.06474950 0.02213293 0.31176471 0.24117647 0.97647058
v 0.10947052 -0.10627476 0.01828017 0.31176471 0.24117647 0.97647058
v 0.10944756 -0.10490135 0.01828017 0.31176471 0.24117647 0.97647058
v 0.10944756 -0.10491174 0.01421612 0.31176471 0.24117647 0.97647058
f 514 515 519
f 514 519 527
f 514 527 537
f 514 537 544
f 514 544 547
f 514 547 545
f 514 545 538
f 514 538 530
f 514 530 521
f 514 521 516
f 514 516 523
f 514 523 517
f 514 517 518
f 514 518 515
f 515 518 520
f 515 520 528
f 515 528 519
f 516 521 522
f 516 522 523
f 517 523 534
f 517 534 541
f 517 541 548
f 517 548 554
f 517 554 550
f 517 550 543
f 517 543 536
f 517 536 535
f 517 535 529
f 517 529 528
f 517 528 520
f 517 520 518
f 519 524 525
f 519 525 526
f 519 526 527
f 519 528 529
f 519 529 524
f 521 530 531
f 521 531 522
f 522 531 539
f 522 539 546
f 522 546 553
f 522 553 552
f 522 552 551
f 522 551 556
f 522 556 555
f 522 555 549
f 522 549 542
f 522 542 540
f 522 540 533
f 522 533 532
f 522 532 523
f 523 532 533
f 523 533 534
f 524 529 535
f 524 535 536
f 524 536 525
f 525 536 543
f 525 543 551
f 525 551 552
f 525 552 544
f 525 544 537
f 525 537 526
f 526 537 527
f 530 538 531
f 531 538 539
f 533 540 534
f 534 540 542
f 534 542 541
f 538 545 539
f 539 545 547
f 539 547 546
f 541 542 548
f 542 549 548
f 543 550 556
f 543 556 551
f 544 552 553
f 544 553 547
f 546 547 553
f 548 549 554
f 549 555 554
f 550 554 555
f 550 555 556

o geometry_19
v 0.05888897 -0.12411014 -0.00606685 0.37647058 0.69411765 0.36470588
v 0.05888897 -0.12411014 0.01828017 0.37647058 0.69411765 0.36470588
v 0.05888897 -0.11021008 -0.00606685 0.37647058 0.69411765 0.36470588
v 0.11580361 -0.12411014 -0.00606685 0.37647058 0.69411765 0.36470588
v 0.05888897 -0.12380899 0.02232558 0.37647058 0.69411765 0.36470588
v 0.11577807 -0.12411014 0.01828017 0.37647058 0.69411765 0.36470588
v 0.05888897 -0.11021008 -0.00605131 0.37647058 0.69411765 0.36470588
v 0.06404734 -0.10973587 -0.00606685 0.37647058 0.69411765 0.36470588
v 0.11983839 -0.12410873 -0.00606685 0.37647058 0.69411765 0.36470588
v 0.11983839 -0.12410873 0.01828017 0.37647058 0.69411765 0.36470588
v 0.05888897 -0.12380758 0.02234110 0.37647058 0.69411765 0.36470588
v 0.11983839 -0.12380758 0.02234110 0.37647058 0.69411765 0.36470588
v 0.05888897 -0.11026637 0.01828017 0.37647058 0.69411765 0.36470588
v 0.06415588 -0.10973587 0.01828017 0.37647058 0.69411765 0.36470588
v 0.12410939 -0.10973587 -0.00606685 0.37647058 0.69411765 0.36470588
v 0.11985755 -0.12410309 -0.00606685 0.37647058 0.69411765 0.36470588
v 0.12299215 -0.12299142 0.01828017 0.37647058 0.69411765 0.36470588
v 0.12283893 -0.12284086 0.02234110 0.37647058 0.69411765 0.36470588
v 0.05890812 -0.12269031 0.02502251 0.37647058 0.69411765 0.36470588
v 0.05888897 -0.12269451 0.02501009 0.37647058 0.69411765 0.36470588
v 0.12241758 -0.12241872 0.02480502 0.37647058 0.69411765 0.36470588
v 0.11983839 -0.12269031 0.02502251 0.37647058 0.69411765 0.36470588
v 0.05888897 -0.11070963 0.02234110 0.37647058 0.69411765 0.36470588
v 0.06431548 -0.10973587 0.02208322 0.37647058 0.69411765 0.36470588
v 0.12410939 -0.10973587 0.01828017 0.37647058 0.69411765 0.36470588
v 0.12410939 -0.11984359 -0.00606685 0.37647058 0.69411765 0.36470588
v 0.12299215 -0.12299142 -0.00606685 0.37647058 0.69411765 0.36470588
v 0.12410939 -0.11984359 0.01828017 0.37647058 0.69411765 0.36470588
v 0.12380294 -0.11984359 0.02234110 0.37647058 0.69411765 0.36470588
v 0.05888897 -0.11984359 0.02567188 0.37647058 0.69411765 0.36470588
v 0.12268572 -0.11984359 0.02502251 0.37647058 0.69411765 0.36470588
v 0.11983839 -0.11984359 0.02567188 0.37647058 0.69411765 0.36470588
v 0.05888897 -0.11245171 0.02502251 0.37647058 0.69411765 0.36470588
v 0.06843325 -0.10973587 0.02356841 0.37647058 0.69411765 0.36470588
v 0.12380294 -0.10973587 0.02234110 0.37647058 0.69411765 0.36470588
v 0.12323475 -0.10973587 0.02371132 0.37647058 0.69411765 0.36470588
v 0.05888897 -0.11578249 0.02567188 0.37647058 0.69411765 0.36470588
v 0.12268572 -0.10973587 0.02502251 0.37647058 0.69411765 0.36470588
v 0.12123013 -0.10973587 0.02535497 0.37647058 0.69411765 0.36470588
v 0.11983839 -0.10973587 0.02567188 0.37647058 0.69411765 0.36470588
v 0.05888897 -0.11246578 0.02502563 0.37647058 0.69411765 0.36470588
v 0.07922245 -0.10973587 0.02534876 0.37647058 0.69411765 0.36470588
v 0.07714124 -0.10973587 0.02514369 0.37647058 0.69411765 0.36470588
v 0.07530259 -0.10973587 0.02496037 0.37647058 0.69411765 0.36470588
v 0.08328278 -0.10973587 0.02552897 0.37647058 0.69411765 0.36470588
v 0.11577807 -0.10973587 0.02567188 0.37647058 0.69411765 0.36470588
f 557 558 561
f 557 561 567
f 557 567 576
f 557 576 586
f 557 586 593
f 557 593 597
f 557 597 589
f 557 589 579
f 557 579 569
f 557 569 563
f 557 563 559
f 557 559 564
f 557 564 571
f 557 571 582
f 557 582 583
f 557 583 572
f 557 572 565
f 557 565 560
f 557 560 562
f 557 562 558
f 558 562 561
f 559 563 564
f 560 565 566
f 560 566 562
f 561 562 568
f 561 568 567
f 562 566 568
f 563 569 570
f 563 570 564
f 564 570 580
f 564 580 590
f 564 590 600
f 564 600 599
f 564 599 598
f 564 598 601
f 564 601 602
f 564 602 596
f 564 596 595
f 564 595 594
f 564 594 592
f 564 592 591
f 564 591 581
f 564 581 571
f 565 572 566
f 566 572 573
f 566 573 574
f 566 574 568
f 567 575 576
f 567 568 578
f 567 578 575
f 568 574 577
f 568 577 578
f 569 579 580
f 569 580 570
f 571 581 584
f 571 584 582
f 572 583 573
f 573 583 582
f 573 582 584
f 573 584 574
f 574 584 585
f 574 585 577
f 575 586 576
f 575 578 588
f 575 588 586
f 577 585 587
f 577 587 588
f 577 588 578
f 579 589 590
f 579 590 580
f 581 591 585
f 581 585 584
f 585 591 592
f 585 592 587
f 586 588 596
f 586 596 602
f 586 602 593
f 587 594 595
f 587 595 588
f 587 592 594
f 588 595 596
f 589 597 598
f 589 598 599
f 589 599 600
f 589 600 590
f 593 601 597
f 593 602 601
f 597 601 598

o geometry_20
v -0.12410939 0.10547610 -0.00851490 0.23529412 0.16470588 0.98235294
v -0.12410939 0.11984379 -0.00851490 0.23529412 0.16470588 0.98235294
v -0.10910363 0.10547610 -0.00851490 0.23529412 0.16470588 0.98235294
v -0.12410939 0.10547610 0.01827971 0.23529412 0.16470588 0.98235294
v -0.12299241 0.12299202 -0.00851490 0.23529412 0.16470588 0.98235294
v -0.12410939 0.11984379 0.01827971 0.23529412 0.16470588 0.98235294
v -0.10742817 0.10742961 -0.00851490 0.23529412 0.16470588 0.98235294
v -0.10627978 0.10947068 0.01827971 0.23529412 0.16470588 0.98235294
v -0.10989947 0.10547610 0.01827971 0.23529412 0.16470588 0.98235294
v -0.12380569 0.10547610 0.02234223 0.23529412 0.16470588 0.98235294
v -0.12111626 0.12365778 -0.00851490 0.23529412 0.16470588 0.98235294
v -0.12299241 0.12299202 0.01827971 0.23529412 0.16470588 0.98235294
v -0.12380569 0.11984379 0.02234223 0.23529412 0.16470588 0.98235294
v -0.12284058 0.12284063 0.02234223 0.23529412 0.16470588 0.98235294
v -0.10627978 0.10902015 -0.00851490 0.23529412 0.16470588 0.98235294
v -0.10627978 0.11032066 0.02261328 0.23529412 0.16470588 0.98235294
v -0.11032006 0.10547610 0.02260993 0.23529412 0.16470588 0.98235294
v -0.12269047 0.10547610 0.02502268 0.23529412 0.16470588 0.98235294
v -0.11984397 0.12410831 -0.00851490 0.23529412 0.16470588 0.98235294
v -0.11984397 0.12410831 0.01827971 0.23529412 0.16470588 0.98235294
v -0.12269047 0.11984379 0.02502268 0.23529412 0.16470588 0.98235294
v -0.12241822 0.12241747 0.02480517 0.23529412 0.16470588 0.98235294
v -0.11984397 0.12380736 0.02234223 0.23529412 0.16470588 0.98235294
v -0.10627978 0.12411014 -0.00851490 0.23529412 0.16470588 0.98235294
v -0.10627978 0.11091165 0.02329929 0.23529412 0.16470588 0.98235294
v -0.10627978 0.11240367 0.02502268 0.23529412 0.16470588 0.98235294
v -0.11135850 0.10547610 0.02381465 0.23529412 0.16470588 0.98235294
v -0.11984397 0.10547610 0.02567188 0.23529412 0.16470588 0.98235294
v -0.11578099 0.12411014 -0.00851490 0.23529412 0.16470588 0.98235294
v -0.11578099 0.12411014 0.01827971 0.23529412 0.16470588 0.98235294
v -0.11984397 0.11984379 0.02567188 0.23529412 0.16470588 0.98235294
v -0.11984397 0.12268925 0.02502268 0.23529412 0.16470588 0.98235294
v -0.10627978 0.12380736 0.02234223 0.23529412 0.16470588 0.98235294
v -0.10627978 0.12411014 0.01827971 0.23529412 0.16470588 0.98235294
v -0.11240391 0.10547610 0.02502268 0.23529412 0.16470588 0.98235294
v -0.10627978 0.11578173 0.02567188 0.23529412 0.16470588 0.98235294
v -0.11578099 0.10547610 0.02567188 0.23529412 0.16470588 0.98235294
v -0.10627978 0.11984379 0.02567188 0.23529412 0.16470588 0.98235294
v -0.10627978 0.12268925 0.02502268 0.23529412 0.16470588 0.98235294
f 603 604 607
f 603 607 613
f 603 613 621
f 603 621 631
f 603 631 626
f 603 626 617
f 603 617 609
f 603 609 605
f 603 605 611
f 603 611 619
f 603 619 629
f 603 629 637
f 603 637 639
f 603 639 630
f 603 630 620
f 603 620 612
f 603 612 606
f 603 606 608
f 603 608 604
f 604 608 614
f 604 614 607
f 605 609 610
f 605 610 611
f 606 612 615
f 606 615 608
f 607 614 613
f 608 615 616
f 608 616 614
f 609 617 610
f 610 618 619
f 610 619 611
f 610 617 626
f 610 626 636
f 610 636 635
f 610 635 641
f 610 641 640
f 610 640 638
f 610 638 628
f 610 628 627
f 610 627 618
f 612 620 623
f 612 623 615
f 613 614 622
f 613 622 621
f 614 616 622
f 615 623 624
f 615 624 616
f 616 624 625
f 616 625 622
f 618 627 619
f 619 627 628
f 619 628 629
f 620 630 633
f 620 633 623
f 621 622 632
f 621 632 631
f 622 625 632
f 623 633 624
f 624 633 634
f 624 634 625
f 625 634 641
f 625 641 635
f 625 635 636
f 625 636 632
f 626 631 632
f 626 632 636
f 628 637 629
f 628 638 637
f 630 639 638
f 630 638 640
f 630 640 633
f 633 640 641
f 633 641 634
f 637 638 639

o geometry_21
v -0.05833500 -0.10524898 -0.01106718 0.20588235 0.29411764 0.55294118
v -0.05833500 -0.12410829 -0.01106718 0.20588235 0.29411764 0.55294118
v -0.05833500 -0.10977041 -0.00851514 0.20588235 0.29411764 0.55294118
v -0.00001956 -0.10977041 -0.00851514 0.20588235 0.29411764 0.55294118
v -0.00001956 -0.10548529 -0.01106718 0.20588235 0.29411764 0.55294118
v -0.05833500 -0.12410829 -0.00851514 0.20588235 0.29411764 0.55294118
v -0.02234451 -0.12410829 -0.01106718 0.20588235 0.29411764 0.55294118
v -0.00001956 -0.12223251 -0.00851514 0.20588235 0.29411764 0.55294118
v -0.00001956 -0.12226575 -0.01106718 0.20588235 0.29411764 0.55294118
v -0.02234451 -0.12410829 -0.00851514 0.20588235 0.29411764 0.55294118
f 642 643 647
f 642 647 644
f 642 644 645
f 642 645 646
f 642 646 650
f 642 650 648
f 642 648 643
f 643 648 651
f 643 651 647
f 644 647 651
f 644 651 649
f 644 649 645
f 645 649 650
f 645 650 646
f 648 650 651
f 649 651 650

o geometry_22
v -0.05841226 -0.10036381 -0.01106718 1.22941176 0.14117647 1.25294118
v -0.06244269 -0.10036381 -0.00851514 1.22941176 0.14117647 1.25294118
v -0.05833502 -0.10977077 -0.00851514 1.22941176 0.14117647 1.25294118
v -0.05833502 -0.10524975 -0.01106718 1.22941176 0.14117647 1.25294118
v -0.12410939 -0.10036381 -0.01106718 1.22941176 0.14117647 1.25294118
v -0.12410939 -0.10036381 -0.00851514 1.22941176 0.14117647 1.25294118
v -0.05833502 -0.12411014 -0.00851514 1.22941176 0.14117647 1.25294118
v -0.05833502 -0.12411014 -0.01106718 1.22941176 0.14117647 1.25294118
v -0.12410939 -0.11984248 -0.01106718 1.22941176 0.14117647 1.25294118
v -0.12410939 -0.11984248 -0.00851514 1.22941176 0.14117647 1.25294118
v -0.11577813 -0.12411014 -0.00851514 1.22941176 0.14117647 1.25294118
v -0.11577813 -0.12411014 -0.01106718 1.22941176 0.14117647 1.25294118
v -0.12385829 -0.12054912 -0.01106718 1.22941176 0.14117647 1.25294118
v -0.12298909 -0.12299209 -0.00851514 1.22941176 0.14117647 1.25294118
v -0.11984074 -0.12410781 -0.00851514 1.22941176 0.14117647 1.25294118
v -0.11984074 -0.12410781 -0.01106718 1.22941176 0.14117647 1.25294118
v -0.12298909 -0.12299209 -0.01106718 1.22941176 0.14117647 1.25294118
v -0.12054897 -0.12385910 -0.01106718 1.22941176 0.14117647 1.25294118
f 652 653 654
f 652 654 655
f 652 655 659
f 652 659 663
f 652 663 667
f 652 667 669
f 652 669 668
f 652 668 664
f 652 664 660
f 652 660 656
f 652 656 657
f 652 657 653
f 653 657 661
f 653 661 665
f 653 665 666
f 653 666 662
f 653 662 658
f 653 658 654
f 654 658 659
f 654 659 655
f 656 660 661
f 656 661 657
f 658 662 663
f 658 663 659
f 660 664 661
f 661 664 665
f 662 666 667
f 662 667 663
f 664 668 665
f 665 668 669
f 665 669 666
f 666 669 667

o geometry_23
v 0.11984400 0.05890429 0.02567188 0.14117647 1.45882353 0.70000001
v 0.12268989 0.05890429 0.02502180 0.14117647 1.45882353 0.70000001
v 0.11578278 0.05890429 0.02567188 0.14117647 1.45882353 0.70000001
v 0.11984400 0.00001992 0.02567188 0.14117647 1.45882353 0.70000001
v 0.12380661 0.05890429 0.02234143 0.14117647 1.45882353 0.70000001
v 0.12268989 0.00001992 0.02502180 0.14117647 1.45882353 0.70000001
v 0.11245215 0.05890429 0.02502180 0.14117647 1.45882353 0.70000001
v 0.11578278 0.00001992 0.02567188 0.14117647 1.45882353 0.70000001
v 0.12410939 0.05890429 0.01828088 0.14117647 1.45882353 0.70000001
v 0.12380661 0.00001992 0.02234143 0.14117647 1.45882353 0.70000001
v 0.11070904 0.05890429 0.02234143 0.14117647 1.45882353 0.70000001
v 0.11158824 0.00001992 0.02369494 0.14117647 1.45882353 0.70000001
v 0.11245215 0.00001992 0.02502180 0.14117647 1.45882353 0.70000001
v 0.12410939 0.05890429 -0.00838608 0.14117647 1.45882353 0.70000001
v 0.12410939 0.02234583 0.01828088 0.14117647 1.45882353 0.70000001
v 0.12223434 0.00001992 -0.00838608 0.14117647 1.45882353 0.70000001
v 0.12410939 0.02234583 -0.00838608 0.14117647 1.45882353 0.70000001
v 0.11026597 0.05890429 0.01828088 0.14117647 1.45882353 0.70000001
v 0.11048960 0.00001992 0.02033116 0.14117647 1.45882353 0.70000001
v 0.11070904 0.00001992 0.02234143 0.14117647 1.45882353 0.70000001
v 0.10992014 0.05890429 -0.00838608 0.14117647 1.45882353 0.70000001
v 0.11026875 0.00001992 -0.00838608 0.14117647 1.45882353 0.70000001
v 0.11026597 0.00001992 0.01828088 0.14117647 1.45882353 0.70000001
v 0.10992014 0.00003144 -0.00838608 0.14117647 1.45882353 0.70000001
v 0.11006598 0.00001992 -0.00722927 0.14117647 1.45882353 0.70000001
f 670 671 674
f 670 674 678
f 670 678 683
f 670 683 690
f 670 690 687
f 670 687 680
f 670 680 676
f 670 676 672
f 670 672 677
f 670 677 673
f 670 673 675
f 670 675 671
f 671 675 679
f 671 679 674
f 672 676 682
f 672 682 677
f 673 677 682
f 673 682 681
f 673 681 689
f 673 689 688
f 673 688 692
f 673 692 694
f 673 694 691
f 673 691 685
f 673 685 679
f 673 679 675
f 674 679 684
f 674 684 678
f 676 680 681
f 676 681 682
f 678 684 686
f 678 686 683
f 679 685 686
f 679 686 684
f 680 687 688
f 680 688 689
f 680 689 681
f 683 686 685
f 683 685 691
f 683 691 693
f 683 693 690
f 687 690 693
f 687 693 692
f 687 692 688
f 691 694 693
f 692 693 694

o geometry_24
v 0.10575525 0.10596007 -0.01095984 1.46470589 0.90588236 1.10588235
v 0.10575525 0.12410836 -0.01095984 1.46470589 0.90588236 1.10588235
v 0.10974642 0.10596007 -0.01095984 1.46470589 0.90588236 1.10588235
v 0.10575525 0.10596007 -0.00907376 1.46470589 0.90588236 1.10588235
v 0.10974642 0.12410836 -0.01095984 1.46470589 0.90588236 1.10588235
v 0.10575525 0.12410836 0.01827813 1.46470589 0.90588236 1.10588235
v 0.10974642 0.10596007 -0.00617290 1.46470589 0.90588236 1.10588235
v 0.10974642 0.10599027 0.01421551 1.46470589 0.90588236 1.10588235
v 0.10974642 0.10600093 0.01797335 1.46470589 0.90588236 1.10588235
v 0.10974642 0.10600271 0.01827813 1.46470589 0.90588236 1.10588235
v 0.10575525 0.11032170 0.02261327 1.46470589 0.90588236 1.10588235
v 0.10974642 0.12410836 0.01827813 1.46470589 0.90588236 1.10588235
v 0.10575525 0.12396799 0.02018216 1.46470589 0.90588236 1.10588235
v 0.10974642 0.10770294 0.02225112 1.46470589 0.90588236 1.10588235
v 0.10575525 0.11240391 0.02502288 1.46470589 0.90588236 1.10588235
v 0.10974642 0.12396269 0.02025387 1.46470589 0.90588236 1.10588235
v 0.10575525 0.12380634 0.02234076 1.46470589 0.90588236 1.10588235
v 0.10974642 0.11014404 0.02395074 1.46470589 0.90588236 1.10588235
v 0.10974642 0.11195798 0.02509101 1.46470589 0.90588236 1.10588235
v 0.10575525 0.11578130 0.02567188 1.46470589 0.90588236 1.10588235
v 0.10974642 0.12380634 0.02234076 1.46470589 0.90588236 1.10588235
v 0.10575525 0.12269061 0.02502288 1.46470589 0.90588236 1.10588235
v 0.10974642 0.11578130 0.02567188 1.46470589 0.90588236 1.10588235
v 0.10575525 0.11984445 0.02567188 1.46470589 0.90588236 1.10588235
v 0.10974642 0.12269061 0.02502288 1.46470589 0.90588236 1.10588235
v 0.10974642 0.11984445 0.02567188 1.46470589 0.90588236 1.10588235
f 695 696 699
f 695 699 697
f 695 697 701
f 695 701 698
f 695 698 705
f 695 705 709
f 695 709 714
f 695 714 718
f 695 718 716
f 695 716 711
f 695 711 707
f 695 707 700
f 695 700 696
f 696 700 706
f 696 706 699
f 697 699 706
f 697 706 710
f 697 710 715
f 697 715 719
f 697 719 720
f 697 720 717
f 697 717 713
f 697 713 712
f 697 712 708
f 697 708 704
f 697 704 703
f 697 703 702
f 697 702 701
f 698 701 702
f 698 702 703
f 698 703 704
f 698 704 705
f 700 707 706
f 704 708 705
f 705 708 709
f 706 707 710
f 707 711 710
f 708 712 709
f 709 713 714
f 709 712 713
f 710 711 715
f 711 716 719
f 711 719 715
f 713 717 714
f 714 717 720
f 714 720 718
f 716 718 720
f 716 720 719

o geometry_25
v -0.10499816 -0.10968475 0.01868796 0.05294118 0.42352941 0.17647059
v -0.10499816 -0.10953807 0.01827971 0.05294118 0.42352941 0.17647059
v -0.11031847 -0.10585215 0.02261328 0.05294118 0.42352941 0.17647059
v -0.10774062 -0.10968475 0.02221171 0.05294118 0.42352941 0.17647059
v -0.10499816 -0.10968475 -0.00851490 0.05294118 0.42352941 0.17647059
v -0.10989195 -0.10585215 0.01827971 0.05294118 0.42352941 0.17647059
v -0.10499816 -0.10909464 -0.00851490 0.05294118 0.42352941 0.17647059
v -0.10907819 -0.10585215 -0.00851490 0.05294118 0.42352941 0.17647059
v -0.11240432 -0.10585215 0.02502268 0.05294118 0.42352941 0.17647059
v -0.11014823 -0.10968475 0.02391839 0.05294118 0.42352941 0.17647059
v -0.12410939 -0.10968475 -0.00851490 0.05294118 0.42352941 0.17647059
v -0.12410939 -0.10585215 -0.00851490 0.05294118 0.42352941 0.17647059
v -0.11578096 -0.10585215 0.02567188 0.05294118 0.42352941 0.17647059
v -0.11197218 -0.10968475 0.02508962 0.05294118 0.42352941 0.17647059
v -0.12410939 -0.10968475 0.01827971 0.05294118 0.42352941 0.17647059
v -0.12410939 -0.10585215 0.01827971 0.05294118 0.42352941 0.17647059
v -0.11984415 -0.10585215 0.02567188 0.05294118 0.42352941 0.17647059
v -0.11578096 -0.10968475 0.02567188 0.05294118 0.42352941 0.17647059
v -0.12395785 -0.10968475 0.02031431 0.05294118 0.42352941 0.17647059
v -0.12380632 -0.10585215 0.02234223 0.05294118 0.42352941 0.17647059
v -0.11984415 -0.10968475 0.02567188 0.05294118 0.42352941 0.17647059
v -0.12268950 -0.10585215 0.02502268 0.05294118 0.42352941 0.17647059
v -0.12380632 -0.10968475 0.02234223 0.05294118 0.42352941 0.17647059
v -0.12331059 -0.10585215 0.02353354 0.05294118 0.42352941 0.17647059
v -0.12268950 -0.10968475 0.02502268 0.05294118 0.42352941 0.17647059
f 721 722 723
f 721 723 724
f 721 724 730
f 721 730 734
f 721 734 738
f 721 738 741
f 721 741 745
f 721 745 743
f 721 743 739
f 721 739 735
f 721 735 731
f 721 731 725
f 721 725 727
f 721 727 722
f 722 726 723
f 722 727 728
f 722 728 726
f 723 729 724
f 723 726 728
f 723 728 732
f 723 732 736
f 723 736 740
f 723 740 744
f 723 744 742
f 723 742 737
f 723 737 733
f 723 733 729
f 724 729 730
f 725 731 732
f 725 732 728
f 725 728 727
f 729 733 734
f 729 734 730
f 731 735 736
f 731 736 732
f 733 737 741
f 733 741 738
f 733 738 734
f 735 739 736
f 736 739 740
f 737 742 745
f 737 745 741
f 739 743 740
f 740 743 744
f 742 744 745
f 743 745 744

o geometry_26
v -0.00001956 0.10992185 -0.00838608 0.44117648 0.17647059 0.47647059
v -0.00001956 0.11026773 0.01828088 0.44117648 0.17647059 0.47647059
v -0.00001956 0.12223483 -0.00838608 0.44117648 0.17647059 0.47647059
v 0.05891761 0.10992045 -0.00838608 0.44117648 0.17647059 0.47647059
v 0.05894648 0.10992045 -0.00836941 0.44117648 0.17647059 0.47647059
v 0.05894648 0.11026356 0.01828088 0.44117648 0.17647059 0.47647059
v -0.00001956 0.11048582 0.02029116 0.44117648 0.17647059 0.47647059
v -0.00001956 0.12380732 0.02234143 0.44117648 0.17647059 0.47647059
v 0.02234667 0.12411014 -0.00838608 0.44117648 0.17647059 0.47647059
v 0.05894648 0.10992045 -0.00838608 0.44117648 0.17647059 0.47647059
v 0.05894648 0.11070669 0.02233811 0.44117648 0.17647059 0.47647059
v -0.00001956 0.11070947 0.02234143 0.44117648 0.17647059 0.47647059
v 0.02234667 0.12411014 0.01828088 0.44117648 0.17647059 0.47647059
v -0.00001956 0.12269047 0.02502180 0.44117648 0.17647059 0.47647059
v 0.05894648 0.12380732 0.02234143 0.44117648 0.17647059 0.47647059
v 0.05894648 0.12411014 -0.00838608 0.44117648 0.17647059 0.47647059
v 0.05894648 0.11072613 0.02236810 0.44117648 0.17647059 0.47647059
v -0.00001956 0.11245140 0.02502180 0.44117648 0.17647059 0.47647059
v 0.05894648 0.12411014 0.01828088 0.44117648 0.17647059 0.47647059
v -0.00001956 0.11984419 0.02567188 0.44117648 0.17647059 0.47647059
v 0.05894648 0.12269047 0.02502180 0.44117648 0.17647059 0.47647059
v 0.05894648 0.11245140 0.02502180 0.44117648 0.17647059 0.47647059
v -0.00001956 0.11578247 0.02567188 0.44117648 0.17647059 0.47647059
v 0.05894648 0.11248474 0.02502848 0.44117648 0.17647059 0.47647059
v 0.05894648 0.11984419 0.02567188 0.44117648 0.17647059 0.47647059
v 0.05894648 0.11578247 0.02567188 0.44117648 0.17647059 0.47647059
f 746 747 752
f 746 752 757
f 746 757 763
f 746 763 768
f 746 768 765
f 746 765 759
f 746 759 753
f 746 753 748
f 746 748 754
f 746 754 761
f 746 761 755
f 746 755 749
f 746 749 750
f 746 750 751
f 746 751 747
f 747 751 752
f 748 753 754
f 749 755 750
f 750 755 761
f 750 761 764
f 750 764 760
f 750 760 766
f 750 766 770
f 750 770 771
f 750 771 769
f 750 769 767
f 750 767 762
f 750 762 756
f 750 756 751
f 751 756 757
f 751 757 752
f 753 758 754
f 753 759 766
f 753 766 760
f 753 760 764
f 753 764 758
f 754 758 764
f 754 764 761
f 756 762 757
f 757 762 763
f 759 765 770
f 759 770 766
f 762 767 763
f 763 767 769
f 763 769 768
f 765 768 771
f 765 771 770
f 768 769 771

o geometry_27
v 0.12410762 -0.10627511 0.01828017 0.61764706 0.09411765 1.03529412
v 0.12390901 -0.10627511 0.02096157 0.61764706 0.09411765 1.03529412
v 0.12410762 -0.10973447 0.01828017 0.61764706 0.09411765 1.03529412
v 0.12410762 -0.10627511 -0.00606685 0.61764706 0.09411765 1.03529412
v 0.12395336 -0.10973447 0.02035879 0.61764706 0.09411765 1.03529412
v 0.12380617 -0.10627511 0.02234110 0.61764706 0.09411765 1.03529412
v 0.12380617 -0.10973447 0.02234110 0.61764706 0.09411765 1.03529412
v 0.12410762 -0.10973447 -0.00606685 0.61764706 0.09411765 1.03529412
v 0.10945815 -0.10627511 -0.00606685 0.61764706 0.09411765 1.03529412
v 0.12307035 -0.10627511 0.02410904 0.61764706 0.09411765 1.03529412
v 0.12268912 -0.10973447 0.02502251 0.61764706 0.09411765 1.03529412
v 0.10599881 -0.10973447 -0.00606685 0.61764706 0.09411765 1.03529412
v 0.10599527 -0.10973447 -0.00574371 0.61764706 0.09411765 1.03529412
v 0.10945815 -0.10627511 0.01421612 0.61764706 0.09411765 1.03529412
v 0.12268912 -0.10627511 0.02502251 0.61764706 0.09411765 1.03529412
v 0.12123339 -0.10973447 0.02535497 0.61764706 0.09411765 1.03529412
v 0.10599881 -0.10973447 0.01421612 0.61764706 0.09411765 1.03529412
v 0.10947055 -0.10627511 0.01828017 0.61764706 0.09411765 1.03529412
v 0.12081139 -0.10627511 0.02545128 0.61764706 0.09411765 1.03529412
v 0.11984328 -0.10973447 0.02567188 0.61764706 0.09411765 1.03529412
v 0.10601121 -0.10973447 0.01828017 0.61764706 0.09411765 1.03529412
v 0.11031988 -0.10627511 0.02261452 0.61764706 0.09411765 1.03529412
v 0.11984328 -0.10627511 0.02567188 0.61764706 0.09411765 1.03529412
v 0.11578107 -0.10973447 0.02567188 0.61764706 0.09411765 1.03529412
v 0.10615306 -0.10973447 0.01864680 0.61764706 0.09411765 1.03529412
v 0.10792796 -0.10973447 0.02261764 0.61764706 0.09411765 1.03529412
v 0.11091387 -0.10627511 0.02330430 0.61764706 0.09411765 1.03529412
v 0.10770985 -0.10973447 0.02224479 0.61764706 0.09411765 1.03529412
v 0.11578107 -0.10627511 0.02567188 0.61764706 0.09411765 1.03529412
v 0.11354517 -0.10973447 0.02539536 0.61764706 0.09411765 1.03529412
v 0.11047059 -0.10973447 0.02428924 0.61764706 0.09411765 1.03529412
v 0.11240330 -0.10627511 0.02502251 0.61764706 0.09411765 1.03529412
v 0.11196178 -0.10973447 0.02509087 0.61764706 0.09411765 1.03529412
f 772 773 774
f 772 774 779
f 772 779 775
f 772 775 780
f 772 780 785
f 772 785 789
f 772 789 793
f 772 793 798
f 772 798 803
f 772 803 800
f 772 800 794
f 772 794 790
f 772 790 786
f 772 786 781
f 772 781 777
f 772 777 773
f 773 776 774
f 773 777 778
f 773 778 776
f 774 776 778
f 774 778 782
f 774 782 787
f 774 787 791
f 774 791 795
f 774 795 801
f 774 801 804
f 774 804 802
f 774 802 797
f 774 797 799
f 774 799 796
f 774 796 792
f 774 792 788
f 774 788 784
f 774 784 783
f 774 783 779
f 775 779 783
f 775 783 780
f 777 781 778
f 778 781 782
f 780 783 784
f 780 784 785
f 781 786 782
f 782 786 787
f 784 788 785
f 785 788 792
f 785 792 789
f 786 790 787
f 787 790 791
f 789 792 793
f 790 794 791
f 791 794 800
f 791 800 795
f 792 796 793
f 793 797 798
f 793 796 799
f 793 799 797
f 795 800 801
f 797 802 803
f 797 803 798
f 800 803 801
f 801 803 804
f 802 804 803

o geometry_28
v 0.09971743 -0.08421796 -0.00606685 0.84705882 0.39411765 0.78235294
v 0.09567090 -0.07472197 -0.00606685 0.84705882 0.39411765 0.78235294
v 0.10944613 -0.08421796 -0.00606685 0.84705882 0.39411765 0.78235294
v 0.09887334 -0.08421796 0.00203310 0.84705882 0.39411765 0.78235294
v 0.09567090 -0.06038697 -0.00606685 0.84705882 0.39411765 0.78235294
v 0.09567090 -0.07556424 0.00571490 0.84705882 0.39411765 0.78235294
v 0.10944613 -0.06482000 -0.00606685 0.84705882 0.39411765 0.78235294
v 0.10944613 -0.08421796 0.02551581 0.84705882 0.39411765 0.78235294
v 0.09904459 -0.08421796 0.00515563 0.84705882 0.39411765 0.78235294
v 0.09567090 -0.07556424 0.00596657 0.84705882 0.39411765 0.78235294
v 0.09567090 -0.06038465 -0.00506018 0.84705882 0.39411765 0.78235294
v 0.10944613 -0.06475934 0.02213229 0.84705882 0.39411765 0.78235294
v 0.10944613 -0.08328004 0.02552824 0.84705882 0.39411765 0.78235294
v 0.10359408 -0.07515594 0.02567116 0.84705882 0.39411765 0.78235294
v 0.10765682 -0.08421796 0.02551581 0.84705882 0.39411765 0.78235294
v 0.10077322 -0.08421796 0.02234356 0.84705882 0.39411765 0.78235294
v 0.09567090 -0.07253346 0.02234356 0.84705882 0.39411765 0.78235294
v 0.09567090 -0.06040330 0.01827961 0.84705882 0.39411765 0.78235294
v 0.09567090 -0.06058762 0.02234356 0.84705882 0.39411765 0.78235294
v 0.09567090 -0.06278314 0.02510569 0.84705882 0.39411765 0.78235294
v 0.09953271 -0.06409439 0.02482607 0.84705882 0.39411765 0.78235294
v 0.10178319 -0.06480600 0.02454643 0.84705882 0.39411765 0.78235294
v 0.10944613 -0.06911302 0.02371686 0.84705882 0.39411765 0.78235294
v 0.10944613 -0.08149050 0.02545056 0.84705882 0.39411765 0.78235294
v 0.09567090 -0.06703185 0.02558727 0.84705882 0.39411765 0.78235294
v 0.10671833 -0.08421796 0.02550339 0.84705882 0.39411765 0.78235294
v 0.10944613 -0.07921799 0.02534804 0.84705882 0.39411765 0.78235294
v 0.10359408 -0.07109622 0.02540085 0.84705882 0.39411765 0.78235294
v 0.09953271 -0.06703185 0.02547542 0.84705882 0.39411765 0.78235294
v 0.10111168 -0.08421796 0.02414874 0.84705882 0.39411765 0.78235294
v 0.10124382 -0.08421796 0.02470798 0.84705882 0.39411765 0.78235294
v 0.09567090 -0.07091190 0.02494723 0.84705882 0.39411765 0.78235294
v 0.10331901 -0.06737947 0.02478256 0.84705882 0.39411765 0.78235294
v 0.10944613 -0.07529127 0.02496276 0.84705882 0.39411765 0.78235294
v 0.09567090 -0.07019095 0.02507151 0.84705882 0.39411765 0.78235294
v 0.10303181 -0.08421796 0.02520822 0.84705882 0.39411765 0.78235294
v 0.10359408 -0.08421796 0.02535735 0.84705882 0.39411765 0.78235294
f 805 806 809
f 805 809 811
f 805 811 807
f 805 807 812
f 805 812 819
f 805 819 830
f 805 830 841
f 805 841 840
f 805 840 835
f 805 835 834
f 805 834 820
f 805 820 813
f 805 813 808
f 805 808 806
f 806 808 810
f 806 810 814
f 806 814 821
f 806 821 836
f 806 836 839
f 806 839 829
f 806 829 824
f 806 824 823
f 806 823 822
f 806 822 815
f 806 815 809
f 807 811 816
f 807 816 827
f 807 827 838
f 807 838 831
f 807 831 828
f 807 828 817
f 807 817 812
f 808 813 814
f 808 814 810
f 809 815 811
f 811 815 816
f 812 817 818
f 812 818 819
f 813 820 821
f 813 821 814
f 815 822 816
f 816 822 823
f 816 823 824
f 816 824 825
f 816 825 826
f 816 826 827
f 817 828 818
f 818 829 830
f 818 830 819
f 818 828 831
f 818 831 832
f 818 832 833
f 818 833 829
f 820 834 821
f 821 834 835
f 821 835 836
f 824 829 833
f 824 833 825
f 825 833 826
f 826 833 837
f 826 837 827
f 827 837 838
f 829 839 835
f 829 835 840
f 829 840 841
f 829 841 830
f 831 838 832
f 832 838 837
f 832 837 833
f 835 839 836

o geometry_29
v 0.05895105 0.10825542 -0.01095984 0.13529412 0.85882353 1.38823530
v 0.05895105 0.10825542 -0.00972995 0.13529412 0.85882353 1.38823530
v 0.05895105 0.12411014 -0.01095984 0.13529412 0.85882353 1.38823530
v 0.10575525 0.10825542 -0.01095984 0.13529412 0.85882353 1.38823530
v 0.05895105 0.11026365 0.01827813 0.13529412 0.85882353 1.38823530
v 0.06586058 0.10825542 0.01827813 0.13529412 0.85882353 1.38823530
v 0.05895105 0.12411014 0.01827813 0.13529412 0.85882353 1.38823530
v 0.10575525 0.12411014 -0.01095984 0.13529412 0.85882353 1.38823530
v 0.10575525 0.10825542 -0.00877256 0.13529412 0.85882353 1.38823530
v 0.05895105 0.11070750 0.02234076 0.13529412 0.85882353 1.38823530
v 0.06679527 0.10825542 0.02183159 0.13529412 0.85882353 1.38823530
v 0.05895105 0.12381061 0.02230131 0.13529412 0.85882353 1.38823530
v 0.10575525 0.12411014 0.01827813 0.13529412 0.85882353 1.38823530
v 0.10575525 0.10990049 0.01827813 0.13529412 0.85882353 1.38823530
v 0.10360174 0.10825542 0.01827813 0.13529412 0.85882353 1.38823530
v 0.05895105 0.11072613 0.02236944 0.13529412 0.85882353 1.38823530
v 0.06737259 0.10825542 0.02248419 0.13529412 0.85882353 1.38823530
v 0.07083652 0.10825542 0.02414437 0.13529412 0.85882353 1.38823530
v 0.05895105 0.12380751 0.02234076 0.13529412 0.85882353 1.38823530
v 0.10575525 0.12380751 0.02234076 0.13529412 0.85882353 1.38823530
v 0.10575525 0.10998118 0.01911360 0.13529412 0.85882353 1.38823530
v 0.10255250 0.10825542 0.02103196 0.13529412 0.85882353 1.38823530
v 0.10575525 0.11032107 0.02261327 0.13529412 0.85882353 1.38823530
v 0.05895105 0.11245189 0.02502288 0.13529412 0.85882353 1.38823530
v 0.07109769 0.10825542 0.02420534 0.13529412 0.85882353 1.38823530
v 0.05895105 0.12269010 0.02502288 0.13529412 0.85882353 1.38823530
v 0.10575525 0.12269010 0.02502288 0.13529412 0.85882353 1.38823530
v 0.10181481 0.10825542 0.02186744 0.13529412 0.85882353 1.38823530
v 0.10575525 0.11240377 0.02502288 0.13529412 0.85882353 1.38823530
v 0.10083886 0.10825542 0.02277105 0.13529412 0.85882353 1.38823530
v 0.05895105 0.11578237 0.02567188 0.13529412 0.85882353 1.38823530
v 0.07528556 0.10825542 0.02496550 0.13529412 0.85882353 1.38823530
v 0.07573458 0.10825542 0.02501211 0.13529412 0.85882353 1.38823530
v 0.07922142 0.10825542 0.02535634 0.13529412 0.85882353 1.38823530
v 0.05895105 0.11984383 0.02567188 0.13529412 0.85882353 1.38823530
v 0.10575525 0.11984383 0.02567188 0.13529412 0.85882353 1.38823530
v 0.09971630 0.10825542 0.02315113 0.13529412 0.85882353 1.38823530
v 0.10575525 0.11578237 0.02567188 0.13529412 0.85882353 1.38823530
v 0.08734056 0.10825542 0.02547826 0.13529412 0.85882353 1.38823530
v 0.09157883 0.10825542 0.02504439 0.13529412 0.85882353 1.38823530
v 0.09546886 0.10825542 0.02455314 0.13529412 0.85882353 1.38823530
v 0.08328099 0.10825542 0.02552847 0.13529412 0.85882353 1.38823530
v 0.08387664 0.10825542 0.02552128 0.13529412 0.85882353 1.38823530
f 842 843 846
f 842 846 851
f 842 851 857
f 842 857 865
f 842 865 872
f 842 872 876
f 842 876 867
f 842 867 860
f 842 860 853
f 842 853 848
f 842 848 844
f 842 844 849
f 842 849 845
f 842 845 850
f 842 850 856
f 842 856 863
f 842 863 869
f 842 869 871
f 842 871 878
f 842 878 882
f 842 882 881
f 842 881 880
f 842 880 884
f 842 884 883
f 842 883 875
f 842 875 874
f 842 874 873
f 842 873 866
f 842 866 859
f 842 859 858
f 842 858 852
f 842 852 847
f 842 847 843
f 843 847 846
f 844 848 854
f 844 854 849
f 845 849 854
f 845 854 861
f 845 861 868
f 845 868 877
f 845 877 879
f 845 879 870
f 845 870 864
f 845 864 862
f 845 862 855
f 845 855 850
f 846 847 852
f 846 852 851
f 848 853 854
f 850 855 856
f 851 852 858
f 851 858 859
f 851 859 857
f 853 860 861
f 853 861 854
f 855 862 856
f 856 862 864
f 856 864 863
f 857 859 865
f 859 866 865
f 860 867 868
f 860 868 861
f 863 864 869
f 864 870 871
f 864 871 869
f 865 866 873
f 865 873 874
f 865 874 875
f 865 875 872
f 867 876 877
f 867 877 868
f 870 878 871
f 870 879 880
f 870 880 881
f 870 881 882
f 870 882 878
f 872 875 883
f 872 883 879
f 872 879 877
f 872 877 876
f 879 883 884
f 879 884 880

o geometry_30
v 0.05894648 0.12410833 -0.00838608 0.47647059 1.00000000 0.19411764
v 0.05894648 0.10991997 -0.00838608 0.47647059 1.00000000 0.19411764
v 0.05894648 0.12410833 -0.01095984 0.47647059 1.00000000 0.19411764
v 0.02234667 0.12410833 -0.00838608 0.47647059 1.00000000 0.19411764
v 0.05891761 0.10991997 -0.00838608 0.47647059 1.00000000 0.19411764
v 0.05894648 0.10570399 -0.01087519 0.47647059 1.00000000 0.19411764
v 0.05894648 0.10570399 -0.01095984 0.47647059 1.00000000 0.19411764
v 0.02234667 0.12410833 -0.01095984 0.47647059 1.00000000 0.19411764
v -0.00001956 0.12226341 -0.01095984 0.47647059 1.00000000 0.19411764
v -0.00001956 0.12223457 -0.00838608 0.47647059 1.00000000 0.19411764
v -0.00001956 0.10992177 -0.00838608 0.47647059 1.00000000 0.19411764
v 0.05733033 0.10570399 -0.01095984 0.47647059 1.00000000 0.19411764
v -0.00001956 0.10575984 -0.01095984 0.47647059 1.00000000 0.19411764
f 885 886 890
f 885 890 891
f 885 891 887
f 885 887 892
f 885 892 888
f 885 888 894
f 885 894 895
f 885 895 889
f 885 889 886
f 886 889 890
f 887 891 896
f 887 896 897
f 887 897 893
f 887 893 892
f 888 892 893
f 888 893 894
f 889 895 890
f 890 896 891
f 890 895 897
f 890 897 896
f 893 897 895
f 893 895 894

o geometry_31
v 0.06404649 -0.10973447 -0.00606687 1.07058823 0.42941177 0.27058824
v 0.06415530 -0.10973447 0.01827976 1.07058823 0.42941177 0.27058824
v 0.06640008 -0.10627511 0.01827976 1.07058823 0.42941177 0.27058824
v 0.06638397 -0.10627511 -0.00454811 1.07058823 0.42941177 0.27058824
v 0.06638800 -0.10627511 -0.00606687 1.07058823 0.42941177 0.27058824
v 0.10521432 -0.10973447 -0.00606687 1.07058823 0.42941177 0.27058824
v 0.06431247 -0.10973447 0.02208132 1.07058823 0.42941177 0.27058824
v 0.06649278 -0.10627511 0.01976760 1.07058823 0.42941177 0.27058824
v 0.10156704 -0.10627511 -0.00606687 1.07058823 0.42941177 0.27058824
v 0.10521432 -0.10973447 0.01421839 1.07058823 0.42941177 0.27058824
v 0.06843127 -0.10973447 0.02356916 1.07058823 0.42941177 0.27058824
v 0.07021260 -0.10627511 0.02462085 1.07058823 0.42941177 0.27058824
v 0.06868114 -0.10627511 0.02402387 1.07058823 0.42941177 0.27058824
v 0.06743180 -0.10627511 0.02312992 1.07058823 0.42941177 0.27058824
v 0.06713760 -0.10627511 0.02231331 1.07058823 0.42941177 0.27058824
v 0.10156704 -0.10627511 0.01421839 1.07058823 0.42941177 0.27058824
v 0.10520626 -0.10973447 0.01827976 1.07058823 0.42941177 0.27058824
v 0.07530265 -0.10973447 0.02496109 1.07058823 0.42941177 0.27058824
v 0.07109520 -0.10627511 0.02480645 1.07058823 0.42941177 0.27058824
v 0.10154286 -0.10627511 0.01827976 1.07058823 0.42941177 0.27058824
v 0.10351361 -0.10973447 0.02221433 1.07058823 0.42941177 0.27058824
v 0.10036607 -0.10627511 0.02258552 1.07058823 0.42941177 0.27058824
v 0.07714040 -0.10973447 0.02514360 1.07058823 0.42941177 0.27058824
v 0.07525026 -0.10627511 0.02521784 1.07058823 0.42941177 0.27058824
v 0.09836712 -0.10627511 0.02479096 1.07058823 0.42941177 0.27058824
v 0.09958422 -0.10973447 0.02381970 1.07058823 0.42941177 0.27058824
v 0.07921995 -0.10973447 0.02534775 1.07058823 0.42941177 0.27058824
v 0.07921995 -0.10627511 0.02541272 1.07058823 0.42941177 0.27058824
v 0.09649311 -0.10627511 0.02502295 1.07058823 0.42941177 0.27058824
v 0.09159649 -0.10973447 0.02504461 1.07058823 0.42941177 0.27058824
v 0.09825831 -0.10650810 0.02476003 1.07058823 0.42941177 0.27058824
v 0.08120680 -0.10973447 0.02543745 1.07058823 0.42941177 0.27058824
v 0.08328233 -0.10973447 0.02553026 1.07058823 0.42941177 0.27058824
v 0.08328233 -0.10765714 0.02553026 1.07058823 0.42941177 0.27058824
v 0.08466063 -0.10627511 0.02549313 1.07058823 0.42941177 0.27058824
v 0.09546543 -0.10627511 0.02514669 1.07058823 0.42941177 0.27058824
v 0.08734066 -0.10973447 0.02547767 1.07058823 0.42941177 0.27058824
v 0.08872300 -0.10627511 0.02552097 1.07058823 0.42941177 0.27058824
f 898 899 900
f 898 900 901
f 898 901 902
f 898 902 906
f 898 906 903
f 898 903 907
f 898 907 914
f 898 914 918
f 898 918 923
f 898 923 927
f 898 927 934
f 898 934 930
f 898 930 929
f 898 929 924
f 898 924 920
f 898 920 915
f 898 915 908
f 898 908 904
f 898 904 899
f 899 904 900
f 900 905 912
f 900 912 911
f 900 911 910
f 900 910 909
f 900 909 916
f 900 916 921
f 900 921 925
f 900 925 932
f 900 932 935
f 900 935 933
f 900 933 926
f 900 926 922
f 900 922 919
f 900 919 917
f 900 917 913
f 900 913 906
f 900 906 902
f 900 902 901
f 900 904 905
f 903 906 913
f 903 913 907
f 904 908 909
f 904 909 910
f 904 910 911
f 904 911 912
f 904 912 905
f 907 913 914
f 908 915 916
f 908 916 909
f 913 917 914
f 914 917 919
f 914 919 918
f 915 920 916
f 916 920 921
f 918 922 923
f 918 919 922
f 920 924 921
f 921 924 925
f 922 926 927
f 922 927 928
f 922 928 923
f 923 928 927
f 924 929 925
f 925 929 930
f 925 930 931
f 925 931 932
f 926 933 927
f 927 933 934
f 930 934 935
f 930 935 931
f 931 935 932
f 933 935 934

o geometry_32
v -0.11578096 -0.06257248 0.02567188 0.87647060 0.02941176 1.24117647
v -0.10499816 -0.07656127 0.02555811 0.87647060 0.02941176 1.24117647
v -0.10499816 -0.07249428 0.02525694 0.87647060 0.02941176 1.24117647
v -0.10499816 -0.07109624 0.02509630 0.87647060 0.02941176 1.24117647
v -0.11242677 -0.06257248 0.02502268 0.87647060 0.02941176 1.24117647
v -0.11984415 -0.06257248 0.02567188 0.87647060 0.02941176 1.24117647
v -0.11578096 -0.10584792 0.02567188 0.87647060 0.02941176 1.24117647
v -0.10499816 -0.08062404 0.02553134 0.87647060 0.02941176 1.24117647
v -0.10499816 -0.06930846 0.02476836 0.87647060 0.02941176 1.24117647
v -0.11042324 -0.06257248 0.02208120 0.87647060 0.02941176 1.24117647
v -0.10499816 -0.06839337 0.02456758 0.87647060 0.02941176 1.24117647
v -0.10499816 -0.06684706 0.02233553 0.87647060 0.02941176 1.24117647
v -0.12241264 -0.06257248 0.02508627 0.87647060 0.02941176 1.24117647
v -0.11984415 -0.10584792 0.02567188 0.87647060 0.02941176 1.24117647
v -0.11240432 -0.10584792 0.02502268 0.87647060 0.02941176 1.24117647
v -0.10499816 -0.09896367 0.02495241 0.87647060 0.02941176 1.24117647
v -0.10499816 -0.09546859 0.02537740 0.87647060 0.02941176 1.24117647
v -0.10499816 -0.09146514 0.02542425 0.87647060 0.02941176 1.24117647
v -0.10998735 -0.06257248 0.01827971 0.87647060 0.02941176 1.24117647
v -0.10499816 -0.06638106 0.01827971 0.87647060 0.02941176 1.24117647
v -0.12268950 -0.06257248 0.02502268 0.87647060 0.02941176 1.24117647
v -0.12268950 -0.10584792 0.02502268 0.87647060 0.02941176 1.24117647
v -0.11031847 -0.10584792 0.02261328 0.87647060 0.02941176 1.24117647
v -0.10499816 -0.09965421 0.02433668 0.87647060 0.02941176 1.24117647
v -0.10916612 -0.06257248 -0.00851490 0.87647060 0.02941176 1.24117647
v -0.10499816 -0.06598284 -0.00851490 0.87647060 0.02941176 1.24117647
v -0.12369783 -0.06257248 0.02260325 0.87647060 0.02941176 1.24117647
v -0.12331059 -0.10584792 0.02353354 0.87647060 0.02941176 1.24117647
v -0.10989195 -0.10584792 0.01827971 0.87647060 0.02941176 1.24117647
v -0.10499816 -0.10143354 0.01827971 0.87647060 0.02941176 1.24117647
v -0.10499816 -0.10095904 0.02231545 0.87647060 0.02941176 1.24117647
v -0.10499816 -0.10095482 0.02234223 0.87647060 0.02941176 1.24117647
v -0.12410939 -0.06257248 -0.00851490 0.87647060 0.02941176 1.24117647
v -0.10499816 -0.10192072 -0.00851490 0.87647060 0.02941176 1.24117647
v -0.12380632 -0.06257248 0.02234223 0.87647060 0.02941176 1.24117647
v -0.12380632 -0.10584792 0.02234223 0.87647060 0.02941176 1.24117647
v -0.10907819 -0.10584792 -0.00851490 0.87647060 0.02941176 1.24117647
v -0.12410939 -0.06257248 0.01827971 0.87647060 0.02941176 1.24117647
v -0.12410939 -0.10584792 -0.00851490 0.87647060 0.02941176 1.24117647
v -0.12410939 -0.10584792 0.01827971 0.87647060 0.02941176 1.24117647
f 936 937 938
f 936 938 939
f 936 939 940
f 936 940 945
f 936 945 954
f 936 954 960
f 936 960 968
f 936 968 973
f 936 973 970
f 936 970 962
f 936 962 956
f 936 956 948
f 936 948 941
f 936 941 949
f 936 949 942
f 936 942 937
f 937 943 953
f 937 953 952
f 937 952 951
f 937 951 959
f 937 959 967
f 937 967 966
f 937 966 965
f 937 965 969
f 937 969 961
f 937 961 955
f 937 955 947
f 937 947 946
f 937 946 944
f 937 944 939
f 937 939 938
f 937 942 943
f 939 944 940
f 940 944 946
f 940 946 947
f 940 947 945
f 941 948 949
f 942 949 957
f 942 957 963
f 942 963 971
f 942 971 975
f 942 975 974
f 942 974 972
f 942 972 964
f 942 964 958
f 942 958 950
f 942 950 951
f 942 951 952
f 942 952 953
f 942 953 943
f 945 947 955
f 945 955 954
f 948 956 957
f 948 957 949
f 950 958 959
f 950 959 951
f 954 955 960
f 955 961 960
f 956 962 963
f 956 963 957
f 958 964 965
f 958 965 966
f 958 966 967
f 958 967 959
f 960 961 969
f 960 969 972
f 960 972 974
f 960 974 968
f 962 970 971
f 962 971 963
f 964 972 965
f 965 972 969
f 968 974 975
f 968 975 973
f 970 973 975
f 970 975 971

o geometry_33
v 0.10400387 -0.10397847 -0.00911942 0.00588236 1.01176470 0.40000000
v 0.10400387 -0.10859559 -0.00606996 0.00588236 1.01176470 0.40000000
v 0.10400387 -0.10397847 -0.01163504 0.00588236 1.01176470 0.40000000
v 0.10240257 -0.10397847 -0.00607976 0.00588236 1.01176470 0.40000000
v 0.10400387 -0.12411014 -0.00606996 0.00588236 1.01176470 0.40000000
v 0.10029397 -0.10397847 -0.00606996 0.00588236 1.01176470 0.40000000
v 0.10400387 -0.12411014 -0.01163504 0.00588236 1.01176470 0.40000000
v 0.05893812 -0.10397847 -0.01163504 0.00588236 1.01176470 0.40000000
v 0.05893812 -0.12411014 -0.00606996 0.00588236 1.01176470 0.40000000
v 0.06645495 -0.10397847 -0.00606996 0.00588236 1.01176470 0.40000000
v 0.06149226 -0.12411014 -0.01163504 0.00588236 1.01176470 0.40000000
v 0.05893812 -0.10787041 -0.01163504 0.00588236 1.01176470 0.40000000
v 0.05893812 -0.10397847 -0.01146018 0.00588236 1.01176470 0.40000000
v 0.05893812 -0.11031790 -0.00606996 0.00588236 1.01176470 0.40000000
v 0.05893812 -0.12411014 -0.01162307 0.00588236 1.01176470 0.40000000
v 0.06628733 -0.10397847 -0.00607160 0.00588236 1.01176470 0.40000000
v 0.05893812 -0.11020755 -0.00607050 0.00588236 1.01176470 0.40000000
f 976 977 980
f 976 980 982
f 976 982 978
f 976 978 983
f 976 983 988
f 976 988 991
f 976 991 985
f 976 985 981
f 976 981 979
f 976 979 977
f 977 979 981
f 977 981 985
f 977 985 989
f 977 989 984
f 977 984 980
f 978 982 986
f 978 986 987
f 978 987 983
f 980 984 990
f 980 990 986
f 980 986 982
f 983 987 990
f 983 990 984
f 983 984 989
f 983 989 992
f 983 992 988
f 985 991 992
f 985 992 989
f 986 990 987
f 988 992 991

o geometry_34
v 0.05893234 -0.10397847 -0.01146018 1.10000000 1.44117646 0.37058823
v 0.05893234 -0.11020755 -0.00607050 1.10000000 1.44117646 0.37058823
v 0.05893234 -0.10397847 -0.01163504 1.10000000 1.44117646 0.37058823
v 0.05851683 -0.10397847 -0.01147270 1.10000000 1.44117646 0.37058823
v -0.00001379 -0.10402775 -0.01163504 1.10000000 1.44117646 0.37058823
v -0.00001379 -0.11020952 -0.00606996 1.10000000 1.44117646 0.37058823
v 0.05890348 -0.11020952 -0.00606996 1.10000000 1.44117646 0.37058823
v 0.05893234 -0.11031790 -0.00606996 1.10000000 1.44117646 0.37058823
v 0.05893234 -0.10787041 -0.01163504 1.10000000 1.44117646 0.37058823
v 0.05518113 -0.10397847 -0.01163504 1.10000000 1.44117646 0.37058823
v -0.00001379 -0.12228733 -0.01163504 1.10000000 1.44117646 0.37058823
v -0.00001379 -0.12223215 -0.00606996 1.10000000 1.44117646 0.37058823
v 0.05893234 -0.12411014 -0.00606996 1.10000000 1.44117646 0.37058823
v 0.05893234 -0.12411014 -0.01162307 1.10000000 1.44117646 0.37058823
v 0.05890348 -0.12411014 -0.01163504 1.10000000 1.44117646 0.37058823
v 0.02234927 -0.12411014 -0.00606996 1.10000000 1.44117646 0.37058823
v 0.02234927 -0.12411014 -0.01163504 1.10000000 1.44117646 0.37058823
f 993 994 1000
f 993 1000 1005
f 993 1005 1006
f 993 1006 1001
f 993 1001 995
f 993 995 1002
f 993 1002 996
f 993 996 997
f 993 997 998
f 993 998 994
f 994 999 1000
f 994 998 999
f 995 1001 1007
f 995 1007 1009
f 995 1009 1003
f 995 1003 997
f 995 997 1002
f 996 1002 997
f 997 1003 1004
f 997 1004 998
f 998 1004 1008
f 998 1008 1005
f 998 1005 1000
f 998 1000 999
f 1001 1006 1007
f 1003 1008 1004
f 1003 1009 1008
f 1005 1008 1009
f 1005 1009 1007
f 1005 1007 1006

o geometry_35
v 0.07935717 -0.06296995 0.02566936 0.85882353 0.88235293 0.85294117
v 0.07935717 -0.06000959 0.02502003 0.85882353 0.88235293 0.85294117
v 0.07921849 -0.06001357 0.02502003 0.85882353 0.88235293 0.85294117
v 0.07921849 -0.06296995 0.02566625 0.85882353 0.88235293 0.85294117
v 0.07109219 -0.06703175 0.02565693 0.85882353 0.88235293 0.85294117
v 0.06703209 -0.07109353 0.02565693 0.85882353 0.88235293 0.85294117
v 0.06296995 -0.07866443 0.02563829 0.85882353 0.88235293 0.85294117
v 0.06352258 -0.07866443 0.02563208 0.85882353 0.88235293 0.85294117
v 0.07935717 -0.06670172 0.02501072 0.85882353 0.88235293 0.85294117
v 0.07935717 -0.05995790 0.02492994 0.85882353 0.88235293 0.85294117
v 0.07935717 -0.05872326 0.02234195 0.85882353 0.88235293 0.85294117
v 0.07921849 -0.05873718 0.02234195 0.85882353 0.88235293 0.85294117
v 0.07515636 -0.06043904 0.02479323 0.85882353 0.88235293 0.85294117
v 0.07515636 -0.06296995 0.02544257 0.85882353 0.88235293 0.85294117
v 0.06698315 -0.06698403 0.02513187 0.85882353 0.88235293 0.85294117
v 0.06296995 -0.07515534 0.02544567 0.85882353 0.88235293 0.85294117
v 0.06041685 -0.07866443 0.02507906 0.85882353 0.88235293 0.85294117
v 0.06707900 -0.07866443 0.02497032 0.85882353 0.88235293 0.85294117
v 0.07935717 -0.06699397 0.02495167 0.85882353 0.88235293 0.85294117
v 0.07935717 -0.05870934 0.02220525 0.85882353 0.88235293 0.85294117
v 0.07921849 -0.05838528 0.01828133 0.85882353 0.88235293 0.85294117
v 0.07515636 -0.05974119 0.02234195 0.85882353 0.88235293 0.85294117
v 0.07288465 -0.06081280 0.02450740 0.85882353 0.88235293 0.85294117
v 0.07135524 -0.06301369 0.02496101 0.85882353 0.88235293 0.85294117
v 0.06830457 -0.06439744 0.02479012 0.85882353 0.88235293 0.85294117
v 0.06439945 -0.06830417 0.02479012 0.85882353 0.88235293 0.85294117
v 0.06301482 -0.07135598 0.02496411 0.85882353 0.88235293 0.85294117
v 0.06044131 -0.07515534 0.02479633 0.85882353 0.88235293 0.85294117
v 0.06007221 -0.07866443 0.02498897 0.85882353 0.88235293 0.85294117
v 0.06727476 -0.07866443 0.02492372 0.85882353 0.88235293 0.85294117
v 0.06743994 -0.07866443 0.02485227 0.85882353 0.88235293 0.85294117
v 0.06913453 -0.07739001 0.02444838 0.85882353 0.88235293 0.85294117
v 0.06873688 -0.07866443 0.02330506 0.85882353 0.88235293 0.85294117
v 0.07935717 -0.06853877 0.02272409 0.85882353 0.88235293 0.85294117
v 0.07935717 -0.05836937 0.01828133 0.85882353 0.88235293 0.85294117
v 0.07515636 -0.05954436 0.01828133 0.85882353 0.88235293 0.85294117
v 0.07935717 -0.05835545 -0.00606996 0.85882353 0.88235293 0.85294117
v 0.07921849 -0.05837334 -0.00606996 0.85882353 0.88235293 0.85294117
v 0.07919403 -0.05837931 -0.00606996 0.85882353 0.88235293 0.85294117
v 0.07515636 -0.05951057 -0.00606996 0.85882353 0.88235293 0.85294117
v 0.07265016 -0.06068556 0.02234195 0.85882353 0.88235293 0.85294117
v 0.07061908 -0.06193811 0.02234195 0.85882353 0.88235293 0.85294117
v 0.06778864 -0.06396999 0.02234195 0.85882353 0.88235293 0.85294117
v 0.06575757 -0.06575733 0.02234195 0.85882353 0.88235293 0.85294117
v 0.06397121 -0.06778724 0.02234195 0.85882353 0.88235293 0.85294117
v 0.06081246 -0.07288287 0.02450740 0.85882353 0.88235293 0.85294117
v 0.05896899 -0.07866443 0.02267748 0.85882353 0.88235293 0.85294117
v 0.07120434 -0.07866443 0.01015387 0.85882353 0.88235293 0.85294117
v 0.07935717 -0.07031021 0.01031855 0.85882353 0.88235293 0.85294117
v 0.07253595 -0.06061995 0.01828133 0.85882353 0.88235293 0.85294117
v 0.07514005 -0.05951654 -0.00606996 0.85882353 0.88235293 0.85294117
v 0.07935717 -0.07095436 -0.00606996 0.85882353 0.88235293 0.85294117
v 0.07050489 -0.06181086 0.01828133 0.85882353 0.88235293 0.85294117
v 0.06765201 -0.06384275 0.01828133 0.85882353 0.88235293 0.85294117
v 0.06562095 -0.06562015 0.01828133 0.85882353 0.88235293 0.85294117
v 0.06194015 -0.07061837 0.02234195 0.85882353 0.88235293 0.85294117
v 0.06384479 -0.06765206 0.01828133 0.85882353 0.88235293 0.85294117
v 0.06068398 -0.07265026 0.02234195 0.85882353 0.88235293 0.85294117
v 0.05974390 -0.07515534 0.02234195 0.85882353 0.88235293 0.85294117
v 0.05887316 -0.07866443 0.02234195 0.85882353 0.88235293 0.85294117
v 0.07093109 -0.07866443 -0.00606996 0.85882353 0.88235293 0.85294117
v 0.07935717 -0.07068795 0.00609636 0.85882353 0.88235293 0.85294117
v 0.07935717 -0.07068199 0.00620511 0.85882353 0.88235293 0.85294117
v 0.07253391 -0.06060008 -0.00606996 0.85882353 0.88235293 0.85294117
v 0.07050285 -0.06180886 -0.00606996 0.85882353 0.88235293 0.85294117
v 0.06765201 -0.06383877 -0.00606996 0.85882353 0.88235293 0.85294117
v 0.06562095 -0.06562015 -0.00203109 0.85882353 0.88235293 0.85294117
v 0.06384070 -0.06765206 -0.00606996 0.85882353 0.88235293 0.85294117
v 0.06181371 -0.07050504 0.01828133 0.85882353 0.88235293 0.85294117
v 0.06182187 -0.07048517 -0.00606996 0.85882353 0.88235293 0.85294117
v 0.06062076 -0.07253694 0.01828133 0.85882353 0.88235293 0.85294117
v 0.05954406 -0.07515534 0.01828133 0.85882353 0.88235293 0.85294117
v 0.05856931 -0.07866443 0.01883124 0.85882353 0.88235293 0.85294117
v 0.05852649 -0.07866443 -0.00606996 0.85882353 0.88235293 0.85294117
v 0.06563318 -0.06561021 -0.00606996 0.85882353 0.88235293 0.85294117
v 0.06561075 -0.06563208 -0.00606996 0.85882353 0.88235293 0.85294117
v 0.06180352 -0.07051301 -0.00606996 0.85882353 0.88235293 0.85294117
v 0.06060037 -0.07253295 -0.00606996 0.85882353 0.88235293 0.85294117
v 0.05951551 -0.07513942 -0.00606996 0.85882353 0.88235293 0.85294117
v 0.05854279 -0.07866443 0.01828133 0.85882353 0.88235293 0.85294117
v 0.05950940 -0.07515534 -0.00606996 0.85882353 0.88235293 0.85294117
f 1010 1011 1012
f 1010 1012 1013
f 1010 1013 1014
f 1010 1014 1015
f 1010 1015 1016
f 1010 1016 1017
f 1010 1017 1018
f 1010 1018 1028
f 1010 1028 1043
f 1010 1043 1058
f 1010 1058 1072
f 1010 1072 1071
f 1010 1071 1061
f 1010 1061 1046
f 1010 1046 1044
f 1010 1044 1029
f 1010 1029 1020
f 1010 1020 1019
f 1010 1019 1011
f 1011 1019 1012
f 1012 1019 1020
f 1012 1020 1021
f 1012 1021 1022
f 1012 1022 1023
f 1012 1023 1013
f 1013 1023 1014
f 1014 1023 1024
f 1014 1024 1015
f 1015 1024 1025
f 1015 1025 1016
f 1016 1025 1026
f 1016 1026 1038
f 1016 1038 1056
f 1016 1056 1069
f 1016 1069 1082
f 1016 1082 1089
f 1016 1089 1083
f 1016 1083 1070
f 1016 1070 1057
f 1016 1057 1042
f 1016 1042 1040
f 1016 1040 1039
f 1016 1039 1027
f 1016 1027 1017
f 1017 1027 1018
f 1018 1027 1028
f 1020 1029 1021
f 1021 1029 1030
f 1021 1030 1031
f 1021 1031 1032
f 1021 1032 1022
f 1022 1033 1023
f 1022 1032 1033
f 1023 1033 1024
f 1024 1033 1034
f 1024 1034 1035
f 1024 1035 1036
f 1024 1036 1025
f 1025 1036 1037
f 1025 1037 1026
f 1026 1037 1038
f 1027 1039 1028
f 1028 1039 1040
f 1028 1040 1041
f 1028 1041 1042
f 1028 1042 1043
f 1029 1044 1030
f 1030 1045 1031
f 1030 1044 1046
f 1030 1046 1047
f 1030 1047 1048
f 1030 1048 1049
f 1030 1049 1045
f 1031 1050 1032
f 1031 1045 1050
f 1032 1050 1051
f 1032 1051 1052
f 1032 1052 1034
f 1032 1034 1033
f 1034 1052 1053
f 1034 1053 1035
f 1035 1053 1054
f 1035 1054 1055
f 1035 1055 1036
f 1036 1055 1037
f 1037 1055 1056
f 1037 1056 1038
f 1040 1042 1041
f 1042 1057 1043
f 1043 1057 1058
f 1045 1059 1050
f 1045 1049 1060
f 1045 1060 1059
f 1046 1061 1070
f 1046 1070 1083
f 1046 1083 1090
f 1046 1090 1088
f 1046 1088 1087
f 1046 1087 1086
f 1046 1086 1079
f 1046 1079 1077
f 1046 1077 1085
f 1046 1085 1084
f 1046 1084 1075
f 1046 1075 1074
f 1046 1074 1073
f 1046 1073 1060
f 1046 1060 1049
f 1046 1049 1048
f 1046 1048 1047
f 1050 1059 1062
f 1050 1062 1051
f 1051 1062 1063
f 1051 1063 1052
f 1052 1063 1064
f 1052 1064 1053
f 1053 1064 1054
f 1054 1065 1055
f 1054 1064 1066
f 1054 1066 1065
f 1055 1065 1067
f 1055 1067 1068
f 1055 1068 1069
f 1055 1069 1056
f 1057 1070 1061
f 1057 1061 1071
f 1057 1071 1072
f 1057 1072 1058
f 1059 1060 1073
f 1059 1073 1062
f 1062 1073 1074
f 1062 1074 1075
f 1062 1075 1063
f 1063 1075 1064
f 1064 1075 1076
f 1064 1076 1077
f 1064 1077 1066
f 1065 1066 1078
f 1065 1078 1067
f 1066 1077 1079
f 1066 1079 1078
f 1067 1078 1080
f 1067 1080 1081
f 1067 1081 1068
f 1068 1081 1082
f 1068 1082 1069
f 1075 1084 1076
f 1076 1084 1085
f 1076 1085 1077
f 1078 1079 1086
f 1078 1086 1087
f 1078 1087 1080
f 1080 1087 1088
f 1080 1088 1081
f 1081 1089 1082
f 1081 1088 1090
f 1081 1090 1089
f 1083 1089 1090

o geometry_36
v 0.07183107 -0.09134538 -0.00203076 0.32941176 1.42352941 0.67058823
v 0.07182425 -0.09134538 -0.00208359 0.32941176 1.42352941 0.67058823
v 0.07093252 -0.07866640 -0.00606685 0.32941176 1.42352941 0.67058823
v 0.07120428 -0.07866640 0.01015518 0.32941176 1.42352941 0.67058823
v 0.07175323 -0.09134538 0.01034781 0.32941176 1.42352941 0.67058823
v 0.07079871 -0.09134538 -0.00606685 0.32941176 1.42352941 0.67058823
v 0.05852508 -0.07866640 -0.00606685 0.32941176 1.42352941 0.67058823
v 0.06873534 -0.07866640 0.02330740 0.32941176 1.42352941 0.67058823
v 0.07117014 -0.09134538 0.01429690 0.32941176 1.42352941 0.67058823
v 0.05879545 -0.09134538 -0.00606685 0.32941176 1.42352941 0.67058823
v 0.05836939 -0.07921993 -0.00606685 0.32941176 1.42352941 0.67058823
v 0.05838306 -0.07921993 0.01828017 0.32941176 1.42352941 0.67058823
v 0.05854146 -0.07866640 0.01828017 0.32941176 1.42352941 0.67058823
v 0.06743806 -0.07866640 0.02485162 0.32941176 1.42352941 0.67058823
v 0.06725371 -0.09134538 0.02507844 0.32941176 1.42352941 0.67058823
v 0.06943178 -0.09134538 0.02234110 0.32941176 1.42352941 0.67058823
v 0.05802528 -0.08734411 -0.00606685 0.32941176 1.42352941 0.67058823
v 0.05879545 -0.09134538 -0.00600782 0.32941176 1.42352941 0.67058823
v 0.05788462 -0.08325843 -0.00606685 0.32941176 1.42352941 0.67058823
v 0.05788599 -0.08328201 0.01828017 0.32941176 1.42352941 0.67058823
v 0.05873673 -0.07921993 0.02234110 0.32941176 1.42352941 0.67058823
v 0.05887329 -0.07866640 0.02234110 0.32941176 1.42352941 0.67058823
v 0.05856878 -0.07866640 0.01883322 0.32941176 1.42352941 0.67058823
v 0.06727284 -0.07866640 0.02492309 0.32941176 1.42352941 0.67058823
v 0.06718953 -0.09134538 0.02509398 0.32941176 1.42352941 0.67058823
v 0.05802391 -0.08731929 -0.00606685 0.32941176 1.42352941 0.67058823
v 0.05803347 -0.08734411 0.01828017 0.32941176 1.42352941 0.67058823
v 0.05882141 -0.09134538 0.01828017 0.32941176 1.42352941 0.67058823
v 0.05788190 -0.08328201 -0.00606685 0.32941176 1.42352941 0.67058823
v 0.05845270 -0.08734411 0.02234110 0.32941176 1.42352941 0.67058823
v 0.05832843 -0.08328201 0.02234110 0.32941176 1.42352941 0.67058823
v 0.06001353 -0.07921993 0.02501940 0.32941176 1.42352941 0.67058823
v 0.05896752 -0.07866640 0.02267667 0.32941176 1.42352941 0.67058823
v 0.06707755 -0.07866640 0.02496969 0.32941176 1.42352941 0.67058823
v 0.06352302 -0.07866640 0.02563150 0.32941176 1.42352941 0.67058823
v 0.06296997 -0.08734411 0.02567188 0.32941176 1.42352941 0.67058823
v 0.06296997 -0.09134538 0.02561596 0.32941176 1.42352941 0.67058823
v 0.05910680 -0.09134538 0.02234110 0.32941176 1.42352941 0.67058823
v 0.06016510 -0.09134538 0.02496969 0.32941176 1.42352941 0.67058823
v 0.05990565 -0.08734411 0.02502251 0.32941176 1.42352941 0.67058823
v 0.05985513 -0.08328201 0.02502251 0.32941176 1.42352941 0.67058823
v 0.06007226 -0.07866640 0.02498834 0.32941176 1.42352941 0.67058823
v 0.06296997 -0.07921993 0.02566878 0.32941176 1.42352941 0.67058823
v 0.06041637 -0.07866640 0.02507844 0.32941176 1.42352941 0.67058823
v 0.06296997 -0.07866640 0.02563771 0.32941176 1.42352941 0.67058823
v 0.06296997 -0.08328201 0.02567188 0.32941176 1.42352941 0.67058823
f 1091 1092 1093
f 1091 1093 1094
f 1091 1094 1095
f 1091 1095 1099
f 1091 1099 1106
f 1091 1106 1105
f 1091 1105 1115
f 1091 1115 1127
f 1091 1127 1129
f 1091 1129 1128
f 1091 1128 1118
f 1091 1118 1108
f 1091 1108 1100
f 1091 1100 1096
f 1091 1096 1092
f 1092 1096 1093
f 1093 1096 1100
f 1093 1100 1107
f 1093 1107 1116
f 1093 1116 1119
f 1093 1119 1109
f 1093 1109 1101
f 1093 1101 1097
f 1093 1097 1103
f 1093 1103 1113
f 1093 1113 1112
f 1093 1112 1123
f 1093 1123 1132
f 1093 1132 1134
f 1093 1134 1135
f 1093 1135 1125
f 1093 1125 1124
f 1093 1124 1114
f 1093 1114 1104
f 1093 1104 1098
f 1093 1098 1094
f 1094 1098 1099
f 1094 1099 1095
f 1097 1101 1102
f 1097 1102 1103
f 1098 1104 1105
f 1098 1105 1106
f 1098 1106 1099
f 1100 1108 1107
f 1101 1109 1110
f 1101 1110 1102
f 1102 1110 1111
f 1102 1111 1112
f 1102 1112 1113
f 1102 1113 1103
f 1104 1114 1105
f 1105 1114 1115
f 1107 1108 1117
f 1107 1117 1116
f 1108 1118 1117
f 1109 1119 1110
f 1110 1117 1120
f 1110 1120 1121
f 1110 1121 1111
f 1110 1119 1116
f 1110 1116 1117
f 1111 1121 1122
f 1111 1122 1123
f 1111 1123 1112
f 1114 1124 1115
f 1115 1125 1126
f 1115 1126 1127
f 1115 1124 1125
f 1117 1118 1128
f 1117 1128 1120
f 1120 1128 1129
f 1120 1129 1130
f 1120 1130 1121
f 1121 1130 1131
f 1121 1131 1122
f 1122 1132 1123
f 1122 1131 1133
f 1122 1133 1134
f 1122 1134 1132
f 1125 1135 1133
f 1125 1133 1136
f 1125 1136 1126
f 1126 1136 1131
f 1126 1131 1130
f 1126 1130 1127
f 1127 1130 1129
f 1131 1136 1133
f 1133 1135 1134

o geometry_37
v 0.10944579 -0.10491732 -0.00606685 1.26470587 1.04705883 0.44117648
v 0.10595637 -0.10125443 -0.00606685 1.26470587 1.04705883 0.44117648
v 0.10944579 -0.08422030 -0.00606685 1.26470587 1.04705883 0.44117648
v 0.10944579 -0.10491732 0.01421752 1.26470587 1.04705883 0.44117648
v 0.10595637 -0.08422030 -0.00606685 1.26470587 1.04705883 0.44117648
v 0.10595637 -0.10125443 0.01421752 1.26470587 1.04705883 0.44117648
v 0.10944579 -0.08422030 0.02551516 1.26470587 1.04705883 0.44117648
v 0.10944579 -0.10490922 0.01732346 1.26470587 1.04705883 0.44117648
v 0.10595637 -0.08422030 0.02546566 1.26470587 1.04705883 0.44117648
v 0.10944579 -0.10490517 0.01827936 1.26470587 1.04705883 0.44117648
v 0.10595637 -0.10123214 0.01827936 1.26470587 1.04705883 0.44117648
v 0.10765719 -0.08422030 0.02551516 1.26470587 1.04705883 0.44117648
v 0.10595637 -0.08904611 0.02553063 1.26470587 1.04705883 0.44117648
v 0.10944579 -0.08555540 0.02549970 1.26470587 1.04705883 0.44117648
v 0.10595637 -0.08498409 0.02548113 1.26470587 1.04705883 0.44117648
v 0.10671848 -0.08422030 0.02550279 1.26470587 1.04705883 0.44117648
v 0.10944579 -0.10332898 0.02202255 1.26470587 1.04705883 0.44117648
v 0.10595637 -0.10051496 0.02252680 1.26470587 1.04705883 0.44117648
v 0.10595637 -0.09336135 0.02531100 1.26470587 1.04705883 0.44117648
v 0.10944579 -0.08734431 0.02547804 1.26470587 1.04705883 0.44117648
v 0.10944579 -0.09961544 0.02369307 1.26470587 1.04705883 0.44117648
v 0.10595637 -0.09851535 0.02482839 1.26470587 1.04705883 0.44117648
v 0.10595637 -0.09546832 0.02519962 1.26470587 1.04705883 0.44117648
v 0.10944579 -0.09159676 0.02504185 1.26470587 1.04705883 0.44117648
v 0.10650498 -0.09826008 0.02475725 1.26470587 1.04705883 0.44117648
v 0.10595637 -0.09687231 0.02503257 1.26470587 1.04705883 0.44117648
f 1137 1138 1141
f 1137 1141 1139
f 1137 1139 1143
f 1137 1143 1150
f 1137 1150 1156
f 1137 1156 1160
f 1137 1160 1157
f 1137 1157 1153
f 1137 1153 1146
f 1137 1146 1144
f 1137 1144 1140
f 1137 1140 1142
f 1137 1142 1138
f 1138 1142 1147
f 1138 1147 1154
f 1138 1154 1158
f 1138 1158 1162
f 1138 1162 1159
f 1138 1159 1155
f 1138 1155 1149
f 1138 1149 1151
f 1138 1151 1145
f 1138 1145 1141
f 1139 1141 1145
f 1139 1145 1152
f 1139 1152 1148
f 1139 1148 1143
f 1140 1144 1142
f 1142 1144 1146
f 1142 1146 1147
f 1143 1148 1149
f 1143 1149 1150
f 1145 1151 1152
f 1146 1153 1154
f 1146 1154 1147
f 1148 1152 1149
f 1149 1152 1151
f 1149 1155 1156
f 1149 1156 1150
f 1153 1157 1158
f 1153 1158 1154
f 1155 1159 1156
f 1156 1159 1160
f 1157 1160 1161
f 1157 1161 1158
f 1158 1161 1160
f 1158 1160 1162
f 1159 1162 1160

o geometry_38
v 0.07921101 -0.10360046 0.02553417 1.21764706 0.59411764 1.31764706
v 0.06296947 -0.09134538 0.02561807 1.21764706 0.59411764 1.31764706
v 0.07515563 -0.10359315 0.02567088 1.21764706 0.59411764 1.31764706
v 0.07921101 -0.10627476 0.02541300 1.21764706 0.59411764 1.31764706
v 0.07921101 -0.10093346 0.02488793 1.21764706 0.59411764 1.31764706
v 0.06725671 -0.09134538 0.02508055 1.21764706 0.59411764 1.31764706
v 0.06719076 -0.09134538 0.02509298 1.21764706 0.59411764 1.31764706
v 0.06296947 -0.09140822 0.02561496 1.21764706 0.59411764 1.31764706
v 0.06703287 -0.09953054 0.02546892 1.21764706 0.59411764 1.31764706
v 0.06016528 -0.09134538 0.02496870 1.21764706 0.59411764 1.31764706
v 0.06016929 -0.09140822 0.02496870 1.21764706 0.59411764 1.31764706
v 0.07109224 -0.10359315 0.02539746 1.21764706 0.59411764 1.31764706
v 0.07524557 -0.10627476 0.02521727 1.21764706 0.59411764 1.31764706
v 0.07921101 -0.10627476 -0.00606685 1.21764706 0.59411764 1.31764706
v 0.07921101 -0.10005370 0.02234331 1.21764706 0.59411764 1.31764706
v 0.06943131 -0.09134538 0.02234331 1.21764706 0.59411764 1.31764706
v 0.06946729 -0.09260070 0.02470150 1.21764706 0.59411764 1.31764706
v 0.06054305 -0.09437481 0.02473257 1.21764706 0.59411764 1.31764706
v 0.06277560 -0.09562575 0.02510851 1.21764706 0.59411764 1.31764706
v 0.06410874 -0.09953054 0.02482267 1.21764706 0.59411764 1.31764706
v 0.06481430 -0.10177229 0.02453994 1.21764706 0.59411764 1.31764706
v 0.06738463 -0.10331256 0.02477296 1.21764706 0.59411764 1.31764706
v 0.05910796 -0.09134538 0.02234331 1.21764706 0.59411764 1.31764706
v 0.07109224 -0.10627476 0.02480403 1.21764706 0.59411764 1.31764706
v 0.06638527 -0.10627476 -0.00606685 1.21764706 0.59411764 1.31764706
v 0.07921101 -0.09884953 -0.00606685 1.21764706 0.59411764 1.31764706
v 0.07921101 -0.09800340 0.01449510 1.21764706 0.59411764 1.31764706
v 0.07117018 -0.09134538 0.01429937 1.21764706 0.59411764 1.31764706
v 0.05911795 -0.09140822 0.02234331 1.21764706 0.59411764 1.31764706
v 0.06025323 -0.09499005 0.02234331 1.21764706 0.59411764 1.31764706
v 0.06128657 -0.09702135 0.02234331 1.21764706 0.59411764 1.31764706
v 0.06649120 -0.10627476 0.01976763 1.21764706 0.59411764 1.31764706
v 0.06713479 -0.10627476 0.02231535 1.21764706 0.59411764 1.31764706
v 0.06743059 -0.10627476 0.02312937 1.21764706 0.59411764 1.31764706
v 0.06867980 -0.10627476 0.02402418 1.21764706 0.59411764 1.31764706
v 0.06897561 -0.10591089 0.02444052 1.21764706 0.59411764 1.31764706
v 0.07020880 -0.10627476 0.02462073 1.21764706 0.59411764 1.31764706
v 0.05882216 -0.09134538 0.01827939 1.21764706 0.59411764 1.31764706
v 0.06110667 -0.09716895 -0.00606685 1.21764706 0.59411764 1.31764706
v 0.06638328 -0.10627476 -0.00454754 1.21764706 0.59411764 1.31764706
v 0.07921101 -0.09878230 -0.00605752 1.21764706 0.59411764 1.31764706
v 0.07079842 -0.09134538 -0.00606685 1.21764706 0.59411764 1.31764706
v 0.07175382 -0.09134538 0.01034729 1.21764706 0.59411764 1.31764706
v 0.07921101 -0.09789965 -0.00203090 1.21764706 0.59411764 1.31764706
v 0.05883414 -0.09140822 0.01827939 1.21764706 0.59411764 1.31764706
v 0.06016329 -0.09513765 0.01827939 1.21764706 0.59411764 1.31764706
v 0.06110667 -0.09716895 0.01827939 1.21764706 0.59411764 1.31764706
v 0.06639927 -0.10627476 0.01827939 1.21764706 0.59411764 1.31764706
v 0.05879416 -0.09134538 -0.00606685 1.21764706 0.59411764 1.31764706
v 0.06014130 -0.09513765 -0.00606685 1.21764706 0.59411764 1.31764706
v 0.07182378 -0.09134538 -0.00208371 1.21764706 0.59411764 1.31764706
v 0.07921101 -0.09798878 -0.00249072 1.21764706 0.59411764 1.31764706
v 0.07182977 -0.09134538 -0.00203090 1.21764706 0.59411764 1.31764706
v 0.05880617 -0.09140822 -0.00606685 1.21764706 0.59411764 1.31764706
v 0.06013330 -0.09511572 -0.00606685 1.21764706 0.59411764 1.31764706
f 1163 1164 1165
f 1163 1165 1166
f 1163 1166 1176
f 1163 1176 1188
f 1163 1188 1203
f 1163 1203 1214
f 1163 1214 1206
f 1163 1206 1189
f 1163 1189 1177
f 1163 1177 1167
f 1163 1167 1168
f 1163 1168 1169
f 1163 1169 1164
f 1164 1170 1171
f 1164 1171 1165
f 1164 1169 1168
f 1164 1168 1178
f 1164 1178 1190
f 1164 1190 1205
f 1164 1205 1215
f 1164 1215 1213
f 1164 1213 1204
f 1164 1204 1211
f 1164 1211 1200
f 1164 1200 1185
f 1164 1185 1172
f 1164 1172 1173
f 1164 1173 1170
f 1165 1171 1174
f 1165 1174 1175
f 1165 1175 1166
f 1166 1175 1186
f 1166 1186 1199
f 1166 1199 1197
f 1166 1197 1196
f 1166 1196 1195
f 1166 1195 1194
f 1166 1194 1210
f 1166 1210 1202
f 1166 1202 1187
f 1166 1187 1176
f 1167 1177 1178
f 1167 1178 1179
f 1167 1179 1168
f 1168 1179 1178
f 1170 1173 1180
f 1170 1180 1181
f 1170 1181 1171
f 1171 1181 1182
f 1171 1182 1183
f 1171 1183 1184
f 1171 1184 1174
f 1172 1185 1173
f 1173 1185 1180
f 1174 1184 1186
f 1174 1186 1175
f 1176 1187 1201
f 1176 1201 1212
f 1176 1212 1217
f 1176 1217 1216
f 1176 1216 1211
f 1176 1211 1204
f 1176 1204 1188
f 1177 1189 1178
f 1178 1189 1190
f 1180 1185 1191
f 1180 1191 1192
f 1180 1192 1193
f 1180 1193 1183
f 1180 1183 1182
f 1180 1182 1181
f 1183 1193 1194
f 1183 1194 1195
f 1183 1195 1196
f 1183 1196 1197
f 1183 1197 1198
f 1183 1198 1184
f 1184 1198 1199
f 1184 1199 1186
f 1185 1200 1191
f 1187 1202 1201
f 1188 1204 1203
f 1189 1205 1190
f 1189 1206 1205
f 1191 1200 1207
f 1191 1207 1192
f 1192 1207 1208
f 1192 1208 1209
f 1192 1209 1193
f 1193 1209 1194
f 1194 1209 1210
f 1197 1199 1198
f 1200 1211 1216
f 1200 1216 1207
f 1201 1202 1209
f 1201 1209 1212
f 1202 1210 1209
f 1203 1213 1214
f 1203 1204 1213
f 1205 1206 1215
f 1206 1214 1213
f 1206 1213 1215
f 1207 1216 1208
f 1208 1216 1217
f 1208 1217 1212
f 1208 1212 1209

o geometry_39
v -0.10547166 -0.08333093 -0.01106718 0.87058824 1.31764706 1.03529412
v -0.09592701 -0.08333093 -0.01106718 0.87058824 1.31764706 1.03529412
v -0.10547166 -0.08333093 -0.00851514 0.87058824 1.31764706 1.03529412
v -0.10547166 -0.05676443 -0.01106718 0.87058824 1.31764706 1.03529412
v -0.09888157 -0.08333093 -0.00851514 0.87058824 1.31764706 1.03529412
v -0.08303242 -0.07443515 -0.01106718 0.87058824 1.31764706 1.03529412
v -0.10547166 -0.06598137 -0.00851514 0.87058824 1.31764706 1.03529412
v -0.10290153 -0.06369187 -0.00851514 0.87058824 1.31764706 1.03529412
v -0.09557994 -0.05931618 -0.00851514 0.87058824 1.31764706 1.03529412
v -0.09140843 -0.05805798 -0.00851514 0.87058824 1.31764706 1.03529412
v -0.08734454 -0.05341414 -0.01106718 0.87058824 1.31764706 1.03529412
v -0.08303242 -0.07123515 -0.00851514 0.87058824 1.31764706 1.03529412
v -0.08303242 -0.05323146 -0.01106718 0.87058824 1.31764706 1.03529412
v -0.08734454 -0.05751581 -0.00851514 0.87058824 1.31764706 1.03529412
v -0.08328285 -0.05323146 -0.01106718 0.87058824 1.31764706 1.03529412
v -0.08303242 -0.05744510 -0.00851514 0.87058824 1.31764706 1.03529412
v -0.08328285 -0.05742447 -0.00851514 0.87058824 1.31764706 1.03529412
f 1218 1219 1222
f 1218 1222 1220
f 1218 1220 1224
f 1218 1224 1221
f 1218 1221 1228
f 1218 1228 1232
f 1218 1232 1230
f 1218 1230 1223
f 1218 1223 1219
f 1219 1223 1222
f 1220 1222 1229
f 1220 1229 1233
f 1220 1233 1234
f 1220 1234 1231
f 1220 1231 1227
f 1220 1227 1226
f 1220 1226 1225
f 1220 1225 1224
f 1221 1225 1226
f 1221 1226 1227
f 1221 1227 1228
f 1221 1224 1225
f 1222 1223 1229
f 1223 1230 1233
f 1223 1233 1229
f 1227 1231 1228
f 1228 1231 1232
f 1230 1232 1234
f 1230 1234 1233
f 1231 1234 1232

o geometry_40
v -0.05742252 0.08328099 -0.00851490 1.08235295 0.74705883 1.42941177
v -0.05774739 0.07921857 -0.00851490 1.08235295 0.74705883 1.42941177
v -0.05745518 0.08476212 -0.00851490 1.08235295 0.74705883 1.42941177
v -0.05789521 0.08328099 0.01827971 1.08235295 0.74705883 1.42941177
v -0.05856732 0.07515726 -0.00851490 1.08235295 0.74705883 1.42941177
v -0.05837652 0.07921857 0.01827971 1.08235295 0.74705883 1.42941177
v -0.07064976 0.08476212 -0.00851490 1.08235295 0.74705883 1.42941177
v -0.05794679 0.08476212 0.01827971 1.08235295 0.74705883 1.42941177
v -0.05838340 0.08476212 0.02234223 1.08235295 0.74705883 1.42941177
v -0.05833870 0.08328099 0.02234223 1.08235295 0.74705883 1.42941177
v -0.05872890 0.07921857 0.02234223 1.08235295 0.74705883 1.42941177
v -0.05913630 0.07354658 -0.00851490 1.08235295 0.74705883 1.42941177
v -0.05953853 0.07515726 0.01827971 1.08235295 0.74705883 1.42941177
v -0.05973449 0.07515726 0.02234223 1.08235295 0.74705883 1.42941177
v -0.07415640 0.07354658 -0.00851490 1.08235295 0.74705883 1.42941177
v -0.07498149 0.07354658 0.00203295 1.08235295 0.74705883 1.42941177
v -0.06976278 0.08476212 0.00567048 1.08235295 0.74705883 1.42941177
v -0.05987888 0.08476212 0.02502268 1.08235295 0.74705883 1.42941177
v -0.05986168 0.08328099 0.02502268 1.08235295 0.74705883 1.42941177
v -0.06000951 0.07921857 0.02501934 1.08235295 0.74705883 1.42941177
v -0.06043581 0.07515726 0.02479848 1.08235295 0.74705883 1.42941177
v -0.06069881 0.07354658 0.02459435 1.08235295 0.74705883 1.42941177
v -0.06049254 0.07354658 0.02387487 1.08235295 0.74705883 1.42941177
v -0.06026736 0.07354658 0.02087651 1.08235295 0.74705883 1.42941177
v -0.06033955 0.07354658 0.02234223 1.08235295 0.74705883 1.42941177
v -0.07190631 0.07354658 0.02234223 1.08235295 0.74705883 1.42941177
v -0.06769490 0.08476212 0.02234223 1.08235295 0.74705883 1.42941177
v -0.06296953 0.08476212 0.02567188 1.08235295 0.74705883 1.42941177
v -0.06296953 0.08328099 0.02567188 1.08235295 0.74705883 1.42941177
v -0.06296953 0.07921857 0.02566854 1.08235295 0.74705883 1.42941177
v -0.06296953 0.07515726 0.02544434 1.08235295 0.74705883 1.42941177
v -0.06298672 0.07354658 0.02524354 1.08235295 0.74705883 1.42941177
v -0.06152562 0.07354658 0.02486875 1.08235295 0.74705883 1.42941177
v -0.07153672 0.07354658 0.02323906 1.08235295 0.74705883 1.42941177
v -0.06613067 0.08476212 0.02502268 1.08235295 0.74705883 1.42941177
v -0.06873486 0.07354658 0.02530044 1.08235295 0.74705883 1.42941177
v -0.06703138 0.07354658 0.02550457 1.08235295 0.74705883 1.42941177
v -0.06458190 0.07354658 0.02553134 1.08235295 0.74705883 1.42941177
v -0.07035409 0.07354658 0.02491560 1.08235295 0.74705883 1.42941177
f 1235 1236 1239
f 1235 1239 1246
f 1235 1246 1249
f 1235 1249 1241
f 1235 1241 1237
f 1235 1237 1238
f 1235 1238 1236
f 1236 1238 1240
f 1236 1240 1239
f 1237 1241 1251
f 1237 1251 1261
f 1237 1261 1269
f 1237 1269 1262
f 1237 1262 1252
f 1237 1252 1243
f 1237 1243 1242
f 1237 1242 1238
f 1238 1242 1243
f 1238 1243 1244
f 1238 1244 1245
f 1238 1245 1240
f 1239 1240 1247
f 1239 1247 1246
f 1240 1245 1248
f 1240 1248 1247
f 1241 1249 1250
f 1241 1250 1251
f 1243 1252 1244
f 1244 1252 1253
f 1244 1253 1254
f 1244 1254 1245
f 1245 1254 1255
f 1245 1255 1256
f 1245 1256 1257
f 1245 1257 1248
f 1246 1247 1258
f 1246 1258 1259
f 1246 1259 1257
f 1246 1257 1256
f 1246 1256 1267
f 1246 1267 1266
f 1246 1266 1272
f 1246 1272 1271
f 1246 1271 1270
f 1246 1270 1273
f 1246 1273 1268
f 1246 1268 1260
f 1246 1260 1250
f 1246 1250 1249
f 1247 1248 1258
f 1248 1259 1258
f 1248 1257 1259
f 1250 1260 1261
f 1250 1261 1251
f 1252 1262 1253
f 1253 1262 1263
f 1253 1263 1264
f 1253 1264 1254
f 1254 1264 1265
f 1254 1265 1255
f 1255 1265 1266
f 1255 1266 1267
f 1255 1267 1256
f 1260 1268 1261
f 1261 1268 1269
f 1262 1270 1271
f 1262 1271 1263
f 1262 1269 1270
f 1263 1271 1264
f 1264 1271 1272
f 1264 1272 1265
f 1265 1272 1266
f 1268 1273 1269
f 1269 1273 1270

o geometry_41
v 0.09567090 -0.10627262 -0.00606996 0.96470587 0.63529411 0.90588236
v 0.09567090 -0.09539649 -0.00606996 0.96470587 0.63529411 0.90588236
v 0.10156773 -0.10627262 -0.00606996 0.96470587 0.63529411 0.90588236
v 0.09567090 -0.10627262 0.02512257 0.96470587 0.63529411 0.90588236
v 0.09971724 -0.08422030 -0.00606996 0.96470587 0.63529411 0.90588236
v 0.09567090 -0.09308872 0.00203265 0.96470587 0.63529411 0.90588236
v 0.09887353 -0.08422030 0.00203265 0.96470587 0.63529411 0.90588236
v 0.10595536 -0.10125336 -0.00606996 0.96470587 0.63529411 0.90588236
v 0.10156773 -0.10627262 0.01421761 0.96470587 0.63529411 0.90588236
v 0.09649749 -0.10627262 0.02502315 0.96470587 0.63529411 0.90588236
v 0.09567090 -0.10359783 0.02561034 0.96470587 0.63529411 0.90588236
v 0.10595536 -0.08422030 -0.00606996 0.96470587 0.63529411 0.90588236
v 0.09904469 -0.08422030 0.00515811 0.96470587 0.63529411 0.90588236
v 0.09567090 -0.09633126 0.02234196 0.96470587 0.63529411 0.90588236
v 0.10595536 -0.10125336 0.01421761 0.96470587 0.63529411 0.90588236
v 0.10595536 -0.10123177 0.01828134 0.96470587 0.63529411 0.90588236
v 0.10154256 -0.10627262 0.01828134 0.96470587 0.63529411 0.90588236
v 0.09958232 -0.10367124 0.02512568 0.96470587 0.63529411 0.90588236
v 0.09836913 -0.10627262 0.02479014 0.96470587 0.63529411 0.90588236
v 0.09567090 -0.10339275 0.02563830 0.96470587 0.63529411 0.90588236
v 0.10595536 -0.08422030 0.02546742 0.96470587 0.63529411 0.90588236
v 0.10077235 -0.08422030 0.02234196 0.96470587 0.63529411 0.90588236
v 0.09567090 -0.09711276 0.02391713 0.96470587 0.63529411 0.90588236
v 0.10110964 -0.08422030 0.02414703 0.96470587 0.63529411 0.90588236
v 0.10595536 -0.10051504 0.02252526 0.96470587 0.63529411 0.90588236
v 0.10036763 -0.10627262 0.02258741 0.96470587 0.63529411 0.90588236
v 0.10367496 -0.09958027 0.02512257 0.96470587 0.63529411 0.90588236
v 0.09953197 -0.09953063 0.02566936 0.96470587 0.63529411 0.90588236
v 0.10237518 -0.10236948 0.02480568 0.96470587 0.63529411 0.90588236
v 0.10359340 -0.09140700 0.02560724 0.96470587 0.63529411 0.90588236
v 0.10359340 -0.08422030 0.02535868 0.96470587 0.63529411 0.90588236
v 0.09567090 -0.09941622 0.02519092 0.96470587 0.63529411 0.90588236
v 0.10595536 -0.08498237 0.02548296 0.96470587 0.63529411 0.90588236
v 0.10124253 -0.08422030 0.02470937 0.96470587 0.63529411 0.90588236
v 0.09567090 -0.09870164 0.02506043 0.96470587 0.63529411 0.90588236
v 0.10595536 -0.09851598 0.02482742 0.96470587 0.63529411 0.90588236
v 0.10595536 -0.09687097 0.02503247 0.96470587 0.63529411 0.90588236
v 0.10359340 -0.09546774 0.02563209 0.96470587 0.63529411 0.90588236
v 0.10595536 -0.08904526 0.02553267 0.96470587 0.63529411 0.90588236
v 0.10303163 -0.08422030 0.02520645 0.96470587 0.63529411 0.90588236
v 0.09567090 -0.09908376 0.02515053 0.96470587 0.63529411 0.90588236
v 0.10595536 -0.09546774 0.02520024 0.96470587 0.63529411 0.90588236
v 0.10595536 -0.09336074 0.02531208 0.96470587 0.63529411 0.90588236
f 1274 1275 1278
f 1274 1278 1285
f 1274 1285 1281
f 1274 1281 1276
f 1274 1276 1282
f 1274 1282 1290
f 1274 1290 1299
f 1274 1299 1292
f 1274 1292 1283
f 1274 1283 1277
f 1274 1277 1284
f 1274 1284 1293
f 1274 1293 1305
f 1274 1305 1314
f 1274 1314 1308
f 1274 1308 1296
f 1274 1296 1287
f 1274 1287 1279
f 1274 1279 1275
f 1275 1279 1280
f 1275 1280 1278
f 1276 1281 1288
f 1276 1288 1282
f 1277 1283 1284
f 1278 1280 1286
f 1278 1286 1295
f 1278 1295 1297
f 1278 1297 1307
f 1278 1307 1313
f 1278 1313 1304
f 1278 1304 1294
f 1278 1294 1285
f 1279 1286 1280
f 1279 1287 1286
f 1281 1285 1294
f 1281 1294 1306
f 1281 1306 1312
f 1281 1312 1316
f 1281 1316 1315
f 1281 1315 1310
f 1281 1310 1309
f 1281 1309 1298
f 1281 1298 1289
f 1281 1289 1288
f 1282 1288 1289
f 1282 1289 1290
f 1283 1291 1284
f 1283 1292 1291
f 1284 1291 1293
f 1286 1287 1295
f 1287 1296 1297
f 1287 1297 1295
f 1289 1298 1290
f 1290 1298 1299
f 1291 1300 1301
f 1291 1301 1293
f 1291 1292 1302
f 1291 1302 1300
f 1292 1299 1302
f 1293 1301 1303
f 1293 1303 1304
f 1293 1304 1305
f 1294 1304 1303
f 1294 1303 1306
f 1296 1307 1297
f 1296 1308 1307
f 1298 1309 1302
f 1298 1302 1299
f 1300 1302 1309
f 1300 1309 1310
f 1300 1310 1311
f 1300 1311 1301
f 1301 1311 1303
f 1303 1312 1306
f 1303 1311 1312
f 1304 1313 1314
f 1304 1314 1305
f 1307 1308 1314
f 1307 1314 1313
f 1310 1315 1311
f 1311 1316 1312
f 1311 1315 1316

o geometry_42
v -0.10036910 0.08163674 -0.01179052 0.02352940 0.44705883 0.98823530
v -0.09159786 0.08163674 -0.01179052 0.02352940 0.44705883 0.98823530
v -0.10036910 0.08163674 -0.00851521 0.02352940 0.44705883 0.98823530
v -0.10036910 0.10358956 -0.01179052 0.02352940 0.44705883 0.98823530
v -0.09871179 0.08163674 -0.00851521 0.02352940 0.44705883 0.98823530
v -0.08335463 0.09145705 -0.01179052 0.02352940 0.44705883 0.98823530
v -0.08335463 0.09800466 -0.00851586 0.02352940 0.44705883 0.98823530
v -0.10036910 0.10358956 -0.00851521 0.02352940 0.44705883 0.98823530
v -0.08335463 0.10358956 -0.01179052 0.02352940 0.44705883 0.98823530
v -0.08335463 0.09916505 -0.00851521 0.02352940 0.44705883 0.98823530
v -0.08335463 0.10358956 -0.00851521 0.02352940 0.44705883 0.98823530
f 1317 1318 1321
f 1317 1321 1319
f 1317 1319 1324
f 1317 1324 1320
f 1317 1320 1325
f 1317 1325 1322
f 1317 1322 1318
f 1318 1322 1323
f 1318 1323 1321
f 1319 1321 1326
f 1319 1326 1327
f 1319 1327 1324
f 1320 1324 1327
f 1320 1327 1325
f 1321 1323 1326
f 1322 1325 1327
f 1322 1327 1326
f 1322 1326 1323

o geometry_43
v -0.10036910 0.05491410 -0.01179052 0.42941177 0.92352941 0.64117647
v -0.09890334 0.05141136 -0.01179052 0.42941177 0.92352941 0.64117647
v -0.10036910 0.06230841 -0.00851521 0.42941177 0.92352941 0.64117647
v -0.10036910 0.08163672 -0.01179052 0.42941177 0.92352941 0.64117647
v -0.09527224 0.05098031 -0.01179052 0.42941177 0.92352941 0.64117647
v -0.09045024 0.05787725 -0.00851521 0.42941177 0.92352941 0.64117647
v -0.09140798 0.05806113 -0.00851521 0.42941177 0.92352941 0.64117647
v -0.09450772 0.05893832 -0.00851521 0.42941177 0.92352941 0.64117647
v -0.09556707 0.05931813 -0.00851521 0.42941177 0.92352941 0.64117647
v -0.09614505 0.05959245 -0.00851521 0.42941177 0.92352941 0.64117647
v -0.10036910 0.08163672 -0.00851521 0.42941177 0.92352941 0.64117647
v -0.09159786 0.08163672 -0.01179052 0.42941177 0.92352941 0.64117647
v -0.09130971 0.05088083 -0.01179052 0.42941177 0.92352941 0.64117647
v -0.08686579 0.05750044 -0.00851521 0.42941177 0.92352941 0.64117647
v -0.08734549 0.05751854 -0.00851521 0.42941177 0.92352941 0.64117647
v -0.09871179 0.08163672 -0.00851521 0.42941177 0.92352941 0.64117647
v -0.08780187 0.07876100 -0.01179052 0.42941177 0.92352941 0.64117647
v -0.08727886 0.05084767 -0.01179052 0.42941177 0.92352941 0.64117647
v -0.08335463 0.05741905 -0.00852099 0.42941177 0.92352941 0.64117647
v -0.08335463 0.05982153 -0.00851521 0.42941177 0.92352941 0.64117647
v -0.08335463 0.07511055 -0.01179052 0.42941177 0.92352941 0.64117647
v -0.08335463 0.06856932 -0.00851521 0.42941177 0.92352941 0.64117647
v -0.08335463 0.05084466 -0.01179052 0.42941177 0.92352941 0.64117647
f 1328 1329 1330
f 1328 1330 1338
f 1328 1338 1331
f 1328 1331 1339
f 1328 1339 1344
f 1328 1344 1348
f 1328 1348 1350
f 1328 1350 1345
f 1328 1345 1340
f 1328 1340 1332
f 1328 1332 1329
f 1329 1332 1333
f 1329 1333 1334
f 1329 1334 1335
f 1329 1335 1336
f 1329 1336 1337
f 1329 1337 1330
f 1330 1337 1336
f 1330 1336 1335
f 1330 1335 1334
f 1330 1334 1333
f 1330 1333 1342
f 1330 1342 1341
f 1330 1341 1347
f 1330 1347 1349
f 1330 1349 1343
f 1330 1343 1338
f 1331 1338 1343
f 1331 1343 1339
f 1332 1340 1341
f 1332 1341 1342
f 1332 1342 1333
f 1339 1343 1344
f 1340 1345 1346
f 1340 1346 1341
f 1341 1346 1347
f 1343 1348 1344
f 1343 1349 1348
f 1345 1350 1346
f 1346 1350 1348
f 1346 1348 1349
f 1346 1349 1347

o geometry_44
v -0.06057471 0.09693818 -0.00850487 0.19999999 0.44705883 0.85294117
v -0.06322717 0.09693818 -0.00851490 0.19999999 0.44705883 0.85294117
v -0.06079958 0.09755091 -0.00851490 0.19999999 0.44705883 0.85294117
v -0.06425740 0.10817538 -0.00851490 0.19999999 0.44705883 0.85294117
v -0.06098313 0.09693818 0.01827891 0.19999999 0.44705883 0.85294117
v -0.07988998 0.09693818 -0.00851490 0.19999999 0.44705883 0.85294117
v -0.08401325 0.10817538 -0.00851490 0.19999999 0.44705883 0.85294117
v -0.06595307 0.10817538 0.01889797 0.19999999 0.44705883 0.85294117
v -0.06122406 0.09693818 0.02234132 0.19999999 0.44705883 0.85294117
v -0.08401325 0.09798873 -0.00851490 0.19999999 0.44705883 0.85294117
v -0.07734537 0.09693818 0.00607161 0.19999999 0.44705883 0.85294117
v -0.08401325 0.10817538 0.02552029 0.19999999 0.44705883 0.85294117
v -0.06682269 0.10817538 0.02225766 0.19999999 0.44705883 0.85294117
v -0.06127224 0.09703718 0.02234132 0.19999999 0.44705883 0.85294117
v -0.06480580 0.10177848 0.02454318 0.19999999 0.44705883 0.85294117
v -0.06409450 0.09953214 0.02482426 0.19999999 0.44705883 0.85294117
v -0.06321341 0.09693818 0.02501166 0.19999999 0.44705883 0.85294117
v -0.08401325 0.09878739 0.00609504 0.19999999 0.44705883 0.85294117
v -0.07373609 0.09693818 0.02234132 0.19999999 0.44705883 0.85294117
v -0.08401325 0.10765616 0.02552029 0.19999999 0.44705883 0.85294117
v -0.07515639 0.10359359 0.02567088 0.19999999 0.44705883 0.85294117
v -0.08328129 0.10817538 0.02552699 0.19999999 0.44705883 0.85294117
v -0.07109508 0.10817538 0.02423197 0.19999999 0.44705883 0.85294117
v -0.06896806 0.10592683 0.02444613 0.19999999 0.44705883 0.85294117
v -0.06738255 0.10331637 0.02477742 0.19999999 0.44705883 0.85294117
v -0.06703378 0.09953214 0.02547345 0.19999999 0.44705883 0.85294117
v -0.06703378 0.09693818 0.02555041 0.19999999 0.44705883 0.85294117
v -0.08401325 0.10076972 0.02234132 0.19999999 0.44705883 0.85294117
v -0.07295595 0.09693818 0.02465026 0.19999999 0.44705883 0.85294117
v -0.08401325 0.10692240 0.02551026 0.19999999 0.44705883 0.85294117
v -0.07921770 0.10359359 0.02553703 0.19999999 0.44705883 0.85294117
v -0.07109508 0.10359359 0.02539983 0.19999999 0.44705883 0.85294117
v -0.07921770 0.10817538 0.02535633 0.19999999 0.44705883 0.85294117
v -0.08276272 0.10817538 0.02550691 0.19999999 0.44705883 0.85294117
v -0.07528029 0.10817538 0.02496816 0.19999999 0.44705883 0.85294117
v -0.07109508 0.10654617 0.02475065 0.19999999 0.44705883 0.85294117
v -0.08401325 0.10359359 0.02536302 0.19999999 0.44705883 0.85294117
v -0.07098495 0.09693818 0.02512878 0.19999999 0.44705883 0.85294117
v -0.08401325 0.10113603 0.02427548 0.19999999 0.44705883 0.85294117
v -0.08401325 0.10124053 0.02471383 0.19999999 0.44705883 0.85294117
v -0.08401325 0.10315356 0.02524590 0.19999999 0.44705883 0.85294117
f 1351 1352 1353
f 1351 1353 1354
f 1351 1354 1355
f 1351 1355 1359
f 1351 1359 1367
f 1351 1367 1377
f 1351 1377 1388
f 1351 1388 1379
f 1351 1379 1369
f 1351 1369 1361
f 1351 1361 1356
f 1351 1356 1352
f 1352 1356 1360
f 1352 1360 1357
f 1352 1357 1354
f 1352 1354 1353
f 1354 1357 1362
f 1354 1362 1372
f 1354 1372 1384
f 1354 1384 1383
f 1354 1383 1385
f 1354 1385 1373
f 1354 1373 1363
f 1354 1363 1358
f 1354 1358 1359
f 1354 1359 1355
f 1356 1361 1360
f 1357 1360 1368
f 1357 1368 1378
f 1357 1378 1389
f 1357 1389 1390
f 1357 1390 1391
f 1357 1391 1387
f 1357 1387 1380
f 1357 1380 1370
f 1357 1370 1362
f 1358 1363 1364
f 1358 1364 1359
f 1359 1364 1365
f 1359 1365 1366
f 1359 1366 1367
f 1360 1361 1368
f 1361 1369 1368
f 1362 1370 1371
f 1362 1371 1372
f 1363 1373 1374
f 1363 1374 1365
f 1363 1365 1364
f 1365 1374 1375
f 1365 1375 1376
f 1365 1376 1366
f 1366 1376 1367
f 1367 1376 1377
f 1368 1369 1378
f 1369 1379 1378
f 1370 1380 1371
f 1371 1381 1377
f 1371 1377 1376
f 1371 1376 1382
f 1371 1382 1383
f 1371 1383 1384
f 1371 1384 1372
f 1371 1380 1381
f 1373 1385 1386
f 1373 1386 1374
f 1374 1386 1375
f 1375 1386 1382
f 1375 1382 1376
f 1377 1381 1387
f 1377 1387 1388
f 1378 1379 1389
f 1379 1390 1389
f 1379 1388 1390
f 1380 1387 1381
f 1382 1385 1383
f 1382 1386 1385
f 1387 1391 1388
f 1388 1391 1390

o geometry_45
v -0.05913846 0.07354390 -0.00851490 0.88235293 0.85882353 0.97647058
v -0.05968154 0.07171080 -0.00851490 0.88235293 0.85882353 0.97647058
v -0.07415724 0.07354390 -0.00851490 0.88235293 0.85882353 0.97647058
v -0.06026845 0.07354390 0.02087651 0.88235293 0.85882353 0.97647058
v -0.06315191 0.06707202 -0.00851490 0.88235293 0.85882353 0.97647058
v -0.06068002 0.07263288 0.02234223 0.88235293 0.85882353 0.97647058
v -0.06192693 0.07060242 0.02234223 0.88235293 0.85882353 0.97647058
v -0.06179785 0.07048717 0.01827971 0.88235293 0.85882353 0.97647058
v -0.06382893 0.06763727 0.01827971 0.88235293 0.85882353 0.97647058
v -0.08401554 0.06860513 -0.00851490 0.88235293 0.85882353 0.97647058
v -0.08401554 0.06977350 -0.00177860 0.88235293 0.85882353 0.97647058
v -0.07498283 0.07354390 0.00203295 0.88235293 0.85882353 0.97647058
v -0.06033907 0.07354390 0.02234223 0.88235293 0.85882353 0.97647058
v -0.06707525 0.06315478 -0.00851490 0.88235293 0.85882353 0.97647058
v -0.06560430 0.06560523 0.01827971 0.88235293 0.85882353 0.97647058
v -0.06049251 0.07354390 0.02387487 0.88235293 0.85882353 0.97647058
v -0.06080910 0.07287446 0.02451069 0.88235293 0.85882353 0.97647058
v -0.06395800 0.06777462 0.02234223 0.88235293 0.85882353 0.97647058
v -0.08401554 0.05743288 -0.00851490 0.88235293 0.85882353 0.97647058
v -0.08401554 0.06976087 -0.00104574 0.88235293 0.85882353 0.97647058
v -0.08401554 0.06970561 0.00212999 0.88235293 0.85882353 0.97647058
v -0.08401554 0.06930931 0.01421718 0.88235293 0.85882353 0.97647058
v -0.07190454 0.07354390 0.02234223 0.88235293 0.85882353 0.97647058
v -0.07170972 0.05967964 -0.00851490 0.88235293 0.85882353 0.97647058
v -0.06763539 0.06383529 0.01827971 0.88235293 0.85882353 0.97647058
v -0.06574312 0.06574260 0.02234223 0.88235293 0.85882353 0.97647058
v -0.06777420 0.06396318 0.02234223 0.88235293 0.85882353 0.97647058
v -0.06069951 0.07354390 0.02459435 0.88235293 0.85882353 0.97647058
v -0.06152510 0.07354390 0.02486875 0.88235293 0.85882353 0.97647058
v -0.06301066 0.07134924 0.02496581 0.88235293 0.85882353 0.97647058
v -0.06439149 0.06829409 0.02479179 0.88235293 0.85882353 0.97647058
v -0.08328006 0.05741552 -0.00851490 0.88235293 0.85882353 0.97647058
v -0.08328006 0.05788602 0.01827971 0.88235293 0.85882353 0.97647058
v -0.08401554 0.05791444 0.01827971 0.88235293 0.85882353 0.97647058
v -0.08401554 0.06887827 0.01745983 0.88235293 0.85882353 0.97647058
v -0.07153925 0.07354390 0.02323906 0.88235293 0.85882353 0.97647058
v -0.07515574 0.05856810 -0.00851490 0.88235293 0.85882353 0.97647058
v -0.07048717 0.06180326 0.01827971 0.88235293 0.85882353 0.97647058
v -0.07059920 0.06193273 0.02234223 0.88235293 0.85882353 0.97647058
v -0.07262784 0.06067435 0.02234223 0.88235293 0.85882353 0.97647058
v -0.07515574 0.05953755 0.01827971 0.88235293 0.85882353 0.97647058
v -0.06829536 0.06439580 0.02479179 0.88235293 0.85882353 0.97647058
v -0.07286895 0.06080382 0.02451403 0.88235293 0.85882353 0.97647058
v -0.06298630 0.07354390 0.02524354 0.88235293 0.85882353 0.97647058
v -0.06697783 0.06697730 0.02513311 0.88235293 0.85882353 0.97647058
v -0.07921789 0.05774550 -0.00851490 0.88235293 0.85882353 0.97647058
v -0.07921789 0.05837548 0.01827971 0.88235293 0.85882353 0.97647058
v -0.07921789 0.05872758 0.02234223 0.88235293 0.85882353 0.97647058
v -0.08328006 0.05832811 0.02234223 0.88235293 0.85882353 0.97647058
v -0.08401554 0.05835337 0.02234223 0.88235293 0.85882353 0.97647058
v -0.08401554 0.06767041 0.02234223 0.88235293 0.85882353 0.97647058
v -0.07035567 0.07354390 0.02491560 0.88235293 0.85882353 0.97647058
v -0.07515574 0.05973491 0.02234223 0.88235293 0.85882353 0.97647058
v -0.07134928 0.06301269 0.02496915 0.88235293 0.85882353 0.97647058
v -0.07515574 0.06043593 0.02480182 0.88235293 0.85882353 0.97647058
v -0.06458147 0.07354390 0.02553134 0.88235293 0.85882353 0.97647058
v -0.06703385 0.07109346 0.02565850 0.88235293 0.85882353 0.97647058
v -0.07109601 0.06703098 0.02565850 0.88235293 0.85882353 0.97647058
v -0.07515574 0.06297006 0.02545102 0.88235293 0.85882353 0.97647058
v -0.07921789 0.06000805 0.02501934 0.88235293 0.85882353 0.97647058
v -0.08328006 0.05985490 0.02502268 0.88235293 0.85882353 0.97647058
v -0.08401554 0.05986437 0.02502268 0.88235293 0.85882353 0.97647058
v -0.08401554 0.06611522 0.02502268 0.88235293 0.85882353 0.97647058
v -0.06873617 0.07354390 0.02530044 0.88235293 0.85882353 0.97647058
v -0.06703385 0.07354390 0.02550457 0.88235293 0.85882353 0.97647058
v -0.07921789 0.06297006 0.02566854 0.88235293 0.85882353 0.97647058
v -0.08401554 0.06297006 0.02567188 0.88235293 0.85882353 0.97647058
v -0.08328006 0.06297006 0.02567188 0.88235293 0.85882353 0.97647058
f 1392 1393 1396
f 1392 1396 1405
f 1392 1405 1415
f 1392 1415 1428
f 1392 1428 1437
f 1392 1437 1423
f 1392 1423 1410
f 1392 1410 1401
f 1392 1401 1394
f 1392 1394 1403
f 1392 1403 1414
f 1392 1414 1427
f 1392 1427 1443
f 1392 1443 1455
f 1392 1455 1456
f 1392 1456 1447
f 1392 1447 1435
f 1392 1435 1420
f 1392 1420 1419
f 1392 1419 1407
f 1392 1407 1404
f 1392 1404 1395
f 1392 1395 1393
f 1393 1395 1397
f 1393 1397 1398
f 1393 1398 1399
f 1393 1399 1400
f 1393 1400 1396
f 1394 1401 1402
f 1394 1402 1403
f 1395 1404 1397
f 1396 1400 1406
f 1396 1406 1405
f 1397 1404 1407
f 1397 1407 1408
f 1397 1408 1398
f 1398 1409 1400
f 1398 1400 1399
f 1398 1408 1409
f 1400 1409 1406
f 1401 1410 1425
f 1401 1425 1441
f 1401 1441 1453
f 1401 1453 1458
f 1401 1458 1454
f 1401 1454 1442
f 1401 1442 1426
f 1401 1426 1413
f 1401 1413 1412
f 1401 1412 1411
f 1401 1411 1402
f 1402 1411 1403
f 1403 1411 1412
f 1403 1412 1413
f 1403 1413 1414
f 1405 1406 1416
f 1405 1416 1415
f 1406 1409 1417
f 1406 1417 1418
f 1406 1418 1416
f 1407 1419 1408
f 1408 1419 1420
f 1408 1420 1421
f 1408 1421 1422
f 1408 1422 1409
f 1409 1422 1417
f 1410 1423 1424
f 1410 1424 1425
f 1413 1426 1414
f 1414 1426 1427
f 1415 1416 1429
f 1415 1429 1430
f 1415 1430 1431
f 1415 1431 1432
f 1415 1432 1428
f 1416 1418 1430
f 1416 1430 1429
f 1417 1422 1433
f 1417 1433 1418
f 1418 1433 1434
f 1418 1434 1430
f 1420 1435 1421
f 1421 1435 1436
f 1421 1436 1422
f 1422 1436 1433
f 1423 1437 1424
f 1424 1438 1439
f 1424 1439 1440
f 1424 1440 1441
f 1424 1441 1425
f 1424 1437 1438
f 1426 1442 1427
f 1427 1442 1443
f 1428 1432 1438
f 1428 1438 1437
f 1430 1434 1431
f 1431 1434 1444
f 1431 1444 1432
f 1432 1444 1438
f 1433 1436 1445
f 1433 1445 1434
f 1434 1445 1446
f 1434 1446 1439
f 1434 1439 1444
f 1435 1447 1436
f 1436 1447 1448
f 1436 1448 1449
f 1436 1449 1450
f 1436 1450 1445
f 1438 1444 1439
f 1439 1446 1451
f 1439 1451 1440
f 1440 1451 1452
f 1440 1452 1453
f 1440 1453 1441
f 1442 1454 1443
f 1443 1454 1455
f 1445 1450 1446
f 1446 1450 1451
f 1447 1456 1448
f 1448 1457 1449
f 1448 1456 1458
f 1448 1458 1459
f 1448 1459 1457
f 1449 1457 1450
f 1450 1457 1451
f 1451 1457 1452
f 1452 1457 1459
f 1452 1459 1458
f 1452 1458 1453
f 1454 1458 1456
f 1454 1456 1455

o geometry_46
v -0.08401554 0.05743239 -0.00851490 0.97647058 0.64705883 1.34117647
v -0.08686551 0.05749970 -0.00851490 0.97647058 0.64705883 1.34117647
v -0.08401554 0.06860579 -0.00851490 0.97647058 0.64705883 1.34117647
v -0.08401554 0.05791478 0.01827971 0.97647058 0.64705883 1.34117647
v -0.08734470 0.05751652 -0.00851490 0.97647058 0.64705883 1.34117647
v -0.09628496 0.07538348 -0.00851490 0.97647058 0.64705883 1.34117647
v -0.09628496 0.07647165 -0.00330456 0.97647058 0.64705883 1.34117647
v -0.08401554 0.06977248 -0.00177860 0.97647058 0.64705883 1.34117647
v -0.08401554 0.05835228 0.02234223 0.97647058 0.64705883 1.34117647
v -0.08734470 0.05846261 0.02234223 0.97647058 0.64705883 1.34117647
v -0.08734470 0.05804191 0.01827971 0.97647058 0.64705883 1.34117647
v -0.09044929 0.05787738 -0.00851490 0.97647058 0.64705883 1.34117647
v -0.09628496 0.05976767 -0.00851490 0.97647058 0.64705883 1.34117647
v -0.09628496 0.07653149 -0.00193589 0.97647058 0.64705883 1.34117647
v -0.08401554 0.06976125 -0.00104574 0.97647058 0.64705883 1.34117647
v -0.08401554 0.05986488 0.02502268 0.97647058 0.64705883 1.34117647
v -0.08734470 0.05991162 0.02502268 0.97647058 0.64705883 1.34117647
v -0.09140649 0.06017151 0.02496581 0.97647058 0.64705883 1.34117647
v -0.09437056 0.06054358 0.02473155 0.97647058 0.64705883 1.34117647
v -0.09140649 0.05911700 0.02234223 0.97647058 0.64705883 1.34117647
v -0.09140649 0.05883093 0.01827971 0.97647058 0.64705883 1.34117647
v -0.09140649 0.05805874 -0.00851490 0.97647058 0.64705883 1.34117647
v -0.09614563 0.05959003 -0.00851490 0.97647058 0.64705883 1.34117647
v -0.09628496 0.06070065 0.01827971 0.97647058 0.64705883 1.34117647
v -0.09628496 0.07628655 0.01343747 0.97647058 0.64705883 1.34117647
v -0.08401554 0.06970516 0.00212999 0.97647058 0.64705883 1.34117647
v -0.08401554 0.06297047 0.02567188 0.97647058 0.64705883 1.34117647
v -0.08734470 0.06297047 0.02567188 0.97647058 0.64705883 1.34117647
v -0.09140649 0.06297047 0.02561500 0.97647058 0.64705883 1.34117647
v -0.09562200 0.06277602 0.02510636 0.97647058 0.64705883 1.34117647
v -0.09628496 0.06300039 0.02505615 0.97647058 0.64705883 1.34117647
v -0.09628496 0.06091566 0.02234223 0.97647058 0.64705883 1.34117647
v -0.09498428 0.06025566 0.02234223 0.97647058 0.64705883 1.34117647
v -0.09450867 0.05893751 -0.00851490 0.97647058 0.64705883 1.34117647
v -0.09556796 0.05931706 -0.00851490 0.97647058 0.64705883 1.34117647
v -0.09628496 0.07312301 0.02234223 0.97647058 0.64705883 1.34117647
v -0.08401554 0.06766905 0.02234223 0.97647058 0.64705883 1.34117647
v -0.08401554 0.06887875 0.01745983 0.97647058 0.64705883 1.34117647
v -0.08401554 0.06931067 0.01421718 0.97647058 0.64705883 1.34117647
v -0.09628496 0.07095414 0.02502937 0.97647058 0.64705883 1.34117647
v -0.09546828 0.06703148 0.02559158 0.97647058 0.64705883 1.34117647
v -0.08401554 0.06611720 0.02502268 0.97647058 0.64705883 1.34117647
v -0.09628496 0.06703148 0.02556815 0.97647058 0.64705883 1.34117647
v -0.09628496 0.07187030 0.02480851 0.97647058 0.64705883 1.34117647
f 1460 1461 1464
f 1460 1464 1471
f 1460 1471 1481
f 1460 1481 1493
f 1460 1493 1494
f 1460 1494 1482
f 1460 1482 1472
f 1460 1472 1465
f 1460 1465 1462
f 1460 1462 1467
f 1460 1467 1474
f 1460 1474 1485
f 1460 1485 1498
f 1460 1498 1497
f 1460 1497 1496
f 1460 1496 1501
f 1460 1501 1486
f 1460 1486 1475
f 1460 1475 1468
f 1460 1468 1463
f 1460 1463 1461
f 1461 1463 1464
f 1462 1465 1466
f 1462 1466 1467
f 1463 1468 1469
f 1463 1469 1470
f 1463 1470 1464
f 1464 1470 1471
f 1465 1472 1483
f 1465 1483 1491
f 1465 1491 1490
f 1465 1490 1502
f 1465 1502 1499
f 1465 1499 1503
f 1465 1503 1495
f 1465 1495 1484
f 1465 1484 1473
f 1465 1473 1466
f 1466 1473 1467
f 1467 1473 1474
f 1468 1475 1476
f 1468 1476 1469
f 1469 1476 1477
f 1469 1477 1478
f 1469 1478 1479
f 1469 1479 1470
f 1470 1479 1480
f 1470 1480 1481
f 1470 1481 1471
f 1472 1482 1483
f 1473 1484 1474
f 1474 1484 1485
f 1475 1486 1487
f 1475 1487 1476
f 1476 1487 1488
f 1476 1488 1477
f 1477 1488 1478
f 1478 1488 1489
f 1478 1489 1490
f 1478 1490 1491
f 1478 1491 1492
f 1478 1492 1479
f 1479 1492 1480
f 1480 1492 1493
f 1480 1493 1481
f 1482 1494 1483
f 1483 1492 1491
f 1483 1494 1492
f 1484 1495 1496
f 1484 1496 1497
f 1484 1497 1498
f 1484 1498 1485
f 1486 1499 1500
f 1486 1500 1487
f 1486 1501 1499
f 1487 1500 1488
f 1488 1500 1502
f 1488 1502 1489
f 1489 1502 1490
f 1492 1494 1493
f 1495 1503 1496
f 1496 1503 1501
f 1499 1502 1500
f 1499 1501 1503

o geometry_47
v -0.05503397 0.10358956 -0.01179052 0.54705882 0.65294118 1.33529412
v -0.06432036 0.10358956 -0.00851521 0.54705882 0.65294118 1.33529412
v -0.05488758 0.10355261 -0.01179052 0.54705882 0.65294118 1.33529412
v -0.08335463 0.10358956 -0.01179052 0.54705882 0.65294118 1.33529412
v -0.06369342 0.10289607 -0.00851521 0.54705882 0.65294118 1.33529412
v -0.08335463 0.10358956 -0.00851521 0.54705882 0.65294118 1.33529412
v -0.05141234 0.09890040 -0.01179052 0.54705882 0.65294118 1.33529412
v -0.08335463 0.09145687 -0.01179052 0.54705882 0.65294118 1.33529412
v -0.06299328 0.10194825 -0.00851521 0.54705882 0.65294118 1.33529412
v -0.08335463 0.09916561 -0.00851521 0.54705882 0.65294118 1.33529412
v -0.05097952 0.09527430 -0.01179052 0.54705882 0.65294118 1.33529412
v -0.05958806 0.09615474 -0.00851521 0.54705882 0.65294118 1.33529412
v -0.05931754 0.09557865 -0.00851521 0.54705882 0.65294118 1.33529412
v -0.05893566 0.09451777 -0.00851521 0.54705882 0.65294118 1.33529412
v -0.05805731 0.09140688 -0.00851521 0.54705882 0.65294118 1.33529412
v -0.05787590 0.09045687 -0.00851521 0.54705882 0.65294118 1.33529412
v -0.08252400 0.08810034 -0.01179052 0.54705882 0.65294118 1.33529412
v -0.08335463 0.09800475 -0.00851586 0.54705882 0.65294118 1.33529412
v -0.08328142 0.09800693 -0.00851521 0.54705882 0.65294118 1.33529412
v -0.05088087 0.09131122 -0.01179052 0.54705882 0.65294118 1.33529412
v -0.05751629 0.08734599 -0.00851521 0.54705882 0.65294118 1.33529412
v -0.05750037 0.08687206 -0.00851521 0.54705882 0.65294118 1.33529412
v -0.07849184 0.08138075 -0.01179052 0.54705882 0.65294118 1.33529412
v -0.07065981 0.08138075 -0.00851521 0.54705882 0.65294118 1.33529412
v -0.05084904 0.08727860 -0.01179052 0.54705882 0.65294118 1.33529412
v -0.05742399 0.08328293 -0.00851521 0.54705882 0.65294118 1.33529412
v -0.05087450 0.08138075 -0.01179052 0.54705882 0.65294118 1.33529412
v -0.05758311 0.08138075 -0.00851521 0.54705882 0.65294118 1.33529412
v -0.05084586 0.08328293 -0.01179052 0.54705882 0.65294118 1.33529412
f 1504 1505 1506
f 1504 1506 1510
f 1504 1510 1514
f 1504 1514 1523
f 1504 1523 1528
f 1504 1528 1532
f 1504 1532 1530
f 1504 1530 1526
f 1504 1526 1520
f 1504 1520 1511
f 1504 1511 1507
f 1504 1507 1509
f 1504 1509 1505
f 1505 1508 1506
f 1505 1509 1513
f 1505 1513 1522
f 1505 1522 1527
f 1505 1527 1531
f 1505 1531 1529
f 1505 1529 1525
f 1505 1525 1524
f 1505 1524 1519
f 1505 1519 1518
f 1505 1518 1517
f 1505 1517 1516
f 1505 1516 1515
f 1505 1515 1512
f 1505 1512 1508
f 1506 1508 1510
f 1507 1511 1521
f 1507 1521 1513
f 1507 1513 1509
f 1508 1512 1510
f 1510 1512 1515
f 1510 1515 1516
f 1510 1516 1517
f 1510 1517 1518
f 1510 1518 1519
f 1510 1519 1514
f 1511 1520 1521
f 1513 1521 1522
f 1514 1519 1524
f 1514 1524 1525
f 1514 1525 1523
f 1520 1526 1521
f 1521 1526 1527
f 1521 1527 1522
f 1523 1525 1529
f 1523 1529 1528
f 1526 1530 1531
f 1526 1531 1527
f 1528 1529 1532
f 1529 1531 1530
f 1529 1530 1532

o geometry_48
v -0.05087458 0.08138075 -0.01179052 1.20588235 1.05294117 0.14705883
v -0.05758364 0.08138075 -0.00851521 1.20588235 1.05294117 0.14705883
v -0.05088413 0.07921644 -0.01179052 1.20588235 1.05294117 0.14705883
v -0.07849295 0.08138075 -0.01179052 1.20588235 1.05294117 0.14705883
v -0.05774898 0.07921644 -0.00851521 1.20588235 1.05294117 0.14705883
v -0.05107491 0.07515393 -0.01179052 1.20588235 1.05294117 0.14705883
v -0.07066150 0.08138075 -0.00851521 1.20588235 1.05294117 0.14705883
v -0.08335461 0.07510908 -0.01179052 1.20588235 1.05294117 0.14705883
v -0.08335461 0.06857137 -0.00851521 1.20588235 1.05294117 0.14705883
v -0.05856933 0.07515393 -0.00851521 1.20588235 1.05294117 0.14705883
v -0.05235630 0.07109139 -0.01179052 1.20588235 1.05294117 0.14705883
v -0.08335461 0.05084453 -0.01179052 1.20588235 1.05294117 0.14705883
v -0.08335461 0.05982154 -0.00851521 1.20588235 1.05294117 0.14705883
v -0.05968219 0.07171019 -0.00851521 1.20588235 1.05294117 0.14705883
v -0.05508762 0.06702887 -0.01179052 1.20588235 1.05294117 0.14705883
v -0.08328149 0.05084154 -0.01179052 1.20588235 1.05294117 0.14705883
v -0.08328149 0.05741811 -0.00851521 1.20588235 1.05294117 0.14705883
v -0.08335461 0.05741811 -0.00852099 1.20588235 1.05294117 0.14705883
v -0.06315118 0.06707072 -0.00851521 1.20588235 1.05294117 0.14705883
v -0.05903037 0.06296932 -0.01179052 1.20588235 1.05294117 0.14705883
v -0.07921791 0.05088339 -0.01179052 1.20588235 1.05294117 0.14705883
v -0.07515433 0.05108367 -0.01179052 1.20588235 1.05294117 0.14705883
v -0.07921791 0.05774694 -0.00851521 1.20588235 1.05294117 0.14705883
v -0.06707487 0.06315468 -0.00851521 1.20588235 1.05294117 0.14705883
v -0.06296995 0.05902937 -0.01179052 1.20588235 1.05294117 0.14705883
v -0.07109393 0.05237807 -0.01179052 1.20588235 1.05294117 0.14705883
v -0.07515433 0.05856902 -0.00851521 1.20588235 1.05294117 0.14705883
v -0.06703353 0.05509239 -0.01179052 1.20588235 1.05294117 0.14705883
v -0.07170759 0.05968104 -0.00851521 1.20588235 1.05294117 0.14705883
f 1533 1534 1535
f 1533 1535 1538
f 1533 1538 1543
f 1533 1543 1547
f 1533 1547 1552
f 1533 1552 1557
f 1533 1557 1560
f 1533 1560 1558
f 1533 1558 1554
f 1533 1554 1553
f 1533 1553 1548
f 1533 1548 1544
f 1533 1544 1540
f 1533 1540 1536
f 1533 1536 1539
f 1533 1539 1534
f 1534 1537 1538
f 1534 1538 1535
f 1534 1539 1541
f 1534 1541 1545
f 1534 1545 1549
f 1534 1549 1555
f 1534 1555 1559
f 1534 1559 1561
f 1534 1561 1556
f 1534 1556 1551
f 1534 1551 1546
f 1534 1546 1542
f 1534 1542 1537
f 1536 1540 1541
f 1536 1541 1539
f 1537 1542 1538
f 1538 1542 1543
f 1540 1544 1550
f 1540 1550 1545
f 1540 1545 1541
f 1542 1546 1543
f 1543 1546 1547
f 1544 1548 1549
f 1544 1549 1550
f 1545 1550 1549
f 1546 1551 1547
f 1547 1551 1552
f 1548 1553 1549
f 1549 1553 1554
f 1549 1554 1555
f 1551 1556 1557
f 1551 1557 1552
f 1554 1558 1559
f 1554 1559 1555
f 1556 1560 1557
f 1556 1561 1560
f 1558 1560 1561
f 1558 1561 1559

o geometry_49
v -0.09628496 0.05976880 -0.00851490 1.37647059 1.07058823 1.49411764
v -0.10194081 0.06300423 -0.00851490 1.37647059 1.07058823 1.49411764
v -0.09628496 0.07538470 -0.00851490 1.37647059 1.07058823 1.49411764
v -0.09628496 0.06069976 0.01827914 1.37647059 1.07058823 1.49411764
v -0.09716449 0.06110723 0.01827914 1.37647059 1.07058823 1.49411764
v -0.10627882 0.06599681 -0.00851490 1.37647059 1.07058823 1.49411764
v -0.10627882 0.06640428 0.01827914 1.37647059 1.07058823 1.49411764
v -0.09860463 0.08733342 -0.00851490 1.37647059 1.07058823 1.49411764
v -0.09628496 0.07646949 -0.00330467 1.37647059 1.07058823 1.49411764
v -0.09628496 0.06091565 0.02234157 1.37647059 1.07058823 1.49411764
v -0.09701676 0.06128802 0.02234157 1.37647059 1.07058823 1.49411764
v -0.10627882 0.06649602 0.01976156 1.37647059 1.07058823 1.49411764
v -0.10627882 0.08733342 -0.00851490 1.37647059 1.07058823 1.49411764
v -0.09628496 0.07653155 -0.00193602 1.37647059 1.07058823 1.49411764
v -0.09850386 0.08733342 0.01015425 1.37647059 1.07058823 1.49411764
v -0.09628496 0.06300153 0.02505879 1.37647059 1.07058823 1.49411764
v -0.09953211 0.06411060 0.02482119 1.37647059 1.07058823 1.49411764
v -0.10177058 0.06481489 0.02453676 1.37647059 1.07058823 1.49411764
v -0.10627882 0.06713826 0.02231145 1.37647059 1.07058823 1.49411764
v -0.10627882 0.08733342 0.02545699 1.37647059 1.07058823 1.49411764
v -0.09628496 0.07628598 0.01343700 1.37647059 1.07058823 1.49411764
v -0.10058970 0.08733342 0.02234157 1.37647059 1.07058823 1.49411764
v -0.09628496 0.07187133 0.02480781 1.37647059 1.07058823 1.49411764
v -0.09628496 0.07312611 0.02234157 1.37647059 1.07058823 1.49411764
v -0.09628496 0.06703302 0.02556742 1.37647059 1.07058823 1.49411764
v -0.09953211 0.06703302 0.02547039 1.37647059 1.07058823 1.49411764
v -0.10590705 0.06897589 0.02443971 1.37647059 1.07058823 1.49411764
v -0.10627882 0.06867368 0.02401138 1.37647059 1.07058823 1.49411764
v -0.10627882 0.06743239 0.02312462 1.37647059 1.07058823 1.49411764
v -0.10331245 0.06738651 0.02477100 1.37647059 1.07058823 1.49411764
v -0.10627882 0.08465657 0.02549046 1.37647059 1.07058823 1.49411764
v -0.10359423 0.07515534 0.02567116 1.37647059 1.07058823 1.49411764
v -0.10360107 0.08733342 0.02541684 1.37647059 1.07058823 1.49411764
v -0.10116106 0.08733342 0.02476765 1.37647059 1.07058823 1.49411764
v -0.09628496 0.07095656 0.02503201 1.37647059 1.07058823 1.49411764
v -0.10359423 0.07109688 0.02539677 1.37647059 1.07058823 1.49411764
v -0.10627882 0.07023878 0.02462376 1.37647059 1.07058823 1.49411764
v -0.10627882 0.07109688 0.02480112 1.37647059 1.07058823 1.49411764
v -0.10627882 0.07921920 0.02541349 1.37647059 1.07058823 1.49411764
v -0.10627882 0.07524169 0.02521941 1.37647059 1.07058823 1.49411764
f 1562 1563 1567
f 1562 1567 1574
f 1562 1574 1569
f 1562 1569 1564
f 1562 1564 1570
f 1562 1570 1575
f 1562 1575 1582
f 1562 1582 1585
f 1562 1585 1584
f 1562 1584 1596
f 1562 1596 1586
f 1562 1586 1577
f 1562 1577 1571
f 1562 1571 1565
f 1562 1565 1566
f 1562 1566 1563
f 1563 1566 1568
f 1563 1568 1567
f 1564 1569 1570
f 1565 1571 1566
f 1566 1571 1572
f 1566 1572 1573
f 1566 1573 1568
f 1567 1568 1573
f 1567 1573 1580
f 1567 1580 1590
f 1567 1590 1589
f 1567 1589 1598
f 1567 1598 1599
f 1567 1599 1601
f 1567 1601 1600
f 1567 1600 1592
f 1567 1592 1581
f 1567 1581 1574
f 1569 1575 1570
f 1569 1574 1581
f 1569 1581 1594
f 1569 1594 1595
f 1569 1595 1583
f 1569 1583 1576
f 1569 1576 1575
f 1571 1577 1578
f 1571 1578 1579
f 1571 1579 1572
f 1572 1579 1573
f 1573 1579 1580
f 1575 1576 1582
f 1576 1583 1584
f 1576 1584 1585
f 1576 1585 1582
f 1577 1586 1587
f 1577 1587 1578
f 1578 1587 1579
f 1579 1588 1589
f 1579 1589 1590
f 1579 1590 1580
f 1579 1587 1591
f 1579 1591 1588
f 1581 1592 1593
f 1581 1593 1594
f 1583 1595 1584
f 1584 1595 1596
f 1586 1594 1593
f 1586 1593 1587
f 1586 1596 1595
f 1586 1595 1594
f 1587 1593 1597
f 1587 1597 1591
f 1588 1591 1598
f 1588 1598 1589
f 1591 1597 1599
f 1591 1599 1598
f 1592 1600 1593
f 1593 1600 1601
f 1593 1601 1597
f 1597 1601 1599

o geometry_50
v 0.09567088 -0.07556325 0.00571516 0.22352942 1.30000001 0.24117647
v 0.09567088 -0.07556325 0.00596373 0.22352942 1.30000001 0.24117647
v 0.08734555 -0.07024817 0.00609423 0.22352942 1.30000001 0.24117647
v 0.08734555 -0.07015890 -0.00606685 0.22352942 1.30000001 0.24117647
v 0.09567088 -0.07472376 -0.00606685 0.22352942 1.30000001 0.24117647
v 0.09567088 -0.07253318 0.02234110 0.22352942 1.30000001 0.24117647
v 0.08734555 -0.06788934 0.02234110 0.22352942 1.30000001 0.24117647
v 0.08734555 -0.05802657 -0.00606685 0.22352942 1.30000001 0.24117647
v 0.09567088 -0.06038712 -0.00606685 0.22352942 1.30000001 0.24117647
v 0.09567088 -0.07090913 0.02494482 0.22352942 1.30000001 0.24117647
v 0.09258282 -0.06946877 0.02470248 0.22352942 1.30000001 0.24117647
v 0.08734555 -0.06623439 0.02502251 0.22352942 1.30000001 0.24117647
v 0.09140757 -0.05880255 -0.00606685 0.22352942 1.30000001 0.24117647
v 0.08734555 -0.05803344 0.01828015 0.22352942 1.30000001 0.24117647
v 0.09516640 -0.06014849 -0.00606685 0.22352942 1.30000001 0.24117647
v 0.09567088 -0.06038540 -0.00506016 0.22352942 1.30000001 0.24117647
v 0.09567088 -0.07018980 0.02507222 0.22352942 1.30000001 0.24117647
v 0.08734555 -0.06297084 0.02567188 0.22352942 1.30000001 0.24117647
v 0.09140757 -0.05882829 0.01828015 0.22352942 1.30000001 0.24117647
v 0.09515418 -0.06016565 0.01828015 0.22352942 1.30000001 0.24117647
v 0.08734555 -0.05845404 0.02234110 0.22352942 1.30000001 0.24117647
v 0.09140757 -0.05911156 0.02234110 0.22352942 1.30000001 0.24117647
v 0.09567088 -0.06040257 0.01828015 0.22352942 1.30000001 0.24117647
v 0.09567088 -0.06703096 0.02558799 0.22352942 1.30000001 0.24117647
v 0.09546878 -0.06703096 0.02559420 0.22352942 1.30000001 0.24117647
v 0.08734555 -0.05990471 0.02502251 0.22352942 1.30000001 0.24117647
v 0.09140757 -0.06297084 0.02561595 0.22352942 1.30000001 0.24117647
v 0.09500665 -0.06025664 0.02234110 0.22352942 1.30000001 0.24117647
v 0.09438481 -0.06054333 0.02473354 0.22352942 1.30000001 0.24117647
v 0.09140757 -0.06016737 0.02496657 0.22352942 1.30000001 0.24117647
v 0.09567088 -0.06058797 0.02234110 0.22352942 1.30000001 0.24117647
v 0.09567088 -0.06278199 0.02510640 0.22352942 1.30000001 0.24117647
f 1602 1603 1604
f 1602 1604 1605
f 1602 1605 1606
f 1602 1606 1610
f 1602 1610 1617
f 1602 1617 1624
f 1602 1624 1632
f 1602 1632 1633
f 1602 1633 1625
f 1602 1625 1618
f 1602 1618 1611
f 1602 1611 1607
f 1602 1607 1603
f 1603 1607 1608
f 1603 1608 1604
f 1604 1608 1613
f 1604 1613 1619
f 1604 1619 1627
f 1604 1627 1622
f 1604 1622 1615
f 1604 1615 1609
f 1604 1609 1605
f 1605 1609 1614
f 1605 1614 1616
f 1605 1616 1610
f 1605 1610 1606
f 1607 1611 1612
f 1607 1612 1608
f 1608 1612 1613
f 1609 1615 1614
f 1610 1616 1617
f 1611 1618 1619
f 1611 1619 1613
f 1611 1613 1612
f 1614 1615 1620
f 1614 1620 1621
f 1614 1621 1616
f 1615 1622 1623
f 1615 1623 1620
f 1616 1621 1624
f 1616 1624 1617
f 1618 1625 1626
f 1618 1626 1619
f 1619 1626 1628
f 1619 1628 1627
f 1620 1623 1629
f 1620 1629 1621
f 1621 1629 1624
f 1622 1630 1623
f 1622 1627 1631
f 1622 1631 1630
f 1623 1630 1629
f 1624 1629 1632
f 1625 1633 1628
f 1625 1628 1626
f 1627 1628 1631
f 1628 1633 1630
f 1628 1630 1631
f 1629 1630 1632
f 1630 1633 1632

o geometry_51
v 0.07935717 -0.07095479 -0.00606685 0.91764706 0.18235294 1.27058823
v 0.07935717 -0.05835575 -0.00606685 0.91764706 0.18235294 1.27058823
v 0.08734396 -0.07015927 -0.00606685 0.91764706 0.18235294 1.27058823
v 0.08734396 -0.07024753 0.00609423 0.91764706 0.18235294 1.27058823
v 0.07935717 -0.07068877 0.00609423 0.91764706 0.18235294 1.27058823
v 0.08328215 -0.05789021 -0.00606685 0.91764706 0.18235294 1.27058823
v 0.07935717 -0.05836854 0.01828017 0.91764706 0.18235294 1.27058823
v 0.08328215 -0.05789534 0.01828017 0.91764706 0.18235294 1.27058823
v 0.08734396 -0.05802706 -0.00606685 0.91764706 0.18235294 1.27058823
v 0.07935717 -0.07068237 0.00620609 0.91764706 0.18235294 1.27058823
v 0.08734396 -0.06788913 0.02234110 0.91764706 0.18235294 1.27058823
v 0.07935717 -0.06854011 0.02272638 0.91764706 0.18235294 1.27058823
v 0.07935717 -0.07031147 0.01031985 0.91764706 0.18235294 1.27058823
v 0.08731973 -0.05802578 -0.00606685 0.91764706 0.18235294 1.27058823
v 0.07935717 -0.05870874 0.02220440 0.91764706 0.18235294 1.27058823
v 0.08328215 -0.05833785 0.02234110 0.91764706 0.18235294 1.27058823
v 0.08734396 -0.05845294 0.02234110 0.91764706 0.18235294 1.27058823
v 0.08734396 -0.05803346 0.01828017 0.91764706 0.18235294 1.27058823
v 0.08734396 -0.06623287 0.02502251 0.91764706 0.18235294 1.27058823
v 0.07935717 -0.06699258 0.02495105 0.91764706 0.18235294 1.27058823
v 0.07935717 -0.05872410 0.02234110 0.91764706 0.18235294 1.27058823
v 0.07935717 -0.05995701 0.02492930 0.91764706 0.18235294 1.27058823
v 0.08328215 -0.05985981 0.02502251 0.91764706 0.18235294 1.27058823
v 0.08734396 -0.05990586 0.02502251 0.91764706 0.18235294 1.27058823
v 0.08734396 -0.06297024 0.02567188 0.91764706 0.18235294 1.27058823
v 0.07935717 -0.06670097 0.02501009 0.91764706 0.18235294 1.27058823
v 0.07935717 -0.06000817 0.02501940 0.91764706 0.18235294 1.27058823
v 0.07935717 -0.06286409 0.02564703 0.91764706 0.18235294 1.27058823
v 0.08328215 -0.06297024 0.02567188 0.91764706 0.18235294 1.27058823
v 0.07935717 -0.06297024 0.02566878 0.91764706 0.18235294 1.27058823
f 1634 1635 1639
f 1634 1639 1647
f 1634 1647 1642
f 1634 1642 1636
f 1634 1636 1637
f 1634 1637 1638
f 1634 1638 1643
f 1634 1643 1646
f 1634 1646 1645
f 1634 1645 1653
f 1634 1653 1659
f 1634 1659 1663
f 1634 1663 1661
f 1634 1661 1660
f 1634 1660 1655
f 1634 1655 1654
f 1634 1654 1648
f 1634 1648 1640
f 1634 1640 1635
f 1635 1640 1641
f 1635 1641 1639
f 1636 1642 1651
f 1636 1651 1650
f 1636 1650 1657
f 1636 1657 1658
f 1636 1658 1652
f 1636 1652 1644
f 1636 1644 1637
f 1637 1643 1638
f 1637 1644 1645
f 1637 1645 1646
f 1637 1646 1643
f 1639 1641 1647
f 1640 1648 1641
f 1641 1648 1649
f 1641 1649 1650
f 1641 1650 1651
f 1641 1651 1647
f 1642 1647 1651
f 1644 1652 1645
f 1645 1652 1653
f 1648 1654 1649
f 1649 1654 1655
f 1649 1655 1656
f 1649 1656 1657
f 1649 1657 1650
f 1652 1658 1659
f 1652 1659 1653
f 1655 1660 1656
f 1656 1661 1662
f 1656 1662 1658
f 1656 1658 1657
f 1656 1660 1661
f 1658 1662 1659
f 1659 1662 1663
f 1661 1663 1662

o geometry_52
v 0.08863671 -0.10627349 -0.00606996 1.20588235 0.85294117 0.60588235
v 0.08863671 -0.09958416 -0.00606996 1.20588235 0.85294117 0.60588235
v 0.09567021 -0.10627349 -0.00606996 1.20588235 0.85294117 0.60588235
v 0.08863671 -0.10627349 0.02551805 1.20588235 0.85294117 0.60588235
v 0.09567021 -0.09539785 -0.00606996 1.20588235 0.85294117 0.60588235
v 0.08863671 -0.09889225 -0.00332304 1.20588235 0.85294117 0.60588235
v 0.09567021 -0.09308720 0.00203422 1.20588235 0.85294117 0.60588235
v 0.09567021 -0.10627349 0.02512074 1.20588235 0.85294117 0.60588235
v 0.08872690 -0.10627349 0.02552115 1.20588235 0.85294117 0.60588235
v 0.09140742 -0.10359362 0.02560804 1.20588235 0.85294117 0.60588235
v 0.08863671 -0.10359362 0.02548080 1.20588235 0.85294117 0.60588235
v 0.08863671 -0.09865989 -0.00210943 1.20588235 0.85294117 0.60588235
v 0.08863671 -0.09825198 0.00203422 1.20588235 0.85294117 0.60588235
v 0.08863671 -0.09969389 0.01827984 1.20588235 0.85294117 0.60588235
v 0.08863671 -0.10018572 0.02234279 1.20588235 0.85294117 0.60588235
v 0.09567021 -0.09633245 0.02234279 1.20588235 0.85294117 0.60588235
v 0.09567021 -0.10614698 0.02514558 1.20588235 0.85294117 0.60588235
v 0.09546917 -0.10627349 0.02514558 1.20588235 0.85294117 0.60588235
v 0.09546917 -0.10359362 0.02563599 1.20588235 0.85294117 0.60588235
v 0.09567021 -0.10339224 0.02563910 1.20588235 0.85294117 0.60588235
v 0.09567021 -0.09941894 0.02518903 1.20588235 0.85294117 0.60588235
v 0.09567021 -0.09908587 0.02514868 1.20588235 0.85294117 0.60588235
v 0.08863671 -0.10264611 0.02527594 1.20588235 0.85294117 0.60588235
v 0.08863671 -0.10058330 0.02400026 1.20588235 0.85294117 0.60588235
v 0.08863671 -0.10098477 0.02483208 1.20588235 0.85294117 0.60588235
v 0.09567021 -0.09711601 0.02391956 1.20588235 0.85294117 0.60588235
v 0.09567021 -0.10359749 0.02561115 1.20588235 0.85294117 0.60588235
v 0.09567021 -0.09870249 0.02506178 1.20588235 0.85294117 0.60588235
f 1664 1665 1668
f 1664 1668 1666
f 1664 1666 1671
f 1664 1671 1681
f 1664 1681 1672
f 1664 1672 1667
f 1664 1667 1674
f 1664 1674 1686
f 1664 1686 1688
f 1664 1688 1687
f 1664 1687 1678
f 1664 1678 1677
f 1664 1677 1676
f 1664 1676 1675
f 1664 1675 1669
f 1664 1669 1665
f 1665 1669 1670
f 1665 1670 1668
f 1666 1668 1670
f 1666 1670 1679
f 1666 1679 1689
f 1666 1689 1691
f 1666 1691 1685
f 1666 1685 1684
f 1666 1684 1683
f 1666 1683 1690
f 1666 1690 1680
f 1666 1680 1671
f 1667 1672 1673
f 1667 1673 1674
f 1669 1675 1670
f 1670 1675 1676
f 1670 1676 1677
f 1670 1677 1678
f 1670 1678 1679
f 1671 1680 1681
f 1672 1682 1673
f 1672 1681 1682
f 1673 1682 1683
f 1673 1683 1684
f 1673 1684 1685
f 1673 1685 1674
f 1674 1685 1686
f 1678 1687 1679
f 1679 1687 1688
f 1679 1688 1689
f 1680 1690 1682
f 1680 1682 1681
f 1682 1690 1683
f 1685 1691 1686
f 1686 1691 1688
f 1688 1691 1689

o geometry_53
v 0.08863671 -0.10627395 0.02551617 0.10000001 1.04117648 0.67647059
v 0.08863671 -0.10542129 0.02550688 0.10000001 1.04117648 0.67647059
v 0.07921945 -0.10359378 0.02553783 0.10000001 1.04117648 0.67647059
v 0.08466373 -0.10627395 0.02549142 0.10000001 1.04117648 0.67647059
v 0.08863671 -0.10627395 -0.00606685 0.10000001 1.04117648 0.67647059
v 0.08863671 -0.10359378 0.02548214 0.10000001 1.04117648 0.67647059
v 0.08863671 -0.10264683 0.02527483 0.10000001 1.04117648 0.67647059
v 0.07921393 -0.10093413 0.02488809 0.10000001 1.04117648 0.67647059
v 0.07921393 -0.10360035 0.02553473 0.10000001 1.04117648 0.67647059
v 0.07921393 -0.10627395 0.02541098 0.10000001 1.04117648 0.67647059
v 0.07921393 -0.10627395 -0.00606685 0.10000001 1.04117648 0.67647059
v 0.08863671 -0.09958379 -0.00606685 0.10000001 1.04117648 0.67647059
v 0.08863671 -0.10098577 0.02483241 0.10000001 1.04117648 0.67647059
v 0.08863671 -0.10058486 0.02400014 0.10000001 1.04117648 0.67647059
v 0.07921393 -0.10005522 0.02234178 0.10000001 1.04117648 0.67647059
v 0.07921393 -0.09885000 -0.00606685 0.10000001 1.04117648 0.67647059
v 0.07922499 -0.09878277 -0.00606685 0.10000001 1.04117648 0.67647059
v 0.08863671 -0.09889265 -0.00332253 0.10000001 1.04117648 0.67647059
v 0.08863671 -0.10018722 0.02234178 0.10000001 1.04117648 0.67647059
v 0.07921393 -0.09800390 0.01449552 0.10000001 1.04117648 0.67647059
v 0.07921393 -0.09878196 -0.00605759 0.10000001 1.04117648 0.67647059
v 0.07921393 -0.09798832 -0.00249026 0.10000001 1.04117648 0.67647059
v 0.07921393 -0.09789896 -0.00202926 0.10000001 1.04117648 0.67647059
v 0.08863671 -0.09865980 -0.00210970 0.10000001 1.04117648 0.67647059
v 0.08863671 -0.09969447 0.01827942 0.10000001 1.04117648 0.67647059
v 0.08863671 -0.09825233 0.00203310 0.10000001 1.04117648 0.67647059
f 1692 1693 1694
f 1692 1694 1695
f 1692 1695 1701
f 1692 1701 1702
f 1692 1702 1696
f 1692 1696 1703
f 1692 1703 1709
f 1692 1709 1715
f 1692 1715 1717
f 1692 1717 1716
f 1692 1716 1710
f 1692 1710 1705
f 1692 1705 1704
f 1692 1704 1698
f 1692 1698 1697
f 1692 1697 1693
f 1693 1697 1694
f 1694 1697 1698
f 1694 1698 1699
f 1694 1699 1700
f 1694 1700 1701
f 1694 1701 1695
f 1696 1702 1707
f 1696 1707 1708
f 1696 1708 1703
f 1698 1704 1699
f 1699 1704 1705
f 1699 1705 1706
f 1699 1706 1711
f 1699 1711 1714
f 1699 1714 1713
f 1699 1713 1712
f 1699 1712 1707
f 1699 1707 1702
f 1699 1702 1701
f 1699 1701 1700
f 1703 1708 1709
f 1705 1710 1711
f 1705 1711 1706
f 1707 1712 1708
f 1708 1712 1713
f 1708 1713 1709
f 1709 1713 1714
f 1709 1714 1715
f 1710 1716 1711
f 1711 1716 1717
f 1711 1717 1714
f 1714 1717 1715

o geometry_54
v -0.10499712 -0.08515903 -0.00851490 1.08235295 1.29411765 1.45882353
v -0.10499712 -0.06598038 -0.00851490 1.08235295 1.29411765 1.45882353
v -0.09887430 -0.08515903 -0.00851490 1.08235295 1.29411765 1.45882353
v -0.10499712 -0.08515903 0.02539677 1.08235295 1.29411765 1.45882353
v -0.10290150 -0.06369031 -0.00851490 1.08235295 1.29411765 1.45882353
v -0.10499712 -0.06638255 0.01827914 1.08235295 1.29411765 1.45882353
v -0.09445812 -0.07445414 -0.00851490 1.08235295 1.29411765 1.45882353
v -0.09869168 -0.08515903 0.01015425 1.08235295 1.29411765 1.45882353
v -0.10359386 -0.08515903 0.02537334 1.08235295 1.29411765 1.45882353
v -0.10359386 -0.07515601 0.02567116 1.08235295 1.29411765 1.45882353
v -0.10499712 -0.08062245 0.02553061 1.08235295 1.29411765 1.45882353
v -0.09558177 -0.05931512 -0.00851490 1.08235295 1.29411765 1.45882353
v -0.09953260 -0.06268104 0.01827914 1.08235295 1.29411765 1.45882353
v -0.09718624 -0.06109542 0.01827914 1.08235295 1.29411765 1.45882353
v -0.10499712 -0.06684363 0.02233488 1.08235295 1.29411765 1.45882353
v -0.10197699 -0.06463041 0.02234157 1.08235295 1.29411765 1.45882353
v -0.09953260 -0.06293465 0.02234157 1.08235295 1.29411765 1.45882353
v -0.09445812 -0.05899235 -0.00851490 1.08235295 1.29411765 1.45882353
v -0.09445812 -0.07430300 0.00946491 1.08235295 1.29411765 1.45882353
v -0.09445812 -0.07426713 0.00996686 1.08235295 1.29411765 1.45882353
v -0.09445812 -0.07150574 0.02234157 1.08235295 1.29411765 1.45882353
v -0.09445812 -0.07135205 0.02282345 1.08235295 1.29411765 1.45882353
v -0.09898677 -0.08515903 0.01203489 1.08235295 1.29411765 1.45882353
v -0.09445812 -0.06707418 0.02547039 1.08235295 1.29411765 1.45882353
v -0.09445812 -0.06602136 0.02559754 1.08235295 1.29411765 1.45882353
v -0.10121757 -0.08515903 0.02472750 1.08235295 1.29411765 1.45882353
v -0.09953260 -0.06703320 0.02547373 1.08235295 1.29411765 1.45882353
v -0.10359386 -0.07109589 0.02540346 1.08235295 1.29411765 1.45882353
v -0.10499712 -0.07655976 0.02555739 1.08235295 1.29411765 1.45882353
v -0.09500808 -0.06025521 0.02234157 1.08235295 1.29411765 1.45882353
v -0.09445812 -0.06003749 0.02172250 1.08235295 1.29411765 1.45882353
v -0.09445812 -0.05991708 0.01827914 1.08235295 1.29411765 1.45882353
v -0.09703869 -0.06127473 0.02234157 1.08235295 1.29411765 1.45882353
v -0.10499712 -0.06839340 0.02456688 1.08235295 1.29411765 1.45882353
v -0.10178301 -0.06480461 0.02454679 1.08235295 1.29411765 1.45882353
v -0.10071611 -0.08515903 0.02234157 1.08235295 1.29411765 1.45882353
v -0.09445812 -0.07034533 0.02485131 1.08235295 1.29411765 1.45882353
v -0.09445812 -0.06986887 0.02498851 1.08235295 1.29411765 1.45882353
v -0.09445812 -0.06282450 0.02524953 1.08235295 1.29411765 1.45882353
v -0.09563233 -0.06276814 0.02510898 1.08235295 1.29411765 1.45882353
v -0.09953260 -0.06409505 0.02482789 1.08235295 1.29411765 1.45882353
v -0.10331939 -0.06737901 0.02478103 1.08235295 1.29411765 1.45882353
v -0.10499712 -0.06930533 0.02476765 1.08235295 1.29411765 1.45882353
v -0.10499712 -0.07109589 0.02509560 1.08235295 1.29411765 1.45882353
v -0.10499712 -0.07249195 0.02525622 1.08235295 1.29411765 1.45882353
v -0.09445812 -0.06056260 0.02466726 1.08235295 1.29411765 1.45882353
v -0.09445812 -0.06051138 0.02445645 1.08235295 1.29411765 1.45882353
v -0.09445812 -0.06008103 0.02234157 1.08235295 1.29411765 1.45882353
v -0.09445812 -0.06067275 0.02475427 1.08235295 1.29411765 1.45882353
f 1718 1719 1722
f 1718 1722 1729
f 1718 1729 1735
f 1718 1735 1724
f 1718 1724 1720
f 1718 1720 1725
f 1718 1725 1740
f 1718 1740 1753
f 1718 1753 1743
f 1718 1743 1726
f 1718 1726 1721
f 1718 1721 1728
f 1718 1728 1746
f 1718 1746 1762
f 1718 1762 1761
f 1718 1761 1760
f 1718 1760 1751
f 1718 1751 1732
f 1718 1732 1723
f 1718 1723 1719
f 1719 1723 1722
f 1720 1724 1725
f 1721 1726 1727
f 1721 1727 1728
f 1722 1723 1730
f 1722 1730 1731
f 1722 1731 1729
f 1723 1732 1733
f 1723 1733 1734
f 1723 1734 1730
f 1724 1735 1749
f 1724 1749 1748
f 1724 1748 1765
f 1724 1765 1764
f 1724 1764 1763
f 1724 1763 1766
f 1724 1766 1756
f 1724 1756 1742
f 1724 1742 1741
f 1724 1741 1755
f 1724 1755 1754
f 1724 1754 1739
f 1724 1739 1738
f 1724 1738 1737
f 1724 1737 1736
f 1724 1736 1725
f 1725 1736 1737
f 1725 1737 1738
f 1725 1738 1739
f 1725 1739 1740
f 1726 1741 1742
f 1726 1742 1727
f 1726 1743 1741
f 1727 1742 1744
f 1727 1744 1745
f 1727 1745 1746
f 1727 1746 1728
f 1729 1731 1747
f 1729 1747 1748
f 1729 1748 1749
f 1729 1749 1735
f 1730 1734 1731
f 1731 1734 1750
f 1731 1750 1747
f 1732 1751 1752
f 1732 1752 1733
f 1733 1752 1734
f 1734 1752 1750
f 1739 1743 1753
f 1739 1753 1740
f 1739 1754 1743
f 1741 1743 1755
f 1742 1756 1744
f 1743 1754 1755
f 1744 1756 1757
f 1744 1757 1758
f 1744 1758 1752
f 1744 1752 1759
f 1744 1759 1745
f 1745 1759 1760
f 1745 1760 1761
f 1745 1761 1762
f 1745 1762 1746
f 1747 1750 1763
f 1747 1763 1764
f 1747 1764 1765
f 1747 1765 1748
f 1750 1752 1763
f 1751 1760 1759
f 1751 1759 1752
f 1752 1758 1766
f 1752 1766 1763
f 1756 1766 1757
f 1757 1766 1758

o geometry_55
v -0.08401554 0.10817538 0.02551880 1.28235294 0.01176471 0.53529413
v -0.08734559 0.10817538 0.02547530 1.28235294 0.01176471 0.53529413
v -0.09546804 0.10359359 0.02563255 1.28235294 0.01176471 0.53529413
v -0.09140790 0.10359359 0.02560914 1.28235294 0.01176471 0.53529413
v -0.08401554 0.10765686 0.02551880 1.28235294 0.01176471 0.53529413
v -0.08401554 0.10817538 -0.00851490 1.28235294 0.01176471 0.53529413
v -0.09158224 0.10817538 0.02504364 1.28235294 0.01176471 0.53529413
v -0.09546804 0.10712318 0.02498342 1.28235294 0.01176471 0.53529413
v -0.09953034 0.09953233 0.02566936 1.28235294 0.01176471 0.53529413
v -0.09957393 0.10366939 0.02512060 1.28235294 0.01176471 0.53529413
v -0.10121280 0.09785043 0.02565264 1.28235294 0.01176471 0.53529413
v -0.08401554 0.10359359 0.02536152 1.28235294 0.01176471 0.53529413
v -0.08401554 0.10692304 0.02550876 1.28235294 0.01176471 0.53529413
v -0.08401554 0.09798789 -0.00851490 1.28235294 0.01176471 0.53529413
v -0.10438812 0.10817538 -0.00851490 1.28235294 0.01176471 0.53529413
v -0.09546804 0.10817538 0.02458521 1.28235294 0.01176471 0.53529413
v -0.09824887 0.10650156 0.02475587 1.28235294 0.01176471 0.53529413
v -0.10366893 0.09957580 0.02512060 1.28235294 0.01176471 0.53529413
v -0.10363625 0.09785043 0.02533810 1.28235294 0.01176471 0.53529413
v -0.10236351 0.10236651 0.02480607 1.28235294 0.01176471 0.53529413
v -0.09948022 0.09785043 0.02545857 1.28235294 0.01176471 0.53529413
v -0.08401554 0.10124052 0.02471571 1.28235294 0.01176471 0.53529413
v -0.08401554 0.10315390 0.02524441 1.28235294 0.01176471 0.53529413
v -0.08761582 0.09785043 -0.00851490 1.28235294 0.01176471 0.53529413
v -0.08401554 0.09878740 0.00609440 1.28235294 0.01176471 0.53529413
v -0.09039450 0.09785043 0.01015327 1.28235294 0.01176471 0.53529413
v -0.10627761 0.10203397 -0.00851490 1.28235294 0.01176471 0.53529413
v -0.10627761 0.10151848 0.01828107 1.28235294 0.01176471 0.53529413
v -0.10351638 0.10817538 0.01828107 1.28235294 0.01176471 0.53529413
v -0.09649451 0.10817538 0.02441121 1.28235294 0.01176471 0.53529413
v -0.09972649 0.10817538 0.02311291 1.28235294 0.01176471 0.53529413
v -0.10476515 0.09785043 0.02513064 1.28235294 0.01176471 0.53529413
v -0.10627761 0.09835479 0.02478598 1.28235294 0.01176471 0.53529413
v -0.09690423 0.09785043 0.02515071 1.28235294 0.01176471 0.53529413
v -0.08401554 0.10113642 0.02427402 1.28235294 0.01176471 0.53529413
v -0.09605864 0.09785043 0.02495664 1.28235294 0.01176471 0.53529413
v -0.10627761 0.09785043 -0.00851490 1.28235294 0.01176471 0.53529413
v -0.08401554 0.10076952 0.02234329 1.28235294 0.01176471 0.53529413
v -0.09412990 0.09785043 0.02234329 1.28235294 0.01176471 0.53529413
v -0.10627761 0.10035004 0.02258757 1.28235294 0.01176471 0.53529413
v -0.10317640 0.10817538 0.01916111 1.28235294 0.01176471 0.53529413
v -0.10158765 0.10817538 0.02197523 1.28235294 0.01176471 0.53529413
v -0.10627761 0.09785043 0.02484621 1.28235294 0.01176471 0.53529413
v -0.09426504 0.09785043 0.02261099 1.28235294 0.01176471 0.53529413
f 1767 1768 1769
f 1767 1769 1770
f 1767 1770 1771
f 1767 1771 1779
f 1767 1779 1778
f 1767 1778 1789
f 1767 1789 1788
f 1767 1788 1801
f 1767 1801 1804
f 1767 1804 1791
f 1767 1791 1780
f 1767 1780 1772
f 1767 1772 1781
f 1767 1781 1795
f 1767 1795 1807
f 1767 1807 1808
f 1767 1808 1797
f 1767 1797 1796
f 1767 1796 1782
f 1767 1782 1773
f 1767 1773 1768
f 1768 1773 1774
f 1768 1774 1769
f 1769 1775 1770
f 1769 1774 1776
f 1769 1776 1775
f 1770 1775 1777
f 1770 1777 1778
f 1770 1778 1779
f 1770 1779 1771
f 1772 1780 1790
f 1772 1790 1803
f 1772 1803 1793
f 1772 1793 1781
f 1773 1782 1774
f 1774 1782 1783
f 1774 1783 1776
f 1775 1776 1784
f 1775 1784 1785
f 1775 1785 1777
f 1776 1783 1786
f 1776 1786 1784
f 1777 1785 1798
f 1777 1798 1809
f 1777 1809 1803
f 1777 1803 1790
f 1777 1790 1792
f 1777 1792 1805
f 1777 1805 1810
f 1777 1810 1802
f 1777 1802 1800
f 1777 1800 1787
f 1777 1787 1788
f 1777 1788 1789
f 1777 1789 1778
f 1780 1791 1792
f 1780 1792 1790
f 1781 1793 1794
f 1781 1794 1795
f 1782 1796 1783
f 1783 1796 1797
f 1783 1797 1786
f 1784 1798 1785
f 1784 1786 1799
f 1784 1799 1798
f 1786 1797 1799
f 1787 1800 1788
f 1788 1800 1802
f 1788 1802 1801
f 1791 1804 1805
f 1791 1805 1792
f 1793 1803 1809
f 1793 1809 1799
f 1793 1799 1806
f 1793 1806 1794
f 1794 1806 1795
f 1795 1806 1807
f 1797 1808 1799
f 1798 1799 1809
f 1799 1808 1806
f 1801 1802 1810
f 1801 1810 1804
f 1804 1810 1805
f 1806 1808 1807

o geometry_56
v 0.06583469 0.10825542 -0.00607343 1.09411764 0.25294118 0.77647059
v 0.06637842 0.10571348 -0.00607343 1.09411764 0.25294118 0.77647059
v 0.06639323 0.10570423 0.01827846 1.09411764 0.25294118 0.77647059
v 0.06586058 0.10825542 0.01827846 1.09411764 0.25294118 0.77647059
v 0.10107787 0.10825542 -0.00607343 1.09411764 0.25294118 0.77647059
v 0.06638583 0.10570423 -0.00422019 1.09411764 0.25294118 0.77647059
v 0.06991458 0.10570423 -0.00607343 1.09411764 0.25294118 0.77647059
v 0.06700723 0.10570423 0.02232214 1.09411764 0.25294118 0.77647059
v 0.06679271 0.10825542 0.02183331 1.09411764 0.25294118 0.77647059
v 0.10362271 0.10825542 -0.00256497 1.09411764 0.25294118 0.77647059
v 0.10361901 0.10825392 -0.00607343 1.09411764 0.25294118 0.77647059
v 0.10122953 0.10570423 -0.00607343 1.09411764 0.25294118 0.77647059
v 0.06883449 0.10570423 0.02447238 1.09411764 0.25294118 0.77647059
v 0.06737343 0.10825542 0.02248302 1.09411764 0.25294118 0.77647059
v 0.10362271 0.10825542 0.01421620 1.09411764 0.25294118 0.77647059
v 0.10122953 0.10570423 0.01421620 1.09411764 0.25294118 0.77647059
v 0.07012542 0.10570423 0.02475702 1.09411764 0.25294118 0.77647059
v 0.06896766 0.10592775 0.02444454 1.09411764 0.25294118 0.77647059
v 0.07083561 0.10825542 0.02414443 1.09411764 0.25294118 0.77647059
v 0.10360422 0.10825542 0.01776487 1.09411764 0.25294118 0.77647059
v 0.10121472 0.10570423 0.01827846 1.09411764 0.25294118 0.77647059
v 0.07109454 0.10570423 0.02493646 1.09411764 0.25294118 0.77647059
v 0.07109454 0.10654713 0.02475084 1.09411764 0.25294118 0.77647059
v 0.07109454 0.10825542 0.02420631 1.09411764 0.25294118 0.77647059
v 0.10360052 0.10825542 0.01827846 1.09411764 0.25294118 0.77647059
v 0.10113334 0.10570423 0.01943247 1.09411764 0.25294118 0.77647059
v 0.07319181 0.10570423 0.02518398 1.09411764 0.25294118 0.77647059
v 0.07528169 0.10825542 0.02496741 1.09411764 0.25294118 0.77647059
v 0.10255003 0.10825542 0.02103200 1.09411764 0.25294118 0.77647059
v 0.10060811 0.10570423 0.02247684 1.09411764 0.25294118 0.77647059
v 0.07726800 0.10570423 0.02550575 1.09411764 0.25294118 0.77647059
v 0.07922103 0.10825542 0.02535414 1.09411764 0.25294118 0.77647059
v 0.10181394 0.10825542 0.02186734 1.09411764 0.25294118 0.77647059
v 0.09968337 0.10570423 0.02391549 1.09411764 0.25294118 0.77647059
v 0.08132942 0.10570423 0.02553358 1.09411764 0.25294118 0.77647059
v 0.08328243 0.10825542 0.02552740 1.09411764 0.25294118 0.77647059
v 0.07982025 0.10825542 0.02538198 1.09411764 0.25294118 0.77647059
v 0.10083744 0.10825542 0.02277075 1.09411764 0.25294118 0.77647059
v 0.09862179 0.10570423 0.02485913 1.09411764 0.25294118 0.77647059
v 0.08734383 0.10570423 0.02545005 1.09411764 0.25294118 0.77647059
v 0.08734383 0.10765677 0.02547789 1.09411764 0.25294118 0.77647059
v 0.08328243 0.10765677 0.02552740 1.09411764 0.25294118 0.77647059
v 0.08388165 0.10825542 0.02552121 1.09411764 0.25294118 0.77647059
v 0.09972036 0.10825542 0.02315130 1.09411764 0.25294118 0.77647059
v 0.09824820 0.10650267 0.02475393 1.09411764 0.25294118 0.77647059
v 0.09546663 0.10712381 0.02498288 1.09411764 0.25294118 0.77647059
v 0.09546663 0.10570423 0.02524585 1.09411764 0.25294118 0.77647059
v 0.08734383 0.10825542 0.02547789 1.09411764 0.25294118 0.77647059
v 0.09546663 0.10825542 0.02455283 1.09411764 0.25294118 0.77647059
v 0.09157907 0.10825542 0.02504166 1.09411764 0.25294118 0.77647059
v 0.08800962 0.10825542 0.02540983 1.09411764 0.25294118 0.77647059
f 1811 1812 1813
f 1811 1813 1814
f 1811 1814 1819
f 1811 1819 1824
f 1811 1824 1829
f 1811 1829 1834
f 1811 1834 1838
f 1811 1838 1842
f 1811 1842 1847
f 1811 1847 1846
f 1811 1846 1853
f 1811 1853 1858
f 1811 1858 1861
f 1811 1861 1860
f 1811 1860 1859
f 1811 1859 1854
f 1811 1854 1848
f 1811 1848 1843
f 1811 1843 1839
f 1811 1839 1835
f 1811 1835 1830
f 1811 1830 1825
f 1811 1825 1820
f 1811 1820 1815
f 1811 1815 1821
f 1811 1821 1822
f 1811 1822 1817
f 1811 1817 1812
f 1812 1816 1813
f 1812 1817 1816
f 1813 1818 1814
f 1813 1816 1817
f 1813 1817 1822
f 1813 1822 1826
f 1813 1826 1831
f 1813 1831 1836
f 1813 1836 1840
f 1813 1840 1844
f 1813 1844 1849
f 1813 1849 1857
f 1813 1857 1850
f 1813 1850 1845
f 1813 1845 1841
f 1813 1841 1837
f 1813 1837 1832
f 1813 1832 1827
f 1813 1827 1823
f 1813 1823 1818
f 1814 1818 1819
f 1815 1820 1821
f 1818 1823 1819
f 1819 1823 1824
f 1820 1825 1826
f 1820 1826 1822
f 1820 1822 1821
f 1823 1827 1828
f 1823 1828 1824
f 1824 1828 1829
f 1825 1830 1831
f 1825 1831 1826
f 1827 1832 1833
f 1827 1833 1828
f 1828 1833 1834
f 1828 1834 1829
f 1830 1835 1831
f 1831 1835 1836
f 1832 1837 1838
f 1832 1838 1833
f 1833 1838 1834
f 1835 1839 1840
f 1835 1840 1836
f 1837 1841 1842
f 1837 1842 1838
f 1839 1843 1844
f 1839 1844 1840
f 1841 1845 1846
f 1841 1846 1847
f 1841 1847 1842
f 1843 1848 1844
f 1844 1848 1849
f 1845 1850 1851
f 1845 1851 1852
f 1845 1852 1846
f 1846 1852 1853
f 1848 1854 1855
f 1848 1855 1849
f 1849 1855 1856
f 1849 1856 1857
f 1850 1857 1851
f 1851 1858 1853
f 1851 1853 1852
f 1851 1857 1858
f 1854 1859 1855
f 1855 1859 1856
f 1856 1859 1860
f 1856 1860 1861
f 1856 1861 1858
f 1856 1858 1857

o geometry_57
v 0.05895105 0.10570423 -0.01095936 0.07647059 0.29411764 0.02352940
v 0.05895105 0.10570423 -0.01087518 0.07647059 0.29411764 0.02352940
v 0.05895105 0.10825542 -0.01095936 0.07647059 0.29411764 0.02352940
v 0.10575525 0.10570423 -0.01095936 0.07647059 0.29411764 0.02352940
v 0.05895105 0.10825542 -0.00973298 0.07647059 0.29411764 0.02352940
v 0.06637831 0.10570423 -0.00609399 0.07647059 0.29411764 0.02352940
v 0.06637831 0.10571348 -0.00607343 0.07647059 0.29411764 0.02352940
v 0.10575525 0.10825542 -0.01095936 0.07647059 0.29411764 0.02352940
v 0.10575525 0.10570423 -0.00907913 0.07647059 0.29411764 0.02352940
v 0.06583765 0.10825542 -0.00607343 0.07647059 0.29411764 0.02352940
v 0.06991555 0.10570423 -0.00607343 0.07647059 0.29411764 0.02352940
v 0.10575525 0.10825542 -0.00877539 0.07647059 0.29411764 0.02352940
v 0.10362008 0.10825392 -0.00607343 0.07647059 0.29411764 0.02352940
v 0.10122833 0.10570423 -0.00607343 0.07647059 0.29411764 0.02352940
v 0.10107711 0.10825542 -0.00607343 0.07647059 0.29411764 0.02352940
v 0.10362008 0.10825542 -0.00609399 0.07647059 0.29411764 0.02352940
f 1862 1863 1866
f 1862 1866 1864
f 1862 1864 1869
f 1862 1869 1865
f 1862 1865 1870
f 1862 1870 1875
f 1862 1875 1872
f 1862 1872 1867
f 1862 1867 1863
f 1863 1867 1868
f 1863 1868 1866
f 1864 1866 1871
f 1864 1871 1876
f 1864 1876 1877
f 1864 1877 1873
f 1864 1873 1869
f 1865 1869 1873
f 1865 1873 1870
f 1866 1868 1871
f 1867 1872 1868
f 1868 1872 1875
f 1868 1875 1874
f 1868 1874 1876
f 1868 1876 1871
f 1870 1873 1874
f 1870 1874 1875
f 1873 1877 1874
f 1874 1877 1876

o geometry_58
v 0.10575525 0.08138097 0.02553138 1.18823529 0.33529412 0.51764706
v 0.10575525 0.07732071 0.02550045 1.18823529 0.33529412 0.51764706
v 0.10974642 0.08328194 0.02552829 1.18823529 0.33529412 0.51764706
v 0.10765727 0.08328194 0.02552829 1.18823529 0.33529412 0.51764706
v 0.10765727 0.08734220 0.02547879 1.18823529 0.33529412 0.51764706
v 0.10575525 0.08734220 0.02545095 1.18823529 0.33529412 0.51764706
v 0.10974642 0.07922169 0.02535195 1.18823529 0.33529412 0.51764706
v 0.10575525 0.07325238 0.02517252 1.18823529 0.33529412 0.51764706
v 0.10974642 0.08536857 0.02550354 1.18823529 0.33529412 0.51764706
v 0.10974642 0.08734220 0.02547879 1.18823529 0.33529412 0.51764706
v 0.10575525 0.09546673 0.02523749 1.18823529 0.33529412 0.51764706
v 0.10974642 0.07529461 0.02496214 1.18823529 0.33529412 0.51764706
v 0.10575525 0.07109713 0.02491884 1.18823529 0.33529412 0.51764706
v 0.10974642 0.08967906 0.02524058 1.18823529 0.33529412 0.51764706
v 0.10575525 0.09859869 0.02485386 1.18823529 0.33529412 0.51764706
v 0.10974642 0.09158406 0.02504568 1.18823529 0.33529412 0.51764706
v 0.10575525 0.07020114 0.02475177 1.18823529 0.33529412 0.51764706
v 0.10974642 0.07109713 0.02410210 1.18823529 0.33529412 0.51764706
v 0.10650465 0.09824756 0.02475488 1.18823529 0.33529412 0.51764706
v 0.10974642 0.09958348 0.02382367 1.18823529 0.33529412 0.51764706
v 0.10974642 0.10304642 0.02265117 1.18823529 0.33529412 0.51764706
v 0.10575525 0.09968439 0.02388864 1.18823529 0.33529412 0.51764706
v 0.10974642 0.09751301 0.02414852 1.18823529 0.33529412 0.51764706
v 0.10575525 0.06888538 0.02445788 1.18823529 0.33529412 0.51764706
v 0.10974642 0.06713375 0.02305335 1.18823529 0.33529412 0.51764706
v 0.10974642 0.10351460 0.02221496 1.18823529 0.33529412 0.51764706
v 0.10575525 0.10058443 0.02248720 1.18823529 0.33529412 0.51764706
v 0.10575525 0.06702882 0.02232015 1.18823529 0.33529412 0.51764706
v 0.10974642 0.06465563 0.02064646 1.18823529 0.33529412 0.51764706
v 0.10974642 0.10506846 0.01864487 1.18823529 0.33529412 0.51764706
v 0.10974642 0.10520973 0.01827981 1.18823529 0.33529412 0.51764706
v 0.10575525 0.10114544 0.01923266 1.18823529 0.33529412 0.51764706
v 0.10575525 0.06640323 0.01827981 1.18823529 0.33529412 0.51764706
v 0.10974642 0.06410270 0.01827981 1.18823529 0.33529412 0.51764706
v 0.10974642 0.10521780 0.01454574 1.18823529 0.33529412 0.51764706
v 0.10575525 0.10122617 0.01421781 1.18823529 0.33529412 0.51764706
v 0.10575525 0.10122213 0.01535319 1.18823529 0.33529412 0.51764706
v 0.10575525 0.10121001 0.01827981 1.18823529 0.33529412 0.51764706
v 0.10575525 0.06639112 -0.00607361 1.18823529 0.33529412 0.51764706
v 0.10974642 0.06398969 -0.00607361 1.18823529 0.33529412 0.51764706
v 0.10974642 0.10521780 -0.00607361 1.18823529 0.33529412 0.51764706
v 0.10575525 0.10122617 -0.00607361 1.18823529 0.33529412 0.51764706
f 1878 1879 1880
f 1878 1880 1881
f 1878 1881 1882
f 1878 1882 1883
f 1878 1883 1888
f 1878 1888 1892
f 1878 1892 1899
f 1878 1899 1904
f 1878 1904 1909
f 1878 1909 1915
f 1878 1915 1914
f 1878 1914 1913
f 1878 1913 1919
f 1878 1919 1916
f 1878 1916 1910
f 1878 1910 1905
f 1878 1905 1901
f 1878 1901 1894
f 1878 1894 1890
f 1878 1890 1885
f 1878 1885 1879
f 1879 1884 1880
f 1879 1885 1884
f 1880 1886 1881
f 1880 1884 1889
f 1880 1889 1895
f 1880 1895 1902
f 1880 1902 1906
f 1880 1906 1911
f 1880 1911 1917
f 1880 1917 1918
f 1880 1918 1912
f 1880 1912 1908
f 1880 1908 1907
f 1880 1907 1903
f 1880 1903 1898
f 1880 1898 1897
f 1880 1897 1900
f 1880 1900 1893
f 1880 1893 1891
f 1880 1891 1887
f 1880 1887 1886
f 1881 1886 1882
f 1882 1887 1888
f 1882 1888 1883
f 1882 1886 1887
f 1884 1885 1889
f 1885 1890 1889
f 1887 1891 1888
f 1888 1891 1893
f 1888 1893 1892
f 1889 1890 1894
f 1889 1894 1895
f 1892 1896 1897
f 1892 1897 1898
f 1892 1898 1899
f 1892 1893 1896
f 1893 1900 1896
f 1894 1901 1895
f 1895 1901 1902
f 1896 1900 1897
f 1898 1903 1899
f 1899 1903 1904
f 1901 1905 1906
f 1901 1906 1902
f 1903 1907 1904
f 1904 1907 1908
f 1904 1908 1909
f 1905 1910 1911
f 1905 1911 1906
f 1908 1912 1913
f 1908 1913 1914
f 1908 1914 1915
f 1908 1915 1909
f 1910 1916 1917
f 1910 1917 1911
f 1912 1918 1919
f 1912 1919 1913
f 1916 1919 1918
f 1916 1918 1917

o geometry_59
v 0.10974642 0.10521858 -0.00607361 1.38823530 1.05294117 0.04705882
v 0.10974642 0.10595547 -0.00617356 1.38823530 1.05294117 0.04705882
v 0.10575525 0.10122560 -0.00607361 1.38823530 1.05294117 0.04705882
v 0.10974642 0.06398996 -0.00607361 1.38823530 1.05294117 0.04705882
v 0.10974642 0.10595547 -0.01095936 1.38823530 1.05294117 0.04705882
v 0.10575525 0.10595547 -0.00907489 1.38823530 1.05294117 0.04705882
v 0.10575525 0.06638943 -0.00607361 1.38823530 1.05294117 0.04705882
v 0.10974642 0.06278331 -0.00645194 1.38823530 1.05294117 0.04705882
v 0.10575525 0.10595547 -0.01095936 1.38823530 1.05294117 0.04705882
v 0.10974642 0.05891006 -0.01095936 1.38823530 1.05294117 0.04705882
v 0.10575525 0.05891006 -0.01086513 1.38823530 1.05294117 0.04705882
v 0.10974642 0.05891006 -0.00853155 1.38823530 1.05294117 0.04705882
v 0.10575525 0.05891006 -0.01095936 1.38823530 1.05294117 0.04705882
f 1920 1921 1922
f 1920 1922 1926
f 1920 1926 1923
f 1920 1923 1927
f 1920 1927 1931
f 1920 1931 1929
f 1920 1929 1924
f 1920 1924 1921
f 1921 1924 1928
f 1921 1928 1925
f 1921 1925 1922
f 1922 1925 1928
f 1922 1928 1932
f 1922 1932 1930
f 1922 1930 1926
f 1923 1926 1927
f 1924 1929 1932
f 1924 1932 1928
f 1926 1930 1931
f 1926 1931 1927
f 1929 1931 1930
f 1929 1930 1932

o geometry_60
v -0.08303022 -0.05323243 -0.01106718 0.24117647 0.92941176 0.86470589
v -0.08167013 -0.05323813 -0.01106718 0.24117647 0.92941176 0.86470589
v -0.08303022 -0.07443379 -0.01106718 0.24117647 0.92941176 0.86470589
v -0.08303022 -0.05744247 -0.00851514 0.24117647 0.92941176 0.86470589
v -0.07994517 -0.05766780 -0.00851514 0.24117647 0.92941176 0.86470589
v -0.07921844 -0.05775338 -0.00851514 0.24117647 0.92941176 0.86470589
v -0.07635813 -0.05823541 -0.00851514 0.24117647 0.92941176 0.86470589
v -0.07841288 -0.05403964 -0.01106718 0.24117647 0.92941176 0.86470589
v -0.07450767 -0.08236899 -0.01106718 0.24117647 0.92941176 0.86470589
v -0.08303022 -0.07123633 -0.00851514 0.24117647 0.92941176 0.86470589
v -0.07515563 -0.05857200 -0.00851514 0.24117647 0.92941176 0.86470589
v -0.06867908 -0.05652972 -0.01106718 0.24117647 0.92941176 0.86470589
v -0.07088559 -0.08236899 -0.00851514 0.24117647 0.92941176 0.86470589
v -0.05321590 -0.08236899 -0.01106718 0.24117647 0.92941176 0.86470589
v -0.07266889 -0.05929364 -0.00851514 0.24117647 0.92941176 0.86470589
v -0.07098775 -0.06012366 -0.00851514 0.24117647 0.92941176 0.86470589
v -0.06708547 -0.06316140 -0.00851514 0.24117647 0.92941176 0.86470589
v -0.06418139 -0.06014932 -0.01106718 0.24117647 0.92941176 0.86470589
v -0.07172034 -0.05968725 -0.00851514 0.24117647 0.92941176 0.86470589
v -0.05748301 -0.08236899 -0.00851514 0.24117647 0.92941176 0.86470589
v -0.05321881 -0.08165306 -0.01106718 0.24117647 0.92941176 0.86470589
v -0.06653676 -0.06364344 -0.00851514 0.24117647 0.92941176 0.86470589
v -0.06364434 -0.06653570 -0.00851514 0.24117647 0.92941176 0.86470589
v -0.06015069 -0.06418253 -0.01106718 0.24117647 0.92941176 0.86470589
v -0.05766396 -0.07994736 -0.00851514 0.24117647 0.92941176 0.86470589
v -0.05404481 -0.07841566 -0.01106718 0.24117647 0.92941176 0.86470589
v -0.05823311 -0.07636198 -0.00851514 0.24117647 0.92941176 0.86470589
v -0.05775153 -0.07921716 -0.00851514 0.24117647 0.92941176 0.86470589
v -0.06316277 -0.06708620 -0.00851514 0.24117647 0.92941176 0.86470589
v -0.05653443 -0.06868350 -0.01106718 0.24117647 0.92941176 0.86470589
v -0.05857167 -0.07515545 -0.00851514 0.24117647 0.92941176 0.86470589
v -0.06012733 -0.07098534 -0.00851514 0.24117647 0.92941176 0.86470589
v -0.05968662 -0.07172124 -0.00851514 0.24117647 0.92941176 0.86470589
v -0.05929258 -0.07267392 -0.00851514 0.24117647 0.92941176 0.86470589
f 1933 1934 1940
f 1933 1940 1944
f 1933 1944 1950
f 1933 1950 1956
f 1933 1956 1962
f 1933 1962 1958
f 1933 1958 1953
f 1933 1953 1946
f 1933 1946 1941
f 1933 1941 1935
f 1933 1935 1942
f 1933 1942 1936
f 1933 1936 1934
f 1934 1936 1937
f 1934 1937 1938
f 1934 1938 1939
f 1934 1939 1940
f 1935 1941 1942
f 1936 1942 1945
f 1936 1945 1952
f 1936 1952 1957
f 1936 1957 1960
f 1936 1960 1959
f 1936 1959 1963
f 1936 1963 1966
f 1936 1966 1965
f 1936 1965 1964
f 1936 1964 1961
f 1936 1961 1955
f 1936 1955 1954
f 1936 1954 1949
f 1936 1949 1948
f 1936 1948 1951
f 1936 1951 1947
f 1936 1947 1943
f 1936 1943 1939
f 1936 1939 1938
f 1936 1938 1937
f 1939 1943 1944
f 1939 1944 1940
f 1941 1945 1942
f 1941 1946 1952
f 1941 1952 1945
f 1943 1947 1944
f 1944 1948 1949
f 1944 1949 1950
f 1944 1947 1951
f 1944 1951 1948
f 1946 1953 1952
f 1949 1954 1950
f 1950 1954 1955
f 1950 1955 1956
f 1952 1953 1957
f 1953 1958 1959
f 1953 1959 1960
f 1953 1960 1957
f 1955 1961 1956
f 1956 1961 1962
f 1958 1962 1959
f 1959 1962 1963
f 1961 1964 1962
f 1962 1964 1965
f 1962 1965 1966
f 1962 1966 1963

o geometry_61
v -0.07054632 -0.08516160 -0.00851490 0.35294118 1.39999999 0.91764706
v -0.07237586 -0.07779230 -0.00851490 0.35294118 1.39999999 0.91764706
v -0.05745973 -0.08516160 -0.00851490 0.35294118 1.39999999 0.91764706
v -0.06993989 -0.08516160 0.00394708 0.35294118 1.39999999 0.91764706
v -0.07237586 -0.07620704 0.00609548 0.35294118 1.39999999 0.91764706
v -0.07237586 -0.05941692 -0.00851490 0.35294118 1.39999999 0.91764706
v -0.05741286 -0.08328147 -0.00851490 0.35294118 1.39999999 0.91764706
v -0.05788599 -0.08328147 0.01827971 0.35294118 1.39999999 0.91764706
v -0.05795484 -0.08516160 0.01827971 0.35294118 1.39999999 0.91764706
v -0.06976997 -0.08516160 0.00556005 0.35294118 1.39999999 0.91764706
v -0.07237586 -0.07288530 0.02234223 0.35294118 1.39999999 0.91764706
v -0.07172254 -0.05968659 -0.00851490 0.35294118 1.39999999 0.91764706
v -0.07237586 -0.06085348 0.02234223 0.35294118 1.39999999 0.91764706
v -0.05766335 -0.07994714 -0.00851490 0.35294118 1.39999999 0.91764706
v -0.05838402 -0.07921876 0.01827971 0.35294118 1.39999999 0.91764706
v -0.05873557 -0.07921876 0.02234223 0.35294118 1.39999999 0.91764706
v -0.05832837 -0.08328147 0.02234223 0.35294118 1.39999999 0.91764706
v -0.05838549 -0.08516160 0.02234223 0.35294118 1.39999999 0.91764706
v -0.05814819 -0.08516160 0.02016038 0.35294118 1.39999999 0.91764706
v -0.05775123 -0.07921876 -0.00851490 0.35294118 1.39999999 0.91764706
v -0.06772071 -0.08516160 0.02234223 0.35294118 1.39999999 0.91764706
v -0.07237586 -0.07078590 0.02503608 0.35294118 1.39999999 0.91764706
v -0.07098722 -0.06012511 -0.00851490 0.35294118 1.39999999 0.91764706
v -0.07237586 -0.06154404 0.02465793 0.35294118 1.39999999 0.91764706
v -0.07061955 -0.06193719 0.02234223 0.35294118 1.39999999 0.91764706
v -0.05954415 -0.07515607 0.01827971 0.35294118 1.39999999 0.91764706
v -0.05974337 -0.07515607 0.02234223 0.35294118 1.39999999 0.91764706
v -0.05823315 -0.07636329 -0.00851490 0.35294118 1.39999999 0.91764706
v -0.05857152 -0.07515607 -0.00851490 0.35294118 1.39999999 0.91764706
v -0.06081121 -0.07288278 0.02450734 0.35294118 1.39999999 0.91764706
v -0.06044061 -0.07515607 0.02479514 0.35294118 1.39999999 0.91764706
v -0.06001436 -0.07921876 0.02501934 0.35294118 1.39999999 0.91764706
v -0.05985469 -0.08328147 0.02502268 0.35294118 1.39999999 0.91764706
v -0.05905784 -0.08516160 0.02358373 0.35294118 1.39999999 0.91764706
v -0.06690335 -0.08516160 0.02378118 0.35294118 1.39999999 0.91764706
v -0.06614312 -0.08516160 0.02502268 0.35294118 1.39999999 0.91764706
v -0.07237586 -0.06703322 0.02557819 0.35294118 1.39999999 0.91764706
v -0.06708351 -0.06316206 -0.00851490 0.35294118 1.39999999 0.91764706
v -0.07050529 -0.06181117 0.01827971 0.35294118 1.39999999 0.91764706
v -0.06765039 -0.06384254 0.01827971 0.35294118 1.39999999 0.91764706
v -0.07237586 -0.06300329 0.02508962 0.35294118 1.39999999 0.91764706
v -0.07135635 -0.06301336 0.02496246 0.35294118 1.39999999 0.91764706
v -0.06830370 -0.06439699 0.02478844 0.35294118 1.39999999 0.91764706
v -0.06778662 -0.06396855 0.02234223 0.35294118 1.39999999 0.91764706
v -0.06068378 -0.07264839 0.02234223 0.35294118 1.39999999 0.91764706
v -0.05929221 -0.07267359 -0.00851490 0.35294118 1.39999999 0.91764706
v -0.06440000 -0.06830343 0.02478844 0.35294118 1.39999999 0.91764706
v -0.06301575 -0.07135801 0.02496246 0.35294118 1.39999999 0.91764706
v -0.06194058 -0.07061956 0.02234223 0.35294118 1.39999999 0.91764706
v -0.06397080 -0.06778929 0.02234223 0.35294118 1.39999999 0.91764706
v -0.06297033 -0.07515607 0.02544434 0.35294118 1.39999999 0.91764706
v -0.06297033 -0.07921876 0.02566854 0.35294118 1.39999999 0.91764706
v -0.06297033 -0.08328147 0.02567188 0.35294118 1.39999999 0.91764706
v -0.06297033 -0.08516160 0.02567188 0.35294118 1.39999999 0.91764706
v -0.06129606 -0.08516160 0.02532052 0.35294118 1.39999999 0.91764706
v -0.05987813 -0.08516160 0.02502268 0.35294118 1.39999999 0.91764706
v -0.06447322 -0.08516160 0.02537072 0.35294118 1.39999999 0.91764706
v -0.07109415 -0.06703322 0.02565850 0.35294118 1.39999999 0.91764706
v -0.06653421 -0.06364343 -0.00851490 0.35294118 1.39999999 0.91764706
v -0.06562017 -0.06561933 0.01827971 0.35294118 1.39999999 0.91764706
v -0.06698244 -0.06698280 0.02513311 0.35294118 1.39999999 0.91764706
v -0.06575640 -0.06575795 0.02234223 0.35294118 1.39999999 0.91764706
v -0.05968771 -0.07172598 -0.00851490 0.35294118 1.39999999 0.91764706
v -0.06012568 -0.07098753 -0.00851490 0.35294118 1.39999999 0.91764706
v -0.06181314 -0.07050615 0.01827971 0.35294118 1.39999999 0.91764706
v -0.06384483 -0.06765067 0.01827971 0.35294118 1.39999999 0.91764706
v -0.06703079 -0.07109591 0.02565850 0.35294118 1.39999999 0.91764706
v -0.06364414 -0.06653420 -0.00851490 0.35294118 1.39999999 0.91764706
v -0.06316222 -0.06708361 -0.00851490 0.35294118 1.39999999 0.91764706
f 1967 1968 1972
f 1967 1972 1978
f 1967 1978 1989
f 1967 1989 2004
f 1967 2004 2025
f 1967 2025 2034
f 1967 2034 2035
f 1967 2035 2030
f 1967 2030 2029
f 1967 2029 2012
f 1967 2012 1995
f 1967 1995 1994
f 1967 1994 1986
f 1967 1986 1980
f 1967 1980 1973
f 1967 1973 1969
f 1967 1969 1975
f 1967 1975 1985
f 1967 1985 1984
f 1967 1984 2000
f 1967 2000 2022
f 1967 2022 2021
f 1967 2021 2020
f 1967 2020 2023
f 1967 2023 2002
f 1967 2002 2001
f 1967 2001 1987
f 1967 1987 1976
f 1967 1976 1970
f 1967 1970 1971
f 1967 1971 1968
f 1968 1971 1977
f 1968 1977 1988
f 1968 1988 2003
f 1968 2003 2007
f 1968 2007 1990
f 1968 1990 1979
f 1968 1979 1972
f 1969 1973 1974
f 1969 1974 1975
f 1970 1976 1977
f 1970 1977 1971
f 1972 1979 1978
f 1973 1980 1974
f 1974 1981 1982
f 1974 1982 1983
f 1974 1983 1984
f 1974 1984 1985
f 1974 1985 1975
f 1974 1980 1986
f 1974 1986 1981
f 1976 1987 1977
f 1977 1987 1988
f 1978 1979 1989
f 1979 1990 1991
f 1979 1991 1989
f 1981 1992 1993
f 1981 1993 1982
f 1981 1986 1994
f 1981 1994 1995
f 1981 1995 1992
f 1982 1993 1996
f 1982 1996 1997
f 1982 1997 1998
f 1982 1998 1983
f 1983 1998 1999
f 1983 1999 2000
f 1983 2000 1984
f 1987 2001 1988
f 1988 2001 2002
f 1988 2002 2003
f 1989 1991 2005
f 1989 2005 2006
f 1989 2006 2004
f 1990 2007 2008
f 1990 2008 2009
f 1990 2009 1991
f 1991 2010 2006
f 1991 2006 2005
f 1991 2009 2010
f 1992 2011 1993
f 1992 1995 2012
f 1992 2012 2011
f 1993 2011 1996
f 1996 2013 2014
f 1996 2014 1997
f 1996 2011 2015
f 1996 2015 2016
f 1996 2016 2013
f 1997 2014 2017
f 1997 2017 1998
f 1998 2017 2018
f 1998 2018 1999
f 1999 2018 2019
f 1999 2019 2020
f 1999 2020 2021
f 1999 2021 2022
f 1999 2022 2000
f 2002 2023 2003
f 2003 2020 2024
f 2003 2024 2007
f 2003 2023 2020
f 2004 2006 2026
f 2004 2026 2025
f 2006 2010 2026
f 2007 2024 2027
f 2007 2027 2008
f 2008 2027 2009
f 2009 2027 2013
f 2009 2013 2028
f 2009 2028 2010
f 2010 2028 2026
f 2011 2012 2029
f 2011 2029 2030
f 2011 2030 2015
f 2013 2016 2028
f 2013 2027 2014
f 2014 2027 2017
f 2015 2030 2031
f 2015 2031 2032
f 2015 2032 2016
f 2016 2032 2026
f 2016 2026 2028
f 2017 2027 2033
f 2017 2033 2018
f 2018 2033 2024
f 2018 2024 2019
f 2019 2024 2020
f 2024 2033 2027
f 2025 2026 2034
f 2026 2032 2035
f 2026 2035 2034
f 2030 2035 2032
f 2030 2032 2031

o geometry_62
v -0.07237732 -0.07779465 -0.00851490 0.80000000 0.88235293 1.09411764
v -0.08229822 -0.07137861 -0.00851490 0.80000000 0.88235293 1.09411764
v -0.07237732 -0.05941482 -0.00851490 0.80000000 0.88235293 1.09411764
v -0.07237732 -0.07620704 0.00609520 0.80000000 0.88235293 1.09411764
v -0.08229822 -0.07017846 0.00609520 0.80000000 0.88235293 1.09411764
v -0.08229822 -0.05749538 -0.00851490 0.80000000 0.88235293 1.09411764
v -0.07267160 -0.05929362 -0.00851490 0.80000000 0.88235293 1.09411764
v -0.07265217 -0.06068453 0.02234166 0.80000000 0.88235293 1.09411764
v -0.07237732 -0.06085343 0.02234166 0.80000000 0.88235293 1.09411764
v -0.07237732 -0.07288476 0.02234166 0.80000000 0.88235293 1.09411764
v -0.08229822 -0.06783975 0.02234166 0.80000000 0.88235293 1.09411764
v -0.08229822 -0.06971946 0.00945827 0.80000000 0.88235293 1.09411764
v -0.07994595 -0.05766625 -0.00851490 0.80000000 0.88235293 1.09411764
v -0.08229822 -0.05801399 0.01827921 0.80000000 0.88235293 1.09411764
v -0.07515693 -0.05857233 -0.00851490 0.80000000 0.88235293 1.09411764
v -0.07515693 -0.05954399 0.01827921 0.80000000 0.88235293 1.09411764
v -0.07515693 -0.05974268 0.02234166 0.80000000 0.88235293 1.09411764
v -0.07288625 -0.06081169 0.02450673 0.80000000 0.88235293 1.09411764
v -0.07237732 -0.06154490 0.02465732 0.80000000 0.88235293 1.09411764
v -0.07237732 -0.07078250 0.02503545 0.80000000 0.88235293 1.09411764
v -0.07742080 -0.06914522 0.02445989 0.80000000 0.88235293 1.09411764
v -0.08229822 -0.06631770 0.02500533 0.80000000 0.88235293 1.09411764
v -0.07921852 -0.05775369 -0.00851490 0.80000000 0.88235293 1.09411764
v -0.08229822 -0.05843523 0.02234166 0.80000000 0.88235293 1.09411764
v -0.07921852 -0.05873726 0.02234166 0.80000000 0.88235293 1.09411764
v -0.07921852 -0.05838555 0.01827921 0.80000000 0.88235293 1.09411764
v -0.07635928 -0.05823454 -0.00851490 0.80000000 0.88235293 1.09411764
v -0.07515693 -0.06044012 0.02479452 0.80000000 0.88235293 1.09411764
v -0.07237732 -0.06300336 0.02509235 0.80000000 0.88235293 1.09411764
v -0.07237732 -0.06703302 0.02558091 0.80000000 0.88235293 1.09411764
v -0.08229822 -0.06296958 0.02567126 0.80000000 0.88235293 1.09411764
v -0.08229822 -0.05989767 0.02502207 0.80000000 0.88235293 1.09411764
v -0.07921852 -0.06001489 0.02501872 0.80000000 0.88235293 1.09411764
v -0.07515693 -0.06296958 0.02544371 0.80000000 0.88235293 1.09411764
v -0.07921852 -0.06296958 0.02566791 0.80000000 0.88235293 1.09411764
f 2036 2037 2041
f 2036 2041 2048
f 2036 2048 2058
f 2036 2058 2062
f 2036 2062 2050
f 2036 2050 2042
f 2036 2042 2038
f 2036 2038 2044
f 2036 2044 2054
f 2036 2054 2064
f 2036 2064 2065
f 2036 2065 2055
f 2036 2055 2045
f 2036 2045 2039
f 2036 2039 2040
f 2036 2040 2037
f 2037 2040 2047
f 2037 2047 2046
f 2037 2046 2057
f 2037 2057 2066
f 2037 2066 2067
f 2037 2067 2059
f 2037 2059 2049
f 2037 2049 2041
f 2038 2042 2043
f 2038 2043 2044
f 2039 2045 2046
f 2039 2046 2047
f 2039 2047 2040
f 2041 2049 2048
f 2042 2050 2051
f 2042 2051 2043
f 2043 2051 2052
f 2043 2052 2053
f 2043 2053 2044
f 2044 2053 2054
f 2045 2055 2056
f 2045 2056 2046
f 2046 2056 2057
f 2048 2049 2058
f 2049 2059 2060
f 2049 2060 2061
f 2049 2061 2058
f 2050 2062 2061
f 2050 2061 2051
f 2051 2061 2052
f 2052 2060 2053
f 2052 2061 2060
f 2053 2063 2054
f 2053 2060 2063
f 2054 2063 2064
f 2055 2065 2066
f 2055 2066 2057
f 2055 2057 2056
f 2058 2061 2062
f 2059 2067 2068
f 2059 2068 2060
f 2060 2068 2063
f 2063 2068 2069
f 2063 2069 2064
f 2064 2069 2065
f 2065 2069 2070
f 2065 2070 2066
f 2066 2070 2067
f 2067 2070 2068
f 2068 2070 2069

o geometry_63
v -0.05321384 -0.08236899 -0.01106718 0.46470588 0.59411764 0.31176471
v -0.05748239 -0.08236899 -0.00851514 0.46470588 0.59411764 0.31176471
v -0.05741512 -0.08328264 -0.00851514 0.46470588 0.59411764 0.31176471
v -0.05320902 -0.08328264 -0.01106718 0.46470588 0.59411764 0.31176471
v -0.07450858 -0.08236899 -0.01106718 0.46470588 0.59411764 0.31176471
v -0.07088619 -0.08236899 -0.00851514 0.46470588 0.59411764 0.31176471
v -0.05750881 -0.08734506 -0.00851514 0.46470588 0.59411764 0.31176471
v -0.05341080 -0.08734506 -0.01106718 0.46470588 0.59411764 0.31176471
v -0.07774903 -0.09400716 -0.01106718 0.46470588 0.59411764 0.31176471
v -0.07272381 -0.09400716 -0.00851514 0.46470588 0.59411764 0.31176471
v -0.05806129 -0.09140636 -0.00851514 0.46470588 0.59411764 0.31176471
v -0.05551986 -0.09400716 -0.01106718 0.46470588 0.59411764 0.31176471
v -0.05886842 -0.09400716 -0.00851514 0.46470588 0.59411764 0.31176471
f 2071 2072 2073
f 2071 2073 2074
f 2071 2074 2078
f 2071 2078 2082
f 2071 2082 2079
f 2071 2079 2075
f 2071 2075 2076
f 2071 2076 2072
f 2072 2076 2080
f 2072 2080 2083
f 2072 2083 2081
f 2072 2081 2077
f 2072 2077 2073
f 2073 2077 2074
f 2074 2077 2078
f 2075 2079 2076
f 2076 2079 2080
f 2077 2081 2078
f 2078 2081 2083
f 2078 2083 2082
f 2079 2082 2083
f 2079 2083 2080

o geometry_64
v -0.05551788 -0.09400716 -0.01106718 0.27647060 1.41176470 1.10588235
v -0.05886806 -0.09400716 -0.00851514 0.27647060 1.41176470 1.10588235
v -0.05587068 -0.09553721 -0.01106718 0.27647060 1.41176470 1.10588235
v -0.07774644 -0.09400716 -0.01106718 0.27647060 1.41176470 1.10588235
v -0.05931510 -0.09557019 -0.00851514 0.27647060 1.41176470 1.10588235
v -0.07272387 -0.09400716 -0.00851514 0.27647060 1.41176470 1.10588235
v -0.05773966 -0.09953127 -0.01106718 0.27647060 1.41176470 1.10588235
v -0.08303022 -0.09642325 -0.01106718 0.27647060 1.41176470 1.10588235
v -0.06244174 -0.10036381 -0.00851514 0.27647060 1.41176470 1.10588235
v -0.08303022 -0.09934772 -0.00851514 0.27647060 1.41176470 1.10588235
v -0.05840754 -0.10036381 -0.01106718 0.27647060 1.41176470 1.10588235
v -0.08303022 -0.10036381 -0.01106718 0.27647060 1.41176470 1.10588235
v -0.08303022 -0.10036381 -0.00851514 0.27647060 1.41176470 1.10588235
f 2084 2085 2086
f 2084 2086 2090
f 2084 2090 2094
f 2084 2094 2095
f 2084 2095 2091
f 2084 2091 2087
f 2084 2087 2089
f 2084 2089 2085
f 2085 2088 2086
f 2085 2089 2093
f 2085 2093 2096
f 2085 2096 2092
f 2085 2092 2088
f 2086 2088 2090
f 2087 2091 2089
f 2088 2092 2090
f 2089 2091 2093
f 2090 2092 2094
f 2091 2095 2096
f 2091 2096 2093
f 2092 2096 2095
f 2092 2095 2094

o geometry_65
v 0.08399083 -0.07700373 -0.01163504 0.73529412 0.33529412 0.37647058
v 0.09197058 -0.08317347 -0.01163504 0.73529412 0.33529412 0.37647058
v 0.09829873 -0.08317347 -0.00863002 0.73529412 0.33529412 0.37647058
v 0.08399083 -0.07126068 -0.00863002 0.73529412 0.33529412 0.37647058
v 0.08399083 -0.05135931 -0.01163504 0.73529412 0.33529412 0.37647058
v 0.10400387 -0.08317347 -0.01163504 0.73529412 0.33529412 0.37647058
v 0.10400387 -0.08317347 -0.00863002 0.73529412 0.33529412 0.37647058
v 0.08399083 -0.05742003 -0.00863002 0.73529412 0.33529412 0.37647058
v 0.08676699 -0.05136243 -0.01163504 0.73529412 0.33529412 0.37647058
v 0.10400387 -0.05498142 -0.01163504 0.73529412 0.33529412 0.37647058
v 0.10400387 -0.06495079 -0.00863002 0.73529412 0.33529412 0.37647058
v 0.08705107 -0.05748233 -0.00863002 0.73529412 0.33529412 0.37647058
v 0.09076372 -0.05142783 -0.01163504 0.73529412 0.33529412 0.37647058
v 0.09439997 -0.05185138 -0.01163504 0.73529412 0.33529412 0.37647058
v 0.09466250 -0.05894301 -0.00863002 0.73529412 0.33529412 0.37647058
v 0.09560094 -0.05927625 -0.00863002 0.73529412 0.33529412 0.37647058
v 0.09610836 -0.05951607 -0.00863002 0.73529412 0.33529412 0.37647058
v 0.10206428 -0.06300736 -0.00863002 0.73529412 0.33529412 0.37647058
v 0.10294004 -0.06365207 -0.00863002 0.73529412 0.33529412 0.37647058
v 0.10363946 -0.06428118 -0.00863002 0.73529412 0.33529412 0.37647058
v 0.08734496 -0.05749167 -0.00863002 0.73529412 0.33529412 0.37647058
v 0.09060111 -0.05786851 -0.00863002 0.73529412 0.33529412 0.37647058
v 0.09140829 -0.05802112 -0.00863002 0.73529412 0.33529412 0.37647058
f 2097 2098 2099
f 2097 2099 2100
f 2097 2100 2104
f 2097 2104 2101
f 2097 2101 2105
f 2097 2105 2109
f 2097 2109 2110
f 2097 2110 2106
f 2097 2106 2102
f 2097 2102 2098
f 2098 2102 2103
f 2098 2103 2099
f 2099 2103 2107
f 2099 2107 2116
f 2099 2116 2115
f 2099 2115 2114
f 2099 2114 2113
f 2099 2113 2112
f 2099 2112 2111
f 2099 2111 2119
f 2099 2119 2118
f 2099 2118 2117
f 2099 2117 2108
f 2099 2108 2104
f 2099 2104 2100
f 2101 2104 2105
f 2102 2106 2107
f 2102 2107 2103
f 2104 2108 2109
f 2104 2109 2105
f 2106 2110 2111
f 2106 2111 2112
f 2106 2112 2113
f 2106 2113 2114
f 2106 2114 2115
f 2106 2115 2116
f 2106 2116 2107
f 2108 2117 2109
f 2109 2117 2118
f 2109 2118 2110
f 2110 2118 2119
f 2110 2119 2111

o geometry_66
v 0.10359415 0.07515521 0.02567116 0.08235294 0.64705883 0.46470588
v 0.10575525 0.07731657 0.02550105 0.08235294 0.64705883 0.46470588
v 0.10575525 0.08137832 0.02553129 0.08235294 0.64705883 0.46470588
v 0.10359415 0.07921923 0.02553129 0.08235294 0.64705883 0.46470588
v 0.09630510 0.06786744 0.02557287 0.08235294 0.64705883 0.46470588
v 0.09630510 0.06703173 0.02556720 0.08235294 0.64705883 0.46470588
v 0.09953193 0.06703173 0.02546892 0.08235294 0.64705883 0.46470588
v 0.10359415 0.07109576 0.02539520 0.08235294 0.64705883 0.46470588
v 0.10575525 0.07324797 0.02517405 0.08235294 0.64705883 0.46470588
v 0.10575525 0.08409835 0.02543111 0.08235294 0.64705883 0.46470588
v 0.10359415 0.08409835 0.02535551 0.08235294 0.64705883 0.46470588
v 0.09630510 0.07154223 0.02496045 0.08235294 0.64705883 0.46470588
v 0.10124526 0.08409835 0.02470716 0.08235294 0.64705883 0.46470588
v 0.09630510 0.06351721 0.02517026 0.08235294 0.64705883 0.46470588
v 0.10331199 0.06738661 0.02477144 0.08235294 0.64705883 0.46470588
v 0.09953193 0.06411021 0.02482058 0.08235294 0.64705883 0.46470588
v 0.10177072 0.06481312 0.02453893 0.08235294 0.64705883 0.46470588
v 0.10575525 0.07109576 0.02491887 0.08235294 0.64705883 0.46470588
v 0.10575525 0.08409835 0.00636098 0.08235294 0.64705883 0.46470588
v 0.09630510 0.07190399 0.02480546 0.08235294 0.64705883 0.46470588
v 0.10077993 0.08409835 0.02234253 0.08235294 0.64705883 0.46470588
v 0.09630510 0.07279234 0.02366755 0.08235294 0.64705883 0.46470588
v 0.09630510 0.06300892 0.02505685 0.08235294 0.64705883 0.46470588
v 0.10575525 0.06888400 0.02445956 0.08235294 0.64705883 0.46470588
v 0.10575525 0.07020052 0.02475253 0.08235294 0.64705883 0.46470588
v 0.09630510 0.06108795 0.02298521 0.08235294 0.64705883 0.46470588
v 0.09701743 0.06128715 0.02234253 0.08235294 0.64705883 0.46470588
v 0.10575525 0.06702716 0.02231985 0.08235294 0.64705883 0.46470588
v 0.09930713 0.08409835 0.00636098 0.08235294 0.64705883 0.46470588
v 0.10575525 0.06640211 0.00636098 0.08235294 0.64705883 0.46470588
v 0.09630510 0.07313578 0.02234253 0.08235294 0.64705883 0.46470588
v 0.09630510 0.06092540 0.02234253 0.08235294 0.64705883 0.46470588
v 0.09630510 0.06077199 0.01988340 0.08235294 0.64705883 0.46470588
v 0.09716454 0.06110856 0.01828052 0.08235294 0.64705883 0.46470588
v 0.10575525 0.06640438 0.01828052 0.08235294 0.64705883 0.46470588
v 0.09630510 0.07483467 0.00636098 0.08235294 0.64705883 0.46470588
v 0.10575525 0.06640211 0.01615783 0.08235294 0.64705883 0.46470588
v 0.09716454 0.06110856 0.00636098 0.08235294 0.64705883 0.46470588
v 0.09630510 0.06071018 0.01828052 0.08235294 0.64705883 0.46470588
v 0.09703131 0.06104674 0.00636098 0.08235294 0.64705883 0.46470588
v 0.09630510 0.06071018 0.00636098 0.08235294 0.64705883 0.46470588
f 2120 2121 2122
f 2120 2122 2123
f 2120 2123 2124
f 2120 2124 2125
f 2120 2125 2126
f 2120 2126 2127
f 2120 2127 2121
f 2121 2127 2128
f 2121 2128 2137
f 2121 2137 2144
f 2121 2144 2143
f 2121 2143 2147
f 2121 2147 2154
f 2121 2154 2156
f 2121 2156 2149
f 2121 2149 2138
f 2121 2138 2129
f 2121 2129 2122
f 2122 2129 2130
f 2122 2130 2123
f 2123 2130 2124
f 2124 2131 2139
f 2124 2139 2141
f 2124 2141 2150
f 2124 2150 2155
f 2124 2155 2160
f 2124 2160 2158
f 2124 2158 2152
f 2124 2152 2151
f 2124 2151 2145
f 2124 2145 2142
f 2124 2142 2133
f 2124 2133 2125
f 2124 2130 2132
f 2124 2132 2131
f 2125 2133 2126
f 2126 2134 2127
f 2126 2133 2135
f 2126 2135 2136
f 2126 2136 2134
f 2127 2134 2137
f 2127 2137 2128
f 2129 2138 2148
f 2129 2148 2140
f 2129 2140 2132
f 2129 2132 2130
f 2131 2132 2139
f 2132 2140 2141
f 2132 2141 2139
f 2133 2142 2135
f 2134 2143 2144
f 2134 2144 2137
f 2134 2136 2143
f 2135 2142 2145
f 2135 2145 2136
f 2136 2145 2146
f 2136 2146 2147
f 2136 2147 2143
f 2138 2149 2157
f 2138 2157 2159
f 2138 2159 2160
f 2138 2160 2155
f 2138 2155 2148
f 2140 2148 2150
f 2140 2150 2141
f 2145 2151 2146
f 2146 2151 2152
f 2146 2152 2153
f 2146 2153 2154
f 2146 2154 2147
f 2148 2155 2150
f 2149 2156 2153
f 2149 2153 2157
f 2152 2158 2153
f 2153 2158 2159
f 2153 2159 2157
f 2153 2156 2154
f 2158 2160 2159

o geometry_67
v 0.08398887 -0.05135852 -0.01163504 1.04117648 0.56470588 0.26470589
v 0.08398887 -0.05741811 -0.00863002 1.04117648 0.56470588 0.26470589
v 0.08398887 -0.07700529 -0.01163504 1.04117648 0.56470588 0.26470589
v 0.08327962 -0.05135852 -0.01163504 1.04117648 0.56470588 0.26470589
v 0.08327962 -0.05740539 -0.00863002 1.04117648 0.56470588 0.26470589
v 0.08398887 -0.07126043 -0.00863002 1.04117648 0.56470588 0.26470589
v 0.06909772 -0.08383425 -0.00863002 1.04117648 0.56470588 0.26470589
v 0.07478134 -0.08383425 -0.01163504 1.04117648 0.56470588 0.26470589
v 0.07921897 -0.05156197 -0.01163504 1.04117648 0.56470588 0.26470589
v 0.07921897 -0.05772332 -0.00863002 1.04117648 0.56470588 0.26470589
v 0.05740461 -0.08383425 -0.00863002 1.04117648 0.56470588 0.26470589
v 0.05135358 -0.08383425 -0.01163504 1.04117648 0.56470588 0.26470589
v 0.07515513 -0.05249985 -0.01163504 1.04117648 0.56470588 0.26470589
v 0.07515513 -0.05852765 -0.00863002 1.04117648 0.56470588 0.26470589
v 0.05739183 -0.08328107 -0.00863002 1.04117648 0.56470588 0.26470589
v 0.05135038 -0.08328107 -0.01163504 1.04117648 0.56470588 0.26470589
v 0.06703385 -0.05637533 -0.01163504 1.04117648 0.56470588 0.26470589
v 0.07168235 -0.05964356 -0.00863002 1.04117648 0.56470588 0.26470589
v 0.05772408 -0.07921802 -0.00863002 1.04117648 0.56470588 0.26470589
v 0.05156443 -0.07921802 -0.01163504 1.04117648 0.56470588 0.26470589
v 0.06297001 -0.05994558 -0.01163504 1.04117648 0.56470588 0.26470589
v 0.06705942 -0.06313116 -0.00863002 1.04117648 0.56470588 0.26470589
v 0.05852919 -0.07515498 -0.00863002 1.04117648 0.56470588 0.26470589
v 0.05252609 -0.07515498 -0.01163504 1.04117648 0.56470588 0.26470589
v 0.05994450 -0.06297221 -0.01163504 1.04117648 0.56470588 0.26470589
v 0.06312977 -0.06705750 -0.00863002 1.04117648 0.56470588 0.26470589
v 0.05964419 -0.07168326 -0.00863002 1.04117648 0.56470588 0.26470589
v 0.05638545 -0.06703207 -0.01163504 1.04117648 0.56470588 0.26470589
f 2161 2162 2166
f 2161 2166 2163
f 2161 2163 2168
f 2161 2168 2172
f 2161 2172 2176
f 2161 2176 2180
f 2161 2180 2184
f 2161 2184 2188
f 2161 2188 2185
f 2161 2185 2181
f 2161 2181 2177
f 2161 2177 2173
f 2161 2173 2169
f 2161 2169 2164
f 2161 2164 2165
f 2161 2165 2162
f 2162 2165 2170
f 2162 2170 2174
f 2162 2174 2178
f 2162 2178 2182
f 2162 2182 2186
f 2162 2186 2187
f 2162 2187 2183
f 2162 2183 2179
f 2162 2179 2175
f 2162 2175 2171
f 2162 2171 2167
f 2162 2167 2166
f 2163 2166 2167
f 2163 2167 2168
f 2164 2169 2165
f 2165 2169 2170
f 2167 2171 2172
f 2167 2172 2168
f 2169 2173 2174
f 2169 2174 2170
f 2171 2175 2172
f 2172 2175 2176
f 2173 2177 2178
f 2173 2178 2174
f 2175 2179 2180
f 2175 2180 2176
f 2177 2181 2182
f 2177 2182 2178
f 2179 2183 2180
f 2180 2183 2184
f 2181 2185 2186
f 2181 2186 2182
f 2183 2187 2184
f 2184 2187 2188
f 2185 2188 2186
f 2186 2188 2187

o geometry_68
v -0.06034508 -0.10968435 -0.00851490 0.03529412 0.10000001 1.01764705
v -0.08168320 -0.10968435 -0.00851490 0.03529412 0.10000001 1.01764705
v -0.06599347 -0.10545649 -0.00851490 0.03529412 0.10000001 1.01764705
v -0.06640080 -0.10545649 0.01827855 0.03529412 0.10000001 1.01764705
v -0.06696063 -0.10545649 0.02232474 0.03529412 0.10000001 1.01764705
v -0.06477982 -0.10968435 0.02051829 0.03529412 0.10000001 1.01764705
v -0.08168320 -0.10545649 -0.00851490 0.03529412 0.10000001 1.01764705
v -0.08168320 -0.10968435 0.02545770 0.03529412 0.10000001 1.01764705
v -0.06869650 -0.10545649 0.02449780 0.03529412 0.10000001 1.01764705
v -0.06714237 -0.10968435 0.02303132 0.03529412 0.10000001 1.01764705
v -0.08168320 -0.10545649 0.02550435 0.03529412 0.10000001 1.01764705
v -0.07921830 -0.10968435 0.02534770 0.03529412 0.10000001 1.01764705
v -0.07701870 -0.10545649 0.02552102 0.03529412 0.10000001 1.01764705
v -0.08168320 -0.10605870 0.02553102 0.03529412 0.10000001 1.01764705
v -0.06985376 -0.10545649 0.02475444 0.03529412 0.10000001 1.01764705
v -0.07109248 -0.10968435 0.02410119 0.03529412 0.10000001 1.01764705
v -0.08107951 -0.10545649 0.02553435 0.03529412 0.10000001 1.01764705
v -0.07717954 -0.10968435 0.02514774 0.03529412 0.10000001 1.01764705
v -0.07295160 -0.10545649 0.02520440 0.03529412 0.10000001 1.01764705
v -0.07529743 -0.10968435 0.02496109 0.03529412 0.10000001 1.01764705
v -0.07109248 -0.10545649 0.02498442 0.03529412 0.10000001 1.01764705
f 2189 2190 2195
f 2189 2195 2191
f 2189 2191 2192
f 2189 2192 2193
f 2189 2193 2194
f 2189 2194 2198
f 2189 2198 2204
f 2189 2204 2208
f 2189 2208 2206
f 2189 2206 2200
f 2189 2200 2196
f 2189 2196 2190
f 2190 2196 2202
f 2190 2202 2199
f 2190 2199 2195
f 2191 2195 2199
f 2191 2199 2205
f 2191 2205 2201
f 2191 2201 2207
f 2191 2207 2209
f 2191 2209 2203
f 2191 2203 2197
f 2191 2197 2193
f 2191 2193 2192
f 2193 2197 2194
f 2194 2197 2198
f 2196 2200 2201
f 2196 2201 2202
f 2197 2203 2204
f 2197 2204 2198
f 2199 2202 2205
f 2200 2206 2207
f 2200 2207 2201
f 2201 2205 2202
f 2203 2208 2204
f 2203 2209 2208
f 2206 2208 2207
f 2207 2208 2209

o geometry_69
v 0.08470597 0.05794013 0.00636098 0.67647059 0.80000000 1.34117647
v 0.08470597 0.06853487 0.00636098 0.67647059 0.80000000 1.34117647
v 0.08734465 0.05804266 0.00636098 0.67647059 0.80000000 1.34117647
v 0.08470597 0.05794013 0.01828096 0.67647059 0.80000000 1.34117647
v 0.09630417 0.07483449 0.00636098 0.67647059 0.80000000 1.34117647
v 0.08470597 0.06937173 0.01154408 0.67647059 0.80000000 1.34117647
v 0.08761149 0.05809393 0.00636098 0.67647059 0.80000000 1.34117647
v 0.08734465 0.05804266 0.01828096 0.67647059 0.80000000 1.34117647
v 0.08734465 0.05846274 0.02234314 0.67647059 0.80000000 1.34117647
v 0.08470597 0.05808897 0.01970433 0.67647059 0.80000000 1.34117647
v 0.09630417 0.06070872 0.00636098 0.67647059 0.80000000 1.34117647
v 0.08470597 0.06952389 0.01299768 0.67647059 0.80000000 1.34117647
v 0.08470597 0.06958343 0.01422067 0.67647059 0.80000000 1.34117647
v 0.09630417 0.07313595 0.02234314 0.67647059 0.80000000 1.34117647
v 0.09140603 0.05883156 0.00636098 0.67647059 0.80000000 1.34117647
v 0.09140603 0.05883156 0.01828096 0.67647059 0.80000000 1.34117647
v 0.09140603 0.05911769 0.02234314 0.67647059 0.80000000 1.34117647
v 0.09437056 0.06054333 0.02473054 0.67647059 0.80000000 1.34117647
v 0.09140603 0.06017121 0.02496494 0.67647059 0.80000000 1.34117647
v 0.08734465 0.05991155 0.02502164 0.67647059 0.80000000 1.34117647
v 0.08470597 0.05837509 0.02234314 0.67647059 0.80000000 1.34117647
v 0.09513243 0.06016625 0.00636098 0.67647059 0.80000000 1.34117647
v 0.09630417 0.06070872 0.01828096 0.67647059 0.80000000 1.34117647
v 0.08470597 0.06928077 0.01677253 0.67647059 0.80000000 1.34117647
v 0.09630417 0.07279360 0.02366821 0.67647059 0.80000000 1.34117647
v 0.09165126 0.05891922 0.00636098 0.67647059 0.80000000 1.34117647
v 0.09513243 0.06016625 0.01828096 0.67647059 0.80000000 1.34117647
v 0.09498483 0.06025555 0.02234314 0.67647059 0.80000000 1.34117647
v 0.09630417 0.06108745 0.02298582 0.67647059 0.80000000 1.34117647
v 0.09630417 0.06300760 0.02505756 0.67647059 0.80000000 1.34117647
v 0.09562179 0.06277442 0.02510670 0.67647059 0.80000000 1.34117647
v 0.09140603 0.06296957 0.02561329 0.67647059 0.80000000 1.34117647
v 0.09630417 0.06092538 0.02234314 0.67647059 0.80000000 1.34117647
v 0.08734465 0.06296957 0.02567188 0.67647059 0.80000000 1.34117647
v 0.08470597 0.06094687 0.02525035 0.67647059 0.80000000 1.34117647
v 0.08470597 0.05987515 0.02502164 0.67647059 0.80000000 1.34117647
v 0.08470597 0.05888283 0.02328070 0.67647059 0.80000000 1.34117647
v 0.09630417 0.06077157 0.01988391 0.67647059 0.80000000 1.34117647
v 0.08470597 0.06771455 0.02234314 0.67647059 0.80000000 1.34117647
v 0.08470597 0.06672057 0.02408407 0.67647059 0.80000000 1.34117647
v 0.08470597 0.06614170 0.02502164 0.67647059 0.80000000 1.34117647
v 0.09630417 0.07190217 0.02480614 0.67647059 0.80000000 1.34117647
v 0.09630417 0.06351701 0.02516909 0.67647059 0.80000000 1.34117647
v 0.09630417 0.06703149 0.02556792 0.67647059 0.80000000 1.34117647
v 0.09546852 0.06703149 0.02559439 0.67647059 0.80000000 1.34117647
v 0.08470597 0.06296957 0.02567188 0.67647059 0.80000000 1.34117647
v 0.08470597 0.06411405 0.02544316 0.67647059 0.80000000 1.34117647
v 0.09630417 0.07153997 0.02495927 0.67647059 0.80000000 1.34117647
v 0.09630417 0.06786505 0.02557359 0.67647059 0.80000000 1.34117647
f 2210 2211 2214
f 2210 2214 2220
f 2210 2220 2231
f 2210 2231 2235
f 2210 2235 2224
f 2210 2224 2216
f 2210 2216 2212
f 2210 2212 2217
f 2210 2217 2213
f 2210 2213 2219
f 2210 2219 2230
f 2210 2230 2246
f 2210 2246 2245
f 2210 2245 2244
f 2210 2244 2255
f 2210 2255 2256
f 2210 2256 2250
f 2210 2250 2249
f 2210 2249 2248
f 2210 2248 2233
f 2210 2233 2222
f 2210 2222 2221
f 2210 2221 2215
f 2210 2215 2211
f 2211 2215 2214
f 2212 2216 2217
f 2213 2217 2218
f 2213 2218 2219
f 2214 2215 2221
f 2214 2221 2222
f 2214 2222 2223
f 2214 2223 2234
f 2214 2234 2251
f 2214 2251 2257
f 2214 2257 2258
f 2214 2258 2253
f 2214 2253 2252
f 2214 2252 2239
f 2214 2239 2238
f 2214 2238 2242
f 2214 2242 2247
f 2214 2247 2232
f 2214 2232 2220
f 2216 2224 2225
f 2216 2225 2217
f 2217 2225 2226
f 2217 2226 2218
f 2218 2226 2227
f 2218 2227 2228
f 2218 2228 2229
f 2218 2229 2230
f 2218 2230 2219
f 2220 2232 2236
f 2220 2236 2231
f 2222 2233 2223
f 2223 2233 2234
f 2224 2235 2225
f 2225 2236 2237
f 2225 2237 2226
f 2225 2235 2236
f 2226 2237 2227
f 2227 2238 2239
f 2227 2239 2240
f 2227 2240 2241
f 2227 2241 2228
f 2227 2237 2242
f 2227 2242 2238
f 2228 2241 2229
f 2229 2241 2243
f 2229 2243 2244
f 2229 2244 2245
f 2229 2245 2246
f 2229 2246 2230
f 2231 2236 2235
f 2232 2247 2237
f 2232 2237 2236
f 2233 2248 2234
f 2234 2248 2249
f 2234 2249 2250
f 2234 2250 2251
f 2237 2247 2242
f 2239 2252 2240
f 2240 2252 2241
f 2241 2253 2254
f 2241 2254 2243
f 2241 2252 2253
f 2243 2255 2244
f 2243 2254 2255
f 2250 2256 2257
f 2250 2257 2251
f 2253 2258 2254
f 2254 2258 2255
f 2255 2258 2257
f 2255 2257 2256

o geometry_70
v 0.08399083 -0.10397847 -0.01163504 1.48235293 0.32352941 0.99411765
v 0.10400387 -0.10397847 -0.01163504 1.48235293 0.32352941 0.99411765
v 0.08399083 -0.10397847 -0.00863002 1.48235293 0.32352941 0.99411765
v 0.08399083 -0.09509724 -0.01163504 1.48235293 0.32352941 0.99411765
v 0.10400387 -0.10397847 -0.00912008 1.48235293 0.32352941 0.99411765
v 0.10400387 -0.08317550 -0.01163504 1.48235293 0.32352941 0.99411765
v 0.10337104 -0.10397847 -0.00863002 1.48235293 0.32352941 0.99411765
v 0.08399083 -0.09930874 -0.00863002 1.48235293 0.32352941 0.99411765
v 0.09197058 -0.08317550 -0.01163504 1.48235293 0.32352941 0.99411765
v 0.10400387 -0.10333901 -0.00863002 1.48235293 0.32352941 0.99411765
v 0.10372566 -0.10372187 -0.00863002 1.48235293 0.32352941 0.99411765
v 0.10400387 -0.08317550 -0.00863002 1.48235293 0.32352941 0.99411765
v 0.09829873 -0.08317550 -0.00863002 1.48235293 0.32352941 0.99411765
f 2259 2260 2263
f 2259 2263 2265
f 2259 2265 2261
f 2259 2261 2266
f 2259 2266 2262
f 2259 2262 2267
f 2259 2267 2264
f 2259 2264 2260
f 2260 2264 2270
f 2260 2270 2268
f 2260 2268 2263
f 2261 2265 2269
f 2261 2269 2268
f 2261 2268 2270
f 2261 2270 2271
f 2261 2271 2266
f 2262 2266 2267
f 2263 2268 2269
f 2263 2269 2265
f 2264 2267 2271
f 2264 2271 2270
f 2266 2271 2267

o geometry_71
v -0.08882340 -0.07173972 -0.00851490 0.39411765 0.02941176 1.13529413
v -0.08882340 -0.05773110 -0.00851490 0.39411765 0.02941176 1.13529413
v -0.08229982 -0.07137957 -0.00851490 0.39411765 0.02941176 1.13529413
v -0.08882340 -0.07068025 0.00618582 0.39411765 0.02941176 1.13529413
v -0.08734371 -0.05751389 -0.00851490 0.39411765 0.02941176 1.13529413
v -0.08882340 -0.05832390 0.01827971 0.39411765 0.02941176 1.13529413
v -0.08734371 -0.05803382 0.01827971 0.39411765 0.02941176 1.13529413
v -0.08229982 -0.05749566 -0.00851490 0.39411765 0.02941176 1.13529413
v -0.08229982 -0.07017854 0.00609548 0.39411765 0.02941176 1.13529413
v -0.08882340 -0.07030887 0.01009441 0.39411765 0.02941176 1.13529413
v -0.08328204 -0.05742418 -0.00851490 0.39411765 0.02941176 1.13529413
v -0.08328204 -0.05789506 0.01827971 0.39411765 0.02941176 1.13529413
v -0.08882340 -0.05842622 0.01975881 0.39411765 0.02941176 1.13529413
v -0.08882340 -0.05869248 0.02234223 0.39411765 0.02941176 1.13529413
v -0.08734371 -0.05845282 0.02234223 0.39411765 0.02941176 1.13529413
v -0.08229982 -0.05801278 0.01827971 0.39411765 0.02941176 1.13529413
v -0.08229982 -0.06972027 0.00945860 0.39411765 0.02941176 1.13529413
v -0.08229982 -0.06784097 0.02234223 0.39411765 0.02941176 1.13529413
v -0.08882340 -0.06833707 0.02234223 0.39411765 0.02941176 1.13529413
v -0.08328204 -0.05833791 0.02234223 0.39411765 0.02941176 1.13529413
v -0.08229982 -0.05843461 0.02234223 0.39411765 0.02941176 1.13529413
v -0.08882340 -0.05907646 0.02329929 0.39411765 0.02941176 1.13529413
v -0.08734371 -0.05990471 0.02502268 0.39411765 0.02941176 1.13529413
v -0.08229982 -0.06631482 0.02500262 0.39411765 0.02941176 1.13529413
v -0.08882340 -0.06762375 0.02349673 0.39411765 0.02941176 1.13529413
v -0.08328204 -0.05985986 0.02502268 0.39411765 0.02941176 1.13529413
v -0.08229982 -0.05989770 0.02502268 0.39411765 0.02941176 1.13529413
v -0.08882340 -0.06000000 0.02500262 0.39411765 0.02941176 1.13529413
v -0.08882340 -0.06102164 0.02523686 0.39411765 0.02941176 1.13529413
v -0.08882340 -0.06296963 0.02565181 0.39411765 0.02941176 1.13529413
v -0.08734371 -0.06296963 0.02567188 0.39411765 0.02941176 1.13529413
v -0.08229982 -0.06296963 0.02566854 0.39411765 0.02941176 1.13529413
v -0.08882340 -0.06455182 0.02545437 0.39411765 0.02941176 1.13529413
v -0.08882340 -0.06659511 0.02504612 0.39411765 0.02941176 1.13529413
v -0.08328204 -0.06296963 0.02567188 0.39411765 0.02941176 1.13529413
f 2272 2273 2276
f 2272 2276 2282
f 2272 2282 2279
f 2272 2279 2274
f 2272 2274 2275
f 2272 2275 2281
f 2272 2281 2290
f 2272 2290 2296
f 2272 2296 2305
f 2272 2305 2304
f 2272 2304 2301
f 2272 2301 2300
f 2272 2300 2299
f 2272 2299 2293
f 2272 2293 2285
f 2272 2285 2284
f 2272 2284 2277
f 2272 2277 2273
f 2273 2277 2278
f 2273 2278 2276
f 2274 2279 2287
f 2274 2287 2292
f 2274 2292 2298
f 2274 2298 2303
f 2274 2303 2295
f 2274 2295 2289
f 2274 2289 2288
f 2274 2288 2280
f 2274 2280 2275
f 2275 2280 2281
f 2276 2278 2283
f 2276 2283 2282
f 2277 2284 2278
f 2278 2284 2285
f 2278 2285 2286
f 2278 2286 2283
f 2279 2282 2283
f 2279 2283 2287
f 2280 2288 2281
f 2281 2288 2289
f 2281 2289 2290
f 2283 2286 2291
f 2283 2291 2292
f 2283 2292 2287
f 2285 2293 2286
f 2286 2293 2294
f 2286 2294 2291
f 2289 2295 2290
f 2290 2295 2296
f 2291 2294 2297
f 2291 2297 2298
f 2291 2298 2292
f 2293 2299 2294
f 2294 2299 2300
f 2294 2300 2301
f 2294 2301 2302
f 2294 2302 2297
f 2295 2303 2304
f 2295 2304 2305
f 2295 2305 2296
f 2297 2302 2306
f 2297 2306 2303
f 2297 2303 2298
f 2301 2304 2302
f 2302 2304 2306
f 2303 2306 2304

o geometry_72
v 0.09953193 0.09953064 0.02566936 0.47647059 0.57058824 0.88235293
v 0.10366909 0.09957294 0.02512316 0.47647059 0.57058824 0.88235293
v 0.09957542 0.10366947 0.02512127 0.47647059 0.57058824 0.88235293
v 0.09630510 0.10360814 0.02552951 0.47647059 0.57058824 0.88235293
v 0.10359415 0.08409835 0.02535562 0.47647059 0.57058824 0.88235293
v 0.10359415 0.09140737 0.02560888 0.47647059 0.57058824 0.88235293
v 0.10359415 0.09546795 0.02563345 0.47647059 0.57058824 0.88235293
v 0.10236466 0.10236459 0.02480563 0.47647059 0.57058824 0.88235293
v 0.10575525 0.09546795 0.02523656 0.47647059 0.57058824 0.88235293
v 0.10575525 0.09859798 0.02485289 0.47647059 0.57058824 0.88235293
v 0.09862345 0.10570398 0.02485855 0.47647059 0.57058824 0.88235293
v 0.09630510 0.10570398 0.02514206 0.47647059 0.57058824 0.88235293
v 0.09630510 0.09943547 0.02526868 0.47647059 0.57058824 0.88235293
v 0.10124526 0.08409835 0.02470736 0.47647059 0.57058824 0.88235293
v 0.10575525 0.08409835 0.02543123 0.47647059 0.57058824 0.88235293
v 0.10575525 0.08734468 0.02545012 0.47647059 0.57058824 0.88235293
v 0.10575525 0.09968715 0.02388708 0.47647059 0.57058824 0.88235293
v 0.09968550 0.10570398 0.02391732 0.47647059 0.57058824 0.88235293
v 0.09630510 0.10570398 0.00636098 0.47647059 0.57058824 0.88235293
v 0.09630510 0.09731214 0.02488880 0.47647059 0.57058824 0.88235293
v 0.10077993 0.08409835 0.02234294 0.47647059 0.57058824 0.88235293
v 0.09630510 0.09629910 0.02353365 0.47647059 0.57058824 0.88235293
v 0.10575525 0.08409835 0.00636098 0.47647059 0.57058824 0.88235293
v 0.10575525 0.10058385 0.02248848 0.47647059 0.57058824 0.88235293
v 0.10060971 0.10570398 0.02247903 0.47647059 0.57058824 0.88235293
v 0.10122768 0.10570398 0.00636098 0.47647059 0.57058824 0.88235293
v 0.09630510 0.09257480 0.00636098 0.47647059 0.57058824 0.88235293
v 0.09930713 0.08409835 0.00636098 0.47647059 0.57058824 0.88235293
v 0.09630510 0.09569635 0.02234294 0.47647059 0.57058824 0.88235293
v 0.10575525 0.10122678 0.00636098 0.47647059 0.57058824 0.88235293
v 0.10575525 0.10114429 0.01923198 0.47647059 0.57058824 0.88235293
v 0.10113332 0.10570398 0.01943232 0.47647059 0.57058824 0.88235293
v 0.10122954 0.10570398 0.01421966 0.47647059 0.57058824 0.88235293
v 0.10575525 0.10122678 0.01421966 0.47647059 0.57058824 0.88235293
v 0.10575525 0.10121197 0.01828129 0.47647059 0.57058824 0.88235293
v 0.10121474 0.10570398 0.01828129 0.47647059 0.57058824 0.88235293
f 2307 2308 2309
f 2307 2309 2310
f 2307 2310 2311
f 2307 2311 2312
f 2307 2312 2313
f 2307 2313 2308
f 2308 2314 2309
f 2308 2313 2315
f 2308 2315 2316
f 2308 2316 2314
f 2309 2314 2317
f 2309 2317 2318
f 2309 2318 2310
f 2310 2318 2325
f 2310 2325 2333
f 2310 2333 2335
f 2310 2335 2328
f 2310 2328 2326
f 2310 2326 2319
f 2310 2319 2311
f 2311 2320 2327
f 2311 2327 2334
f 2311 2334 2329
f 2311 2329 2321
f 2311 2321 2312
f 2311 2319 2320
f 2312 2321 2313
f 2313 2321 2322
f 2313 2322 2315
f 2314 2316 2323
f 2314 2323 2324
f 2314 2324 2317
f 2315 2322 2321
f 2315 2321 2329
f 2315 2329 2336
f 2315 2336 2340
f 2315 2340 2341
f 2315 2341 2337
f 2315 2337 2330
f 2315 2330 2323
f 2315 2323 2316
f 2317 2324 2331
f 2317 2331 2338
f 2317 2338 2342
f 2317 2342 2339
f 2317 2339 2332
f 2317 2332 2325
f 2317 2325 2318
f 2319 2326 2320
f 2320 2326 2328
f 2320 2328 2327
f 2323 2330 2324
f 2324 2330 2331
f 2325 2332 2336
f 2325 2336 2329
f 2325 2329 2334
f 2325 2334 2333
f 2327 2328 2335
f 2327 2335 2334
f 2330 2337 2331
f 2331 2337 2338
f 2332 2339 2336
f 2333 2334 2335
f 2336 2339 2340
f 2337 2341 2338
f 2338 2341 2342
f 2339 2342 2340
f 2340 2342 2341

o geometry_73
v 0.07478155 -0.08383425 -0.01163504 1.24117647 0.94117647 1.30588236
v 0.08398887 -0.09930918 -0.00863002 1.24117647 0.94117647 1.30588236
v 0.08398887 -0.09509538 -0.01163504 1.24117647 0.94117647 1.30588236
v 0.05135432 -0.08383425 -0.01163504 1.24117647 0.94117647 1.30588236
v 0.06909806 -0.08383425 -0.00863002 1.24117647 0.94117647 1.30588236
v 0.08398887 -0.10397847 -0.00863002 1.24117647 0.94117647 1.30588236
v 0.08398887 -0.10397847 -0.01163504 1.24117647 0.94117647 1.30588236
v 0.05135751 -0.08677229 -0.01163504 1.24117647 0.94117647 1.30588236
v 0.05740521 -0.08383425 -0.00863002 1.24117647 0.94117647 1.30588236
v 0.06493848 -0.10397847 -0.00863002 1.24117647 0.94117647 1.30588236
v 0.05518805 -0.10397847 -0.01163504 1.24117647 0.94117647 1.30588236
v 0.05142780 -0.09076524 -0.01163504 1.24117647 0.94117647 1.30588236
v 0.05747549 -0.08705227 -0.00863002 1.24117647 0.94117647 1.30588236
v 0.06429631 -0.10362945 -0.00863002 1.24117647 0.94117647 1.30588236
v 0.06366057 -0.10292748 -0.00863002 1.24117647 0.94117647 1.30588236
v 0.06301842 -0.10205594 -0.00863002 1.24117647 0.94117647 1.30588236
v 0.05952015 -0.09609903 -0.00863002 1.24117647 0.94117647 1.30588236
v 0.05927735 -0.09559031 -0.00863002 1.24117647 0.94117647 1.30588236
v 0.05894188 -0.09465369 -0.00863002 1.24117647 0.94117647 1.30588236
v 0.05185910 -0.09439143 -0.01163504 1.24117647 0.94117647 1.30588236
v 0.05786845 -0.09059368 -0.00863002 1.24117647 0.94117647 1.30588236
v 0.05748507 -0.08734608 -0.00863002 1.24117647 0.94117647 1.30588236
v 0.05802500 -0.09140805 -0.00863002 1.24117647 0.94117647 1.30588236
f 2343 2344 2345
f 2343 2345 2349
f 2343 2349 2353
f 2343 2353 2362
f 2343 2362 2354
f 2343 2354 2350
f 2343 2350 2346
f 2343 2346 2351
f 2343 2351 2347
f 2343 2347 2344
f 2344 2348 2349
f 2344 2349 2345
f 2344 2347 2351
f 2344 2351 2355
f 2344 2355 2364
f 2344 2364 2363
f 2344 2363 2365
f 2344 2365 2361
f 2344 2361 2360
f 2344 2360 2359
f 2344 2359 2358
f 2344 2358 2357
f 2344 2357 2356
f 2344 2356 2352
f 2344 2352 2348
f 2346 2350 2351
f 2348 2352 2353
f 2348 2353 2349
f 2350 2354 2351
f 2351 2354 2355
f 2352 2356 2353
f 2353 2356 2357
f 2353 2357 2358
f 2353 2358 2359
f 2353 2359 2360
f 2353 2360 2361
f 2353 2361 2362
f 2354 2362 2363
f 2354 2363 2364
f 2354 2364 2355
f 2361 2365 2362
f 2362 2365 2363

o geometry_74
v -0.05817934 0.09184879 -0.00851490 0.40588236 1.19411764 0.27647060
v -0.07346711 0.09184879 -0.00851490 0.40588236 1.19411764 0.27647060
v -0.05893598 0.09451894 -0.00851490 0.40588236 1.19411764 0.27647060
v -0.05898486 0.09184879 0.01827907 0.40588236 1.19411764 0.27647060
v -0.07927999 0.09640713 -0.00851490 0.40588236 1.19411764 0.27647060
v -0.07203674 0.09184879 0.00581863 0.40588236 1.19411764 0.27647060
v -0.05931641 0.09558033 -0.00851490 0.40588236 1.19411764 0.27647060
v -0.06025796 0.09500506 0.02234241 0.40588236 1.19411764 0.27647060
v -0.05925266 0.09184879 0.02234241 0.40588236 1.19411764 0.27647060
v -0.07988997 0.09693708 -0.00851490 0.40588236 1.19411764 0.27647060
v -0.06971158 0.09184879 0.02234241 0.40588236 1.19411764 0.27647060
v -0.05958633 0.09615561 -0.00851490 0.40588236 1.19411764 0.27647060
v -0.06098271 0.09693708 0.01827907 0.40588236 1.19411764 0.27647060
v -0.06016656 0.09515349 0.01827907 0.40588236 1.19411764 0.27647060
v -0.06122287 0.09693708 0.02234241 0.40588236 1.19411764 0.27647060
v -0.06054488 0.09438397 0.02472967 0.40588236 1.19411764 0.27647060
v -0.06022395 0.09184879 0.02493000 0.40588236 1.19411764 0.27647060
v -0.07734378 0.09693708 0.00607237 0.40588236 1.19411764 0.27647060
v -0.06322710 0.09693708 -0.00851490 0.40588236 1.19411764 0.27647060
v -0.06814307 0.09184879 0.02492665 0.40588236 1.19411764 0.27647060
v -0.06946717 0.09259989 0.02470296 0.40588236 1.19411764 0.27647060
v -0.07295702 0.09693708 0.02464955 0.40588236 1.19411764 0.27647060
v -0.07373492 0.09693708 0.02234241 0.40588236 1.19411764 0.27647060
v -0.06056400 0.09692811 -0.00851490 0.40588236 1.19411764 0.27647060
v -0.06057675 0.09693708 -0.00850488 0.40588236 1.19411764 0.27647060
v -0.06321222 0.09693708 0.02501013 0.40588236 1.19411764 0.27647060
v -0.06276801 0.09563014 0.02510696 0.40588236 1.19411764 0.27647060
v -0.06294867 0.09184879 0.02556104 0.40588236 1.19411764 0.27647060
v -0.06717177 0.09184879 0.02515370 0.40588236 1.19411764 0.27647060
v -0.07092942 0.09571581 0.02495337 0.40588236 1.19411764 0.27647060
v -0.07098255 0.09693708 0.02512699 0.40588236 1.19411764 0.27647060
v -0.06703362 0.09693708 0.02555101 0.40588236 1.19411764 0.27647060
v -0.06703362 0.09546927 0.02559443 0.40588236 1.19411764 0.27647060
f 2366 2367 2370
f 2366 2370 2375
f 2366 2375 2384
f 2366 2384 2389
f 2366 2389 2377
f 2366 2377 2372
f 2366 2372 2368
f 2366 2368 2369
f 2366 2369 2374
f 2366 2374 2382
f 2366 2382 2393
f 2366 2393 2394
f 2366 2394 2385
f 2366 2385 2376
f 2366 2376 2371
f 2366 2371 2367
f 2367 2371 2370
f 2368 2372 2373
f 2368 2373 2369
f 2369 2373 2374
f 2370 2371 2375
f 2371 2376 2375
f 2372 2377 2378
f 2372 2378 2379
f 2372 2379 2373
f 2373 2379 2378
f 2373 2378 2380
f 2373 2380 2381
f 2373 2381 2374
f 2374 2381 2382
f 2375 2383 2388
f 2375 2388 2387
f 2375 2387 2396
f 2375 2396 2397
f 2375 2397 2391
f 2375 2391 2380
f 2375 2380 2378
f 2375 2378 2390
f 2375 2390 2384
f 2375 2376 2383
f 2376 2385 2386
f 2376 2386 2387
f 2376 2387 2388
f 2376 2388 2383
f 2377 2389 2378
f 2378 2389 2390
f 2380 2391 2381
f 2381 2391 2392
f 2381 2392 2393
f 2381 2393 2382
f 2384 2390 2389
f 2385 2394 2395
f 2385 2395 2387
f 2385 2387 2386
f 2387 2395 2396
f 2391 2397 2392
f 2392 2397 2393
f 2393 2397 2398
f 2393 2398 2394
f 2394 2398 2396
f 2394 2396 2395
f 2396 2398 2397

o geometry_75
v -0.08168322 -0.10605765 0.02553218 1.42352941 1.02941176 0.31764707
v -0.09953001 -0.09953222 0.02566936 1.42352941 1.02941176 0.31764707
v -0.09140766 -0.10359369 0.02560914 1.42352941 1.02941176 0.31764707
v -0.09546769 -0.10359369 0.02563590 1.42352941 1.02941176 0.31764707
v -0.08179504 -0.10616793 0.02553218 1.42352941 1.02941176 0.31764707
v -0.08168322 -0.10616793 0.02552549 1.42352941 1.02941176 0.31764707
v -0.08168322 -0.10359369 0.02542176 1.42352941 1.02941176 0.31764707
v -0.09947295 -0.09763224 0.02543180 1.42352941 1.02941176 0.31764707
v -0.10363569 -0.09763224 0.02536487 1.42352941 1.02941176 0.31764707
v -0.10367448 -0.09958235 0.02512060 1.42352941 1.02941176 0.31764707
v -0.09958021 -0.10367307 0.02512395 1.42352941 1.02941176 0.31764707
v -0.08734535 -0.10616793 0.02545521 1.42352941 1.02941176 0.31764707
v -0.09546769 -0.10616793 0.02516410 1.42352941 1.02941176 0.31764707
v -0.08168322 -0.10616793 -0.00851490 1.42352941 1.02941176 0.31764707
v -0.08168322 -0.10254762 0.02516745 1.42352941 1.02941176 0.31764707
v -0.08168322 -0.10113141 0.02477595 1.42352941 1.02941176 0.31764707
v -0.09615692 -0.09763224 0.02492987 1.42352941 1.02941176 0.31764707
v -0.10446184 -0.09763224 0.02521095 1.42352941 1.02941176 0.31764707
v -0.10499587 -0.09896490 0.02494995 1.42352941 1.02941176 0.31764707
v -0.10237363 -0.10237133 0.02480607 1.42352941 1.02941176 0.31764707
v -0.09841857 -0.10616793 0.02480272 1.42352941 1.02941176 0.31764707
v -0.09793248 -0.10616793 0.02486295 1.42352941 1.02941176 0.31764707
v -0.10187611 -0.10616793 -0.00851490 1.42352941 1.02941176 0.31764707
v -0.08168322 -0.09913869 -0.00851490 1.42352941 1.02941176 0.31764707
v -0.08168322 -0.10079052 0.02377210 1.42352941 1.02941176 0.31764707
v -0.08168322 -0.10051395 0.02234329 1.42352941 1.02941176 0.31764707
v -0.09434713 -0.09763224 0.02234329 1.42352941 1.02941176 0.31764707
v -0.10499587 -0.09763224 0.02511057 1.42352941 1.02941176 0.31764707
v -0.10499587 -0.09965588 0.02433761 1.42352941 1.02941176 0.31764707
v -0.10041323 -0.10616793 0.02256748 1.42352941 1.02941176 0.31764707
v -0.09971715 -0.10616793 0.02364495 1.42352941 1.02941176 0.31764707
v -0.10410810 -0.10331045 -0.00851490 1.42352941 1.02941176 0.31764707
v -0.10143108 -0.10616793 0.01828107 1.42352941 1.02941176 0.31764707
v -0.09331103 -0.09763224 -0.00851490 1.42352941 1.02941176 0.31764707
v -0.09225664 -0.09763224 -0.00628971 1.42352941 1.02941176 0.31764707
v -0.09057237 -0.09763224 -0.00270599 1.42352941 1.02941176 0.31764707
v -0.09027112 -0.09763224 -0.00203006 1.42352941 1.02941176 0.31764707
v -0.08168322 -0.09862233 0.00203217 1.42352941 1.02941176 0.31764707
v -0.08168322 -0.10000095 0.01828107 1.42352941 1.02941176 0.31764707
v -0.09033960 -0.09763224 0.01421550 1.42352941 1.02941176 0.31764707
v -0.10499587 -0.09763224 -0.00851490 1.42352941 1.02941176 0.31764707
v -0.10499587 -0.10095929 0.02234329 1.42352941 1.02941176 0.31764707
v -0.10499587 -0.10192014 -0.00851490 1.42352941 1.02941176 0.31764707
v -0.10499587 -0.10143471 0.01828107 1.42352941 1.02941176 0.31764707
v -0.08168322 -0.09962997 0.01421550 1.42352941 1.02941176 0.31764707
f 2399 2400 2401
f 2399 2401 2402
f 2399 2402 2403
f 2399 2403 2404
f 2399 2404 2412
f 2399 2412 2422
f 2399 2422 2436
f 2399 2436 2443
f 2399 2443 2437
f 2399 2437 2424
f 2399 2424 2423
f 2399 2423 2414
f 2399 2414 2413
f 2399 2413 2405
f 2399 2405 2400
f 2400 2402 2401
f 2400 2405 2406
f 2400 2406 2407
f 2400 2407 2408
f 2400 2408 2409
f 2400 2409 2402
f 2402 2410 2403
f 2402 2409 2411
f 2402 2411 2410
f 2403 2410 2411
f 2403 2411 2420
f 2403 2420 2419
f 2403 2419 2429
f 2403 2429 2428
f 2403 2428 2431
f 2403 2431 2421
f 2403 2421 2412
f 2403 2412 2404
f 2405 2413 2406
f 2406 2413 2414
f 2406 2414 2415
f 2406 2415 2425
f 2406 2425 2438
f 2406 2438 2435
f 2406 2435 2434
f 2406 2434 2433
f 2406 2433 2432
f 2406 2432 2439
f 2406 2439 2426
f 2406 2426 2416
f 2406 2416 2407
f 2407 2416 2417
f 2407 2417 2408
f 2408 2417 2418
f 2408 2418 2409
f 2409 2418 2419
f 2409 2419 2420
f 2409 2420 2411
f 2412 2421 2430
f 2412 2430 2441
f 2412 2441 2439
f 2412 2439 2432
f 2412 2432 2422
f 2414 2423 2415
f 2415 2423 2424
f 2415 2424 2425
f 2416 2426 2417
f 2417 2426 2439
f 2417 2439 2441
f 2417 2441 2442
f 2417 2442 2440
f 2417 2440 2427
f 2417 2427 2418
f 2418 2427 2428
f 2418 2428 2429
f 2418 2429 2419
f 2421 2431 2430
f 2422 2432 2433
f 2422 2433 2434
f 2422 2434 2435
f 2422 2435 2436
f 2424 2437 2425
f 2425 2437 2438
f 2427 2440 2428
f 2428 2440 2431
f 2430 2431 2442
f 2430 2442 2441
f 2431 2440 2442
f 2435 2438 2436
f 2436 2438 2443
f 2437 2443 2438

o geometry_76
v -0.09445708 -0.07445578 -0.00851490 1.41764706 1.09411764 0.37647058
v -0.09445708 -0.05899378 -0.00851490 1.41764706 1.09411764 0.37647058
v -0.08882395 -0.07173963 -0.00851490 1.41764706 1.09411764 0.37647058
v -0.09445708 -0.07430354 0.00946484 1.41764706 1.09411764 0.37647058
v -0.09140698 -0.05805565 -0.00851490 1.41764706 1.09411764 0.37647058
v -0.09445708 -0.05991718 0.01828079 1.41764706 1.09411764 0.37647058
v -0.09140698 -0.05882843 0.01828079 1.41764706 1.09411764 0.37647058
v -0.08882395 -0.05773149 -0.00851490 1.41764706 1.09411764 0.37647058
v -0.08882395 -0.07067869 0.00618393 1.41764706 1.09411764 0.37647058
v -0.09445708 -0.07426750 0.00996650 1.41764706 1.09411764 0.37647058
v -0.08882395 -0.05832415 0.01828079 1.41764706 1.09411764 0.37647058
v -0.09445708 -0.06003834 0.02172222 1.41764706 1.09411764 0.37647058
v -0.09445708 -0.06008091 0.02234094 1.41764706 1.09411764 0.37647058
v -0.09140698 -0.05911167 0.02234094 1.41764706 1.09411764 0.37647058
v -0.08882395 -0.07030868 0.01009693 1.41764706 1.09411764 0.37647058
v -0.08882395 -0.06833581 0.02234094 1.41764706 1.09411764 0.37647058
v -0.09445708 -0.07150386 0.02234094 1.41764706 1.09411764 0.37647058
v -0.08882395 -0.05842731 0.01975902 1.41764706 1.09411764 0.37647058
v -0.09445708 -0.06050986 0.02445796 1.41764706 1.09411764 0.37647058
v -0.08882395 -0.05869254 0.02234094 1.41764706 1.09411764 0.37647058
v -0.09438540 -0.06054425 0.02473221 1.41764706 1.09411764 0.37647058
v -0.08882395 -0.06762363 0.02349477 1.41764706 1.09411764 0.37647058
v -0.09258324 -0.06946878 0.02470211 1.41764706 1.09411764 0.37647058
v -0.09445708 -0.07134996 0.02282253 1.41764706 1.09411764 0.37647058
v -0.09445708 -0.06056389 0.02466867 1.41764706 1.09411764 0.37647058
v -0.08882395 -0.05907729 0.02329744 1.41764706 1.09411764 0.37647058
v -0.09445708 -0.06067195 0.02475563 1.41764706 1.09411764 0.37647058
v -0.09140698 -0.06016768 0.02496631 1.41764706 1.09411764 0.37647058
v -0.08882395 -0.06659380 0.02504660 1.41764706 1.09411764 0.37647058
v -0.09445708 -0.07034307 0.02484927 1.41764706 1.09411764 0.37647058
v -0.08882395 -0.06000069 0.02500311 1.41764706 1.09411764 0.37647058
v -0.09445708 -0.06204560 0.02506999 1.41764706 1.09411764 0.37647058
v -0.09140698 -0.06297062 0.02561514 1.41764706 1.09411764 0.37647058
v -0.08882395 -0.06455219 0.02545461 1.41764706 1.09411764 0.37647058
v -0.09445708 -0.06986663 0.02498973 1.41764706 1.09411764 0.37647058
v -0.08882395 -0.06102067 0.02523722 1.41764706 1.09411764 0.37647058
v -0.09445708 -0.06282491 0.02524725 1.41764706 1.09411764 0.37647058
v -0.09445708 -0.06602078 0.02559843 1.41764706 1.09411764 0.37647058
v -0.08882395 -0.06297062 0.02565194 1.41764706 1.09411764 0.37647058
v -0.09445708 -0.06707188 0.02547133 1.41764706 1.09411764 0.37647058
f 2444 2445 2448
f 2444 2448 2451
f 2444 2451 2446
f 2444 2446 2447
f 2444 2447 2453
f 2444 2453 2460
f 2444 2460 2467
f 2444 2467 2473
f 2444 2473 2478
f 2444 2478 2483
f 2444 2483 2481
f 2444 2481 2480
f 2444 2480 2475
f 2444 2475 2470
f 2444 2470 2468
f 2444 2468 2462
f 2444 2462 2456
f 2444 2456 2455
f 2444 2455 2449
f 2444 2449 2445
f 2445 2449 2450
f 2445 2450 2448
f 2446 2451 2454
f 2446 2454 2461
f 2446 2461 2463
f 2446 2463 2469
f 2446 2469 2474
f 2446 2474 2479
f 2446 2479 2482
f 2446 2482 2477
f 2446 2477 2472
f 2446 2472 2465
f 2446 2465 2459
f 2446 2459 2458
f 2446 2458 2452
f 2446 2452 2453
f 2446 2453 2447
f 2448 2450 2454
f 2448 2454 2451
f 2449 2455 2450
f 2450 2455 2456
f 2450 2456 2457
f 2450 2457 2454
f 2452 2458 2453
f 2453 2458 2459
f 2453 2459 2460
f 2454 2457 2461
f 2456 2462 2457
f 2457 2463 2461
f 2457 2462 2464
f 2457 2464 2463
f 2459 2465 2466
f 2459 2466 2467
f 2459 2467 2460
f 2462 2468 2464
f 2463 2464 2469
f 2464 2468 2470
f 2464 2470 2471
f 2464 2471 2469
f 2465 2472 2466
f 2466 2473 2467
f 2466 2472 2473
f 2469 2471 2474
f 2470 2475 2476
f 2470 2476 2471
f 2471 2476 2474
f 2472 2477 2478
f 2472 2478 2473
f 2474 2476 2479
f 2475 2480 2476
f 2476 2481 2482
f 2476 2482 2479
f 2476 2480 2481
f 2477 2482 2483
f 2477 2483 2478
f 2481 2483 2482

o geometry_77
v -0.08168322 -0.10616793 0.02552636 0.31764707 0.77647059 0.03529412
v -0.08179504 -0.10616793 0.02553303 0.31764707 0.77647059 0.03529412
v -0.08168322 -0.10968475 0.02545636 0.31764707 0.77647059 0.03529412
v -0.08168322 -0.10616793 -0.00851490 0.31764707 0.77647059 0.03529412
v -0.08734535 -0.10616793 0.02545636 0.31764707 0.77647059 0.03529412
v -0.08734535 -0.10765714 0.02547637 0.31764707 0.77647059 0.03529412
v -0.08328303 -0.10765714 0.02552968 0.31764707 0.77647059 0.03529412
v -0.08328303 -0.10968475 0.02552968 0.31764707 0.77647059 0.03529412
v -0.08168322 -0.10968475 -0.00851490 0.31764707 0.77647059 0.03529412
v -0.10187611 -0.10616793 -0.00851490 0.31764707 0.77647059 0.03529412
v -0.09546769 -0.10616793 0.02516641 0.31764707 0.77647059 0.03529412
v -0.08734535 -0.10968475 0.02547637 0.31764707 0.77647059 0.03529412
v -0.10499587 -0.10968475 -0.00851490 0.31764707 0.77647059 0.03529412
v -0.10380229 -0.10749844 -0.00851490 0.31764707 0.77647059 0.03529412
v -0.10143108 -0.10616793 0.01828085 0.31764707 0.77647059 0.03529412
v -0.09159938 -0.10968475 0.02504310 0.31764707 0.77647059 0.03529412
v -0.09793248 -0.10616793 0.02486313 0.31764707 0.77647059 0.03529412
v -0.10499587 -0.10909472 -0.00851490 0.31764707 0.77647059 0.03529412
v -0.10499587 -0.10968475 0.01868745 0.31764707 0.77647059 0.03529412
v -0.10499587 -0.10953811 0.01828085 0.31764707 0.77647059 0.03529412
v -0.10041323 -0.10616793 0.02256682 0.31764707 0.77647059 0.03529412
v -0.09841857 -0.10616793 0.02480314 0.31764707 0.77647059 0.03529412
v -0.09825882 -0.10650805 0.02475981 0.31764707 0.77647059 0.03529412
v -0.09726608 -0.10968475 0.02415992 0.31764707 0.77647059 0.03529412
v -0.10495936 -0.10968475 0.01878410 0.31764707 0.77647059 0.03529412
v -0.10348050 -0.10968475 0.02218023 0.31764707 0.77647059 0.03529412
v -0.09971715 -0.10616793 0.02364333 0.31764707 0.77647059 0.03529412
v -0.10296243 -0.10968475 0.02265681 0.31764707 0.77647059 0.03529412
v -0.09959163 -0.10968475 0.02379663 0.31764707 0.77647059 0.03529412
f 2484 2485 2486
f 2484 2486 2492
f 2484 2492 2487
f 2484 2487 2493
f 2484 2493 2498
f 2484 2498 2504
f 2484 2504 2510
f 2484 2510 2505
f 2484 2505 2500
f 2484 2500 2494
f 2484 2494 2488
f 2484 2488 2485
f 2485 2488 2489
f 2485 2489 2490
f 2485 2490 2491
f 2485 2491 2486
f 2486 2491 2495
f 2486 2495 2499
f 2486 2499 2507
f 2486 2507 2512
f 2486 2512 2511
f 2486 2511 2509
f 2486 2509 2508
f 2486 2508 2502
f 2486 2502 2496
f 2486 2496 2492
f 2487 2492 2496
f 2487 2496 2501
f 2487 2501 2497
f 2487 2497 2493
f 2488 2494 2489
f 2489 2495 2491
f 2489 2491 2490
f 2489 2494 2495
f 2493 2497 2498
f 2494 2499 2495
f 2494 2500 2499
f 2496 2502 2503
f 2496 2503 2501
f 2497 2501 2503
f 2497 2503 2498
f 2498 2503 2504
f 2499 2500 2505
f 2499 2505 2506
f 2499 2506 2507
f 2502 2508 2504
f 2502 2504 2503
f 2504 2508 2509
f 2504 2509 2510
f 2505 2510 2511
f 2505 2511 2512
f 2505 2512 2506
f 2506 2512 2507
f 2509 2511 2510

o geometry_78
v -0.05746041 -0.08516232 -0.00851490 0.30588235 0.63529411 0.55882353
v -0.05750763 -0.08734487 -0.00851490 0.30588235 0.63529411 0.55882353
v -0.07054663 -0.08516232 -0.00851490 0.30588235 0.63529411 0.55882353
v -0.05795466 -0.08516232 0.01827971 0.30588235 0.63529411 0.55882353
v -0.05805941 -0.09140655 -0.00851490 0.30588235 0.63529411 0.55882353
v -0.05803433 -0.08734487 0.01827971 0.30588235 0.63529411 0.55882353
v -0.07216212 -0.09255936 -0.00851490 0.30588235 0.63529411 0.55882353
v -0.07253096 -0.09255936 0.00203295 0.30588235 0.63529411 0.55882353
v -0.06994027 -0.08516232 0.00394708 0.30588235 0.63529411 0.55882353
v -0.05814792 -0.08516232 0.02016038 0.30588235 0.63529411 0.55882353
v -0.05845332 -0.09255936 -0.00851490 0.30588235 0.63529411 0.55882353
v -0.05883247 -0.09140655 0.01827971 0.30588235 0.63529411 0.55882353
v -0.05845332 -0.08734487 0.02234223 0.30588235 0.63529411 0.55882353
v -0.05911722 -0.09140655 0.02234223 0.30588235 0.63529411 0.55882353
v -0.07018369 -0.09255936 0.02234223 0.30588235 0.63529411 0.55882353
v -0.06976913 -0.08516232 0.00556005 0.30588235 0.63529411 0.55882353
v -0.05838545 -0.08516232 0.02234223 0.30588235 0.63529411 0.55882353
v -0.05924409 -0.09255936 0.01827971 0.30588235 0.63529411 0.55882353
v -0.05928983 -0.09255936 0.01958814 0.30588235 0.63529411 0.55882353
v -0.05967046 -0.09255936 0.02327253 0.30588235 0.63529411 0.55882353
v -0.05990505 -0.08734487 0.02502268 0.30588235 0.63529411 0.55882353
v -0.06016913 -0.09140655 0.02496915 0.30588235 0.63529411 0.55882353
v -0.06031371 -0.09255936 0.02487544 0.30588235 0.63529411 0.55882353
v -0.05948310 -0.09255936 0.02234223 0.30588235 0.63529411 0.55882353
v -0.06945489 -0.09255936 0.02466797 0.30588235 0.63529411 0.55882353
v -0.06771989 -0.08516232 0.02234223 0.30588235 0.63529411 0.55882353
v -0.05905821 -0.08516232 0.02358373 0.30588235 0.63529411 0.55882353
v -0.05987849 -0.08516232 0.02502268 0.30588235 0.63529411 0.55882353
v -0.06296931 -0.08734487 0.02567188 0.30588235 0.63529411 0.55882353
v -0.06296931 -0.09140655 0.02561500 0.30588235 0.63529411 0.55882353
v -0.06291620 -0.09255936 0.02547780 0.30588235 0.63529411 0.55882353
v -0.06939587 -0.09255936 0.02471482 0.30588235 0.63529411 0.55882353
v -0.06614275 -0.08516232 0.02502268 0.30588235 0.63529411 0.55882353
v -0.06690404 -0.08516232 0.02378118 0.30588235 0.63529411 0.55882353
v -0.06129629 -0.08516232 0.02532052 0.30588235 0.63529411 0.55882353
v -0.06296931 -0.08516232 0.02567188 0.30588235 0.63529411 0.55882353
v -0.06412303 -0.09255936 0.02560831 0.30588235 0.63529411 0.55882353
v -0.06825101 -0.09255936 0.02504946 0.30588235 0.63529411 0.55882353
v -0.06447267 -0.08516232 0.02537072 0.30588235 0.63529411 0.55882353
v -0.06714303 -0.09255936 0.02524020 0.30588235 0.63529411 0.55882353
f 2513 2514 2517
f 2513 2517 2523
f 2513 2523 2519
f 2513 2519 2515
f 2513 2515 2521
f 2513 2521 2528
f 2513 2528 2538
f 2513 2538 2546
f 2513 2546 2545
f 2513 2545 2551
f 2513 2551 2548
f 2513 2548 2547
f 2513 2547 2540
f 2513 2540 2539
f 2513 2539 2529
f 2513 2529 2522
f 2513 2522 2516
f 2513 2516 2514
f 2514 2516 2518
f 2514 2518 2517
f 2515 2519 2520
f 2515 2520 2521
f 2516 2522 2518
f 2517 2518 2524
f 2517 2524 2523
f 2518 2522 2525
f 2518 2525 2526
f 2518 2526 2524
f 2519 2523 2530
f 2519 2530 2531
f 2519 2531 2536
f 2519 2536 2532
f 2519 2532 2535
f 2519 2535 2543
f 2519 2543 2549
f 2519 2549 2552
f 2519 2552 2550
f 2519 2550 2544
f 2519 2544 2537
f 2519 2537 2527
f 2519 2527 2520
f 2520 2527 2528
f 2520 2528 2521
f 2522 2529 2525
f 2523 2524 2530
f 2524 2526 2531
f 2524 2531 2530
f 2525 2532 2526
f 2525 2529 2533
f 2525 2533 2534
f 2525 2534 2535
f 2525 2535 2532
f 2526 2532 2536
f 2526 2536 2531
f 2527 2537 2538
f 2527 2538 2528
f 2529 2539 2533
f 2533 2540 2541
f 2533 2541 2542
f 2533 2542 2534
f 2533 2539 2540
f 2534 2542 2543
f 2534 2543 2535
f 2537 2544 2545
f 2537 2545 2546
f 2537 2546 2538
f 2540 2547 2541
f 2541 2548 2549
f 2541 2549 2542
f 2541 2547 2548
f 2542 2549 2543
f 2544 2550 2545
f 2545 2550 2551
f 2548 2551 2550
f 2548 2550 2552
f 2548 2552 2549

o geometry_79
v 0.09630417 0.09257307 0.00636285 0.69411765 0.41176470 0.87647060
v 0.08470597 0.09880949 0.00636285 0.69411765 0.41176470 0.87647060
v 0.09630417 0.10570271 0.00636285 0.69411765 0.41176470 0.87647060
v 0.09630417 0.09569900 0.02234348 0.69411765 0.41176470 0.87647060
v 0.08470597 0.10072977 0.02234348 0.69411765 0.41176470 0.87647060
v 0.08470597 0.10570271 0.00636285 0.69411765 0.41176470 0.87647060
v 0.09630417 0.10570271 0.02514117 0.69411765 0.41176470 0.87647060
v 0.09630417 0.09630052 0.02353386 0.69411765 0.41176470 0.87647060
v 0.08470597 0.10122204 0.02472803 0.69411765 0.41176470 0.87647060
v 0.08470597 0.10570271 0.02542602 0.69411765 0.41176470 0.87647060
v 0.09546852 0.10570271 0.02524493 0.69411765 0.41176470 0.87647060
v 0.09630417 0.10415261 0.02542791 0.69411765 0.41176470 0.87647060
v 0.09630417 0.09731466 0.02489025 0.69411765 0.41176470 0.87647060
v 0.08470597 0.10359348 0.02537510 0.69411765 0.41176470 0.87647060
v 0.09140603 0.10359348 0.02560902 0.69411765 0.41176470 0.87647060
v 0.08734465 0.10570271 0.02545055 0.69411765 0.41176470 0.87647060
v 0.09546852 0.10359348 0.02563355 0.69411765 0.41176470 0.87647060
v 0.09630417 0.10360890 0.02552790 0.69411765 0.41176470 0.87647060
v 0.09630417 0.09943672 0.02526945 0.69411765 0.41176470 0.87647060
f 2553 2554 2558
f 2553 2558 2555
f 2553 2555 2559
f 2553 2559 2564
f 2553 2564 2570
f 2553 2570 2571
f 2553 2571 2565
f 2553 2565 2560
f 2553 2560 2556
f 2553 2556 2557
f 2553 2557 2554
f 2554 2557 2561
f 2554 2561 2566
f 2554 2566 2562
f 2554 2562 2558
f 2555 2558 2562
f 2555 2562 2568
f 2555 2568 2563
f 2555 2563 2559
f 2556 2560 2561
f 2556 2561 2557
f 2559 2563 2564
f 2560 2565 2561
f 2561 2565 2566
f 2562 2566 2567
f 2562 2567 2568
f 2563 2568 2569
f 2563 2569 2564
f 2564 2569 2570
f 2565 2571 2566
f 2566 2571 2567
f 2567 2569 2568
f 2567 2571 2569
f 2569 2571 2570

o geometry_80
v -0.05745516 0.08476212 -0.00851490 1.29411765 0.17058824 0.77058823
v -0.07064880 0.08476212 -0.00851490 1.29411765 0.17058824 0.77058823
v -0.05749905 0.08687022 -0.00851490 1.29411765 0.17058824 0.77058823
v -0.05794737 0.08476212 0.01827971 1.29411765 0.17058824 0.77058823
v -0.07341858 0.09161850 -0.00851490 1.29411765 0.17058824 0.77058823
v -0.06976317 0.08476212 0.00567048 1.29411765 0.17058824 0.77058823
v -0.05751473 0.08734470 -0.00851490 1.29411765 0.17058824 0.77058823
v -0.05803827 0.08734470 0.01827971 1.29411765 0.17058824 0.77058823
v -0.05845836 0.08734470 0.02234223 1.29411765 0.17058824 0.77058823
v -0.05838312 0.08476212 0.02234223 1.29411765 0.17058824 0.77058823
v -0.07346717 0.09184879 -0.00851490 1.29411765 0.17058824 0.77058823
v -0.07203605 0.09184879 0.00582107 1.29411765 0.17058824 0.77058823
v -0.06769407 0.08476212 0.02234223 1.29411765 0.17058824 0.77058823
v -0.05787369 0.09045588 -0.00851490 1.29411765 0.17058824 0.77058823
v -0.05882673 0.09140624 0.01827971 1.29411765 0.17058824 0.77058823
v -0.05911202 0.09140624 0.02234223 1.29411765 0.17058824 0.77058823
v -0.05805552 0.09140624 -0.00851490 1.29411765 0.17058824 0.77058823
v -0.06016694 0.09140624 0.02496581 1.29411765 0.17058824 0.77058823
v -0.05990831 0.08734470 0.02502268 1.29411765 0.17058824 0.77058823
v -0.05987851 0.08476212 0.02502268 1.29411765 0.17058824 0.77058823
v -0.05817934 0.09184879 -0.00851490 1.29411765 0.17058824 0.77058823
v -0.06971144 0.09184879 0.02234223 1.29411765 0.17058824 0.77058823
v -0.06612971 0.08476212 0.02502268 1.29411765 0.17058824 0.77058823
v -0.05898504 0.09184879 0.01827971 1.29411765 0.17058824 0.77058823
v -0.05925152 0.09184879 0.02234223 1.29411765 0.17058824 0.77058823
v -0.06022337 0.09184879 0.02492900 1.29411765 0.17058824 0.77058823
v -0.06294925 0.09184879 0.02556145 1.29411765 0.17058824 0.77058823
v -0.06296963 0.09140624 0.02561166 1.29411765 0.17058824 0.77058823
v -0.06296963 0.08734470 0.02567188 1.29411765 0.17058824 0.77058823
v -0.06296963 0.08476212 0.02567188 1.29411765 0.17058824 0.77058823
v -0.06814238 0.09184879 0.02492900 1.29411765 0.17058824 0.77058823
v -0.06717052 0.09184879 0.02515320 1.29411765 0.17058824 0.77058823
f 2572 2573 2576
f 2572 2576 2582
f 2572 2582 2592
f 2572 2592 2588
f 2572 2588 2585
f 2572 2585 2578
f 2572 2578 2574
f 2572 2574 2575
f 2572 2575 2581
f 2572 2581 2591
f 2572 2591 2601
f 2572 2601 2594
f 2572 2594 2584
f 2572 2584 2577
f 2572 2577 2573
f 2573 2577 2576
f 2574 2578 2575
f 2575 2579 2580
f 2575 2580 2581
f 2575 2578 2579
f 2576 2577 2583
f 2576 2583 2582
f 2577 2584 2583
f 2578 2585 2579
f 2579 2586 2587
f 2579 2587 2580
f 2579 2585 2588
f 2579 2588 2586
f 2580 2587 2589
f 2580 2589 2590
f 2580 2590 2581
f 2581 2590 2591
f 2582 2583 2593
f 2582 2593 2602
f 2582 2602 2603
f 2582 2603 2598
f 2582 2598 2597
f 2582 2597 2596
f 2582 2596 2595
f 2582 2595 2592
f 2583 2584 2593
f 2584 2594 2593
f 2586 2595 2596
f 2586 2596 2587
f 2586 2588 2592
f 2586 2592 2595
f 2587 2596 2597
f 2587 2597 2589
f 2589 2597 2598
f 2589 2598 2599
f 2589 2599 2590
f 2590 2599 2600
f 2590 2600 2591
f 2591 2600 2601
f 2593 2594 2602
f 2594 2601 2603
f 2594 2603 2602
f 2598 2603 2599
f 2599 2603 2600
f 2600 2603 2601

o geometry_81
v -0.05845212 -0.09255992 -0.00851490 0.19411764 1.07058823 0.58823529
v -0.05924574 -0.09255992 0.01827557 0.19411764 1.07058823 0.58823529
v -0.05931624 -0.09556945 -0.00851490 0.19411764 1.07058823 0.58823529
v -0.07216201 -0.09255992 -0.00851490 0.19411764 1.07058823 0.58823529
v -0.05929122 -0.09255992 0.01958397 0.19411764 1.07058823 0.58823529
v -0.06370049 -0.10288878 -0.00851490 0.19411764 1.07058823 0.58823529
v -0.06025539 -0.09499001 0.02233797 0.19411764 1.07058823 0.58823529
v -0.06016443 -0.09513771 0.01827557 0.19411764 1.07058823 0.58823529
v -0.06110814 -0.09716763 0.01827557 0.19411764 1.07058823 0.58823529
v -0.08168094 -0.09913822 -0.00851490 0.19411764 1.07058823 0.58823529
v -0.08168094 -0.09862317 0.00203264 0.19411764 1.07058823 0.58823529
v -0.07252812 -0.09255992 0.00203598 0.19411764 1.07058823 0.58823529
v -0.05948451 -0.09255992 0.02233797 0.19411764 1.07058823 0.58823529
v -0.06599722 -0.10545648 -0.00851490 0.19411764 1.07058823 0.58823529
v -0.06640198 -0.10545648 0.01827891 0.19411764 1.07058823 0.58823529
v -0.06128778 -0.09702120 0.02233797 0.19411764 1.07058823 0.58823529
v -0.06054419 -0.09437523 0.02473057 0.19411764 1.07058823 0.58823529
v -0.08168094 -0.10545648 -0.00851490 0.19411764 1.07058823 0.58823529
v -0.08168094 -0.09962930 0.01421651 0.19411764 1.07058823 0.58823529
v -0.07018137 -0.09255992 0.02233797 0.19411764 1.07058823 0.58823529
v -0.05967325 -0.09255992 0.02326824 0.19411764 1.07058823 0.58823529
v -0.06202456 -0.09812830 0.02234132 0.19411764 1.07058823 0.58823529
v -0.06296145 -0.09953208 0.02234132 0.19411764 1.07058823 0.58823529
v -0.06696368 -0.10545648 0.02232459 0.19411764 1.07058823 0.58823529
v -0.06481474 -0.10177282 0.02453983 0.19411764 1.07058823 0.58823529
v -0.06031678 -0.09255992 0.02487445 0.19411764 1.07058823 0.58823529
v -0.06291824 -0.09255992 0.02547680 0.19411764 1.07058823 0.58823529
v -0.06277497 -0.09562500 0.02510535 0.19411764 1.07058823 0.58823529
v -0.06363000 -0.09812830 0.02492466 0.19411764 1.07058823 0.58823529
v -0.06410980 -0.09953208 0.02482092 0.19411764 1.07058823 0.58823529
v -0.08168094 -0.10545648 0.02550357 0.19411764 1.07058823 0.58823529
v -0.08168094 -0.10000044 0.01827891 0.19411764 1.07058823 0.58823529
v -0.08168094 -0.10051296 0.02234132 0.19411764 1.07058823 0.58823529
v -0.08168094 -0.10079069 0.02377353 0.19411764 1.07058823 0.58823529
v -0.06945597 -0.09255992 0.02466365 0.19411764 1.07058823 0.58823529
v -0.06869872 -0.10545648 0.02449968 0.19411764 1.07058823 0.58823529
v -0.06703190 -0.09953208 0.02547010 0.19411764 1.07058823 0.58823529
v -0.06738663 -0.10331294 0.02477073 0.19411764 1.07058823 0.58823529
v -0.06412345 -0.09255992 0.02561064 0.19411764 1.07058823 0.58823529
v -0.06550149 -0.09812830 0.02533959 0.19411764 1.07058823 0.58823529
v -0.08108061 -0.10545648 0.02553368 0.19411764 1.07058823 0.58823529
v -0.08168094 -0.10359319 0.02542326 0.19411764 1.07058823 0.58823529
v -0.08168094 -0.10113153 0.02477407 0.19411764 1.07058823 0.58823529
v -0.06939684 -0.09255992 0.02471383 0.19411764 1.07058823 0.58823529
v -0.06985391 -0.10545648 0.02475734 0.19411764 1.07058823 0.58823529
v -0.07109324 -0.10359319 0.02539648 0.19411764 1.07058823 0.58823529
v -0.07515459 -0.10359319 0.02567088 0.19411764 1.07058823 0.58823529
v -0.07921821 -0.10359319 0.02553703 0.19411764 1.07058823 0.58823529
v -0.06714558 -0.09255992 0.02523921 0.19411764 1.07058823 0.58823529
v -0.07701699 -0.10545648 0.02552364 0.19411764 1.07058823 0.58823529
v -0.08168094 -0.10254667 0.02516893 0.19411764 1.07058823 0.58823529
v -0.06825529 -0.09255992 0.02504847 0.19411764 1.07058823 0.58823529
v -0.07109324 -0.10545648 0.02498488 0.19411764 1.07058823 0.58823529
v -0.07295109 -0.10545648 0.02520240 0.19411764 1.07058823 0.58823529
f 2604 2605 2606
f 2604 2606 2609
f 2604 2609 2617
f 2604 2617 2621
f 2604 2621 2613
f 2604 2613 2607
f 2604 2607 2615
f 2604 2615 2623
f 2604 2623 2638
f 2604 2638 2647
f 2604 2647 2655
f 2604 2655 2652
f 2604 2652 2642
f 2604 2642 2630
f 2604 2630 2629
f 2604 2629 2624
f 2604 2624 2616
f 2604 2616 2608
f 2604 2608 2605
f 2605 2608 2606
f 2606 2608 2610
f 2606 2610 2611
f 2606 2611 2612
f 2606 2612 2609
f 2607 2613 2614
f 2607 2614 2615
f 2608 2616 2610
f 2609 2612 2618
f 2609 2618 2617
f 2610 2619 2612
f 2610 2612 2611
f 2610 2616 2620
f 2610 2620 2619
f 2612 2619 2618
f 2613 2621 2634
f 2613 2634 2645
f 2613 2645 2654
f 2613 2654 2646
f 2613 2646 2637
f 2613 2637 2636
f 2613 2636 2635
f 2613 2635 2622
f 2613 2622 2614
f 2614 2622 2623
f 2614 2623 2615
f 2616 2624 2620
f 2617 2618 2627
f 2617 2627 2639
f 2617 2639 2648
f 2617 2648 2656
f 2617 2656 2657
f 2617 2657 2653
f 2617 2653 2644
f 2617 2644 2634
f 2617 2634 2621
f 2618 2619 2625
f 2618 2625 2626
f 2618 2626 2627
f 2619 2620 2628
f 2619 2628 2625
f 2620 2629 2630
f 2620 2630 2631
f 2620 2631 2632
f 2620 2632 2633
f 2620 2633 2628
f 2620 2624 2629
f 2622 2635 2623
f 2623 2635 2636
f 2623 2636 2637
f 2623 2637 2638
f 2625 2628 2626
f 2626 2628 2627
f 2627 2628 2639
f 2628 2633 2640
f 2628 2640 2641
f 2628 2641 2639
f 2630 2642 2640
f 2630 2640 2643
f 2630 2643 2631
f 2631 2643 2632
f 2632 2643 2640
f 2632 2640 2633
f 2634 2644 2645
f 2637 2646 2638
f 2638 2646 2647
f 2639 2641 2648
f 2640 2649 2641
f 2640 2642 2650
f 2640 2650 2649
f 2641 2649 2648
f 2642 2651 2650
f 2642 2652 2645
f 2642 2645 2651
f 2644 2653 2650
f 2644 2650 2651
f 2644 2651 2645
f 2645 2652 2654
f 2646 2654 2655
f 2646 2655 2647
f 2648 2649 2656
f 2649 2650 2653
f 2649 2653 2657
f 2649 2657 2656
f 2652 2655 2654

o geometry_82
v -0.09615285 -0.09246161 -0.00203002 0.84705882 0.27058824 0.21176470
v -0.09672169 -0.09246161 -0.00485650 0.84705882 0.27058824 0.21176470
v -0.09887415 -0.08516230 -0.00851490 0.84705882 0.27058824 0.21176470
v -0.09869146 -0.08516230 0.01015457 0.84705882 0.27058824 0.21176470
v -0.09646542 -0.09246161 0.01069916 0.84705882 0.27058824 0.21176470
v -0.09680568 -0.09246161 -0.00514718 0.84705882 0.27058824 0.21176470
v -0.09796331 -0.09246161 -0.00851490 0.84705882 0.27058824 0.21176470
v -0.10499816 -0.08516230 -0.00851490 0.84705882 0.27058824 0.21176470
v -0.09898584 -0.08516230 0.01203555 0.84705882 0.27058824 0.21176470
v -0.09684032 -0.09246161 0.01421723 0.84705882 0.27058824 0.21176470
v -0.10499816 -0.09246161 -0.00851490 0.84705882 0.27058824 0.21176470
v -0.10499816 -0.08516230 0.02539619 0.84705882 0.27058824 0.21176470
v -0.10071578 -0.08516230 0.02234252 0.84705882 0.27058824 0.21176470
v -0.10121795 -0.08516230 0.02472798 0.84705882 0.27058824 0.21176470
v -0.09878670 -0.09246161 0.02234252 0.84705882 0.27058824 0.21176470
v -0.10499816 -0.09246161 0.02538282 0.84705882 0.27058824 0.21176470
v -0.10499816 -0.08734459 0.02543626 0.84705882 0.27058824 0.21176470
v -0.10359378 -0.09140621 0.02561001 0.84705882 0.27058824 0.21176470
v -0.10424316 -0.08516230 0.02538616 0.84705882 0.27058824 0.21176470
v -0.10359378 -0.08516230 0.02537613 0.84705882 0.27058824 0.21176470
v -0.10029064 -0.09246161 0.02501197 0.84705882 0.27058824 0.21176470
v -0.10359378 -0.09246161 0.02561669 0.84705882 0.27058824 0.21176470
v -0.10499816 -0.09146765 0.02542625 0.84705882 0.27058824 0.21176470
f 2658 2659 2660
f 2658 2660 2661
f 2658 2661 2662
f 2658 2662 2667
f 2658 2667 2672
f 2658 2672 2678
f 2658 2678 2679
f 2658 2679 2673
f 2658 2673 2668
f 2658 2668 2664
f 2658 2664 2663
f 2658 2663 2659
f 2659 2663 2660
f 2660 2663 2664
f 2660 2664 2668
f 2660 2668 2665
f 2660 2665 2669
f 2660 2669 2676
f 2660 2676 2677
f 2660 2677 2671
f 2660 2671 2670
f 2660 2670 2666
f 2660 2666 2661
f 2661 2666 2667
f 2661 2667 2662
f 2665 2668 2673
f 2665 2673 2680
f 2665 2680 2674
f 2665 2674 2669
f 2666 2670 2667
f 2667 2670 2671
f 2667 2671 2672
f 2669 2674 2675
f 2669 2675 2676
f 2671 2677 2678
f 2671 2678 2672
f 2673 2679 2680
f 2674 2679 2675
f 2674 2680 2679
f 2675 2679 2678
f 2675 2678 2677
f 2675 2677 2676

o geometry_83
v 0.08709528 0.05803197 0.00609348 0.72941177 0.52941177 1.40588235
v 0.08709528 0.05803197 0.00636098 0.72941177 0.52941177 1.40588235
v 0.08709528 0.05803458 -0.00293379 0.72941177 0.52941177 1.40588235
v 0.08734553 0.05804240 0.00609348 0.72941177 0.52941177 1.40588235
v 0.08734553 0.05804240 0.00636098 0.72941177 0.52941177 1.40588235
v 0.08709528 0.06871879 0.00636098 0.72941177 0.52941177 1.40588235
v 0.08734553 0.05804499 -0.00293379 0.72941177 0.52941177 1.40588235
v 0.08709528 0.06929428 -0.00293379 0.72941177 0.52941177 1.40588235
v 0.09140775 0.05882619 -0.00293379 0.72941177 0.52941177 1.40588235
v 0.09140775 0.05883140 0.00636098 0.72941177 0.52941177 1.40588235
v 0.09923997 0.08463447 0.00636098 0.72941177 0.52941177 1.40588235
v 0.09916326 0.08463447 0.00609348 0.72941177 0.52941177 1.40588235
v 0.08709528 0.06992706 0.00231771 0.72941177 0.52941177 1.40588235
v 0.08709528 0.06931512 -0.00289103 0.72941177 0.52941177 1.40588235
v 0.09993224 0.08463447 -0.00293379 0.72941177 0.52941177 1.40588235
v 0.09430647 0.05986520 -0.00293379 0.72941177 0.52941177 1.40588235
v 0.09513390 0.06016725 0.00636098 0.72941177 0.52941177 1.40588235
v 0.10575342 0.08463447 0.00636098 0.72941177 0.52941177 1.40588235
v 0.09887832 0.08463447 0.00338311 0.72941177 0.52941177 1.40588235
v 0.09886005 0.08463447 0.00203112 0.72941177 0.52941177 1.40588235
v 0.08709528 0.06992706 0.00227859 0.72941177 0.52941177 1.40588235
v 0.08709528 0.06985935 -0.00173191 0.72941177 0.52941177 1.40588235
v 0.10575342 0.08463447 -0.00293379 0.72941177 0.52941177 1.40588235
v 0.09513390 0.06016205 -0.00293379 0.72941177 0.52941177 1.40588235
v 0.09702985 0.06104481 0.00636098 0.72941177 0.52941177 1.40588235
v 0.10575342 0.06640385 0.00636098 0.72941177 0.52941177 1.40588235
v 0.08709528 0.06986455 -0.00149445 0.72941177 0.52941177 1.40588235
v 0.10575342 0.06639864 -0.00293379 0.72941177 0.52941177 1.40588235
v 0.09716319 0.06110989 -0.00293379 0.72941177 0.52941177 1.40588235
v 0.09716319 0.06110730 0.00609348 0.72941177 0.52941177 1.40588235
v 0.09716319 0.06110730 0.00636098 0.72941177 0.52941177 1.40588235
f 2681 2682 2686
f 2681 2686 2693
f 2681 2693 2701
f 2681 2701 2707
f 2681 2707 2702
f 2681 2702 2694
f 2681 2694 2688
f 2681 2688 2683
f 2681 2683 2687
f 2681 2687 2684
f 2681 2684 2685
f 2681 2685 2682
f 2682 2685 2690
f 2682 2690 2697
f 2682 2697 2705
f 2682 2705 2711
f 2682 2711 2706
f 2682 2706 2698
f 2682 2698 2691
f 2682 2691 2686
f 2683 2688 2695
f 2683 2695 2703
f 2683 2703 2708
f 2683 2708 2709
f 2683 2709 2704
f 2683 2704 2696
f 2683 2696 2689
f 2683 2689 2687
f 2684 2687 2689
f 2684 2689 2685
f 2685 2689 2690
f 2686 2691 2692
f 2686 2692 2693
f 2688 2694 2695
f 2689 2696 2690
f 2690 2696 2697
f 2691 2698 2703
f 2691 2703 2695
f 2691 2695 2700
f 2691 2700 2699
f 2691 2699 2692
f 2692 2699 2693
f 2693 2699 2700
f 2693 2700 2701
f 2694 2702 2695
f 2695 2702 2700
f 2696 2704 2697
f 2697 2704 2705
f 2698 2706 2708
f 2698 2708 2703
f 2700 2702 2707
f 2700 2707 2701
f 2704 2709 2705
f 2705 2709 2710
f 2705 2710 2711
f 2706 2711 2708
f 2708 2711 2710
f 2708 2710 2709

o geometry_84
v -0.09027045 -0.09763224 -0.00202994 1.14705882 1.11764706 1.35294117
v -0.09057176 -0.09763224 -0.00270516 1.14705882 1.11764706 1.35294117
v -0.09522246 -0.09522306 -0.00851490 1.14705882 1.11764706 1.35294117
v -0.09796299 -0.09246211 -0.00851490 1.14705882 1.11764706 1.35294117
v -0.09680537 -0.09246211 -0.00514873 1.14705882 1.11764706 1.35294117
v -0.09672174 -0.09246211 -0.00485457 1.14705882 1.11764706 1.35294117
v -0.09615375 -0.09246211 -0.00202994 1.14705882 1.11764706 1.35294117
v -0.09033821 -0.09763224 0.01421592 1.14705882 1.11764706 1.35294117
v -0.09225702 -0.09763224 -0.00628861 1.14705882 1.11764706 1.35294117
v -0.09330940 -0.09763224 -0.00851490 1.14705882 1.11764706 1.35294117
v -0.10499816 -0.09246211 -0.00851490 1.14705882 1.11764706 1.35294117
v -0.09646657 -0.09246211 0.01069934 1.14705882 1.11764706 1.35294117
v -0.09683997 -0.09246211 0.01421592 1.14705882 1.11764706 1.35294117
v -0.09878618 -0.09246211 0.02234219 1.14705882 1.11764706 1.35294117
v -0.09435027 -0.09763224 0.02234219 1.14705882 1.11764706 1.35294117
v -0.10499816 -0.09763224 -0.00851490 1.14705882 1.11764706 1.35294117
v -0.10499816 -0.09246211 0.02538411 1.14705882 1.11764706 1.35294117
v -0.10028979 -0.09246211 0.02500971 1.14705882 1.11764706 1.35294117
v -0.09662227 -0.09661847 0.02480247 1.14705882 1.11764706 1.35294117
v -0.09615951 -0.09763224 0.02492949 1.14705882 1.11764706 1.35294117
v -0.10499816 -0.09763224 0.02511335 1.14705882 1.11764706 1.35294117
v -0.10499816 -0.09546903 0.02537742 1.14705882 1.11764706 1.35294117
v -0.10359401 -0.09546903 0.02563482 1.14705882 1.11764706 1.35294117
v -0.10359401 -0.09246211 0.02561475 1.14705882 1.11764706 1.35294117
v -0.09947382 -0.09763224 0.02543091 1.14705882 1.11764706 1.35294117
v -0.10363581 -0.09763224 0.02536405 1.14705882 1.11764706 1.35294117
f 2712 2713 2714
f 2712 2714 2715
f 2712 2715 2716
f 2712 2716 2717
f 2712 2717 2718
f 2712 2718 2719
f 2712 2719 2726
f 2712 2726 2731
f 2712 2731 2736
f 2712 2736 2737
f 2712 2737 2732
f 2712 2732 2727
f 2712 2727 2721
f 2712 2721 2720
f 2712 2720 2713
f 2713 2720 2714
f 2714 2721 2727
f 2714 2727 2722
f 2714 2722 2715
f 2714 2720 2721
f 2715 2722 2728
f 2715 2728 2735
f 2715 2735 2729
f 2715 2729 2725
f 2715 2725 2724
f 2715 2724 2723
f 2715 2723 2718
f 2715 2718 2717
f 2715 2717 2716
f 2718 2723 2719
f 2719 2723 2724
f 2719 2724 2725
f 2719 2725 2726
f 2722 2727 2732
f 2722 2732 2733
f 2722 2733 2728
f 2725 2729 2726
f 2726 2729 2730
f 2726 2730 2731
f 2728 2733 2734
f 2728 2734 2735
f 2729 2735 2731
f 2729 2731 2730
f 2731 2735 2736
f 2732 2737 2733
f 2733 2737 2734
f 2734 2737 2736
f 2734 2736 2735

o geometry_85
v 0.06954236 -0.08736494 -0.00606996 0.12352941 0.82352941 0.87647060
v 0.06900085 -0.08736494 -0.00863002 0.12352941 0.82352941 0.87647060
v 0.05802971 -0.08736494 -0.00606996 0.12352941 0.82352941 0.87647060
v 0.08328112 -0.10009667 -0.00606996 0.12352941 0.82352941 0.87647060
v 0.08420978 -0.10007390 -0.00607546 0.12352941 0.82352941 0.87647060
v 0.08420978 -0.09981207 -0.00689592 0.12352941 0.82352941 0.87647060
v 0.08420978 -0.09929657 -0.00863002 0.12352941 0.82352941 0.87647060
v 0.05748561 -0.08736494 -0.00863002 0.12352941 0.82352941 0.87647060
v 0.05786752 -0.09059299 -0.00863002 0.12352941 0.82352941 0.87647060
v 0.05880141 -0.09138335 -0.00606996 0.12352941 0.82352941 0.87647060
v 0.08420978 -0.10365810 -0.00606996 0.12352941 0.82352941 0.87647060
v 0.08420978 -0.10397847 -0.00863002 0.12352941 0.82352941 0.87647060
v 0.05802449 -0.09140773 -0.00863002 0.12352941 0.82352941 0.87647060
v 0.05880664 -0.09140773 -0.00606996 0.12352941 0.82352941 0.87647060
v 0.08420978 -0.10397847 -0.00606996 0.12352941 0.82352941 0.87647060
v 0.06493573 -0.10397847 -0.00863002 0.12352941 0.82352941 0.87647060
v 0.05894267 -0.09465531 -0.00863002 0.12352941 0.82352941 0.87647060
v 0.06014076 -0.09513667 -0.00606996 0.12352941 0.82352941 0.87647060
v 0.06645557 -0.10397847 -0.00606996 0.12352941 0.82352941 0.87647060
v 0.06588531 -0.10397847 -0.00670095 0.12352941 0.82352941 0.87647060
v 0.06429483 -0.10363045 -0.00863002 0.12352941 0.82352941 0.87647060
v 0.05927751 -0.09559039 -0.00863002 0.12352941 0.82352941 0.87647060
v 0.05951817 -0.09609940 -0.00863002 0.12352941 0.82352941 0.87647060
v 0.06110865 -0.09716621 -0.00606996 0.12352941 0.82352941 0.87647060
v 0.06455119 -0.10205626 -0.00606996 0.12352941 0.82352941 0.87647060
v 0.06628554 -0.10397847 -0.00607146 0.12352941 0.82352941 0.87647060
v 0.06366178 -0.10292793 -0.00863002 0.12352941 0.82352941 0.87647060
v 0.06301825 -0.10205626 -0.00863002 0.12352941 0.82352941 0.87647060
v 0.06268866 -0.09953075 -0.00606996 0.12352941 0.82352941 0.87647060
f 2738 2739 2745
f 2738 2745 2740
f 2738 2740 2747
f 2738 2747 2751
f 2738 2751 2755
f 2738 2755 2761
f 2738 2761 2766
f 2738 2766 2762
f 2738 2762 2756
f 2738 2756 2752
f 2738 2752 2748
f 2738 2748 2741
f 2738 2741 2742
f 2738 2742 2743
f 2738 2743 2744
f 2738 2744 2739
f 2739 2744 2749
f 2739 2749 2753
f 2739 2753 2758
f 2739 2758 2764
f 2739 2764 2765
f 2739 2765 2760
f 2739 2760 2759
f 2739 2759 2754
f 2739 2754 2750
f 2739 2750 2746
f 2739 2746 2745
f 2740 2745 2746
f 2740 2746 2747
f 2741 2748 2742
f 2742 2748 2752
f 2742 2752 2749
f 2742 2749 2744
f 2742 2744 2743
f 2746 2750 2747
f 2747 2750 2751
f 2749 2752 2756
f 2749 2756 2763
f 2749 2763 2757
f 2749 2757 2753
f 2750 2754 2751
f 2751 2754 2755
f 2753 2757 2758
f 2754 2759 2755
f 2755 2759 2760
f 2755 2760 2761
f 2756 2762 2763
f 2757 2763 2758
f 2758 2763 2762
f 2758 2762 2764
f 2760 2765 2761
f 2761 2765 2766
f 2762 2766 2765
f 2762 2765 2764

o geometry_86
v 0.07403936 0.07398546 0.01422067 1.44117646 0.43529412 0.35882354
v 0.07387813 0.07398546 0.01015662 1.44117646 0.43529412 0.35882354
v 0.07006756 0.08468964 0.01015662 1.44117646 0.43529412 0.35882354
v 0.06984472 0.08468964 0.01216407 1.44117646 0.43529412 0.35882354
v 0.06963135 0.08468964 0.01329068 1.44117646 0.43529412 0.35882354
v 0.06769050 0.08468964 0.02234314 1.44117646 0.43529412 0.35882354
v 0.07159749 0.07398546 0.02234314 1.44117646 0.43529412 0.35882354
v 0.06986368 0.08468964 0.00903002 1.44117646 0.43529412 0.35882354
v 0.07270858 0.07398546 0.00636098 1.44117646 0.43529412 0.35882354
v 0.06949859 0.08468964 0.00719457 1.44117646 0.43529412 0.35882354
v 0.06669638 0.08468964 0.02409352 1.44117646 0.43529412 0.35882354
v 0.07019400 0.07398546 0.02487231 1.44117646 0.43529412 0.35882354
v 0.06001719 0.07398546 0.00636098 1.44117646 0.43529412 0.35882354
v 0.06910505 0.08468964 0.00636098 1.44117646 0.43529412 0.35882354
v 0.06612740 0.08468964 0.02502164 1.44117646 0.43529412 0.35882354
v 0.06409645 0.08468964 0.02544695 1.44117646 0.43529412 0.35882354
v 0.06296955 0.08468964 0.02567188 1.44117646 0.43529412 0.35882354
v 0.06703144 0.07398546 0.02547718 1.44117646 0.43529412 0.35882354
v 0.05953830 0.07515700 0.00636098 1.44117646 0.43529412 0.35882354
v 0.06001719 0.07398546 0.01828096 1.44117646 0.43529412 0.35882354
v 0.05794517 0.08468964 0.00636098 1.44117646 0.43529412 0.35882354
v 0.06296955 0.08328129 0.02567188 1.44117646 0.43529412 0.35882354
v 0.06093863 0.08468964 0.02524658 1.44117646 0.43529412 0.35882354
v 0.05986073 0.08328129 0.02502164 1.44117646 0.43529412 0.35882354
v 0.06296955 0.07921967 0.02566811 1.44117646 0.43529412 0.35882354
v 0.06296955 0.07515700 0.02544695 1.44117646 0.43529412 0.35882354
v 0.06298221 0.07398546 0.02529951 1.44117646 0.43529412 0.35882354
v 0.05946085 0.07542421 0.00636098 1.44117646 0.43529412 0.35882354
v 0.05953830 0.07515700 0.01828096 1.44117646 0.43529412 0.35882354
v 0.06017367 0.07398546 0.02234314 1.44117646 0.43529412 0.35882354
v 0.05790406 0.08354850 0.00636098 1.44117646 0.43529412 0.35882354
v 0.05794517 0.08468964 0.01828096 1.44117646 0.43529412 0.35882354
v 0.05987811 0.08468964 0.02502164 1.44117646 0.43529412 0.35882354
v 0.05888398 0.08468964 0.02327315 1.44117646 0.43529412 0.35882354
v 0.05833870 0.08328129 0.02234314 1.44117646 0.43529412 0.35882354
v 0.06000928 0.07921967 0.02501974 1.44117646 0.43529412 0.35882354
v 0.06043602 0.07515700 0.02479859 1.44117646 0.43529412 0.35882354
v 0.06062727 0.07398546 0.02465115 1.44117646 0.43529412 0.35882354
v 0.05837664 0.07921967 0.00636098 1.44117646 0.43529412 0.35882354
v 0.05837664 0.07921967 0.01828096 1.44117646 0.43529412 0.35882354
v 0.05973429 0.07515700 0.02234314 1.44117646 0.43529412 0.35882354
v 0.05789616 0.08328129 0.00636098 1.44117646 0.43529412 0.35882354
v 0.05789616 0.08328129 0.01828096 1.44117646 0.43529412 0.35882354
v 0.05809057 0.08468964 0.01968921 1.44117646 0.43529412 0.35882354
v 0.05838138 0.08468964 0.02234314 1.44117646 0.43529412 0.35882354
v 0.05872909 0.07921967 0.02234314 1.44117646 0.43529412 0.35882354
v 0.05834503 0.07948582 0.00636098 1.44117646 0.43529412 0.35882354
f 2767 2768 2769
f 2767 2769 2770
f 2767 2770 2771
f 2767 2771 2772
f 2767 2772 2773
f 2767 2773 2778
f 2767 2778 2784
f 2767 2784 2793
f 2767 2793 2804
f 2767 2804 2796
f 2767 2796 2786
f 2767 2786 2779
f 2767 2779 2775
f 2767 2775 2768
f 2768 2774 2769
f 2768 2775 2776
f 2768 2776 2774
f 2769 2774 2776
f 2769 2776 2780
f 2769 2780 2787
f 2769 2787 2798
f 2769 2798 2810
f 2769 2810 2811
f 2769 2811 2800
f 2769 2800 2799
f 2769 2799 2789
f 2769 2789 2783
f 2769 2783 2782
f 2769 2782 2781
f 2769 2781 2777
f 2769 2777 2772
f 2769 2772 2771
f 2769 2771 2770
f 2772 2777 2778
f 2772 2778 2773
f 2775 2779 2785
f 2775 2785 2794
f 2775 2794 2805
f 2775 2805 2813
f 2775 2813 2808
f 2775 2808 2797
f 2775 2797 2787
f 2775 2787 2780
f 2775 2780 2776
f 2777 2781 2778
f 2778 2781 2782
f 2778 2782 2783
f 2778 2783 2784
f 2779 2786 2795
f 2779 2795 2785
f 2783 2788 2784
f 2783 2789 2790
f 2783 2790 2788
f 2784 2788 2791
f 2784 2791 2792
f 2784 2792 2793
f 2785 2795 2794
f 2786 2796 2795
f 2787 2797 2798
f 2788 2790 2791
f 2789 2799 2790
f 2790 2799 2800
f 2790 2800 2801
f 2790 2801 2802
f 2790 2802 2791
f 2791 2802 2792
f 2792 2802 2803
f 2792 2803 2793
f 2793 2803 2804
f 2794 2795 2806
f 2794 2806 2805
f 2795 2796 2807
f 2795 2807 2806
f 2796 2804 2807
f 2797 2808 2809
f 2797 2809 2798
f 2798 2809 2810
f 2800 2811 2801
f 2801 2811 2810
f 2801 2810 2809
f 2801 2809 2812
f 2801 2812 2802
f 2802 2812 2803
f 2803 2812 2804
f 2804 2812 2807
f 2805 2806 2813
f 2806 2807 2812
f 2806 2812 2809
f 2806 2809 2813
f 2808 2813 2809

o geometry_87
v -0.09592935 -0.08333093 -0.01106718 0.14705883 0.02352940 1.39411764
v -0.09888126 -0.08333093 -0.00851514 0.14705883 0.02352940 1.39411764
v -0.09147135 -0.09426971 -0.01106718 0.14705883 0.02352940 1.39411764
v -0.10547029 -0.08333093 -0.01106718 0.14705883 0.02352940 1.39411764
v -0.09670503 -0.09426971 -0.00851514 0.14705883 0.02352940 1.39411764
v -0.10547029 -0.08333093 -0.00851514 0.14705883 0.02352940 1.39411764
v -0.10547029 -0.09426971 -0.01106718 0.14705883 0.02352940 1.39411764
v -0.10547029 -0.09426971 -0.00851514 0.14705883 0.02352940 1.39411764
f 2814 2815 2816
f 2814 2816 2820
f 2814 2820 2817
f 2814 2817 2819
f 2814 2819 2815
f 2815 2818 2816
f 2815 2819 2821
f 2815 2821 2818
f 2816 2818 2821
f 2816 2821 2820
f 2817 2820 2821
f 2817 2821 2819

o geometry_88
v -0.09470800 0.09377961 -0.00851490 1.00000000 1.17647060 0.41764705
v -0.09591207 0.09164498 -0.00851490 1.00000000 1.17647060 0.41764705
v -0.10627978 0.09377961 -0.00851490 1.00000000 1.17647060 0.41764705
v -0.09525850 0.09377961 0.01015550 1.00000000 1.17647060 0.41764705
v -0.09850372 0.08733405 0.01015550 1.00000000 1.17647060 0.41764705
v -0.09860452 0.08733405 -0.00851490 1.00000000 1.17647060 0.41764705
v -0.10627978 0.09377961 0.02523015 1.00000000 1.17647060 0.41764705
v -0.10627978 0.08733405 -0.00851490 1.00000000 1.17647060 0.41764705
v -0.09809595 0.09377961 0.02234288 1.00000000 1.17647060 0.41764705
v -0.10058904 0.08733405 0.02234288 1.00000000 1.17647060 0.41764705
v -0.10627978 0.08872160 0.02552423 1.00000000 1.17647060 0.41764705
v -0.10547670 0.09377961 0.02537718 1.00000000 1.17647060 0.41764705
v -0.10627978 0.08733405 0.02545739 1.00000000 1.17647060 0.41764705
v -0.09818996 0.09377961 0.02253669 1.00000000 1.17647060 0.41764705
v -0.10115992 0.08733405 0.02476564 1.00000000 1.17647060 0.41764705
v -0.10360094 0.08733405 0.02541729 1.00000000 1.17647060 0.41764705
v -0.10359413 0.09140646 0.02560777 1.00000000 1.17647060 0.41764705
v -0.10359413 0.09377961 0.02562447 1.00000000 1.17647060 0.41764705
v -0.10474157 0.09377961 0.02547410 1.00000000 1.17647060 0.41764705
v -0.09988789 0.09377961 0.02507309 1.00000000 1.17647060 0.41764705
v -0.10115992 0.08734479 0.02476899 1.00000000 1.17647060 0.41764705
v -0.10359413 0.08734479 0.02541729 1.00000000 1.17647060 0.41764705
v -0.10107157 0.09377961 0.02533374 1.00000000 1.17647060 0.41764705
f 2822 2823 2827
f 2822 2827 2829
f 2822 2829 2824
f 2822 2824 2828
f 2822 2828 2833
f 2822 2833 2840
f 2822 2840 2839
f 2822 2839 2844
f 2822 2844 2841
f 2822 2841 2835
f 2822 2835 2830
f 2822 2830 2825
f 2822 2825 2826
f 2822 2826 2823
f 2823 2826 2827
f 2824 2829 2834
f 2824 2834 2832
f 2824 2832 2828
f 2825 2830 2831
f 2825 2831 2826
f 2826 2831 2836
f 2826 2836 2837
f 2826 2837 2834
f 2826 2834 2829
f 2826 2829 2827
f 2828 2832 2833
f 2830 2835 2836
f 2830 2836 2831
f 2832 2834 2837
f 2832 2837 2838
f 2832 2838 2839
f 2832 2839 2840
f 2832 2840 2833
f 2835 2841 2836
f 2836 2841 2842
f 2836 2842 2837
f 2837 2843 2838
f 2837 2842 2843
f 2838 2843 2844
f 2838 2844 2839
f 2841 2844 2843
f 2841 2843 2842

o geometry_89
v 0.06001605 0.07398546 0.00636098 0.87647060 0.09411765 0.72352941
v 0.06054531 0.07269159 0.00636098 0.87647060 0.09411765 0.72352941
v 0.06001605 0.07398546 0.01828096 0.87647060 0.09411765 0.72352941
v 0.07270845 0.07398546 0.00636098 0.87647060 0.09411765 0.72352941
v 0.06061781 0.07251824 0.00636098 0.87647060 0.09411765 0.72352941
v 0.06061781 0.07251824 0.01828096 0.87647060 0.09411765 0.72352941
v 0.06068064 0.07263328 0.02234314 0.87647060 0.09411765 0.72352941
v 0.06017314 0.07398546 0.02234314 0.87647060 0.09411765 0.72352941
v 0.07387813 0.07398546 0.01015662 0.87647060 0.09411765 0.72352941
v 0.08470485 0.06937261 0.01154408 0.87647060 0.09411765 0.72352941
v 0.08470485 0.06853421 0.00636098 0.87647060 0.09411765 0.72352941
v 0.06069515 0.07238428 0.00636098 0.87647060 0.09411765 0.72352941
v 0.06179715 0.07048683 0.01828096 0.87647060 0.09411765 0.72352941
v 0.06080873 0.07287441 0.02451127 0.87647060 0.09411765 0.72352941
v 0.06192523 0.07060186 0.02234314 0.87647060 0.09411765 0.72352941
v 0.06062748 0.07398546 0.02465115 0.87647060 0.09411765 0.72352941
v 0.07404004 0.07398546 0.01422067 0.87647060 0.09411765 0.72352941
v 0.08470485 0.06958380 0.01422067 0.87647060 0.09411765 0.72352941
v 0.08470485 0.06952392 0.01299768 0.87647060 0.09411765 0.72352941
v 0.08470485 0.05794060 0.00636098 0.87647060 0.09411765 0.72352941
v 0.06179715 0.07048683 0.00636098 0.87647060 0.09411765 0.72352941
v 0.06382957 0.06763592 0.01828096 0.87647060 0.09411765 0.72352941
v 0.06395766 0.06777459 0.02234314 0.87647060 0.09411765 0.72352941
v 0.06439024 0.06829465 0.02479103 0.87647060 0.09411765 0.72352941
v 0.06301032 0.07134888 0.02496683 0.87647060 0.09411765 0.72352941
v 0.06298374 0.07398546 0.02529951 0.87647060 0.09411765 0.72352941
v 0.08470485 0.06928122 0.01677253 0.87647060 0.09411765 0.72352941
v 0.07159920 0.07398546 0.02234314 0.87647060 0.09411765 0.72352941
v 0.08470485 0.05794060 0.01828096 0.87647060 0.09411765 0.72352941
v 0.08328142 0.05788543 0.00636098 0.87647060 0.09411765 0.72352941
v 0.06382957 0.06763592 0.00636098 0.87647060 0.09411765 0.72352941
v 0.06560341 0.06560766 0.01828096 0.87647060 0.09411765 0.72352941
v 0.06574116 0.06574476 0.02234314 0.87647060 0.09411765 0.72352941
v 0.06829560 0.06439574 0.02479291 0.87647060 0.09411765 0.72352941
v 0.06697851 0.06697716 0.02513505 0.87647060 0.09411765 0.72352941
v 0.06703167 0.07109356 0.02566054 0.87647060 0.09411765 0.72352941
v 0.06703167 0.07398546 0.02547718 0.87647060 0.09411765 0.72352941
v 0.08470485 0.06771471 0.02234314 0.87647060 0.09411765 0.72352941
v 0.07019511 0.07398546 0.02487231 0.87647060 0.09411765 0.72352941
v 0.08470485 0.05808875 0.01970433 0.87647060 0.09411765 0.72352941
v 0.08328142 0.05788543 0.01828096 0.87647060 0.09411765 0.72352941
v 0.07921899 0.05837556 0.00636098 0.87647060 0.09411765 0.72352941
v 0.06560341 0.06560766 0.00636098 0.87647060 0.09411765 0.72352941
v 0.06763584 0.06383469 0.01828096 0.87647060 0.09411765 0.72352941
v 0.06777360 0.06396393 0.02234314 0.87647060 0.09411765 0.72352941
v 0.07287038 0.06080412 0.02451694 0.87647060 0.09411765 0.72352941
v 0.07134786 0.06301205 0.02497060 0.87647060 0.09411765 0.72352941
v 0.07515654 0.06296949 0.02545073 0.87647060 0.09411765 0.72352941
v 0.07109652 0.06703074 0.02566054 0.87647060 0.09411765 0.72352941
v 0.07921899 0.06296949 0.02566811 0.87647060 0.09411765 0.72352941
v 0.08328142 0.06296949 0.02567188 0.87647060 0.09411765 0.72352941
v 0.08470485 0.06296949 0.02567188 0.87647060 0.09411765 0.72352941
v 0.08470485 0.06411363 0.02544316 0.87647060 0.09411765 0.72352941
v 0.08470485 0.06613875 0.02502164 0.87647060 0.09411765 0.72352941
v 0.08470485 0.06672027 0.02408407 0.87647060 0.09411765 0.72352941
v 0.08470485 0.05837556 0.02234314 0.87647060 0.09411765 0.72352941
v 0.08328142 0.05832830 0.02234314 0.87647060 0.09411765 0.72352941
v 0.07921899 0.05872701 0.02234314 0.87647060 0.09411765 0.72352941
v 0.07921899 0.05837556 0.01828096 0.87647060 0.09411765 0.72352941
v 0.07542239 0.05946140 0.00636098 0.87647060 0.09411765 0.72352941
v 0.06763584 0.06383469 0.00636098 0.87647060 0.09411765 0.72352941
v 0.07048511 0.06180328 0.01828096 0.87647060 0.09411765 0.72352941
v 0.07059869 0.06193251 0.02234314 0.87647060 0.09411765 0.72352941
v 0.07262869 0.06067332 0.02234314 0.87647060 0.09411765 0.72352941
v 0.07515654 0.05973563 0.02234314 0.87647060 0.09411765 0.72352941
v 0.07515654 0.06043535 0.02480236 0.87647060 0.09411765 0.72352941
v 0.07921899 0.06000827 0.02501974 0.87647060 0.09411765 0.72352941
v 0.08328142 0.05985540 0.02502164 0.87647060 0.09411765 0.72352941
v 0.08470485 0.06094596 0.02525035 0.87647060 0.09411765 0.72352941
v 0.08470485 0.05888303 0.02328070 0.87647060 0.09411765 0.72352941
v 0.08470485 0.05987430 0.02502164 0.87647060 0.09411765 0.72352941
v 0.07515654 0.05953863 0.01828096 0.87647060 0.09411765 0.72352941
v 0.07515654 0.05953863 0.00636098 0.87647060 0.09411765 0.72352941
v 0.07048511 0.06180328 0.00636098 0.87647060 0.09411765 0.72352941
v 0.07251512 0.06061028 0.01828096 0.87647060 0.09411765 0.72352941
v 0.07268911 0.06053935 0.00636098 0.87647060 0.09411765 0.72352941
v 0.07251512 0.06061028 0.00636098 0.87647060 0.09411765 0.72352941
f 2845 2846 2847
f 2845 2847 2852
f 2845 2852 2860
f 2845 2860 2870
f 2845 2870 2881
f 2845 2881 2883
f 2845 2883 2872
f 2845 2872 2861
f 2845 2861 2853
f 2845 2853 2848
f 2845 2848 2855
f 2845 2855 2864
f 2845 2864 2874
f 2845 2874 2886
f 2845 2886 2904
f 2845 2904 2917
f 2845 2917 2920
f 2845 2920 2921
f 2845 2921 2918
f 2845 2918 2905
f 2845 2905 2887
f 2845 2887 2875
f 2845 2875 2865
f 2845 2865 2856
f 2845 2856 2849
f 2845 2849 2846
f 2846 2849 2850
f 2846 2850 2847
f 2847 2850 2851
f 2847 2851 2852
f 2848 2853 2854
f 2848 2854 2855
f 2849 2856 2850
f 2850 2856 2857
f 2850 2857 2851
f 2851 2858 2852
f 2851 2857 2859
f 2851 2859 2858
f 2852 2858 2860
f 2853 2861 2862
f 2853 2862 2863
f 2853 2863 2854
f 2854 2863 2862
f 2854 2862 2871
f 2854 2871 2882
f 2854 2882 2899
f 2854 2899 2898
f 2854 2898 2897
f 2854 2897 2896
f 2854 2896 2913
f 2854 2913 2915
f 2854 2915 2914
f 2854 2914 2900
f 2854 2900 2884
f 2854 2884 2873
f 2854 2873 2864
f 2854 2864 2855
f 2856 2865 2857
f 2857 2866 2859
f 2857 2865 2875
f 2857 2875 2866
f 2858 2859 2867
f 2858 2867 2868
f 2858 2868 2869
f 2858 2869 2860
f 2859 2866 2867
f 2860 2869 2870
f 2861 2871 2862
f 2861 2872 2871
f 2864 2873 2885
f 2864 2885 2874
f 2866 2876 2867
f 2866 2875 2887
f 2866 2887 2876
f 2867 2876 2877
f 2867 2877 2868
f 2868 2877 2878
f 2868 2878 2879
f 2868 2879 2869
f 2869 2879 2870
f 2870 2879 2880
f 2870 2880 2881
f 2871 2872 2883
f 2871 2883 2882
f 2873 2884 2885
f 2874 2885 2903
f 2874 2903 2886
f 2876 2887 2905
f 2876 2905 2888
f 2876 2888 2889
f 2876 2889 2877
f 2877 2889 2878
f 2878 2889 2890
f 2878 2890 2891
f 2878 2891 2879
f 2879 2891 2892
f 2879 2892 2893
f 2879 2893 2880
f 2880 2893 2894
f 2880 2894 2895
f 2880 2895 2896
f 2880 2896 2881
f 2881 2896 2897
f 2881 2897 2898
f 2881 2898 2883
f 2882 2883 2899
f 2883 2898 2899
f 2884 2900 2885
f 2885 2900 2901
f 2885 2901 2902
f 2885 2902 2903
f 2886 2903 2904
f 2888 2905 2918
f 2888 2918 2906
f 2888 2906 2907
f 2888 2907 2889
f 2889 2907 2890
f 2890 2907 2908
f 2890 2908 2909
f 2890 2909 2902
f 2890 2902 2910
f 2890 2910 2891
f 2891 2910 2892
f 2892 2910 2911
f 2892 2911 2894
f 2892 2894 2893
f 2894 2911 2912
f 2894 2912 2895
f 2895 2912 2913
f 2895 2913 2896
f 2900 2914 2901
f 2901 2912 2911
f 2901 2911 2902
f 2901 2914 2915
f 2901 2915 2912
f 2902 2911 2910
f 2902 2909 2903
f 2903 2909 2916
f 2903 2916 2904
f 2904 2916 2917
f 2906 2918 2921
f 2906 2921 2919
f 2906 2919 2908
f 2906 2908 2907
f 2908 2919 2916
f 2908 2916 2909
f 2912 2915 2913
f 2916 2919 2920
f 2916 2920 2917
f 2919 2921 2920

o geometry_90
v -0.09147211 -0.09427078 -0.01106718 1.46470589 1.31176470 0.50588235
v -0.09036498 -0.09442644 -0.01106718 1.46470589 1.31176470 0.50588235
v -0.10547166 -0.09427078 -0.01106718 1.46470589 1.31176470 0.50588235
v -0.09670245 -0.09427078 -0.00851514 1.46470589 1.31176470 0.50588235
v -0.08303242 -0.09642327 -0.01106718 1.46470589 1.31176470 0.50588235
v -0.10547166 -0.10036322 -0.01106718 1.46470589 1.31176470 0.50588235
v -0.10547166 -0.09427078 -0.00851514 1.46470589 1.31176470 0.50588235
v -0.08303242 -0.09934752 -0.00851514 1.46470589 1.31176470 0.50588235
v -0.08303242 -0.10036322 -0.01106718 1.46470589 1.31176470 0.50588235
v -0.10547166 -0.10036322 -0.00851514 1.46470589 1.31176470 0.50588235
v -0.08303242 -0.10036322 -0.00851514 1.46470589 1.31176470 0.50588235
f 2922 2923 2926
f 2922 2926 2930
f 2922 2930 2927
f 2922 2927 2924
f 2922 2924 2928
f 2922 2928 2925
f 2922 2925 2923
f 2923 2925 2926
f 2924 2927 2931
f 2924 2931 2928
f 2925 2928 2931
f 2925 2931 2932
f 2925 2932 2929
f 2925 2929 2926
f 2926 2929 2932
f 2926 2932 2930
f 2927 2930 2932
f 2927 2932 2931

o geometry_91
v 0.05772860 0.08328009 -0.00694060 1.44117646 0.34705883 1.42352941
v 0.05781312 0.08211144 -0.00694060 1.44117646 0.34705883 1.42352941
v 0.05789908 0.08328009 -0.00293379 1.44117646 0.34705883 1.42352941
v 0.05775438 0.08399710 -0.00694060 1.44117646 0.34705883 1.42352941
v 0.05814839 0.07921774 -0.00694060 1.44117646 0.34705883 1.42352941
v 0.05800368 0.08237915 -0.00293379 1.44117646 0.34705883 1.42352941
v 0.05792488 0.08399710 -0.00293379 1.44117646 0.34705883 1.42352941
v 0.06901028 0.08399710 -0.00694060 1.44117646 0.34705883 1.42352941
v 0.05837334 0.07921774 -0.00293379 1.44117646 0.34705883 1.42352941
v 0.05831746 0.07821670 -0.00694060 1.44117646 0.34705883 1.42352941
v 0.06972523 0.08399710 -0.00293379 1.44117646 0.34705883 1.42352941
v 0.06973812 0.08399710 -0.00552511 1.44117646 0.34705883 1.42352941
v 0.07182426 0.07596321 -0.00694060 1.44117646 0.34705883 1.42352941
v 0.05862694 0.07831449 -0.00293379 1.44117646 0.34705883 1.42352941
v 0.05917713 0.07515540 -0.00694060 1.44117646 0.34705883 1.42352941
v 0.06972810 0.08399710 -0.00336444 1.44117646 0.34705883 1.42352941
v 0.07236298 0.07603305 -0.00293379 1.44117646 0.34705883 1.42352941
v 0.07236441 0.07603072 -0.00293770 1.44117646 0.34705883 1.42352941
v 0.07236441 0.07495986 -0.00604675 1.44117646 0.34705883 1.42352941
v 0.07236441 0.07488071 -0.00626404 1.44117646 0.34705883 1.42352941
v 0.07236441 0.07438950 -0.00694060 1.44117646 0.34705883 1.42352941
v 0.05953103 0.07515540 -0.00293379 1.44117646 0.34705883 1.42352941
v 0.05942930 0.07428474 -0.00694060 1.44117646 0.34705883 1.42352941
v 0.07236441 0.07512048 -0.00293379 1.44117646 0.34705883 1.42352941
v 0.07236441 0.06021671 -0.00694060 1.44117646 0.34705883 1.42352941
v 0.06061134 0.07251780 -0.00293379 1.44117646 0.34705883 1.42352941
v 0.06027463 0.07223378 -0.00694060 1.44117646 0.34705883 1.42352941
v 0.07236441 0.06069394 -0.00293379 1.44117646 0.34705883 1.42352941
v 0.07223116 0.06027026 -0.00694060 1.44117646 0.34705883 1.42352941
v 0.06152974 0.07093943 -0.00293379 1.44117646 0.34705883 1.42352941
v 0.06120736 0.07066007 -0.00694060 1.44117646 0.34705883 1.42352941
v 0.06179625 0.07048779 -0.00293379 1.44117646 0.34705883 1.42352941
v 0.07093450 0.06153435 -0.00293379 1.44117646 0.34705883 1.42352941
v 0.07048317 0.06180207 -0.00293379 1.44117646 0.34705883 1.42352941
v 0.07065367 0.06121308 -0.00694060 1.44117646 0.34705883 1.42352941
v 0.06224757 0.06985458 -0.00293379 1.44117646 0.34705883 1.42352941
v 0.06359009 0.06744045 -0.00694060 1.44117646 0.34705883 1.42352941
v 0.06382792 0.06763833 -0.00293379 1.44117646 0.34705883 1.42352941
v 0.06763338 0.06383439 -0.00293379 1.44117646 0.34705883 1.42352941
v 0.06743709 0.06359462 -0.00694060 1.44117646 0.34705883 1.42352941
v 0.06491253 0.06592959 -0.00694060 1.44117646 0.34705883 1.42352941
v 0.06520769 0.06605763 -0.00293379 1.44117646 0.34705883 1.42352941
v 0.06605445 0.06521256 -0.00293379 1.44117646 0.34705883 1.42352941
v 0.06592551 0.06491691 -0.00694060 1.44117646 0.34705883 1.42352941
v 0.06560313 0.06560832 -0.00293379 1.44117646 0.34705883 1.42352941
f 2933 2934 2935
f 2933 2935 2939
f 2933 2939 2936
f 2933 2936 2940
f 2933 2940 2945
f 2933 2945 2953
f 2933 2953 2957
f 2933 2957 2961
f 2933 2961 2967
f 2933 2967 2972
f 2933 2972 2976
f 2933 2976 2973
f 2933 2973 2969
f 2933 2969 2963
f 2933 2963 2959
f 2933 2959 2955
f 2933 2955 2947
f 2933 2947 2942
f 2933 2942 2937
f 2933 2937 2934
f 2934 2937 2935
f 2935 2937 2938
f 2935 2938 2941
f 2935 2941 2946
f 2935 2946 2954
f 2935 2954 2958
f 2935 2958 2962
f 2935 2962 2964
f 2935 2964 2968
f 2935 2968 2970
f 2935 2970 2974
f 2935 2974 2977
f 2935 2977 2975
f 2935 2975 2971
f 2935 2971 2966
f 2935 2966 2965
f 2935 2965 2960
f 2935 2960 2956
f 2935 2956 2949
f 2935 2949 2943
f 2935 2943 2939
f 2936 2939 2943
f 2936 2943 2948
f 2936 2948 2944
f 2936 2944 2940
f 2937 2941 2938
f 2937 2942 2941
f 2940 2944 2945
f 2941 2942 2946
f 2942 2947 2946
f 2943 2949 2950
f 2943 2950 2948
f 2944 2950 2951
f 2944 2951 2952
f 2944 2952 2953
f 2944 2953 2945
f 2944 2948 2950
f 2946 2947 2954
f 2947 2955 2954
f 2949 2956 2950
f 2950 2956 2960
f 2950 2960 2957
f 2950 2957 2953
f 2950 2953 2952
f 2950 2952 2951
f 2954 2955 2958
f 2955 2959 2958
f 2957 2960 2961
f 2958 2959 2962
f 2959 2963 2964
f 2959 2964 2962
f 2960 2965 2961
f 2961 2965 2966
f 2961 2966 2967
f 2963 2968 2964
f 2963 2969 2970
f 2963 2970 2968
f 2966 2971 2967
f 2967 2971 2972
f 2969 2973 2974
f 2969 2974 2970
f 2971 2975 2972
f 2972 2975 2976
f 2973 2977 2974
f 2973 2976 2977
f 2975 2977 2976

o geometry_92
v 0.08470485 0.10570398 0.02542262 1.41176470 1.19411764 0.94117647
v 0.08132554 0.10570398 0.02553180 1.41176470 1.19411764 0.94117647
v 0.08470485 0.10359301 0.02537501 1.41176470 1.19411764 0.94117647
v 0.08470485 0.10570398 0.00636435 1.41176470 1.19411764 0.94117647
v 0.07726366 0.10570398 0.02550379 1.41176470 1.19411764 0.94117647
v 0.07515582 0.10359301 0.02566619 1.41176470 1.19411764 0.94117647
v 0.06698398 0.09541964 0.02559060 1.41176470 1.19411764 0.94117647
v 0.06703446 0.09541964 0.02558499 1.41176470 1.19411764 0.94117647
v 0.08470485 0.10122193 0.02472546 1.41176470 1.19411764 0.94117647
v 0.08470485 0.09881044 0.00636435 1.41176470 1.19411764 0.94117647
v 0.08404149 0.10570293 -0.00293099 1.41176470 1.19411764 0.94117647
v 0.06639273 0.10570398 0.00636435 1.41176470 1.19411764 0.94117647
v 0.07318737 0.10570398 0.02518182 1.41176470 1.19411764 0.94117647
v 0.07109634 0.10359301 0.02540020 1.41176470 1.19411764 0.94117647
v 0.06703206 0.09953377 0.02547300 1.41176470 1.19411764 0.94117647
v 0.06277790 0.09541964 0.02513142 1.41176470 1.19411764 0.94117647
v 0.06015330 0.09511703 0.00636156 1.41176470 1.19411764 0.94117647
v 0.07436027 0.09511703 0.00636156 1.41176470 1.19411764 0.94117647
v 0.07068054 0.09541964 0.02496065 1.41176470 1.19411764 0.94117647
v 0.07079351 0.09541964 0.02492983 1.41176470 1.19411764 0.94117647
v 0.07217070 0.09541964 0.02281040 1.41176470 1.19411764 0.94117647
v 0.08470485 0.10072968 0.02234002 1.41176470 1.19411764 0.94117647
v 0.07504526 0.09541964 0.01005729 1.41176470 1.19411764 0.94117647
v 0.07440112 0.09511703 -0.00293099 1.41176470 1.19411764 0.94117647
v 0.08404149 0.09960321 -0.00293099 1.41176470 1.19411764 0.94117647
v 0.07228846 0.09541964 0.02234002 1.41176470 1.19411764 0.94117647
v 0.06639033 0.10570293 -0.00293099 1.41176470 1.19411764 0.94117647
v 0.06639273 0.10570398 0.01421780 1.41176470 1.19411764 0.94117647
v 0.07109634 0.10570398 0.02493545 1.41176470 1.19411764 0.94117647
v 0.06738297 0.10331632 0.02477586 1.41176470 1.19411764 0.94117647
v 0.06276830 0.09563207 0.02510343 1.41176470 1.19411764 0.94117647
v 0.06480883 0.10177637 0.02454067 1.41176470 1.19411764 0.94117647
v 0.06409502 0.09953377 0.02482346 1.41176470 1.19411764 0.94117647
v 0.06238854 0.09541964 0.02503904 1.41176470 1.19411764 0.94117647
v 0.06083107 0.09541964 0.02379872 1.41176470 1.19411764 0.94117647
v 0.06046575 0.09541964 0.02234002 1.41176470 1.19411764 0.94117647
v 0.06041769 0.09541964 0.02157288 1.41176470 1.19411764 0.94117647
v 0.06029029 0.09541964 0.01828031 1.41176470 1.19411764 0.94117647
v 0.06016771 0.09515536 0.00636156 1.41176470 1.19411764 0.94117647
v 0.06016292 0.09515536 -0.00293099 1.41176470 1.19411764 0.94117647
v 0.06015330 0.09511703 -0.00293099 1.41176470 1.19411764 0.94117647
v 0.06110028 0.09718654 -0.00293099 1.41176470 1.19411764 0.94117647
v 0.06109788 0.09718654 0.00203306 1.41176470 1.19411764 0.94117647
v 0.06109547 0.09718654 0.01421780 1.41176470 1.19411764 0.94117647
v 0.06109547 0.09718654 0.01828031 1.41176470 1.19411764 0.94117647
v 0.06639515 0.10570398 0.01828031 1.41176470 1.19411764 0.94117647
v 0.07012775 0.10570398 0.02475625 1.41176470 1.19411764 0.94117647
v 0.06883227 0.10570398 0.02447348 1.41176470 1.19411764 0.94117647
v 0.06700803 0.10570398 0.02232323 1.41176470 1.19411764 0.94117647
v 0.06127572 0.09703731 0.02234002 1.41176470 1.19411764 0.94117647
f 2978 2979 2980
f 2978 2980 2986
f 2978 2986 2999
f 2978 2999 2987
f 2978 2987 2981
f 2978 2981 2989
f 2978 2989 3005
f 2978 3005 3023
f 2978 3023 3026
f 2978 3026 3025
f 2978 3025 3024
f 2978 3024 3006
f 2978 3006 2990
f 2978 2990 2982
f 2978 2982 2979
f 2979 2982 2983
f 2979 2983 2980
f 2980 2983 2984
f 2980 2984 2985
f 2980 2985 2986
f 2981 2987 3002
f 2981 3002 2988
f 2981 2988 3004
f 2981 3004 2989
f 2982 2990 2991
f 2982 2991 2983
f 2983 2991 2992
f 2983 2992 2984
f 2984 2992 2993
f 2984 2993 2994
f 2984 2994 2995
f 2984 2995 2985
f 2985 2995 2996
f 2985 2996 2986
f 2986 2997 2998
f 2986 2998 2999
f 2986 2996 2997
f 2987 3000 2995
f 2987 2995 3001
f 2987 3001 3002
f 2987 2999 2998
f 2987 2998 3003
f 2987 3003 3000
f 2988 3002 3001
f 2988 3001 3018
f 2988 3018 3017
f 2988 3017 3019
f 2988 3019 3004
f 2989 3004 3005
f 2990 3006 2991
f 2991 3006 3007
f 2991 3007 2992
f 2992 3008 2993
f 2992 3007 3009
f 2992 3009 3010
f 2992 3010 3008
f 2993 3008 3011
f 2993 3011 2994
f 2994 3011 3012
f 2994 3012 3013
f 2994 3013 3014
f 2994 3014 3015
f 2994 3015 3016
f 2994 3016 3017
f 2994 3017 3018
f 2994 3018 3001
f 2994 3001 2995
f 2995 3000 3003
f 2995 3003 2998
f 2995 2998 2997
f 2995 2997 2996
f 3004 3019 3020
f 3004 3020 3021
f 3004 3021 3022
f 3004 3022 3005
f 3005 3022 3023
f 3006 3024 3007
f 3007 3024 3025
f 3007 3025 3009
f 3008 3010 3011
f 3009 3025 3026
f 3009 3026 3027
f 3009 3027 3012
f 3009 3012 3011
f 3009 3011 3010
f 3012 3027 3013
f 3013 3027 3022
f 3013 3022 3014
f 3014 3022 3015
f 3015 3022 3017
f 3015 3017 3016
f 3017 3022 3021
f 3017 3021 3020
f 3017 3020 3019
f 3022 3027 3023
f 3023 3027 3026

o geometry_93
v 0.07504685 0.09541674 0.01005861 1.30588236 0.43529412 1.27058823
v 0.06963051 0.08469252 0.01328991 1.30588236 0.43529412 1.27058823
v 0.06984482 0.08469252 0.01216147 1.30588236 0.43529412 1.27058823
v 0.07006582 0.08469252 0.01015941 1.30588236 0.43529412 1.27058823
v 0.06975105 0.08463447 -0.00293379 1.30588236 0.43529412 1.27058823
v 0.07440057 0.09511700 -0.00293379 1.30588236 0.43529412 1.27058823
v 0.07481412 0.09541674 0.00648851 1.30588236 0.43529412 1.27058823
v 0.07228593 0.09541674 0.02234259 1.30588236 0.43529412 1.27058823
v 0.06769000 0.08469252 0.02234259 1.30588236 0.43529412 1.27058823
v 0.06909975 0.08463447 0.00636251 1.30588236 0.43529412 1.27058823
v 0.06972929 0.08463447 -0.00166256 1.30588236 0.43529412 1.27058823
v 0.05794729 0.08463447 -0.00293379 1.30588236 0.43529412 1.27058823
v 0.06015066 0.09511700 -0.00293379 1.30588236 0.43529412 1.27058823
v 0.07473040 0.09541674 0.00636251 1.30588236 0.43529412 1.27058823
v 0.07216706 0.09541674 0.02280741 1.30588236 0.43529412 1.27058823
v 0.06669548 0.08469252 0.02409264 1.30588236 0.43529412 1.27058823
v 0.05794395 0.08463447 0.00636251 1.30588236 0.43529412 1.27058823
v 0.06612956 0.08469252 0.02501947 1.30588236 0.43529412 1.27058823
v 0.06409697 0.08469252 0.02544508 1.30588236 0.43529412 1.27058823
v 0.06297018 0.08469252 0.02567188 1.30588236 0.43529412 1.27058823
v 0.05794395 0.08463447 0.00203357 1.30588236 0.43529412 1.27058823
v 0.05804272 0.08734482 -0.00293379 1.30588236 0.43529412 1.27058823
v 0.06028964 0.09541674 0.00636251 1.30588236 0.43529412 1.27058823
v 0.05882295 0.09140611 -0.00293379 1.30588236 0.43529412 1.27058823
v 0.05882798 0.09140611 0.01827966 1.30588236 0.43529412 1.27058823
v 0.06016908 0.09515289 0.01827966 1.30588236 0.43529412 1.27058823
v 0.06028964 0.09541674 0.01827966 1.30588236 0.43529412 1.27058823
v 0.07078912 0.09541674 0.02492707 1.30588236 0.43529412 1.27058823
v 0.05794563 0.08469252 0.01827966 1.30588236 0.43529412 1.27058823
v 0.06093926 0.08469252 0.02524628 1.30588236 0.43529412 1.27058823
v 0.05987943 0.08469252 0.02501947 1.30588236 0.43529412 1.27058823
v 0.05888490 0.08469252 0.02327221 1.30588236 0.43529412 1.27058823
v 0.05838261 0.08469252 0.02234259 1.30588236 0.43529412 1.27058823
v 0.05809296 0.08469252 0.01968810 1.30588236 0.43529412 1.27058823
v 0.07067694 0.09541674 0.02496068 1.30588236 0.43529412 1.27058823
v 0.06697844 0.09541674 0.02559350 1.30588236 0.43529412 1.27058823
v 0.06297018 0.08734587 0.02567188 1.30588236 0.43529412 1.27058823
v 0.06703200 0.09541674 0.02558509 1.30588236 0.43529412 1.27058823
v 0.05794563 0.08469252 0.00636251 1.30588236 0.43529412 1.27058823
v 0.05803938 0.08734482 0.00203357 1.30588236 0.43529412 1.27058823
v 0.05803938 0.08734587 0.00636251 1.30588236 0.43529412 1.27058823
v 0.05803938 0.08734587 0.01827966 1.30588236 0.43529412 1.27058823
v 0.05911260 0.09140611 0.02234259 1.30588236 0.43529412 1.27058823
v 0.06025950 0.09500512 0.02234259 1.30588236 0.43529412 1.27058823
v 0.06041688 0.09541674 0.02157257 1.30588236 0.43529412 1.27058823
v 0.05845964 0.08734587 0.02234259 1.30588236 0.43529412 1.27058823
v 0.05990957 0.08734587 0.02501947 1.30588236 0.43529412 1.27058823
v 0.06297018 0.09140611 0.02561309 1.30588236 0.43529412 1.27058823
v 0.06277931 0.09541674 0.02512867 1.30588236 0.43529412 1.27058823
v 0.06054581 0.09438346 0.02472826 1.30588236 0.43529412 1.27058823
v 0.06082875 0.09541674 0.02379864 1.30588236 0.43529412 1.27058823
v 0.06046543 0.09541674 0.02234259 1.30588236 0.43529412 1.27058823
v 0.06016908 0.09140611 0.02496347 1.30588236 0.43529412 1.27058823
v 0.06263699 0.09541674 0.02509788 1.30588236 0.43529412 1.27058823
v 0.06238920 0.09541674 0.02504187 1.30588236 0.43529412 1.27058823
f 3028 3029 3030
f 3028 3030 3031
f 3028 3031 3032
f 3028 3032 3033
f 3028 3033 3034
f 3028 3034 3041
f 3028 3041 3050
f 3028 3050 3054
f 3028 3054 3072
f 3028 3072 3079
f 3028 3079 3078
f 3028 3078 3082
f 3028 3082 3081
f 3028 3081 3076
f 3028 3076 3063
f 3028 3063 3065
f 3028 3065 3062
f 3028 3062 3055
f 3028 3055 3042
f 3028 3042 3035
f 3028 3035 3036
f 3028 3036 3029
f 3029 3037 3030
f 3029 3036 3037
f 3030 3037 3031
f 3031 3037 3038
f 3031 3038 3032
f 3032 3038 3037
f 3032 3037 3044
f 3032 3044 3048
f 3032 3048 3039
f 3032 3039 3049
f 3032 3049 3051
f 3032 3051 3040
f 3032 3040 3033
f 3033 3040 3050
f 3033 3050 3041
f 3033 3041 3034
f 3035 3042 3036
f 3036 3042 3043
f 3036 3043 3037
f 3037 3043 3045
f 3037 3045 3046
f 3037 3046 3047
f 3037 3047 3044
f 3039 3048 3067
f 3039 3067 3049
f 3040 3051 3052
f 3040 3052 3053
f 3040 3053 3054
f 3040 3054 3050
f 3042 3055 3045
f 3042 3045 3043
f 3044 3056 3066
f 3044 3066 3048
f 3044 3047 3057
f 3044 3057 3058
f 3044 3058 3059
f 3044 3059 3060
f 3044 3060 3061
f 3044 3061 3056
f 3045 3055 3062
f 3045 3062 3046
f 3046 3062 3047
f 3047 3063 3064
f 3047 3064 3057
f 3047 3062 3065
f 3047 3065 3063
f 3048 3066 3067
f 3049 3067 3051
f 3051 3067 3068
f 3051 3068 3069
f 3051 3069 3052
f 3052 3070 3071
f 3052 3071 3053
f 3052 3069 3070
f 3053 3071 3072
f 3053 3072 3054
f 3056 3061 3073
f 3056 3073 3069
f 3056 3069 3068
f 3056 3068 3066
f 3057 3064 3074
f 3057 3074 3058
f 3058 3074 3059
f 3059 3074 3073
f 3059 3073 3060
f 3060 3073 3061
f 3063 3075 3064
f 3063 3076 3075
f 3064 3075 3074
f 3066 3068 3067
f 3069 3073 3070
f 3070 3073 3077
f 3070 3077 3071
f 3071 3077 3078
f 3071 3078 3079
f 3071 3079 3072
f 3073 3074 3080
f 3073 3080 3077
f 3074 3075 3080
f 3075 3076 3081
f 3075 3081 3082
f 3075 3082 3077
f 3075 3077 3080
f 3077 3082 3078

o geometry_94
v 0.09405034 -0.09610846 -0.00863002 0.92352941 0.01764706 0.51764706
v 0.10400387 -0.09610846 -0.00863002 0.92352941 0.01764706 0.51764706
v 0.09502572 -0.09610846 -0.00606996 0.92352941 0.01764706 0.51764706
v 0.09832407 -0.08530093 -0.00863002 0.92352941 0.01764706 0.51764706
v 0.10400387 -0.09610846 -0.00606996 0.92352941 0.01764706 0.51764706
v 0.10400387 -0.08530093 -0.00863002 0.92352941 0.01764706 0.51764706
v 0.09968045 -0.08530093 -0.00606996 0.92352941 0.01764706 0.51764706
v 0.10400387 -0.08530093 -0.00606996 0.92352941 0.01764706 0.51764706
f 3083 3084 3087
f 3083 3087 3085
f 3083 3085 3086
f 3083 3086 3088
f 3083 3088 3084
f 3084 3088 3090
f 3084 3090 3087
f 3085 3087 3090
f 3085 3090 3089
f 3085 3089 3086
f 3086 3089 3090
f 3086 3090 3088

o geometry_95
v 0.08327854 -0.05740437 -0.00863002 0.21764706 1.47058824 0.71176470
v 0.07921865 -0.05772518 -0.00863002 0.21764706 1.47058824 0.71176470
v 0.08327854 -0.05789229 -0.00606996 0.21764706 1.47058824 0.71176470
v 0.08705000 -0.05748196 -0.00863002 0.21764706 1.47058824 0.71176470
v 0.07515874 -0.05852791 -0.00863002 0.21764706 1.47058824 0.71176470
v 0.07921865 -0.05837422 -0.00606996 0.21764706 1.47058824 0.71176470
v 0.08734280 -0.05802807 -0.00606996 0.21764706 1.47058824 0.71176470
v 0.08734280 -0.05749092 -0.00863002 0.21764706 1.47058824 0.71176470
v 0.07515874 -0.05951270 -0.00606996 0.21764706 1.47058824 0.71176470
v 0.07919679 -0.05838019 -0.00606996 0.21764706 1.47058824 0.71176470
v 0.07168881 -0.05964549 -0.00863002 0.21764706 1.47058824 0.71176470
v 0.09138085 -0.05879799 -0.00606996 0.21764706 1.47058824 0.71176470
v 0.09059859 -0.05786692 -0.00863002 0.21764706 1.47058824 0.71176470
v 0.07514126 -0.05951866 -0.00606996 0.21764706 1.47058824 0.71176470
v 0.06706080 -0.06312951 -0.00863002 0.21764706 1.47058824 0.71176470
v 0.06765514 -0.06383975 -0.00606996 0.21764706 1.47058824 0.71176470
v 0.07049139 -0.06182094 -0.00606996 0.21764706 1.47058824 0.71176470
v 0.07050887 -0.06180902 -0.00606996 0.21764706 1.47058824 0.71176470
v 0.07253664 -0.06060042 -0.00606996 0.21764706 1.47058824 0.71176470
v 0.09140708 -0.05880395 -0.00606996 0.21764706 1.47058824 0.71176470
v 0.09140708 -0.05802210 -0.00863002 0.21764706 1.47058824 0.71176470
v 0.06563611 -0.06560787 -0.00606996 0.21764706 1.47058824 0.71176470
v 0.06313200 -0.06705519 -0.00863002 0.21764706 1.47058824 0.71176470
v 0.09513046 -0.06013638 -0.00606996 0.21764706 1.47058824 0.71176470
v 0.09559808 -0.05927545 -0.00863002 0.21764706 1.47058824 0.71176470
v 0.09466286 -0.05894122 -0.00863002 0.21764706 1.47058824 0.71176470
v 0.06561426 -0.06563025 -0.00606996 0.21764706 1.47058824 0.71176470
v 0.05964897 -0.07168363 -0.00863002 0.21764706 1.47058824 0.71176470
v 0.06384435 -0.06764904 -0.00606996 0.21764706 1.47058824 0.71176470
v 0.09516543 -0.06014981 -0.00606996 0.21764706 1.47058824 0.71176470
v 0.09610501 -0.05951568 -0.00863002 0.21764706 1.47058824 0.71176470
v 0.09718445 -0.06110027 -0.00606996 0.21764706 1.47058824 0.71176470
v 0.05935617 -0.07264603 -0.00863002 0.21764706 1.47058824 0.71176470
v 0.06055360 -0.07264603 -0.00606996 0.21764706 1.47058824 0.71176470
v 0.06060166 -0.07253264 -0.00606996 0.21764706 1.47058824 0.71176470
v 0.06180785 -0.07051235 -0.00606996 0.21764706 1.47058824 0.71176470
v 0.06182532 -0.07048400 -0.00606996 0.21764706 1.47058824 0.71176470
v 0.10206158 -0.06300715 -0.00863002 0.21764706 1.47058824 0.71176470
v 0.09952688 -0.06266845 -0.00606996 0.21764706 1.47058824 0.71176470
v 0.07650039 -0.07264603 -0.00863002 0.21764706 1.47058824 0.71176470
v 0.07604589 -0.07264603 -0.00606996 0.21764706 1.47058824 0.71176470
v 0.10293997 -0.06365023 -0.00863002 0.21764706 1.47058824 0.71176470
v 0.10208343 -0.06454997 -0.00606996 0.21764706 1.47058824 0.71176470
v 0.10399757 -0.07242371 -0.00606996 0.21764706 1.47058824 0.71176470
v 0.07648728 -0.07264603 -0.00854382 0.21764706 1.47058824 0.71176470
v 0.10399757 -0.07242371 -0.00863002 0.21764706 1.47058824 0.71176470
v 0.07605026 -0.07264603 -0.00609400 0.21764706 1.47058824 0.71176470
v 0.10399757 -0.06627333 -0.00606996 0.21764706 1.47058824 0.71176470
v 0.10363922 -0.06428140 -0.00863002 0.21764706 1.47058824 0.71176470
v 0.10399757 -0.06494837 -0.00863002 0.21764706 1.47058824 0.71176470
v 0.10399757 -0.06591075 -0.00664456 0.21764706 1.47058824 0.71176470
f 3091 3092 3093
f 3091 3093 3094
f 3091 3094 3098
f 3091 3098 3103
f 3091 3103 3111
f 3091 3111 3116
f 3091 3116 3115
f 3091 3115 3121
f 3091 3121 3128
f 3091 3128 3132
f 3091 3132 3139
f 3091 3139 3140
f 3091 3140 3136
f 3091 3136 3130
f 3091 3130 3123
f 3091 3123 3118
f 3091 3118 3113
f 3091 3113 3105
f 3091 3105 3101
f 3091 3101 3095
f 3091 3095 3092
f 3092 3095 3096
f 3092 3096 3093
f 3093 3096 3100
f 3093 3100 3099
f 3093 3099 3104
f 3093 3104 3109
f 3093 3109 3108
f 3093 3108 3107
f 3093 3107 3106
f 3093 3106 3112
f 3093 3112 3117
f 3093 3117 3119
f 3093 3119 3127
f 3093 3127 3126
f 3093 3126 3125
f 3093 3125 3124
f 3093 3124 3131
f 3093 3131 3134
f 3093 3134 3138
f 3093 3138 3133
f 3093 3133 3129
f 3093 3129 3122
f 3093 3122 3120
f 3093 3120 3114
f 3093 3114 3110
f 3093 3110 3102
f 3093 3102 3097
f 3093 3097 3098
f 3093 3098 3094
f 3095 3099 3100
f 3095 3100 3096
f 3095 3101 3099
f 3097 3102 3103
f 3097 3103 3098
f 3099 3101 3104
f 3101 3105 3106
f 3101 3106 3107
f 3101 3107 3108
f 3101 3108 3109
f 3101 3109 3104
f 3102 3110 3111
f 3102 3111 3103
f 3105 3112 3106
f 3105 3113 3112
f 3110 3114 3115
f 3110 3115 3116
f 3110 3116 3111
f 3112 3113 3117
f 3113 3118 3119
f 3113 3119 3117
f 3114 3120 3115
f 3115 3120 3122
f 3115 3122 3121
f 3118 3123 3124
f 3118 3124 3125
f 3118 3125 3126
f 3118 3126 3127
f 3118 3127 3119
f 3121 3122 3128
f 3122 3129 3128
f 3123 3130 3135
f 3123 3135 3137
f 3123 3137 3131
f 3123 3131 3124
f 3128 3129 3132
f 3129 3133 3132
f 3130 3134 3135
f 3130 3136 3134
f 3131 3137 3134
f 3132 3133 3138
f 3132 3138 3139
f 3134 3136 3140
f 3134 3140 3141
f 3134 3141 3138
f 3134 3137 3135
f 3138 3141 3139
f 3139 3141 3140

o geometry_96
v 0.07624305 0.05921955 -0.00293379 0.74117648 0.95882354 0.54705882
v 0.07831767 0.05862646 -0.00293379 0.74117648 0.95882354 0.54705882
v 0.07624305 0.05922667 0.00636098 0.74117648 0.95882354 0.54705882
v 0.07624305 0.07218239 -0.00293379 0.74117648 0.95882354 0.54705882
v 0.07921955 0.05837329 -0.00293379 0.74117648 0.95882354 0.54705882
v 0.07921955 0.05837613 0.00636098 0.74117648 0.95882354 0.54705882
v 0.07624305 0.07093646 0.00636098 0.74117648 0.95882354 0.54705882
v 0.07624305 0.07241565 -0.00203307 0.74117648 0.95882354 0.54705882
v 0.08709528 0.06985835 -0.00173191 0.74117648 0.95882354 0.54705882
v 0.08709528 0.06929370 -0.00293379 0.74117648 0.95882354 0.54705882
v 0.08237877 0.05799639 -0.00293379 0.74117648 0.95882354 0.54705882
v 0.08328170 0.05788543 0.00609348 0.74117648 0.95882354 0.54705882
v 0.08328170 0.05788543 0.00636098 0.74117648 0.95882354 0.54705882
v 0.07948725 0.05834343 0.00636098 0.74117648 0.95882354 0.54705882
v 0.08709528 0.06871767 0.00636098 0.74117648 0.95882354 0.54705882
v 0.08709528 0.06992520 0.00231771 0.74117648 0.95882354 0.54705882
v 0.07624305 0.07125647 0.00497714 0.74117648 0.95882354 0.54705882
v 0.08709315 0.06992662 0.00231225 0.74117648 0.95882354 0.54705882
v 0.08709528 0.06986262 -0.00149445 0.74117648 0.95882354 0.54705882
v 0.08709528 0.05803477 -0.00293379 0.74117648 0.95882354 0.54705882
v 0.08328170 0.05788971 -0.00293379 0.74117648 0.95882354 0.54705882
v 0.08709528 0.05803337 0.00584419 0.74117648 0.95882354 0.54705882
v 0.08709528 0.05803337 0.00636098 0.74117648 0.95882354 0.54705882
v 0.08709528 0.06992520 0.00227859 0.74117648 0.95882354 0.54705882
f 3142 3143 3144
f 3142 3144 3148
f 3142 3148 3158
f 3142 3158 3149
f 3142 3149 3145
f 3142 3145 3151
f 3142 3151 3161
f 3142 3161 3162
f 3142 3162 3152
f 3142 3152 3146
f 3142 3146 3143
f 3143 3146 3147
f 3143 3147 3144
f 3144 3147 3155
f 3144 3155 3154
f 3144 3154 3164
f 3144 3164 3156
f 3144 3156 3148
f 3145 3149 3150
f 3145 3150 3151
f 3146 3152 3153
f 3146 3153 3154
f 3146 3154 3155
f 3146 3155 3147
f 3148 3156 3157
f 3148 3157 3158
f 3149 3159 3160
f 3149 3160 3150
f 3149 3158 3159
f 3150 3160 3165
f 3150 3165 3157
f 3150 3157 3156
f 3150 3156 3164
f 3150 3164 3163
f 3150 3163 3161
f 3150 3161 3151
f 3152 3162 3153
f 3153 3163 3164
f 3153 3164 3154
f 3153 3162 3161
f 3153 3161 3163
f 3157 3165 3159
f 3157 3159 3158
f 3159 3165 3160

o geometry_97
v -0.09039519 0.09784904 0.01015839 0.19999999 1.22941176 0.28235294
v -0.09525930 0.09377961 0.01015839 0.19999999 1.22941176 0.28235294
v -0.09039673 0.09784904 0.00621398 0.19999999 1.22941176 0.28235294
v -0.09412881 0.09784904 0.02234175 0.19999999 1.22941176 0.28235294
v -0.09809568 0.09377961 0.02234175 0.19999999 1.22941176 0.28235294
v -0.09593264 0.09377961 0.00627829 0.19999999 1.22941176 0.28235294
v -0.09041229 0.09784904 0.00609489 0.19999999 1.22941176 0.28235294
v -0.09426409 0.09784904 0.02261089 0.19999999 1.22941176 0.28235294
v -0.09819054 0.09377961 0.02253707 0.19999999 1.22941176 0.28235294
v -0.09755453 0.09377961 0.00132157 0.19999999 1.22941176 0.28235294
v -0.09312737 0.09784904 0.00132157 0.19999999 1.22941176 0.28235294
v -0.09519245 0.09584002 0.00132157 0.19999999 1.22941176 0.28235294
v -0.09662307 0.09661845 0.02480223 0.19999999 1.22941176 0.28235294
v -0.09606015 0.09784904 0.02495706 0.19999999 1.22941176 0.28235294
v -0.09988551 0.09377961 0.02507377 0.19999999 1.22941176 0.28235294
v -0.10627978 0.09377961 0.00132157 0.19999999 1.22941176 0.28235294
v -0.10627978 0.09784904 0.00132157 0.19999999 1.22941176 0.28235294
v -0.09690764 0.09784904 0.02514999 0.19999999 1.22941176 0.28235294
v -0.10107199 0.09377961 0.02533340 0.19999999 1.22941176 0.28235294
v -0.10627978 0.09377961 0.02523097 0.19999999 1.22941176 0.28235294
v -0.10627978 0.09784904 0.02484749 0.19999999 1.22941176 0.28235294
v -0.09948121 0.09784904 0.02545964 0.19999999 1.22941176 0.28235294
v -0.10359425 0.09377961 0.02562399 0.19999999 1.22941176 0.28235294
v -0.10547739 0.09377961 0.02537865 0.19999999 1.22941176 0.28235294
v -0.10627978 0.09546952 0.02514047 0.19999999 1.22941176 0.28235294
v -0.10627978 0.09647384 0.02501898 0.19999999 1.22941176 0.28235294
v -0.10476519 0.09784904 0.02513094 0.19999999 1.22941176 0.28235294
v -0.10121351 0.09784904 0.02565495 0.19999999 1.22941176 0.28235294
v -0.10359425 0.09546952 0.02563352 0.19999999 1.22941176 0.28235294
v -0.10363779 0.09784904 0.02533816 0.19999999 1.22941176 0.28235294
f 3166 3167 3168
f 3166 3168 3172
f 3166 3172 3176
f 3166 3176 3182
f 3166 3182 3186
f 3166 3186 3192
f 3166 3192 3195
f 3166 3195 3193
f 3166 3193 3187
f 3166 3187 3183
f 3166 3183 3179
f 3166 3179 3173
f 3166 3173 3169
f 3166 3169 3170
f 3166 3170 3167
f 3167 3171 3172
f 3167 3172 3168
f 3167 3170 3174
f 3167 3174 3180
f 3167 3180 3184
f 3167 3184 3188
f 3167 3188 3189
f 3167 3189 3185
f 3167 3185 3181
f 3167 3181 3175
f 3167 3175 3171
f 3169 3173 3174
f 3169 3174 3170
f 3171 3175 3172
f 3172 3175 3177
f 3172 3177 3176
f 3173 3178 3174
f 3173 3179 3178
f 3174 3178 3180
f 3175 3181 3182
f 3175 3182 3176
f 3175 3176 3177
f 3178 3179 3180
f 3179 3183 3180
f 3180 3183 3184
f 3181 3185 3190
f 3181 3190 3191
f 3181 3191 3186
f 3181 3186 3182
f 3183 3187 3184
f 3184 3187 3188
f 3185 3189 3190
f 3186 3191 3192
f 3187 3193 3188
f 3188 3193 3194
f 3188 3194 3189
f 3189 3194 3190
f 3190 3194 3195
f 3190 3195 3191
f 3191 3195 3192
f 3193 3195 3194

o geometry_98
v 0.07281071 0.08312891 -0.01095945 0.76470588 0.33529412 0.14117647
v 0.06896079 0.08312891 -0.00694060 0.76470588 0.33529412 0.14117647
v 0.07182513 0.07596533 -0.00694060 0.76470588 0.33529412 0.14117647
v 0.07606224 0.07499202 -0.01095945 0.76470588 0.33529412 0.14117647
v 0.05358971 0.08312891 -0.01095945 0.76470588 0.33529412 0.14117647
v 0.05774102 0.08312891 -0.00694060 0.76470588 0.33529412 0.14117647
v 0.07214851 0.07499202 -0.00694060 0.76470588 0.33529412 0.14117647
v 0.05562465 0.07499202 -0.01095945 0.76470588 0.33529412 0.14117647
v 0.05359629 0.08203136 -0.01095945 0.76470588 0.33529412 0.14117647
v 0.05781361 0.08211180 -0.00694060 0.76470588 0.33529412 0.14117647
v 0.05922598 0.07499202 -0.00694060 0.76470588 0.33529412 0.14117647
v 0.05533866 0.07588170 -0.01095945 0.76470588 0.33529412 0.14117647
v 0.05446968 0.07884462 -0.01095945 0.76470588 0.33529412 0.14117647
v 0.05831741 0.07821937 -0.00694060 0.76470588 0.33529412 0.14117647
v 0.05814801 0.07921896 -0.00694060 0.76470588 0.33529412 0.14117647
v 0.05917758 0.07515690 -0.00694060 0.76470588 0.33529412 0.14117647
f 3196 3197 3198
f 3196 3198 3199
f 3196 3199 3203
f 3196 3203 3207
f 3196 3207 3208
f 3196 3208 3204
f 3196 3204 3200
f 3196 3200 3201
f 3196 3201 3197
f 3197 3201 3205
f 3197 3205 3210
f 3197 3210 3209
f 3197 3209 3211
f 3197 3211 3206
f 3197 3206 3202
f 3197 3202 3198
f 3198 3202 3199
f 3199 3202 3206
f 3199 3206 3203
f 3200 3204 3201
f 3201 3204 3205
f 3203 3206 3207
f 3204 3208 3209
f 3204 3209 3210
f 3204 3210 3205
f 3206 3211 3207
f 3207 3211 3208
f 3208 3211 3209

o geometry_99
v 0.08484315 0.05777475 -0.00694060 1.28823530 1.45882353 1.44117646
v 0.08734470 0.05785180 -0.00694060 1.28823530 1.45882353 1.44117646
v 0.08484315 0.05794989 -0.00293379 1.28823530 1.45882353 1.44117646
v 0.08484315 0.06864610 -0.00694060 1.28823530 1.45882353 1.44117646
v 0.08734470 0.05804448 -0.00293379 1.28823530 1.45882353 1.44117646
v 0.09140662 0.05854539 -0.00694060 1.28823530 1.45882353 1.44117646
v 0.08484315 0.06931341 -0.00293379 1.28823530 1.45882353 1.44117646
v 0.09698373 0.07544880 -0.00694060 1.28823530 1.45882353 1.44117646
v 0.09140662 0.05882562 -0.00293379 1.28823530 1.45882353 1.44117646
v 0.09528433 0.05985549 -0.00694060 1.28823530 1.45882353 1.44117646
v 0.09651195 0.07529467 -0.00293379 1.28823530 1.45882353 1.44117646
v 0.09698373 0.07563096 -0.00293575 1.28823530 1.45882353 1.44117646
v 0.09698373 0.07566599 -0.00395550 1.28823530 1.45882353 1.44117646
v 0.09698373 0.06097818 -0.00694060 1.28823530 1.45882353 1.44117646
v 0.09430511 0.05986425 -0.00293379 1.28823530 1.45882353 1.44117646
v 0.09513222 0.06016200 -0.00293379 1.28823530 1.45882353 1.44117646
v 0.09698373 0.06102548 -0.00293379 1.28823530 1.45882353 1.44117646
v 0.09698373 0.07545931 -0.00293379 1.28823530 1.45882353 1.44117646
f 3212 3213 3214
f 3212 3214 3218
f 3212 3218 3215
f 3212 3215 3219
f 3212 3219 3225
f 3212 3225 3221
f 3212 3221 3217
f 3212 3217 3213
f 3213 3216 3214
f 3213 3217 3216
f 3214 3216 3220
f 3214 3220 3226
f 3214 3226 3227
f 3214 3227 3228
f 3214 3228 3229
f 3214 3229 3222
f 3214 3222 3218
f 3215 3218 3219
f 3216 3217 3220
f 3217 3221 3220
f 3218 3222 3223
f 3218 3223 3224
f 3218 3224 3219
f 3219 3224 3223
f 3219 3223 3229
f 3219 3229 3228
f 3219 3228 3225
f 3220 3221 3226
f 3221 3227 3226
f 3221 3225 3228
f 3221 3228 3227
f 3222 3229 3223

o geometry_100
v 0.10400193 -0.09610846 -0.00606996 1.35882353 1.15882353 0.49411764
v 0.10400193 -0.10238691 -0.00606996 1.35882353 1.15882353 0.49411764
v 0.10400193 -0.09610846 -0.00863002 1.35882353 1.15882353 0.49411764
v 0.09502329 -0.09610846 -0.00606996 1.35882353 1.15882353 0.49411764
v 0.10317652 -0.10316881 -0.00606996 1.35882353 1.15882353 0.49411764
v 0.10240344 -0.10397770 -0.00607949 1.35882353 1.15882353 0.49411764
v 0.10372680 -0.10372194 -0.00863002 1.35882353 1.15882353 0.49411764
v 0.10400193 -0.10333984 -0.00863002 1.35882353 1.15882353 0.49411764
v 0.09405063 -0.09610846 -0.00863002 1.35882353 1.15882353 0.49411764
v 0.08421171 -0.09929777 -0.00863002 1.35882353 1.15882353 0.49411764
v 0.08421171 -0.09981235 -0.00689592 1.35882353 1.15882353 0.49411764
v 0.08421171 -0.10007428 -0.00607546 1.35882353 1.15882353 0.49411764
v 0.08732149 -0.09999108 -0.00606996 1.35882353 1.15882353 0.49411764
v 0.10029732 -0.10397770 -0.00606996 1.35882353 1.15882353 0.49411764
v 0.10337028 -0.10397770 -0.00863002 1.35882353 1.15882353 0.49411764
v 0.10353111 -0.10386292 -0.00863002 1.35882353 1.15882353 0.49411764
v 0.08421171 -0.10397770 -0.00863002 1.35882353 1.15882353 0.49411764
v 0.08421171 -0.10365801 -0.00606996 1.35882353 1.15882353 0.49411764
v 0.08421171 -0.10397770 -0.00606996 1.35882353 1.15882353 0.49411764
f 3230 3231 3237
f 3230 3237 3232
f 3230 3232 3238
f 3230 3238 3233
f 3230 3233 3242
f 3230 3242 3247
f 3230 3247 3248
f 3230 3248 3243
f 3230 3243 3234
f 3230 3234 3231
f 3231 3234 3235
f 3231 3235 3236
f 3231 3236 3237
f 3232 3237 3236
f 3232 3236 3245
f 3232 3245 3244
f 3232 3244 3246
f 3232 3246 3239
f 3232 3239 3238
f 3233 3238 3239
f 3233 3239 3240
f 3233 3240 3241
f 3233 3241 3242
f 3234 3243 3235
f 3235 3244 3245
f 3235 3245 3236
f 3235 3243 3248
f 3235 3248 3246
f 3235 3246 3244
f 3239 3246 3248
f 3239 3248 3247
f 3239 3247 3241
f 3239 3241 3240
f 3241 3247 3242

o geometry_101
v 0.07649662 -0.07264896 -0.00863002 0.11764706 0.60588235 0.34705883
v 0.07648166 -0.07264896 -0.00854382 0.11764706 0.60588235 0.34705883
v 0.06954081 -0.08736494 -0.00606996 0.11764706 0.60588235 0.34705883
v 0.06899840 -0.08736494 -0.00863002 0.11764706 0.60588235 0.34705883
v 0.05935677 -0.07264896 -0.00863002 0.11764706 0.60588235 0.34705883
v 0.07604586 -0.07264896 -0.00606996 0.11764706 0.60588235 0.34705883
v 0.05802882 -0.08736494 -0.00606996 0.11764706 0.60588235 0.34705883
v 0.05748642 -0.08736494 -0.00863002 0.11764706 0.60588235 0.34705883
v 0.05852820 -0.07515708 -0.00863002 0.11764706 0.60588235 0.34705883
v 0.05951015 -0.07515708 -0.00606996 0.11764706 0.60588235 0.34705883
v 0.05951574 -0.07514268 -0.00606996 0.11764706 0.60588235 0.34705883
v 0.06055192 -0.07264896 -0.00606996 0.11764706 0.60588235 0.34705883
v 0.05802508 -0.08734332 -0.00606996 0.11764706 0.60588235 0.34705883
v 0.05748454 -0.08734332 -0.00863002 0.11764706 0.60588235 0.34705883
v 0.05772208 -0.07921965 -0.00863002 0.11764706 0.60588235 0.34705883
v 0.05837109 -0.07921965 -0.00606996 0.11764706 0.60588235 0.34705883
v 0.05837671 -0.07919660 -0.00606996 0.11764706 0.60588235 0.34705883
v 0.05788107 -0.08328077 -0.00606996 0.11764706 0.60588235 0.34705883
v 0.05747332 -0.08704944 -0.00863002 0.11764706 0.60588235 0.34705883
v 0.05739103 -0.08328077 -0.00863002 0.11764706 0.60588235 0.34705883
f 3249 3250 3251
f 3249 3251 3252
f 3249 3252 3256
f 3249 3256 3262
f 3249 3262 3267
f 3249 3267 3268
f 3249 3268 3263
f 3249 3263 3257
f 3249 3257 3253
f 3249 3253 3260
f 3249 3260 3254
f 3249 3254 3250
f 3250 3254 3251
f 3251 3254 3260
f 3251 3260 3259
f 3251 3259 3258
f 3251 3258 3265
f 3251 3265 3264
f 3251 3264 3266
f 3251 3266 3261
f 3251 3261 3255
f 3251 3255 3256
f 3251 3256 3252
f 3253 3257 3258
f 3253 3258 3259
f 3253 3259 3260
f 3255 3261 3256
f 3256 3261 3262
f 3257 3263 3264
f 3257 3264 3265
f 3257 3265 3258
f 3261 3266 3267
f 3261 3267 3262
f 3263 3268 3266
f 3263 3266 3264
f 3266 3268 3267

o geometry_102
v 0.08484432 0.09846892 -0.00693930 0.19411764 0.07647059 1.08823530
v 0.08404308 0.09881541 0.00609275 0.19411764 0.07647059 1.08823530
v 0.08404308 0.09960385 -0.00293295 0.19411764 0.07647059 1.08823530
v 0.08484432 0.10570280 -0.00693930 0.19411764 0.07647059 1.08823530
v 0.09534334 0.09366521 -0.00693930 0.19411764 0.07647059 1.08823530
v 0.09459950 0.09455500 0.00609275 0.19411764 0.07647059 1.08823530
v 0.09468663 0.09455500 0.00635967 0.19411764 0.07647059 1.08823530
v 0.08404308 0.09886728 0.00635967 0.19411764 0.07647059 1.08823530
v 0.08404308 0.10570398 -0.00293295 0.19411764 0.07647059 1.08823530
v 0.10126872 0.10570280 -0.00693930 0.19411764 0.07647059 1.08823530
v 0.10575525 0.09366521 -0.00693930 0.19411764 0.07647059 1.08823530
v 0.09766206 0.09366521 -0.00293295 0.19411764 0.07647059 1.08823530
v 0.10575525 0.09455500 0.00635967 0.19411764 0.07647059 1.08823530
v 0.08404308 0.10570398 0.00635967 0.19411764 0.07647059 1.08823530
v 0.10122834 0.10570398 -0.00293295 0.19411764 0.07647059 1.08823530
v 0.10122834 0.10570398 0.00342228 0.19411764 0.07647059 1.08823530
v 0.10122410 0.10570398 0.00635967 0.19411764 0.07647059 1.08823530
v 0.10575525 0.10122671 0.00635967 0.19411764 0.07647059 1.08823530
v 0.10575525 0.10126677 -0.00693930 0.19411764 0.07647059 1.08823530
v 0.10575525 0.09366521 -0.00293295 0.19411764 0.07647059 1.08823530
f 3269 3270 3271
f 3269 3271 3277
f 3269 3277 3272
f 3269 3272 3278
f 3269 3278 3287
f 3269 3287 3279
f 3269 3279 3273
f 3269 3273 3270
f 3270 3273 3274
f 3270 3274 3275
f 3270 3275 3276
f 3270 3276 3282
f 3270 3282 3277
f 3270 3277 3271
f 3272 3277 3283
f 3272 3283 3278
f 3273 3275 3274
f 3273 3279 3288
f 3273 3288 3280
f 3273 3280 3275
f 3275 3280 3288
f 3275 3288 3281
f 3275 3281 3286
f 3275 3286 3285
f 3275 3285 3282
f 3275 3282 3276
f 3277 3282 3285
f 3277 3285 3284
f 3277 3284 3283
f 3278 3283 3284
f 3278 3284 3285
f 3278 3285 3286
f 3278 3286 3287
f 3279 3287 3286
f 3279 3286 3281
f 3279 3281 3288

o geometry_103
v 0.05789458 0.08328108 0.00203112 0.01176471 1.15294118 0.21764706
v 0.05789458 0.08328108 0.00636098 0.01176471 1.15294118 0.21764706
v 0.05794308 0.08463198 0.00203112 0.01176471 1.15294118 0.21764706
v 0.05794668 0.08463198 -0.00293379 0.01176471 1.15294118 0.21764706
v 0.05789997 0.08328108 -0.00293379 0.01176471 1.15294118 0.21764706
v 0.05800414 0.08237799 -0.00293379 0.01176471 1.15294118 0.21764706
v 0.05837414 0.07921844 -0.00293379 0.01176471 1.15294118 0.21764706
v 0.05837594 0.07921844 0.00636098 0.01176471 1.15294118 0.21764706
v 0.05794308 0.08463198 0.00636098 0.01176471 1.15294118 0.21764706
v 0.06975213 0.08463198 -0.00293379 0.01176471 1.15294118 0.21764706
v 0.05862738 0.07831535 -0.00293379 0.01176471 1.15294118 0.21764706
v 0.05953080 0.07515579 -0.00293379 0.01176471 1.15294118 0.21764706
v 0.05953799 0.07515579 0.00636098 0.01176471 1.15294118 0.21764706
v 0.06910015 0.08463198 0.00636098 0.01176471 1.15294118 0.21764706
v 0.07624125 0.07241418 -0.00203307 0.01176471 1.15294118 0.21764706
v 0.07624125 0.07218282 -0.00293379 0.01176471 1.15294118 0.21764706
v 0.06972878 0.08463198 -0.00166458 0.01176471 1.15294118 0.21764706
v 0.06061202 0.07251618 -0.00293379 0.01176471 1.15294118 0.21764706
v 0.06054556 0.07269033 0.00636098 0.01176471 1.15294118 0.21764706
v 0.07624125 0.07093889 0.00636098 0.01176471 1.15294118 0.21764706
v 0.07624125 0.07125734 0.00497714 0.01176471 1.15294118 0.21764706
v 0.07624125 0.05921866 -0.00293379 0.01176471 1.15294118 0.21764706
v 0.06069463 0.07238433 0.00636098 0.01176471 1.15294118 0.21764706
v 0.06061740 0.07251867 0.00636098 0.01176471 1.15294118 0.21764706
v 0.06152979 0.07093889 -0.00293379 0.01176471 1.15294118 0.21764706
v 0.06179740 0.07048859 0.00636098 0.01176471 1.15294118 0.21764706
v 0.07624125 0.05922861 0.00636098 0.01176471 1.15294118 0.21764706
v 0.07542225 0.05946248 0.00636098 0.01176471 1.15294118 0.21764706
v 0.07515644 0.05952965 -0.00293379 0.01176471 1.15294118 0.21764706
v 0.06179740 0.07048859 -0.00293379 0.01176471 1.15294118 0.21764706
v 0.06382873 0.06763752 0.00636098 0.01176471 1.15294118 0.21764706
v 0.07515644 0.05953959 0.00636098 0.01176471 1.15294118 0.21764706
v 0.07268866 0.06053970 0.00636098 0.01176471 1.15294118 0.21764706
v 0.07251446 0.06060688 -0.00293379 0.01176471 1.15294118 0.21764706
v 0.06382873 0.06763752 -0.00293379 0.01176471 1.15294118 0.21764706
v 0.06520990 0.06605774 -0.00293379 0.01176471 1.15294118 0.21764706
v 0.06560504 0.06560743 0.00636098 0.01176471 1.15294118 0.21764706
v 0.07251446 0.06061185 0.00636098 0.01176471 1.15294118 0.21764706
v 0.07238154 0.06068898 0.00636098 0.01176471 1.15294118 0.21764706
v 0.07048311 0.06180354 0.00636098 0.01176471 1.15294118 0.21764706
v 0.07093392 0.06153485 -0.00293379 0.01176471 1.15294118 0.21764706
v 0.06560504 0.06560743 -0.00293379 0.01176471 1.15294118 0.21764706
v 0.06605585 0.06521187 -0.00293379 0.01176471 1.15294118 0.21764706
v 0.06749988 0.06395054 0.00636098 0.01176471 1.15294118 0.21764706
v 0.06763278 0.06383361 -0.00293379 0.01176471 1.15294118 0.21764706
v 0.07048311 0.06180354 -0.00293379 0.01176471 1.15294118 0.21764706
v 0.06763278 0.06383610 0.00636098 0.01176471 1.15294118 0.21764706
f 3289 3290 3297
f 3289 3297 3291
f 3289 3291 3292
f 3289 3292 3293
f 3289 3293 3294
f 3289 3294 3295
f 3289 3295 3290
f 3290 3295 3296
f 3290 3296 3301
f 3290 3301 3307
f 3290 3307 3312
f 3290 3312 3311
f 3290 3311 3314
f 3290 3314 3319
f 3290 3319 3325
f 3290 3325 3332
f 3290 3332 3335
f 3290 3335 3328
f 3290 3328 3327
f 3290 3327 3326
f 3290 3326 3321
f 3290 3321 3320
f 3290 3320 3316
f 3290 3316 3315
f 3290 3315 3308
f 3290 3308 3302
f 3290 3302 3297
f 3291 3297 3302
f 3291 3302 3305
f 3291 3305 3298
f 3291 3298 3292
f 3292 3298 3304
f 3292 3304 3310
f 3292 3310 3317
f 3292 3317 3322
f 3292 3322 3329
f 3292 3329 3334
f 3292 3334 3333
f 3292 3333 3331
f 3292 3331 3330
f 3292 3330 3324
f 3292 3324 3323
f 3292 3323 3318
f 3292 3318 3313
f 3292 3313 3306
f 3292 3306 3300
f 3292 3300 3299
f 3292 3299 3295
f 3292 3295 3294
f 3292 3294 3293
f 3295 3299 3296
f 3296 3299 3300
f 3296 3300 3301
f 3298 3303 3304
f 3298 3305 3303
f 3300 3306 3307
f 3300 3307 3301
f 3302 3303 3305
f 3302 3308 3309
f 3302 3309 3303
f 3303 3309 3308
f 3303 3308 3315
f 3303 3315 3310
f 3303 3310 3304
f 3306 3311 3312
f 3306 3312 3307
f 3306 3313 3314
f 3306 3314 3311
f 3310 3315 3316
f 3310 3316 3317
f 3313 3318 3314
f 3314 3318 3323
f 3314 3323 3319
f 3316 3320 3317
f 3317 3320 3321
f 3317 3321 3322
f 3319 3323 3324
f 3319 3324 3325
f 3321 3326 3322
f 3322 3326 3327
f 3322 3327 3328
f 3322 3328 3329
f 3324 3330 3325
f 3325 3330 3331
f 3325 3331 3332
f 3328 3333 3334
f 3328 3334 3329
f 3328 3335 3333
f 3331 3333 3332
f 3332 3333 3335

o geometry_104
v 0.05775495 0.08399924 -0.00694060 0.11764706 0.12941177 1.00588236
v 0.06901083 0.08399924 -0.00694060 0.11764706 0.12941177 1.00588236
v 0.05792530 0.08399924 -0.00293379 0.11764706 0.12941177 1.00588236
v 0.05785350 0.08734578 -0.00694060 0.11764706 0.12941177 1.00588236
v 0.06973740 0.08399924 -0.00552511 0.11764706 0.12941177 1.00588236
v 0.07481666 0.09472729 -0.00694060 0.11764706 0.12941177 1.00588236
v 0.06972570 0.08399924 -0.00293379 0.11764706 0.12941177 1.00588236
v 0.05801049 0.08644273 -0.00293379 0.11764706 0.12941177 1.00588236
v 0.05804223 0.08734578 -0.00293379 0.11764706 0.12941177 1.00588236
v 0.05854164 0.09140838 -0.00694060 0.11764706 0.12941177 1.00588236
v 0.07481666 0.09491640 -0.00602676 0.11764706 0.12941177 1.00588236
v 0.07481666 0.10570398 -0.00694060 0.11764706 0.12941177 1.00588236
v 0.07481666 0.09493554 -0.00594714 0.11764706 0.12941177 1.00588236
v 0.07481666 0.09566859 -0.00293379 0.11764706 0.12941177 1.00588236
v 0.05882056 0.09140838 -0.00293379 0.11764706 0.12941177 1.00588236
v 0.05985614 0.09530100 -0.00694060 0.11764706 0.12941177 1.00588236
v 0.06624154 0.10570398 -0.00694060 0.11764706 0.12941177 1.00588236
v 0.07481666 0.10570398 -0.00293379 0.11764706 0.12941177 1.00588236
v 0.06016179 0.09515226 -0.00293379 0.11764706 0.12941177 1.00588236
v 0.06109881 0.09718356 -0.00293379 0.11764706 0.12941177 1.00588236
v 0.06240661 0.09953145 -0.00694060 0.11764706 0.12941177 1.00588236
v 0.06638685 0.10570398 -0.00293379 0.11764706 0.12941177 1.00588236
f 3336 3337 3340
f 3336 3340 3342
f 3336 3342 3338
f 3336 3338 3339
f 3336 3339 3345
f 3336 3345 3351
f 3336 3351 3356
f 3336 3356 3352
f 3336 3352 3347
f 3336 3347 3341
f 3336 3341 3337
f 3337 3341 3340
f 3338 3342 3349
f 3338 3349 3353
f 3338 3353 3357
f 3338 3357 3355
f 3338 3355 3354
f 3338 3354 3350
f 3338 3350 3344
f 3338 3344 3343
f 3338 3343 3339
f 3339 3343 3344
f 3339 3344 3345
f 3340 3341 3342
f 3341 3346 3342
f 3341 3347 3353
f 3341 3353 3349
f 3341 3349 3348
f 3341 3348 3346
f 3342 3346 3348
f 3342 3348 3349
f 3344 3350 3345
f 3345 3350 3351
f 3347 3352 3357
f 3347 3357 3353
f 3350 3354 3351
f 3351 3354 3355
f 3351 3355 3356
f 3352 3356 3357
f 3355 3357 3356

o geometry_105
v -0.10627978 0.09377961 -0.00851490 0.36470588 0.62941176 0.83529412
v -0.10627978 0.09377961 0.00132157 0.36470588 0.62941176 0.83529412
v -0.10627978 0.09784904 -0.00851490 0.36470588 0.62941176 0.83529412
v -0.09470856 0.09377961 -0.00851490 0.36470588 0.62941176 0.83529412
v -0.10627978 0.09784904 0.00132157 0.36470588 0.62941176 0.83529412
v -0.09755158 0.09377961 0.00132157 0.36470588 0.62941176 0.83529412
v -0.08761564 0.09784904 -0.00851490 0.36470588 0.62941176 0.83529412
v -0.09525854 0.09377961 -0.00509292 0.36470588 0.62941176 0.83529412
v -0.09312810 0.09784904 0.00132157 0.36470588 0.62941176 0.83529412
v -0.09615566 0.09377961 -0.00166037 0.36470588 0.62941176 0.83529412
v -0.09519276 0.09584002 0.00132157 0.36470588 0.62941176 0.83529412
v -0.09594370 0.09377961 -0.00223038 0.36470588 0.62941176 0.83529412
f 3358 3359 3362
f 3358 3362 3360
f 3358 3360 3364
f 3358 3364 3361
f 3358 3361 3365
f 3358 3365 3369
f 3358 3369 3367
f 3358 3367 3363
f 3358 3363 3359
f 3359 3363 3368
f 3359 3368 3366
f 3359 3366 3362
f 3360 3362 3366
f 3360 3366 3364
f 3361 3364 3365
f 3363 3367 3364
f 3363 3364 3368
f 3364 3366 3368
f 3364 3367 3369
f 3364 3369 3365

o geometry_106
v 0.10400257 -0.07242471 -0.00606996 1.28823530 1.08823530 0.40000000
v 0.10400257 -0.08530093 -0.00606996 1.28823530 1.08823530 0.40000000
v 0.10400257 -0.07242471 -0.00863002 1.28823530 1.08823530 0.40000000
v 0.09312382 -0.07242471 -0.00606996 1.28823530 1.08823530 0.40000000
v 0.09967982 -0.08530093 -0.00606996 1.28823530 1.08823530 0.40000000
v 0.10400257 -0.08530093 -0.00863002 1.28823530 1.08823530 0.40000000
v 0.09065406 -0.07242471 -0.00863002 1.28823530 1.08823530 0.40000000
v 0.09169293 -0.07242471 -0.00711318 1.28823530 1.08823530 0.40000000
v 0.09832341 -0.08530093 -0.00863002 1.28823530 1.08823530 0.40000000
f 3370 3371 3375
f 3370 3375 3372
f 3370 3372 3376
f 3370 3376 3377
f 3370 3377 3373
f 3370 3373 3374
f 3370 3374 3371
f 3371 3374 3378
f 3371 3378 3375
f 3372 3375 3378
f 3372 3378 3376
f 3373 3377 3374
f 3374 3377 3376
f 3374 3376 3378

o geometry_107
v 0.10575416 0.09455370 0.00635967 0.19411764 0.08235294 0.44705883
v 0.09468514 0.09455370 0.00635967 0.19411764 0.08235294 0.44705883
v 0.10575416 0.08463472 0.00635967 0.19411764 0.08235294 0.44705883
v 0.10575416 0.09455370 -0.00293295 0.19411764 0.08235294 0.44705883
v 0.09924162 0.08463472 0.00635967 0.19411764 0.08235294 0.44705883
v 0.09459777 0.09455370 0.00609275 0.19411764 0.08235294 0.44705883
v 0.10575416 0.08384996 -0.00293295 0.19411764 0.08235294 0.44705883
v 0.10575416 0.09366104 -0.00693930 0.19411764 0.08235294 0.44705883
v 0.09650031 0.09455370 -0.00293295 0.19411764 0.08235294 0.44705883
v 0.09921978 0.08463472 0.00628414 0.19411764 0.08235294 0.44705883
v 0.09994934 0.08384996 -0.00293295 0.19411764 0.08235294 0.44705883
v 0.09886264 0.08463472 0.00203040 0.19411764 0.08235294 0.44705883
v 0.09888012 0.08463472 0.00338192 0.19411764 0.08235294 0.44705883
v 0.09916626 0.08463472 0.00609275 0.19411764 0.08235294 0.44705883
v 0.09534590 0.09366104 -0.00693930 0.19411764 0.08235294 0.44705883
v 0.09930715 0.08384996 -0.00693930 0.19411764 0.08235294 0.44705883
v 0.10575416 0.08384996 -0.00693930 0.19411764 0.08235294 0.44705883
f 3379 3380 3383
f 3379 3383 3381
f 3379 3381 3385
f 3379 3385 3395
f 3379 3395 3386
f 3379 3386 3382
f 3379 3382 3387
f 3379 3387 3384
f 3379 3384 3380
f 3380 3384 3383
f 3381 3383 3389
f 3381 3389 3385
f 3382 3386 3393
f 3382 3393 3387
f 3383 3388 3389
f 3383 3384 3388
f 3384 3390 3391
f 3384 3391 3392
f 3384 3392 3388
f 3384 3387 3393
f 3384 3393 3394
f 3384 3394 3390
f 3385 3389 3394
f 3385 3394 3395
f 3386 3395 3394
f 3386 3394 3393
f 3388 3392 3389
f 3389 3392 3394
f 3390 3394 3391
f 3391 3394 3392

o geometry_108
v 0.08354908 0.05358670 -0.01095945 0.38823530 0.68235294 1.02352941
v 0.08734431 0.05382014 -0.01095945 0.38823530 0.68235294 1.02352941
v 0.08734431 0.05785073 -0.00694060 0.38823530 0.68235294 1.02352941
v 0.08354908 0.05772882 -0.00694060 0.38823530 0.68235294 1.02352941
v 0.08354908 0.07242983 -0.01095945 0.38823530 0.68235294 1.02352941
v 0.10575525 0.05507808 -0.01095945 0.38823530 0.68235294 1.02352941
v 0.09140688 0.05854582 -0.00694060 0.38823530 0.68235294 1.02352941
v 0.08354908 0.06859635 -0.00694060 0.38823530 0.68235294 1.02352941
v 0.09886038 0.08008118 -0.00694060 0.38823530 0.68235294 1.02352941
v 0.09414137 0.08008118 -0.01095945 0.38823530 0.68235294 1.02352941
v 0.10575525 0.06625167 -0.00694060 0.38823530 0.68235294 1.02352941
v 0.09952988 0.06242598 -0.00694060 0.38823530 0.68235294 1.02352941
v 0.09528471 0.05985564 -0.00694060 0.38823530 0.68235294 1.02352941
v 0.10575525 0.08008118 -0.01095945 0.38823530 0.68235294 1.02352941
v 0.10575525 0.08008118 -0.00694060 0.38823530 0.68235294 1.02352941
f 3396 3397 3398
f 3396 3398 3399
f 3396 3399 3403
f 3396 3403 3400
f 3396 3400 3405
f 3396 3405 3409
f 3396 3409 3401
f 3396 3401 3397
f 3397 3401 3398
f 3398 3402 3408
f 3398 3408 3407
f 3398 3407 3406
f 3398 3406 3410
f 3398 3410 3404
f 3398 3404 3403
f 3398 3403 3399
f 3398 3401 3402
f 3400 3404 3405
f 3400 3403 3404
f 3401 3406 3407
f 3401 3407 3408
f 3401 3408 3402
f 3401 3409 3410
f 3401 3410 3406
f 3404 3410 3409
f 3404 3409 3405

o geometry_109
v 0.07236585 0.06021537 -0.00694060 1.04117648 0.42352941 0.56470588
v 0.07428702 0.05942657 -0.00694060 1.04117648 0.42352941 0.56470588
v 0.07251606 0.06060620 -0.00293379 1.04117648 0.42352941 0.56470588
v 0.07236585 0.06069404 -0.00293379 1.04117648 0.42352941 0.56470588
v 0.07236585 0.07439061 -0.00694060 1.04117648 0.42352941 0.56470588
v 0.07515785 0.05917559 -0.00694060 1.04117648 0.42352941 0.56470588
v 0.07515785 0.05953054 -0.00293379 1.04117648 0.42352941 0.56470588
v 0.07236585 0.07512205 -0.00293379 1.04117648 0.42352941 0.56470588
v 0.07236585 0.07488182 -0.00626404 1.04117648 0.42352941 0.56470588
v 0.08484192 0.06864666 -0.00694060 1.04117648 0.42352941 0.56470588
v 0.07822100 0.05831685 -0.00694060 1.04117648 0.42352941 0.56470588
v 0.07921884 0.05837422 -0.00293379 1.04117648 0.42352941 0.56470588
v 0.07831747 0.05862701 -0.00293379 1.04117648 0.42352941 0.56470588
v 0.07284217 0.07553796 -0.00293379 1.04117648 0.42352941 0.56470588
v 0.07236585 0.07603097 -0.00293770 1.04117648 0.42352941 0.56470588
v 0.07236585 0.07496070 -0.00604675 1.04117648 0.42352941 0.56470588
v 0.08484192 0.05777545 -0.00694060 1.04117648 0.42352941 0.56470588
v 0.08484192 0.06931355 -0.00293379 1.04117648 0.42352941 0.56470588
v 0.07921884 0.05814654 -0.00694060 1.04117648 0.42352941 0.56470588
v 0.08328105 0.05789019 -0.00293379 1.04117648 0.42352941 0.56470588
v 0.08484192 0.05794935 -0.00293379 1.04117648 0.42352941 0.56470588
v 0.08328105 0.05771808 -0.00694060 1.04117648 0.42352941 0.56470588
v 0.08211099 0.05780234 -0.00694060 1.04117648 0.42352941 0.56470588
f 3411 3412 3413
f 3411 3413 3414
f 3411 3414 3418
f 3411 3418 3425
f 3411 3425 3426
f 3411 3426 3419
f 3411 3419 3415
f 3411 3415 3420
f 3411 3420 3427
f 3411 3427 3432
f 3411 3432 3433
f 3411 3433 3429
f 3411 3429 3421
f 3411 3421 3416
f 3411 3416 3412
f 3412 3416 3417
f 3412 3417 3413
f 3413 3417 3423
f 3413 3423 3422
f 3413 3422 3430
f 3413 3430 3431
f 3413 3431 3428
f 3413 3428 3424
f 3413 3424 3418
f 3413 3418 3414
f 3415 3419 3420
f 3416 3421 3422
f 3416 3422 3423
f 3416 3423 3417
f 3418 3424 3425
f 3419 3426 3420
f 3420 3426 3425
f 3420 3425 3428
f 3420 3428 3431
f 3420 3431 3427
f 3421 3429 3422
f 3422 3429 3430
f 3424 3428 3425
f 3427 3431 3430
f 3427 3430 3432
f 3429 3433 3430
f 3430 3433 3432

o geometry_110
v 0.10575525 0.10570266 -0.00907887 0.27058824 1.18235293 0.08235294
v 0.10575525 0.10570266 -0.01095945 0.27058824 1.18235293 0.08235294
v 0.10126879 0.10570266 -0.00694060 0.27058824 1.18235293 0.08235294
v 0.10575525 0.10126730 -0.00694060 0.27058824 1.18235293 0.08235294
v 0.10575525 0.09219018 -0.01095945 0.27058824 1.18235293 0.08235294
v 0.08354908 0.10570266 -0.01095945 0.27058824 1.18235293 0.08235294
v 0.08354908 0.10570266 -0.00694060 0.27058824 1.18235293 0.08235294
v 0.10575525 0.09219018 -0.00694060 0.27058824 1.18235293 0.08235294
v 0.09074826 0.09219018 -0.01095945 0.27058824 1.18235293 0.08235294
v 0.08354908 0.09407387 -0.01095945 0.27058824 1.18235293 0.08235294
v 0.08354908 0.09851850 -0.00694060 0.27058824 1.18235293 0.08235294
v 0.09686061 0.09219018 -0.00694060 0.27058824 1.18235293 0.08235294
v 0.08854200 0.09270609 -0.01095945 0.27058824 1.18235293 0.08235294
f 3434 3435 3439
f 3434 3439 3440
f 3434 3440 3436
f 3434 3436 3437
f 3434 3437 3441
f 3434 3441 3438
f 3434 3438 3435
f 3435 3438 3442
f 3435 3442 3446
f 3435 3446 3443
f 3435 3443 3439
f 3436 3440 3444
f 3436 3444 3445
f 3436 3445 3441
f 3436 3441 3437
f 3438 3441 3445
f 3438 3445 3442
f 3439 3443 3444
f 3439 3444 3440
f 3442 3445 3446
f 3443 3446 3445
f 3443 3445 3444

o geometry_111
v 0.07481765 0.09472958 -0.00694112 1.04117648 1.16470589 1.16470589
v 0.07516504 0.09052671 -0.01095945 1.04117648 1.16470589 1.16470589
v 0.07481765 0.09491973 -0.00602746 1.04117648 1.16470589 1.16470589
v 0.07481765 0.10570398 -0.00694112 1.04117648 1.16470589 1.16470589
v 0.08354874 0.09407440 -0.01095945 1.04117648 1.16470589 1.16470589
v 0.08484216 0.09958167 -0.00293457 1.04117648 1.16470589 1.16470589
v 0.07481765 0.09567147 -0.00293457 1.04117648 1.16470589 1.16470589
v 0.07481765 0.09493905 -0.00594734 1.04117648 1.16470589 1.16470589
v 0.07516504 0.10570249 -0.01095945 1.04117648 1.16470589 1.16470589
v 0.07481765 0.10570398 -0.00293457 1.04117648 1.16470589 1.16470589
v 0.08484216 0.10570398 -0.00694112 1.04117648 1.16470589 1.16470589
v 0.08354874 0.10570249 -0.01095945 1.04117648 1.16470589 1.16470589
v 0.08484216 0.09846744 -0.00694112 1.04117648 1.16470589 1.16470589
v 0.08484216 0.10570398 -0.00293457 1.04117648 1.16470589 1.16470589
f 3447 3448 3449
f 3447 3449 3454
f 3447 3454 3453
f 3447 3453 3456
f 3447 3456 3450
f 3447 3450 3455
f 3447 3455 3448
f 3448 3451 3452
f 3448 3452 3453
f 3448 3453 3454
f 3448 3454 3449
f 3448 3455 3458
f 3448 3458 3451
f 3450 3456 3460
f 3450 3460 3457
f 3450 3457 3458
f 3450 3458 3455
f 3451 3458 3457
f 3451 3457 3459
f 3451 3459 3452
f 3452 3460 3456
f 3452 3456 3453
f 3452 3459 3457
f 3452 3457 3460

o geometry_112
v 0.09698458 0.06097970 -0.00694060 0.38823530 0.55882353 0.87647060
v 0.09720956 0.06108492 -0.00694060 0.38823530 0.55882353 0.87647060
v 0.09716490 0.06110955 -0.00293379 0.38823530 0.55882353 0.87647060
v 0.09698458 0.06102671 -0.00293379 0.38823530 0.55882353 0.87647060
v 0.09698458 0.07544964 -0.00694060 0.38823530 0.55882353 0.87647060
v 0.09953208 0.06242601 -0.00694060 0.38823530 0.55882353 0.87647060
v 0.10575440 0.06625229 -0.00694060 0.38823530 0.55882353 0.87647060
v 0.10575440 0.06640005 -0.00293379 0.38823530 0.55882353 0.87647060
v 0.09698458 0.07545860 -0.00293379 0.38823530 0.55882353 0.87647060
v 0.09698458 0.07566681 -0.00395550 0.38823530 0.55882353 0.87647060
v 0.09930626 0.08384996 -0.00694060 0.38823530 0.55882353 0.87647060
v 0.10575440 0.08384996 -0.00694060 0.38823530 0.55882353 0.87647060
v 0.10575440 0.08384996 -0.00293379 0.38823530 0.55882353 0.87647060
v 0.09994849 0.08384996 -0.00293379 0.38823530 0.55882353 0.87647060
v 0.09698458 0.07563099 -0.00293575 0.38823530 0.55882353 0.87647060
f 3461 3462 3463
f 3461 3463 3464
f 3461 3464 3469
f 3461 3469 3475
f 3461 3475 3470
f 3461 3470 3465
f 3461 3465 3471
f 3461 3471 3472
f 3461 3472 3467
f 3461 3467 3466
f 3461 3466 3462
f 3462 3466 3463
f 3463 3466 3467
f 3463 3467 3468
f 3463 3468 3473
f 3463 3473 3474
f 3463 3474 3469
f 3463 3469 3464
f 3465 3470 3471
f 3467 3472 3473
f 3467 3473 3468
f 3469 3474 3475
f 3470 3475 3471
f 3471 3474 3473
f 3471 3473 3472
f 3471 3475 3474

o geometry_113
v 0.05358907 0.08328358 -0.01095945 0.40588236 0.55294118 0.29411764
v 0.05359119 0.08312891 -0.01095945 0.40588236 0.55294118 0.29411764
v 0.05773060 0.08328358 -0.00694060 0.40588236 0.55294118 0.29411764
v 0.05785310 0.08734517 -0.00694060 0.40588236 0.55294118 0.29411764
v 0.05380872 0.08734517 -0.01095945 0.40588236 0.55294118 0.29411764
v 0.05774116 0.08312891 -0.00694060 0.40588236 0.55294118 0.29411764
v 0.07280991 0.08312891 -0.01095945 0.40588236 0.55294118 0.29411764
v 0.05854159 0.09140893 -0.00694060 0.40588236 0.55294118 0.29411764
v 0.05733355 0.10570398 -0.01095945 0.40588236 0.55294118 0.29411764
v 0.06895982 0.08312891 -0.00694060 0.40588236 0.55294118 0.29411764
v 0.07516262 0.09052723 -0.01095945 0.40588236 0.55294118 0.29411764
v 0.07516262 0.09495563 -0.00694060 0.40588236 0.55294118 0.29411764
v 0.05985733 0.09530256 -0.00694060 0.40588236 0.55294118 0.29411764
v 0.06240645 0.09952986 -0.00694060 0.40588236 0.55294118 0.29411764
v 0.06623962 0.10570398 -0.00694060 0.40588236 0.55294118 0.29411764
v 0.07516262 0.10570398 -0.01095945 0.40588236 0.55294118 0.29411764
v 0.07516262 0.10570398 -0.00694060 0.40588236 0.55294118 0.29411764
f 3476 3477 3478
f 3476 3478 3479
f 3476 3479 3480
f 3476 3480 3484
f 3476 3484 3491
f 3476 3491 3486
f 3476 3486 3482
f 3476 3482 3477
f 3477 3481 3478
f 3477 3482 3485
f 3477 3485 3481
f 3478 3481 3485
f 3478 3485 3487
f 3478 3487 3492
f 3478 3492 3490
f 3478 3490 3489
f 3478 3489 3488
f 3478 3488 3483
f 3478 3483 3479
f 3479 3483 3480
f 3480 3483 3484
f 3482 3486 3487
f 3482 3487 3485
f 3483 3488 3484
f 3484 3488 3489
f 3484 3489 3490
f 3484 3490 3492
f 3484 3492 3491
f 3486 3491 3492
f 3486 3492 3487

o geometry_114
v 0.07606212 0.07498992 -0.01095945 0.68823529 0.06470587 1.19411764
v 0.08160012 0.07340005 -0.01095945 0.68823529 0.06470587 1.19411764
v 0.05562670 0.07498992 -0.01095945 0.68823529 0.06470587 1.19411764
v 0.07214778 0.07498992 -0.00694060 0.68823529 0.06470587 1.19411764
v 0.08354908 0.07242893 -0.01095945 0.68823529 0.06470587 1.19411764
v 0.05601486 0.07251912 -0.01095945 0.68823529 0.06470587 1.19411764
v 0.05922395 0.07498992 -0.00694060 0.68823529 0.06470587 1.19411764
v 0.08354908 0.06859688 -0.00694060 0.68823529 0.06470587 1.19411764
v 0.08354908 0.05358746 -0.01095945 0.68823529 0.06470587 1.19411764
v 0.05676383 0.06890730 -0.01095945 0.68823529 0.06470587 1.19411764
v 0.05942897 0.07428309 -0.00694060 0.68823529 0.06470587 1.19411764
v 0.08354908 0.05772784 -0.00694060 0.68823529 0.06470587 1.19411764
v 0.08328120 0.05356438 -0.01095945 0.68823529 0.06470587 1.19411764
v 0.06032007 0.06434322 -0.01095945 0.68823529 0.06470587 1.19411764
v 0.06359202 0.06743907 -0.00694060 0.68823529 0.06470587 1.19411764
v 0.06120845 0.07065657 -0.00694060 0.68823529 0.06470587 1.19411764
v 0.06027633 0.07223387 -0.00694060 0.68823529 0.06470587 1.19411764
v 0.08328120 0.05771735 -0.00694060 0.68823529 0.06470587 1.19411764
v 0.08200467 0.05357067 -0.01095945 0.68823529 0.06470587 1.19411764
v 0.06434919 0.06032240 -0.01095945 0.68823529 0.06470587 1.19411764
v 0.06592641 0.06491373 -0.00694060 0.68823529 0.06470587 1.19411764
v 0.06491229 0.06592890 -0.00694060 0.68823529 0.06470587 1.19411764
v 0.08211127 0.05780334 -0.00694060 0.68823529 0.06470587 1.19411764
v 0.07921653 0.05814734 -0.00694060 0.68823529 0.06470587 1.19411764
v 0.07821882 0.05831723 -0.00694060 0.68823529 0.06470587 1.19411764
v 0.06891410 0.05676930 -0.01095945 0.68823529 0.06470587 1.19411764
v 0.06744075 0.06359444 -0.00694060 0.68823529 0.06470587 1.19411764
v 0.07515460 0.05917509 -0.00694060 0.68823529 0.06470587 1.19411764
v 0.07428535 0.05942678 -0.00694060 0.68823529 0.06470587 1.19411764
v 0.07222978 0.06026996 -0.00694060 0.68823529 0.06470587 1.19411764
v 0.07065258 0.06121171 -0.00694060 0.68823529 0.06470587 1.19411764
f 3493 3494 3497
f 3493 3497 3501
f 3493 3501 3505
f 3493 3505 3511
f 3493 3511 3518
f 3493 3518 3512
f 3493 3512 3506
f 3493 3506 3502
f 3493 3502 3498
f 3493 3498 3495
f 3493 3495 3499
f 3493 3499 3496
f 3493 3496 3494
f 3494 3496 3497
f 3495 3498 3499
f 3496 3499 3503
f 3496 3503 3509
f 3496 3509 3508
f 3496 3508 3507
f 3496 3507 3514
f 3496 3514 3513
f 3496 3513 3519
f 3496 3519 3523
f 3496 3523 3522
f 3496 3522 3521
f 3496 3521 3520
f 3496 3520 3517
f 3496 3517 3516
f 3496 3516 3515
f 3496 3515 3510
f 3496 3510 3504
f 3496 3504 3500
f 3496 3500 3497
f 3497 3500 3504
f 3497 3504 3501
f 3498 3502 3499
f 3499 3502 3503
f 3501 3504 3505
f 3502 3506 3507
f 3502 3507 3508
f 3502 3508 3509
f 3502 3509 3503
f 3504 3510 3505
f 3505 3510 3511
f 3506 3512 3513
f 3506 3513 3514
f 3506 3514 3507
f 3510 3515 3511
f 3511 3515 3516
f 3511 3516 3517
f 3511 3517 3518
f 3512 3518 3519
f 3512 3519 3513
f 3517 3520 3518
f 3518 3520 3521
f 3518 3521 3522
f 3518 3522 3523
f 3518 3523 3519

o geometry_115
v 0.10575525 0.09218901 -0.00694060 0.11176470 0.77647059 0.45882353
v 0.10575525 0.08008377 -0.00694060 0.11176470 0.77647059 0.45882353
v 0.10575525 0.09218901 -0.01095945 0.11176470 0.77647059 0.45882353
v 0.09686192 0.09218901 -0.00694060 0.11176470 0.77647059 0.45882353
v 0.10575525 0.08008377 -0.01095945 0.11176470 0.77647059 0.45882353
v 0.09886122 0.08008377 -0.00694060 0.11176470 0.77647059 0.45882353
v 0.09074940 0.09218901 -0.01095945 0.11176470 0.77647059 0.45882353
v 0.09413985 0.08008377 -0.01095945 0.11176470 0.77647059 0.45882353
f 3524 3525 3528
f 3524 3528 3526
f 3524 3526 3530
f 3524 3530 3527
f 3524 3527 3529
f 3524 3529 3525
f 3525 3529 3531
f 3525 3531 3528
f 3526 3528 3531
f 3526 3531 3530
f 3527 3530 3529
f 3529 3530 3531