{
    "start_pose": [
        0.19,
        -0.088677,
        0.539,
        0.0,
        0.0,
        0.0,
        1.0
    ],
    "goals": [
        [
            0.19,
            -0.088677,
            0.554667,
            0.0,
            0.0,
            0.0,
            1.0
        ],
        [
            0.19,
            -0.088677,
            0.601667,
            0.0,
            0.0,
            0.0,
            1.0
        ],
        [
            0.19,
            -0.088677,
            0.68,
            0.0,
            0.0,
            0.0,
            1.0
        ],
        [
            0.171991,
            -0.081137,
            0.68,
            -0.04474,
            -0.04474,
            -0.04474,
            0.996993
        ],
        [
            0.12697,
            -0.062286,
            0.68,
            -0.15483,
            -0.15483,
            -0.15483,
            0.963371
        ],
        [
            0.068442,
            -0.03778,
            0.68,
            -0.288675,
            -0.288675,
            -0.288675,
            0.866025
        ],
        [
            0.009914,
            -0.013275,
            0.68,
            -0.404271,
            -0.404271,
            -0.404271,
            0.71393
        ],
        [
            -0.035108,
            0.005576,
            0.68,
            -0.476126,
            -0.476126,
            -0.476126,
            0.565607
        ],
        [
            -0.053116,
            0.013116,
            0.68,
            -0.5,
            -0.5,
            -0.5,
            0.5
        ],
        [
            -0.053116,
            0.013116,
            0.653112,
            -0.5,
            -0.5,
            -0.5,
            0.5
        ],
        [
            -0.053116,
            0.013116,
            0.636979,
            -0.5,
            -0.5,
            -0.5,
            0.5
        ],
        [
            -0.053116,
            0.013116,
            0.631601,
            -0.5,
            -0.5,
            -0.5,
            0.5
        ]
    ]
}
