{
    "start_pose": [
        0.185,
        -0.065047,
        0.539753,
        0.0,
        0.0,
        0.0,
        1.0
    ],
    "goals": [
        [
            0.185,
            -0.065047,
            0.555336,
            0.0,
            0.0,
            0.0,
            1.0
        ],
        [
            0.185,
            -0.065047,
            0.602085,
            0.0,
            0.0,
            0.0,
            1.0
        ],
        [
            0.185,
            -0.065047,
            0.68,
            0.0,
            0.0,
            0.0,
            1.0
        ],
        [
            0.169078,
            -0.060969,
            0.68,
            0.0,
            -0.058145,
            0.0,
            0.998308
        ],
        [
            0.129275,
            -0.050775,
            0.68,
            0.0,
            -0.202218,
            0.0,
            0.979341
        ],
        [
            0.07753,
            -0.037523,
            0.68,
            0.0,
            -0.382683,
            0.0,
            0.92388
        ],
        [
            0.025785,
            -0.024271,
            0.68,
            0.0,
            -0.549509,
            0.0,
            0.835488
        ],
        [
            -0.014019,
            -0.014078,
            0.68,
            0.0,
            -0.664796,
            0.0,
            0.747025
        ],
        [
            -0.029941,
            -0.01,
            0.68,
            -0.0,
            -0.707107,
            -0.0,
            0.707107
        ],
        [
            -0.029941,
            -0.01,
            0.606389,
            -0.0,
            -0.707107,
            -0.0,
            0.707107
        ],
        [
            -0.029941,
            -0.01,
            0.562222,
            -0.0,
            -0.707107,
            -0.0,
            0.707107
        ],
        [
            -0.029941,
            -0.01,
            0.5475,
            -0.0,
            -0.707107,
            -0.0,
            0.707107
        ]
    ]
}
