{
    "start_pose": [
        0.135,
        0.126666,
        0.55,
        0.0,
        0.0,
        0.0,
        1.0
    ],
    "goals": [
        [
            0.135,
            0.126666,
            0.564444,
            0.0,
            0.0,
            0.0,
            1.0
        ],
        [
            0.135,
            0.126666,
            0.607778,
            0.0,
            0.0,
            0.0,
            1.0
        ],
        [
            0.135,
            0.126666,
            0.68,
            0.0,
            0.0,
            0.0,
            1.0
        ],
        [
            0.119074,
            0.120265,
            0.68,
            -0.058145,
            0.0,
            0.0,
            0.998308
        ],
        [
            0.079259,
            0.104263,
            0.68,
            -0.202218,
            0.0,
            0.0,
            0.979341
        ],
        [
            0.0275,
            0.08346,
            0.68,
            -0.382683,
            0.0,
            0.0,
            0.92388
        ],
        [
            -0.024259,
            0.062657,
            0.68,
            -0.549509,
            0.0,
            0.0,
            0.835488
        ],
        [
            -0.064074,
            0.046654,
            0.68,
            -0.664796,
            0.0,
            0.0,
            0.747025
        ],
        [
            -0.08,
            0.040253,
            0.68,
            -0.707107,
            -0.0,
            -0.0,
            0.707107
        ],
        [
            -0.08,
            0.040253,
            0.614722,
            -0.707107,
            -0.0,
            -0.0,
            0.707107
        ],
        [
            -0.08,
            0.040253,
            0.575556,
            -0.707107,
            -0.0,
            -0.0,
            0.707107
        ],
        [
            -0.08,
            0.040253,
            0.5625,
            -0.707107,
            -0.0,
            -0.0,
            0.707107
        ]
    ]
}
