{
    "start_pose": [
        0.135,
        -0.169916,
        0.541545,
        0.0,
        0.0,
        0.0,
        1.0
    ],
    "goals": [
        [
            0.135,
            -0.169916,
            0.556929,
            0.0,
            0.0,
            0.0,
            1.0
        ],
        [
            0.135,
            -0.169916,
            0.603081,
            0.0,
            0.0,
            0.0,
            1.0
        ],
        [
            0.135,
            -0.169916,
            0.68,
            0.0,
            0.0,
            0.0,
            1.0
        ],
        [
            0.121827,
            -0.152605,
            0.68,
            -0.04474,
            -0.04474,
            -0.04474,
            0.996993
        ],
        [
            0.088895,
            -0.109329,
            0.68,
            -0.15483,
            -0.15483,
            -0.15483,
            0.963371
        ],
        [
            0.046083,
            -0.053071,
            0.68,
            -0.288675,
            -0.288675,
            -0.288675,
            0.866025
        ],
        [
            0.003272,
            0.003188,
            0.68,
            -0.404271,
            -0.404271,
            -0.404271,
            0.71393
        ],
        [
            -0.02966,
            0.046464,
            0.68,
            -0.476126,
            -0.476126,
            -0.476126,
            0.565607
        ],
        [
            -0.042833,
            0.063775,
            0.68,
            -0.5,
            -0.5,
            -0.5,
            0.5
        ],
        [
            -0.042833,
            0.063775,
            0.665557,
            -0.5,
            -0.5,
            -0.5,
            0.5
        ],
        [
            -0.042833,
            0.063775,
            0.65689,
            -0.5,
            -0.5,
            -0.5,
            0.5
        ],
        [
            -0.042833,
            0.063775,
            0.654002,
            -0.5,
            -0.5,
            -0.5,
            0.5
        ]
    ]
}
