{
    "start_pose": [
        0.13495,
        -0.112595,
        0.541545,
        0.0,
        0.0,
        0.0,
        1.0
    ],
    "goals": [
        [
            0.13495,
            -0.112595,
            0.556929,
            0.0,
            0.0,
            0.0,
            1.0
        ],
        [
            0.13495,
            -0.112595,
            0.603081,
            0.0,
            0.0,
            0.0,
            1.0
        ],
        [
            0.13495,
            -0.112595,
            0.68,
            0.0,
            0.0,
            0.0,
            1.0
        ],
        [
            0.121783,
            -0.103049,
            0.68,
            -0.04474,
            -0.04474,
            -0.04474,
            0.996993
        ],
        [
            0.088864,
            -0.079184,
            0.68,
            -0.15483,
            -0.15483,
            -0.15483,
            0.963371
        ],
        [
            0.046071,
            -0.04816,
            0.68,
            -0.288675,
            -0.288675,
            -0.288675,
            0.866025
        ],
        [
            0.003277,
            -0.017136,
            0.68,
            -0.404271,
            -0.404271,
            -0.404271,
            0.71393
        ],
        [
            -0.029641,
            0.006729,
            0.68,
            -0.476126,
            -0.476126,
            -0.476126,
            0.565607
        ],
        [
            -0.042809,
            0.016275,
            0.68,
            -0.5,
            -0.5,
            -0.5,
            0.5
        ],
        [
            -0.042809,
            0.016275,
            0.665549,
            -0.5,
            -0.5,
            -0.5,
            0.5
        ],
        [
            -0.042809,
            0.016275,
            0.656878,
            -0.5,
            -0.5,
            -0.5,
            0.5
        ],
        [
            -0.042809,
            0.016275,
            0.653988,
            -0.5,
            -0.5,
            -0.5,
            0.5
        ]
    ]
}
