{
    "start_pose": [
        0.135,
        0.136666,
        0.55,
        0.0,
        0.0,
        0.0,
        1.0
    ],
    "goals": [
        [
            0.135,
            0.136666,
            0.593333,
            0.0,
            0.0,
            0.0,
            1.0
        ],
        [
            0.135,
            0.136666,
            0.636667,
            0.0,
            0.0,
            0.0,
            1.0
        ],
        [
            0.135,
            0.136666,
            0.68,
            0.0,
            0.0,
            0.0,
            1.0
        ],
        [
            0.099167,
            0.120598,
            0.68,
            0.130526,
            0.0,
            0.0,
            0.991445
        ],
        [
            0.063333,
            0.104529,
            0.68,
            0.258819,
            0.0,
            0.0,
            0.965926
        ],
        [
            0.0275,
            0.08846,
            0.68,
            0.382683,
            0.0,
            0.0,
            0.92388
        ],
        [
            -0.008333,
            0.072391,
            0.68,
            0.5,
            0.0,
            0.0,
            0.866025
        ],
        [
            -0.044167,
            0.056322,
            0.68,
            0.608761,
            0.0,
            0.0,
            0.793353
        ],
        [
            -0.08,
            0.040253,
            0.68,
            0.707107,
            0.0,
            0.0,
            0.707107
        ],
        [
            -0.08,
            0.040253,
            0.640833,
            0.707107,
            0.0,
            0.0,
            0.707107
        ],
        [
            -0.08,
            0.040253,
            0.601667,
            0.707107,
            0.0,
            0.0,
            0.707107
        ],
        [
            -0.08,
            0.040253,
            0.5625,
            0.707107,
            0.0,
            0.0,
            0.707107
        ]
    ]
}
