{
    "start_pose": [
        0.135,
        0.0475,
        0.555,
        0.0,
        0.0,
        0.0,
        1.0
    ],
    "goals": [
        [
            0.135,
            0.0475,
            0.568889,
            0.0,
            0.0,
            0.0,
            1.0
        ],
        [
            0.135,
            0.0475,
            0.610556,
            0.0,
            0.0,
            0.0,
            1.0
        ],
        [
            0.135,
            0.0475,
            0.68,
            0.0,
            0.0,
            0.0,
            1.0
        ],
        [
            0.118919,
            0.046944,
            0.68,
            -0.058145,
            0.0,
            0.0,
            0.998308
        ],
        [
            0.078715,
            0.045556,
            0.68,
            -0.202218,
            0.0,
            0.0,
            0.979341
        ],
        [
            0.02645,
            0.04375,
            0.68,
            -0.382683,
            0.0,
            0.0,
            0.92388
        ],
        [
            -0.025815,
            0.041944,
            0.68,
            -0.549509,
            0.0,
            0.0,
            0.835488
        ],
        [
            -0.066018,
            0.040556,
            0.68,
            -0.664796,
            0.0,
            0.0,
            0.747025
        ],
        [
            -0.0821,
            0.04,
            0.68,
            -0.707107,
            -0.0,
            -0.0,
            0.707107
        ],
        [
            -0.0821,
            0.04,
            0.640536,
            -0.707107,
            -0.0,
            -0.0,
            0.707107
        ],
        [
            -0.0821,
            0.04,
            0.616858,
            -0.707107,
            -0.0,
            -0.0,
            0.707107
        ],
        [
            -0.0821,
            0.04,
            0.608965,
            -0.707107,
            -0.0,
            -0.0,
            0.707107
        ]
    ]
}
