{
    "start_pose": [
        0.164267,
        -0.034291,
        0.5415,
        0.0,
        0.0,
        0.0,
        1.0
    ],
    "goals": [
        [
            0.164267,
            -0.034291,
            0.587667,
            0.0,
            0.0,
            0.0,
            1.0
        ],
        [
            0.164267,
            -0.034291,
            0.633833,
            0.0,
            0.0,
            0.0,
            1.0
        ],
        [
            0.164267,
            -0.034291,
            0.68,
            0.0,
            0.0,
            0.0,
            1.0
        ],
        [
            0.130818,
            -0.021185,
            0.68,
            0.100256,
            0.100256,
            -0.100256,
            0.984808
        ],
        [
            0.09737,
            -0.008079,
            0.68,
            0.197465,
            0.197465,
            -0.197465,
            0.939693
        ],
        [
            0.063921,
            0.005027,
            0.68,
            0.288675,
            0.288675,
            -0.288675,
            0.866025
        ],
        [
            0.030472,
            0.018133,
            0.68,
            0.371114,
            0.371114,
            -0.371114,
            0.766044
        ],
        [
            -0.002976,
            0.031239,
            0.68,
            0.442276,
            0.442276,
            -0.442276,
            0.642788
        ],
        [
            -0.036425,
            0.044345,
            0.68,
            0.5,
            0.5,
            -0.5,
            0.5
        ],
        [
            -0.036425,
            0.044345,
            0.6375,
            0.5,
            0.5,
            -0.5,
            0.5
        ],
        [
            -0.036425,
            0.044345,
            0.595,
            0.5,
            0.5,
            -0.5,
            0.5
        ],
        [
            -0.036425,
            0.044345,
            0.5525,
            0.5,
            0.5,
            -0.5,
            0.5
        ]
    ]
}
