{
    "start_pose": [
        0.1806,
        0.02873,
        0.53635,
        0.0,
        0.0,
        0.0,
        1.0
    ],
    "goals": [
        [
            0.1806,
            0.02873,
            0.552311,
            0.0,
            0.0,
            0.0,
            1.0
        ],
        [
            0.1806,
            0.02873,
            0.600194,
            0.0,
            0.0,
            0.0,
            1.0
        ],
        [
            0.1806,
            0.02873,
            0.68,
            0.0,
            0.0,
            0.0,
            1.0
        ],
        [
            0.158004,
            0.029565,
            0.68,
            0.04474,
            -0.04474,
            -0.04474,
            0.996993
        ],
        [
            0.101513,
            0.031652,
            0.68,
            0.15483,
            -0.15483,
            -0.15483,
            0.963371
        ],
        [
            0.028075,
            0.034365,
            0.68,
            0.288675,
            -0.288675,
            -0.288675,
            0.866025
        ],
        [
            -0.045363,
            0.037078,
            0.68,
            0.404271,
            -0.404271,
            -0.404271,
            0.71393
        ],
        [
            -0.101854,
            0.039165,
            0.68,
            0.476126,
            -0.476126,
            -0.476126,
            0.565607
        ],
        [
            -0.12445,
            0.04,
            0.68,
            0.5,
            -0.5,
            -0.5,
            0.5
        ],
        [
            -0.12445,
            0.04,
            0.636406,
            0.5,
            -0.5,
            -0.5,
            0.5
        ],
        [
            -0.12445,
            0.04,
            0.610249,
            0.5,
            -0.5,
            -0.5,
            0.5
        ],
        [
            -0.12445,
            0.04,
            0.60153,
            0.5,
            -0.5,
            -0.5,
            0.5
        ]
    ]
}
