{
    "start_pose": [
        0.079,
        -0.0353,
        0.4585,
        -0.0,
        -0.219831,
        -0.975538,
        0.0
    ],
    "goals": [
        [
            -0.08,
            0.04,
            0.55,
            0.0,
            0.0,
            0.0,
            1.0
        ]
    ]
}