{
    "start_pose": [
        0.135,
        0.14347,
        0.5525,
        0.0,
        0.0,
        0.0,
        1.0
    ],
    "goals": [
        [
            0.135,
            0.14347,
            0.595,
            0.0,
            0.0,
            0.0,
            1.0
        ],
        [
            0.135,
            0.14347,
            0.6375,
            0.0,
            0.0,
            0.0,
            1.0
        ],
        [
            0.135,
            0.14347,
            0.68,
            0.0,
            0.0,
            0.0,
            1.0
        ],
        [
            0.099831,
            0.126225,
            0.68,
            0.130526,
            0.0,
            0.0,
            0.991445
        ],
        [
            0.064662,
            0.10898,
            0.68,
            0.258819,
            0.0,
            0.0,
            0.965926
        ],
        [
            0.029493,
            0.091735,
            0.68,
            0.382683,
            0.0,
            0.0,
            0.92388
        ],
        [
            -0.005677,
            0.07449,
            0.68,
            0.5,
            0.0,
            0.0,
            0.866025
        ],
        [
            -0.040846,
            0.057245,
            0.68,
            0.608761,
            0.0,
            0.0,
            0.793353
        ],
        [
            -0.076015,
            0.04,
            0.68,
            0.707107,
            0.0,
            0.0,
            0.707107
        ],
        [
            -0.076015,
            0.04,
            0.64,
            0.707107,
            0.0,
            0.0,
            0.707107
        ],
        [
            -0.076015,
            0.04,
            0.6,
            0.707107,
            0.0,
            0.0,
            0.707107
        ],
        [
            -0.076015,
            0.04,
            0.56,
            0.707107,
            0.0,
            0.0,
            0.707107
        ]
    ]
}
