# https://github.com/mikedh/trimesh

o geometry_0
v 0.11413322 0.01534275 0.00335279 0.54509804 0.71372549 0.60000000
v 0.11413322 0.01534275 -0.01676385 0.54509804 0.71372549 0.60000000
v 0.11412440 0.01534275 0.01676388 0.54509804 0.71372549 0.60000000
v 0.11404500 0.01514079 0.01676388 0.54509804 0.71372549 0.60000000
v 0.11404500 0.01514079 -0.01676385 0.54509804 0.71372549 0.60000000
v 0.11401854 0.01515949 -0.01715917 0.54509804 0.71372549 0.60000000
v 0.11408911 0.01534275 -0.01715917 0.54509804 0.71372549 0.60000000
v 0.11411558 0.01534275 0.01692798 0.54509804 0.71372549 0.60000000
v 0.11401854 0.01515949 0.01715920 0.54509804 0.71372549 0.60000000
v 0.11385973 0.01483785 0.01676388 0.54509804 0.71372549 0.60000000
v 0.11395678 0.01498745 0.00000001 0.54509804 0.71372549 0.60000000
v 0.11385973 0.01483785 -0.01676385 0.54509804 0.71372549 0.60000000
v 0.11383327 0.01485655 -0.01715917 0.54509804 0.71372549 0.60000000
v 0.11392149 0.01520437 -0.01754330 0.54509804 0.71372549 0.60000000
v 0.11398325 0.01534275 -0.01754330 0.54509804 0.71372549 0.60000000
v 0.11403618 0.01534275 -0.01735683 0.54509804 0.71372549 0.60000000
v 0.11408911 0.01534275 0.01715920 0.54509804 0.71372549 0.60000000
v 0.11398325 0.01534275 0.01754334 0.54509804 0.71372549 0.60000000
v 0.11392149 0.01520437 0.01754334 0.54509804 0.71372549 0.60000000
v 0.11383327 0.01485655 0.01715920 0.54509804 0.71372549 0.60000000
v 0.11403618 0.01534275 0.01735686 0.54509804 0.71372549 0.60000000
v 0.11363036 0.01456483 0.01676388 0.54509804 0.71372549 0.60000000
v 0.11374504 0.01469947 0.00000001 0.54509804 0.71372549 0.60000000
v 0.11363036 0.01456483 -0.01676385 0.54509804 0.71372549 0.60000000
v 0.11360389 0.01458727 -0.01715917 0.54509804 0.71372549 0.60000000
v 0.11374504 0.01491639 -0.01754330 0.54509804 0.71372549 0.60000000
v 0.11361271 0.01501737 -0.01790506 0.54509804 0.71372549 0.60000000
v 0.11377151 0.01528291 -0.01790506 0.54509804 0.71372549 0.60000000
v 0.11379798 0.01534275 -0.01790506 0.54509804 0.71372549 0.60000000
v 0.11379798 0.01534275 0.01790509 0.54509804 0.71372549 0.60000000
v 0.11377151 0.01528291 0.01790509 0.54509804 0.71372549 0.60000000
v 0.11361271 0.01501737 0.01790509 0.54509804 0.71372549 0.60000000
v 0.11374504 0.01491639 0.01754334 0.54509804 0.71372549 0.60000000
v 0.11360389 0.01458727 0.01715920 0.54509804 0.71372549 0.60000000
v 0.10441991 0.00539059 0.01705851 0.54509804 0.71372549 0.60000000
v 0.10443756 0.00537189 0.01676388 0.54509804 0.71372549 0.60000000
v 0.10443756 0.00537189 -0.01676385 0.54509804 0.71372549 0.60000000
v 0.10441991 0.00539059 -0.01705848 0.54509804 0.71372549 0.60000000
v 0.10434051 0.00546913 -0.01754330 0.54509804 0.71372549 0.60000000
v 0.11352448 0.01466207 -0.01754330 0.54509804 0.71372549 0.60000000
v 0.08603432 -0.01298032 -0.01715917 0.54509804 0.71372549 0.60000000
v 0.08601667 -0.01296162 -0.01725614 0.54509804 0.71372549 0.60000000
v 0.11340980 0.01478175 -0.01790506 0.54509804 0.71372549 0.60000000
v 0.11325099 0.01494257 -0.01823325 0.54509804 0.71372549 0.60000000
v 0.11342744 0.01515201 -0.01823325 0.54509804 0.71372549 0.60000000
v 0.11357742 0.01534275 -0.01819223 0.54509804 0.71372549 0.60000000
v 0.11365682 0.01534275 -0.01809154 0.54509804 0.71372549 0.60000000
v 0.11365682 0.01534275 0.01809156 0.54509804 0.71372549 0.60000000
v 0.11354213 0.01534275 0.01823328 0.54509804 0.71372549 0.60000000
v 0.11342744 0.01515201 0.01823328 0.54509804 0.71372549 0.60000000
v 0.11325099 0.01494257 0.01823328 0.54509804 0.71372549 0.60000000
v 0.11340980 0.01478175 0.01790509 0.54509804 0.71372549 0.60000000
v 0.11352448 0.01466207 0.01754334 0.54509804 0.71372549 0.60000000
v 0.10434051 0.00546913 0.01754334 0.54509804 0.71372549 0.60000000
v 0.08601667 -0.01296162 0.01725617 0.54509804 0.71372549 0.60000000
v 0.08603432 -0.01298032 0.01715920 0.54509804 0.71372549 0.60000000
v 0.08605196 -0.01299902 0.01686085 0.54509804 0.71372549 0.60000000
v 0.07686798 -0.02219196 0.01676388 0.54509804 0.71372549 0.60000000
v 0.08605196 -0.01299902 -0.01686082 0.54509804 0.71372549 0.60000000
v 0.07686798 -0.02219196 -0.01676385 0.54509804 0.71372549 0.60000000
v 0.09503302 -0.00360038 -0.01790506 0.54509804 0.71372549 0.60000000
v 0.10425229 0.00555889 -0.01781556 0.54509804 0.71372549 0.60000000
v 0.07677094 -0.02209472 -0.01754330 0.54509804 0.71372549 0.60000000
v 0.07684152 -0.02216952 -0.01715917 0.54509804 0.71372549 0.60000000
v 0.10418171 0.00562995 -0.01798711 0.54509804 0.71372549 0.60000000
v 0.10410231 0.00571223 -0.01815121 0.54509804 0.71372549 0.60000000
v 0.10405819 0.00574963 -0.01823325 0.54509804 0.71372549 0.60000000
v 0.09467131 -0.00324134 -0.01851296 0.54509804 0.71372549 0.60000000
v 0.11304808 0.01514079 -0.01851296 0.54509804 0.71372549 0.60000000
v 0.11319806 0.01531657 -0.01851296 0.54509804 0.71372549 0.60000000
v 0.11321571 0.01534275 -0.01851296 0.54509804 0.71372549 0.60000000
v 0.11354213 0.01534275 -0.01823325 0.54509804 0.71372549 0.60000000
v 0.11321571 0.01534275 0.01851299 0.54509804 0.71372549 0.60000000
v 0.11319806 0.01531657 0.01851299 0.54509804 0.71372549 0.60000000
v 0.11304808 0.01514079 0.01851299 0.54509804 0.71372549 0.60000000
v 0.09467131 -0.00324134 0.01851299 0.54509804 0.71372549 0.60000000
v 0.10405819 0.00574963 0.01823328 0.54509804 0.71372549 0.60000000
v 0.10410231 0.00571223 0.01815123 0.54509804 0.71372549 0.60000000
v 0.10418171 0.00562995 0.01798714 0.54509804 0.71372549 0.60000000
v 0.10425229 0.00555889 0.01781558 0.54509804 0.71372549 0.60000000
v 0.09503302 -0.00360038 0.01790509 0.54509804 0.71372549 0.60000000
v 0.07677094 -0.02209472 0.01754334 0.54509804 0.71372549 0.60000000
v 0.07684152 -0.02216952 0.01715920 0.54509804 0.71372549 0.60000000
v 0.07659449 -0.02242758 0.01676388 0.54509804 0.71372549 0.60000000
v 0.07659449 -0.02242758 -0.01676385 0.54509804 0.71372549 0.60000000
v 0.08568143 -0.01262502 -0.01823325 0.54509804 0.71372549 0.60000000
v 0.07664743 -0.02197878 -0.01790506 0.54509804 0.71372549 0.60000000
v 0.07651509 -0.02231538 -0.01754330 0.54509804 0.71372549 0.60000000
v 0.07656802 -0.02239766 -0.01715917 0.54509804 0.71372549 0.60000000
v 0.09455662 -0.00312540 -0.01862858 0.54509804 0.71372549 0.60000000
v 0.07648863 -0.02181422 -0.01823325 0.54509804 0.71372549 0.60000000
v 0.07628571 -0.02161600 -0.01851296 0.54509804 0.71372549 0.60000000
v 0.11284517 0.01534275 -0.01871062 0.54509804 0.71372549 0.60000000
v 0.10368766 0.00612363 -0.01868452 0.54509804 0.71372549 0.60000000
v 0.11316277 0.01534275 -0.01854280 0.54509804 0.71372549 0.60000000
v 0.11316277 0.01534275 0.01854283 0.54509804 0.71372549 0.60000000
v 0.11303044 0.01534275 0.01861369 0.54509804 0.71372549 0.60000000
v 0.11279224 0.01534275 0.01874049 0.54509804 0.71372549 0.60000000
v 0.09455662 -0.00312540 0.01862860 0.54509804 0.71372549 0.60000000
v 0.08568143 -0.01262502 0.01823328 0.54509804 0.71372549 0.60000000
v 0.07628571 -0.02161600 0.01851299 0.54509804 0.71372549 0.60000000
v 0.07648863 -0.02181422 0.01823328 0.54509804 0.71372549 0.60000000
v 0.07664743 -0.02197878 0.01790509 0.54509804 0.71372549 0.60000000
v 0.07651509 -0.02231538 0.01754334 0.54509804 0.71372549 0.60000000
v 0.07656802 -0.02239766 0.01715920 0.54509804 0.71372549 0.60000000
v 0.07626807 -0.02258466 0.01715920 0.54509804 0.71372549 0.60000000
v 0.07628571 -0.02261458 0.01676388 0.54509804 0.71372549 0.60000000
v 0.07628571 -0.02261458 -0.01676385 0.54509804 0.71372549 0.60000000
v 0.07626807 -0.02258466 -0.01715917 0.54509804 0.71372549 0.60000000
v 0.07640922 -0.02218074 -0.01790506 0.54509804 0.71372549 0.60000000
v 0.07622396 -0.02249116 -0.01754330 0.54509804 0.71372549 0.60000000
v 0.07614455 -0.02234156 -0.01790506 0.54509804 0.71372549 0.60000000
v 0.08524913 -0.01219492 -0.01874046 0.54509804 0.71372549 0.60000000
v 0.10362591 0.00617973 -0.01874046 0.54509804 0.71372549 0.60000000
v 0.07605633 -0.02138412 -0.01874046 0.54509804 0.71372549 0.60000000
v 0.07627689 -0.02199374 -0.01823325 0.54509804 0.71372549 0.60000000
v 0.07610927 -0.02176560 -0.01851296 0.54509804 0.71372549 0.60000000
v 0.07592400 -0.02150380 -0.01874046 0.54509804 0.71372549 0.60000000
v 0.11278341 0.01534275 -0.01874046 0.54509804 0.71372549 0.60000000
v 0.11228055 0.01534275 0.01891204 0.54509804 0.71372549 0.60000000
v 0.09418609 -0.00275514 0.01891204 0.54509804 0.71372549 0.60000000
v 0.08518737 -0.01213134 0.01878524 0.54509804 0.71372549 0.60000000
v 0.08524913 -0.01219492 0.01874049 0.54509804 0.71372549 0.60000000
v 0.07605633 -0.02138412 0.01874049 0.54509804 0.71372549 0.60000000
v 0.07592400 -0.02150380 0.01874049 0.54509804 0.71372549 0.60000000
v 0.07610927 -0.02176560 0.01851299 0.54509804 0.71372549 0.60000000
v 0.07627689 -0.02199374 0.01823328 0.54509804 0.71372549 0.60000000
v 0.07640922 -0.02218074 0.01790509 0.54509804 0.71372549 0.60000000
v 0.07614455 -0.02234156 0.01790509 0.54509804 0.71372549 0.60000000
v 0.07622396 -0.02249116 0.01754334 0.54509804 0.71372549 0.60000000
v 0.07591518 -0.02262206 0.01754334 0.54509804 0.71372549 0.60000000
v 0.07594165 -0.02271930 0.01715920 0.54509804 0.71372549 0.60000000
v 0.07595929 -0.02275296 0.01676388 0.54509804 0.71372549 0.60000000
v 0.07595929 -0.02275296 -0.01676385 0.54509804 0.71372549 0.60000000
v 0.07594165 -0.02271930 -0.01715917 0.54509804 0.71372549 0.60000000
v 0.07591518 -0.02262206 -0.01754330 0.54509804 0.71372549 0.60000000
v 0.07604751 -0.02213586 -0.01823325 0.54509804 0.71372549 0.60000000
v 0.07586224 -0.02246124 -0.01790506 0.54509804 0.71372549 0.60000000
v 0.08518737 -0.01213134 -0.01878521 0.54509804 0.71372549 0.60000000
v 0.10356415 0.00624705 -0.01878521 0.54509804 0.71372549 0.60000000
v 0.07580049 -0.02112980 -0.01891201 0.54509804 0.71372549 0.60000000
v 0.07591518 -0.02188528 -0.01851296 0.54509804 0.71372549 0.60000000
v 0.07576520 -0.02159730 -0.01874046 0.54509804 0.71372549 0.60000000
v 0.07560640 -0.02127566 -0.01891201 0.54509804 0.71372549 0.60000000
v 0.07571227 -0.02120834 -0.01891201 0.54509804 0.71372549 0.60000000
v 0.11227172 0.01534275 -0.01891201 0.54509804 0.71372549 0.60000000
v 0.11174239 0.01534275 0.01901274 0.54509804 0.71372549 0.60000000
v 0.09391260 -0.00248212 0.01901274 0.54509804 0.71372549 0.60000000
v 0.07580049 -0.02112980 0.01891204 0.54509804 0.71372549 0.60000000
v 0.07571227 -0.02120834 0.01891204 0.54509804 0.71372549 0.60000000
v 0.07560640 -0.02127566 0.01891204 0.54509804 0.71372549 0.60000000
v 0.07576520 -0.02159730 0.01874049 0.54509804 0.71372549 0.60000000
v 0.07591518 -0.02188528 0.01851299 0.54509804 0.71372549 0.60000000
v 0.07604751 -0.02213586 0.01823328 0.54509804 0.71372549 0.60000000
v 0.07586224 -0.02246124 0.01790509 0.54509804 0.71372549 0.60000000
v 0.07558876 -0.02270060 0.01754334 0.54509804 0.71372549 0.60000000
v 0.07559758 -0.02280158 0.01715920 0.54509804 0.71372549 0.60000000
v 0.07560640 -0.02283524 0.01676388 0.54509804 0.71372549 0.60000000
v 0.07560640 -0.02283524 -0.01676385 0.54509804 0.71372549 0.60000000
v 0.07559758 -0.02280158 -0.01715917 0.54509804 0.71372549 0.60000000
v 0.07558876 -0.02270060 -0.01754330 0.54509804 0.71372549 0.60000000
v 0.07579166 -0.02224432 -0.01823325 0.54509804 0.71372549 0.60000000
v 0.07556229 -0.02253230 -0.01790506 0.54509804 0.71372549 0.60000000
v 0.07552700 -0.02230790 -0.01823325 0.54509804 0.71372549 0.60000000
v 0.09418609 -0.00275514 -0.01891201 0.54509804 0.71372549 0.60000000
v 0.07548289 -0.02089791 -0.01901271 0.54509804 0.71372549 0.60000000
v 0.07552700 -0.02085678 -0.01901271 0.54509804 0.71372549 0.60000000
v 0.07570344 -0.02197504 -0.01851296 0.54509804 0.71372549 0.60000000
v 0.07559758 -0.02166462 -0.01874046 0.54509804 0.71372549 0.60000000
v 0.07549171 -0.02132054 -0.01891201 0.54509804 0.71372549 0.60000000
v 0.07542995 -0.02093158 -0.01901271 0.54509804 0.71372549 0.60000000
v 0.11174239 0.01534275 -0.01901271 0.54509804 0.71372549 0.60000000
v 0.11170710 0.01534275 0.01901647 0.54509804 0.71372549 0.60000000
v 0.07552700 -0.02085678 0.01901274 0.54509804 0.71372549 0.60000000
v 0.07548289 -0.02089791 0.01901274 0.54509804 0.71372549 0.60000000
v 0.07559758 -0.02166462 0.01874049 0.54509804 0.71372549 0.60000000
v 0.07542995 -0.02093158 0.01901274 0.54509804 0.71372549 0.60000000
v 0.07549171 -0.02132054 0.01891204 0.54509804 0.71372549 0.60000000
v 0.07570344 -0.02197504 0.01851299 0.54509804 0.71372549 0.60000000
v 0.07579166 -0.02224432 0.01823328 0.54509804 0.71372549 0.60000000
v 0.07552700 -0.02230790 0.01823328 0.54509804 0.71372549 0.60000000
v 0.07556229 -0.02253230 0.01790509 0.54509804 0.71372549 0.60000000
v 0.07524468 -0.02255848 0.01790509 0.54509804 0.71372549 0.60000000
v 0.07524468 -0.02272678 0.01754334 0.54509804 0.71372549 0.60000000
v 0.07524468 -0.02282776 0.01715920 0.54509804 0.71372549 0.60000000
v 0.07524468 -0.02286516 0.01676388 0.54509804 0.71372549 0.60000000
v 0.07542995 -0.02285020 0.00000001 0.54509804 0.71372549 0.60000000
v 0.07524468 -0.02286516 -0.01676385 0.54509804 0.71372549 0.60000000
v 0.07524468 -0.02282776 -0.01715917 0.54509804 0.71372549 0.60000000
v 0.07524468 -0.02272678 -0.01754330 0.54509804 0.71372549 0.60000000
v 0.07524468 -0.02255848 -0.01790506 0.54509804 0.71372549 0.60000000
v 0.07548289 -0.02202740 -0.01851296 0.54509804 0.71372549 0.60000000
v 0.07524468 -0.02233034 -0.01823325 0.54509804 0.71372549 0.60000000
v 0.09391260 -0.00248212 -0.01901271 0.54509804 0.71372549 0.60000000
v 0.07524468 -0.02057628 -0.01904627 0.54509804 0.71372549 0.60000000
v 0.08464922 -0.01159652 -0.01902390 0.54509804 0.71372549 0.60000000
v 0.11170710 0.01534275 -0.01901644 0.54509804 0.71372549 0.60000000
v 0.07542995 -0.02170576 -0.01874046 0.54509804 0.71372549 0.60000000
v 0.07536820 -0.02135046 -0.01891201 0.54509804 0.71372549 0.60000000
v 0.07536820 -0.02095401 -0.01901271 0.54509804 0.71372549 0.60000000
v 0.11116894 0.01534275 0.01905003 0.54509804 0.71372549 0.60000000
v 0.10282308 0.00699132 0.01905003 0.54509804 0.71372549 0.60000000
v 0.10302600 0.00677814 0.01902393 0.54509804 0.71372549 0.60000000
v 0.08464922 -0.01159652 0.01902393 0.54509804 0.71372549 0.60000000
v 0.07524468 -0.02057628 0.01904630 0.54509804 0.71372549 0.60000000
v 0.07542995 -0.02170576 0.01874049 0.54509804 0.71372549 0.60000000
v 0.07536820 -0.02095401 0.01901274 0.54509804 0.71372549 0.60000000
v 0.07536820 -0.02135046 0.01891204 0.54509804 0.71372549 0.60000000
v 0.07548289 -0.02202740 0.01851299 0.54509804 0.71372549 0.60000000
v 0.07524468 -0.02233034 0.01823328 0.54509804 0.71372549 0.60000000
v 0.02400498 -0.02255848 0.01790509 0.54509804 0.71372549 0.60000000
v 0.02400498 -0.02258466 0.01784915 0.54509804 0.71372549 0.60000000
v 0.02400498 -0.02272678 0.01754334 0.54509804 0.71372549 0.60000000
v 0.03762656 -0.02275296 0.01744637 0.54509804 0.71372549 0.60000000
v 0.05644444 -0.02281654 0.01720769 0.54509804 0.71372549 0.60000000
v 0.02400498 -0.02282776 0.01715920 0.54509804 0.71372549 0.60000000
v 0.02400498 -0.02283524 0.01709580 0.54509804 0.71372549 0.60000000
v 0.03762656 -0.02283898 0.01705851 0.54509804 0.71372549 0.60000000
v 0.05644444 -0.02284272 0.01701002 0.54509804 0.71372549 0.60000000
v 0.02400498 -0.02286516 0.01676388 0.54509804 0.71372549 0.60000000
v 0.02400498 -0.02286516 -0.01676385 0.54509804 0.71372549 0.60000000
v 0.03763538 -0.02283898 -0.01705848 0.54509804 0.71372549 0.60000000
v 0.05644444 -0.02284272 -0.01700999 0.54509804 0.71372549 0.60000000
v 0.02400498 -0.02283524 -0.01709577 0.54509804 0.71372549 0.60000000
v 0.02400498 -0.02282776 -0.01715917 0.54509804 0.71372549 0.60000000
v 0.05644444 -0.02281654 -0.01720765 0.54509804 0.71372549 0.60000000
v 0.03763538 -0.02275296 -0.01744634 0.54509804 0.71372549 0.60000000
v 0.02400498 -0.02272678 -0.01754330 0.54509804 0.71372549 0.60000000
v 0.02400498 -0.02258466 -0.01784912 0.54509804 0.71372549 0.60000000
v 0.02400498 -0.02255848 -0.01790506 0.54509804 0.71372549 0.60000000
v 0.07524468 -0.02204610 -0.01851296 0.54509804 0.71372549 0.60000000
v 0.07524468 -0.02172072 -0.01874046 0.54509804 0.71372549 0.60000000
v 0.02400498 -0.02233034 -0.01823325 0.54509804 0.71372549 0.60000000
v 0.05644444 -0.02208350 -0.01847940 0.54509804 0.71372549 0.60000000
v 0.11118659 0.01534275 -0.01904627 0.54509804 0.71372549 0.60000000
v 0.07530644 -0.02096898 -0.01901271 0.54509804 0.71372549 0.60000000
v 0.07524468 -0.02097272 -0.01901271 0.54509804 0.71372549 0.60000000
v 0.05644444 -0.02057628 -0.01905000 0.54509804 0.71372549 0.60000000
v 0.10302600 0.00677814 -0.01902390 0.54509804 0.71372549 0.60000000
v 0.07524468 -0.02135794 -0.01891201 0.54509804 0.71372549 0.60000000
v 0.09467131 0.01534275 0.01905003 0.54509804 0.71372549 0.60000000
v 0.02400498 -0.02061368 0.01904630 0.54509804 0.71372549 0.60000000
v 0.07524468 -0.02097272 0.01901274 0.54509804 0.71372549 0.60000000
v 0.07530644 -0.02096898 0.01901274 0.54509804 0.71372549 0.60000000
v 0.05644444 -0.02082686 0.01902765 0.54509804 0.71372549 0.60000000
v 0.07524468 -0.02172072 0.01874049 0.54509804 0.71372549 0.60000000
v 0.07524468 -0.02135794 0.01891204 0.54509804 0.71372549 0.60000000
v 0.07524468 -0.02204610 0.01851299 0.54509804 0.71372549 0.60000000
v 0.05644444 -0.02208350 0.01847943 0.54509804 0.71372549 0.60000000
v 0.02400498 -0.02233034 0.01823328 0.54509804 0.71372549 0.60000000
v 0.02400498 -0.02281280 0.01721887 0.54509804 0.71372549 0.60000000
v 0.02400498 -0.02279410 -0.01728970 0.54509804 0.71372549 0.60000000
v 0.02400498 -0.02277540 -0.01736056 0.54509804 0.71372549 0.60000000
v 0.02400498 -0.02204610 -0.01851296 0.54509804 0.71372549 0.60000000
v 0.02400498 -0.02201618 -0.01853534 0.54509804 0.71372549 0.60000000
v 0.05644444 -0.02200496 -0.01854280 0.54509804 0.71372549 0.60000000
v 0.02400498 -0.02183292 -0.01866587 0.54509804 0.71372549 0.60000000
v 0.05644444 -0.02176186 -0.01871435 0.54509804 0.71372549 0.60000000
v 0.02400498 -0.02172072 -0.01874046 0.54509804 0.71372549 0.60000000
v 0.05644444 -0.02167584 -0.01876284 0.54509804 0.71372549 0.60000000
v 0.05644444 -0.02149632 -0.01884861 0.54509804 0.71372549 0.60000000
v 0.06560195 -0.01010052 -0.01905000 0.54509804 0.71372549 0.60000000
v 0.05543870 0.01294541 -0.01905000 0.54509804 0.71372549 0.60000000
v 0.07791783 0.01534275 -0.01904627 0.54509804 0.71372549 0.60000000
v 0.05644444 -0.02102134 -0.01900152 0.54509804 0.71372549 0.60000000
v 0.02400498 -0.02097272 -0.01901271 0.54509804 0.71372549 0.60000000
v 0.03763538 -0.02087548 -0.01902390 0.54509804 0.71372549 0.60000000
v 0.05644444 -0.02082686 -0.01902763 0.54509804 0.71372549 0.60000000
v 0.02400498 -0.02057628 -0.01905000 0.54509804 0.71372549 0.60000000
v 0.02400498 -0.02135794 -0.01891201 0.54509804 0.71372549 0.60000000
v 0.02400498 -0.02103630 -0.01899779 0.54509804 0.71372549 0.60000000
v 0.07791783 0.01534275 0.01904630 0.54509804 0.71372549 0.60000000
v 0.02400498 0.01294541 0.01904630 0.54509804 0.71372549 0.60000000
v 0.02400498 -0.02093906 0.01901647 0.54509804 0.71372549 0.60000000
v 0.03762656 -0.02087548 0.01902393 0.54509804 0.71372549 0.60000000
v 0.02400498 -0.02097272 0.01901274 0.54509804 0.71372549 0.60000000
v 0.02400498 -0.02101012 0.01900528 0.54509804 0.71372549 0.60000000
v 0.05644444 -0.02102134 0.01900155 0.54509804 0.71372549 0.60000000
v 0.05644444 -0.02149632 0.01884864 0.54509804 0.71372549 0.60000000
v 0.05644444 -0.02167584 0.01876286 0.54509804 0.71372549 0.60000000
v 0.02400498 -0.02172072 0.01874049 0.54509804 0.71372549 0.60000000
v 0.02400498 -0.02175064 0.01872184 0.54509804 0.71372549 0.60000000
v 0.05644444 -0.02176186 0.01871438 0.54509804 0.71372549 0.60000000
v 0.02400498 -0.02135794 0.01891204 0.54509804 0.71372549 0.60000000
v 0.02400498 -0.02183292 0.01866590 0.54509804 0.71372549 0.60000000
v 0.05644444 -0.02200496 0.01854283 0.54509804 0.71372549 0.60000000
v 0.02400498 -0.02204610 0.01851299 0.54509804 0.71372549 0.60000000
v 0.03763538 -0.02163096 -0.01878521 0.54509804 0.71372549 0.60000000
v 0.02400498 0.01294541 -0.01905000 0.54509804 0.71372549 0.60000000
v 0.07786490 0.01534275 -0.01904254 0.54509804 0.71372549 0.60000000
v 0.02400498 0.01334559 -0.01901271 0.54509804 0.71372549 0.60000000
v 0.02400498 0.01340543 -0.01899779 0.54509804 0.71372549 0.60000000
v 0.02400498 0.01353259 -0.01896423 0.54509804 0.71372549 0.60000000
v 0.02400498 0.01372707 -0.01891201 0.54509804 0.71372549 0.60000000
v 0.02400498 0.01408985 -0.01874046 0.54509804 0.71372549 0.60000000
v 0.02400498 0.01425067 -0.01863231 0.54509804 0.71372549 0.60000000
v 0.02400498 0.01441523 -0.01851296 0.54509804 0.71372549 0.60000000
v 0.02400498 0.01469947 -0.01823325 0.54509804 0.71372549 0.60000000
v 0.02400498 0.01492761 -0.01790506 0.54509804 0.71372549 0.60000000
v 0.02400498 0.01503981 -0.01766638 0.54509804 0.71372549 0.60000000
v 0.02400498 0.01508095 -0.01757687 0.54509804 0.71372549 0.60000000
v 0.02400498 0.01509591 -0.01754330 0.54509804 0.71372549 0.60000000
v 0.02400498 0.01518941 -0.01719274 0.54509804 0.71372549 0.60000000
v 0.02400498 0.01519689 -0.01715917 0.54509804 0.71372549 0.60000000
v 0.02400498 0.01522307 -0.01689438 0.54509804 0.71372549 0.60000000
v 0.02400498 0.01523429 -0.01676385 0.54509804 0.71372549 0.60000000
v 0.02400498 -0.02093906 -0.01901644 0.54509804 0.71372549 0.60000000
v 0.07745907 0.01534275 0.01901274 0.54509804 0.71372549 0.60000000
v 0.02400498 0.01523429 0.01676388 0.54509804 0.71372549 0.60000000
v 0.02400498 0.01520063 0.01712564 0.54509804 0.71372549 0.60000000
v 0.02400498 0.01519689 0.01715920 0.54509804 0.71372549 0.60000000
v 0.02400498 0.01518941 0.01719277 0.54509804 0.71372549 0.60000000
v 0.02400498 0.01509591 0.01754334 0.54509804 0.71372549 0.60000000
v 0.02400498 0.01503981 0.01766641 0.54509804 0.71372549 0.60000000
v 0.02400498 0.01492761 0.01790509 0.54509804 0.71372549 0.60000000
v 0.02400498 0.01469947 0.01823328 0.54509804 0.71372549 0.60000000
v 0.02400498 0.01441523 0.01851299 0.54509804 0.71372549 0.60000000
v 0.02400498 0.01408985 0.01874049 0.54509804 0.71372549 0.60000000
v 0.02400498 0.01405993 0.01875541 0.54509804 0.71372549 0.60000000
v 0.02400498 0.01376073 0.01889712 0.54509804 0.71372549 0.60000000
v 0.02400498 0.01372707 0.01891204 0.54509804 0.71372549 0.60000000
v 0.02400498 0.01337925 0.01900528 0.54509804 0.71372549 0.60000000
v 0.02400498 0.01334559 0.01901274 0.54509804 0.71372549 0.60000000
v 0.02400498 0.01330819 0.01901647 0.54509804 0.71372549 0.60000000
v 0.02400498 0.01313989 0.01903138 0.54509804 0.71372549 0.60000000
v 0.03762656 -0.02163096 0.01878524 0.54509804 0.71372549 0.60000000
v 0.02400498 -0.02177308 0.01870692 0.54509804 0.71372549 0.60000000
v 0.07745907 0.01534275 -0.01901271 0.54509804 0.71372549 0.60000000
v 0.07458302 0.01534275 -0.01676385 0.54509804 0.71372549 0.60000000
v 0.07460948 0.01534275 -0.01684963 0.54509804 0.71372549 0.60000000
v 0.07470653 0.01534275 -0.01715917 0.54509804 0.71372549 0.60000000
v 0.07495355 0.01534275 -0.01754330 0.54509804 0.71372549 0.60000000
v 0.07529762 0.01534275 -0.01790506 0.54509804 0.71372549 0.60000000
v 0.07569462 0.01534275 -0.01823325 0.54509804 0.71372549 0.60000000
v 0.07610045 0.01534275 -0.01851296 0.54509804 0.71372549 0.60000000
v 0.07623278 0.01534275 -0.01858009 0.54509804 0.71372549 0.60000000
v 0.07655038 0.01534275 -0.01874046 0.54509804 0.71372549 0.60000000
v 0.07699149 0.01534275 -0.01891201 0.54509804 0.71372549 0.60000000
v 0.07699149 0.01534275 0.01891204 0.54509804 0.71372549 0.60000000
v 0.07655038 0.01534275 0.01874049 0.54509804 0.71372549 0.60000000
v 0.07610045 0.01534275 0.01851299 0.54509804 0.71372549 0.60000000
v 0.07569462 0.01534275 0.01823328 0.54509804 0.71372549 0.60000000
v 0.07529762 0.01534275 0.01790509 0.54509804 0.71372549 0.60000000
v 0.07495355 0.01534275 0.01754334 0.54509804 0.71372549 0.60000000
v 0.07470653 0.01534275 0.01715920 0.54509804 0.71372549 0.60000000
v 0.07458302 0.01534275 0.01676388 0.54509804 0.71372549 0.60000000
f 1 2 7
f 1 7 16
f 1 16 15
f 1 15 29
f 1 29 47
f 1 47 46
f 1 46 72
f 1 72 71
f 1 71 95
f 1 95 93
f 1 93 119
f 1 119 146
f 1 146 172
f 1 172 197
f 1 197 235
f 1 235 264
f 1 264 290
f 1 290 328
f 1 328 338
f 1 338 337
f 1 337 336
f 1 336 335
f 1 335 334
f 1 334 333
f 1 333 332
f 1 332 331
f 1 331 330
f 1 330 329
f 1 329 346
f 1 346 345
f 1 345 344
f 1 344 343
f 1 343 342
f 1 342 341
f 1 341 340
f 1 340 339
f 1 339 308
f 1 308 272
f 1 272 241
f 1 241 201
f 1 201 173
f 1 173 147
f 1 147 120
f 1 120 98
f 1 98 97
f 1 97 96
f 1 96 73
f 1 73 49
f 1 49 48
f 1 48 30
f 1 30 18
f 1 18 21
f 1 21 17
f 1 17 8
f 1 8 3
f 1 3 4
f 1 4 5
f 1 5 2
f 2 5 6
f 2 6 7
f 3 8 4
f 4 8 9
f 4 9 20
f 4 20 10
f 4 10 11
f 4 11 5
f 5 11 12
f 5 12 13
f 5 13 6
f 6 13 14
f 6 14 15
f 6 15 16
f 6 16 7
f 8 17 9
f 9 18 19
f 9 19 20
f 9 17 21
f 9 21 18
f 10 20 22
f 10 22 23
f 10 23 12
f 10 12 11
f 12 23 24
f 12 24 13
f 13 24 25
f 13 25 26
f 13 26 14
f 14 26 27
f 14 27 28
f 14 28 15
f 15 28 29
f 18 30 31
f 18 31 19
f 19 31 32
f 19 32 33
f 19 33 20
f 20 33 34
f 20 34 22
f 22 34 35
f 22 35 36
f 22 36 37
f 22 37 24
f 22 24 23
f 24 37 38
f 24 38 25
f 25 39 40
f 25 40 26
f 25 38 41
f 25 41 42
f 25 42 39
f 26 40 43
f 26 43 27
f 27 43 44
f 27 44 45
f 27 45 46
f 27 46 28
f 28 46 47
f 28 47 29
f 30 48 31
f 31 48 32
f 32 48 49
f 32 49 50
f 32 50 51
f 32 51 52
f 32 52 33
f 33 52 53
f 33 53 34
f 34 53 54
f 34 54 55
f 34 55 56
f 34 56 35
f 35 56 36
f 36 56 57
f 36 57 58
f 36 58 60
f 36 60 37
f 37 59 41
f 37 41 38
f 37 60 59
f 39 61 62
f 39 62 43
f 39 43 40
f 39 42 63
f 39 63 61
f 41 59 60
f 41 60 64
f 41 64 42
f 42 64 63
f 43 65 44
f 43 62 61
f 43 61 65
f 44 65 61
f 44 61 66
f 44 66 67
f 44 67 68
f 44 68 69
f 44 69 70
f 44 70 45
f 45 70 71
f 45 71 72
f 45 72 46
f 49 73 50
f 50 73 74
f 50 74 51
f 51 74 75
f 51 75 76
f 51 76 77
f 51 77 78
f 51 78 81
f 51 81 79
f 51 79 52
f 52 80 54
f 52 54 53
f 52 79 81
f 52 81 80
f 54 80 81
f 54 81 82
f 54 82 55
f 55 82 83
f 55 83 56
f 56 83 58
f 56 58 57
f 58 83 84
f 58 84 85
f 58 85 60
f 60 85 64
f 61 86 66
f 61 63 87
f 61 87 91
f 61 91 86
f 63 64 88
f 63 88 87
f 64 85 89
f 64 89 88
f 66 86 67
f 67 86 68
f 68 90 69
f 68 86 91
f 68 91 92
f 68 92 90
f 69 93 70
f 69 90 94
f 69 94 93
f 70 93 95
f 70 95 71
f 73 96 74
f 74 96 97
f 74 97 98
f 74 98 75
f 75 98 99
f 75 99 76
f 76 100 77
f 76 99 101
f 76 101 102
f 76 102 100
f 77 100 78
f 78 100 81
f 81 100 102
f 81 102 103
f 81 103 82
f 82 103 104
f 82 104 83
f 83 104 105
f 83 105 84
f 84 105 106
f 84 106 107
f 84 107 108
f 84 108 85
f 85 108 109
f 85 109 89
f 87 88 110
f 87 110 116
f 87 116 91
f 88 89 109
f 88 109 111
f 88 111 112
f 88 112 110
f 90 113 114
f 90 114 94
f 90 92 115
f 90 115 113
f 91 116 117
f 91 117 92
f 92 117 118
f 92 118 115
f 93 94 119
f 94 114 119
f 98 120 121
f 98 121 122
f 98 122 123
f 98 123 99
f 99 123 124
f 99 124 101
f 101 124 125
f 101 125 126
f 101 126 127
f 101 127 102
f 102 127 128
f 102 128 103
f 103 128 104
f 104 128 129
f 104 129 130
f 104 130 106
f 104 106 105
f 106 130 131
f 106 131 132
f 106 132 133
f 106 133 107
f 107 133 134
f 107 134 108
f 108 134 109
f 109 134 135
f 109 135 136
f 109 136 111
f 110 112 137
f 110 137 116
f 111 136 138
f 111 138 112
f 112 138 162
f 112 162 137
f 113 139 114
f 113 115 139
f 114 140 119
f 114 139 140
f 115 118 141
f 115 141 139
f 116 137 117
f 117 137 142
f 117 142 118
f 118 142 143
f 118 143 144
f 118 144 145
f 118 145 141
f 119 140 146
f 120 147 121
f 121 147 148
f 121 148 174
f 121 174 149
f 121 149 122
f 122 149 124
f 122 124 123
f 124 149 125
f 125 149 150
f 125 150 151
f 125 151 152
f 125 152 153
f 125 153 126
f 126 153 154
f 126 154 127
f 127 154 128
f 128 154 129
f 129 154 180
f 129 180 155
f 129 155 131
f 129 131 130
f 131 155 156
f 131 156 132
f 132 156 157
f 132 157 133
f 133 157 158
f 133 158 159
f 133 159 134
f 134 159 160
f 134 160 135
f 135 160 161
f 135 161 136
f 136 161 138
f 137 162 168
f 137 168 142
f 138 161 163
f 138 163 164
f 138 164 162
f 139 165 140
f 139 141 165
f 140 165 146
f 141 145 166
f 141 166 167
f 141 167 194
f 141 194 165
f 142 168 143
f 143 168 169
f 143 169 144
f 144 169 170
f 144 170 171
f 144 171 166
f 144 166 145
f 146 165 172
f 147 173 148
f 148 173 174
f 149 174 175
f 149 175 150
f 150 175 177
f 150 177 151
f 151 176 152
f 151 177 178
f 151 178 176
f 152 176 179
f 152 179 153
f 153 179 180
f 153 180 154
f 155 180 181
f 155 181 182
f 155 182 156
f 156 182 183
f 156 183 184
f 156 184 157
f 157 184 185
f 157 185 186
f 157 186 158
f 158 186 187
f 158 187 159
f 159 187 188
f 159 188 160
f 160 188 189
f 160 189 190
f 160 190 161
f 161 190 191
f 161 191 163
f 162 164 168
f 163 191 164
f 164 192 168
f 164 191 193
f 164 193 192
f 165 194 172
f 166 171 195
f 166 195 167
f 167 195 196
f 167 196 197
f 167 197 194
f 168 192 198
f 168 198 169
f 169 198 170
f 170 198 199
f 170 199 236
f 170 236 200
f 170 200 171
f 171 200 195
f 172 194 197
f 173 201 202
f 173 202 203
f 173 203 204
f 173 204 174
f 174 204 205
f 174 205 175
f 175 205 177
f 176 178 206
f 176 206 179
f 177 207 178
f 177 205 207
f 178 207 244
f 178 244 208
f 178 208 206
f 179 206 209
f 179 209 181
f 179 181 180
f 181 209 210
f 181 210 183
f 181 183 182
f 183 210 250
f 183 250 211
f 183 211 212
f 183 212 184
f 184 212 213
f 184 213 214
f 184 214 215
f 184 215 185
f 185 215 216
f 185 216 217
f 185 217 218
f 185 218 219
f 185 219 186
f 186 188 187
f 186 219 218
f 186 218 220
f 186 220 221
f 186 221 188
f 188 221 222
f 188 222 223
f 188 223 189
f 189 223 222
f 189 222 224
f 189 224 225
f 189 225 226
f 189 226 190
f 190 226 227
f 190 227 228
f 190 228 229
f 190 229 191
f 191 229 230
f 191 230 233
f 191 233 193
f 192 193 231
f 192 231 232
f 192 232 198
f 193 233 234
f 193 234 231
f 195 235 196
f 195 200 236
f 195 236 237
f 195 237 238
f 195 238 235
f 196 235 239
f 196 239 197
f 197 239 235
f 198 232 199
f 199 232 240
f 199 240 237
f 199 237 236
f 201 241 202
f 202 241 242
f 202 242 205
f 202 205 204
f 202 204 203
f 205 243 244
f 205 244 207
f 205 242 245
f 205 245 243
f 206 208 246
f 206 246 209
f 208 244 243
f 208 243 247
f 208 247 246
f 209 246 248
f 209 248 210
f 210 248 249
f 210 249 250
f 211 250 287
f 211 287 285
f 211 285 327
f 211 327 282
f 211 282 281
f 211 281 284
f 211 284 277
f 211 277 276
f 211 276 274
f 211 274 242
f 211 242 273
f 211 273 325
f 211 325 324
f 211 324 323
f 211 323 322
f 211 322 321
f 211 321 320
f 211 320 319
f 211 319 318
f 211 318 317
f 211 317 316
f 211 316 315
f 211 315 314
f 211 314 313
f 211 313 312
f 211 312 311
f 211 311 310
f 211 310 309
f 211 309 306
f 211 306 305
f 211 305 304
f 211 304 303
f 211 303 302
f 211 302 301
f 211 301 300
f 211 300 299
f 211 299 298
f 211 298 297
f 211 297 296
f 211 296 295
f 211 295 294
f 211 294 293
f 211 293 292
f 211 292 291
f 211 291 289
f 211 289 269
f 211 269 307
f 211 307 266
f 211 266 271
f 211 271 270
f 211 270 259
f 211 259 257
f 211 257 255
f 211 255 254
f 211 254 233
f 211 233 230
f 211 230 229
f 211 229 228
f 211 228 253
f 211 253 252
f 211 252 225
f 211 225 224
f 211 224 221
f 211 221 220
f 211 220 217
f 211 217 216
f 211 216 251
f 211 251 213
f 211 213 212
f 213 251 214
f 214 251 215
f 215 251 216
f 217 220 218
f 221 224 222
f 225 252 226
f 226 252 253
f 226 253 227
f 227 253 228
f 231 234 254
f 231 254 255
f 231 255 256
f 231 256 257
f 231 257 258
f 231 258 232
f 232 258 259
f 232 259 288
f 232 288 260
f 232 260 261
f 232 261 240
f 233 254 234
f 235 238 262
f 235 262 263
f 235 263 289
f 235 289 264
f 237 240 265
f 237 265 266
f 237 266 267
f 237 267 268
f 237 268 238
f 238 268 267
f 238 267 269
f 238 269 289
f 238 289 263
f 238 263 262
f 240 261 270
f 240 270 271
f 240 271 265
f 241 272 273
f 241 273 242
f 242 274 275
f 242 275 245
f 243 245 275
f 243 275 276
f 243 276 277
f 243 277 278
f 243 278 247
f 246 247 279
f 246 279 280
f 246 280 326
f 246 326 281
f 246 281 282
f 246 282 283
f 246 283 248
f 247 278 277
f 247 277 284
f 247 284 279
f 248 283 285
f 248 285 286
f 248 286 287
f 248 287 249
f 249 287 250
f 255 257 256
f 257 259 258
f 259 270 288
f 260 288 261
f 261 288 270
f 264 289 291
f 264 291 292
f 264 292 293
f 264 293 294
f 264 294 295
f 264 295 296
f 264 296 297
f 264 297 298
f 264 298 299
f 264 299 300
f 264 300 301
f 264 301 302
f 264 302 303
f 264 303 304
f 264 304 305
f 264 305 306
f 264 306 290
f 265 271 266
f 266 307 267
f 267 307 269
f 272 308 309
f 272 309 310
f 272 310 311
f 272 311 312
f 272 312 313
f 272 313 314
f 272 314 315
f 272 315 316
f 272 316 317
f 272 317 318
f 272 318 319
f 272 319 320
f 272 320 321
f 272 321 322
f 272 322 323
f 272 323 324
f 272 324 325
f 272 325 273
f 274 276 275
f 279 284 326
f 279 326 280
f 281 326 284
f 282 327 283
f 283 327 285
f 285 287 286
f 290 306 328
f 306 309 346
f 306 346 329
f 306 329 330
f 306 330 331
f 306 331 332
f 306 332 333
f 306 333 334
f 306 334 335
f 306 335 336
f 306 336 337
f 306 337 338
f 306 338 328
f 308 339 309
f 309 339 340
f 309 340 341
f 309 341 342
f 309 342 343
f 309 343 344
f 309 344 345
f 309 345 346

o geometry_1
v 0.07792749 0.01534275 -0.01904997 0.54117647 0.42352941 0.64313725
v 0.07746875 0.01534275 -0.01901267 0.54117647 0.42352941 0.64313725
v 0.07848731 0.02056869 -0.01904997 0.54117647 0.42352941 0.64313725
v 0.11117436 0.01534275 -0.01904997 0.54117647 0.42352941 0.64313725
v 0.07809077 0.02056869 -0.01901267 0.54117647 0.42352941 0.64313725
v 0.07699835 0.01534275 -0.01891198 0.54117647 0.42352941 0.64313725
v 0.07809855 0.02096577 -0.01897911 0.54117647 0.42352941 0.64313725
v 0.07848731 0.02096577 -0.01901267 0.54117647 0.42352941 0.64313725
v 0.11201020 0.02056869 -0.01904997 0.54117647 0.42352941 0.64313725
v 0.11201020 0.01618176 -0.01904997 0.54117647 0.42352941 0.64313725
v 0.11170696 0.01534275 -0.01901640 0.54117647 0.42352941 0.64313725
v 0.07770590 0.02056869 -0.01891198 0.54117647 0.42352941 0.64313725
v 0.07655905 0.01534275 -0.01874042 0.54117647 0.42352941 0.64313725
v 0.07811410 0.02135034 -0.01887841 0.54117647 0.42352941 0.64313725
v 0.07848731 0.02135034 -0.01891198 0.54117647 0.42352941 0.64313725
v 0.07771756 0.02096577 -0.01887841 0.54117647 0.42352941 0.64313725
v 0.11201020 0.02096577 -0.01901267 0.54117647 0.42352941 0.64313725
v 0.11241062 0.02095915 -0.01897911 0.54117647 0.42352941 0.64313725
v 0.11241062 0.02056869 -0.01901267 0.54117647 0.42352941 0.64313725
v 0.11241062 0.01618176 -0.01901267 0.54117647 0.42352941 0.64313725
v 0.11240285 0.01611999 -0.01901267 0.54117647 0.42352941 0.64313725
v 0.11239119 0.01605969 -0.01901267 0.54117647 0.42352941 0.64313725
v 0.11236397 0.01600160 -0.01901267 0.54117647 0.42352941 0.64313725
v 0.11233287 0.01594866 -0.01901267 0.54117647 0.42352941 0.64313725
v 0.11229400 0.01590160 -0.01901267 0.54117647 0.42352941 0.64313725
v 0.11174195 0.01534275 -0.01901267 0.54117647 0.42352941 0.64313725
v 0.07734435 0.02056869 -0.01874042 0.54117647 0.42352941 0.64313725
v 0.07736379 0.02096577 -0.01871059 0.54117647 0.42352941 0.64313725
v 0.07654350 0.01534275 -0.01873297 0.54117647 0.42352941 0.64313725
v 0.07814520 0.02171138 -0.01871059 0.54117647 0.42352941 0.64313725
v 0.07775255 0.02135034 -0.01878145 0.54117647 0.42352941 0.64313725
v 0.07781086 0.02171138 -0.01862108 0.54117647 0.42352941 0.64313725
v 0.07848731 0.02171138 -0.01874042 0.54117647 0.42352941 0.64313725
v 0.09524681 0.02153123 -0.01882620 0.54117647 0.42352941 0.64313725
v 0.11201020 0.02135034 -0.01891198 0.54117647 0.42352941 0.64313725
v 0.07741432 0.02135034 -0.01862108 0.54117647 0.42352941 0.64313725
v 0.11241062 0.02133857 -0.01887841 0.54117647 0.42352941 0.64313725
v 0.11279550 0.02094150 -0.01887841 0.54117647 0.42352941 0.64313725
v 0.11279550 0.02056869 -0.01891198 0.54117647 0.42352941 0.64313725
v 0.11279550 0.01618176 -0.01891198 0.54117647 0.42352941 0.64313725
v 0.11278384 0.01605969 -0.01891198 0.54117647 0.42352941 0.64313725
v 0.11275662 0.01594057 -0.01891198 0.54117647 0.42352941 0.64313725
v 0.11270997 0.01582733 -0.01891198 0.54117647 0.42352941 0.64313725
v 0.11264388 0.01572218 -0.01891198 0.54117647 0.42352941 0.64313725
v 0.11256613 0.01562953 -0.01891198 0.54117647 0.42352941 0.64313725
v 0.11227456 0.01534275 -0.01891198 0.54117647 0.42352941 0.64313725
v 0.07610809 0.01534275 -0.01851293 0.54117647 0.42352941 0.64313725
v 0.07570378 0.01534275 -0.01823322 0.54117647 0.42352941 0.64313725
v 0.07704112 0.02096577 -0.01848682 0.54117647 0.42352941 0.64313725
v 0.07710720 0.02135034 -0.01840850 0.54117647 0.42352941 0.64313725
v 0.07818408 0.02203787 -0.01848682 0.54117647 0.42352941 0.64313725
v 0.07788862 0.02203787 -0.01840850 0.54117647 0.42352941 0.64313725
v 0.07749985 0.02171138 -0.01847563 0.54117647 0.42352941 0.64313725
v 0.07848731 0.02203787 -0.01851293 0.54117647 0.42352941 0.64313725
v 0.09524681 0.02187463 -0.01862854 0.54117647 0.42352941 0.64313725
v 0.11201020 0.02171138 -0.01874042 0.54117647 0.42352941 0.64313725
v 0.11241062 0.02169447 -0.01871059 0.54117647 0.42352941 0.64313725
v 0.11279550 0.02130328 -0.01878145 0.54117647 0.42352941 0.64313725
v 0.11315316 0.02091209 -0.01871059 0.54117647 0.42352941 0.64313725
v 0.11315316 0.02056869 -0.01874042 0.54117647 0.42352941 0.64313725
v 0.11315316 0.01618176 -0.01874042 0.54117647 0.42352941 0.64313725
v 0.11314150 0.01600307 -0.01874042 0.54117647 0.42352941 0.64313725
v 0.11309873 0.01582880 -0.01874042 0.54117647 0.42352941 0.64313725
v 0.11302876 0.01566335 -0.01874042 0.54117647 0.42352941 0.64313725
v 0.11293545 0.01551041 -0.01874042 0.54117647 0.42352941 0.64313725
v 0.11281882 0.01537364 -0.01874042 0.54117647 0.42352941 0.64313725
v 0.11278772 0.01534275 -0.01874042 0.54117647 0.42352941 0.64313725
v 0.07530724 0.01534275 -0.01790503 0.54117647 0.42352941 0.64313725
v 0.07676509 0.02096577 -0.01821084 0.54117647 0.42352941 0.64313725
v 0.07721606 0.02171138 -0.01827797 0.54117647 0.42352941 0.64313725
v 0.07684285 0.02135034 -0.01814371 0.54117647 0.42352941 0.64313725
v 0.07697114 0.02171138 -0.01803556 0.54117647 0.42352941 0.64313725
v 0.07823461 0.02231950 -0.01821084 0.54117647 0.42352941 0.64313725
v 0.07848731 0.02231950 -0.01823322 0.54117647 0.42352941 0.64313725
v 0.07761259 0.02203787 -0.01827797 0.54117647 0.42352941 0.64313725
v 0.07775255 0.02231950 -0.01803556 0.54117647 0.42352941 0.64313725
v 0.07798580 0.02231950 -0.01814371 0.54117647 0.42352941 0.64313725
v 0.11201020 0.02203787 -0.01851293 0.54117647 0.42352941 0.64313725
v 0.11241062 0.02201581 -0.01848682 0.54117647 0.42352941 0.64313725
v 0.11279550 0.02194889 -0.01840850 0.54117647 0.42352941 0.64313725
v 0.11279550 0.02164226 -0.01862108 0.54117647 0.42352941 0.64313725
v 0.11315316 0.02155844 -0.01847563 0.54117647 0.42352941 0.64313725
v 0.11315316 0.02124592 -0.01862108 0.54117647 0.42352941 0.64313725
v 0.11347972 0.02116724 -0.01840850 0.54117647 0.42352941 0.64313725
v 0.11347972 0.02087238 -0.01848682 0.54117647 0.42352941 0.64313725
v 0.11347972 0.02056869 -0.01851293 0.54117647 0.42352941 0.64313725
v 0.11347972 0.01618176 -0.01851293 0.54117647 0.42352941 0.64313725
v 0.11346416 0.01595234 -0.01851293 0.54117647 0.42352941 0.64313725
v 0.11340974 0.01572806 -0.01851293 0.54117647 0.42352941 0.64313725
v 0.11332032 0.01551482 -0.01851293 0.54117647 0.42352941 0.64313725
v 0.11316871 0.01534275 -0.01854276 0.54117647 0.42352941 0.64313725
v 0.11284992 0.01534275 -0.01871059 0.54117647 0.42352941 0.64313725
v 0.07495735 0.01534275 -0.01754327 0.54117647 0.42352941 0.64313725
v 0.07653961 0.02096577 -0.01788638 0.54117647 0.42352941 0.64313725
v 0.07662903 0.02135034 -0.01783790 0.54117647 0.42352941 0.64313725
v 0.07736379 0.02203787 -0.01810269 0.54117647 0.42352941 0.64313725
v 0.07677287 0.02171138 -0.01775212 0.54117647 0.42352941 0.64313725
v 0.07697114 0.02203787 -0.01763651 0.54117647 0.42352941 0.64313725
v 0.07714608 0.02203787 -0.01788638 0.54117647 0.42352941 0.64313725
v 0.07809855 0.02254818 -0.01783790 0.54117647 0.42352941 0.64313725
v 0.07828904 0.02254818 -0.01788638 0.54117647 0.42352941 0.64313725
v 0.07848731 0.02254818 -0.01790503 0.54117647 0.42352941 0.64313725
v 0.09524681 0.02243421 -0.01806912 0.54117647 0.42352941 0.64313725
v 0.11201020 0.02231950 -0.01823322 0.54117647 0.42352941 0.64313725
v 0.07754262 0.02231950 -0.01788638 0.54117647 0.42352941 0.64313725
v 0.07775255 0.02254818 -0.01763651 0.54117647 0.42352941 0.64313725
v 0.07791583 0.02254818 -0.01775212 0.54117647 0.42352941 0.64313725
v 0.11241062 0.02229302 -0.01821084 0.54117647 0.42352941 0.64313725
v 0.11279550 0.02221434 -0.01814371 0.54117647 0.42352941 0.64313725
v 0.11315316 0.02208493 -0.01803556 0.54117647 0.42352941 0.64313725
v 0.11315316 0.02184080 -0.01827797 0.54117647 0.42352941 0.64313725
v 0.11347972 0.02169447 -0.01810269 0.54117647 0.42352941 0.64313725
v 0.11347972 0.02144373 -0.01827797 0.54117647 0.42352941 0.64313725
v 0.11376351 0.02130328 -0.01803556 0.54117647 0.42352941 0.64313725
v 0.11376351 0.02107092 -0.01814371 0.54117647 0.42352941 0.64313725
v 0.11376351 0.02082385 -0.01821084 0.54117647 0.42352941 0.64313725
v 0.11376351 0.02056869 -0.01823322 0.54117647 0.42352941 0.64313725
v 0.11376351 0.01618176 -0.01823322 0.54117647 0.42352941 0.64313725
v 0.11374018 0.01590822 -0.01823322 0.54117647 0.42352941 0.64313725
v 0.11367798 0.01564129 -0.01823322 0.54117647 0.42352941 0.64313725
v 0.11357302 0.01538687 -0.01823322 0.54117647 0.42352941 0.64313725
v 0.11321536 0.01534275 -0.01851293 0.54117647 0.42352941 0.64313725
v 0.07486794 0.01534275 -0.01740155 0.54117647 0.42352941 0.64313725
v 0.07637245 0.02096577 -0.01753208 0.54117647 0.42352941 0.64313725
v 0.07471632 0.01534275 -0.01715914 0.54117647 0.42352941 0.64313725
v 0.07646963 0.02135034 -0.01749852 0.54117647 0.42352941 0.64313725
v 0.07684285 0.02203787 -0.01736053 0.54117647 0.42352941 0.64313725
v 0.07662903 0.02171138 -0.01743885 0.54117647 0.42352941 0.64313725
v 0.07721606 0.02231950 -0.01749852 0.54117647 0.42352941 0.64313725
v 0.07736379 0.02231950 -0.01770737 0.54117647 0.42352941 0.64313725
v 0.07821906 0.02271657 -0.01749852 0.54117647 0.42352941 0.64313725
v 0.07835124 0.02271657 -0.01753208 0.54117647 0.42352941 0.64313725
v 0.07848731 0.02271657 -0.01754327 0.54117647 0.42352941 0.64313725
v 0.09524681 0.02263274 -0.01772602 0.54117647 0.42352941 0.64313725
v 0.11201020 0.02254818 -0.01790503 0.54117647 0.42352941 0.64313725
v 0.07761259 0.02254818 -0.01749852 0.54117647 0.42352941 0.64313725
v 0.07798580 0.02271657 -0.01736053 0.54117647 0.42352941 0.64313725
v 0.07809855 0.02271657 -0.01743885 0.54117647 0.42352941 0.64313725
v 0.11241062 0.02251803 -0.01788638 0.54117647 0.42352941 0.64313725
v 0.11279550 0.02242906 -0.01783790 0.54117647 0.42352941 0.64313725
v 0.11315316 0.02228273 -0.01775212 0.54117647 0.42352941 0.64313725
v 0.11347972 0.02208493 -0.01763651 0.54117647 0.42352941 0.64313725
v 0.11347972 0.02190992 -0.01788638 0.54117647 0.42352941 0.64313725
v 0.11376351 0.02169447 -0.01770737 0.54117647 0.42352941 0.64313725
v 0.11376351 0.02151285 -0.01788638 0.54117647 0.42352941 0.64313725
v 0.11399288 0.02130328 -0.01763651 0.54117647 0.42352941 0.64313725
v 0.11399288 0.02114004 -0.01775212 0.54117647 0.42352941 0.64313725
v 0.11399288 0.02095915 -0.01783790 0.54117647 0.42352941 0.64313725
v 0.11399288 0.02076723 -0.01788638 0.54117647 0.42352941 0.64313725
v 0.11399288 0.02056869 -0.01790503 0.54117647 0.42352941 0.64313725
v 0.11399288 0.01618176 -0.01790503 0.54117647 0.42352941 0.64313725
v 0.11396567 0.01587218 -0.01790503 0.54117647 0.42352941 0.64313725
v 0.11389569 0.01556997 -0.01790503 0.54117647 0.42352941 0.64313725
v 0.11380239 0.01534275 -0.01790503 0.54117647 0.42352941 0.64313725
v 0.11354581 0.01534275 -0.01823322 0.54117647 0.42352941 0.64313725
v 0.11375962 0.01534275 -0.01796097 0.54117647 0.42352941 0.64313725
v 0.11365855 0.01534275 -0.01809150 0.54117647 0.42352941 0.64313725
v 0.07458415 0.01534275 -0.01676382 0.54117647 0.42352941 0.64313725
v 0.07637245 0.02135034 -0.01713676 0.54117647 0.42352941 0.64313725
v 0.07653961 0.02171138 -0.01710693 0.54117647 0.42352941 0.64313725
v 0.07676509 0.02203787 -0.01706590 0.54117647 0.42352941 0.64313725
v 0.07704112 0.02231950 -0.01701742 0.54117647 0.42352941 0.64313725
v 0.07710720 0.02231950 -0.01726357 0.54117647 0.42352941 0.64313725
v 0.07741432 0.02254818 -0.01715168 0.54117647 0.42352941 0.64313725
v 0.07749985 0.02254818 -0.01733442 0.54117647 0.42352941 0.64313725
v 0.07828904 0.02281951 -0.01710693 0.54117647 0.42352941 0.64313725
v 0.07835124 0.02281951 -0.01713676 0.54117647 0.42352941 0.64313725
v 0.07841733 0.02281951 -0.01715168 0.54117647 0.42352941 0.64313725
v 0.07848731 0.02281951 -0.01715914 0.54117647 0.42352941 0.64313725
v 0.09524681 0.02276804 -0.01735307 0.54117647 0.42352941 0.64313725
v 0.11201020 0.02271657 -0.01754327 0.54117647 0.42352941 0.64313725
v 0.11241062 0.02268422 -0.01753208 0.54117647 0.42352941 0.64313725
v 0.07781086 0.02271657 -0.01715168 0.54117647 0.42352941 0.64313725
v 0.07788862 0.02271657 -0.01726357 0.54117647 0.42352941 0.64313725
v 0.07818408 0.02281951 -0.01701742 0.54117647 0.42352941 0.64313725
v 0.07823461 0.02281951 -0.01706590 0.54117647 0.42352941 0.64313725
v 0.11279550 0.02258715 -0.01749852 0.54117647 0.42352941 0.64313725
v 0.11315316 0.02242906 -0.01743885 0.54117647 0.42352941 0.64313725
v 0.11347972 0.02221434 -0.01736053 0.54117647 0.42352941 0.64313725
v 0.11376351 0.02184080 -0.01749852 0.54117647 0.42352941 0.64313725
v 0.11399288 0.02144373 -0.01749852 0.54117647 0.42352941 0.64313725
v 0.11416005 0.02107092 -0.01736053 0.54117647 0.42352941 0.64313725
v 0.11416005 0.02095915 -0.01743885 0.54117647 0.42352941 0.64313725
v 0.11416005 0.02083561 -0.01749852 0.54117647 0.42352941 0.64313725
v 0.11416005 0.02070399 -0.01753208 0.54117647 0.42352941 0.64313725
v 0.11416005 0.02056869 -0.01754327 0.54117647 0.42352941 0.64313725
v 0.11416005 0.01618176 -0.01754327 0.54117647 0.42352941 0.64313725
v 0.11413283 0.01584571 -0.01754327 0.54117647 0.42352941 0.64313725
v 0.11405508 0.01551850 -0.01754327 0.54117647 0.42352941 0.64313725
v 0.11391513 0.01534275 -0.01767753 0.54117647 0.42352941 0.64313725
v 0.07458415 0.01534275 0.01676388 0.54117647 0.42352941 0.64313725
v 0.07634135 0.02135034 -0.01676382 0.54117647 0.42352941 0.64313725
v 0.07650851 0.02171138 -0.01676382 0.54117647 0.42352941 0.64313725
v 0.07673788 0.02203787 -0.01676382 0.54117647 0.42352941 0.64313725
v 0.07701779 0.02231950 -0.01676382 0.54117647 0.42352941 0.64313725
v 0.07734435 0.02254818 -0.01676382 0.54117647 0.42352941 0.64313725
v 0.07736379 0.02254818 -0.01696148 0.54117647 0.42352941 0.64313725
v 0.07771756 0.02271657 -0.01689808 0.54117647 0.42352941 0.64313725
v 0.07775255 0.02271657 -0.01702861 0.54117647 0.42352941 0.64313725
v 0.07848731 0.02285481 -0.01676382 0.54117647 0.42352941 0.64313725
v 0.11201020 0.02281951 -0.01715914 0.54117647 0.42352941 0.64313725
v 0.11241062 0.02278569 -0.01715168 0.54117647 0.42352941 0.64313725
v 0.11279550 0.02268422 -0.01713676 0.54117647 0.42352941 0.64313725
v 0.07811410 0.02281951 -0.01689808 0.54117647 0.42352941 0.64313725
v 0.07814520 0.02281951 -0.01696148 0.54117647 0.42352941 0.64313725
v 0.11315316 0.02251803 -0.01710693 0.54117647 0.42352941 0.64313725
v 0.11347972 0.02229302 -0.01706590 0.54117647 0.42352941 0.64313725
v 0.11376351 0.02201581 -0.01701742 0.54117647 0.42352941 0.64313725
v 0.11376351 0.02194889 -0.01726357 0.54117647 0.42352941 0.64313725
v 0.11399288 0.02155844 -0.01733442 0.54117647 0.42352941 0.64313725
v 0.11416005 0.02124592 -0.01715168 0.54117647 0.42352941 0.64313725
v 0.11416005 0.02116724 -0.01726357 0.54117647 0.42352941 0.64313725
v 0.11426502 0.02087238 -0.01701742 0.54117647 0.42352941 0.64313725
v 0.11426502 0.02082385 -0.01706590 0.54117647 0.42352941 0.64313725
v 0.11426502 0.02076723 -0.01710693 0.54117647 0.42352941 0.64313725
v 0.11426502 0.02070399 -0.01713676 0.54117647 0.42352941 0.64313725
v 0.11426502 0.02063708 -0.01715168 0.54117647 0.42352941 0.64313725
v 0.11426502 0.02056869 -0.01715914 0.54117647 0.42352941 0.64313725
v 0.11426502 0.01618176 -0.01715914 0.54117647 0.42352941 0.64313725
v 0.11423392 0.01583027 -0.01715914 0.54117647 0.42352941 0.64313725
v 0.11415227 0.01548614 -0.01715914 0.54117647 0.42352941 0.64313725
v 0.11409396 0.01534275 -0.01715914 0.54117647 0.42352941 0.64313725
v 0.11398121 0.01534275 -0.01754327 0.54117647 0.42352941 0.64313725
v 0.07471632 0.01534275 0.01715920 0.54117647 0.42352941 0.64313725
v 0.07646963 0.02130328 0.01754333 0.54117647 0.42352941 0.64313725
v 0.07637245 0.02133857 0.01715920 0.54117647 0.42352941 0.64313725
v 0.07634135 0.02135034 0.01676388 0.54117647 0.42352941 0.64313725
v 0.07642299 0.02153123 0.00000003 0.54117647 0.42352941 0.64313725
v 0.07650851 0.02171138 0.01676388 0.54117647 0.42352941 0.64313725
v 0.07662125 0.02187463 0.00000003 0.54117647 0.42352941 0.64313725
v 0.07673788 0.02203787 0.01676388 0.54117647 0.42352941 0.64313725
v 0.07687784 0.02217905 0.00000003 0.54117647 0.42352941 0.64313725
v 0.07701779 0.02231950 0.01676388 0.54117647 0.42352941 0.64313725
v 0.07718107 0.02243421 0.00000003 0.54117647 0.42352941 0.64313725
v 0.07734435 0.02254818 0.01676388 0.54117647 0.42352941 0.64313725
v 0.07770590 0.02271657 -0.01676382 0.54117647 0.42352941 0.64313725
v 0.07809077 0.02281951 -0.01676382 0.54117647 0.42352941 0.64313725
v 0.07809855 0.02281951 -0.01683095 0.54117647 0.42352941 0.64313725
v 0.07848731 0.02285481 0.01676388 0.54117647 0.42352941 0.64313725
v 0.11201020 0.02285481 -0.01676382 0.54117647 0.42352941 0.64313725
v 0.11241062 0.02281951 -0.01676382 0.54117647 0.42352941 0.64313725
v 0.11279550 0.02271657 -0.01676382 0.54117647 0.42352941 0.64313725
v 0.11315316 0.02254818 -0.01676382 0.54117647 0.42352941 0.64313725
v 0.11347972 0.02231950 -0.01676382 0.54117647 0.42352941 0.64313725
v 0.11376351 0.02203787 -0.01676382 0.54117647 0.42352941 0.64313725
v 0.11399288 0.02169447 -0.01696148 0.54117647 0.42352941 0.64313725
v 0.11399288 0.02164226 -0.01715168 0.54117647 0.42352941 0.64313725
v 0.11416005 0.02130328 -0.01702861 0.54117647 0.42352941 0.64313725
v 0.11426502 0.02091209 -0.01696148 0.54117647 0.42352941 0.64313725
v 0.11429612 0.02056869 -0.01676382 0.54117647 0.42352941 0.64313725
v 0.11429612 0.01618176 -0.01676382 0.54117647 0.42352941 0.64313725
v 0.11426890 0.01582439 -0.01676382 0.54117647 0.42352941 0.64313725
v 0.11418726 0.01547585 -0.01676382 0.54117647 0.42352941 0.64313725
v 0.11413283 0.01534275 -0.01676382 0.54117647 0.42352941 0.64313725
v 0.07495735 0.01534275 0.01754333 0.54117647 0.42352941 0.64313725
v 0.07653961 0.02091209 0.01790509 0.54117647 0.42352941 0.64313725
v 0.07637245 0.02094150 0.01754333 0.54117647 0.42352941 0.64313725
v 0.07653961 0.02169447 0.01715920 0.54117647 0.42352941 0.64313725
v 0.07662903 0.02124592 0.01790509 0.54117647 0.42352941 0.64313725
v 0.07677287 0.02155844 0.01790509 0.54117647 0.42352941 0.64313725
v 0.07662903 0.02164226 0.01754333 0.54117647 0.42352941 0.64313725
v 0.07676509 0.02201581 0.01715920 0.54117647 0.42352941 0.64313725
v 0.07704112 0.02229302 0.01715920 0.54117647 0.42352941 0.64313725
v 0.07736379 0.02251803 0.01715920 0.54117647 0.42352941 0.64313725
v 0.07771756 0.02268422 0.01715920 0.54117647 0.42352941 0.64313725
v 0.07770590 0.02271657 0.01676388 0.54117647 0.42352941 0.64313725
v 0.07809077 0.02281951 0.01676388 0.54117647 0.42352941 0.64313725
v 0.07809855 0.02278569 0.01715920 0.54117647 0.42352941 0.64313725
v 0.07848731 0.02281951 0.01715920 0.54117647 0.42352941 0.64313725
v 0.11201020 0.02285481 0.01676388 0.54117647 0.42352941 0.64313725
v 0.11221235 0.02283716 0.00000003 0.54117647 0.42352941 0.64313725
v 0.11241062 0.02281951 0.01676388 0.54117647 0.42352941 0.64313725
v 0.11279550 0.02271657 0.01676388 0.54117647 0.42352941 0.64313725
v 0.11297432 0.02263274 0.00000003 0.54117647 0.42352941 0.64313725
v 0.11315316 0.02254818 0.01676388 0.54117647 0.42352941 0.64313725
v 0.11331643 0.02243421 0.00000003 0.54117647 0.42352941 0.64313725
v 0.11347972 0.02231950 0.01676388 0.54117647 0.42352941 0.64313725
v 0.11362356 0.02217905 0.00000003 0.54117647 0.42352941 0.64313725
v 0.11376351 0.02203787 0.01676388 0.54117647 0.42352941 0.64313725
v 0.11399288 0.02171138 -0.01676382 0.54117647 0.42352941 0.64313725
v 0.11416005 0.02135034 -0.01676382 0.54117647 0.42352941 0.64313725
v 0.11416005 0.02133857 -0.01689808 0.54117647 0.42352941 0.64313725
v 0.11426502 0.02094150 -0.01689808 0.54117647 0.42352941 0.64313725
v 0.11429612 0.02056869 0.01676388 0.54117647 0.42352941 0.64313725
v 0.11426502 0.02095915 -0.01683095 0.54117647 0.42352941 0.64313725
v 0.11426502 0.02096577 -0.01676382 0.54117647 0.42352941 0.64313725
v 0.11429612 0.01618176 0.01676388 0.54117647 0.42352941 0.64313725
v 0.11428445 0.01600307 0.00000003 0.54117647 0.42352941 0.64313725
v 0.11426890 0.01582439 0.01676388 0.54117647 0.42352941 0.64313725
v 0.11418726 0.01547585 0.01676388 0.54117647 0.42352941 0.64313725
v 0.11413283 0.01534275 0.01676388 0.54117647 0.42352941 0.64313725
v 0.07530724 0.01534275 0.01790509 0.54117647 0.42352941 0.64313725
v 0.07676509 0.02087238 0.01823328 0.54117647 0.42352941 0.64313725
v 0.07684285 0.02116724 0.01823328 0.54117647 0.42352941 0.64313725
v 0.07684285 0.02194889 0.01754333 0.54117647 0.42352941 0.64313725
v 0.07697114 0.02144373 0.01823328 0.54117647 0.42352941 0.64313725
v 0.07714608 0.02169447 0.01823328 0.54117647 0.42352941 0.64313725
v 0.07697114 0.02184080 0.01790509 0.54117647 0.42352941 0.64313725
v 0.07710720 0.02221434 0.01754333 0.54117647 0.42352941 0.64313725
v 0.07741432 0.02242906 0.01754333 0.54117647 0.42352941 0.64313725
v 0.07775255 0.02258715 0.01754333 0.54117647 0.42352941 0.64313725
v 0.07811410 0.02268422 0.01754333 0.54117647 0.42352941 0.64313725
v 0.07848731 0.02271657 0.01754333 0.54117647 0.42352941 0.64313725
v 0.09524681 0.02276804 0.01735313 0.54117647 0.42352941 0.64313725
v 0.11201020 0.02281951 0.01715920 0.54117647 0.42352941 0.64313725
v 0.11241062 0.02278569 0.01715174 0.54117647 0.42352941 0.64313725
v 0.11279550 0.02268422 0.01713683 0.54117647 0.42352941 0.64313725
v 0.11315316 0.02251803 0.01710699 0.54117647 0.42352941 0.64313725
v 0.11347972 0.02229302 0.01706597 0.54117647 0.42352941 0.64313725
v 0.11376351 0.02201581 0.01701748 0.54117647 0.42352941 0.64313725
v 0.11399288 0.02169447 0.01696154 0.54117647 0.42352941 0.64313725
v 0.11399288 0.02171138 0.01676388 0.54117647 0.42352941 0.64313725
v 0.11416005 0.02135034 0.01676388 0.54117647 0.42352941 0.64313725
v 0.11426502 0.02056869 0.01715920 0.54117647 0.42352941 0.64313725
v 0.11426502 0.02096577 0.01676388 0.54117647 0.42352941 0.64313725
v 0.11426502 0.02095915 0.01683101 0.54117647 0.42352941 0.64313725
v 0.11426502 0.02094150 0.01689814 0.54117647 0.42352941 0.64313725
v 0.11426502 0.02091209 0.01696154 0.54117647 0.42352941 0.64313725
v 0.11426502 0.02087238 0.01701748 0.54117647 0.42352941 0.64313725
v 0.11426502 0.02082385 0.01706597 0.54117647 0.42352941 0.64313725
v 0.11426502 0.02076723 0.01710699 0.54117647 0.42352941 0.64313725
v 0.11426502 0.02070399 0.01713683 0.54117647 0.42352941 0.64313725
v 0.11426502 0.02063708 0.01715174 0.54117647 0.42352941 0.64313725
v 0.11426502 0.01618176 0.01715920 0.54117647 0.42352941 0.64313725
v 0.11423392 0.01583027 0.01715920 0.54117647 0.42352941 0.64313725
v 0.11415227 0.01548614 0.01715920 0.54117647 0.42352941 0.64313725
v 0.11411729 0.01534275 0.01692798 0.54117647 0.42352941 0.64313725
v 0.07562213 0.01534275 0.01816615 0.54117647 0.42352941 0.64313725
v 0.07704112 0.02082385 0.01851299 0.54117647 0.42352941 0.64313725
v 0.07710720 0.02107092 0.01851299 0.54117647 0.42352941 0.64313725
v 0.07721606 0.02130328 0.01851299 0.54117647 0.42352941 0.64313725
v 0.07736379 0.02151285 0.01851299 0.54117647 0.42352941 0.64313725
v 0.07754262 0.02169447 0.01851299 0.54117647 0.42352941 0.64313725
v 0.07736379 0.02190992 0.01823328 0.54117647 0.42352941 0.64313725
v 0.07721606 0.02208493 0.01790509 0.54117647 0.42352941 0.64313725
v 0.07749985 0.02228273 0.01790509 0.54117647 0.42352941 0.64313725
v 0.07781086 0.02242906 0.01790509 0.54117647 0.42352941 0.64313725
v 0.07814520 0.02251803 0.01790509 0.54117647 0.42352941 0.64313725
v 0.07848731 0.02254818 0.01790509 0.54117647 0.42352941 0.64313725
v 0.09524681 0.02263274 0.01772608 0.54117647 0.42352941 0.64313725
v 0.11201020 0.02271657 0.01754333 0.54117647 0.42352941 0.64313725
v 0.11241062 0.02268422 0.01753215 0.54117647 0.42352941 0.64313725
v 0.11279550 0.02258715 0.01749858 0.54117647 0.42352941 0.64313725
v 0.11315316 0.02242906 0.01743891 0.54117647 0.42352941 0.64313725
v 0.11347972 0.02221434 0.01736059 0.54117647 0.42352941 0.64313725
v 0.11376351 0.02194889 0.01726363 0.54117647 0.42352941 0.64313725
v 0.11399288 0.02164226 0.01715174 0.54117647 0.42352941 0.64313725
v 0.11416005 0.02130328 0.01702867 0.54117647 0.42352941 0.64313725
v 0.11416005 0.02133857 0.01689814 0.54117647 0.42352941 0.64313725
v 0.11416005 0.02070399 0.01753215 0.54117647 0.42352941 0.64313725
v 0.11416005 0.02056869 0.01754333 0.54117647 0.42352941 0.64313725
v 0.11416005 0.02124592 0.01715174 0.54117647 0.42352941 0.64313725
v 0.11416005 0.02116724 0.01726363 0.54117647 0.42352941 0.64313725
v 0.11416005 0.02107092 0.01736059 0.54117647 0.42352941 0.64313725
v 0.11416005 0.02095915 0.01743891 0.54117647 0.42352941 0.64313725
v 0.11416005 0.02083561 0.01749858 0.54117647 0.42352941 0.64313725
v 0.11416005 0.01618176 0.01754333 0.54117647 0.42352941 0.64313725
v 0.11413283 0.01584571 0.01754333 0.54117647 0.42352941 0.64313725
v 0.11405508 0.01551850 0.01754333 0.54117647 0.42352941 0.64313725
v 0.11409396 0.01534275 0.01715920 0.54117647 0.42352941 0.64313725
v 0.07570378 0.01534275 0.01823328 0.54117647 0.42352941 0.64313725
v 0.07736379 0.02076723 0.01874049 0.54117647 0.42352941 0.64313725
v 0.07741432 0.02095915 0.01874049 0.54117647 0.42352941 0.64313725
v 0.07610809 0.01534275 0.01851299 0.54117647 0.42352941 0.64313725
v 0.07749985 0.02114004 0.01874049 0.54117647 0.42352941 0.64313725
v 0.07761259 0.02130328 0.01874049 0.54117647 0.42352941 0.64313725
v 0.07775255 0.02144373 0.01874049 0.54117647 0.42352941 0.64313725
v 0.07791583 0.02155844 0.01874049 0.54117647 0.42352941 0.64313725
v 0.07775255 0.02184080 0.01851299 0.54117647 0.42352941 0.64313725
v 0.07761259 0.02208493 0.01823328 0.54117647 0.42352941 0.64313725
v 0.07788862 0.02221434 0.01823328 0.54117647 0.42352941 0.64313725
v 0.07818408 0.02229302 0.01823328 0.54117647 0.42352941 0.64313725
v 0.07848731 0.02231950 0.01823328 0.54117647 0.42352941 0.64313725
v 0.09524681 0.02243421 0.01806919 0.54117647 0.42352941 0.64313725
v 0.11201020 0.02254818 0.01790509 0.54117647 0.42352941 0.64313725
v 0.11241062 0.02251803 0.01788644 0.54117647 0.42352941 0.64313725
v 0.11279550 0.02242906 0.01783796 0.54117647 0.42352941 0.64313725
v 0.11315316 0.02228273 0.01775218 0.54117647 0.42352941 0.64313725
v 0.11347972 0.02208493 0.01763657 0.54117647 0.42352941 0.64313725
v 0.11376351 0.02184080 0.01749858 0.54117647 0.42352941 0.64313725
v 0.11399288 0.02155844 0.01733449 0.54117647 0.42352941 0.64313725
v 0.11399288 0.02095915 0.01783796 0.54117647 0.42352941 0.64313725
v 0.11399288 0.02076723 0.01788644 0.54117647 0.42352941 0.64313725
v 0.11399288 0.02056869 0.01790509 0.54117647 0.42352941 0.64313725
v 0.11399288 0.02144373 0.01749858 0.54117647 0.42352941 0.64313725
v 0.11399288 0.02130328 0.01763657 0.54117647 0.42352941 0.64313725
v 0.11399288 0.02114004 0.01775218 0.54117647 0.42352941 0.64313725
v 0.11399288 0.01618176 0.01790509 0.54117647 0.42352941 0.64313725
v 0.11396567 0.01587218 0.01790509 0.54117647 0.42352941 0.64313725
v 0.11389569 0.01556997 0.01790509 0.54117647 0.42352941 0.64313725
v 0.11380239 0.01534275 0.01790509 0.54117647 0.42352941 0.64313725
v 0.11398121 0.01534275 0.01754333 0.54117647 0.42352941 0.64313725
v 0.07771756 0.02070399 0.01891204 0.54117647 0.42352941 0.64313725
v 0.07655905 0.01534275 0.01874049 0.54117647 0.42352941 0.64313725
v 0.07775255 0.02083561 0.01891204 0.54117647 0.42352941 0.64313725
v 0.07781086 0.02095915 0.01891204 0.54117647 0.42352941 0.64313725
v 0.07788862 0.02107092 0.01891204 0.54117647 0.42352941 0.64313725
v 0.07798580 0.02116724 0.01891204 0.54117647 0.42352941 0.64313725
v 0.07809855 0.02124592 0.01891204 0.54117647 0.42352941 0.64313725
v 0.07821906 0.02130328 0.01891204 0.54117647 0.42352941 0.64313725
v 0.07809855 0.02164226 0.01874049 0.54117647 0.42352941 0.64313725
v 0.07798580 0.02194889 0.01851299 0.54117647 0.42352941 0.64313725
v 0.07823461 0.02201581 0.01851299 0.54117647 0.42352941 0.64313725
v 0.07848731 0.02203787 0.01851299 0.54117647 0.42352941 0.64313725
v 0.11201020 0.02231950 0.01823328 0.54117647 0.42352941 0.64313725
v 0.11241062 0.02229302 0.01821091 0.54117647 0.42352941 0.64313725
v 0.11279550 0.02221434 0.01814378 0.54117647 0.42352941 0.64313725
v 0.11315316 0.02208493 0.01803562 0.54117647 0.42352941 0.64313725
v 0.11347972 0.02190992 0.01788644 0.54117647 0.42352941 0.64313725
v 0.11376351 0.02169447 0.01770743 0.54117647 0.42352941 0.64313725
v 0.11376351 0.02130328 0.01803562 0.54117647 0.42352941 0.64313725
v 0.11376351 0.02107092 0.01814378 0.54117647 0.42352941 0.64313725
v 0.11376351 0.02082385 0.01821091 0.54117647 0.42352941 0.64313725
v 0.11376351 0.02056869 0.01823328 0.54117647 0.42352941 0.64313725
v 0.11376351 0.02151285 0.01788644 0.54117647 0.42352941 0.64313725
v 0.11376351 0.01618176 0.01823328 0.54117647 0.42352941 0.64313725
v 0.11374018 0.01590822 0.01823328 0.54117647 0.42352941 0.64313725
v 0.11367798 0.01564129 0.01823328 0.54117647 0.42352941 0.64313725
v 0.11357302 0.01538687 0.01823328 0.54117647 0.42352941 0.64313725
v 0.11365855 0.01534275 0.01809156 0.54117647 0.42352941 0.64313725
v 0.07809855 0.02063708 0.01901274 0.54117647 0.42352941 0.64313725
v 0.07811410 0.02070399 0.01901274 0.54117647 0.42352941 0.64313725
v 0.07699835 0.01534275 0.01891204 0.54117647 0.42352941 0.64313725
v 0.07814520 0.02076723 0.01901274 0.54117647 0.42352941 0.64313725
v 0.07818408 0.02082385 0.01901274 0.54117647 0.42352941 0.64313725
v 0.07823461 0.02087238 0.01901274 0.54117647 0.42352941 0.64313725
v 0.07828904 0.02091209 0.01901274 0.54117647 0.42352941 0.64313725
v 0.07835124 0.02094150 0.01901274 0.54117647 0.42352941 0.64313725
v 0.07835124 0.02133857 0.01891204 0.54117647 0.42352941 0.64313725
v 0.07828904 0.02169447 0.01874049 0.54117647 0.42352941 0.64313725
v 0.07848731 0.02171138 0.01874049 0.54117647 0.42352941 0.64313725
v 0.09524681 0.02187463 0.01862860 0.54117647 0.42352941 0.64313725
v 0.11201020 0.02203787 0.01851299 0.54117647 0.42352941 0.64313725
v 0.11241062 0.02201581 0.01848688 0.54117647 0.42352941 0.64313725
v 0.11279550 0.02194889 0.01840857 0.54117647 0.42352941 0.64313725
v 0.11315316 0.02184080 0.01827804 0.54117647 0.42352941 0.64313725
v 0.11347972 0.02169447 0.01810275 0.54117647 0.42352941 0.64313725
v 0.11347972 0.02144373 0.01827804 0.54117647 0.42352941 0.64313725
v 0.11347972 0.02116724 0.01840857 0.54117647 0.42352941 0.64313725
v 0.11347972 0.02087238 0.01848688 0.54117647 0.42352941 0.64313725
v 0.11347972 0.02056869 0.01851299 0.54117647 0.42352941 0.64313725
v 0.11347972 0.01618176 0.01851299 0.54117647 0.42352941 0.64313725
v 0.11346416 0.01595234 0.01851299 0.54117647 0.42352941 0.64313725
v 0.11340974 0.01572806 0.01851299 0.54117647 0.42352941 0.64313725
v 0.11332032 0.01551482 0.01851299 0.54117647 0.42352941 0.64313725
v 0.11333588 0.01534275 0.01841230 0.54117647 0.42352941 0.64313725
v 0.11354581 0.01534275 0.01823328 0.54117647 0.42352941 0.64313725
v 0.07746875 0.01534275 0.01901274 0.54117647 0.42352941 0.64313725
v 0.07848731 0.02056869 0.01904630 0.54117647 0.42352941 0.64313725
v 0.07841733 0.02095915 0.01901274 0.54117647 0.42352941 0.64313725
v 0.07848731 0.02096577 0.01901274 0.54117647 0.42352941 0.64313725
v 0.07848731 0.02135034 0.01891204 0.54117647 0.42352941 0.64313725
v 0.09524681 0.02153123 0.01882626 0.54117647 0.42352941 0.64313725
v 0.11201020 0.02171138 0.01874049 0.54117647 0.42352941 0.64313725
v 0.11241062 0.02169447 0.01871065 0.54117647 0.42352941 0.64313725
v 0.11279550 0.02164226 0.01862114 0.54117647 0.42352941 0.64313725
v 0.11315316 0.02155844 0.01847570 0.54117647 0.42352941 0.64313725
v 0.11315316 0.02124592 0.01862114 0.54117647 0.42352941 0.64313725
v 0.11315316 0.02091209 0.01871065 0.54117647 0.42352941 0.64313725
v 0.11315316 0.02056869 0.01874049 0.54117647 0.42352941 0.64313725
v 0.11315316 0.01618176 0.01874049 0.54117647 0.42352941 0.64313725
v 0.11314150 0.01600307 0.01874049 0.54117647 0.42352941 0.64313725
v 0.11309873 0.01582880 0.01874049 0.54117647 0.42352941 0.64313725
v 0.11316871 0.01534275 0.01854283 0.54117647 0.42352941 0.64313725
v 0.11321536 0.01534275 0.01851299 0.54117647 0.42352941 0.64313725
v 0.11302876 0.01566335 0.01874049 0.54117647 0.42352941 0.64313725
v 0.07792749 0.01534275 0.01904630 0.54117647 0.42352941 0.64313725
v 0.09387059 0.01534275 0.01905003 0.54117647 0.42352941 0.64313725
v 0.09524681 0.02056869 0.01905003 0.54117647 0.42352941 0.64313725
v 0.11201020 0.02096577 0.01901274 0.54117647 0.42352941 0.64313725
v 0.11201020 0.02135034 0.01891204 0.54117647 0.42352941 0.64313725
v 0.11241062 0.02133857 0.01887848 0.54117647 0.42352941 0.64313725
v 0.11279550 0.02130328 0.01878151 0.54117647 0.42352941 0.64313725
v 0.11279550 0.02094150 0.01887848 0.54117647 0.42352941 0.64313725
v 0.11279550 0.02056869 0.01891204 0.54117647 0.42352941 0.64313725
v 0.11279550 0.01618176 0.01891204 0.54117647 0.42352941 0.64313725
v 0.11278384 0.01605969 0.01891204 0.54117647 0.42352941 0.64313725
v 0.11275662 0.01594057 0.01891204 0.54117647 0.42352941 0.64313725
v 0.11270997 0.01582733 0.01891204 0.54117647 0.42352941 0.64313725
v 0.11293545 0.01551041 0.01874049 0.54117647 0.42352941 0.64313725
v 0.11284992 0.01534275 0.01871065 0.54117647 0.42352941 0.64313725
v 0.11117436 0.01534275 0.01905003 0.54117647 0.42352941 0.64313725
v 0.11201020 0.02056869 0.01905003 0.54117647 0.42352941 0.64313725
v 0.11241062 0.02095915 0.01897917 0.54117647 0.42352941 0.64313725
v 0.11241062 0.02056869 0.01901274 0.54117647 0.42352941 0.64313725
v 0.11241062 0.01618176 0.01901274 0.54117647 0.42352941 0.64313725
v 0.11240285 0.01611999 0.01901274 0.54117647 0.42352941 0.64313725
v 0.11239119 0.01605969 0.01901274 0.54117647 0.42352941 0.64313725
v 0.11236397 0.01600160 0.01901274 0.54117647 0.42352941 0.64313725
v 0.11233287 0.01594866 0.01901274 0.54117647 0.42352941 0.64313725
v 0.11264388 0.01572218 0.01891204 0.54117647 0.42352941 0.64313725
v 0.11256613 0.01562953 0.01891204 0.54117647 0.42352941 0.64313725
v 0.11281882 0.01537364 0.01874049 0.54117647 0.42352941 0.64313725
v 0.11279161 0.01534275 0.01874049 0.54117647 0.42352941 0.64313725
v 0.11170696 0.01534275 0.01901646 0.54117647 0.42352941 0.64313725
v 0.11201020 0.01618176 0.01905003 0.54117647 0.42352941 0.64313725
v 0.11229400 0.01590160 0.01901274 0.54117647 0.42352941 0.64313725
v 0.11174195 0.01534275 0.01901274 0.54117647 0.42352941 0.64313725
v 0.11227844 0.01534275 0.01891204 0.54117647 0.42352941 0.64313725
v 0.11229010 0.01534275 0.01890831 0.54117647 0.42352941 0.64313725
f 347 348 349
f 347 349 355
f 347 355 356
f 347 356 350
f 347 350 357
f 347 357 372
f 347 372 392
f 347 392 413
f 347 413 438
f 347 438 437
f 347 437 468
f 347 468 501
f 347 501 503
f 347 503 502
f 347 502 500
f 347 500 536
f 347 536 569
f 347 569 568
f 347 568 600
f 347 600 637
f 347 637 673
f 347 673 706
f 347 706 738
f 347 738 737
f 347 737 766
f 347 766 793
f 347 793 792
f 347 792 811
f 347 811 810
f 347 810 827
f 347 827 840
f 347 840 846
f 347 846 845
f 347 845 844
f 347 844 841
f 347 841 828
f 347 828 814
f 347 814 813
f 347 813 794
f 347 794 769
f 347 769 740
f 347 740 710
f 347 710 707
f 347 707 674
f 347 674 638
f 347 638 601
f 347 601 570
f 347 570 537
f 347 537 504
f 347 504 471
f 347 471 469
f 347 469 439
f 347 439 414
f 347 414 394
f 347 394 393
f 347 393 375
f 347 375 359
f 347 359 352
f 347 352 348
f 348 351 349
f 348 352 351
f 349 351 353
f 349 353 354
f 349 354 363
f 349 363 355
f 350 356 357
f 351 358 353
f 351 352 358
f 352 359 358
f 353 360 361
f 353 361 354
f 353 358 362
f 353 362 360
f 354 361 381
f 354 381 363
f 355 363 364
f 355 364 365
f 355 365 366
f 355 366 356
f 356 366 367
f 356 367 368
f 356 368 369
f 356 369 370
f 356 370 371
f 356 371 357
f 357 371 372
f 358 373 374
f 358 374 362
f 358 359 373
f 359 375 373
f 360 376 361
f 360 362 377
f 360 377 378
f 360 378 376
f 361 376 379
f 361 379 380
f 361 380 381
f 362 374 382
f 362 382 377
f 363 381 364
f 364 383 384
f 364 384 385
f 364 385 365
f 364 381 383
f 365 385 386
f 365 386 366
f 366 386 387
f 366 387 367
f 367 387 368
f 368 387 388
f 368 388 389
f 368 389 369
f 369 389 370
f 370 389 390
f 370 390 371
f 371 390 391
f 371 391 372
f 372 391 392
f 373 375 393
f 373 393 374
f 374 393 394
f 374 394 395
f 374 395 396
f 374 396 382
f 376 397 379
f 376 378 398
f 376 398 397
f 377 382 399
f 377 399 378
f 378 399 398
f 379 397 400
f 379 400 401
f 379 401 402
f 379 402 380
f 380 402 381
f 381 402 403
f 381 403 383
f 382 396 399
f 383 403 404
f 383 404 384
f 384 404 405
f 384 405 385
f 385 405 406
f 385 406 407
f 385 407 386
f 386 407 408
f 386 408 387
f 387 408 388
f 388 408 409
f 388 409 389
f 389 409 410
f 389 410 411
f 389 411 390
f 390 411 391
f 391 411 412
f 391 412 413
f 391 413 392
f 394 414 395
f 395 414 415
f 395 415 396
f 396 416 399
f 396 415 417
f 396 417 418
f 396 418 416
f 397 419 420
f 397 420 400
f 397 398 419
f 398 399 421
f 398 421 422
f 398 422 423
f 398 423 419
f 399 416 421
f 400 420 450
f 400 450 424
f 400 424 401
f 401 424 402
f 402 424 425
f 402 425 403
f 403 425 426
f 403 426 427
f 403 427 404
f 404 427 428
f 404 428 429
f 404 429 405
f 405 429 430
f 405 430 431
f 405 431 406
f 406 431 432
f 406 432 433
f 406 433 407
f 407 433 408
f 408 433 434
f 408 434 435
f 408 435 409
f 409 435 436
f 409 436 410
f 410 436 437
f 410 437 411
f 411 438 412
f 411 437 438
f 412 438 413
f 414 439 415
f 415 439 440
f 415 440 441
f 415 441 417
f 416 442 421
f 416 418 442
f 417 441 443
f 417 443 418
f 418 443 444
f 418 444 445
f 418 445 442
f 419 423 446
f 419 446 447
f 419 447 448
f 419 448 420
f 420 448 449
f 420 449 450
f 421 442 422
f 422 442 451
f 422 451 452
f 422 452 453
f 422 453 446
f 422 446 423
f 424 450 425
f 425 454 426
f 425 450 454
f 426 455 456
f 426 456 457
f 426 457 428
f 426 428 427
f 426 454 455
f 428 457 458
f 428 458 459
f 428 459 430
f 428 430 429
f 430 459 460
f 430 460 461
f 430 461 462
f 430 462 431
f 431 462 463
f 431 463 432
f 432 463 464
f 432 464 433
f 433 464 434
f 434 464 465
f 434 465 466
f 434 466 435
f 435 466 467
f 435 467 436
f 436 468 437
f 436 467 468
f 439 469 440
f 440 470 441
f 440 469 471
f 440 471 470
f 441 470 472
f 441 472 443
f 442 445 451
f 443 473 444
f 443 472 474
f 443 474 473
f 444 473 475
f 444 475 445
f 445 475 476
f 445 476 451
f 446 453 477
f 446 477 447
f 447 478 448
f 447 477 478
f 448 478 479
f 448 479 480
f 448 480 481
f 448 481 449
f 449 481 450
f 450 481 454
f 451 482 452
f 451 476 482
f 452 482 483
f 452 483 453
f 453 483 484
f 453 484 477
f 454 485 486
f 454 486 455
f 454 481 485
f 455 486 456
f 456 487 488
f 456 488 489
f 456 489 458
f 456 458 457
f 456 486 487
f 458 489 490
f 458 490 491
f 458 491 460
f 458 460 459
f 460 491 492
f 460 492 493
f 460 493 494
f 460 494 461
f 461 494 462
f 462 494 495
f 462 495 496
f 462 496 463
f 463 496 497
f 463 497 464
f 464 497 465
f 465 497 498
f 465 498 499
f 465 499 466
f 466 499 500
f 466 500 467
f 467 501 468
f 467 500 502
f 467 502 503
f 467 503 501
f 470 471 504
f 470 504 472
f 472 504 505
f 472 505 506
f 472 506 474
f 473 474 506
f 473 506 507
f 473 507 508
f 473 508 509
f 473 509 475
f 475 509 510
f 475 510 511
f 475 511 482
f 475 482 476
f 477 484 512
f 477 512 513
f 477 513 478
f 478 513 514
f 478 514 515
f 478 515 479
f 479 515 516
f 479 516 517
f 479 517 480
f 480 517 481
f 481 517 518
f 481 518 485
f 482 511 519
f 482 519 520
f 482 520 483
f 483 521 522
f 483 522 512
f 483 512 484
f 483 520 521
f 485 518 486
f 486 523 524
f 486 524 487
f 486 518 523
f 487 524 525
f 487 525 488
f 488 525 526
f 488 526 489
f 489 526 490
f 490 526 527
f 490 527 491
f 491 527 492
f 492 527 528
f 492 528 493
f 493 528 529
f 493 529 530
f 493 530 494
f 494 530 531
f 494 531 495
f 495 531 496
f 496 531 532
f 496 532 533
f 496 533 497
f 497 533 534
f 497 534 498
f 498 534 499
f 499 534 535
f 499 535 500
f 500 535 536
f 504 537 573
f 504 573 538
f 504 538 505
f 505 538 539
f 505 539 506
f 506 539 507
f 507 539 540
f 507 540 541
f 507 541 508
f 508 541 542
f 508 542 543
f 508 543 510
f 508 510 509
f 510 543 544
f 510 544 545
f 510 545 511
f 511 545 519
f 512 546 513
f 512 522 546
f 513 546 514
f 514 546 515
f 515 546 586
f 515 586 547
f 515 547 516
f 516 547 517
f 517 547 518
f 518 548 549
f 518 549 523
f 518 547 548
f 519 545 550
f 519 550 551
f 519 551 521
f 519 521 520
f 521 551 546
f 521 546 522
f 523 549 524
f 524 552 525
f 524 549 552
f 525 553 554
f 525 554 555
f 525 555 526
f 525 552 553
f 526 555 556
f 526 556 527
f 527 556 557
f 527 557 558
f 527 558 528
f 528 558 559
f 528 559 560
f 528 560 561
f 528 561 529
f 529 561 530
f 530 561 562
f 530 562 531
f 531 562 563
f 531 563 564
f 531 564 532
f 532 564 565
f 532 565 533
f 533 565 534
f 534 565 566
f 534 566 567
f 534 567 535
f 535 567 568
f 535 568 569
f 535 569 536
f 537 570 571
f 537 571 572
f 537 572 573
f 538 573 574
f 538 574 539
f 539 575 576
f 539 576 540
f 539 574 575
f 540 576 577
f 540 577 578
f 540 578 541
f 541 579 580
f 541 580 542
f 541 578 579
f 542 581 612
f 542 612 582
f 542 582 544
f 542 544 543
f 542 580 581
f 544 582 583
f 544 583 584
f 544 584 550
f 544 550 545
f 546 551 550
f 546 550 584
f 546 584 583
f 546 583 613
f 546 613 585
f 546 585 616
f 546 616 586
f 547 586 548
f 548 587 549
f 548 586 587
f 549 587 588
f 549 588 589
f 549 589 552
f 552 589 553
f 553 590 554
f 553 589 590
f 554 590 591
f 554 591 592
f 554 592 555
f 555 592 593
f 555 593 556
f 556 593 594
f 556 594 557
f 557 594 595
f 557 595 558
f 558 595 559
f 559 595 596
f 559 596 560
f 560 596 561
f 561 596 562
f 562 596 563
f 563 596 564
f 564 596 597
f 564 597 565
f 565 597 598
f 565 598 566
f 566 598 599
f 566 599 567
f 567 599 568
f 568 599 600
f 570 601 602
f 570 602 603
f 570 603 571
f 571 604 572
f 571 603 605
f 571 605 606
f 571 606 607
f 571 607 604
f 572 604 575
f 572 575 573
f 573 575 574
f 575 604 608
f 575 608 577
f 575 577 576
f 577 608 579
f 577 579 578
f 579 609 581
f 579 581 580
f 579 608 609
f 581 609 610
f 581 610 611
f 581 611 612
f 582 612 613
f 582 613 583
f 585 613 614
f 585 614 615
f 585 615 651
f 585 651 616
f 586 616 617
f 586 617 587
f 587 618 619
f 587 619 588
f 587 617 618
f 588 619 620
f 588 620 589
f 589 621 622
f 589 622 590
f 589 620 621
f 590 622 623
f 590 623 624
f 590 624 591
f 591 624 625
f 591 625 658
f 591 658 626
f 591 626 592
f 592 626 627
f 592 627 628
f 592 628 594
f 592 594 593
f 594 628 629
f 594 629 595
f 595 629 596
f 596 630 633
f 596 633 597
f 596 629 631
f 596 631 632
f 596 632 661
f 596 661 630
f 597 633 634
f 597 634 598
f 598 634 635
f 598 635 636
f 598 636 599
f 599 636 637
f 599 637 600
f 601 638 639
f 601 639 602
f 602 639 640
f 602 640 605
f 602 605 603
f 604 607 641
f 604 641 608
f 605 640 606
f 606 640 642
f 606 642 643
f 606 643 644
f 606 644 641
f 606 641 607
f 608 641 609
f 609 645 646
f 609 646 610
f 609 641 645
f 610 646 611
f 611 646 647
f 611 647 648
f 611 648 614
f 611 614 613
f 611 613 612
f 614 648 615
f 615 648 649
f 615 649 650
f 615 650 651
f 616 651 652
f 616 652 618
f 616 618 617
f 618 652 653
f 618 653 619
f 619 653 621
f 619 621 620
f 621 654 655
f 621 655 623
f 621 623 622
f 621 653 654
f 623 655 656
f 623 656 625
f 623 625 624
f 625 656 657
f 625 657 658
f 626 658 659
f 626 659 627
f 627 659 661
f 627 661 632
f 627 632 628
f 628 632 631
f 628 631 629
f 630 660 670
f 630 670 633
f 630 661 662
f 630 662 663
f 630 663 664
f 630 664 665
f 630 665 666
f 630 666 667
f 630 667 668
f 630 668 669
f 630 669 660
f 633 670 635
f 633 635 634
f 635 670 671
f 635 671 636
f 636 671 672
f 636 672 673
f 636 673 637
f 638 674 675
f 638 675 639
f 639 675 640
f 640 675 676
f 640 676 642
f 641 644 645
f 642 676 677
f 642 677 643
f 643 677 678
f 643 678 679
f 643 679 680
f 643 680 681
f 643 681 644
f 644 681 645
f 645 681 646
f 646 681 682
f 646 682 683
f 646 683 647
f 647 683 648
f 648 684 685
f 648 685 649
f 648 683 684
f 649 685 686
f 649 686 687
f 649 687 650
f 650 687 651
f 651 687 688
f 651 688 652
f 652 688 653
f 653 688 689
f 653 689 690
f 653 690 654
f 654 690 691
f 654 691 655
f 655 691 656
f 656 691 692
f 656 692 657
f 657 692 693
f 657 693 694
f 657 694 695
f 657 695 659
f 657 659 658
f 659 695 661
f 660 669 696
f 660 696 697
f 660 697 703
f 660 703 670
f 661 695 662
f 662 695 663
f 663 695 694
f 663 694 664
f 664 694 698
f 664 698 699
f 664 699 665
f 665 699 700
f 665 700 666
f 666 700 667
f 667 700 701
f 667 701 702
f 667 702 668
f 668 702 696
f 668 696 669
f 670 703 704
f 670 704 671
f 671 704 672
f 672 704 705
f 672 705 706
f 672 706 673
f 674 707 675
f 675 708 709
f 675 709 676
f 675 707 710
f 675 710 708
f 676 709 677
f 677 709 711
f 677 711 712
f 677 712 678
f 678 712 679
f 679 712 713
f 679 713 714
f 679 714 715
f 679 715 716
f 679 716 680
f 680 716 681
f 681 716 682
f 682 716 683
f 683 716 717
f 683 717 718
f 683 718 684
f 684 718 685
f 685 718 719
f 685 719 720
f 685 720 721
f 685 721 686
f 686 721 687
f 687 721 688
f 688 722 723
f 688 723 689
f 688 721 722
f 689 723 690
f 690 724 691
f 690 723 724
f 691 725 726
f 691 726 692
f 691 724 725
f 692 726 727
f 692 727 693
f 693 727 694
f 694 727 698
f 696 702 728
f 696 728 729
f 696 729 730
f 696 730 697
f 697 730 734
f 697 734 703
f 698 727 731
f 698 731 699
f 699 731 700
f 700 731 732
f 700 732 733
f 700 733 701
f 701 733 702
f 702 733 728
f 703 734 704
f 704 734 735
f 704 735 736
f 704 736 705
f 705 736 737
f 705 737 738
f 705 738 706
f 708 739 709
f 708 710 740
f 708 740 739
f 709 739 741
f 709 741 742
f 709 742 711
f 711 742 712
f 712 742 743
f 712 743 713
f 713 743 744
f 713 744 714
f 714 744 745
f 714 745 746
f 714 746 747
f 714 747 748
f 714 748 715
f 715 748 717
f 715 717 716
f 717 748 749
f 717 749 718
f 718 749 750
f 718 750 719
f 719 750 779
f 719 779 751
f 719 751 720
f 720 751 721
f 721 751 752
f 721 752 722
f 722 752 723
f 723 752 753
f 723 753 754
f 723 754 724
f 724 754 725
f 725 755 726
f 725 754 755
f 726 755 756
f 726 756 731
f 726 731 727
f 728 733 757
f 728 757 758
f 728 758 759
f 728 759 729
f 729 759 730
f 730 759 760
f 730 760 762
f 730 762 734
f 731 756 761
f 731 761 732
f 732 761 757
f 732 757 733
f 734 762 763
f 734 763 735
f 735 763 736
f 736 763 764
f 736 764 737
f 737 764 765
f 737 765 766
f 739 767 768
f 739 768 741
f 739 740 769
f 739 769 767
f 741 768 742
f 742 768 770
f 742 770 771
f 742 771 743
f 743 771 744
f 744 771 772
f 744 772 773
f 744 773 745
f 745 773 746
f 746 773 774
f 746 774 796
f 746 796 775
f 746 775 776
f 746 776 747
f 747 776 748
f 748 776 749
f 749 776 750
f 750 776 777
f 750 777 778
f 750 778 779
f 751 779 780
f 751 780 752
f 752 780 781
f 752 781 753
f 753 781 754
f 754 782 783
f 754 783 755
f 754 781 782
f 755 783 756
f 756 783 761
f 757 761 783
f 757 783 784
f 757 784 785
f 757 785 758
f 758 785 759
f 759 785 786
f 759 786 760
f 760 786 787
f 760 787 788
f 760 788 762
f 762 788 789
f 762 789 763
f 763 789 764
f 764 789 790
f 764 790 765
f 765 790 791
f 765 791 792
f 765 792 793
f 765 793 766
f 767 794 795
f 767 795 768
f 767 769 794
f 768 795 770
f 770 795 771
f 771 795 772
f 772 795 773
f 773 795 774
f 774 795 796
f 775 796 797
f 775 797 798
f 775 798 776
f 776 798 777
f 777 798 799
f 777 799 800
f 777 800 778
f 778 800 779
f 779 800 780
f 780 801 781
f 780 800 801
f 781 801 802
f 781 802 803
f 781 803 782
f 782 803 783
f 783 803 784
f 784 803 785
f 785 803 804
f 785 804 805
f 785 805 786
f 786 805 806
f 786 806 787
f 787 806 807
f 787 807 788
f 788 807 808
f 788 808 789
f 789 808 790
f 790 808 809
f 790 809 791
f 791 810 811
f 791 811 792
f 791 809 812
f 791 812 810
f 794 813 795
f 795 797 796
f 795 813 814
f 795 814 815
f 795 815 797
f 797 815 829
f 797 829 816
f 797 816 817
f 797 817 798
f 798 817 799
f 799 817 800
f 800 817 801
f 801 818 819
f 801 819 802
f 801 817 818
f 802 819 803
f 803 819 804
f 804 819 805
f 805 819 820
f 805 820 821
f 805 821 806
f 806 821 822
f 806 822 807
f 807 822 808
f 808 822 823
f 808 823 824
f 808 824 809
f 809 824 825
f 809 825 812
f 810 812 826
f 810 826 827
f 812 825 826
f 814 828 842
f 814 842 829
f 814 829 815
f 816 829 830
f 816 830 817
f 817 830 818
f 818 830 820
f 818 820 819
f 820 830 821
f 821 830 831
f 821 831 832
f 821 832 822
f 822 832 823
f 823 832 833
f 823 833 834
f 823 834 824
f 824 834 825
f 825 834 835
f 825 835 836
f 825 836 837
f 825 837 826
f 826 837 838
f 826 838 839
f 826 839 827
f 827 839 840
f 828 841 842
f 829 842 832
f 829 832 831
f 829 831 830
f 832 842 833
f 833 842 834
f 834 842 835
f 835 842 836
f 836 842 843
f 836 843 837
f 837 843 838
f 838 840 839
f 838 843 844
f 838 844 845
f 838 845 846
f 838 846 840
f 841 844 843
f 841 843 842

o geometry_2
v -0.11201223 0.01618214 -0.01905003 0.43529412 0.89019608 0.96078431
v -0.11201223 0.02056844 -0.01905003 0.43529412 0.89019608 0.96078431
v -0.11106788 0.01523657 -0.01905003 0.43529412 0.89019608 0.96078431
v -0.11159734 0.01523657 -0.01901646 0.43529412 0.89019608 0.96078431
v -0.11229277 0.01590175 -0.01901274 0.43529412 0.89019608 0.96078431
v -0.11233228 0.01594873 -0.01901274 0.43529412 0.89019608 0.96078431
v -0.11236389 0.01600167 -0.01901274 0.43529412 0.89019608 0.96078431
v -0.11238760 0.01605909 -0.01901274 0.43529412 0.89019608 0.96078431
v -0.11240340 0.01612024 -0.01901274 0.43529412 0.89019608 0.96078431
v -0.11240735 0.01618214 -0.01901274 0.43529412 0.89019608 0.96078431
v -0.11240735 0.02056844 -0.01901274 0.43529412 0.89019608 0.96078431
v -0.11240735 0.02095920 -0.01897917 0.43529412 0.89019608 0.96078431
v -0.11201223 0.02096516 -0.01901274 0.43529412 0.89019608 0.96078431
v -0.07848986 0.02056844 -0.01905003 0.43529412 0.89019608 0.96078431
v -0.07787741 0.01523657 -0.01905003 0.43529412 0.89019608 0.96078431
v -0.11163686 0.01523657 -0.01901274 0.43529412 0.89019608 0.96078431
v -0.11256540 0.01562956 -0.01891204 0.43529412 0.89019608 0.96078431
v -0.11264443 0.01572277 -0.01891204 0.43529412 0.89019608 0.96078431
v -0.11270765 0.01582717 -0.01891204 0.43529412 0.89019608 0.96078431
v -0.11275506 0.01594052 -0.01891204 0.43529412 0.89019608 0.96078431
v -0.11278272 0.01605984 -0.01891204 0.43529412 0.89019608 0.96078431
v -0.11279457 0.01618214 -0.01891204 0.43529412 0.89019608 0.96078431
v -0.11279457 0.02056844 -0.01891204 0.43529412 0.89019608 0.96078431
v -0.11279457 0.02094130 -0.01887848 0.43529412 0.89019608 0.96078431
v -0.11240735 0.02133877 -0.01887848 0.43529412 0.89019608 0.96078431
v -0.11201223 0.02134995 -0.01891204 0.43529412 0.89019608 0.96078431
v -0.07848986 0.02096516 -0.01901274 0.43529412 0.89019608 0.96078431
v -0.07809868 0.02096516 -0.01897917 0.43529412 0.89019608 0.96078431
v -0.07809078 0.02056844 -0.01901274 0.43529412 0.89019608 0.96078431
v -0.07739536 0.01523657 -0.01901274 0.43529412 0.89019608 0.96078431
v -0.11217423 0.01523657 -0.01891204 0.43529412 0.89019608 0.96078431
v -0.11282223 0.01537378 -0.01874049 0.43529412 0.89019608 0.96078431
v -0.11293682 0.01551025 -0.01874049 0.43529412 0.89019608 0.96078431
v -0.11303165 0.01566312 -0.01874049 0.43529412 0.89019608 0.96078431
v -0.11309882 0.01582867 -0.01874049 0.43529412 0.89019608 0.96078431
v -0.11314229 0.01600316 -0.01874049 0.43529412 0.89019608 0.96078431
v -0.11315414 0.01618214 -0.01874049 0.43529412 0.89019608 0.96078431
v -0.11315414 0.02056844 -0.01874049 0.43529412 0.89019608 0.96078431
v -0.11315414 0.02091222 -0.01871065 0.43529412 0.89019608 0.96078431
v -0.11279457 0.02130297 -0.01878151 0.43529412 0.89019608 0.96078431
v -0.11279457 0.02164228 -0.01862114 0.43529412 0.89019608 0.96078431
v -0.11240735 0.02169373 -0.01871065 0.43529412 0.89019608 0.96078431
v -0.11201223 0.02171163 -0.01874049 0.43529412 0.89019608 0.96078431
v -0.09524709 0.02153116 -0.01882626 0.43529412 0.89019608 0.96078431
v -0.07848986 0.02134995 -0.01891204 0.43529412 0.89019608 0.96078431
v -0.07811449 0.02134995 -0.01887848 0.43529412 0.89019608 0.96078431
v -0.07771936 0.02096516 -0.01887848 0.43529412 0.89019608 0.96078431
v -0.07770751 0.02056844 -0.01891204 0.43529412 0.89019608 0.96078431
v -0.07692516 0.01523657 -0.01891204 0.43529412 0.89019608 0.96078431
v -0.07713063 0.01523657 -0.01895679 0.43529412 0.89019608 0.96078431
v -0.11268394 0.01523657 -0.01874049 0.43529412 0.89019608 0.96078431
v -0.11295658 0.01523657 -0.01860623 0.43529412 0.89019608 0.96078431
v -0.11320156 0.01531860 -0.01851299 0.43529412 0.89019608 0.96078431
v -0.11332009 0.01551472 -0.01851299 0.43529412 0.89019608 0.96078431
v -0.11341097 0.01572799 -0.01851299 0.43529412 0.89019608 0.96078431
v -0.11346234 0.01595245 -0.01851299 0.43529412 0.89019608 0.96078431
v -0.11348209 0.01618214 -0.01851299 0.43529412 0.89019608 0.96078431
v -0.11348209 0.02056844 -0.01851299 0.43529412 0.89019608 0.96078431
v -0.11348209 0.02087270 -0.01848688 0.43529412 0.89019608 0.96078431
v -0.11348209 0.02116725 -0.01840857 0.43529412 0.89019608 0.96078431
v -0.11315414 0.02124555 -0.01862114 0.43529412 0.89019608 0.96078431
v -0.11315414 0.02155801 -0.01847570 0.43529412 0.89019608 0.96078431
v -0.11279457 0.02194951 -0.01840857 0.43529412 0.89019608 0.96078431
v -0.11240735 0.02201588 -0.01848688 0.43529412 0.89019608 0.96078431
v -0.11201223 0.02203750 -0.01851299 0.43529412 0.89019608 0.96078431
v -0.09524709 0.02187494 -0.01862860 0.43529412 0.89019608 0.96078431
v -0.07848986 0.02171163 -0.01874049 0.43529412 0.89019608 0.96078431
v -0.07814610 0.02171163 -0.01871065 0.43529412 0.89019608 0.96078431
v -0.07781024 0.02171163 -0.01862114 0.43529412 0.89019608 0.96078431
v -0.07775492 0.02134995 -0.01878151 0.43529412 0.89019608 0.96078431
v -0.07736375 0.02096516 -0.01871065 0.43529412 0.89019608 0.96078431
v -0.07734400 0.02056844 -0.01874049 0.43529412 0.89019608 0.96078431
v -0.07646287 0.01523657 -0.01874049 0.43529412 0.89019608 0.96078431
v -0.11313043 0.01523657 -0.01851299 0.43529412 0.89019608 0.96078431
v -0.11331219 0.01523657 -0.01837500 0.43529412 0.89019608 0.96078431
v -0.11348209 0.01523657 -0.01823328 0.43529412 0.89019608 0.96078431
v -0.11357297 0.01538720 -0.01823328 0.43529412 0.89019608 0.96078431
v -0.11367570 0.01564074 -0.01823328 0.43529412 0.89019608 0.96078431
v -0.11374288 0.01590846 -0.01823328 0.43529412 0.89019608 0.96078431
v -0.11376263 0.01618214 -0.01823328 0.43529412 0.89019608 0.96078431
v -0.11376263 0.02056844 -0.01823328 0.43529412 0.89019608 0.96078431
v -0.11376263 0.02082348 -0.01821091 0.43529412 0.89019608 0.96078431
v -0.11348209 0.02144391 -0.01827804 0.43529412 0.89019608 0.96078431
v -0.11376263 0.02107106 -0.01814378 0.43529412 0.89019608 0.96078431
v -0.11376263 0.02130297 -0.01803562 0.43529412 0.89019608 0.96078431
v -0.11315414 0.02184064 -0.01827804 0.43529412 0.89019608 0.96078431
v -0.11279457 0.02221424 -0.01814378 0.43529412 0.89019608 0.96078431
v -0.11240735 0.02229329 -0.01821091 0.43529412 0.89019608 0.96078431
v -0.11315414 0.02208523 -0.01803562 0.43529412 0.89019608 0.96078431
v -0.11201223 0.02231939 -0.01823328 0.43529412 0.89019608 0.96078431
v -0.07848986 0.02203750 -0.01851299 0.43529412 0.89019608 0.96078431
v -0.07818561 0.02203750 -0.01848688 0.43529412 0.89019608 0.96078431
v -0.07788927 0.02203750 -0.01840857 0.43529412 0.89019608 0.96078431
v -0.07749809 0.02171163 -0.01847570 0.43529412 0.89019608 0.96078431
v -0.07741511 0.02134995 -0.01862114 0.43529412 0.89019608 0.96078431
v -0.07710692 0.02134995 -0.01840857 0.43529412 0.89019608 0.96078431
v -0.07703975 0.02096516 -0.01848688 0.43529412 0.89019608 0.96078431
v -0.07555408 0.01523657 -0.01823328 0.43529412 0.89019608 0.96078431
v -0.07600452 0.01523657 -0.01851299 0.43529412 0.89019608 0.96078431
v -0.07624950 0.01523657 -0.01863606 0.43529412 0.89019608 0.96078431
v -0.11374683 0.01523657 -0.01790509 0.43529412 0.89019608 0.96078431
v -0.11377449 0.01528355 -0.01790509 0.43529412 0.89019608 0.96078431
v -0.11389302 0.01557065 -0.01790509 0.43529412 0.89019608 0.96078431
v -0.11396809 0.01587266 -0.01790509 0.43529412 0.89019608 0.96078431
v -0.11399180 0.01618214 -0.01790509 0.43529412 0.89019608 0.96078431
v -0.11399180 0.02056844 -0.01790509 0.43529412 0.89019608 0.96078431
v -0.11399180 0.02076680 -0.01788644 0.43529412 0.89019608 0.96078431
v -0.11399180 0.02095920 -0.01783796 0.43529412 0.89019608 0.96078431
v -0.11348209 0.02169373 -0.01810275 0.43529412 0.89019608 0.96078431
v -0.11376263 0.02151327 -0.01788644 0.43529412 0.89019608 0.96078431
v -0.11399180 0.02113966 -0.01775218 0.43529412 0.89019608 0.96078431
v -0.11399180 0.02130297 -0.01763657 0.43529412 0.89019608 0.96078431
v -0.11279457 0.02242901 -0.01783796 0.43529412 0.89019608 0.96078431
v -0.11240735 0.02251775 -0.01788644 0.43529412 0.89019608 0.96078431
v -0.11201223 0.02254832 -0.01790509 0.43529412 0.89019608 0.96078431
v -0.11348209 0.02190999 -0.01788644 0.43529412 0.89019608 0.96078431
v -0.11348209 0.02208523 -0.01763657 0.43529412 0.89019608 0.96078431
v -0.11315414 0.02228285 -0.01775218 0.43529412 0.89019608 0.96078431
v -0.09524709 0.02243423 -0.01806919 0.43529412 0.89019608 0.96078431
v -0.07848986 0.02231939 -0.01823328 0.43529412 0.89019608 0.96078431
v -0.07823303 0.02231939 -0.01821091 0.43529412 0.89019608 0.96078431
v -0.07798409 0.02231939 -0.01814378 0.43529412 0.89019608 0.96078431
v -0.07761268 0.02203750 -0.01827804 0.43529412 0.89019608 0.96078431
v -0.07721361 0.02171163 -0.01827804 0.43529412 0.89019608 0.96078431
v -0.07684218 0.02134995 -0.01814378 0.43529412 0.89019608 0.96078431
v -0.07676316 0.02096516 -0.01821091 0.43529412 0.89019608 0.96078431
v -0.07438451 0.01523657 -0.01721887 0.43529412 0.89019608 0.96078431
v -0.07472037 0.01523657 -0.01754333 0.43529412 0.89019608 0.96078431
v -0.07512735 0.01523657 -0.01790509 0.43529412 0.89019608 0.96078431
v -0.11386536 0.01523657 -0.01768505 0.43529412 0.89019608 0.96078431
v -0.11394043 0.01523657 -0.01754333 0.43529412 0.89019608 0.96078431
v -0.11405502 0.01551845 -0.01754333 0.43529412 0.89019608 0.96078431
v -0.11413405 0.01584582 -0.01754333 0.43529412 0.89019608 0.96078431
v -0.11416171 0.01618214 -0.01754333 0.43529412 0.89019608 0.96078431
v -0.11416171 0.02056844 -0.01754333 0.43529412 0.89019608 0.96078431
v -0.11416171 0.02070416 -0.01753215 0.43529412 0.89019608 0.96078431
v -0.11416171 0.02083616 -0.01749858 0.43529412 0.89019608 0.96078431
v -0.11376263 0.02169373 -0.01770743 0.43529412 0.89019608 0.96078431
v -0.11399180 0.02144391 -0.01749858 0.43529412 0.89019608 0.96078431
v -0.11416171 0.02095920 -0.01743891 0.43529412 0.89019608 0.96078431
v -0.11416171 0.02107106 -0.01736059 0.43529412 0.89019608 0.96078431
v -0.11279457 0.02258710 -0.01749858 0.43529412 0.89019608 0.96078431
v -0.11240735 0.02268404 -0.01753215 0.43529412 0.89019608 0.96078431
v -0.11315414 0.02242901 -0.01743891 0.43529412 0.89019608 0.96078431
v -0.11201223 0.02271685 -0.01754333 0.43529412 0.89019608 0.96078431
v -0.09524709 0.02263259 -0.01772608 0.43529412 0.89019608 0.96078431
v -0.07848986 0.02254832 -0.01790509 0.43529412 0.89019608 0.96078431
v -0.11376263 0.02184064 -0.01749858 0.43529412 0.89019608 0.96078431
v -0.11348209 0.02221424 -0.01736059 0.43529412 0.89019608 0.96078431
v -0.07828834 0.02254832 -0.01788644 0.43529412 0.89019608 0.96078431
v -0.07809868 0.02254832 -0.01783796 0.43529412 0.89019608 0.96078431
v -0.07775492 0.02231939 -0.01803562 0.43529412 0.89019608 0.96078431
v -0.07754156 0.02231939 -0.01788644 0.43529412 0.89019608 0.96078431
v -0.07736375 0.02203750 -0.01810275 0.43529412 0.89019608 0.96078431
v -0.07714643 0.02203750 -0.01788644 0.43529412 0.89019608 0.96078431
v -0.07697258 0.02171163 -0.01803562 0.43529412 0.89019608 0.96078431
v -0.07662882 0.02134995 -0.01783796 0.43529412 0.89019608 0.96078431
v -0.07653794 0.02096516 -0.01788644 0.43529412 0.89019608 0.96078431
v -0.07393407 0.01523657 -0.01676388 0.43529412 0.89019608 0.96078431
v -0.07432525 0.01523657 -0.01715920 0.43529412 0.89019608 0.96078431
v -0.11395229 0.01523657 -0.01750231 0.43529412 0.89019608 0.96078431
v -0.11415380 0.01548638 -0.01715920 0.43529412 0.89019608 0.96078431
v -0.11423678 0.01583016 -0.01715920 0.43529412 0.89019608 0.96078431
v -0.11426444 0.01618214 -0.01715920 0.43529412 0.89019608 0.96078431
v -0.11426444 0.02056844 -0.01715920 0.43529412 0.89019608 0.96078431
v -0.11426444 0.02063705 -0.01715174 0.43529412 0.89019608 0.96078431
v -0.11426444 0.02070416 -0.01713683 0.43529412 0.89019608 0.96078431
v -0.11426444 0.02076680 -0.01710699 0.43529412 0.89019608 0.96078431
v -0.11416171 0.02116725 -0.01726363 0.43529412 0.89019608 0.96078431
v -0.11416171 0.02124555 -0.01715174 0.43529412 0.89019608 0.96078431
v -0.11399180 0.02155801 -0.01733449 0.43529412 0.89019608 0.96078431
v -0.11426444 0.02082348 -0.01706597 0.43529412 0.89019608 0.96078431
v -0.11426444 0.02087270 -0.01701748 0.43529412 0.89019608 0.96078431
v -0.11279457 0.02268404 -0.01713683 0.43529412 0.89019608 0.96078431
v -0.11240735 0.02278546 -0.01715174 0.43529412 0.89019608 0.96078431
v -0.11201223 0.02281976 -0.01715920 0.43529412 0.89019608 0.96078431
v -0.11348209 0.02229329 -0.01706597 0.43529412 0.89019608 0.96078431
v -0.11315414 0.02251775 -0.01710699 0.43529412 0.89019608 0.96078431
v -0.09524709 0.02276831 -0.01735313 0.43529412 0.89019608 0.96078431
v -0.07848986 0.02271685 -0.01754333 0.43529412 0.89019608 0.96078431
v -0.07835156 0.02271685 -0.01753215 0.43529412 0.89019608 0.96078431
v -0.11376263 0.02194951 -0.01726363 0.43529412 0.89019608 0.96078431
v -0.11376263 0.02201588 -0.01701748 0.43529412 0.89019608 0.96078431
v -0.07791693 0.02254832 -0.01775218 0.43529412 0.89019608 0.96078431
v -0.07822117 0.02271685 -0.01749858 0.43529412 0.89019608 0.96078431
v -0.07775492 0.02254832 -0.01763657 0.43529412 0.89019608 0.96078431
v -0.07761268 0.02254832 -0.01749858 0.43529412 0.89019608 0.96078431
v -0.07736375 0.02231939 -0.01770743 0.43529412 0.89019608 0.96078431
v -0.07721361 0.02231939 -0.01749858 0.43529412 0.89019608 0.96078431
v -0.07697258 0.02203750 -0.01763657 0.43529412 0.89019608 0.96078431
v -0.07677502 0.02171163 -0.01775218 0.43529412 0.89019608 0.96078431
v -0.07662882 0.02171163 -0.01743891 0.43529412 0.89019608 0.96078431
v -0.07647077 0.02134995 -0.01749858 0.43529412 0.89019608 0.96078431
v -0.07393407 0.01523657 0.01676382 0.43529412 0.89019608 0.96078431
v -0.07637199 0.02134995 -0.01713683 0.43529412 0.89019608 0.96078431
v -0.07634038 0.02134995 -0.01676388 0.43529412 0.89019608 0.96078431
v -0.11405107 0.01523657 -0.01715920 0.43529412 0.89019608 0.96078431
v -0.11418542 0.01547594 -0.01676388 0.43529412 0.89019608 0.96078431
v -0.11426839 0.01582419 -0.01676388 0.43529412 0.89019608 0.96078431
v -0.11430000 0.01618214 -0.01676388 0.43529412 0.89019608 0.96078431
v -0.11430000 0.02056844 -0.01676388 0.43529412 0.89019608 0.96078431
v -0.11426444 0.02091222 -0.01696154 0.43529412 0.89019608 0.96078431
v -0.11416171 0.02130297 -0.01702867 0.43529412 0.89019608 0.96078431
v -0.11399180 0.02164228 -0.01715174 0.43529412 0.89019608 0.96078431
v -0.11279457 0.02271685 -0.01676388 0.43529412 0.89019608 0.96078431
v -0.11240735 0.02281976 -0.01676388 0.43529412 0.89019608 0.96078431
v -0.11315414 0.02254832 -0.01676388 0.43529412 0.89019608 0.96078431
v -0.11201223 0.02285407 -0.01676388 0.43529412 0.89019608 0.96078431
v -0.07848986 0.02281976 -0.01715920 0.43529412 0.89019608 0.96078431
v -0.11348209 0.02231939 -0.01676388 0.43529412 0.89019608 0.96078431
v -0.07841874 0.02281976 -0.01715174 0.43529412 0.89019608 0.96078431
v -0.07835156 0.02281976 -0.01713683 0.43529412 0.89019608 0.96078431
v -0.11399180 0.02169373 -0.01696154 0.43529412 0.89019608 0.96078431
v -0.11376263 0.02203750 -0.01676388 0.43529412 0.89019608 0.96078431
v -0.11399180 0.02171163 -0.01676388 0.43529412 0.89019608 0.96078431
v -0.07809868 0.02271685 -0.01743891 0.43529412 0.89019608 0.96078431
v -0.07798409 0.02271685 -0.01736059 0.43529412 0.89019608 0.96078431
v -0.07828834 0.02281976 -0.01710699 0.43529412 0.89019608 0.96078431
v -0.07749809 0.02254832 -0.01733449 0.43529412 0.89019608 0.96078431
v -0.07788927 0.02271685 -0.01726363 0.43529412 0.89019608 0.96078431
v -0.07781024 0.02271685 -0.01715174 0.43529412 0.89019608 0.96078431
v -0.07710692 0.02231939 -0.01726363 0.43529412 0.89019608 0.96078431
v -0.07684218 0.02203750 -0.01736059 0.43529412 0.89019608 0.96078431
v -0.07653794 0.02171163 -0.01710699 0.43529412 0.89019608 0.96078431
v -0.07432129 0.01523657 0.01715541 0.43529412 0.89019608 0.96078431
v -0.07634038 0.02134995 0.01676382 0.43529412 0.89019608 0.96078431
v -0.07637199 0.02133877 0.01715914 0.43529412 0.89019608 0.96078431
v -0.07647077 0.02130297 0.01754327 0.43529412 0.89019608 0.96078431
v -0.07662882 0.02124555 0.01790503 0.43529412 0.89019608 0.96078431
v -0.07684218 0.02116725 0.01823322 0.43529412 0.89019608 0.96078431
v -0.07676316 0.02087270 0.01823322 0.43529412 0.89019608 0.96078431
v -0.07650633 0.02171163 -0.01676388 0.43529412 0.89019608 0.96078431
v -0.07642335 0.02153116 -0.00000003 0.43529412 0.89019608 0.96078431
v -0.11408663 0.01523657 -0.01676388 0.43529412 0.89019608 0.96078431
v -0.11418542 0.01547594 0.01676382 0.43529412 0.89019608 0.96078431
v -0.11422887 0.01565044 -0.00000003 0.43529412 0.89019608 0.96078431
v -0.11411824 0.01530965 -0.00000003 0.43529412 0.89019608 0.96078431
v -0.11426839 0.01582419 0.01676382 0.43529412 0.89019608 0.96078431
v -0.11430000 0.01618214 0.01676382 0.43529412 0.89019608 0.96078431
v -0.11430000 0.02056844 0.01676382 0.43529412 0.89019608 0.96078431
v -0.11426444 0.02096516 -0.01676388 0.43529412 0.89019608 0.96078431
v -0.11426444 0.02095920 -0.01683101 0.43529412 0.89019608 0.96078431
v -0.11426444 0.02094130 -0.01689814 0.43529412 0.89019608 0.96078431
v -0.11416171 0.02133877 -0.01689814 0.43529412 0.89019608 0.96078431
v -0.11297633 0.02263259 -0.00000003 0.43529412 0.89019608 0.96078431
v -0.11279457 0.02271685 0.01676382 0.43529412 0.89019608 0.96078431
v -0.11240735 0.02281976 0.01676382 0.43529412 0.89019608 0.96078431
v -0.11332009 0.02243423 -0.00000003 0.43529412 0.89019608 0.96078431
v -0.11315414 0.02254832 0.01676382 0.43529412 0.89019608 0.96078431
v -0.11201223 0.02285407 0.01676382 0.43529412 0.89019608 0.96078431
v -0.07848986 0.02285407 -0.01676388 0.43529412 0.89019608 0.96078431
v -0.11348209 0.02231939 0.01676382 0.43529412 0.89019608 0.96078431
v -0.11376263 0.02203750 0.01676382 0.43529412 0.89019608 0.96078431
v -0.11387722 0.02187494 -0.00000003 0.43529412 0.89019608 0.96078431
v -0.11399180 0.02171163 0.01676382 0.43529412 0.89019608 0.96078431
v -0.11416171 0.02134995 -0.01676388 0.43529412 0.89019608 0.96078431
v -0.07823303 0.02281976 -0.01706597 0.43529412 0.89019608 0.96078431
v -0.07741511 0.02254832 -0.01715174 0.43529412 0.89019608 0.96078431
v -0.07818561 0.02281976 -0.01701748 0.43529412 0.89019608 0.96078431
v -0.07775492 0.02271685 -0.01702867 0.43529412 0.89019608 0.96078431
v -0.07814610 0.02281976 -0.01696154 0.43529412 0.89019608 0.96078431
v -0.07811449 0.02281976 -0.01689814 0.43529412 0.89019608 0.96078431
v -0.07703975 0.02231939 -0.01701748 0.43529412 0.89019608 0.96078431
v -0.07676316 0.02203750 -0.01706597 0.43529412 0.89019608 0.96078431
v -0.07452280 0.01523657 0.01735307 0.43529412 0.89019608 0.96078431
v -0.07650633 0.02171163 0.01676382 0.43529412 0.89019608 0.96078431
v -0.07653794 0.02169373 0.01715914 0.43529412 0.89019608 0.96078431
v -0.07662882 0.02164228 0.01754327 0.43529412 0.89019608 0.96078431
v -0.07677502 0.02155801 0.01790503 0.43529412 0.89019608 0.96078431
v -0.07697258 0.02144391 0.01823322 0.43529412 0.89019608 0.96078431
v -0.07721361 0.02130297 0.01851293 0.43529412 0.89019608 0.96078431
v -0.07710692 0.02107106 0.01851293 0.43529412 0.89019608 0.96078431
v -0.07703975 0.02082348 0.01851293 0.43529412 0.89019608 0.96078431
v -0.07673550 0.02203750 -0.01676388 0.43529412 0.89019608 0.96078431
v -0.07662092 0.02187494 -0.00000003 0.43529412 0.89019608 0.96078431
v -0.11408663 0.01523657 0.01676382 0.43529412 0.89019608 0.96078431
v -0.11423678 0.01583016 0.01715914 0.43529412 0.89019608 0.96078431
v -0.11407873 0.01523657 0.01686824 0.43529412 0.89019608 0.96078431
v -0.11415380 0.01548638 0.01715914 0.43529412 0.89019608 0.96078431
v -0.11426444 0.01618214 0.01715914 0.43529412 0.89019608 0.96078431
v -0.11426444 0.02056844 0.01715914 0.43529412 0.89019608 0.96078431
v -0.11426444 0.02096516 0.01676382 0.43529412 0.89019608 0.96078431
v -0.11278272 0.02268404 0.01715914 0.43529412 0.89019608 0.96078431
v -0.11240340 0.02278546 0.01715914 0.43529412 0.89019608 0.96078431
v -0.11313833 0.02251775 0.01715914 0.43529412 0.89019608 0.96078431
v -0.11201223 0.02281976 0.01715914 0.43529412 0.89019608 0.96078431
v -0.07848986 0.02285407 0.01676382 0.43529412 0.89019608 0.96078431
v -0.07828834 0.02283691 -0.00000003 0.43529412 0.89019608 0.96078431
v -0.07809078 0.02281976 -0.01676388 0.43529412 0.89019608 0.96078431
v -0.07809868 0.02281976 -0.01683101 0.43529412 0.89019608 0.96078431
v -0.11345839 0.02229329 0.01715914 0.43529412 0.89019608 0.96078431
v -0.11373497 0.02201588 0.01715914 0.43529412 0.89019608 0.96078431
v -0.11396019 0.02169373 0.01715914 0.43529412 0.89019608 0.96078431
v -0.11416171 0.02134995 0.01676382 0.43529412 0.89019608 0.96078431
v -0.07771936 0.02271685 -0.01689814 0.43529412 0.89019608 0.96078431
v -0.07736375 0.02254832 -0.01696154 0.43529412 0.89019608 0.96078431
v -0.07734400 0.02254832 -0.01676388 0.43529412 0.89019608 0.96078431
v -0.07701999 0.02231939 -0.01676388 0.43529412 0.89019608 0.96078431
v -0.07472037 0.01523657 0.01754327 0.43529412 0.89019608 0.96078431
v -0.07673550 0.02203750 0.01676382 0.43529412 0.89019608 0.96078431
v -0.07676316 0.02201588 0.01715914 0.43529412 0.89019608 0.96078431
v -0.07684218 0.02194951 0.01754327 0.43529412 0.89019608 0.96078431
v -0.07697258 0.02184064 0.01790503 0.43529412 0.89019608 0.96078431
v -0.07714643 0.02169373 0.01823322 0.43529412 0.89019608 0.96078431
v -0.07736375 0.02151327 0.01851293 0.43529412 0.89019608 0.96078431
v -0.07761268 0.02130297 0.01874042 0.43529412 0.89019608 0.96078431
v -0.07749809 0.02113966 0.01874042 0.43529412 0.89019608 0.96078431
v -0.07741511 0.02095920 0.01874042 0.43529412 0.89019608 0.96078431
v -0.07736375 0.02076680 0.01874042 0.43529412 0.89019608 0.96078431
v -0.07555408 0.01523657 0.01823322 0.43529412 0.89019608 0.96078431
v -0.07512735 0.01523657 0.01790503 0.43529412 0.89019608 0.96078431
v -0.11413405 0.01584582 0.01754327 0.43529412 0.89019608 0.96078431
v -0.11416171 0.01618214 0.01754327 0.43529412 0.89019608 0.96078431
v -0.11405107 0.01523657 0.01715914 0.43529412 0.89019608 0.96078431
v -0.11394043 0.01523657 0.01754327 0.43529412 0.89019608 0.96078431
v -0.11405502 0.01551845 0.01754327 0.43529412 0.89019608 0.96078431
v -0.11422887 0.02095920 0.01715914 0.43529412 0.89019608 0.96078431
v -0.11416171 0.02056844 0.01754327 0.43529412 0.89019608 0.96078431
v -0.11308697 0.02242901 0.01754327 0.43529412 0.89019608 0.96078431
v -0.11274716 0.02258710 0.01754327 0.43529412 0.89019608 0.96078431
v -0.11238364 0.02268404 0.01754327 0.43529412 0.89019608 0.96078431
v -0.11201223 0.02271685 0.01754327 0.43529412 0.89019608 0.96078431
v -0.09524709 0.02276831 0.01735307 0.43529412 0.89019608 0.96078431
v -0.07848986 0.02281976 0.01715914 0.43529412 0.89019608 0.96078431
v -0.07809078 0.02281976 0.01676382 0.43529412 0.89019608 0.96078431
v -0.07789717 0.02276831 -0.00000003 0.43529412 0.89019608 0.96078431
v -0.07770751 0.02271685 -0.01676388 0.43529412 0.89019608 0.96078431
v -0.11339121 0.02221424 0.01754327 0.43529412 0.89019608 0.96078431
v -0.11365594 0.02194951 0.01754327 0.43529412 0.89019608 0.96078431
v -0.11387327 0.02164228 0.01754327 0.43529412 0.89019608 0.96078431
v -0.11412614 0.02133877 0.01715914 0.43529412 0.89019608 0.96078431
v -0.07734400 0.02254832 0.01676382 0.43529412 0.89019608 0.96078431
v -0.07718199 0.02243423 -0.00000003 0.43529412 0.89019608 0.96078431
v -0.07701999 0.02231939 0.01676382 0.43529412 0.89019608 0.96078431
v -0.07703975 0.02229329 0.01715914 0.43529412 0.89019608 0.96078431
v -0.07710692 0.02221424 0.01754327 0.43529412 0.89019608 0.96078431
v -0.07721361 0.02208523 0.01790503 0.43529412 0.89019608 0.96078431
v -0.07736375 0.02190999 0.01823322 0.43529412 0.89019608 0.96078431
v -0.07754156 0.02169373 0.01851293 0.43529412 0.89019608 0.96078431
v -0.07775492 0.02144391 0.01874042 0.43529412 0.89019608 0.96078431
v -0.07798409 0.02116725 0.01891198 0.43529412 0.89019608 0.96078431
v -0.07788927 0.02107106 0.01891198 0.43529412 0.89019608 0.96078431
v -0.07781024 0.02095920 0.01891198 0.43529412 0.89019608 0.96078431
v -0.07775492 0.02083616 0.01891198 0.43529412 0.89019608 0.96078431
v -0.07771936 0.02070416 0.01891198 0.43529412 0.89019608 0.96078431
v -0.07646287 0.01523657 0.01874042 0.43529412 0.89019608 0.96078431
v -0.07621393 0.01523657 0.01861735 0.43529412 0.89019608 0.96078431
v -0.07600452 0.01523657 0.01851293 0.43529412 0.89019608 0.96078431
v -0.11396809 0.01587266 0.01790503 0.43529412 0.89019608 0.96078431
v -0.11399180 0.01618214 0.01790503 0.43529412 0.89019608 0.96078431
v -0.11389302 0.01557065 0.01790503 0.43529412 0.89019608 0.96078431
v -0.11377449 0.01523657 0.01786028 0.43529412 0.89019608 0.96078431
v -0.11377449 0.01528355 0.01790503 0.43529412 0.89019608 0.96078431
v -0.11412614 0.02094130 0.01754327 0.43529412 0.89019608 0.96078431
v -0.11403132 0.02130297 0.01754327 0.43529412 0.89019608 0.96078431
v -0.11399180 0.02056844 0.01790503 0.43529412 0.89019608 0.96078431
v -0.11396019 0.02091222 0.01790503 0.43529412 0.89019608 0.96078431
v -0.11300004 0.02228285 0.01790503 0.43529412 0.89019608 0.96078431
v -0.11268789 0.02242901 0.01790503 0.43529412 0.89019608 0.96078431
v -0.11328453 0.02208523 0.01790503 0.43529412 0.89019608 0.96078431
v -0.11235598 0.02251775 0.01790503 0.43529412 0.89019608 0.96078431
v -0.11201223 0.02254832 0.01790503 0.43529412 0.89019608 0.96078431
v -0.09524709 0.02263259 0.01772602 0.43529412 0.89019608 0.96078431
v -0.07848986 0.02271685 0.01754327 0.43529412 0.89019608 0.96078431
v -0.07811449 0.02268404 0.01754327 0.43529412 0.89019608 0.96078431
v -0.07809868 0.02278546 0.01715914 0.43529412 0.89019608 0.96078431
v -0.07771936 0.02268404 0.01715914 0.43529412 0.89019608 0.96078431
v -0.07770751 0.02271685 0.01676382 0.43529412 0.89019608 0.96078431
v -0.11352951 0.02184064 0.01790503 0.43529412 0.89019608 0.96078431
v -0.11387327 0.02124555 0.01790503 0.43529412 0.89019608 0.96078431
v -0.11372707 0.02155801 0.01790503 0.43529412 0.89019608 0.96078431
v -0.07736375 0.02251775 0.01715914 0.43529412 0.89019608 0.96078431
v -0.07741511 0.02242901 0.01754327 0.43529412 0.89019608 0.96078431
v -0.07749809 0.02228285 0.01790503 0.43529412 0.89019608 0.96078431
v -0.07761268 0.02208523 0.01823322 0.43529412 0.89019608 0.96078431
v -0.07775492 0.02184064 0.01851293 0.43529412 0.89019608 0.96078431
v -0.07791693 0.02155801 0.01874042 0.43529412 0.89019608 0.96078431
v -0.07809868 0.02124555 0.01891198 0.43529412 0.89019608 0.96078431
v -0.07828834 0.02091222 0.01901267 0.43529412 0.89019608 0.96078431
v -0.07823303 0.02087270 0.01901267 0.43529412 0.89019608 0.96078431
v -0.07818561 0.02082348 0.01901267 0.43529412 0.89019608 0.96078431
v -0.07814610 0.02076680 0.01901267 0.43529412 0.89019608 0.96078431
v -0.07811449 0.02070416 0.01901267 0.43529412 0.89019608 0.96078431
v -0.07692516 0.01523657 0.01891198 0.43529412 0.89019608 0.96078431
v -0.07652213 0.01523657 0.01876280 0.43529412 0.89019608 0.96078431
v -0.07809868 0.02063705 0.01901267 0.43529412 0.89019608 0.96078431
v -0.11374288 0.01590846 0.01823322 0.43529412 0.89019608 0.96078431
v -0.11376263 0.01618214 0.01823322 0.43529412 0.89019608 0.96078431
v -0.11357297 0.01538720 0.01823322 0.43529412 0.89019608 0.96078431
v -0.11367570 0.01564074 0.01823322 0.43529412 0.89019608 0.96078431
v -0.11374683 0.01523657 0.01790503 0.43529412 0.89019608 0.96078431
v -0.11376263 0.02056844 0.01823322 0.43529412 0.89019608 0.96078431
v -0.11373497 0.02087270 0.01823322 0.43529412 0.89019608 0.96078431
v -0.11288941 0.02208523 0.01823322 0.43529412 0.89019608 0.96078431
v -0.11261282 0.02221424 0.01823322 0.43529412 0.89019608 0.96078431
v -0.11313833 0.02190999 0.01823322 0.43529412 0.89019608 0.96078431
v -0.11231648 0.02229329 0.01823322 0.43529412 0.89019608 0.96078431
v -0.11201223 0.02231939 0.01823322 0.43529412 0.89019608 0.96078431
v -0.09524709 0.02243423 0.01806912 0.43529412 0.89019608 0.96078431
v -0.07848986 0.02254832 0.01790503 0.43529412 0.89019608 0.96078431
v -0.07814610 0.02251775 0.01790503 0.43529412 0.89019608 0.96078431
v -0.07781024 0.02242901 0.01790503 0.43529412 0.89019608 0.96078431
v -0.07775492 0.02258710 0.01754327 0.43529412 0.89019608 0.96078431
v -0.11352951 0.02144391 0.01823322 0.43529412 0.89019608 0.96078431
v -0.11335170 0.02169373 0.01823322 0.43529412 0.89019608 0.96078431
v -0.11365594 0.02116725 0.01823322 0.43529412 0.89019608 0.96078431
v -0.07788927 0.02221424 0.01823322 0.43529412 0.89019608 0.96078431
v -0.07798409 0.02194951 0.01851293 0.43529412 0.89019608 0.96078431
v -0.07809868 0.02164228 0.01874042 0.43529412 0.89019608 0.96078431
v -0.07822117 0.02130297 0.01891198 0.43529412 0.89019608 0.96078431
v -0.07835156 0.02094130 0.01901267 0.43529412 0.89019608 0.96078431
v -0.07848986 0.02056844 0.01904997 0.43529412 0.89019608 0.96078431
v -0.07739536 0.01523657 0.01901267 0.43529412 0.89019608 0.96078431
v -0.11341097 0.01572799 0.01851293 0.43529412 0.89019608 0.96078431
v -0.11346234 0.01595245 0.01851293 0.43529412 0.89019608 0.96078431
v -0.11348209 0.01618214 0.01851293 0.43529412 0.89019608 0.96078431
v -0.11348209 0.01523657 0.01823322 0.43529412 0.89019608 0.96078431
v -0.11332009 0.01551472 0.01851293 0.43529412 0.89019608 0.96078431
v -0.11348209 0.02056844 0.01851293 0.43529412 0.89019608 0.96078431
v -0.11345839 0.02082348 0.01851293 0.43529412 0.89019608 0.96078431
v -0.11295658 0.02169373 0.01851293 0.43529412 0.89019608 0.96078431
v -0.11274716 0.02184064 0.01851293 0.43529412 0.89019608 0.96078431
v -0.11251404 0.02194951 0.01851293 0.43529412 0.89019608 0.96078431
v -0.11226906 0.02201588 0.01851293 0.43529412 0.89019608 0.96078431
v -0.11313833 0.02151327 0.01851293 0.43529412 0.89019608 0.96078431
v -0.11201223 0.02203750 0.01851293 0.43529412 0.89019608 0.96078431
v -0.07848986 0.02231939 0.01823322 0.43529412 0.89019608 0.96078431
v -0.07818561 0.02229329 0.01823322 0.43529412 0.89019608 0.96078431
v -0.11339121 0.02107106 0.01851293 0.43529412 0.89019608 0.96078431
v -0.11328453 0.02130297 0.01851293 0.43529412 0.89019608 0.96078431
v -0.07823303 0.02201588 0.01851293 0.43529412 0.89019608 0.96078431
v -0.07828834 0.02169373 0.01874042 0.43529412 0.89019608 0.96078431
v -0.07835156 0.02133877 0.01891198 0.43529412 0.89019608 0.96078431
v -0.07841874 0.02095920 0.01901267 0.43529412 0.89019608 0.96078431
v -0.07848986 0.01752144 0.01904997 0.43529412 0.89019608 0.96078431
v -0.07787741 0.01523657 0.01904997 0.43529412 0.89019608 0.96078431
v -0.07848986 0.02096516 0.01901267 0.43529412 0.89019608 0.96078431
v -0.11201223 0.02096516 0.01901267 0.43529412 0.89019608 0.96078431
v -0.11201223 0.02056844 0.01904624 0.43529412 0.89019608 0.96078431
v -0.11303165 0.01566312 0.01874042 0.43529412 0.89019608 0.96078431
v -0.11309882 0.01582867 0.01874042 0.43529412 0.89019608 0.96078431
v -0.11314229 0.01600316 0.01874042 0.43529412 0.89019608 0.96078431
v -0.11315414 0.01618214 0.01874042 0.43529412 0.89019608 0.96078431
v -0.11331219 0.01523657 0.01837494 0.43529412 0.89019608 0.96078431
v -0.11320156 0.01531860 0.01851293 0.43529412 0.89019608 0.96078431
v -0.11315414 0.02056844 0.01874042 0.43529412 0.89019608 0.96078431
v -0.11313833 0.02076680 0.01874042 0.43529412 0.89019608 0.96078431
v -0.11308697 0.02095920 0.01874042 0.43529412 0.89019608 0.96078431
v -0.11288941 0.02130297 0.01874042 0.43529412 0.89019608 0.96078431
v -0.11274716 0.02144391 0.01874042 0.43529412 0.89019608 0.96078431
v -0.11258516 0.02155801 0.01874042 0.43529412 0.89019608 0.96078431
v -0.11240340 0.02164228 0.01874042 0.43529412 0.89019608 0.96078431
v -0.11220979 0.02169373 0.01874042 0.43529412 0.89019608 0.96078431
v -0.11201223 0.02171163 0.01874042 0.43529412 0.89019608 0.96078431
v -0.09524709 0.02187494 0.01862854 0.43529412 0.89019608 0.96078431
v -0.07848986 0.02203750 0.01851293 0.43529412 0.89019608 0.96078431
v -0.11300004 0.02113966 0.01874042 0.43529412 0.89019608 0.96078431
v -0.07848986 0.02171163 0.01874042 0.43529412 0.89019608 0.96078431
v -0.07848986 0.02134995 0.01891198 0.43529412 0.89019608 0.96078431
v -0.11201223 0.01618214 0.01904624 0.43529412 0.89019608 0.96078431
v -0.07841874 0.01672726 0.01904997 0.43529412 0.89019608 0.96078431
v -0.07807498 0.01523657 0.01904997 0.43529412 0.89019608 0.96078431
v -0.11201223 0.02134995 0.01891198 0.43529412 0.89019608 0.96078431
v -0.11214657 0.02133877 0.01891198 0.43529412 0.89019608 0.96078431
v -0.11207940 0.02095920 0.01901267 0.43529412 0.89019608 0.96078431
v -0.11214657 0.02094130 0.01901267 0.43529412 0.89019608 0.96078431
v -0.11220979 0.02091222 0.01901267 0.43529412 0.89019608 0.96078431
v -0.11226906 0.02087270 0.01901267 0.43529412 0.89019608 0.96078431
v -0.11231648 0.02082348 0.01901267 0.43529412 0.89019608 0.96078431
v -0.11235598 0.02076680 0.01901267 0.43529412 0.89019608 0.96078431
v -0.11238364 0.02070416 0.01901267 0.43529412 0.89019608 0.96078431
v -0.11240340 0.02063705 0.01901267 0.43529412 0.89019608 0.96078431
v -0.11240735 0.02056844 0.01901267 0.43529412 0.89019608 0.96078431
v -0.11293682 0.01551025 0.01874042 0.43529412 0.89019608 0.96078431
v -0.11264443 0.01572277 0.01891198 0.43529412 0.89019608 0.96078431
v -0.11270765 0.01582717 0.01891198 0.43529412 0.89019608 0.96078431
v -0.11275506 0.01594052 0.01891198 0.43529412 0.89019608 0.96078431
v -0.11278272 0.01605984 0.01891198 0.43529412 0.89019608 0.96078431
v -0.11279457 0.01618214 0.01891198 0.43529412 0.89019608 0.96078431
v -0.11321340 0.01523657 0.01845326 0.43529412 0.89019608 0.96078431
v -0.11313043 0.01523657 0.01851293 0.43529412 0.89019608 0.96078431
v -0.11302374 0.01523657 0.01857260 0.43529412 0.89019608 0.96078431
v -0.11279457 0.02056844 0.01891198 0.43529412 0.89019608 0.96078431
v -0.11278272 0.02070416 0.01891198 0.43529412 0.89019608 0.96078431
v -0.11274716 0.02083616 0.01891198 0.43529412 0.89019608 0.96078431
v -0.11261282 0.02107106 0.01891198 0.43529412 0.89019608 0.96078431
v -0.11251404 0.02116725 0.01891198 0.43529412 0.89019608 0.96078431
v -0.11240340 0.02124555 0.01891198 0.43529412 0.89019608 0.96078431
v -0.11228091 0.02130297 0.01891198 0.43529412 0.89019608 0.96078431
v -0.09524709 0.02153116 0.01882620 0.43529412 0.89019608 0.96078431
v -0.11268789 0.02095920 0.01891198 0.43529412 0.89019608 0.96078431
v -0.11240735 0.01618214 0.01901267 0.43529412 0.89019608 0.96078431
v -0.11240340 0.01612024 0.01901267 0.43529412 0.89019608 0.96078431
v -0.11238760 0.01605909 0.01901267 0.43529412 0.89019608 0.96078431
v -0.11236389 0.01600167 0.01901267 0.43529412 0.89019608 0.96078431
v -0.11233228 0.01594873 0.01901267 0.43529412 0.89019608 0.96078431
v -0.11229277 0.01590175 0.01901267 0.43529412 0.89019608 0.96078431
v -0.11159734 0.01523657 0.01901640 0.43529412 0.89019608 0.96078431
v -0.11107973 0.01523657 0.01904624 0.43529412 0.89019608 0.96078431
v -0.11282223 0.01537378 0.01874042 0.43529412 0.89019608 0.96078431
v -0.11256540 0.01562956 0.01891198 0.43529412 0.89019608 0.96078431
v -0.11295658 0.01523657 0.01860616 0.43529412 0.89019608 0.96078431
v -0.11163686 0.01523657 0.01901267 0.43529412 0.89019608 0.96078431
v -0.11268394 0.01523657 0.01874042 0.43529412 0.89019608 0.96078431
v -0.11217818 0.01523657 0.01890825 0.43529412 0.89019608 0.96078431
v -0.11165662 0.01523657 0.01900894 0.43529412 0.89019608 0.96078431
f 847 848 860
f 847 860 861
f 847 861 849
f 847 849 850
f 847 850 851
f 847 851 852
f 847 852 853
f 847 853 854
f 847 854 855
f 847 855 856
f 847 856 857
f 847 857 848
f 848 857 858
f 848 858 859
f 848 859 873
f 848 873 860
f 849 861 876
f 849 876 896
f 849 896 895
f 849 895 919
f 849 919 946
f 849 946 945
f 849 945 944
f 849 944 975
f 849 975 974
f 849 974 973
f 849 973 1006
f 849 1006 1005
f 849 1005 1040
f 849 1040 1071
f 849 1071 1111
f 849 1111 1145
f 849 1145 1157
f 849 1157 1156
f 849 1156 1194
f 849 1194 1193
f 849 1193 1192
f 849 1192 1231
f 849 1231 1230
f 849 1230 1259
f 849 1259 1282
f 849 1282 1308
f 849 1308 1345
f 849 1345 1344
f 849 1344 1349
f 849 1349 1352
f 849 1352 1351
f 849 1351 1350
f 849 1350 1348
f 849 1348 1328
f 849 1328 1327
f 849 1327 1326
f 849 1326 1290
f 849 1290 1263
f 849 1263 1237
f 849 1237 1198
f 849 1198 1161
f 849 1161 1160
f 849 1160 1124
f 849 1124 1122
f 849 1122 1080
f 849 1080 1043
f 849 1043 1007
f 849 1007 977
f 849 977 976
f 849 976 947
f 849 947 922
f 849 922 921
f 849 921 920
f 849 920 898
f 849 898 897
f 849 897 877
f 849 877 862
f 849 862 850
f 850 862 851
f 851 863 864
f 851 864 852
f 851 862 863
f 852 864 865
f 852 865 853
f 853 865 866
f 853 866 854
f 854 866 855
f 855 866 867
f 855 867 868
f 855 868 856
f 856 868 869
f 856 869 857
f 857 869 858
f 858 869 870
f 858 870 871
f 858 871 872
f 858 872 859
f 859 872 891
f 859 891 873
f 860 873 874
f 860 874 875
f 860 875 876
f 860 876 861
f 862 877 863
f 863 878 864
f 863 877 878
f 864 878 879
f 864 879 880
f 864 880 865
f 865 880 866
f 866 880 881
f 866 881 882
f 866 882 867
f 867 882 868
f 868 882 883
f 868 883 884
f 868 884 869
f 869 884 885
f 869 885 870
f 870 886 871
f 870 885 886
f 871 886 887
f 871 887 888
f 871 888 872
f 872 888 889
f 872 889 890
f 872 890 891
f 873 891 874
f 874 891 892
f 874 892 893
f 874 893 894
f 874 894 875
f 875 894 895
f 875 895 896
f 875 896 876
f 877 897 878
f 878 897 898
f 878 898 899
f 878 899 879
f 879 899 880
f 880 899 900
f 880 900 901
f 880 901 881
f 881 901 882
f 882 901 902
f 882 902 903
f 882 903 883
f 883 903 904
f 883 904 884
f 884 904 905
f 884 905 885
f 885 905 906
f 885 906 907
f 885 907 886
f 886 907 908
f 886 908 887
f 887 909 888
f 887 908 909
f 888 909 910
f 888 910 889
f 889 910 911
f 889 911 912
f 889 912 913
f 889 913 890
f 890 913 891
f 891 913 914
f 891 914 892
f 892 914 915
f 892 915 916
f 892 916 893
f 893 916 941
f 893 941 917
f 893 917 918
f 893 918 894
f 894 918 919
f 894 919 895
f 898 920 899
f 899 920 921
f 899 921 922
f 899 922 900
f 900 922 923
f 900 923 901
f 901 923 924
f 901 924 925
f 901 925 902
f 902 925 903
f 903 925 926
f 903 926 927
f 903 927 904
f 904 927 905
f 905 927 928
f 905 928 906
f 906 929 908
f 906 908 907
f 906 928 930
f 906 930 931
f 906 931 929
f 908 929 932
f 908 932 909
f 909 933 934
f 909 934 910
f 909 932 935
f 909 935 933
f 910 934 936
f 910 936 911
f 911 936 966
f 911 966 937
f 911 937 912
f 912 937 913
f 913 937 938
f 913 938 914
f 914 938 939
f 914 939 915
f 915 939 940
f 915 940 916
f 916 940 941
f 917 941 942
f 917 942 943
f 917 943 944
f 917 944 945
f 917 945 918
f 918 945 946
f 918 946 919
f 922 947 923
f 923 947 948
f 923 948 949
f 923 949 924
f 924 949 925
f 925 949 950
f 925 950 951
f 925 951 926
f 926 951 952
f 926 952 927
f 927 952 928
f 928 952 953
f 928 953 954
f 928 954 930
f 929 955 932
f 929 931 955
f 930 954 931
f 931 956 955
f 931 954 957
f 931 957 958
f 931 958 956
f 932 955 935
f 933 959 934
f 933 935 959
f 934 959 960
f 934 960 961
f 934 961 936
f 935 955 962
f 935 962 963
f 935 963 964
f 935 964 959
f 936 961 965
f 936 965 966
f 937 966 938
f 938 966 967
f 938 967 939
f 939 967 968
f 939 968 998
f 939 998 969
f 939 969 940
f 940 969 970
f 940 970 942
f 940 942 941
f 942 970 971
f 942 971 972
f 942 972 943
f 943 972 973
f 943 973 974
f 943 974 975
f 943 975 944
f 947 976 948
f 948 976 977
f 948 977 949
f 949 977 978
f 949 978 950
f 950 978 979
f 950 979 980
f 950 980 951
f 951 980 981
f 951 981 952
f 952 981 982
f 952 982 953
f 953 982 954
f 954 982 983
f 954 983 957
f 955 956 984
f 955 984 962
f 956 958 985
f 956 985 984
f 957 983 986
f 957 986 987
f 957 987 958
f 958 987 985
f 959 988 989
f 959 989 960
f 959 964 990
f 959 990 988
f 960 989 961
f 961 989 991
f 961 991 992
f 961 992 993
f 961 993 965
f 962 984 994
f 962 994 963
f 963 995 964
f 963 994 995
f 964 995 990
f 965 993 966
f 966 993 967
f 967 993 996
f 967 996 997
f 967 997 968
f 968 997 1030
f 968 1030 998
f 969 998 999
f 969 999 1000
f 969 1000 970
f 970 1001 1002
f 970 1002 971
f 970 1000 1001
f 971 1003 972
f 971 1002 1003
f 972 1003 1004
f 972 1004 1005
f 972 1005 1006
f 972 1006 973
f 977 1007 1008
f 977 1008 978
f 978 1008 979
f 979 1008 1009
f 979 1009 980
f 980 1009 1010
f 980 1010 1011
f 980 1011 981
f 981 1011 982
f 982 1011 1012
f 982 1012 1013
f 982 1013 983
f 983 1013 1014
f 983 1014 986
f 984 985 994
f 985 987 1015
f 985 1015 1016
f 985 1016 1017
f 985 1017 994
f 986 1014 987
f 987 1014 1018
f 987 1018 1019
f 987 1019 1015
f 988 1020 989
f 988 990 1020
f 989 1020 1021
f 989 1021 1022
f 989 1022 991
f 990 995 1023
f 990 1023 1024
f 990 1024 1020
f 991 1022 1025
f 991 1025 1026
f 991 1026 992
f 992 1026 993
f 993 1026 1027
f 993 1027 996
f 994 1028 995
f 994 1017 1028
f 995 1028 1029
f 995 1029 1023
f 996 1027 997
f 997 1027 1031
f 997 1031 1030
f 998 1030 999
f 999 1030 1032
f 999 1032 1033
f 999 1033 1034
f 999 1034 1001
f 999 1001 1000
f 1001 1034 1035
f 1001 1035 1036
f 1001 1036 1037
f 1001 1037 1002
f 1002 1037 1003
f 1003 1037 1038
f 1003 1038 1039
f 1003 1039 1005
f 1003 1005 1004
f 1005 1039 1041
f 1005 1041 1042
f 1005 1042 1072
f 1005 1072 1040
f 1007 1043 1008
f 1008 1043 1044
f 1008 1044 1009
f 1009 1044 1045
f 1009 1045 1046
f 1009 1046 1010
f 1010 1046 1047
f 1010 1047 1011
f 1011 1047 1012
f 1012 1047 1013
f 1013 1047 1014
f 1014 1047 1018
f 1015 1019 1048
f 1015 1048 1016
f 1016 1049 1017
f 1016 1048 1049
f 1017 1049 1050
f 1017 1050 1028
f 1018 1047 1019
f 1019 1047 1048
f 1020 1051 1052
f 1020 1052 1021
f 1020 1024 1053
f 1020 1053 1051
f 1021 1052 1022
f 1022 1052 1054
f 1022 1054 1097
f 1022 1097 1055
f 1022 1055 1025
f 1023 1056 1053
f 1023 1053 1024
f 1023 1029 1056
f 1025 1055 1026
f 1026 1055 1027
f 1027 1057 1058
f 1027 1058 1031
f 1027 1055 1057
f 1028 1050 1059
f 1028 1059 1029
f 1029 1060 1056
f 1029 1059 1061
f 1029 1061 1060
f 1030 1031 1062
f 1030 1062 1063
f 1030 1063 1032
f 1031 1058 1064
f 1031 1064 1062
f 1032 1063 1033
f 1033 1065 1035
f 1033 1035 1034
f 1033 1063 1066
f 1033 1066 1067
f 1033 1067 1065
f 1035 1068 1069
f 1035 1069 1036
f 1035 1065 1104
f 1035 1104 1068
f 1036 1069 1037
f 1037 1069 1038
f 1038 1070 1039
f 1038 1069 1070
f 1039 1070 1041
f 1040 1072 1073
f 1040 1073 1074
f 1040 1074 1075
f 1040 1075 1076
f 1040 1076 1077
f 1040 1077 1071
f 1041 1070 1078
f 1041 1078 1042
f 1042 1078 1079
f 1042 1079 1072
f 1043 1080 1044
f 1044 1081 1082
f 1044 1082 1045
f 1044 1080 1083
f 1044 1083 1081
f 1045 1084 1085
f 1045 1085 1046
f 1045 1082 1084
f 1046 1085 1086
f 1046 1086 1047
f 1047 1086 1128
f 1047 1128 1087
f 1047 1087 1088
f 1047 1088 1089
f 1047 1089 1048
f 1048 1089 1049
f 1049 1090 1050
f 1049 1089 1090
f 1050 1090 1059
f 1051 1053 1091
f 1051 1091 1092
f 1051 1092 1093
f 1051 1093 1052
f 1052 1093 1096
f 1052 1096 1054
f 1053 1056 1094
f 1053 1094 1095
f 1053 1095 1091
f 1054 1096 1133
f 1054 1133 1097
f 1055 1097 1057
f 1056 1060 1099
f 1056 1099 1098
f 1056 1098 1094
f 1057 1097 1058
f 1058 1097 1064
f 1059 1090 1061
f 1060 1061 1100
f 1060 1100 1099
f 1061 1101 1100
f 1061 1090 1102
f 1061 1102 1140
f 1061 1140 1101
f 1062 1064 1063
f 1063 1064 1103
f 1063 1103 1105
f 1063 1105 1066
f 1064 1097 1103
f 1065 1067 1104
f 1066 1105 1107
f 1066 1107 1067
f 1067 1106 1104
f 1067 1107 1108
f 1067 1108 1106
f 1068 1104 1109
f 1068 1109 1069
f 1069 1110 1070
f 1069 1109 1110
f 1070 1110 1078
f 1071 1077 1111
f 1072 1079 1112
f 1072 1112 1073
f 1073 1112 1113
f 1073 1113 1114
f 1073 1114 1074
f 1074 1114 1075
f 1075 1114 1115
f 1075 1115 1076
f 1076 1115 1116
f 1076 1116 1117
f 1076 1117 1118
f 1076 1118 1119
f 1076 1119 1077
f 1077 1119 1111
f 1078 1110 1120
f 1078 1120 1121
f 1078 1121 1112
f 1078 1112 1079
f 1080 1122 1083
f 1081 1123 1084
f 1081 1084 1082
f 1081 1083 1122
f 1081 1122 1124
f 1081 1124 1125
f 1081 1125 1123
f 1084 1123 1085
f 1085 1123 1126
f 1085 1126 1127
f 1085 1127 1086
f 1086 1127 1128
f 1087 1128 1140
f 1087 1140 1102
f 1087 1102 1090
f 1087 1090 1088
f 1088 1090 1089
f 1091 1095 1092
f 1092 1129 1130
f 1092 1130 1093
f 1092 1095 1131
f 1092 1131 1129
f 1093 1130 1132
f 1093 1132 1096
f 1094 1098 1095
f 1095 1098 1131
f 1096 1132 1170
f 1096 1170 1133
f 1097 1133 1134
f 1097 1134 1135
f 1097 1135 1136
f 1097 1136 1108
f 1097 1108 1107
f 1097 1107 1105
f 1097 1105 1103
f 1098 1137 1131
f 1098 1099 1138
f 1098 1138 1137
f 1099 1100 1101
f 1099 1101 1138
f 1101 1139 1138
f 1101 1140 1139
f 1104 1106 1141
f 1104 1141 1142
f 1104 1142 1109
f 1106 1108 1141
f 1108 1136 1141
f 1109 1142 1143
f 1109 1143 1144
f 1109 1144 1120
f 1109 1120 1110
f 1111 1119 1145
f 1112 1121 1146
f 1112 1146 1147
f 1112 1147 1113
f 1113 1147 1148
f 1113 1148 1114
f 1114 1148 1115
f 1115 1148 1149
f 1115 1149 1150
f 1115 1150 1116
f 1116 1150 1117
f 1117 1150 1151
f 1117 1151 1152
f 1117 1152 1153
f 1117 1153 1118
f 1118 1153 1154
f 1118 1154 1119
f 1119 1154 1155
f 1119 1155 1156
f 1119 1156 1157
f 1119 1157 1145
f 1120 1146 1121
f 1120 1144 1180
f 1120 1180 1146
f 1123 1125 1158
f 1123 1158 1159
f 1123 1159 1126
f 1124 1160 1125
f 1125 1160 1161
f 1125 1161 1162
f 1125 1162 1158
f 1126 1159 1164
f 1126 1164 1127
f 1127 1163 1128
f 1127 1164 1163
f 1128 1163 1140
f 1129 1131 1165
f 1129 1165 1166
f 1129 1166 1130
f 1130 1166 1167
f 1130 1167 1168
f 1130 1168 1132
f 1131 1137 1165
f 1132 1168 1169
f 1132 1169 1170
f 1133 1170 1171
f 1133 1171 1134
f 1134 1171 1135
f 1135 1171 1172
f 1135 1172 1173
f 1135 1173 1141
f 1135 1141 1136
f 1137 1174 1165
f 1137 1138 1175
f 1137 1175 1174
f 1138 1139 1176
f 1138 1176 1175
f 1139 1140 1177
f 1139 1177 1176
f 1140 1163 1177
f 1141 1173 1143
f 1141 1143 1142
f 1143 1173 1214
f 1143 1214 1178
f 1143 1178 1179
f 1143 1179 1144
f 1144 1179 1180
f 1146 1180 1181
f 1146 1181 1147
f 1147 1181 1148
f 1148 1181 1182
f 1148 1182 1183
f 1148 1183 1149
f 1149 1183 1150
f 1150 1183 1184
f 1150 1184 1185
f 1150 1185 1151
f 1151 1185 1152
f 1152 1185 1186
f 1152 1186 1187
f 1152 1187 1188
f 1152 1188 1189
f 1152 1189 1153
f 1153 1189 1154
f 1154 1189 1190
f 1154 1190 1191
f 1154 1191 1155
f 1155 1191 1192
f 1155 1192 1193
f 1155 1193 1194
f 1155 1194 1156
f 1158 1162 1195
f 1158 1195 1159
f 1159 1195 1196
f 1159 1196 1202
f 1159 1202 1164
f 1161 1197 1162
f 1161 1198 1199
f 1161 1199 1197
f 1162 1197 1195
f 1163 1164 1200
f 1163 1200 1201
f 1163 1201 1177
f 1164 1202 1203
f 1164 1203 1200
f 1165 1204 1205
f 1165 1205 1166
f 1165 1174 1206
f 1165 1206 1204
f 1166 1205 1207
f 1166 1207 1167
f 1167 1207 1208
f 1167 1208 1168
f 1168 1208 1209
f 1168 1209 1210
f 1168 1210 1169
f 1169 1210 1170
f 1170 1210 1211
f 1170 1211 1212
f 1170 1212 1171
f 1171 1212 1213
f 1171 1213 1214
f 1171 1214 1172
f 1172 1214 1173
f 1174 1175 1215
f 1174 1215 1206
f 1175 1176 1215
f 1176 1177 1201
f 1176 1201 1216
f 1176 1216 1217
f 1176 1217 1215
f 1178 1218 1181
f 1178 1181 1180
f 1178 1180 1179
f 1178 1214 1213
f 1178 1213 1218
f 1181 1218 1219
f 1181 1219 1182
f 1182 1219 1183
f 1183 1219 1220
f 1183 1220 1221
f 1183 1221 1184
f 1184 1221 1185
f 1185 1221 1222
f 1185 1222 1223
f 1185 1223 1186
f 1186 1223 1187
f 1187 1223 1224
f 1187 1224 1225
f 1187 1225 1226
f 1187 1226 1188
f 1188 1226 1227
f 1188 1227 1189
f 1189 1227 1228
f 1189 1228 1229
f 1189 1229 1190
f 1190 1229 1191
f 1191 1230 1231
f 1191 1231 1192
f 1191 1229 1232
f 1191 1232 1230
f 1195 1197 1233
f 1195 1233 1196
f 1196 1233 1234
f 1196 1234 1238
f 1196 1238 1202
f 1197 1199 1235
f 1197 1235 1236
f 1197 1236 1233
f 1198 1237 1199
f 1199 1237 1235
f 1200 1203 1216
f 1200 1216 1201
f 1202 1238 1239
f 1202 1239 1203
f 1203 1239 1216
f 1204 1240 1205
f 1204 1206 1240
f 1205 1240 1241
f 1205 1241 1207
f 1206 1215 1242
f 1206 1242 1240
f 1207 1243 1208
f 1207 1241 1243
f 1208 1243 1244
f 1208 1244 1245
f 1208 1245 1246
f 1208 1246 1209
f 1209 1246 1210
f 1210 1246 1211
f 1211 1246 1247
f 1211 1247 1248
f 1211 1248 1249
f 1211 1249 1213
f 1211 1213 1212
f 1213 1249 1219
f 1213 1219 1218
f 1215 1217 1250
f 1215 1250 1251
f 1215 1251 1242
f 1216 1239 1252
f 1216 1252 1250
f 1216 1250 1217
f 1219 1249 1248
f 1219 1248 1220
f 1220 1248 1221
f 1221 1248 1253
f 1221 1253 1254
f 1221 1254 1222
f 1222 1254 1223
f 1223 1254 1255
f 1223 1255 1256
f 1223 1256 1224
f 1224 1256 1225
f 1225 1257 1258
f 1225 1258 1226
f 1225 1256 1257
f 1226 1258 1227
f 1227 1258 1228
f 1228 1258 1229
f 1229 1258 1232
f 1230 1232 1259
f 1232 1258 1259
f 1233 1236 1260
f 1233 1260 1261
f 1233 1261 1262
f 1233 1262 1234
f 1234 1262 1265
f 1234 1265 1238
f 1235 1237 1263
f 1235 1263 1264
f 1235 1264 1260
f 1235 1260 1236
f 1238 1265 1239
f 1239 1265 1266
f 1239 1266 1252
f 1240 1242 1267
f 1240 1267 1268
f 1240 1268 1269
f 1240 1269 1241
f 1241 1269 1270
f 1241 1270 1243
f 1242 1251 1271
f 1242 1271 1267
f 1243 1270 1244
f 1244 1270 1272
f 1244 1272 1302
f 1244 1302 1273
f 1244 1273 1245
f 1245 1273 1246
f 1246 1273 1274
f 1246 1274 1247
f 1247 1274 1248
f 1248 1274 1253
f 1250 1252 1275
f 1250 1275 1276
f 1250 1276 1271
f 1250 1271 1251
f 1252 1266 1275
f 1253 1274 1254
f 1254 1274 1277
f 1254 1277 1278
f 1254 1278 1255
f 1255 1278 1279
f 1255 1279 1256
f 1256 1279 1257
f 1257 1279 1280
f 1257 1280 1258
f 1258 1281 1307
f 1258 1307 1308
f 1258 1308 1282
f 1258 1282 1259
f 1258 1280 1283
f 1258 1283 1284
f 1258 1284 1285
f 1258 1285 1306
f 1258 1306 1281
f 1260 1264 1286
f 1260 1286 1287
f 1260 1287 1288
f 1260 1288 1261
f 1261 1288 1262
f 1262 1288 1289
f 1262 1289 1292
f 1262 1292 1265
f 1263 1290 1291
f 1263 1291 1264
f 1264 1291 1286
f 1265 1292 1293
f 1265 1293 1266
f 1266 1293 1294
f 1266 1294 1275
f 1267 1295 1296
f 1267 1296 1297
f 1267 1297 1268
f 1267 1271 1295
f 1268 1297 1269
f 1269 1297 1298
f 1269 1298 1270
f 1270 1298 1299
f 1270 1299 1300
f 1270 1300 1272
f 1271 1276 1295
f 1272 1300 1301
f 1272 1301 1302
f 1273 1302 1277
f 1273 1277 1274
f 1275 1294 1276
f 1276 1294 1303
f 1276 1303 1295
f 1277 1302 1304
f 1277 1304 1278
f 1278 1304 1279
f 1279 1304 1305
f 1279 1305 1283
f 1279 1283 1280
f 1281 1306 1307
f 1283 1305 1309
f 1283 1309 1284
f 1284 1309 1310
f 1284 1310 1311
f 1284 1311 1285
f 1285 1311 1312
f 1285 1312 1313
f 1285 1313 1314
f 1285 1314 1315
f 1285 1315 1316
f 1285 1316 1317
f 1285 1317 1318
f 1285 1318 1319
f 1285 1319 1338
f 1285 1338 1306
f 1286 1320 1321
f 1286 1321 1322
f 1286 1322 1323
f 1286 1323 1287
f 1286 1291 1320
f 1287 1323 1288
f 1288 1323 1324
f 1288 1324 1325
f 1288 1325 1289
f 1289 1325 1329
f 1289 1329 1292
f 1290 1326 1291
f 1291 1326 1327
f 1291 1327 1328
f 1291 1328 1320
f 1292 1329 1293
f 1293 1329 1330
f 1293 1330 1294
f 1294 1330 1331
f 1294 1331 1337
f 1294 1337 1303
f 1295 1303 1332
f 1295 1332 1296
f 1296 1332 1333
f 1296 1333 1334
f 1296 1334 1297
f 1297 1334 1335
f 1297 1335 1298
f 1298 1335 1310
f 1298 1310 1299
f 1299 1310 1300
f 1300 1310 1309
f 1300 1309 1336
f 1300 1336 1304
f 1300 1304 1301
f 1301 1304 1302
f 1303 1337 1332
f 1304 1336 1305
f 1305 1336 1309
f 1306 1338 1339
f 1306 1339 1340
f 1306 1340 1341
f 1306 1341 1342
f 1306 1342 1343
f 1306 1343 1344
f 1306 1344 1345
f 1306 1345 1308
f 1306 1308 1307
f 1310 1335 1312
f 1310 1312 1311
f 1312 1335 1313
f 1313 1335 1334
f 1313 1334 1314
f 1314 1334 1333
f 1314 1333 1332
f 1314 1332 1315
f 1315 1332 1316
f 1316 1332 1337
f 1316 1337 1331
f 1316 1331 1317
f 1317 1331 1318
f 1318 1331 1330
f 1318 1330 1329
f 1318 1329 1319
f 1319 1329 1325
f 1319 1325 1338
f 1320 1328 1346
f 1320 1346 1321
f 1321 1347 1343
f 1321 1343 1342
f 1321 1342 1322
f 1321 1346 1347
f 1322 1342 1341
f 1322 1341 1323
f 1323 1341 1340
f 1323 1340 1339
f 1323 1339 1324
f 1324 1339 1325
f 1325 1339 1338
f 1328 1348 1346
f 1343 1347 1349
f 1343 1349 1344
f 1346 1348 1350
f 1346 1350 1347
f 1347 1350 1351
f 1347 1351 1352
f 1347 1352 1349

o geometry_3
v -0.07393225 0.01523657 0.01676382 0.38039216 0.78823529 0.52549020
v -0.07393225 0.01523657 -0.01676388 0.38039216 0.78823529 0.52549020
v -0.07451423 0.01523657 0.01735307 0.38039216 0.78823529 0.52549020
v -0.02400498 0.01523284 0.01676382 0.38039216 0.78823529 0.52549020
v -0.07432024 0.01523657 -0.01715920 0.38039216 0.78823529 0.52549020
v -0.02400498 0.01523284 -0.01676388 0.38039216 0.78823529 0.52549020
v -0.07472587 0.01523657 0.01755446 0.38039216 0.78823529 0.52549020
v -0.02400498 0.01520300 0.01712558 0.38039216 0.78823529 0.52549020
v -0.07512267 0.01523657 0.01790503 0.38039216 0.78823529 0.52549020
v -0.07554594 0.01523657 0.01823322 0.38039216 0.78823529 0.52549020
v -0.07599565 0.01523657 0.01851293 0.38039216 0.78823529 0.52549020
v -0.07645419 0.01523657 0.01874042 0.38039216 0.78823529 0.52549020
v -0.07692154 0.01523657 0.01891198 0.38039216 0.78823529 0.52549020
v -0.07738889 0.01523657 0.01901267 0.38039216 0.78823529 0.52549020
v -0.07787388 0.01523657 0.01904997 0.38039216 0.78823529 0.52549020
v -0.07471705 0.01523657 -0.01754333 0.38039216 0.78823529 0.52549020
v -0.02400498 0.01522911 -0.01682728 0.38039216 0.78823529 0.52549020
v -0.07787388 0.01523657 -0.01905003 0.38039216 0.78823529 0.52549020
v -0.07738889 0.01523657 -0.01901274 0.38039216 0.78823529 0.52549020
v -0.07712435 0.01523657 -0.01895679 0.38039216 0.78823529 0.52549020
v -0.07692154 0.01523657 -0.01891204 0.38039216 0.78823529 0.52549020
v -0.07645419 0.01523657 -0.01874049 0.38039216 0.78823529 0.52549020
v -0.07624256 0.01523657 -0.01863606 0.38039216 0.78823529 0.52549020
v -0.07599565 0.01523657 -0.01851299 0.38039216 0.78823529 0.52549020
v -0.07554594 0.01523657 -0.01823328 0.38039216 0.78823529 0.52549020
v -0.07512267 0.01523657 -0.01790509 0.38039216 0.78823529 0.52549020
v -0.02400498 0.01519927 0.01715914 0.38039216 0.78823529 0.52549020
v -0.07806787 0.01523657 0.01904997 0.38039216 0.78823529 0.52549020
v -0.02400498 0.01294658 0.01904997 0.38039216 0.78823529 0.52549020
v -0.02400498 0.01327852 0.01902013 0.38039216 0.78823529 0.52549020
v -0.02400498 0.01334565 0.01901267 0.38039216 0.78823529 0.52549020
v -0.02400498 0.01337922 0.01900521 0.38039216 0.78823529 0.52549020
v -0.02400498 0.01372980 0.01891198 0.38039216 0.78823529 0.52549020
v -0.02400498 0.01396850 0.01880010 0.38039216 0.78823529 0.52549020
v -0.02400498 0.01409158 0.01874042 0.38039216 0.78823529 0.52549020
v -0.02400498 0.01441605 0.01851293 0.38039216 0.78823529 0.52549020
v -0.02400498 0.01469950 0.01823322 0.38039216 0.78823529 0.52549020
v -0.02400498 0.01492701 0.01790503 0.38039216 0.78823529 0.52549020
v -0.02400498 0.01503890 0.01766634 0.38039216 0.78823529 0.52549020
v -0.02400498 0.01509484 0.01754327 0.38039216 0.78823529 0.52549020
v -0.02400498 0.01520300 -0.01712564 0.38039216 0.78823529 0.52549020
v -0.11106466 0.01523657 -0.01905003 0.38039216 0.78823529 0.52549020
v -0.02400498 0.01519927 -0.01715920 0.38039216 0.78823529 0.52549020
v -0.02400498 0.01514705 -0.01735686 0.38039216 0.78823529 0.52549020
v -0.02400498 0.01511349 -0.01747993 0.38039216 0.78823529 0.52549020
v -0.02400498 0.01509484 -0.01754333 0.38039216 0.78823529 0.52549020
v -0.02400498 0.01507992 -0.01757690 0.38039216 0.78823529 0.52549020
v -0.02400498 0.01503890 -0.01766641 0.38039216 0.78823529 0.52549020
v -0.02400498 0.01492701 -0.01790509 0.38039216 0.78823529 0.52549020
v -0.02400498 0.01469950 -0.01823328 0.38039216 0.78823529 0.52549020
v -0.02400498 0.01441605 -0.01851299 0.38039216 0.78823529 0.52549020
v -0.02400498 0.01430789 -0.01859131 0.38039216 0.78823529 0.52549020
v -0.02400498 0.01409158 -0.01874049 0.38039216 0.78823529 0.52549020
v -0.02400498 0.01403190 -0.01877032 0.38039216 0.78823529 0.52549020
v -0.02400498 0.01372980 -0.01891204 0.38039216 0.78823529 0.52549020
v -0.02400498 0.01337922 -0.01900528 0.38039216 0.78823529 0.52549020
v -0.02400498 0.01334565 -0.01901274 0.38039216 0.78823529 0.52549020
v -0.02400498 0.01327852 -0.01902019 0.38039216 0.78823529 0.52549020
v -0.02400498 0.01294658 -0.01904630 0.38039216 0.78823529 0.52549020
v -0.03695856 0.01294658 -0.01905003 0.38039216 0.78823529 0.52549020
v -0.11108230 0.01523657 0.01904624 0.38039216 0.78823529 0.52549020
v -0.08523687 0.00590880 0.01904997 0.38039216 0.78823529 0.52549020
v -0.02400498 -0.02057891 0.01904997 0.38039216 0.78823529 0.52549020
v -0.10281988 0.00699039 -0.01905003 0.38039216 0.78823529 0.52549020
v -0.10303150 0.00677780 -0.01902392 0.38039216 0.78823529 0.52549020
v -0.11159374 0.01523657 -0.01901646 0.38039216 0.78823529 0.52549020
v -0.02400498 -0.02061247 -0.01904630 0.38039216 0.78823529 0.52549020
v -0.03662348 0.00456614 -0.01905003 0.38039216 0.78823529 0.52549020
v -0.11159374 0.01523657 0.01901640 0.38039216 0.78823529 0.52549020
v -0.10303150 0.00677780 0.01902386 0.38039216 0.78823529 0.52549020
v -0.08444325 -0.01138541 0.01904997 0.38039216 0.78823529 0.52549020
v -0.03762872 -0.02087355 0.01902386 0.38039216 0.78823529 0.52549020
v -0.02400498 -0.02091084 0.01902013 0.38039216 0.78823529 0.52549020
v -0.07524613 -0.02057891 0.01904997 0.38039216 0.78823529 0.52549020
v -0.09363157 -0.00219937 -0.01905003 0.38039216 0.78823529 0.52549020
v -0.08444325 -0.01138541 -0.01905003 0.38039216 0.78823529 0.52549020
v -0.07524613 -0.02057891 -0.01905003 0.38039216 0.78823529 0.52549020
v -0.08464607 -0.01159800 -0.01902392 0.38039216 0.78823529 0.52549020
v -0.11163783 0.01523657 -0.01901274 0.38039216 0.78823529 0.52549020
v -0.07552830 -0.02085863 -0.01901274 0.38039216 0.78823529 0.52549020
v -0.09391374 -0.00248282 -0.01901274 0.38039216 0.78823529 0.52549020
v -0.02400498 -0.02091084 -0.01902019 0.38039216 0.78823529 0.52549020
v -0.03762872 -0.02057891 -0.01905003 0.38039216 0.78823529 0.52549020
v -0.11163783 0.01523657 0.01901267 0.38039216 0.78823529 0.52549020
v -0.09391374 -0.00248282 0.01901267 0.38039216 0.78823529 0.52549020
v -0.07552830 -0.02085863 0.01901267 0.38039216 0.78823529 0.52549020
v -0.08464607 -0.01159800 0.01902386 0.38039216 0.78823529 0.52549020
v -0.05644624 -0.02082506 0.01902759 0.38039216 0.78823529 0.52549020
v -0.07524613 -0.02097425 0.01901267 0.38039216 0.78823529 0.52549020
v -0.02400498 -0.02097425 0.01901267 0.38039216 0.78823529 0.52549020
v -0.07548421 -0.02089965 0.01901267 0.38039216 0.78823529 0.52549020
v -0.07543131 -0.02092949 0.01901267 0.38039216 0.78823529 0.52549020
v -0.07536958 -0.02095560 0.01901267 0.38039216 0.78823529 0.52549020
v -0.07530785 -0.02097052 0.01901267 0.38039216 0.78823529 0.52549020
v -0.07524613 -0.02097425 -0.01901274 0.38039216 0.78823529 0.52549020
v -0.07530785 -0.02097052 -0.01901274 0.38039216 0.78823529 0.52549020
v -0.07536958 -0.02095560 -0.01901274 0.38039216 0.78823529 0.52549020
v -0.07543131 -0.02092949 -0.01901274 0.38039216 0.78823529 0.52549020
v -0.07548421 -0.02089965 -0.01901274 0.38039216 0.78823529 0.52549020
v -0.03762872 -0.02087355 -0.01902392 0.38039216 0.78823529 0.52549020
v -0.05644624 -0.02082506 -0.01902765 0.38039216 0.78823529 0.52549020
v -0.11216691 0.01523657 -0.01891204 0.38039216 0.78823529 0.52549020
v -0.07580166 -0.02113089 -0.01891204 0.38039216 0.78823529 0.52549020
v -0.10337541 0.00643841 -0.01891204 0.38039216 0.78823529 0.52549020
v -0.02400498 -0.02097425 -0.01901274 0.38039216 0.78823529 0.52549020
v -0.11217572 0.01523657 0.01890825 0.38039216 0.78823529 0.52549020
v -0.10337541 0.00643841 0.01891198 0.38039216 0.78823529 0.52549020
v -0.07580166 -0.02113089 0.01891198 0.38039216 0.78823529 0.52549020
v -0.07524613 -0.02135840 0.01891198 0.38039216 0.78823529 0.52549020
v -0.05644624 -0.02102273 0.01900149 0.38039216 0.78823529 0.52549020
v -0.02400498 -0.02100781 0.01900521 0.38039216 0.78823529 0.52549020
v -0.07570466 -0.02120921 0.01891198 0.38039216 0.78823529 0.52549020
v -0.07560766 -0.02127261 0.01891198 0.38039216 0.78823529 0.52549020
v -0.07549303 -0.02132110 0.01891198 0.38039216 0.78823529 0.52549020
v -0.07536958 -0.02135094 0.01891198 0.38039216 0.78823529 0.52549020
v -0.07524613 -0.02135840 -0.01891204 0.38039216 0.78823529 0.52549020
v -0.02400498 -0.02100781 -0.01900528 0.38039216 0.78823529 0.52549020
v -0.05644624 -0.02102273 -0.01900155 0.38039216 0.78823529 0.52549020
v -0.07536958 -0.02135094 -0.01891204 0.38039216 0.78823529 0.52549020
v -0.07549303 -0.02132110 -0.01891204 0.38039216 0.78823529 0.52549020
v -0.07560766 -0.02127261 -0.01891204 0.38039216 0.78823529 0.52549020
v -0.07570466 -0.02120921 -0.01891204 0.38039216 0.78823529 0.52549020
v -0.10363112 0.00618107 -0.01874049 0.38039216 0.78823529 0.52549020
v -0.11267835 0.01523657 -0.01874049 0.38039216 0.78823529 0.52549020
v -0.07591629 -0.02150385 -0.01874049 0.38039216 0.78823529 0.52549020
v -0.07605738 -0.02138450 -0.01874049 0.38039216 0.78823529 0.52549020
v -0.08518396 -0.01213133 -0.01878524 0.38039216 0.78823529 0.52549020
v -0.11267835 0.01523657 0.01874042 0.38039216 0.78823529 0.52549020
v -0.10363112 0.00618107 0.01874042 0.38039216 0.78823529 0.52549020
v -0.08518396 -0.01213133 0.01878518 0.38039216 0.78823529 0.52549020
v -0.07605738 -0.02138450 0.01874042 0.38039216 0.78823529 0.52549020
v -0.07591629 -0.02150385 0.01874042 0.38039216 0.78823529 0.52549020
v -0.07524613 -0.02172017 0.01874042 0.38039216 0.78823529 0.52549020
v -0.05644624 -0.02149639 0.01884858 0.38039216 0.78823529 0.52549020
v -0.02400498 -0.02135840 0.01891198 0.38039216 0.78823529 0.52549020
v -0.07576639 -0.02159709 0.01874042 0.38039216 0.78823529 0.52549020
v -0.07559885 -0.02166422 0.01874042 0.38039216 0.78823529 0.52549020
v -0.07543131 -0.02170525 0.01874042 0.38039216 0.78823529 0.52549020
v -0.07524613 -0.02172017 -0.01874049 0.38039216 0.78823529 0.52549020
v -0.02400498 -0.02135840 -0.01891204 0.38039216 0.78823529 0.52549020
v -0.05644624 -0.02149639 -0.01884864 0.38039216 0.78823529 0.52549020
v -0.07543131 -0.02170525 -0.01874049 0.38039216 0.78823529 0.52549020
v -0.07559885 -0.02166422 -0.01874049 0.38039216 0.78823529 0.52549020
v -0.07576639 -0.02159709 -0.01874049 0.38039216 0.78823529 0.52549020
v -0.08530742 -0.01225441 -0.01868454 0.38039216 0.78823529 0.52549020
v -0.09467209 -0.00323994 -0.01851299 0.38039216 0.78823529 0.52549020
v -0.11304870 0.01513960 -0.01851299 0.38039216 0.78823529 0.52549020
v -0.11295170 0.01523657 -0.01860623 0.38039216 0.78823529 0.52549020
v -0.07591629 -0.02188800 -0.01851299 0.38039216 0.78823529 0.52549020
v -0.07611028 -0.02176493 -0.01851299 0.38039216 0.78823529 0.52549020
v -0.07628665 -0.02161574 -0.01851299 0.38039216 0.78823529 0.52549020
v -0.11302225 0.01523657 0.01857260 0.38039216 0.78823529 0.52549020
v -0.11304870 0.01513960 0.01851293 0.38039216 0.78823529 0.52549020
v -0.09467209 -0.00323994 0.01851293 0.38039216 0.78823529 0.52549020
v -0.08530742 -0.01225441 0.01868448 0.38039216 0.78823529 0.52549020
v -0.07628665 -0.02161574 0.01851293 0.38039216 0.78823529 0.52549020
v -0.07591629 -0.02188800 0.01851293 0.38039216 0.78823529 0.52549020
v -0.07611028 -0.02176493 0.01851293 0.38039216 0.78823529 0.52549020
v -0.07524613 -0.02204838 0.01851293 0.38039216 0.78823529 0.52549020
v -0.05644624 -0.02176120 0.01871432 0.38039216 0.78823529 0.52549020
v -0.02400498 -0.02175001 0.01872178 0.38039216 0.78823529 0.52549020
v -0.02400498 -0.02172017 0.01874042 0.38039216 0.78823529 0.52549020
v -0.05644624 -0.02167541 0.01876280 0.38039216 0.78823529 0.52549020
v -0.03762872 -0.02163066 0.01878518 0.38039216 0.78823529 0.52549020
v -0.07570466 -0.02197378 0.01851293 0.38039216 0.78823529 0.52549020
v -0.07547539 -0.02202973 0.01851293 0.38039216 0.78823529 0.52549020
v -0.07524613 -0.02204838 -0.01851299 0.38039216 0.78823529 0.52549020
v -0.05644624 -0.02167541 -0.01876286 0.38039216 0.78823529 0.52549020
v -0.02400498 -0.02172017 -0.01874049 0.38039216 0.78823529 0.52549020
v -0.02400498 -0.02175001 -0.01872184 0.38039216 0.78823529 0.52549020
v -0.05644624 -0.02176120 -0.01871438 0.38039216 0.78823529 0.52549020
v -0.03762872 -0.02163066 -0.01878524 0.38039216 0.78823529 0.52549020
v -0.07547539 -0.02202973 -0.01851299 0.38039216 0.78823529 0.52549020
v -0.07570466 -0.02197378 -0.01851299 0.38039216 0.78823529 0.52549020
v -0.11325152 0.01494193 -0.01823328 0.38039216 0.78823529 0.52549020
v -0.07648946 -0.02181714 -0.01823328 0.38039216 0.78823529 0.52549020
v -0.11331325 0.01523657 -0.01837500 0.38039216 0.78823529 0.52549020
v -0.11312807 0.01523657 -0.01851299 0.38039216 0.78823529 0.52549020
v -0.07579284 -0.02224232 -0.01823328 0.38039216 0.78823529 0.52549020
v -0.07603974 -0.02213789 -0.01823328 0.38039216 0.78823529 0.52549020
v -0.07627783 -0.02199243 -0.01823328 0.38039216 0.78823529 0.52549020
v -0.11312807 0.01523657 0.01851293 0.38039216 0.78823529 0.52549020
v -0.11331325 0.01523657 0.01837494 0.38039216 0.78823529 0.52549020
v -0.11325152 0.01494193 0.01823322 0.38039216 0.78823529 0.52549020
v -0.07648946 -0.02181714 0.01823322 0.38039216 0.78823529 0.52549020
v -0.07579284 -0.02224232 0.01823322 0.38039216 0.78823529 0.52549020
v -0.07627783 -0.02199243 0.01823322 0.38039216 0.78823529 0.52549020
v -0.07603974 -0.02213789 0.01823322 0.38039216 0.78823529 0.52549020
v -0.07524613 -0.02232810 0.01823322 0.38039216 0.78823529 0.52549020
v -0.02400498 -0.02204838 0.01851293 0.38039216 0.78823529 0.52549020
v -0.05644624 -0.02200735 0.01854276 0.38039216 0.78823529 0.52549020
v -0.02400498 -0.02177239 0.01870686 0.38039216 0.78823529 0.52549020
v -0.07551948 -0.02230572 0.01823322 0.38039216 0.78823529 0.52549020
v -0.07524613 -0.02232810 -0.01823328 0.38039216 0.78823529 0.52549020
v -0.05644624 -0.02200735 -0.01854283 0.38039216 0.78823529 0.52549020
v -0.02400498 -0.02201854 -0.01853537 0.38039216 0.78823529 0.52549020
v -0.02400498 -0.02204838 -0.01851299 0.38039216 0.78823529 0.52549020
v -0.02400498 -0.02177239 -0.01870692 0.38039216 0.78823529 0.52549020
v -0.02400498 -0.02183206 -0.01866590 0.38039216 0.78823529 0.52549020
v -0.07551948 -0.02230572 -0.01823328 0.38039216 0.78823529 0.52549020
v -0.10422193 0.00558806 -0.01790509 0.38039216 0.78823529 0.52549020
v -0.11341024 0.01478155 -0.01790509 0.38039216 0.78823529 0.52549020
v -0.11361305 0.01501652 -0.01790509 0.38039216 0.78823529 0.52549020
v -0.11342788 0.01515078 -0.01823328 0.38039216 0.78823529 0.52549020
v -0.07641010 -0.02217891 -0.01790509 0.38039216 0.78823529 0.52549020
v -0.07664818 -0.02197751 -0.01790509 0.38039216 0.78823529 0.52549020
v -0.11348079 0.01523657 -0.01823328 0.38039216 0.78823529 0.52549020
v -0.07586338 -0.02245863 -0.01790509 0.38039216 0.78823529 0.52549020
v -0.07614555 -0.02234302 -0.01790509 0.38039216 0.78823529 0.52549020
v -0.07555475 -0.02253323 -0.01790509 0.38039216 0.78823529 0.52549020
v -0.11348079 0.01523657 0.01823322 0.38039216 0.78823529 0.52549020
v -0.11342788 0.01515078 0.01823322 0.38039216 0.78823529 0.52549020
v -0.11361305 0.01501652 0.01790503 0.38039216 0.78823529 0.52549020
v -0.11341024 0.01478155 0.01790503 0.38039216 0.78823529 0.52549020
v -0.10422193 0.00558806 0.01790503 0.38039216 0.78823529 0.52549020
v -0.07664818 -0.02197751 0.01790503 0.38039216 0.78823529 0.52549020
v -0.07641010 -0.02217891 0.01790503 0.38039216 0.78823529 0.52549020
v -0.07614555 -0.02234302 0.01790503 0.38039216 0.78823529 0.52549020
v -0.07586338 -0.02245863 0.01790503 0.38039216 0.78823529 0.52549020
v -0.07555475 -0.02253323 0.01790503 0.38039216 0.78823529 0.52549020
v -0.07524613 -0.02255560 0.01790503 0.38039216 0.78823529 0.52549020
v -0.05644624 -0.02252950 0.01794605 0.38039216 0.78823529 0.52549020
v -0.05644624 -0.02235793 0.01819220 0.38039216 0.78823529 0.52549020
v -0.02400498 -0.02232810 0.01823322 0.38039216 0.78823529 0.52549020
v -0.07524613 -0.02255560 -0.01790509 0.38039216 0.78823529 0.52549020
v -0.02400498 -0.02232810 -0.01823328 0.38039216 0.78823529 0.52549020
v -0.02400498 -0.02235047 -0.01820345 0.38039216 0.78823529 0.52549020
v -0.05644624 -0.02235793 -0.01819226 0.38039216 0.78823529 0.52549020
v -0.05644624 -0.02252950 -0.01794611 0.38039216 0.78823529 0.52549020
v -0.08587176 -0.01281758 -0.01781558 0.38039216 0.78823529 0.52549020
v -0.07677163 -0.02209686 -0.01754333 0.38039216 0.78823529 0.52549020
v -0.09514826 -0.00372106 -0.01754333 0.38039216 0.78823529 0.52549020
v -0.11352487 0.01466221 -0.01754333 0.38039216 0.78823529 0.52549020
v -0.11374532 0.01491582 -0.01754333 0.38039216 0.78823529 0.52549020
v -0.11386878 0.01523657 -0.01768505 0.38039216 0.78823529 0.52549020
v -0.11374532 0.01523657 -0.01790509 0.38039216 0.78823529 0.52549020
v -0.07650710 -0.02231691 -0.01754333 0.38039216 0.78823529 0.52549020
v -0.07622492 -0.02249220 -0.01754333 0.38039216 0.78823529 0.52549020
v -0.07591629 -0.02261901 -0.01754333 0.38039216 0.78823529 0.52549020
v -0.07524613 -0.02272717 -0.01754333 0.38039216 0.78823529 0.52549020
v -0.07558121 -0.02269733 -0.01754333 0.38039216 0.78823529 0.52549020
v -0.11374532 0.01523657 0.01790503 0.38039216 0.78823529 0.52549020
v -0.11377178 0.01523657 0.01786028 0.38039216 0.78823529 0.52549020
v -0.11386878 0.01523657 0.01768499 0.38039216 0.78823529 0.52549020
v -0.11374532 0.01491582 0.01754327 0.38039216 0.78823529 0.52549020
v -0.11352487 0.01466221 0.01754327 0.38039216 0.78823529 0.52549020
v -0.09514826 -0.00372106 0.01754327 0.38039216 0.78823529 0.52549020
v -0.07677163 -0.02209686 0.01754327 0.38039216 0.78823529 0.52549020
v -0.08587176 -0.01281758 0.01781552 0.38039216 0.78823529 0.52549020
v -0.07650710 -0.02231691 0.01754327 0.38039216 0.78823529 0.52549020
v -0.07622492 -0.02249220 0.01754327 0.38039216 0.78823529 0.52549020
v -0.07591629 -0.02261901 0.01754327 0.38039216 0.78823529 0.52549020
v -0.07558121 -0.02269733 0.01754327 0.38039216 0.78823529 0.52549020
v -0.07524613 -0.02272717 0.01754327 0.38039216 0.78823529 0.52549020
v -0.05644624 -0.02266376 0.01768126 0.38039216 0.78823529 0.52549020
v -0.02400498 -0.02258544 0.01784909 0.38039216 0.78823529 0.52549020
v -0.02400498 -0.02255560 0.01790503 0.38039216 0.78823529 0.52549020
v -0.02400498 -0.02252204 0.01795724 0.38039216 0.78823529 0.52549020
v -0.02400498 -0.02236539 0.01818101 0.38039216 0.78823529 0.52549020
v -0.02400498 -0.02255560 -0.01790509 0.38039216 0.78823529 0.52549020
v -0.02400498 -0.02258544 -0.01784915 0.38039216 0.78823529 0.52549020
v -0.02400498 -0.02248101 -0.01801697 0.38039216 0.78823529 0.52549020
v -0.07656882 -0.02239896 -0.01715920 0.38039216 0.78823529 0.52549020
v -0.07684218 -0.02216772 -0.01715920 0.38039216 0.78823529 0.52549020
v -0.11360423 0.01458761 -0.01715920 0.38039216 0.78823529 0.52549020
v -0.11383350 0.01485615 -0.01715920 0.38039216 0.78823529 0.52549020
v -0.11392168 0.01520300 -0.01754333 0.38039216 0.78823529 0.52549020
v -0.11393932 0.01523657 -0.01754333 0.38039216 0.78823529 0.52549020
v -0.07594274 -0.02271971 -0.01715920 0.38039216 0.78823529 0.52549020
v -0.07626901 -0.02258171 -0.01715920 0.38039216 0.78823529 0.52549020
v -0.07559885 -0.02280176 -0.01715920 0.38039216 0.78823529 0.52549020
v -0.07524613 -0.02282786 -0.01715920 0.38039216 0.78823529 0.52549020
v -0.02400498 -0.02272717 -0.01754333 0.38039216 0.78823529 0.52549020
v -0.05644624 -0.02281668 -0.01720769 0.38039216 0.78823529 0.52549020
v -0.11393932 0.01523657 0.01754327 0.38039216 0.78823529 0.52549020
v -0.11392168 0.01520300 0.01754327 0.38039216 0.78823529 0.52549020
v -0.11360423 0.01458761 0.01715914 0.38039216 0.78823529 0.52549020
v -0.11383350 0.01485615 0.01715914 0.38039216 0.78823529 0.52549020
v -0.07684218 -0.02216772 0.01715914 0.38039216 0.78823529 0.52549020
v -0.07656882 -0.02239896 0.01715914 0.38039216 0.78823529 0.52549020
v -0.07626901 -0.02258171 0.01715914 0.38039216 0.78823529 0.52549020
v -0.07594274 -0.02271971 0.01715914 0.38039216 0.78823529 0.52549020
v -0.07559885 -0.02280176 0.01715914 0.38039216 0.78823529 0.52549020
v -0.07524613 -0.02282786 0.01715914 0.38039216 0.78823529 0.52549020
v -0.05644624 -0.02281668 0.01720762 0.38039216 0.78823529 0.52549020
v -0.02400498 -0.02272717 0.01754327 0.38039216 0.78823529 0.52549020
v -0.07628665 -0.02261528 -0.01676388 0.38039216 0.78823529 0.52549020
v -0.07659527 -0.02242507 -0.01676388 0.38039216 0.78823529 0.52549020
v -0.07686863 -0.02219383 -0.01676388 0.38039216 0.78823529 0.52549020
v -0.10443356 0.00537920 -0.01686085 0.38039216 0.78823529 0.52549020
v -0.11362187 0.01456524 -0.01676388 0.38039216 0.78823529 0.52549020
v -0.11385996 0.01483750 -0.01676388 0.38039216 0.78823529 0.52549020
v -0.11401868 0.01515824 -0.01715920 0.38039216 0.78823529 0.52549020
v -0.11404513 0.01523657 -0.01715920 0.38039216 0.78823529 0.52549020
v -0.07595156 -0.02275327 -0.01676388 0.38039216 0.78823529 0.52549020
v -0.07524613 -0.02286516 -0.01676388 0.38039216 0.78823529 0.52549020
v -0.07560766 -0.02283532 -0.01676388 0.38039216 0.78823529 0.52549020
v -0.02400498 -0.02282786 -0.01715920 0.38039216 0.78823529 0.52549020
v -0.02400498 -0.02283532 -0.01709580 0.38039216 0.78823529 0.52549020
v -0.03762872 -0.02283905 -0.01705851 0.38039216 0.78823529 0.52549020
v -0.05644624 -0.02284278 -0.01701002 0.38039216 0.78823529 0.52549020
v -0.02400498 -0.02281295 -0.01721887 0.38039216 0.78823529 0.52549020
v -0.11402750 0.01523657 0.01724119 0.38039216 0.78823529 0.52549020
v -0.11401868 0.01515824 0.01715914 0.38039216 0.78823529 0.52549020
v -0.11385996 0.01483750 0.01676382 0.38039216 0.78823529 0.52549020
v -0.11362187 0.01456524 0.01676382 0.38039216 0.78823529 0.52549020
v -0.10443356 0.00537920 0.01686079 0.38039216 0.78823529 0.52549020
v -0.07686863 -0.02219383 0.01676382 0.38039216 0.78823529 0.52549020
v -0.07659527 -0.02242507 0.01676382 0.38039216 0.78823529 0.52549020
v -0.07628665 -0.02261528 0.01676382 0.38039216 0.78823529 0.52549020
v -0.07595156 -0.02275327 0.01676382 0.38039216 0.78823529 0.52549020
v -0.07560766 -0.02283532 0.01676382 0.38039216 0.78823529 0.52549020
v -0.07524613 -0.02286516 0.01676382 0.38039216 0.78823529 0.52549020
v -0.05644624 -0.02284278 0.01700996 0.38039216 0.78823529 0.52549020
v -0.03762872 -0.02283905 0.01705845 0.38039216 0.78823529 0.52549020
v -0.02400498 -0.02283532 0.01709574 0.38039216 0.78823529 0.52549020
v -0.02400498 -0.02282786 0.01715914 0.38039216 0.78823529 0.52549020
v -0.02400498 -0.02282041 0.01719271 0.38039216 0.78823529 0.52549020
v -0.10443356 0.00537174 -0.01676388 0.38039216 0.78823529 0.52549020
v -0.11374532 0.01469950 -0.00000003 0.38039216 0.78823529 0.52549020
v -0.11395695 0.01499041 -0.00000003 0.38039216 0.78823529 0.52549020
v -0.11404513 0.01514333 -0.01676388 0.38039216 0.78823529 0.52549020
v -0.11408041 0.01523657 -0.01676388 0.38039216 0.78823529 0.52549020
v -0.11405395 0.01523657 -0.01706224 0.38039216 0.78823529 0.52549020
v -0.07578402 -0.02279430 -0.00000003 0.38039216 0.78823529 0.52549020
v -0.07543131 -0.02285024 -0.00000003 0.38039216 0.78823529 0.52549020
v -0.02400498 -0.02286516 -0.01676388 0.38039216 0.78823529 0.52549020
v -0.11404513 0.01523657 0.01715914 0.38039216 0.78823529 0.52549020
v -0.11407159 0.01523657 0.01686824 0.38039216 0.78823529 0.52549020
v -0.11408041 0.01523657 0.01676382 0.38039216 0.78823529 0.52549020
v -0.11404513 0.01514333 0.01676382 0.38039216 0.78823529 0.52549020
v -0.10443356 0.00537174 0.01676382 0.38039216 0.78823529 0.52549020
v -0.02400498 -0.02286516 0.01676382 0.38039216 0.78823529 0.52549020
f 1353 1354 1357
f 1353 1357 1368
f 1353 1368 1378
f 1353 1378 1377
f 1353 1377 1376
f 1353 1376 1375
f 1353 1375 1374
f 1353 1374 1373
f 1353 1373 1372
f 1353 1372 1371
f 1353 1371 1370
f 1353 1370 1394
f 1353 1394 1418
f 1353 1418 1431
f 1353 1431 1454
f 1353 1454 1476
f 1353 1476 1500
f 1353 1500 1530
f 1353 1530 1529
f 1353 1529 1559
f 1353 1559 1588
f 1353 1588 1587
f 1353 1587 1620
f 1353 1620 1646
f 1353 1646 1676
f 1353 1676 1675
f 1353 1675 1682
f 1353 1682 1681
f 1353 1681 1680
f 1353 1680 1655
f 1353 1655 1627
f 1353 1627 1596
f 1353 1596 1595
f 1353 1595 1594
f 1353 1594 1563
f 1353 1563 1535
f 1353 1535 1534
f 1353 1534 1504
f 1353 1504 1480
f 1353 1480 1458
f 1353 1458 1436
f 1353 1436 1421
f 1353 1421 1413
f 1353 1413 1380
f 1353 1380 1367
f 1353 1367 1366
f 1353 1366 1365
f 1353 1365 1364
f 1353 1364 1363
f 1353 1363 1362
f 1353 1362 1361
f 1353 1361 1359
f 1353 1359 1355
f 1353 1355 1356
f 1353 1356 1358
f 1353 1358 1354
f 1354 1358 1357
f 1355 1359 1356
f 1356 1360 1379
f 1356 1379 1392
f 1356 1392 1391
f 1356 1391 1390
f 1356 1390 1389
f 1356 1389 1388
f 1356 1388 1387
f 1356 1387 1386
f 1356 1386 1385
f 1356 1385 1384
f 1356 1384 1383
f 1356 1383 1382
f 1356 1382 1381
f 1356 1381 1415
f 1356 1415 1425
f 1356 1425 1442
f 1356 1442 1463
f 1356 1463 1487
f 1356 1487 1514
f 1356 1514 1513
f 1356 1513 1544
f 1356 1544 1542
f 1356 1542 1576
f 1356 1576 1611
f 1356 1611 1610
f 1356 1610 1609
f 1356 1609 1608
f 1356 1608 1638
f 1356 1638 1670
f 1356 1670 1669
f 1356 1669 1668
f 1356 1668 1685
f 1356 1685 1679
f 1356 1679 1651
f 1356 1651 1650
f 1356 1650 1654
f 1356 1654 1625
f 1356 1625 1613
f 1356 1613 1612
f 1356 1612 1614
f 1356 1614 1579
f 1356 1579 1578
f 1356 1578 1549
f 1356 1549 1548
f 1356 1548 1551
f 1356 1551 1550
f 1356 1550 1522
f 1356 1522 1521
f 1356 1521 1492
f 1356 1492 1469
f 1356 1469 1457
f 1356 1457 1434
f 1356 1434 1419
f 1356 1419 1411
f 1356 1411 1410
f 1356 1410 1409
f 1356 1409 1408
f 1356 1408 1407
f 1356 1407 1406
f 1356 1406 1405
f 1356 1405 1404
f 1356 1404 1403
f 1356 1403 1402
f 1356 1402 1401
f 1356 1401 1400
f 1356 1400 1399
f 1356 1399 1398
f 1356 1398 1397
f 1356 1397 1396
f 1356 1396 1395
f 1356 1395 1393
f 1356 1393 1369
f 1356 1369 1358
f 1356 1359 1361
f 1356 1361 1362
f 1356 1362 1363
f 1356 1363 1364
f 1356 1364 1365
f 1356 1365 1366
f 1356 1366 1367
f 1356 1367 1360
f 1357 1358 1368
f 1358 1369 1370
f 1358 1370 1371
f 1358 1371 1372
f 1358 1372 1373
f 1358 1373 1374
f 1358 1374 1375
f 1358 1375 1376
f 1358 1376 1377
f 1358 1377 1378
f 1358 1378 1368
f 1360 1367 1379
f 1367 1380 1414
f 1367 1414 1423
f 1367 1423 1426
f 1367 1426 1415
f 1367 1415 1381
f 1367 1381 1382
f 1367 1382 1383
f 1367 1383 1384
f 1367 1384 1385
f 1367 1385 1386
f 1367 1386 1387
f 1367 1387 1388
f 1367 1388 1389
f 1367 1389 1390
f 1367 1390 1391
f 1367 1391 1392
f 1367 1392 1379
f 1369 1393 1370
f 1370 1393 1395
f 1370 1395 1396
f 1370 1396 1397
f 1370 1397 1398
f 1370 1398 1399
f 1370 1399 1400
f 1370 1400 1401
f 1370 1401 1402
f 1370 1402 1403
f 1370 1403 1404
f 1370 1404 1405
f 1370 1405 1406
f 1370 1406 1407
f 1370 1407 1408
f 1370 1408 1409
f 1370 1409 1410
f 1370 1410 1411
f 1370 1411 1412
f 1370 1412 1420
f 1370 1420 1435
f 1370 1435 1429
f 1370 1429 1428
f 1370 1428 1427
f 1370 1427 1416
f 1370 1416 1394
f 1380 1413 1414
f 1394 1416 1417
f 1394 1417 1418
f 1411 1419 1420
f 1411 1420 1412
f 1413 1421 1422
f 1413 1422 1423
f 1413 1423 1414
f 1415 1424 1425
f 1415 1426 1424
f 1416 1427 1417
f 1417 1427 1428
f 1417 1428 1429
f 1417 1429 1430
f 1417 1430 1418
f 1418 1430 1432
f 1418 1432 1433
f 1418 1433 1431
f 1419 1434 1435
f 1419 1435 1420
f 1421 1436 1437
f 1421 1437 1438
f 1421 1438 1439
f 1421 1439 1422
f 1422 1439 1426
f 1422 1426 1423
f 1424 1440 1441
f 1424 1441 1425
f 1424 1426 1440
f 1425 1441 1442
f 1426 1439 1438
f 1426 1438 1443
f 1426 1443 1444
f 1426 1444 1445
f 1426 1445 1446
f 1426 1446 1441
f 1426 1441 1440
f 1429 1447 1448
f 1429 1448 1449
f 1429 1449 1450
f 1429 1450 1451
f 1429 1451 1432
f 1429 1432 1430
f 1429 1435 1452
f 1429 1452 1453
f 1429 1453 1447
f 1431 1433 1455
f 1431 1455 1456
f 1431 1456 1454
f 1432 1451 1455
f 1432 1455 1433
f 1434 1452 1435
f 1434 1457 1447
f 1434 1447 1452
f 1436 1458 1459
f 1436 1459 1460
f 1436 1460 1437
f 1437 1460 1438
f 1438 1460 1443
f 1441 1446 1467
f 1441 1467 1461
f 1441 1461 1462
f 1441 1462 1463
f 1441 1463 1442
f 1443 1460 1464
f 1443 1464 1465
f 1443 1465 1444
f 1444 1465 1466
f 1444 1466 1445
f 1445 1466 1467
f 1445 1467 1446
f 1447 1468 1471
f 1447 1471 1448
f 1447 1453 1452
f 1447 1457 1469
f 1447 1469 1470
f 1447 1470 1468
f 1448 1471 1472
f 1448 1472 1449
f 1449 1472 1473
f 1449 1473 1450
f 1450 1473 1451
f 1451 1473 1474
f 1451 1474 1455
f 1454 1475 1476
f 1454 1456 1475
f 1455 1474 1477
f 1455 1477 1478
f 1455 1478 1479
f 1455 1479 1456
f 1456 1479 1475
f 1458 1480 1459
f 1459 1480 1481
f 1459 1481 1482
f 1459 1482 1460
f 1460 1483 1484
f 1460 1484 1464
f 1460 1482 1483
f 1461 1467 1485
f 1461 1485 1486
f 1461 1486 1487
f 1461 1487 1462
f 1462 1487 1463
f 1464 1484 1465
f 1465 1484 1488
f 1465 1488 1466
f 1466 1488 1489
f 1466 1489 1490
f 1466 1490 1467
f 1467 1490 1485
f 1468 1491 1471
f 1468 1470 1492
f 1468 1492 1493
f 1468 1493 1491
f 1469 1492 1470
f 1471 1491 1494
f 1471 1494 1472
f 1472 1495 1496
f 1472 1496 1473
f 1472 1494 1495
f 1473 1496 1477
f 1473 1477 1474
f 1475 1497 1498
f 1475 1498 1499
f 1475 1499 1476
f 1475 1479 1478
f 1475 1478 1497
f 1476 1499 1500
f 1477 1496 1501
f 1477 1501 1502
f 1477 1502 1503
f 1477 1503 1478
f 1478 1503 1497
f 1480 1504 1505
f 1480 1505 1481
f 1481 1505 1506
f 1481 1506 1507
f 1481 1507 1483
f 1481 1483 1482
f 1483 1508 1510
f 1483 1510 1484
f 1483 1507 1508
f 1484 1509 1488
f 1484 1510 1509
f 1485 1490 1511
f 1485 1511 1512
f 1485 1512 1513
f 1485 1513 1514
f 1485 1514 1516
f 1485 1516 1515
f 1485 1515 1486
f 1486 1515 1516
f 1486 1516 1487
f 1487 1516 1514
f 1488 1509 1517
f 1488 1517 1489
f 1489 1517 1490
f 1490 1517 1518
f 1490 1518 1511
f 1491 1519 1494
f 1491 1493 1520
f 1491 1520 1524
f 1491 1524 1521
f 1491 1521 1522
f 1491 1522 1523
f 1491 1523 1519
f 1492 1521 1524
f 1492 1524 1493
f 1493 1524 1520
f 1494 1519 1525
f 1494 1525 1526
f 1494 1526 1495
f 1495 1526 1496
f 1496 1526 1501
f 1497 1503 1498
f 1498 1527 1499
f 1498 1503 1528
f 1498 1528 1527
f 1499 1527 1529
f 1499 1529 1530
f 1499 1530 1500
f 1501 1526 1531
f 1501 1531 1532
f 1501 1532 1533
f 1501 1533 1502
f 1502 1533 1528
f 1502 1528 1503
f 1504 1534 1505
f 1505 1534 1535
f 1505 1535 1536
f 1505 1536 1506
f 1506 1536 1537
f 1506 1537 1508
f 1506 1508 1507
f 1508 1537 1510
f 1509 1538 1517
f 1509 1510 1539
f 1509 1539 1540
f 1509 1540 1538
f 1510 1537 1539
f 1511 1518 1541
f 1511 1541 1576
f 1511 1576 1542
f 1511 1542 1543
f 1511 1543 1512
f 1512 1543 1544
f 1512 1544 1513
f 1517 1538 1518
f 1518 1545 1541
f 1518 1538 1545
f 1519 1546 1525
f 1519 1523 1547
f 1519 1547 1548
f 1519 1548 1549
f 1519 1549 1578
f 1519 1578 1546
f 1522 1550 1523
f 1523 1550 1551
f 1523 1551 1547
f 1525 1546 1552
f 1525 1552 1531
f 1525 1531 1526
f 1527 1553 1554
f 1527 1554 1555
f 1527 1555 1556
f 1527 1556 1529
f 1527 1528 1553
f 1528 1533 1557
f 1528 1557 1558
f 1528 1558 1553
f 1529 1556 1559
f 1531 1560 1561
f 1531 1561 1532
f 1531 1552 1562
f 1531 1562 1560
f 1532 1561 1533
f 1533 1561 1557
f 1535 1563 1564
f 1535 1564 1536
f 1536 1564 1565
f 1536 1565 1566
f 1536 1566 1567
f 1536 1567 1537
f 1537 1568 1569
f 1537 1569 1539
f 1537 1567 1568
f 1538 1540 1570
f 1538 1570 1571
f 1538 1571 1572
f 1538 1572 1545
f 1539 1570 1540
f 1539 1569 1570
f 1541 1545 1572
f 1541 1572 1573
f 1541 1573 1574
f 1541 1574 1575
f 1541 1575 1576
f 1542 1544 1543
f 1546 1577 1562
f 1546 1562 1552
f 1546 1578 1579
f 1546 1579 1580
f 1546 1580 1581
f 1546 1581 1577
f 1547 1551 1548
f 1553 1582 1583
f 1553 1583 1584
f 1553 1584 1585
f 1553 1585 1554
f 1553 1558 1582
f 1554 1585 1586
f 1554 1586 1555
f 1555 1586 1587
f 1555 1587 1588
f 1555 1588 1559
f 1555 1559 1556
f 1557 1589 1583
f 1557 1583 1558
f 1557 1561 1590
f 1557 1590 1589
f 1558 1583 1582
f 1560 1591 1561
f 1560 1562 1591
f 1561 1591 1590
f 1562 1577 1592
f 1562 1592 1593
f 1562 1593 1591
f 1563 1594 1565
f 1563 1565 1564
f 1565 1594 1595
f 1565 1595 1596
f 1565 1596 1597
f 1565 1597 1566
f 1566 1597 1598
f 1566 1598 1567
f 1567 1598 1599
f 1567 1599 1600
f 1567 1600 1601
f 1567 1601 1568
f 1568 1600 1569
f 1568 1601 1600
f 1569 1600 1602
f 1569 1602 1603
f 1569 1603 1570
f 1570 1603 1604
f 1570 1604 1571
f 1571 1604 1572
f 1572 1605 1606
f 1572 1606 1573
f 1572 1604 1605
f 1573 1606 1607
f 1573 1607 1608
f 1573 1608 1609
f 1573 1609 1574
f 1574 1609 1610
f 1574 1610 1575
f 1575 1610 1611
f 1575 1611 1576
f 1577 1581 1612
f 1577 1612 1613
f 1577 1613 1592
f 1579 1614 1580
f 1580 1614 1581
f 1581 1614 1612
f 1583 1589 1615
f 1583 1615 1616
f 1583 1616 1617
f 1583 1617 1584
f 1584 1617 1585
f 1585 1617 1586
f 1586 1617 1618
f 1586 1618 1619
f 1586 1619 1587
f 1587 1619 1620
f 1589 1590 1615
f 1590 1591 1621
f 1590 1621 1622
f 1590 1622 1615
f 1591 1593 1623
f 1591 1623 1621
f 1592 1624 1623
f 1592 1623 1593
f 1592 1613 1625
f 1592 1625 1626
f 1592 1626 1624
f 1596 1627 1628
f 1596 1628 1597
f 1597 1629 1598
f 1597 1628 1630
f 1597 1630 1629
f 1598 1629 1599
f 1599 1629 1600
f 1600 1631 1632
f 1600 1632 1602
f 1600 1629 1631
f 1602 1632 1603
f 1603 1633 1634
f 1603 1634 1604
f 1603 1632 1633
f 1604 1634 1635
f 1604 1635 1605
f 1605 1635 1606
f 1606 1635 1636
f 1606 1636 1637
f 1606 1637 1638
f 1606 1638 1607
f 1607 1638 1608
f 1615 1622 1639
f 1615 1639 1640
f 1615 1640 1641
f 1615 1641 1616
f 1616 1641 1617
f 1617 1642 1643
f 1617 1643 1644
f 1617 1644 1618
f 1617 1641 1642
f 1618 1644 1645
f 1618 1645 1619
f 1619 1645 1620
f 1620 1645 1646
f 1621 1647 1639
f 1621 1639 1622
f 1621 1623 1649
f 1621 1649 1647
f 1623 1624 1648
f 1623 1648 1649
f 1624 1626 1650
f 1624 1650 1651
f 1624 1651 1652
f 1624 1652 1653
f 1624 1653 1648
f 1625 1654 1626
f 1626 1654 1650
f 1627 1655 1656
f 1627 1656 1628
f 1628 1656 1630
f 1629 1630 1657
f 1629 1657 1658
f 1629 1658 1659
f 1629 1659 1660
f 1629 1660 1631
f 1630 1656 1657
f 1631 1660 1661
f 1631 1661 1632
f 1632 1661 1662
f 1632 1662 1633
f 1633 1662 1634
f 1634 1662 1663
f 1634 1663 1664
f 1634 1664 1635
f 1635 1664 1665
f 1635 1665 1636
f 1636 1665 1666
f 1636 1666 1667
f 1636 1667 1668
f 1636 1668 1669
f 1636 1669 1670
f 1636 1670 1637
f 1637 1670 1638
f 1639 1662 1661
f 1639 1661 1640
f 1639 1647 1663
f 1639 1663 1662
f 1640 1661 1660
f 1640 1660 1641
f 1641 1660 1684
f 1641 1684 1671
f 1641 1671 1642
f 1642 1671 1643
f 1643 1658 1672
f 1643 1672 1644
f 1643 1671 1684
f 1643 1684 1658
f 1644 1672 1657
f 1644 1657 1673
f 1644 1673 1674
f 1644 1674 1645
f 1645 1674 1675
f 1645 1675 1676
f 1645 1676 1646
f 1647 1649 1677
f 1647 1677 1663
f 1648 1665 1678
f 1648 1678 1649
f 1648 1653 1652
f 1648 1652 1679
f 1648 1679 1685
f 1648 1685 1665
f 1649 1678 1664
f 1649 1664 1677
f 1651 1679 1652
f 1655 1680 1656
f 1656 1680 1681
f 1656 1681 1682
f 1656 1682 1683
f 1656 1683 1657
f 1657 1672 1658
f 1657 1683 1673
f 1658 1684 1659
f 1659 1684 1660
f 1663 1677 1664
f 1664 1678 1665
f 1665 1685 1667
f 1665 1667 1666
f 1667 1685 1668
f 1673 1683 1674
f 1674 1683 1682
f 1674 1682 1675