{
    "start_pose": [
        0.07,
        -0.015971,
        0.547474,
        0.0,
        0.0,
        0.0,
        1.0
    ],
    "goals": [
        [
            0.07,
            -0.015971,
            0.59165,
            0.0,
            0.0,
            0.0,
            1.0
        ],
        [
            0.07,
            -0.015971,
            0.635825,
            0.0,
            0.0,
            0.0,
            1.0
        ],
        [
            0.07,
            -0.015971,
            0.68,
            0.0,
            0.0,
            0.0,
            1.0
        ],
        [
            0.035275,
            0.012208,
            0.68,
            0.183013,
            0.183013,
            0.0,
            0.965926
        ],
        [
            0.000549,
            0.040387,
            0.68,
            0.353553,
            0.353553,
            0.0,
            0.866025
        ],
        [
            -0.034176,
            0.068566,
            0.68,
            0.5,
            0.5,
            0.0,
            0.707107
        ],
        [
            -0.068902,
            0.096745,
            0.68,
            0.612372,
            0.612372,
            0.0,
            0.5
        ],
        [
            -0.103627,
            0.124924,
            0.68,
            0.683013,
            0.683013,
            0.0,
            0.258819
        ],
        [
            -0.138353,
            0.153103,
            0.68,
            0.707107,
            0.707107,
            0.0,
            0.0
        ],
        [
            -0.138353,
            0.153103,
            0.589397,
            -0.707107,
            -0.707107,
            -0.0,
            0.0
        ],
        [
            -0.138353,
            0.107802,
            0.589397,
            -0.707107,
            -0.707107,
            -0.0,
            0.0
        ],
        [
            -0.138353,
            0.0625,
            0.589397,
            -0.707107,
            -0.707107,
            -0.0,
            0.0
        ]
    ]
}
