{
    "start_pose": [
        0.156767,
        -0.044291,
        0.5415,
        0.0,
        0.0,
        0.0,
        1.0
    ],
    "goals": [
        [
            0.156767,
            -0.044291,
            0.556889,
            0.0,
            0.0,
            0.0,
            1.0
        ],
        [
            0.156767,
            -0.044291,
            0.603056,
            0.0,
            0.0,
            0.0,
            1.0
        ],
        [
            0.156767,
            -0.044291,
            0.68,
            0.0,
            0.0,
            0.0,
            1.0
        ],
        [
            0.142454,
            -0.037726,
            0.68,
            -0.04474,
            -0.04474,
            -0.04474,
            0.996993
        ],
        [
            0.106673,
            -0.021312,
            0.68,
            -0.15483,
            -0.15483,
            -0.15483,
            0.963371
        ],
        [
            0.060157,
            2.5e-05,
            0.68,
            -0.288675,
            -0.288675,
            -0.288675,
            0.866025
        ],
        [
            0.013641,
            0.021363,
            0.68,
            -0.404271,
            -0.404271,
            -0.404271,
            0.71393
        ],
        [
            -0.02214,
            0.037776,
            0.68,
            -0.476126,
            -0.476126,
            -0.476126,
            0.565607
        ],
        [
            -0.036453,
            0.044342,
            0.68,
            -0.5,
            -0.5,
            -0.5,
            0.5
        ],
        [
            -0.036453,
            0.044342,
            0.609456,
            -0.5,
            -0.5,
            -0.5,
            0.5
        ],
        [
            -0.036453,
            0.044342,
            0.567129,
            -0.5,
            -0.5,
            -0.5,
            0.5
        ],
        [
            -0.036453,
            0.044342,
            0.55302,
            -0.5,
            -0.5,
            -0.5,
            0.5
        ]
    ]
}
