{
  "start_pose": [
    0.11418250238204197,
    0.02560754300850676,
    0.5598983421255059,
    0.02064710877530518,
    -0.7094269741458381,
    -0.7041494608474385,
    0.021461641171219792
  ],
  "goals": [
    [
      0.12520702744585344,
      0.03303099603626136,
      0.6624310211470718,
      0.042261625550418784,
      -0.6806021974630344,
      -0.731180328644694,
      0.019233585660574367
    ],
    [
      0.11138209374764052,
      0.04032293265627018,
      0.7146602077043005,
      0.08755459133516448,
      -0.7887657564042103,
      -0.6069674916000206,
      0.04210984684138051
    ],
    [
      0.1066714951608232,
      0.022445070420844315,
      0.7470214523731025,
      -0.047447772624114724,
      0.8235309430083257,
      0.5651149698716583,
      0.013804550256445815
    ],
    [
      0.11284064942810756,
      0.018941032418874792,
      0.7524666567542297,
      0.0038608179866971857,
      0.8806647189265365,
      0.4725476900684009,
      0.03336806157894832
    ],
    [
      0.11616590715036157,
      0.024366728465959886,
      0.7517118015749366,
      0.028825414202263953,
      0.9391075220196674,
      0.34188156272989334,
      0.019056616895832327
    ],
    [
      0.1295892352457173,
      0.048743029848167474,
      0.7471401842626153,
      -0.04893195799530346,
      -0.9984567829680545,
      0.025844268428107615,
      0.00466795685988767
    ],
    [
      0.13102060281305616,
      0.049354299511910615,
      0.7478863669072813,
      -0.06579225486978064,
      -0.9959338351774872,
      0.061534874695854586,
      0.0007964571402361617
    ],
    [
      0.13375035450351436,
      0.04987745427891255,
      0.7330099568091211,
      -0.08056304562668884,
      -0.9893999507425141,
      0.12081838479301511,
      0.0005010449782703397
    ],
    [
      0.1241350253015977,
      0.03036105973342762,
      0.7213260279101246,
      0.13651008903247966,
      0.9795276476968151,
      -0.14716059594854042,
      0.01530823275103859
    ],
    [
      0.10594359326609559,
      0.0006834793321363053,
      0.7043037624032571,
      0.2004711195701744,
      0.966231285332306,
      -0.16092077910493327,
      0.017690006094454615
    ],
    [
      0.09653348368021186,
      -0.02164685979944969,
      0.6797069850279818,
      0.19728059237396448,
      0.9691557531067163,
      -0.14769579663647991,
      0.001856272783483169
    ],
    [
      0.08380370880385091,
      -0.038563381532137564,
      0.6531253617566836,
      -0.18250579272408693,
      -0.9614793991550963,
      0.20447126191482604,
      0.020988179374730215
    ],
    [
      0.06966761470387117,
      -0.06648391494092609,
      0.6443994830623317,
      0.16499598006798896,
      0.9811329201270012,
      -0.09993201447915764,
      0.012965804510508999
    ],
    [
      0.05718639994468588,
      -0.0902783551755062,
      0.6301115077562307,
      0.12124999471248452,
      0.9917366366031175,
      -0.03396744038322252,
      0.02455800063463818
    ],
    [
      0.04785741038536428,
      -0.11407127414667162,
      0.6278769985963812,
      0.11920502485597796,
      0.9916133044068313,
      -0.028246658872392916,
      0.04117454110245071
    ],
    [
      0.04446497216701461,
      -0.1359631521529614,
      0.6302167007972201,
      0.10309727658975533,
      0.9929818271453003,
      -0.04300916939151212,
      0.03883624424694838
    ],
    [
      0.042943227475115246,
      -0.15571604197556965,
      0.628967597546852,
      0.06192152287401711,
      0.9971430774342649,
      0.014339153779107078,
      0.040814173993674145
    ],
    [
      0.03784258744003643,
      -0.16432835855066186,
      0.6212812550803078,
      0.025845753694443037,
      0.9993965059769799,
      0.018653706195403623,
      0.01380797241255378
    ],
    [
      0.03556193783461558,
      -0.156704074998806,
      0.6437558189216055,
      0.05221521717296504,
      0.9977054545179296,
      0.02003655027327065,
      0.038156700249089404
    ],
    [
      0.0438386311988782,
      -0.10998629831047513,
      0.665769943946606,
      0.07835380577078833,
      0.99429485022853,
      -0.05898506291143697,
      0.04194275007188839
    ],
    [
      0.057154956320164645,
      -0.0741899455874927,
      0.67330742779418,
      0.11194756344179543,
      0.9902956736923922,
      -0.07716420791025719,
      0.02877336829707142
    ],
    [
      0.06364194248715482,
      -0.05700666589397374,
      0.6735947187694238,
      0.13317778310056652,
      0.9875410262702704,
      -0.07955286656652465,
      0.026414786437292677
    ],
    [
      0.0627729911482573,
      -0.0744345570487055,
      0.6439516005290923,
      0.07667149375350898,
      0.9828055618002955,
      0.15806446401873112,
      0.056836035703433874
    ],
    [
      0.05018464807373379,
      -0.1284915565319057,
      0.6307006490879342,
      0.07192996850173514,
      0.94772451536998,
      0.299264865283452,
      0.08417162826601898
    ],
    [
      0.043942050543709026,
      -0.16089974506615778,
      0.6332648142633308,
      0.049319531424333644,
      0.9722458643003805,
      0.21125096053486858,
      0.08762759179610391
    ],
    [
      0.032384940421603996,
      -0.1763652909986222,
      0.6142624982601491,
      0.0068894358978962246,
      0.9944230031772816,
      0.10452334424654167,
      0.012259564935352367
    ],
    [
      0.02622966918699809,
      -0.21919192508121887,
      0.6380983702913969,
      0.03274718987666865,
      0.9825151786965097,
      0.1810680879904723,
      0.02838824928772235
    ],
    [
      0.02829060124519311,
      -0.20023146759363764,
      0.6609538705284529,
      0.01678162354237335,
      0.9836090568052338,
      0.1674044102889152,
      0.06486419580802208
    ],
    [
      0.031720981034303423,
      -0.10977239918683668,
      0.6700679606918476,
      0.02240307348272441,
      0.9979515769334605,
      -0.05176063636989407,
      0.030192530816915437
    ],
    [
      0.03940551646577183,
      -0.0567388242481337,
      0.682738330906483,
      0.08299486456695912,
      0.995248294706361,
      -0.041197369259480164,
      0.029924256142666923
    ],
    [
      0.033835827309018456,
      -0.04483972870275987,
      0.650533431146676,
      0.06575756922505685,
      0.9973707384663477,
      -0.02100793772827413,
      0.02205036718762443
    ],
    [
      0.017898012310338714,
      -0.1137944051311588,
      0.6343551580241682,
      0.045627100438263346,
      0.9743839708198289,
      0.2061800305955548,
      0.07735528487825406
    ],
    [
      0.012128736275210602,
      -0.16815054226299864,
      0.6344249911025293,
      0.026150703286772447,
      0.9693083842739102,
      0.22980094772154622,
      0.0833601902600232
    ],
    [
      0.011460636985646585,
      -0.19606677940535377,
      0.629320805859832,
      0.015448804559502942,
      0.9819955227371187,
      0.18060086642511836,
      0.05319261986810249
    ],
    [
      0.012224395145698393,
      -0.20904993426199936,
      0.6425017519564065,
      -0.0026680395834858288,
      0.9885732796794042,
      0.1469006969422735,
      0.03370367200412624
    ],
    [
      0.010633919913525355,
      -0.18473165433548955,
      0.6541019298207389,
      -0.021059848378498437,
      0.9995086313353337,
      0.011500553989686496,
      0.02016719936859637
    ],
    [
      0.01543540606627702,
      -0.10234767204089723,
      0.6937571599302741,
      0.022634629069258273,
      0.9821161033882138,
      -0.18446486148446903,
      0.03013881069258579
    ],
    [
      0.03585066289650184,
      -0.03940217546502367,
      0.7391372536327776,
      0.07216069741962318,
      0.9880583561453808,
      -0.12775482839938956,
      0.047034268569245044
    ]
  ]
}