{
    "start_pose": [
        0.1125,
        -0.044291,
        0.536,
        0.0,
        0.0,
        0.0,
        1.0
    ],
    "goals": [
        [
            0.1125,
            -0.044291,
            0.552,
            0.0,
            0.0,
            0.0,
            1.0
        ],
        [
            0.1125,
            -0.044291,
            0.6,
            0.0,
            0.0,
            0.0,
            1.0
        ],
        [
            0.1125,
            -0.044291,
            0.68,
            0.0,
            0.0,
            0.0,
            1.0
        ],
        [
            0.099705,
            -0.038865,
            0.68,
            0.0,
            -0.058145,
            0.0,
            0.998308
        ],
        [
            0.067716,
            -0.025298,
            0.68,
            0.0,
            -0.202218,
            0.0,
            0.979341
        ],
        [
            0.026131,
            -0.007661,
            0.68,
            0.0,
            -0.382683,
            0.0,
            0.92388
        ],
        [
            -0.015454,
            0.009976,
            0.68,
            0.0,
            -0.549509,
            0.0,
            0.835488
        ],
        [
            -0.047442,
            0.023543,
            0.68,
            0.0,
            -0.664796,
            0.0,
            0.747025
        ],
        [
            -0.060237,
            0.028969,
            0.68,
            -0.0,
            -0.707107,
            -0.0,
            0.707107
        ],
        [
            -0.060237,
            0.028969,
            0.613154,
            -0.0,
            -0.707107,
            -0.0,
            0.707107
        ],
        [
            -0.060237,
            0.028969,
            0.573047,
            -0.0,
            -0.707107,
            -0.0,
            0.707107
        ],
        [
            -0.060237,
            0.028969,
            0.559677,
            -0.0,
            -0.707107,
            -0.0,
            0.707107
        ]
    ]
}
